datetime,open,high,low,close,volume
2022-01-01 00:00:00,511.55,520.18,511.43,518.05,93417.85
2022-01-01 04:00:00,518.05,521.77,513.75,516.02,113484.81
2022-01-01 08:00:00,516.08,517.34,512.35,513.7,87772.73
2022-01-01 12:00:00,513.7,521.0,513.6,518.63,77840.51
2022-01-01 16:00:00,518.63,525.4,517.54,524.21,135018.41
2022-01-01 20:00:00,524.2,528.16,524.18,527.34,95811.79
2022-01-02 00:00:00,527.36,527.79,522.68,523.15,76947.02
2022-01-02 04:00:00,523.14,523.24,518.01,521.96,86937.42
2022-01-02 08:00:00,521.96,524.74,519.83,523.05,58053.97
2022-01-02 12:00:00,523.03,526.9,521.6,525.82,78476.69
2022-01-02 16:00:00,525.82,533.9,523.29,528.89,202781.44
2022-01-02 20:00:00,528.87,532.4,528.1,530.91,68883.31
2022-01-03 00:00:00,530.92,531.02,523.0,524.37,85632.51
2022-01-03 04:00:00,524.37,526.96,522.82,525.43,76297.51
2022-01-03 08:00:00,525.43,531.98,524.0,531.11,92854.21
2022-01-03 12:00:00,531.13,533.0,526.54,527.35,121785.48
2022-01-03 16:00:00,527.35,528.43,514.44,514.52,216927.45
2022-01-03 20:00:00,514.51,516.46,510.41,512.24,202269.78
2022-01-04 00:00:00,512.24,513.35,502.0,509.29,239526.39
2022-01-04 04:00:00,509.29,512.44,506.36,512.34,123635.79
2022-01-04 08:00:00,512.31,515.54,510.0,515.3,153026.23
2022-01-04 12:00:00,515.3,519.85,512.33,515.33,205709.94
2022-01-04 16:00:00,515.35,516.78,505.52,509.79,227291.15
2022-01-04 20:00:00,509.79,512.52,506.01,506.88,93221.7
2022-01-05 00:00:00,506.88,513.32,505.5,512.1,98145.95
2022-01-05 04:00:00,512.1,514.44,511.02,513.3,70663.17
2022-01-05 08:00:00,513.31,515.92,509.72,511.66,124996.74
2022-01-05 12:00:00,511.65,513.53,508.62,512.43,133862.42
2022-01-05 16:00:00,512.43,512.72,491.0,492.52,344138.19
2022-01-05 20:00:00,492.51,494.69,456.2,473.95,678941.17
2022-01-06 00:00:00,474.0,475.7,464.23,465.07,298651.61
2022-01-06 04:00:00,465.19,472.24,461.5,471.97,228612.02
2022-01-06 08:00:00,471.93,472.32,458.65,462.57,257550.43
2022-01-06 12:00:00,462.53,472.82,459.06,472.0,216563.44
2022-01-06 16:00:00,472.0,480.96,469.76,477.22,183314.11
2022-01-06 20:00:00,477.23,478.59,471.82,472.46,113319.43
2022-01-07 00:00:00,472.47,473.76,452.54,453.61,223269.22
2022-01-07 04:00:00,453.62,455.13,437.08,447.14,419651.98
2022-01-07 08:00:00,447.16,457.45,445.53,452.98,245921.65
2022-01-07 12:00:00,452.98,457.0,438.24,444.81,336660.93
2022-01-07 16:00:00,444.82,454.61,440.63,450.89,197202.22
2022-01-07 20:00:00,450.91,452.88,445.27,448.1,83922.68
2022-01-08 00:00:00,448.1,454.82,446.54,451.32,103487.9
2022-01-08 04:00:00,451.43,456.76,450.87,456.4,74068.59
2022-01-08 08:00:00,456.41,459.65,453.36,455.99,118396.47
2022-01-08 12:00:00,455.99,456.94,445.63,447.7,129807.0
2022-01-08 16:00:00,447.7,450.2,415.46,421.4,583632.75
2022-01-08 20:00:00,421.39,437.07,418.0,429.59,242935.3
2022-01-09 00:00:00,429.6,435.69,426.72,432.46,137992.15
2022-01-09 04:00:00,432.46,437.95,432.32,433.33,94272.99
2022-01-09 08:00:00,433.33,435.74,428.18,434.94,148714.84
2022-01-09 12:00:00,434.98,436.84,426.75,429.65,190633.9
2022-01-09 16:00:00,429.64,443.98,429.16,443.32,184033.04
2022-01-09 20:00:00,443.33,444.14,436.7,438.33,94543.32
2022-01-10 00:00:00,438.31,440.66,435.29,438.7,114190.29
2022-01-10 04:00:00,438.66,445.21,438.59,441.78,115497.9
2022-01-10 08:00:00,441.81,442.0,432.35,433.8,136811.09
2022-01-10 12:00:00,433.8,434.27,406.46,415.84,669700.93
2022-01-10 16:00:00,415.87,427.95,411.05,419.07,470077.86
2022-01-10 20:00:00,419.11,425.6,417.35,424.54,105143.79
2022-01-11 00:00:00,424.51,434.07,421.22,433.79,147913.71
2022-01-11 04:00:00,433.8,442.59,430.59,442.38,175297.75
2022-01-11 08:00:00,442.39,458.0,442.36,447.85,554813.95
2022-01-11 12:00:00,447.84,454.97,445.57,452.2,283065.5
2022-01-11 16:00:00,452.16,467.4,451.76,458.94,478896.32
2022-01-11 20:00:00,458.94,464.0,458.26,462.87,129777.41
2022-01-12 00:00:00,462.89,465.35,456.98,458.9,153396.98
2022-01-12 04:00:00,458.9,461.82,456.26,458.57,113297.18
2022-01-12 08:00:00,458.55,471.0,457.8,467.11,249455.12
2022-01-12 12:00:00,467.1,483.43,466.55,481.64,411942.45
2022-01-12 16:00:00,481.63,486.48,479.49,485.97,201582.66
2022-01-12 20:00:00,485.99,488.41,483.58,487.5,132835.31
2022-01-13 00:00:00,487.47,488.5,475.55,478.09,167787.16
2022-01-13 04:00:00,478.1,484.75,477.33,482.84,100964.63
2022-01-13 08:00:00,482.81,486.83,476.29,476.49,179907.65
2022-01-13 12:00:00,476.51,487.83,470.29,474.01,343026.06
2022-01-13 16:00:00,474.01,478.68,465.86,474.3,328459.86
2022-01-13 20:00:00,474.3,479.31,470.07,474.36,127737.13
2022-01-14 00:00:00,474.29,480.89,471.62,479.72,153536.21
2022-01-14 04:00:00,479.71,489.77,479.71,483.7,185837.76
2022-01-14 08:00:00,483.7,483.9,467.12,470.82,221768.27
2022-01-14 12:00:00,470.78,482.01,466.39,480.47,267660.58
2022-01-14 16:00:00,480.45,486.0,477.6,484.97,177530.19
2022-01-14 20:00:00,484.98,492.28,484.9,489.51,169141.82
2022-01-15 00:00:00,489.5,492.99,484.01,487.15,136954.9
2022-01-15 04:00:00,487.14,494.42,485.28,493.55,123484.87
2022-01-15 08:00:00,493.55,495.69,488.39,491.42,121920.8
2022-01-15 12:00:00,491.42,500.27,486.52,499.14,210299.64
2022-01-15 16:00:00,499.21,500.0,493.2,496.91,149885.58
2022-01-15 20:00:00,496.95,499.0,493.0,493.75,88010.9
2022-01-16 00:00:00,493.75,495.36,488.02,491.35,137603.75
2022-01-16 04:00:00,491.35,497.65,490.31,495.57,144139.41
2022-01-16 08:00:00,495.56,496.94,490.15,493.21,107896.38
2022-01-16 12:00:00,493.2,502.63,489.69,500.73,201168.88
2022-01-16 16:00:00,500.77,504.87,496.66,497.52,156623.55
2022-01-16 20:00:00,497.52,500.53,496.6,497.95,78597.52
2022-01-17 00:00:00,497.94,498.2,483.5,483.68,215730.74
2022-01-17 04:00:00,483.72,486.19,480.12,484.79,191803.88
2022-01-17 08:00:00,484.79,485.2,478.86,480.28,126418.35
2022-01-17 12:00:00,480.23,481.19,470.01,471.4,266875.73
2022-01-17 16:00:00,471.36,477.89,468.0,476.88,320934.09
2022-01-17 20:00:00,476.87,477.66,466.47,474.69,164481.09
2022-01-18 00:00:00,474.69,479.0,469.55,472.0,162849.04
2022-01-18 04:00:00,472.0,475.75,466.55,473.68,165664.11
2022-01-18 08:00:00,473.74,473.85,459.2,466.19,255611.94
2022-01-18 12:00:00,466.11,467.11,459.23,460.72,227541.08
2022-01-18 16:00:00,460.71,463.39,456.8,462.2,173291.65
2022-01-18 20:00:00,462.19,473.59,459.55,470.53,190563.85
2022-01-19 00:00:00,470.54,471.75,460.39,462.62,146647.78
2022-01-19 04:00:00,462.61,464.8,453.3,455.82,177624.33
2022-01-19 08:00:00,455.83,464.44,453.51,462.17,196336.04
2022-01-19 12:00:00,462.17,471.19,460.93,465.9,204754.94
2022-01-19 16:00:00,465.9,472.59,462.97,470.59,224444.13
2022-01-19 20:00:00,470.6,470.88,461.18,461.54,146622.58
2022-01-20 00:00:00,461.53,468.87,461.44,468.28,94116.29
2022-01-20 04:00:00,468.31,478.34,467.78,476.77,246342.32
2022-01-20 08:00:00,476.75,477.09,462.54,464.73,438617.48
2022-01-20 12:00:00,464.72,475.78,459.14,473.41,441328.29
2022-01-20 16:00:00,473.42,474.93,463.02,464.74,215416.39
2022-01-20 20:00:00,464.74,465.27,438.1,440.05,415684.22
2022-01-21 00:00:00,440.07,444.57,418.25,422.2,543510.44
2022-01-21 04:00:00,422.23,431.48,422.1,430.99,174952.9
2022-01-21 08:00:00,430.94,432.95,425.3,426.4,175226.18
2022-01-21 12:00:00,426.44,427.22,410.0,422.72,452675.23
2022-01-21 16:00:00,422.73,425.57,413.19,413.67,233739.24
2022-01-21 20:00:00,413.7,416.25,373.11,383.57,863542.23
2022-01-22 00:00:00,383.62,388.98,379.0,382.54,303381.37
2022-01-22 04:00:00,382.58,384.41,344.38,349.81,673904.8
2022-01-22 08:00:00,349.86,364.32,335.68,360.97,777328.26
2022-01-22 12:00:00,361.08,376.26,356.08,356.29,437256.54
2022-01-22 16:00:00,356.28,367.2,346.0,349.06,536326.93
2022-01-22 20:00:00,349.05,366.46,347.52,358.34,283974.71
2022-01-23 00:00:00,358.33,370.9,356.18,366.1,230225.06
2022-01-23 04:00:00,366.1,380.14,364.74,379.44,319859.43
2022-01-23 08:00:00,379.43,388.38,378.02,382.07,388162.94
2022-01-23 12:00:00,382.08,388.97,367.39,370.98,387942.03
2022-01-23 16:00:00,370.93,377.24,363.12,365.06,272251.47
2022-01-23 20:00:00,365.04,386.27,363.38,383.87,312346.51
2022-01-24 00:00:00,383.86,383.9,369.65,372.36,198378.46
2022-01-24 04:00:00,372.36,373.0,360.7,361.62,233504.94
2022-01-24 08:00:00,361.61,368.37,339.35,344.45,593256.65
2022-01-24 12:00:00,344.45,353.0,336.0,351.47,638564.19
2022-01-24 16:00:00,351.47,366.83,344.51,364.29,497346.18
2022-01-24 20:00:00,364.26,376.33,362.51,370.93,255169.38
2022-01-25 00:00:00,370.94,371.33,361.63,364.84,176856.68
2022-01-25 04:00:00,364.83,365.61,357.32,362.62,138253.4
2022-01-25 08:00:00,362.6,376.0,361.5,371.41,308320.37
2022-01-25 12:00:00,371.41,375.23,364.59,371.3,346861.34
2022-01-25 16:00:00,371.28,387.9,370.64,383.72,333700.02
2022-01-25 20:00:00,383.72,385.86,376.73,384.8,177228.66
2022-01-26 00:00:00,384.8,385.23,377.01,379.13,194188.56
2022-01-26 04:00:00,379.13,383.25,376.15,380.39,162736.27
2022-01-26 08:00:00,380.38,389.86,380.19,388.63,221170.27
2022-01-26 12:00:00,388.62,398.8,385.04,392.0,364597.14
2022-01-26 16:00:00,391.99,402.42,381.47,388.39,482634.81
2022-01-26 20:00:00,388.37,388.37,366.0,374.75,353770.68
2022-01-27 00:00:00,374.78,378.2,359.28,362.05,316695.05
2022-01-27 04:00:00,361.96,368.71,360.92,366.49,140020.05
2022-01-27 08:00:00,366.46,371.49,364.77,371.08,184791.4
2022-01-27 12:00:00,371.09,377.74,369.1,373.94,223000.46
2022-01-27 16:00:00,373.91,374.88,365.33,366.67,188659.01
2022-01-27 20:00:00,366.64,392.88,359.63,389.36,582010.08
2022-01-28 00:00:00,389.37,392.89,382.0,389.4,318381.12
2022-01-28 04:00:00,389.41,396.39,384.43,384.86,277832.28
2022-01-28 08:00:00,384.81,387.22,378.83,380.83,245621.93
2022-01-28 12:00:00,380.86,384.66,375.26,383.92,334538.88
2022-01-28 16:00:00,383.95,389.5,382.0,388.75,291906.24
2022-01-28 20:00:00,388.72,392.0,381.58,385.84,221832.21
2022-01-29 00:00:00,385.83,389.47,384.1,387.75,132852.25
2022-01-29 04:00:00,387.75,392.44,386.36,391.65,111908.28
2022-01-29 08:00:00,391.65,393.15,388.64,390.41,136805.17
2022-01-29 12:00:00,390.38,397.34,380.53,383.22,366128.67
2022-01-29 16:00:00,383.25,387.72,380.67,385.82,165907.09
2022-01-29 20:00:00,385.81,392.57,385.06,389.04,200833.67
2022-01-30 00:00:00,389.04,389.27,382.32,382.45,135149.84
2022-01-30 04:00:00,382.44,387.04,381.77,386.26,149569.1
2022-01-30 08:00:00,386.3,387.34,383.27,385.0,118675.27
2022-01-30 12:00:00,385.0,386.76,379.03,380.73,212142.98
2022-01-30 16:00:00,380.74,381.89,372.13,373.41,198484.81
2022-01-30 20:00:00,373.41,380.04,372.21,376.84,167363.0
2022-01-31 00:00:00,376.84,377.54,364.77,369.57,207672.39
2022-01-31 04:00:00,369.58,371.62,367.29,371.26,136055.61
2022-01-31 08:00:00,371.26,372.98,368.4,372.04,133287.46
2022-01-31 12:00:00,372.04,380.19,368.76,378.39,245615.51
2022-01-31 16:00:00,378.45,385.1,377.83,382.87,245471.44
2022-01-31 20:00:00,382.83,384.27,373.54,374.38,183826.02
2022-02-01 00:00:00,374.4,384.35,373.6,383.46,160289.55
2022-02-01 04:00:00,383.46,385.0,379.42,381.86,136706.27
2022-02-01 08:00:00,381.94,387.66,378.94,382.81,249857.19
2022-02-01 12:00:00,382.79,386.0,379.1,382.88,225721.83
2022-02-01 16:00:00,382.88,388.55,382.21,382.6,211497.79
2022-02-01 20:00:00,382.6,387.2,382.39,383.93,108941.57
2022-02-02 00:00:00,383.93,385.97,380.37,383.98,133733.14
2022-02-02 04:00:00,383.98,383.99,379.14,379.77,105787.19
2022-02-02 08:00:00,379.78,383.0,377.13,382.54,111153.03
2022-02-02 12:00:00,382.54,385.18,370.22,370.94,288390.28
2022-02-02 16:00:00,370.93,376.99,368.01,375.75,176847.51
2022-02-02 20:00:00,375.76,376.58,366.0,366.94,226607.54
2022-02-03 00:00:00,367.01,369.55,362.82,365.54,158992.1
2022-02-03 04:00:00,365.54,369.13,364.62,368.74,96941.42
2022-02-03 08:00:00,368.76,370.04,359.15,364.25,219377.32
2022-02-03 12:00:00,364.25,368.29,359.84,368.03,204201.39
2022-02-03 16:00:00,367.97,369.67,361.56,363.11,134086.88
2022-02-03 20:00:00,363.11,372.35,361.89,372.08,145759.24
2022-02-04 00:00:00,372.07,372.38,369.09,370.47,96391.18
2022-02-04 04:00:00,370.46,378.93,369.9,377.26,172589.21
2022-02-04 08:00:00,377.26,380.15,376.16,377.06,146181.58
2022-02-04 12:00:00,377.06,385.57,372.19,381.94,386898.16
2022-02-04 16:00:00,381.93,396.61,381.61,395.99,398713.9
2022-02-04 20:00:00,395.96,399.42,393.46,399.33,206484.08
2022-02-05 00:00:00,399.33,406.5,396.14,406.43,232259.74
2022-02-05 04:00:00,406.42,430.37,404.66,422.77,683364.02
2022-02-05 08:00:00,422.82,426.37,420.0,422.37,232376.91
2022-02-05 12:00:00,422.38,423.37,416.88,421.32,236743.84
2022-02-05 16:00:00,421.28,422.02,407.24,411.88,329428.89
2022-02-05 20:00:00,411.89,415.85,409.85,413.37,121326.92
2022-02-06 00:00:00,413.37,420.89,412.76,416.92,151557.72
2022-02-06 04:00:00,416.93,417.95,412.45,416.24,150904.89
2022-02-06 08:00:00,416.22,419.77,414.8,416.2,121573.55
2022-02-06 12:00:00,416.19,421.57,406.28,410.8,278636.15
2022-02-06 16:00:00,410.8,414.98,408.82,413.84,115672.62
2022-02-06 20:00:00,413.85,419.98,410.17,419.64,146019.61
2022-02-07 00:00:00,419.67,427.71,412.79,426.75,234014.42
2022-02-07 04:00:00,426.75,429.46,424.33,426.25,158007.88
2022-02-07 08:00:00,426.29,427.0,421.28,426.15,122705.71
2022-02-07 12:00:00,426.16,438.0,425.13,437.4,297257.41
2022-02-07 16:00:00,437.42,438.58,431.49,435.55,228491.99
2022-02-07 20:00:00,435.54,437.5,432.08,433.15,131839.88
2022-02-08 00:00:00,433.14,435.3,427.83,434.23,155405.15
2022-02-08 04:00:00,434.23,445.48,433.78,438.76,244344.73
2022-02-08 08:00:00,438.76,439.48,420.8,426.27,284422.13
2022-02-08 12:00:00,426.27,426.29,413.11,417.92,250601.73
2022-02-08 16:00:00,417.91,419.39,406.26,407.74,235453.98
2022-02-08 20:00:00,407.74,417.42,407.0,407.94,285290.57
2022-02-09 00:00:00,407.96,414.85,407.22,409.64,212566.93
2022-02-09 04:00:00,409.64,416.37,407.7,415.54,151740.04
2022-02-09 08:00:00,415.53,419.73,411.83,418.92,203084.47
2022-02-09 12:00:00,418.92,425.45,417.55,420.8,277803.46
2022-02-09 16:00:00,420.76,427.12,418.9,425.78,168350.05
2022-02-09 20:00:00,425.79,427.49,419.75,422.57,150628.43
2022-02-10 00:00:00,422.56,422.79,414.44,416.09,142859.13
2022-02-10 04:00:00,416.09,421.0,415.31,420.91,101840.47
2022-02-10 08:00:00,420.91,429.96,420.06,426.89,235748.3
2022-02-10 12:00:00,426.9,435.13,409.59,424.57,746000.75
2022-02-10 16:00:00,424.57,431.58,419.95,420.3,277321.66
2022-02-10 20:00:00,420.3,422.32,412.78,414.36,186073.19
2022-02-11 00:00:00,414.37,416.0,407.02,415.09,217756.81
2022-02-11 04:00:00,415.08,418.28,410.24,417.44,117288.45
2022-02-11 08:00:00,417.46,418.6,411.55,414.03,140340.97
2022-02-11 12:00:00,414.03,417.19,413.0,414.92,167623.66
2022-02-11 16:00:00,414.9,415.5,400.61,404.43,278302.31
2022-02-11 20:00:00,404.46,405.21,392.5,399.81,307362.02
2022-02-12 00:00:00,399.81,403.74,397.02,399.64,115261.98
2022-02-12 04:00:00,399.64,401.83,393.09,397.4,135998.29
2022-02-12 08:00:00,397.43,403.0,396.0,402.05,153340.3
2022-02-12 12:00:00,402.06,402.49,395.0,397.68,151520.66
2022-02-12 16:00:00,397.67,406.99,396.17,403.38,184384.49
2022-02-12 20:00:00,403.38,405.92,397.5,403.46,142697.79
2022-02-13 00:00:00,403.48,406.77,401.52,403.17,108283.23
2022-02-13 04:00:00,403.18,404.61,401.52,403.61,76049.24
2022-02-13 08:00:00,403.59,404.7,401.03,403.31,92423.44
2022-02-13 12:00:00,403.31,407.66,402.0,403.65,142026.74
2022-02-13 16:00:00,403.69,403.89,394.38,396.16,207112.13
2022-02-13 20:00:00,396.16,400.67,395.01,397.82,109537.85
2022-02-14 00:00:00,397.83,399.14,390.31,393.7,160398.0
2022-02-14 04:00:00,393.71,395.89,390.87,395.59,104696.69
2022-02-14 08:00:00,395.59,397.77,392.72,396.18,134999.58
2022-02-14 12:00:00,396.18,404.42,395.1,401.14,219549.97
2022-02-14 16:00:00,401.17,403.87,395.62,397.82,165224.06
2022-02-14 20:00:00,397.81,403.93,396.52,403.29,91933.96
2022-02-15 00:00:00,403.29,416.99,402.67,412.62,232274.66
2022-02-15 04:00:00,412.64,427.99,412.64,427.73,327698.71
2022-02-15 08:00:00,427.72,443.3,424.0,428.1,649109.23
2022-02-15 12:00:00,428.1,433.88,425.78,432.01,278208.1
2022-02-15 16:00:00,432.01,432.77,422.33,429.4,273285.56
2022-02-15 20:00:00,429.4,433.86,426.1,432.08,131031.95
2022-02-16 00:00:00,432.09,433.5,428.41,430.72,207764.27
2022-02-16 04:00:00,430.69,431.65,427.39,430.62,116444.52
2022-02-16 08:00:00,430.63,433.3,427.49,430.44,157009.58
2022-02-16 12:00:00,430.45,431.29,421.91,425.0,271400.34
2022-02-16 16:00:00,425.0,431.86,422.44,430.72,202806.79
2022-02-16 20:00:00,430.72,432.0,425.67,426.98,113125.1
2022-02-17 00:00:00,426.98,430.86,424.67,424.82,106703.44
2022-02-17 04:00:00,424.81,427.56,419.75,427.25,145017.54
2022-02-17 08:00:00,427.21,428.18,420.0,423.87,197350.96
2022-02-17 12:00:00,423.85,424.99,410.81,413.45,299147.82
2022-02-17 16:00:00,413.45,414.5,402.38,408.03,261396.34
2022-02-17 20:00:00,408.1,408.1,399.52,401.98,185210.85
2022-02-18 00:00:00,402.02,404.62,398.04,404.34,160980.24
2022-02-18 04:00:00,404.34,408.24,401.7,406.92,121210.06
2022-02-18 08:00:00,406.92,410.96,402.33,402.95,172864.08
2022-02-18 12:00:00,402.95,406.37,393.29,395.01,317419.36
2022-02-18 16:00:00,395.0,399.91,391.85,399.13,225469.32
2022-02-18 20:00:00,399.14,400.1,394.73,398.89,105802.21
2022-02-19 00:00:00,398.89,404.39,397.43,401.56,108901.03
2022-02-19 04:00:00,401.56,406.34,401.45,404.69,95943.49
2022-02-19 08:00:00,404.68,405.37,394.65,396.48,174233.83
2022-02-19 12:00:00,396.5,400.8,392.57,399.53,171843.03
2022-02-19 16:00:00,399.52,403.8,395.68,396.25,160109.39
2022-02-19 20:00:00,396.23,400.5,395.56,399.43,71572.06
2022-02-20 00:00:00,399.49,399.77,386.3,389.22,218336.12
2022-02-20 04:00:00,389.21,389.46,377.01,381.28,339020.92
2022-02-20 08:00:00,381.28,381.74,375.19,381.45,216182.61
2022-02-20 12:00:00,381.46,384.36,374.61,379.7,182832.61
2022-02-20 16:00:00,379.69,383.95,378.99,381.5,122285.28
2022-02-20 20:00:00,381.5,386.0,377.37,380.31,149682.03
2022-02-21 00:00:00,380.31,392.24,378.16,387.72,201307.38
2022-02-21 04:00:00,387.72,393.41,387.62,392.12,164274.68
2022-02-21 08:00:00,392.11,392.99,368.29,370.03,464640.57
2022-02-21 12:00:00,370.03,383.85,364.7,379.0,566277.98
2022-02-21 16:00:00,378.98,381.58,366.99,371.16,327140.0
2022-02-21 20:00:00,371.15,372.43,354.64,356.35,343237.52
2022-02-22 00:00:00,356.34,361.12,347.87,352.28,347802.61
2022-02-22 04:00:00,352.29,359.07,351.6,355.66,263250.73
2022-02-22 08:00:00,355.66,366.73,355.62,364.42,254347.77
2022-02-22 12:00:00,364.43,371.64,361.31,366.74,278653.31
2022-02-22 16:00:00,366.75,373.52,361.81,371.32,244526.84
2022-02-22 20:00:00,371.36,375.35,365.92,373.94,236084.66
2022-02-23 00:00:00,373.99,380.47,370.68,372.45,227206.3
2022-02-23 04:00:00,372.45,377.86,371.38,377.53,133286.26
2022-02-23 08:00:00,377.52,382.88,375.25,379.49,214884.49
2022-02-23 12:00:00,379.47,384.21,375.72,378.55,207661.35
2022-02-23 16:00:00,378.56,383.1,369.69,370.72,247826.88
2022-02-23 20:00:00,370.75,371.66,365.02,365.41,153348.78
2022-02-24 00:00:00,365.41,368.4,338.6,341.68,563422.77
2022-02-24 04:00:00,341.72,343.95,323.02,335.8,814231.07
2022-02-24 08:00:00,335.75,342.69,329.47,335.42,485432.32
2022-02-24 12:00:00,335.42,345.59,331.85,344.78,400147.85
2022-02-24 16:00:00,344.79,358.48,341.75,358.06,427258.17
2022-02-24 20:00:00,358.11,370.77,352.63,360.8,417834.51
2022-02-25 00:00:00,360.81,366.93,359.37,365.87,197931.39
2022-02-25 04:00:00,365.86,365.94,358.61,363.41,156766.41
2022-02-25 08:00:00,363.41,364.42,356.41,361.51,184408.03
2022-02-25 12:00:00,361.51,371.74,361.49,369.32,354697.77
2022-02-25 16:00:00,369.4,370.84,362.78,364.52,174391.09
2022-02-25 20:00:00,364.49,377.18,363.18,374.67,190477.47
2022-02-26 00:00:00,374.7,392.79,373.5,379.39,266792.04
2022-02-26 04:00:00,379.39,381.18,372.57,376.32,108042.95
2022-02-26 08:00:00,376.33,378.43,370.88,373.42,170340.07
2022-02-26 12:00:00,373.41,377.14,370.41,374.89,127436.75
2022-02-26 16:00:00,374.9,376.05,370.05,374.58,128419.56
2022-02-26 20:00:00,374.57,378.23,370.87,373.44,109034.0
2022-02-27 00:00:00,373.46,374.45,362.61,365.96,180918.39
2022-02-27 04:00:00,365.97,372.78,364.09,371.61,107749.5
2022-02-27 08:00:00,371.55,379.56,369.64,378.7,168650.15
2022-02-27 12:00:00,378.64,381.17,367.8,375.39,248673.06
2022-02-27 16:00:00,375.45,376.0,359.62,360.54,182214.18
2022-02-27 20:00:00,360.55,366.11,357.87,359.98,248830.47
2022-02-28 00:00:00,359.97,364.86,355.52,363.32,219940.48
2022-02-28 04:00:00,363.32,366.54,358.0,366.25,179160.06
2022-02-28 08:00:00,366.26,369.3,364.91,367.11,159215.48
2022-02-28 12:00:00,367.11,383.19,363.13,382.52,411629.54
2022-02-28 16:00:00,382.51,385.75,379.73,384.31,247062.02
2022-02-28 20:00:00,384.3,397.37,383.72,395.5,268035.65
2022-03-01 00:00:00,395.47,399.98,390.97,393.45,236586.83
2022-03-01 04:00:00,393.45,415.0,392.65,413.38,421211.74
2022-03-01 08:00:00,413.44,429.36,402.05,406.1,809265.13
2022-03-01 12:00:00,406.11,413.9,400.37,404.64,484712.09
2022-03-01 16:00:00,404.63,409.63,400.0,406.75,255567.43
2022-03-01 20:00:00,406.75,409.28,403.26,408.56,120486.02
2022-03-02 00:00:00,408.61,414.36,403.53,413.12,234713.73
2022-03-02 04:00:00,413.11,415.46,407.59,409.8,193830.79
2022-03-02 08:00:00,409.79,414.83,407.53,412.58,179281.21
2022-03-02 12:00:00,412.58,414.69,403.41,408.47,354991.33
2022-03-02 16:00:00,408.47,411.48,404.73,406.98,117494.71
2022-03-02 20:00:00,406.96,410.56,406.59,408.95,73163.45
2022-03-03 00:00:00,408.95,410.98,402.38,404.45,135758.27
2022-03-03 04:00:00,404.48,408.63,403.25,406.83,119995.21
2022-03-03 08:00:00,406.82,408.58,404.6,407.25,126113.58
2022-03-03 12:00:00,407.25,412.76,400.17,401.92,274310.34
2022-03-03 16:00:00,401.91,404.55,397.11,400.76,206897.03
2022-03-03 20:00:00,400.79,403.85,397.34,402.25,99501.54
2022-03-04 00:00:00,402.24,403.27,388.41,393.58,249273.09
2022-03-04 04:00:00,393.59,395.3,391.86,394.02,114224.64
2022-03-04 08:00:00,394.05,397.92,390.37,396.49,166518.62
2022-03-04 12:00:00,396.49,397.85,386.63,386.87,267844.72
2022-03-04 16:00:00,386.88,390.19,379.7,380.58,186009.73
2022-03-04 20:00:00,380.6,381.65,371.5,374.05,213260.13
2022-03-05 00:00:00,374.05,374.39,366.62,373.17,176816.46
2022-03-05 04:00:00,373.17,378.22,368.46,377.74,170070.58
2022-03-05 08:00:00,377.69,380.49,375.41,379.95,130728.72
2022-03-05 12:00:00,379.98,382.5,377.31,379.85,116264.73
2022-03-05 16:00:00,379.86,384.05,377.12,382.93,153754.63
2022-03-05 20:00:00,382.98,387.22,382.36,384.38,117674.76
2022-03-06 00:00:00,384.41,387.0,381.66,382.2,75885.29
2022-03-06 04:00:00,382.19,385.53,378.47,382.23,108590.18
2022-03-06 08:00:00,382.23,382.24,372.16,375.32,181395.03
2022-03-06 12:00:00,375.34,380.94,373.83,380.36,144410.81
2022-03-06 16:00:00,380.36,384.68,376.23,376.98,149122.72
2022-03-06 20:00:00,376.99,381.81,372.38,374.64,154027.15
2022-03-07 00:00:00,374.68,375.0,365.12,367.78,244424.56
2022-03-07 04:00:00,367.73,373.73,367.17,370.14,133373.62
2022-03-07 08:00:00,370.15,377.78,369.01,375.03,178984.3
2022-03-07 12:00:00,375.05,384.51,375.03,381.55,236356.68
2022-03-07 16:00:00,381.55,384.08,362.36,365.25,307047.07
2022-03-07 20:00:00,365.23,385.62,363.01,380.13,504675.34
2022-03-08 00:00:00,380.12,385.32,378.59,382.25,238994.0
2022-03-08 04:00:00,382.24,384.42,376.59,381.19,182269.9
2022-03-08 08:00:00,381.23,388.8,380.23,385.64,246227.07
2022-03-08 12:00:00,385.65,387.73,377.56,382.8,278917.98
2022-03-08 16:00:00,382.81,387.39,378.08,383.68,277650.13
2022-03-08 20:00:00,383.68,384.34,378.68,380.99,116205.12
2022-03-09 00:00:00,381.02,401.35,380.71,398.59,357877.8
2022-03-09 04:00:00,398.59,402.45,393.43,395.63,324676.87
2022-03-09 08:00:00,395.6,397.91,391.76,395.4,372975.94
2022-03-09 12:00:00,395.41,398.19,392.55,397.33,270258.37
2022-03-09 16:00:00,397.32,397.9,390.62,393.9,168714.32
2022-03-09 20:00:00,393.9,394.68,390.17,392.96,104239.25
2022-03-10 00:00:00,392.96,394.36,385.82,386.23,174317.89
2022-03-10 04:00:00,386.26,387.1,373.03,377.46,288399.77
2022-03-10 08:00:00,377.46,378.16,374.77,375.77,111925.1
2022-03-10 12:00:00,375.75,377.63,365.0,365.44,375698.56
2022-03-10 16:00:00,365.37,370.42,362.76,370.07,183257.14
2022-03-10 20:00:00,370.05,372.78,368.03,371.77,96713.93
2022-03-11 00:00:00,371.75,372.6,364.44,368.69,143566.06
2022-03-11 04:00:00,368.7,374.35,365.57,372.86,134914.25
2022-03-11 08:00:00,372.86,379.0,370.35,377.15,195192.07
2022-03-11 12:00:00,377.11,379.81,370.36,372.58,211080.99
2022-03-11 16:00:00,372.65,372.88,369.46,370.58,126265.56
2022-03-11 20:00:00,370.61,374.77,368.25,371.8,110737.76
2022-03-12 00:00:00,371.79,377.38,371.36,373.51,98906.71
2022-03-12 04:00:00,373.54,376.11,370.65,375.3,107503.57
2022-03-12 08:00:00,375.3,378.57,373.7,376.0,109143.19
2022-03-12 12:00:00,376.01,378.92,374.22,376.8,99797.77
2022-03-12 16:00:00,376.81,379.13,375.53,376.08,78938.01
2022-03-12 20:00:00,376.08,376.72,371.5,372.13,68593.22
2022-03-13 00:00:00,372.13,376.87,371.14,375.92,80066.75
2022-03-13 04:00:00,375.93,376.99,374.09,374.47,54815.95
2022-03-13 08:00:00,374.46,374.54,369.99,370.76,111428.74
2022-03-13 12:00:00,370.76,372.76,367.77,370.62,182781.42
2022-03-13 16:00:00,370.63,373.42,370.21,370.93,69363.17
2022-03-13 20:00:00,370.9,371.13,359.53,361.06,217949.52
2022-03-14 00:00:00,361.06,365.11,359.05,364.78,137882.64
2022-03-14 04:00:00,364.81,371.68,364.58,369.39,158511.21
2022-03-14 08:00:00,369.35,371.35,368.01,368.35,98619.67
2022-03-14 12:00:00,368.28,370.2,366.41,368.08,133457.7
2022-03-14 16:00:00,368.08,368.88,363.42,365.52,125153.45
2022-03-14 20:00:00,365.61,374.0,364.43,373.27,156392.3
2022-03-15 00:00:00,373.28,374.71,366.21,366.9,151658.22
2022-03-15 04:00:00,366.91,367.79,361.35,364.0,113390.66
2022-03-15 08:00:00,364.01,365.96,362.0,365.0,91739.3
2022-03-15 12:00:00,365.01,370.17,363.26,368.29,137437.72
2022-03-15 16:00:00,368.27,373.99,367.34,373.17,139901.75
2022-03-15 20:00:00,373.16,374.46,369.91,371.51,106425.63
2022-03-16 00:00:00,371.51,383.18,369.17,370.42,294700.56
2022-03-16 04:00:00,370.41,373.13,367.6,372.34,116315.66
2022-03-16 08:00:00,372.33,379.29,372.0,377.44,161043.02
2022-03-16 12:00:00,377.45,381.0,374.8,378.35,136978.13
2022-03-16 16:00:00,378.35,383.75,371.45,383.11,251268.65
2022-03-16 20:00:00,383.12,386.6,382.23,385.25,127070.61
2022-03-17 00:00:00,385.24,386.31,381.58,383.35,91048.7
2022-03-17 04:00:00,383.35,388.48,382.52,384.6,145119.26
2022-03-17 08:00:00,384.59,385.77,382.62,384.79,80798.51
2022-03-17 12:00:00,384.79,393.64,384.42,387.46,327872.82
2022-03-17 16:00:00,387.46,389.87,385.74,389.41,88098.36
2022-03-17 20:00:00,389.44,392.0,386.98,391.74,73695.05
2022-03-18 00:00:00,391.75,392.46,383.71,384.81,127340.02
2022-03-18 04:00:00,384.81,388.5,383.94,386.76,85068.72
2022-03-18 08:00:00,386.8,389.54,384.01,385.61,127443.11
2022-03-18 12:00:00,385.61,394.53,384.96,393.02,180437.25
2022-03-18 16:00:00,393.06,399.72,393.06,399.1,233214.26
2022-03-18 20:00:00,399.11,400.3,395.38,396.9,90432.34
2022-03-19 00:00:00,396.91,400.69,395.81,398.17,104976.31
2022-03-19 04:00:00,398.14,398.78,395.01,395.39,67961.56
2022-03-19 08:00:00,395.41,402.8,394.67,401.04,120524.2
2022-03-19 12:00:00,401.04,406.18,400.25,403.1,169760.43
2022-03-19 16:00:00,403.1,406.39,398.7,399.19,144682.11
2022-03-19 20:00:00,399.19,402.54,395.6,399.71,119038.08
2022-03-20 00:00:00,399.7,400.87,393.09,396.35,117309.51
2022-03-20 04:00:00,396.41,398.29,395.0,397.05,64652.51
2022-03-20 08:00:00,397.04,398.37,392.5,392.98,91831.67
2022-03-20 12:00:00,392.98,393.81,389.6,390.18,128732.83
2022-03-20 16:00:00,390.18,393.14,386.22,391.62,127873.21
2022-03-20 20:00:00,391.62,394.23,389.8,390.74,85913.18
2022-03-21 00:00:00,390.74,392.09,385.14,388.86,134741.24
2022-03-21 04:00:00,388.86,392.66,387.88,392.44,77147.44
2022-03-21 08:00:00,392.39,396.17,390.81,394.26,127493.09
2022-03-21 12:00:00,394.24,399.16,391.4,398.7,191019.77
2022-03-21 16:00:00,398.69,398.89,394.04,397.76,123599.72
2022-03-21 20:00:00,397.76,397.92,394.76,395.81,60846.62
2022-03-22 00:00:00,395.82,407.18,394.78,404.95,236578.3
2022-03-22 04:00:00,404.96,409.78,402.51,404.99,255867.16
2022-03-22 08:00:00,405.0,407.83,402.89,407.4,110958.36
2022-03-22 12:00:00,407.4,410.0,405.17,406.07,146896.6
2022-03-22 16:00:00,406.06,407.02,402.21,402.35,91472.81
2022-03-22 20:00:00,402.35,407.0,402.0,404.05,79023.15
2022-03-23 00:00:00,404.04,406.5,400.8,401.64,108550.69
2022-03-23 04:00:00,401.63,404.21,397.74,401.27,146575.14
2022-03-23 08:00:00,401.26,402.84,399.85,401.03,77279.5
2022-03-23 12:00:00,401.03,411.87,399.63,409.46,216802.15
2022-03-23 16:00:00,409.45,410.91,402.0,403.36,170196.41
2022-03-23 20:00:00,403.37,408.86,403.18,408.36,68828.34
2022-03-24 00:00:00,408.35,412.49,406.26,406.43,169827.57
2022-03-24 04:00:00,406.43,413.54,406.16,410.5,114614.12
2022-03-24 08:00:00,410.5,412.9,409.04,409.67,118919.87
2022-03-24 12:00:00,409.67,415.71,404.88,414.11,291438.31
2022-03-24 16:00:00,414.09,416.55,413.27,414.26,143360.55
2022-03-24 20:00:00,414.26,415.24,412.61,414.08,64019.52
2022-03-25 00:00:00,414.09,415.87,411.19,413.49,95954.37
2022-03-25 04:00:00,413.49,415.67,412.2,412.4,91356.98
2022-03-25 08:00:00,412.39,419.49,409.38,418.91,197889.05
2022-03-25 12:00:00,418.91,421.62,411.86,413.11,238938.89
2022-03-25 16:00:00,413.14,414.93,405.31,410.6,220725.71
2022-03-25 20:00:00,410.66,412.86,409.67,410.15,53842.94
2022-03-26 00:00:00,410.16,411.74,407.23,409.86,55101.83
2022-03-26 04:00:00,409.85,413.39,409.65,412.92,73046.84
2022-03-26 08:00:00,412.91,415.99,412.55,414.11,113504.76
2022-03-26 12:00:00,414.07,415.1,411.19,413.02,98739.61
2022-03-26 16:00:00,413.02,414.79,412.28,414.17,61725.38
2022-03-26 20:00:00,414.17,416.29,413.41,415.64,64365.55
2022-03-27 00:00:00,415.64,418.33,415.41,415.88,91448.01
2022-03-27 04:00:00,415.88,417.35,414.72,417.07,48078.4
2022-03-27 08:00:00,417.07,417.2,414.0,414.93,66245.82
2022-03-27 12:00:00,414.93,419.84,411.4,416.79,167972.4
2022-03-27 16:00:00,416.78,418.75,416.3,417.68,80010.12
2022-03-27 20:00:00,417.68,431.72,416.0,430.49,288070.04
2022-03-28 00:00:00,430.48,433.75,428.17,431.93,141514.32
2022-03-28 04:00:00,431.92,437.44,430.2,431.54,194110.16
2022-03-28 08:00:00,431.54,436.99,429.6,435.55,162185.45
2022-03-28 12:00:00,435.59,441.13,434.08,436.66,228379.32
2022-03-28 16:00:00,436.67,440.72,433.65,438.49,168720.87
2022-03-28 20:00:00,438.49,439.32,427.55,430.43,150784.23
2022-03-29 00:00:00,430.41,436.14,429.65,432.67,100482.44
2022-03-29 04:00:00,432.67,437.26,431.76,434.68,95269.21
2022-03-29 08:00:00,434.68,441.03,434.31,440.54,145974.64
2022-03-29 12:00:00,440.55,442.0,433.6,434.66,247109.02
2022-03-29 16:00:00,434.65,437.85,429.92,436.65,180581.22
2022-03-29 20:00:00,436.64,437.38,429.49,434.28,90672.71
2022-03-30 00:00:00,434.27,434.29,425.5,433.45,127371.15
2022-03-30 04:00:00,433.45,438.65,430.44,436.95,115185.02
2022-03-30 08:00:00,436.95,440.6,434.95,439.66,137987.59
2022-03-30 12:00:00,439.68,440.17,434.05,439.39,182558.62
2022-03-30 16:00:00,439.39,449.75,439.08,445.06,362919.91
2022-03-30 20:00:00,445.09,446.77,441.19,442.17,127419.56
2022-03-31 00:00:00,442.17,452.7,440.35,445.37,214572.39
2022-03-31 04:00:00,445.36,445.65,441.1,445.16,129777.31
2022-03-31 08:00:00,445.15,449.42,443.22,445.02,150032.9
2022-03-31 12:00:00,445.02,449.31,428.88,434.38,358969.24
2022-03-31 16:00:00,434.3,434.9,423.82,427.11,289885.16
2022-03-31 20:00:00,427.13,431.83,425.58,428.75,88065.11
2022-04-01 00:00:00,428.71,430.04,413.01,418.75,310521.67
2022-04-01 04:00:00,418.76,427.87,418.24,427.44,114937.8
2022-04-01 08:00:00,427.44,432.85,426.54,430.59,162422.71
2022-04-01 12:00:00,430.58,442.65,427.23,441.03,273704.82
2022-04-01 16:00:00,441.04,446.26,440.49,446.11,170517.6
2022-04-01 20:00:00,446.11,448.24,442.43,447.66,84920.42
2022-04-02 00:00:00,447.66,454.37,444.22,449.47,209686.33
2022-04-02 04:00:00,449.56,451.2,447.33,450.29,77514.36
2022-04-02 08:00:00,450.29,450.42,447.54,448.17,71544.29
2022-04-02 12:00:00,448.17,451.43,440.5,442.47,213761.37
2022-04-02 16:00:00,442.44,446.24,438.45,442.75,152270.48
2022-04-02 20:00:00,442.74,443.92,435.51,437.3,90728.27
2022-04-03 00:00:00,437.29,440.0,432.01,437.12,127894.29
2022-04-03 04:00:00,437.12,444.44,436.96,443.95,92193.19
2022-04-03 08:00:00,444.03,446.0,441.0,444.35,97782.28
2022-04-03 12:00:00,444.35,449.86,443.47,447.34,145245.87
2022-04-03 16:00:00,447.34,449.17,445.54,448.19,105744.52
2022-04-03 20:00:00,448.19,455.9,447.06,450.52,166644.07
2022-04-04 00:00:00,450.48,450.67,442.18,443.43,133685.82
2022-04-04 04:00:00,443.43,448.76,441.67,447.03,110256.61
2022-04-04 08:00:00,447.0,448.56,441.18,446.55,140475.78
2022-04-04 12:00:00,446.55,447.38,437.65,438.18,180745.42
2022-04-04 16:00:00,438.19,443.4,433.39,442.94,169137.84
2022-04-04 20:00:00,442.94,449.73,441.39,447.51,121566.14
2022-04-05 00:00:00,447.51,457.34,446.14,455.24,181319.59
2022-04-05 04:00:00,455.24,458.97,451.09,454.86,143502.64
2022-04-05 08:00:00,454.87,457.87,453.16,457.68,93717.14
2022-04-05 12:00:00,457.68,460.0,448.3,449.21,263387.63
2022-04-05 16:00:00,449.2,452.88,446.0,450.51,151625.5
2022-04-05 20:00:00,450.45,451.44,444.01,444.58,104501.81
2022-04-06 00:00:00,444.59,444.67,432.0,439.98,249254.04
2022-04-06 04:00:00,439.99,444.29,438.21,441.05,102554.61
2022-04-06 08:00:00,441.05,442.16,431.72,435.32,175429.61
2022-04-06 12:00:00,435.32,439.12,421.15,426.52,361223.42
2022-04-06 16:00:00,426.52,428.0,418.04,426.39,266880.53
2022-04-06 20:00:00,426.45,427.91,418.86,419.93,108155.27
2022-04-07 00:00:00,419.87,427.99,416.01,424.39,235106.74
2022-04-07 04:00:00,424.44,432.67,424.44,430.74,138987.16
2022-04-07 08:00:00,430.77,436.19,426.22,434.91,178915.34
2022-04-07 12:00:00,434.91,436.86,426.52,431.7,257454.47
2022-04-07 16:00:00,431.71,438.43,429.7,434.69,200882.47
2022-04-07 20:00:00,434.64,437.94,433.72,435.78,83520.72
2022-04-08 00:00:00,435.75,441.0,434.89,438.17,116356.33
2022-04-08 04:00:00,438.17,438.37,429.5,433.22,131200.79
2022-04-08 08:00:00,433.22,435.46,427.0,427.77,162178.4
2022-04-08 12:00:00,427.76,434.47,422.0,430.49,206877.36
2022-04-08 16:00:00,430.47,432.1,422.87,426.74,161242.05
2022-04-08 20:00:00,426.72,428.67,418.1,421.27,118881.23
2022-04-09 00:00:00,421.23,425.17,419.5,422.73,88402.21
2022-04-09 04:00:00,422.73,425.33,421.49,424.19,77528.29
2022-04-09 08:00:00,424.18,427.98,422.96,426.39,62052.84
2022-04-09 12:00:00,426.39,427.89,420.44,420.94,96970.46
2022-04-09 16:00:00,420.94,424.34,420.35,421.56,71076.89
2022-04-09 20:00:00,421.56,427.28,420.37,426.48,70412.72
2022-04-10 00:00:00,426.48,427.58,424.22,426.57,62025.56
2022-04-10 04:00:00,426.57,427.84,424.39,425.65,57247.61
2022-04-10 08:00:00,425.65,425.83,421.01,424.22,82113.32
2022-04-10 12:00:00,424.22,425.58,420.53,422.08,92419.01
2022-04-10 16:00:00,422.08,429.37,421.1,427.81,111250.6
2022-04-10 20:00:00,427.81,429.54,416.54,417.75,192439.52
2022-04-11 00:00:00,417.74,419.43,410.37,413.89,210767.97
2022-04-11 04:00:00,413.87,417.75,412.83,417.01,104054.29
2022-04-11 08:00:00,417.01,417.9,402.08,403.99,307507.44
2022-04-11 12:00:00,404.04,405.03,398.51,398.69,215808.31
2022-04-11 16:00:00,398.69,403.49,396.32,398.5,203302.08
2022-04-11 20:00:00,398.47,399.7,391.0,394.25,183784.58
2022-04-12 00:00:00,394.25,398.34,392.1,398.16,123124.52
2022-04-12 04:00:00,398.14,408.1,397.59,407.09,202963.91
2022-04-12 08:00:00,407.09,412.02,405.63,411.24,164455.16
2022-04-12 12:00:00,411.24,416.81,408.09,412.42,319577.94
2022-04-12 16:00:00,412.44,415.44,406.4,406.97,223570.56
2022-04-12 20:00:00,406.98,415.0,406.43,413.47,124074.24
2022-04-13 00:00:00,413.47,420.97,410.08,417.91,263788.79
2022-04-13 04:00:00,417.92,419.99,416.35,417.73,111173.46
2022-04-13 08:00:00,417.72,420.6,413.13,413.44,181061.07
2022-04-13 12:00:00,413.43,421.88,411.0,417.43,423193.04
2022-04-13 16:00:00,417.43,423.17,415.33,419.44,172023.31
2022-04-13 20:00:00,419.46,424.49,418.75,423.02,104769.98
2022-04-14 00:00:00,423.03,426.87,421.06,421.85,128325.64
2022-04-14 04:00:00,421.81,422.64,419.35,421.57,92140.36
2022-04-14 08:00:00,421.56,423.22,416.34,417.15,132281.86
2022-04-14 12:00:00,417.14,421.23,411.7,412.31,222517.88
2022-04-14 16:00:00,412.3,416.79,411.1,413.72,128416.98
2022-04-14 20:00:00,413.74,416.27,412.42,414.58,57074.85
2022-04-15 00:00:00,414.58,418.4,412.41,417.87,85268.15
2022-04-15 04:00:00,417.87,418.77,414.5,416.63,95711.3
2022-04-15 08:00:00,416.68,418.26,415.03,417.3,79982.43
2022-04-15 12:00:00,417.3,418.87,413.56,417.71,148809.98
2022-04-15 16:00:00,417.71,419.86,416.31,417.73,74307.39
2022-04-15 20:00:00,417.74,418.73,414.98,416.94,76651.57
2022-04-16 00:00:00,416.95,418.62,415.71,415.79,62079.81
2022-04-16 04:00:00,415.82,416.53,414.12,414.85,54803.66
2022-04-16 08:00:00,414.86,416.62,414.1,415.64,53457.84
2022-04-16 12:00:00,415.63,416.8,411.5,412.44,102234.18
2022-04-16 16:00:00,412.43,414.24,412.05,413.55,42540.57
2022-04-16 20:00:00,413.55,418.89,413.5,417.14,85067.75
2022-04-17 00:00:00,417.15,418.2,414.18,415.17,57753.13
2022-04-17 04:00:00,415.17,416.12,413.32,414.38,47264.08
2022-04-17 08:00:00,414.37,415.69,413.52,415.29,58578.17
2022-04-17 12:00:00,415.29,416.95,414.15,416.5,84248.07
2022-04-17 16:00:00,416.49,417.18,412.01,414.01,96562.13
2022-04-17 20:00:00,414.02,416.16,405.28,406.37,144124.06
2022-04-18 00:00:00,406.37,410.05,404.54,407.81,114579.19
2022-04-18 04:00:00,407.82,408.18,395.75,397.56,253279.53
2022-04-18 08:00:00,397.58,403.64,397.2,401.62,108156.62
2022-04-18 12:00:00,401.62,407.2,401.57,405.66,163575.05
2022-04-18 16:00:00,405.67,416.8,402.78,414.94,238724.11
2022-04-18 20:00:00,415.02,417.85,414.44,416.67,86406.77
2022-04-19 00:00:00,416.7,419.9,414.53,416.61,97805.05
2022-04-19 04:00:00,416.62,422.34,415.53,421.82,147366.8
2022-04-19 08:00:00,421.84,424.5,418.49,418.8,188657.95
2022-04-19 12:00:00,418.79,423.22,416.37,419.73,241272.25
2022-04-19 16:00:00,419.7,421.79,417.39,419.66,101279.01
2022-04-19 20:00:00,419.65,422.53,417.6,422.16,66392.85
2022-04-20 00:00:00,422.15,422.34,417.51,421.38,78251.54
2022-04-20 04:00:00,421.38,423.81,419.88,420.88,76158.76
2022-04-20 08:00:00,420.89,431.44,420.33,428.04,246908.49
2022-04-20 12:00:00,428.03,429.88,419.05,421.69,217778.01
2022-04-20 16:00:00,421.66,422.15,414.56,417.26,170236.88
2022-04-20 20:00:00,417.25,420.4,416.54,418.03,66926.96
2022-04-21 00:00:00,418.02,422.61,417.8,421.45,71533.5
2022-04-21 04:00:00,421.44,423.14,417.35,420.58,96942.76
2022-04-21 08:00:00,420.57,426.0,419.0,424.16,175917.08
2022-04-21 12:00:00,424.17,425.61,420.23,420.47,171579.01
2022-04-21 16:00:00,420.46,421.0,411.2,411.72,179180.73
2022-04-21 20:00:00,411.67,412.25,400.72,404.67,236621.07
2022-04-22 00:00:00,404.66,410.46,403.16,409.12,119324.83
2022-04-22 04:00:00,409.12,411.44,406.52,409.99,109183.99
2022-04-22 08:00:00,410.0,412.13,406.12,412.0,134958.7
2022-04-22 12:00:00,411.98,413.87,405.31,406.14,232852.67
2022-04-22 16:00:00,406.14,409.75,404.67,407.52,105261.16
2022-04-22 20:00:00,407.5,408.93,404.8,406.45,58351.57
2022-04-23 00:00:00,406.45,408.06,401.71,403.08,108328.74
2022-04-23 04:00:00,403.08,404.34,396.0,403.91,140711.72
2022-04-23 08:00:00,403.9,406.0,402.67,405.06,61850.29
2022-04-23 12:00:00,405.09,406.41,403.35,406.26,68196.65
2022-04-23 16:00:00,406.25,407.8,405.32,406.63,62831.64
2022-04-23 20:00:00,406.63,407.28,399.94,400.84,68456.47
2022-04-24 00:00:00,400.84,405.08,400.46,404.71,67972.51
2022-04-24 04:00:00,404.7,405.12,403.2,404.01,44153.21
2022-04-24 08:00:00,404.0,404.37,400.59,401.22,53536.74
2022-04-24 12:00:00,401.21,403.66,400.0,401.6,87565.56
2022-04-24 16:00:00,401.6,403.27,396.96,402.38,135408.74
2022-04-24 20:00:00,402.38,402.63,398.14,398.63,60298.93
2022-04-25 00:00:00,398.62,399.14,390.29,395.68,209477.98
2022-04-25 04:00:00,395.69,395.78,381.79,383.58,223591.02
2022-04-25 08:00:00,383.58,392.17,382.12,392.14,176914.37
2022-04-25 12:00:00,392.14,396.72,389.91,393.81,213264.29
2022-04-25 16:00:00,393.81,402.5,393.49,402.1,182763.87
2022-04-25 20:00:00,402.08,405.83,401.09,404.11,94949.32
2022-04-26 00:00:00,404.12,407.51,402.31,404.0,101331.22
2022-04-26 04:00:00,404.0,405.32,400.79,402.83,78777.74
2022-04-26 08:00:00,402.82,404.04,398.21,400.33,102166.9
2022-04-26 12:00:00,400.33,400.98,387.37,387.76,242996.6
2022-04-26 16:00:00,387.77,391.24,382.85,386.11,280980.86
2022-04-26 20:00:00,386.11,388.05,380.45,385.67,152659.17
2022-04-27 00:00:00,385.65,389.47,383.1,387.98,107194.88
2022-04-27 04:00:00,387.98,393.88,387.62,393.84,115996.1
2022-04-27 08:00:00,393.88,394.72,388.26,390.8,158908.07
2022-04-27 12:00:00,390.79,394.38,385.0,388.88,228007.81
2022-04-27 16:00:00,388.89,391.42,386.6,387.89,108806.06
2022-04-27 20:00:00,387.88,391.79,387.68,391.21,83050.09
2022-04-28 00:00:00,391.22,392.93,389.28,389.61,85878.68
2022-04-28 04:00:00,389.62,393.88,388.17,392.36,91056.62
2022-04-28 08:00:00,392.35,405.8,392.34,403.84,456205.43
2022-04-28 12:00:00,403.85,406.5,397.1,402.19,324627.97
2022-04-28 16:00:00,402.17,407.51,400.6,405.04,171784.91
2022-04-28 20:00:00,405.04,408.43,402.88,406.8,152806.44
2022-04-29 00:00:00,406.8,410.45,402.0,404.32,172895.53
2022-04-29 04:00:00,404.32,407.42,402.13,405.49,103138.16
2022-04-29 08:00:00,405.5,406.08,392.98,394.51,221799.28
2022-04-29 12:00:00,394.5,400.83,393.61,398.18,170260.35
2022-04-29 16:00:00,398.19,398.39,389.46,391.3,173850.88
2022-04-29 20:00:00,391.28,394.0,390.58,392.69,74977.72
2022-04-30 00:00:00,392.69,397.96,392.11,396.64,100606.88
2022-04-30 04:00:00,396.66,399.85,396.19,398.3,82787.43
2022-04-30 08:00:00,398.3,398.88,396.0,396.92,77923.7
2022-04-30 12:00:00,396.92,397.72,390.05,393.51,132502.44
2022-04-30 16:00:00,393.5,394.38,388.3,390.8,113270.96
2022-04-30 20:00:00,390.8,390.81,375.73,376.52,273898.35
2022-05-01 00:00:00,376.52,383.36,374.9,382.78,171032.85
2022-05-01 04:00:00,382.77,385.5,380.37,382.08,116726.52
2022-05-01 08:00:00,382.09,385.5,381.8,383.42,80765.56
2022-05-01 12:00:00,383.42,390.0,382.09,389.34,136940.16
2022-05-01 16:00:00,389.36,390.75,382.42,384.24,141468.97
2022-05-01 20:00:00,384.25,391.28,383.29,389.6,104045.87
2022-05-02 00:00:00,389.55,392.35,386.73,389.19,94610.59
2022-05-02 04:00:00,389.18,392.33,387.57,389.58,85190.68
2022-05-02 08:00:00,389.57,390.76,384.91,385.44,107926.18
2022-05-02 12:00:00,385.42,390.9,383.43,387.92,201358.17
2022-05-02 16:00:00,387.92,389.44,381.91,387.32,136072.79
2022-05-02 20:00:00,387.35,390.61,385.02,389.32,81417.53
2022-05-03 00:00:00,389.32,392.17,388.53,391.1,81682.37
2022-05-03 04:00:00,391.1,391.55,388.1,389.51,70727.21
2022-05-03 08:00:00,389.5,390.18,385.48,388.66,90184.77
2022-05-03 12:00:00,388.66,388.71,384.12,386.35,119224.53
2022-05-03 16:00:00,386.36,387.04,379.64,381.33,128417.41
2022-05-03 20:00:00,381.34,383.92,379.5,383.52,74411.24
2022-05-04 00:00:00,383.52,386.11,382.4,385.3,67417.86
2022-05-04 04:00:00,385.29,390.32,383.77,389.45,90139.6
2022-05-04 08:00:00,389.46,391.71,388.4,390.9,120009.47
2022-05-04 12:00:00,390.9,394.27,387.11,393.56,169862.36
2022-05-04 16:00:00,393.56,402.8,390.43,401.38,311047.06
2022-05-04 20:00:00,401.36,402.93,401.2,402.29,81641.12
2022-05-05 00:00:00,402.3,406.34,401.13,403.09,117207.97
2022-05-05 04:00:00,403.09,403.54,399.62,400.8,72360.12
2022-05-05 08:00:00,400.8,414.0,398.41,404.58,532110.04
2022-05-05 12:00:00,404.58,407.98,378.08,380.83,672036.33
2022-05-05 16:00:00,380.84,382.72,370.0,376.25,402745.46
2022-05-05 20:00:00,376.16,378.91,372.58,378.06,181776.1
2022-05-06 00:00:00,378.06,378.92,374.25,378.43,106309.47
2022-05-06 04:00:00,378.44,380.27,372.56,377.04,143184.28
2022-05-06 08:00:00,377.03,380.98,373.68,374.85,203663.22
2022-05-06 12:00:00,374.85,383.2,370.32,379.08,342456.83
2022-05-06 16:00:00,379.08,382.5,377.82,380.82,133326.44
2022-05-06 20:00:00,380.83,381.5,378.09,378.89,74950.37
2022-05-07 00:00:00,378.89,380.51,375.79,376.22,79084.43
2022-05-07 04:00:00,376.21,378.84,373.67,378.75,101697.8
2022-05-07 08:00:00,378.75,380.09,373.19,374.97,149402.06
2022-05-07 12:00:00,374.96,376.39,372.02,375.86,107364.16
2022-05-07 16:00:00,375.85,378.07,375.18,376.42,69184.48
2022-05-07 20:00:00,376.43,376.55,359.75,365.3,277488.35
2022-05-08 00:00:00,365.3,366.92,355.02,358.94,256980.09
2022-05-08 04:00:00,358.94,361.87,357.5,359.25,152533.65
2022-05-08 08:00:00,359.24,360.48,353.35,357.2,164336.5
2022-05-08 12:00:00,357.19,359.14,352.33,355.9,165872.05
2022-05-08 16:00:00,355.91,359.51,349.01,358.84,235084.9
2022-05-08 20:00:00,358.84,359.42,354.29,355.73,101098.16
2022-05-09 00:00:00,355.75,359.19,346.43,349.29,193069.91
2022-05-09 04:00:00,349.31,352.17,343.06,343.36,174609.02
2022-05-09 08:00:00,343.35,344.83,326.82,332.76,441005.64
2022-05-09 12:00:00,332.76,337.61,320.65,324.31,475064.98
2022-05-09 16:00:00,324.29,326.42,300.61,305.51,804480.44
2022-05-09 20:00:00,305.52,316.41,294.68,295.5,541374.42
2022-05-10 00:00:00,295.47,312.79,288.37,306.68,758389.9
2022-05-10 04:00:00,306.68,332.56,306.11,321.66,651467.17
2022-05-10 08:00:00,321.66,327.24,318.33,325.28,382242.19
2022-05-10 12:00:00,325.28,330.93,314.1,320.73,468617.75
2022-05-10 16:00:00,320.72,327.91,316.53,323.8,271175.49
2022-05-10 20:00:00,323.8,323.89,307.84,318.9,349653.24
2022-05-11 00:00:00,318.9,322.81,314.0,317.89,293348.71
2022-05-11 04:00:00,317.89,319.45,295.93,299.98,498085.64
2022-05-11 08:00:00,299.91,316.31,298.64,305.28,488675.51
2022-05-11 12:00:00,305.32,308.94,270.0,288.34,1229786.51
2022-05-11 16:00:00,288.31,290.34,270.01,271.09,485807.49
2022-05-11 20:00:00,271.14,274.12,260.04,271.26,564046.05
2022-05-12 00:00:00,271.26,280.45,253.78,254.47,690837.88
2022-05-12 04:00:00,254.49,255.88,216.39,245.65,1778156.19
2022-05-12 08:00:00,245.64,279.08,243.74,272.61,1320471.19
2022-05-12 12:00:00,272.59,285.05,263.47,272.48,1027200.42
2022-05-12 16:00:00,272.46,282.56,265.62,269.27,438293.51
2022-05-12 20:00:00,269.22,271.82,262.0,268.54,255046.17
2022-05-13 00:00:00,268.54,309.49,265.03,307.05,650997.48
2022-05-13 04:00:00,307.06,310.0,295.69,295.71,433739.23
2022-05-13 08:00:00,295.73,309.87,295.54,309.03,380982.77
2022-05-13 12:00:00,309.02,313.25,300.0,301.7,455301.83
2022-05-13 16:00:00,301.72,304.52,288.91,296.01,433759.54
2022-05-13 20:00:00,296.07,300.0,289.5,290.45,175700.77
2022-05-14 00:00:00,290.43,299.27,288.15,293.33,222564.57
2022-05-14 04:00:00,293.34,293.4,284.0,286.82,217648.36
2022-05-14 08:00:00,286.81,289.95,276.0,281.33,275708.7
2022-05-14 12:00:00,281.34,282.31,271.68,277.52,333084.27
2022-05-14 16:00:00,277.56,290.74,275.45,286.62,336669.34
2022-05-14 20:00:00,286.67,298.27,286.09,296.66,201185.77
2022-05-15 00:00:00,296.65,299.12,285.26,289.31,232999.84
2022-05-15 04:00:00,289.31,295.58,287.8,294.36,154392.59
2022-05-15 08:00:00,294.37,303.42,290.3,302.2,224124.52
2022-05-15 12:00:00,302.21,305.75,295.71,297.38,251204.2
2022-05-15 16:00:00,297.37,303.79,296.51,303.5,196124.08
2022-05-15 20:00:00,303.5,312.67,301.81,312.05,220068.24
2022-05-16 00:00:00,312.06,312.2,299.47,301.15,215133.25
2022-05-16 04:00:00,301.15,302.88,290.0,293.81,287410.1
2022-05-16 08:00:00,293.8,301.56,291.03,297.76,267988.3
2022-05-16 12:00:00,297.76,302.99,292.18,295.62,333111.06
2022-05-16 16:00:00,295.62,300.86,291.74,297.43,197588.01
2022-05-16 20:00:00,297.45,301.77,294.0,297.0,229504.26
2022-05-17 00:00:00,297.03,307.59,295.78,306.1,219049.21
2022-05-17 04:00:00,306.09,307.38,303.63,304.11,134122.72
2022-05-17 08:00:00,304.1,308.5,303.83,306.24,135789.04
2022-05-17 12:00:00,306.26,310.53,299.3,303.0,312227.49
2022-05-17 16:00:00,302.99,303.63,295.83,300.74,276258.95
2022-05-17 20:00:00,300.74,307.89,300.16,305.91,152452.35
2022-05-18 00:00:00,305.91,308.44,298.69,300.24,193995.96
2022-05-18 04:00:00,300.23,301.22,297.55,299.93,140547.63
2022-05-18 08:00:00,299.99,304.07,298.04,301.35,156174.51
2022-05-18 12:00:00,301.35,301.72,290.0,291.14,350350.3
2022-05-18 16:00:00,291.16,297.5,288.4,296.19,298289.55
2022-05-18 20:00:00,296.18,296.32,286.26,287.36,245667.18
2022-05-19 00:00:00,287.42,296.49,286.32,294.95,250025.82
2022-05-19 04:00:00,294.96,302.0,294.13,298.66,227497.98
2022-05-19 08:00:00,298.61,302.69,293.23,301.23,287830.2
2022-05-19 12:00:00,301.23,308.93,298.68,306.56,419307.33
2022-05-19 16:00:00,306.57,307.86,303.32,303.49,163632.47
2022-05-19 20:00:00,303.48,307.59,302.62,306.7,136939.77
2022-05-20 00:00:00,306.75,311.84,304.72,307.66,220320.85
2022-05-20 04:00:00,307.66,309.75,305.52,306.99,190667.6
2022-05-20 08:00:00,306.98,316.4,306.31,315.32,304619.0
2022-05-20 12:00:00,315.32,315.72,297.22,298.91,710351.08
2022-05-20 16:00:00,298.91,302.29,293.71,301.86,386240.6
2022-05-20 20:00:00,301.81,304.94,300.89,301.95,163282.44
2022-05-21 00:00:00,301.95,303.68,298.99,302.9,143096.12
2022-05-21 04:00:00,302.9,306.87,301.49,306.01,131479.93
2022-05-21 08:00:00,306.02,307.41,304.8,306.94,145647.55
2022-05-21 12:00:00,306.95,311.84,305.76,311.47,234576.96
2022-05-21 16:00:00,311.46,313.98,310.2,312.31,207131.37
2022-05-21 20:00:00,312.31,313.6,311.0,312.13,99969.81
2022-05-22 00:00:00,312.14,319.49,311.18,316.37,244794.97
2022-05-22 04:00:00,316.36,316.5,312.29,314.77,172850.16
2022-05-22 08:00:00,314.78,323.6,314.53,317.69,399913.29
2022-05-22 12:00:00,317.61,320.5,314.18,316.71,215459.18
2022-05-22 16:00:00,316.71,319.02,314.47,317.06,133695.6
2022-05-22 20:00:00,317.06,320.65,315.97,319.1,131100.0
2022-05-23 00:00:00,319.06,321.33,316.84,320.47,138844.57
2022-05-23 04:00:00,320.48,330.5,320.17,328.16,300978.44
2022-05-23 08:00:00,328.17,332.99,325.67,332.45,279527.85
2022-05-23 12:00:00,332.46,336.02,325.63,333.4,525792.28
2022-05-23 16:00:00,333.4,336.9,322.7,323.44,481233.92
2022-05-23 20:00:00,323.44,328.35,315.0,316.92,427625.83
2022-05-24 00:00:00,316.92,326.88,315.06,326.6,330638.39
2022-05-24 04:00:00,326.6,329.63,323.15,328.0,289399.99
2022-05-24 08:00:00,327.98,328.25,316.99,322.86,388214.55
2022-05-24 12:00:00,322.86,324.78,311.51,321.16,655568.43
2022-05-24 16:00:00,321.16,325.7,318.6,322.73,373793.52
2022-05-24 20:00:00,322.72,330.45,320.8,328.14,249700.03
2022-05-25 00:00:00,328.13,337.88,327.26,335.69,351876.17
2022-05-25 04:00:00,335.69,335.95,328.75,330.0,337215.36
2022-05-25 08:00:00,329.99,333.33,324.0,325.0,350583.39
2022-05-25 12:00:00,325.0,331.4,323.6,327.23,432633.45
2022-05-25 16:00:00,327.21,329.8,324.03,325.83,299217.34
2022-05-25 20:00:00,325.8,329.31,325.02,325.37,142364.18
2022-05-26 00:00:00,325.37,331.83,325.11,327.7,254097.33
2022-05-26 04:00:00,327.7,328.46,315.59,320.96,525909.53
2022-05-26 08:00:00,320.96,321.23,305.74,310.47,514585.97
2022-05-26 12:00:00,310.47,315.83,295.0,312.69,1004501.3
2022-05-26 16:00:00,312.7,317.58,308.3,308.63,436590.4
2022-05-26 20:00:00,308.63,313.58,302.1,302.65,279695.52
2022-05-27 00:00:00,302.58,307.46,296.6,301.94,549316.96
2022-05-27 04:00:00,301.93,303.4,290.2,298.16,643149.1
2022-05-27 08:00:00,298.12,302.47,295.49,300.88,373770.3
2022-05-27 12:00:00,300.88,309.75,299.48,301.88,535881.05
2022-05-27 16:00:00,301.89,303.48,295.42,301.2,427284.44
2022-05-27 20:00:00,301.2,304.92,299.07,301.36,203393.53
2022-05-28 00:00:00,301.37,304.97,296.62,300.67,297222.23
2022-05-28 04:00:00,300.67,304.36,299.28,301.97,221912.71
2022-05-28 08:00:00,301.98,303.35,299.33,301.8,181062.21
2022-05-28 12:00:00,301.79,307.95,301.16,307.2,265066.59
2022-05-28 16:00:00,307.2,309.57,304.5,308.64,221263.76
2022-05-28 20:00:00,308.63,310.67,306.77,307.26,119954.56
2022-05-29 00:00:00,307.27,307.95,299.0,300.6,257143.99
2022-05-29 04:00:00,300.6,301.3,298.18,300.76,195054.61
2022-05-29 08:00:00,300.77,303.29,299.65,302.69,207744.68
2022-05-29 12:00:00,302.71,307.08,301.66,303.11,289925.25
2022-05-29 16:00:00,303.1,304.91,301.52,302.21,133976.07
2022-05-29 20:00:00,302.2,307.79,301.47,305.67,195368.95
2022-05-30 00:00:00,305.67,318.84,303.69,317.11,470633.66
2022-05-30 04:00:00,317.11,321.8,316.0,319.46,335760.25
2022-05-30 08:00:00,319.46,320.32,314.82,317.18,245451.67
2022-05-30 12:00:00,317.18,319.37,311.77,313.63,357297.07
2022-05-30 16:00:00,313.63,315.77,312.01,313.16,200026.92
2022-05-30 20:00:00,313.15,323.97,311.78,321.57,417495.77
2022-05-31 00:00:00,321.61,324.82,317.55,320.74,259125.63
2022-05-31 04:00:00,320.74,320.88,315.63,318.19,217953.44
2022-05-31 08:00:00,318.19,321.59,317.6,320.5,173181.16
2022-05-31 12:00:00,320.5,322.41,313.18,321.3,391557.76
2022-05-31 16:00:00,321.3,324.24,318.08,318.64,274992.02
2022-05-31 20:00:00,318.63,322.84,318.33,320.86,119960.99
2022-06-01 00:00:00,320.85,324.6,318.33,319.1,226156.12
2022-06-01 04:00:00,319.1,320.96,316.25,317.24,197173.12
2022-06-01 08:00:00,317.25,321.15,314.06,316.43,232724.41
2022-06-01 12:00:00,316.43,320.12,304.81,305.23,446790.57
2022-06-01 16:00:00,305.27,305.44,300.04,303.12,463117.51
2022-06-01 20:00:00,303.11,303.52,297.15,300.25,252529.28
2022-06-02 00:00:00,300.29,304.17,297.88,300.28,189188.39
2022-06-02 04:00:00,300.29,304.53,298.92,303.25,159702.1
2022-06-02 08:00:00,303.28,305.37,302.06,304.79,145305.08
2022-06-02 12:00:00,304.79,305.43,299.26,303.23,318907.12
2022-06-02 16:00:00,303.23,305.81,302.72,305.19,165217.85
2022-06-02 20:00:00,305.19,309.12,304.45,308.18,153404.37
2022-06-03 00:00:00,308.18,310.19,306.27,308.1,152985.54
2022-06-03 04:00:00,308.09,308.26,304.25,305.03,115236.49
2022-06-03 08:00:00,305.02,305.75,295.33,295.92,334786.45
2022-06-03 12:00:00,295.91,298.74,293.0,295.24,370078.03
2022-06-03 16:00:00,295.24,297.65,293.84,296.0,181374.2
2022-06-03 20:00:00,296.0,299.48,295.74,298.36,105068.18
2022-06-04 00:00:00,298.36,299.28,294.38,295.3,151858.2
2022-06-04 04:00:00,295.31,298.99,295.01,298.07,115638.75
2022-06-04 08:00:00,298.06,302.0,297.81,298.8,170722.48
2022-06-04 12:00:00,298.79,301.26,297.03,301.1,180523.22
2022-06-04 16:00:00,301.1,301.98,299.5,299.92,96759.0
2022-06-04 20:00:00,299.92,303.0,299.08,301.21,118169.71
2022-06-05 00:00:00,301.24,301.55,295.47,297.33,194182.6
2022-06-05 04:00:00,297.36,298.63,296.08,297.29,88554.82
2022-06-05 08:00:00,297.29,298.25,295.5,297.3,117843.54
2022-06-05 12:00:00,297.3,299.0,294.47,298.97,143986.16
2022-06-05 16:00:00,298.97,302.48,295.35,301.04,295773.72
2022-06-05 20:00:00,301.04,302.43,298.0,298.95,129163.94
2022-06-06 00:00:00,298.91,307.84,298.85,307.2,276711.23
2022-06-06 04:00:00,307.19,311.88,305.49,310.15,218041.85
2022-06-06 08:00:00,310.14,312.62,306.95,307.59,211296.9
2022-06-06 12:00:00,307.59,309.05,302.2,303.39,319158.81
2022-06-06 16:00:00,303.39,303.44,298.64,301.84,235098.01
2022-06-06 20:00:00,301.84,302.0,286.8,294.77,949268.28
2022-06-07 00:00:00,294.77,295.24,282.05,284.19,890647.78
2022-06-07 04:00:00,284.19,285.47,276.09,284.38,599782.93
2022-06-07 08:00:00,284.37,285.0,273.2,276.56,563363.19
2022-06-07 12:00:00,276.56,284.49,275.45,282.44,595899.27
2022-06-07 16:00:00,282.44,295.98,281.08,292.76,522764.3
2022-06-07 20:00:00,292.74,295.71,283.56,290.15,525337.72
2022-06-08 00:00:00,290.17,293.58,283.73,284.95,416235.17
2022-06-08 04:00:00,284.98,290.59,284.25,290.11,272828.59
2022-06-08 08:00:00,290.11,292.82,289.24,290.39,219678.18
2022-06-08 12:00:00,290.38,294.57,287.91,292.35,342132.88
2022-06-08 16:00:00,292.32,293.29,285.96,288.5,208310.44
2022-06-08 20:00:00,288.45,290.72,288.03,288.26,117007.33
2022-06-09 00:00:00,288.27,288.96,286.06,288.5,162674.56
2022-06-09 04:00:00,288.5,290.4,286.96,290.21,107018.68
2022-06-09 08:00:00,290.22,293.35,290.15,290.61,202070.02
2022-06-09 12:00:00,290.62,291.13,288.16,290.55,225317.9
2022-06-09 16:00:00,290.55,292.53,287.79,288.23,144793.94
2022-06-09 20:00:00,288.23,290.12,286.5,289.64,125384.76
2022-06-10 00:00:00,289.64,291.98,284.12,290.76,271112.21
2022-06-10 04:00:00,290.8,293.06,289.59,289.85,165129.64
2022-06-10 08:00:00,289.86,290.58,285.26,289.12,247607.88
2022-06-10 12:00:00,289.12,299.3,285.57,290.5,929586.56
2022-06-10 16:00:00,290.49,290.68,282.18,284.59,518854.93
2022-06-10 20:00:00,284.62,288.23,284.31,286.07,155896.5
2022-06-11 00:00:00,286.07,289.1,286.01,288.32,149545.67
2022-06-11 04:00:00,288.32,290.49,287.1,289.2,176684.66
2022-06-11 08:00:00,289.2,289.6,277.4,278.61,490604.71
2022-06-11 12:00:00,278.59,280.13,264.9,268.42,650299.09
2022-06-11 16:00:00,268.42,273.9,265.43,271.37,460477.08
2022-06-11 20:00:00,271.36,273.56,268.03,269.67,178538.97
2022-06-12 00:00:00,269.67,271.84,254.0,257.3,581615.25
2022-06-12 04:00:00,257.3,259.4,250.59,258.43,485807.41
2022-06-12 08:00:00,258.42,259.62,255.52,258.25,258816.58
2022-06-12 12:00:00,258.21,267.4,252.43,263.87,563667.25
2022-06-12 16:00:00,263.87,268.3,261.75,262.02,309530.52
2022-06-12 20:00:00,261.96,263.47,254.18,254.55,278824.98
2022-06-13 00:00:00,254.51,257.76,234.55,239.93,948385.01
2022-06-13 04:00:00,239.92,246.54,230.2,232.63,767278.25
2022-06-13 08:00:00,232.59,233.79,217.53,221.15,1406380.9
2022-06-13 12:00:00,221.15,228.1,213.0,223.99,1269438.78
2022-06-13 16:00:00,224.06,232.95,222.17,224.84,672023.16
2022-06-13 20:00:00,224.85,231.98,217.92,222.84,513447.24
2022-06-14 00:00:00,222.81,226.26,203.81,221.45,1315586.73
2022-06-14 04:00:00,221.44,231.34,216.12,229.77,1033168.51
2022-06-14 08:00:00,229.77,230.29,217.87,220.17,567931.81
2022-06-14 12:00:00,220.18,228.5,218.07,227.22,682567.81
2022-06-14 16:00:00,227.23,228.22,219.73,221.74,342079.71
2022-06-14 20:00:00,221.78,224.2,214.28,222.98,380466.19
2022-06-15 00:00:00,222.99,224.59,215.99,216.61,346502.54
2022-06-15 04:00:00,216.57,216.75,206.38,207.19,773278.3
2022-06-15 08:00:00,207.2,213.75,198.14,212.49,1363622.66
2022-06-15 12:00:00,212.5,218.28,210.34,212.63,706749.98
2022-06-15 16:00:00,212.63,225.85,202.48,221.09,1472777.49
2022-06-15 20:00:00,221.09,234.56,218.72,233.51,576072.79
2022-06-16 00:00:00,233.47,237.2,229.41,229.96,479202.15
2022-06-16 04:00:00,229.96,232.16,221.59,222.48,391681.89
2022-06-16 08:00:00,222.48,223.98,213.38,215.81,549718.76
2022-06-16 12:00:00,215.81,220.55,211.32,215.42,751084.32
2022-06-16 16:00:00,215.35,218.86,212.19,214.21,406279.2
2022-06-16 20:00:00,214.19,216.52,207.51,210.13,403197.15
2022-06-17 00:00:00,210.13,217.81,207.63,212.24,514116.84
2022-06-17 04:00:00,212.25,221.97,211.59,219.51,416654.7
2022-06-17 08:00:00,219.52,221.53,217.07,217.56,393636.26
2022-06-17 12:00:00,217.57,219.59,212.62,215.69,545915.5
2022-06-17 16:00:00,215.68,216.85,213.52,214.69,254248.92
2022-06-17 20:00:00,214.69,217.28,214.34,215.64,161140.56
2022-06-18 00:00:00,215.64,218.99,210.22,212.3,360595.62
2022-06-18 04:00:00,212.29,213.42,199.0,201.08,748157.34
2022-06-18 08:00:00,201.08,205.92,195.65,202.8,846487.74
2022-06-18 12:00:00,202.8,203.36,197.52,198.48,443209.69
2022-06-18 16:00:00,198.48,200.65,187.82,187.95,822680.06
2022-06-18 20:00:00,187.99,200.78,182.97,196.8,1191492.09
2022-06-19 00:00:00,196.79,199.64,191.58,192.25,532717.62
2022-06-19 04:00:00,192.26,196.0,189.53,192.96,462887.85
2022-06-19 08:00:00,192.97,209.0,192.33,207.02,799680.57
2022-06-19 12:00:00,207.03,210.0,204.26,209.23,637956.01
2022-06-19 16:00:00,209.23,215.08,204.89,211.66,454782.68
2022-06-19 20:00:00,211.68,216.8,211.17,214.86,393376.66
2022-06-20 00:00:00,214.86,216.2,205.43,208.52,453344.71
2022-06-20 04:00:00,208.53,209.55,204.51,206.95,336658.62
2022-06-20 08:00:00,206.99,217.46,206.58,215.89,658588.5
2022-06-20 12:00:00,215.89,219.58,211.51,217.64,616170.97
2022-06-20 16:00:00,217.62,217.82,211.0,213.67,382311.62
2022-06-20 20:00:00,213.67,217.99,212.55,216.37,268446.38
2022-06-21 00:00:00,216.35,219.29,212.94,218.07,357131.34
2022-06-21 04:00:00,218.04,225.88,216.03,220.86,473222.62
2022-06-21 08:00:00,220.87,223.98,218.53,218.93,444098.45
2022-06-21 12:00:00,218.96,228.22,218.86,224.88,487826.0
2022-06-21 16:00:00,224.89,227.28,219.55,220.0,309352.59
2022-06-21 20:00:00,220.0,222.27,216.88,219.9,255585.72
2022-06-22 00:00:00,219.92,220.37,214.41,215.24,290236.62
2022-06-22 04:00:00,215.24,217.79,211.46,211.78,322593.88
2022-06-22 08:00:00,211.79,217.29,211.0,215.74,309287.73
2022-06-22 12:00:00,215.75,220.8,212.82,215.0,496040.02
2022-06-22 16:00:00,215.0,218.13,212.76,216.03,403451.8
2022-06-22 20:00:00,216.04,216.89,212.72,214.02,268729.62
2022-06-23 00:00:00,214.03,221.7,213.79,217.65,366067.7
2022-06-23 04:00:00,217.64,224.17,217.24,222.11,341134.01
2022-06-23 08:00:00,222.08,229.37,221.21,225.14,554771.83
2022-06-23 12:00:00,225.13,228.45,220.78,222.53,640412.1
2022-06-23 16:00:00,222.54,229.44,220.7,229.12,388446.37
2022-06-23 20:00:00,229.12,230.67,226.05,228.65,342202.08
2022-06-24 00:00:00,228.66,234.5,228.1,231.73,346890.65
2022-06-24 04:00:00,231.73,232.66,229.4,230.98,258596.26
2022-06-24 08:00:00,231.01,238.29,230.6,236.77,402499.91
2022-06-24 12:00:00,236.78,242.08,234.76,235.0,570213.71
2022-06-24 16:00:00,234.98,239.14,233.16,238.7,307202.76
2022-06-24 20:00:00,238.74,243.4,237.34,240.03,249948.25
2022-06-25 00:00:00,240.04,241.67,235.4,238.47,327379.46
2022-06-25 04:00:00,238.47,242.0,237.0,241.14,206446.3
2022-06-25 08:00:00,241.14,241.84,236.63,237.37,239288.88
2022-06-25 12:00:00,237.38,238.17,229.33,230.51,374166.21
2022-06-25 16:00:00,230.51,236.89,230.24,235.5,256070.46
2022-06-25 20:00:00,235.5,240.28,235.1,239.49,209280.92
2022-06-26 00:00:00,239.45,240.48,236.07,237.93,180151.6
2022-06-26 04:00:00,237.92,240.38,237.26,238.94,159865.65
2022-06-26 08:00:00,238.95,243.84,238.01,243.39,260331.66
2022-06-26 12:00:00,243.39,245.46,237.62,239.48,388241.9
2022-06-26 16:00:00,239.47,240.23,235.52,237.41,224279.26
2022-06-26 20:00:00,237.41,240.0,233.0,233.8,249304.51
2022-06-27 00:00:00,233.8,237.92,233.05,237.67,211914.22
2022-06-27 04:00:00,237.67,240.38,236.82,239.21,201364.36
2022-06-27 08:00:00,239.21,240.9,237.82,237.99,195702.29
2022-06-27 12:00:00,238.0,238.35,229.9,233.84,508773.06
2022-06-27 16:00:00,233.84,236.76,231.23,233.15,288171.25
2022-06-27 20:00:00,233.14,236.09,232.77,233.62,179653.14
2022-06-28 00:00:00,233.62,235.48,230.33,234.23,302132.62
2022-06-28 04:00:00,234.23,238.27,233.2,237.58,236467.62
2022-06-28 08:00:00,237.57,240.51,237.01,239.04,334598.55
2022-06-28 12:00:00,239.04,242.59,234.3,234.62,666557.04
2022-06-28 16:00:00,234.63,236.39,231.61,232.45,351946.98
2022-06-28 20:00:00,232.47,233.69,225.67,226.8,314289.1
2022-06-29 00:00:00,226.8,229.55,223.36,224.45,305985.61
2022-06-29 04:00:00,224.45,225.74,216.97,220.37,492957.57
2022-06-29 08:00:00,220.37,222.14,217.18,220.11,322111.39
2022-06-29 12:00:00,220.1,220.72,215.21,218.53,384949.21
2022-06-29 16:00:00,218.53,221.05,215.6,220.89,255760.9
2022-06-29 20:00:00,220.88,222.44,218.28,219.55,228250.44
2022-06-30 00:00:00,219.57,220.11,216.1,219.16,223200.01
2022-06-30 04:00:00,219.15,219.78,210.0,211.33,419076.35
2022-06-30 08:00:00,211.33,211.41,205.42,208.4,490615.42
2022-06-30 12:00:00,208.39,213.13,207.01,212.24,495436.17
2022-06-30 16:00:00,212.24,215.36,210.5,212.37,323535.89
2022-06-30 20:00:00,212.37,219.76,209.62,219.42,386517.32
2022-07-01 00:00:00,219.43,226.66,217.49,221.02,642436.87
2022-07-01 04:00:00,221.03,223.14,217.53,222.78,382799.64
2022-07-01 08:00:00,222.8,224.89,216.89,218.53,431014.45
2022-07-01 12:00:00,218.56,219.18,213.31,214.76,468261.27
2022-07-01 16:00:00,214.75,218.6,214.36,217.57,247858.02
2022-07-01 20:00:00,217.56,220.77,215.28,216.65,226842.25
2022-07-02 00:00:00,216.69,218.74,213.59,214.63,315988.04
2022-07-02 04:00:00,214.64,216.92,214.46,215.13,133518.18
2022-07-02 08:00:00,215.13,218.46,214.25,216.7,224437.08
2022-07-02 12:00:00,216.69,217.59,214.31,215.91,275099.68
2022-07-02 16:00:00,215.9,219.24,215.04,218.06,213590.11
2022-07-02 20:00:00,218.06,219.68,217.23,218.14,130996.82
2022-07-03 00:00:00,218.15,219.25,216.35,218.88,149180.69
2022-07-03 04:00:00,218.87,219.73,213.93,218.27,333937.69
2022-07-03 08:00:00,218.25,218.47,216.04,218.04,176316.42
2022-07-03 12:00:00,218.06,218.59,214.0,214.45,260366.84
2022-07-03 16:00:00,214.45,219.34,214.29,218.7,210102.35
2022-07-03 20:00:00,218.73,220.2,218.12,218.97,251204.62
2022-07-04 00:00:00,218.95,219.79,214.5,215.47,229767.4
2022-07-04 04:00:00,215.47,217.54,214.91,216.56,159498.74
2022-07-04 08:00:00,216.56,224.25,216.32,223.96,404608.55
2022-07-04 12:00:00,223.96,227.19,221.82,225.8,455956.07
2022-07-04 16:00:00,225.79,228.73,225.1,227.25,270360.79
2022-07-04 20:00:00,227.25,232.13,226.67,231.4,285898.35
2022-07-05 00:00:00,231.39,233.83,229.69,233.49,287818.83
2022-07-05 04:00:00,233.5,236.43,231.83,233.7,333654.1
2022-07-05 08:00:00,233.7,233.83,226.1,226.95,500516.62
2022-07-05 12:00:00,226.94,226.97,222.71,224.98,507252.21
2022-07-05 16:00:00,224.97,231.95,223.73,231.48,376308.74
2022-07-05 20:00:00,231.48,233.69,230.18,230.53,319851.35
2022-07-06 00:00:00,230.55,234.75,228.8,231.96,389262.62
2022-07-06 04:00:00,231.96,235.52,231.44,234.48,361717.27
2022-07-06 08:00:00,234.46,238.99,233.46,236.47,415810.97
2022-07-06 12:00:00,236.47,239.0,235.0,236.36,416854.7
2022-07-06 16:00:00,236.37,239.63,235.99,237.63,306160.47
2022-07-06 20:00:00,237.63,239.98,236.91,238.36,233192.6
2022-07-07 00:00:00,238.37,239.16,236.31,236.84,198981.18
2022-07-07 04:00:00,236.85,237.28,235.4,237.02,161442.18
2022-07-07 08:00:00,237.01,238.47,236.41,237.5,163850.93
2022-07-07 12:00:00,237.5,243.0,235.06,240.47,535155.9
2022-07-07 16:00:00,240.46,243.71,239.26,243.1,423104.55
2022-07-07 20:00:00,243.1,243.34,240.2,241.24,200779.59
2022-07-08 00:00:00,241.25,249.0,240.06,244.84,452738.66
2022-07-08 04:00:00,244.84,245.12,239.24,241.23,269565.5
2022-07-08 08:00:00,241.28,242.28,236.8,239.32,369849.14
2022-07-08 12:00:00,239.33,242.82,236.81,242.19,503764.93
2022-07-08 16:00:00,242.18,242.73,239.01,241.99,241701.58
2022-07-08 20:00:00,241.96,243.66,239.76,240.45,173583.49
2022-07-09 00:00:00,240.46,242.77,240.43,242.24,197517.45
2022-07-09 04:00:00,242.23,244.98,241.41,244.27,169715.57
2022-07-09 08:00:00,244.27,244.82,240.69,241.78,153200.91
2022-07-09 12:00:00,241.76,243.38,241.21,242.27,157485.23
2022-07-09 16:00:00,242.25,244.92,241.43,242.86,162408.09
2022-07-09 20:00:00,242.86,244.19,242.26,243.09,92281.97
2022-07-10 00:00:00,243.1,243.29,235.32,235.47,348022.78
2022-07-10 04:00:00,235.46,236.99,234.56,236.9,182393.84
2022-07-10 08:00:00,236.9,237.4,235.15,236.15,165935.34
2022-07-10 12:00:00,236.15,236.81,231.87,233.0,247604.23
2022-07-10 16:00:00,233.0,234.41,231.51,234.38,160830.4
2022-07-10 20:00:00,234.39,235.65,232.48,234.57,171181.86
2022-07-11 00:00:00,234.57,234.88,229.75,231.59,272146.33
2022-07-11 04:00:00,231.59,232.07,227.79,229.66,181414.48
2022-07-11 08:00:00,229.66,233.37,229.44,231.57,205837.82
2022-07-11 12:00:00,231.57,234.02,229.3,231.53,268120.49
2022-07-11 16:00:00,231.54,233.7,230.83,231.79,156682.23
2022-07-11 20:00:00,231.79,232.29,224.81,225.43,292648.34
2022-07-12 00:00:00,225.43,225.79,223.07,224.79,215454.3
2022-07-12 04:00:00,224.79,226.2,222.39,223.14,180455.84
2022-07-12 08:00:00,223.14,224.25,220.68,223.92,220118.63
2022-07-12 12:00:00,223.92,227.45,223.75,226.29,293141.37
2022-07-12 16:00:00,226.29,228.17,221.15,222.25,321808.1
2022-07-12 20:00:00,222.25,222.94,219.9,220.33,200545.39
2022-07-13 00:00:00,220.34,224.6,219.02,222.78,215573.88
2022-07-13 04:00:00,222.78,225.97,222.52,225.76,177391.6
2022-07-13 08:00:00,225.75,227.45,225.39,226.4,231103.2
2022-07-13 12:00:00,226.41,229.34,216.13,222.39,1119795.75
2022-07-13 16:00:00,222.39,226.45,220.78,224.64,376264.02
2022-07-13 20:00:00,224.64,230.9,224.29,230.28,268710.44
2022-07-14 00:00:00,230.29,234.49,229.77,232.1,361942.55
2022-07-14 04:00:00,232.09,232.93,229.64,230.39,208411.52
2022-07-14 08:00:00,230.39,230.84,227.02,228.39,255902.4
2022-07-14 12:00:00,228.38,236.82,226.88,236.28,517166.28
2022-07-14 16:00:00,236.27,240.0,234.63,237.37,441004.02
2022-07-14 20:00:00,237.4,239.07,236.76,238.46,147438.14
2022-07-15 00:00:00,238.46,239.71,235.35,237.9,232489.42
2022-07-15 04:00:00,237.9,239.47,236.05,238.46,187303.94
2022-07-15 08:00:00,238.47,240.69,236.69,236.81,238203.67
2022-07-15 12:00:00,236.8,239.75,236.08,237.77,250723.86
2022-07-15 16:00:00,237.77,241.99,236.0,241.64,250690.2
2022-07-15 20:00:00,241.64,242.6,237.6,238.46,196696.25
2022-07-16 00:00:00,238.46,238.94,236.15,237.23,139207.29
2022-07-16 04:00:00,237.23,237.42,233.71,234.36,198919.17
2022-07-16 08:00:00,234.36,236.45,234.22,235.31,119289.56
2022-07-16 12:00:00,235.31,240.0,235.16,239.79,221710.37
2022-07-16 16:00:00,239.78,250.78,239.78,248.25,666610.44
2022-07-16 20:00:00,248.24,251.57,246.46,249.75,270197.44
2022-07-17 00:00:00,249.71,254.8,246.4,253.78,339723.2
2022-07-17 04:00:00,253.78,255.64,252.0,252.04,302285.82
2022-07-17 08:00:00,252.04,254.61,249.35,254.15,238051.56
2022-07-17 12:00:00,254.15,254.64,249.45,251.15,276072.75
2022-07-17 16:00:00,251.15,253.57,246.7,249.85,246786.36
2022-07-17 20:00:00,249.85,251.18,247.36,247.63,148106.25
2022-07-18 00:00:00,247.64,255.32,247.5,253.97,257565.52
2022-07-18 04:00:00,253.97,262.47,252.61,261.38,436864.37
2022-07-18 08:00:00,261.39,263.67,259.16,261.11,364579.88
2022-07-18 12:00:00,261.12,264.76,258.25,263.94,322480.44
2022-07-18 16:00:00,263.93,264.21,254.68,256.75,351389.93
2022-07-18 20:00:00,256.75,265.63,255.89,263.96,261332.35
2022-07-19 00:00:00,263.96,267.67,257.78,258.21,468272.3
2022-07-19 04:00:00,258.22,261.2,255.65,258.02,262673.7
2022-07-19 08:00:00,258.01,262.65,257.09,260.62,191510.17
2022-07-19 12:00:00,260.61,265.37,260.16,263.78,443546.73
2022-07-19 16:00:00,263.78,274.77,263.47,271.11,535166.49
2022-07-19 20:00:00,271.1,272.58,267.6,268.54,220781.31
2022-07-20 00:00:00,268.55,269.04,265.6,267.94,241718.66
2022-07-20 04:00:00,267.91,271.1,266.84,266.86,224942.81
2022-07-20 08:00:00,266.86,270.39,263.51,269.0,294787.04
2022-07-20 12:00:00,269.0,271.88,266.42,269.73,323330.22
2022-07-20 16:00:00,269.73,270.72,262.41,263.62,316195.09
2022-07-20 20:00:00,263.67,264.91,256.28,258.11,436650.52
2022-07-21 00:00:00,258.11,259.98,251.05,252.74,315301.2
2022-07-21 04:00:00,252.73,256.54,250.49,255.53,228497.79
2022-07-21 08:00:00,255.53,257.45,254.2,256.13,193693.57
2022-07-21 12:00:00,256.14,261.16,255.84,258.79,310427.39
2022-07-21 16:00:00,258.79,264.4,258.69,264.38,246059.55
2022-07-21 20:00:00,264.32,265.88,263.18,265.49,174828.87
2022-07-22 00:00:00,265.45,267.5,262.82,263.92,158748.44
2022-07-22 04:00:00,263.94,268.88,262.83,267.18,189336.47
2022-07-22 08:00:00,267.17,271.36,266.45,269.43,262211.47
2022-07-22 12:00:00,269.43,270.64,264.9,265.81,302581.98
2022-07-22 16:00:00,265.81,267.79,261.07,261.63,260887.45
2022-07-22 20:00:00,261.6,264.31,261.22,262.28,151709.82
2022-07-23 00:00:00,262.28,268.41,261.0,266.04,188858.08
2022-07-23 04:00:00,266.03,268.23,265.54,267.28,130563.62
2022-07-23 08:00:00,267.28,272.71,255.5,255.73,522120.1
2022-07-23 12:00:00,255.73,257.38,253.77,256.6,333568.18
2022-07-23 16:00:00,256.59,257.69,252.51,255.45,270589.53
2022-07-23 20:00:00,255.46,260.27,254.87,258.9,193096.1
2022-07-24 00:00:00,258.91,261.28,257.08,257.97,176873.06
2022-07-24 04:00:00,257.96,263.94,257.56,262.44,181231.24
2022-07-24 08:00:00,262.44,265.55,261.87,263.57,173939.56
2022-07-24 12:00:00,263.61,265.49,260.54,264.71,184758.87
2022-07-24 16:00:00,264.72,265.03,261.67,261.93,122750.12
2022-07-24 20:00:00,261.9,266.22,260.07,261.19,213679.92
2022-07-25 00:00:00,261.2,262.59,254.0,255.07,309643.07
2022-07-25 04:00:00,255.07,255.81,252.73,254.95,219268.73
2022-07-25 08:00:00,254.94,257.51,254.29,255.64,153650.98
2022-07-25 12:00:00,255.64,256.39,253.18,256.06,225925.93
2022-07-25 16:00:00,256.05,257.21,249.24,252.5,260287.94
2022-07-25 20:00:00,252.51,254.97,244.01,244.5,358305.4
2022-07-26 00:00:00,244.51,245.01,240.36,243.93,365450.61
2022-07-26 04:00:00,243.93,245.0,242.3,242.58,141487.37
2022-07-26 08:00:00,242.58,244.13,241.38,243.09,130725.6
2022-07-26 12:00:00,243.15,244.32,239.4,239.89,281637.78
2022-07-26 16:00:00,239.87,243.6,239.76,242.8,181988.23
2022-07-26 20:00:00,242.84,249.56,241.78,249.31,250782.04
2022-07-27 00:00:00,249.29,252.98,247.39,251.3,260930.46
2022-07-27 04:00:00,251.3,254.87,251.26,252.38,242405.73
2022-07-27 08:00:00,252.39,253.99,251.2,252.37,181701.1
2022-07-27 12:00:00,252.37,259.86,251.74,258.41,410647.97
2022-07-27 16:00:00,258.42,269.4,254.53,268.49,750813.6
2022-07-27 20:00:00,268.48,272.1,267.5,271.54,270005.72
2022-07-28 00:00:00,271.54,274.0,266.59,269.31,318250.72
2022-07-28 04:00:00,269.32,270.0,267.02,267.77,177064.75
2022-07-28 08:00:00,267.76,269.84,265.3,269.4,238333.81
2022-07-28 12:00:00,269.4,279.01,263.6,276.6,701857.75
2022-07-28 16:00:00,276.6,278.88,274.54,276.44,337021.5
2022-07-28 20:00:00,276.44,280.93,275.36,277.1,297868.61
2022-07-29 00:00:00,277.1,280.04,274.77,278.6,201610.94
2022-07-29 04:00:00,278.6,282.7,276.48,277.95,278582.37
2022-07-29 08:00:00,277.95,293.25,275.72,284.83,845502.85
2022-07-29 12:00:00,284.83,299.12,281.44,298.74,805022.46
2022-07-29 16:00:00,298.75,302.57,293.08,297.07,689340.5
2022-07-29 20:00:00,297.07,299.23,292.6,293.9,280428.57
2022-07-30 00:00:00,293.9,300.5,291.39,295.16,372810.49
2022-07-30 04:00:00,295.16,295.25,288.93,290.85,271630.32
2022-07-30 08:00:00,290.84,292.76,285.6,288.65,316663.21
2022-07-30 12:00:00,288.64,299.92,287.39,299.01,456927.34
2022-07-30 16:00:00,299.02,299.8,289.6,291.11,255804.75
2022-07-30 20:00:00,291.1,292.25,284.92,287.76,263590.63
2022-07-31 00:00:00,287.8,293.55,286.4,292.83,222392.95
2022-07-31 04:00:00,292.84,295.71,290.15,291.5,191631.51
2022-07-31 08:00:00,291.49,294.49,289.36,292.69,253042.73
2022-07-31 12:00:00,292.7,293.62,288.69,291.06,168443.84
2022-07-31 16:00:00,291.1,297.26,288.12,289.11,342253.97
2022-07-31 20:00:00,289.1,289.67,282.03,283.31,257414.37
2022-08-01 00:00:00,283.32,290.55,282.68,287.46,214373.12
2022-08-01 04:00:00,287.46,288.67,283.12,288.06,169122.3
2022-08-01 08:00:00,288.06,288.56,282.88,285.95,207437.58
2022-08-01 12:00:00,285.96,289.32,282.06,286.08,318368.1
2022-08-01 16:00:00,286.08,286.36,277.85,279.99,311460.58
2022-08-01 20:00:00,279.99,284.45,279.58,283.12,151530.17
2022-08-02 00:00:00,283.12,284.99,274.88,275.86,322239.13
2022-08-02 04:00:00,275.85,279.6,274.09,279.43,194519.61
2022-08-02 08:00:00,279.44,281.66,275.25,279.75,217438.02
2022-08-02 12:00:00,279.77,286.23,276.7,284.85,457431.54
2022-08-02 16:00:00,284.85,291.27,284.33,285.85,393314.81
2022-08-02 20:00:00,285.87,287.11,282.88,283.66,312958.94
2022-08-03 00:00:00,283.68,284.78,278.07,283.06,258537.34
2022-08-03 04:00:00,283.05,289.85,282.22,288.13,242500.07
2022-08-03 08:00:00,288.14,293.2,287.6,291.0,300247.03
2022-08-03 12:00:00,291.0,299.44,289.41,298.08,529387.64
2022-08-03 16:00:00,298.08,305.9,297.88,302.64,626488.12
2022-08-03 20:00:00,302.64,304.11,295.62,297.53,421453.39
2022-08-04 00:00:00,297.54,307.65,297.13,306.61,384100.28
2022-08-04 04:00:00,306.63,308.63,300.12,303.38,460323.3
2022-08-04 08:00:00,303.37,304.09,298.7,300.54,362839.82
2022-08-04 12:00:00,300.54,307.99,299.01,303.23,795955.02
2022-08-04 16:00:00,303.23,311.5,299.48,310.68,741164.11
2022-08-04 20:00:00,310.68,313.67,308.22,311.71,506631.6
2022-08-05 00:00:00,311.72,315.85,308.0,313.24,464895.2
2022-08-05 04:00:00,313.24,318.44,311.99,316.81,369046.06
2022-08-05 08:00:00,316.81,321.34,316.54,317.72,588626.51
2022-08-05 12:00:00,317.71,319.26,312.22,313.0,614511.44
2022-08-05 16:00:00,313.0,314.72,310.66,314.27,322518.67
2022-08-05 20:00:00,314.25,316.9,312.05,315.7,249374.68
2022-08-06 00:00:00,315.7,319.6,314.45,314.96,295503.99
2022-08-06 04:00:00,314.96,316.65,312.59,314.99,207881.87
2022-08-06 08:00:00,314.99,315.88,313.13,314.3,162450.81
2022-08-06 12:00:00,314.29,318.33,313.5,315.82,250645.42
2022-08-06 16:00:00,315.83,322.99,314.0,318.73,483402.74
2022-08-06 20:00:00,318.72,319.99,314.1,315.14,274981.95
2022-08-07 00:00:00,315.14,315.99,308.21,310.68,396112.12
2022-08-07 04:00:00,310.69,312.3,310.06,312.05,174689.15
2022-08-07 08:00:00,312.05,315.35,310.4,315.23,225480.61
2022-08-07 12:00:00,315.23,324.94,315.09,322.43,678137.32
2022-08-07 16:00:00,322.44,326.0,321.8,322.58,375718.45
2022-08-07 20:00:00,322.57,325.93,321.44,322.77,265446.92
2022-08-08 00:00:00,322.77,329.63,322.0,325.65,516929.2
2022-08-08 04:00:00,325.65,329.7,324.65,328.49,290691.51
2022-08-08 08:00:00,328.48,332.4,326.21,330.33,388300.71
2022-08-08 12:00:00,330.33,333.99,324.04,324.96,572497.57
2022-08-08 16:00:00,324.95,327.7,323.0,327.22,297853.93
2022-08-08 20:00:00,327.22,329.64,321.0,324.55,276881.03
2022-08-09 00:00:00,324.54,326.42,322.34,324.4,239326.83
2022-08-09 04:00:00,324.37,326.56,323.61,325.39,196390.2
2022-08-09 08:00:00,325.4,325.51,316.32,317.45,521174.69
2022-08-09 12:00:00,317.47,319.4,312.06,315.67,441935.27
2022-08-09 16:00:00,315.67,321.63,315.11,320.32,303585.64
2022-08-09 20:00:00,320.31,328.5,320.1,324.3,351739.26
2022-08-10 00:00:00,324.3,326.28,313.47,314.9,553296.54
2022-08-10 04:00:00,314.93,323.4,313.95,321.89,331369.12
2022-08-10 08:00:00,321.89,323.67,316.05,317.4,451334.68
2022-08-10 12:00:00,317.4,336.9,315.08,333.5,1144646.27
2022-08-10 16:00:00,333.5,334.84,326.01,327.12,367926.71
2022-08-10 20:00:00,327.12,330.49,325.79,328.66,262580.7
2022-08-11 00:00:00,328.66,334.68,328.2,331.68,376708.06
2022-08-11 04:00:00,331.69,333.89,329.12,330.42,241209.63
2022-08-11 08:00:00,330.42,331.54,328.22,329.82,224787.56
2022-08-11 12:00:00,329.82,334.32,322.64,324.92,594032.1
2022-08-11 16:00:00,324.91,327.75,323.88,325.88,222540.65
2022-08-11 20:00:00,325.92,327.42,321.65,323.29,204275.58
2022-08-12 00:00:00,323.29,325.99,319.58,323.61,287697.98
2022-08-12 04:00:00,323.61,324.64,322.0,323.28,171993.32
2022-08-12 08:00:00,323.28,327.59,317.51,318.99,433562.82
2022-08-12 12:00:00,319.0,323.82,318.6,323.17,335843.78
2022-08-12 16:00:00,323.16,325.76,321.23,325.14,201874.71
2022-08-12 20:00:00,325.14,328.0,323.0,327.88,204831.66
2022-08-13 00:00:00,327.9,329.28,324.75,328.51,291345.26
2022-08-13 04:00:00,328.5,331.45,326.93,327.61,292382.67
2022-08-13 08:00:00,327.62,333.0,325.0,331.27,413164.45
2022-08-13 12:00:00,331.26,331.42,327.51,327.88,213669.33
2022-08-13 16:00:00,327.87,328.8,323.73,323.99,197633.59
2022-08-13 20:00:00,323.98,326.85,322.5,324.0,159554.85
2022-08-14 00:00:00,324.0,328.02,322.87,326.67,213179.02
2022-08-14 04:00:00,326.68,330.8,326.0,329.42,223184.62
2022-08-14 08:00:00,329.43,329.9,326.22,327.23,164652.84
2022-08-14 12:00:00,327.23,327.41,319.9,322.41,379849.47
2022-08-14 16:00:00,322.41,322.92,315.43,319.1,345588.72
2022-08-14 20:00:00,319.11,320.48,316.32,317.6,156832.64
2022-08-15 00:00:00,317.59,327.33,315.12,323.72,458149.39
2022-08-15 04:00:00,323.72,324.8,315.5,316.61,392644.05
2022-08-15 08:00:00,316.61,318.46,313.57,315.91,287853.75
2022-08-15 12:00:00,315.9,319.76,313.74,319.38,323255.19
2022-08-15 16:00:00,319.38,320.49,316.64,317.03,184672.32
2022-08-15 20:00:00,317.04,320.22,315.53,319.31,186847.61
2022-08-16 00:00:00,319.29,322.29,314.25,318.1,341797.02
2022-08-16 04:00:00,318.13,318.83,315.02,317.7,186653.32
2022-08-16 08:00:00,317.69,318.92,316.3,317.32,191566.28
2022-08-16 12:00:00,317.28,317.75,313.1,315.73,313739.37
2022-08-16 16:00:00,315.73,316.45,311.69,315.31,270706.02
2022-08-16 20:00:00,315.32,317.58,315.02,315.94,152414.09
2022-08-17 00:00:00,315.93,318.58,315.36,317.75,216470.91
2022-08-17 04:00:00,317.74,324.16,315.34,315.87,442189.08
2022-08-17 08:00:00,315.88,317.3,312.2,313.54,300399.79
2022-08-17 12:00:00,313.54,313.55,305.01,307.15,555422.73
2022-08-17 16:00:00,307.15,311.45,306.0,307.78,336046.9
2022-08-17 20:00:00,307.78,309.72,303.5,306.75,282550.0
2022-08-18 00:00:00,306.79,307.45,301.38,306.23,276220.45
2022-08-18 04:00:00,306.24,307.82,305.25,307.68,133857.37
2022-08-18 08:00:00,307.67,309.65,305.55,308.91,249022.7
2022-08-18 12:00:00,308.91,310.4,302.06,305.36,436715.51
2022-08-18 16:00:00,305.37,305.85,301.5,303.51,300408.98
2022-08-18 20:00:00,303.47,304.8,295.22,297.96,352829.8
2022-08-19 00:00:00,297.96,298.15,290.09,291.56,546138.06
2022-08-19 04:00:00,291.56,292.26,273.1,282.43,620790.52
2022-08-19 08:00:00,282.41,285.33,278.11,281.89,532185.69
2022-08-19 12:00:00,281.89,284.59,279.0,283.75,345730.7
2022-08-19 16:00:00,283.75,287.94,283.15,286.11,384282.19
2022-08-19 20:00:00,286.1,287.12,277.3,278.99,463813.42
2022-08-20 00:00:00,278.99,286.92,278.69,285.7,398800.14
2022-08-20 04:00:00,285.7,288.86,283.89,287.43,369227.6
2022-08-20 08:00:00,287.42,288.28,285.33,286.79,204251.5
2022-08-20 12:00:00,286.79,287.8,285.01,286.68,200702.44
2022-08-20 16:00:00,286.7,287.49,278.14,279.31,396069.77
2022-08-20 20:00:00,279.31,284.63,276.55,283.41,319864.55
2022-08-21 00:00:00,283.41,288.12,283.17,286.62,266656.19
2022-08-21 04:00:00,286.63,296.79,285.91,296.41,475248.95
2022-08-21 08:00:00,296.42,300.5,293.77,295.8,594648.84
2022-08-21 12:00:00,295.79,298.99,294.3,298.25,358864.77
2022-08-21 16:00:00,298.26,299.91,296.39,298.91,266154.2
2022-08-21 20:00:00,298.91,304.31,296.43,301.61,516566.69
2022-08-22 00:00:00,301.61,305.0,295.06,296.65,391892.09
2022-08-22 04:00:00,296.65,298.8,291.11,291.4,362785.68
2022-08-22 08:00:00,291.4,297.26,288.54,295.81,559463.78
2022-08-22 12:00:00,295.82,299.59,292.4,298.64,627963.23
2022-08-22 16:00:00,298.63,299.84,292.84,295.95,290963.84
2022-08-22 20:00:00,295.96,301.68,295.96,299.82,283304.32
2022-08-23 00:00:00,299.82,301.79,295.15,298.52,259588.26
2022-08-23 04:00:00,298.53,299.7,293.49,298.58,337712.61
2022-08-23 08:00:00,298.58,300.85,295.64,298.53,378781.65
2022-08-23 12:00:00,298.55,300.35,295.55,297.92,401010.78
2022-08-23 16:00:00,297.92,299.1,295.8,298.15,220090.38
2022-08-23 20:00:00,298.16,301.19,297.01,299.14,209786.39
2022-08-24 00:00:00,299.15,299.95,293.87,297.36,294922.42
2022-08-24 04:00:00,297.36,299.66,294.16,295.13,302517.02
2022-08-24 08:00:00,295.13,297.4,294.01,296.89,246722.36
2022-08-24 12:00:00,296.88,298.79,294.86,297.95,262087.7
2022-08-24 16:00:00,297.98,300.42,297.7,298.46,232524.65
2022-08-24 20:00:00,298.47,300.17,295.45,296.06,207113.2
2022-08-25 00:00:00,296.06,298.91,295.6,295.94,191424.93
2022-08-25 04:00:00,295.93,307.86,295.51,305.11,457411.02
2022-08-25 08:00:00,305.1,305.85,301.11,304.01,280443.42
2022-08-25 12:00:00,304.01,305.45,298.75,301.25,332320.09
2022-08-25 16:00:00,301.26,302.41,299.56,302.22,181916.37
2022-08-25 20:00:00,302.24,303.78,300.18,301.0,124156.28
2022-08-26 00:00:00,301.01,301.5,297.4,299.24,193976.78
2022-08-26 04:00:00,299.25,299.75,294.26,296.25,259532.13
2022-08-26 08:00:00,296.25,296.7,290.68,293.51,235141.83
2022-08-26 12:00:00,293.5,302.33,286.55,287.77,906034.07
2022-08-26 16:00:00,287.77,288.18,282.36,285.04,360266.82
2022-08-26 20:00:00,285.03,286.23,276.96,279.3,311626.69
2022-08-27 00:00:00,279.31,281.6,278.13,280.6,250001.83
2022-08-27 04:00:00,280.61,282.7,275.71,282.46,251479.28
2022-08-27 08:00:00,282.46,284.45,280.0,282.59,220379.33
2022-08-27 12:00:00,282.58,284.17,278.04,280.27,301764.83
2022-08-27 16:00:00,280.26,280.82,276.0,277.78,298569.15
2022-08-27 20:00:00,277.78,278.25,272.8,277.66,238427.14
2022-08-28 00:00:00,277.66,280.03,275.63,276.98,218346.48
2022-08-28 04:00:00,276.98,280.57,276.0,279.6,189050.8
2022-08-28 08:00:00,279.6,280.91,277.55,279.47,195105.95
2022-08-28 12:00:00,279.5,281.35,276.56,281.16,291583.94
2022-08-28 16:00:00,281.17,283.9,279.92,281.27,251869.58
2022-08-28 20:00:00,281.26,282.87,275.3,276.23,288601.31
2022-08-29 00:00:00,276.23,280.14,274.11,278.45,330873.92
2022-08-29 04:00:00,278.46,279.99,276.8,277.78,177661.36
2022-08-29 08:00:00,277.79,277.93,271.94,273.21,374633.99
2022-08-29 12:00:00,273.22,284.78,272.81,284.25,697610.61
2022-08-29 16:00:00,284.27,286.23,279.85,280.9,342949.93
2022-08-29 20:00:00,280.89,286.56,280.83,285.61,238447.91
2022-08-30 00:00:00,285.62,288.58,284.42,287.12,284403.16
2022-08-30 04:00:00,287.14,291.11,286.86,290.46,311634.01
2022-08-30 08:00:00,290.46,291.94,288.33,289.53,244770.21
2022-08-30 12:00:00,289.53,290.14,279.68,281.34,528725.26
2022-08-30 16:00:00,281.34,284.58,276.21,282.06,503694.56
2022-08-30 20:00:00,282.06,284.17,280.36,281.42,203928.12
2022-08-31 00:00:00,281.42,289.8,281.09,288.6,389832.77
2022-08-31 04:00:00,288.61,289.92,286.03,286.16,264658.11
2022-08-31 08:00:00,286.16,288.92,283.74,286.33,285766.42
2022-08-31 12:00:00,286.32,287.87,280.38,282.23,386323.03
2022-08-31 16:00:00,282.23,283.3,278.3,282.05,295265.4
2022-08-31 20:00:00,282.03,282.89,277.44,278.99,184137.65
2022-09-01 00:00:00,278.99,280.21,275.1,277.3,278367.47
2022-09-01 04:00:00,277.31,279.46,274.61,275.2,222211.81
2022-09-01 08:00:00,275.2,279.0,274.24,278.15,279765.32
2022-09-01 12:00:00,278.17,278.68,270.29,272.33,577533.9
2022-09-01 16:00:00,272.32,277.0,271.0,275.59,303478.22
2022-09-01 20:00:00,275.6,278.6,275.41,278.18,206189.67
2022-09-02 00:00:00,278.18,281.22,274.96,278.81,256385.35
2022-09-02 04:00:00,278.81,280.5,276.87,278.7,162653.21
2022-09-02 08:00:00,278.71,280.0,277.13,278.85,169348.13
2022-09-02 12:00:00,278.85,283.5,277.99,282.07,406140.96
2022-09-02 16:00:00,282.06,282.87,273.5,275.14,379681.6
2022-09-02 20:00:00,275.15,277.8,273.33,277.22,198285.03
2022-09-03 00:00:00,277.21,278.66,275.53,276.35,127654.78
2022-09-03 04:00:00,276.35,277.45,274.0,275.36,117188.51
2022-09-03 08:00:00,275.36,276.56,275.0,275.89,125208.86
2022-09-03 12:00:00,275.88,277.52,275.64,276.12,119546.21
2022-09-03 16:00:00,276.12,277.99,275.28,276.33,120579.28
2022-09-03 20:00:00,276.33,277.89,276.15,277.64,86798.2
2022-09-04 00:00:00,277.64,280.68,276.75,277.51,178509.4
2022-09-04 04:00:00,277.52,279.17,275.64,275.73,119699.99
2022-09-04 08:00:00,275.75,279.0,274.74,278.99,160195.85
2022-09-04 12:00:00,278.98,280.53,276.25,277.74,182148.43
2022-09-04 16:00:00,277.74,279.5,276.96,277.53,135336.36
2022-09-04 20:00:00,277.53,279.02,276.9,278.98,112099.58
2022-09-05 00:00:00,278.97,282.47,277.4,278.46,213233.68
2022-09-05 04:00:00,278.47,278.97,273.16,275.07,251514.9
2022-09-05 08:00:00,275.06,275.56,273.03,274.59,166861.58
2022-09-05 12:00:00,274.6,277.45,273.67,276.59,231001.01
2022-09-05 16:00:00,276.58,277.07,273.42,274.09,160348.64
2022-09-05 20:00:00,274.09,277.34,274.08,276.7,142609.28
2022-09-06 00:00:00,276.7,286.4,276.37,279.6,652462.0
2022-09-06 04:00:00,279.59,282.71,279.56,280.37,212735.1
2022-09-06 08:00:00,280.36,282.96,279.21,281.57,208910.89
2022-09-06 12:00:00,281.56,282.73,277.16,281.29,318148.08
2022-09-06 16:00:00,281.3,281.36,263.42,265.58,755203.86
2022-09-06 20:00:00,265.58,267.09,260.22,262.24,345519.51
2022-09-07 00:00:00,262.23,264.0,257.74,262.74,347152.13
2022-09-07 04:00:00,262.73,264.85,262.07,264.03,162726.64
2022-09-07 08:00:00,264.03,265.3,262.45,263.4,168912.9
2022-09-07 12:00:00,263.4,267.84,261.92,266.82,333876.87
2022-09-07 16:00:00,266.83,271.13,266.61,270.38,236161.59
2022-09-07 20:00:00,270.39,280.68,270.34,278.95,476063.0
2022-09-08 00:00:00,278.96,280.97,277.77,279.44,225733.23
2022-09-08 04:00:00,279.44,280.13,275.39,276.67,237454.93
2022-09-08 08:00:00,276.66,279.94,276.47,278.56,211907.04
2022-09-08 12:00:00,278.56,282.89,275.21,279.85,556313.04
2022-09-08 16:00:00,279.84,281.2,277.4,281.18,200599.03
2022-09-08 20:00:00,281.17,281.94,279.52,280.41,110166.3
2022-09-09 00:00:00,280.41,287.42,279.89,285.57,223787.87
2022-09-09 04:00:00,285.58,291.24,285.16,291.01,353875.31
2022-09-09 08:00:00,291.0,294.54,288.36,291.76,298786.1
2022-09-09 12:00:00,291.77,295.95,289.7,292.26,284349.39
2022-09-09 16:00:00,292.27,293.09,289.5,291.56,154573.43
2022-09-09 20:00:00,291.57,295.11,289.45,293.14,189719.83
2022-09-10 00:00:00,293.14,294.88,291.05,293.34,149397.13
2022-09-10 04:00:00,293.35,297.29,291.93,292.43,253595.26
2022-09-10 08:00:00,292.44,295.47,292.13,293.84,133585.62
2022-09-10 12:00:00,293.84,295.35,290.23,292.97,160995.43
2022-09-10 16:00:00,292.97,294.94,291.95,294.74,120223.56
2022-09-10 20:00:00,294.73,298.48,292.55,296.47,207396.27
2022-09-11 00:00:00,296.47,297.89,293.27,294.3,136657.31
2022-09-11 04:00:00,294.3,295.36,291.5,295.15,131343.3
2022-09-11 08:00:00,295.16,296.77,294.51,296.13,95005.04
2022-09-11 12:00:00,296.14,296.74,292.43,294.29,141265.32
2022-09-11 16:00:00,294.3,296.49,293.44,294.61,104696.64
2022-09-11 20:00:00,294.62,295.43,289.35,295.07,195842.13
2022-09-12 00:00:00,295.07,298.29,290.56,292.85,333092.1
2022-09-12 04:00:00,292.85,296.23,292.3,295.93,148429.2
2022-09-12 08:00:00,295.94,300.0,295.57,298.68,270469.3
2022-09-12 12:00:00,298.67,299.36,292.76,293.42,252460.2
2022-09-12 16:00:00,293.4,294.77,291.19,294.4,225763.58
2022-09-12 20:00:00,294.39,294.42,291.2,293.81,140265.72
2022-09-13 00:00:00,293.8,293.9,288.27,292.91,236985.23
2022-09-13 04:00:00,292.92,294.74,291.69,293.67,148437.95
2022-09-13 08:00:00,293.67,297.0,292.15,295.36,173696.21
2022-09-13 12:00:00,295.36,298.5,280.58,282.94,776823.31
2022-09-13 16:00:00,282.92,284.34,278.0,279.47,286643.3
2022-09-13 20:00:00,279.47,280.82,275.16,277.23,233725.65
2022-09-14 00:00:00,277.22,280.5,275.67,279.9,217181.37
2022-09-14 04:00:00,279.91,281.86,276.75,278.98,191137.63
2022-09-14 08:00:00,278.99,280.51,277.1,279.48,180492.17
2022-09-14 12:00:00,279.48,282.58,277.5,279.32,338555.96
2022-09-14 16:00:00,279.32,279.49,273.0,277.38,213094.14
2022-09-14 20:00:00,277.38,280.18,276.69,279.14,139985.84
2022-09-15 00:00:00,279.14,280.31,273.15,275.95,231157.46
2022-09-15 04:00:00,275.95,278.37,271.0,276.79,387191.47
2022-09-15 08:00:00,276.8,276.8,273.23,275.36,164081.01
2022-09-15 12:00:00,275.37,276.99,266.4,269.52,377541.7
2022-09-15 16:00:00,269.51,272.5,269.02,271.5,170036.98
2022-09-15 20:00:00,271.5,272.57,268.42,270.95,120489.74
2022-09-16 00:00:00,270.94,273.79,268.22,273.03,186983.22
2022-09-16 04:00:00,273.02,275.54,272.02,273.23,129404.45
2022-09-16 08:00:00,273.23,276.33,271.6,276.04,207075.63
2022-09-16 12:00:00,276.05,276.1,271.21,274.92,268146.55
2022-09-16 16:00:00,274.87,274.87,270.74,272.88,218299.4
2022-09-16 20:00:00,272.89,274.81,272.56,274.76,97584.46
2022-09-17 00:00:00,274.75,278.3,274.38,276.18,163080.17
2022-09-17 04:00:00,276.18,277.85,275.18,276.33,94366.31
2022-09-17 08:00:00,276.33,277.27,275.63,276.64,77663.69
2022-09-17 12:00:00,276.64,278.11,275.45,277.46,121406.44
2022-09-17 16:00:00,277.45,279.82,277.22,278.56,126532.23
2022-09-17 20:00:00,278.56,279.58,277.35,278.76,80314.86
2022-09-18 00:00:00,278.77,278.89,276.29,277.18,104287.62
2022-09-18 04:00:00,277.19,278.53,276.9,277.85,62253.0
2022-09-18 08:00:00,277.85,278.47,273.77,276.38,147442.47
2022-09-18 12:00:00,276.38,280.36,274.32,275.11,272663.7
2022-09-18 16:00:00,275.11,275.7,271.02,272.67,265686.84
2022-09-18 20:00:00,272.72,272.78,262.13,266.19,326097.64
2022-09-19 00:00:00,266.18,269.63,260.38,261.53,307173.51
2022-09-19 04:00:00,261.53,263.03,256.3,259.35,332012.24
2022-09-19 08:00:00,259.36,262.42,257.29,261.74,224450.15
2022-09-19 12:00:00,261.74,270.3,261.69,266.05,402641.06
2022-09-19 16:00:00,266.05,269.8,264.2,268.68,219119.61
2022-09-19 20:00:00,268.71,273.09,268.11,271.8,226262.05
2022-09-20 00:00:00,271.8,273.58,267.18,269.24,190306.16
2022-09-20 04:00:00,269.24,272.9,268.73,270.08,158911.63
2022-09-20 08:00:00,270.08,270.89,267.98,270.05,156804.82
2022-09-20 12:00:00,270.04,270.59,265.63,270.11,268273.8
2022-09-20 16:00:00,270.11,271.35,264.92,268.29,206011.33
2022-09-20 20:00:00,268.29,268.81,265.14,266.13,115008.86
2022-09-21 00:00:00,266.13,268.13,265.26,267.04,105261.29
2022-09-21 04:00:00,267.04,268.41,263.88,265.76,148659.22
2022-09-21 08:00:00,265.75,269.66,264.07,269.22,167164.37
2022-09-21 12:00:00,269.21,270.81,266.14,267.07,243757.78
2022-09-21 16:00:00,267.07,276.47,262.0,268.79,717222.94
2022-09-21 20:00:00,268.79,269.46,260.0,263.7,349059.4
2022-09-22 00:00:00,263.7,265.89,263.23,265.01,166011.84
2022-09-22 04:00:00,265.01,266.73,264.32,266.61,158773.7
2022-09-22 08:00:00,266.61,270.34,266.05,270.07,237538.23
2022-09-22 12:00:00,270.07,271.19,266.56,268.23,286128.26
2022-09-22 16:00:00,268.23,275.33,266.71,274.18,242428.9
2022-09-22 20:00:00,274.18,276.45,273.2,275.21,168498.67
2022-09-23 00:00:00,275.21,275.75,272.58,274.59,138556.84
2022-09-23 04:00:00,274.6,277.6,273.62,274.75,165160.73
2022-09-23 08:00:00,274.75,275.63,272.18,272.86,227236.29
2022-09-23 12:00:00,272.86,274.28,268.96,271.0,332327.11
2022-09-23 16:00:00,271.01,272.52,268.1,271.55,239740.4
2022-09-23 20:00:00,271.55,276.97,271.43,276.45,192706.33
2022-09-24 00:00:00,276.46,279.67,275.21,278.7,206172.25
2022-09-24 04:00:00,278.7,285.31,278.7,280.83,450741.73
2022-09-24 08:00:00,280.82,283.38,279.18,280.19,195884.37
2022-09-24 12:00:00,280.2,283.03,279.09,279.64,234707.5
2022-09-24 16:00:00,279.65,280.04,275.62,278.16,205341.44
2022-09-24 20:00:00,278.16,278.17,274.0,274.32,176778.1
2022-09-25 00:00:00,274.32,276.31,272.52,276.23,167013.33
2022-09-25 04:00:00,276.23,277.89,274.21,277.82,104487.53
2022-09-25 08:00:00,277.81,279.86,276.16,278.12,178615.85
2022-09-25 12:00:00,278.12,279.21,273.82,275.19,272543.54
2022-09-25 16:00:00,275.19,276.27,272.0,274.8,189520.24
2022-09-25 20:00:00,274.8,274.95,270.9,274.04,157551.75
2022-09-26 00:00:00,274.01,276.54,272.2,272.72,195526.89
2022-09-26 04:00:00,272.72,274.29,270.53,273.29,187903.44
2022-09-26 08:00:00,273.3,276.83,271.2,272.31,283097.46
2022-09-26 12:00:00,272.31,275.74,271.72,274.24,220684.77
2022-09-26 16:00:00,274.25,275.76,272.11,274.75,134121.16
2022-09-26 20:00:00,274.75,276.33,273.69,276.01,79937.31
2022-09-27 00:00:00,276.0,283.88,275.85,283.3,335420.67
2022-09-27 04:00:00,283.31,286.65,282.6,285.21,260711.05
2022-09-27 08:00:00,285.22,285.76,283.39,283.62,172174.19
2022-09-27 12:00:00,283.62,284.72,280.72,280.88,245978.01
2022-09-27 16:00:00,280.88,281.51,268.0,271.55,638700.7
2022-09-27 20:00:00,271.55,272.9,270.41,272.03,132911.85
2022-09-28 00:00:00,272.03,273.5,266.2,269.93,324696.83
2022-09-28 04:00:00,269.93,270.8,267.52,270.27,169197.21
2022-09-28 08:00:00,270.27,273.64,267.95,272.49,271747.57
2022-09-28 12:00:00,272.49,278.65,272.02,278.33,313247.7
2022-09-28 16:00:00,278.34,280.89,277.28,279.99,262106.15
2022-09-28 20:00:00,280.03,283.68,280.01,281.47,195306.0
2022-09-29 00:00:00,281.47,284.19,280.97,283.7,220980.71
2022-09-29 04:00:00,283.69,285.45,279.71,281.04,282915.17
2022-09-29 08:00:00,281.03,282.72,279.18,280.74,222415.94
2022-09-29 12:00:00,280.75,282.85,276.88,281.44,392740.24
2022-09-29 16:00:00,281.42,284.23,280.17,282.7,234444.18
2022-09-29 20:00:00,282.7,284.05,281.6,284.04,115902.71
2022-09-30 00:00:00,284.06,285.41,282.43,284.33,205274.0
2022-09-30 04:00:00,284.32,288.19,283.26,286.62,200115.5
2022-09-30 08:00:00,286.63,287.93,282.0,283.35,250609.5
2022-09-30 12:00:00,283.36,289.76,282.05,286.77,511135.55
2022-09-30 16:00:00,286.77,288.36,283.55,283.93,203089.57
2022-09-30 20:00:00,283.96,284.73,280.38,284.65,240308.79
2022-10-01 00:00:00,284.65,285.3,282.84,283.6,105699.64
2022-10-01 04:00:00,283.59,283.6,281.72,282.52,88707.01
2022-10-01 08:00:00,282.51,283.81,282.01,283.1,85994.73
2022-10-01 12:00:00,283.1,283.42,281.1,281.42,91013.2
2022-10-01 16:00:00,281.42,284.37,277.6,281.63,298217.31
2022-10-01 20:00:00,281.64,283.42,280.48,282.8,103944.82
2022-10-02 00:00:00,282.81,283.26,281.76,282.26,82149.03
2022-10-02 04:00:00,282.26,282.7,280.75,281.41,97343.48
2022-10-02 08:00:00,281.41,283.67,279.24,282.72,206468.58
2022-10-02 12:00:00,282.73,283.4,281.33,282.33,124211.07
2022-10-02 16:00:00,282.33,287.13,282.11,286.51,213861.29
2022-10-02 20:00:00,286.5,287.99,282.9,284.63,254447.51
2022-10-03 00:00:00,284.63,287.43,283.0,285.37,233562.74
2022-10-03 04:00:00,285.37,287.43,283.95,285.47,203891.0
2022-10-03 08:00:00,285.46,286.34,284.27,286.31,147063.94
2022-10-03 12:00:00,286.3,288.71,285.01,286.35,292335.2
2022-10-03 16:00:00,286.35,288.99,285.54,285.97,207510.5
2022-10-03 20:00:00,285.96,287.58,285.25,286.83,124345.9
2022-10-04 00:00:00,286.84,287.82,286.0,287.41,92933.91
2022-10-04 04:00:00,287.42,291.24,286.09,290.78,241305.79
2022-10-04 08:00:00,290.78,292.9,289.25,291.75,211764.16
2022-10-04 12:00:00,291.75,297.24,291.24,293.91,348309.67
2022-10-04 16:00:00,293.91,296.89,292.51,296.53,162053.36
2022-10-04 20:00:00,296.54,298.35,294.2,296.0,221067.89
2022-10-05 00:00:00,295.99,296.12,294.01,294.64,96447.52
2022-10-05 04:00:00,294.63,295.79,293.58,293.93,96760.92
2022-10-05 08:00:00,293.93,294.12,290.75,291.92,210337.82
2022-10-05 12:00:00,291.91,293.33,289.19,292.44,261890.58
2022-10-05 16:00:00,292.44,294.77,292.34,293.1,170387.13
2022-10-05 20:00:00,293.09,294.34,292.06,293.98,81789.62
2022-10-06 00:00:00,293.98,297.8,293.66,296.25,195978.17
2022-10-06 04:00:00,296.25,296.64,293.69,295.36,132003.86
2022-10-06 08:00:00,295.35,295.98,293.52,294.92,130059.86
2022-10-06 12:00:00,294.93,295.65,291.76,293.57,259708.77
2022-10-06 16:00:00,293.56,294.78,292.24,292.8,104852.98
2022-10-06 20:00:00,292.81,293.06,278.0,286.76,1474249.94
2022-10-07 00:00:00,286.77,286.77,283.33,284.04,368796.87
2022-10-07 04:00:00,284.04,285.71,282.1,284.56,313230.64
2022-10-07 08:00:00,284.57,286.0,283.17,284.18,236874.6
2022-10-07 12:00:00,284.17,284.98,279.2,282.69,529618.65
2022-10-07 16:00:00,282.69,283.15,280.33,282.73,205032.87
2022-10-07 20:00:00,282.72,283.61,282.0,282.16,125674.11
2022-10-08 00:00:00,282.15,282.59,280.44,280.94,138234.95
2022-10-08 04:00:00,280.95,281.97,280.62,281.23,89645.93
2022-10-08 08:00:00,281.23,281.71,280.26,281.57,85252.59
2022-10-08 12:00:00,281.58,281.67,280.13,280.78,111743.18
2022-10-08 16:00:00,280.77,282.3,280.5,280.59,106985.92
2022-10-08 20:00:00,280.59,280.89,275.27,276.23,316599.35
2022-10-09 00:00:00,276.24,277.37,275.02,275.49,134688.91
2022-10-09 04:00:00,275.49,277.63,275.06,277.36,103250.82
2022-10-09 08:00:00,277.35,278.78,276.8,278.02,122486.77
2022-10-09 12:00:00,278.02,279.38,277.39,278.95,121056.52
2022-10-09 16:00:00,278.95,279.42,276.59,278.36,130066.36
2022-10-09 20:00:00,278.36,278.44,276.84,278.2,85090.84
2022-10-10 00:00:00,278.19,279.1,276.82,277.99,110185.56
2022-10-10 04:00:00,277.99,278.33,276.29,276.56,108916.04
2022-10-10 08:00:00,276.56,276.56,271.55,274.94,308987.74
2022-10-10 12:00:00,274.95,276.22,273.68,274.79,196694.44
2022-10-10 16:00:00,274.79,275.15,272.88,274.57,145252.81
2022-10-10 20:00:00,274.56,275.44,271.14,271.47,152853.25
2022-10-11 00:00:00,271.47,271.49,267.0,269.91,304059.4
2022-10-11 04:00:00,269.91,271.42,269.32,270.93,129648.0
2022-10-11 08:00:00,270.94,272.27,270.51,272.03,118583.01
2022-10-11 12:00:00,272.04,273.86,269.58,273.0,287161.32
2022-10-11 16:00:00,273.0,273.68,269.1,270.13,163367.35
2022-10-11 20:00:00,270.12,271.6,269.86,271.4,88277.82
2022-10-12 00:00:00,271.39,272.88,271.0,271.2,107390.21
2022-10-12 04:00:00,271.19,272.86,271.12,271.31,117379.35
2022-10-12 08:00:00,271.31,272.8,271.12,271.12,105919.79
2022-10-12 12:00:00,271.12,271.85,269.6,270.96,184317.8
2022-10-12 16:00:00,270.96,271.38,269.18,270.95,161569.7
2022-10-12 20:00:00,270.95,271.88,270.65,270.8,74005.51
2022-10-13 00:00:00,270.8,272.24,267.91,269.6,171310.86
2022-10-13 04:00:00,269.6,269.9,261.93,264.12,366901.78
2022-10-13 08:00:00,264.12,266.17,257.01,262.22,458337.95
2022-10-13 12:00:00,262.23,267.59,255.0,266.67,644443.5
2022-10-13 16:00:00,266.68,273.66,266.44,271.51,333055.73
2022-10-13 20:00:00,271.5,273.54,271.0,271.4,142273.51
2022-10-14 00:00:00,271.39,276.65,271.2,274.94,264657.52
2022-10-14 04:00:00,274.95,275.29,272.23,273.51,165128.35
2022-10-14 08:00:00,273.51,274.95,272.77,273.16,143528.75
2022-10-14 12:00:00,273.15,275.35,270.45,271.17,307150.61
2022-10-14 16:00:00,271.17,271.43,268.17,269.76,171758.8
2022-10-14 20:00:00,269.76,270.23,267.39,269.3,83377.66
2022-10-15 00:00:00,269.3,270.68,268.67,270.47,70891.01
2022-10-15 04:00:00,270.47,270.72,269.68,270.57,61778.03
2022-10-15 08:00:00,270.57,271.1,268.6,270.89,105588.59
2022-10-15 12:00:00,270.89,271.32,269.58,271.0,96307.84
2022-10-15 16:00:00,271.0,271.17,269.29,269.86,79228.91
2022-10-15 20:00:00,269.86,269.87,267.18,267.96,95841.01
2022-10-16 00:00:00,267.96,269.83,267.72,269.39,75444.61
2022-10-16 04:00:00,269.4,270.19,269.27,269.79,55730.01
2022-10-16 08:00:00,269.8,270.89,269.16,269.94,91546.03
2022-10-16 12:00:00,269.95,270.45,269.22,270.38,81450.15
2022-10-16 16:00:00,270.38,273.35,269.87,273.21,151027.39
2022-10-16 20:00:00,273.21,273.74,271.03,272.31,145107.21
2022-10-17 00:00:00,272.31,272.92,270.92,271.41,78695.61
2022-10-17 04:00:00,271.42,272.33,269.51,272.04,112955.33
2022-10-17 08:00:00,272.05,274.25,271.06,273.13,140287.28
2022-10-17 12:00:00,273.14,274.99,272.66,273.8,193113.19
2022-10-17 16:00:00,273.8,275.4,273.77,274.68,123817.39
2022-10-17 20:00:00,274.68,275.82,274.54,275.54,86056.64
2022-10-18 00:00:00,275.53,275.9,273.72,274.65,116778.15
2022-10-18 04:00:00,274.64,275.0,273.76,274.64,98386.2
2022-10-18 08:00:00,274.65,274.78,271.78,273.43,141679.43
2022-10-18 12:00:00,273.43,274.42,271.03,272.1,182688.15
2022-10-18 16:00:00,272.1,273.2,270.12,272.09,154469.19
2022-10-18 20:00:00,272.09,273.98,271.71,272.99,101260.97
2022-10-19 00:00:00,272.98,273.6,271.07,272.38,88745.48
2022-10-19 04:00:00,272.38,272.6,270.33,271.46,87916.35
2022-10-19 08:00:00,271.45,272.03,270.2,271.12,88673.06
2022-10-19 12:00:00,271.12,273.2,270.49,273.02,140725.13
2022-10-19 16:00:00,273.02,273.67,271.83,273.4,109542.22
2022-10-19 20:00:00,273.4,273.87,270.91,271.78,115052.05
2022-10-20 00:00:00,271.79,272.81,268.46,270.5,165220.12
2022-10-20 04:00:00,270.51,272.37,270.25,271.5,103678.43
2022-10-20 08:00:00,271.5,272.99,271.25,272.72,87471.55
2022-10-20 12:00:00,272.71,273.29,271.17,272.25,125439.27
2022-10-20 16:00:00,272.26,272.26,268.0,268.93,214075.89
2022-10-20 20:00:00,268.92,269.35,267.1,268.8,102901.03
2022-10-21 00:00:00,268.81,269.26,265.18,268.24,183949.46
2022-10-21 04:00:00,268.25,268.76,266.54,266.87,92391.99
2022-10-21 08:00:00,266.88,267.38,265.2,266.25,138556.53
2022-10-21 12:00:00,266.25,269.76,263.09,269.67,337783.54
2022-10-21 16:00:00,269.68,271.08,269.0,270.32,155488.16
2022-10-21 20:00:00,270.33,270.82,268.77,269.88,71670.02
2022-10-22 00:00:00,269.89,270.0,268.12,268.67,66455.81
2022-10-22 04:00:00,268.68,269.86,268.33,269.73,49265.04
2022-10-22 08:00:00,269.73,269.88,268.92,269.66,52921.47
2022-10-22 12:00:00,269.66,270.9,269.08,269.44,88039.6
2022-10-22 16:00:00,269.44,269.92,268.78,269.76,58043.28
2022-10-22 20:00:00,269.76,271.06,269.75,270.27,60711.76
2022-10-23 00:00:00,270.28,270.9,269.49,270.03,59808.56
2022-10-23 04:00:00,270.04,270.57,269.22,269.5,48394.24
2022-10-23 08:00:00,269.49,270.15,268.42,269.45,64510.29
2022-10-23 12:00:00,269.46,270.84,268.44,270.39,77658.01
2022-10-23 16:00:00,270.38,273.98,270.38,273.82,186533.99
2022-10-23 20:00:00,273.82,276.64,272.65,275.73,215374.68
2022-10-24 00:00:00,275.74,277.38,273.74,274.23,152056.76
2022-10-24 04:00:00,274.23,274.35,272.62,273.41,99738.62
2022-10-24 08:00:00,273.41,274.8,273.01,274.17,87526.89
2022-10-24 12:00:00,274.17,274.38,271.38,273.01,181039.57
2022-10-24 16:00:00,273.0,274.22,271.95,273.34,81438.83
2022-10-24 20:00:00,273.33,274.23,272.53,274.02,69840.68
2022-10-25 00:00:00,274.03,274.76,273.08,274.25,95826.81
2022-10-25 04:00:00,274.25,274.7,272.86,273.27,77935.04
2022-10-25 08:00:00,273.26,273.65,271.78,272.93,87902.87
2022-10-25 12:00:00,272.94,282.16,272.56,280.69,410191.35
2022-10-25 16:00:00,280.69,289.75,280.68,288.69,665661.27
2022-10-25 20:00:00,288.68,288.98,283.14,284.04,284542.34
2022-10-26 00:00:00,284.05,286.66,284.04,286.08,137383.47
2022-10-26 04:00:00,286.08,287.19,284.91,286.48,139656.65
2022-10-26 08:00:00,286.48,290.57,285.88,288.64,255052.29
2022-10-26 12:00:00,288.64,290.58,284.82,289.36,337773.3
2022-10-26 16:00:00,289.36,290.84,287.89,290.27,176998.4
2022-10-26 20:00:00,290.28,291.95,289.43,290.06,147347.57
2022-10-27 00:00:00,290.04,291.93,287.73,290.09,149432.48
2022-10-27 04:00:00,290.1,293.22,288.9,289.24,202486.02
2022-10-27 08:00:00,289.25,290.48,286.8,287.94,225348.59
2022-10-27 12:00:00,287.94,289.64,286.07,287.5,303356.44
2022-10-27 16:00:00,287.5,289.02,286.54,288.71,115944.37
2022-10-27 20:00:00,288.7,288.73,284.42,286.67,224013.99
2022-10-28 00:00:00,286.68,288.14,285.52,286.92,152274.56
2022-10-28 04:00:00,286.92,287.83,285.66,286.06,123693.65
2022-10-28 08:00:00,286.05,287.62,285.7,287.55,171767.99
2022-10-28 12:00:00,287.55,296.87,286.52,296.81,575462.23
2022-10-28 16:00:00,296.82,300.9,296.29,299.08,508624.67
2022-10-28 20:00:00,299.09,301.08,297.07,297.85,171530.11
2022-10-29 00:00:00,297.85,304.83,295.47,304.69,331680.23
2022-10-29 04:00:00,304.68,306.3,301.2,302.36,324925.23
2022-10-29 08:00:00,302.37,307.4,300.88,301.68,440058.67
2022-10-29 12:00:00,301.68,303.27,299.1,303.17,332129.07
2022-10-29 16:00:00,303.16,308.42,302.25,304.04,432719.8
2022-10-29 20:00:00,304.03,305.89,301.51,304.42,148162.24
2022-10-30 00:00:00,304.41,307.76,302.14,307.7,136417.93
2022-10-30 04:00:00,307.7,315.1,304.51,313.74,450293.25
2022-10-30 08:00:00,313.73,319.3,308.27,311.92,552244.98
2022-10-30 12:00:00,311.92,313.73,306.6,310.0,340666.12
2022-10-30 16:00:00,310.0,317.64,309.31,315.09,445373.64
2022-10-30 20:00:00,315.1,315.39,309.93,313.42,194759.21
2022-10-31 00:00:00,313.42,315.0,306.41,311.6,271348.75
2022-10-31 04:00:00,311.58,311.77,307.46,310.17,178437.45
2022-10-31 08:00:00,310.17,331.94,308.0,330.7,1608418.39
2022-10-31 12:00:00,330.69,337.88,321.93,323.6,1595065.57
2022-10-31 16:00:00,323.59,329.94,322.08,327.62,435001.5
2022-10-31 20:00:00,327.63,328.9,325.21,325.59,210199.72
2022-11-01 00:00:00,325.6,334.25,323.35,329.49,543340.13
2022-11-01 04:00:00,329.49,329.91,325.62,326.87,329785.06
2022-11-01 08:00:00,326.87,328.08,322.42,323.45,341496.5
2022-11-01 12:00:00,323.47,323.77,316.88,319.16,504890.39
2022-11-01 16:00:00,319.16,325.0,318.32,324.41,295982.69
2022-11-01 20:00:00,324.4,326.26,322.68,323.67,138615.04
2022-11-02 00:00:00,323.66,327.44,322.45,326.05,203975.4
2022-11-02 04:00:00,326.06,327.89,318.89,322.38,321198.75
2022-11-02 08:00:00,322.39,323.12,315.01,320.16,321557.03
2022-11-02 12:00:00,320.2,320.89,317.82,318.45,210633.91
2022-11-02 16:00:00,318.45,329.63,316.51,319.5,992845.35
2022-11-02 20:00:00,319.49,321.32,315.31,319.98,287691.64
2022-11-03 00:00:00,319.98,323.45,317.83,321.74,238442.77
2022-11-03 04:00:00,321.74,339.0,321.69,333.67,746379.16
2022-11-03 08:00:00,333.67,338.98,327.44,329.21,613515.01
2022-11-03 12:00:00,329.21,330.34,322.43,327.67,561723.29
2022-11-03 16:00:00,327.67,331.77,327.26,331.07,236234.27
2022-11-03 20:00:00,331.08,334.78,327.2,329.36,306130.37
2022-11-04 00:00:00,329.35,342.38,327.97,340.19,600368.43
2022-11-04 04:00:00,340.18,347.0,338.41,343.99,616193.54
2022-11-04 08:00:00,343.99,354.5,343.98,345.43,645271.92
2022-11-04 12:00:00,345.44,358.99,343.0,349.05,879473.25
2022-11-04 16:00:00,349.06,354.46,348.07,354.42,348568.42
2022-11-04 20:00:00,354.45,354.86,351.46,354.36,136217.05
2022-11-05 00:00:00,354.37,357.98,351.94,355.76,312979.88
2022-11-05 04:00:00,355.76,361.0,354.86,360.04,282348.01
2022-11-05 08:00:00,360.04,360.14,352.66,355.52,328784.64
2022-11-05 12:00:00,355.53,355.87,347.66,350.92,382658.87
2022-11-05 16:00:00,350.9,352.12,348.13,349.58,205722.21
2022-11-05 20:00:00,349.59,351.52,345.83,348.97,147783.0
2022-11-06 00:00:00,348.96,350.49,346.52,349.46,203849.16
2022-11-06 04:00:00,349.45,353.75,347.52,351.75,264477.85
2022-11-06 08:00:00,351.75,353.87,349.49,351.09,182233.93
2022-11-06 12:00:00,351.09,352.78,348.5,350.3,191174.04
2022-11-06 16:00:00,350.29,356.33,347.67,352.64,360042.82
2022-11-06 20:00:00,352.64,353.39,337.42,337.69,391603.45
2022-11-07 00:00:00,337.69,342.3,331.29,339.23,668542.69
2022-11-07 04:00:00,339.24,339.91,327.0,327.95,461912.2
2022-11-07 08:00:00,327.95,333.8,327.2,332.04,344718.28
2022-11-07 12:00:00,332.04,334.88,326.04,334.82,509977.81
2022-11-07 16:00:00,334.82,344.19,333.5,342.11,641007.14
2022-11-07 20:00:00,342.11,343.24,328.35,336.81,380146.45
2022-11-08 00:00:00,336.81,348.74,332.59,334.4,942564.18
2022-11-08 04:00:00,334.39,337.33,307.85,325.42,1716826.63
2022-11-08 08:00:00,325.42,336.2,324.22,324.43,884871.03
2022-11-08 12:00:00,324.42,327.15,319.57,327.05,689114.54
2022-11-08 16:00:00,327.03,399.91,298.17,315.1,5983144.57
2022-11-08 20:00:00,315.11,335.04,309.0,326.95,1925397.92
2022-11-09 00:00:00,326.97,332.64,315.86,321.47,1094434.36
2022-11-09 04:00:00,321.47,322.57,310.75,315.21,799616.05
2022-11-09 08:00:00,315.22,316.12,283.69,304.21,1758925.66
2022-11-09 12:00:00,304.18,308.49,287.08,290.13,1327881.18
2022-11-09 16:00:00,290.13,294.36,273.09,281.37,1121547.84
2022-11-09 20:00:00,281.37,282.73,260.0,266.52,1326671.05
2022-11-10 00:00:00,266.53,286.4,262.11,282.65,895074.77
2022-11-10 04:00:00,282.66,286.55,278.97,281.8,688031.55
2022-11-10 08:00:00,281.83,284.19,270.9,275.14,638615.19
2022-11-10 12:00:00,275.14,311.85,274.69,307.45,1223047.71
2022-11-10 16:00:00,307.41,311.93,295.94,300.94,576130.3
2022-11-10 20:00:00,300.94,308.55,298.55,303.84,310541.59
2022-11-11 00:00:00,303.85,305.92,288.16,292.19,461449.34
2022-11-11 04:00:00,292.2,299.47,289.4,297.61,343291.6
2022-11-11 08:00:00,297.61,300.64,293.23,295.65,313483.69
2022-11-11 12:00:00,295.65,297.53,278.14,286.02,751376.22
2022-11-11 16:00:00,286.03,289.39,280.15,287.89,354963.03
2022-11-11 20:00:00,287.89,290.4,285.0,290.08,276365.37
2022-11-12 00:00:00,290.08,290.77,283.25,284.0,197202.25
2022-11-12 04:00:00,283.99,293.43,271.31,285.68,761579.99
2022-11-12 08:00:00,285.67,288.15,281.38,282.49,317054.42
2022-11-12 12:00:00,282.5,285.39,280.0,283.9,271645.64
2022-11-12 16:00:00,283.89,286.3,280.36,282.45,185634.42
2022-11-12 20:00:00,282.46,283.07,280.52,282.67,97887.1
2022-11-13 00:00:00,282.68,285.88,280.76,285.02,141403.59
2022-11-13 04:00:00,285.02,286.36,277.84,281.44,230642.07
2022-11-13 08:00:00,281.46,282.61,275.8,280.58,266152.17
2022-11-13 12:00:00,280.59,282.4,275.41,279.95,334140.55
2022-11-13 16:00:00,279.96,280.13,276.17,278.73,181285.01
2022-11-13 20:00:00,278.74,279.0,273.0,276.41,211454.44
2022-11-14 00:00:00,276.4,277.83,267.58,270.76,415817.78
2022-11-14 04:00:00,270.79,282.0,267.64,280.98,565416.9
2022-11-14 08:00:00,280.96,288.84,280.05,284.36,506922.07
2022-11-14 12:00:00,284.35,292.16,277.0,279.27,843272.2
2022-11-14 16:00:00,279.27,279.51,271.79,272.5,343313.2
2022-11-14 20:00:00,272.5,279.72,271.74,278.85,224925.86
2022-11-15 00:00:00,278.85,282.29,277.18,279.88,275392.7
2022-11-15 04:00:00,279.89,280.41,276.17,279.04,204872.1
2022-11-15 08:00:00,279.04,281.0,273.72,275.87,418723.71
2022-11-15 12:00:00,275.89,282.54,275.3,280.45,494998.7
2022-11-15 16:00:00,280.44,281.44,272.9,275.8,368541.45
2022-11-15 20:00:00,275.81,277.47,273.8,276.83,179240.56
2022-11-16 00:00:00,276.89,279.81,275.75,279.68,194690.69
2022-11-16 04:00:00,279.67,280.23,277.34,277.54,188287.7
2022-11-16 08:00:00,277.54,277.62,271.11,272.37,397402.28
2022-11-16 12:00:00,272.36,274.35,268.22,270.11,511419.49
2022-11-16 16:00:00,270.12,273.99,268.91,270.56,293342.13
2022-11-16 20:00:00,270.56,272.88,269.6,271.7,169169.56
2022-11-17 00:00:00,271.72,273.4,269.69,269.99,271481.85
2022-11-17 04:00:00,269.99,271.15,265.57,269.81,337429.82
2022-11-17 08:00:00,269.8,270.1,262.93,267.25,365913.54
2022-11-17 12:00:00,267.26,269.39,264.27,266.07,400003.72
2022-11-17 16:00:00,266.08,269.51,265.8,267.64,237017.19
2022-11-17 20:00:00,267.65,268.86,266.5,267.82,151782.92
2022-11-18 00:00:00,267.82,273.58,267.51,271.57,287502.75
2022-11-18 04:00:00,271.55,273.0,270.43,271.68,160673.79
2022-11-18 08:00:00,271.67,273.9,270.0,273.42,225040.62
2022-11-18 12:00:00,273.42,274.34,270.82,271.83,248152.0
2022-11-18 16:00:00,271.83,273.36,270.28,273.18,194354.21
2022-11-18 20:00:00,273.18,274.78,272.53,273.89,163581.15
2022-11-19 00:00:00,273.88,274.5,271.69,272.53,149736.0
2022-11-19 04:00:00,272.54,273.21,268.83,269.96,227595.56
2022-11-19 08:00:00,269.96,271.54,269.34,271.5,122114.11
2022-11-19 12:00:00,271.5,271.79,269.88,271.72,128601.57
2022-11-19 16:00:00,271.71,271.91,270.45,271.14,97967.66
2022-11-19 20:00:00,271.13,273.88,271.06,272.33,143198.02
2022-11-20 00:00:00,272.33,273.7,271.75,273.05,131622.74
2022-11-20 04:00:00,273.06,273.88,272.58,273.31,80030.28
2022-11-20 08:00:00,273.32,273.44,266.0,267.35,306689.2
2022-11-20 12:00:00,267.35,270.97,266.0,270.5,219552.77
2022-11-20 16:00:00,270.51,270.99,268.27,269.55,156893.11
2022-11-20 20:00:00,269.55,269.69,261.36,264.11,332560.03
2022-11-21 00:00:00,264.11,265.08,255.19,259.19,550036.36
2022-11-21 04:00:00,259.19,262.3,256.71,258.08,347577.47
2022-11-21 08:00:00,258.09,259.24,255.34,258.23,300608.41
2022-11-21 12:00:00,258.24,262.57,257.56,260.17,325518.5
2022-11-21 16:00:00,260.17,260.34,249.12,251.8,587126.72
2022-11-21 20:00:00,251.82,256.08,250.92,253.92,386313.39
2022-11-22 00:00:00,253.93,257.34,253.26,256.64,227167.51
2022-11-22 04:00:00,256.65,257.3,252.01,254.27,210410.53
2022-11-22 08:00:00,254.28,255.4,251.99,254.49,215634.71
2022-11-22 12:00:00,254.5,266.22,253.68,264.47,664419.51
2022-11-22 16:00:00,264.46,265.36,261.68,263.37,213984.0
2022-11-22 20:00:00,263.37,267.79,263.04,266.62,196057.37
2022-11-23 00:00:00,266.64,274.68,264.8,274.12,452151.32
2022-11-23 04:00:00,274.11,275.68,272.03,275.5,209644.39
2022-11-23 08:00:00,275.47,298.78,275.35,296.45,2265638.71
2022-11-23 12:00:00,296.45,300.95,292.4,294.71,1013743.06
2022-11-23 16:00:00,294.7,302.16,291.08,295.64,707921.87
2022-11-23 20:00:00,295.64,298.92,293.43,298.49,347579.98
2022-11-24 00:00:00,298.46,303.84,293.81,298.96,779131.76
2022-11-24 04:00:00,298.97,299.89,295.56,296.0,360048.17
2022-11-24 08:00:00,295.98,299.18,293.45,296.88,456429.88
2022-11-24 12:00:00,296.88,299.38,294.4,297.87,420792.6
2022-11-24 16:00:00,297.86,302.06,296.31,298.75,409829.96
2022-11-24 20:00:00,298.76,301.56,297.34,299.86,208655.97
2022-11-25 00:00:00,299.86,301.43,295.66,298.28,415532.01
2022-11-25 04:00:00,298.29,298.87,293.63,295.95,343646.54
2022-11-25 08:00:00,295.95,299.79,293.87,298.44,399138.53
2022-11-25 12:00:00,298.44,306.61,298.0,299.82,665586.63
2022-11-25 16:00:00,299.81,301.29,298.15,300.84,239546.38
2022-11-25 20:00:00,300.83,302.5,299.12,300.43,161051.32
2022-11-26 00:00:00,300.43,311.57,299.42,309.61,646668.82
2022-11-26 04:00:00,309.61,313.8,308.51,312.15,561350.35
2022-11-26 08:00:00,312.14,316.92,311.8,313.72,641887.55
2022-11-26 12:00:00,313.72,318.0,310.17,312.71,615821.18
2022-11-26 16:00:00,312.71,315.0,311.01,312.6,338255.15
2022-11-26 20:00:00,312.61,313.41,307.15,310.95,239825.76
2022-11-27 00:00:00,310.96,316.31,310.69,314.86,303813.1
2022-11-27 04:00:00,314.87,315.8,311.77,313.52,206687.89
2022-11-27 08:00:00,313.51,314.7,309.8,312.65,293468.1
2022-11-27 12:00:00,312.65,314.9,310.46,313.23,264473.25
2022-11-27 16:00:00,313.23,313.76,309.39,311.43,195227.23
2022-11-27 20:00:00,311.43,314.4,305.94,307.36,417460.17
2022-11-28 00:00:00,307.34,309.19,286.0,296.73,1217181.71
2022-11-28 04:00:00,296.74,297.18,292.3,295.26,319008.27
2022-11-28 08:00:00,295.22,296.5,293.0,294.66,236179.37
2022-11-28 12:00:00,294.66,297.49,290.14,291.82,511463.48
2022-11-28 16:00:00,291.82,299.71,288.3,292.93,665824.24
2022-11-28 20:00:00,292.94,294.16,291.54,293.16,158428.57
2022-11-29 00:00:00,293.16,297.51,288.51,296.34,411589.93
2022-11-29 04:00:00,296.34,304.4,296.19,302.06,509760.99
2022-11-29 08:00:00,302.06,304.99,301.26,302.82,258566.31
2022-11-29 12:00:00,302.83,303.54,297.91,299.92,390860.68
2022-11-29 16:00:00,299.93,300.11,293.55,295.46,416841.19
2022-11-29 20:00:00,295.43,297.3,294.54,295.13,171726.8
2022-11-30 00:00:00,295.14,305.27,294.34,295.26,782064.74
2022-11-30 04:00:00,295.22,300.78,295.22,300.65,293932.55
2022-11-30 08:00:00,300.65,303.75,298.02,300.17,275597.9
2022-11-30 12:00:00,300.17,300.55,297.0,297.8,326337.79
2022-11-30 16:00:00,297.8,300.5,292.0,297.86,596669.35
2022-11-30 20:00:00,297.87,302.06,297.73,300.11,353223.34
2022-12-01 00:00:00,300.1,301.53,295.2,297.01,410906.07
2022-12-01 04:00:00,297.01,299.8,294.2,297.56,505123.05
2022-12-01 08:00:00,297.59,300.23,296.13,298.07,511784.53
2022-12-01 12:00:00,298.07,301.0,290.51,292.04,1366760.72
2022-12-01 16:00:00,292.05,292.94,290.12,291.42,314434.12
2022-12-01 20:00:00,291.43,293.58,290.86,292.3,187850.18
2022-12-02 00:00:00,292.3,294.0,286.5,288.19,547656.12
2022-12-02 04:00:00,288.2,290.62,285.31,289.79,335218.61
2022-12-02 08:00:00,289.8,292.28,288.99,291.33,261853.08
2022-12-02 12:00:00,291.34,292.42,284.38,290.14,526871.79
2022-12-02 16:00:00,290.14,290.85,288.72,290.7,162121.95
2022-12-02 20:00:00,290.7,294.04,290.36,293.49,190343.76
2022-12-03 00:00:00,293.49,294.5,291.0,291.92,230677.95
2022-12-03 04:00:00,291.93,292.64,289.76,290.57,181781.96
2022-12-03 08:00:00,290.58,290.99,288.98,290.26,153843.56
2022-12-03 12:00:00,290.26,292.87,290.14,291.75,183124.8
2022-12-03 16:00:00,291.76,292.73,290.74,291.78,125491.88
2022-12-03 20:00:00,291.78,292.57,289.8,290.35,163750.37
2022-12-04 00:00:00,290.35,292.69,289.84,291.95,121312.4
2022-12-04 04:00:00,291.95,292.71,291.1,291.1,91437.61
2022-12-04 08:00:00,291.11,291.77,289.03,289.65,232642.17
2022-12-04 12:00:00,289.64,290.85,287.08,290.06,282154.43
2022-12-04 16:00:00,290.06,291.77,289.27,291.21,170631.16
2022-12-04 20:00:00,291.21,293.09,291.2,291.95,105863.6
2022-12-05 00:00:00,291.94,296.86,291.47,294.72,325265.24
2022-12-05 04:00:00,294.72,297.25,294.64,295.96,217710.36
2022-12-05 08:00:00,295.96,297.24,294.5,295.81,165805.45
2022-12-05 12:00:00,295.8,295.88,289.29,290.32,361673.56
2022-12-05 16:00:00,290.32,290.56,286.01,286.77,301122.94
2022-12-05 20:00:00,286.76,288.67,286.05,288.39,134407.01
2022-12-06 00:00:00,288.4,290.54,288.25,289.44,136136.96
2022-12-06 04:00:00,289.45,290.06,288.2,289.62,119226.95
2022-12-06 08:00:00,289.63,290.17,287.0,288.73,155873.71
2022-12-06 12:00:00,288.72,289.39,287.31,288.77,174171.52
2022-12-06 16:00:00,288.78,289.2,286.44,288.49,178901.83
2022-12-06 20:00:00,288.5,290.79,288.19,290.21,139873.67
2022-12-07 00:00:00,290.2,291.0,288.17,288.72,129921.81
2022-12-07 04:00:00,288.7,289.42,280.0,282.55,344131.33
2022-12-07 08:00:00,282.55,284.36,281.02,283.52,243288.89
2022-12-07 12:00:00,283.52,285.1,282.13,283.35,209754.63
2022-12-07 16:00:00,283.36,283.86,282.18,283.48,121226.83
2022-12-07 20:00:00,283.48,284.89,282.66,284.02,103362.25
2022-12-08 00:00:00,284.01,284.84,282.29,284.09,142371.49
2022-12-08 04:00:00,284.09,285.76,282.83,285.43,122868.49
2022-12-08 08:00:00,285.43,286.42,282.7,285.09,164394.9
2022-12-08 12:00:00,285.1,288.16,284.44,287.3,226847.88
2022-12-08 16:00:00,287.3,291.99,287.02,289.91,314261.06
2022-12-08 20:00:00,289.92,291.73,288.4,290.34,196961.97
2022-12-09 00:00:00,290.34,291.4,288.72,289.37,139947.93
2022-12-09 04:00:00,289.37,290.65,289.0,290.31,81795.29
2022-12-09 08:00:00,290.31,291.7,289.36,290.72,135459.5
2022-12-09 12:00:00,290.73,292.1,286.76,289.88,324315.78
2022-12-09 16:00:00,289.87,290.1,286.4,287.87,142125.74
2022-12-09 20:00:00,287.86,287.91,284.5,285.91,160616.3
2022-12-10 00:00:00,285.91,287.38,285.78,286.93,79431.58
2022-12-10 04:00:00,286.93,287.49,286.33,287.14,52266.71
2022-12-10 08:00:00,287.15,287.91,285.63,287.61,75668.31
2022-12-10 12:00:00,287.61,289.35,286.91,289.19,94754.04
2022-12-10 16:00:00,289.19,289.85,287.46,287.93,78051.07
2022-12-10 20:00:00,287.93,288.55,287.42,288.03,56996.31
2022-12-11 00:00:00,288.02,290.73,287.45,290.42,114109.75
2022-12-11 04:00:00,290.42,290.88,289.6,290.28,102177.23
2022-12-11 08:00:00,290.28,290.37,289.6,290.3,66554.0
2022-12-11 12:00:00,290.3,290.36,288.9,289.6,89423.55
2022-12-11 16:00:00,289.61,291.49,288.88,289.89,110967.6
2022-12-11 20:00:00,289.88,289.89,283.17,284.38,313328.58
2022-12-12 00:00:00,284.39,285.74,281.25,282.7,286192.17
2022-12-12 04:00:00,282.71,282.71,280.09,280.96,221499.51
2022-12-12 08:00:00,280.96,283.99,280.17,283.72,166530.96
2022-12-12 12:00:00,283.72,283.79,271.45,275.95,1695756.74
2022-12-12 16:00:00,275.98,277.31,273.01,274.41,345275.62
2022-12-12 20:00:00,274.4,277.5,272.95,276.14,373636.51
2022-12-13 00:00:00,276.14,277.29,265.5,267.17,731532.64
2022-12-13 04:00:00,267.17,269.66,255.34,263.92,2016002.54
2022-12-13 08:00:00,263.92,271.8,262.52,268.79,1733555.8
2022-12-13 12:00:00,268.79,282.36,264.01,273.69,2327699.5
2022-12-13 16:00:00,273.7,275.8,266.39,269.33,974742.37
2022-12-13 20:00:00,269.32,273.99,268.07,272.34,391064.9
2022-12-14 00:00:00,272.34,278.67,271.41,275.67,518644.8
2022-12-14 04:00:00,275.67,276.61,273.5,274.54,497868.45
2022-12-14 08:00:00,274.54,277.07,270.77,273.17,628554.61
2022-12-14 12:00:00,273.17,274.44,269.04,272.17,793165.53
2022-12-14 16:00:00,272.19,274.09,265.0,267.73,898454.92
2022-12-14 20:00:00,267.76,268.94,265.5,267.7,411408.71
2022-12-15 00:00:00,267.7,268.14,261.22,265.66,523498.76
2022-12-15 04:00:00,265.66,266.05,264.25,264.74,257242.13
2022-12-15 08:00:00,264.74,267.41,263.62,265.51,362679.82
2022-12-15 12:00:00,265.5,265.97,262.07,263.48,477142.23
2022-12-15 16:00:00,263.48,263.93,258.44,261.48,465680.08
2022-12-15 20:00:00,261.48,261.72,256.5,258.85,475556.63
2022-12-16 00:00:00,258.84,262.86,257.6,262.59,371968.59
2022-12-16 04:00:00,262.59,264.77,260.5,263.67,319193.93
2022-12-16 08:00:00,263.66,263.93,245.86,251.21,1504279.44
2022-12-16 12:00:00,251.21,251.72,245.72,247.1,875546.84
2022-12-16 16:00:00,247.11,247.2,240.28,244.01,1322942.88
2022-12-16 20:00:00,244.01,246.62,222.96,230.74,1851613.14
2022-12-17 00:00:00,230.73,234.12,218.93,228.7,1920501.31
2022-12-17 04:00:00,228.71,240.0,227.13,235.96,1211960.93
2022-12-17 08:00:00,235.95,241.92,233.46,236.68,1298917.0
2022-12-17 12:00:00,236.67,239.76,236.1,236.31,809305.38
2022-12-17 16:00:00,236.3,237.77,234.5,235.46,583007.72
2022-12-17 20:00:00,235.45,245.0,234.68,241.75,771712.51
2022-12-18 00:00:00,241.74,249.7,238.97,246.29,713874.87
2022-12-18 04:00:00,246.28,254.12,244.76,247.03,1454242.15
2022-12-18 08:00:00,247.02,248.5,243.45,246.49,877923.06
2022-12-18 12:00:00,246.5,247.72,244.37,244.78,513429.03
2022-12-18 16:00:00,244.78,251.8,244.3,249.18,910400.83
2022-12-18 20:00:00,249.18,254.2,247.62,250.78,692651.06
2022-12-19 00:00:00,250.77,252.87,245.01,246.66,818184.75
2022-12-19 04:00:00,246.67,248.18,245.18,246.05,533014.46
2022-12-19 08:00:00,246.04,248.8,245.67,247.65,471898.81
2022-12-19 12:00:00,247.64,252.24,246.23,246.57,891860.01
2022-12-19 16:00:00,246.57,247.4,240.3,242.0,964148.32
2022-12-19 20:00:00,242.0,244.8,236.46,240.23,697953.12
2022-12-20 00:00:00,240.24,248.6,239.03,247.58,946836.45
2022-12-20 04:00:00,247.6,251.3,246.97,248.05,539321.01
2022-12-20 08:00:00,248.08,249.44,246.77,249.26,447436.45
2022-12-20 12:00:00,249.26,253.68,247.34,250.87,822692.68
2022-12-20 16:00:00,250.87,251.3,247.81,250.41,403352.32
2022-12-20 20:00:00,250.41,252.47,249.3,251.09,265844.73
2022-12-21 00:00:00,251.1,251.35,247.9,248.49,342127.58
2022-12-21 04:00:00,248.46,249.23,246.61,247.78,308368.0
2022-12-21 08:00:00,247.78,249.81,247.04,249.25,296786.4
2022-12-21 12:00:00,249.26,249.79,247.28,248.95,310886.47
2022-12-21 16:00:00,248.95,249.0,245.0,246.05,240283.93
2022-12-21 20:00:00,246.04,247.55,245.21,246.07,214820.76
2022-12-22 00:00:00,246.07,248.27,245.72,247.72,277162.9
2022-12-22 04:00:00,247.73,247.99,244.36,246.16,261414.55
2022-12-22 08:00:00,246.16,247.13,244.91,245.65,268015.89
2022-12-22 12:00:00,245.64,246.04,240.0,240.71,769929.35
2022-12-22 16:00:00,240.7,242.98,240.25,242.92,345404.2
2022-12-22 20:00:00,242.93,247.0,242.27,245.69,446491.59
2022-12-23 00:00:00,245.7,248.74,244.66,247.06,341039.18
2022-12-23 04:00:00,247.06,247.43,245.72,246.47,197197.41
2022-12-23 08:00:00,246.47,246.66,244.87,245.84,207922.63
2022-12-23 12:00:00,245.84,247.45,243.33,245.16,541892.93
2022-12-23 16:00:00,245.17,246.34,244.81,246.11,136805.49
2022-12-23 20:00:00,246.1,246.32,245.38,245.95,122576.84
2022-12-24 00:00:00,245.95,246.15,244.73,245.71,121243.96
2022-12-24 04:00:00,245.72,245.83,244.48,245.36,135786.86
2022-12-24 08:00:00,245.33,245.35,243.0,243.74,161769.64
2022-12-24 12:00:00,243.73,244.6,243.55,244.16,148251.41
2022-12-24 16:00:00,244.17,244.96,243.97,244.26,101854.93
2022-12-24 20:00:00,244.26,244.69,243.81,244.31,69973.16
2022-12-25 00:00:00,244.31,245.74,244.19,245.16,115768.46
2022-12-25 04:00:00,245.16,245.17,244.24,244.93,78067.18
2022-12-25 08:00:00,244.93,245.07,244.26,244.53,82392.05
2022-12-25 12:00:00,244.53,245.28,241.0,243.02,417195.39
2022-12-25 16:00:00,243.01,243.47,241.33,242.48,260069.92
2022-12-25 20:00:00,242.48,243.76,241.2,243.11,201509.07
2022-12-26 00:00:00,243.11,244.9,242.2,244.46,220373.57
2022-12-26 04:00:00,244.47,244.65,242.9,243.04,115800.2
2022-12-26 08:00:00,243.04,243.67,242.37,243.06,140129.86
2022-12-26 12:00:00,243.05,243.38,241.71,242.29,151147.45
2022-12-26 16:00:00,242.29,243.13,241.88,242.63,105192.4
2022-12-26 20:00:00,242.64,244.43,242.11,244.26,133262.8
2022-12-27 00:00:00,244.26,246.56,242.79,243.26,212363.27
2022-12-27 04:00:00,243.26,243.82,242.81,243.26,142459.47
2022-12-27 08:00:00,243.25,243.93,242.07,243.7,185322.0
2022-12-27 12:00:00,243.69,250.0,242.0,245.01,583290.56
2022-12-27 16:00:00,245.01,246.2,243.52,246.1,329659.27
2022-12-27 20:00:00,246.12,246.87,244.83,246.52,160446.73
2022-12-28 00:00:00,246.53,247.37,244.24,244.59,328719.91
2022-12-28 04:00:00,244.58,245.09,241.28,243.16,359056.12
2022-12-28 08:00:00,243.17,244.0,242.61,243.58,166306.87
2022-12-28 12:00:00,243.58,245.35,241.81,242.1,406473.85
2022-12-28 16:00:00,242.09,244.96,241.66,243.11,233292.23
2022-12-28 20:00:00,243.1,244.47,241.89,244.42,214864.95
2022-12-29 00:00:00,244.42,245.94,243.14,245.1,305554.01
2022-12-29 04:00:00,245.09,245.64,244.2,244.72,134390.59
2022-12-29 08:00:00,244.72,246.81,244.06,245.71,237729.96
2022-12-29 12:00:00,245.71,246.3,245.2,246.04,215609.51
2022-12-29 16:00:00,246.04,246.75,245.22,246.03,190605.46
2022-12-29 20:00:00,246.04,246.78,244.46,246.12,244749.04
2022-12-30 00:00:00,246.13,246.54,244.75,245.21,154822.38
2022-12-30 04:00:00,245.2,245.71,242.53,243.26,236216.0
2022-12-30 08:00:00,243.26,244.46,243.13,243.32,162771.16
2022-12-30 12:00:00,243.33,245.82,242.95,245.19,286306.13
2022-12-30 16:00:00,245.19,245.48,244.05,244.53,126257.5
2022-12-30 20:00:00,244.53,246.21,244.52,245.74,142151.29
2022-12-31 00:00:00,245.73,245.99,245.05,245.21,98379.36
2022-12-31 04:00:00,245.21,245.78,244.73,245.49,105342.21
2022-12-31 08:00:00,245.5,246.33,245.14,245.55,145723.46
2022-12-31 12:00:00,245.55,248.0,245.16,246.84,264277.2
2022-12-31 16:00:00,246.83,247.22,246.01,246.79,85295.58
2022-12-31 20:00:00,246.79,247.35,245.56,246.11,122782.82
