datetime,open,high,low,close,volume
2021-01-01 00:00:00,37.4,37.47,37.03,37.425,59137.1
2021-01-01 01:00:00,37.426,38.0,37.375,37.682,134949.83
2021-01-01 02:00:00,37.687,38.051,37.659,38.04,56866.61
2021-01-01 03:00:00,38.041,38.207,37.813,37.995,108494.57
2021-01-01 04:00:00,37.994,38.145,37.88,37.946,58862.71
2021-01-01 05:00:00,37.949,37.99,37.71,37.77,60627.2
2021-01-01 06:00:00,37.77,37.871,37.5,37.666,75169.32
2021-01-01 07:00:00,37.667,37.711,37.38,37.694,72323.78
2021-01-01 08:00:00,37.694,37.76,37.38,37.485,59646.02
2021-01-01 09:00:00,37.486,38.051,37.456,38.024,88000.78
2021-01-01 10:00:00,38.026,38.901,37.968,38.891,304668.58
2021-01-01 11:00:00,38.891,39.082,38.464,38.475,168397.83
2021-01-01 12:00:00,38.493,38.98,38.358,38.403,150193.18
2021-01-01 13:00:00,38.398,38.675,38.356,38.405,75490.32
2021-01-01 14:00:00,38.402,38.585,38.106,38.158,96858.85
2021-01-01 15:00:00,38.157,38.399,37.9,38.17,128576.55
2021-01-01 16:00:00,38.171,38.389,38.092,38.24,125468.27
2021-01-01 17:00:00,38.235,38.307,37.533,37.872,168624.34
2021-01-01 18:00:00,37.866,38.09,37.0,37.632,309854.63
2021-01-01 19:00:00,37.633,37.705,37.4,37.41,66548.83
2021-01-01 20:00:00,37.427,37.556,37.17,37.458,63007.84
2021-01-01 21:00:00,37.45,37.48,37.255,37.275,35009.72
2021-01-01 22:00:00,37.277,37.68,37.24,37.6,53878.71
2021-01-01 23:00:00,37.602,37.968,37.544,37.795,92967.67
2021-01-02 00:00:00,37.795,37.823,36.79,36.994,200530.24
2021-01-02 01:00:00,36.995,37.307,36.794,37.279,127798.97
2021-01-02 02:00:00,37.274,37.38,37.228,37.24,46417.28
2021-01-02 03:00:00,37.24,37.625,37.195,37.591,64143.29
2021-01-02 04:00:00,37.588,37.588,37.41,37.465,32651.41
2021-01-02 05:00:00,37.467,37.819,37.41,37.707,69283.11
2021-01-02 06:00:00,37.712,37.717,37.456,37.529,56204.53
2021-01-02 07:00:00,37.53,37.588,37.378,37.389,22460.76
2021-01-02 08:00:00,37.389,37.438,37.089,37.188,74307.85
2021-01-02 09:00:00,37.181,37.297,36.993,37.059,50140.13
2021-01-02 10:00:00,37.054,37.499,37.0,37.229,72579.35
2021-01-02 11:00:00,37.23,37.398,37.223,37.345,18545.06
2021-01-02 12:00:00,37.349,37.958,36.881,37.93,194124.53
2021-01-02 13:00:00,37.94,38.3,37.655,38.184,200272.8
2021-01-02 14:00:00,38.191,38.211,37.735,38.045,127518.96
2021-01-02 15:00:00,38.045,38.25,37.968,38.189,83252.7
2021-01-02 16:00:00,38.193,38.5,38.0,38.493,216935.98
2021-01-02 17:00:00,38.499,39.06,38.43,38.585,301326.87
2021-01-02 18:00:00,38.579,38.59,38.13,38.162,173964.85
2021-01-02 19:00:00,38.182,38.312,38.019,38.118,100206.12
2021-01-02 20:00:00,38.124,38.17,37.313,37.47,230736.4
2021-01-02 21:00:00,37.46,38.04,37.2,37.969,194547.0
2021-01-02 22:00:00,37.969,38.188,37.926,38.138,55526.3
2021-01-02 23:00:00,38.139,38.39,37.937,38.271,76033.47
2021-01-03 00:00:00,38.271,38.455,38.036,38.077,88402.1
2021-01-03 01:00:00,38.081,38.173,37.951,38.021,44745.65
2021-01-03 02:00:00,38.026,38.198,37.982,38.161,25435.14
2021-01-03 03:00:00,38.161,38.185,38.0,38.014,21467.38
2021-01-03 04:00:00,38.014,38.105,37.888,37.923,36858.0
2021-01-03 05:00:00,37.923,38.091,37.852,37.911,96616.64
2021-01-03 06:00:00,37.914,38.31,37.838,38.297,110503.42
2021-01-03 07:00:00,38.298,38.299,38.07,38.101,85959.62
2021-01-03 08:00:00,38.101,38.787,38.101,38.659,172253.5
2021-01-03 09:00:00,38.657,38.834,38.164,38.3,169118.54
2021-01-03 10:00:00,38.3,38.654,38.217,38.495,164359.09
2021-01-03 11:00:00,38.504,40.0,38.401,39.975,601678.2
2021-01-03 12:00:00,39.99,40.908,39.784,40.166,606929.3
2021-01-03 13:00:00,40.166,40.516,39.6,40.471,451152.6
2021-01-03 14:00:00,40.469,41.566,40.031,40.585,713055.65
2021-01-03 15:00:00,40.574,40.787,39.85,40.355,310239.4
2021-01-03 16:00:00,40.349,41.581,40.311,40.418,525376.45
2021-01-03 17:00:00,40.415,41.071,40.317,40.851,253966.31
2021-01-03 18:00:00,40.85,41.906,40.442,40.706,388762.69
2021-01-03 19:00:00,40.698,40.832,40.23,40.451,120976.14
2021-01-03 20:00:00,40.455,41.01,40.446,40.624,150706.63
2021-01-03 21:00:00,40.628,41.215,40.57,40.826,147465.27
2021-01-03 22:00:00,40.825,41.084,40.503,40.771,142450.19
2021-01-03 23:00:00,40.766,41.83,40.725,41.3,303278.23
2021-01-04 00:00:00,41.301,42.175,41.301,41.864,342557.83
2021-01-04 01:00:00,41.866,42.307,41.571,41.65,174270.21
2021-01-04 02:00:00,41.642,41.795,41.326,41.412,129644.58
2021-01-04 03:00:00,41.414,41.856,41.342,41.463,130711.37
2021-01-04 04:00:00,41.468,41.99,41.223,41.903,145133.19
2021-01-04 05:00:00,41.897,42.3,41.491,42.08,220229.36
2021-01-04 06:00:00,42.085,43.646,42.0,42.264,507243.79
2021-01-04 07:00:00,42.262,42.716,40.5,40.976,838460.01
2021-01-04 08:00:00,40.925,41.488,40.45,41.024,486036.34
2021-01-04 09:00:00,41.025,41.133,39.251,40.511,706723.21
2021-01-04 10:00:00,40.525,40.621,38.696,39.455,667194.68
2021-01-04 11:00:00,39.455,39.533,38.011,39.094,341808.43
2021-01-04 12:00:00,39.1,40.204,38.882,40.08,237897.49
2021-01-04 13:00:00,40.079,40.09,39.1,39.462,193433.76
2021-01-04 14:00:00,39.455,39.974,39.261,39.945,148818.37
2021-01-04 15:00:00,39.944,40.294,39.727,39.93,180657.42
2021-01-04 16:00:00,39.94,40.115,39.001,39.402,211457.07
2021-01-04 17:00:00,39.414,39.637,38.893,39.562,146082.27
2021-01-04 18:00:00,39.564,40.108,39.53,39.862,171639.36
2021-01-04 19:00:00,39.868,40.17,39.607,39.995,121295.14
2021-01-04 20:00:00,39.994,40.084,39.617,39.659,80320.83
2021-01-04 21:00:00,39.67,40.121,39.338,40.071,135824.44
2021-01-04 22:00:00,40.07,40.408,39.964,40.211,114532.91
2021-01-04 23:00:00,40.22,41.152,40.014,41.142,171724.91
2021-01-05 00:00:00,41.126,41.23,40.444,40.715,360121.0
2021-01-05 01:00:00,40.727,41.27,40.572,41.256,194423.07
2021-01-05 02:00:00,41.262,41.3,40.608,40.674,154987.71
2021-01-05 03:00:00,40.684,40.887,39.6,39.803,259965.86
2021-01-05 04:00:00,39.805,40.202,39.25,39.493,273155.82
2021-01-05 05:00:00,39.496,39.88,38.844,39.143,197198.03
2021-01-05 06:00:00,39.137,39.836,38.847,39.775,188425.84
2021-01-05 07:00:00,39.777,39.9,39.658,39.676,79235.36
2021-01-05 08:00:00,39.683,40.229,39.678,39.936,141239.56
2021-01-05 09:00:00,39.94,40.38,39.89,40.247,110546.49
2021-01-05 10:00:00,40.251,40.565,40.0,40.38,172689.22
2021-01-05 11:00:00,40.384,40.767,40.17,40.742,134466.25
2021-01-05 12:00:00,40.751,40.79,40.268,40.304,141398.87
2021-01-05 13:00:00,40.308,40.51,39.821,39.842,100434.53
2021-01-05 14:00:00,39.846,40.16,39.56,40.086,172375.76
2021-01-05 15:00:00,40.085,40.25,39.952,40.244,107751.67
2021-01-05 16:00:00,40.246,40.627,40.015,40.504,151977.26
2021-01-05 17:00:00,40.491,40.593,40.262,40.388,98801.67
2021-01-05 18:00:00,40.397,40.512,40.156,40.259,145364.83
2021-01-05 19:00:00,40.27,40.537,39.786,40.464,196746.67
2021-01-05 20:00:00,40.464,40.734,40.13,40.312,181782.63
2021-01-05 21:00:00,40.323,40.963,40.245,40.811,187058.96
2021-01-05 22:00:00,40.809,41.482,40.775,41.354,176310.33
2021-01-05 23:00:00,41.354,41.807,41.192,41.799,230826.11
2021-01-06 00:00:00,41.806,41.951,40.731,41.192,296704.58
2021-01-06 01:00:00,41.187,41.28,40.53,40.742,108502.97
2021-01-06 02:00:00,40.746,41.275,40.736,41.047,88340.44
2021-01-06 03:00:00,41.046,41.104,40.822,40.923,62166.46
2021-01-06 04:00:00,40.923,41.562,40.755,41.201,182974.46
2021-01-06 05:00:00,41.206,41.271,40.732,40.878,105274.32
2021-01-06 06:00:00,40.879,41.11,40.86,41.088,63675.65
2021-01-06 07:00:00,41.087,41.216,40.85,41.053,112606.06
2021-01-06 08:00:00,41.049,41.286,40.788,41.215,153011.6
2021-01-06 09:00:00,41.216,41.322,40.6,41.1,139788.03
2021-01-06 10:00:00,41.103,41.622,41.01,41.602,81313.22
2021-01-06 11:00:00,41.607,41.973,41.5,41.75,171067.2
2021-01-06 12:00:00,41.751,42.0,41.534,41.909,136912.26
2021-01-06 13:00:00,41.911,42.328,41.745,42.171,192849.89
2021-01-06 14:00:00,42.165,42.174,41.221,41.325,176597.46
2021-01-06 15:00:00,41.322,41.779,41.285,41.414,120667.61
2021-01-06 16:00:00,41.419,42.094,41.419,41.859,208307.97
2021-01-06 17:00:00,41.862,42.239,41.814,41.983,150611.28
2021-01-06 18:00:00,41.988,42.021,41.533,41.753,77884.0
2021-01-06 19:00:00,41.753,41.895,41.0,41.066,151336.55
2021-01-06 20:00:00,41.066,41.665,40.837,41.636,286016.92
2021-01-06 21:00:00,41.64,41.707,41.382,41.499,145517.41
2021-01-06 22:00:00,41.5,42.1,41.41,41.871,86065.67
2021-01-06 23:00:00,41.89,42.3,41.86,42.288,87071.28
2021-01-07 00:00:00,42.286,42.42,41.811,42.032,138947.78
2021-01-07 01:00:00,42.033,42.058,41.75,41.865,82235.93
2021-01-07 02:00:00,41.864,41.988,41.488,41.875,90782.85
2021-01-07 03:00:00,41.88,42.338,41.857,42.28,95765.99
2021-01-07 04:00:00,42.28,42.492,41.88,42.436,142304.28
2021-01-07 05:00:00,42.44,43.7,42.411,43.0,291538.45
2021-01-07 06:00:00,42.998,44.15,42.6,43.872,264679.86
2021-01-07 07:00:00,43.867,44.208,42.89,43.238,222263.31
2021-01-07 08:00:00,43.238,43.62,42.154,43.432,208508.19
2021-01-07 09:00:00,43.43,43.651,43.14,43.566,115384.0
2021-01-07 10:00:00,43.567,44.165,43.15,43.548,221205.42
2021-01-07 11:00:00,43.548,44.377,43.548,43.918,205295.01
2021-01-07 12:00:00,43.923,44.403,43.72,44.115,147228.19
2021-01-07 13:00:00,44.115,44.16,43.758,43.921,80953.83
2021-01-07 14:00:00,43.922,44.366,43.874,44.36,100061.11
2021-01-07 15:00:00,44.361,44.56,44.05,44.45,121802.9
2021-01-07 16:00:00,44.463,44.928,44.123,44.249,247424.49
2021-01-07 17:00:00,44.251,44.322,43.95,44.041,108075.34
2021-01-07 18:00:00,44.041,44.155,41.3,42.346,846096.32
2021-01-07 19:00:00,42.34,43.501,42.0,43.313,386877.42
2021-01-07 20:00:00,43.33,43.932,43.083,43.648,166985.73
2021-01-07 21:00:00,43.647,43.895,43.271,43.719,114867.78
2021-01-07 22:00:00,43.721,43.896,43.404,43.546,68293.14
2021-01-07 23:00:00,43.556,43.661,42.735,43.57,196601.54
2021-01-08 00:00:00,43.566,43.69,42.634,42.649,139855.95
2021-01-08 01:00:00,42.636,43.122,42.15,42.672,204421.56
2021-01-08 02:00:00,42.688,42.712,40.054,41.179,507416.58
2021-01-08 03:00:00,41.174,41.869,40.959,41.541,165573.64
2021-01-08 04:00:00,41.54,41.908,41.435,41.781,106197.37
2021-01-08 05:00:00,41.772,42.061,41.271,41.427,134196.11
2021-01-08 06:00:00,41.433,42.055,41.071,41.86,143012.95
2021-01-08 07:00:00,41.873,42.545,41.728,42.515,125869.64
2021-01-08 08:00:00,42.513,42.876,42.158,42.671,143002.17
2021-01-08 09:00:00,42.68,43.051,42.36,42.91,128340.58
2021-01-08 10:00:00,42.904,43.579,42.752,43.377,196663.24
2021-01-08 11:00:00,43.392,43.55,42.863,43.157,195117.78
2021-01-08 12:00:00,43.17,43.257,42.511,42.818,164711.02
2021-01-08 13:00:00,42.821,42.95,42.287,42.892,138828.37
2021-01-08 14:00:00,42.893,43.0,42.718,42.991,110014.59
2021-01-08 15:00:00,42.995,43.0,41.748,42.42,317322.7
2021-01-08 16:00:00,42.426,42.822,42.17,42.541,180579.28
2021-01-08 17:00:00,42.536,42.659,42.162,42.273,119553.12
2021-01-08 18:00:00,42.273,42.432,41.545,41.688,223262.68
2021-01-08 19:00:00,41.667,42.19,41.653,41.818,159792.93
2021-01-08 20:00:00,41.817,42.131,41.147,41.188,314405.22
2021-01-08 21:00:00,41.188,41.984,41.011,41.876,167874.73
2021-01-08 22:00:00,41.874,42.388,41.487,42.319,98627.3
2021-01-08 23:00:00,42.32,42.52,42.227,42.394,99274.9
2021-01-09 00:00:00,42.403,42.915,42.004,42.348,174064.53
2021-01-09 01:00:00,42.354,42.69,42.07,42.543,166068.43
2021-01-09 02:00:00,42.541,42.7,42.0,42.546,104390.07
2021-01-09 03:00:00,42.546,43.197,42.284,42.959,162929.12
2021-01-09 04:00:00,42.934,42.965,42.518,42.72,66676.44
2021-01-09 05:00:00,42.726,42.734,41.851,41.972,123164.14
2021-01-09 06:00:00,41.973,42.281,41.611,41.669,143104.97
2021-01-09 07:00:00,41.67,42.135,41.52,41.923,130569.76
2021-01-09 08:00:00,41.93,42.105,41.71,42.048,117749.5
2021-01-09 09:00:00,42.05,42.311,41.985,42.191,74253.72
2021-01-09 10:00:00,42.197,42.284,41.935,42.2,100469.03
2021-01-09 11:00:00,42.2,43.0,42.114,42.766,184303.94
2021-01-09 12:00:00,42.775,42.92,42.542,42.833,91630.28
2021-01-09 13:00:00,42.836,43.3,42.803,43.054,120557.36
2021-01-09 14:00:00,43.055,43.15,42.736,42.797,73044.76
2021-01-09 15:00:00,42.797,42.969,42.337,42.928,136670.76
2021-01-09 16:00:00,42.922,43.02,42.561,42.689,131293.29
2021-01-09 17:00:00,42.684,43.2,42.669,43.192,150404.06
2021-01-09 18:00:00,43.193,43.789,43.149,43.74,198246.44
2021-01-09 19:00:00,43.739,43.967,43.65,43.799,128489.4
2021-01-09 20:00:00,43.8,44.054,43.35,44.053,151434.54
2021-01-09 21:00:00,44.042,44.301,43.802,43.975,114081.47
2021-01-09 22:00:00,43.978,44.12,43.527,43.75,83883.26
2021-01-09 23:00:00,43.753,44.128,43.567,43.907,121418.5
2021-01-10 00:00:00,43.911,45.2,43.911,44.799,267801.09
2021-01-10 01:00:00,44.809,44.975,44.2,44.396,148613.81
2021-01-10 02:00:00,44.408,44.529,44.247,44.431,86221.78
2021-01-10 03:00:00,44.437,44.448,43.974,43.998,92046.49
2021-01-10 04:00:00,44.008,44.275,43.95,44.196,85492.18
2021-01-10 05:00:00,44.196,44.5,43.595,44.095,170809.18
2021-01-10 06:00:00,44.096,44.429,43.986,44.376,100179.37
2021-01-10 07:00:00,44.375,44.529,44.17,44.436,170498.96
2021-01-10 08:00:00,44.463,44.549,44.016,44.285,110020.34
2021-01-10 09:00:00,44.285,44.807,44.265,44.316,95242.81
2021-01-10 10:00:00,44.3,44.305,43.213,43.861,283351.77
2021-01-10 11:00:00,43.839,43.839,42.388,42.571,373859.05
2021-01-10 12:00:00,42.584,43.432,42.216,43.195,224296.34
2021-01-10 13:00:00,43.206,43.698,43.033,43.498,119668.29
2021-01-10 14:00:00,43.493,43.571,42.665,42.852,185447.05
2021-01-10 15:00:00,42.858,43.709,42.455,43.6,160181.88
2021-01-10 16:00:00,43.6,43.721,43.054,43.15,137922.5
2021-01-10 17:00:00,43.129,43.289,41.725,42.753,365798.6
2021-01-10 18:00:00,42.752,42.995,42.283,42.483,160886.82
2021-01-10 19:00:00,42.482,42.874,41.821,42.082,182016.72
2021-01-10 20:00:00,42.083,42.327,39.786,41.757,536488.9
2021-01-10 21:00:00,41.771,42.277,41.671,42.277,176429.45
2021-01-10 22:00:00,42.277,42.7,42.084,42.391,94078.16
2021-01-10 23:00:00,42.391,42.71,42.213,42.399,110809.22
2021-01-11 00:00:00,42.394,42.464,41.306,41.646,233632.92
2021-01-11 01:00:00,41.67,41.993,41.003,41.373,230673.48
2021-01-11 02:00:00,41.378,41.458,40.504,40.746,311676.48
2021-01-11 03:00:00,40.755,41.177,36.8,39.52,843978.2
2021-01-11 04:00:00,39.49,40.071,38.678,39.9,395091.45
2021-01-11 05:00:00,39.885,40.236,39.222,39.332,272234.8
2021-01-11 06:00:00,39.323,39.353,37.839,38.067,446086.99
2021-01-11 07:00:00,38.088,39.42,37.851,39.278,311896.26
2021-01-11 08:00:00,39.279,40.052,38.975,39.86,186730.97
2021-01-11 09:00:00,39.86,40.18,39.412,40.163,156446.92
2021-01-11 10:00:00,40.171,40.26,39.421,39.504,189251.53
2021-01-11 11:00:00,39.494,39.649,38.409,38.519,223649.08
2021-01-11 12:00:00,38.509,39.1,38.106,38.589,251718.49
2021-01-11 13:00:00,38.58,38.748,37.533,37.58,293770.87
2021-01-11 14:00:00,37.597,38.023,36.2,37.771,535758.9
2021-01-11 15:00:00,37.771,38.015,36.4,36.457,278085.21
2021-01-11 16:00:00,36.459,36.888,35.13,35.928,651042.77
2021-01-11 17:00:00,35.93,37.3,35.276,36.862,377381.4
2021-01-11 18:00:00,36.86,37.6,36.658,37.122,229627.87
2021-01-11 19:00:00,37.121,37.29,35.709,36.48,250097.93
2021-01-11 20:00:00,36.485,37.069,35.905,37.055,214905.64
2021-01-11 21:00:00,37.057,37.7,36.857,37.494,227602.75
2021-01-11 22:00:00,37.493,37.953,37.192,37.633,165938.32
2021-01-11 23:00:00,37.63,38.422,37.61,38.104,194286.96
2021-01-12 00:00:00,38.114,38.207,37.135,37.747,263798.99
2021-01-12 01:00:00,37.756,38.46,37.5,37.676,224244.45
2021-01-12 02:00:00,37.687,38.541,37.687,38.185,158959.38
2021-01-12 03:00:00,38.186,38.576,38.014,38.56,104200.77
2021-01-12 04:00:00,38.576,38.74,38.042,38.442,160809.66
2021-01-12 05:00:00,38.438,39.127,38.356,39.126,119947.56
2021-01-12 06:00:00,39.126,39.992,39.068,39.449,178809.44
2021-01-12 07:00:00,39.448,39.998,39.088,39.64,179133.01
2021-01-12 08:00:00,39.635,39.697,38.644,38.85,146201.15
2021-01-12 09:00:00,38.843,39.16,38.723,38.878,120283.72
2021-01-12 10:00:00,38.877,39.149,38.111,38.568,270800.86
2021-01-12 11:00:00,38.568,39.15,38.567,39.028,116370.14
2021-01-12 12:00:00,39.033,39.25,38.712,38.815,112032.45
2021-01-12 13:00:00,38.812,39.07,37.606,37.646,217227.51
2021-01-12 14:00:00,37.642,38.099,37.155,37.765,278682.85
2021-01-12 15:00:00,37.768,38.379,37.766,38.361,178339.8
2021-01-12 16:00:00,38.326,39.1,38.317,39.032,157795.31
2021-01-12 17:00:00,39.02,39.208,38.687,39.021,122405.41
2021-01-12 18:00:00,39.02,39.193,38.726,38.92,104535.21
2021-01-12 19:00:00,38.929,38.93,38.41,38.701,128333.57
2021-01-12 20:00:00,38.712,38.751,38.126,38.559,141061.87
2021-01-12 21:00:00,38.558,38.729,38.008,38.725,118322.13
2021-01-12 22:00:00,38.704,38.786,37.823,38.055,126056.43
2021-01-12 23:00:00,38.061,38.281,37.702,38.275,145213.72
2021-01-13 00:00:00,38.274,38.351,37.0,37.112,266375.74
2021-01-13 01:00:00,37.109,37.87,37.0,37.732,210415.76
2021-01-13 02:00:00,37.746,38.04,37.296,37.646,153990.19
2021-01-13 03:00:00,37.649,38.26,37.6,38.087,163904.99
2021-01-13 04:00:00,38.077,38.126,37.44,37.764,146899.1
2021-01-13 05:00:00,37.755,38.068,37.637,37.927,159062.95
2021-01-13 06:00:00,37.918,38.13,37.605,37.669,184152.71
2021-01-13 07:00:00,37.659,38.529,37.55,38.362,191572.62
2021-01-13 08:00:00,38.364,38.422,38.1,38.248,129016.23
2021-01-13 09:00:00,38.248,38.53,38.004,38.186,137533.38
2021-01-13 10:00:00,38.187,38.76,38.169,38.497,163843.89
2021-01-13 11:00:00,38.499,38.732,38.219,38.291,113970.11
2021-01-13 12:00:00,38.291,38.368,38.055,38.306,113517.59
2021-01-13 13:00:00,38.303,38.732,38.182,38.686,111031.26
2021-01-13 14:00:00,38.687,38.86,38.407,38.484,143149.82
2021-01-13 15:00:00,38.504,38.9,38.488,38.872,124335.02
2021-01-13 16:00:00,38.877,39.1,38.71,39.05,183619.44
2021-01-13 17:00:00,39.056,39.272,38.972,39.221,107695.87
2021-01-13 18:00:00,39.232,39.549,39.142,39.504,148037.74
2021-01-13 19:00:00,39.501,39.59,39.384,39.465,96527.75
2021-01-13 20:00:00,39.465,39.936,39.245,39.936,189250.88
2021-01-13 21:00:00,39.936,40.255,39.653,40.163,142606.8
2021-01-13 22:00:00,40.16,40.492,40.006,40.259,137610.43
2021-01-13 23:00:00,40.263,40.512,40.134,40.192,136898.53
2021-01-14 00:00:00,40.208,41.482,40.155,40.654,299567.6
2021-01-14 01:00:00,40.672,40.69,39.842,39.905,191914.59
2021-01-14 02:00:00,39.906,40.189,39.68,40.023,129029.13
2021-01-14 03:00:00,40.014,40.2,39.821,39.931,114920.45
2021-01-14 04:00:00,39.933,40.65,39.898,40.53,178152.0
2021-01-14 05:00:00,40.526,40.623,40.164,40.291,111425.2
2021-01-14 06:00:00,40.291,40.9,40.285,40.891,107796.05
2021-01-14 07:00:00,40.891,41.15,40.722,40.738,114673.98
2021-01-14 08:00:00,40.737,41.12,40.537,40.542,126878.55
2021-01-14 09:00:00,40.542,40.863,40.418,40.642,92826.19
2021-01-14 10:00:00,40.641,41.143,40.562,41.127,106732.97
2021-01-14 11:00:00,41.129,41.434,40.926,41.206,131935.19
2021-01-14 12:00:00,41.207,41.321,40.783,41.305,97722.7
2021-01-14 13:00:00,41.306,41.801,41.238,41.684,149622.97
2021-01-14 14:00:00,41.684,42.039,41.572,41.693,166533.9
2021-01-14 15:00:00,41.714,41.742,41.38,41.732,130117.97
2021-01-14 16:00:00,41.715,41.98,41.58,41.587,134121.82
2021-01-14 17:00:00,41.583,41.929,41.573,41.652,83747.82
2021-01-14 18:00:00,41.641,41.766,41.4,41.404,87636.5
2021-01-14 19:00:00,41.412,41.65,41.404,41.571,64363.27
2021-01-14 20:00:00,41.571,41.64,41.121,41.131,55177.65
2021-01-14 21:00:00,41.129,41.228,40.365,40.889,181947.65
2021-01-14 22:00:00,40.888,41.29,40.791,41.229,84078.34
2021-01-14 23:00:00,41.213,41.993,41.192,41.911,82334.49
2021-01-15 00:00:00,41.912,42.401,41.771,42.181,148674.22
2021-01-15 01:00:00,42.175,42.69,41.93,42.08,155958.67
2021-01-15 02:00:00,42.078,42.324,41.828,42.065,114947.71
2021-01-15 03:00:00,42.065,42.089,41.161,41.506,132354.04
2021-01-15 04:00:00,41.491,41.647,41.251,41.309,126589.84
2021-01-15 05:00:00,41.307,41.61,40.813,40.829,147180.65
2021-01-15 06:00:00,40.839,41.51,40.74,41.498,131136.6
2021-01-15 07:00:00,41.498,41.958,41.255,41.843,126215.36
2021-01-15 08:00:00,41.848,41.98,41.513,41.572,92415.98
2021-01-15 09:00:00,41.573,41.866,41.354,41.745,100250.08
2021-01-15 10:00:00,41.75,41.86,41.559,41.683,57352.98
2021-01-15 11:00:00,41.68,41.79,41.201,41.316,106947.19
2021-01-15 12:00:00,41.321,41.386,40.601,41.099,173746.46
2021-01-15 13:00:00,41.1,41.514,40.823,41.442,145958.93
2021-01-15 14:00:00,41.458,41.531,40.651,40.935,205637.78
2021-01-15 15:00:00,40.933,40.945,39.6,39.989,270446.85
2021-01-15 16:00:00,39.972,40.478,38.696,40.437,426585.04
2021-01-15 17:00:00,40.45,40.669,39.972,40.547,184033.08
2021-01-15 18:00:00,40.544,40.891,39.935,40.389,183040.47
2021-01-15 19:00:00,40.39,40.927,40.155,40.189,139513.94
2021-01-15 20:00:00,40.194,40.476,39.84,40.443,171680.85
2021-01-15 21:00:00,40.443,40.9,40.27,40.784,96116.36
2021-01-15 22:00:00,40.784,41.123,40.577,40.978,83912.7
2021-01-15 23:00:00,40.978,41.24,40.821,40.88,101814.57
2021-01-16 00:00:00,40.882,41.606,40.882,41.408,136281.48
2021-01-16 01:00:00,41.402,41.648,41.21,41.367,99739.87
2021-01-16 02:00:00,41.365,41.687,40.923,41.09,144621.66
2021-01-16 03:00:00,41.1,41.76,40.963,41.752,127128.41
2021-01-16 04:00:00,41.76,41.848,41.222,41.364,107081.9
2021-01-16 05:00:00,41.345,41.485,40.689,41.05,144572.53
2021-01-16 06:00:00,41.05,41.312,41.025,41.255,76562.61
2021-01-16 07:00:00,41.273,41.818,41.21,41.613,152924.97
2021-01-16 08:00:00,41.619,42.152,41.447,42.002,151367.55
2021-01-16 09:00:00,41.997,43.151,41.84,43.036,329026.54
2021-01-16 10:00:00,43.036,43.173,42.72,43.133,152654.66
2021-01-16 11:00:00,43.148,43.294,42.823,43.182,124925.02
2021-01-16 12:00:00,43.185,43.515,42.46,43.126,241245.28
2021-01-16 13:00:00,43.138,44.135,43.138,43.529,257985.86
2021-01-16 14:00:00,43.509,43.639,42.9,43.377,145999.53
2021-01-16 15:00:00,43.387,43.915,43.14,43.826,159237.86
2021-01-16 16:00:00,43.833,44.226,42.95,43.275,259043.87
2021-01-16 17:00:00,43.277,43.448,42.564,43.211,254164.38
2021-01-16 18:00:00,43.211,43.45,42.238,42.298,228850.92
2021-01-16 19:00:00,42.301,43.069,42.149,42.951,189531.87
2021-01-16 20:00:00,42.96,43.393,42.845,43.349,104261.31
2021-01-16 21:00:00,43.351,43.364,42.314,42.539,125790.8
2021-01-16 22:00:00,42.547,43.0,41.933,42.988,139975.4
2021-01-16 23:00:00,42.986,43.569,42.705,43.171,152242.67
2021-01-17 00:00:00,43.169,44.44,42.628,44.014,324546.89
2021-01-17 01:00:00,44.014,44.014,43.266,43.731,135260.43
2021-01-17 02:00:00,43.732,44.038,43.52,43.67,86005.06
2021-01-17 03:00:00,43.67,43.76,43.169,43.325,69988.32
2021-01-17 04:00:00,43.356,43.85,43.18,43.332,115688.42
2021-01-17 05:00:00,43.332,43.478,42.33,42.349,244201.32
2021-01-17 06:00:00,42.356,42.804,41.724,42.183,176300.76
2021-01-17 07:00:00,42.184,42.334,41.358,41.581,202981.76
2021-01-17 08:00:00,41.576,41.894,41.171,41.764,201004.08
2021-01-17 09:00:00,41.765,42.127,41.2,41.255,153433.45
2021-01-17 10:00:00,41.251,42.098,41.0,41.874,139569.92
2021-01-17 11:00:00,41.874,42.314,41.807,42.24,117125.05
2021-01-17 12:00:00,42.234,42.298,41.631,41.762,112632.08
2021-01-17 13:00:00,41.771,42.085,41.466,41.529,87749.54
2021-01-17 14:00:00,41.517,41.944,41.423,41.732,97494.05
2021-01-17 15:00:00,41.731,43.735,41.713,43.57,318165.1
2021-01-17 16:00:00,43.558,45.3,43.4,44.698,457628.65
2021-01-17 17:00:00,44.698,45.1,44.0,44.451,403611.51
2021-01-17 18:00:00,44.455,45.102,44.164,44.241,254576.48
2021-01-17 19:00:00,44.241,46.3,44.241,45.617,565256.58
2021-01-17 20:00:00,45.6,46.666,45.549,46.658,320790.48
2021-01-17 21:00:00,46.658,46.784,45.984,46.451,322039.77
2021-01-17 22:00:00,46.455,46.748,45.717,46.015,190018.02
2021-01-17 23:00:00,46.013,46.323,45.449,45.857,225083.49
2021-01-18 00:00:00,45.861,46.967,45.825,46.785,254315.92
2021-01-18 01:00:00,46.779,46.88,46.14,46.423,198459.72
2021-01-18 02:00:00,46.415,46.686,45.85,45.934,120476.83
2021-01-18 03:00:00,45.932,46.082,44.85,45.307,292596.02
2021-01-18 04:00:00,45.33,45.734,45.174,45.389,148891.53
2021-01-18 05:00:00,45.394,46.381,45.134,46.341,152583.53
2021-01-18 06:00:00,46.347,46.352,45.284,45.42,202691.52
2021-01-18 07:00:00,45.431,46.291,45.401,46.133,167647.29
2021-01-18 08:00:00,46.142,46.812,45.826,46.159,291610.96
2021-01-18 09:00:00,46.164,46.228,45.882,46.138,83754.47
2021-01-18 10:00:00,46.129,46.132,45.553,45.59,90624.2
2021-01-18 11:00:00,45.585,45.592,44.267,44.81,333839.44
2021-01-18 12:00:00,44.819,45.545,44.582,44.596,204836.27
2021-01-18 13:00:00,44.591,44.929,44.46,44.636,131416.94
2021-01-18 14:00:00,44.636,44.903,44.145,44.619,196664.94
2021-01-18 15:00:00,44.618,44.961,44.413,44.811,159248.75
2021-01-18 16:00:00,44.81,45.07,44.446,44.727,131210.37
2021-01-18 17:00:00,44.721,44.857,44.156,44.38,149413.79
2021-01-18 18:00:00,44.385,44.973,44.3,44.873,105514.56
2021-01-18 19:00:00,44.87,44.935,44.672,44.82,82193.54
2021-01-18 20:00:00,44.827,44.884,44.652,44.768,63613.72
2021-01-18 21:00:00,44.769,44.932,44.711,44.804,55658.5
2021-01-18 22:00:00,44.812,45.08,44.664,45.025,53259.49
2021-01-18 23:00:00,45.025,45.468,44.981,45.442,91440.71
2021-01-19 00:00:00,45.447,45.646,45.156,45.335,108962.37
2021-01-19 01:00:00,45.339,45.79,45.235,45.38,149222.41
2021-01-19 02:00:00,45.386,45.574,45.061,45.128,103757.06
2021-01-19 03:00:00,45.145,45.191,44.653,44.912,99284.85
2021-01-19 04:00:00,44.919,45.26,44.919,45.003,84582.58
2021-01-19 05:00:00,45.009,45.486,44.993,45.259,88013.34
2021-01-19 06:00:00,45.259,45.653,45.25,45.501,101656.41
2021-01-19 07:00:00,45.5,45.875,45.36,45.873,97337.45
2021-01-19 08:00:00,45.86,46.071,45.59,45.633,174645.99
2021-01-19 09:00:00,45.641,46.21,45.629,45.727,145106.6
2021-01-19 10:00:00,45.722,45.974,45.557,45.949,93719.93
2021-01-19 11:00:00,45.95,46.088,45.804,46.07,97920.82
2021-01-19 12:00:00,46.071,46.15,45.444,45.608,141961.81
2021-01-19 13:00:00,45.61,47.4,45.61,47.073,498454.18
2021-01-19 14:00:00,47.077,47.129,44.585,44.669,1013846.19
2021-01-19 15:00:00,44.655,45.05,43.8,44.231,447101.03
2021-01-19 16:00:00,44.243,44.567,43.81,43.906,273650.52
2021-01-19 17:00:00,43.913,44.104,43.67,43.745,275858.39
2021-01-19 18:00:00,43.744,43.745,42.28,42.297,446612.71
2021-01-19 19:00:00,42.296,42.899,41.686,42.538,489717.75
2021-01-19 20:00:00,42.535,42.828,42.116,42.484,277511.21
2021-01-19 21:00:00,42.452,43.2,42.382,42.922,227317.02
2021-01-19 22:00:00,42.919,43.25,42.382,42.685,175646.5
2021-01-19 23:00:00,42.688,43.425,42.353,42.492,274112.16
2021-01-20 00:00:00,42.477,42.802,42.0,42.622,267223.88
2021-01-20 01:00:00,42.62,42.685,41.903,42.282,163348.53
2021-01-20 02:00:00,42.281,42.6,41.888,42.554,165409.35
2021-01-20 03:00:00,42.558,42.676,41.186,41.355,257024.03
2021-01-20 04:00:00,41.35,41.951,40.981,41.772,228439.88
2021-01-20 05:00:00,41.772,42.121,41.628,42.097,107934.35
2021-01-20 06:00:00,42.088,42.215,41.665,41.748,114715.32
2021-01-20 07:00:00,41.746,42.574,41.676,42.269,118828.9
2021-01-20 08:00:00,42.27,42.417,41.644,41.843,126421.7
2021-01-20 09:00:00,41.843,42.05,41.124,41.304,188957.61
2021-01-20 10:00:00,41.325,41.325,40.562,41.076,287966.78
2021-01-20 11:00:00,41.076,41.23,40.195,40.762,265647.94
2021-01-20 12:00:00,40.761,41.276,40.26,41.243,207048.23
2021-01-20 13:00:00,41.246,41.708,40.656,41.665,171601.79
2021-01-20 14:00:00,41.665,41.802,41.268,41.294,141883.64
2021-01-20 15:00:00,41.295,41.567,40.878,40.977,161596.75
2021-01-20 16:00:00,40.991,42.194,40.362,42.067,365042.87
2021-01-20 17:00:00,42.07,42.13,41.613,41.815,141779.39
2021-01-20 18:00:00,41.817,42.032,41.645,42.02,77963.29
2021-01-20 19:00:00,42.02,42.343,41.974,42.29,115111.07
2021-01-20 20:00:00,42.269,42.368,41.803,41.83,84551.64
2021-01-20 21:00:00,41.831,41.94,41.457,41.885,96690.52
2021-01-20 22:00:00,41.884,42.222,41.651,42.069,62507.62
2021-01-20 23:00:00,42.07,42.653,41.93,42.607,120436.75
2021-01-21 00:00:00,42.62,42.714,42.206,42.43,106228.84
2021-01-21 01:00:00,42.427,42.468,41.741,41.883,114118.33
2021-01-21 02:00:00,41.875,41.962,41.452,41.681,111914.68
2021-01-21 03:00:00,41.682,41.897,41.268,41.674,115469.48
2021-01-21 04:00:00,41.673,42.107,41.033,41.116,120800.99
2021-01-21 05:00:00,41.143,41.6,40.94,41.577,111550.05
2021-01-21 06:00:00,41.576,41.78,41.499,41.7,65101.15
2021-01-21 07:00:00,41.704,41.938,41.52,41.578,75001.25
2021-01-21 08:00:00,41.578,41.633,40.659,40.75,136882.57
2021-01-21 09:00:00,40.746,40.966,40.132,40.518,239875.65
2021-01-21 10:00:00,40.514,40.647,39.671,40.208,248385.79
2021-01-21 11:00:00,40.206,40.323,39.711,39.711,182333.67
2021-01-21 12:00:00,39.713,40.233,39.011,40.151,269393.61
2021-01-21 13:00:00,40.152,40.751,39.95,40.285,195067.69
2021-01-21 14:00:00,40.289,40.414,39.524,40.079,355614.39
2021-01-21 15:00:00,40.074,40.646,39.771,39.795,393820.96
2021-01-21 16:00:00,39.785,40.465,39.583,39.611,242214.84
2021-01-21 17:00:00,39.61,40.268,39.587,40.069,202492.4
2021-01-21 18:00:00,40.066,40.257,39.748,40.139,106202.76
2021-01-21 19:00:00,40.138,41.081,39.981,40.643,228749.28
2021-01-21 20:00:00,40.638,40.712,40.233,40.248,155993.16
2021-01-21 21:00:00,40.257,40.603,39.642,39.644,144553.61
2021-01-21 22:00:00,39.641,39.827,38.116,38.974,308803.14
2021-01-21 23:00:00,38.98,39.389,38.501,38.647,226474.81
2021-01-22 00:00:00,38.648,38.769,36.81,37.31,496193.1
2021-01-22 01:00:00,37.306,38.3,36.938,38.192,288988.19
2021-01-22 02:00:00,38.193,38.954,37.946,38.725,238620.29
2021-01-22 03:00:00,38.727,39.34,38.352,39.278,167219.11
2021-01-22 04:00:00,39.278,39.717,39.215,39.395,168130.9
2021-01-22 05:00:00,39.397,39.888,39.143,39.677,162075.61
2021-01-22 06:00:00,39.677,40.014,39.524,39.643,137887.81
2021-01-22 07:00:00,39.645,39.971,39.136,39.344,139257.38
2021-01-22 08:00:00,39.36,39.894,39.024,39.894,163891.07
2021-01-22 09:00:00,39.893,40.211,39.61,40.05,145132.35
2021-01-22 10:00:00,40.047,40.25,39.85,40.128,132220.78
2021-01-22 11:00:00,40.133,40.6,40.126,40.429,234721.14
2021-01-22 12:00:00,40.433,40.6,40.164,40.397,107267.91
2021-01-22 13:00:00,40.398,41.221,40.226,40.925,222260.22
2021-01-22 14:00:00,40.922,41.186,40.754,40.869,142257.47
2021-01-22 15:00:00,40.869,41.205,40.542,40.672,127600.63
2021-01-22 16:00:00,40.675,40.97,40.31,40.597,143572.58
2021-01-22 17:00:00,40.601,40.827,40.379,40.598,79393.68
2021-01-22 18:00:00,40.596,41.368,40.4,41.358,138798.63
2021-01-22 19:00:00,41.359,41.426,40.858,41.102,152016.22
2021-01-22 20:00:00,41.101,41.176,40.83,40.894,104626.46
2021-01-22 21:00:00,40.894,40.957,40.388,40.464,94074.73
2021-01-22 22:00:00,40.465,40.746,40.037,40.06,102576.58
2021-01-22 23:00:00,40.059,40.906,40.048,40.863,212227.77
2021-01-23 00:00:00,40.855,40.89,40.085,40.449,171664.98
2021-01-23 01:00:00,40.447,40.668,40.153,40.532,101500.1
2021-01-23 02:00:00,40.534,40.662,40.232,40.321,96237.56
2021-01-23 03:00:00,40.315,40.739,40.229,40.7,100759.34
2021-01-23 04:00:00,40.699,40.98,40.619,40.942,143768.05
2021-01-23 05:00:00,40.929,41.091,40.676,40.997,123169.2
2021-01-23 06:00:00,40.991,41.342,40.956,41.084,126064.03
2021-01-23 07:00:00,41.085,41.414,41.072,41.172,91037.93
2021-01-23 08:00:00,41.18,41.799,41.064,41.635,139366.52
2021-01-23 09:00:00,41.638,41.77,41.08,41.155,106268.22
2021-01-23 10:00:00,41.142,41.248,40.62,40.784,116926.04
2021-01-23 11:00:00,40.784,40.852,39.751,39.846,146436.24
2021-01-23 12:00:00,39.844,40.313,39.671,39.801,139993.42
2021-01-23 13:00:00,39.803,40.335,39.504,40.103,165425.12
2021-01-23 14:00:00,40.093,40.258,39.905,40.084,99716.77
2021-01-23 15:00:00,40.083,40.55,39.993,40.45,82067.83
2021-01-23 16:00:00,40.451,40.784,40.25,40.718,113387.75
2021-01-23 17:00:00,40.717,40.825,40.562,40.759,64303.12
2021-01-23 18:00:00,40.761,40.882,40.516,40.847,59511.83
2021-01-23 19:00:00,40.852,41.102,40.827,40.995,73117.24
2021-01-23 20:00:00,40.996,41.034,40.76,40.85,55385.14
2021-01-23 21:00:00,40.848,40.998,40.508,40.81,89731.44
2021-01-23 22:00:00,40.799,41.002,40.41,40.58,73443.75
2021-01-23 23:00:00,40.578,41.0,40.321,40.925,107256.34
2021-01-24 00:00:00,40.927,41.002,40.56,40.77,111221.98
2021-01-24 01:00:00,40.764,40.995,40.656,40.748,40003.41
2021-01-24 02:00:00,40.748,41.3,40.708,41.117,63349.48
2021-01-24 03:00:00,41.121,41.5,41.107,41.441,67465.41
2021-01-24 04:00:00,41.444,41.646,41.348,41.628,93232.41
2021-01-24 05:00:00,41.628,41.947,41.561,41.743,80876.23
2021-01-24 06:00:00,41.746,42.0,41.64,41.988,70505.42
2021-01-24 07:00:00,41.993,42.035,41.674,41.897,50474.16
2021-01-24 08:00:00,41.895,42.25,41.894,41.973,81031.28
2021-01-24 09:00:00,41.973,42.223,41.902,42.127,63524.17
2021-01-24 10:00:00,42.127,42.163,41.836,41.918,73225.36
2021-01-24 11:00:00,41.923,42.273,41.902,42.144,78166.86
2021-01-24 12:00:00,42.146,42.229,41.298,41.599,147063.75
2021-01-24 13:00:00,41.6,41.65,41.312,41.325,72636.09
2021-01-24 14:00:00,41.337,41.543,41.041,41.09,69628.73
2021-01-24 15:00:00,41.091,41.339,41.066,41.192,56848.28
2021-01-24 16:00:00,41.194,41.322,40.666,40.991,142563.26
2021-01-24 17:00:00,40.992,41.32,40.804,41.198,81434.36
2021-01-24 18:00:00,41.194,41.332,41.038,41.218,56591.03
2021-01-24 19:00:00,41.218,41.269,40.28,40.793,146327.65
2021-01-24 20:00:00,40.795,41.304,40.743,41.267,65383.43
2021-01-24 21:00:00,41.265,41.435,41.192,41.388,46342.48
2021-01-24 22:00:00,41.388,41.743,41.263,41.69,42119.56
2021-01-24 23:00:00,41.687,41.9,41.65,41.85,54941.08
2021-01-25 00:00:00,41.85,42.899,41.833,42.479,205239.42
2021-01-25 01:00:00,42.463,42.569,42.233,42.492,110849.72
2021-01-25 02:00:00,42.5,42.663,42.371,42.439,64876.27
2021-01-25 03:00:00,42.437,42.793,42.437,42.748,77877.49
2021-01-25 04:00:00,42.739,42.852,42.41,42.521,74838.16
2021-01-25 05:00:00,42.521,42.567,42.385,42.453,34267.82
2021-01-25 06:00:00,42.449,42.9,42.38,42.602,95625.81
2021-01-25 07:00:00,42.603,42.66,42.044,42.229,84494.18
2021-01-25 08:00:00,42.24,42.306,42.08,42.253,50863.63
2021-01-25 09:00:00,42.256,42.338,41.68,41.821,109781.61
2021-01-25 10:00:00,41.808,42.5,41.743,42.5,111092.13
2021-01-25 11:00:00,42.497,42.718,42.4,42.598,86422.09
2021-01-25 12:00:00,42.599,42.851,42.396,42.743,106721.4
2021-01-25 13:00:00,42.743,43.435,42.68,43.183,169185.2
2021-01-25 14:00:00,43.173,43.279,42.757,42.89,137432.09
2021-01-25 15:00:00,42.906,43.174,42.692,43.057,84888.58
2021-01-25 16:00:00,43.048,43.173,42.31,42.549,117161.55
2021-01-25 17:00:00,42.549,42.89,42.414,42.458,119053.84
2021-01-25 18:00:00,42.461,42.666,42.0,42.153,90248.28
2021-01-25 19:00:00,42.161,42.517,42.0,42.0,93223.04
2021-01-25 20:00:00,42.027,42.126,41.327,41.832,163652.45
2021-01-25 21:00:00,41.841,41.847,40.5,41.215,156380.13
2021-01-25 22:00:00,41.216,41.302,40.742,41.219,82283.72
2021-01-25 23:00:00,41.205,41.848,41.004,41.826,116122.3
2021-01-26 00:00:00,41.835,42.108,41.224,41.992,152093.64
2021-01-26 01:00:00,41.999,42.019,41.688,41.931,68520.07
2021-01-26 02:00:00,41.927,42.22,41.638,42.053,80261.4
2021-01-26 03:00:00,42.058,42.556,41.01,41.016,156164.24
2021-01-26 04:00:00,41.014,41.374,40.914,41.216,86103.02
2021-01-26 05:00:00,41.208,41.456,40.919,41.219,83270.0
2021-01-26 06:00:00,41.223,41.237,40.679,40.839,61305.65
2021-01-26 07:00:00,40.841,40.973,40.627,40.931,69535.32
2021-01-26 08:00:00,40.928,41.0,40.358,40.654,88040.58
2021-01-26 09:00:00,40.653,40.737,40.179,40.444,89421.05
2021-01-26 10:00:00,40.441,41.507,40.428,41.37,158042.63
2021-01-26 11:00:00,41.365,41.372,40.484,40.564,89513.05
2021-01-26 12:00:00,40.57,40.75,39.999,40.145,112520.9
2021-01-26 13:00:00,40.142,40.785,39.997,40.548,155667.96
2021-01-26 14:00:00,40.555,40.678,39.876,40.256,98216.12
2021-01-26 15:00:00,40.256,40.79,40.256,40.682,65767.92
2021-01-26 16:00:00,40.691,40.922,40.359,40.823,161094.18
2021-01-26 17:00:00,40.825,41.13,40.716,41.101,103809.92
2021-01-26 18:00:00,41.104,41.278,41.018,41.165,66492.71
2021-01-26 19:00:00,41.162,41.32,41.07,41.24,54913.61
2021-01-26 20:00:00,41.239,41.382,41.091,41.152,51701.16
2021-01-26 21:00:00,41.155,41.354,41.001,41.028,48622.63
2021-01-26 22:00:00,41.019,41.437,40.929,41.434,47018.73
2021-01-26 23:00:00,41.436,41.904,41.382,41.873,69892.49
2021-01-27 00:00:00,41.86,42.131,41.412,41.816,144071.84
2021-01-27 01:00:00,41.816,41.911,41.502,41.591,77405.91
2021-01-27 02:00:00,41.601,41.78,41.44,41.455,55967.66
2021-01-27 03:00:00,41.447,41.56,41.2,41.337,76380.96
2021-01-27 04:00:00,41.336,41.533,41.064,41.333,57599.34
2021-01-27 05:00:00,41.334,41.471,40.988,41.13,69313.64
2021-01-27 06:00:00,41.131,41.499,41.106,41.483,49752.6
2021-01-27 07:00:00,41.481,41.77,41.325,41.676,46591.57
2021-01-27 08:00:00,41.676,41.923,41.209,41.214,98718.85
2021-01-27 09:00:00,41.214,41.418,40.424,40.851,155724.23
2021-01-27 10:00:00,40.851,41.37,40.761,41.37,99140.14
2021-01-27 11:00:00,41.37,41.665,40.7,40.707,125772.4
2021-01-27 12:00:00,40.722,41.06,40.563,40.973,119616.36
2021-01-27 13:00:00,40.974,41.13,40.5,40.522,83751.7
2021-01-27 14:00:00,40.514,40.746,39.71,39.863,171705.6
2021-01-27 15:00:00,39.861,40.775,39.75,40.595,225475.94
2021-01-27 16:00:00,40.593,40.968,40.52,40.706,183193.03
2021-01-27 17:00:00,40.706,40.906,40.433,40.767,94699.18
2021-01-27 18:00:00,40.75,40.807,40.0,40.051,121712.89
2021-01-27 19:00:00,40.06,40.958,40.045,40.721,116732.11
2021-01-27 20:00:00,40.727,41.168,40.586,41.101,93143.55
2021-01-27 21:00:00,41.111,41.166,40.815,41.001,75076.58
2021-01-27 22:00:00,41.003,41.408,40.772,41.005,68412.83
2021-01-27 23:00:00,41.016,41.162,40.753,40.902,87762.55
2021-01-28 00:00:00,40.907,41.16,40.36,41.121,119050.44
2021-01-28 01:00:00,41.126,41.513,40.968,41.494,69409.57
2021-01-28 02:00:00,41.504,41.981,41.395,41.671,108089.51
2021-01-28 03:00:00,41.673,41.978,41.576,41.917,56587.81
2021-01-28 04:00:00,41.92,42.026,41.606,41.953,66524.28
2021-01-28 05:00:00,41.956,42.474,41.871,42.423,93616.93
2021-01-28 06:00:00,42.422,42.476,42.276,42.375,86848.78
2021-01-28 07:00:00,42.38,42.49,41.77,41.967,125450.85
2021-01-28 08:00:00,41.968,42.319,41.898,42.187,121746.24
2021-01-28 09:00:00,42.187,42.47,41.885,42.455,91924.36
2021-01-28 10:00:00,42.454,42.794,42.244,42.491,178924.11
2021-01-28 11:00:00,42.513,42.67,42.093,42.283,87703.85
2021-01-28 12:00:00,42.297,42.388,41.99,42.173,137224.66
2021-01-28 13:00:00,42.176,42.474,42.057,42.437,91504.95
2021-01-28 14:00:00,42.441,42.451,42.12,42.189,68044.27
2021-01-28 15:00:00,42.184,42.273,41.95,42.251,80892.73
2021-01-28 16:00:00,42.253,42.403,42.076,42.188,100836.03
2021-01-28 17:00:00,42.179,42.378,41.957,42.37,82374.33
2021-01-28 18:00:00,42.367,42.4,42.2,42.338,100047.97
2021-01-28 19:00:00,42.34,42.421,42.218,42.396,48294.56
2021-01-28 20:00:00,42.389,42.719,42.367,42.642,88329.77
2021-01-28 21:00:00,42.643,42.842,42.53,42.802,73136.74
2021-01-28 22:00:00,42.798,42.999,42.786,42.858,52732.16
2021-01-28 23:00:00,42.862,42.874,42.262,42.452,112068.02
2021-01-29 00:00:00,42.452,42.8,42.292,42.293,123054.68
2021-01-29 01:00:00,42.298,42.407,42.106,42.373,84558.81
2021-01-29 02:00:00,42.378,42.744,42.362,42.717,89735.82
2021-01-29 03:00:00,42.72,42.73,42.253,42.372,87594.51
2021-01-29 04:00:00,42.36,42.422,41.837,42.154,154937.36
2021-01-29 05:00:00,42.156,42.68,42.018,42.675,122440.26
2021-01-29 06:00:00,42.672,42.794,42.41,42.457,77191.64
2021-01-29 07:00:00,42.454,42.635,42.185,42.603,93551.55
2021-01-29 08:00:00,42.607,43.5,42.358,43.317,221755.09
2021-01-29 09:00:00,43.317,43.633,42.855,43.534,374069.66
2021-01-29 10:00:00,43.551,43.633,43.153,43.366,174671.37
2021-01-29 11:00:00,43.362,44.019,43.354,43.819,151206.34
2021-01-29 12:00:00,43.819,43.978,43.552,43.913,115278.14
2021-01-29 13:00:00,43.919,44.1,43.693,43.929,83070.64
2021-01-29 14:00:00,43.929,43.996,43.364,43.682,126321.6
2021-01-29 15:00:00,43.689,43.744,43.401,43.608,69086.37
2021-01-29 16:00:00,43.608,43.714,43.236,43.346,89687.49
2021-01-29 17:00:00,43.345,43.933,43.1,43.175,143264.35
2021-01-29 18:00:00,43.194,43.3,42.06,42.628,162160.75
2021-01-29 19:00:00,42.623,42.777,42.066,42.33,121396.36
2021-01-29 20:00:00,42.325,42.559,42.048,42.405,96987.85
2021-01-29 21:00:00,42.402,42.556,42.221,42.526,61279.34
2021-01-29 22:00:00,42.546,42.995,42.49,42.785,83257.4
2021-01-29 23:00:00,42.782,42.949,42.63,42.863,60745.06
2021-01-30 00:00:00,42.869,43.149,42.774,42.864,60212.11
2021-01-30 01:00:00,42.864,43.188,42.692,42.778,53381.96
2021-01-30 02:00:00,42.778,43.169,42.6,42.813,59237.82
2021-01-30 03:00:00,42.799,43.027,42.733,42.984,61758.12
2021-01-30 04:00:00,42.983,43.286,42.907,43.161,50166.5
2021-01-30 05:00:00,43.16,43.29,42.95,43.016,56726.43
2021-01-30 06:00:00,43.012,43.204,42.833,43.151,54536.86
2021-01-30 07:00:00,43.149,43.43,43.113,43.413,64068.49
2021-01-30 08:00:00,43.411,43.5,43.275,43.325,60170.11
2021-01-30 09:00:00,43.33,43.591,43.314,43.543,69688.38
2021-01-30 10:00:00,43.543,43.631,43.384,43.63,99068.7
2021-01-30 11:00:00,43.628,43.83,43.513,43.748,101719.37
2021-01-30 12:00:00,43.748,44.478,43.726,44.226,151987.2
2021-01-30 13:00:00,44.218,44.676,44.119,44.155,145811.2
2021-01-30 14:00:00,44.163,44.724,44.163,44.645,113111.91
2021-01-30 15:00:00,44.646,45.156,44.642,44.918,157673.49
2021-01-30 16:00:00,44.913,44.945,44.312,44.78,150895.69
2021-01-30 17:00:00,44.788,44.986,44.338,44.869,124030.76
2021-01-30 18:00:00,44.867,44.93,44.522,44.683,51667.65
2021-01-30 19:00:00,44.682,44.878,44.557,44.798,49374.48
2021-01-30 20:00:00,44.799,45.08,44.73,44.809,62587.31
2021-01-30 21:00:00,44.811,44.932,44.595,44.689,44431.79
2021-01-30 22:00:00,44.688,45.043,44.666,44.923,41180.03
2021-01-30 23:00:00,44.928,45.042,44.612,44.744,70115.95
2021-01-31 00:00:00,44.74,45.707,44.558,45.4,165797.25
2021-01-31 01:00:00,45.402,45.447,45.034,45.133,104898.26
2021-01-31 02:00:00,45.136,45.218,44.6,44.796,70227.49
2021-01-31 03:00:00,44.798,44.798,44.419,44.614,54213.39
2021-01-31 04:00:00,44.616,44.949,44.568,44.695,48981.57
2021-01-31 05:00:00,44.694,44.782,44.04,44.207,96678.9
2021-01-31 06:00:00,44.208,44.212,43.833,43.884,68707.78
2021-01-31 07:00:00,43.883,44.25,43.833,44.238,49256.94
2021-01-31 08:00:00,44.233,44.3,43.918,44.179,56862.16
2021-01-31 09:00:00,44.179,44.392,44.051,44.114,47301.1
2021-01-31 10:00:00,44.111,44.523,43.944,44.522,60254.86
2021-01-31 11:00:00,44.522,45.037,44.512,44.988,77110.66
2021-01-31 12:00:00,44.985,44.985,44.428,44.64,132838.97
2021-01-31 13:00:00,44.636,44.8,44.323,44.373,43677.98
2021-01-31 14:00:00,44.37,44.475,43.977,43.99,90897.02
2021-01-31 15:00:00,43.979,44.099,43.374,43.639,178609.17
2021-01-31 16:00:00,43.643,43.999,43.44,43.911,97881.26
2021-01-31 17:00:00,43.91,44.19,43.622,43.708,87559.66
2021-01-31 18:00:00,43.695,43.968,43.418,43.421,55643.19
2021-01-31 19:00:00,43.422,44.032,43.418,44.024,49223.9
2021-01-31 20:00:00,44.023,44.032,43.658,43.833,32515.15
2021-01-31 21:00:00,43.832,43.858,43.489,43.489,36795.2
2021-01-31 22:00:00,43.489,43.957,43.479,43.93,27586.94
2021-01-31 23:00:00,43.932,44.418,43.873,44.353,38456.53
2021-02-01 00:00:00,44.345,44.352,43.418,43.739,104155.32
2021-02-01 01:00:00,43.733,44.555,43.642,44.343,69503.96
2021-02-01 02:00:00,44.347,44.634,44.231,44.357,51862.47
2021-02-01 03:00:00,44.363,44.617,44.285,44.612,45302.96
2021-02-01 04:00:00,44.607,44.975,44.545,44.915,58451.54
2021-02-01 05:00:00,44.915,45.526,44.854,45.471,83835.82
2021-02-01 06:00:00,45.472,45.888,45.0,45.38,186937.97
2021-02-01 07:00:00,45.375,45.948,45.244,45.699,128887.83
2021-02-01 08:00:00,45.702,46.0,45.533,45.981,99384.97
2021-02-01 09:00:00,45.98,47.3,45.907,47.075,330571.19
2021-02-01 10:00:00,47.086,47.553,46.814,47.215,218100.68
2021-02-01 11:00:00,47.214,49.499,47.194,48.655,498802.31
2021-02-01 12:00:00,48.634,49.321,47.661,48.131,333316.57
2021-02-01 13:00:00,48.133,49.0,47.306,48.059,610587.91
2021-02-01 14:00:00,48.045,48.943,47.2,48.929,300218.31
2021-02-01 15:00:00,48.905,50.17,48.136,48.258,704920.58
2021-02-01 16:00:00,48.279,48.939,48.198,48.636,217903.21
2021-02-01 17:00:00,48.637,49.726,48.579,49.616,206279.84
2021-02-01 18:00:00,49.615,49.73,48.837,49.145,153175.76
2021-02-01 19:00:00,49.141,49.59,48.943,49.547,120427.61
2021-02-01 20:00:00,49.539,49.594,48.764,48.914,102382.94
2021-02-01 21:00:00,48.907,51.792,48.812,51.427,483473.55
2021-02-01 22:00:00,51.428,52.578,50.883,51.958,381544.76
2021-02-01 23:00:00,51.964,51.984,50.767,51.483,302754.84
2021-02-02 00:00:00,51.461,51.778,50.632,50.825,252006.96
2021-02-02 01:00:00,50.845,51.105,50.267,50.821,163552.88
2021-02-02 02:00:00,50.806,50.99,50.337,50.434,118143.26
2021-02-02 03:00:00,50.415,50.602,50.105,50.184,97908.77
2021-02-02 04:00:00,50.196,50.834,50.06,50.707,104517.71
2021-02-02 05:00:00,50.698,50.83,49.344,49.715,232710.15
2021-02-02 06:00:00,49.719,50.862,49.315,50.777,301675.65
2021-02-02 07:00:00,50.774,50.801,49.6,50.138,207098.2
2021-02-02 08:00:00,50.132,50.938,50.037,50.645,179808.01
2021-02-02 09:00:00,50.626,52.514,50.18,51.375,538941.98
2021-02-02 10:00:00,51.359,52.333,51.092,52.033,303672.03
2021-02-02 11:00:00,52.037,52.888,51.686,51.878,343037.19
2021-02-02 12:00:00,51.885,52.336,51.591,51.702,163825.13
2021-02-02 13:00:00,51.696,52.162,50.5,50.7,352474.99
2021-02-02 14:00:00,50.7,51.159,49.754,50.913,260923.88
2021-02-02 15:00:00,50.91,51.104,50.028,50.174,137901.23
2021-02-02 16:00:00,50.195,50.325,49.701,50.222,158784.84
2021-02-02 17:00:00,50.22,50.34,49.556,50.32,104395.93
2021-02-02 18:00:00,50.316,50.53,49.869,50.429,88299.0
2021-02-02 19:00:00,50.428,50.464,50.103,50.205,84149.54
2021-02-02 20:00:00,50.205,50.218,49.735,49.994,91014.03
2021-02-02 21:00:00,50.01,50.23,49.883,50.085,42611.15
2021-02-02 22:00:00,50.085,51.354,50.076,51.177,148213.6
2021-02-02 23:00:00,51.169,51.225,50.727,50.914,95599.43
2021-02-03 00:00:00,50.906,51.464,50.733,51.313,115018.93
2021-02-03 01:00:00,51.304,51.85,50.866,50.947,136720.01
2021-02-03 02:00:00,50.945,51.451,50.888,51.313,89067.83
2021-02-03 03:00:00,51.315,51.35,50.73,50.999,78428.41
2021-02-03 04:00:00,50.998,51.08,50.496,50.769,90999.57
2021-02-03 05:00:00,50.766,50.82,50.509,50.549,71679.7
2021-02-03 06:00:00,50.55,50.986,50.498,50.86,63055.99
2021-02-03 07:00:00,50.867,51.049,50.159,50.209,88807.02
2021-02-03 08:00:00,50.207,50.366,49.751,50.365,130978.2
2021-02-03 09:00:00,50.356,50.478,50.05,50.416,82014.52
2021-02-03 10:00:00,50.411,51.173,50.368,51.053,97647.39
2021-02-03 11:00:00,51.047,51.24,50.852,50.981,86296.13
2021-02-03 12:00:00,50.981,51.007,50.31,50.672,105232.16
2021-02-03 13:00:00,50.664,50.961,50.526,50.802,112246.39
2021-02-03 14:00:00,50.804,51.01,50.55,50.903,58891.98
2021-02-03 15:00:00,50.903,51.43,50.756,51.141,145548.71
2021-02-03 16:00:00,51.143,51.35,50.7,51.029,101082.37
2021-02-03 17:00:00,51.029,51.5,51.005,51.414,75443.7
2021-02-03 18:00:00,51.416,51.6,51.25,51.481,77464.61
2021-02-03 19:00:00,51.472,51.492,51.286,51.312,44606.82
2021-02-03 20:00:00,51.31,51.428,50.918,51.298,64554.67
2021-02-03 21:00:00,51.298,52.059,51.287,51.94,76041.96
2021-02-03 22:00:00,51.934,52.273,51.702,52.192,81460.51
2021-02-03 23:00:00,52.197,52.694,52.049,52.096,109490.03
2021-02-04 00:00:00,52.095,53.632,52.089,53.367,160035.75
2021-02-04 01:00:00,53.349,53.527,52.725,53.014,155293.28
2021-02-04 02:00:00,53.016,53.238,52.27,52.751,85824.63
2021-02-04 03:00:00,52.751,53.025,52.13,52.158,90558.73
2021-02-04 04:00:00,52.161,53.083,52.153,53.012,74596.5
2021-02-04 05:00:00,53.015,53.131,52.5,52.536,66126.46
2021-02-04 06:00:00,52.533,52.985,52.483,52.831,71642.63
2021-02-04 07:00:00,52.83,53.479,52.83,53.012,163072.4
2021-02-04 08:00:00,53.016,53.3,52.143,52.193,249640.76
2021-02-04 09:00:00,52.191,52.454,51.008,52.1,262294.78
2021-02-04 10:00:00,52.102,53.162,52.101,53.098,121118.76
2021-02-04 11:00:00,53.097,53.097,52.585,52.595,100313.54
2021-02-04 12:00:00,52.586,54.175,52.41,54.051,214183.25
2021-02-04 13:00:00,54.05,54.15,53.457,53.76,151223.09
2021-02-04 14:00:00,53.769,54.5,53.187,53.527,230286.75
2021-02-04 15:00:00,53.536,53.733,52.311,53.106,255753.97
2021-02-04 16:00:00,53.106,54.061,52.903,54.028,126872.89
2021-02-04 17:00:00,54.028,54.379,53.894,54.298,131057.64
2021-02-04 18:00:00,54.297,55.163,53.97,54.768,187902.31
2021-02-04 19:00:00,54.783,56.204,54.622,56.117,176566.97
2021-02-04 20:00:00,56.119,56.3,55.367,55.946,141640.94
2021-02-04 21:00:00,55.943,56.9,55.904,56.869,151637.12
2021-02-04 22:00:00,56.88,56.948,54.882,56.006,206481.45
2021-02-04 23:00:00,56.014,56.883,55.814,55.968,168539.31
2021-02-05 00:00:00,55.96,57.5,55.925,57.258,206349.9
2021-02-05 01:00:00,57.262,57.913,56.528,56.572,172890.22
2021-02-05 02:00:00,56.57,57.1,56.528,56.879,83058.64
2021-02-05 03:00:00,56.883,56.927,56.404,56.879,69709.23
2021-02-05 04:00:00,56.868,57.008,56.594,56.705,49199.76
2021-02-05 05:00:00,56.705,56.85,56.285,56.435,59661.65
2021-02-05 06:00:00,56.438,57.89,56.435,57.787,131667.85
2021-02-05 07:00:00,57.786,58.162,57.5,57.821,126352.05
2021-02-05 08:00:00,57.815,58.123,57.001,58.115,139119.24
2021-02-05 09:00:00,58.114,59.474,58.055,58.379,301719.04
2021-02-05 10:00:00,58.377,59.448,58.362,58.863,144308.46
2021-02-05 11:00:00,58.863,59.87,58.791,59.513,167765.48
2021-02-05 12:00:00,59.511,60.187,59.0,59.166,244701.32
2021-02-05 13:00:00,59.164,60.178,59.124,59.784,278710.06
2021-02-05 14:00:00,59.784,60.094,59.387,59.88,130993.33
2021-02-05 15:00:00,59.878,61.556,59.27,60.751,317958.64
2021-02-05 16:00:00,60.765,61.368,59.268,60.059,252688.18
2021-02-05 17:00:00,60.031,60.865,59.776,60.859,242387.91
2021-02-05 18:00:00,60.867,61.992,60.539,60.932,299119.26
2021-02-05 19:00:00,60.959,62.788,60.734,62.437,261006.32
2021-02-05 20:00:00,62.437,64.58,62.103,63.406,600429.08
2021-02-05 21:00:00,63.38,66.332,62.995,66.042,489954.82
2021-02-05 22:00:00,66.042,68.515,64.944,66.694,561422.61
2021-02-05 23:00:00,66.694,68.8,66.694,67.736,430218.89
2021-02-06 00:00:00,67.69,67.772,64.22,65.956,716944.53
2021-02-06 01:00:00,65.957,66.979,61.52,63.676,751061.21
2021-02-06 02:00:00,63.698,66.087,63.482,65.014,568371.81
2021-02-06 03:00:00,65.019,66.142,64.652,65.325,291824.54
2021-02-06 04:00:00,65.34,65.968,64.457,65.059,161515.31
2021-02-06 05:00:00,65.06,66.141,64.89,65.984,132909.58
2021-02-06 06:00:00,65.984,69.922,65.787,69.444,473775.55
2021-02-06 07:00:00,69.457,71.8,68.366,70.342,1039475.54
2021-02-06 08:00:00,70.325,72.581,70.325,72.051,731164.45
2021-02-06 09:00:00,72.034,75.187,71.31,74.038,1045910.57
2021-02-06 10:00:00,74.011,75.538,72.3,72.991,954198.14
2021-02-06 11:00:00,73.027,74.33,71.359,74.144,709328.13
2021-02-06 12:00:00,74.15,74.787,73.442,73.478,499016.24
2021-02-06 13:00:00,73.457,75.393,73.398,74.65,525971.5
2021-02-06 14:00:00,74.649,74.682,72.5,73.299,527580.87
2021-02-06 15:00:00,73.299,73.305,71.45,71.478,452314.4
2021-02-06 16:00:00,71.478,74.322,71.455,73.347,560956.21
2021-02-06 17:00:00,73.342,73.49,72.213,72.864,222586.67
2021-02-06 18:00:00,72.868,72.99,70.408,71.153,497627.11
2021-02-06 19:00:00,71.142,71.392,69.75,71.294,353397.44
2021-02-06 20:00:00,71.297,71.39,69.18,70.416,270617.52
2021-02-06 21:00:00,70.412,73.057,70.206,72.859,428519.57
2021-02-06 22:00:00,72.871,73.2,72.281,73.041,208378.84
2021-02-06 23:00:00,73.066,73.127,71.289,72.555,234722.14
2021-02-07 00:00:00,72.548,74.5,72.15,73.461,402692.12
2021-02-07 01:00:00,73.457,73.781,71.0,71.072,244840.09
2021-02-07 02:00:00,71.079,71.45,68.131,71.255,496645.68
2021-02-07 03:00:00,71.267,71.297,69.156,69.803,226629.56
2021-02-07 04:00:00,69.797,70.573,67.65,68.682,308145.88
2021-02-07 05:00:00,68.659,69.346,68.0,68.752,285894.7
2021-02-07 06:00:00,68.744,69.802,68.091,69.263,248387.26
2021-02-07 07:00:00,69.299,71.575,69.056,71.317,362829.12
2021-02-07 08:00:00,71.316,71.35,69.343,69.513,262776.25
2021-02-07 09:00:00,69.525,70.86,69.475,69.915,255987.0
2021-02-07 10:00:00,69.902,71.208,69.87,70.375,188832.68
2021-02-07 11:00:00,70.38,70.563,69.28,70.071,164372.54
2021-02-07 12:00:00,70.085,70.5,69.351,70.336,169587.69
2021-02-07 13:00:00,70.325,70.939,69.67,69.866,198319.49
2021-02-07 14:00:00,69.861,69.864,68.178,68.22,254311.02
2021-02-07 15:00:00,68.219,68.759,65.0,66.551,608966.86
2021-02-07 16:00:00,66.551,67.08,64.034,66.615,619979.19
2021-02-07 17:00:00,66.632,67.8,66.367,66.782,265169.7
2021-02-07 18:00:00,66.789,67.866,66.342,67.448,180522.62
2021-02-07 19:00:00,67.463,68.667,67.263,67.468,182832.13
2021-02-07 20:00:00,67.487,67.8,66.729,67.351,217722.26
2021-02-07 21:00:00,67.351,68.331,67.218,67.991,130836.37
2021-02-07 22:00:00,67.979,68.008,66.544,67.69,138538.21
2021-02-07 23:00:00,67.721,68.95,67.537,68.269,156755.26
2021-02-08 00:00:00,68.259,69.964,67.932,68.52,303792.65
2021-02-08 01:00:00,68.517,69.0,68.02,68.7,146956.78
2021-02-08 02:00:00,68.71,69.469,67.4,68.111,245915.88
2021-02-08 03:00:00,68.116,69.703,67.898,69.4,176827.32
2021-02-08 04:00:00,69.364,73.931,69.206,71.967,667028.79
2021-02-08 05:00:00,71.975,72.56,71.2,72.221,235886.31
2021-02-08 06:00:00,72.206,72.361,71.469,71.894,185340.5
2021-02-08 07:00:00,71.902,74.777,71.901,73.297,539894.89
2021-02-08 08:00:00,73.275,73.276,70.652,71.135,362898.16
2021-02-08 09:00:00,71.135,72.625,70.928,71.224,524135.36
2021-02-08 10:00:00,71.225,73.0,71.22,72.915,417688.29
2021-02-08 11:00:00,72.911,72.98,71.947,72.756,288425.35
2021-02-08 12:00:00,72.759,73.255,71.69,72.684,334225.51
2021-02-08 13:00:00,72.684,73.248,71.756,73.207,311190.16
2021-02-08 14:00:00,73.204,76.101,72.856,75.609,681950.33
2021-02-08 15:00:00,75.639,75.639,73.51,73.764,314282.66
2021-02-08 16:00:00,73.776,74.679,73.358,74.195,242394.16
2021-02-08 17:00:00,74.199,74.6,73.453,74.356,160697.33
2021-02-08 18:00:00,74.357,74.77,73.804,74.648,189553.04
2021-02-08 19:00:00,74.651,76.284,74.622,75.882,255349.24
2021-02-08 20:00:00,75.868,77.727,75.39,76.35,438088.13
2021-02-08 21:00:00,76.364,78.309,76.186,77.397,280400.15
2021-02-08 22:00:00,77.396,79.158,77.06,79.004,254923.53
2021-02-08 23:00:00,78.945,80.386,77.697,80.146,368949.29
2021-02-09 00:00:00,80.146,82.685,79.273,81.914,676149.63
2021-02-09 01:00:00,81.914,82.289,80.317,81.338,372870.22
2021-02-09 02:00:00,81.33,81.402,78.785,79.293,298408.45
2021-02-09 03:00:00,79.278,81.338,78.792,81.141,206557.84
2021-02-09 04:00:00,81.14,83.917,81.054,83.773,326091.53
2021-02-09 05:00:00,83.786,86.0,83.437,85.973,350081.91
2021-02-09 06:00:00,85.996,96.0,84.77,94.0,1327757.25
2021-02-09 07:00:00,94.0,97.352,91.149,92.95,1318522.43
2021-02-09 08:00:00,92.988,94.996,91.527,94.174,538890.73
2021-02-09 09:00:00,94.136,95.794,92.618,93.731,518548.44
2021-02-09 10:00:00,93.724,94.337,91.341,91.512,450958.47
2021-02-09 11:00:00,91.535,95.87,91.5,94.883,436083.25
2021-02-09 12:00:00,94.874,95.73,92.215,92.539,452766.09
2021-02-09 13:00:00,92.531,101.14,91.821,98.407,1458996.93
2021-02-09 14:00:00,98.404,99.0,96.43,98.403,663715.86
2021-02-09 15:00:00,98.35,106.291,98.074,105.204,1430778.38
2021-02-09 16:00:00,105.141,116.592,104.0,113.221,2112585.28
2021-02-09 17:00:00,113.16,114.877,105.255,108.397,1316119.13
2021-02-09 18:00:00,108.417,110.263,102.2,104.213,780062.04
2021-02-09 19:00:00,104.227,109.124,104.002,108.515,512848.76
2021-02-09 20:00:00,108.537,108.542,105.033,106.605,323323.14
2021-02-09 21:00:00,106.603,111.949,105.747,109.999,455763.5
2021-02-09 22:00:00,109.976,112.738,108.145,111.13,544854.2
2021-02-09 23:00:00,111.152,111.201,106.45,107.249,465957.63
2021-02-10 00:00:00,107.254,115.685,107.25,113.843,584099.52
2021-02-10 01:00:00,113.749,115.8,111.356,112.53,551453.91
2021-02-10 02:00:00,112.56,116.8,111.939,116.37,502189.13
2021-02-10 03:00:00,116.442,118.393,114.05,117.602,481679.55
2021-02-10 04:00:00,117.686,121.075,113.315,119.859,1108280.03
2021-02-10 05:00:00,119.781,134.9,119.29,131.4,2200993.62
2021-02-10 06:00:00,131.402,135.0,126.4,129.108,1598627.62
2021-02-10 07:00:00,129.092,144.214,129.018,142.644,1596857.92
2021-02-10 08:00:00,142.633,148.9,138.13,147.561,1984957.77
2021-02-10 09:00:00,147.559,148.6,139.0,139.146,1587410.58
2021-02-10 10:00:00,139.125,146.96,138.299,145.775,923897.08
2021-02-10 11:00:00,145.783,146.109,134.251,134.945,1048875.39
2021-02-10 12:00:00,134.876,138.188,115.864,128.723,3567677.97
2021-02-10 13:00:00,128.656,132.939,123.451,130.29,1838479.36
2021-02-10 14:00:00,130.321,134.0,120.46,121.868,1549818.63
2021-02-10 15:00:00,121.92,124.841,116.0,121.583,1698238.09
2021-02-10 16:00:00,121.543,129.253,119.994,127.768,1081108.86
2021-02-10 17:00:00,127.724,133.14,124.011,132.473,664592.58
2021-02-10 18:00:00,132.473,132.927,126.057,128.405,645364.81
2021-02-10 19:00:00,128.405,129.145,125.1,127.798,443240.61
2021-02-10 20:00:00,127.795,128.18,120.7,121.669,578418.62
2021-02-10 21:00:00,121.638,128.9,121.506,126.73,433606.7
2021-02-10 22:00:00,126.728,128.97,125.422,127.634,269088.42
2021-02-10 23:00:00,127.638,131.49,125.32,128.901,382379.03
2021-02-11 00:00:00,128.9,129.855,123.0,124.243,371321.22
2021-02-11 01:00:00,124.271,127.22,121.7,124.946,326312.5
2021-02-11 02:00:00,124.954,127.817,124.95,127.204,131140.75
2021-02-11 03:00:00,127.211,128.598,126.54,128.5,131360.18
2021-02-11 04:00:00,128.5,128.8,126.355,126.355,146143.2
2021-02-11 05:00:00,126.356,130.45,126.253,127.338,286854.58
2021-02-11 06:00:00,127.37,128.0,124.6,126.298,242214.59
2021-02-11 07:00:00,126.299,127.0,121.198,122.935,411753.88
2021-02-11 08:00:00,122.912,124.073,121.338,123.26,374363.04
2021-02-11 09:00:00,123.255,125.398,121.111,124.87,299223.9
2021-02-11 10:00:00,124.925,125.833,122.855,124.149,295719.94
2021-02-11 11:00:00,124.16,125.249,118.0,119.096,536731.97
2021-02-11 12:00:00,119.101,122.5,119.085,122.381,427848.97
2021-02-11 13:00:00,122.409,133.605,122.38,127.822,1199504.14
2021-02-11 14:00:00,127.836,130.5,126.392,127.713,447678.84
2021-02-11 15:00:00,127.755,128.5,126.13,127.063,303900.96
2021-02-11 16:00:00,127.079,128.588,122.211,124.211,487545.11
2021-02-11 17:00:00,124.236,125.268,122.411,123.992,210297.82
2021-02-11 18:00:00,123.985,126.427,123.852,124.458,191398.06
2021-02-11 19:00:00,124.467,124.547,121.133,122.51,199633.61
2021-02-11 20:00:00,122.48,124.585,121.0,121.737,223049.1
2021-02-11 21:00:00,121.677,123.213,120.02,122.081,201824.81
2021-02-11 22:00:00,122.102,126.0,121.1,124.168,208366.1
2021-02-11 23:00:00,124.095,125.575,123.19,124.11,244453.59
2021-02-12 00:00:00,124.148,124.783,122.124,124.063,232557.11
2021-02-12 01:00:00,124.124,125.6,122.89,124.788,104768.8
2021-02-12 02:00:00,124.788,128.5,124.648,126.3,282659.84
2021-02-12 03:00:00,126.299,126.49,123.648,124.227,254772.44
2021-02-12 04:00:00,124.227,124.472,121.0,123.165,242529.85
2021-02-12 05:00:00,123.209,126.736,122.843,125.262,208681.72
2021-02-12 06:00:00,125.256,126.661,123.3,125.525,167223.9
2021-02-12 07:00:00,125.518,126.3,123.731,124.217,140677.46
2021-02-12 08:00:00,124.18,127.07,124.12,126.477,193337.36
2021-02-12 09:00:00,126.457,129.065,125.019,126.103,360986.74
2021-02-12 10:00:00,126.155,128.5,126.1,127.244,190054.85
2021-02-12 11:00:00,127.244,131.482,126.934,131.456,429854.32
2021-02-12 12:00:00,131.396,141.85,129.963,138.18,1283841.1
2021-02-12 13:00:00,138.168,140.33,133.35,135.065,596590.82
2021-02-12 14:00:00,135.078,136.25,126.186,130.27,718925.91
2021-02-12 15:00:00,130.261,134.71,130.203,133.804,504443.72
2021-02-12 16:00:00,133.817,139.24,133.73,136.494,567538.26
2021-02-12 17:00:00,136.509,139.21,136.213,138.075,316993.81
2021-02-12 18:00:00,138.09,138.33,133.84,135.371,349089.11
2021-02-12 19:00:00,135.359,136.4,133.408,135.615,207242.31
2021-02-12 20:00:00,135.592,137.343,134.813,135.527,214341.1
2021-02-12 21:00:00,135.53,136.108,134.079,134.444,121781.51
2021-02-12 22:00:00,134.431,136.449,133.642,136.015,141005.96
2021-02-12 23:00:00,136.012,137.0,134.442,136.745,149588.2
2021-02-13 00:00:00,136.728,139.0,135.354,135.622,200821.42
2021-02-13 01:00:00,135.622,136.334,134.7,136.238,119144.53
2021-02-13 02:00:00,136.217,136.269,134.7,134.789,95559.54
2021-02-13 03:00:00,134.77,134.993,133.265,134.079,151173.34
2021-02-13 04:00:00,134.11,135.115,133.586,134.536,119891.36
2021-02-13 05:00:00,134.582,134.937,132.416,133.815,118463.97
2021-02-13 06:00:00,133.815,133.881,131.091,133.344,124172.67
2021-02-13 07:00:00,133.365,133.55,130.17,130.345,140264.39
2021-02-13 08:00:00,130.379,134.128,130.0,133.324,181093.55
2021-02-13 09:00:00,133.307,133.307,131.214,131.525,141268.21
2021-02-13 10:00:00,131.511,131.511,125.63,126.823,417904.64
2021-02-13 11:00:00,126.838,129.524,124.951,127.88,460160.15
2021-02-13 12:00:00,127.88,129.897,126.149,128.793,243917.08
2021-02-13 13:00:00,128.772,131.879,128.237,131.435,236676.59
2021-02-13 14:00:00,131.435,131.445,128.935,130.113,196751.64
2021-02-13 15:00:00,130.113,132.2,129.9,131.134,228163.47
2021-02-13 16:00:00,131.151,132.464,130.5,131.333,158083.98
2021-02-13 17:00:00,131.361,131.504,130.217,131.161,102166.98
2021-02-13 18:00:00,131.132,132.893,130.859,132.192,130103.67
2021-02-13 19:00:00,132.192,134.416,131.378,133.544,204642.69
2021-02-13 20:00:00,133.549,133.588,130.6,131.311,171156.88
2021-02-13 21:00:00,131.31,133.38,131.231,132.751,167509.96
2021-02-13 22:00:00,132.775,133.926,131.598,133.301,106122.78
2021-02-13 23:00:00,133.335,135.608,132.97,133.5,219996.15
2021-02-14 00:00:00,133.5,135.314,131.731,132.925,238786.2
2021-02-14 01:00:00,132.864,133.064,129.405,130.901,133647.91
2021-02-14 02:00:00,130.942,132.038,130.674,130.793,119332.05
2021-02-14 03:00:00,130.718,131.785,129.08,129.349,99953.29
2021-02-14 04:00:00,129.355,131.255,128.541,130.106,114551.82
2021-02-14 05:00:00,130.106,130.587,128.787,129.355,107713.3
2021-02-14 06:00:00,129.358,133.412,128.907,132.741,186405.81
2021-02-14 07:00:00,132.731,133.257,130.452,130.486,134523.49
2021-02-14 08:00:00,130.501,132.393,130.487,131.562,100042.16
2021-02-14 09:00:00,131.562,132.915,131.4,132.323,108177.73
2021-02-14 10:00:00,132.332,137.36,132.12,135.192,438138.81
2021-02-14 11:00:00,135.192,136.83,133.111,136.705,267259.34
2021-02-14 12:00:00,136.7,140.417,135.061,138.197,497439.29
2021-02-14 13:00:00,138.233,139.418,133.88,134.799,388222.71
2021-02-14 14:00:00,134.806,136.8,128.598,131.722,470324.57
2021-02-14 15:00:00,131.823,133.992,129.0,131.409,446780.94
2021-02-14 16:00:00,131.486,134.511,131.064,134.446,253753.07
2021-02-14 17:00:00,134.44,135.219,132.159,132.797,242628.52
2021-02-14 18:00:00,132.811,134.265,132.355,134.089,116506.9
2021-02-14 19:00:00,134.087,135.075,132.733,134.089,125630.66
2021-02-14 20:00:00,134.071,136.11,133.555,135.451,162115.6
2021-02-14 21:00:00,135.464,138.681,134.942,137.446,207416.72
2021-02-14 22:00:00,137.438,137.474,135.144,136.6,164314.42
2021-02-14 23:00:00,136.6,138.405,135.432,135.844,204324.59
2021-02-15 00:00:00,135.89,140.187,135.258,135.587,334492.52
2021-02-15 01:00:00,135.6,136.365,129.695,131.763,416766.39
2021-02-15 02:00:00,131.685,132.941,117.189,125.315,908835.98
2021-02-15 03:00:00,125.314,127.31,122.447,126.423,332260.3
2021-02-15 04:00:00,126.369,126.457,121.088,124.955,297911.34
2021-02-15 05:00:00,124.961,126.951,124.319,125.471,211650.54
2021-02-15 06:00:00,125.446,129.585,125.09,128.473,220134.74
2021-02-15 07:00:00,128.473,131.707,128.15,129.881,228983.71
2021-02-15 08:00:00,129.844,131.344,128.16,129.727,195718.31
2021-02-15 09:00:00,129.722,130.438,128.036,130.199,146563.58
2021-02-15 10:00:00,130.199,130.812,128.58,130.272,177127.18
2021-02-15 11:00:00,130.293,134.0,129.611,132.219,232585.62
2021-02-15 12:00:00,132.239,132.725,130.3,132.047,218629.18
2021-02-15 13:00:00,132.056,132.96,131.036,132.012,151243.98
2021-02-15 14:00:00,132.014,132.716,129.812,130.437,182633.48
2021-02-15 15:00:00,130.394,132.0,130.347,131.36,136107.04
2021-02-15 16:00:00,131.362,133.4,131.336,132.493,155202.71
2021-02-15 17:00:00,132.502,133.481,131.92,132.428,117444.32
2021-02-15 18:00:00,132.439,132.962,131.545,131.648,86621.77
2021-02-15 19:00:00,131.633,132.99,131.619,132.501,73963.42
2021-02-15 20:00:00,132.521,133.6,132.15,132.279,80221.57
2021-02-15 21:00:00,132.275,132.912,128.785,129.416,195690.33
2021-02-15 22:00:00,129.489,131.137,128.412,130.669,127611.67
2021-02-15 23:00:00,130.687,131.362,129.022,130.037,99226.38
2021-02-16 00:00:00,130.036,130.055,126.2,129.596,248316.13
2021-02-16 01:00:00,129.666,131.339,129.6,130.154,166115.69
2021-02-16 02:00:00,130.163,132.183,129.742,131.497,124120.57
2021-02-16 03:00:00,131.497,131.84,130.8,131.074,108776.65
2021-02-16 04:00:00,131.065,131.227,129.665,130.807,94628.98
2021-02-16 05:00:00,130.815,132.5,130.492,130.935,114630.87
2021-02-16 06:00:00,130.946,130.971,128.48,130.35,124138.73
2021-02-16 07:00:00,130.342,130.806,129.708,130.6,58061.23
2021-02-16 08:00:00,130.595,131.977,129.248,131.904,110213.35
2021-02-16 09:00:00,131.922,134.0,131.411,132.557,181798.83
2021-02-16 10:00:00,132.557,133.0,130.88,131.457,119465.48
2021-02-16 11:00:00,131.455,131.553,130.12,130.631,118063.45
2021-02-16 12:00:00,130.644,132.456,129.7,131.165,193023.76
2021-02-16 13:00:00,131.166,131.799,129.469,129.623,109941.55
2021-02-16 14:00:00,129.647,130.918,128.6,130.784,138210.78
2021-02-16 15:00:00,130.747,131.43,130.128,130.478,75534.15
2021-02-16 16:00:00,130.469,131.344,128.0,128.753,169087.08
2021-02-16 17:00:00,128.785,129.99,128.6,128.782,94991.63
2021-02-16 18:00:00,128.763,129.874,127.209,129.756,126721.27
2021-02-16 19:00:00,129.766,130.283,128.464,129.019,95929.3
2021-02-16 20:00:00,128.997,129.053,127.281,128.319,119758.27
2021-02-16 21:00:00,128.353,128.503,126.2,128.378,122129.68
2021-02-16 22:00:00,128.376,129.979,127.688,129.841,85402.62
2021-02-16 23:00:00,129.846,130.403,129.483,130.334,104890.4
2021-02-17 00:00:00,130.327,131.3,129.12,129.327,114041.28
2021-02-17 01:00:00,129.391,130.35,129.05,129.433,53584.39
2021-02-17 02:00:00,129.442,130.456,129.442,129.829,55814.39
2021-02-17 03:00:00,129.828,130.313,128.22,128.967,96420.08
2021-02-17 04:00:00,128.952,129.576,127.0,127.535,117451.79
2021-02-17 05:00:00,127.525,128.842,127.329,128.201,62734.13
2021-02-17 06:00:00,128.205,129.78,128.078,128.951,130037.15
2021-02-17 07:00:00,128.932,131.2,128.871,131.198,129942.93
2021-02-17 08:00:00,131.196,131.562,129.992,130.558,113781.58
2021-02-17 09:00:00,130.558,135.487,130.555,133.778,367102.45
2021-02-17 10:00:00,133.79,137.629,133.583,137.364,305201.18
2021-02-17 11:00:00,137.376,146.534,137.289,140.899,1120062.86
2021-02-17 12:00:00,140.895,144.651,138.206,141.113,641724.76
2021-02-17 13:00:00,141.083,143.277,140.276,142.185,388116.76
2021-02-17 14:00:00,142.224,149.181,142.202,148.125,915091.93
2021-02-17 15:00:00,148.118,148.247,145.0,146.953,451301.8
2021-02-17 16:00:00,146.953,156.732,146.776,154.879,1329302.56
2021-02-17 17:00:00,154.933,157.3,152.05,153.309,512286.44
2021-02-17 18:00:00,153.309,163.358,153.2,160.867,837777.97
2021-02-17 19:00:00,160.8,169.0,158.5,168.865,809777.33
2021-02-17 20:00:00,168.865,176.92,165.207,167.789,1814027.08
2021-02-17 21:00:00,167.79,173.5,166.018,169.395,587300.54
2021-02-17 22:00:00,169.43,171.441,163.533,167.644,396739.8
2021-02-17 23:00:00,167.645,167.653,160.772,165.556,495809.18
2021-02-18 00:00:00,165.638,172.87,165.233,169.799,641770.76
2021-02-18 01:00:00,169.808,171.0,166.02,167.786,360199.31
2021-02-18 02:00:00,167.847,170.5,166.073,167.659,260316.33
2021-02-18 03:00:00,167.635,168.5,166.0,166.201,151968.77
2021-02-18 04:00:00,166.216,167.322,163.257,166.929,189668.11
2021-02-18 05:00:00,166.929,171.805,166.822,169.519,317279.81
2021-02-18 06:00:00,169.519,178.5,168.9,178.051,569344.24
2021-02-18 07:00:00,178.051,180.973,172.429,179.8,758564.29
2021-02-18 08:00:00,179.87,196.368,179.801,189.27,2068284.57
2021-02-18 09:00:00,189.285,194.3,186.2,189.096,1052517.8
2021-02-18 10:00:00,189.102,189.5,183.0,184.087,680434.44
2021-02-18 11:00:00,184.088,190.423,182.7,187.415,769649.13
2021-02-18 12:00:00,187.41,192.746,182.073,191.485,691430.0
2021-02-18 13:00:00,191.485,195.98,188.61,192.491,1048065.26
2021-02-18 14:00:00,192.491,197.7,189.228,196.982,781735.9
2021-02-18 15:00:00,196.952,199.274,193.45,195.0,1091462.07
2021-02-18 16:00:00,195.0,201.69,194.929,199.801,1126976.47
2021-02-18 17:00:00,199.885,200.65,190.196,194.655,910659.49
2021-02-18 18:00:00,194.674,197.343,190.52,191.826,482319.78
2021-02-18 19:00:00,191.826,196.344,191.68,194.243,310699.64
2021-02-18 20:00:00,194.232,199.0,193.0,198.677,332016.41
2021-02-18 21:00:00,198.671,198.91,194.21,195.158,236902.11
2021-02-18 22:00:00,195.16,196.0,190.99,193.736,191151.06
2021-02-18 23:00:00,193.73,196.88,191.251,195.549,237176.58
2021-02-19 00:00:00,195.571,209.515,195.0,206.727,818330.26
2021-02-19 01:00:00,206.752,219.859,204.2,216.107,1230506.58
2021-02-19 02:00:00,216.107,217.848,205.768,217.021,1007376.8
2021-02-19 03:00:00,217.086,239.695,216.103,232.918,1819098.11
2021-02-19 04:00:00,232.845,245.868,228.345,242.827,1330581.99
2021-02-19 05:00:00,242.81,288.387,241.0,271.572,3400950.08
2021-02-19 06:00:00,271.572,274.597,244.192,252.212,2568421.01
2021-02-19 07:00:00,252.339,265.306,250.851,261.463,1210735.04
2021-02-19 08:00:00,261.439,272.0,255.01,259.077,1309976.94
2021-02-19 09:00:00,259.025,262.0,251.146,253.851,864426.53
2021-02-19 10:00:00,253.851,265.65,252.117,264.139,786112.29
2021-02-19 11:00:00,264.187,268.751,259.6,265.353,699846.21
2021-02-19 12:00:00,265.432,277.0,260.0,266.091,1136348.18
2021-02-19 13:00:00,265.988,302.25,265.94,298.7,2243761.52
2021-02-19 14:00:00,298.526,350.0,287.575,321.191,3958519.13
2021-02-19 15:00:00,321.174,331.8,292.56,312.953,3321932.33
2021-02-19 16:00:00,312.921,320.942,278.5,295.08,1773647.56
2021-02-19 17:00:00,295.215,306.329,289.0,301.744,998957.4
2021-02-19 18:00:00,301.728,320.0,298.778,317.851,734237.23
2021-02-19 19:00:00,317.831,332.0,307.0,326.438,1243315.45
2021-02-19 20:00:00,326.454,334.683,315.207,324.392,987903.56
2021-02-19 21:00:00,324.484,339.99,311.631,334.341,968952.74
2021-02-19 22:00:00,334.424,343.478,326.1,328.316,877600.82
2021-02-19 23:00:00,328.345,339.924,323.5,334.094,612833.59
2021-02-20 00:00:00,334.111,337.0,287.997,290.035,1929566.56
2021-02-20 01:00:00,289.982,307.525,272.0,290.151,1661314.49
2021-02-20 02:00:00,290.005,315.998,284.0,303.0,1250033.03
2021-02-20 03:00:00,303.0,306.0,287.146,288.4,959550.3
2021-02-20 04:00:00,288.462,299.561,280.0,292.786,764796.63
2021-02-20 05:00:00,292.8,300.7,289.0,293.784,443558.94
2021-02-20 06:00:00,293.789,307.0,292.237,302.326,524935.13
2021-02-20 07:00:00,302.344,305.489,290.2,292.094,555471.85
2021-02-20 08:00:00,292.114,302.81,292.064,296.125,400935.2
2021-02-20 09:00:00,296.104,299.8,292.214,296.325,403255.82
2021-02-20 10:00:00,296.374,307.685,294.72,301.204,536652.45
2021-02-20 11:00:00,301.242,308.095,300.0,305.725,498852.35
2021-02-20 12:00:00,305.704,305.794,295.08,298.653,487204.43
2021-02-20 13:00:00,298.602,300.969,285.016,286.346,577006.94
2021-02-20 14:00:00,286.327,295.0,266.0,270.142,1249785.48
2021-02-20 15:00:00,270.247,283.99,267.1,274.804,1412055.12
2021-02-20 16:00:00,274.87,283.176,272.567,278.976,623043.81
2021-02-20 17:00:00,278.865,289.833,278.5,284.733,602256.97
2021-02-20 18:00:00,284.661,285.583,273.572,278.112,356175.27
2021-02-20 19:00:00,278.107,280.983,270.594,273.785,347277.07
2021-02-20 20:00:00,273.821,273.849,261.0,270.729,553510.35
2021-02-20 21:00:00,270.735,270.871,252.399,254.129,1028295.18
2021-02-20 22:00:00,254.222,256.683,223.342,243.432,2172537.65
2021-02-20 23:00:00,243.462,260.725,241.514,252.807,1594372.51
2021-02-21 00:00:00,253.053,280.997,249.001,275.578,1300220.97
2021-02-21 01:00:00,275.614,284.629,269.0,274.147,813728.65
2021-02-21 02:00:00,274.135,284.0,271.857,274.856,556920.86
2021-02-21 03:00:00,274.856,280.411,265.635,269.171,396394.27
2021-02-21 04:00:00,269.238,271.129,257.557,266.114,636042.04
2021-02-21 05:00:00,266.308,267.822,260.05,263.557,315869.93
2021-02-21 06:00:00,263.557,266.429,257.19,262.127,298750.54
2021-02-21 07:00:00,262.16,264.537,252.0,257.083,480534.72
2021-02-21 08:00:00,257.069,275.0,256.281,274.519,697445.52
2021-02-21 09:00:00,274.752,294.962,273.17,289.477,1241830.69
2021-02-21 10:00:00,289.567,297.013,280.054,281.383,912667.92
2021-02-21 11:00:00,281.385,286.17,281.0,284.891,342231.18
2021-02-21 12:00:00,284.901,294.444,283.182,287.36,587847.55
2021-02-21 13:00:00,287.421,296.273,286.0,293.299,517914.53
2021-02-21 14:00:00,293.197,309.086,293.107,303.576,1357479.3
2021-02-21 15:00:00,303.721,304.965,295.92,302.182,577022.91
2021-02-21 16:00:00,302.2,303.694,286.35,287.75,814398.26
2021-02-21 17:00:00,287.75,299.504,287.527,297.49,471011.83
2021-02-21 18:00:00,297.511,299.3,291.3,297.826,330072.48
2021-02-21 19:00:00,297.802,302.753,295.8,299.274,305157.53
2021-02-21 20:00:00,299.274,299.34,281.639,286.495,620583.58
2021-02-21 21:00:00,286.45,290.0,281.1,281.773,472821.04
2021-02-21 22:00:00,281.7,294.0,280.7,293.347,304373.76
2021-02-21 23:00:00,293.395,297.0,289.496,294.864,325130.93
2021-02-22 00:00:00,294.945,295.986,281.51,282.268,570925.9
2021-02-22 01:00:00,282.234,289.301,275.0,286.218,495004.44
2021-02-22 02:00:00,286.16,288.822,282.55,285.264,262203.26
2021-02-22 03:00:00,285.224,287.068,273.14,274.542,431661.62
2021-02-22 04:00:00,274.533,277.8,267.763,277.417,623466.26
2021-02-22 05:00:00,277.417,283.998,273.327,274.777,435271.66
2021-02-22 06:00:00,274.774,281.393,271.792,277.102,298018.67
2021-02-22 07:00:00,277.214,281.5,274.44,278.454,286990.3
2021-02-22 08:00:00,278.481,279.998,269.635,271.585,487441.82
2021-02-22 09:00:00,271.486,277.231,260.031,263.477,552520.3
2021-02-22 10:00:00,263.477,269.4,251.0,266.282,1048211.49
2021-02-22 11:00:00,266.259,271.359,258.555,259.207,577108.79
2021-02-22 12:00:00,259.079,260.147,235.4,252.024,1831072.3
2021-02-22 13:00:00,252.024,257.5,241.0,241.775,1024243.32
2021-02-22 14:00:00,241.656,272.888,219.0,270.155,1727857.25
2021-02-22 15:00:00,270.189,271.341,252.375,262.792,996206.62
2021-02-22 16:00:00,262.651,268.361,258.88,261.438,554391.41
2021-02-22 17:00:00,261.414,262.0,245.555,247.011,718006.07
2021-02-22 18:00:00,247.128,259.3,241.363,256.641,664256.92
2021-02-22 19:00:00,256.633,260.474,251.2,259.516,294044.39
2021-02-22 20:00:00,259.484,265.984,258.4,260.586,347666.18
2021-02-22 21:00:00,260.513,275.0,260.3,273.834,401486.02
2021-02-22 22:00:00,273.834,276.991,264.163,267.307,445054.04
2021-02-22 23:00:00,267.294,269.148,257.426,267.467,354910.58
2021-02-23 00:00:00,267.444,270.081,256.244,258.361,352251.4
2021-02-23 01:00:00,258.346,263.183,249.1,252.438,385095.67
2021-02-23 02:00:00,252.438,255.493,237.134,239.747,710054.15
2021-02-23 03:00:00,239.635,251.807,239.475,246.76,684089.52
2021-02-23 04:00:00,246.913,251.967,234.56,243.642,615392.48
2021-02-23 05:00:00,243.642,243.721,227.5,237.283,851068.54
2021-02-23 06:00:00,237.283,245.388,231.496,231.939,533407.9
2021-02-23 07:00:00,232.006,238.056,230.252,231.948,449023.35
2021-02-23 08:00:00,231.908,234.609,193.702,193.797,2084676.76
2021-02-23 09:00:00,193.797,218.325,183.5,217.871,1998636.21
2021-02-23 10:00:00,217.974,226.0,205.549,214.204,1306772.32
2021-02-23 11:00:00,214.154,218.0,187.222,204.151,1357271.33
2021-02-23 12:00:00,204.082,225.229,196.255,219.85,1414848.22
2021-02-23 13:00:00,219.609,229.5,215.611,224.94,1025638.26
2021-02-23 14:00:00,225.0,234.769,210.2,216.969,1026973.64
2021-02-23 15:00:00,216.8,234.817,214.128,230.582,941667.86
2021-02-23 16:00:00,230.633,236.031,224.0,226.035,676777.12
2021-02-23 17:00:00,226.006,230.466,219.407,220.459,508367.12
2021-02-23 18:00:00,220.441,223.409,214.338,215.918,471653.78
2021-02-23 19:00:00,215.886,220.016,205.478,205.911,602064.72
2021-02-23 20:00:00,205.889,219.158,203.041,218.98,586130.41
2021-02-23 21:00:00,218.969,224.237,216.25,217.932,388006.44
2021-02-23 22:00:00,217.85,225.633,216.603,225.169,267226.66
2021-02-23 23:00:00,225.24,231.8,223.677,230.982,339575.18
2021-02-24 00:00:00,230.99,231.092,213.2,222.618,661583.3
2021-02-24 01:00:00,222.634,234.999,220.596,234.698,441003.9
2021-02-24 02:00:00,234.811,243.71,231.2,240.247,554295.83
2021-02-24 03:00:00,240.217,247.971,238.522,246.57,404597.69
2021-02-24 04:00:00,246.599,256.0,241.946,246.562,814545.71
2021-02-24 05:00:00,246.571,253.0,243.0,243.534,492723.25
2021-02-24 06:00:00,243.534,248.031,235.0,242.55,569275.71
2021-02-24 07:00:00,242.594,255.331,239.337,253.269,545828.92
2021-02-24 08:00:00,253.38,271.36,249.0,269.106,1016970.65
2021-02-24 09:00:00,269.188,280.811,265.0,271.988,1079715.06
2021-02-24 10:00:00,271.966,274.482,258.04,259.025,923258.67
2021-02-24 11:00:00,259.042,271.498,258.314,265.926,565369.32
2021-02-24 12:00:00,265.926,277.352,265.819,271.568,620977.83
2021-02-24 13:00:00,271.646,273.202,252.781,258.706,995302.88
2021-02-24 14:00:00,258.758,264.577,239.0,246.761,1066498.77
2021-02-24 15:00:00,246.761,257.799,236.49,257.285,871902.83
2021-02-24 16:00:00,257.17,260.61,248.521,249.492,620880.35
2021-02-24 17:00:00,249.614,260.513,249.561,257.324,397157.82
2021-02-24 18:00:00,257.369,257.571,251.244,251.944,253454.26
2021-02-24 19:00:00,251.943,253.143,241.0,244.103,411331.2
2021-02-24 20:00:00,244.096,249.6,240.724,246.176,375115.62
2021-02-24 21:00:00,246.238,246.923,234.315,243.382,473413.54
2021-02-24 22:00:00,243.383,249.588,235.414,247.696,352746.97
2021-02-24 23:00:00,247.664,255.0,246.5,254.183,382260.53
2021-02-25 00:00:00,254.194,265.82,249.622,262.128,515783.04
2021-02-25 01:00:00,262.158,263.875,252.566,254.507,355101.65
2021-02-25 02:00:00,254.451,257.625,250.602,253.616,244738.02
2021-02-25 03:00:00,253.636,253.64,245.62,251.789,295555.14
2021-02-25 04:00:00,251.689,254.641,244.0,245.135,399086.76
2021-02-25 05:00:00,245.135,251.149,242.22,251.021,310086.05
2021-02-25 06:00:00,251.02,252.66,248.13,249.09,198562.62
2021-02-25 07:00:00,249.105,251.784,245.5,248.119,228353.32
2021-02-25 08:00:00,248.119,250.439,240.0,242.084,366793.04
2021-02-25 09:00:00,242.196,244.425,238.0,242.294,441064.62
2021-02-25 10:00:00,242.297,248.0,241.2,246.56,313525.45
2021-02-25 11:00:00,246.54,250.55,244.518,248.414,372339.5
2021-02-25 12:00:00,248.397,260.345,245.952,259.986,564075.53
2021-02-25 13:00:00,259.986,265.0,254.258,258.468,763255.86
2021-02-25 14:00:00,258.468,261.159,252.5,253.582,419042.39
2021-02-25 15:00:00,253.536,257.32,252.4,254.933,306621.93
2021-02-25 16:00:00,254.933,260.757,252.524,255.248,366463.91
2021-02-25 17:00:00,255.194,255.24,244.487,247.244,519010.53
2021-02-25 18:00:00,247.248,249.8,244.07,246.244,294315.34
2021-02-25 19:00:00,246.23,249.306,243.1,246.788,236734.74
2021-02-25 20:00:00,246.803,247.686,242.432,244.596,275285.0
2021-02-25 21:00:00,244.595,245.763,239.416,240.102,301310.36
2021-02-25 22:00:00,240.147,248.462,234.257,242.63,535937.79
2021-02-25 23:00:00,242.711,244.9,231.0,234.376,448157.82
2021-02-26 00:00:00,234.409,234.882,219.046,226.923,921147.7
2021-02-26 01:00:00,226.956,235.5,224.0,226.087,592623.8
2021-02-26 02:00:00,226.016,232.999,223.0,229.684,429601.79
2021-02-26 03:00:00,229.694,231.705,226.443,228.343,264031.05
2021-02-26 04:00:00,228.296,233.216,227.3,227.999,278824.27
2021-02-26 05:00:00,227.908,229.455,212.5,213.255,513712.02
2021-02-26 06:00:00,213.165,222.0,213.0,221.248,436976.78
2021-02-26 07:00:00,221.285,223.0,208.872,214.941,674412.78
2021-02-26 08:00:00,214.972,223.7,214.961,220.729,477002.83
2021-02-26 09:00:00,220.721,232.087,217.723,230.061,553032.37
2021-02-26 10:00:00,230.001,232.377,227.2,228.422,403310.52
2021-02-26 11:00:00,228.492,230.704,220.303,224.857,458903.07
2021-02-26 12:00:00,224.891,231.8,224.227,227.724,388632.95
2021-02-26 13:00:00,227.751,228.912,221.684,224.432,402943.68
2021-02-26 14:00:00,224.398,230.973,221.711,226.757,475825.7
2021-02-26 15:00:00,226.78,235.08,224.5,231.668,515898.12
2021-02-26 16:00:00,231.7,238.3,231.238,236.134,428682.74
2021-02-26 17:00:00,236.064,239.772,232.034,233.428,296293.06
2021-02-26 18:00:00,233.424,235.62,230.5,230.612,205958.5
2021-02-26 19:00:00,230.618,231.787,225.0,225.846,304748.12
2021-02-26 20:00:00,225.846,228.169,220.9,222.736,294766.02
2021-02-26 21:00:00,222.736,225.749,218.589,219.373,288144.74
2021-02-26 22:00:00,219.333,220.376,213.78,216.018,300688.97
2021-02-26 23:00:00,216.013,221.959,214.121,221.6,240295.29
2021-02-27 00:00:00,221.594,232.341,220.351,231.272,310261.36
2021-02-27 01:00:00,231.278,231.704,226.33,229.917,263490.62
2021-02-27 02:00:00,229.918,230.053,224.478,226.104,180738.87
2021-02-27 03:00:00,226.111,231.735,225.63,228.139,218508.76
2021-02-27 04:00:00,228.214,230.287,226.181,229.273,166350.13
2021-02-27 05:00:00,229.273,235.5,228.236,235.043,222643.49
2021-02-27 06:00:00,235.09,238.0,231.544,233.848,289423.72
2021-02-27 07:00:00,233.848,234.467,229.444,231.849,254202.26
2021-02-27 08:00:00,231.84,233.8,225.668,226.775,322954.79
2021-02-27 09:00:00,226.775,227.25,222.037,225.69,359963.96
2021-02-27 10:00:00,225.66,229.195,224.97,226.549,234063.45
2021-02-27 11:00:00,226.582,231.798,226.502,229.448,204339.7
2021-02-27 12:00:00,229.478,231.372,225.534,230.112,295095.52
2021-02-27 13:00:00,230.089,232.568,228.353,228.547,205887.64
2021-02-27 14:00:00,228.55,230.389,225.03,226.51,194082.81
2021-02-27 15:00:00,226.566,228.669,222.0,223.672,297878.35
2021-02-27 16:00:00,223.615,226.88,222.0,224.823,207313.37
2021-02-27 17:00:00,224.842,227.074,223.904,226.08,114012.97
2021-02-27 18:00:00,226.108,227.684,225.804,226.207,83097.8
2021-02-27 19:00:00,226.208,229.857,225.832,229.424,136273.06
2021-02-27 20:00:00,229.445,229.998,226.522,228.086,130053.59
2021-02-27 21:00:00,228.085,231.156,227.558,229.416,155543.58
2021-02-27 22:00:00,229.445,229.981,222.711,223.559,150268.46
2021-02-27 23:00:00,223.543,226.602,218.991,225.36,399950.9
2021-02-28 00:00:00,225.33,229.294,222.5,225.753,260993.78
2021-02-28 01:00:00,225.784,227.331,224.501,226.944,120156.21
2021-02-28 02:00:00,226.889,227.257,219.0,220.346,228276.95
2021-02-28 03:00:00,220.364,221.369,210.829,211.667,440378.44
2021-02-28 04:00:00,211.689,215.2,210.0,210.132,360895.33
2021-02-28 05:00:00,210.132,216.281,207.102,211.571,360314.65
2021-02-28 06:00:00,211.638,211.778,204.374,205.155,488202.01
2021-02-28 07:00:00,205.15,211.187,204.482,209.667,371808.49
2021-02-28 08:00:00,209.649,215.888,209.356,212.885,408912.23
2021-02-28 09:00:00,212.891,215.675,211.396,213.871,222043.84
2021-02-28 10:00:00,213.868,216.987,211.458,214.565,247976.43
2021-02-28 11:00:00,214.559,219.3,213.385,216.473,255664.26
2021-02-28 12:00:00,216.472,217.2,209.479,211.551,326731.23
2021-02-28 13:00:00,211.552,211.966,206.689,207.036,288832.89
2021-02-28 14:00:00,207.076,209.106,203.0,208.759,469234.85
2021-02-28 15:00:00,208.755,209.343,196.522,198.528,657335.02
2021-02-28 16:00:00,198.601,202.383,195.0,199.1,567310.27
2021-02-28 17:00:00,199.1,201.65,195.401,195.961,316666.65
2021-02-28 18:00:00,195.982,199.723,195.1,199.099,246038.32
2021-02-28 19:00:00,199.099,205.662,198.157,205.187,266440.03
2021-02-28 20:00:00,205.176,207.9,202.368,206.883,265120.7
2021-02-28 21:00:00,206.833,210.89,206.77,208.812,259911.11
2021-02-28 22:00:00,208.815,209.8,205.238,208.166,155622.09
2021-02-28 23:00:00,208.201,214.877,208.05,210.11,319907.39
2021-03-01 00:00:00,210.196,220.849,209.052,218.632,504448.55
2021-03-01 01:00:00,218.632,220.128,215.197,219.403,243997.4
2021-03-01 02:00:00,219.356,226.978,218.407,224.85,356979.78
2021-03-01 03:00:00,224.869,229.318,222.678,224.539,321003.34
2021-03-01 04:00:00,224.516,225.457,219.764,223.493,339874.04
2021-03-01 05:00:00,223.486,225.8,220.5,222.042,223078.35
2021-03-01 06:00:00,222.034,223.618,217.107,217.782,260860.69
2021-03-01 07:00:00,217.783,223.34,217.648,222.983,239553.48
2021-03-01 08:00:00,222.967,232.906,222.56,230.688,605957.62
2021-03-01 09:00:00,230.695,239.323,229.4,237.895,716477.44
2021-03-01 10:00:00,237.911,250.098,233.501,247.726,851265.96
2021-03-01 11:00:00,247.725,258.377,245.321,251.744,1150681.26
2021-03-01 12:00:00,251.818,256.324,247.0,251.11,701764.34
2021-03-01 13:00:00,251.11,257.551,247.777,247.914,656898.32
2021-03-01 14:00:00,247.92,253.722,245.822,249.848,573768.42
2021-03-01 15:00:00,249.844,260.0,249.0,256.912,744830.99
2021-03-01 16:00:00,256.946,257.633,245.3,249.394,762560.85
2021-03-01 17:00:00,249.394,251.0,242.42,243.174,443049.25
2021-03-01 18:00:00,243.172,247.609,240.4,247.3,418144.53
2021-03-01 19:00:00,247.304,249.68,242.801,244.375,307686.83
2021-03-01 20:00:00,244.37,249.8,242.0,246.167,298914.6
2021-03-01 21:00:00,246.221,251.516,244.372,250.051,200331.36
2021-03-01 22:00:00,250.051,255.0,248.001,254.777,260942.73
2021-03-01 23:00:00,254.777,256.974,252.0,255.033,262224.14
2021-03-02 00:00:00,255.069,265.584,254.022,256.35,591529.06
2021-03-02 01:00:00,256.389,256.485,256.0,256.0,1651.83
2021-03-02 02:00:00,256.002,256.913,249.0,253.266,347821.2
2021-03-02 03:00:00,253.207,253.707,246.362,248.75,274011.6
2021-03-02 04:00:00,248.818,251.682,246.643,251.576,185075.73
2021-03-02 05:00:00,251.538,253.367,247.777,248.013,179925.74
2021-03-02 06:00:00,248.037,249.0,244.3,246.346,263558.04
2021-03-02 07:00:00,246.346,248.5,243.142,246.336,248412.4
2021-03-02 08:00:00,246.324,253.72,246.253,252.349,301889.48
2021-03-02 09:00:00,252.299,256.147,252.005,252.965,297506.97
2021-03-02 10:00:00,252.974,254.227,246.49,248.405,288697.55
2021-03-02 11:00:00,248.373,253.0,247.133,250.19,243757.46
2021-03-02 12:00:00,250.184,252.753,248.0,249.636,225741.21
2021-03-02 13:00:00,249.627,252.948,248.915,250.987,225089.7
2021-03-02 14:00:00,250.956,256.881,250.169,250.884,395825.04
2021-03-02 15:00:00,250.892,252.215,245.5,247.6,357986.81
2021-03-02 16:00:00,247.55,247.74,232.1,235.795,739083.39
2021-03-02 17:00:00,235.766,238.0,232.368,237.024,618928.02
2021-03-02 18:00:00,236.981,238.238,231.555,233.566,418224.74
2021-03-02 19:00:00,233.588,234.79,227.121,230.604,462172.22
2021-03-02 20:00:00,230.626,233.894,228.6,233.329,401587.48
2021-03-02 21:00:00,233.31,235.883,231.293,232.751,343089.45
2021-03-02 22:00:00,232.663,237.446,231.759,236.811,177141.34
2021-03-02 23:00:00,236.791,240.902,236.0,239.713,241586.82
2021-03-03 00:00:00,239.673,242.0,236.054,239.773,246678.32
2021-03-03 01:00:00,239.744,242.464,239.056,240.904,176384.2
2021-03-03 02:00:00,240.906,242.157,238.307,238.85,179780.57
2021-03-03 03:00:00,238.97,240.46,236.889,238.254,142951.39
2021-03-03 04:00:00,238.208,245.0,237.76,244.037,294616.88
2021-03-03 05:00:00,243.999,246.29,243.0,244.298,287460.36
2021-03-03 06:00:00,244.399,250.264,244.303,248.949,345638.28
2021-03-03 07:00:00,248.949,251.078,248.023,249.37,279793.0
2021-03-03 08:00:00,249.32,254.3,249.105,251.567,371624.2
2021-03-03 09:00:00,251.6,254.858,249.036,254.203,382704.45
2021-03-03 10:00:00,254.234,254.855,248.927,249.712,344475.29
2021-03-03 11:00:00,249.725,252.843,248.25,250.0,298674.85
2021-03-03 12:00:00,249.938,255.122,246.455,255.038,452124.49
2021-03-03 13:00:00,255.028,255.387,246.303,248.21,504851.11
2021-03-03 14:00:00,248.218,248.411,241.175,244.336,601034.28
2021-03-03 15:00:00,244.275,246.797,243.5,245.526,246672.01
2021-03-03 16:00:00,245.526,248.888,245.448,247.444,249133.43
2021-03-03 17:00:00,247.445,250.0,246.054,248.022,195517.02
2021-03-03 18:00:00,247.923,249.264,245.16,246.513,145479.64
2021-03-03 19:00:00,246.529,246.721,242.0,245.831,237113.71
2021-03-03 20:00:00,245.832,246.926,242.119,242.583,155036.67
2021-03-03 21:00:00,242.532,245.277,241.22,244.711,134265.06
2021-03-03 22:00:00,244.715,245.921,242.068,242.339,98375.73
2021-03-03 23:00:00,242.399,244.824,239.867,240.499,198946.23
2021-03-04 00:00:00,240.427,243.663,238.1,242.68,275621.92
2021-03-04 01:00:00,242.68,247.0,241.331,245.891,212780.31
2021-03-04 02:00:00,245.878,250.311,245.226,246.58,259883.49
2021-03-04 03:00:00,246.602,247.742,239.678,240.69,309198.03
2021-03-04 04:00:00,240.706,242.7,238.471,239.102,235895.39
2021-03-04 05:00:00,239.149,243.393,238.735,243.282,192319.13
2021-03-04 06:00:00,243.297,244.354,239.626,240.618,209055.86
2021-03-04 07:00:00,240.651,243.661,240.212,243.534,135329.55
2021-03-04 08:00:00,243.504,246.999,243.459,244.282,241378.48
2021-03-04 09:00:00,244.296,244.89,239.1,241.165,295662.64
2021-03-04 10:00:00,241.19,242.912,236.549,238.711,343151.19
2021-03-04 11:00:00,238.655,239.71,236.028,238.328,200542.96
2021-03-04 12:00:00,238.346,239.657,236.713,237.495,156466.36
2021-03-04 13:00:00,237.599,237.9,233.469,237.655,265362.87
2021-03-04 14:00:00,237.644,241.97,236.512,237.909,282128.16
2021-03-04 15:00:00,237.896,239.837,235.524,238.873,240988.85
2021-03-04 16:00:00,238.903,240.5,236.921,238.141,208690.37
2021-03-04 17:00:00,238.141,239.102,233.4,234.335,241387.08
2021-03-04 18:00:00,234.286,234.696,225.577,225.862,444371.28
2021-03-04 19:00:00,225.811,230.874,225.671,228.851,247885.42
2021-03-04 20:00:00,228.853,230.545,226.066,229.594,205237.34
2021-03-04 21:00:00,229.582,230.332,226.55,227.195,123302.36
2021-03-04 22:00:00,227.167,230.579,226.48,229.89,113321.23
2021-03-04 23:00:00,229.869,231.212,227.538,229.743,152629.56
2021-03-05 00:00:00,229.698,229.74,218.1,220.056,461317.57
2021-03-05 01:00:00,220.051,220.63,215.7,218.643,295191.09
2021-03-05 02:00:00,218.643,221.913,216.25,221.71,208272.61
2021-03-05 03:00:00,221.668,222.691,219.25,221.248,154489.56
2021-03-05 04:00:00,221.281,221.801,218.142,218.688,131314.99
2021-03-05 05:00:00,218.699,221.196,217.148,218.695,184540.0
2021-03-05 06:00:00,218.668,222.091,218.402,221.913,134877.61
2021-03-05 07:00:00,221.91,226.351,221.85,224.16,277876.45
2021-03-05 08:00:00,224.123,225.21,217.01,219.008,258855.0
2021-03-05 09:00:00,219.055,221.84,218.541,221.087,130714.02
2021-03-05 10:00:00,221.071,222.857,219.6,221.295,126346.96
2021-03-05 11:00:00,221.295,224.253,221.295,223.827,147809.68
2021-03-05 12:00:00,223.781,225.684,221.579,224.011,230545.09
2021-03-05 13:00:00,224.034,227.426,223.32,225.78,293157.15
2021-03-05 14:00:00,225.832,231.637,225.6,226.306,392976.76
2021-03-05 15:00:00,226.291,228.43,223.45,223.597,234697.06
2021-03-05 16:00:00,223.593,223.806,217.772,222.378,359881.88
2021-03-05 17:00:00,222.371,225.5,220.926,224.964,206614.38
2021-03-05 18:00:00,224.965,227.496,224.678,226.397,224866.36
2021-03-05 19:00:00,226.356,228.593,224.676,227.852,145680.28
2021-03-05 20:00:00,227.89,228.398,225.668,226.954,113758.92
2021-03-05 21:00:00,226.946,229.199,226.76,227.299,135737.99
2021-03-05 22:00:00,227.3,230.604,225.8,227.971,165479.33
2021-03-05 23:00:00,227.966,228.195,224.002,225.407,109643.0
2021-03-06 00:00:00,225.409,228.743,225.359,226.786,121535.32
2021-03-06 01:00:00,226.715,226.951,224.614,225.099,89440.57
2021-03-06 02:00:00,225.098,225.884,222.666,225.399,59876.14
2021-03-06 03:00:00,225.38,226.273,224.068,224.924,78687.71
2021-03-06 04:00:00,224.921,225.053,221.927,223.76,98327.58
2021-03-06 05:00:00,223.76,228.213,222.462,226.978,163393.47
2021-03-06 06:00:00,226.982,230.844,226.982,228.663,252256.63
2021-03-06 07:00:00,228.634,230.253,228.0,228.763,113276.79
2021-03-06 08:00:00,228.862,232.386,228.734,229.703,225767.94
2021-03-06 09:00:00,229.704,230.413,225.274,225.905,203875.23
2021-03-06 10:00:00,225.911,227.366,224.01,224.913,171278.05
2021-03-06 11:00:00,224.89,226.427,224.442,225.423,104418.8
2021-03-06 12:00:00,225.47,225.634,222.168,223.481,187697.39
2021-03-06 13:00:00,223.507,223.96,219.424,222.042,247587.14
2021-03-06 14:00:00,222.062,223.432,220.825,222.72,156661.6
2021-03-06 15:00:00,222.718,223.6,221.5,221.716,133417.96
2021-03-06 16:00:00,221.736,224.995,220.5,223.484,191376.09
2021-03-06 17:00:00,223.451,225.545,222.203,224.933,157845.71
2021-03-06 18:00:00,224.901,226.432,223.726,225.39,122447.16
2021-03-06 19:00:00,225.368,225.405,223.94,224.431,74303.92
2021-03-06 20:00:00,224.438,226.3,223.014,224.2,121189.89
2021-03-06 21:00:00,224.215,225.258,223.0,224.214,78625.39
2021-03-06 22:00:00,224.215,227.5,224.001,226.985,87658.98
2021-03-06 23:00:00,227.003,227.662,225.809,226.349,110832.78
2021-03-07 00:00:00,226.382,229.925,226.34,228.497,163354.46
2021-03-07 01:00:00,228.49,229.205,226.407,226.946,112188.95
2021-03-07 02:00:00,226.953,229.806,226.687,228.594,115357.24
2021-03-07 03:00:00,228.594,230.555,227.213,228.068,116849.24
2021-03-07 04:00:00,228.067,228.499,226.819,226.911,77363.94
2021-03-07 05:00:00,226.901,227.059,224.77,226.609,132624.06
2021-03-07 06:00:00,226.609,227.432,225.716,226.856,70532.83
2021-03-07 07:00:00,226.886,230.56,226.337,230.309,117945.12
2021-03-07 08:00:00,230.309,232.0,228.171,228.686,240020.2
2021-03-07 09:00:00,228.688,237.467,228.526,237.141,319303.97
2021-03-07 10:00:00,237.227,244.389,235.215,242.361,626515.48
2021-03-07 11:00:00,242.362,243.439,239.6,241.133,317775.79
2021-03-07 12:00:00,241.133,241.3,237.597,239.941,233029.78
2021-03-07 13:00:00,239.919,240.106,237.448,239.011,137997.5
2021-03-07 14:00:00,239.011,241.401,235.402,237.999,300781.94
2021-03-07 15:00:00,238.031,238.5,235.25,235.803,151246.34
2021-03-07 16:00:00,235.812,239.829,235.703,238.642,204763.7
2021-03-07 17:00:00,238.629,239.001,236.656,237.595,102684.18
2021-03-07 18:00:00,237.608,237.75,234.0,234.281,133815.59
2021-03-07 19:00:00,234.234,234.4,232.285,233.505,180419.52
2021-03-07 20:00:00,233.5,234.2,230.566,234.149,206716.46
2021-03-07 21:00:00,234.149,235.817,233.22,235.688,97737.79
2021-03-07 22:00:00,235.737,238.447,234.671,236.169,125440.63
2021-03-07 23:00:00,236.169,241.589,235.939,240.269,215522.74
2021-03-08 00:00:00,240.283,243.394,238.0,239.571,324484.22
2021-03-08 01:00:00,239.575,240.741,237.0,237.763,159699.94
2021-03-08 02:00:00,237.79,237.826,233.414,235.846,222191.71
2021-03-08 03:00:00,235.884,236.973,234.37,236.787,108947.22
2021-03-08 04:00:00,236.789,237.743,235.016,236.965,107884.45
2021-03-08 05:00:00,236.962,241.0,236.842,239.993,152907.42
2021-03-08 06:00:00,239.994,240.778,235.079,236.372,186454.77
2021-03-08 07:00:00,236.371,237.587,231.641,232.788,259715.89
2021-03-08 08:00:00,232.82,233.231,230.1,232.043,227453.88
2021-03-08 09:00:00,232.043,233.772,229.0,231.495,188778.4
2021-03-08 10:00:00,231.489,234.9,230.531,233.701,166513.55
2021-03-08 11:00:00,233.694,235.298,232.196,234.619,169506.83
2021-03-08 12:00:00,234.676,234.889,231.666,232.51,123443.13
2021-03-08 13:00:00,232.54,235.163,232.466,234.55,160125.7
2021-03-08 14:00:00,234.564,236.258,232.11,234.901,196791.23
2021-03-08 15:00:00,234.881,236.005,233.029,235.646,157625.46
2021-03-08 16:00:00,235.672,236.357,233.725,233.935,125002.05
2021-03-08 17:00:00,233.977,234.701,233.086,233.932,72953.66
2021-03-08 18:00:00,233.935,235.307,233.389,234.059,91593.99
2021-03-08 19:00:00,234.073,237.107,233.914,236.134,118840.21
2021-03-08 20:00:00,236.128,237.094,235.529,236.332,92818.89
2021-03-08 21:00:00,236.367,236.749,235.323,236.422,84405.6
2021-03-08 22:00:00,236.422,237.31,234.63,235.82,95168.4
2021-03-08 23:00:00,235.82,241.0,235.796,240.555,205976.12
2021-03-09 00:00:00,240.553,241.152,235.82,237.858,260952.43
2021-03-09 01:00:00,237.883,242.888,237.635,240.511,267519.04
2021-03-09 02:00:00,240.535,246.247,238.5,245.842,252347.75
2021-03-09 03:00:00,245.847,248.992,244.578,245.345,341719.34
2021-03-09 04:00:00,245.333,245.775,242.5,244.003,195216.57
2021-03-09 05:00:00,244.005,246.936,244.0,244.821,155023.96
2021-03-09 06:00:00,244.828,246.53,243.527,243.565,187815.8
2021-03-09 07:00:00,243.582,244.518,240.6,243.1,222804.67
2021-03-09 08:00:00,243.1,248.0,242.6,247.9,252801.37
2021-03-09 09:00:00,247.891,265.35,247.63,260.82,1361014.65
2021-03-09 10:00:00,260.769,278.32,260.65,271.985,1625212.1
2021-03-09 11:00:00,271.983,271.985,264.3,269.085,886015.04
2021-03-09 12:00:00,269.07,273.96,265.0,266.526,710054.62
2021-03-09 13:00:00,266.511,273.932,265.618,270.871,564136.21
2021-03-09 14:00:00,270.823,276.0,268.523,275.121,565660.65
2021-03-09 15:00:00,275.149,281.07,273.4,276.577,916469.79
2021-03-09 16:00:00,276.639,278.792,271.074,275.536,552065.49
2021-03-09 17:00:00,275.587,277.815,271.685,272.769,330241.84
2021-03-09 18:00:00,272.753,274.603,269.542,273.47,305706.43
2021-03-09 19:00:00,273.448,277.636,273.102,277.347,216484.92
2021-03-09 20:00:00,277.352,285.0,276.0,283.849,503434.26
2021-03-09 21:00:00,283.849,290.0,282.352,286.682,761080.08
2021-03-09 22:00:00,286.69,298.292,286.393,295.427,731878.4
2021-03-09 23:00:00,295.495,295.805,289.1,293.464,469371.18
2021-03-10 00:00:00,293.424,296.5,286.666,288.24,416106.32
2021-03-10 01:00:00,288.231,289.999,274.367,280.849,680176.55
2021-03-10 02:00:00,280.817,280.834,264.0,276.203,934336.63
2021-03-10 03:00:00,276.161,278.559,270.006,273.437,465639.93
2021-03-10 04:00:00,273.392,283.283,271.127,282.008,388546.72
2021-03-10 05:00:00,282.066,282.409,275.147,280.119,340578.38
2021-03-10 06:00:00,280.132,284.914,276.666,283.099,316904.25
2021-03-10 07:00:00,283.098,288.29,281.821,286.361,321388.98
2021-03-10 08:00:00,286.299,287.953,283.508,286.553,316583.92
2021-03-10 09:00:00,286.575,290.0,282.0,288.367,375485.2
2021-03-10 10:00:00,288.369,289.32,276.11,278.69,660061.81
2021-03-10 11:00:00,278.727,281.896,275.0,279.908,391361.48
2021-03-10 12:00:00,279.906,284.86,279.5,283.535,314639.75
2021-03-10 13:00:00,283.563,288.348,282.251,285.245,421199.16
2021-03-10 14:00:00,285.261,286.869,281.371,284.818,401607.05
2021-03-10 15:00:00,284.864,286.951,282.166,285.535,392389.32
2021-03-10 16:00:00,285.565,290.166,284.0,288.842,486376.55
2021-03-10 17:00:00,288.842,289.593,285.288,286.648,296260.29
2021-03-10 18:00:00,286.648,287.606,281.585,283.351,281343.21
2021-03-10 19:00:00,283.374,288.047,282.642,285.975,246379.67
2021-03-10 20:00:00,285.961,286.492,275.151,276.796,466953.83
2021-03-10 21:00:00,276.796,283.221,270.423,282.757,618333.12
2021-03-10 22:00:00,282.79,285.343,281.172,283.13,258314.41
2021-03-10 23:00:00,283.129,283.679,275.8,278.397,365180.06
2021-03-11 00:00:00,278.397,284.894,275.122,278.473,409492.06
2021-03-11 01:00:00,278.443,281.07,275.688,280.487,265295.21
2021-03-11 02:00:00,280.484,284.2,279.181,284.126,175413.33
2021-03-11 03:00:00,284.126,286.092,280.0,286.043,217569.64
2021-03-11 04:00:00,286.034,288.576,282.6,284.247,364155.69
2021-03-11 05:00:00,284.181,284.181,278.517,279.23,290240.48
2021-03-11 06:00:00,279.234,282.788,277.364,281.883,218550.44
2021-03-11 07:00:00,281.872,284.961,279.01,279.189,263247.88
2021-03-11 08:00:00,279.195,280.76,272.434,277.624,579864.8
2021-03-11 09:00:00,277.589,277.984,274.045,275.864,241900.64
2021-03-11 10:00:00,275.855,283.376,275.666,282.413,339822.25
2021-03-11 11:00:00,282.412,284.0,280.848,282.804,244939.2
2021-03-11 12:00:00,282.788,283.47,280.298,282.787,203700.35
2021-03-11 13:00:00,282.769,306.776,282.769,304.241,1540549.58
2021-03-11 14:00:00,304.241,316.491,303.512,308.896,2318956.55
2021-03-11 15:00:00,308.896,312.047,286.0,292.021,2213008.62
2021-03-11 16:00:00,292.021,298.5,289.009,292.807,653861.75
2021-03-11 17:00:00,292.747,294.0,287.354,291.871,366554.3
2021-03-11 18:00:00,291.821,295.619,290.2,294.061,312756.76
2021-03-11 19:00:00,294.063,294.4,287.18,287.922,234363.84
2021-03-11 20:00:00,287.997,293.0,287.706,291.465,259772.66
2021-03-11 21:00:00,291.468,294.945,290.106,291.181,223706.3
2021-03-11 22:00:00,291.194,294.44,288.578,290.801,166824.88
2021-03-11 23:00:00,290.8,292.858,288.157,290.04,170845.34
2021-03-12 00:00:00,290.04,290.954,281.35,285.676,487424.12
2021-03-12 01:00:00,285.714,287.085,282.432,283.299,214308.17
2021-03-12 02:00:00,283.3,284.464,281.0,283.038,149279.17
2021-03-12 03:00:00,283.078,285.232,281.415,283.016,148432.41
2021-03-12 04:00:00,283.018,283.949,277.052,280.58,277074.04
2021-03-12 05:00:00,280.58,284.5,279.415,283.869,178891.1
2021-03-12 06:00:00,283.839,284.12,280.237,281.403,156234.09
2021-03-12 07:00:00,281.402,281.402,278.453,279.7,165550.08
2021-03-12 08:00:00,279.759,284.402,278.84,282.477,241914.6
2021-03-12 09:00:00,282.477,288.706,280.754,287.568,384667.83
2021-03-12 10:00:00,287.519,287.523,278.591,283.042,443074.41
2021-03-12 11:00:00,282.999,284.6,279.064,280.123,248273.42
2021-03-12 12:00:00,280.159,280.623,274.555,275.599,344163.04
2021-03-12 13:00:00,275.576,275.809,246.336,264.785,2555724.69
2021-03-12 14:00:00,264.738,268.224,258.9,268.215,766970.62
2021-03-12 15:00:00,268.224,273.635,266.5,272.624,611312.0
2021-03-12 16:00:00,272.648,275.163,267.0,269.542,504430.62
2021-03-12 17:00:00,269.552,271.306,260.44,264.0,440628.84
2021-03-12 18:00:00,264.008,267.427,262.822,265.086,273578.75
2021-03-12 19:00:00,265.087,266.4,260.603,261.802,270892.71
2021-03-12 20:00:00,261.714,264.48,255.778,259.726,409091.25
2021-03-12 21:00:00,259.789,265.374,258.502,263.106,301359.61
2021-03-12 22:00:00,263.081,266.491,262.094,264.186,99950.27
2021-03-12 23:00:00,264.232,266.0,262.319,263.372,111383.3
2021-03-13 00:00:00,263.404,263.922,257.551,260.484,237351.91
2021-03-13 01:00:00,260.439,260.5,255.55,258.312,205962.35
2021-03-13 02:00:00,258.251,262.314,258.139,261.965,157398.17
2021-03-13 03:00:00,261.94,264.255,260.2,260.707,173770.89
2021-03-13 04:00:00,260.704,263.167,258.666,263.132,116880.24
2021-03-13 05:00:00,263.111,266.864,262.0,265.396,178666.72
2021-03-13 06:00:00,265.43,266.7,263.768,265.397,107024.48
2021-03-13 07:00:00,265.398,271.964,264.6,270.834,232078.08
2021-03-13 08:00:00,270.912,274.751,267.381,268.977,300137.87
2021-03-13 09:00:00,268.999,269.76,266.76,269.392,128612.65
2021-03-13 10:00:00,269.412,280.711,268.67,279.063,636497.38
2021-03-13 11:00:00,279.117,284.933,278.435,281.592,423153.8
2021-03-13 12:00:00,281.592,283.157,276.03,277.866,392188.63
2021-03-13 13:00:00,277.875,278.8,274.11,277.369,258836.81
2021-03-13 14:00:00,277.37,280.898,277.287,278.495,187528.15
2021-03-13 15:00:00,278.545,280.095,274.179,276.493,196918.29
2021-03-13 16:00:00,276.486,278.296,275.0,277.321,174101.67
2021-03-13 17:00:00,277.326,279.827,276.905,279.661,132412.65
2021-03-13 18:00:00,279.674,280.295,276.359,277.036,151157.59
2021-03-13 19:00:00,277.036,279.087,276.18,278.761,129178.05
2021-03-13 20:00:00,278.771,282.787,278.633,279.813,266833.82
2021-03-13 21:00:00,279.715,280.88,271.688,275.503,277446.34
2021-03-13 22:00:00,275.525,277.783,274.21,276.932,116065.25
2021-03-13 23:00:00,276.916,279.157,276.4,276.98,119417.2
2021-03-14 00:00:00,276.994,277.71,272.988,273.586,152271.76
2021-03-14 01:00:00,273.614,273.94,268.0,272.934,255737.56
2021-03-14 02:00:00,272.935,274.559,271.031,274.155,123523.45
2021-03-14 03:00:00,274.155,275.5,273.0,275.179,103558.42
2021-03-14 04:00:00,275.18,275.572,272.7,273.832,98101.15
2021-03-14 05:00:00,273.872,273.872,270.643,272.156,111536.9
2021-03-14 06:00:00,272.156,272.156,268.2,271.279,157694.96
2021-03-14 07:00:00,271.279,272.284,269.068,269.178,109019.32
2021-03-14 08:00:00,269.178,273.048,268.145,272.7,185240.88
2021-03-14 09:00:00,272.699,276.79,271.847,275.5,163676.87
2021-03-14 10:00:00,275.491,275.756,269.5,270.123,208315.53
2021-03-14 11:00:00,270.125,271.0,265.22,270.882,273590.18
2021-03-14 12:00:00,270.882,272.271,269.752,271.458,136469.4
2021-03-14 13:00:00,271.458,271.584,267.0,268.403,159873.74
2021-03-14 14:00:00,268.4,270.517,268.107,268.26,109547.69
2021-03-14 15:00:00,268.271,268.819,265.555,266.84,172445.63
2021-03-14 16:00:00,266.847,268.143,264.302,265.554,191860.58
2021-03-14 17:00:00,265.54,268.609,265.23,267.133,125276.18
2021-03-14 18:00:00,267.134,269.76,267.134,269.674,78675.11
2021-03-14 19:00:00,269.679,269.827,267.44,269.333,70656.08
2021-03-14 20:00:00,269.276,269.9,267.153,269.141,74382.85
2021-03-14 21:00:00,269.138,269.541,266.231,266.895,53431.32
2021-03-14 22:00:00,266.895,269.6,265.4,269.0,105629.94
2021-03-14 23:00:00,269.046,270.281,263.114,263.278,180120.07
2021-03-15 00:00:00,263.431,267.125,261.0,265.087,219533.25
2021-03-15 01:00:00,265.086,266.729,263.719,266.125,102146.65
2021-03-15 02:00:00,266.132,267.805,265.269,266.565,94069.39
2021-03-15 03:00:00,266.596,267.284,265.88,266.968,56025.1
2021-03-15 04:00:00,266.967,268.158,264.2,264.785,106373.09
2021-03-15 05:00:00,264.771,264.944,260.9,261.014,157885.57
2021-03-15 06:00:00,261.018,262.908,257.0,259.179,264714.14
2021-03-15 07:00:00,259.204,259.68,249.649,255.28,599749.07
2021-03-15 08:00:00,255.281,259.99,253.9,255.45,290643.29
2021-03-15 09:00:00,255.45,257.22,249.729,253.86,581749.58
2021-03-15 10:00:00,254.006,258.252,252.854,258.194,239794.08
2021-03-15 11:00:00,258.17,258.215,254.217,255.076,185525.5
2021-03-15 12:00:00,255.045,256.673,251.0,256.317,255223.94
2021-03-15 13:00:00,256.211,260.0,255.44,259.699,216053.37
2021-03-15 14:00:00,259.699,261.966,256.189,256.189,264938.03
2021-03-15 15:00:00,256.24,259.181,253.552,255.077,221772.17
2021-03-15 16:00:00,255.0,257.592,252.795,255.356,208376.08
2021-03-15 17:00:00,255.34,255.855,252.367,255.079,151658.72
2021-03-15 18:00:00,255.059,258.319,254.168,257.341,102752.59
2021-03-15 19:00:00,257.338,259.107,257.252,258.055,85035.68
2021-03-15 20:00:00,258.055,259.417,255.726,257.048,102805.19
2021-03-15 21:00:00,257.051,258.0,256.275,257.534,43559.6
2021-03-15 22:00:00,257.535,258.719,254.085,255.27,93992.1
2021-03-15 23:00:00,255.313,257.499,253.448,254.523,100770.12
2021-03-16 00:00:00,254.53,256.6,246.319,247.107,343587.77
2021-03-16 01:00:00,247.107,247.234,240.0,246.171,414882.53
2021-03-16 02:00:00,246.173,248.0,245.213,248.0,134578.51
2021-03-16 03:00:00,248.0,248.593,245.5,246.636,132987.96
2021-03-16 04:00:00,246.627,249.72,245.632,248.057,121751.25
2021-03-16 05:00:00,248.038,248.352,243.229,245.921,196379.64
2021-03-16 06:00:00,245.891,250.0,243.3,249.799,221945.52
2021-03-16 07:00:00,249.799,253.588,248.9,253.279,227625.06
2021-03-16 08:00:00,253.279,258.818,252.226,258.225,237775.47
2021-03-16 09:00:00,258.25,259.902,255.5,256.158,234974.94
2021-03-16 10:00:00,256.157,257.613,253.7,255.221,170179.28
2021-03-16 11:00:00,255.222,255.957,252.415,254.588,150524.04
2021-03-16 12:00:00,254.595,255.772,252.19,254.115,157190.08
2021-03-16 13:00:00,254.068,257.29,253.7,256.462,185056.59
2021-03-16 14:00:00,256.462,257.704,255.104,256.656,149177.56
2021-03-16 15:00:00,256.642,258.7,256.019,258.348,130114.35
2021-03-16 16:00:00,258.348,258.778,255.575,256.684,142139.78
2021-03-16 17:00:00,256.699,257.366,250.6,252.423,194513.1
2021-03-16 18:00:00,252.398,254.444,251.663,253.251,99568.92
2021-03-16 19:00:00,253.266,254.399,252.512,254.226,63385.32
2021-03-16 20:00:00,254.206,256.726,253.97,256.169,92792.67
2021-03-16 21:00:00,256.146,257.482,255.374,256.685,54419.24
2021-03-16 22:00:00,256.686,258.593,256.25,256.902,80663.73
2021-03-16 23:00:00,256.908,258.999,256.566,258.957,84993.55
2021-03-17 00:00:00,258.964,260.673,256.062,257.339,141014.8
2021-03-17 01:00:00,257.385,257.975,256.122,257.456,60038.31
2021-03-17 02:00:00,257.475,257.55,254.644,255.141,75854.89
2021-03-17 03:00:00,255.141,256.275,252.8,253.341,91214.42
2021-03-17 04:00:00,253.281,255.556,252.421,255.279,79712.67
2021-03-17 05:00:00,255.24,255.312,252.348,254.399,88240.25
2021-03-17 06:00:00,254.398,255.326,253.788,255.286,75310.87
2021-03-17 07:00:00,255.273,255.864,254.5,254.874,79433.44
2021-03-17 08:00:00,254.885,255.6,253.703,254.151,90497.78
2021-03-17 09:00:00,254.151,254.888,248.624,251.65,199434.83
2021-03-17 10:00:00,251.65,253.639,251.08,253.3,92829.5
2021-03-17 11:00:00,253.281,253.423,250.668,251.552,99474.45
2021-03-17 12:00:00,251.572,252.808,249.108,252.206,135585.86
2021-03-17 13:00:00,252.218,253.418,250.923,252.505,110880.77
2021-03-17 14:00:00,252.515,253.044,250.644,251.273,129191.48
2021-03-17 15:00:00,251.283,253.269,250.467,252.256,135372.72
2021-03-17 16:00:00,252.268,255.0,251.517,254.122,139161.23
2021-03-17 17:00:00,254.151,257.188,254.151,256.639,131862.1
2021-03-17 18:00:00,256.652,262.561,256.652,261.63,337154.45
2021-03-17 19:00:00,261.629,266.702,261.33,264.088,365286.18
2021-03-17 20:00:00,264.093,264.962,260.28,260.44,182217.35
2021-03-17 21:00:00,260.449,264.829,260.421,264.585,114085.66
2021-03-17 22:00:00,264.601,266.5,264.15,264.882,138228.14
2021-03-17 23:00:00,264.882,272.598,264.822,270.149,233438.94
2021-03-18 00:00:00,270.187,273.66,269.431,270.674,200973.52
2021-03-18 01:00:00,270.675,275.0,270.649,273.318,144899.06
2021-03-18 02:00:00,273.312,277.401,272.544,273.044,204446.85
2021-03-18 03:00:00,273.043,274.4,270.523,272.58,121756.68
2021-03-18 04:00:00,272.58,274.637,271.956,274.103,115210.29
2021-03-18 05:00:00,274.103,276.158,272.796,276.127,114281.07
2021-03-18 06:00:00,276.137,276.8,274.255,275.151,136298.12
2021-03-18 07:00:00,275.152,275.987,272.316,274.605,165813.87
2021-03-18 08:00:00,274.636,278.239,271.555,271.872,276425.46
2021-03-18 09:00:00,271.874,275.5,271.604,275.032,128439.25
2021-03-18 10:00:00,274.999,275.493,272.1,272.858,124665.08
2021-03-18 11:00:00,272.875,273.38,266.094,267.248,284392.0
2021-03-18 12:00:00,267.248,268.44,263.292,267.162,271160.13
2021-03-18 13:00:00,267.157,268.143,265.203,265.875,125174.83
2021-03-18 14:00:00,265.875,266.8,262.154,264.882,195967.38
2021-03-18 15:00:00,264.826,270.904,263.721,269.7,238805.44
2021-03-18 16:00:00,269.702,271.437,267.122,267.494,240524.36
2021-03-18 17:00:00,267.521,268.54,263.737,265.032,141340.93
2021-03-18 18:00:00,265.021,265.974,261.65,263.192,161500.61
2021-03-18 19:00:00,263.189,263.334,257.501,258.929,239288.75
2021-03-18 20:00:00,258.905,262.306,257.461,261.353,135310.84
2021-03-18 21:00:00,261.336,264.466,261.021,263.263,65557.82
2021-03-18 22:00:00,263.263,264.89,262.454,263.378,88848.19
2021-03-18 23:00:00,263.38,264.935,261.008,261.699,102466.68
2021-03-19 00:00:00,261.699,262.538,255.001,260.273,272103.88
2021-03-19 01:00:00,260.227,262.726,258.658,262.535,90243.47
2021-03-19 02:00:00,262.535,264.0,261.547,263.587,89038.42
2021-03-19 03:00:00,263.648,264.613,262.89,263.913,70964.68
2021-03-19 04:00:00,263.913,266.733,263.905,265.375,112881.87
2021-03-19 05:00:00,265.413,267.512,264.421,266.283,109244.44
2021-03-19 06:00:00,266.283,267.118,265.194,265.226,81228.84
2021-03-19 07:00:00,265.226,265.739,261.448,262.196,122152.03
2021-03-19 08:00:00,262.217,265.244,261.055,265.22,123338.22
2021-03-19 09:00:00,265.22,267.94,265.041,265.323,123661.85
2021-03-19 10:00:00,265.321,267.987,265.195,267.971,83048.63
2021-03-19 11:00:00,267.965,269.486,266.64,267.403,122726.97
2021-03-19 12:00:00,267.441,268.851,265.71,265.88,119709.26
2021-03-19 13:00:00,265.881,266.427,264.083,264.634,124513.38
2021-03-19 14:00:00,264.633,267.393,263.213,267.344,116423.08
2021-03-19 15:00:00,267.351,267.682,265.9,266.92,96005.59
2021-03-19 16:00:00,266.92,267.794,266.05,266.302,92522.0
2021-03-19 17:00:00,266.302,266.791,265.148,265.826,55521.43
2021-03-19 18:00:00,265.826,267.386,265.0,266.746,69512.22
2021-03-19 19:00:00,266.713,267.09,265.514,266.128,46281.85
2021-03-19 20:00:00,266.137,267.993,263.362,263.995,132212.36
2021-03-19 21:00:00,263.995,265.903,263.625,264.917,36862.0
2021-03-19 22:00:00,264.918,265.114,263.83,264.904,35302.37
2021-03-19 23:00:00,264.905,264.905,262.263,262.924,87367.45
2021-03-20 00:00:00,262.933,266.3,261.585,265.886,125056.96
2021-03-20 01:00:00,265.899,267.214,265.16,266.128,81347.64
2021-03-20 02:00:00,266.128,267.364,265.365,265.482,83278.2
2021-03-20 03:00:00,265.484,266.717,264.239,265.188,78229.91
2021-03-20 04:00:00,265.184,265.26,263.63,264.1,45896.92
2021-03-20 05:00:00,264.1,265.28,263.863,264.528,39558.39
2021-03-20 06:00:00,264.529,265.6,264.17,265.579,38272.07
2021-03-20 07:00:00,265.579,270.764,265.222,270.094,165953.07
2021-03-20 08:00:00,270.071,272.642,268.206,269.15,234628.06
2021-03-20 09:00:00,269.17,270.176,267.349,270.012,124121.4
2021-03-20 10:00:00,270.012,271.022,269.0,269.601,96821.54
2021-03-20 11:00:00,269.602,270.7,268.803,269.722,84914.77
2021-03-20 12:00:00,269.737,270.095,268.2,269.829,74957.47
2021-03-20 13:00:00,269.865,272.926,268.551,269.407,236007.26
2021-03-20 14:00:00,269.394,271.0,268.5,270.615,121560.52
2021-03-20 15:00:00,270.615,274.848,269.968,271.549,272166.12
2021-03-20 16:00:00,271.549,272.273,269.424,270.207,160516.8
2021-03-20 17:00:00,270.207,271.614,269.553,270.451,79532.72
2021-03-20 18:00:00,270.449,271.646,270.18,270.362,58445.3
2021-03-20 19:00:00,270.361,272.053,270.262,271.5,59632.25
2021-03-20 20:00:00,271.499,271.508,265.5,267.047,216546.75
2021-03-20 21:00:00,267.047,268.398,266.747,267.783,39445.76
2021-03-20 22:00:00,267.779,268.398,265.0,266.3,65079.83
2021-03-20 23:00:00,266.3,266.3,263.306,264.332,113429.97
2021-03-21 00:00:00,264.305,267.572,261.5,265.923,175161.59
2021-03-21 01:00:00,265.923,268.121,265.0,266.641,82714.46
2021-03-21 02:00:00,266.663,266.663,262.157,263.339,107358.01
2021-03-21 03:00:00,263.342,267.3,262.45,267.28,110535.05
2021-03-21 04:00:00,267.245,267.356,262.475,263.328,116645.79
2021-03-21 05:00:00,263.323,265.199,262.52,263.092,82153.6
2021-03-21 06:00:00,263.087,264.957,261.5,262.839,105042.15
2021-03-21 07:00:00,262.84,264.454,262.783,263.878,64755.16
2021-03-21 08:00:00,263.864,265.49,263.452,265.12,78073.01
2021-03-21 09:00:00,265.065,265.583,260.106,261.332,180558.11
2021-03-21 10:00:00,261.322,262.582,260.228,261.468,100033.02
2021-03-21 11:00:00,261.406,261.406,258.5,260.414,121445.32
2021-03-21 12:00:00,260.425,260.758,257.232,260.545,134950.92
2021-03-21 13:00:00,260.556,264.263,260.512,263.417,178169.4
2021-03-21 14:00:00,263.396,264.224,263.0,263.622,63742.73
2021-03-21 15:00:00,263.623,264.988,263.02,263.38,89296.59
2021-03-21 16:00:00,263.376,265.628,262.568,263.316,123331.71
2021-03-21 17:00:00,263.296,264.199,262.957,263.788,50488.75
2021-03-21 18:00:00,263.788,265.338,263.4,264.546,48581.93
2021-03-21 19:00:00,264.547,266.294,264.547,265.257,71135.94
2021-03-21 20:00:00,265.241,267.0,264.644,266.752,71162.77
2021-03-21 21:00:00,266.752,267.76,265.818,267.45,55479.41
2021-03-21 22:00:00,267.44,267.727,264.61,264.684,68482.8
2021-03-21 23:00:00,264.684,265.529,263.4,264.852,63681.64
2021-03-22 00:00:00,264.852,265.517,260.5,261.124,111298.79
2021-03-22 01:00:00,261.124,262.759,260.111,262.59,79172.33
2021-03-22 02:00:00,262.598,264.975,262.009,264.828,57044.73
2021-03-22 03:00:00,264.828,269.165,264.79,268.155,115958.33
2021-03-22 04:00:00,268.171,269.015,266.25,267.098,94676.63
2021-03-22 05:00:00,267.098,268.763,266.773,268.06,72338.8
2021-03-22 06:00:00,268.049,269.7,266.645,267.1,102213.56
2021-03-22 07:00:00,267.1,267.553,265.5,265.969,75073.11
2021-03-22 08:00:00,265.967,266.435,264.15,264.522,81171.36
2021-03-22 09:00:00,264.522,268.398,263.751,267.887,115279.72
2021-03-22 10:00:00,267.847,269.44,266.713,266.935,166227.02
2021-03-22 11:00:00,266.935,267.847,265.839,267.501,74503.9
2021-03-22 12:00:00,267.505,267.632,264.62,266.195,100878.14
2021-03-22 13:00:00,266.225,267.115,264.206,266.688,124100.01
2021-03-22 14:00:00,266.688,268.443,265.751,267.469,139399.09
2021-03-22 15:00:00,267.505,268.48,266.662,267.756,90008.31
2021-03-22 16:00:00,267.758,269.25,265.583,268.536,201349.05
2021-03-22 17:00:00,268.541,276.339,267.864,275.58,478003.35
2021-03-22 18:00:00,275.557,277.607,270.32,270.781,342395.39
2021-03-22 19:00:00,270.803,271.6,263.0,265.993,478839.7
2021-03-22 20:00:00,265.991,268.441,256.728,259.023,446264.45
2021-03-22 21:00:00,259.006,261.531,256.611,258.027,182201.83
2021-03-22 22:00:00,258.002,258.477,253.0,258.212,305907.9
2021-03-22 23:00:00,258.213,259.331,254.459,254.967,149841.44
2021-03-23 00:00:00,254.99,259.18,253.0,259.106,233090.73
2021-03-23 01:00:00,259.104,262.286,257.831,261.737,122941.04
2021-03-23 02:00:00,261.739,261.956,258.164,259.049,114429.32
2021-03-23 03:00:00,259.114,259.71,257.618,259.568,71516.32
2021-03-23 04:00:00,259.564,260.348,257.363,259.549,90583.18
2021-03-23 05:00:00,259.554,259.974,253.108,256.855,209933.88
2021-03-23 06:00:00,256.878,256.962,252.0,252.643,242293.86
2021-03-23 07:00:00,252.651,258.1,252.597,257.399,123002.11
2021-03-23 08:00:00,257.361,258.231,255.414,257.438,109280.6
2021-03-23 09:00:00,257.447,260.263,257.117,259.789,137435.97
2021-03-23 10:00:00,259.759,260.182,258.195,259.299,79445.38
2021-03-23 11:00:00,259.246,260.432,255.3,256.3,135058.8
2021-03-23 12:00:00,256.269,260.53,256.269,259.578,161736.3
2021-03-23 13:00:00,259.608,263.031,259.402,261.162,204933.22
2021-03-23 14:00:00,261.161,261.774,257.091,259.658,206823.17
2021-03-23 15:00:00,259.678,260.98,259.256,260.169,108505.83
2021-03-23 16:00:00,260.169,261.71,258.54,260.973,150023.09
2021-03-23 17:00:00,260.941,261.733,259.0,260.093,97690.48
2021-03-23 18:00:00,260.1,260.443,258.298,258.321,77602.66
2021-03-23 19:00:00,258.318,259.261,256.323,257.332,100279.64
2021-03-23 20:00:00,257.333,257.769,253.754,254.175,108789.85
2021-03-23 21:00:00,254.179,255.303,253.0,254.677,68947.22
2021-03-23 22:00:00,254.677,256.922,253.937,254.829,73274.33
2021-03-23 23:00:00,254.83,256.617,254.67,255.654,66437.42
2021-03-24 00:00:00,255.605,257.218,251.0,251.853,203137.61
2021-03-24 01:00:00,251.855,256.143,251.57,255.768,107423.77
2021-03-24 02:00:00,255.776,257.2,254.977,255.951,66097.98
2021-03-24 03:00:00,255.962,256.999,254.574,256.516,97919.78
2021-03-24 04:00:00,256.517,257.245,254.884,255.439,99957.52
2021-03-24 05:00:00,255.409,255.991,253.249,255.811,82670.97
2021-03-24 06:00:00,255.749,259.164,254.494,257.816,156516.54
2021-03-24 07:00:00,257.829,259.95,257.6,259.732,125375.41
2021-03-24 08:00:00,259.777,261.899,259.42,260.02,136908.89
2021-03-24 09:00:00,260.066,264.848,260.066,263.715,187653.37
2021-03-24 10:00:00,263.715,264.493,261.8,263.93,133731.98
2021-03-24 11:00:00,263.956,265.173,262.692,263.377,92621.8
2021-03-24 12:00:00,263.352,268.643,263.352,267.082,233317.41
2021-03-24 13:00:00,267.082,268.807,263.668,265.501,200896.77
2021-03-24 14:00:00,265.5,266.2,263.0,263.675,136298.57
2021-03-24 15:00:00,263.704,264.5,260.737,262.953,151776.11
2021-03-24 16:00:00,262.961,263.9,259.508,260.638,151999.39
2021-03-24 17:00:00,260.651,263.38,259.981,261.557,110653.31
2021-03-24 18:00:00,261.616,262.667,258.112,258.226,115168.78
2021-03-24 19:00:00,258.244,259.5,254.0,255.096,216684.17
2021-03-24 20:00:00,255.096,259.027,251.65,257.281,298436.11
2021-03-24 21:00:00,257.281,257.966,254.0,255.148,110837.37
2021-03-24 22:00:00,255.189,255.204,240.0,246.962,574865.37
2021-03-24 23:00:00,247.003,250.998,245.697,248.468,190442.27
2021-03-25 00:00:00,248.52,250.084,246.0,247.886,167742.88
2021-03-25 01:00:00,247.901,248.481,241.548,241.971,171813.06
2021-03-25 02:00:00,241.957,243.358,238.062,240.839,283889.43
2021-03-25 03:00:00,240.787,242.764,238.121,240.95,139587.2
2021-03-25 04:00:00,240.964,242.93,238.794,241.741,108801.63
2021-03-25 05:00:00,241.735,246.308,241.0,245.703,125719.1
2021-03-25 06:00:00,245.671,249.129,245.409,247.526,131140.37
2021-03-25 07:00:00,247.53,248.377,241.5,242.121,157415.45
2021-03-25 08:00:00,242.116,246.285,241.538,244.881,156394.01
2021-03-25 09:00:00,244.893,247.101,243.625,246.751,84779.26
2021-03-25 10:00:00,246.719,247.216,244.632,246.769,105998.26
2021-03-25 11:00:00,246.798,247.559,241.832,241.946,143524.91
2021-03-25 12:00:00,241.947,243.345,222.902,230.072,1072485.62
2021-03-25 13:00:00,230.015,235.785,226.898,234.349,405377.58
2021-03-25 14:00:00,234.35,236.663,230.46,232.104,290642.81
2021-03-25 15:00:00,232.103,233.979,229.274,231.106,270494.39
2021-03-25 16:00:00,231.089,234.671,228.528,232.151,332044.57
2021-03-25 17:00:00,232.113,234.448,231.0,234.16,155144.42
2021-03-25 18:00:00,234.177,238.854,233.5,237.215,193749.27
2021-03-25 19:00:00,237.177,237.846,233.839,235.92,126264.81
2021-03-25 20:00:00,235.92,237.888,234.51,236.152,122205.6
2021-03-25 21:00:00,236.152,237.888,235.152,237.386,79258.19
2021-03-25 22:00:00,237.427,239.77,234.113,234.931,130963.95
2021-03-25 23:00:00,234.937,236.659,233.003,233.852,95833.82
2021-03-26 00:00:00,233.849,241.237,233.744,240.87,149530.6
2021-03-26 01:00:00,240.825,242.766,239.845,242.739,96302.53
2021-03-26 02:00:00,242.74,243.567,237.8,238.59,121851.96
2021-03-26 03:00:00,238.656,243.462,238.52,241.634,121745.28
2021-03-26 04:00:00,241.596,242.616,239.71,242.123,91921.01
2021-03-26 05:00:00,242.107,243.331,241.101,243.319,84029.23
2021-03-26 06:00:00,243.276,243.516,240.312,241.015,99189.79
2021-03-26 07:00:00,241.016,246.448,240.054,246.064,172624.33
2021-03-26 08:00:00,246.113,248.222,244.1,244.857,215551.25
2021-03-26 09:00:00,244.845,247.099,244.559,246.043,99419.31
2021-03-26 10:00:00,246.045,248.443,245.669,246.99,104597.39
2021-03-26 11:00:00,247.055,248.405,245.063,247.13,163595.05
2021-03-26 12:00:00,247.137,251.487,245.962,248.817,243467.88
2021-03-26 13:00:00,248.829,249.604,245.473,249.087,212814.46
2021-03-26 14:00:00,249.07,249.58,247.835,248.327,127401.24
2021-03-26 15:00:00,248.372,248.995,246.878,247.851,74276.71
2021-03-26 16:00:00,247.866,251.5,245.677,250.737,238477.65
2021-03-26 17:00:00,250.661,251.989,249.703,251.523,121933.01
2021-03-26 18:00:00,251.514,251.79,248.433,249.366,88423.62
2021-03-26 19:00:00,249.375,250.324,248.4,250.229,78738.75
2021-03-26 20:00:00,250.228,253.087,250.21,251.7,124141.84
2021-03-26 21:00:00,251.702,253.959,251.702,253.86,74026.93
2021-03-26 22:00:00,253.829,254.667,251.25,251.884,103024.96
2021-03-26 23:00:00,251.892,255.192,251.645,255.072,128170.97
2021-03-27 00:00:00,255.046,256.66,251.1,251.554,184904.79
2021-03-27 01:00:00,251.553,253.047,248.788,250.429,158686.92
2021-03-27 02:00:00,250.45,251.94,250.0,251.23,88440.19
2021-03-27 03:00:00,251.238,252.176,249.274,251.741,63565.62
2021-03-27 04:00:00,251.741,254.371,251.64,253.073,109168.05
2021-03-27 05:00:00,253.074,254.0,251.741,252.944,64334.23
2021-03-27 06:00:00,252.941,254.097,252.401,253.179,58408.76
2021-03-27 07:00:00,253.168,253.705,251.243,252.28,70505.45
2021-03-27 08:00:00,252.279,255.408,251.52,255.085,137482.01
2021-03-27 09:00:00,255.145,260.0,254.04,259.793,203549.57
2021-03-27 10:00:00,259.806,261.001,256.0,256.047,232493.88
2021-03-27 11:00:00,256.078,258.3,253.3,255.853,239813.68
2021-03-27 12:00:00,255.881,256.529,252.515,254.637,181448.54
2021-03-27 13:00:00,254.62,258.771,254.159,257.704,150352.8
2021-03-27 14:00:00,257.665,260.014,255.877,259.211,169628.15
2021-03-27 15:00:00,259.22,262.238,258.458,260.685,227970.64
2021-03-27 16:00:00,260.703,264.39,260.703,263.881,278535.9
2021-03-27 17:00:00,263.88,268.261,263.826,265.956,287880.72
2021-03-27 18:00:00,265.95,266.095,262.5,264.068,150041.91
2021-03-27 19:00:00,264.093,264.931,263.053,264.092,78753.9
2021-03-27 20:00:00,264.114,268.788,264.045,267.91,134475.68
2021-03-27 21:00:00,267.953,274.762,266.82,273.923,232761.79
2021-03-27 22:00:00,273.923,276.338,270.657,275.067,223522.41
2021-03-27 23:00:00,275.095,275.513,268.2,269.619,202274.56
2021-03-28 00:00:00,269.605,273.2,266.218,273.099,223421.39
2021-03-28 01:00:00,273.098,274.346,271.385,272.551,143791.58
2021-03-28 02:00:00,272.512,273.064,269.618,272.509,105136.23
2021-03-28 03:00:00,272.503,278.872,271.773,278.327,183398.91
2021-03-28 04:00:00,278.288,281.67,276.55,277.678,237229.6
2021-03-28 05:00:00,277.678,280.59,277.652,277.992,145463.08
2021-03-28 06:00:00,277.977,278.772,272.222,274.751,208663.05
2021-03-28 07:00:00,274.683,277.621,274.23,277.558,126821.56
2021-03-28 08:00:00,277.551,278.086,273.79,276.46,140540.78
2021-03-28 09:00:00,276.496,276.7,270.592,271.26,201251.8
2021-03-28 10:00:00,271.249,273.334,268.4,272.046,206866.86
2021-03-28 11:00:00,272.057,272.687,269.258,269.431,117263.47
2021-03-28 12:00:00,269.43,271.51,266.277,269.886,255805.85
2021-03-28 13:00:00,269.884,273.117,269.057,271.167,127906.46
2021-03-28 14:00:00,271.213,272.043,268.028,270.851,192790.4
2021-03-28 15:00:00,270.851,273.503,269.154,272.326,191102.92
2021-03-28 16:00:00,272.333,273.331,270.011,270.736,132890.49
2021-03-28 17:00:00,270.709,271.139,267.549,269.065,133941.91
2021-03-28 18:00:00,269.045,269.388,264.0,264.108,169560.26
2021-03-28 19:00:00,264.1,267.226,261.1,265.998,289604.99
2021-03-28 20:00:00,265.996,266.828,262.701,263.561,132221.73
2021-03-28 21:00:00,263.599,266.584,263.418,265.445,61904.74
2021-03-28 22:00:00,265.466,268.451,264.787,267.867,79809.95
2021-03-28 23:00:00,267.863,269.438,267.73,268.799,64815.56
2021-03-29 00:00:00,268.788,271.6,266.8,267.057,130219.21
2021-03-29 01:00:00,267.048,267.856,264.52,266.824,80655.66
2021-03-29 02:00:00,266.817,269.291,266.5,268.248,71196.4
2021-03-29 03:00:00,268.216,269.998,268.106,269.58,58647.35
2021-03-29 04:00:00,269.565,270.855,268.105,269.169,71156.21
2021-03-29 05:00:00,269.156,270.12,267.282,268.215,71043.85
2021-03-29 06:00:00,268.248,271.999,268.216,271.221,72879.62
2021-03-29 07:00:00,271.209,275.988,271.177,274.0,164454.37
2021-03-29 08:00:00,273.999,278.291,273.946,276.386,177712.29
2021-03-29 09:00:00,276.376,278.5,275.063,275.524,200187.28
2021-03-29 10:00:00,275.525,275.842,272.3,273.031,190612.22
2021-03-29 11:00:00,273.071,275.978,272.756,275.975,115996.41
2021-03-29 12:00:00,275.932,277.5,274.0,274.738,163684.97
2021-03-29 13:00:00,274.674,275.168,273.36,274.238,72082.14
2021-03-29 14:00:00,274.194,274.64,272.499,273.58,104571.99
2021-03-29 15:00:00,273.586,274.456,269.1,272.428,210310.91
2021-03-29 16:00:00,272.436,274.846,270.379,273.943,150499.18
2021-03-29 17:00:00,273.922,276.159,273.488,274.904,124624.77
2021-03-29 18:00:00,274.912,275.167,272.855,274.629,69906.62
2021-03-29 19:00:00,274.629,274.847,272.101,273.186,67330.06
2021-03-29 20:00:00,273.191,274.93,271.8,272.691,96824.4
2021-03-29 21:00:00,272.703,273.772,272.11,273.521,32199.47
2021-03-29 22:00:00,273.527,274.5,272.77,274.427,52321.44
2021-03-29 23:00:00,274.406,275.934,273.65,275.426,74217.5
2021-03-30 00:00:00,275.421,276.534,273.029,274.617,87685.78
2021-03-30 01:00:00,274.616,274.734,272.823,273.216,47167.91
2021-03-30 02:00:00,273.253,273.253,271.507,272.576,62426.53
2021-03-30 03:00:00,272.544,273.603,271.801,272.627,61153.5
2021-03-30 04:00:00,272.627,275.25,271.61,274.198,76612.1
2021-03-30 05:00:00,274.197,274.915,273.2,274.317,57167.7
2021-03-30 06:00:00,274.305,276.3,273.895,275.994,90738.37
2021-03-30 07:00:00,276.007,280.156,275.919,279.632,252404.36
2021-03-30 08:00:00,279.633,298.45,279.633,294.136,1142653.14
2021-03-30 09:00:00,294.136,297.906,291.251,293.272,690549.36
2021-03-30 10:00:00,293.275,300.48,293.275,295.518,648798.19
2021-03-30 11:00:00,295.514,299.596,295.476,297.703,350544.41
2021-03-30 12:00:00,297.72,299.0,295.265,296.782,281252.7
2021-03-30 13:00:00,296.809,304.667,295.632,303.378,525512.04
2021-03-30 14:00:00,303.319,305.603,298.506,301.4,623320.75
2021-03-30 15:00:00,301.388,303.591,296.156,297.083,388131.72
2021-03-30 16:00:00,297.086,299.5,292.84,298.537,395836.44
2021-03-30 17:00:00,298.514,302.55,297.816,302.098,221029.57
2021-03-30 18:00:00,302.105,303.507,299.0,302.696,234129.47
2021-03-30 19:00:00,302.715,311.966,301.746,311.768,449854.36
2021-03-30 20:00:00,311.74,312.0,301.255,304.317,517304.65
2021-03-30 21:00:00,304.317,310.506,304.232,308.675,215022.84
2021-03-30 22:00:00,308.716,310.529,306.29,309.926,224331.89
2021-03-30 23:00:00,309.898,312.811,307.0,312.347,297546.36
2021-03-31 00:00:00,312.322,317.26,309.091,316.82,504083.24
2021-03-31 01:00:00,316.881,317.89,310.78,311.148,391600.72
2021-03-31 02:00:00,311.163,311.235,303.662,307.461,441785.29
2021-03-31 03:00:00,307.46,307.509,298.941,302.159,480850.65
2021-03-31 04:00:00,302.156,305.092,298.327,304.608,303605.69
2021-03-31 05:00:00,304.604,308.983,303.143,306.936,197584.0
2021-03-31 06:00:00,306.943,311.2,304.168,308.349,306995.63
2021-03-31 07:00:00,308.371,311.334,299.161,302.596,442233.51
2021-03-31 08:00:00,302.588,303.313,283.0,298.606,1236246.64
2021-03-31 09:00:00,298.624,299.388,295.2,296.949,281391.26
2021-03-31 10:00:00,296.9,298.799,290.47,295.253,473661.81
2021-03-31 11:00:00,295.244,299.789,294.651,298.984,226507.74
2021-03-31 12:00:00,298.977,303.811,295.716,303.581,357451.88
2021-03-31 13:00:00,303.581,309.691,301.61,307.804,413709.2
2021-03-31 14:00:00,307.801,308.829,304.656,305.287,239746.96
2021-03-31 15:00:00,305.286,309.0,303.817,306.944,266984.28
2021-03-31 16:00:00,306.956,309.2,301.492,303.601,314612.49
2021-03-31 17:00:00,303.617,305.434,302.004,304.904,179201.44
2021-03-31 18:00:00,304.9,307.276,303.148,306.4,172253.99
2021-03-31 19:00:00,306.42,307.0,301.0,301.242,207033.32
2021-03-31 20:00:00,301.268,302.969,300.019,300.589,154311.46
2021-03-31 21:00:00,300.56,302.097,295.0,300.174,175573.56
2021-03-31 22:00:00,300.175,301.81,298.566,299.159,95238.58
2021-03-31 23:00:00,299.159,303.981,298.914,302.7,107233.26
2021-04-01 00:00:00,302.702,305.59,301.0,305.35,124339.28
2021-04-01 01:00:00,305.329,308.5,302.85,306.989,142313.69
2021-04-01 02:00:00,306.998,309.102,305.774,307.885,121464.43
2021-04-01 03:00:00,307.885,308.187,304.179,306.805,85709.55
2021-04-01 04:00:00,306.842,308.646,304.387,306.576,109096.57
2021-04-01 05:00:00,306.575,307.098,305.0,305.38,70239.3
2021-04-01 06:00:00,305.324,315.0,305.323,311.229,321773.16
2021-04-01 07:00:00,311.234,316.18,307.68,313.707,307993.01
2021-04-01 08:00:00,313.684,321.871,311.208,316.577,596112.82
2021-04-01 09:00:00,316.614,319.471,314.534,314.638,225942.47
2021-04-01 10:00:00,314.664,319.3,314.168,317.403,244153.04
2021-04-01 11:00:00,317.427,317.464,311.5,314.3,268079.37
2021-04-01 12:00:00,314.321,317.411,312.9,316.231,147058.04
2021-04-01 13:00:00,316.237,324.398,315.849,320.85,422254.09
2021-04-01 14:00:00,320.851,330.0,320.0,327.965,435768.04
2021-04-01 15:00:00,327.98,331.427,324.64,327.763,390049.64
2021-04-01 16:00:00,327.793,330.0,324.818,326.328,248677.26
2021-04-01 17:00:00,326.333,328.182,318.0,322.426,309915.76
2021-04-01 18:00:00,322.428,328.172,315.11,328.172,472020.18
2021-04-01 19:00:00,328.172,330.0,322.647,327.93,338980.38
2021-04-01 20:00:00,327.902,331.415,327.0,328.888,270194.36
2021-04-01 21:00:00,328.85,333.8,327.0,332.134,277870.98
2021-04-01 22:00:00,332.152,338.886,330.178,336.89,290225.71
2021-04-01 23:00:00,336.94,340.0,334.307,335.334,297733.55
2021-04-02 00:00:00,335.374,349.877,334.754,349.876,542118.73
2021-04-02 01:00:00,349.876,358.418,346.577,348.341,677049.52
2021-04-02 02:00:00,348.31,348.786,341.33,345.193,417121.97
2021-04-02 03:00:00,345.206,346.851,342.627,345.05,186702.1
2021-04-02 04:00:00,345.008,348.334,341.544,345.233,196857.14
2021-04-02 05:00:00,345.234,355.72,345.225,353.221,392005.29
2021-04-02 06:00:00,353.192,357.876,350.0,352.556,394075.82
2021-04-02 07:00:00,352.556,355.767,350.275,352.292,202954.1
2021-04-02 08:00:00,352.365,357.0,352.023,352.959,232625.39
2021-04-02 09:00:00,352.982,353.45,346.459,351.449,313000.93
2021-04-02 10:00:00,351.449,351.914,348.294,348.625,141672.34
2021-04-02 11:00:00,348.627,350.6,346.251,347.75,148164.44
2021-04-02 12:00:00,347.72,347.929,338.252,346.663,437714.63
2021-04-02 13:00:00,346.673,349.332,342.106,345.912,264199.1
2021-04-02 14:00:00,345.911,353.8,344.805,350.258,296125.82
2021-04-02 15:00:00,350.216,350.32,346.273,347.036,184448.96
2021-04-02 16:00:00,347.037,348.742,342.138,343.644,217306.94
2021-04-02 17:00:00,343.656,344.684,337.19,338.13,228177.19
2021-04-02 18:00:00,338.126,342.76,331.519,335.7,288707.95
2021-04-02 19:00:00,335.745,337.998,325.0,337.572,383073.51
2021-04-02 20:00:00,337.572,342.563,337.002,341.748,235634.7
2021-04-02 21:00:00,341.792,341.854,336.285,337.643,108265.66
2021-04-02 22:00:00,337.643,339.804,332.128,332.428,124491.05
2021-04-02 23:00:00,332.453,339.328,331.24,338.821,152140.05
2021-04-03 00:00:00,338.721,347.827,338.597,345.394,275245.06
2021-04-03 01:00:00,345.318,345.862,335.211,339.054,190962.08
2021-04-03 02:00:00,339.025,342.001,336.17,340.187,144556.32
2021-04-03 03:00:00,340.139,340.399,337.33,339.819,75204.64
2021-04-03 04:00:00,339.812,343.875,339.357,342.601,94708.23
2021-04-03 05:00:00,342.6,343.923,340.759,341.839,81888.84
2021-04-03 06:00:00,341.842,345.908,341.112,345.289,102230.57
2021-04-03 07:00:00,345.29,345.7,342.629,342.796,88828.63
2021-04-03 08:00:00,342.797,345.677,338.0,340.815,177614.43
2021-04-03 09:00:00,340.815,342.026,336.554,341.693,141675.0
2021-04-03 10:00:00,341.67,343.75,340.701,342.729,97289.63
2021-04-03 11:00:00,342.73,347.187,342.707,346.704,164660.66
2021-04-03 12:00:00,346.706,349.8,344.573,349.001,220073.76
2021-04-03 13:00:00,349.01,349.5,345.576,346.626,129769.43
2021-04-03 14:00:00,346.611,347.578,342.163,342.841,129080.84
2021-04-03 15:00:00,342.878,344.808,338.6,338.934,202019.28
2021-04-03 16:00:00,338.972,343.9,337.333,339.455,207463.42
2021-04-03 17:00:00,339.417,339.504,330.2,331.602,361749.94
2021-04-03 18:00:00,331.595,337.236,325.0,337.0,375555.16
2021-04-03 19:00:00,336.986,338.571,333.208,336.73,171128.28
2021-04-03 20:00:00,336.757,336.765,327.448,329.578,181518.31
2021-04-03 21:00:00,329.538,331.417,320.0,323.418,301336.76
2021-04-03 22:00:00,323.423,325.472,315.2,324.322,492393.32
2021-04-03 23:00:00,324.205,327.2,320.03,322.235,268726.53
2021-04-04 00:00:00,322.244,327.0,316.116,323.215,325463.47
2021-04-04 01:00:00,323.221,328.956,321.01,328.058,211303.79
2021-04-04 02:00:00,328.05,335.278,328.05,333.762,181982.84
2021-04-04 03:00:00,333.762,334.748,330.367,334.198,114113.99
2021-04-04 04:00:00,334.198,335.266,330.202,332.624,98967.17
2021-04-04 05:00:00,332.631,335.22,331.517,333.793,102219.33
2021-04-04 06:00:00,333.793,335.12,331.55,334.978,109436.88
2021-04-04 07:00:00,334.981,338.113,334.453,336.884,151105.46
2021-04-04 08:00:00,336.884,341.5,336.163,339.739,171864.36
2021-04-04 09:00:00,339.686,346.893,339.686,346.302,243399.6
2021-04-04 10:00:00,346.304,347.333,342.0,342.333,149906.06
2021-04-04 11:00:00,342.334,342.787,336.2,338.281,198425.43
2021-04-04 12:00:00,338.304,343.688,335.0,341.021,228145.78
2021-04-04 13:00:00,340.992,345.249,340.989,344.008,149912.73
2021-04-04 14:00:00,344.009,347.115,343.191,345.38,175732.52
2021-04-04 15:00:00,345.374,348.77,343.5,344.471,236440.61
2021-04-04 16:00:00,344.471,346.9,343.501,345.555,132940.95
2021-04-04 17:00:00,345.594,352.867,345.594,350.732,237740.2
2021-04-04 18:00:00,350.725,351.279,347.407,348.25,125303.58
2021-04-04 19:00:00,348.267,349.307,343.03,347.532,157001.84
2021-04-04 20:00:00,347.532,352.307,346.413,352.0,159557.44
2021-04-04 21:00:00,352.001,352.729,349.0,351.708,98976.35
2021-04-04 22:00:00,351.677,351.979,346.0,347.867,163261.23
2021-04-04 23:00:00,347.854,350.8,347.287,349.304,93269.69
2021-04-05 00:00:00,349.277,350.269,344.239,344.763,137483.05
2021-04-05 01:00:00,344.834,346.1,341.49,345.129,122316.22
2021-04-05 02:00:00,345.138,348.164,342.09,346.316,127219.91
2021-04-05 03:00:00,346.274,347.18,344.04,344.924,77775.78
2021-04-05 04:00:00,344.923,346.988,343.65,344.9,97093.23
2021-04-05 05:00:00,344.9,346.5,336.433,337.002,216872.06
2021-04-05 06:00:00,336.965,341.48,335.532,337.942,197237.12
2021-04-05 07:00:00,337.936,341.417,337.2,340.589,120274.64
2021-04-05 08:00:00,340.594,341.773,337.47,341.033,107842.3
2021-04-05 09:00:00,341.026,349.2,339.56,348.501,260298.34
2021-04-05 10:00:00,348.536,363.136,346.789,362.66,421255.12
2021-04-05 11:00:00,362.68,368.998,360.025,364.677,831367.95
2021-04-05 12:00:00,364.7,366.513,359.325,365.129,302896.85
2021-04-05 13:00:00,365.159,375.5,364.879,374.681,476486.87
2021-04-05 14:00:00,374.681,381.24,372.173,375.5,572410.96
2021-04-05 15:00:00,375.348,377.965,371.138,377.661,244421.36
2021-04-05 16:00:00,377.659,379.407,372.36,374.562,291417.91
2021-04-05 17:00:00,374.568,375.909,367.009,374.97,232629.75
2021-04-05 18:00:00,374.934,375.593,369.419,371.835,159076.87
2021-04-05 19:00:00,371.836,375.996,371.836,374.121,120713.21
2021-04-05 20:00:00,374.121,378.048,373.341,374.977,127816.78
2021-04-05 21:00:00,374.98,376.964,369.71,371.801,141203.08
2021-04-05 22:00:00,371.801,373.464,368.955,371.302,96535.34
2021-04-05 23:00:00,371.303,371.494,364.048,368.763,206681.86
2021-04-06 00:00:00,368.754,374.654,365.877,374.445,172086.19
2021-04-06 01:00:00,374.445,375.5,364.61,365.871,219070.85
2021-04-06 02:00:00,365.853,369.887,364.5,369.505,117894.63
2021-04-06 03:00:00,369.501,372.354,369.022,370.418,122886.5
2021-04-06 04:00:00,370.459,377.697,370.315,375.0,217411.01
2021-04-06 05:00:00,375.01,390.0,374.261,388.585,397458.15
2021-04-06 06:00:00,388.732,388.76,379.08,381.741,281069.73
2021-04-06 07:00:00,381.739,382.988,375.618,377.582,225101.19
2021-04-06 08:00:00,377.535,386.286,377.213,379.635,368493.63
2021-04-06 09:00:00,379.676,388.414,378.135,387.109,236068.31
2021-04-06 10:00:00,387.108,396.739,383.621,388.206,481663.45
2021-04-06 11:00:00,388.11,399.996,387.381,397.323,568621.66
2021-04-06 12:00:00,397.276,402.1,390.962,392.004,568254.51
2021-04-06 13:00:00,392.005,396.558,386.807,389.897,303313.91
2021-04-06 14:00:00,389.838,389.997,373.225,387.992,862171.49
2021-04-06 15:00:00,387.999,389.456,382.5,386.639,283766.94
2021-04-06 16:00:00,386.633,394.352,385.943,392.006,309169.78
2021-04-06 17:00:00,392.006,396.396,389.478,394.138,189155.67
2021-04-06 18:00:00,394.128,396.4,389.199,394.999,191300.36
2021-04-06 19:00:00,394.966,399.595,392.1,398.776,245350.48
2021-04-06 20:00:00,398.757,406.854,394.028,405.686,383940.67
2021-04-06 21:00:00,405.585,410.0,396.31,404.448,470660.51
2021-04-06 22:00:00,404.446,413.068,401.481,408.361,321165.07
2021-04-06 23:00:00,408.337,409.877,402.566,403.484,201681.21
2021-04-07 00:00:00,403.499,405.705,391.583,394.675,337533.12
2021-04-07 01:00:00,394.697,409.261,392.04,407.7,380025.9
2021-04-07 02:00:00,407.711,409.095,402.5,406.292,186368.62
2021-04-07 03:00:00,406.301,407.0,400.0,402.04,145653.73
2021-04-07 04:00:00,402.076,405.664,394.0,405.566,363509.86
2021-04-07 05:00:00,405.566,411.093,401.581,408.889,304729.51
2021-04-07 06:00:00,408.866,414.784,407.5,410.114,443686.46
2021-04-07 07:00:00,410.038,410.379,400.12,403.555,428417.06
2021-04-07 08:00:00,403.518,404.42,395.016,395.233,391062.92
2021-04-07 09:00:00,395.168,397.061,383.417,391.605,810593.6
2021-04-07 10:00:00,391.572,394.941,368.0,371.809,1060858.02
2021-04-07 11:00:00,371.867,379.408,357.0,371.468,1572877.33
2021-04-07 12:00:00,371.347,378.748,356.777,374.091,953790.83
2021-04-07 13:00:00,374.101,389.55,371.104,386.307,748517.97
2021-04-07 14:00:00,386.351,388.548,381.0,383.26,323523.39
2021-04-07 15:00:00,383.269,386.0,372.0,374.232,433681.34
2021-04-07 16:00:00,374.26,387.0,369.395,384.114,458674.9
2021-04-07 17:00:00,384.113,384.365,371.0,373.271,320939.16
2021-04-07 18:00:00,373.271,380.719,370.16,370.365,336983.39
2021-04-07 19:00:00,370.365,377.42,364.375,376.546,451106.94
2021-04-07 20:00:00,376.556,378.133,369.35,378.05,222132.03
2021-04-07 21:00:00,378.044,383.934,376.0,380.464,145907.57
2021-04-07 22:00:00,380.45,385.853,378.327,385.095,121250.7
2021-04-07 23:00:00,385.106,385.5,373.673,375.947,183040.32
2021-04-08 00:00:00,375.947,387.867,372.146,385.02,296577.78
2021-04-08 01:00:00,385.02,389.646,383.0,385.34,147042.88
2021-04-08 02:00:00,385.412,389.856,385.234,388.197,146381.19
2021-04-08 03:00:00,388.197,397.5,385.777,397.328,262476.55
2021-04-08 04:00:00,397.288,405.31,396.183,400.5,276551.56
2021-04-08 05:00:00,400.5,404.601,395.0,396.61,253643.33
2021-04-08 06:00:00,396.622,403.526,396.051,402.043,208431.62
2021-04-08 07:00:00,402.085,403.806,397.167,398.359,164545.76
2021-04-08 08:00:00,398.378,403.527,396.0,398.712,242561.14
2021-04-08 09:00:00,398.712,405.0,398.541,399.767,299586.17
2021-04-08 10:00:00,399.757,400.715,391.0,399.319,314130.9
2021-04-08 11:00:00,399.292,400.151,393.0,394.973,192679.16
2021-04-08 12:00:00,394.974,412.499,394.331,411.388,541333.18
2021-04-08 13:00:00,411.379,414.725,405.29,411.114,454147.76
2021-04-08 14:00:00,411.102,419.4,408.795,415.046,588907.05
2021-04-08 15:00:00,415.046,420.271,414.997,418.177,318441.6
2021-04-08 16:00:00,418.205,420.466,412.48,414.91,375408.65
2021-04-08 17:00:00,414.858,418.05,414.2,416.891,136338.75
2021-04-08 18:00:00,416.914,420.269,415.105,417.613,158432.95
2021-04-08 19:00:00,417.613,423.468,413.988,420.862,335733.97
2021-04-08 20:00:00,420.882,421.344,413.499,414.834,197446.75
2021-04-08 21:00:00,414.824,417.417,410.105,415.927,156550.8
2021-04-08 22:00:00,415.845,418.996,414.6,417.883,98011.69
2021-04-08 23:00:00,417.884,419.648,416.5,418.755,87967.67
2021-04-09 00:00:00,418.77,419.767,413.239,413.947,139393.79
2021-04-09 01:00:00,413.952,415.742,412.124,413.317,102122.24
2021-04-09 02:00:00,413.318,415.026,411.26,411.8,115759.29
2021-04-09 03:00:00,411.799,411.799,405.05,408.145,279775.29
2021-04-09 04:00:00,408.088,413.0,407.711,412.654,120641.41
2021-04-09 05:00:00,412.614,416.373,411.0,411.167,169079.22
2021-04-09 06:00:00,411.167,416.975,411.0,415.0,149908.82
2021-04-09 07:00:00,414.999,422.058,412.02,421.83,234426.97
2021-04-09 08:00:00,421.83,422.3,417.1,417.715,179344.82
2021-04-09 09:00:00,417.709,429.602,417.5,428.406,360258.98
2021-04-09 10:00:00,428.405,434.5,427.4,432.046,452089.71
2021-04-09 11:00:00,432.012,440.848,429.2,437.722,432063.24
2021-04-09 12:00:00,437.722,444.0,435.561,439.935,399030.41
2021-04-09 13:00:00,439.951,448.87,439.743,443.954,539325.45
2021-04-09 14:00:00,443.9,447.142,436.202,441.0,506973.3
2021-04-09 15:00:00,441.0,441.234,433.0,438.128,346006.17
2021-04-09 16:00:00,438.153,443.919,432.2,442.577,367144.4
2021-04-09 17:00:00,442.624,446.1,441.3,444.637,237205.02
2021-04-09 18:00:00,444.587,447.442,441.673,443.434,194219.12
2021-04-09 19:00:00,443.451,444.725,437.95,439.164,256957.89
2021-04-09 20:00:00,439.174,443.582,436.433,443.105,210416.24
2021-04-09 21:00:00,443.12,446.356,441.747,444.274,125920.48
2021-04-09 22:00:00,444.274,447.064,439.078,440.198,165863.57
2021-04-09 23:00:00,440.239,454.842,439.224,454.84,342892.75
2021-04-10 00:00:00,454.801,466.0,449.895,464.537,564259.06
2021-04-10 01:00:00,464.677,476.0,463.2,474.732,602621.19
2021-04-10 02:00:00,474.743,485.964,474.0,480.141,645486.93
2021-04-10 03:00:00,480.145,480.164,467.6,475.768,531604.67
2021-04-10 04:00:00,475.719,476.311,460.238,462.78,572723.46
2021-04-10 05:00:00,462.851,476.004,460.268,473.338,465076.9
2021-04-10 06:00:00,473.339,483.784,470.5,479.812,358525.39
2021-04-10 07:00:00,479.693,481.857,472.2,474.368,318998.52
2021-04-10 08:00:00,474.368,479.0,472.799,474.168,223956.23
2021-04-10 09:00:00,474.203,483.0,471.234,479.729,284017.68
2021-04-10 10:00:00,479.744,488.463,478.756,483.852,453430.21
2021-04-10 11:00:00,483.851,489.5,480.438,485.526,350495.41
2021-04-10 12:00:00,485.516,487.6,474.64,477.133,464974.67
2021-04-10 13:00:00,477.175,481.601,471.55,480.169,350042.72
2021-04-10 14:00:00,480.169,480.7,475.272,477.0,174591.01
2021-04-10 15:00:00,477.061,478.33,470.762,475.561,241540.69
2021-04-10 16:00:00,475.561,478.834,470.5,473.75,258706.27
2021-04-10 17:00:00,473.75,475.174,462.0,467.142,432747.2
2021-04-10 18:00:00,467.141,474.44,455.0,473.169,513673.42
2021-04-10 19:00:00,473.223,474.983,466.391,471.651,216512.42
2021-04-10 20:00:00,471.63,474.361,463.0,466.878,263986.77
2021-04-10 21:00:00,466.918,478.399,465.096,477.512,200772.75
2021-04-10 22:00:00,477.538,481.836,469.536,470.132,195164.19
2021-04-10 23:00:00,470.107,474.767,470.03,472.789,114332.16
2021-04-11 00:00:00,472.86,473.976,460.8,466.286,298678.34
2021-04-11 01:00:00,466.278,473.0,462.055,472.386,170741.76
2021-04-11 02:00:00,472.304,472.5,465.415,467.9,108642.78
2021-04-11 03:00:00,467.9,469.886,463.18,465.22,103853.26
2021-04-11 04:00:00,465.208,470.0,463.42,466.144,156341.56
2021-04-11 05:00:00,466.142,472.23,464.6,470.0,170557.58
2021-04-11 06:00:00,470.019,480.885,469.35,476.476,285837.28
2021-04-11 07:00:00,476.477,477.5,471.656,473.712,156112.58
2021-04-11 08:00:00,473.8,478.412,473.713,475.655,134757.76
2021-04-11 09:00:00,475.726,476.808,468.176,472.344,170224.93
2021-04-11 10:00:00,472.345,473.125,467.437,469.131,102842.38
2021-04-11 11:00:00,469.153,473.878,465.0,471.767,165961.85
2021-04-11 12:00:00,471.783,475.922,468.1,475.484,162534.38
2021-04-11 13:00:00,475.484,477.307,471.052,474.39,190295.4
2021-04-11 14:00:00,474.398,489.9,473.265,488.242,531763.16
2021-04-11 15:00:00,488.291,496.715,488.245,494.023,608433.84
2021-04-11 16:00:00,494.039,497.952,491.005,494.123,357484.06
2021-04-11 17:00:00,494.182,502.888,488.934,500.221,489223.46
2021-04-11 18:00:00,500.221,509.787,499.335,503.293,600161.09
2021-04-11 19:00:00,503.296,505.862,496.096,501.502,284995.26
2021-04-11 20:00:00,501.501,505.354,500.206,505.353,188268.96
2021-04-11 21:00:00,505.359,508.885,502.0,507.86,144631.9
2021-04-11 22:00:00,507.86,525.0,507.608,523.857,646039.37
2021-04-11 23:00:00,523.857,529.909,514.204,526.179,658332.66
2021-04-12 00:00:00,526.188,528.8,521.321,521.757,350290.35
2021-04-12 01:00:00,521.756,525.906,517.2,523.831,240122.85
2021-04-12 02:00:00,523.88,525.192,519.817,524.01,164311.62
2021-04-12 03:00:00,524.009,554.89,523.416,553.807,1096848.72
2021-04-12 04:00:00,553.807,576.622,550.0,573.728,1240292.7
2021-04-12 05:00:00,573.729,573.944,556.38,565.07,858791.57
2021-04-12 06:00:00,565.081,569.37,558.014,568.074,475920.97
2021-04-12 07:00:00,568.071,584.913,566.083,581.128,978341.98
2021-04-12 08:00:00,581.134,605.345,579.015,603.547,1461727.14
2021-04-12 09:00:00,603.548,640.5,540.0,562.462,5033084.17
2021-04-12 10:00:00,562.462,579.2,541.403,565.683,2418806.45
2021-04-12 11:00:00,565.681,594.594,562.16,594.453,1883833.11
2021-04-12 12:00:00,594.359,594.5,575.0,581.653,732804.8
2021-04-12 13:00:00,581.697,585.43,565.5,576.725,843233.75
2021-04-12 14:00:00,576.826,584.984,564.0,565.057,543586.51
2021-04-12 15:00:00,565.001,577.997,557.45,571.321,674566.76
2021-04-12 16:00:00,571.403,584.492,566.203,576.585,561758.82
2021-04-12 17:00:00,576.586,588.792,572.82,584.432,452592.66
2021-04-12 18:00:00,584.432,586.303,575.114,582.155,277917.04
2021-04-12 19:00:00,582.151,590.911,577.316,590.004,250640.28
2021-04-12 20:00:00,590.017,616.0,587.758,608.304,1138085.39
2021-04-12 21:00:00,608.169,611.097,585.0,598.344,736905.21
2021-04-12 22:00:00,598.478,607.777,593.139,605.367,338199.92
2021-04-12 23:00:00,605.366,607.0,596.061,598.229,286838.49
2021-04-13 00:00:00,598.212,605.145,586.362,596.001,469634.39
2021-04-13 01:00:00,596.101,600.936,586.852,588.223,343441.38
2021-04-13 02:00:00,588.23,589.718,570.03,574.754,595933.89
2021-04-13 03:00:00,574.693,581.474,570.265,572.129,337845.61
2021-04-13 04:00:00,572.13,574.444,558.0,569.043,542496.42
2021-04-13 05:00:00,569.106,577.777,563.2,563.515,408155.43
2021-04-13 06:00:00,563.528,569.86,541.23,545.99,849986.13
2021-04-13 07:00:00,545.99,557.6,535.0,551.613,920436.62
2021-04-13 08:00:00,551.572,562.582,533.5,542.271,1004175.59
2021-04-13 09:00:00,542.241,552.988,537.07,548.078,469522.96
2021-04-13 10:00:00,548.208,564.5,545.046,558.01,558463.53
2021-04-13 11:00:00,557.966,558.5,546.066,552.727,309652.68
2021-04-13 12:00:00,552.726,564.999,551.0,564.937,326698.68
2021-04-13 13:00:00,564.937,581.447,562.0,570.657,982533.12
2021-04-13 14:00:00,570.658,579.968,570.658,575.573,326735.36
2021-04-13 15:00:00,575.7,578.5,560.814,562.768,496704.47
2021-04-13 16:00:00,562.754,569.967,556.055,563.472,364195.94
2021-04-13 17:00:00,563.466,568.5,560.0,561.573,257089.6
2021-04-13 18:00:00,561.573,564.485,545.0,548.382,336275.51
2021-04-13 19:00:00,548.5,562.499,548.383,561.984,253951.92
2021-04-13 20:00:00,561.996,565.33,555.0,561.698,187517.8
2021-04-13 21:00:00,561.741,565.291,559.101,560.097,166407.75
2021-04-13 22:00:00,560.097,562.591,554.3,554.832,168829.98
2021-04-13 23:00:00,554.831,558.185,551.0,553.269,149989.28
2021-04-14 00:00:00,553.352,574.6,552.666,574.261,455842.76
2021-04-14 01:00:00,574.262,574.5,566.0,568.85,192139.65
2021-04-14 02:00:00,568.906,569.492,560.073,562.886,155918.71
2021-04-14 03:00:00,562.939,574.0,560.097,570.56,208313.4
2021-04-14 04:00:00,570.559,577.874,568.3,576.802,272660.44
2021-04-14 05:00:00,576.802,593.414,574.161,580.724,595022.31
2021-04-14 06:00:00,580.783,586.863,575.274,584.192,355923.36
2021-04-14 07:00:00,584.185,587.164,575.322,576.02,251909.12
2021-04-14 08:00:00,576.061,591.583,576.019,581.9,485449.65
2021-04-14 09:00:00,581.9,586.0,560.06,573.04,680570.45
2021-04-14 10:00:00,573.043,575.84,569.181,572.855,207357.57
2021-04-14 11:00:00,572.855,580.44,571.1,576.893,238877.99
2021-04-14 12:00:00,576.893,578.0,564.031,566.225,316686.55
2021-04-14 13:00:00,566.226,570.98,554.0,556.653,566931.62
2021-04-14 14:00:00,556.653,557.258,519.061,543.02,1204144.35
2021-04-14 15:00:00,542.992,556.265,539.13,547.318,464192.3
2021-04-14 16:00:00,547.318,568.0,547.1,565.398,397196.97
2021-04-14 17:00:00,565.401,572.0,544.411,545.662,645022.88
2021-04-14 18:00:00,545.64,550.956,534.11,543.68,477308.72
2021-04-14 19:00:00,543.613,543.613,525.532,537.479,480168.34
2021-04-14 20:00:00,537.419,542.464,532.986,540.125,180958.28
2021-04-14 21:00:00,540.125,545.0,539.174,544.258,146583.87
2021-04-14 22:00:00,544.252,544.261,536.43,540.836,139826.6
2021-04-14 23:00:00,540.836,550.0,538.14,549.788,170653.88
2021-04-15 00:00:00,549.788,551.859,541.364,541.365,170435.44
2021-04-15 01:00:00,541.364,543.716,538.1,539.635,153490.74
2021-04-15 02:00:00,539.637,544.441,534.205,540.001,159434.61
2021-04-15 03:00:00,540.002,549.492,538.854,546.566,141753.12
2021-04-15 04:00:00,546.522,556.0,545.057,547.673,182529.5
2021-04-15 05:00:00,547.674,550.407,543.083,548.979,142512.3
2021-04-15 06:00:00,549.028,553.735,545.0,547.567,163997.61
2021-04-15 07:00:00,547.567,552.0,545.173,550.855,138052.97
2021-04-15 08:00:00,550.772,558.324,547.362,548.443,255243.06
2021-04-15 09:00:00,548.445,555.754,546.5,554.549,164955.15
2021-04-15 10:00:00,554.529,556.208,541.861,542.961,271438.56
2021-04-15 11:00:00,543.0,545.844,540.465,544.227,189060.36
2021-04-15 12:00:00,544.251,551.643,543.644,549.741,154803.78
2021-04-15 13:00:00,549.741,553.774,548.895,552.282,167752.15
2021-04-15 14:00:00,552.263,553.8,547.437,548.922,158276.0
2021-04-15 15:00:00,548.922,553.5,547.723,551.303,166738.37
2021-04-15 16:00:00,551.377,556.944,551.018,553.108,276601.33
2021-04-15 17:00:00,553.109,554.185,548.5,552.606,127887.0
2021-04-15 18:00:00,552.574,554.105,550.301,551.509,97486.94
2021-04-15 19:00:00,551.521,553.25,549.069,552.927,117572.31
2021-04-15 20:00:00,552.964,555.5,548.7,550.19,134068.96
2021-04-15 21:00:00,550.153,551.468,545.0,546.667,129432.68
2021-04-15 22:00:00,546.668,548.74,544.0,546.0,152221.13
2021-04-15 23:00:00,546.001,547.22,542.3,542.723,131616.18
2021-04-16 00:00:00,542.745,546.741,534.468,537.127,279781.2
2021-04-16 01:00:00,537.139,538.146,521.385,530.867,467140.82
2021-04-16 02:00:00,530.925,534.597,522.581,525.034,255907.19
2021-04-16 03:00:00,525.116,534.61,521.778,532.983,220566.51
2021-04-16 04:00:00,533.029,533.166,510.55,513.807,479647.53
2021-04-16 05:00:00,513.812,523.435,506.0,517.456,433708.58
2021-04-16 06:00:00,517.455,535.603,507.271,534.07,857342.66
2021-04-16 07:00:00,534.045,545.7,528.039,541.0,522667.35
2021-04-16 08:00:00,541.11,549.959,525.2,525.201,727777.51
2021-04-16 09:00:00,525.288,527.8,512.56,525.502,800165.92
2021-04-16 10:00:00,525.598,531.841,515.955,517.097,373183.24
2021-04-16 11:00:00,516.918,524.8,505.75,523.254,507483.84
2021-04-16 12:00:00,523.249,523.272,510.813,513.175,331613.43
2021-04-16 13:00:00,513.217,516.862,487.556,496.583,776710.0
2021-04-16 14:00:00,496.663,513.8,495.378,512.407,449597.49
2021-04-16 15:00:00,512.382,521.0,507.0,516.903,301905.43
2021-04-16 16:00:00,517.092,520.546,510.948,519.399,303590.18
2021-04-16 17:00:00,519.381,529.416,515.769,523.5,304430.69
2021-04-16 18:00:00,523.516,526.727,512.649,520.206,261159.73
2021-04-16 19:00:00,520.201,521.295,511.707,515.611,211285.95
2021-04-16 20:00:00,515.611,520.5,515.527,520.412,191962.31
2021-04-16 21:00:00,520.419,523.546,519.1,523.018,181801.78
2021-04-16 22:00:00,523.017,524.333,511.193,511.894,173406.82
2021-04-16 23:00:00,511.908,515.621,508.0,508.924,131520.35
2021-04-17 00:00:00,508.919,515.755,508.1,510.102,162006.55
2021-04-17 01:00:00,510.116,520.509,509.699,518.703,165455.32
2021-04-17 02:00:00,518.731,528.0,518.673,526.316,175566.32
2021-04-17 03:00:00,526.316,536.635,524.011,534.461,269124.49
2021-04-17 04:00:00,534.477,548.545,534.287,539.294,463479.68
2021-04-17 05:00:00,539.233,541.011,533.0,538.675,220145.0
2021-04-17 06:00:00,538.697,540.607,534.125,534.744,153781.61
2021-04-17 07:00:00,534.843,540.426,533.0,537.886,140825.41
2021-04-17 08:00:00,537.886,546.561,537.886,545.133,213824.96
2021-04-17 09:00:00,545.134,545.44,533.126,536.089,238779.32
2021-04-17 10:00:00,536.206,538.352,530.5,532.229,212175.81
2021-04-17 11:00:00,532.228,534.974,512.789,516.743,481627.65
2021-04-17 12:00:00,516.711,523.449,512.0,522.523,313913.39
2021-04-17 13:00:00,522.486,526.606,515.1,522.885,250294.18
2021-04-17 14:00:00,522.935,526.829,517.523,518.735,184682.08
2021-04-17 15:00:00,518.735,520.417,508.48,511.476,313210.11
2021-04-17 16:00:00,511.416,521.0,506.0,516.961,275622.72
2021-04-17 17:00:00,516.964,520.768,510.2,511.356,154784.92
2021-04-17 18:00:00,511.2,519.29,508.314,515.925,164512.41
2021-04-17 19:00:00,515.98,519.653,514.995,519.382,91927.18
2021-04-17 20:00:00,519.359,525.553,516.716,525.444,106912.75
2021-04-17 21:00:00,525.468,530.5,520.31,527.971,138859.06
2021-04-17 22:00:00,527.971,531.486,523.526,526.711,150036.2
2021-04-17 23:00:00,526.71,528.5,514.0,515.342,156341.27
2021-04-18 00:00:00,515.432,520.684,506.84,510.527,260751.8
2021-04-18 01:00:00,510.539,514.9,500.0,511.636,304572.17
2021-04-18 02:00:00,511.611,514.269,501.337,504.758,269576.51
2021-04-18 03:00:00,504.738,508.993,416.364,478.698,1467273.56
2021-04-18 04:00:00,479.001,488.465,450.794,455.652,1015284.44
2021-04-18 05:00:00,455.652,471.51,453.53,468.66,471065.81
2021-04-18 06:00:00,468.659,476.86,459.699,465.398,394944.08
2021-04-18 07:00:00,465.506,484.5,465.219,481.391,354562.85
2021-04-18 08:00:00,481.432,484.601,464.038,467.628,432343.04
2021-04-18 09:00:00,467.628,469.819,442.644,453.969,703229.48
2021-04-18 10:00:00,454.0,462.685,447.831,454.506,360597.16
2021-04-18 11:00:00,454.46,460.317,425.555,431.03,593851.46
2021-04-18 12:00:00,431.18,452.875,430.25,451.478,524254.96
2021-04-18 13:00:00,451.398,456.387,446.285,453.61,262234.21
2021-04-18 14:00:00,453.666,468.991,451.429,463.883,319211.4
2021-04-18 15:00:00,463.894,469.921,458.2,467.366,293395.32
2021-04-18 16:00:00,467.265,480.34,466.062,474.502,372225.47
2021-04-18 17:00:00,474.52,477.44,460.758,464.257,321540.25
2021-04-18 18:00:00,464.259,470.123,460.884,467.304,173165.69
2021-04-18 19:00:00,467.409,475.0,465.566,474.485,164131.34
2021-04-18 20:00:00,474.542,480.0,472.293,476.384,150067.81
2021-04-18 21:00:00,476.384,477.756,465.592,476.576,151182.33
2021-04-18 22:00:00,476.575,482.513,473.076,480.988,199069.44
2021-04-18 23:00:00,480.967,484.896,476.116,482.127,156335.46
2021-04-19 00:00:00,482.126,491.312,467.235,489.853,318478.65
2021-04-19 01:00:00,489.816,513.088,487.839,508.123,490183.37
2021-04-19 02:00:00,508.044,524.855,503.235,523.426,473970.89
2021-04-19 03:00:00,523.437,539.34,518.951,532.24,601296.4
2021-04-19 04:00:00,532.279,534.564,521.292,528.221,456024.15
2021-04-19 05:00:00,528.173,531.0,521.806,524.241,251278.38
2021-04-19 06:00:00,524.242,540.909,524.0,537.769,310451.57
2021-04-19 07:00:00,537.799,540.5,530.224,533.728,265364.09
2021-04-19 08:00:00,533.8,536.963,523.111,524.98,279976.5
2021-04-19 09:00:00,524.886,530.405,521.474,523.082,223274.49
2021-04-19 10:00:00,523.113,525.117,505.228,516.241,610550.02
2021-04-19 11:00:00,516.241,531.198,515.0,531.007,325257.15
2021-04-19 12:00:00,531.008,531.695,513.065,514.504,358067.55
2021-04-19 13:00:00,514.506,524.819,508.0,521.17,441686.76
2021-04-19 14:00:00,521.217,521.308,487.3,497.82,906554.23
2021-04-19 15:00:00,497.796,500.141,477.214,483.955,878559.78
2021-04-19 16:00:00,483.954,506.417,480.685,490.127,679637.7
2021-04-19 17:00:00,490.126,502.942,486.68,501.665,309033.4
2021-04-19 18:00:00,501.619,509.4,499.381,505.127,241223.42
2021-04-19 19:00:00,505.168,510.955,497.473,505.234,208718.61
2021-04-19 20:00:00,505.172,515.0,500.367,512.35,186814.92
2021-04-19 21:00:00,512.336,517.737,502.082,511.724,186774.51
2021-04-19 22:00:00,511.723,518.0,506.24,509.305,193910.83
2021-04-19 23:00:00,509.255,512.534,500.3,504.668,268681.92
2021-04-20 00:00:00,504.642,509.715,472.468,481.602,583800.86
2021-04-20 01:00:00,481.614,493.521,479.97,487.996,368273.22
2021-04-20 02:00:00,488.0,490.008,480.075,484.702,216776.83
2021-04-20 03:00:00,484.673,488.212,475.0,487.979,208303.83
2021-04-20 04:00:00,487.979,508.888,485.285,507.383,299925.92
2021-04-20 05:00:00,507.412,514.387,496.0,499.99,247814.09
2021-04-20 06:00:00,499.99,504.894,475.11,480.879,377787.11
2021-04-20 07:00:00,480.853,494.799,477.425,494.193,348040.13
2021-04-20 08:00:00,494.21,503.351,493.502,501.511,284015.11
2021-04-20 09:00:00,501.525,506.688,497.27,498.86,203132.23
2021-04-20 10:00:00,498.86,521.662,497.289,516.936,338365.32
2021-04-20 11:00:00,516.936,529.429,511.0,527.811,389052.52
2021-04-20 12:00:00,527.81,528.443,516.0,522.573,344814.38
2021-04-20 13:00:00,522.604,542.205,522.518,536.829,517967.3
2021-04-20 14:00:00,536.835,539.766,518.838,524.403,485159.41
2021-04-20 15:00:00,524.451,534.068,517.008,533.902,422347.22
2021-04-20 16:00:00,533.934,551.904,527.025,550.3,604776.27
2021-04-20 17:00:00,550.3,554.06,541.087,551.578,392480.8
2021-04-20 18:00:00,551.63,567.78,547.402,560.53,527004.55
2021-04-20 19:00:00,560.516,589.305,559.737,588.049,734047.77
2021-04-20 20:00:00,588.048,590.656,569.738,572.338,480048.09
2021-04-20 21:00:00,572.251,575.84,555.0,575.314,393962.06
2021-04-20 22:00:00,575.312,575.48,561.21,568.745,246039.27
2021-04-20 23:00:00,568.784,589.0,568.652,587.206,352119.5
2021-04-21 00:00:00,586.959,599.999,575.554,579.0,735993.23
2021-04-21 01:00:00,579.0,598.5,574.5,592.66,513824.31
2021-04-21 02:00:00,592.661,598.767,586.001,593.918,334176.82
2021-04-21 03:00:00,593.883,595.6,579.319,582.272,325912.13
2021-04-21 04:00:00,582.277,596.426,576.728,592.837,293219.5
2021-04-21 05:00:00,592.849,594.357,583.044,590.809,304783.8
2021-04-21 06:00:00,590.8,614.8,584.564,605.591,728641.99
2021-04-21 07:00:00,605.591,608.235,592.0,593.702,557303.43
2021-04-21 08:00:00,593.548,597.427,578.259,590.86,593707.15
2021-04-21 09:00:00,590.86,596.241,586.177,590.047,291635.78
2021-04-21 10:00:00,589.997,590.003,564.143,570.878,754332.97
2021-04-21 11:00:00,570.846,576.3,556.41,564.541,786276.21
2021-04-21 12:00:00,564.778,590.302,558.0,587.874,849787.63
2021-04-21 13:00:00,587.874,593.199,581.21,583.821,465702.28
2021-04-21 14:00:00,583.875,588.703,571.2,584.314,560371.47
2021-04-21 15:00:00,584.349,585.365,572.4,582.612,385337.12
2021-04-21 16:00:00,582.647,590.0,576.555,579.16,416289.18
2021-04-21 17:00:00,579.161,581.142,570.792,574.391,309828.54
2021-04-21 18:00:00,574.364,578.063,567.0,570.257,225463.7
2021-04-21 19:00:00,570.287,579.737,570.214,577.587,154548.96
2021-04-21 20:00:00,577.688,577.688,558.544,563.897,389502.15
2021-04-21 21:00:00,563.897,567.944,556.267,558.49,197993.26
2021-04-21 22:00:00,558.479,568.437,542.0,547.867,529578.62
2021-04-21 23:00:00,547.944,554.745,535.955,544.359,504519.3
2021-04-22 00:00:00,544.404,551.381,531.737,550.795,548852.76
2021-04-22 01:00:00,550.853,568.67,549.731,552.374,419978.38
2021-04-22 02:00:00,552.447,557.341,534.26,554.764,698977.48
2021-04-22 03:00:00,554.758,559.636,537.666,543.393,353412.36
2021-04-22 04:00:00,543.392,555.754,542.095,553.999,290607.08
2021-04-22 05:00:00,554.0,566.0,551.185,564.829,286204.59
2021-04-22 06:00:00,564.764,569.212,557.024,559.577,263275.2
2021-04-22 07:00:00,559.524,563.453,553.698,556.24,186500.86
2021-04-22 08:00:00,556.182,558.7,538.2,547.628,409243.64
2021-04-22 09:00:00,547.69,559.0,542.691,558.198,290090.97
2021-04-22 10:00:00,558.242,563.454,550.049,550.55,299599.35
2021-04-22 11:00:00,550.417,573.538,548.32,570.595,511094.41
2021-04-22 12:00:00,570.588,581.0,566.199,566.685,554630.57
2021-04-22 13:00:00,566.919,575.017,564.0,566.735,329118.89
2021-04-22 14:00:00,566.783,579.0,566.0,578.601,232075.03
2021-04-22 15:00:00,578.601,579.418,570.541,577.688,242256.54
2021-04-22 16:00:00,577.689,584.209,570.315,574.939,329678.05
2021-04-22 17:00:00,574.916,577.971,545.02,547.426,516487.83
2021-04-22 18:00:00,547.388,551.555,535.0,536.247,795483.78
2021-04-22 19:00:00,536.165,536.999,510.083,526.512,893058.21
2021-04-22 20:00:00,526.517,526.528,500.6,504.835,827332.9
2021-04-22 21:00:00,504.719,523.119,480.0,510.741,1123307.31
2021-04-22 22:00:00,510.741,521.229,505.01,509.618,451040.8
2021-04-22 23:00:00,509.635,518.313,505.345,505.65,295520.56
2021-04-23 00:00:00,505.674,519.424,495.45,504.428,499517.18
2021-04-23 01:00:00,504.409,507.772,457.0,483.914,1054027.22
2021-04-23 02:00:00,484.026,490.355,447.597,482.867,1351613.15
2021-04-23 03:00:00,482.649,506.892,478.844,506.359,690608.87
2021-04-23 04:00:00,506.581,511.49,478.183,483.823,722222.97
2021-04-23 05:00:00,483.718,498.0,468.633,488.905,663516.64
2021-04-23 06:00:00,488.958,489.53,471.278,481.308,613092.72
2021-04-23 07:00:00,481.342,489.557,463.241,467.501,628040.07
2021-04-23 08:00:00,467.484,491.148,459.917,490.892,533625.02
2021-04-23 09:00:00,490.878,493.167,475.715,485.543,399376.19
2021-04-23 10:00:00,485.461,509.0,483.14,507.888,524480.26
2021-04-23 11:00:00,507.967,521.016,503.035,517.632,476796.68
2021-04-23 12:00:00,517.711,523.616,496.4,497.236,507118.64
2021-04-23 13:00:00,497.236,502.403,486.001,494.9,558994.38
2021-04-23 14:00:00,494.862,511.559,491.838,507.2,347585.18
2021-04-23 15:00:00,507.2,508.154,492.027,505.486,324917.34
2021-04-23 16:00:00,505.434,511.8,497.238,504.074,292879.1
2021-04-23 17:00:00,504.11,508.734,498.276,505.305,231362.19
2021-04-23 18:00:00,505.305,520.148,503.575,519.85,254938.27
2021-04-23 19:00:00,519.851,521.552,512.77,519.542,170573.91
2021-04-23 20:00:00,519.561,530.486,514.111,514.774,336348.22
2021-04-23 21:00:00,514.763,524.38,505.5,505.998,229627.74
2021-04-23 22:00:00,506.0,514.0,505.861,513.117,162225.99
2021-04-23 23:00:00,513.099,528.6,512.961,526.227,222646.74
2021-04-24 00:00:00,526.228,527.153,502.085,505.073,399623.84
2021-04-24 01:00:00,505.072,512.993,503.328,505.517,206901.08
2021-04-24 02:00:00,505.472,516.479,494.898,513.214,310396.54
2021-04-24 03:00:00,513.213,529.158,511.958,523.343,316849.84
2021-04-24 04:00:00,523.319,527.251,517.502,519.3,221885.0
2021-04-24 05:00:00,519.298,525.513,515.68,522.371,165447.56
2021-04-24 06:00:00,522.383,525.242,518.145,518.801,143688.3
2021-04-24 07:00:00,518.8,518.8,510.0,514.698,197895.14
2021-04-24 08:00:00,514.706,521.3,512.2,512.71,154281.44
2021-04-24 09:00:00,512.716,513.43,507.583,508.981,180747.03
2021-04-24 10:00:00,508.973,509.012,494.679,494.679,320330.82
2021-04-24 11:00:00,494.706,500.14,483.0,490.753,565117.23
2021-04-24 12:00:00,490.719,504.0,487.086,501.64,325321.55
2021-04-24 13:00:00,501.699,504.078,497.244,499.437,167544.4
2021-04-24 14:00:00,499.437,500.35,492.261,494.857,210586.99
2021-04-24 15:00:00,494.858,508.698,488.992,506.1,326733.43
2021-04-24 16:00:00,506.116,507.846,500.253,500.722,169294.41
2021-04-24 17:00:00,500.722,505.175,495.549,504.591,151930.57
2021-04-24 18:00:00,504.608,510.294,500.394,504.885,167232.98
2021-04-24 19:00:00,504.862,510.625,504.5,505.563,112556.28
2021-04-24 20:00:00,505.543,508.818,502.01,508.501,116048.98
2021-04-24 21:00:00,508.536,511.482,502.76,508.69,115261.7
2021-04-24 22:00:00,508.808,510.936,501.166,502.25,154864.11
2021-04-24 23:00:00,502.201,506.488,494.244,497.13,149699.77
2021-04-25 00:00:00,497.187,504.678,491.375,492.761,182455.77
2021-04-25 01:00:00,492.898,499.275,492.451,494.675,132082.73
2021-04-25 02:00:00,494.627,496.5,491.431,493.364,114066.77
2021-04-25 03:00:00,493.382,495.647,486.1,486.429,171989.36
2021-04-25 04:00:00,486.301,490.89,485.713,489.68,69993.04
2021-04-25 05:00:00,489.68,493.5,488.971,493.001,45487.69
2021-04-25 06:00:00,493.001,495.109,488.004,489.175,62405.44
2021-04-25 07:00:00,489.175,493.46,485.8,492.832,73207.84
2021-04-25 08:00:00,492.833,501.614,490.0,499.443,131752.88
2021-04-25 09:00:00,499.454,501.336,490.86,496.894,201115.71
2021-04-25 10:00:00,496.787,501.0,493.573,495.688,148529.14
2021-04-25 11:00:00,495.666,502.219,494.568,500.726,105862.62
2021-04-25 12:00:00,500.852,508.899,500.657,506.297,202252.43
2021-04-25 13:00:00,506.227,513.16,503.328,507.278,190408.16
2021-04-25 14:00:00,507.331,517.3,504.537,515.001,225450.4
2021-04-25 15:00:00,515.002,518.144,511.233,512.514,182768.44
2021-04-25 16:00:00,512.338,513.89,507.2,513.58,145622.28
2021-04-25 17:00:00,513.561,514.876,508.229,510.382,108539.87
2021-04-25 18:00:00,510.406,510.849,500.04,502.046,171251.02
2021-04-25 19:00:00,502.059,504.5,494.783,496.001,149368.17
2021-04-25 20:00:00,495.997,500.372,486.38,488.927,266464.27
2021-04-25 21:00:00,488.93,494.61,478.548,485.371,340529.35
2021-04-25 22:00:00,485.372,504.925,482.903,503.2,338280.84
2021-04-25 23:00:00,503.049,509.254,498.686,505.538,207039.83
2021-04-26 00:00:00,505.543,520.0,502.01,519.912,344425.64
2021-04-26 01:00:00,519.912,530.824,516.665,529.108,300848.84
2021-04-26 02:00:00,529.06,535.0,520.55,529.559,322813.12
2021-04-26 03:00:00,529.514,533.78,526.569,533.739,194254.33
2021-04-26 04:00:00,533.78,536.315,525.77,528.235,161075.02
2021-04-26 05:00:00,528.234,533.728,523.814,533.204,123121.25
2021-04-26 06:00:00,533.185,550.595,533.116,543.416,338731.67
2021-04-26 07:00:00,543.416,544.566,535.256,539.108,218859.89
2021-04-26 08:00:00,539.152,543.464,535.506,537.08,158872.68
2021-04-26 09:00:00,537.08,544.895,531.0,544.014,232775.86
2021-04-26 10:00:00,544.088,545.196,537.124,538.717,155039.64
2021-04-26 11:00:00,538.718,545.811,538.717,541.692,158400.11
2021-04-26 12:00:00,541.7,544.351,535.01,535.116,196517.69
2021-04-26 13:00:00,535.144,539.45,531.057,535.944,178170.13
2021-04-26 14:00:00,535.971,538.588,532.085,534.703,121600.39
2021-04-26 15:00:00,534.71,538.789,531.1,538.347,130380.89
2021-04-26 16:00:00,538.431,540.2,526.204,533.201,226861.66
2021-04-26 17:00:00,533.194,541.384,532.828,538.991,175474.29
2021-04-26 18:00:00,538.992,543.228,537.912,542.598,89661.47
2021-04-26 19:00:00,542.636,542.916,535.422,538.109,111689.65
2021-04-26 20:00:00,538.135,538.135,528.584,529.122,130742.02
2021-04-26 21:00:00,529.104,529.448,515.206,523.247,373581.68
2021-04-26 22:00:00,523.247,529.153,515.605,527.785,279936.66
2021-04-26 23:00:00,527.784,535.633,525.747,535.358,131608.99
2021-04-27 00:00:00,535.358,536.63,525.797,529.096,157292.27
2021-04-27 01:00:00,529.123,533.15,528.301,531.941,78745.98
2021-04-27 02:00:00,531.942,534.98,531.422,534.8,76666.92
2021-04-27 03:00:00,534.815,534.907,526.401,530.436,106844.19
2021-04-27 04:00:00,530.338,532.333,526.5,531.721,72754.04
2021-04-27 05:00:00,531.818,541.054,530.8,538.642,139212.08
2021-04-27 06:00:00,538.643,543.5,538.5,542.487,160124.71
2021-04-27 07:00:00,542.487,545.0,538.0,540.546,138653.48
2021-04-27 08:00:00,540.49,545.399,539.0,540.013,130812.43
2021-04-27 09:00:00,540.013,559.0,539.924,556.391,295824.82
2021-04-27 10:00:00,556.377,567.61,553.437,566.925,340902.9
2021-04-27 11:00:00,566.938,576.5,566.0,576.0,501031.46
2021-04-27 12:00:00,575.995,576.888,568.045,571.523,270431.55
2021-04-27 13:00:00,571.533,579.885,558.0,564.143,449515.36
2021-04-27 14:00:00,564.166,570.517,553.254,567.821,396307.63
2021-04-27 15:00:00,567.872,572.368,563.402,567.351,182057.42
2021-04-27 16:00:00,567.366,569.6,556.233,559.734,219025.3
2021-04-27 17:00:00,559.735,564.68,556.001,563.022,164369.09
2021-04-27 18:00:00,563.022,566.5,559.0,565.828,122049.99
2021-04-27 19:00:00,565.799,566.62,558.197,562.5,113284.45
2021-04-27 20:00:00,562.52,565.5,559.996,564.234,98541.27
2021-04-27 21:00:00,564.236,569.747,560.894,568.797,89664.01
2021-04-27 22:00:00,568.791,575.779,567.775,569.548,185316.02
2021-04-27 23:00:00,569.547,575.0,566.147,569.126,141008.1
2021-04-28 00:00:00,569.126,579.485,568.098,576.003,175069.87
2021-04-28 01:00:00,576.018,580.0,573.524,575.749,147409.78
2021-04-28 02:00:00,575.774,576.687,568.2,568.53,118024.29
2021-04-28 03:00:00,568.464,569.488,560.401,560.585,198960.14
2021-04-28 04:00:00,560.586,565.952,560.0,562.941,132004.96
2021-04-28 05:00:00,562.94,565.188,553.479,557.378,196781.55
2021-04-28 06:00:00,557.359,557.899,540.0,549.075,381082.1
2021-04-28 07:00:00,549.135,558.989,546.15,555.003,204440.6
2021-04-28 08:00:00,554.893,559.551,551.2,551.279,155321.43
2021-04-28 09:00:00,551.28,553.99,544.3,548.599,219440.61
2021-04-28 10:00:00,548.545,556.563,546.331,555.55,122481.52
2021-04-28 11:00:00,555.564,564.68,555.357,560.816,218189.5
2021-04-28 12:00:00,560.815,566.78,557.485,565.682,165130.27
2021-04-28 13:00:00,565.69,565.996,557.978,561.396,137479.9
2021-04-28 14:00:00,561.379,562.916,553.0,553.469,141595.37
2021-04-28 15:00:00,553.581,556.261,549.5,555.695,142599.43
2021-04-28 16:00:00,555.712,560.958,552.631,559.3,154871.61
2021-04-28 17:00:00,559.299,560.034,555.445,558.726,81449.1
2021-04-28 18:00:00,558.725,563.385,556.101,559.966,130463.26
2021-04-28 19:00:00,559.95,564.878,557.375,564.272,76868.21
2021-04-28 20:00:00,564.173,567.996,553.887,556.565,260697.69
2021-04-28 21:00:00,556.507,562.919,554.015,561.467,84260.6
2021-04-28 22:00:00,561.491,563.913,555.253,557.216,90358.25
2021-04-28 23:00:00,557.263,563.838,556.685,563.063,71389.4
2021-04-29 00:00:00,563.053,574.996,560.963,570.174,222611.01
2021-04-29 01:00:00,570.288,572.0,559.004,566.415,192825.57
2021-04-29 02:00:00,566.427,570.672,561.894,569.387,135393.28
2021-04-29 03:00:00,569.358,575.0,565.258,569.131,190048.08
2021-04-29 04:00:00,569.13,570.108,554.066,555.63,230246.36
2021-04-29 05:00:00,555.631,564.538,554.664,562.899,128134.33
2021-04-29 06:00:00,562.9,569.993,562.803,569.101,152141.78
2021-04-29 07:00:00,569.101,578.35,566.305,577.945,203804.12
2021-04-29 08:00:00,577.907,582.457,572.106,575.16,306542.71
2021-04-29 09:00:00,575.103,589.911,570.051,586.896,388349.68
2021-04-29 10:00:00,586.902,608.0,585.476,597.523,628987.23
2021-04-29 11:00:00,597.505,601.096,590.12,596.644,403493.58
2021-04-29 12:00:00,596.643,616.653,593.0,609.909,608583.09
2021-04-29 13:00:00,609.909,613.534,595.182,596.511,613736.21
2021-04-29 14:00:00,596.525,604.732,591.376,593.815,364672.07
2021-04-29 15:00:00,593.856,596.199,585.5,589.777,414562.11
2021-04-29 16:00:00,589.656,591.852,571.004,571.437,501772.03
2021-04-29 17:00:00,571.365,583.035,567.121,572.201,529867.59
2021-04-29 18:00:00,572.306,583.711,569.0,582.056,270545.23
2021-04-29 19:00:00,582.091,583.662,578.1,580.728,133525.27
2021-04-29 20:00:00,580.728,586.983,571.362,582.554,263145.43
2021-04-29 21:00:00,582.523,593.588,580.011,591.305,124708.07
2021-04-29 22:00:00,591.376,598.248,589.01,594.299,201159.0
2021-04-29 23:00:00,594.329,602.681,591.263,600.325,144772.28
2021-04-30 00:00:00,600.325,601.43,587.116,589.455,247768.73
2021-04-30 01:00:00,589.564,599.281,586.328,596.305,149304.23
2021-04-30 02:00:00,596.383,612.0,594.0,610.102,294407.86
2021-04-30 03:00:00,610.102,611.874,603.249,605.969,294695.64
2021-04-30 04:00:00,605.88,612.349,602.129,607.082,277663.13
2021-04-30 05:00:00,607.077,610.0,603.626,608.182,233743.14
2021-04-30 06:00:00,608.236,621.0,607.764,618.374,429196.74
2021-04-30 07:00:00,618.374,621.487,615.05,617.578,294507.66
2021-04-30 08:00:00,617.577,618.6,610.05,615.001,306399.26
2021-04-30 09:00:00,615.001,623.999,615.0,617.439,375274.09
2021-04-30 10:00:00,617.441,621.128,603.99,607.243,246141.72
2021-04-30 11:00:00,607.299,611.612,600.0,603.09,294304.79
2021-04-30 12:00:00,603.12,612.155,602.858,611.628,175807.3
2021-04-30 13:00:00,611.642,612.111,601.221,605.701,299602.22
2021-04-30 14:00:00,605.701,609.0,596.198,601.821,276723.19
2021-04-30 15:00:00,601.891,608.666,601.12,606.87,162412.27
2021-04-30 16:00:00,606.882,616.625,604.197,612.981,317089.52
2021-04-30 17:00:00,612.882,616.921,609.329,615.104,160964.65
2021-04-30 18:00:00,615.12,628.95,614.0,626.294,296884.4
2021-04-30 19:00:00,626.26,628.94,622.752,626.246,174556.27
2021-04-30 20:00:00,626.245,626.353,618.152,622.149,180329.39
2021-04-30 21:00:00,622.19,622.5,616.12,621.25,87572.06
2021-04-30 22:00:00,621.235,621.69,616.933,619.861,93909.58
2021-04-30 23:00:00,619.861,627.0,619.058,623.585,151540.72
2021-05-01 00:00:00,623.585,625.877,618.087,623.853,164997.66
2021-05-01 01:00:00,623.821,623.884,618.7,621.568,108351.79
2021-05-01 02:00:00,621.542,645.5,620.362,637.988,477903.95
2021-05-01 03:00:00,637.95,640.572,635.139,637.224,142582.41
2021-05-01 04:00:00,637.194,639.6,628.241,632.501,168780.38
2021-05-01 05:00:00,632.5,637.0,630.999,633.259,117263.89
2021-05-01 06:00:00,633.234,633.235,625.0,627.327,157355.99
2021-05-01 07:00:00,627.387,629.5,622.907,626.635,150389.23
2021-05-01 08:00:00,626.614,632.26,622.122,622.158,168004.93
2021-05-01 09:00:00,622.185,623.898,609.459,618.675,375990.31
2021-05-01 10:00:00,618.675,622.985,615.4,621.083,123723.49
2021-05-01 11:00:00,621.082,628.847,620.909,627.73,124205.87
2021-05-01 12:00:00,627.755,630.5,625.002,625.537,120087.59
2021-05-01 13:00:00,625.538,626.596,620.083,622.757,136450.04
2021-05-01 14:00:00,622.809,624.26,615.751,617.995,148593.35
2021-05-01 15:00:00,617.996,620.0,612.746,619.59,162575.03
2021-05-01 16:00:00,619.59,625.5,618.909,624.653,173289.17
2021-05-01 17:00:00,624.596,627.775,620.536,622.633,117802.7
2021-05-01 18:00:00,622.633,626.497,619.5,626.105,106270.2
2021-05-01 19:00:00,626.09,626.138,622.096,622.965,78451.53
2021-05-01 20:00:00,622.912,624.635,620.58,622.815,66236.71
2021-05-01 21:00:00,622.824,623.956,616.16,617.552,87282.23
2021-05-01 22:00:00,617.553,623.747,616.571,622.415,78312.82
2021-05-01 23:00:00,622.451,623.029,619.055,620.81,57601.49
2021-05-02 00:00:00,620.813,628.323,617.555,618.295,161740.26
2021-05-02 01:00:00,618.272,620.453,614.008,617.477,96306.99
2021-05-02 02:00:00,617.474,622.46,616.6,617.565,66579.88
2021-05-02 03:00:00,617.565,619.568,600.502,604.221,280459.75
2021-05-02 04:00:00,604.22,612.408,596.0,612.334,279203.2
2021-05-02 05:00:00,612.34,614.743,606.158,612.842,111359.28
2021-05-02 06:00:00,612.817,616.498,610.777,614.159,89836.85
2021-05-02 07:00:00,614.188,616.0,606.387,609.864,126993.04
2021-05-02 08:00:00,609.936,611.25,600.396,606.392,184866.31
2021-05-02 09:00:00,606.392,608.0,601.364,607.425,110156.76
2021-05-02 10:00:00,607.426,617.672,605.545,615.4,155366.83
2021-05-02 11:00:00,615.388,620.5,612.867,620.27,147030.04
2021-05-02 12:00:00,620.271,621.0,615.744,620.0,135137.01
2021-05-02 13:00:00,620.0,625.0,616.541,620.078,230562.31
2021-05-02 14:00:00,620.1,627.8,620.083,626.294,180055.72
2021-05-02 15:00:00,626.294,629.67,622.019,623.155,175727.26
2021-05-02 16:00:00,623.154,625.735,620.597,622.603,123113.74
2021-05-02 17:00:00,622.649,625.5,621.185,625.024,68206.91
2021-05-02 18:00:00,625.02,627.466,624.005,624.861,90992.78
2021-05-02 19:00:00,624.884,628.217,622.5,627.861,76158.78
2021-05-02 20:00:00,627.861,629.0,624.375,627.912,71916.54
2021-05-02 21:00:00,627.972,628.728,622.0,622.475,68219.39
2021-05-02 22:00:00,622.49,624.08,616.295,619.024,127608.8
2021-05-02 23:00:00,619.023,623.3,618.2,622.071,69056.4
2021-05-03 00:00:00,622.072,629.007,622.0,628.542,127189.81
2021-05-03 01:00:00,628.594,632.499,625.0,632.329,151073.97
2021-05-03 02:00:00,632.352,633.0,626.43,627.968,104185.06
2021-05-03 03:00:00,627.956,628.306,623.521,625.817,99594.32
2021-05-03 04:00:00,625.784,628.95,624.55,625.906,68600.19
2021-05-03 05:00:00,625.837,630.5,624.5,630.418,82191.85
2021-05-03 06:00:00,630.454,637.469,628.5,635.348,158171.28
2021-05-03 07:00:00,635.338,639.249,631.859,636.261,141910.12
2021-05-03 08:00:00,636.312,639.572,633.05,635.5,116202.36
2021-05-03 09:00:00,635.501,636.133,630.267,632.709,101916.49
2021-05-03 10:00:00,632.809,635.9,631.555,635.144,76219.19
2021-05-03 11:00:00,635.166,654.9,635.0,648.781,530858.16
2021-05-03 12:00:00,648.699,660.132,647.0,659.715,305511.74
2021-05-03 13:00:00,659.779,665.87,646.0,651.0,533510.87
2021-05-03 14:00:00,651.001,664.779,650.0,658.644,275917.19
2021-05-03 15:00:00,658.733,666.666,655.905,660.975,294813.83
2021-05-03 16:00:00,660.967,669.925,656.216,668.05,268750.25
2021-05-03 17:00:00,668.098,678.99,662.264,675.296,320641.13
2021-05-03 18:00:00,675.225,681.576,673.1,676.8,210986.32
2021-05-03 19:00:00,676.768,677.844,668.0,677.029,204412.16
2021-05-03 20:00:00,676.942,677.5,661.0,665.14,233985.98
2021-05-03 21:00:00,665.196,673.0,661.003,672.629,148420.62
2021-05-03 22:00:00,672.632,675.662,666.31,674.588,135591.47
2021-05-03 23:00:00,674.594,678.7,667.204,676.967,135785.83
2021-05-04 00:00:00,676.991,679.53,633.36,644.704,524699.56
2021-05-04 01:00:00,644.788,658.079,640.0,650.87,308340.71
2021-05-04 02:00:00,650.951,655.486,630.3,633.886,307820.17
2021-05-04 03:00:00,633.885,640.047,628.0,639.535,236176.64
2021-05-04 04:00:00,639.522,653.518,635.566,652.157,214103.81
2021-05-04 05:00:00,652.3,662.705,651.025,661.837,192118.93
2021-05-04 06:00:00,661.831,666.619,658.478,662.004,182400.13
2021-05-04 07:00:00,662.037,666.178,653.39,654.703,183464.73
2021-05-04 08:00:00,654.683,657.809,641.157,647.938,288913.0
2021-05-04 09:00:00,647.938,658.607,647.937,650.068,227067.87
2021-05-04 10:00:00,650.065,659.893,648.0,659.742,182081.68
2021-05-04 11:00:00,659.741,659.842,650.088,654.139,170683.06
2021-05-04 12:00:00,654.046,654.435,643.475,649.513,243202.31
2021-05-04 13:00:00,649.52,649.623,635.0,642.381,274035.81
2021-05-04 14:00:00,642.38,644.094,609.125,622.472,538836.53
2021-05-04 15:00:00,622.461,627.063,605.0,613.827,524915.7
2021-05-04 16:00:00,613.813,623.0,605.918,615.717,386645.56
2021-05-04 17:00:00,615.717,627.213,613.238,625.411,214707.81
2021-05-04 18:00:00,625.411,634.007,621.481,632.091,172789.36
2021-05-04 19:00:00,632.091,633.0,624.101,631.015,123496.54
2021-05-04 20:00:00,631.114,633.0,620.8,630.515,158908.43
2021-05-04 21:00:00,630.534,631.529,622.341,624.43,84987.05
2021-05-04 22:00:00,624.427,626.463,611.5,620.094,163491.03
2021-05-04 23:00:00,620.093,622.843,608.313,610.058,138531.91
2021-05-05 00:00:00,610.058,631.0,605.0,627.999,216222.0
2021-05-05 01:00:00,628.0,635.987,626.072,634.528,154491.24
2021-05-05 02:00:00,634.529,638.753,631.0,634.795,111603.41
2021-05-05 03:00:00,634.901,638.257,625.0,628.246,139141.85
2021-05-05 04:00:00,628.246,630.353,622.3,623.994,99745.65
2021-05-05 05:00:00,623.951,632.612,621.062,631.24,107929.36
2021-05-05 06:00:00,631.161,631.783,622.0,629.466,90532.48
2021-05-05 07:00:00,629.468,643.7,626.409,643.003,180671.58
2021-05-05 08:00:00,643.044,650.333,638.3,646.302,216118.31
2021-05-05 09:00:00,646.303,651.448,644.29,649.066,148608.17
2021-05-05 10:00:00,649.028,654.15,646.2,654.006,149001.37
2021-05-05 11:00:00,654.006,655.472,641.0,643.441,155341.48
2021-05-05 12:00:00,643.441,654.0,641.512,652.313,162810.18
2021-05-05 13:00:00,652.25,657.523,648.548,655.823,169800.34
2021-05-05 14:00:00,655.755,656.72,644.002,651.969,200063.9
2021-05-05 15:00:00,651.969,653.217,645.371,646.934,124158.78
2021-05-05 16:00:00,646.959,651.367,641.222,649.743,181922.0
2021-05-05 17:00:00,649.731,649.796,643.4,644.053,83618.27
2021-05-05 18:00:00,644.076,648.833,643.695,646.256,74973.56
2021-05-05 19:00:00,646.256,651.399,644.705,650.55,87085.13
2021-05-05 20:00:00,650.55,651.374,641.3,644.243,102337.45
2021-05-05 21:00:00,644.243,647.625,642.592,646.065,44626.91
2021-05-05 22:00:00,646.065,652.506,644.0,650.66,118695.01
2021-05-05 23:00:00,650.66,656.78,646.066,651.969,133908.72
2021-05-06 00:00:00,652.0,655.347,628.7,639.763,278260.13
2021-05-06 01:00:00,639.708,644.9,632.51,641.315,127856.54
2021-05-06 02:00:00,641.238,646.0,638.0,645.729,75476.26
2021-05-06 03:00:00,645.728,645.729,640.666,642.593,53099.39
2021-05-06 04:00:00,642.589,647.925,641.252,642.179,78372.47
2021-05-06 05:00:00,642.171,648.45,640.2,645.001,79231.68
2021-05-06 06:00:00,645.0,645.863,635.285,636.912,99205.56
2021-05-06 07:00:00,636.872,642.0,633.421,641.563,82676.56
2021-05-06 08:00:00,641.497,645.9,640.75,642.695,79680.23
2021-05-06 09:00:00,642.695,646.66,640.858,646.576,53452.26
2021-05-06 10:00:00,646.534,654.55,645.5,651.067,144524.89
2021-05-06 11:00:00,651.063,652.252,648.486,650.339,71473.02
2021-05-06 12:00:00,650.34,651.098,643.635,645.368,103213.04
2021-05-06 13:00:00,645.321,646.0,641.438,645.6,82593.55
2021-05-06 14:00:00,645.6,646.785,641.516,642.47,81412.05
2021-05-06 15:00:00,642.397,644.176,636.891,641.0,103038.5
2021-05-06 16:00:00,641.0,643.202,634.211,636.013,142062.44
2021-05-06 17:00:00,636.052,643.649,635.663,637.833,107843.24
2021-05-06 18:00:00,637.872,640.99,621.0,629.525,238436.22
2021-05-06 19:00:00,629.41,633.8,621.0,632.943,170997.9
2021-05-06 20:00:00,632.942,633.599,624.24,627.088,111086.04
2021-05-06 21:00:00,627.062,633.426,627.016,632.926,50213.49
2021-05-06 22:00:00,632.82,637.854,630.856,637.446,68405.08
2021-05-06 23:00:00,637.455,638.763,631.565,634.224,75564.62
2021-05-07 00:00:00,634.22,637.582,627.164,627.839,104157.54
2021-05-07 01:00:00,627.813,630.85,624.0,627.033,96516.94
2021-05-07 02:00:00,626.94,629.251,613.997,618.038,178406.37
2021-05-07 03:00:00,618.027,622.309,613.995,619.789,115121.2
2021-05-07 04:00:00,619.709,621.535,612.348,619.97,120490.57
2021-05-07 05:00:00,619.969,626.906,618.507,622.901,82104.7
2021-05-07 06:00:00,622.9,627.0,620.25,625.085,63245.87
2021-05-07 07:00:00,625.085,626.921,620.675,621.731,71120.11
2021-05-07 08:00:00,621.732,625.0,620.0,624.062,77929.62
2021-05-07 09:00:00,624.027,627.476,623.618,625.3,62861.32
2021-05-07 10:00:00,625.3,632.0,624.355,624.382,104289.98
2021-05-07 11:00:00,624.381,629.5,622.621,625.8,66543.85
2021-05-07 12:00:00,625.843,631.749,622.652,631.332,110599.55
2021-05-07 13:00:00,631.332,633.993,627.877,631.4,99483.36
2021-05-07 14:00:00,631.405,636.424,628.115,636.393,82240.19
2021-05-07 15:00:00,636.398,638.0,633.0,636.6,102528.86
2021-05-07 16:00:00,636.644,638.905,631.136,638.905,125924.92
2021-05-07 17:00:00,638.906,645.0,637.607,641.0,165414.71
2021-05-07 18:00:00,641.0,641.17,633.296,636.047,97890.29
2021-05-07 19:00:00,636.077,636.983,626.0,627.161,112370.65
2021-05-07 20:00:00,627.221,632.3,626.672,631.766,69596.71
2021-05-07 21:00:00,631.78,631.88,621.635,624.256,84936.89
2021-05-07 22:00:00,624.234,627.106,614.512,619.057,140836.57
2021-05-07 23:00:00,619.057,626.055,618.166,624.628,66099.91
2021-05-08 00:00:00,624.617,628.631,619.111,627.209,90801.58
2021-05-08 01:00:00,627.27,631.187,626.36,630.431,48767.99
2021-05-08 02:00:00,630.493,635.78,628.12,635.101,66250.26
2021-05-08 03:00:00,635.101,636.36,631.766,633.205,61090.04
2021-05-08 04:00:00,633.163,636.086,631.149,632.709,64811.76
2021-05-08 05:00:00,632.709,632.74,628.491,629.662,69837.83
2021-05-08 06:00:00,629.716,630.0,626.167,628.643,56002.0
2021-05-08 07:00:00,628.647,631.0,625.0,629.963,67613.16
2021-05-08 08:00:00,630.037,638.313,629.388,634.342,128790.82
2021-05-08 09:00:00,634.342,637.426,632.0,636.99,71796.82
2021-05-08 10:00:00,636.989,637.661,631.839,633.196,62157.56
2021-05-08 11:00:00,633.196,635.194,631.04,631.984,48420.94
2021-05-08 12:00:00,632.004,633.768,628.469,631.852,72022.39
2021-05-08 13:00:00,631.884,636.206,631.533,634.65,103471.64
2021-05-08 14:00:00,634.662,643.5,633.0,640.883,176782.87
2021-05-08 15:00:00,640.882,654.184,638.0,639.605,399115.82
2021-05-08 16:00:00,639.605,654.471,639.437,645.783,305514.69
2021-05-08 17:00:00,645.847,652.5,640.5,649.764,164106.4
2021-05-08 18:00:00,649.786,652.294,645.394,650.616,111620.87
2021-05-08 19:00:00,650.603,659.182,648.853,654.532,177196.63
2021-05-08 20:00:00,654.532,656.15,646.002,648.0,103623.53
2021-05-08 21:00:00,648.0,648.795,644.278,647.194,63908.49
2021-05-08 22:00:00,647.207,649.134,642.222,643.073,86765.55
2021-05-08 23:00:00,643.073,647.201,641.262,646.27,55453.68
2021-05-09 00:00:00,646.27,647.984,640.0,640.001,65771.0
2021-05-09 01:00:00,640.179,647.418,639.276,647.273,68835.2
2021-05-09 02:00:00,647.272,649.726,644.1,648.727,49734.33
2021-05-09 03:00:00,648.688,651.529,641.024,642.129,99682.29
2021-05-09 04:00:00,642.099,645.292,630.0,642.274,215065.64
2021-05-09 05:00:00,642.408,648.684,639.256,647.096,92244.58
2021-05-09 06:00:00,647.098,651.221,646.504,648.835,70982.4
2021-05-09 07:00:00,648.832,648.946,643.0,645.218,77396.45
2021-05-09 08:00:00,645.277,664.1,643.54,663.064,222153.16
2021-05-09 09:00:00,663.063,679.762,659.0,674.211,553006.18
2021-05-09 10:00:00,674.202,678.935,664.117,678.558,265721.03
2021-05-09 11:00:00,678.556,680.0,667.444,669.908,188496.74
2021-05-09 12:00:00,669.908,671.215,651.0,652.98,460326.95
2021-05-09 13:00:00,652.998,663.63,652.504,662.828,149870.25
2021-05-09 14:00:00,662.874,668.105,661.062,665.596,120910.23
2021-05-09 15:00:00,665.591,670.337,662.819,666.031,94578.88
2021-05-09 16:00:00,665.981,668.5,660.151,667.054,122239.38
2021-05-09 17:00:00,667.055,667.799,657.512,662.786,101354.65
2021-05-09 18:00:00,662.786,665.0,660.228,663.863,66058.36
2021-05-09 19:00:00,663.862,665.506,655.0,659.405,86237.36
2021-05-09 20:00:00,659.404,665.0,658.061,662.871,65387.36
2021-05-09 21:00:00,662.871,667.54,659.076,660.617,61732.83
2021-05-09 22:00:00,660.617,664.23,657.841,661.307,58018.5
2021-05-09 23:00:00,661.308,665.328,660.0,662.398,68230.21
2021-05-10 00:00:00,662.375,685.98,661.409,683.325,328500.41
2021-05-10 01:00:00,683.363,686.394,676.844,679.704,199052.07
2021-05-10 02:00:00,679.798,684.182,676.224,677.71,127565.24
2021-05-10 03:00:00,677.656,679.205,672.0,678.357,218346.25
2021-05-10 04:00:00,678.356,682.314,676.024,676.539,118069.82
2021-05-10 05:00:00,676.54,678.948,670.916,675.867,102583.68
2021-05-10 06:00:00,675.854,692.9,674.591,685.393,230970.36
2021-05-10 07:00:00,685.393,688.579,676.355,678.996,151692.04
2021-05-10 08:00:00,679.012,681.267,673.8,678.519,141581.24
2021-05-10 09:00:00,678.478,679.231,666.666,670.35,166817.63
2021-05-10 10:00:00,670.276,671.799,660.701,665.451,177242.07
2021-05-10 11:00:00,665.477,668.737,655.0,665.734,279541.99
2021-05-10 12:00:00,665.733,670.712,662.93,664.534,125209.91
2021-05-10 13:00:00,664.534,668.442,660.345,661.805,104547.49
2021-05-10 14:00:00,661.847,664.262,652.5,652.623,176178.01
2021-05-10 15:00:00,652.577,667.013,652.14,666.092,153699.22
2021-05-10 16:00:00,666.089,669.784,663.151,663.468,122917.2
2021-05-10 17:00:00,663.432,669.314,660.669,662.236,83721.43
2021-05-10 18:00:00,662.198,665.809,657.096,660.797,79204.91
2021-05-10 19:00:00,660.799,663.244,630.0,639.407,237920.55
2021-05-10 20:00:00,639.287,640.085,585.059,627.144,692492.46
2021-05-10 21:00:00,627.061,643.322,621.78,642.69,196647.33
2021-05-10 22:00:00,642.774,645.0,627.309,641.843,207026.24
2021-05-10 23:00:00,641.843,641.859,628.0,631.543,158238.49
2021-05-11 00:00:00,631.525,643.0,627.33,629.528,145452.83
2021-05-11 01:00:00,629.474,641.675,621.753,639.685,177375.22
2021-05-11 02:00:00,639.709,649.737,631.0,631.304,163283.53
2021-05-11 03:00:00,631.324,637.57,626.796,633.63,102234.41
2021-05-11 04:00:00,633.65,644.56,630.68,644.02,61434.96
2021-05-11 05:00:00,643.97,646.98,632.42,641.41,87951.58
2021-05-11 06:00:00,641.35,651.8,640.23,649.02,83473.82
2021-05-11 07:00:00,649.04,656.3,646.5,654.6,94263.94
2021-05-11 08:00:00,654.59,657.48,642.13,648.67,113180.05
2021-05-11 09:00:00,648.66,659.9,648.17,658.89,83949.77
2021-05-11 10:00:00,658.91,663.54,657.0,660.64,113427.63
2021-05-11 11:00:00,660.64,667.55,653.0,654.83,129956.06
2021-05-11 12:00:00,654.86,658.69,643.0,656.61,144146.32
2021-05-11 13:00:00,656.61,661.21,647.61,660.39,129825.7
2021-05-11 14:00:00,660.51,662.91,656.01,658.25,82641.69
2021-05-11 15:00:00,658.3,668.3,657.69,667.53,111958.6
2021-05-11 16:00:00,667.51,668.0,655.55,661.27,96470.36
2021-05-11 17:00:00,661.28,664.18,659.1,662.27,49257.58
2021-05-11 18:00:00,662.28,673.0,662.28,666.0,97382.68
2021-05-11 19:00:00,666.0,670.0,664.92,668.5,48587.05
2021-05-11 20:00:00,668.48,671.71,656.97,664.66,179709.44
2021-05-11 21:00:00,664.66,667.24,657.4,661.87,57431.2
2021-05-11 22:00:00,661.88,664.03,658.65,660.77,39682.86
2021-05-11 23:00:00,660.76,672.68,660.5,671.2,73836.62
2021-05-12 00:00:00,671.19,675.26,667.38,672.53,79097.08
2021-05-12 01:00:00,672.61,674.72,669.84,672.49,48333.01
2021-05-12 02:00:00,672.49,680.0,670.2,676.68,95820.04
2021-05-12 03:00:00,676.86,685.0,674.61,683.21,103993.38
2021-05-12 04:00:00,683.22,684.29,674.04,677.02,91383.86
2021-05-12 05:00:00,677.03,679.89,675.0,676.5,38807.01
2021-05-12 06:00:00,676.5,679.82,667.28,669.35,86817.59
2021-05-12 07:00:00,669.36,673.24,668.44,670.87,51443.65
2021-05-12 08:00:00,670.87,672.99,662.67,667.76,96843.95
2021-05-12 09:00:00,667.67,672.28,666.58,669.35,52951.76
2021-05-12 10:00:00,669.36,669.36,659.0,659.57,94688.43
2021-05-12 11:00:00,659.58,665.95,658.11,664.45,57455.46
2021-05-12 12:00:00,664.39,668.95,661.99,665.94,70864.16
2021-05-12 13:00:00,665.92,667.75,655.55,667.64,116977.05
2021-05-12 14:00:00,667.64,670.32,660.86,662.2,93453.43
2021-05-12 15:00:00,662.16,662.98,648.85,650.48,155085.35
2021-05-12 16:00:00,650.49,652.25,633.0,646.54,277023.46
2021-05-12 17:00:00,646.54,651.09,640.36,644.9,125710.66
2021-05-12 18:00:00,644.89,647.0,627.0,635.41,223000.21
2021-05-12 19:00:00,635.402,643.8,625.83,642.5,140728.44
2021-05-12 20:00:00,642.54,646.5,638.4,646.19,74104.15
2021-05-12 21:00:00,646.28,651.61,643.99,649.22,56259.91
2021-05-12 22:00:00,649.24,650.56,620.795,639.23,323579.63
2021-05-12 23:00:00,639.2,639.38,580.0,594.1,434336.89
2021-05-13 00:00:00,594.11,615.05,530.93,601.71,751163.93
2021-05-13 01:00:00,601.6,621.89,596.662,618.21,285137.74
2021-05-13 02:00:00,618.31,619.75,610.85,611.27,115537.09
2021-05-13 03:00:00,611.27,611.31,596.4,608.0,156765.37
2021-05-13 04:00:00,608.0,614.08,604.3,609.27,105012.88
2021-05-13 05:00:00,609.29,624.99,608.95,621.33,125642.91
2021-05-13 06:00:00,621.48,633.26,621.01,632.88,116732.77
2021-05-13 07:00:00,632.88,633.45,620.52,622.88,97172.05
2021-05-13 08:00:00,622.89,627.1,603.25,604.31,182086.9
2021-05-13 09:00:00,604.35,610.0,565.68,580.31,422720.16
2021-05-13 10:00:00,580.4,597.0,570.72,575.72,364635.75
2021-05-13 11:00:00,575.62,592.99,568.0,592.11,255552.68
2021-05-13 12:00:00,592.06,602.91,584.32,602.24,197980.9
2021-05-13 13:00:00,602.23,612.08,595.0,609.53,169715.11
2021-05-13 14:00:00,609.52,617.74,603.82,604.99,172622.06
2021-05-13 15:00:00,605.03,606.842,590.38,594.12,189673.19
2021-05-13 16:00:00,594.11,608.08,559.85,567.25,615880.86
2021-05-13 17:00:00,567.11,574.85,527.0,565.86,1120652.36
2021-05-13 18:00:00,565.77,571.88,543.83,546.9,461421.23
2021-05-13 19:00:00,547.02,562.99,546.02,551.26,267089.41
2021-05-13 20:00:00,551.32,564.46,545.61,563.56,184330.64
2021-05-13 21:00:00,563.47,568.84,558.07,563.7,92763.09
2021-05-13 22:00:00,563.81,574.55,557.27,557.64,128056.7
2021-05-13 23:00:00,557.65,572.69,550.37,571.21,153551.38
2021-05-14 00:00:00,571.14,585.0,565.98,583.46,180188.04
2021-05-14 01:00:00,583.45,591.47,579.53,587.87,128415.51
2021-05-14 02:00:00,587.94,589.68,573.37,574.35,114291.43
2021-05-14 03:00:00,574.36,580.32,572.49,574.81,78596.92
2021-05-14 04:00:00,574.92,583.84,570.26,577.78,111157.84
2021-05-14 05:00:00,577.8,588.81,575.0,587.93,90863.35
2021-05-14 06:00:00,587.92,588.83,574.73,579.59,97660.87
2021-05-14 07:00:00,579.62,599.13,579.35,597.73,155515.22
2021-05-14 08:00:00,597.74,604.88,595.19,603.7,124173.28
2021-05-14 09:00:00,603.66,608.53,601.0,603.29,131185.2
2021-05-14 10:00:00,603.23,609.85,598.22,608.74,106835.44
2021-05-14 11:00:00,608.71,612.78,602.93,607.33,120293.36
2021-05-14 12:00:00,607.33,609.99,600.57,605.8,85609.92
2021-05-14 13:00:00,605.74,610.96,597.22,609.69,127830.88
2021-05-14 14:00:00,609.79,609.83,602.18,607.56,77912.6
2021-05-14 15:00:00,607.56,616.29,607.5,612.18,151162.44
2021-05-14 16:00:00,612.18,615.81,602.7,607.28,118799.59
2021-05-14 17:00:00,607.27,611.43,603.17,603.55,62880.78
2021-05-14 18:00:00,603.49,610.0,603.02,606.34,81652.99
2021-05-14 19:00:00,606.33,606.96,598.0,599.88,81569.35
2021-05-14 20:00:00,599.84,603.74,586.0,587.96,150139.9
2021-05-14 21:00:00,587.96,599.94,586.01,598.57,77534.04
2021-05-14 22:00:00,598.56,603.8,595.1,601.4,64672.77
2021-05-14 23:00:00,601.41,605.67,599.6,603.47,64181.68
2021-05-15 00:00:00,603.53,609.88,595.27,598.62,134432.1
2021-05-15 01:00:00,598.62,609.59,596.87,606.66,83309.17
2021-05-15 02:00:00,606.66,611.54,605.2,608.37,60634.78
2021-05-15 03:00:00,608.38,608.46,602.23,602.53,66413.29
2021-05-15 04:00:00,602.56,604.79,595.07,596.63,76539.02
2021-05-15 05:00:00,596.62,600.9,593.04,599.04,70310.25
2021-05-15 06:00:00,599.04,599.06,585.0,589.94,127778.97
2021-05-15 07:00:00,589.81,590.71,580.54,582.43,126934.6
2021-05-15 08:00:00,582.51,589.85,578.67,586.26,125022.71
2021-05-15 09:00:00,586.4,591.89,581.36,587.39,98925.58
2021-05-15 10:00:00,587.51,587.52,575.01,582.75,117130.93
2021-05-15 11:00:00,582.82,588.58,581.34,588.27,64940.78
2021-05-15 12:00:00,588.3,594.6,584.0,591.15,93368.99
2021-05-15 13:00:00,591.1,594.0,585.0,587.77,78708.65
2021-05-15 14:00:00,587.68,593.5,582.29,591.46,104533.3
2021-05-15 15:00:00,591.44,593.81,584.0,586.86,62915.08
2021-05-15 16:00:00,586.86,587.07,571.54,575.52,173984.05
2021-05-15 17:00:00,575.53,578.2,568.79,571.95,130314.16
2021-05-15 18:00:00,571.88,577.0,568.0,573.37,100421.57
2021-05-15 19:00:00,573.41,575.6,560.0,575.49,148680.64
2021-05-15 20:00:00,575.49,580.28,574.26,578.54,75227.18
2021-05-15 21:00:00,578.56,583.34,578.35,582.18,37362.07
2021-05-15 22:00:00,582.17,584.71,571.04,574.01,86016.42
2021-05-15 23:00:00,573.96,575.25,562.62,563.85,117110.5
2021-05-16 00:00:00,563.87,578.92,562.29,571.11,134310.87
2021-05-16 01:00:00,571.1,580.46,570.82,579.67,78014.03
2021-05-16 02:00:00,579.67,582.88,577.35,581.24,52991.31
2021-05-16 03:00:00,581.25,584.78,576.16,579.82,56644.05
2021-05-16 04:00:00,579.89,582.33,574.28,575.16,52606.05
2021-05-16 05:00:00,575.16,577.84,573.0,575.14,42201.05
2021-05-16 06:00:00,575.1,586.51,574.41,584.53,82559.05
2021-05-16 07:00:00,584.53,593.13,582.74,592.97,75043.35
2021-05-16 08:00:00,592.97,594.25,586.04,590.6,90287.88
2021-05-16 09:00:00,590.59,603.49,590.16,600.03,130043.15
2021-05-16 10:00:00,600.03,607.33,600.0,604.94,107045.15
2021-05-16 11:00:00,604.94,606.271,597.58,599.34,94034.03
2021-05-16 12:00:00,599.33,601.0,590.32,591.48,114344.17
2021-05-16 13:00:00,591.49,595.16,590.18,593.55,72284.16
2021-05-16 14:00:00,593.54,595.3,580.72,583.08,130843.68
2021-05-16 15:00:00,583.03,584.18,572.29,572.66,123687.78
2021-05-16 16:00:00,572.71,579.21,568.02,573.04,173830.8
2021-05-16 17:00:00,573.08,576.02,561.06,572.89,194025.28
2021-05-16 18:00:00,572.82,576.28,558.0,558.84,190472.47
2021-05-16 19:00:00,558.65,562.58,540.0,550.61,309968.0
2021-05-16 20:00:00,550.69,556.22,535.54,537.26,246095.35
2021-05-16 21:00:00,537.18,552.77,535.01,548.96,163695.09
2021-05-16 22:00:00,548.9,557.47,548.66,550.82,129047.14
2021-05-16 23:00:00,550.81,564.6,548.25,564.41,112554.03
2021-05-17 00:00:00,564.41,564.41,546.94,548.57,98141.56
2021-05-17 01:00:00,548.59,549.63,537.61,541.43,123646.3
2021-05-17 02:00:00,541.42,546.8,535.36,537.54,91772.03
2021-05-17 03:00:00,537.53,540.19,501.0,508.5,500265.03
2021-05-17 04:00:00,508.54,516.23,483.93,516.06,580470.8
2021-05-17 05:00:00,516.05,518.87,494.05,509.59,278206.79
2021-05-17 06:00:00,509.7,530.89,508.96,522.27,383320.65
2021-05-17 07:00:00,522.32,538.85,520.56,537.4,183646.3
2021-05-17 08:00:00,537.42,541.44,530.1,537.47,165417.2
2021-05-17 09:00:00,537.46,541.69,531.13,540.47,115112.73
2021-05-17 10:00:00,540.46,543.0,524.21,525.9,157304.24
2021-05-17 11:00:00,525.76,539.93,522.46,539.32,149119.84
2021-05-17 12:00:00,539.46,541.0,530.0,535.18,127913.75
2021-05-17 13:00:00,535.18,537.8,526.03,532.23,123412.29
2021-05-17 14:00:00,532.21,533.97,514.05,522.61,202465.26
2021-05-17 15:00:00,522.6,526.35,502.47,505.65,233074.36
2021-05-17 16:00:00,505.76,511.6,500.7,500.93,221190.99
2021-05-17 17:00:00,500.94,506.82,493.08,501.76,255214.83
2021-05-17 18:00:00,501.74,517.67,497.663,515.21,219035.87
2021-05-17 19:00:00,515.21,520.95,515.21,519.7,113516.74
2021-05-17 20:00:00,519.72,528.86,518.53,526.91,95450.2
2021-05-17 21:00:00,526.91,527.18,510.9,512.79,120396.38
2021-05-17 22:00:00,512.79,524.28,501.18,505.35,193537.42
2021-05-17 23:00:00,505.22,516.39,502.03,512.44,171941.96
2021-05-18 00:00:00,512.46,526.43,507.74,524.77,156267.23
2021-05-18 01:00:00,524.76,526.36,518.22,521.04,109034.53
2021-05-18 02:00:00,520.97,523.15,513.14,523.0,88069.61
2021-05-18 03:00:00,523.0,528.33,520.0,524.18,77509.52
2021-05-18 04:00:00,524.13,529.71,523.39,529.44,97136.82
2021-05-18 05:00:00,529.44,532.43,526.26,530.12,92688.38
2021-05-18 06:00:00,530.12,533.79,522.22,523.8,108623.42
2021-05-18 07:00:00,523.8,526.61,521.72,525.67,80069.17
2021-05-18 08:00:00,525.68,527.93,521.5,524.16,87154.48
2021-05-18 09:00:00,524.15,525.72,517.54,522.07,96719.45
2021-05-18 10:00:00,522.09,529.34,518.8,527.23,107412.22
2021-05-18 11:00:00,527.12,535.0,524.02,530.58,124438.6
2021-05-18 12:00:00,530.57,531.46,510.976,514.94,194352.07
2021-05-18 13:00:00,514.88,516.69,505.0,508.23,192779.7
2021-05-18 14:00:00,508.37,508.42,496.0,505.02,273937.24
2021-05-18 15:00:00,504.98,511.0,500.1,503.99,188064.49
2021-05-18 16:00:00,504.04,519.69,501.0,519.12,201742.19
2021-05-18 17:00:00,519.19,521.96,515.05,516.38,141589.14
2021-05-18 18:00:00,516.28,516.32,506.87,512.29,143555.72
2021-05-18 19:00:00,512.2,516.9,507.15,513.04,112293.81
2021-05-18 20:00:00,512.98,515.83,507.44,511.93,81388.43
2021-05-18 21:00:00,511.93,515.0,507.15,510.6,56776.09
2021-05-18 22:00:00,510.6,512.88,505.6,506.18,85844.09
2021-05-18 23:00:00,506.22,512.63,500.88,508.31,166026.18
2021-05-19 00:00:00,508.33,516.68,504.33,505.87,144091.39
2021-05-19 01:00:00,505.87,506.21,474.79,479.55,398022.59
2021-05-19 02:00:00,479.55,485.58,460.65,461.73,389770.06
2021-05-19 03:00:00,461.71,469.67,451.0,453.97,460420.32
2021-05-19 04:00:00,454.06,461.78,407.74,420.48,1128387.03
2021-05-19 05:00:00,420.59,435.62,419.93,428.0,616110.01
2021-05-19 06:00:00,428.0,439.37,424.24,427.73,322921.07
2021-05-19 07:00:00,427.8,440.89,412.48,438.36,412345.21
2021-05-19 08:00:00,438.33,441.03,429.2,438.13,251777.57
2021-05-19 09:00:00,438.12,443.21,430.2,435.83,218087.8
2021-05-19 10:00:00,435.83,437.51,416.46,425.98,369681.78
2021-05-19 11:00:00,426.04,428.23,355.0,394.57,1132678.34
2021-05-19 12:00:00,394.45,404.0,260.0,335.67,1448357.28
2021-05-19 13:00:00,335.61,395.32,250.0,352.06,438861.23
2021-05-19 14:00:00,352.06,360.0,318.57,358.82,378699.09
2021-05-19 15:00:00,358.73,381.29,343.37,378.25,659860.8
2021-05-19 16:00:00,378.22,398.0,355.02,396.4,707498.14
2021-05-19 17:00:00,396.38,413.61,386.22,392.7,523584.15
2021-05-19 18:00:00,392.68,397.97,363.0,369.25,494247.99
2021-05-19 19:00:00,369.22,389.82,365.5,384.63,365306.19
2021-05-19 20:00:00,384.48,395.0,369.0,370.85,289184.0
2021-05-19 21:00:00,370.86,377.04,355.46,373.12,214773.0
2021-05-19 22:00:00,373.13,387.76,367.39,380.38,297572.93
2021-05-19 23:00:00,380.51,383.2,334.14,334.47,570062.47
2021-05-20 00:00:00,334.46,353.8,287.75,302.74,851163.64
2021-05-20 01:00:00,302.6,317.57,284.33,312.47,727296.25
2021-05-20 02:00:00,312.46,339.5,310.17,337.53,433457.5
2021-05-20 03:00:00,337.6,344.83,330.27,341.37,320457.81
2021-05-20 04:00:00,341.34,356.35,338.88,353.57,308233.8
2021-05-20 05:00:00,353.5,365.12,351.14,365.12,256314.67
2021-05-20 06:00:00,365.13,368.04,350.17,358.25,276692.78
2021-05-20 07:00:00,358.24,381.24,358.21,370.47,343605.22
2021-05-20 08:00:00,370.55,375.93,356.57,367.44,273373.83
2021-05-20 09:00:00,367.39,368.79,351.43,364.72,272135.54
2021-05-20 10:00:00,364.77,370.0,356.4,369.65,238410.54
2021-05-20 11:00:00,369.65,374.83,360.0,373.0,262850.02
2021-05-20 12:00:00,373.0,396.66,365.0,391.59,439142.35
2021-05-20 13:00:00,391.58,423.0,391.0,401.5,754447.26
2021-05-20 14:00:00,401.53,414.4,400.89,403.24,389362.86
2021-05-20 15:00:00,403.21,413.4,396.0,401.27,276388.43
2021-05-20 16:00:00,401.28,401.53,364.39,379.92,807646.42
2021-05-20 17:00:00,379.81,390.34,371.85,386.53,385618.95
2021-05-20 18:00:00,386.55,390.44,378.01,385.2,289271.24
2021-05-20 19:00:00,385.19,394.1,380.82,389.89,231382.64
2021-05-20 20:00:00,389.88,396.71,382.19,385.13,213973.79
2021-05-20 21:00:00,385.12,399.0,382.09,398.34,133204.3
2021-05-20 22:00:00,398.33,399.65,380.98,396.4,260694.15
2021-05-20 23:00:00,396.27,399.43,386.66,391.38,270916.47
2021-05-21 00:00:00,391.33,415.79,390.2,410.14,302137.05
2021-05-21 01:00:00,410.14,411.11,403.47,406.05,157165.32
2021-05-21 02:00:00,406.14,406.2,396.15,398.24,170046.31
2021-05-21 03:00:00,398.2,398.27,390.0,391.87,169934.42
2021-05-21 04:00:00,391.87,392.98,381.1,389.17,218433.18
2021-05-21 05:00:00,389.16,393.0,382.28,383.93,170061.0
2021-05-21 06:00:00,384.0,393.72,375.6,392.32,241480.59
2021-05-21 07:00:00,392.24,392.51,380.24,383.07,175596.19
2021-05-21 08:00:00,383.24,385.33,370.21,379.0,285182.97
2021-05-21 09:00:00,378.99,395.85,378.59,388.27,213393.46
2021-05-21 10:00:00,388.26,388.66,378.69,379.51,146673.85
2021-05-21 11:00:00,379.5,382.9,373.78,380.97,154722.68
2021-05-21 12:00:00,380.87,384.12,374.64,376.04,162425.94
2021-05-21 13:00:00,376.01,384.29,373.11,384.03,120593.26
2021-05-21 14:00:00,384.02,387.4,315.79,342.48,1112004.1
2021-05-21 15:00:00,342.48,348.84,323.55,328.33,618878.73
2021-05-21 16:00:00,328.33,344.77,315.35,332.94,640284.04
2021-05-21 17:00:00,332.86,342.27,328.02,341.11,361430.87
2021-05-21 18:00:00,341.14,341.28,322.85,331.37,358581.61
2021-05-21 19:00:00,331.32,331.45,304.06,316.29,555579.9
2021-05-21 20:00:00,316.29,319.68,292.45,293.63,566199.53
2021-05-21 21:00:00,293.72,315.98,273.89,314.97,772556.64
2021-05-21 22:00:00,314.97,324.96,305.22,314.76,502534.42
2021-05-21 23:00:00,314.76,326.5,309.1,325.75,334929.05
2021-05-22 00:00:00,325.7,330.68,316.37,329.11,277126.15
2021-05-22 01:00:00,329.11,333.64,322.1,328.05,191557.54
2021-05-22 02:00:00,328.06,335.51,320.12,322.54,232459.18
2021-05-22 03:00:00,322.53,328.38,309.09,315.01,346826.93
2021-05-22 04:00:00,314.96,318.04,295.28,304.88,353790.7
2021-05-22 05:00:00,304.9,307.15,284.74,298.16,457330.26
2021-05-22 06:00:00,298.15,300.58,286.0,297.9,320997.5
2021-05-22 07:00:00,298.03,302.13,287.51,300.41,328052.75
2021-05-22 08:00:00,300.35,314.2,300.06,308.38,350678.28
2021-05-22 09:00:00,308.38,314.97,304.12,312.6,267852.99
2021-05-22 10:00:00,312.56,328.54,307.37,322.85,343611.09
2021-05-22 11:00:00,322.86,325.96,316.0,321.51,210716.51
2021-05-22 12:00:00,321.51,329.03,317.68,319.76,284658.08
2021-05-22 13:00:00,319.84,332.35,319.0,325.58,255639.79
2021-05-22 14:00:00,325.58,327.8,312.0,316.56,357606.48
2021-05-22 15:00:00,316.54,320.17,308.04,317.1,332210.33
2021-05-22 16:00:00,317.13,319.85,308.01,311.19,241605.65
2021-05-22 17:00:00,311.31,315.29,300.1,302.74,241314.45
2021-05-22 18:00:00,302.76,307.83,298.8,306.88,203490.53
2021-05-22 19:00:00,306.91,310.08,298.12,299.0,186387.31
2021-05-22 20:00:00,298.99,312.13,298.84,309.21,196325.91
2021-05-22 21:00:00,309.19,311.86,307.0,311.08,118456.99
2021-05-22 22:00:00,311.05,312.09,301.7,306.19,230535.79
2021-05-22 23:00:00,306.18,310.88,298.08,299.68,149018.97
2021-05-23 00:00:00,299.63,312.32,293.0,311.05,270100.35
2021-05-23 01:00:00,311.04,313.62,307.28,307.77,131274.9
2021-05-23 02:00:00,307.77,309.52,298.48,299.57,155572.16
2021-05-23 03:00:00,299.59,302.78,296.0,299.43,192834.3
2021-05-23 04:00:00,299.43,299.43,294.39,296.98,172238.26
2021-05-23 05:00:00,296.98,297.21,289.05,295.05,222065.43
2021-05-23 06:00:00,295.04,298.1,281.0,284.87,336335.15
2021-05-23 07:00:00,284.89,288.77,275.06,279.33,416283.55
2021-05-23 08:00:00,279.38,279.43,251.2,257.85,1063116.99
2021-05-23 09:00:00,257.98,264.86,249.75,251.26,893203.31
2021-05-23 10:00:00,251.26,267.57,250.37,255.81,629622.82
2021-05-23 11:00:00,255.84,264.42,255.32,257.6,461956.64
2021-05-23 12:00:00,257.62,260.58,237.0,241.49,1035451.56
2021-05-23 13:00:00,241.46,244.0,230.0,241.36,988564.93
2021-05-23 14:00:00,241.36,247.0,233.14,241.53,673339.08
2021-05-23 15:00:00,241.54,242.63,232.1,236.26,541378.19
2021-05-23 16:00:00,236.33,239.95,211.14,224.06,1540369.09
2021-05-23 17:00:00,224.07,239.51,222.84,228.54,806647.05
2021-05-23 18:00:00,228.54,235.62,222.01,227.26,525826.47
2021-05-23 19:00:00,227.24,237.58,224.5,235.66,405625.08
2021-05-23 20:00:00,235.68,248.41,235.51,245.34,441133.91
2021-05-23 21:00:00,245.36,258.99,244.55,254.87,342892.38
2021-05-23 22:00:00,254.86,263.6,251.29,254.5,488523.25
2021-05-23 23:00:00,254.51,264.09,254.49,260.61,386678.24
2021-05-24 00:00:00,260.7,273.68,260.08,266.42,399327.98
2021-05-24 01:00:00,266.44,270.0,257.43,266.38,286027.84
2021-05-24 02:00:00,266.41,272.78,263.28,270.24,249186.16
2021-05-24 03:00:00,270.25,282.74,268.92,272.71,367723.04
2021-05-24 04:00:00,272.72,277.07,264.0,269.45,302139.06
2021-05-24 05:00:00,269.44,279.14,268.2,276.04,293206.19
2021-05-24 06:00:00,275.97,283.14,270.0,282.76,265095.33
2021-05-24 07:00:00,282.7,296.63,282.7,295.31,537888.93
2021-05-24 08:00:00,295.21,298.37,287.37,295.71,400155.72
2021-05-24 09:00:00,295.71,295.8,285.72,286.38,391915.12
2021-05-24 10:00:00,286.43,296.11,284.77,292.95,463713.19
2021-05-24 11:00:00,292.96,311.64,292.19,305.06,714892.41
2021-05-24 12:00:00,305.05,319.5,302.24,314.68,564754.29
2021-05-24 13:00:00,314.66,318.19,302.03,308.47,534327.58
2021-05-24 14:00:00,308.46,315.7,305.51,313.83,362638.85
2021-05-24 15:00:00,313.88,325.0,310.93,318.56,486215.6
2021-05-24 16:00:00,318.49,323.15,306.07,312.77,491350.33
2021-05-24 17:00:00,312.77,321.97,308.52,321.12,286052.7
2021-05-24 18:00:00,321.12,329.95,317.22,326.28,321059.9
2021-05-24 19:00:00,326.24,346.32,320.4,344.17,435553.13
2021-05-24 20:00:00,344.16,350.34,335.05,339.64,441581.54
2021-05-24 21:00:00,339.6,348.0,333.28,333.77,314133.81
2021-05-24 22:00:00,333.76,341.98,328.44,339.03,411366.44
2021-05-24 23:00:00,339.02,347.51,336.14,345.33,309897.45
2021-05-25 00:00:00,345.28,369.44,340.49,366.9,517558.56
2021-05-25 01:00:00,366.95,376.08,351.0,355.68,492393.24
2021-05-25 02:00:00,355.56,356.92,341.2,342.07,457767.84
2021-05-25 03:00:00,342.06,346.88,334.19,345.94,491125.8
2021-05-25 04:00:00,345.96,347.2,329.59,339.79,399224.49
2021-05-25 05:00:00,339.79,344.48,333.91,344.06,241057.67
2021-05-25 06:00:00,344.02,359.74,338.63,355.33,345075.09
2021-05-25 07:00:00,355.36,360.87,350.61,356.43,266277.31
2021-05-25 08:00:00,356.49,357.9,339.88,344.18,335693.07
2021-05-25 09:00:00,344.18,345.99,335.54,337.43,263158.86
2021-05-25 10:00:00,337.43,337.48,307.0,316.15,856605.94
2021-05-25 11:00:00,316.09,325.0,307.78,309.95,530489.55
2021-05-25 12:00:00,309.95,320.23,307.96,319.28,404110.69
2021-05-25 13:00:00,319.34,330.5,316.37,321.78,507417.55
2021-05-25 14:00:00,321.73,333.17,320.94,327.17,368324.7
2021-05-25 15:00:00,327.2,339.18,322.06,337.89,448099.69
2021-05-25 16:00:00,337.86,338.75,329.32,333.96,326771.92
2021-05-25 17:00:00,333.88,336.8,326.29,333.71,267684.86
2021-05-25 18:00:00,333.71,337.0,329.73,330.37,174964.43
2021-05-25 19:00:00,330.36,333.94,319.29,322.7,260948.59
2021-05-25 20:00:00,322.66,332.84,321.23,329.84,199492.17
2021-05-25 21:00:00,329.81,336.67,327.01,334.49,135997.96
2021-05-25 22:00:00,334.49,350.71,334.08,346.55,366801.28
2021-05-25 23:00:00,346.56,346.86,338.94,343.43,199723.99
2021-05-26 00:00:00,343.44,346.42,336.37,341.98,236512.68
2021-05-26 01:00:00,342.03,354.0,341.36,350.63,202235.4
2021-05-26 02:00:00,350.65,358.99,350.64,354.32,267973.71
2021-05-26 03:00:00,354.33,364.62,353.28,363.93,200879.52
2021-05-26 04:00:00,363.95,365.52,354.73,361.53,189667.72
2021-05-26 05:00:00,361.47,370.68,359.99,363.97,231233.23
2021-05-26 06:00:00,363.97,380.15,362.08,377.79,364487.77
2021-05-26 07:00:00,377.76,385.24,373.84,383.33,261566.97
2021-05-26 08:00:00,383.32,388.55,365.35,377.99,599908.73
2021-05-26 09:00:00,377.9,382.99,375.51,378.13,256987.95
2021-05-26 10:00:00,378.07,381.33,371.13,378.24,330472.93
2021-05-26 11:00:00,378.24,378.57,368.25,378.01,264850.63
2021-05-26 12:00:00,377.99,381.5,375.0,379.76,243026.96
2021-05-26 13:00:00,379.77,379.83,357.01,358.45,491200.02
2021-05-26 14:00:00,358.45,371.9,356.75,368.39,366549.04
2021-05-26 15:00:00,368.41,368.84,358.46,366.05,289351.9
2021-05-26 16:00:00,366.03,377.83,364.29,365.22,354768.22
2021-05-26 17:00:00,365.21,372.9,359.65,371.5,246651.46
2021-05-26 18:00:00,371.56,371.73,364.15,368.05,180751.69
2021-05-26 19:00:00,368.07,368.08,358.5,366.56,200229.02
2021-05-26 20:00:00,366.54,374.11,363.55,372.11,179812.7
2021-05-26 21:00:00,372.11,375.0,367.09,370.48,141192.09
2021-05-26 22:00:00,370.48,374.35,367.95,373.35,138227.26
2021-05-26 23:00:00,373.36,380.71,369.73,379.18,175841.93
2021-05-27 00:00:00,379.15,379.22,360.58,365.52,265229.98
2021-05-27 01:00:00,365.5,367.45,343.0,347.28,424004.97
2021-05-27 02:00:00,347.29,355.84,343.81,351.61,313244.35
2021-05-27 03:00:00,351.65,351.69,340.03,348.04,335427.4
2021-05-27 04:00:00,348.04,352.97,343.01,351.91,291826.87
2021-05-27 05:00:00,351.87,357.91,345.02,357.59,249268.96
2021-05-27 06:00:00,357.53,361.62,354.25,360.36,235428.99
2021-05-27 07:00:00,360.44,363.79,356.06,361.84,209971.51
2021-05-27 08:00:00,361.81,369.25,355.48,365.77,314562.16
2021-05-27 09:00:00,365.72,372.08,365.68,370.64,159661.75
2021-05-27 10:00:00,370.64,375.34,367.08,370.78,192436.22
2021-05-27 11:00:00,370.71,378.0,370.71,376.53,157556.57
2021-05-27 12:00:00,376.57,379.73,371.01,372.17,296994.37
2021-05-27 13:00:00,372.17,385.95,372.01,380.62,331761.89
2021-05-27 14:00:00,380.62,387.6,380.0,383.11,247297.99
2021-05-27 15:00:00,383.06,385.2,373.79,379.55,311561.58
2021-05-27 16:00:00,379.55,381.93,368.19,371.25,305101.83
2021-05-27 17:00:00,371.25,375.81,369.12,373.67,183584.37
2021-05-27 18:00:00,373.69,376.31,370.88,374.71,138602.68
2021-05-27 19:00:00,374.69,375.19,368.2,373.24,137931.92
2021-05-27 20:00:00,373.27,373.42,364.34,365.21,146624.95
2021-05-27 21:00:00,365.2,374.59,362.12,373.01,160852.93
2021-05-27 22:00:00,373.0,375.56,365.5,367.5,162254.74
2021-05-27 23:00:00,367.47,371.34,363.62,369.71,147724.44
2021-05-28 00:00:00,369.72,373.72,360.34,360.73,235933.18
2021-05-28 01:00:00,360.72,366.14,357.0,364.83,201358.26
2021-05-28 02:00:00,364.83,368.35,362.88,367.02,128986.29
2021-05-28 03:00:00,367.02,367.02,360.41,364.43,127240.4
2021-05-28 04:00:00,364.35,364.42,352.23,352.54,224324.69
2021-05-28 05:00:00,352.5,357.41,342.08,345.58,320927.88
2021-05-28 06:00:00,345.58,348.23,332.73,339.3,517358.77
2021-05-28 07:00:00,339.25,345.66,333.75,343.04,406759.22
2021-05-28 08:00:00,343.1,343.98,323.31,329.04,400466.37
2021-05-28 09:00:00,329.0,332.87,315.64,327.5,720086.96
2021-05-28 10:00:00,327.54,330.99,322.2,326.48,337095.53
2021-05-28 11:00:00,326.48,330.05,312.46,317.16,444289.38
2021-05-28 12:00:00,317.18,338.63,314.61,336.71,569405.07
2021-05-28 13:00:00,336.61,345.69,332.93,340.19,491920.0
2021-05-28 14:00:00,340.18,340.77,334.51,336.14,282900.28
2021-05-28 15:00:00,336.15,340.58,333.28,337.42,254055.2
2021-05-28 16:00:00,337.47,338.3,326.01,326.24,363517.46
2021-05-28 17:00:00,326.23,335.0,324.7,330.98,254820.25
2021-05-28 18:00:00,330.99,337.06,328.0,334.11,200474.81
2021-05-28 19:00:00,334.12,337.69,330.55,333.35,170521.41
2021-05-28 20:00:00,333.41,337.0,321.88,323.14,199631.3
2021-05-28 21:00:00,323.14,326.11,316.21,320.5,279321.99
2021-05-28 22:00:00,320.51,327.08,319.0,325.42,238946.44
2021-05-28 23:00:00,325.46,332.83,324.69,329.11,183914.13
2021-05-29 00:00:00,329.12,342.25,329.01,339.6,234281.05
2021-05-29 01:00:00,339.65,343.91,337.01,342.52,192422.66
2021-05-29 02:00:00,342.55,345.41,338.84,342.75,187892.32
2021-05-29 03:00:00,342.71,347.54,339.19,345.27,182342.08
2021-05-29 04:00:00,345.27,346.44,334.33,335.43,194213.88
2021-05-29 05:00:00,335.39,347.11,335.37,341.9,268934.49
2021-05-29 06:00:00,341.86,345.18,338.2,338.91,135436.33
2021-05-29 07:00:00,338.93,340.0,335.0,336.08,133803.91
2021-05-29 08:00:00,336.07,337.27,328.2,329.84,187139.67
2021-05-29 09:00:00,329.83,331.37,321.0,327.16,315261.04
2021-05-29 10:00:00,327.1,328.99,324.66,326.92,185850.36
2021-05-29 11:00:00,326.93,332.92,320.0,328.69,291435.21
2021-05-29 12:00:00,328.68,328.96,319.19,321.95,237267.66
2021-05-29 13:00:00,321.98,323.36,313.48,320.88,335821.7
2021-05-29 14:00:00,320.86,323.95,314.6,316.26,257866.16
2021-05-29 15:00:00,316.31,316.33,302.39,309.69,505510.97
2021-05-29 16:00:00,309.63,315.0,305.04,313.28,428338.38
2021-05-29 17:00:00,313.28,313.39,300.38,302.67,339649.99
2021-05-29 18:00:00,302.78,304.71,298.09,302.73,319536.76
2021-05-29 19:00:00,302.77,303.99,295.64,299.75,300570.36
2021-05-29 20:00:00,299.82,303.56,296.33,300.23,262899.72
2021-05-29 21:00:00,300.23,305.78,298.51,304.56,220512.15
2021-05-29 22:00:00,304.59,305.28,299.9,303.42,253540.63
2021-05-29 23:00:00,303.41,310.0,298.59,304.17,315386.2
2021-05-30 00:00:00,304.15,304.75,291.01,296.99,428865.37
2021-05-30 01:00:00,297.01,300.39,293.46,297.82,253495.75
2021-05-30 02:00:00,297.81,304.58,295.5,303.78,219661.53
2021-05-30 03:00:00,303.78,311.38,302.94,309.19,249017.77
2021-05-30 04:00:00,309.13,314.73,306.04,309.43,207975.81
2021-05-30 05:00:00,309.42,321.33,309.38,320.29,277035.03
2021-05-30 06:00:00,320.31,328.18,320.31,327.5,294205.19
2021-05-30 07:00:00,327.47,333.65,325.03,331.11,290180.14
2021-05-30 08:00:00,331.14,333.34,325.9,327.37,266503.46
2021-05-30 09:00:00,327.37,334.85,327.33,332.64,224115.78
2021-05-30 10:00:00,332.59,336.34,330.0,331.75,256842.88
2021-05-30 11:00:00,331.72,338.31,330.04,337.85,231808.61
2021-05-30 12:00:00,337.93,338.0,323.33,327.87,363814.84
2021-05-30 13:00:00,327.89,331.95,325.48,329.2,262400.68
2021-05-30 14:00:00,329.2,330.18,319.44,320.98,281194.25
2021-05-30 15:00:00,320.97,323.93,319.0,323.18,192850.17
2021-05-30 16:00:00,323.18,329.93,320.72,326.14,270282.48
2021-05-30 17:00:00,326.14,329.3,325.8,327.74,182298.22
2021-05-30 18:00:00,327.73,333.02,327.08,331.35,172364.71
2021-05-30 19:00:00,331.33,333.36,330.27,331.45,131913.71
2021-05-30 20:00:00,331.45,335.4,328.31,330.68,180092.24
2021-05-30 21:00:00,330.7,333.27,328.32,329.01,119105.76
2021-05-30 22:00:00,329.01,331.01,325.8,328.61,124391.29
2021-05-30 23:00:00,328.61,329.22,324.1,325.52,150236.01
2021-05-31 00:00:00,325.52,329.88,320.03,321.08,234223.17
2021-05-31 01:00:00,321.04,323.3,314.36,315.43,229483.02
2021-05-31 02:00:00,315.44,317.49,311.0,312.94,222839.36
2021-05-31 03:00:00,312.95,313.6,307.06,310.66,229243.28
2021-05-31 04:00:00,310.65,313.36,308.63,310.54,175449.74
2021-05-31 05:00:00,310.55,314.01,308.02,310.77,207544.44
2021-05-31 06:00:00,310.76,320.9,310.58,320.58,287406.14
2021-05-31 07:00:00,320.57,330.38,318.94,328.15,348827.87
2021-05-31 08:00:00,328.13,334.31,324.95,332.4,303954.37
2021-05-31 09:00:00,332.4,336.34,329.95,330.97,226008.88
2021-05-31 10:00:00,330.98,344.47,330.86,342.79,374638.61
2021-05-31 11:00:00,342.8,352.68,342.48,346.49,379189.71
2021-05-31 12:00:00,346.49,353.62,341.04,343.86,404153.62
2021-05-31 13:00:00,343.85,349.18,341.73,342.98,247950.07
2021-05-31 14:00:00,342.97,344.3,336.16,339.74,252421.53
2021-05-31 15:00:00,339.74,348.3,339.51,346.61,283774.23
2021-05-31 16:00:00,346.61,353.31,344.91,349.15,285218.29
2021-05-31 17:00:00,349.16,349.6,341.93,345.0,198118.47
2021-05-31 18:00:00,344.99,345.45,338.94,342.0,138251.59
2021-05-31 19:00:00,342.0,345.07,340.11,344.31,99263.26
2021-05-31 20:00:00,344.31,346.99,342.0,343.84,120262.87
2021-05-31 21:00:00,343.85,347.88,343.85,346.78,80859.81
2021-05-31 22:00:00,346.69,350.83,346.37,348.18,123338.98
2021-05-31 23:00:00,348.19,356.16,346.93,353.12,164940.21
2021-06-01 00:00:00,353.14,364.5,350.85,363.09,275429.5
2021-06-01 01:00:00,363.11,363.38,352.09,352.87,220882.51
2021-06-01 02:00:00,352.87,355.0,345.53,349.99,253734.76
2021-06-01 03:00:00,349.92,353.34,343.4,345.85,215072.4
2021-06-01 04:00:00,345.83,349.56,343.87,347.56,166881.62
2021-06-01 05:00:00,347.56,359.13,346.9,358.38,211926.02
2021-06-01 06:00:00,358.36,359.89,347.36,350.14,245828.05
2021-06-01 07:00:00,350.1,353.2,345.98,348.76,192377.56
2021-06-01 08:00:00,348.72,357.36,339.1,343.68,502089.97
2021-06-01 09:00:00,343.65,348.5,342.77,347.31,228355.15
2021-06-01 10:00:00,347.29,352.87,345.33,350.61,195978.18
2021-06-01 11:00:00,350.6,354.4,348.5,353.53,146721.91
2021-06-01 12:00:00,353.53,353.83,345.67,346.16,189851.07
2021-06-01 13:00:00,346.18,355.0,341.61,353.65,321926.66
2021-06-01 14:00:00,353.65,357.6,350.06,351.53,270691.94
2021-06-01 15:00:00,351.52,351.52,347.01,348.46,166617.32
2021-06-01 16:00:00,348.5,352.18,346.6,348.44,194468.11
2021-06-01 17:00:00,348.45,351.35,345.36,350.86,131989.91
2021-06-01 18:00:00,350.86,355.0,350.42,352.95,133168.05
2021-06-01 19:00:00,352.9,352.96,347.68,349.39,116337.89
2021-06-01 20:00:00,349.36,354.89,348.56,354.83,114391.6
2021-06-01 21:00:00,354.87,357.44,352.2,356.69,120354.39
2021-06-01 22:00:00,356.68,357.98,352.45,354.32,124213.37
2021-06-01 23:00:00,354.31,364.15,354.27,362.13,217389.07
2021-06-02 00:00:00,362.1,366.42,353.2,354.45,242718.42
2021-06-02 01:00:00,354.44,356.66,350.38,355.74,123419.21
2021-06-02 02:00:00,355.77,359.97,354.23,356.09,114984.18
2021-06-02 03:00:00,356.14,361.47,356.14,358.76,108237.75
2021-06-02 04:00:00,358.81,363.06,358.52,361.06,129342.72
2021-06-02 05:00:00,361.0,362.91,358.3,362.41,122284.93
2021-06-02 06:00:00,362.47,365.4,361.58,363.52,136728.39
2021-06-02 07:00:00,363.53,376.36,363.53,374.62,331798.63
2021-06-02 08:00:00,374.65,385.15,373.5,384.22,357484.51
2021-06-02 09:00:00,384.22,386.82,378.53,382.37,321445.93
2021-06-02 10:00:00,382.34,384.25,379.0,381.99,219837.45
2021-06-02 11:00:00,381.99,390.32,379.2,387.76,381720.39
2021-06-02 12:00:00,387.8,398.66,387.78,397.13,470365.01
2021-06-02 13:00:00,397.13,414.92,393.0,406.1,850583.12
2021-06-02 14:00:00,406.1,414.22,400.5,409.31,617747.58
2021-06-02 15:00:00,409.27,418.45,409.23,413.54,538867.39
2021-06-02 16:00:00,413.54,415.44,403.5,408.0,467326.39
2021-06-02 17:00:00,408.0,413.5,405.37,412.96,250439.61
2021-06-02 18:00:00,412.96,414.4,409.1,413.1,180373.0
2021-06-02 19:00:00,413.11,413.55,407.9,411.1,163227.67
2021-06-02 20:00:00,411.03,411.04,402.0,405.09,245290.95
2021-06-02 21:00:00,405.06,408.48,404.68,406.83,116594.72
2021-06-02 22:00:00,406.83,408.37,396.73,402.03,256880.06
2021-06-02 23:00:00,402.03,406.51,400.17,401.34,140974.88
2021-06-03 00:00:00,401.33,405.5,397.12,399.9,227089.13
2021-06-03 01:00:00,399.86,404.0,397.64,398.5,143326.26
2021-06-03 02:00:00,398.5,399.65,391.14,394.02,220764.93
2021-06-03 03:00:00,394.03,407.48,391.61,407.48,223941.09
2021-06-03 04:00:00,407.48,411.51,403.76,411.47,297655.59
2021-06-03 05:00:00,411.48,421.0,411.34,419.15,443641.12
2021-06-03 06:00:00,419.16,420.87,414.0,417.58,236694.07
2021-06-03 07:00:00,417.55,418.0,409.18,411.7,272513.21
2021-06-03 08:00:00,411.69,417.67,409.77,416.33,208603.49
2021-06-03 09:00:00,416.29,424.72,414.01,423.64,310427.44
2021-06-03 10:00:00,423.65,432.18,422.0,425.0,479642.07
2021-06-03 11:00:00,424.96,428.4,417.38,422.17,521733.36
2021-06-03 12:00:00,422.18,426.77,418.37,424.68,267131.83
2021-06-03 13:00:00,424.69,427.0,409.32,413.39,494183.55
2021-06-03 14:00:00,413.36,417.98,411.0,416.37,268753.18
2021-06-03 15:00:00,416.36,418.7,413.0,414.04,169449.67
2021-06-03 16:00:00,414.03,417.89,410.23,416.61,232772.3
2021-06-03 17:00:00,416.61,420.69,415.45,419.12,171682.3
2021-06-03 18:00:00,419.17,421.74,414.27,415.5,164088.8
2021-06-03 19:00:00,415.51,416.72,413.31,414.41,99859.68
2021-06-03 20:00:00,414.41,420.31,413.8,419.76,103421.05
2021-06-03 21:00:00,419.74,422.47,418.54,419.42,119987.01
2021-06-03 22:00:00,419.42,424.97,418.0,423.99,117858.63
2021-06-03 23:00:00,423.96,430.54,421.5,428.42,186412.28
2021-06-04 00:00:00,428.52,429.71,416.45,419.56,206041.06
2021-06-04 01:00:00,419.62,419.63,395.88,407.15,623043.21
2021-06-04 02:00:00,407.14,407.15,393.31,406.49,356243.16
2021-06-04 03:00:00,406.49,413.61,403.16,408.09,226996.55
2021-06-04 04:00:00,408.13,409.39,401.5,401.71,215917.57
2021-06-04 05:00:00,401.68,405.45,377.89,380.68,780063.72
2021-06-04 06:00:00,380.6,387.3,370.0,373.95,530208.1
2021-06-04 07:00:00,373.99,381.13,365.33,375.95,594961.8
2021-06-04 08:00:00,375.96,382.98,369.52,377.45,393742.36
2021-06-04 09:00:00,377.45,387.05,372.66,387.05,345032.91
2021-06-04 10:00:00,387.04,390.99,381.3,382.14,411143.51
2021-06-04 11:00:00,382.15,385.94,372.02,378.92,342040.37
2021-06-04 12:00:00,378.9,389.86,367.08,386.16,659121.99
2021-06-04 13:00:00,386.19,390.94,383.07,386.36,322211.29
2021-06-04 14:00:00,386.45,390.33,377.15,386.82,444507.5
2021-06-04 15:00:00,386.82,390.0,385.64,388.55,216583.61
2021-06-04 16:00:00,388.46,393.7,385.0,388.07,289003.37
2021-06-04 17:00:00,388.06,397.61,386.4,394.27,287748.08
2021-06-04 18:00:00,394.24,396.79,392.05,394.75,137764.81
2021-06-04 19:00:00,394.82,397.44,388.78,391.1,188757.2
2021-06-04 20:00:00,391.12,396.25,391.08,394.68,117153.56
2021-06-04 21:00:00,394.69,398.73,394.69,398.18,119064.81
2021-06-04 22:00:00,398.19,398.73,393.87,395.57,106210.44
2021-06-04 23:00:00,395.57,397.83,385.3,390.83,241554.34
2021-06-05 00:00:00,390.86,409.04,387.74,408.1,315866.67
2021-06-05 01:00:00,408.11,414.95,404.83,411.58,212103.69
2021-06-05 02:00:00,411.61,414.0,408.1,412.15,179975.89
2021-06-05 03:00:00,412.13,416.0,409.09,410.38,204284.22
2021-06-05 04:00:00,410.38,416.4,410.32,416.04,166126.31
2021-06-05 05:00:00,416.03,417.6,412.9,415.37,134759.89
2021-06-05 06:00:00,415.37,423.53,415.19,422.0,276799.27
2021-06-05 07:00:00,422.02,426.55,418.0,418.73,360717.52
2021-06-05 08:00:00,418.73,424.0,415.8,422.11,265411.3
2021-06-05 09:00:00,422.06,423.05,398.0,403.01,571121.09
2021-06-05 10:00:00,403.01,411.0,399.49,402.4,556202.46
2021-06-05 11:00:00,402.36,405.62,386.15,391.17,689202.27
2021-06-05 12:00:00,391.16,398.4,383.91,396.31,567088.08
2021-06-05 13:00:00,396.27,397.5,391.01,391.51,252657.47
2021-06-05 14:00:00,391.46,397.41,388.86,391.77,293962.99
2021-06-05 15:00:00,391.78,402.85,390.0,401.91,329929.12
2021-06-05 16:00:00,401.91,402.0,395.2,396.71,231020.07
2021-06-05 17:00:00,396.7,398.35,391.81,392.2,181619.48
2021-06-05 18:00:00,392.2,395.22,391.06,393.31,109923.12
2021-06-05 19:00:00,393.32,395.11,386.25,387.55,181381.09
2021-06-05 20:00:00,387.57,393.23,386.48,389.85,218799.7
2021-06-05 21:00:00,389.85,389.86,373.48,377.15,358264.76
2021-06-05 22:00:00,377.15,385.5,376.18,382.58,186870.8
2021-06-05 23:00:00,382.5,391.05,382.5,389.7,172240.08
2021-06-06 00:00:00,389.68,391.32,387.0,389.19,159584.09
2021-06-06 01:00:00,389.21,399.0,389.21,398.56,195874.27
2021-06-06 02:00:00,398.52,400.22,395.47,397.7,157157.45
2021-06-06 03:00:00,397.69,398.96,391.08,392.87,208184.69
2021-06-06 04:00:00,392.88,396.84,392.88,394.96,115631.87
2021-06-06 05:00:00,394.98,398.07,393.66,397.63,106721.94
2021-06-06 06:00:00,397.63,400.0,387.38,390.43,293162.22
2021-06-06 07:00:00,390.4,395.75,390.34,394.25,129499.98
2021-06-06 08:00:00,394.25,396.77,390.5,394.05,167363.63
2021-06-06 09:00:00,394.05,395.9,391.64,392.87,123403.85
2021-06-06 10:00:00,392.87,393.75,386.33,390.1,172191.99
2021-06-06 11:00:00,390.09,391.97,387.7,388.95,123440.27
2021-06-06 12:00:00,389.01,392.0,387.6,388.16,135311.65
2021-06-06 13:00:00,388.18,390.8,381.61,382.93,251391.81
2021-06-06 14:00:00,382.92,393.0,381.39,391.57,300887.16
2021-06-06 15:00:00,391.57,395.47,390.35,392.06,198566.28
2021-06-06 16:00:00,392.07,394.32,391.5,392.78,130525.99
2021-06-06 17:00:00,392.78,393.03,388.54,390.0,120618.4
2021-06-06 18:00:00,389.99,389.99,386.03,386.98,138333.91
2021-06-06 19:00:00,386.99,388.36,385.1,386.26,92906.11
2021-06-06 20:00:00,386.27,392.17,385.1,391.85,129879.64
2021-06-06 21:00:00,391.86,393.43,390.3,392.6,85152.82
2021-06-06 22:00:00,392.6,392.85,385.43,389.42,157563.66
2021-06-06 23:00:00,389.42,394.32,388.33,393.52,126217.63
2021-06-07 00:00:00,393.55,399.3,389.61,398.18,284698.43
2021-06-07 01:00:00,398.11,407.23,395.86,404.94,240080.87
2021-06-07 02:00:00,404.96,407.0,403.49,404.28,136085.7
2021-06-07 03:00:00,404.28,405.73,398.1,399.0,239211.22
2021-06-07 04:00:00,398.99,402.21,398.04,399.07,143067.26
2021-06-07 05:00:00,399.06,400.89,396.76,399.02,117607.07
2021-06-07 06:00:00,399.06,399.8,393.4,395.01,174254.69
2021-06-07 07:00:00,395.04,397.5,391.26,395.52,158046.19
2021-06-07 08:00:00,395.51,397.32,392.54,394.75,142548.74
2021-06-07 09:00:00,394.74,399.35,393.0,398.79,159398.53
2021-06-07 10:00:00,398.8,404.71,398.65,402.45,262362.29
2021-06-07 11:00:00,402.46,403.59,398.0,398.94,155623.23
2021-06-07 12:00:00,398.92,404.28,397.41,403.9,204868.07
2021-06-07 13:00:00,403.92,405.59,398.0,398.73,218123.65
2021-06-07 14:00:00,398.73,398.78,394.0,396.01,279412.14
2021-06-07 15:00:00,396.01,397.0,393.66,394.96,155654.84
2021-06-07 16:00:00,394.95,395.29,390.35,391.56,206447.86
2021-06-07 17:00:00,391.57,391.6,385.5,387.01,286806.68
2021-06-07 18:00:00,387.01,388.41,381.89,383.62,249274.86
2021-06-07 19:00:00,383.61,389.63,382.08,388.89,206703.65
2021-06-07 20:00:00,388.89,390.17,365.0,372.4,466186.85
2021-06-07 21:00:00,372.44,375.98,352.09,364.84,679872.86
2021-06-07 22:00:00,364.83,370.97,361.43,366.14,355262.99
2021-06-07 23:00:00,366.18,366.58,354.28,358.0,366883.63
2021-06-08 00:00:00,358.03,366.16,355.74,361.94,370635.98
2021-06-08 01:00:00,361.9,366.44,359.08,362.27,267014.27
2021-06-08 02:00:00,362.27,362.85,340.55,342.92,544677.93
2021-06-08 03:00:00,342.89,346.94,330.63,345.91,810079.66
2021-06-08 04:00:00,345.85,351.42,343.94,348.96,432750.55
2021-06-08 05:00:00,348.97,350.82,339.14,347.72,375816.75
2021-06-08 06:00:00,347.79,349.52,342.02,342.61,304304.57
2021-06-08 07:00:00,342.62,353.73,336.25,349.53,577655.25
2021-06-08 08:00:00,349.56,359.5,349.47,353.01,410521.44
2021-06-08 09:00:00,353.06,353.51,346.61,348.02,373446.42
2021-06-08 10:00:00,348.02,355.79,345.37,348.2,386898.1
2021-06-08 11:00:00,348.19,356.57,346.5,354.34,288783.62
2021-06-08 12:00:00,354.37,356.15,347.27,348.22,281728.39
2021-06-08 13:00:00,348.22,349.9,340.01,340.43,339796.61
2021-06-08 14:00:00,340.31,343.62,326.84,331.77,830285.77
2021-06-08 15:00:00,331.76,332.84,319.13,330.81,951155.22
2021-06-08 16:00:00,330.81,341.38,328.41,338.93,643973.04
2021-06-08 17:00:00,338.93,341.0,334.16,340.1,253396.76
2021-06-08 18:00:00,340.1,349.24,338.27,347.33,323347.95
2021-06-08 19:00:00,347.34,349.24,344.08,347.77,232745.31
2021-06-08 20:00:00,347.77,355.96,345.13,353.08,316594.88
2021-06-08 21:00:00,353.02,355.4,349.44,351.85,221980.51
2021-06-08 22:00:00,351.85,355.29,349.25,351.22,142849.94
2021-06-08 23:00:00,351.21,355.25,350.5,352.34,170886.5
2021-06-09 00:00:00,352.32,354.26,341.24,342.06,298953.14
2021-06-09 01:00:00,342.06,343.64,335.22,335.99,254925.78
2021-06-09 02:00:00,336.02,345.0,333.34,342.04,273682.79
2021-06-09 03:00:00,342.01,345.85,338.0,341.06,234000.29
2021-06-09 04:00:00,341.09,344.0,335.98,342.52,216222.75
2021-06-09 05:00:00,342.53,349.43,341.57,347.6,250093.17
2021-06-09 06:00:00,347.63,358.8,345.66,357.79,350656.64
2021-06-09 07:00:00,357.77,361.43,352.56,352.98,378166.92
2021-06-09 08:00:00,353.01,354.39,347.6,350.48,383148.68
2021-06-09 09:00:00,350.44,355.36,348.16,348.58,278996.32
2021-06-09 10:00:00,348.57,355.5,347.28,353.2,242266.16
2021-06-09 11:00:00,353.21,360.13,351.0,358.44,300146.48
2021-06-09 12:00:00,358.5,363.59,354.69,355.92,419092.99
2021-06-09 13:00:00,355.95,358.0,352.62,356.14,234097.69
2021-06-09 14:00:00,356.11,360.87,350.52,351.29,335316.65
2021-06-09 15:00:00,351.33,370.17,350.2,368.11,740449.79
2021-06-09 16:00:00,368.12,374.32,362.13,372.05,434278.77
2021-06-09 17:00:00,372.06,378.0,370.57,372.87,317029.74
2021-06-09 18:00:00,372.89,376.59,365.0,366.69,302678.27
2021-06-09 19:00:00,366.7,369.11,363.03,366.54,229395.41
2021-06-09 20:00:00,366.55,368.05,364.35,365.5,114973.18
2021-06-09 21:00:00,365.51,371.69,365.32,369.53,130946.3
2021-06-09 22:00:00,369.52,378.18,368.8,374.53,186982.38
2021-06-09 23:00:00,374.51,376.0,372.27,375.39,122624.43
2021-06-10 00:00:00,375.42,377.47,367.36,368.09,217234.42
2021-06-10 01:00:00,368.11,373.71,368.0,368.17,131924.58
2021-06-10 02:00:00,368.19,371.13,366.73,370.48,117035.8
2021-06-10 03:00:00,370.45,375.46,369.25,369.63,154079.86
2021-06-10 04:00:00,369.63,372.4,363.45,365.69,209783.99
2021-06-10 05:00:00,365.68,367.49,360.4,364.14,193144.49
2021-06-10 06:00:00,364.16,366.02,360.0,363.3,182236.79
2021-06-10 07:00:00,363.28,365.88,361.4,365.19,131863.85
2021-06-10 08:00:00,365.2,365.2,354.27,356.4,300581.94
2021-06-10 09:00:00,356.39,365.28,353.33,364.28,337123.68
2021-06-10 10:00:00,364.29,372.33,363.24,366.83,385990.56
2021-06-10 11:00:00,366.84,369.72,365.1,366.3,166910.39
2021-06-10 12:00:00,366.3,366.6,360.17,362.05,281748.48
2021-06-10 13:00:00,362.02,365.0,358.75,363.92,200957.97
2021-06-10 14:00:00,363.91,366.3,355.04,357.78,327075.09
2021-06-10 15:00:00,357.75,361.87,353.49,356.75,303175.95
2021-06-10 16:00:00,356.76,358.87,352.32,353.64,194958.55
2021-06-10 17:00:00,353.64,355.92,348.32,351.31,283683.49
2021-06-10 18:00:00,351.3,355.47,350.61,353.36,137983.13
2021-06-10 19:00:00,353.35,354.45,349.12,350.38,140968.71
2021-06-10 20:00:00,350.36,352.53,344.0,352.53,254571.66
2021-06-10 21:00:00,352.53,354.0,349.27,353.39,114416.96
2021-06-10 22:00:00,353.35,356.53,352.99,354.89,95345.98
2021-06-10 23:00:00,354.88,356.29,350.76,351.88,88103.31
2021-06-11 00:00:00,351.87,355.76,345.2,345.77,216575.35
2021-06-11 01:00:00,345.84,348.24,341.1,346.1,200242.43
2021-06-11 02:00:00,346.11,350.0,343.31,350.0,122243.31
2021-06-11 03:00:00,350.0,355.82,349.69,355.15,223174.75
2021-06-11 04:00:00,355.17,359.26,353.74,358.49,174773.25
2021-06-11 05:00:00,358.49,362.51,357.04,357.15,211389.54
2021-06-11 06:00:00,357.16,357.87,351.0,351.71,194591.34
2021-06-11 07:00:00,351.71,356.05,350.32,354.31,202085.51
2021-06-11 08:00:00,354.41,357.2,353.57,354.8,145898.74
2021-06-11 09:00:00,354.78,366.5,353.2,360.05,377689.16
2021-06-11 10:00:00,360.05,365.0,360.05,361.95,183105.7
2021-06-11 11:00:00,362.0,363.0,358.65,360.26,119942.96
2021-06-11 12:00:00,360.27,361.4,357.23,360.0,154975.02
2021-06-11 13:00:00,360.01,365.06,360.01,363.08,195416.73
2021-06-11 14:00:00,363.08,364.18,359.18,360.05,158518.7
2021-06-11 15:00:00,360.05,360.3,354.0,355.17,243477.68
2021-06-11 16:00:00,355.17,357.81,351.34,353.12,180173.25
2021-06-11 17:00:00,353.13,357.14,352.11,356.66,134985.6
2021-06-11 18:00:00,356.66,357.43,352.64,356.89,134233.1
2021-06-11 19:00:00,356.93,357.39,354.41,354.82,95145.97
2021-06-11 20:00:00,354.81,356.7,351.59,351.75,107417.55
2021-06-11 21:00:00,351.73,352.49,343.6,343.7,195126.43
2021-06-11 22:00:00,343.7,349.23,342.2,346.82,162341.09
2021-06-11 23:00:00,346.82,347.66,340.51,345.49,189866.78
2021-06-12 00:00:00,345.49,346.29,339.48,341.99,185362.48
2021-06-12 01:00:00,342.03,344.04,332.52,333.49,255811.13
2021-06-12 02:00:00,333.49,336.27,326.22,328.48,366342.09
2021-06-12 03:00:00,328.44,334.7,327.59,332.05,247558.03
2021-06-12 04:00:00,332.05,335.0,325.18,325.69,269656.72
2021-06-12 05:00:00,325.72,332.46,325.37,329.39,209102.93
2021-06-12 06:00:00,329.39,333.33,328.33,333.23,172884.01
2021-06-12 07:00:00,333.24,336.85,333.2,334.26,194445.85
2021-06-12 08:00:00,334.18,335.72,330.42,331.49,166663.75
2021-06-12 09:00:00,331.49,335.0,330.51,333.15,142904.95
2021-06-12 10:00:00,333.14,339.76,327.56,338.02,378483.79
2021-06-12 11:00:00,338.02,338.45,334.93,337.72,157444.69
2021-06-12 12:00:00,337.72,347.19,336.46,343.99,271751.56
2021-06-12 13:00:00,343.99,345.82,341.55,344.33,181523.74
2021-06-12 14:00:00,344.34,344.99,339.32,341.26,196364.19
2021-06-12 15:00:00,341.28,343.5,338.0,340.94,182263.25
2021-06-12 16:00:00,340.92,343.5,339.5,342.1,124771.42
2021-06-12 17:00:00,342.1,346.95,341.44,345.06,146639.42
2021-06-12 18:00:00,345.04,348.48,344.81,346.67,115948.46
2021-06-12 19:00:00,346.65,348.76,344.83,345.7,101794.67
2021-06-12 20:00:00,345.7,348.2,345.26,345.45,91433.34
2021-06-12 21:00:00,345.44,347.95,343.02,345.66,83991.01
2021-06-12 22:00:00,345.68,347.61,342.55,344.79,88392.35
2021-06-12 23:00:00,344.74,347.17,342.41,343.6,78762.45
2021-06-13 00:00:00,343.6,345.84,340.55,345.08,109171.71
2021-06-13 01:00:00,345.06,347.99,345.0,347.34,93534.97
2021-06-13 02:00:00,347.35,348.39,343.22,343.79,92324.47
2021-06-13 03:00:00,343.78,343.84,337.51,338.43,195605.16
2021-06-13 04:00:00,338.43,340.76,336.91,339.9,110365.83
2021-06-13 05:00:00,339.9,339.92,337.27,337.9,87058.94
2021-06-13 06:00:00,337.9,339.14,335.32,338.87,137062.91
2021-06-13 07:00:00,338.84,338.89,335.59,335.6,107794.94
2021-06-13 08:00:00,335.63,339.97,334.46,337.89,157845.1
2021-06-13 09:00:00,337.92,338.0,335.6,337.4,100674.81
2021-06-13 10:00:00,337.44,339.64,336.28,339.19,113344.71
2021-06-13 11:00:00,339.19,339.5,335.62,336.71,129594.48
2021-06-13 12:00:00,336.7,338.71,335.17,335.39,112527.42
2021-06-13 13:00:00,335.38,335.38,332.07,333.6,163794.34
2021-06-13 14:00:00,333.6,334.26,330.2,330.6,146497.23
2021-06-13 15:00:00,330.6,334.8,330.37,334.29,155669.21
2021-06-13 16:00:00,334.29,341.3,333.08,340.93,293366.79
2021-06-13 17:00:00,340.93,346.9,339.52,346.5,235794.75
2021-06-13 18:00:00,346.5,352.83,346.42,352.0,329712.15
2021-06-13 19:00:00,352.0,354.66,350.08,353.55,192098.21
2021-06-13 20:00:00,353.49,368.12,353.49,366.72,512553.71
2021-06-13 21:00:00,366.65,369.24,362.2,365.82,257057.35
2021-06-13 22:00:00,365.87,367.44,363.02,365.17,141198.91
2021-06-13 23:00:00,365.16,367.76,362.37,365.83,114646.04
2021-06-14 00:00:00,365.86,368.79,362.0,364.01,179043.86
2021-06-14 01:00:00,364.02,368.43,360.31,365.39,186107.42
2021-06-14 02:00:00,365.39,366.29,363.05,363.87,80220.44
2021-06-14 03:00:00,363.86,364.36,356.76,359.33,164086.7
2021-06-14 04:00:00,359.32,361.97,357.59,361.85,107730.04
2021-06-14 05:00:00,361.81,365.07,359.38,363.0,114851.84
2021-06-14 06:00:00,363.0,364.47,360.86,363.29,92146.79
2021-06-14 07:00:00,363.3,363.47,360.01,360.98,83244.36
2021-06-14 08:00:00,360.96,361.45,356.24,357.67,157087.11
2021-06-14 09:00:00,357.67,360.9,356.84,357.11,105101.53
2021-06-14 10:00:00,357.11,359.84,356.02,358.85,82475.27
2021-06-14 11:00:00,358.84,359.95,357.0,357.35,74248.88
2021-06-14 12:00:00,357.35,359.59,355.0,358.39,156533.11
2021-06-14 13:00:00,358.39,373.0,357.48,370.41,550788.38
2021-06-14 14:00:00,370.37,377.36,368.0,372.57,333242.33
2021-06-14 15:00:00,372.51,375.0,370.12,374.98,175651.29
2021-06-14 16:00:00,374.98,376.0,366.25,369.98,341261.99
2021-06-14 17:00:00,369.98,370.99,367.81,369.82,114233.01
2021-06-14 18:00:00,369.82,370.25,363.0,364.39,161282.23
2021-06-14 19:00:00,364.36,366.59,362.5,365.47,144141.13
2021-06-14 20:00:00,365.53,367.09,363.5,365.59,89986.04
2021-06-14 21:00:00,365.59,368.94,365.56,368.1,92306.99
2021-06-14 22:00:00,368.13,368.4,366.21,367.06,64930.94
2021-06-14 23:00:00,367.06,370.7,366.66,369.9,73620.31
2021-06-15 00:00:00,369.9,374.39,368.53,371.34,168405.78
2021-06-15 01:00:00,371.34,373.54,366.6,367.18,126540.04
2021-06-15 02:00:00,367.17,370.77,366.87,370.04,84055.54
2021-06-15 03:00:00,370.06,374.05,370.06,372.49,117835.86
2021-06-15 04:00:00,372.49,378.7,372.49,378.06,196625.47
2021-06-15 05:00:00,378.07,378.43,373.19,375.91,144756.71
2021-06-15 06:00:00,375.91,379.72,374.58,375.4,167087.98
2021-06-15 07:00:00,375.41,376.54,373.2,376.0,118281.65
2021-06-15 08:00:00,375.99,379.16,370.61,371.93,253416.86
2021-06-15 09:00:00,371.92,374.03,368.55,372.24,227243.85
2021-06-15 10:00:00,372.24,373.23,369.3,369.75,139925.75
2021-06-15 11:00:00,369.75,371.5,366.74,369.39,159358.22
2021-06-15 12:00:00,369.39,371.76,367.73,371.44,191394.57
2021-06-15 13:00:00,371.44,371.5,368.61,369.85,92454.05
2021-06-15 14:00:00,369.84,370.71,364.14,366.8,195359.12
2021-06-15 15:00:00,366.79,367.5,364.02,366.39,116710.37
2021-06-15 16:00:00,366.42,369.63,365.64,369.13,105663.0
2021-06-15 17:00:00,369.11,372.08,367.69,371.55,123540.59
2021-06-15 18:00:00,371.57,374.5,368.6,369.9,205774.21
2021-06-15 19:00:00,369.91,370.57,365.0,365.69,134369.31
2021-06-15 20:00:00,365.69,366.72,363.0,364.89,122182.61
2021-06-15 21:00:00,364.85,367.2,364.05,366.27,58237.96
2021-06-15 22:00:00,366.25,368.68,366.22,367.8,60459.0
2021-06-15 23:00:00,367.8,368.84,366.3,366.3,63804.89
2021-06-16 00:00:00,366.36,366.4,360.0,360.68,139244.75
2021-06-16 01:00:00,360.7,361.02,357.0,360.35,149783.86
2021-06-16 02:00:00,360.3,362.56,359.89,361.69,79849.05
2021-06-16 03:00:00,361.68,362.28,359.37,360.99,70561.83
2021-06-16 04:00:00,360.98,364.88,360.51,363.85,111851.36
2021-06-16 05:00:00,363.86,365.36,362.52,363.6,118959.96
2021-06-16 06:00:00,363.6,366.64,362.69,364.84,110537.74
2021-06-16 07:00:00,364.84,366.73,363.59,364.28,95009.85
2021-06-16 08:00:00,364.27,366.0,363.15,363.65,105763.09
2021-06-16 09:00:00,363.67,364.02,361.23,361.9,82413.48
2021-06-16 10:00:00,361.9,362.8,358.33,359.28,114462.84
2021-06-16 11:00:00,359.28,359.75,351.15,352.94,300527.21
2021-06-16 12:00:00,352.94,354.38,350.17,352.21,198438.74
2021-06-16 13:00:00,352.2,356.7,351.38,354.81,163713.35
2021-06-16 14:00:00,354.85,355.24,345.83,348.05,194607.93
2021-06-16 15:00:00,348.04,350.09,346.2,349.62,171410.17
2021-06-16 16:00:00,349.6,353.31,343.62,346.21,227498.62
2021-06-16 17:00:00,346.19,350.8,343.0,350.12,181870.14
2021-06-16 18:00:00,350.11,354.49,345.91,351.41,302565.69
2021-06-16 19:00:00,351.45,353.52,351.0,351.47,97576.81
2021-06-16 20:00:00,351.47,351.86,348.76,349.84,90238.72
2021-06-16 21:00:00,349.84,353.0,349.07,352.26,50864.93
2021-06-16 22:00:00,352.22,353.1,348.37,349.06,70841.7
2021-06-16 23:00:00,349.03,349.12,345.06,347.24,124871.61
2021-06-17 00:00:00,347.24,352.16,345.76,351.6,92055.5
2021-06-17 01:00:00,351.6,353.57,350.54,353.57,77233.43
2021-06-17 02:00:00,353.55,355.93,352.59,353.95,100320.56
2021-06-17 03:00:00,353.96,357.06,353.95,356.7,80892.07
2021-06-17 04:00:00,356.7,360.59,356.17,356.55,135844.84
2021-06-17 05:00:00,356.55,357.55,355.2,356.36,75009.75
2021-06-17 06:00:00,356.36,361.5,356.36,361.05,115422.28
2021-06-17 07:00:00,361.04,362.34,359.56,360.03,113120.25
2021-06-17 08:00:00,360.02,361.73,358.01,359.43,113783.18
2021-06-17 09:00:00,359.46,361.0,357.68,360.41,111616.35
2021-06-17 10:00:00,360.42,360.88,358.91,359.1,53968.97
2021-06-17 11:00:00,359.08,360.65,357.74,358.4,76885.63
2021-06-17 12:00:00,358.39,358.64,353.5,355.33,171415.17
2021-06-17 13:00:00,355.32,356.0,352.61,353.94,95875.62
2021-06-17 14:00:00,353.92,356.95,351.92,355.39,137797.06
2021-06-17 15:00:00,355.38,357.73,354.32,356.83,89941.96
2021-06-17 16:00:00,356.81,357.78,352.0,353.35,131058.44
2021-06-17 17:00:00,353.39,353.6,347.09,348.09,302541.52
2021-06-17 18:00:00,348.09,350.12,346.32,348.71,149804.77
2021-06-17 19:00:00,348.7,349.68,347.43,348.58,78362.88
2021-06-17 20:00:00,348.58,349.98,346.22,348.78,97820.3
2021-06-17 21:00:00,348.78,349.67,347.31,349.12,49009.56
2021-06-17 22:00:00,349.13,350.76,348.0,350.57,65528.07
2021-06-17 23:00:00,350.56,352.72,349.59,352.45,89618.61
2021-06-18 00:00:00,352.45,353.77,349.69,350.76,85742.31
2021-06-18 01:00:00,350.76,352.15,348.0,349.23,81599.55
2021-06-18 02:00:00,349.23,350.86,346.15,350.27,100702.28
2021-06-18 03:00:00,350.34,354.66,349.85,353.2,101052.15
2021-06-18 04:00:00,353.21,355.77,352.7,353.87,120636.53
2021-06-18 05:00:00,353.9,356.85,352.69,353.71,111305.36
2021-06-18 06:00:00,353.66,354.21,350.68,350.9,109224.46
2021-06-18 07:00:00,350.9,354.0,350.9,353.43,99671.17
2021-06-18 08:00:00,353.43,356.35,353.07,354.79,118854.56
2021-06-18 09:00:00,354.8,355.5,350.25,350.67,127142.37
2021-06-18 10:00:00,350.64,353.31,347.5,353.13,223360.72
2021-06-18 11:00:00,353.12,354.54,350.53,352.5,130089.85
2021-06-18 12:00:00,352.5,353.6,347.81,349.09,170662.03
2021-06-18 13:00:00,349.1,349.89,344.91,346.22,200694.22
2021-06-18 14:00:00,346.24,347.66,337.17,339.36,328277.76
2021-06-18 15:00:00,339.37,341.93,333.0,334.2,277416.5
2021-06-18 16:00:00,334.2,338.69,333.2,337.82,198186.16
2021-06-18 17:00:00,337.79,337.96,333.95,333.95,133794.41
2021-06-18 18:00:00,333.94,336.35,327.0,329.46,330631.52
2021-06-18 19:00:00,329.49,331.28,327.65,328.86,167897.71
2021-06-18 20:00:00,328.89,334.05,328.38,332.4,148987.49
2021-06-18 21:00:00,332.41,335.0,331.35,334.8,91729.04
2021-06-18 22:00:00,334.81,336.19,332.33,336.0,74459.48
2021-06-18 23:00:00,335.99,338.0,334.06,336.79,100977.98
2021-06-19 00:00:00,336.79,339.18,334.8,337.41,89534.6
2021-06-19 01:00:00,337.41,340.74,337.26,340.09,98693.72
2021-06-19 02:00:00,340.04,340.8,334.31,335.45,119214.14
2021-06-19 03:00:00,335.45,336.89,331.02,333.29,150013.74
2021-06-19 04:00:00,333.29,336.2,331.72,333.36,122402.21
2021-06-19 05:00:00,333.36,338.7,333.36,338.45,115839.92
2021-06-19 06:00:00,338.44,339.97,337.35,338.62,86039.07
2021-06-19 07:00:00,338.62,340.3,336.66,340.3,103768.16
2021-06-19 08:00:00,340.28,342.15,338.62,341.35,97103.11
2021-06-19 09:00:00,341.29,342.29,338.2,339.02,106065.42
2021-06-19 10:00:00,339.03,340.13,337.2,337.6,95643.1
2021-06-19 11:00:00,337.56,341.09,337.53,340.6,77015.85
2021-06-19 12:00:00,340.6,345.12,338.19,339.25,185896.62
2021-06-19 13:00:00,339.25,340.11,337.5,338.35,104052.45
2021-06-19 14:00:00,338.35,342.95,338.28,342.74,125230.82
2021-06-19 15:00:00,342.78,343.76,338.66,340.58,123471.5
2021-06-19 16:00:00,340.58,341.38,337.81,339.79,93548.18
2021-06-19 17:00:00,339.79,340.36,338.07,338.3,59221.01
2021-06-19 18:00:00,338.3,338.32,334.57,337.03,131272.74
2021-06-19 19:00:00,337.06,340.15,336.59,339.87,84860.74
2021-06-19 20:00:00,339.96,340.98,338.07,340.42,72909.84
2021-06-19 21:00:00,340.44,340.54,337.5,337.85,48966.04
2021-06-19 22:00:00,337.84,337.96,334.63,335.46,72479.7
2021-06-19 23:00:00,335.45,337.51,333.21,333.77,90854.27
2021-06-20 00:00:00,333.77,335.19,330.55,333.39,118697.84
2021-06-20 01:00:00,333.39,335.8,332.28,334.74,76591.86
2021-06-20 02:00:00,334.74,334.76,331.1,334.29,84432.69
2021-06-20 03:00:00,334.3,335.68,332.63,333.89,79234.93
2021-06-20 04:00:00,333.89,337.3,332.6,336.82,87469.77
2021-06-20 05:00:00,336.82,337.42,336.06,337.15,48462.66
2021-06-20 06:00:00,337.15,337.44,335.01,335.31,64333.76
2021-06-20 07:00:00,335.28,336.59,333.76,336.36,81023.49
2021-06-20 08:00:00,336.38,336.98,333.0,333.53,84309.29
2021-06-20 09:00:00,333.52,334.45,331.0,331.64,114285.84
2021-06-20 10:00:00,331.65,332.0,320.8,322.53,438122.31
2021-06-20 11:00:00,322.54,322.91,316.15,317.14,311873.99
2021-06-20 12:00:00,317.09,319.0,310.0,316.49,444017.19
2021-06-20 13:00:00,316.52,319.2,314.85,315.82,286606.2
2021-06-20 14:00:00,315.81,321.47,313.16,321.47,212100.38
2021-06-20 15:00:00,321.47,325.98,321.36,323.68,259539.22
2021-06-20 16:00:00,323.61,327.73,322.59,326.47,192799.58
2021-06-20 17:00:00,326.47,329.77,325.36,327.15,180198.94
2021-06-20 18:00:00,327.15,331.88,327.06,331.17,136023.91
2021-06-20 19:00:00,331.17,335.91,329.83,335.2,193988.16
2021-06-20 20:00:00,335.21,340.2,334.5,338.74,211754.79
2021-06-20 21:00:00,338.72,340.46,336.04,338.02,152621.85
2021-06-20 22:00:00,337.98,340.34,337.63,338.55,105871.94
2021-06-20 23:00:00,338.56,340.41,337.58,338.98,105822.49
2021-06-21 00:00:00,338.98,342.36,336.5,339.93,162247.33
2021-06-21 01:00:00,339.95,340.0,334.13,334.61,114918.8
2021-06-21 02:00:00,334.67,336.23,331.1,333.31,129501.38
2021-06-21 03:00:00,333.31,333.5,328.21,328.28,130134.54
2021-06-21 04:00:00,328.28,329.22,318.05,325.16,378922.01
2021-06-21 05:00:00,325.15,329.21,322.0,328.67,260826.59
2021-06-21 06:00:00,328.67,330.28,310.0,315.1,659892.34
2021-06-21 07:00:00,315.09,320.18,313.68,317.66,354589.62
2021-06-21 08:00:00,317.62,321.93,315.63,317.38,215433.53
2021-06-21 09:00:00,317.38,321.38,310.04,316.77,538343.07
2021-06-21 10:00:00,316.77,317.51,300.2,301.68,556417.23
2021-06-21 11:00:00,301.65,305.21,290.32,303.54,799252.28
2021-06-21 12:00:00,303.53,305.44,297.0,298.14,356285.44
2021-06-21 13:00:00,298.15,310.9,294.02,310.79,402957.85
2021-06-21 14:00:00,310.79,311.61,301.25,305.3,348163.26
2021-06-21 15:00:00,305.3,307.0,299.65,304.4,235062.0
2021-06-21 16:00:00,304.43,306.94,292.12,294.5,368503.63
2021-06-21 17:00:00,294.49,300.69,293.53,295.57,283753.04
2021-06-21 18:00:00,295.56,304.68,295.1,302.46,230734.9
2021-06-21 19:00:00,302.46,303.21,295.2,298.8,178745.66
2021-06-21 20:00:00,298.8,301.98,297.55,298.29,167761.99
2021-06-21 21:00:00,298.29,298.4,279.87,280.49,446929.17
2021-06-21 22:00:00,280.57,288.17,270.15,270.26,433025.62
2021-06-21 23:00:00,270.32,281.0,268.0,270.33,505220.34
2021-06-22 00:00:00,270.31,273.77,260.0,272.44,607368.79
2021-06-22 01:00:00,272.41,284.08,272.37,281.21,444680.23
2021-06-22 02:00:00,281.2,287.15,277.21,286.6,242425.31
2021-06-22 03:00:00,286.58,291.02,283.03,287.53,227687.48
2021-06-22 04:00:00,287.54,289.84,285.29,288.4,171632.7
2021-06-22 05:00:00,288.39,290.0,279.0,280.81,231844.19
2021-06-22 06:00:00,280.74,284.84,279.38,284.67,159886.64
2021-06-22 07:00:00,284.69,285.31,279.67,280.89,186857.81
2021-06-22 08:00:00,280.9,281.8,266.0,268.47,460451.05
2021-06-22 09:00:00,268.5,270.73,260.46,264.23,423784.78
2021-06-22 10:00:00,264.23,269.8,253.22,264.19,719174.27
2021-06-22 11:00:00,264.13,266.31,254.66,255.19,409594.65
2021-06-22 12:00:00,255.19,256.22,231.65,240.67,1632304.39
2021-06-22 13:00:00,240.69,245.0,225.0,230.46,978123.02
2021-06-22 14:00:00,230.45,251.45,228.47,248.21,1071815.63
2021-06-22 15:00:00,248.15,264.0,244.19,259.46,1025974.76
2021-06-22 16:00:00,259.45,269.9,257.15,267.19,899598.39
2021-06-22 17:00:00,267.16,270.0,261.0,267.37,450298.67
2021-06-22 18:00:00,267.39,275.93,263.28,271.75,452407.48
2021-06-22 19:00:00,271.79,272.95,262.0,264.91,437098.72
2021-06-22 20:00:00,264.9,274.92,264.25,273.54,274157.99
2021-06-22 21:00:00,273.53,274.26,260.16,263.0,245120.53
2021-06-22 22:00:00,263.01,268.0,261.53,266.32,183114.64
2021-06-22 23:00:00,266.26,267.29,257.33,261.92,192551.01
2021-06-23 00:00:00,261.92,272.81,250.55,271.12,538421.6
2021-06-23 01:00:00,271.13,283.36,269.64,282.85,483809.53
2021-06-23 02:00:00,282.85,292.0,281.39,286.69,376566.77
2021-06-23 03:00:00,286.62,288.34,283.35,286.38,217724.32
2021-06-23 04:00:00,286.35,293.0,283.59,288.28,248687.39
2021-06-23 05:00:00,288.27,292.19,284.0,291.76,273133.81
2021-06-23 06:00:00,291.76,293.4,287.94,288.1,243843.87
2021-06-23 07:00:00,288.11,292.27,287.78,289.47,152542.64
2021-06-23 08:00:00,289.47,292.62,284.92,285.09,213744.39
2021-06-23 09:00:00,285.05,289.91,284.4,286.84,172244.47
2021-06-23 10:00:00,286.9,292.5,286.21,292.24,191027.02
2021-06-23 11:00:00,292.24,297.44,289.09,289.57,307983.29
2021-06-23 12:00:00,289.57,297.2,288.46,297.2,221366.3
2021-06-23 13:00:00,297.21,310.83,295.73,298.26,742449.34
2021-06-23 14:00:00,298.24,302.39,295.03,300.38,312979.51
2021-06-23 15:00:00,300.38,301.0,290.01,291.65,422529.92
2021-06-23 16:00:00,291.65,298.7,289.0,293.84,359184.18
2021-06-23 17:00:00,293.85,294.6,290.01,291.99,148694.65
2021-06-23 18:00:00,292.0,292.47,285.12,286.66,306685.48
2021-06-23 19:00:00,286.6,290.2,282.0,282.05,176950.93
2021-06-23 20:00:00,282.11,289.29,281.46,285.11,233345.84
2021-06-23 21:00:00,285.12,292.95,284.12,289.43,220061.03
2021-06-23 22:00:00,289.4,292.71,285.36,292.07,147391.93
2021-06-23 23:00:00,292.09,296.81,289.46,295.69,134682.74
2021-06-24 00:00:00,295.68,299.7,290.4,290.84,218826.03
2021-06-24 01:00:00,290.85,293.68,284.25,285.79,238792.72
2021-06-24 02:00:00,285.76,287.19,281.53,283.48,241567.85
2021-06-24 03:00:00,283.47,288.6,281.12,283.23,192238.72
2021-06-24 04:00:00,283.22,287.12,281.69,283.35,182240.71
2021-06-24 05:00:00,283.42,289.36,282.2,288.59,133356.61
2021-06-24 06:00:00,288.58,291.69,285.88,291.36,173312.89
2021-06-24 07:00:00,291.37,303.11,290.37,296.43,576548.43
2021-06-24 08:00:00,296.45,304.99,295.9,304.49,480741.58
2021-06-24 09:00:00,304.48,306.95,301.31,302.89,326671.69
2021-06-24 10:00:00,302.91,305.13,299.14,299.61,240319.15
2021-06-24 11:00:00,299.61,306.61,299.5,305.86,257138.01
2021-06-24 12:00:00,305.88,310.42,303.51,306.78,338988.47
2021-06-24 13:00:00,306.79,307.58,301.5,305.11,190018.09
2021-06-24 14:00:00,305.11,306.39,302.55,305.17,182686.12
2021-06-24 15:00:00,305.18,311.94,304.33,304.83,397994.54
2021-06-24 16:00:00,304.85,312.18,302.87,311.77,303669.21
2021-06-24 17:00:00,311.75,315.61,310.81,314.04,283449.29
2021-06-24 18:00:00,314.05,316.65,311.37,312.82,166658.21
2021-06-24 19:00:00,312.81,313.88,310.0,312.2,92007.4
2021-06-24 20:00:00,312.21,314.1,310.33,312.5,103375.57
2021-06-24 21:00:00,312.5,312.97,310.35,311.57,65793.79
2021-06-24 22:00:00,311.57,312.34,307.05,309.63,136527.23
2021-06-24 23:00:00,309.64,311.0,307.11,308.53,103678.77
2021-06-25 00:00:00,308.52,314.8,307.51,308.5,178479.82
2021-06-25 01:00:00,308.5,309.09,302.86,309.02,205737.52
2021-06-25 02:00:00,309.06,313.71,308.53,310.13,204224.62
2021-06-25 03:00:00,310.15,310.15,305.56,307.92,138791.54
2021-06-25 04:00:00,307.91,307.95,303.8,305.2,136987.4
2021-06-25 05:00:00,305.24,306.79,300.75,302.13,172032.7
2021-06-25 06:00:00,302.13,304.9,300.1,301.96,168330.14
2021-06-25 07:00:00,301.97,302.01,292.99,296.31,359442.3
2021-06-25 08:00:00,296.34,296.34,290.3,294.81,279662.79
2021-06-25 09:00:00,294.82,297.5,288.0,288.53,346761.27
2021-06-25 10:00:00,288.48,292.63,286.38,292.09,288645.1
2021-06-25 11:00:00,292.06,293.72,287.0,289.22,266853.94
2021-06-25 12:00:00,289.18,293.87,285.26,289.26,370778.07
2021-06-25 13:00:00,289.33,292.32,285.57,289.99,312190.44
2021-06-25 14:00:00,289.91,294.38,286.21,287.66,324326.88
2021-06-25 15:00:00,287.73,289.3,284.35,286.76,287761.11
2021-06-25 16:00:00,286.76,288.91,278.02,279.91,433766.16
2021-06-25 17:00:00,279.95,283.84,276.0,277.36,287524.02
2021-06-25 18:00:00,277.42,284.28,275.16,283.14,262914.2
2021-06-25 19:00:00,283.15,288.48,279.31,286.06,242312.9
2021-06-25 20:00:00,286.07,287.5,283.1,285.58,141552.79
2021-06-25 21:00:00,285.57,286.0,280.55,282.83,146621.9
2021-06-25 22:00:00,282.84,285.0,278.0,278.76,165793.35
2021-06-25 23:00:00,278.75,285.0,278.19,280.75,137103.01
2021-06-26 00:00:00,280.74,286.7,278.39,285.56,228145.5
2021-06-26 01:00:00,285.54,286.63,278.21,282.78,170907.71
2021-06-26 02:00:00,282.79,284.62,278.52,282.06,168201.6
2021-06-26 03:00:00,282.04,284.5,280.57,282.84,124832.3
2021-06-26 04:00:00,282.85,287.63,282.75,287.05,115594.74
2021-06-26 05:00:00,287.07,290.49,285.36,286.55,181860.44
2021-06-26 06:00:00,286.56,288.49,281.3,281.97,160400.04
2021-06-26 07:00:00,281.97,282.77,266.17,269.08,519829.68
2021-06-26 08:00:00,269.09,271.5,263.84,268.13,521046.62
2021-06-26 09:00:00,268.12,276.25,266.39,273.43,340450.07
2021-06-26 10:00:00,273.48,275.35,269.12,273.0,206691.74
2021-06-26 11:00:00,272.99,280.8,272.99,278.93,305149.51
2021-06-26 12:00:00,278.92,280.72,275.75,276.03,208422.25
2021-06-26 13:00:00,276.02,279.7,269.5,269.62,294989.14
2021-06-26 14:00:00,269.7,276.17,266.35,273.49,352488.55
2021-06-26 15:00:00,273.5,274.54,270.01,273.12,230651.39
2021-06-26 16:00:00,273.18,273.39,265.12,269.35,284223.58
2021-06-26 17:00:00,269.41,273.85,267.3,273.46,183400.69
2021-06-26 18:00:00,273.47,274.99,270.48,271.57,136881.72
2021-06-26 19:00:00,271.55,272.79,270.61,271.66,70827.17
2021-06-26 20:00:00,271.64,272.09,268.67,270.33,96736.34
2021-06-26 21:00:00,270.34,271.65,268.13,271.21,77741.99
2021-06-26 22:00:00,271.22,275.79,271.22,275.33,117424.69
2021-06-26 23:00:00,275.34,279.5,273.75,279.38,124884.36
2021-06-27 00:00:00,279.4,283.94,277.5,281.85,232761.27
2021-06-27 01:00:00,281.86,285.39,280.24,283.78,169496.03
2021-06-27 02:00:00,283.78,286.55,282.73,285.02,152879.43
2021-06-27 03:00:00,285.01,286.33,281.88,286.1,140467.7
2021-06-27 04:00:00,286.14,287.4,283.25,285.02,120052.61
2021-06-27 05:00:00,285.01,285.5,277.99,279.09,194016.74
2021-06-27 06:00:00,279.09,281.78,277.23,279.3,168183.11
2021-06-27 07:00:00,279.3,282.95,279.04,281.54,181686.59
2021-06-27 08:00:00,281.52,284.0,279.94,280.34,152807.27
2021-06-27 09:00:00,280.34,281.8,275.38,276.81,212576.23
2021-06-27 10:00:00,276.76,278.42,275.42,276.66,124985.15
2021-06-27 11:00:00,276.7,280.9,275.68,278.72,173612.7
2021-06-27 12:00:00,278.69,281.35,277.85,279.24,132221.99
2021-06-27 13:00:00,279.24,280.5,276.0,277.17,164519.79
2021-06-27 14:00:00,277.18,277.2,273.42,276.36,194258.66
2021-06-27 15:00:00,276.36,277.53,274.01,276.8,140196.3
2021-06-27 16:00:00,276.8,277.61,271.6,272.71,200229.63
2021-06-27 17:00:00,272.68,273.45,271.11,272.68,126566.87
2021-06-27 18:00:00,272.69,272.69,269.24,271.82,182934.14
2021-06-27 19:00:00,271.84,272.86,269.84,271.78,86486.23
2021-06-27 20:00:00,271.77,272.49,270.22,270.59,90799.47
2021-06-27 21:00:00,270.56,273.33,270.0,273.17,96734.7
2021-06-27 22:00:00,273.18,287.75,272.75,286.16,448093.64
2021-06-27 23:00:00,286.17,291.59,284.27,290.7,225315.24
2021-06-28 00:00:00,290.7,291.9,287.51,289.06,231317.11
2021-06-28 01:00:00,289.1,291.25,285.38,285.38,169883.2
2021-06-28 02:00:00,285.39,288.2,285.32,286.62,99789.71
2021-06-28 03:00:00,286.65,288.08,284.32,284.93,100021.41
2021-06-28 04:00:00,284.94,286.67,283.65,284.58,95395.55
2021-06-28 05:00:00,284.58,287.55,284.55,287.0,103779.44
2021-06-28 06:00:00,287.0,290.0,285.81,287.31,140836.5
2021-06-28 07:00:00,287.32,295.99,286.51,294.24,302608.51
2021-06-28 08:00:00,294.29,296.33,292.0,293.81,241521.33
2021-06-28 09:00:00,293.82,296.82,288.44,289.37,272458.83
2021-06-28 10:00:00,289.37,290.6,283.4,285.89,291557.97
2021-06-28 11:00:00,285.9,287.27,284.14,285.38,145157.84
2021-06-28 12:00:00,285.38,288.68,283.9,287.9,228466.31
2021-06-28 13:00:00,287.9,288.54,285.71,286.69,123478.18
2021-06-28 14:00:00,286.68,290.41,285.82,290.11,148551.89
2021-06-28 15:00:00,290.11,299.0,289.31,299.0,364666.54
2021-06-28 16:00:00,298.97,299.45,295.16,297.03,315602.44
2021-06-28 17:00:00,297.03,297.2,292.72,293.92,184466.41
2021-06-28 18:00:00,293.93,295.16,292.01,292.56,133320.74
2021-06-28 19:00:00,292.55,296.0,291.81,293.98,160948.64
2021-06-28 20:00:00,293.94,296.0,292.02,294.93,96821.54
2021-06-28 21:00:00,294.95,296.77,293.72,295.5,66995.75
2021-06-28 22:00:00,295.5,295.5,288.01,289.86,168867.19
2021-06-28 23:00:00,289.86,289.98,286.67,289.82,95906.73
2021-06-29 00:00:00,289.82,297.57,289.08,296.76,189740.61
2021-06-29 01:00:00,296.78,298.19,293.69,294.79,168661.82
2021-06-29 02:00:00,294.8,297.61,292.0,292.48,141661.21
2021-06-29 03:00:00,292.48,295.39,291.89,294.18,92732.63
2021-06-29 04:00:00,294.15,296.78,293.64,294.99,96998.87
2021-06-29 05:00:00,294.99,296.19,292.02,293.75,114555.8
2021-06-29 06:00:00,293.73,298.87,293.01,298.22,173264.39
2021-06-29 07:00:00,298.22,301.88,295.22,296.37,287378.16
2021-06-29 08:00:00,296.38,302.09,294.16,299.69,282783.38
2021-06-29 09:00:00,299.69,303.94,297.73,302.68,214971.96
2021-06-29 10:00:00,302.68,307.4,300.41,306.31,238372.43
2021-06-29 11:00:00,306.32,308.81,305.19,307.51,242216.77
2021-06-29 12:00:00,307.51,311.72,304.38,307.2,387333.22
2021-06-29 13:00:00,307.18,315.0,304.85,313.17,415648.06
2021-06-29 14:00:00,313.19,315.64,309.96,312.52,294132.86
2021-06-29 15:00:00,312.5,313.39,306.0,309.5,323162.25
2021-06-29 16:00:00,309.46,310.45,306.3,307.64,267030.84
2021-06-29 17:00:00,307.64,310.82,307.18,308.29,175161.02
2021-06-29 18:00:00,308.3,308.75,304.0,307.01,147092.22
2021-06-29 19:00:00,307.01,307.66,304.84,307.05,95152.84
2021-06-29 20:00:00,307.01,307.56,302.0,302.46,134458.42
2021-06-29 21:00:00,302.43,307.96,302.39,306.79,103013.18
2021-06-29 22:00:00,306.78,306.95,298.22,299.66,216768.52
2021-06-29 23:00:00,299.64,304.26,299.23,300.76,127923.76
2021-06-30 00:00:00,300.76,302.88,295.22,300.23,215679.83
2021-06-30 01:00:00,300.23,300.26,296.19,299.39,124781.13
2021-06-30 02:00:00,299.39,301.4,296.77,300.01,109796.19
2021-06-30 03:00:00,300.02,300.02,292.66,293.94,196732.57
2021-06-30 04:00:00,293.94,297.66,292.2,292.35,212763.84
2021-06-30 05:00:00,292.32,296.49,291.15,294.93,149811.01
2021-06-30 06:00:00,294.92,298.75,294.26,297.66,157938.11
2021-06-30 07:00:00,297.66,300.83,295.45,300.35,181775.33
2021-06-30 08:00:00,300.35,300.37,292.77,293.44,225168.86
2021-06-30 09:00:00,293.43,294.45,289.0,291.8,214707.55
2021-06-30 10:00:00,291.8,293.94,291.12,292.55,153357.87
2021-06-30 11:00:00,292.55,294.5,290.41,293.43,211747.16
2021-06-30 12:00:00,293.44,294.26,290.52,291.35,160644.43
2021-06-30 13:00:00,291.36,291.97,288.05,290.91,180219.0
2021-06-30 14:00:00,290.9,292.76,288.57,289.43,176717.73
2021-06-30 15:00:00,289.46,289.89,281.3,283.29,385148.69
2021-06-30 16:00:00,283.25,285.5,281.37,283.13,182648.4
2021-06-30 17:00:00,283.13,289.33,283.08,288.6,192603.11
2021-06-30 18:00:00,288.6,293.67,287.61,293.03,196521.79
2021-06-30 19:00:00,292.99,297.3,291.43,296.51,189779.02
2021-06-30 20:00:00,296.5,300.8,293.5,296.75,331678.27
2021-06-30 21:00:00,296.75,301.62,296.7,299.16,153349.45
2021-06-30 22:00:00,299.17,303.0,297.2,300.8,158945.72
2021-06-30 23:00:00,300.8,304.76,300.46,303.44,150902.93
2021-07-01 00:00:00,303.5,303.84,298.32,300.31,168138.11
2021-07-01 01:00:00,300.3,303.1,300.07,301.68,79029.21
2021-07-01 02:00:00,301.68,302.0,294.2,295.29,181446.66
2021-07-01 03:00:00,295.29,296.48,291.47,291.63,142509.44
2021-07-01 04:00:00,291.63,294.26,290.91,293.97,158067.53
2021-07-01 05:00:00,293.97,294.2,291.1,293.29,98624.4
2021-07-01 06:00:00,293.29,295.84,285.08,285.57,242687.66
2021-07-01 07:00:00,285.58,287.95,284.1,284.25,215533.35
2021-07-01 08:00:00,284.31,287.0,283.74,286.38,172754.49
2021-07-01 09:00:00,286.36,287.35,283.38,285.0,173447.81
2021-07-01 10:00:00,284.99,286.9,283.85,285.32,151434.17
2021-07-01 11:00:00,285.34,290.28,285.11,289.77,206617.98
2021-07-01 12:00:00,289.76,291.5,287.41,289.69,156608.23
2021-07-01 13:00:00,289.69,291.0,287.26,287.43,134066.11
2021-07-01 14:00:00,287.42,289.6,285.0,286.69,169741.08
2021-07-01 15:00:00,286.65,290.79,286.2,288.31,167951.86
2021-07-01 16:00:00,288.32,288.74,285.07,285.29,135971.25
2021-07-01 17:00:00,285.31,288.54,284.69,287.94,106118.73
2021-07-01 18:00:00,287.95,289.89,286.5,287.48,100892.17
2021-07-01 19:00:00,287.48,287.99,280.1,283.0,291404.82
2021-07-01 20:00:00,283.0,287.36,282.99,287.25,119338.09
2021-07-01 21:00:00,287.19,288.86,285.74,288.16,89894.68
2021-07-01 22:00:00,288.17,289.17,287.51,288.63,47486.97
2021-07-01 23:00:00,288.59,289.22,287.0,287.38,72609.25
2021-07-02 00:00:00,287.38,290.57,286.33,289.94,101338.53
2021-07-02 01:00:00,289.95,290.24,284.01,284.46,96070.14
2021-07-02 02:00:00,284.43,285.59,282.61,283.82,105536.35
2021-07-02 03:00:00,283.81,284.8,276.48,277.81,204953.23
2021-07-02 04:00:00,277.81,281.18,276.7,280.33,147386.98
2021-07-02 05:00:00,280.33,282.0,277.25,279.14,145721.07
2021-07-02 06:00:00,279.16,280.79,277.63,279.73,116722.87
2021-07-02 07:00:00,279.71,284.44,279.17,283.09,139925.78
2021-07-02 08:00:00,283.09,283.6,280.75,281.34,174860.15
2021-07-02 09:00:00,281.31,281.56,277.08,278.36,185517.57
2021-07-02 10:00:00,278.36,279.34,276.51,278.02,158060.07
2021-07-02 11:00:00,278.02,279.98,276.5,278.08,141699.51
2021-07-02 12:00:00,278.08,280.55,275.93,279.6,192676.54
2021-07-02 13:00:00,279.59,282.29,278.4,281.14,174987.15
2021-07-02 14:00:00,281.14,283.96,279.75,283.93,153028.55
2021-07-02 15:00:00,283.96,284.6,281.79,284.45,123445.85
2021-07-02 16:00:00,284.42,284.54,282.09,283.23,94388.37
2021-07-02 17:00:00,283.26,284.3,281.73,282.92,91285.56
2021-07-02 18:00:00,282.92,283.09,280.71,281.72,80970.55
2021-07-02 19:00:00,281.72,283.18,281.26,282.98,57505.28
2021-07-02 20:00:00,282.97,283.09,280.42,281.0,70472.35
2021-07-02 21:00:00,281.02,284.4,280.87,283.66,74443.78
2021-07-02 22:00:00,283.65,287.72,283.03,287.4,89774.93
2021-07-02 23:00:00,287.42,287.75,286.12,286.83,92832.42
2021-07-03 00:00:00,286.84,287.93,284.12,284.8,86567.66
2021-07-03 01:00:00,284.8,286.83,284.45,286.04,47030.17
2021-07-03 02:00:00,286.04,286.29,285.07,285.6,43567.74
2021-07-03 03:00:00,285.59,285.59,282.5,284.49,74693.93
2021-07-03 04:00:00,284.49,285.3,283.57,285.01,52293.04
2021-07-03 05:00:00,285.01,286.95,284.13,286.61,59043.83
2021-07-03 06:00:00,286.61,287.31,286.25,286.53,59353.34
2021-07-03 07:00:00,286.53,295.5,285.52,293.72,280227.29
2021-07-03 08:00:00,293.71,294.99,292.41,292.86,147958.85
2021-07-03 09:00:00,292.85,296.24,292.84,294.98,159396.05
2021-07-03 10:00:00,294.98,295.5,293.8,294.85,86715.04
2021-07-03 11:00:00,294.86,295.12,292.77,294.11,96627.1
2021-07-03 12:00:00,294.1,295.55,293.0,293.47,99223.53
2021-07-03 13:00:00,293.47,296.4,292.81,295.54,152239.88
2021-07-03 14:00:00,295.54,295.79,294.09,295.54,74113.15
2021-07-03 15:00:00,295.56,299.26,295.2,297.33,218327.47
2021-07-03 16:00:00,297.33,298.96,296.63,298.18,121216.9
2021-07-03 17:00:00,298.19,303.33,298.04,301.2,225246.11
2021-07-03 18:00:00,301.19,301.56,298.13,298.23,118160.1
2021-07-03 19:00:00,298.23,299.73,297.5,299.09,84637.46
2021-07-03 20:00:00,299.09,300.5,298.9,300.24,63497.31
2021-07-03 21:00:00,300.24,301.67,297.1,297.32,85034.83
2021-07-03 22:00:00,297.3,299.11,294.29,298.38,164424.71
2021-07-03 23:00:00,298.42,298.46,295.52,298.07,100749.2
2021-07-04 00:00:00,298.1,298.11,295.1,295.18,78592.29
2021-07-04 01:00:00,295.15,296.0,292.5,293.4,125654.32
2021-07-04 02:00:00,293.4,295.98,292.51,295.13,66821.29
2021-07-04 03:00:00,295.13,296.8,294.41,295.68,55904.52
2021-07-04 04:00:00,295.67,299.92,295.43,299.43,83012.36
2021-07-04 05:00:00,299.45,304.0,298.12,303.29,168088.76
2021-07-04 06:00:00,303.29,307.79,302.43,306.36,228357.24
2021-07-04 07:00:00,306.38,308.86,305.74,308.1,166879.36
2021-07-04 08:00:00,308.12,309.12,305.12,306.55,149276.14
2021-07-04 09:00:00,306.49,306.65,304.0,305.06,118121.35
2021-07-04 10:00:00,305.07,306.49,304.35,306.13,79431.3
2021-07-04 11:00:00,306.13,307.36,305.12,305.85,98771.34
2021-07-04 12:00:00,305.85,306.02,301.35,302.09,174951.17
2021-07-04 13:00:00,302.1,304.55,302.09,303.61,96389.6
2021-07-04 14:00:00,303.61,306.38,303.01,305.77,122969.09
2021-07-04 15:00:00,305.78,309.5,305.6,309.05,176063.2
2021-07-04 16:00:00,309.06,310.36,306.76,308.08,193597.61
2021-07-04 17:00:00,308.05,312.84,307.22,312.14,180828.89
2021-07-04 18:00:00,312.15,313.56,310.5,311.63,158725.84
2021-07-04 19:00:00,311.63,313.12,311.15,312.12,91854.01
2021-07-04 20:00:00,312.13,312.6,310.76,312.0,71062.58
2021-07-04 21:00:00,312.0,314.88,311.6,314.36,136771.71
2021-07-04 22:00:00,314.37,314.71,306.82,307.55,210978.87
2021-07-04 23:00:00,307.58,310.11,305.66,307.58,158168.26
2021-07-05 00:00:00,307.59,307.6,302.72,303.29,212251.27
2021-07-05 01:00:00,303.27,305.09,299.1,300.78,213370.34
2021-07-05 02:00:00,300.78,302.3,297.24,299.4,185037.79
2021-07-05 03:00:00,299.38,301.38,297.3,299.8,135347.61
2021-07-05 04:00:00,299.81,301.5,296.65,298.37,160308.69
2021-07-05 05:00:00,298.36,300.16,297.22,300.02,126224.0
2021-07-05 06:00:00,300.01,301.18,298.17,300.2,116601.81
2021-07-05 07:00:00,300.19,300.26,298.12,300.06,85407.26
2021-07-05 08:00:00,300.07,300.76,298.8,300.54,87463.46
2021-07-05 09:00:00,300.53,303.07,300.26,301.71,135710.91
2021-07-05 10:00:00,301.7,305.71,301.52,305.11,149059.4
2021-07-05 11:00:00,305.11,305.5,292.11,293.54,435130.4
2021-07-05 12:00:00,293.53,296.56,292.38,294.43,203983.7
2021-07-05 13:00:00,294.43,297.35,294.04,296.15,134087.78
2021-07-05 14:00:00,296.17,298.25,295.01,297.73,116662.05
2021-07-05 15:00:00,297.74,298.39,294.76,295.9,147875.61
2021-07-05 16:00:00,295.9,298.19,295.6,297.31,101730.35
2021-07-05 17:00:00,297.31,298.2,292.77,298.19,194917.91
2021-07-05 18:00:00,298.18,303.19,298.17,301.25,228242.0
2021-07-05 19:00:00,301.24,303.33,301.22,302.48,94199.46
2021-07-05 20:00:00,302.48,304.01,300.01,302.06,146728.24
2021-07-05 21:00:00,302.07,306.85,302.07,306.03,132125.5
2021-07-05 22:00:00,306.01,306.6,303.57,304.07,82906.39
2021-07-05 23:00:00,304.02,305.83,301.77,301.98,79899.06
2021-07-06 00:00:00,302.0,306.89,301.68,305.8,126716.97
2021-07-06 01:00:00,305.8,306.08,302.7,303.0,82018.23
2021-07-06 02:00:00,302.99,304.86,301.73,304.82,83733.38
2021-07-06 03:00:00,304.82,305.72,303.86,304.98,63158.74
2021-07-06 04:00:00,304.97,316.14,304.93,315.17,406894.08
2021-07-06 05:00:00,315.17,322.39,315.17,318.82,465570.06
2021-07-06 06:00:00,318.82,320.01,317.47,318.0,179737.54
2021-07-06 07:00:00,318.0,321.88,317.14,320.38,164833.3
2021-07-06 08:00:00,320.34,321.51,317.23,320.09,177506.85
2021-07-06 09:00:00,320.1,320.37,306.0,310.96,662350.05
2021-07-06 10:00:00,310.96,311.41,307.0,309.0,251452.32
2021-07-06 11:00:00,309.0,313.52,307.53,311.49,214481.5
2021-07-06 12:00:00,311.45,318.12,308.82,317.05,339111.46
2021-07-06 13:00:00,317.06,318.38,314.22,317.09,240705.14
2021-07-06 14:00:00,317.05,318.5,314.63,316.48,171850.3
2021-07-06 15:00:00,316.47,316.8,313.22,315.63,186198.55
2021-07-06 16:00:00,315.63,317.97,313.85,316.62,151291.86
2021-07-06 17:00:00,316.62,317.13,312.02,316.95,178620.55
2021-07-06 18:00:00,316.95,320.71,316.0,317.75,234476.18
2021-07-06 19:00:00,317.75,319.65,316.6,319.06,81965.51
2021-07-06 20:00:00,319.06,319.88,315.3,316.82,95112.65
2021-07-06 21:00:00,316.83,316.85,313.27,314.83,95947.88
2021-07-06 22:00:00,314.83,317.99,314.24,317.48,76880.48
2021-07-06 23:00:00,317.44,321.42,316.69,319.5,126839.44
2021-07-07 00:00:00,319.5,325.1,318.04,322.5,269119.92
2021-07-07 01:00:00,322.5,326.99,322.16,324.42,217834.66
2021-07-07 02:00:00,324.42,324.86,321.07,324.79,123701.36
2021-07-07 03:00:00,324.79,329.66,323.39,328.02,208510.29
2021-07-07 04:00:00,328.04,332.5,326.48,331.75,278529.4
2021-07-07 05:00:00,331.75,334.08,329.43,332.51,229855.88
2021-07-07 06:00:00,332.5,336.85,332.04,333.65,269469.0
2021-07-07 07:00:00,333.63,335.17,329.0,331.47,178140.21
2021-07-07 08:00:00,331.47,335.25,331.11,332.69,175190.99
2021-07-07 09:00:00,332.69,333.96,329.5,331.64,159139.4
2021-07-07 10:00:00,331.65,331.92,328.04,329.5,173101.05
2021-07-07 11:00:00,329.51,334.06,328.6,333.11,163816.84
2021-07-07 12:00:00,333.11,336.65,332.68,334.94,278775.72
2021-07-07 13:00:00,334.94,339.0,334.2,338.01,210133.61
2021-07-07 14:00:00,338.0,339.44,333.14,334.66,245643.76
2021-07-07 15:00:00,334.66,336.23,332.84,334.42,145053.01
2021-07-07 16:00:00,334.43,336.2,331.49,334.63,146823.1
2021-07-07 17:00:00,334.62,336.2,333.35,335.3,90123.85
2021-07-07 18:00:00,335.31,338.34,334.38,337.56,122165.65
2021-07-07 19:00:00,337.56,338.88,336.16,337.36,109386.11
2021-07-07 20:00:00,337.36,337.37,335.0,335.8,88144.77
2021-07-07 21:00:00,335.78,335.82,331.47,333.89,144158.57
2021-07-07 22:00:00,333.85,334.17,330.42,332.3,113836.49
2021-07-07 23:00:00,332.3,332.35,326.0,327.41,241746.27
2021-07-08 00:00:00,327.43,328.27,317.0,319.09,415355.03
2021-07-08 01:00:00,319.09,323.75,318.74,321.63,194991.91
2021-07-08 02:00:00,321.65,324.36,321.0,324.11,132334.51
2021-07-08 03:00:00,324.11,324.17,319.03,321.76,214202.67
2021-07-08 04:00:00,321.73,321.73,316.1,319.18,219313.36
2021-07-08 05:00:00,319.15,321.0,314.0,314.33,168687.09
2021-07-08 06:00:00,314.29,322.73,313.85,317.78,297601.84
2021-07-08 07:00:00,317.76,320.76,310.0,312.82,351786.31
2021-07-08 08:00:00,312.8,315.78,310.01,315.53,270966.13
2021-07-08 09:00:00,315.54,316.69,313.0,314.42,178908.09
2021-07-08 10:00:00,314.42,317.32,313.52,314.33,144888.47
2021-07-08 11:00:00,314.33,317.2,311.0,316.95,214931.24
2021-07-08 12:00:00,316.95,318.36,314.28,314.8,190264.85
2021-07-08 13:00:00,314.8,315.54,311.51,313.03,163654.56
2021-07-08 14:00:00,313.04,315.17,312.52,313.96,159254.51
2021-07-08 15:00:00,313.97,316.4,312.85,316.06,134328.28
2021-07-08 16:00:00,316.07,316.33,313.6,315.25,126494.64
2021-07-08 17:00:00,315.21,316.09,314.2,315.61,88429.15
2021-07-08 18:00:00,315.61,316.6,314.09,315.53,75953.25
2021-07-08 19:00:00,315.52,317.6,312.36,316.91,141967.09
2021-07-08 20:00:00,316.92,317.5,312.7,313.13,97571.9
2021-07-08 21:00:00,313.18,314.79,311.02,311.34,86166.03
2021-07-08 22:00:00,311.34,312.2,304.1,305.18,288334.77
2021-07-08 23:00:00,305.17,310.92,305.11,309.78,137141.84
2021-07-09 00:00:00,309.77,310.14,301.91,302.26,228638.34
2021-07-09 01:00:00,302.26,304.92,301.52,304.12,163698.96
2021-07-09 02:00:00,304.13,308.2,302.4,307.77,131554.77
2021-07-09 03:00:00,307.78,309.43,306.46,308.69,127924.12
2021-07-09 04:00:00,308.72,311.76,308.07,310.82,130636.49
2021-07-09 05:00:00,310.83,312.96,310.51,310.66,112303.62
2021-07-09 06:00:00,310.66,311.13,308.68,309.77,126450.33
2021-07-09 07:00:00,309.77,310.6,308.02,310.27,92042.89
2021-07-09 08:00:00,310.27,310.32,305.65,306.84,157709.98
2021-07-09 09:00:00,306.84,310.39,306.79,308.51,107564.43
2021-07-09 10:00:00,308.52,310.07,308.0,309.28,95183.54
2021-07-09 11:00:00,309.29,309.29,306.26,307.3,91018.52
2021-07-09 12:00:00,307.3,309.49,305.16,309.37,173712.53
2021-07-09 13:00:00,309.36,314.31,308.9,313.14,261577.41
2021-07-09 14:00:00,313.14,316.5,312.14,315.76,182566.91
2021-07-09 15:00:00,315.74,316.19,314.22,315.7,107313.78
2021-07-09 16:00:00,315.62,317.5,313.49,314.73,119437.43
2021-07-09 17:00:00,314.75,314.86,313.1,313.86,74508.6
2021-07-09 18:00:00,313.87,314.26,312.14,312.97,65644.7
2021-07-09 19:00:00,312.98,314.17,311.4,313.08,67262.74
2021-07-09 20:00:00,313.08,314.1,312.13,314.08,45332.81
2021-07-09 21:00:00,314.08,317.02,313.0,315.98,77829.07
2021-07-09 22:00:00,315.98,319.25,315.95,319.0,93110.07
2021-07-09 23:00:00,319.0,319.36,316.12,316.86,79033.33
2021-07-10 00:00:00,316.86,321.0,316.02,318.54,148572.77
2021-07-10 01:00:00,318.53,319.0,316.5,316.84,78620.48
2021-07-10 02:00:00,316.84,317.15,314.5,315.42,89238.71
2021-07-10 03:00:00,315.44,317.33,314.01,315.07,69619.35
2021-07-10 04:00:00,315.06,315.53,312.2,312.52,108509.09
2021-07-10 05:00:00,312.51,313.92,310.44,312.42,118077.43
2021-07-10 06:00:00,312.4,314.39,311.8,313.64,73705.92
2021-07-10 07:00:00,313.63,313.7,311.45,313.1,65499.08
2021-07-10 08:00:00,313.11,314.78,312.21,313.59,91474.55
2021-07-10 09:00:00,313.6,314.8,313.25,313.7,62325.04
2021-07-10 10:00:00,313.7,314.5,310.92,311.1,112498.69
2021-07-10 11:00:00,311.08,314.85,310.3,313.32,130436.03
2021-07-10 12:00:00,313.32,314.48,312.0,313.83,88400.82
2021-07-10 13:00:00,313.84,314.49,312.2,312.76,76066.0
2021-07-10 14:00:00,312.75,313.79,312.27,313.58,56177.34
2021-07-10 15:00:00,313.57,317.17,313.31,316.5,117085.23
2021-07-10 16:00:00,316.49,319.74,315.7,318.1,166309.63
2021-07-10 17:00:00,318.08,318.19,311.33,312.75,236652.27
2021-07-10 18:00:00,312.74,314.61,312.06,314.49,63229.55
2021-07-10 19:00:00,314.49,315.33,313.0,313.5,68695.25
2021-07-10 20:00:00,313.5,314.25,311.35,313.64,88146.41
2021-07-10 21:00:00,313.64,314.18,312.69,314.08,35090.86
2021-07-10 22:00:00,314.08,316.89,313.84,316.38,69679.95
2021-07-10 23:00:00,316.39,317.4,315.57,316.11,57090.79
2021-07-11 00:00:00,316.1,318.09,315.06,317.43,79274.23
2021-07-11 01:00:00,317.4,318.32,316.27,316.75,49244.46
2021-07-11 02:00:00,316.75,317.05,315.12,315.61,55407.48
2021-07-11 03:00:00,315.6,316.24,313.01,313.71,59310.18
2021-07-11 04:00:00,313.71,313.96,312.0,313.16,75784.86
2021-07-11 05:00:00,313.17,315.55,312.5,315.12,66950.24
2021-07-11 06:00:00,315.16,316.37,314.0,314.55,67874.27
2021-07-11 07:00:00,314.55,316.2,313.77,315.78,65783.31
2021-07-11 08:00:00,315.77,317.68,314.77,316.81,101490.59
2021-07-11 09:00:00,316.8,319.22,316.04,318.19,132639.18
2021-07-11 10:00:00,318.18,319.8,317.56,318.92,132804.88
2021-07-11 11:00:00,318.92,321.42,318.0,321.03,110963.32
2021-07-11 12:00:00,321.03,323.38,319.56,320.83,187462.53
2021-07-11 13:00:00,320.82,322.21,319.02,321.98,127568.29
2021-07-11 14:00:00,321.97,323.71,320.7,323.39,117323.14
2021-07-11 15:00:00,323.39,325.86,322.48,324.96,189926.0
2021-07-11 16:00:00,324.95,325.46,322.69,324.56,136828.7
2021-07-11 17:00:00,324.55,324.88,323.11,323.25,61488.56
2021-07-11 18:00:00,323.24,323.75,321.0,323.57,96828.18
2021-07-11 19:00:00,323.58,323.92,321.29,322.54,47608.39
2021-07-11 20:00:00,322.55,323.01,320.15,320.72,59698.06
2021-07-11 21:00:00,320.7,326.54,320.0,325.86,133872.78
2021-07-11 22:00:00,325.85,326.72,322.83,323.2,98429.42
2021-07-11 23:00:00,323.2,323.28,320.61,321.8,75271.27
2021-07-12 00:00:00,321.81,324.13,320.0,323.26,93558.25
2021-07-12 01:00:00,323.25,324.5,322.29,324.29,57661.69
2021-07-12 02:00:00,324.29,326.5,323.6,326.11,74414.57
2021-07-12 03:00:00,326.13,329.99,325.98,328.66,136803.62
2021-07-12 04:00:00,328.66,329.89,327.09,327.54,114694.65
2021-07-12 05:00:00,327.55,329.4,326.0,329.35,98611.8
2021-07-12 06:00:00,329.34,333.9,328.05,333.1,178310.09
2021-07-12 07:00:00,333.09,333.21,330.03,331.2,156962.82
2021-07-12 08:00:00,331.21,334.0,330.5,331.32,147198.38
2021-07-12 09:00:00,331.31,332.76,327.17,327.38,150595.37
2021-07-12 10:00:00,327.38,327.4,323.02,324.57,267838.82
2021-07-12 11:00:00,324.57,324.63,320.62,320.7,227139.52
2021-07-12 12:00:00,320.71,323.4,320.18,322.85,186592.63
2021-07-12 13:00:00,322.84,324.24,321.01,323.61,145755.47
2021-07-12 14:00:00,323.6,323.99,321.51,321.73,95268.87
2021-07-12 15:00:00,321.71,323.5,320.76,320.88,136192.63
2021-07-12 16:00:00,320.87,321.99,315.69,317.11,304275.09
2021-07-12 17:00:00,317.1,318.15,313.05,313.45,257810.99
2021-07-12 18:00:00,313.45,314.75,310.12,311.86,187942.6
2021-07-12 19:00:00,311.87,315.33,309.0,311.48,223779.15
2021-07-12 20:00:00,311.4,312.49,308.21,311.73,182147.42
2021-07-12 21:00:00,311.73,313.84,311.52,312.91,93270.12
2021-07-12 22:00:00,312.91,315.0,312.9,314.79,87380.84
2021-07-12 23:00:00,314.79,317.0,313.68,315.56,117627.42
2021-07-13 00:00:00,315.53,316.88,313.3,315.51,132443.2
2021-07-13 01:00:00,315.5,316.69,313.55,315.78,85737.88
2021-07-13 02:00:00,315.78,316.39,314.9,315.45,55838.9
2021-07-13 03:00:00,315.46,318.0,315.27,315.46,83599.91
2021-07-13 04:00:00,315.46,316.32,313.91,314.18,83398.84
2021-07-13 05:00:00,314.2,314.84,308.0,308.58,253166.57
2021-07-13 06:00:00,308.6,312.87,308.5,311.07,143275.94
2021-07-13 07:00:00,311.09,314.98,311.07,314.36,142244.62
2021-07-13 08:00:00,314.33,315.86,313.83,315.5,101999.66
2021-07-13 09:00:00,315.49,316.21,311.66,314.41,148454.31
2021-07-13 10:00:00,314.45,315.79,312.0,312.95,118470.26
2021-07-13 11:00:00,312.96,313.56,310.3,311.63,139168.96
2021-07-13 12:00:00,311.68,311.88,305.62,306.25,270363.43
2021-07-13 13:00:00,306.26,309.7,305.11,308.58,203594.85
2021-07-13 14:00:00,308.58,309.32,307.74,308.99,90236.11
2021-07-13 15:00:00,308.98,312.95,308.47,311.5,151460.97
2021-07-13 16:00:00,311.49,312.49,309.76,311.45,119465.24
2021-07-13 17:00:00,311.46,312.35,310.21,310.69,68088.36
2021-07-13 18:00:00,310.68,310.68,307.28,307.39,89186.55
2021-07-13 19:00:00,307.39,309.37,305.22,305.99,157265.59
2021-07-13 20:00:00,305.99,308.75,305.12,308.14,100879.98
2021-07-13 21:00:00,308.11,308.97,306.34,307.72,57679.66
2021-07-13 22:00:00,307.73,308.68,305.37,307.51,75239.04
2021-07-13 23:00:00,307.52,309.68,306.54,308.82,72163.82
2021-07-14 00:00:00,308.82,309.36,301.69,301.8,200311.19
2021-07-14 01:00:00,301.79,302.76,296.0,298.9,286967.56
2021-07-14 02:00:00,298.91,301.89,297.58,301.56,115132.52
2021-07-14 03:00:00,301.55,301.82,291.04,294.34,301306.94
2021-07-14 04:00:00,294.34,296.81,293.25,295.64,127844.2
2021-07-14 05:00:00,295.64,296.3,291.65,292.82,141038.89
2021-07-14 06:00:00,292.83,294.7,291.4,292.56,144216.01
2021-07-14 07:00:00,292.52,295.8,292.37,295.17,108910.31
2021-07-14 08:00:00,295.19,295.76,291.74,292.14,118298.99
2021-07-14 09:00:00,292.15,303.33,290.0,299.7,453337.97
2021-07-14 10:00:00,299.73,306.57,298.59,302.21,322751.19
2021-07-14 11:00:00,302.2,304.04,301.59,303.27,101906.75
2021-07-14 12:00:00,303.28,304.38,300.43,302.29,108654.18
2021-07-14 13:00:00,302.3,310.53,302.25,310.34,267160.44
2021-07-14 14:00:00,310.34,312.95,310.0,311.88,219044.29
2021-07-14 15:00:00,311.89,313.26,308.01,309.51,193405.91
2021-07-14 16:00:00,309.51,311.11,308.5,310.46,145083.33
2021-07-14 17:00:00,310.49,310.9,309.08,310.19,61090.28
2021-07-14 18:00:00,310.2,312.47,306.6,307.97,162203.58
2021-07-14 19:00:00,307.97,309.77,307.0,308.38,93058.31
2021-07-14 20:00:00,308.39,309.5,307.82,308.31,44637.97
2021-07-14 21:00:00,308.31,310.0,308.23,309.04,43751.46
2021-07-14 22:00:00,309.03,311.3,308.1,309.92,67111.88
2021-07-14 23:00:00,309.92,310.27,307.54,309.23,67918.37
2021-07-15 00:00:00,309.23,313.0,305.42,311.84,157808.27
2021-07-15 01:00:00,311.84,314.65,308.0,308.39,178216.62
2021-07-15 02:00:00,308.38,309.73,306.59,307.96,93939.85
2021-07-15 03:00:00,307.97,308.03,306.0,306.0,76374.95
2021-07-15 04:00:00,306.01,306.55,302.02,304.1,195240.31
2021-07-15 05:00:00,304.1,304.86,302.29,303.93,72046.31
2021-07-15 06:00:00,303.93,304.62,301.11,302.63,120674.91
2021-07-15 07:00:00,302.62,304.1,301.5,302.83,87760.57
2021-07-15 08:00:00,302.84,316.8,302.62,314.08,719460.93
2021-07-15 09:00:00,314.05,319.85,312.84,319.41,450615.42
2021-07-15 10:00:00,319.44,323.98,310.52,313.56,813179.59
2021-07-15 11:00:00,313.61,314.83,310.28,311.9,254417.78
2021-07-15 12:00:00,311.92,314.83,306.39,309.01,401026.29
2021-07-15 13:00:00,309.01,311.9,306.53,310.75,289243.71
2021-07-15 14:00:00,310.78,315.24,310.38,312.7,262935.96
2021-07-15 15:00:00,312.7,314.95,312.0,312.33,161310.81
2021-07-15 16:00:00,312.32,313.8,309.31,311.53,225783.85
2021-07-15 17:00:00,311.54,311.94,307.32,310.07,232239.5
2021-07-15 18:00:00,310.06,313.66,309.5,313.57,131214.65
2021-07-15 19:00:00,313.52,316.41,312.78,315.66,158261.56
2021-07-15 20:00:00,315.67,317.89,315.28,316.08,145963.28
2021-07-15 21:00:00,316.1,318.12,315.11,316.52,106099.4
2021-07-15 22:00:00,316.52,321.53,316.01,316.59,195360.95
2021-07-15 23:00:00,316.59,317.75,312.0,315.78,154576.3
2021-07-16 00:00:00,315.78,316.58,310.81,313.48,163545.24
2021-07-16 01:00:00,313.47,317.44,313.39,317.08,128010.53
2021-07-16 02:00:00,317.09,323.31,317.09,320.58,272318.19
2021-07-16 03:00:00,320.55,321.77,319.25,319.68,98308.27
2021-07-16 04:00:00,319.7,321.67,319.27,319.34,98534.45
2021-07-16 05:00:00,319.42,320.15,314.24,314.64,174471.06
2021-07-16 06:00:00,314.64,315.05,310.73,311.96,183012.3
2021-07-16 07:00:00,311.92,313.21,308.7,312.46,194750.66
2021-07-16 08:00:00,312.44,312.61,304.11,306.6,275664.14
2021-07-16 09:00:00,306.55,308.0,304.11,305.36,175061.26
2021-07-16 10:00:00,305.35,306.68,301.68,304.36,301506.1
2021-07-16 11:00:00,304.3,304.98,301.7,302.87,217760.29
2021-07-16 12:00:00,302.83,309.0,302.57,308.13,328320.12
2021-07-16 13:00:00,308.13,309.97,307.0,307.7,245034.21
2021-07-16 14:00:00,307.69,309.97,307.53,309.1,114529.07
2021-07-16 15:00:00,309.11,311.8,307.82,311.29,200581.45
2021-07-16 16:00:00,311.28,311.8,308.25,310.07,158079.63
2021-07-16 17:00:00,310.06,311.05,309.07,310.1,86225.51
2021-07-16 18:00:00,310.1,310.3,308.33,308.79,76297.22
2021-07-16 19:00:00,308.83,309.5,306.0,307.11,112328.19
2021-07-16 20:00:00,307.1,308.26,304.83,304.95,85724.73
2021-07-16 21:00:00,304.94,305.82,303.5,304.17,94215.42
2021-07-16 22:00:00,304.17,306.47,302.74,303.56,90949.9
2021-07-16 23:00:00,303.55,305.15,302.28,302.71,106634.97
2021-07-17 00:00:00,302.7,306.27,298.92,306.23,257013.67
2021-07-17 01:00:00,306.23,306.4,296.07,298.26,187638.19
2021-07-17 02:00:00,298.27,298.79,293.7,295.91,242246.96
2021-07-17 03:00:00,295.9,298.38,294.14,296.6,143745.06
2021-07-17 04:00:00,296.63,299.73,295.69,299.49,113294.54
2021-07-17 05:00:00,299.46,302.0,299.2,301.61,151868.29
2021-07-17 06:00:00,301.64,302.16,300.23,301.63,95135.26
2021-07-17 07:00:00,301.63,302.15,299.0,299.45,121209.75
2021-07-17 08:00:00,299.42,305.62,296.47,301.4,307072.53
2021-07-17 09:00:00,301.39,302.99,299.38,300.21,179977.26
2021-07-17 10:00:00,300.17,300.27,295.59,296.35,204155.99
2021-07-17 11:00:00,296.32,299.67,296.0,298.91,121889.08
2021-07-17 12:00:00,298.92,301.42,297.75,299.78,107066.67
2021-07-17 13:00:00,299.78,303.1,298.33,300.78,186307.44
2021-07-17 14:00:00,300.79,302.0,300.0,300.03,82275.56
2021-07-17 15:00:00,300.02,300.43,298.63,300.1,106469.71
2021-07-17 16:00:00,300.11,304.0,298.8,301.11,194402.87
2021-07-17 17:00:00,301.14,301.89,299.7,301.12,80861.49
2021-07-17 18:00:00,301.12,302.46,300.27,301.21,65830.88
2021-07-17 19:00:00,301.21,303.69,300.92,303.09,73034.9
2021-07-17 20:00:00,303.09,303.78,301.42,301.49,51297.4
2021-07-17 21:00:00,301.45,303.5,301.12,302.44,57129.26
2021-07-17 22:00:00,302.44,302.48,300.0,300.62,66563.86
2021-07-17 23:00:00,300.62,300.62,299.1,300.08,60768.81
2021-07-18 00:00:00,300.11,307.8,299.33,305.77,178813.25
2021-07-18 01:00:00,305.81,308.88,305.76,307.98,178692.28
2021-07-18 02:00:00,307.97,308.65,307.02,307.3,63947.55
2021-07-18 03:00:00,307.28,307.58,303.9,305.45,108476.85
2021-07-18 04:00:00,305.45,306.23,304.07,304.39,73007.54
2021-07-18 05:00:00,304.39,305.2,304.01,304.37,47529.71
2021-07-18 06:00:00,304.37,304.7,302.12,302.73,89020.96
2021-07-18 07:00:00,302.76,303.69,302.0,303.12,59312.74
2021-07-18 08:00:00,303.17,306.21,302.7,305.84,123292.13
2021-07-18 09:00:00,305.84,305.97,304.3,304.65,74881.18
2021-07-18 10:00:00,304.65,305.18,303.4,305.05,73376.71
2021-07-18 11:00:00,305.05,305.79,304.6,305.6,44156.37
2021-07-18 12:00:00,305.59,306.63,305.33,305.69,67305.34
2021-07-18 13:00:00,305.68,306.0,303.25,303.95,88736.68
2021-07-18 14:00:00,303.94,304.95,298.32,300.24,204163.54
2021-07-18 15:00:00,300.25,302.99,298.69,301.59,204141.05
2021-07-18 16:00:00,301.6,303.36,300.19,302.77,137675.49
2021-07-18 17:00:00,302.76,305.63,302.32,304.81,104612.94
2021-07-18 18:00:00,304.8,305.92,304.5,304.58,75877.82
2021-07-18 19:00:00,304.59,305.4,303.65,303.77,54464.41
2021-07-18 20:00:00,303.76,304.7,303.5,303.82,45207.64
2021-07-18 21:00:00,303.82,307.83,303.5,307.43,110436.72
2021-07-18 22:00:00,307.42,308.07,300.96,301.38,184097.9
2021-07-18 23:00:00,301.34,303.61,300.5,301.77,99790.68
2021-07-19 00:00:00,301.78,303.46,298.47,299.1,136861.64
2021-07-19 01:00:00,299.11,300.6,297.0,299.42,122087.82
2021-07-19 02:00:00,299.44,300.96,297.43,298.2,98403.5
2021-07-19 03:00:00,298.2,299.81,297.5,298.7,66886.34
2021-07-19 04:00:00,298.69,299.7,297.7,299.62,58744.91
2021-07-19 05:00:00,299.61,301.78,298.63,301.23,117662.64
2021-07-19 06:00:00,301.23,301.75,300.18,300.91,56582.5
2021-07-19 07:00:00,300.91,302.88,299.55,299.84,114451.27
2021-07-19 08:00:00,299.83,300.4,297.23,297.5,112139.87
2021-07-19 09:00:00,297.53,298.37,296.23,296.95,135127.05
2021-07-19 10:00:00,296.98,297.87,295.03,295.28,117523.52
2021-07-19 11:00:00,295.31,297.9,295.01,295.03,104071.94
2021-07-19 12:00:00,295.03,295.18,280.0,281.88,665595.84
2021-07-19 13:00:00,281.88,283.52,278.0,279.78,411602.69
2021-07-19 14:00:00,279.78,284.46,279.01,284.2,281722.33
2021-07-19 15:00:00,284.2,288.23,282.86,283.64,365975.96
2021-07-19 16:00:00,283.63,285.34,282.26,284.73,163789.19
2021-07-19 17:00:00,284.75,286.3,282.6,284.03,151357.92
2021-07-19 18:00:00,284.02,284.85,281.02,282.18,119159.85
2021-07-19 19:00:00,282.19,283.2,280.48,283.11,114326.96
2021-07-19 20:00:00,283.09,283.43,281.51,282.43,66676.8
2021-07-19 21:00:00,282.43,283.78,280.59,280.74,73953.88
2021-07-19 22:00:00,280.74,283.8,280.74,282.07,80238.24
2021-07-19 23:00:00,282.05,282.76,279.09,280.27,106417.67
2021-07-20 00:00:00,280.25,283.32,276.53,280.19,214419.18
2021-07-20 01:00:00,280.18,280.75,270.6,271.38,324758.57
2021-07-20 02:00:00,271.38,273.88,265.41,265.83,346250.33
2021-07-20 03:00:00,265.82,268.0,258.0,259.24,508820.92
2021-07-20 04:00:00,259.2,264.96,258.96,262.43,289345.47
2021-07-20 05:00:00,262.38,264.93,262.06,264.67,150767.34
2021-07-20 06:00:00,264.67,265.37,262.8,264.58,126868.21
2021-07-20 07:00:00,264.57,267.44,264.21,266.53,185842.89
2021-07-20 08:00:00,266.5,266.94,260.66,260.85,220359.3
2021-07-20 09:00:00,260.86,263.56,254.25,256.29,274823.07
2021-07-20 10:00:00,256.33,260.92,253.64,260.57,317120.42
2021-07-20 11:00:00,260.5,264.32,259.26,263.26,278892.75
2021-07-20 12:00:00,263.27,265.89,263.06,264.89,180198.79
2021-07-20 13:00:00,264.89,265.41,260.21,261.55,247826.44
2021-07-20 14:00:00,261.55,265.2,259.09,264.62,335435.06
2021-07-20 15:00:00,264.6,271.73,263.37,269.29,358245.9
2021-07-20 16:00:00,269.21,271.49,265.34,265.44,178513.2
2021-07-20 17:00:00,265.45,267.24,264.6,265.33,113337.97
2021-07-20 18:00:00,265.34,268.48,265.34,268.07,93347.24
2021-07-20 19:00:00,268.09,269.38,267.06,268.26,102012.2
2021-07-20 20:00:00,268.26,270.67,268.25,268.92,96892.06
2021-07-20 21:00:00,268.92,269.49,264.14,266.24,160097.69
2021-07-20 22:00:00,266.24,266.84,260.85,261.83,149494.28
2021-07-20 23:00:00,261.82,265.88,261.82,264.19,99803.82
2021-07-21 00:00:00,264.19,266.39,261.43,261.99,143140.63
2021-07-21 01:00:00,261.99,264.92,260.6,264.63,110923.43
2021-07-21 02:00:00,264.63,270.0,263.74,268.56,227091.53
2021-07-21 03:00:00,268.56,270.76,267.87,269.43,132449.59
2021-07-21 04:00:00,269.44,280.73,269.4,277.7,501752.52
2021-07-21 05:00:00,277.7,280.61,276.4,278.87,191284.5
2021-07-21 06:00:00,278.88,283.5,278.46,283.33,205769.87
2021-07-21 07:00:00,283.36,283.99,278.16,280.41,192668.14
2021-07-21 08:00:00,280.4,280.93,278.44,279.43,129978.79
2021-07-21 09:00:00,279.44,284.55,278.62,284.16,149425.49
2021-07-21 10:00:00,284.15,287.98,283.19,284.8,251021.13
2021-07-21 11:00:00,284.81,288.42,284.52,286.78,150427.17
2021-07-21 12:00:00,286.77,288.18,283.2,284.04,179257.64
2021-07-21 13:00:00,284.04,286.8,283.73,285.64,107078.39
2021-07-21 14:00:00,285.62,289.5,285.62,288.68,181890.02
2021-07-21 15:00:00,288.7,291.44,288.02,290.91,198075.17
2021-07-21 16:00:00,290.92,299.0,288.81,292.32,446956.62
2021-07-21 17:00:00,292.32,292.98,288.12,291.29,279247.44
2021-07-21 18:00:00,291.27,297.88,285.48,285.82,425072.71
2021-07-21 19:00:00,285.83,288.93,284.3,285.26,226671.48
2021-07-21 20:00:00,285.27,287.49,284.33,285.74,147258.1
2021-07-21 21:00:00,285.73,286.99,284.4,286.05,76792.12
2021-07-21 22:00:00,286.04,289.89,285.72,289.65,110378.77
2021-07-21 23:00:00,289.65,293.48,287.79,293.07,189829.6
2021-07-22 00:00:00,293.1,297.1,290.5,292.04,189570.59
2021-07-22 01:00:00,292.04,292.72,288.26,289.87,110175.12
2021-07-22 02:00:00,289.89,289.91,287.25,287.76,90537.93
2021-07-22 03:00:00,287.76,292.39,287.35,290.5,118827.82
2021-07-22 04:00:00,290.51,295.23,290.08,292.38,126748.16
2021-07-22 05:00:00,292.38,293.0,289.0,289.97,85162.78
2021-07-22 06:00:00,289.98,293.77,289.39,293.59,97382.61
2021-07-22 07:00:00,293.64,297.61,292.5,295.45,209797.78
2021-07-22 08:00:00,295.48,297.56,294.16,295.81,133806.13
2021-07-22 09:00:00,295.81,295.9,289.72,292.07,186553.44
2021-07-22 10:00:00,292.06,294.34,289.14,292.9,150101.3
2021-07-22 11:00:00,292.9,294.44,291.9,293.44,99480.46
2021-07-22 12:00:00,293.44,294.29,289.5,293.81,151853.15
2021-07-22 13:00:00,293.81,295.59,293.09,293.49,93915.06
2021-07-22 14:00:00,293.48,294.71,291.55,294.63,113505.13
2021-07-22 15:00:00,294.62,297.71,293.77,296.64,167795.64
2021-07-22 16:00:00,296.68,298.45,294.29,294.84,140151.95
2021-07-22 17:00:00,294.84,295.65,294.2,295.26,82436.12
2021-07-22 18:00:00,295.28,296.23,292.75,294.04,122707.21
2021-07-22 19:00:00,294.01,295.19,293.38,294.66,56761.97
2021-07-22 20:00:00,294.73,294.99,293.38,293.64,43538.25
2021-07-22 21:00:00,293.67,295.32,292.54,292.59,54997.52
2021-07-22 22:00:00,292.59,293.58,289.53,289.87,125253.79
2021-07-22 23:00:00,289.91,293.77,288.03,293.0,105843.09
2021-07-23 00:00:00,293.01,294.35,291.64,293.89,81470.24
2021-07-23 01:00:00,293.88,297.87,293.2,296.45,144819.53
2021-07-23 02:00:00,296.49,296.72,294.2,296.15,85438.82
2021-07-23 03:00:00,296.15,296.59,294.53,294.97,65988.97
2021-07-23 04:00:00,294.96,299.59,294.81,299.1,157926.28
2021-07-23 05:00:00,299.07,301.34,297.0,298.1,232597.99
2021-07-23 06:00:00,298.06,299.0,296.7,298.51,95087.27
2021-07-23 07:00:00,298.52,299.51,295.13,297.43,147043.42
2021-07-23 08:00:00,297.45,297.65,292.65,292.91,116587.35
2021-07-23 09:00:00,292.91,294.85,292.22,292.31,136025.23
2021-07-23 10:00:00,292.3,292.89,290.45,292.09,130971.43
2021-07-23 11:00:00,292.09,293.91,289.0,289.02,169817.93
2021-07-23 12:00:00,289.04,290.5,286.03,289.96,303230.58
2021-07-23 13:00:00,289.96,291.07,288.0,290.67,142243.15
2021-07-23 14:00:00,290.67,292.29,289.07,289.25,172978.55
2021-07-23 15:00:00,289.25,289.69,286.41,287.05,113958.61
2021-07-23 16:00:00,287.07,287.28,281.05,283.28,296881.4
2021-07-23 17:00:00,283.28,284.37,281.28,283.89,114565.2
2021-07-23 18:00:00,283.89,284.79,282.39,282.93,96368.43
2021-07-23 19:00:00,282.93,284.75,282.9,284.1,49721.62
2021-07-23 20:00:00,284.11,289.83,283.76,288.93,163850.8
2021-07-23 21:00:00,288.92,290.23,287.32,289.77,85953.49
2021-07-23 22:00:00,289.76,294.25,289.26,293.43,172477.21
2021-07-23 23:00:00,293.43,299.32,291.88,299.27,222936.79
2021-07-24 00:00:00,299.32,300.0,295.66,297.73,179989.74
2021-07-24 01:00:00,297.73,298.9,296.22,298.45,108595.92
2021-07-24 02:00:00,298.45,300.38,298.0,299.45,97217.24
2021-07-24 03:00:00,299.47,299.93,297.71,299.75,55235.47
2021-07-24 04:00:00,299.74,304.82,299.63,301.98,199997.17
2021-07-24 05:00:00,301.97,302.57,300.0,302.2,92130.13
2021-07-24 06:00:00,302.22,305.36,301.31,304.9,96341.37
2021-07-24 07:00:00,304.88,305.0,301.58,302.45,83207.04
2021-07-24 08:00:00,302.45,303.53,300.13,300.48,120472.84
2021-07-24 09:00:00,300.48,303.42,300.48,303.25,86421.41
2021-07-24 10:00:00,303.25,304.0,301.51,302.72,93679.87
2021-07-24 11:00:00,302.7,303.65,301.13,302.81,96153.78
2021-07-24 12:00:00,302.82,303.85,301.61,303.62,86621.39
2021-07-24 13:00:00,303.63,304.45,302.11,302.33,81989.9
2021-07-24 14:00:00,302.33,303.62,301.11,303.01,88017.67
2021-07-24 15:00:00,303.01,304.5,301.94,302.22,89067.87
2021-07-24 16:00:00,302.21,307.92,301.56,307.06,208293.45
2021-07-24 17:00:00,307.04,307.04,303.33,303.85,140890.56
2021-07-24 18:00:00,303.85,305.19,302.23,302.5,85668.36
2021-07-24 19:00:00,302.49,302.58,297.0,297.71,160991.32
2021-07-24 20:00:00,297.78,299.44,295.4,297.47,119079.07
2021-07-24 21:00:00,297.47,300.66,295.77,299.04,91435.93
2021-07-24 22:00:00,299.04,300.04,297.33,299.8,76682.76
2021-07-24 23:00:00,299.8,301.73,297.78,301.47,72759.7
2021-07-25 00:00:00,301.46,303.47,296.36,298.35,168794.29
2021-07-25 01:00:00,298.35,300.29,295.67,296.38,89575.76
2021-07-25 02:00:00,296.37,299.32,295.79,299.07,59244.73
2021-07-25 03:00:00,299.07,300.31,297.86,298.23,55924.17
2021-07-25 04:00:00,298.22,300.75,297.71,299.87,69830.94
2021-07-25 05:00:00,299.88,301.1,298.15,299.61,80662.45
2021-07-25 06:00:00,299.62,301.94,299.19,301.02,70050.14
2021-07-25 07:00:00,301.03,303.92,300.78,302.23,118358.13
2021-07-25 08:00:00,302.24,303.54,300.09,301.4,87243.52
2021-07-25 09:00:00,301.44,302.08,300.15,301.46,76131.61
2021-07-25 10:00:00,301.48,303.0,299.0,299.31,101592.69
2021-07-25 11:00:00,299.3,301.18,298.76,300.08,81462.19
2021-07-25 12:00:00,300.1,300.16,297.6,298.41,78839.09
2021-07-25 13:00:00,298.38,299.16,295.95,296.96,121408.9
2021-07-25 14:00:00,296.96,297.24,292.2,294.92,177134.42
2021-07-25 15:00:00,294.93,297.17,293.78,295.97,126377.33
2021-07-25 16:00:00,295.96,296.78,294.6,295.98,73419.12
2021-07-25 17:00:00,296.02,298.3,295.27,297.95,75662.6
2021-07-25 18:00:00,297.93,298.82,297.31,297.97,55550.16
2021-07-25 19:00:00,297.96,299.3,296.28,298.08,78204.84
2021-07-25 20:00:00,298.08,299.2,297.0,298.93,50471.53
2021-07-25 21:00:00,298.92,299.71,298.04,299.35,46456.17
2021-07-25 22:00:00,299.31,299.5,298.34,299.46,30836.37
2021-07-25 23:00:00,299.43,302.5,299.14,302.17,121921.88
2021-07-26 00:00:00,302.17,309.95,301.65,309.27,259024.51
2021-07-26 01:00:00,309.28,329.05,307.2,323.37,785132.36
2021-07-26 02:00:00,323.37,325.66,317.61,320.91,318762.5
2021-07-26 03:00:00,320.91,323.22,320.51,322.45,158962.43
2021-07-26 04:00:00,322.45,323.41,320.5,321.06,150068.06
2021-07-26 05:00:00,321.06,322.53,320.63,321.94,116297.05
2021-07-26 06:00:00,321.93,325.83,318.74,320.69,287753.19
2021-07-26 07:00:00,320.65,322.43,313.38,317.69,278401.18
2021-07-26 08:00:00,317.7,319.48,314.5,318.0,187270.74
2021-07-26 09:00:00,318.0,319.78,317.29,319.21,110975.51
2021-07-26 10:00:00,319.22,320.58,317.85,320.36,89890.81
2021-07-26 11:00:00,320.3,320.39,318.06,318.86,79050.26
2021-07-26 12:00:00,318.85,321.27,316.2,319.75,133730.09
2021-07-26 13:00:00,319.75,319.8,314.3,318.44,195867.14
2021-07-26 14:00:00,318.41,319.8,316.5,317.16,104833.31
2021-07-26 15:00:00,317.17,318.99,316.23,318.35,77115.38
2021-07-26 16:00:00,318.32,321.05,316.65,317.63,222837.01
2021-07-26 17:00:00,317.62,319.64,316.12,318.75,107313.41
2021-07-26 18:00:00,318.76,321.55,318.22,320.06,115786.07
2021-07-26 19:00:00,320.06,324.86,317.37,317.5,227663.36
2021-07-26 20:00:00,317.49,318.04,303.63,307.48,550280.45
2021-07-26 21:00:00,307.48,308.15,300.62,305.07,227655.66
2021-07-26 22:00:00,305.06,307.1,301.89,305.86,175424.14
2021-07-26 23:00:00,305.86,306.03,303.1,303.8,112184.9
2021-07-27 00:00:00,303.79,307.69,301.33,306.23,174738.76
2021-07-27 01:00:00,306.23,306.5,299.18,299.88,203380.65
2021-07-27 02:00:00,299.86,302.73,297.32,298.96,163269.8
2021-07-27 03:00:00,298.95,302.48,298.13,301.01,100843.72
2021-07-27 04:00:00,301.01,303.58,300.04,302.44,101572.27
2021-07-27 05:00:00,302.43,305.4,301.82,304.91,113749.28
2021-07-27 06:00:00,304.89,306.1,301.61,301.98,128835.72
2021-07-27 07:00:00,301.95,304.49,301.83,304.0,108293.53
2021-07-27 08:00:00,303.99,305.19,302.68,304.67,85236.15
2021-07-27 09:00:00,304.68,308.0,304.27,307.18,110069.55
2021-07-27 10:00:00,307.19,309.69,305.51,309.03,100782.67
2021-07-27 11:00:00,309.03,315.73,308.54,315.18,201869.07
2021-07-27 12:00:00,315.18,317.9,313.27,316.41,166940.47
2021-07-27 13:00:00,316.43,318.28,313.5,316.13,165506.57
2021-07-27 14:00:00,316.12,317.58,310.38,314.21,313171.43
2021-07-27 15:00:00,314.25,316.41,311.69,312.62,142062.58
2021-07-27 16:00:00,312.62,313.95,304.05,304.22,280024.97
2021-07-27 17:00:00,304.2,306.99,304.14,306.48,102120.57
2021-07-27 18:00:00,306.47,308.3,303.4,307.28,123092.91
2021-07-27 19:00:00,307.31,308.98,305.66,306.0,64462.37
2021-07-27 20:00:00,306.05,308.29,306.0,307.61,77226.98
2021-07-27 21:00:00,307.61,311.37,307.49,309.62,112676.78
2021-07-27 22:00:00,309.62,314.4,307.51,313.13,161526.88
2021-07-27 23:00:00,313.13,313.83,309.75,313.24,119595.01
2021-07-28 00:00:00,313.21,313.75,309.44,309.59,115815.52
2021-07-28 01:00:00,309.59,313.8,308.54,313.73,123612.73
2021-07-28 02:00:00,313.73,316.6,312.08,313.23,186972.83
2021-07-28 03:00:00,313.23,314.4,310.76,311.32,138136.74
2021-07-28 04:00:00,311.31,312.93,310.45,310.64,63178.0
2021-07-28 05:00:00,310.63,313.69,310.56,313.54,71399.79
2021-07-28 06:00:00,313.54,313.55,308.0,308.95,102995.13
2021-07-28 07:00:00,308.93,315.63,308.86,314.21,143752.56
2021-07-28 08:00:00,314.22,317.0,311.5,312.63,162754.67
2021-07-28 09:00:00,312.63,316.49,311.71,316.49,96647.64
2021-07-28 10:00:00,316.46,318.07,314.89,315.51,178696.5
2021-07-28 11:00:00,315.5,318.73,315.0,317.14,139562.66
2021-07-28 12:00:00,317.14,317.46,311.48,311.92,161844.26
2021-07-28 13:00:00,311.91,314.29,311.48,312.99,100806.01
2021-07-28 14:00:00,312.98,314.0,311.78,313.33,70982.51
2021-07-28 15:00:00,313.34,314.84,312.5,314.04,53922.48
2021-07-28 16:00:00,314.04,315.97,312.85,315.89,84004.17
2021-07-28 17:00:00,315.88,316.71,308.41,309.13,203996.35
2021-07-28 18:00:00,309.12,317.67,307.31,315.98,234967.19
2021-07-28 19:00:00,315.94,317.13,313.44,314.5,96481.02
2021-07-28 20:00:00,314.49,314.49,311.44,312.06,79477.44
2021-07-28 21:00:00,312.07,313.39,311.31,312.49,61603.34
2021-07-28 22:00:00,312.48,314.67,311.6,312.45,63089.43
2021-07-28 23:00:00,312.43,314.3,311.21,313.67,71184.58
2021-07-29 00:00:00,313.66,313.9,309.12,309.12,128217.1
2021-07-29 01:00:00,309.13,311.72,308.05,311.26,95822.43
2021-07-29 02:00:00,311.25,314.0,310.85,312.16,68126.6
2021-07-29 03:00:00,312.16,312.99,309.9,310.06,63181.48
2021-07-29 04:00:00,310.06,315.87,309.0,314.29,147260.39
2021-07-29 05:00:00,314.28,315.69,312.25,314.43,93117.46
2021-07-29 06:00:00,314.47,315.24,313.87,314.27,65031.54
2021-07-29 07:00:00,314.28,314.67,312.66,313.38,51518.86
2021-07-29 08:00:00,313.39,314.66,311.89,312.87,94151.52
2021-07-29 09:00:00,312.88,316.21,312.53,315.75,112562.31
2021-07-29 10:00:00,315.75,316.0,313.57,314.54,86246.39
2021-07-29 11:00:00,314.53,315.16,310.0,311.42,145181.68
2021-07-29 12:00:00,311.43,313.55,310.5,313.45,100394.65
2021-07-29 13:00:00,313.42,315.05,312.85,314.56,84478.16
2021-07-29 14:00:00,314.56,315.55,312.0,314.76,131438.1
2021-07-29 15:00:00,314.76,315.2,313.27,314.3,78690.96
2021-07-29 16:00:00,314.29,315.33,313.51,314.41,68732.25
2021-07-29 17:00:00,314.41,315.49,313.92,314.17,51255.08
2021-07-29 18:00:00,314.17,314.43,312.44,312.75,83346.22
2021-07-29 19:00:00,312.75,313.59,312.2,313.13,46223.61
2021-07-29 20:00:00,313.14,314.72,312.77,314.6,54566.98
2021-07-29 21:00:00,314.61,314.86,312.86,313.02,47609.73
2021-07-29 22:00:00,313.03,314.74,312.64,314.48,57296.87
2021-07-29 23:00:00,314.48,320.53,314.24,317.15,253495.09
2021-07-30 00:00:00,317.12,317.97,315.0,316.56,103206.17
2021-07-30 01:00:00,316.57,323.36,315.99,323.24,165550.91
2021-07-30 02:00:00,323.24,326.0,321.5,321.71,155385.75
2021-07-30 03:00:00,321.7,323.47,321.6,321.71,59906.86
2021-07-30 04:00:00,321.74,322.5,319.67,321.39,96010.74
2021-07-30 05:00:00,321.39,321.69,319.5,319.87,58285.32
2021-07-30 06:00:00,319.86,320.09,318.2,319.72,65832.67
2021-07-30 07:00:00,319.72,319.98,318.51,319.0,47937.51
2021-07-30 08:00:00,319.01,319.16,309.51,311.39,264362.62
2021-07-30 09:00:00,311.38,311.49,306.0,309.65,274280.99
2021-07-30 10:00:00,309.65,310.77,307.0,310.28,117219.15
2021-07-30 11:00:00,310.28,310.56,308.36,309.22,74128.01
2021-07-30 12:00:00,309.22,309.79,307.99,308.22,94283.74
2021-07-30 13:00:00,308.23,310.2,308.04,309.05,81293.96
2021-07-30 14:00:00,309.06,311.31,308.91,310.8,88582.94
2021-07-30 15:00:00,310.81,311.78,309.81,311.66,67735.94
2021-07-30 16:00:00,311.66,312.05,310.24,310.87,79027.31
2021-07-30 17:00:00,310.87,312.29,310.87,312.22,50973.5
2021-07-30 18:00:00,312.22,312.41,310.96,311.8,45515.89
2021-07-30 19:00:00,311.79,314.64,311.73,314.37,74846.84
2021-07-30 20:00:00,314.38,319.35,313.84,317.28,215180.28
2021-07-30 21:00:00,317.33,321.59,317.26,319.78,145918.62
2021-07-30 22:00:00,319.78,321.15,317.47,319.99,121944.62
2021-07-30 23:00:00,319.94,323.11,319.57,322.78,161884.65
2021-07-31 00:00:00,322.81,324.55,320.39,322.65,170097.35
2021-07-31 01:00:00,322.65,323.83,320.64,322.42,77356.37
2021-07-31 02:00:00,322.42,323.84,321.42,322.5,70232.22
2021-07-31 03:00:00,322.5,323.79,320.7,322.76,86820.11
2021-07-31 04:00:00,322.76,323.55,320.8,322.6,62012.47
2021-07-31 05:00:00,322.59,322.72,317.34,320.03,119255.13
2021-07-31 06:00:00,320.04,320.17,317.91,318.65,58938.49
2021-07-31 07:00:00,318.64,320.67,318.43,320.14,51232.55
2021-07-31 08:00:00,320.14,322.61,319.61,322.42,77394.37
2021-07-31 09:00:00,322.42,324.18,321.56,322.75,79704.18
2021-07-31 10:00:00,322.74,334.95,322.3,333.55,370937.4
2021-07-31 11:00:00,333.54,338.0,330.65,332.12,306326.98
2021-07-31 12:00:00,332.11,332.55,329.5,331.33,146149.38
2021-07-31 13:00:00,331.33,331.68,328.0,328.78,111024.0
2021-07-31 14:00:00,328.78,331.23,326.48,328.95,181683.93
2021-07-31 15:00:00,328.96,329.72,327.56,329.65,87109.92
2021-07-31 16:00:00,329.61,330.0,327.55,328.03,77138.16
2021-07-31 17:00:00,328.04,329.25,326.69,327.35,67056.62
2021-07-31 18:00:00,327.35,332.06,327.09,331.81,81539.18
2021-07-31 19:00:00,331.82,332.3,330.53,330.86,66804.68
2021-07-31 20:00:00,330.85,333.79,329.84,332.68,87414.78
2021-07-31 21:00:00,332.72,338.81,332.72,337.55,147648.39
2021-07-31 22:00:00,337.52,338.0,335.22,337.99,77865.36
2021-07-31 23:00:00,337.99,338.21,331.32,332.5,101459.72
2021-08-01 00:00:00,332.5,339.76,330.6,339.3,183497.33
2021-08-01 01:00:00,339.3,342.58,337.48,339.0,156273.76
2021-08-01 02:00:00,338.97,340.69,337.18,340.51,90200.64
2021-08-01 03:00:00,340.5,348.15,339.31,346.81,180659.56
2021-08-01 04:00:00,346.8,347.5,343.22,343.5,133778.15
2021-08-01 05:00:00,343.51,345.0,340.49,343.22,107557.48
2021-08-01 06:00:00,343.25,345.24,341.31,344.3,114357.3
2021-08-01 07:00:00,344.31,345.5,341.1,341.77,92857.89
2021-08-01 08:00:00,341.78,344.11,341.11,343.18,64921.6
2021-08-01 09:00:00,343.17,345.0,342.53,344.05,61111.63
2021-08-01 10:00:00,344.05,344.07,337.85,339.32,128748.1
2021-08-01 11:00:00,339.33,340.98,336.77,340.15,160517.86
2021-08-01 12:00:00,340.14,342.46,339.32,340.26,88077.76
2021-08-01 13:00:00,340.26,340.72,337.89,338.2,87701.39
2021-08-01 14:00:00,338.24,340.59,337.23,339.46,94082.91
2021-08-01 15:00:00,339.45,341.9,338.03,338.88,106195.39
2021-08-01 16:00:00,338.88,339.1,332.0,337.74,243257.88
2021-08-01 17:00:00,337.74,339.53,333.88,336.26,129445.27
2021-08-01 18:00:00,336.26,338.29,335.43,336.53,72566.46
2021-08-01 19:00:00,336.54,340.5,332.75,339.46,136721.29
2021-08-01 20:00:00,339.46,344.34,338.99,342.6,157836.02
2021-08-01 21:00:00,342.61,342.84,339.62,340.64,90488.64
2021-08-01 22:00:00,340.63,342.34,334.89,337.03,137482.04
2021-08-01 23:00:00,337.04,337.95,328.68,332.57,186345.56
2021-08-02 00:00:00,332.58,334.5,327.0,328.08,139337.89
2021-08-02 01:00:00,328.13,329.65,326.36,327.21,122033.19
2021-08-02 02:00:00,327.22,330.85,327.05,330.43,84656.62
2021-08-02 03:00:00,330.43,331.42,328.57,330.01,70466.55
2021-08-02 04:00:00,330.0,331.75,328.72,329.58,69317.63
2021-08-02 05:00:00,329.57,331.61,329.45,330.68,53845.2
2021-08-02 06:00:00,330.69,337.57,329.74,336.68,135113.81
2021-08-02 07:00:00,336.68,338.22,334.7,336.09,103147.11
2021-08-02 08:00:00,336.06,336.97,331.26,331.91,135097.11
2021-08-02 09:00:00,331.91,333.84,330.0,333.09,97367.99
2021-08-02 10:00:00,333.1,334.95,332.37,334.4,54459.09
2021-08-02 11:00:00,334.39,334.52,331.54,332.81,85525.48
2021-08-02 12:00:00,332.8,334.0,327.21,330.2,159811.39
2021-08-02 13:00:00,330.19,333.91,329.0,333.38,98896.22
2021-08-02 14:00:00,333.41,334.31,332.48,333.2,68298.16
2021-08-02 15:00:00,333.19,335.8,333.19,334.38,73477.7
2021-08-02 16:00:00,334.41,337.0,333.5,335.35,95513.24
2021-08-02 17:00:00,335.34,336.19,334.04,334.84,53592.13
2021-08-02 18:00:00,334.84,335.45,333.63,334.21,38995.58
2021-08-02 19:00:00,334.21,335.49,330.53,331.57,81487.19
2021-08-02 20:00:00,331.54,332.66,328.01,328.55,114151.79
2021-08-02 21:00:00,328.54,331.44,328.0,330.57,57521.68
2021-08-02 22:00:00,330.57,332.89,330.1,332.56,48236.49
2021-08-02 23:00:00,332.55,333.65,330.32,330.53,54973.84
2021-08-03 00:00:00,330.56,334.7,327.79,331.87,115940.28
2021-08-03 01:00:00,331.87,331.91,326.5,327.25,106042.29
2021-08-03 02:00:00,327.23,329.2,325.55,327.65,67070.54
2021-08-03 03:00:00,327.66,328.65,325.06,326.18,74778.52
2021-08-03 04:00:00,326.18,327.92,321.6,322.16,114994.93
2021-08-03 05:00:00,322.19,322.48,317.82,320.84,169594.94
2021-08-03 06:00:00,320.83,322.6,320.0,320.76,73164.21
2021-08-03 07:00:00,320.73,323.59,319.69,323.22,83899.9
2021-08-03 08:00:00,323.22,323.45,321.41,322.42,58283.71
2021-08-03 09:00:00,322.43,323.15,321.0,322.76,58222.56
2021-08-03 10:00:00,322.81,324.43,322.13,323.43,61607.28
2021-08-03 11:00:00,323.42,323.46,321.06,321.12,56753.56
2021-08-03 12:00:00,321.11,322.4,317.08,322.21,172626.65
2021-08-03 13:00:00,322.24,323.98,322.12,322.49,76858.68
2021-08-03 14:00:00,322.5,324.6,321.65,322.15,81602.92
2021-08-03 15:00:00,322.16,322.76,319.12,321.31,98512.46
2021-08-03 16:00:00,321.3,323.37,320.03,323.09,78067.42
2021-08-03 17:00:00,323.12,324.0,320.44,320.56,61008.04
2021-08-03 18:00:00,320.57,322.46,319.3,322.4,69043.21
2021-08-03 19:00:00,322.4,323.54,320.69,321.28,49560.91
2021-08-03 20:00:00,321.28,321.98,319.73,321.32,57786.89
2021-08-03 21:00:00,321.32,323.0,321.21,322.19,47804.54
2021-08-03 22:00:00,322.21,324.27,322.21,323.44,48294.62
2021-08-03 23:00:00,323.43,325.0,322.34,323.46,49561.56
2021-08-04 00:00:00,323.46,324.4,320.69,323.43,72547.73
2021-08-04 01:00:00,323.43,325.38,323.02,323.73,49650.98
2021-08-04 02:00:00,323.7,324.68,322.33,322.71,39845.58
2021-08-04 03:00:00,322.72,323.18,320.6,320.98,54732.04
2021-08-04 04:00:00,320.93,323.13,320.35,322.5,49033.41
2021-08-04 05:00:00,322.52,324.19,321.96,322.21,53973.36
2021-08-04 06:00:00,322.2,323.35,321.28,321.7,60847.64
2021-08-04 07:00:00,321.71,322.23,320.75,321.81,56301.49
2021-08-04 08:00:00,321.81,322.72,319.67,320.54,75921.56
2021-08-04 09:00:00,320.54,321.88,319.82,321.53,46181.44
2021-08-04 10:00:00,321.54,323.93,321.31,323.56,70232.85
2021-08-04 11:00:00,323.55,324.0,322.6,323.49,61356.09
2021-08-04 12:00:00,323.48,329.17,323.47,328.83,147889.1
2021-08-04 13:00:00,328.82,330.19,326.95,328.59,151808.42
2021-08-04 14:00:00,328.63,330.95,327.64,330.86,79439.09
2021-08-04 15:00:00,330.85,334.0,330.81,332.18,123450.49
2021-08-04 16:00:00,332.17,335.45,331.18,334.69,105065.52
2021-08-04 17:00:00,334.7,334.88,332.28,333.24,70110.06
2021-08-04 18:00:00,333.24,335.09,333.24,333.5,58873.26
2021-08-04 19:00:00,333.5,334.5,333.0,334.35,42424.83
2021-08-04 20:00:00,334.35,336.31,333.97,335.32,70894.28
2021-08-04 21:00:00,335.29,336.61,334.56,335.15,49340.05
2021-08-04 22:00:00,335.15,337.19,333.6,334.73,79481.01
2021-08-04 23:00:00,334.72,336.65,333.25,334.88,61736.56
2021-08-05 00:00:00,334.87,336.49,333.12,333.36,53106.84
2021-08-05 01:00:00,333.36,334.17,331.25,333.3,85236.17
2021-08-05 02:00:00,333.31,334.44,332.4,333.97,43196.79
2021-08-05 03:00:00,333.92,334.8,332.91,334.32,39861.79
2021-08-05 04:00:00,334.33,335.19,333.23,333.72,39027.17
2021-08-05 05:00:00,333.72,334.4,333.02,333.9,30411.65
2021-08-05 06:00:00,333.89,333.89,330.22,331.65,68993.49
2021-08-05 07:00:00,331.66,331.95,328.36,329.81,90427.98
2021-08-05 08:00:00,329.8,331.65,327.5,327.81,97362.73
2021-08-05 09:00:00,327.75,328.97,323.57,324.48,176762.12
2021-08-05 10:00:00,324.47,327.1,324.0,326.05,103130.06
2021-08-05 11:00:00,326.08,329.19,325.15,327.23,118989.71
2021-08-05 12:00:00,327.23,328.48,323.55,327.92,159734.21
2021-08-05 13:00:00,327.93,329.27,325.23,328.35,121431.19
2021-08-05 14:00:00,328.37,332.5,327.02,332.01,239946.71
2021-08-05 15:00:00,332.01,332.8,329.09,330.14,138002.34
2021-08-05 16:00:00,330.14,333.24,329.9,333.18,90918.4
2021-08-05 17:00:00,333.18,337.04,332.25,336.94,140849.08
2021-08-05 18:00:00,336.95,339.17,334.15,337.72,137353.75
2021-08-05 19:00:00,337.72,340.26,336.03,337.08,125278.39
2021-08-05 20:00:00,337.08,338.95,337.08,338.17,71507.62
2021-08-05 21:00:00,338.17,339.5,335.21,338.13,86548.75
2021-08-05 22:00:00,338.11,339.26,337.11,337.38,48958.68
2021-08-05 23:00:00,337.38,339.49,337.38,338.11,54058.43
2021-08-06 00:00:00,338.08,339.67,335.24,336.07,98822.33
2021-08-06 01:00:00,336.08,337.59,335.44,336.92,54464.63
2021-08-06 02:00:00,336.93,337.3,333.67,334.4,66506.13
2021-08-06 03:00:00,334.49,336.56,333.33,333.63,68615.71
2021-08-06 04:00:00,333.63,334.81,332.25,332.99,48010.55
2021-08-06 05:00:00,332.99,336.22,332.65,336.14,59194.85
2021-08-06 06:00:00,336.17,337.6,334.93,337.06,87037.01
2021-08-06 07:00:00,337.06,337.3,334.8,335.24,57362.78
2021-08-06 08:00:00,335.24,336.7,334.21,336.48,49804.46
2021-08-06 09:00:00,336.47,336.47,333.41,333.8,84437.86
2021-08-06 10:00:00,333.8,334.79,332.62,333.75,69922.62
2021-08-06 11:00:00,333.76,334.16,332.38,332.63,56497.72
2021-08-06 12:00:00,332.63,335.25,330.95,334.44,113364.43
2021-08-06 13:00:00,334.44,337.36,333.95,336.88,91529.24
2021-08-06 14:00:00,336.88,337.18,335.46,336.41,59206.22
2021-08-06 15:00:00,336.41,343.62,336.1,343.3,248982.34
2021-08-06 16:00:00,343.26,346.46,341.52,343.83,243512.19
2021-08-06 17:00:00,343.85,346.3,343.76,345.19,113889.23
2021-08-06 18:00:00,345.17,347.46,344.22,345.44,99936.58
2021-08-06 19:00:00,345.45,346.36,340.1,342.4,128778.5
2021-08-06 20:00:00,342.41,343.93,340.29,341.17,88556.32
2021-08-06 21:00:00,341.17,341.46,338.2,338.47,82715.42
2021-08-06 22:00:00,338.47,341.48,338.47,340.83,55744.72
2021-08-06 23:00:00,340.83,342.86,339.32,342.28,64620.17
2021-08-07 00:00:00,342.27,346.1,340.31,346.03,74548.44
2021-08-07 01:00:00,345.99,347.94,343.92,347.6,90858.63
2021-08-07 02:00:00,347.6,350.34,345.5,349.78,129936.02
2021-08-07 03:00:00,349.78,351.76,347.28,350.69,124966.32
2021-08-07 04:00:00,350.69,354.05,349.52,349.61,129110.31
2021-08-07 05:00:00,349.61,352.0,349.53,350.99,67815.17
2021-08-07 06:00:00,350.99,351.34,346.22,347.67,103527.84
2021-08-07 07:00:00,347.67,349.96,346.5,347.91,75805.87
2021-08-07 08:00:00,347.9,349.94,347.2,349.86,64840.1
2021-08-07 09:00:00,349.85,356.51,349.07,354.58,187926.38
2021-08-07 10:00:00,354.58,357.95,353.81,355.0,152509.96
2021-08-07 11:00:00,354.98,357.0,352.99,356.33,89673.45
2021-08-07 12:00:00,356.32,359.99,350.36,352.18,264513.44
2021-08-07 13:00:00,352.19,354.61,348.55,350.08,155081.52
2021-08-07 14:00:00,350.09,353.85,350.09,352.7,74003.12
2021-08-07 15:00:00,352.71,355.02,351.75,352.01,88562.02
2021-08-07 16:00:00,352.01,352.68,344.2,352.03,262012.0
2021-08-07 17:00:00,352.03,352.23,347.68,349.44,96244.6
2021-08-07 18:00:00,349.41,351.46,347.86,350.45,54995.61
2021-08-07 19:00:00,350.47,352.5,349.2,351.72,60863.26
2021-08-07 20:00:00,351.72,353.09,350.25,353.03,63158.34
2021-08-07 21:00:00,353.04,354.99,349.55,350.09,80488.14
2021-08-07 22:00:00,350.09,353.68,349.71,352.4,63071.54
2021-08-07 23:00:00,352.35,357.0,352.34,356.25,75625.26
2021-08-08 00:00:00,356.25,358.73,353.95,356.13,117131.92
2021-08-08 01:00:00,356.18,356.6,349.22,350.58,106989.69
2021-08-08 02:00:00,350.56,350.56,347.65,349.38,79956.38
2021-08-08 03:00:00,349.37,354.26,348.85,353.88,68775.66
2021-08-08 04:00:00,353.87,355.0,351.38,352.46,64978.29
2021-08-08 05:00:00,352.47,355.32,350.63,355.11,72709.09
2021-08-08 06:00:00,355.1,359.99,354.95,358.35,183714.07
2021-08-08 07:00:00,358.36,360.0,355.3,355.99,106788.27
2021-08-08 08:00:00,355.99,357.55,352.69,352.9,81907.04
2021-08-08 09:00:00,352.89,355.5,352.72,353.66,64918.61
2021-08-08 10:00:00,353.64,354.99,350.0,351.25,95145.61
2021-08-08 11:00:00,351.24,352.82,350.05,350.6,64445.08
2021-08-08 12:00:00,350.59,355.03,350.06,354.48,80640.64
2021-08-08 13:00:00,354.49,355.7,352.3,353.27,74318.58
2021-08-08 14:00:00,353.28,354.01,345.88,346.26,161171.99
2021-08-08 15:00:00,346.26,347.94,345.1,346.61,105925.25
2021-08-08 16:00:00,346.61,348.38,341.59,342.37,128405.21
2021-08-08 17:00:00,342.37,343.77,339.0,341.74,139044.45
2021-08-08 18:00:00,341.75,343.2,339.83,340.97,74600.86
2021-08-08 19:00:00,340.96,341.77,337.03,340.15,118108.47
2021-08-08 20:00:00,340.12,343.01,338.25,340.07,95941.14
2021-08-08 21:00:00,340.08,343.38,339.91,343.07,65951.51
2021-08-08 22:00:00,343.07,345.26,342.47,343.94,66034.22
2021-08-08 23:00:00,343.93,345.49,341.3,341.99,83780.69
2021-08-09 00:00:00,342.0,343.84,335.56,336.1,165077.26
2021-08-09 01:00:00,336.09,337.58,333.35,335.47,113036.48
2021-08-09 02:00:00,335.47,338.7,334.71,338.69,54186.47
2021-08-09 03:00:00,338.69,340.16,337.0,339.24,46178.13
2021-08-09 04:00:00,339.24,342.23,338.39,340.82,55929.93
2021-08-09 05:00:00,340.82,342.1,340.03,341.63,48035.8
2021-08-09 06:00:00,341.63,342.74,338.65,341.09,80976.41
2021-08-09 07:00:00,341.05,344.21,340.68,343.51,72490.2
2021-08-09 08:00:00,343.48,345.99,342.32,344.94,84559.98
2021-08-09 09:00:00,344.94,350.6,344.41,350.31,171912.1
2021-08-09 10:00:00,350.34,354.99,349.6,354.84,184281.93
2021-08-09 11:00:00,354.84,357.61,353.22,357.38,168459.72
2021-08-09 12:00:00,357.4,357.82,353.5,356.09,133372.34
2021-08-09 13:00:00,356.09,357.01,351.6,352.58,116480.76
2021-08-09 14:00:00,352.57,356.78,351.91,352.91,155355.12
2021-08-09 15:00:00,352.91,356.61,352.9,355.88,90948.48
2021-08-09 16:00:00,355.88,357.0,354.0,355.93,88348.22
2021-08-09 17:00:00,355.93,356.29,353.5,353.76,49989.97
2021-08-09 18:00:00,353.77,357.39,353.5,355.21,94968.93
2021-08-09 19:00:00,355.19,356.5,352.72,353.72,67119.96
2021-08-09 20:00:00,353.81,355.75,349.0,349.26,126214.58
2021-08-09 21:00:00,349.33,353.72,347.3,352.06,114262.69
2021-08-09 22:00:00,352.06,354.93,350.6,354.61,61110.22
2021-08-09 23:00:00,354.61,355.65,353.17,354.46,63640.45
2021-08-10 00:00:00,354.46,356.32,350.58,352.27,101959.22
2021-08-10 01:00:00,352.27,352.88,350.03,352.37,51029.85
2021-08-10 02:00:00,352.37,353.63,351.36,353.3,35620.73
2021-08-10 03:00:00,353.29,353.43,350.55,350.78,57561.7
2021-08-10 04:00:00,350.79,351.94,349.27,349.29,63464.71
2021-08-10 05:00:00,349.26,354.23,348.7,352.72,82208.72
2021-08-10 06:00:00,352.71,353.91,349.76,353.4,77920.25
2021-08-10 07:00:00,353.4,355.5,350.97,354.85,75136.25
2021-08-10 08:00:00,354.83,358.99,353.78,358.34,133452.0
2021-08-10 09:00:00,358.33,359.6,356.37,357.64,119665.43
2021-08-10 10:00:00,357.65,358.46,353.26,353.78,129978.63
2021-08-10 11:00:00,353.78,357.43,353.76,355.46,112927.62
2021-08-10 12:00:00,355.46,368.47,354.8,368.28,392751.32
2021-08-10 13:00:00,368.27,377.34,366.06,368.41,569865.91
2021-08-10 14:00:00,368.4,375.22,367.77,371.03,316226.67
2021-08-10 15:00:00,370.99,373.56,365.56,369.84,262273.34
2021-08-10 16:00:00,369.87,370.78,362.0,365.5,238402.01
2021-08-10 17:00:00,365.5,369.0,365.41,368.8,100658.03
2021-08-10 18:00:00,368.76,370.59,367.12,369.66,92645.19
2021-08-10 19:00:00,369.66,372.0,369.04,371.26,100761.49
2021-08-10 20:00:00,371.26,373.74,370.13,371.73,93990.16
2021-08-10 21:00:00,371.73,374.59,370.42,373.34,121657.99
2021-08-10 22:00:00,373.32,375.4,370.34,370.88,101992.29
2021-08-10 23:00:00,370.82,372.7,369.52,372.03,61171.09
2021-08-11 00:00:00,372.03,380.8,371.17,380.42,200084.32
2021-08-11 01:00:00,380.43,381.03,377.5,380.38,119156.61
2021-08-11 02:00:00,380.36,382.87,377.59,378.81,118827.37
2021-08-11 03:00:00,378.81,379.88,376.68,379.19,69774.35
2021-08-11 04:00:00,379.16,381.1,377.78,380.15,70207.27
2021-08-11 05:00:00,380.15,387.41,380.15,385.25,149745.77
2021-08-11 06:00:00,385.26,390.32,385.2,387.41,200002.28
2021-08-11 07:00:00,387.4,390.89,385.92,388.17,134232.91
2021-08-11 08:00:00,388.17,389.99,384.5,386.81,126421.7
2021-08-11 09:00:00,386.81,388.68,385.0,387.12,74899.93
2021-08-11 10:00:00,387.12,388.73,385.42,387.41,72324.5
2021-08-11 11:00:00,387.4,389.17,384.62,386.39,96238.27
2021-08-11 12:00:00,386.35,387.48,384.2,386.99,89590.35
2021-08-11 13:00:00,386.99,396.48,385.49,394.52,249156.64
2021-08-11 14:00:00,394.59,402.7,393.32,398.0,303131.3
2021-08-11 15:00:00,398.01,400.88,395.95,397.25,167771.29
2021-08-11 16:00:00,397.29,399.9,395.15,398.49,121451.02
2021-08-11 17:00:00,398.48,399.78,396.7,399.0,61703.56
2021-08-11 18:00:00,399.0,399.11,396.36,397.96,59269.87
2021-08-11 19:00:00,397.96,403.08,397.0,401.8,94720.56
2021-08-11 20:00:00,401.8,409.5,400.92,402.74,218204.99
2021-08-11 21:00:00,402.74,402.74,394.24,401.09,226721.59
2021-08-11 22:00:00,401.09,401.32,387.52,392.5,225932.08
2021-08-11 23:00:00,392.49,394.68,391.0,391.24,115784.88
2021-08-12 00:00:00,391.23,398.64,389.1,398.38,149611.75
2021-08-12 01:00:00,398.37,404.8,396.25,404.09,126162.81
2021-08-12 02:00:00,404.06,406.95,402.82,405.98,129474.05
2021-08-12 03:00:00,406.0,406.12,399.81,400.39,92682.3
2021-08-12 04:00:00,400.36,402.27,392.83,393.59,166198.02
2021-08-12 05:00:00,393.59,394.79,380.08,385.4,365653.05
2021-08-12 06:00:00,385.41,386.47,377.72,384.35,220566.18
2021-08-12 07:00:00,384.35,387.85,382.6,387.3,138492.86
2021-08-12 08:00:00,387.3,388.44,384.09,386.39,112409.38
2021-08-12 09:00:00,386.39,392.0,381.46,389.86,218969.64
2021-08-12 10:00:00,389.9,392.98,389.76,390.58,104750.67
2021-08-12 11:00:00,390.57,392.64,382.57,383.31,178857.34
2021-08-12 12:00:00,383.39,386.79,379.16,382.25,165646.04
2021-08-12 13:00:00,382.32,385.34,381.17,382.35,92795.73
2021-08-12 14:00:00,382.35,382.94,372.2,375.04,255099.55
2021-08-12 15:00:00,375.08,379.46,373.9,376.75,136141.97
2021-08-12 16:00:00,376.71,379.04,371.77,375.51,165080.88
2021-08-12 17:00:00,375.51,381.0,374.14,378.36,109689.23
2021-08-12 18:00:00,378.37,385.23,378.25,384.79,120436.7
2021-08-12 19:00:00,384.79,385.73,382.37,383.69,86991.9
2021-08-12 20:00:00,383.69,387.5,382.15,386.19,97744.68
2021-08-12 21:00:00,386.19,387.0,382.72,384.87,83047.15
2021-08-12 22:00:00,384.87,385.91,376.16,378.32,144548.59
2021-08-12 23:00:00,378.28,385.97,378.28,385.8,96115.3
2021-08-13 00:00:00,385.82,392.69,383.0,389.7,220298.52
2021-08-13 01:00:00,389.74,395.0,389.74,393.68,120431.39
2021-08-13 02:00:00,393.69,395.2,391.11,393.92,79719.15
2021-08-13 03:00:00,393.92,396.86,393.92,395.08,64211.36
2021-08-13 04:00:00,395.07,395.89,390.2,393.69,62475.84
2021-08-13 05:00:00,393.69,397.97,393.69,394.87,70292.36
2021-08-13 06:00:00,394.88,400.82,393.96,400.08,148479.58
2021-08-13 07:00:00,400.08,404.85,400.08,403.0,183791.41
2021-08-13 08:00:00,403.01,405.28,400.0,402.89,143024.23
2021-08-13 09:00:00,402.9,406.5,402.55,403.55,121475.1
2021-08-13 10:00:00,403.5,406.63,402.9,403.15,90433.86
2021-08-13 11:00:00,403.15,405.38,398.06,399.14,136776.61
2021-08-13 12:00:00,399.15,403.43,399.08,402.31,106612.81
2021-08-13 13:00:00,402.3,402.8,399.46,401.86,89575.74
2021-08-13 14:00:00,401.87,403.2,397.32,399.51,112973.15
2021-08-13 15:00:00,399.51,400.56,392.8,396.06,191905.2
2021-08-13 16:00:00,396.07,399.85,393.69,399.74,109040.3
2021-08-13 17:00:00,399.75,399.84,396.67,397.67,62727.11
2021-08-13 18:00:00,397.68,399.14,396.02,397.88,45191.08
2021-08-13 19:00:00,397.89,398.36,395.45,396.35,47250.26
2021-08-13 20:00:00,396.36,405.97,395.52,405.14,199074.49
2021-08-13 21:00:00,405.15,407.54,403.68,404.51,83996.23
2021-08-13 22:00:00,404.51,405.44,404.0,404.93,48578.04
2021-08-13 23:00:00,404.93,411.72,404.32,411.21,121510.56
2021-08-14 00:00:00,411.26,411.36,404.94,407.06,121217.06
2021-08-14 01:00:00,407.07,410.68,406.88,407.1,89909.65
2021-08-14 02:00:00,407.02,409.68,405.44,407.48,69825.77
2021-08-14 03:00:00,407.49,409.46,406.95,407.52,57086.76
2021-08-14 04:00:00,407.52,408.9,404.27,405.31,70007.68
2021-08-14 05:00:00,405.31,408.2,405.06,408.07,36447.52
2021-08-14 06:00:00,408.07,412.59,407.73,410.75,109987.3
2021-08-14 07:00:00,410.74,418.41,410.73,416.04,175204.93
2021-08-14 08:00:00,416.05,417.74,414.69,416.62,90131.2
2021-08-14 09:00:00,416.61,419.54,403.02,408.12,247951.97
2021-08-14 10:00:00,408.13,411.0,401.03,403.88,349201.15
2021-08-14 11:00:00,403.88,407.69,400.0,407.32,163977.48
2021-08-14 12:00:00,407.39,407.85,402.27,402.44,116656.98
2021-08-14 13:00:00,402.44,406.42,401.39,406.34,84837.65
2021-08-14 14:00:00,406.31,412.0,404.7,411.02,154980.02
2021-08-14 15:00:00,411.03,411.12,405.76,409.68,119460.62
2021-08-14 16:00:00,409.69,410.48,406.19,408.31,79837.53
2021-08-14 17:00:00,408.3,408.36,404.26,406.24,77871.97
2021-08-14 18:00:00,406.21,408.02,404.82,405.46,46566.53
2021-08-14 19:00:00,405.46,410.0,404.26,408.11,65435.27
2021-08-14 20:00:00,408.11,408.16,400.0,403.41,134965.9
2021-08-14 21:00:00,403.41,410.0,403.24,409.49,76047.0
2021-08-14 22:00:00,409.48,409.85,406.07,406.22,59647.55
2021-08-14 23:00:00,406.21,411.62,405.72,408.9,78056.56
2021-08-15 00:00:00,408.9,411.35,405.1,408.13,91178.98
2021-08-15 01:00:00,408.11,409.56,406.21,407.9,62782.27
2021-08-15 02:00:00,407.92,411.62,407.9,409.91,76963.52
2021-08-15 03:00:00,409.92,410.61,404.59,404.92,77523.26
2021-08-15 04:00:00,404.92,405.84,402.1,405.34,90775.94
2021-08-15 05:00:00,405.35,405.98,402.79,403.36,52367.11
2021-08-15 06:00:00,403.37,405.25,401.31,402.14,78637.64
2021-08-15 07:00:00,402.18,403.74,396.44,398.24,169704.46
2021-08-15 08:00:00,398.23,402.0,396.44,399.62,110567.66
2021-08-15 09:00:00,399.6,405.0,398.3,404.03,82225.77
2021-08-15 10:00:00,404.04,405.25,401.47,403.39,74888.4
2021-08-15 11:00:00,403.39,405.0,400.71,403.6,65701.97
2021-08-15 12:00:00,403.57,404.75,401.0,401.81,59512.11
2021-08-15 13:00:00,401.81,403.22,397.62,402.48,101384.53
2021-08-15 14:00:00,402.5,407.22,400.82,402.54,145985.23
2021-08-15 15:00:00,402.53,404.23,401.55,403.74,58935.6
2021-08-15 16:00:00,403.69,405.6,400.69,401.11,76203.54
2021-08-15 17:00:00,401.07,403.5,399.17,403.29,68474.15
2021-08-15 18:00:00,403.36,405.92,402.78,405.57,62720.46
2021-08-15 19:00:00,405.56,406.75,404.57,406.73,57103.09
2021-08-15 20:00:00,406.74,409.95,406.53,409.84,71571.52
2021-08-15 21:00:00,409.84,411.44,408.13,410.63,96026.72
2021-08-15 22:00:00,410.63,413.64,410.52,413.46,70916.43
2021-08-15 23:00:00,413.45,415.42,411.88,414.4,105533.19
2021-08-16 00:00:00,414.4,419.3,412.5,415.65,173783.52
2021-08-16 01:00:00,415.65,417.94,414.83,416.73,68750.31
2021-08-16 02:00:00,416.74,417.65,415.55,417.25,44282.42
2021-08-16 03:00:00,417.25,417.5,411.35,411.66,78924.55
2021-08-16 04:00:00,411.67,416.1,411.6,415.5,63657.89
2021-08-16 05:00:00,415.51,425.7,415.47,423.45,222337.51
2021-08-16 06:00:00,423.45,423.93,419.01,421.23,100015.79
2021-08-16 07:00:00,421.24,422.44,420.04,420.67,53954.1
2021-08-16 08:00:00,420.66,427.53,420.01,425.25,211692.06
2021-08-16 09:00:00,425.24,426.44,423.0,426.17,91168.69
2021-08-16 10:00:00,426.16,430.49,426.02,430.15,139147.65
2021-08-16 11:00:00,430.13,433.43,428.22,430.54,179060.99
2021-08-16 12:00:00,430.54,432.4,426.8,432.4,173525.36
2021-08-16 13:00:00,432.39,437.92,422.62,424.61,431110.31
2021-08-16 14:00:00,424.67,428.07,421.79,422.09,210044.61
2021-08-16 15:00:00,422.1,426.67,421.18,426.66,163835.4
2021-08-16 16:00:00,426.66,429.91,424.75,428.54,133905.32
2021-08-16 17:00:00,428.53,428.53,425.2,427.41,75299.31
2021-08-16 18:00:00,427.41,428.64,425.5,428.18,61672.25
2021-08-16 19:00:00,428.08,428.92,420.5,421.14,105859.83
2021-08-16 20:00:00,421.14,421.23,412.86,418.29,232163.99
2021-08-16 21:00:00,418.28,423.36,416.61,420.56,79838.63
2021-08-16 22:00:00,420.56,423.54,418.92,421.23,62041.01
2021-08-16 23:00:00,421.22,421.46,414.25,415.83,110102.31
2021-08-17 00:00:00,415.84,417.91,408.67,412.77,177195.13
2021-08-17 01:00:00,412.73,424.4,412.33,424.32,141647.03
2021-08-17 02:00:00,424.36,426.99,422.3,426.17,108747.84
2021-08-17 03:00:00,426.18,430.0,424.63,427.35,112808.91
2021-08-17 04:00:00,427.36,430.33,426.16,428.2,93474.05
2021-08-17 05:00:00,428.18,429.44,421.86,422.2,143398.81
2021-08-17 06:00:00,422.21,423.72,417.71,418.8,146286.95
2021-08-17 07:00:00,418.81,421.51,416.33,419.14,128568.59
2021-08-17 08:00:00,419.14,425.48,419.05,423.57,115257.89
2021-08-17 09:00:00,423.56,431.7,423.4,428.57,183831.98
2021-08-17 10:00:00,428.55,432.99,427.16,428.79,159893.12
2021-08-17 11:00:00,428.8,435.44,428.8,433.05,174415.93
2021-08-17 12:00:00,433.01,436.37,428.19,428.44,173875.58
2021-08-17 13:00:00,428.48,431.87,425.0,429.72,150101.36
2021-08-17 14:00:00,429.71,431.3,422.01,422.95,177182.2
2021-08-17 15:00:00,422.95,424.64,418.39,419.13,151617.16
2021-08-17 16:00:00,419.17,423.06,417.68,418.09,150810.54
2021-08-17 17:00:00,418.09,422.27,416.33,420.66,82960.18
2021-08-17 18:00:00,420.65,424.92,419.0,421.25,113652.29
2021-08-17 19:00:00,421.28,421.78,413.42,415.46,159321.54
2021-08-17 20:00:00,415.45,416.5,401.8,410.6,296401.57
2021-08-17 21:00:00,410.56,410.56,403.44,404.8,105040.99
2021-08-17 22:00:00,404.79,408.73,398.66,408.39,189001.72
2021-08-17 23:00:00,408.38,408.38,400.0,402.07,111560.75
2021-08-18 00:00:00,402.12,406.86,394.96,400.63,197164.1
2021-08-18 01:00:00,400.59,400.64,384.92,398.66,290907.21
2021-08-18 02:00:00,398.66,398.97,392.14,395.69,147433.34
2021-08-18 03:00:00,395.69,397.02,388.0,396.82,139255.44
2021-08-18 04:00:00,396.95,400.24,395.0,398.31,114508.59
2021-08-18 05:00:00,398.31,404.72,397.4,404.58,114731.39
2021-08-18 06:00:00,404.6,405.38,401.46,404.13,88532.37
2021-08-18 07:00:00,404.14,405.07,396.96,397.52,115172.44
2021-08-18 08:00:00,397.52,401.02,395.1,399.36,94908.69
2021-08-18 09:00:00,399.38,401.63,397.24,400.46,69253.21
2021-08-18 10:00:00,400.45,403.38,396.56,397.33,123608.65
2021-08-18 11:00:00,397.34,400.88,389.57,390.93,158526.38
2021-08-18 12:00:00,390.92,398.48,390.8,397.63,130890.61
2021-08-18 13:00:00,397.67,402.0,397.35,399.99,106704.4
2021-08-18 14:00:00,399.95,405.21,399.49,403.85,111203.36
2021-08-18 15:00:00,403.85,408.97,400.09,408.56,147706.05
2021-08-18 16:00:00,408.57,411.57,405.95,410.3,163140.0
2021-08-18 17:00:00,410.37,412.48,408.28,409.08,99618.96
2021-08-18 18:00:00,409.16,410.52,403.0,403.88,128644.28
2021-08-18 19:00:00,403.87,405.55,395.43,396.65,136163.76
2021-08-18 20:00:00,396.66,398.44,390.69,390.88,132469.65
2021-08-18 21:00:00,390.88,395.0,390.16,392.88,92463.12
2021-08-18 22:00:00,392.94,398.98,392.11,398.54,69093.06
2021-08-18 23:00:00,398.54,403.78,395.79,396.21,103011.08
2021-08-19 00:00:00,396.31,403.19,393.33,402.28,142464.73
2021-08-19 01:00:00,402.28,405.57,399.65,401.25,97559.08
2021-08-19 02:00:00,401.24,401.69,397.78,399.53,85221.17
2021-08-19 03:00:00,399.53,399.82,392.6,393.22,126843.6
2021-08-19 04:00:00,393.21,396.49,391.0,395.84,127771.52
2021-08-19 05:00:00,395.87,399.27,392.7,397.33,100051.17
2021-08-19 06:00:00,397.33,398.05,394.57,397.17,67536.6
2021-08-19 07:00:00,397.18,399.15,393.62,397.68,73751.25
2021-08-19 08:00:00,397.68,405.67,397.68,404.28,208278.63
2021-08-19 09:00:00,404.33,407.48,403.73,405.07,106493.86
2021-08-19 10:00:00,405.05,407.85,400.59,401.1,125135.06
2021-08-19 11:00:00,401.09,404.27,399.56,400.32,91127.88
2021-08-19 12:00:00,400.3,407.85,400.05,406.71,137585.04
2021-08-19 13:00:00,406.78,414.8,406.78,414.43,236873.57
2021-08-19 14:00:00,414.42,423.9,414.4,421.65,310958.12
2021-08-19 15:00:00,421.64,423.2,419.37,422.79,120867.7
2021-08-19 16:00:00,422.76,424.76,417.39,417.9,143979.71
2021-08-19 17:00:00,417.9,421.99,416.7,421.56,106597.83
2021-08-19 18:00:00,421.57,428.26,420.93,428.05,161785.46
2021-08-19 19:00:00,428.06,430.48,426.8,429.34,137655.35
2021-08-19 20:00:00,429.33,430.88,425.24,429.24,116945.52
2021-08-19 21:00:00,429.23,430.44,427.0,429.31,62312.53
2021-08-19 22:00:00,429.31,430.0,426.6,430.0,64690.78
2021-08-19 23:00:00,430.0,432.3,428.18,431.51,93878.42
2021-08-20 00:00:00,431.51,436.88,430.21,432.52,174540.07
2021-08-20 01:00:00,432.52,433.0,429.29,432.26,74547.56
2021-08-20 02:00:00,432.26,432.58,429.62,431.27,65949.78
2021-08-20 03:00:00,431.26,431.8,427.55,430.37,73573.56
2021-08-20 04:00:00,430.37,430.87,428.32,428.93,63323.23
2021-08-20 05:00:00,428.93,429.71,425.5,429.3,90966.34
2021-08-20 06:00:00,429.31,430.38,427.42,428.71,49502.92
2021-08-20 07:00:00,428.73,428.81,424.1,425.63,100478.26
2021-08-20 08:00:00,425.64,427.49,422.03,427.21,113629.16
2021-08-20 09:00:00,427.22,429.0,425.46,427.25,84242.16
2021-08-20 10:00:00,427.24,431.87,426.31,431.71,93209.78
2021-08-20 11:00:00,431.71,431.77,427.0,427.59,71319.2
2021-08-20 12:00:00,427.59,430.5,427.3,430.37,68322.27
2021-08-20 13:00:00,430.37,436.56,430.25,435.23,149986.9
2021-08-20 14:00:00,435.24,449.89,434.04,448.7,414206.42
2021-08-20 15:00:00,448.59,449.0,444.45,447.8,179147.02
2021-08-20 16:00:00,447.87,454.5,445.24,448.39,284079.36
2021-08-20 17:00:00,448.34,450.84,447.05,449.45,106032.26
2021-08-20 18:00:00,449.44,450.54,443.11,445.62,107698.73
2021-08-20 19:00:00,445.62,449.76,445.61,449.34,62692.85
2021-08-20 20:00:00,449.36,452.0,448.47,449.28,67458.59
2021-08-20 21:00:00,449.29,458.83,449.15,458.15,100399.15
2021-08-20 22:00:00,458.15,458.31,450.63,453.21,120318.61
2021-08-20 23:00:00,453.2,455.73,452.44,455.29,72057.17
2021-08-21 00:00:00,455.3,455.5,445.24,447.01,136808.28
2021-08-21 01:00:00,447.0,451.52,446.3,451.4,64684.94
2021-08-21 02:00:00,451.4,454.6,449.7,450.28,63831.77
2021-08-21 03:00:00,450.28,455.97,448.51,455.96,73964.08
2021-08-21 04:00:00,455.96,458.0,452.72,453.13,120572.2
2021-08-21 05:00:00,453.13,459.5,452.03,459.33,118251.34
2021-08-21 06:00:00,459.34,459.96,454.06,455.42,109155.8
2021-08-21 07:00:00,455.42,459.86,453.4,459.79,86313.35
2021-08-21 08:00:00,459.79,460.89,456.54,457.44,103182.28
2021-08-21 09:00:00,457.46,457.5,453.97,455.2,93929.67
2021-08-21 10:00:00,455.19,459.54,454.13,457.75,77904.15
2021-08-21 11:00:00,457.8,458.84,445.0,448.94,292040.76
2021-08-21 12:00:00,448.93,460.0,447.89,458.78,169544.76
2021-08-21 13:00:00,458.78,460.3,456.2,456.72,132285.78
2021-08-21 14:00:00,456.73,457.36,449.47,451.66,114840.35
2021-08-21 15:00:00,451.66,455.77,451.31,454.73,66571.6
2021-08-21 16:00:00,454.74,457.79,452.76,455.25,84051.99
2021-08-21 17:00:00,455.26,456.73,452.69,454.92,58017.07
2021-08-21 18:00:00,454.95,455.15,448.07,452.03,139563.24
2021-08-21 19:00:00,452.03,452.2,445.6,448.25,101951.6
2021-08-21 20:00:00,448.26,450.46,445.33,447.23,76738.13
2021-08-21 21:00:00,447.23,452.6,445.36,451.88,53704.57
2021-08-21 22:00:00,451.88,454.68,451.4,454.23,58276.32
2021-08-21 23:00:00,454.22,455.09,449.0,449.25,75827.54
2021-08-22 00:00:00,449.26,454.32,448.5,453.16,77489.75
2021-08-22 01:00:00,453.16,454.94,451.38,453.61,44977.78
2021-08-22 02:00:00,453.61,454.2,449.14,450.37,49730.96
2021-08-22 03:00:00,450.35,452.29,447.64,448.67,63025.28
2021-08-22 04:00:00,448.65,452.61,448.51,452.35,44868.25
2021-08-22 05:00:00,452.34,453.0,449.66,451.86,50111.37
2021-08-22 06:00:00,451.87,456.85,451.87,455.85,86251.88
2021-08-22 07:00:00,455.85,457.74,454.93,455.96,72790.3
2021-08-22 08:00:00,455.96,457.59,452.4,454.26,99773.5
2021-08-22 09:00:00,454.27,458.78,454.27,457.78,71343.64
2021-08-22 10:00:00,457.79,459.0,454.01,454.82,91619.92
2021-08-22 11:00:00,454.82,457.33,454.5,455.85,46812.21
2021-08-22 12:00:00,455.87,456.63,451.2,451.5,85341.42
2021-08-22 13:00:00,451.5,452.62,448.6,451.51,98606.1
2021-08-22 14:00:00,451.5,452.16,440.0,441.68,180450.75
2021-08-22 15:00:00,441.72,445.42,439.0,444.36,164665.58
2021-08-22 16:00:00,444.37,447.44,441.06,444.15,121611.64
2021-08-22 17:00:00,444.14,446.5,442.42,443.95,55080.34
2021-08-22 18:00:00,443.95,443.95,438.1,441.01,92333.15
2021-08-22 19:00:00,441.01,444.74,440.61,443.83,50035.91
2021-08-22 20:00:00,443.83,443.83,439.13,440.8,49358.09
2021-08-22 21:00:00,440.8,444.14,438.93,443.82,45206.53
2021-08-22 22:00:00,443.79,447.45,442.42,446.76,66154.69
2021-08-22 23:00:00,446.75,450.45,446.43,449.22,79120.13
2021-08-23 00:00:00,449.21,451.77,447.23,451.22,87726.96
2021-08-23 01:00:00,451.2,455.65,449.68,454.29,102906.37
2021-08-23 02:00:00,454.28,456.86,452.2,456.73,92156.9
2021-08-23 03:00:00,456.73,464.73,454.44,464.72,199180.5
2021-08-23 04:00:00,464.72,479.8,463.66,478.53,329749.26
2021-08-23 05:00:00,478.54,484.36,477.0,479.94,289010.61
2021-08-23 06:00:00,479.95,482.58,477.44,481.56,156638.07
2021-08-23 07:00:00,481.57,488.0,478.5,485.5,205767.68
2021-08-23 08:00:00,485.5,490.3,484.06,489.72,168319.62
2021-08-23 09:00:00,489.72,503.6,488.12,503.55,455872.99
2021-08-23 10:00:00,503.57,506.74,493.16,497.22,623763.82
2021-08-23 11:00:00,497.22,501.06,493.11,499.23,216733.89
2021-08-23 12:00:00,499.23,502.23,494.75,498.69,156320.68
2021-08-23 13:00:00,498.6,505.8,498.41,500.47,306169.61
2021-08-23 14:00:00,500.47,504.55,490.0,491.88,402386.33
2021-08-23 15:00:00,491.86,500.5,490.85,497.69,277878.61
2021-08-23 16:00:00,497.72,503.11,495.94,501.16,222028.88
2021-08-23 17:00:00,501.15,502.22,496.0,497.65,150527.88
2021-08-23 18:00:00,497.65,510.75,496.22,506.66,318346.62
2021-08-23 19:00:00,506.65,506.65,497.09,500.07,200669.86
2021-08-23 20:00:00,500.04,507.03,495.62,506.42,184866.31
2021-08-23 21:00:00,506.42,509.11,504.57,508.38,116709.16
2021-08-23 22:00:00,508.38,508.38,502.23,503.09,120113.84
2021-08-23 23:00:00,503.13,503.14,498.72,499.18,103991.98
2021-08-24 00:00:00,499.19,505.23,492.0,496.19,224616.07
2021-08-24 01:00:00,496.17,498.0,492.06,494.32,152963.57
2021-08-24 02:00:00,494.32,497.74,493.1,495.58,91561.14
2021-08-24 03:00:00,495.58,497.7,494.66,495.36,72333.76
2021-08-24 04:00:00,495.39,499.89,491.69,499.28,136578.14
2021-08-24 05:00:00,499.27,499.41,496.65,498.13,86593.77
2021-08-24 06:00:00,498.14,498.43,495.3,497.31,125200.38
2021-08-24 07:00:00,497.32,498.75,496.0,496.58,84167.28
2021-08-24 08:00:00,496.58,498.88,496.53,497.3,74271.11
2021-08-24 09:00:00,497.24,498.2,492.88,493.63,108451.49
2021-08-24 10:00:00,493.64,495.26,486.95,488.62,185129.73
2021-08-24 11:00:00,488.64,494.56,485.58,494.24,193045.21
2021-08-24 12:00:00,494.24,494.32,487.0,491.56,139460.07
2021-08-24 13:00:00,491.58,492.33,480.15,483.6,268282.45
2021-08-24 14:00:00,483.6,485.27,475.0,481.25,269364.48
2021-08-24 15:00:00,481.25,483.2,471.01,473.47,218159.07
2021-08-24 16:00:00,473.51,474.96,461.0,468.91,439319.92
2021-08-24 17:00:00,468.86,474.86,467.23,468.49,163322.0
2021-08-24 18:00:00,468.49,474.5,467.63,474.33,115458.98
2021-08-24 19:00:00,474.32,480.93,471.1,478.21,170119.05
2021-08-24 20:00:00,478.25,480.32,474.49,479.09,115461.45
2021-08-24 21:00:00,479.08,480.71,472.72,477.12,79466.98
2021-08-24 22:00:00,477.15,483.61,476.18,480.59,98766.58
2021-08-24 23:00:00,480.59,481.68,470.83,472.23,114312.03
2021-08-25 00:00:00,472.22,480.51,471.72,479.55,138520.03
2021-08-25 01:00:00,479.51,479.77,473.44,479.61,88422.8
2021-08-25 02:00:00,479.55,485.46,478.66,482.6,128552.98
2021-08-25 03:00:00,482.56,484.72,476.21,477.14,99725.69
2021-08-25 04:00:00,477.13,483.55,476.46,480.85,98613.77
2021-08-25 05:00:00,480.84,490.49,480.74,489.44,134594.39
2021-08-25 06:00:00,489.45,495.31,487.4,493.62,169988.74
2021-08-25 07:00:00,493.62,496.59,485.74,488.43,175359.07
2021-08-25 08:00:00,488.43,489.25,472.83,473.46,277017.22
2021-08-25 09:00:00,473.35,478.75,470.02,473.69,254440.21
2021-08-25 10:00:00,473.72,479.07,472.41,477.39,124417.22
2021-08-25 11:00:00,477.39,481.25,474.25,480.27,102590.68
2021-08-25 12:00:00,480.27,489.89,477.7,488.43,181342.07
2021-08-25 13:00:00,488.39,493.45,485.0,486.67,249782.36
2021-08-25 14:00:00,486.69,505.28,480.0,503.63,587646.7
2021-08-25 15:00:00,503.64,505.99,497.11,502.67,304536.56
2021-08-25 16:00:00,502.68,505.0,498.5,504.37,194638.4
2021-08-25 17:00:00,504.38,507.76,499.5,504.01,171029.58
2021-08-25 18:00:00,504.0,506.58,503.01,504.19,83433.86
2021-08-25 19:00:00,504.2,505.57,498.48,500.16,109914.3
2021-08-25 20:00:00,500.16,503.78,497.21,498.83,101517.92
2021-08-25 21:00:00,498.82,503.84,498.58,503.23,70218.27
2021-08-25 22:00:00,503.22,504.97,499.02,500.27,77780.0
2021-08-25 23:00:00,500.27,505.0,498.95,503.49,71193.45
2021-08-26 00:00:00,503.49,518.94,500.32,517.44,309823.36
2021-08-26 01:00:00,517.48,519.82,509.04,509.47,181736.28
2021-08-26 02:00:00,509.45,514.32,507.27,510.45,116042.89
2021-08-26 03:00:00,510.45,510.98,491.5,493.62,361529.86
2021-08-26 04:00:00,493.62,495.86,488.84,493.17,228569.25
2021-08-26 05:00:00,493.15,494.97,481.39,486.02,285885.22
2021-08-26 06:00:00,486.01,491.66,482.68,483.65,244092.31
2021-08-26 07:00:00,483.64,485.5,475.81,483.2,271275.11
2021-08-26 08:00:00,483.19,487.9,478.45,483.67,230178.54
2021-08-26 09:00:00,483.68,485.89,480.44,481.0,111507.43
2021-08-26 10:00:00,481.0,488.0,478.51,485.79,172177.1
2021-08-26 11:00:00,485.79,490.87,483.5,484.01,167067.49
2021-08-26 12:00:00,484.03,493.0,475.04,484.96,437152.77
2021-08-26 13:00:00,484.95,492.0,484.11,491.66,160015.73
2021-08-26 14:00:00,491.65,493.23,484.0,484.06,159179.94
2021-08-26 15:00:00,484.06,488.14,478.83,481.54,160086.87
2021-08-26 16:00:00,481.6,484.44,471.0,479.85,255134.36
2021-08-26 17:00:00,479.89,484.98,479.61,482.72,109859.53
2021-08-26 18:00:00,482.73,484.14,478.05,481.31,96266.2
2021-08-26 19:00:00,481.3,482.28,475.32,479.61,101803.8
2021-08-26 20:00:00,479.62,481.95,478.39,481.59,68103.63
2021-08-26 21:00:00,481.59,486.0,481.34,484.59,63420.71
2021-08-26 22:00:00,484.53,486.35,481.85,482.74,67713.73
2021-08-26 23:00:00,482.74,488.0,477.54,478.14,105940.49
2021-08-27 00:00:00,478.24,481.82,467.2,481.14,290491.32
2021-08-27 01:00:00,481.14,489.39,480.66,481.84,230134.19
2021-08-27 02:00:00,481.72,485.54,481.5,481.73,76813.96
2021-08-27 03:00:00,481.7,482.46,472.12,474.36,142824.73
2021-08-27 04:00:00,474.35,475.99,469.11,474.0,123502.21
2021-08-27 05:00:00,473.99,478.72,472.55,477.36,98688.47
2021-08-27 06:00:00,477.37,479.4,475.12,478.88,72627.64
2021-08-27 07:00:00,478.88,481.9,473.2,481.36,158587.51
2021-08-27 08:00:00,481.31,482.63,477.06,478.33,102943.13
2021-08-27 09:00:00,478.33,478.99,474.68,477.5,83631.67
2021-08-27 10:00:00,477.51,480.97,477.25,480.2,101660.98
2021-08-27 11:00:00,480.24,488.0,479.35,482.22,180041.39
2021-08-27 12:00:00,482.21,485.75,480.5,483.05,126170.87
2021-08-27 13:00:00,483.06,483.24,478.0,481.72,105604.56
2021-08-27 14:00:00,481.72,496.97,480.59,490.51,357905.3
2021-08-27 15:00:00,490.51,494.0,487.3,488.91,192478.1
2021-08-27 16:00:00,488.9,489.99,485.0,487.9,128313.19
2021-08-27 17:00:00,487.96,490.77,487.56,488.09,72822.73
2021-08-27 18:00:00,488.03,490.6,487.2,488.86,46193.18
2021-08-27 19:00:00,488.87,490.19,486.79,487.15,47373.23
2021-08-27 20:00:00,487.15,493.68,485.2,491.97,111610.15
2021-08-27 21:00:00,491.97,495.43,491.09,493.25,73315.48
2021-08-27 22:00:00,493.26,493.77,490.2,492.65,70633.46
2021-08-27 23:00:00,492.65,495.1,491.24,494.95,85039.44
2021-08-28 00:00:00,495.04,497.56,491.0,492.61,119094.23
2021-08-28 01:00:00,492.61,492.98,489.43,491.56,67232.32
2021-08-28 02:00:00,491.54,491.54,486.59,488.13,67481.74
2021-08-28 03:00:00,488.11,490.85,487.89,488.09,51759.5
2021-08-28 04:00:00,488.1,490.31,487.97,489.31,42334.43
2021-08-28 05:00:00,489.31,489.68,486.57,486.87,40861.84
2021-08-28 06:00:00,486.86,489.28,482.79,488.77,105180.53
2021-08-28 07:00:00,488.74,488.76,486.01,487.02,41212.73
2021-08-28 08:00:00,487.08,489.5,486.87,487.88,46042.8
2021-08-28 09:00:00,487.88,489.0,486.0,486.19,58016.62
2021-08-28 10:00:00,486.19,488.17,485.63,486.83,42945.76
2021-08-28 11:00:00,486.82,488.0,483.51,484.48,81609.66
2021-08-28 12:00:00,484.41,490.5,484.25,489.05,136038.61
2021-08-28 13:00:00,489.02,489.63,486.27,487.77,60010.36
2021-08-28 14:00:00,487.77,487.77,483.0,485.8,84338.79
2021-08-28 15:00:00,485.81,486.75,483.7,486.74,52574.69
2021-08-28 16:00:00,486.73,491.05,485.16,488.72,96921.36
2021-08-28 17:00:00,488.74,489.49,486.95,487.93,52437.44
2021-08-28 18:00:00,487.93,489.13,485.61,486.19,44510.6
2021-08-28 19:00:00,486.19,486.45,484.3,485.81,51585.22
2021-08-28 20:00:00,485.81,487.9,485.32,487.77,30159.7
2021-08-28 21:00:00,487.76,489.23,487.06,488.61,38569.67
2021-08-28 22:00:00,488.61,489.66,484.58,485.35,60048.39
2021-08-28 23:00:00,485.36,486.71,484.0,486.61,43547.81
2021-08-29 00:00:00,486.61,495.0,485.74,494.99,138131.11
2021-08-29 01:00:00,494.95,496.4,491.8,493.5,114373.34
2021-08-29 02:00:00,493.52,495.18,485.5,487.49,104400.8
2021-08-29 03:00:00,487.45,487.67,480.3,481.92,132008.34
2021-08-29 04:00:00,481.95,483.22,478.71,481.88,114746.6
2021-08-29 05:00:00,481.88,485.14,480.62,484.65,58519.52
2021-08-29 06:00:00,484.65,486.44,483.57,485.91,52182.56
2021-08-29 07:00:00,485.91,488.5,485.36,488.14,63319.77
2021-08-29 08:00:00,488.09,490.24,485.0,488.0,95774.71
2021-08-29 09:00:00,487.93,489.38,485.71,489.34,62049.23
2021-08-29 10:00:00,489.34,489.99,487.0,488.54,43484.52
2021-08-29 11:00:00,488.53,489.3,483.99,484.99,65301.3
2021-08-29 12:00:00,484.99,487.75,483.83,485.64,50151.52
2021-08-29 13:00:00,485.66,487.13,484.25,485.31,50879.94
2021-08-29 14:00:00,485.23,486.59,480.41,480.87,80854.44
2021-08-29 15:00:00,480.87,484.16,480.1,483.41,57629.61
2021-08-29 16:00:00,483.49,484.95,479.56,483.05,90083.56
2021-08-29 17:00:00,483.06,483.39,476.11,479.84,115973.26
2021-08-29 18:00:00,479.84,481.83,479.44,480.89,39868.12
2021-08-29 19:00:00,480.9,483.06,480.9,482.61,45393.95
2021-08-29 20:00:00,482.68,483.98,481.6,482.5,51295.48
2021-08-29 21:00:00,482.5,483.03,478.0,480.76,55861.68
2021-08-29 22:00:00,480.76,484.5,480.45,482.64,60623.08
2021-08-29 23:00:00,482.64,484.1,479.74,480.06,52929.12
2021-08-30 00:00:00,480.04,481.18,473.23,473.91,100968.56
2021-08-30 01:00:00,473.89,479.27,472.45,476.89,71633.46
2021-08-30 02:00:00,476.89,480.37,476.8,477.53,49215.84
2021-08-30 03:00:00,477.53,478.85,471.38,474.2,88102.76
2021-08-30 04:00:00,474.2,476.77,472.39,474.58,69847.41
2021-08-30 05:00:00,474.59,478.47,473.42,478.01,51571.18
2021-08-30 06:00:00,478.01,478.01,473.33,476.7,69667.1
2021-08-30 07:00:00,476.68,479.12,475.63,478.78,57328.83
2021-08-30 08:00:00,478.78,480.19,477.3,478.65,45905.45
2021-08-30 09:00:00,478.65,479.62,477.2,477.71,35978.79
2021-08-30 10:00:00,477.71,478.32,475.97,477.26,35210.95
2021-08-30 11:00:00,477.26,478.11,473.0,474.89,70891.73
2021-08-30 12:00:00,474.89,474.93,465.18,466.3,190797.23
2021-08-30 13:00:00,466.29,469.0,462.36,468.39,145767.12
2021-08-30 14:00:00,468.38,471.65,466.39,467.47,126071.36
2021-08-30 15:00:00,467.5,473.9,467.2,472.78,76922.26
2021-08-30 16:00:00,472.78,475.27,471.43,474.88,88791.6
2021-08-30 17:00:00,474.88,476.05,473.3,475.53,65956.25
2021-08-30 18:00:00,475.52,478.52,474.43,477.94,75386.31
2021-08-30 19:00:00,477.94,479.24,476.06,478.57,79256.14
2021-08-30 20:00:00,478.57,481.6,478.18,480.51,84086.34
2021-08-30 21:00:00,480.5,480.75,475.35,478.09,73745.75
2021-08-30 22:00:00,478.12,479.01,469.27,470.58,110987.75
2021-08-30 23:00:00,470.57,470.57,457.16,460.29,253556.98
2021-08-31 00:00:00,460.28,463.18,451.84,457.11,215713.71
2021-08-31 01:00:00,457.06,458.4,454.2,456.22,69116.19
2021-08-31 02:00:00,456.23,457.84,452.94,457.82,68936.57
2021-08-31 03:00:00,457.83,462.22,457.07,461.62,72227.97
2021-08-31 04:00:00,461.6,465.0,460.6,461.34,94372.0
2021-08-31 05:00:00,461.33,464.5,460.62,462.96,69404.35
2021-08-31 06:00:00,462.95,464.44,457.39,458.96,128498.69
2021-08-31 07:00:00,458.96,469.3,455.98,468.51,193879.93
2021-08-31 08:00:00,468.46,470.5,465.1,465.93,146287.01
2021-08-31 09:00:00,465.93,466.5,461.74,462.82,119743.3
2021-08-31 10:00:00,462.83,465.9,459.28,462.77,107349.99
2021-08-31 11:00:00,462.77,472.92,461.24,470.86,173988.94
2021-08-31 12:00:00,470.87,472.6,467.41,469.79,103927.96
2021-08-31 13:00:00,469.8,476.5,469.8,475.54,148981.84
2021-08-31 14:00:00,475.53,477.85,468.32,469.3,208671.14
2021-08-31 15:00:00,469.3,473.0,468.68,472.33,103181.39
2021-08-31 16:00:00,472.33,474.87,469.7,470.46,112193.42
2021-08-31 17:00:00,470.46,471.58,463.62,466.76,126201.23
2021-08-31 18:00:00,466.76,470.02,465.31,469.0,72818.71
2021-08-31 19:00:00,469.0,470.35,466.27,468.9,39440.77
2021-08-31 20:00:00,468.9,469.28,462.94,464.73,58301.14
2021-08-31 21:00:00,464.73,467.28,461.07,462.31,72564.52
2021-08-31 22:00:00,462.29,463.84,458.03,462.73,73196.5
2021-08-31 23:00:00,462.77,467.0,460.39,464.44,70165.16
2021-09-01 00:00:00,464.48,466.56,457.45,457.79,125869.88
2021-09-01 01:00:00,457.78,461.57,455.64,460.41,96895.52
2021-09-01 02:00:00,460.37,463.27,458.9,461.14,54286.99
2021-09-01 03:00:00,461.14,464.1,458.91,463.78,62855.66
2021-09-01 04:00:00,463.76,465.98,462.75,465.73,62178.48
2021-09-01 05:00:00,465.72,470.42,464.67,470.1,107673.86
2021-09-01 06:00:00,470.09,470.5,466.18,468.25,81194.81
2021-09-01 07:00:00,468.25,470.44,466.68,469.07,86136.36
2021-09-01 08:00:00,469.07,471.9,468.26,470.11,90882.94
2021-09-01 09:00:00,470.11,476.13,469.78,474.39,139169.67
2021-09-01 10:00:00,474.4,475.81,471.88,472.99,98970.84
2021-09-01 11:00:00,472.89,482.1,472.61,481.95,185084.66
2021-09-01 12:00:00,481.95,484.96,479.2,481.37,189934.17
2021-09-01 13:00:00,481.37,483.4,477.4,479.36,153801.2
2021-09-01 14:00:00,479.47,482.7,477.65,478.28,110016.5
2021-09-01 15:00:00,478.3,480.47,478.1,480.19,64083.29
2021-09-01 16:00:00,480.21,486.44,478.7,485.49,227718.14
2021-09-01 17:00:00,485.5,489.8,483.1,484.84,200236.85
2021-09-01 18:00:00,484.84,488.5,484.84,485.38,79158.62
2021-09-01 19:00:00,485.38,486.09,482.49,485.0,87239.18
2021-09-01 20:00:00,485.0,486.49,483.76,485.04,51116.37
2021-09-01 21:00:00,485.04,488.56,484.35,487.84,59045.13
2021-09-01 22:00:00,487.85,489.5,482.6,484.77,90476.26
2021-09-01 23:00:00,484.77,490.73,484.5,489.5,91255.88
2021-09-02 00:00:00,489.5,498.35,486.25,498.16,194162.4
2021-09-02 01:00:00,498.17,505.44,495.81,500.2,327506.96
2021-09-02 02:00:00,500.21,500.42,493.31,493.63,161509.07
2021-09-02 03:00:00,493.64,496.2,493.26,493.48,83453.36
2021-09-02 04:00:00,493.46,494.21,489.0,493.08,151274.58
2021-09-02 05:00:00,493.08,493.36,489.55,490.21,84178.3
2021-09-02 06:00:00,490.22,493.61,489.56,493.37,89820.49
2021-09-02 07:00:00,493.37,496.45,486.89,489.81,177880.05
2021-09-02 08:00:00,489.81,493.88,488.62,492.9,108969.21
2021-09-02 09:00:00,492.89,493.31,489.46,491.11,67570.61
2021-09-02 10:00:00,491.11,492.07,489.93,491.78,52816.82
2021-09-02 11:00:00,491.79,492.9,490.11,492.89,49586.95
2021-09-02 12:00:00,492.9,495.22,491.69,492.49,94677.78
2021-09-02 13:00:00,492.5,493.85,491.67,492.86,54452.15
2021-09-02 14:00:00,492.86,493.71,478.0,482.95,299140.11
2021-09-02 15:00:00,482.94,486.19,478.51,482.66,171659.45
2021-09-02 16:00:00,482.66,487.34,482.54,486.84,76870.22
2021-09-02 17:00:00,486.83,487.28,483.56,486.8,70226.31
2021-09-02 18:00:00,486.8,487.6,482.28,485.21,68588.04
2021-09-02 19:00:00,485.22,486.92,484.1,486.76,44996.51
2021-09-02 20:00:00,486.75,488.29,485.15,487.12,48043.49
2021-09-02 21:00:00,487.13,491.63,486.0,490.04,62714.65
2021-09-02 22:00:00,490.05,490.94,487.89,489.45,41594.44
2021-09-02 23:00:00,489.43,489.43,483.68,484.08,61664.57
2021-09-03 00:00:00,484.07,486.0,473.0,476.47,177498.41
2021-09-03 01:00:00,476.42,478.98,475.34,477.52,71844.34
2021-09-03 02:00:00,477.55,483.64,477.22,483.15,82054.17
2021-09-03 03:00:00,483.15,487.75,482.35,487.27,72187.23
2021-09-03 04:00:00,487.27,489.49,486.05,488.71,69924.15
2021-09-03 05:00:00,488.71,489.67,484.78,487.25,92897.79
2021-09-03 06:00:00,487.24,489.16,483.91,484.89,53061.17
2021-09-03 07:00:00,484.9,485.78,482.8,484.69,57388.18
2021-09-03 08:00:00,484.69,490.43,483.77,489.72,81011.69
2021-09-03 09:00:00,489.81,491.39,487.51,489.32,152081.94
2021-09-03 10:00:00,489.28,493.81,485.19,487.72,171635.65
2021-09-03 11:00:00,487.69,490.64,484.3,490.08,103508.02
2021-09-03 12:00:00,490.13,494.5,488.11,492.09,162513.02
2021-09-03 13:00:00,492.08,494.05,490.3,493.53,95868.31
2021-09-03 14:00:00,493.52,495.05,491.12,491.94,121974.1
2021-09-03 15:00:00,491.97,494.06,491.8,493.4,80017.67
2021-09-03 16:00:00,493.41,494.2,490.58,493.03,69544.15
2021-09-03 17:00:00,493.03,493.68,490.81,491.71,52549.38
2021-09-03 18:00:00,491.71,492.0,488.5,491.0,66234.14
2021-09-03 19:00:00,490.99,491.78,489.3,490.49,42086.28
2021-09-03 20:00:00,490.5,490.65,487.14,489.19,66966.65
2021-09-03 21:00:00,489.19,491.0,488.63,490.5,30084.04
2021-09-03 22:00:00,490.54,490.54,483.8,485.57,85634.29
2021-09-03 23:00:00,485.56,489.0,484.02,488.78,57919.28
2021-09-04 00:00:00,488.82,493.36,486.34,491.99,101113.51
2021-09-04 01:00:00,491.99,491.99,487.5,488.35,55352.68
2021-09-04 02:00:00,488.34,490.48,485.55,490.42,44387.97
2021-09-04 03:00:00,490.43,491.36,489.32,490.06,40080.53
2021-09-04 04:00:00,490.09,491.48,489.07,489.63,52829.31
2021-09-04 05:00:00,489.63,490.25,488.04,489.47,31084.8
2021-09-04 06:00:00,489.48,494.35,488.74,492.76,87448.91
2021-09-04 07:00:00,492.77,494.4,489.13,490.27,86727.35
2021-09-04 08:00:00,490.3,492.08,488.64,491.56,56704.28
2021-09-04 09:00:00,491.58,494.95,490.85,494.44,113377.53
2021-09-04 10:00:00,494.45,495.95,488.73,488.85,156548.2
2021-09-04 11:00:00,488.86,491.24,487.63,490.37,85989.91
2021-09-04 12:00:00,490.35,510.0,490.26,505.55,454393.97
2021-09-04 13:00:00,505.55,511.04,505.38,506.21,240012.33
2021-09-04 14:00:00,506.21,507.08,496.06,500.97,296123.2
2021-09-04 15:00:00,500.96,505.9,498.94,500.44,158506.42
2021-09-04 16:00:00,500.47,502.64,496.56,496.8,149707.71
2021-09-04 17:00:00,496.74,498.21,490.08,497.19,198296.17
2021-09-04 18:00:00,497.19,498.56,495.2,496.07,76940.63
2021-09-04 19:00:00,496.07,496.12,492.31,495.07,69929.82
2021-09-04 20:00:00,495.07,499.87,494.64,498.76,69254.5
2021-09-04 21:00:00,498.79,501.16,497.79,501.03,50978.51
2021-09-04 22:00:00,501.02,503.55,498.78,499.58,90216.57
2021-09-04 23:00:00,499.59,501.71,494.65,498.42,111931.84
2021-09-05 00:00:00,498.47,501.41,493.27,500.61,114387.63
2021-09-05 01:00:00,500.63,500.98,493.6,495.23,91874.54
2021-09-05 02:00:00,495.23,498.6,494.73,496.03,50632.07
2021-09-05 03:00:00,496.02,496.56,491.76,493.3,86397.93
2021-09-05 04:00:00,493.35,495.46,491.7,494.94,54354.14
2021-09-05 05:00:00,494.94,495.39,491.04,491.91,47350.17
2021-09-05 06:00:00,491.92,494.48,488.87,494.24,88149.76
2021-09-05 07:00:00,494.24,495.69,493.27,494.52,55464.24
2021-09-05 08:00:00,494.52,497.28,493.67,496.13,82926.04
2021-09-05 09:00:00,496.13,497.3,494.92,496.07,55468.27
2021-09-05 10:00:00,496.08,498.5,494.63,495.22,76561.78
2021-09-05 11:00:00,495.23,496.76,492.39,494.05,89153.17
2021-09-05 12:00:00,494.06,494.85,493.22,494.7,45902.2
2021-09-05 13:00:00,494.7,498.4,494.28,497.65,80951.62
2021-09-05 14:00:00,497.63,500.54,495.0,496.69,158863.34
2021-09-05 15:00:00,496.69,497.84,493.4,495.51,91199.94
2021-09-05 16:00:00,495.51,501.15,495.5,497.98,152054.63
2021-09-05 17:00:00,497.99,499.91,497.88,499.4,49043.73
2021-09-05 18:00:00,499.4,500.18,497.03,497.63,43153.96
2021-09-05 19:00:00,497.64,500.27,497.42,498.55,75412.19
2021-09-05 20:00:00,498.56,504.8,498.55,504.54,116010.79
2021-09-05 21:00:00,504.55,505.5,501.94,504.11,121506.86
2021-09-05 22:00:00,504.12,506.53,501.81,504.79,84636.63
2021-09-05 23:00:00,504.8,506.11,500.22,505.71,102918.73
2021-09-06 00:00:00,505.7,510.55,500.0,503.01,185416.2
2021-09-06 01:00:00,503.01,503.54,500.98,502.31,55658.49
2021-09-06 02:00:00,502.3,502.4,497.27,498.57,94348.64
2021-09-06 03:00:00,498.57,500.61,498.04,499.65,51211.42
2021-09-06 04:00:00,499.65,500.75,498.1,500.42,41974.77
2021-09-06 05:00:00,500.42,501.78,499.01,500.18,57808.11
2021-09-06 06:00:00,500.19,505.52,499.7,503.6,86709.31
2021-09-06 07:00:00,503.6,506.49,502.32,505.11,77563.0
2021-09-06 08:00:00,505.12,505.24,502.63,503.51,60435.2
2021-09-06 09:00:00,503.52,506.99,502.5,506.69,81523.25
2021-09-06 10:00:00,506.67,508.0,505.0,507.5,93695.21
2021-09-06 11:00:00,507.5,508.0,496.5,498.47,274473.24
2021-09-06 12:00:00,498.46,498.55,487.0,493.18,307843.02
2021-09-06 13:00:00,493.19,496.14,490.66,495.73,94271.53
2021-09-06 14:00:00,495.74,499.59,494.96,498.87,111840.64
2021-09-06 15:00:00,498.87,499.49,497.0,497.88,67484.81
2021-09-06 16:00:00,497.88,500.12,495.92,496.85,95712.79
2021-09-06 17:00:00,496.84,498.86,496.84,497.87,38759.15
2021-09-06 18:00:00,497.87,499.41,496.5,498.75,52631.05
2021-09-06 19:00:00,498.75,499.88,497.2,497.84,56561.29
2021-09-06 20:00:00,497.86,498.36,496.37,498.05,37455.57
2021-09-06 21:00:00,498.06,499.88,497.22,499.77,34725.53
2021-09-06 22:00:00,499.76,500.81,497.77,498.57,76965.72
2021-09-06 23:00:00,498.56,498.9,493.72,496.29,97607.54
2021-09-07 00:00:00,496.3,499.27,494.85,496.9,68458.7
2021-09-07 01:00:00,496.86,499.77,496.36,499.6,61491.72
2021-09-07 02:00:00,499.67,505.88,499.6,502.66,156978.86
2021-09-07 03:00:00,502.65,503.91,495.73,496.33,107617.63
2021-09-07 04:00:00,496.34,498.58,495.03,497.12,81545.51
2021-09-07 05:00:00,497.13,497.83,495.25,497.29,51381.55
2021-09-07 06:00:00,497.3,498.5,491.16,491.49,106145.64
2021-09-07 07:00:00,491.51,493.68,489.61,491.72,163734.85
2021-09-07 08:00:00,491.73,491.73,471.1,477.0,444332.54
2021-09-07 09:00:00,477.02,482.46,454.0,468.71,340503.78
2021-09-07 10:00:00,468.7,472.67,465.85,471.07,204158.93
2021-09-07 11:00:00,471.12,473.6,468.81,469.54,109020.34
2021-09-07 12:00:00,469.55,472.31,466.12,471.66,97676.55
2021-09-07 13:00:00,471.7,473.87,468.52,468.72,85282.74
2021-09-07 14:00:00,468.69,471.5,392.0,395.27,849890.25
2021-09-07 15:00:00,395.27,426.3,332.95,416.05,1289098.48
2021-09-07 16:00:00,415.89,436.0,412.08,433.98,500502.32
2021-09-07 17:00:00,433.99,436.0,420.0,421.2,423446.5
2021-09-07 18:00:00,421.14,425.68,405.0,418.69,414383.23
2021-09-07 19:00:00,418.66,421.99,410.85,412.76,173015.95
2021-09-07 20:00:00,412.85,420.69,409.2,415.15,209340.68
2021-09-07 21:00:00,415.16,417.28,405.26,411.88,140976.08
2021-09-07 22:00:00,411.85,419.39,407.39,418.21,146062.86
2021-09-07 23:00:00,418.21,421.83,412.0,418.7,149222.8
2021-09-08 00:00:00,418.68,420.58,410.4,420.26,165751.22
2021-09-08 01:00:00,420.23,422.12,413.33,421.47,103672.95
2021-09-08 02:00:00,421.56,425.32,420.54,421.8,84209.91
2021-09-08 03:00:00,421.81,422.79,411.19,413.18,141636.74
2021-09-08 04:00:00,413.15,420.31,411.28,414.48,105556.1
2021-09-08 05:00:00,414.47,418.68,408.73,409.5,106770.73
2021-09-08 06:00:00,409.5,412.26,390.0,391.58,421575.72
2021-09-08 07:00:00,391.58,401.0,390.0,390.74,216487.15
2021-09-08 08:00:00,390.79,402.58,381.8,402.35,383584.74
2021-09-08 09:00:00,402.31,407.33,397.7,406.89,154589.94
2021-09-08 10:00:00,406.86,408.99,399.29,406.12,149416.45
2021-09-08 11:00:00,406.11,413.17,402.78,408.59,141669.72
2021-09-08 12:00:00,408.57,415.74,408.57,411.23,121621.99
2021-09-08 13:00:00,411.41,417.91,406.4,413.71,179083.34
2021-09-08 14:00:00,413.68,414.57,406.07,408.42,121085.61
2021-09-08 15:00:00,408.41,417.31,408.23,413.73,153128.55
2021-09-08 16:00:00,413.73,419.77,410.56,418.25,126307.29
2021-09-08 17:00:00,418.25,418.35,411.28,415.1,89971.85
2021-09-08 18:00:00,415.09,419.72,413.43,419.72,72343.21
2021-09-08 19:00:00,419.71,419.75,416.78,419.32,67333.02
2021-09-08 20:00:00,419.36,419.62,412.66,415.4,96604.26
2021-09-08 21:00:00,415.4,417.75,411.2,412.98,45198.63
2021-09-08 22:00:00,413.0,423.23,412.12,419.31,126101.17
2021-09-08 23:00:00,419.25,421.42,412.61,414.84,86186.37
2021-09-09 00:00:00,414.83,418.53,412.14,417.17,114568.69
2021-09-09 01:00:00,417.15,417.17,409.25,413.14,78811.37
2021-09-09 02:00:00,413.13,414.88,404.06,405.74,132717.55
2021-09-09 03:00:00,405.74,410.8,403.73,409.69,92201.79
2021-09-09 04:00:00,409.69,413.18,408.23,412.01,57131.68
2021-09-09 05:00:00,412.01,415.49,409.81,415.32,73940.28
2021-09-09 06:00:00,415.31,416.14,412.0,415.08,70133.1
2021-09-09 07:00:00,415.08,418.99,411.21,416.77,101274.25
2021-09-09 08:00:00,416.76,420.5,415.29,418.24,90979.97
2021-09-09 09:00:00,418.24,419.86,415.3,416.04,66477.69
2021-09-09 10:00:00,416.04,416.5,411.68,414.07,105824.06
2021-09-09 11:00:00,414.07,418.06,413.05,416.08,65863.23
2021-09-09 12:00:00,416.05,418.96,404.98,414.18,208243.17
2021-09-09 13:00:00,414.17,421.0,413.62,415.55,168425.66
2021-09-09 14:00:00,415.64,424.0,415.64,420.19,126641.81
2021-09-09 15:00:00,420.18,422.25,417.0,420.08,75483.07
2021-09-09 16:00:00,420.09,425.94,418.28,424.77,96756.23
2021-09-09 17:00:00,424.69,436.64,424.61,427.8,257916.53
2021-09-09 18:00:00,427.91,429.99,419.18,420.7,154126.32
2021-09-09 19:00:00,420.72,422.76,417.21,420.07,89733.41
2021-09-09 20:00:00,420.06,422.0,416.12,417.66,79994.2
2021-09-09 21:00:00,417.71,422.16,417.2,422.07,37097.9
2021-09-09 22:00:00,422.06,424.6,419.14,422.53,59599.18
2021-09-09 23:00:00,422.49,425.43,419.52,421.41,64688.7
2021-09-10 00:00:00,421.41,430.3,419.45,427.51,103776.77
2021-09-10 01:00:00,427.52,439.86,427.35,439.67,138984.89
2021-09-10 02:00:00,439.67,439.76,433.28,433.41,77719.5
2021-09-10 03:00:00,433.5,434.55,430.5,432.51,78996.54
2021-09-10 04:00:00,432.51,433.82,428.62,429.15,57949.46
2021-09-10 05:00:00,429.15,429.81,425.12,429.11,76283.21
2021-09-10 06:00:00,429.11,429.29,424.25,424.58,46253.53
2021-09-10 07:00:00,424.58,426.0,415.33,418.0,136722.78
2021-09-10 08:00:00,417.99,420.42,407.78,413.08,179359.52
2021-09-10 09:00:00,413.04,416.66,408.3,414.69,107888.47
2021-09-10 10:00:00,414.68,416.84,413.4,415.61,53199.24
2021-09-10 11:00:00,415.65,416.76,411.36,415.74,57018.61
2021-09-10 12:00:00,415.79,416.99,411.52,411.76,66132.05
2021-09-10 13:00:00,411.75,413.12,406.01,408.35,140261.55
2021-09-10 14:00:00,408.3,411.2,395.57,398.77,339698.29
2021-09-10 15:00:00,398.79,406.39,393.24,405.52,201088.69
2021-09-10 16:00:00,405.48,406.0,402.29,403.55,71053.58
2021-09-10 17:00:00,403.55,408.2,402.01,408.03,57710.82
2021-09-10 18:00:00,407.98,409.44,406.77,408.01,56690.25
2021-09-10 19:00:00,408.04,408.53,405.41,407.65,43415.73
2021-09-10 20:00:00,407.63,409.68,400.36,400.85,79222.15
2021-09-10 21:00:00,400.84,404.04,393.77,398.33,95599.62
2021-09-10 22:00:00,398.4,401.66,394.67,395.88,76364.26
2021-09-10 23:00:00,395.81,402.21,393.56,401.38,70298.8
2021-09-11 00:00:00,401.38,404.99,399.72,403.79,62566.88
2021-09-11 01:00:00,403.8,408.58,403.24,406.99,46028.0
2021-09-11 02:00:00,407.04,409.08,405.24,406.97,52868.89
2021-09-11 03:00:00,406.97,407.46,399.55,402.66,64342.67
2021-09-11 04:00:00,402.66,408.14,402.53,407.56,44132.44
2021-09-11 05:00:00,407.54,408.35,401.09,406.72,57952.04
2021-09-11 06:00:00,406.71,408.65,405.17,406.78,47081.27
2021-09-11 07:00:00,406.79,407.35,400.34,406.25,70429.46
2021-09-11 08:00:00,406.25,407.92,402.74,406.87,57778.4
2021-09-11 09:00:00,406.87,411.15,404.07,410.86,66337.94
2021-09-11 10:00:00,410.86,415.25,409.68,413.04,98678.78
2021-09-11 11:00:00,413.05,413.39,407.66,410.27,76738.6
2021-09-11 12:00:00,410.28,413.88,408.71,411.58,66513.9
2021-09-11 13:00:00,411.59,413.2,409.21,411.88,52590.53
2021-09-11 14:00:00,411.93,415.1,411.73,413.68,57904.63
2021-09-11 15:00:00,413.65,413.99,410.42,410.99,50144.02
2021-09-11 16:00:00,410.99,414.68,408.14,412.93,65218.28
2021-09-11 17:00:00,412.93,414.42,411.33,411.68,39795.24
2021-09-11 18:00:00,411.67,412.25,409.7,412.12,34380.62
2021-09-11 19:00:00,412.05,413.12,408.24,408.58,45902.71
2021-09-11 20:00:00,408.53,410.22,406.2,409.35,43761.23
2021-09-11 21:00:00,409.35,410.96,408.73,409.72,21524.1
2021-09-11 22:00:00,409.71,409.71,402.9,403.48,58141.13
2021-09-11 23:00:00,403.44,405.22,401.53,404.81,57579.15
2021-09-12 00:00:00,404.9,406.0,398.47,402.0,81357.73
2021-09-12 01:00:00,402.0,403.0,397.49,401.2,53179.29
2021-09-12 02:00:00,401.19,403.79,400.37,403.46,46996.5
2021-09-12 03:00:00,403.46,406.3,402.35,406.08,41425.97
2021-09-12 04:00:00,406.1,407.26,404.41,405.72,38567.7
2021-09-12 05:00:00,405.72,408.5,405.03,406.91,30811.41
2021-09-12 06:00:00,406.97,407.65,404.51,404.54,42672.56
2021-09-12 07:00:00,404.53,407.5,404.1,406.87,36713.22
2021-09-12 08:00:00,406.87,415.8,406.5,415.23,126890.17
2021-09-12 09:00:00,415.25,416.96,413.04,413.24,64332.21
2021-09-12 10:00:00,413.25,415.85,412.67,414.21,52402.7
2021-09-12 11:00:00,414.21,417.47,413.41,417.31,55444.47
2021-09-12 12:00:00,417.29,420.86,417.1,418.14,106665.97
2021-09-12 13:00:00,418.14,421.67,415.57,417.9,84850.8
2021-09-12 14:00:00,417.91,419.69,417.01,417.24,42688.13
2021-09-12 15:00:00,417.24,420.08,416.05,418.33,44497.67
2021-09-12 16:00:00,418.34,419.74,417.09,417.81,37902.44
2021-09-12 17:00:00,417.81,418.32,416.5,417.76,33207.47
2021-09-12 18:00:00,417.77,418.5,415.32,417.12,37962.25
2021-09-12 19:00:00,417.02,418.13,414.2,417.37,36683.92
2021-09-12 20:00:00,417.35,419.46,406.84,408.26,121809.68
2021-09-12 21:00:00,408.25,410.36,405.35,409.86,71499.49
2021-09-12 22:00:00,409.85,416.14,409.29,415.66,59012.67
2021-09-12 23:00:00,415.6,420.48,415.56,416.43,93707.3
2021-09-13 00:00:00,416.54,419.75,413.36,414.72,56888.77
2021-09-13 01:00:00,414.73,415.57,406.0,407.16,92497.55
2021-09-13 02:00:00,407.15,408.77,400.34,402.31,123862.73
2021-09-13 03:00:00,402.3,403.81,396.45,397.28,105608.11
2021-09-13 04:00:00,397.38,401.0,396.08,400.07,83303.77
2021-09-13 05:00:00,400.0,401.74,396.29,400.24,80760.1
2021-09-13 06:00:00,400.24,401.5,397.88,401.28,55499.73
2021-09-13 07:00:00,401.28,402.66,390.49,393.58,180279.85
2021-09-13 08:00:00,393.56,395.48,389.0,392.87,139589.05
2021-09-13 09:00:00,392.88,395.84,392.0,394.32,71617.56
2021-09-13 10:00:00,394.32,397.1,393.49,395.82,49170.11
2021-09-13 11:00:00,395.82,399.26,390.72,398.28,100114.67
2021-09-13 12:00:00,398.29,399.61,396.02,396.95,62109.14
2021-09-13 13:00:00,396.95,411.72,396.13,405.05,236326.3
2021-09-13 14:00:00,405.0,405.95,381.36,388.91,431068.11
2021-09-13 15:00:00,388.9,398.2,388.16,395.11,118006.94
2021-09-13 16:00:00,395.1,397.09,392.51,394.51,66136.74
2021-09-13 17:00:00,394.57,397.01,393.54,396.43,46665.8
2021-09-13 18:00:00,396.43,397.87,394.79,396.88,35302.45
2021-09-13 19:00:00,396.87,399.17,396.08,398.57,39627.3
2021-09-13 20:00:00,398.57,402.0,398.57,401.32,42857.44
2021-09-13 21:00:00,401.38,403.71,399.63,400.28,47476.54
2021-09-13 22:00:00,400.27,401.45,397.7,399.59,42718.7
2021-09-13 23:00:00,399.6,400.69,396.6,399.1,38203.95
2021-09-14 00:00:00,399.05,402.63,395.84,399.59,75569.98
2021-09-14 01:00:00,399.6,401.74,397.88,399.83,33379.95
2021-09-14 02:00:00,399.88,400.86,396.76,397.99,34098.65
2021-09-14 03:00:00,398.04,401.98,397.82,400.71,33770.12
2021-09-14 04:00:00,400.71,402.81,399.0,399.67,38337.75
2021-09-14 05:00:00,399.68,400.62,398.5,399.69,28769.5
2021-09-14 06:00:00,399.7,402.5,398.23,401.65,53382.3
2021-09-14 07:00:00,401.65,404.74,400.9,401.92,78694.44
2021-09-14 08:00:00,401.93,406.43,401.77,404.89,55563.22
2021-09-14 09:00:00,404.9,406.73,402.25,403.65,55271.81
2021-09-14 10:00:00,403.69,404.77,402.28,403.64,32502.91
2021-09-14 11:00:00,403.57,404.19,400.49,401.44,41588.25
2021-09-14 12:00:00,401.45,404.39,397.79,403.01,107217.45
2021-09-14 13:00:00,402.99,405.01,401.81,402.5,70500.71
2021-09-14 14:00:00,402.5,405.1,400.0,405.06,69790.19
2021-09-14 15:00:00,405.0,412.88,404.7,408.79,164140.86
2021-09-14 16:00:00,408.79,409.75,406.14,406.73,66026.03
2021-09-14 17:00:00,406.72,408.0,406.28,407.65,55145.09
2021-09-14 18:00:00,407.67,407.68,404.0,405.4,70218.58
2021-09-14 19:00:00,405.4,406.38,404.1,405.26,32572.82
2021-09-14 20:00:00,405.29,407.61,404.83,406.78,33951.78
2021-09-14 21:00:00,406.77,407.51,402.42,406.32,52669.46
2021-09-14 22:00:00,406.33,412.5,405.67,412.15,85890.38
2021-09-14 23:00:00,412.15,414.56,411.31,414.28,60532.08
2021-09-15 00:00:00,414.3,415.37,411.45,412.32,71046.76
2021-09-15 01:00:00,412.31,414.57,410.14,410.89,40237.91
2021-09-15 02:00:00,410.92,415.3,410.5,414.97,40998.79
2021-09-15 03:00:00,414.97,415.0,412.66,413.01,41335.5
2021-09-15 04:00:00,413.01,417.7,412.0,415.4,80155.47
2021-09-15 05:00:00,415.41,417.0,414.35,415.94,60768.8
2021-09-15 06:00:00,415.94,419.15,413.12,418.23,76461.32
2021-09-15 07:00:00,418.23,424.41,417.0,422.12,107450.67
2021-09-15 08:00:00,422.08,424.89,420.65,421.66,74502.16
2021-09-15 09:00:00,421.66,424.26,420.82,421.79,64280.61
2021-09-15 10:00:00,421.8,427.88,421.54,426.66,105329.57
2021-09-15 11:00:00,426.65,426.72,422.86,425.41,94579.41
2021-09-15 12:00:00,425.4,429.88,423.63,425.13,147349.53
2021-09-15 13:00:00,425.14,432.24,425.14,430.69,122534.93
2021-09-15 14:00:00,430.69,435.0,430.15,432.46,140178.99
2021-09-15 15:00:00,432.47,436.69,431.6,435.04,143965.1
2021-09-15 16:00:00,435.0,435.98,433.0,433.14,76055.56
2021-09-15 17:00:00,433.14,434.54,430.3,430.47,92001.77
2021-09-15 18:00:00,430.48,431.48,428.14,430.32,95526.61
2021-09-15 19:00:00,430.3,430.83,428.62,429.67,32264.32
2021-09-15 20:00:00,429.67,431.15,426.0,426.92,59072.49
2021-09-15 21:00:00,426.92,430.85,426.91,429.79,41485.98
2021-09-15 22:00:00,429.79,430.57,428.45,430.4,27956.22
2021-09-15 23:00:00,430.39,431.88,428.7,431.28,39244.77
2021-09-16 00:00:00,431.28,433.18,426.8,426.84,55330.32
2021-09-16 01:00:00,426.85,430.42,426.28,428.09,32743.57
2021-09-16 02:00:00,428.09,429.99,427.1,428.01,33856.0
2021-09-16 03:00:00,428.0,428.36,422.03,424.75,111285.29
2021-09-16 04:00:00,424.75,432.68,424.55,432.34,110694.68
2021-09-16 05:00:00,432.34,433.21,431.07,431.61,41620.76
2021-09-16 06:00:00,431.63,433.19,431.21,431.98,34656.06
2021-09-16 07:00:00,431.98,432.42,429.25,430.09,51597.53
2021-09-16 08:00:00,430.1,430.99,426.19,427.38,67710.28
2021-09-16 09:00:00,427.37,430.16,426.04,426.58,51517.54
2021-09-16 10:00:00,426.57,427.33,422.18,424.75,88924.58
2021-09-16 11:00:00,424.75,427.9,424.07,426.67,44100.59
2021-09-16 12:00:00,426.65,433.41,425.06,429.83,131471.17
2021-09-16 13:00:00,429.82,431.57,423.68,423.89,122644.05
2021-09-16 14:00:00,423.89,426.9,417.65,423.03,160251.73
2021-09-16 15:00:00,423.02,427.93,420.5,426.0,109531.46
2021-09-16 16:00:00,426.0,427.41,425.56,426.63,43199.41
2021-09-16 17:00:00,426.64,428.86,423.34,423.49,67716.09
2021-09-16 18:00:00,423.47,425.51,422.03,424.73,41709.65
2021-09-16 19:00:00,424.74,426.22,423.57,423.68,32011.22
2021-09-16 20:00:00,423.71,425.0,416.0,417.15,99853.0
2021-09-16 21:00:00,417.11,422.63,416.29,422.62,59797.33
2021-09-16 22:00:00,422.61,423.39,421.08,422.65,37215.17
2021-09-16 23:00:00,422.65,425.2,421.82,424.49,30505.69
2021-09-17 00:00:00,424.48,425.5,420.68,420.71,57486.23
2021-09-17 01:00:00,420.72,426.25,419.68,425.65,42821.01
2021-09-17 02:00:00,425.69,426.17,419.07,419.58,46386.54
2021-09-17 03:00:00,419.58,422.0,418.58,421.62,39173.93
2021-09-17 04:00:00,421.61,423.13,418.62,422.68,34378.01
2021-09-17 05:00:00,422.67,423.74,421.27,423.69,33899.61
2021-09-17 06:00:00,423.69,424.09,419.11,421.27,44257.25
2021-09-17 07:00:00,421.26,422.48,416.8,417.59,58479.22
2021-09-17 08:00:00,417.69,422.24,416.47,421.22,52549.23
2021-09-17 09:00:00,421.23,422.29,416.51,416.97,48684.99
2021-09-17 10:00:00,416.97,416.97,407.0,409.94,193211.32
2021-09-17 11:00:00,409.93,412.63,406.3,408.14,103037.48
2021-09-17 12:00:00,408.13,410.72,405.0,410.36,90733.59
2021-09-17 13:00:00,410.4,411.37,407.14,408.86,53622.28
2021-09-17 14:00:00,408.86,413.38,408.5,411.89,62413.91
2021-09-17 15:00:00,411.9,413.04,410.2,412.18,43256.78
2021-09-17 16:00:00,412.19,414.0,410.13,413.2,47860.71
2021-09-17 17:00:00,413.19,413.67,410.5,410.77,33792.87
2021-09-17 18:00:00,410.76,411.47,406.0,409.69,87245.78
2021-09-17 19:00:00,409.7,412.1,408.4,411.73,28269.97
2021-09-17 20:00:00,411.73,412.21,405.96,406.0,44641.85
2021-09-17 21:00:00,406.0,406.73,400.0,405.98,100863.78
2021-09-17 22:00:00,406.05,408.42,402.3,403.07,62815.24
2021-09-17 23:00:00,403.09,407.56,402.34,407.14,38875.13
2021-09-18 00:00:00,407.15,407.45,401.8,407.33,55186.25
2021-09-18 01:00:00,407.34,410.6,406.06,410.06,55286.36
2021-09-18 02:00:00,410.07,411.0,408.88,410.26,27463.02
2021-09-18 03:00:00,410.26,413.21,410.2,412.78,41697.93
2021-09-18 04:00:00,412.78,416.56,412.78,416.15,76104.62
2021-09-18 05:00:00,416.15,419.08,414.5,418.54,56089.03
2021-09-18 06:00:00,418.58,419.39,416.43,419.38,50136.34
2021-09-18 07:00:00,419.38,420.39,417.0,417.82,79126.33
2021-09-18 08:00:00,417.87,419.2,417.4,417.77,34712.52
2021-09-18 09:00:00,417.78,419.0,416.08,417.55,36982.73
2021-09-18 10:00:00,417.57,419.4,417.32,418.07,29417.02
2021-09-18 11:00:00,418.07,418.91,415.0,415.91,36158.64
2021-09-18 12:00:00,415.91,417.95,414.35,415.99,62187.6
2021-09-18 13:00:00,415.97,418.0,414.94,416.99,35484.16
2021-09-18 14:00:00,416.99,417.4,415.8,416.36,23677.29
2021-09-18 15:00:00,416.35,416.84,414.09,415.54,26161.62
2021-09-18 16:00:00,415.64,416.3,412.32,412.81,46789.02
2021-09-18 17:00:00,412.8,414.41,411.35,414.17,41573.65
2021-09-18 18:00:00,414.18,414.18,411.5,412.49,25783.19
2021-09-18 19:00:00,412.49,412.83,410.23,412.0,33016.37
2021-09-18 20:00:00,411.98,412.0,407.71,409.51,53352.01
2021-09-18 21:00:00,409.51,410.64,408.58,408.87,20399.92
2021-09-18 22:00:00,408.85,410.31,408.0,409.68,33565.66
2021-09-18 23:00:00,409.68,412.11,408.8,410.75,41885.83
2021-09-19 00:00:00,410.75,411.17,407.68,407.87,29071.44
2021-09-19 01:00:00,407.87,410.69,406.18,410.31,44394.01
2021-09-19 02:00:00,410.27,410.6,408.41,409.99,24068.5
2021-09-19 03:00:00,409.96,410.4,407.85,408.6,19500.56
2021-09-19 04:00:00,408.59,410.1,407.55,408.74,21642.42
2021-09-19 05:00:00,408.73,410.5,408.04,410.38,16707.72
2021-09-19 06:00:00,410.4,410.61,409.19,410.42,21877.38
2021-09-19 07:00:00,410.46,411.71,409.7,410.85,25887.53
2021-09-19 08:00:00,410.84,412.23,410.35,411.9,22883.13
2021-09-19 09:00:00,411.89,413.85,411.1,411.89,38523.07
2021-09-19 10:00:00,411.92,412.59,409.46,409.75,32034.42
2021-09-19 11:00:00,409.76,410.31,403.17,404.74,106014.56
2021-09-19 12:00:00,404.73,406.6,403.5,405.46,64551.99
2021-09-19 13:00:00,405.46,409.42,404.9,409.01,55836.55
2021-09-19 14:00:00,409.01,412.66,408.5,410.9,75216.79
2021-09-19 15:00:00,410.88,416.47,410.8,413.65,108691.78
2021-09-19 16:00:00,413.64,418.48,413.56,417.42,91592.99
2021-09-19 17:00:00,417.41,419.3,414.32,416.15,101986.59
2021-09-19 18:00:00,416.15,418.58,415.38,416.8,53271.56
2021-09-19 19:00:00,416.85,416.9,412.42,412.94,46749.04
2021-09-19 20:00:00,412.94,415.25,411.0,414.36,57282.81
2021-09-19 21:00:00,414.37,415.2,411.38,413.12,32259.48
2021-09-19 22:00:00,413.13,414.13,405.15,406.94,100119.68
2021-09-19 23:00:00,406.92,409.62,405.5,408.74,47524.25
2021-09-20 00:00:00,408.77,409.99,401.68,403.79,114960.37
2021-09-20 01:00:00,403.79,407.94,402.52,407.09,52643.05
2021-09-20 02:00:00,407.1,407.1,393.68,393.93,200750.06
2021-09-20 03:00:00,393.92,395.71,384.62,391.16,211786.2
2021-09-20 04:00:00,391.14,394.39,386.86,392.31,101338.36
2021-09-20 05:00:00,392.32,394.35,390.9,392.83,54415.67
2021-09-20 06:00:00,392.82,394.3,389.35,391.33,59092.17
2021-09-20 07:00:00,391.34,393.37,376.49,382.38,230236.63
2021-09-20 08:00:00,382.37,386.79,380.0,385.94,109476.27
2021-09-20 09:00:00,385.96,386.54,381.22,381.79,62603.28
2021-09-20 10:00:00,381.8,387.19,378.0,381.11,162119.16
2021-09-20 11:00:00,381.1,381.87,362.26,368.99,412441.43
2021-09-20 12:00:00,368.98,373.0,353.42,368.12,410327.37
2021-09-20 13:00:00,368.11,374.5,363.75,373.95,232411.63
2021-09-20 14:00:00,373.93,374.16,368.67,370.82,114569.48
2021-09-20 15:00:00,370.82,374.58,367.64,370.97,108030.53
2021-09-20 16:00:00,370.98,374.65,366.7,370.83,149009.92
2021-09-20 17:00:00,370.84,374.47,370.35,372.94,65119.95
2021-09-20 18:00:00,372.94,373.89,364.48,366.03,98967.11
2021-09-20 19:00:00,366.15,369.23,361.21,368.43,126223.74
2021-09-20 20:00:00,368.43,369.58,362.81,365.38,73359.12
2021-09-20 21:00:00,365.43,369.2,364.2,366.35,48586.61
2021-09-20 22:00:00,366.36,371.61,362.82,364.43,75052.14
2021-09-20 23:00:00,364.49,366.71,358.64,364.15,135773.14
2021-09-21 00:00:00,364.2,364.48,342.68,351.11,407198.85
2021-09-21 01:00:00,351.1,363.18,350.31,362.8,112447.46
2021-09-21 02:00:00,362.8,367.2,361.13,365.85,89916.81
2021-09-21 03:00:00,365.86,367.21,362.44,363.69,72804.0
2021-09-21 04:00:00,363.69,366.28,359.52,360.86,73043.48
2021-09-21 05:00:00,360.87,362.13,356.55,360.34,71721.78
2021-09-21 06:00:00,360.38,366.82,360.36,365.52,79832.54
2021-09-21 07:00:00,365.5,369.96,364.47,369.87,69327.97
2021-09-21 08:00:00,369.87,372.55,367.73,371.67,80475.45
2021-09-21 09:00:00,371.64,373.44,369.21,370.42,62170.74
2021-09-21 10:00:00,370.41,374.26,368.71,373.38,68375.06
2021-09-21 11:00:00,373.38,375.52,371.31,372.24,74796.0
2021-09-21 12:00:00,372.25,375.12,370.1,370.12,105213.31
2021-09-21 13:00:00,370.13,372.86,367.22,369.44,100561.88
2021-09-21 14:00:00,369.41,370.12,362.0,365.5,139684.81
2021-09-21 15:00:00,365.49,370.27,364.84,369.71,98065.47
2021-09-21 16:00:00,369.72,370.44,362.21,362.91,101140.37
2021-09-21 17:00:00,362.92,363.82,356.56,357.87,135123.17
2021-09-21 18:00:00,357.87,363.22,357.17,359.04,115897.88
2021-09-21 19:00:00,359.02,360.75,355.08,356.98,68737.86
2021-09-21 20:00:00,356.99,358.69,345.84,347.35,163245.2
2021-09-21 21:00:00,347.38,354.92,335.72,351.84,251117.83
2021-09-21 22:00:00,351.89,355.23,344.45,345.41,131450.02
2021-09-21 23:00:00,345.44,348.62,342.05,344.26,135856.05
2021-09-22 00:00:00,344.33,351.69,341.89,346.72,127024.74
2021-09-22 01:00:00,346.73,356.07,344.17,354.59,137364.86
2021-09-22 02:00:00,354.59,355.16,352.02,352.91,56592.6
2021-09-22 03:00:00,352.9,356.11,352.23,352.98,64656.46
2021-09-22 04:00:00,352.97,354.22,349.77,350.73,55843.56
2021-09-22 05:00:00,350.74,355.33,350.74,354.12,46248.3
2021-09-22 06:00:00,354.17,358.18,350.84,358.17,55576.98
2021-09-22 07:00:00,358.19,362.0,356.58,361.18,68646.2
2021-09-22 08:00:00,361.12,362.25,358.26,359.03,48833.82
2021-09-22 09:00:00,359.03,361.86,358.63,361.82,58158.93
2021-09-22 10:00:00,361.82,363.1,359.0,361.18,50053.79
2021-09-22 11:00:00,361.17,362.5,356.6,357.44,72921.52
2021-09-22 12:00:00,357.42,360.5,356.32,359.81,48834.59
2021-09-22 13:00:00,359.81,364.3,359.06,362.18,68801.88
2021-09-22 14:00:00,362.19,363.65,360.93,362.84,50978.52
2021-09-22 15:00:00,362.84,370.0,362.84,369.49,109699.5
2021-09-22 16:00:00,369.5,373.79,369.18,373.34,85183.6
2021-09-22 17:00:00,373.34,373.95,368.52,369.53,70713.17
2021-09-22 18:00:00,369.59,379.27,368.16,371.86,203257.98
2021-09-22 19:00:00,371.86,376.84,370.67,375.64,62788.02
2021-09-22 20:00:00,375.63,377.41,374.05,376.53,37578.27
2021-09-22 21:00:00,376.52,378.92,374.12,376.74,43918.91
2021-09-22 22:00:00,376.74,379.66,375.23,378.37,52212.01
2021-09-22 23:00:00,378.36,379.6,375.58,378.82,58063.09
2021-09-23 00:00:00,378.83,379.99,371.36,372.9,107225.61
2021-09-23 01:00:00,372.89,377.19,371.51,377.17,47118.52
2021-09-23 02:00:00,377.19,377.98,374.84,377.06,34696.25
2021-09-23 03:00:00,377.06,379.8,375.58,379.58,51610.56
2021-09-23 04:00:00,379.59,383.64,377.78,380.02,84573.4
2021-09-23 05:00:00,380.01,382.15,378.01,379.34,48092.7
2021-09-23 06:00:00,379.35,381.48,376.01,380.93,47857.96
2021-09-23 07:00:00,380.98,383.97,379.27,382.71,62313.38
2021-09-23 08:00:00,382.66,383.19,376.47,376.57,61206.24
2021-09-23 09:00:00,376.58,379.13,375.06,376.27,64418.71
2021-09-23 10:00:00,376.31,378.22,371.32,373.94,95483.53
2021-09-23 11:00:00,373.94,374.09,369.0,371.43,79629.35
2021-09-23 12:00:00,371.43,374.46,369.5,371.67,74143.23
2021-09-23 13:00:00,371.66,378.7,371.02,377.66,77142.73
2021-09-23 14:00:00,377.74,378.89,376.78,378.75,41815.7
2021-09-23 15:00:00,378.7,378.91,372.44,373.24,74317.57
2021-09-23 16:00:00,373.2,375.59,372.53,374.76,38856.3
2021-09-23 17:00:00,374.77,383.4,374.77,382.83,109474.09
2021-09-23 18:00:00,382.84,383.5,380.03,382.24,56384.42
2021-09-23 19:00:00,382.23,383.0,380.56,382.32,31012.56
2021-09-23 20:00:00,382.32,382.8,380.33,381.35,25301.44
2021-09-23 21:00:00,381.4,382.66,380.53,381.12,23070.71
2021-09-23 22:00:00,381.12,382.73,378.39,380.95,45268.53
2021-09-23 23:00:00,380.9,384.45,379.67,383.36,43969.47
2021-09-24 00:00:00,383.31,385.0,379.38,379.96,96481.26
2021-09-24 01:00:00,379.95,381.5,376.21,376.96,37451.94
2021-09-24 02:00:00,376.93,377.76,374.75,375.92,36286.71
2021-09-24 03:00:00,375.92,377.76,373.62,374.48,33542.07
2021-09-24 04:00:00,374.51,375.99,372.83,374.6,44760.39
2021-09-24 05:00:00,374.64,374.64,370.22,372.74,56639.25
2021-09-24 06:00:00,372.74,375.24,370.86,370.86,46212.37
2021-09-24 07:00:00,370.86,381.32,370.67,376.5,144912.47
2021-09-24 08:00:00,376.51,380.33,373.01,374.24,73404.42
2021-09-24 09:00:00,374.22,374.23,347.0,347.31,458311.92
2021-09-24 10:00:00,347.28,352.63,343.13,344.78,254146.83
2021-09-24 11:00:00,344.77,346.68,333.3,345.11,350902.36
2021-09-24 12:00:00,345.17,345.29,338.79,340.31,130431.79
2021-09-24 13:00:00,340.31,346.76,336.2,345.95,158275.35
2021-09-24 14:00:00,345.92,354.3,345.25,351.7,171799.03
2021-09-24 15:00:00,351.75,352.07,345.01,347.44,119276.69
2021-09-24 16:00:00,347.44,350.97,346.6,350.01,67533.99
2021-09-24 17:00:00,350.01,350.03,346.17,348.07,46426.27
2021-09-24 18:00:00,348.08,351.17,347.4,349.09,37169.29
2021-09-24 19:00:00,349.1,353.74,348.9,351.77,63279.82
2021-09-24 20:00:00,351.79,356.19,351.2,356.14,48862.86
2021-09-24 21:00:00,356.14,358.83,354.68,357.49,55070.14
2021-09-24 22:00:00,357.49,358.59,355.51,357.37,38960.44
2021-09-24 23:00:00,357.39,357.82,353.03,354.98,46173.57
2021-09-25 00:00:00,354.94,358.67,353.4,357.67,59319.41
2021-09-25 01:00:00,357.67,358.6,350.57,355.04,71969.18
2021-09-25 02:00:00,355.03,357.2,353.11,353.54,41891.58
2021-09-25 03:00:00,353.54,358.57,353.13,357.25,56676.0
2021-09-25 04:00:00,357.24,360.73,357.24,357.96,51239.32
2021-09-25 05:00:00,357.96,359.31,353.36,353.74,49884.06
2021-09-25 06:00:00,353.72,357.37,353.49,356.94,33145.78
2021-09-25 07:00:00,356.93,357.48,351.14,351.89,55862.32
2021-09-25 08:00:00,351.85,353.43,343.35,351.73,194520.56
2021-09-25 09:00:00,351.72,355.65,350.75,353.62,85751.75
2021-09-25 10:00:00,353.62,356.32,352.99,353.51,55965.37
2021-09-25 11:00:00,353.48,353.48,348.24,350.46,73631.33
2021-09-25 12:00:00,350.46,352.32,349.59,350.15,58316.84
2021-09-25 13:00:00,350.15,353.1,348.14,350.1,77942.78
2021-09-25 14:00:00,350.1,351.13,346.12,347.07,94640.67
2021-09-25 15:00:00,347.05,352.24,345.66,350.54,81929.41
2021-09-25 16:00:00,350.52,351.81,347.04,349.74,72923.69
2021-09-25 17:00:00,349.67,350.78,348.37,348.59,29894.44
2021-09-25 18:00:00,348.59,350.62,346.48,347.75,49436.36
2021-09-25 19:00:00,347.73,350.5,346.73,349.55,32235.26
2021-09-25 20:00:00,349.56,350.39,347.12,348.36,39241.81
2021-09-25 21:00:00,348.38,349.03,345.93,349.02,34379.68
2021-09-25 22:00:00,349.03,350.97,348.14,350.34,33902.63
2021-09-25 23:00:00,350.36,351.14,347.44,349.39,36644.03
2021-09-26 00:00:00,349.38,350.42,344.07,346.45,72626.4
2021-09-26 01:00:00,346.42,347.08,341.66,343.57,72686.6
2021-09-26 02:00:00,343.6,343.95,336.88,338.73,124506.32
2021-09-26 03:00:00,338.72,343.14,337.51,341.27,56479.51
2021-09-26 04:00:00,341.27,341.31,337.77,340.79,67482.14
2021-09-26 05:00:00,340.79,343.12,339.5,340.26,63062.52
2021-09-26 06:00:00,340.26,341.57,337.8,338.05,82249.89
2021-09-26 07:00:00,338.06,338.89,321.68,324.44,381710.39
2021-09-26 08:00:00,324.43,327.97,319.05,325.21,376882.03
2021-09-26 09:00:00,325.29,348.29,324.41,344.03,405971.35
2021-09-26 10:00:00,343.99,346.23,337.62,339.4,159583.16
2021-09-26 11:00:00,339.39,343.83,339.36,342.24,60955.42
2021-09-26 12:00:00,342.32,347.76,342.32,345.85,91794.87
2021-09-26 13:00:00,345.84,346.68,343.55,345.6,51822.21
2021-09-26 14:00:00,345.61,348.21,343.6,347.71,54316.08
2021-09-26 15:00:00,347.66,349.78,346.15,349.61,64237.97
2021-09-26 16:00:00,349.62,352.13,345.42,346.54,88888.14
2021-09-26 17:00:00,346.51,349.53,345.88,346.66,49707.84
2021-09-26 18:00:00,346.66,348.92,346.66,347.76,25279.4
2021-09-26 19:00:00,347.76,350.42,346.79,349.15,37564.03
2021-09-26 20:00:00,349.21,352.54,349.21,351.21,50378.27
2021-09-26 21:00:00,351.21,351.43,348.0,348.32,29554.5
2021-09-26 22:00:00,348.33,350.91,342.21,342.79,63906.34
2021-09-26 23:00:00,342.8,344.56,340.03,343.93,117351.86
2021-09-27 00:00:00,343.91,349.75,340.6,348.78,81593.31
2021-09-27 01:00:00,348.78,357.3,348.1,356.97,109445.96
2021-09-27 02:00:00,356.97,357.69,352.34,354.15,76870.69
2021-09-27 03:00:00,354.15,354.58,350.87,352.43,37791.78
2021-09-27 04:00:00,352.34,353.7,351.07,352.22,34888.5
2021-09-27 05:00:00,352.22,354.64,351.99,354.61,42874.57
2021-09-27 06:00:00,354.62,356.58,350.18,350.36,58195.65
2021-09-27 07:00:00,350.39,352.7,348.0,349.1,120159.05
2021-09-27 08:00:00,349.09,352.55,348.51,350.99,56477.13
2021-09-27 09:00:00,351.0,354.0,346.37,347.32,120481.26
2021-09-27 10:00:00,347.31,350.94,346.62,349.6,62264.18
2021-09-27 11:00:00,349.6,350.8,347.71,349.46,48648.2
2021-09-27 12:00:00,349.46,350.2,345.35,347.18,79401.35
2021-09-27 13:00:00,347.25,349.0,345.36,347.46,47674.53
2021-09-27 14:00:00,347.34,350.92,342.69,344.2,112699.66
2021-09-27 15:00:00,344.21,345.91,343.0,345.6,62280.26
2021-09-27 16:00:00,345.6,345.85,340.2,342.04,74917.52
2021-09-27 17:00:00,342.04,343.62,340.1,340.93,47563.56
2021-09-27 18:00:00,340.92,342.76,339.08,340.35,43348.5
2021-09-27 19:00:00,340.34,341.75,338.96,340.2,29324.44
2021-09-27 20:00:00,340.18,340.45,336.29,336.63,67299.66
2021-09-27 21:00:00,336.62,341.31,336.0,341.27,33561.39
2021-09-27 22:00:00,341.26,343.14,340.32,341.32,47662.32
2021-09-27 23:00:00,341.32,341.7,334.63,335.03,77681.96
2021-09-28 00:00:00,334.99,338.65,333.5,336.69,59327.96
2021-09-28 01:00:00,336.69,338.2,333.95,337.78,48586.92
2021-09-28 02:00:00,337.78,340.78,336.91,338.35,44254.73
2021-09-28 03:00:00,338.41,340.71,337.51,339.63,30962.83
2021-09-28 04:00:00,339.66,341.47,339.0,340.13,38168.01
2021-09-28 05:00:00,340.12,341.11,337.62,338.77,42680.06
2021-09-28 06:00:00,338.77,339.7,335.53,338.16,44901.97
2021-09-28 07:00:00,338.14,338.81,333.31,334.32,69189.96
2021-09-28 08:00:00,334.3,337.42,332.67,336.23,84609.42
2021-09-28 09:00:00,336.23,339.62,334.37,336.86,50691.89
2021-09-28 10:00:00,336.86,338.63,335.01,337.55,47567.18
2021-09-28 11:00:00,337.56,340.49,336.55,340.0,48177.79
2021-09-28 12:00:00,340.01,341.76,337.72,338.59,55082.62
2021-09-28 13:00:00,338.6,344.46,338.13,341.57,142696.04
2021-09-28 14:00:00,341.57,342.6,335.6,337.19,115733.68
2021-09-28 15:00:00,337.12,337.88,334.83,335.27,54922.13
2021-09-28 16:00:00,335.27,337.5,332.92,333.15,72332.72
2021-09-28 17:00:00,333.21,333.62,330.03,331.42,76162.88
2021-09-28 18:00:00,331.39,335.46,329.49,333.42,67436.59
2021-09-28 19:00:00,333.42,338.74,331.8,335.8,91201.62
2021-09-28 20:00:00,335.79,338.2,335.04,336.81,57378.9
2021-09-28 21:00:00,336.84,339.0,336.74,338.74,29113.09
2021-09-28 22:00:00,338.77,338.8,334.89,335.12,42504.77
2021-09-28 23:00:00,335.08,337.1,331.32,332.87,66822.92
2021-09-29 00:00:00,332.86,338.52,331.16,336.26,101929.19
2021-09-29 01:00:00,336.26,339.78,334.5,336.5,54684.09
2021-09-29 02:00:00,336.49,339.28,336.39,337.01,37467.39
2021-09-29 03:00:00,337.02,340.6,335.88,340.45,49582.55
2021-09-29 04:00:00,340.44,343.8,340.38,342.07,70362.57
2021-09-29 05:00:00,342.07,343.82,340.8,343.3,43536.91
2021-09-29 06:00:00,343.3,344.8,341.6,344.52,40071.76
2021-09-29 07:00:00,344.54,345.0,343.96,344.67,28788.1
2021-09-29 08:00:00,344.67,344.9,343.5,344.35,29633.65
2021-09-29 09:00:00,344.36,344.92,342.72,343.85,59218.18
2021-09-29 10:00:00,343.86,370.91,343.49,368.41,821950.31
2021-09-29 11:00:00,368.41,371.7,365.6,369.29,285022.5
2021-09-29 12:00:00,369.26,374.33,366.1,368.1,290308.27
2021-09-29 13:00:00,368.1,370.5,365.5,368.06,166152.89
2021-09-29 14:00:00,368.09,372.79,367.93,371.85,170457.2
2021-09-29 15:00:00,371.84,374.98,366.48,367.64,194977.55
2021-09-29 16:00:00,367.65,369.54,365.13,366.87,171605.54
2021-09-29 17:00:00,366.87,368.21,363.4,363.87,104589.35
2021-09-29 18:00:00,363.86,366.76,363.03,364.43,94082.03
2021-09-29 19:00:00,364.46,366.34,363.21,364.2,57519.92
2021-09-29 20:00:00,364.2,364.43,359.91,362.54,114165.36
2021-09-29 21:00:00,362.54,363.54,360.76,363.06,54006.86
2021-09-29 22:00:00,363.06,366.98,361.5,366.03,79770.77
2021-09-29 23:00:00,366.05,367.0,364.63,366.68,73718.71
2021-09-30 00:00:00,366.68,370.55,365.2,370.15,166035.11
2021-09-30 01:00:00,370.12,377.44,369.16,376.85,163759.47
2021-09-30 02:00:00,376.85,378.73,375.29,377.94,112748.09
2021-09-30 03:00:00,377.96,380.0,376.0,379.75,108073.52
2021-09-30 04:00:00,379.75,383.0,379.16,381.13,141003.27
2021-09-30 05:00:00,381.13,382.73,377.55,378.62,98367.33
2021-09-30 06:00:00,378.58,380.74,376.1,376.44,69071.64
2021-09-30 07:00:00,376.44,377.27,373.12,374.86,98930.11
2021-09-30 08:00:00,374.83,376.51,371.01,373.05,136993.86
2021-09-30 09:00:00,373.06,375.35,370.35,371.53,87915.03
2021-09-30 10:00:00,371.63,375.22,370.5,371.34,67915.79
2021-09-30 11:00:00,371.37,373.45,370.11,372.75,58313.76
2021-09-30 12:00:00,372.71,379.21,372.19,376.24,118962.85
2021-09-30 13:00:00,376.24,377.4,373.51,374.32,84264.64
2021-09-30 14:00:00,374.36,377.64,373.1,377.56,73171.74
2021-09-30 15:00:00,377.57,380.7,376.38,378.7,103798.72
2021-09-30 16:00:00,378.69,380.06,375.53,380.03,92560.98
2021-09-30 17:00:00,380.02,384.84,379.99,380.56,157378.1
2021-09-30 18:00:00,380.57,386.71,380.14,385.84,99404.63
2021-09-30 19:00:00,385.88,386.16,381.55,381.62,76244.8
2021-09-30 20:00:00,381.67,384.69,380.41,381.33,52996.51
2021-09-30 21:00:00,381.33,385.74,380.8,385.56,40425.29
2021-09-30 22:00:00,385.57,388.53,384.58,385.84,79896.68
2021-09-30 23:00:00,385.87,387.27,383.43,386.87,54001.76
2021-10-01 00:00:00,386.9,391.18,385.72,387.76,114272.26
2021-10-01 01:00:00,387.77,388.52,385.37,388.44,63741.12
2021-10-01 02:00:00,388.43,388.88,380.88,383.56,86497.53
2021-10-01 03:00:00,383.55,385.97,382.85,384.95,46613.31
2021-10-01 04:00:00,384.96,386.72,382.89,385.23,53068.89
2021-10-01 05:00:00,385.23,389.07,384.95,388.76,56761.17
2021-10-01 06:00:00,388.76,393.43,387.51,393.1,107572.95
2021-10-01 07:00:00,393.11,399.0,392.39,398.56,202816.37
2021-10-01 08:00:00,398.54,404.35,397.39,403.15,186981.48
2021-10-01 09:00:00,403.13,403.92,399.0,399.87,103724.15
2021-10-01 10:00:00,399.87,414.84,398.11,409.61,434430.95
2021-10-01 11:00:00,409.6,415.91,407.3,415.21,217219.14
2021-10-01 12:00:00,415.2,417.18,410.11,411.12,173810.3
2021-10-01 13:00:00,411.13,415.64,409.27,409.27,102938.81
2021-10-01 14:00:00,409.38,413.0,407.0,409.98,126424.05
2021-10-01 15:00:00,409.99,413.65,409.57,413.13,86913.78
2021-10-01 16:00:00,413.17,417.53,411.73,416.9,103182.38
2021-10-01 17:00:00,416.93,418.88,415.43,417.44,72194.21
2021-10-01 18:00:00,417.43,419.16,415.85,418.59,63556.61
2021-10-01 19:00:00,418.59,420.69,417.18,419.91,69563.47
2021-10-01 20:00:00,419.92,420.5,416.7,419.56,64567.46
2021-10-01 21:00:00,419.56,422.99,418.92,420.73,62137.57
2021-10-01 22:00:00,420.73,421.95,413.38,415.45,93785.81
2021-10-01 23:00:00,415.45,421.82,414.88,421.19,48006.14
2021-10-02 00:00:00,421.25,421.28,415.14,417.03,72841.01
2021-10-02 01:00:00,416.98,423.32,415.58,417.93,92959.86
2021-10-02 02:00:00,417.88,418.81,416.47,417.1,36334.24
2021-10-02 03:00:00,417.1,418.4,414.22,414.62,73022.78
2021-10-02 04:00:00,414.61,416.0,410.53,412.47,67246.3
2021-10-02 05:00:00,412.47,415.57,411.32,413.76,44145.1
2021-10-02 06:00:00,413.76,417.23,413.03,416.12,44795.12
2021-10-02 07:00:00,416.15,418.83,414.59,418.07,44010.69
2021-10-02 08:00:00,418.07,420.1,416.27,419.43,65776.1
2021-10-02 09:00:00,419.43,426.0,419.41,424.67,133206.69
2021-10-02 10:00:00,424.65,424.85,420.61,422.5,86016.44
2021-10-02 11:00:00,422.49,425.4,419.01,424.91,83448.0
2021-10-02 12:00:00,424.91,425.79,422.04,422.97,64660.74
2021-10-02 13:00:00,422.97,426.9,422.0,423.42,109483.22
2021-10-02 14:00:00,423.4,428.95,423.3,428.38,116995.09
2021-10-02 15:00:00,428.38,434.06,427.77,431.48,141604.96
2021-10-02 16:00:00,431.48,435.07,430.13,434.89,128446.15
2021-10-02 17:00:00,434.9,435.36,432.2,433.88,63627.22
2021-10-02 18:00:00,433.87,435.18,432.68,434.19,51247.37
2021-10-02 19:00:00,434.2,438.14,434.0,437.88,69676.01
2021-10-02 20:00:00,437.88,438.07,433.42,433.56,65167.11
2021-10-02 21:00:00,433.57,436.96,433.57,436.04,28950.0
2021-10-02 22:00:00,436.03,437.5,434.62,434.65,36094.25
2021-10-02 23:00:00,434.67,437.28,424.26,426.63,129376.81
2021-10-03 00:00:00,426.64,432.93,421.26,423.77,140212.07
2021-10-03 01:00:00,423.82,427.92,422.65,424.88,89064.49
2021-10-03 02:00:00,424.89,429.65,423.6,425.85,74564.34
2021-10-03 03:00:00,425.86,429.4,424.27,429.24,41203.86
2021-10-03 04:00:00,429.23,430.39,427.63,428.43,37180.42
2021-10-03 05:00:00,428.43,432.49,427.5,431.87,42433.05
2021-10-03 06:00:00,431.86,433.72,429.37,432.33,50459.0
2021-10-03 07:00:00,432.33,432.51,428.43,428.81,39265.4
2021-10-03 08:00:00,428.8,431.08,427.34,427.79,50277.48
2021-10-03 09:00:00,427.79,427.86,421.8,424.64,110413.45
2021-10-03 10:00:00,424.63,427.03,423.02,425.22,53835.38
2021-10-03 11:00:00,425.26,429.31,424.56,428.03,41457.36
2021-10-03 12:00:00,428.03,429.3,426.39,427.82,40811.8
2021-10-03 13:00:00,427.82,430.89,427.03,430.36,50298.52
2021-10-03 14:00:00,430.36,430.61,427.02,428.98,47265.33
2021-10-03 15:00:00,428.99,429.39,424.85,426.45,48909.85
2021-10-03 16:00:00,426.45,429.49,425.25,429.12,54622.35
2021-10-03 17:00:00,429.13,434.91,426.43,433.03,123639.56
2021-10-03 18:00:00,433.01,436.99,432.9,435.32,116551.73
2021-10-03 19:00:00,435.3,436.3,433.16,433.36,42167.07
2021-10-03 20:00:00,433.36,434.45,431.2,431.39,40077.58
2021-10-03 21:00:00,431.41,431.88,425.6,426.39,78886.09
2021-10-03 22:00:00,426.4,430.64,425.72,429.29,52350.2
2021-10-03 23:00:00,429.29,431.06,428.0,430.1,30890.94
2021-10-04 00:00:00,430.11,430.38,423.02,423.1,61158.52
2021-10-04 01:00:00,423.09,425.58,420.39,423.15,60299.87
2021-10-04 02:00:00,423.18,423.19,415.0,416.39,111767.31
2021-10-04 03:00:00,416.38,418.1,412.16,413.46,109214.58
2021-10-04 04:00:00,413.42,417.26,411.2,416.44,114029.66
2021-10-04 05:00:00,416.5,420.14,416.44,418.39,44391.38
2021-10-04 06:00:00,418.39,418.73,415.19,416.98,46240.14
2021-10-04 07:00:00,416.98,422.42,415.54,422.27,53923.0
2021-10-04 08:00:00,422.22,422.7,417.46,419.96,63211.97
2021-10-04 09:00:00,419.96,420.92,417.9,420.83,37070.99
2021-10-04 10:00:00,420.83,421.26,417.0,419.25,43735.28
2021-10-04 11:00:00,419.29,419.72,413.67,417.85,63672.74
2021-10-04 12:00:00,417.86,421.35,415.68,420.26,49892.2
2021-10-04 13:00:00,420.24,425.83,420.04,425.57,84576.71
2021-10-04 14:00:00,425.56,428.3,413.96,417.04,178724.05
2021-10-04 15:00:00,417.04,421.0,410.31,420.4,142332.59
2021-10-04 16:00:00,420.4,425.72,419.47,421.81,116530.34
2021-10-04 17:00:00,421.82,426.51,419.43,425.57,78124.9
2021-10-04 18:00:00,425.56,429.3,425.56,428.34,71730.47
2021-10-04 19:00:00,428.36,428.94,424.23,426.81,53852.31
2021-10-04 20:00:00,426.81,427.5,423.0,423.66,48312.51
2021-10-04 21:00:00,423.73,425.86,423.09,425.09,30218.65
2021-10-04 22:00:00,425.1,426.39,420.56,422.32,39582.23
2021-10-04 23:00:00,422.36,427.89,422.2,426.22,49588.51
2021-10-05 00:00:00,426.19,428.5,423.63,428.25,54065.39
2021-10-05 01:00:00,428.24,429.49,425.65,426.47,43367.93
2021-10-05 02:00:00,426.47,427.22,423.8,426.06,45245.68
2021-10-05 03:00:00,426.07,428.58,425.78,428.28,43060.29
2021-10-05 04:00:00,428.28,428.63,424.67,425.34,36738.45
2021-10-05 05:00:00,425.33,430.21,425.06,429.62,62111.63
2021-10-05 06:00:00,429.62,433.24,429.59,431.14,71617.95
2021-10-05 07:00:00,431.22,434.29,430.7,433.77,65675.98
2021-10-05 08:00:00,433.78,437.76,431.05,435.65,101264.52
2021-10-05 09:00:00,435.65,436.21,431.31,436.07,98610.92
2021-10-05 10:00:00,436.06,444.16,435.79,438.89,209984.83
2021-10-05 11:00:00,438.89,442.93,438.17,440.58,85472.66
2021-10-05 12:00:00,440.57,441.44,438.15,439.38,63876.91
2021-10-05 13:00:00,439.37,441.19,437.02,440.64,63582.95
2021-10-05 14:00:00,440.64,441.42,431.24,435.74,132588.77
2021-10-05 15:00:00,435.74,438.0,433.0,434.28,83574.66
2021-10-05 16:00:00,434.25,436.58,432.1,435.92,64926.09
2021-10-05 17:00:00,435.92,437.38,434.5,436.63,45911.15
2021-10-05 18:00:00,436.64,439.67,436.57,437.69,71659.35
2021-10-05 19:00:00,437.69,439.85,436.67,439.74,58906.25
2021-10-05 20:00:00,439.75,442.0,439.33,441.12,71444.5
2021-10-05 21:00:00,441.12,443.28,440.16,441.65,43535.79
2021-10-05 22:00:00,441.66,442.78,440.28,441.95,37790.81
2021-10-05 23:00:00,441.95,443.74,441.36,441.86,38718.36
2021-10-06 00:00:00,441.87,442.46,439.47,440.42,42868.63
2021-10-06 01:00:00,440.41,440.51,436.02,438.26,49371.23
2021-10-06 02:00:00,438.26,438.78,436.0,438.55,28944.55
2021-10-06 03:00:00,438.55,438.74,433.61,435.7,71316.95
2021-10-06 04:00:00,435.69,436.17,430.5,433.86,82996.27
2021-10-06 05:00:00,433.87,436.27,430.5,433.24,62244.29
2021-10-06 06:00:00,433.24,436.85,432.5,433.4,45756.79
2021-10-06 07:00:00,433.4,433.96,427.75,431.79,88896.66
2021-10-06 08:00:00,431.79,432.75,418.5,420.81,185143.67
2021-10-06 09:00:00,420.8,421.25,414.5,418.45,178854.0
2021-10-06 10:00:00,418.45,423.84,416.56,421.25,100767.07
2021-10-06 11:00:00,421.22,423.52,419.53,420.09,61088.28
2021-10-06 12:00:00,420.09,429.0,419.41,428.46,120065.97
2021-10-06 13:00:00,428.46,442.24,427.62,436.5,380615.92
2021-10-06 14:00:00,436.49,438.42,433.43,438.32,110174.83
2021-10-06 15:00:00,438.35,439.81,435.26,439.61,93311.28
2021-10-06 16:00:00,439.62,440.24,435.35,438.15,85494.18
2021-10-06 17:00:00,438.15,439.44,436.55,438.1,60993.51
2021-10-06 18:00:00,438.09,438.7,434.59,434.88,46609.78
2021-10-06 19:00:00,434.89,437.2,434.65,436.1,33359.67
2021-10-06 20:00:00,436.11,438.37,431.32,432.28,70465.62
2021-10-06 21:00:00,432.27,434.16,428.77,433.34,63593.3
2021-10-06 22:00:00,433.33,434.99,431.76,434.88,39240.0
2021-10-06 23:00:00,434.88,436.57,432.96,434.59,45889.65
2021-10-07 00:00:00,434.6,434.92,426.6,429.29,90463.86
2021-10-07 01:00:00,429.28,430.81,422.84,427.74,80865.26
2021-10-07 02:00:00,427.76,431.45,427.0,429.01,45132.25
2021-10-07 03:00:00,429.0,430.66,426.45,428.04,40548.48
2021-10-07 04:00:00,428.05,433.12,427.29,431.89,44658.65
2021-10-07 05:00:00,431.88,434.19,427.09,432.97,52013.37
2021-10-07 06:00:00,432.98,438.75,431.54,434.64,86066.74
2021-10-07 07:00:00,434.64,447.0,432.8,445.39,216037.0
2021-10-07 08:00:00,445.43,450.67,444.0,449.01,224538.34
2021-10-07 09:00:00,449.01,450.36,439.2,444.91,214999.46
2021-10-07 10:00:00,444.99,445.97,440.16,441.77,76998.25
2021-10-07 11:00:00,441.73,445.64,441.16,445.06,63563.88
2021-10-07 12:00:00,445.06,445.66,438.03,441.19,100118.14
2021-10-07 13:00:00,441.19,446.69,438.22,446.51,84368.12
2021-10-07 14:00:00,446.52,446.86,434.72,438.77,151205.83
2021-10-07 15:00:00,438.76,442.18,437.41,439.42,69173.67
2021-10-07 16:00:00,439.43,441.84,435.25,441.37,68473.11
2021-10-07 17:00:00,441.38,442.86,440.13,440.92,46281.3
2021-10-07 18:00:00,440.96,441.37,438.6,439.85,35635.88
2021-10-07 19:00:00,439.8,442.6,439.8,441.93,32313.3
2021-10-07 20:00:00,441.93,443.98,440.73,443.23,37683.54
2021-10-07 21:00:00,443.31,445.2,442.5,443.76,35484.88
2021-10-07 22:00:00,443.76,443.98,437.6,439.52,60783.95
2021-10-07 23:00:00,439.52,439.74,436.6,438.26,38694.05
2021-10-08 00:00:00,438.26,441.63,436.23,440.05,46546.02
2021-10-08 01:00:00,440.04,440.95,437.87,438.37,30829.06
2021-10-08 02:00:00,438.36,438.5,432.25,433.51,92931.74
2021-10-08 03:00:00,433.52,433.87,428.89,433.3,81349.79
2021-10-08 04:00:00,433.3,434.8,430.8,433.82,34275.63
2021-10-08 05:00:00,433.81,436.52,430.98,436.37,53181.11
2021-10-08 06:00:00,436.37,440.0,431.57,434.13,108680.2
2021-10-08 07:00:00,434.12,437.43,433.05,436.53,80720.23
2021-10-08 08:00:00,436.52,440.42,435.42,439.97,99462.19
2021-10-08 09:00:00,439.97,440.36,435.0,435.32,82816.07
2021-10-08 10:00:00,435.33,437.41,433.4,435.03,60383.05
2021-10-08 11:00:00,435.03,436.12,424.22,425.34,206153.18
2021-10-08 12:00:00,425.27,426.86,420.09,423.3,356512.92
2021-10-08 13:00:00,423.29,423.66,420.0,421.3,141582.52
2021-10-08 14:00:00,421.3,426.68,420.77,424.21,121890.0
2021-10-08 15:00:00,424.19,425.64,421.67,423.97,86485.91
2021-10-08 16:00:00,423.98,425.67,422.8,424.79,63541.95
2021-10-08 17:00:00,424.8,425.05,421.27,422.88,59509.75
2021-10-08 18:00:00,422.88,425.47,422.51,423.69,52967.16
2021-10-08 19:00:00,423.68,425.11,422.0,423.52,34771.37
2021-10-08 20:00:00,423.54,423.72,416.01,417.52,99952.38
2021-10-08 21:00:00,417.55,420.6,417.2,419.53,42303.93
2021-10-08 22:00:00,419.53,422.84,419.01,421.4,41361.13
2021-10-08 23:00:00,421.35,421.35,417.49,419.38,52587.91
2021-10-09 00:00:00,419.38,422.77,416.17,422.77,79597.3
2021-10-09 01:00:00,422.77,423.98,420.11,421.16,49273.93
2021-10-09 02:00:00,421.15,423.3,419.07,423.24,35317.58
2021-10-09 03:00:00,423.24,425.14,422.14,424.2,38204.58
2021-10-09 04:00:00,424.22,425.12,423.8,424.59,31241.25
2021-10-09 05:00:00,424.58,426.15,422.8,423.78,38232.31
2021-10-09 06:00:00,423.78,426.0,423.02,423.3,67490.34
2021-10-09 07:00:00,423.3,423.91,421.22,423.35,44586.15
2021-10-09 08:00:00,423.35,423.59,420.5,421.43,41095.0
2021-10-09 09:00:00,421.45,424.09,421.0,424.09,32669.74
2021-10-09 10:00:00,424.08,424.94,422.08,424.63,42857.57
2021-10-09 11:00:00,424.62,425.37,422.39,422.65,56537.71
2021-10-09 12:00:00,422.65,424.57,422.54,423.43,33679.22
2021-10-09 13:00:00,423.44,425.08,422.61,424.08,42375.73
2021-10-09 14:00:00,424.09,424.62,422.6,423.4,42751.84
2021-10-09 15:00:00,423.4,424.15,422.36,422.78,31258.17
2021-10-09 16:00:00,422.78,423.63,419.8,420.44,56606.39
2021-10-09 17:00:00,420.42,421.7,419.23,421.18,45978.46
2021-10-09 18:00:00,421.18,422.29,420.01,421.22,19722.3
2021-10-09 19:00:00,421.22,421.69,419.62,419.85,22969.59
2021-10-09 20:00:00,419.85,420.36,417.28,420.22,43293.47
2021-10-09 21:00:00,420.21,422.2,419.3,421.96,21400.95
2021-10-09 22:00:00,421.96,422.12,420.29,421.84,17559.71
2021-10-09 23:00:00,421.84,422.75,421.01,422.31,26639.06
2021-10-10 00:00:00,422.31,422.58,418.5,418.65,40484.71
2021-10-10 01:00:00,418.69,419.14,411.22,413.61,134359.02
2021-10-10 02:00:00,413.61,415.39,411.86,413.66,65276.22
2021-10-10 03:00:00,413.57,417.7,413.3,416.91,45168.76
2021-10-10 04:00:00,417.0,420.92,416.22,420.73,68055.51
2021-10-10 05:00:00,420.73,421.35,419.2,419.92,48510.28
2021-10-10 06:00:00,419.92,422.06,419.38,421.8,41403.17
2021-10-10 07:00:00,421.8,422.32,419.71,420.93,33698.45
2021-10-10 08:00:00,420.92,422.5,420.3,421.89,46416.89
2021-10-10 09:00:00,421.89,422.07,417.59,419.39,66617.62
2021-10-10 10:00:00,419.4,419.79,417.9,419.15,28042.54
2021-10-10 11:00:00,419.14,419.83,417.22,419.55,37295.45
2021-10-10 12:00:00,419.53,420.0,416.78,418.47,36607.35
2021-10-10 13:00:00,418.48,420.99,417.71,419.22,47229.51
2021-10-10 14:00:00,419.21,420.98,418.56,418.56,32703.52
2021-10-10 15:00:00,418.56,420.48,417.27,420.0,40948.8
2021-10-10 16:00:00,419.99,420.63,417.42,417.85,31924.65
2021-10-10 17:00:00,417.86,417.97,413.55,416.33,60275.57
2021-10-10 18:00:00,416.33,416.33,414.17,416.17,28706.76
2021-10-10 19:00:00,416.15,416.22,415.0,415.33,24047.17
2021-10-10 20:00:00,415.33,419.46,414.02,414.34,93240.37
2021-10-10 21:00:00,414.34,414.38,401.33,406.99,187522.31
2021-10-10 22:00:00,406.98,408.47,404.05,408.22,70218.5
2021-10-10 23:00:00,408.22,408.9,402.4,404.1,61344.82
2021-10-11 00:00:00,404.11,408.35,399.74,408.02,100563.58
2021-10-11 01:00:00,408.02,411.01,406.96,408.88,46116.26
2021-10-11 02:00:00,408.86,412.58,408.85,412.55,34104.29
2021-10-11 03:00:00,412.54,416.27,410.84,416.05,63339.08
2021-10-11 04:00:00,416.04,417.58,415.21,416.61,57967.26
2021-10-11 05:00:00,416.59,417.64,414.84,415.9,38742.6
2021-10-11 06:00:00,415.86,417.69,415.6,416.53,38046.21
2021-10-11 07:00:00,416.53,420.38,416.53,420.16,58809.46
2021-10-11 08:00:00,420.14,424.46,420.14,423.06,109580.22
2021-10-11 09:00:00,423.06,424.17,418.65,419.79,56815.86
2021-10-11 10:00:00,419.77,421.35,416.38,416.71,55036.96
2021-10-11 11:00:00,416.72,418.23,413.37,415.66,93280.67
2021-10-11 12:00:00,415.67,418.63,415.51,418.05,48623.48
2021-10-11 13:00:00,418.05,419.86,416.8,419.08,59760.9
2021-10-11 14:00:00,419.09,420.17,416.77,419.35,58866.57
2021-10-11 15:00:00,419.34,419.62,417.19,417.62,34512.96
2021-10-11 16:00:00,417.62,418.81,415.4,415.46,55141.87
2021-10-11 17:00:00,415.46,417.42,413.59,414.43,44464.78
2021-10-11 18:00:00,414.44,415.09,411.69,413.21,49675.34
2021-10-11 19:00:00,413.2,414.06,409.3,409.54,53226.58
2021-10-11 20:00:00,409.53,409.53,404.0,406.76,110055.82
2021-10-11 21:00:00,406.76,411.0,404.79,410.74,57144.6
2021-10-11 22:00:00,410.75,413.04,408.94,411.25,49565.75
2021-10-11 23:00:00,411.25,413.65,409.66,413.36,32785.75
2021-10-12 00:00:00,413.36,413.37,406.46,409.03,69798.17
2021-10-12 01:00:00,409.03,411.92,407.0,410.84,31604.9
2021-10-12 02:00:00,410.86,411.53,405.23,406.34,53235.67
2021-10-12 03:00:00,406.36,407.87,402.56,406.72,76659.03
2021-10-12 04:00:00,406.72,410.16,404.94,409.66,40731.14
2021-10-12 05:00:00,409.66,410.15,404.07,408.9,60613.53
2021-10-12 06:00:00,408.93,409.33,404.11,404.52,50935.98
2021-10-12 07:00:00,404.51,406.09,403.3,404.27,51100.27
2021-10-12 08:00:00,404.28,407.2,403.01,404.2,57579.65
2021-10-12 09:00:00,404.19,404.64,393.8,396.39,157951.51
2021-10-12 10:00:00,396.46,397.24,392.14,396.23,153880.84
2021-10-12 11:00:00,396.28,398.73,394.84,398.07,62104.84
2021-10-12 12:00:00,398.07,398.79,392.57,395.62,108658.41
2021-10-12 13:00:00,395.61,433.1,395.51,431.13,1219639.3
2021-10-12 14:00:00,431.13,433.09,420.1,423.19,540301.58
2021-10-12 15:00:00,423.17,434.78,419.16,434.45,419513.38
2021-10-12 16:00:00,434.44,439.22,432.12,436.4,388397.58
2021-10-12 17:00:00,436.4,437.47,431.24,432.8,195582.93
2021-10-12 18:00:00,432.81,440.44,432.8,438.65,234091.18
2021-10-12 19:00:00,438.67,440.65,432.22,434.53,151853.78
2021-10-12 20:00:00,434.54,443.0,430.1,441.95,250722.33
2021-10-12 21:00:00,441.96,442.68,438.19,438.8,100147.68
2021-10-12 22:00:00,438.81,441.65,437.08,439.96,79833.81
2021-10-12 23:00:00,439.94,445.0,438.3,444.72,85885.55
2021-10-13 00:00:00,444.73,452.0,441.3,451.87,242477.1
2021-10-13 01:00:00,451.87,462.0,450.68,458.35,330996.37
2021-10-13 02:00:00,458.34,465.3,457.05,464.39,246377.4
2021-10-13 03:00:00,464.39,465.06,458.23,461.65,166334.41
2021-10-13 04:00:00,461.65,467.34,459.32,463.78,216036.01
2021-10-13 05:00:00,463.75,468.42,433.61,433.89,1124041.0
2021-10-13 06:00:00,433.8,445.79,433.0,444.27,500895.28
2021-10-13 07:00:00,444.27,453.83,440.44,442.01,437967.59
2021-10-13 08:00:00,442.01,467.73,440.86,459.03,1043615.0
2021-10-13 09:00:00,459.03,465.58,453.88,457.07,351305.74
2021-10-13 10:00:00,457.07,463.02,451.61,455.0,249968.74
2021-10-13 11:00:00,454.94,462.3,454.13,461.24,193407.97
2021-10-13 12:00:00,461.25,465.5,457.45,465.01,199290.51
2021-10-13 13:00:00,464.91,465.91,455.0,456.61,258955.6
2021-10-13 14:00:00,456.61,459.56,448.01,456.71,310316.17
2021-10-13 15:00:00,456.71,459.56,453.48,454.25,124186.79
2021-10-13 16:00:00,454.25,457.88,453.13,455.12,117759.26
2021-10-13 17:00:00,455.11,460.85,453.33,458.98,129614.45
2021-10-13 18:00:00,458.97,461.0,454.78,455.87,141720.67
2021-10-13 19:00:00,455.88,461.08,454.6,460.25,91734.66
2021-10-13 20:00:00,460.24,464.86,458.09,462.9,152104.18
2021-10-13 21:00:00,462.93,465.0,461.29,461.72,82053.35
2021-10-13 22:00:00,461.72,471.77,461.65,470.78,209194.14
2021-10-13 23:00:00,470.78,471.46,464.49,470.18,136927.08
2021-10-14 00:00:00,470.17,472.37,465.48,468.99,131101.21
2021-10-14 01:00:00,468.98,469.18,460.11,464.07,165718.73
2021-10-14 02:00:00,464.04,465.72,461.73,463.45,69753.03
2021-10-14 03:00:00,463.43,468.2,463.43,467.01,71080.89
2021-10-14 04:00:00,467.0,469.17,465.98,468.18,65662.67
2021-10-14 05:00:00,468.19,471.87,467.61,470.5,103699.88
2021-10-14 06:00:00,470.5,479.47,470.08,475.12,229871.68
2021-10-14 07:00:00,475.13,477.97,473.5,474.41,100779.35
2021-10-14 08:00:00,474.4,478.78,474.24,477.95,105202.24
2021-10-14 09:00:00,477.92,479.05,474.53,477.76,100045.54
2021-10-14 10:00:00,477.77,478.35,473.5,474.57,85616.47
2021-10-14 11:00:00,474.57,482.23,474.57,481.07,197647.09
2021-10-14 12:00:00,481.06,482.27,478.01,478.78,113090.55
2021-10-14 13:00:00,478.78,479.93,474.0,475.77,123234.88
2021-10-14 14:00:00,475.78,477.17,471.04,472.64,138117.96
2021-10-14 15:00:00,472.63,475.81,467.04,474.21,194831.16
2021-10-14 16:00:00,474.2,474.25,467.5,469.27,102942.36
2021-10-14 17:00:00,469.26,472.57,468.51,471.56,60967.15
2021-10-14 18:00:00,471.56,472.0,467.2,471.33,75804.51
2021-10-14 19:00:00,471.34,471.83,465.48,468.7,74721.0
2021-10-14 20:00:00,468.72,469.0,466.06,467.31,40763.8
2021-10-14 21:00:00,467.31,470.7,467.21,470.25,37698.63
2021-10-14 22:00:00,470.25,470.39,467.3,468.69,33638.28
2021-10-14 23:00:00,468.69,472.34,466.83,472.05,55914.8
2021-10-15 00:00:00,472.04,472.18,465.19,465.98,77046.48
2021-10-15 01:00:00,465.97,467.41,462.0,462.84,92139.2
2021-10-15 02:00:00,462.84,474.36,461.09,474.0,196657.77
2021-10-15 03:00:00,474.01,474.79,465.07,465.76,109601.42
2021-10-15 04:00:00,465.77,466.5,461.0,466.15,149725.76
2021-10-15 05:00:00,466.15,469.82,462.87,468.89,123463.45
2021-10-15 06:00:00,468.89,469.11,465.0,465.62,77219.72
2021-10-15 07:00:00,465.62,467.63,464.47,466.2,42438.21
2021-10-15 08:00:00,466.27,467.13,453.84,455.54,205081.46
2021-10-15 09:00:00,455.55,460.8,451.48,460.28,119330.51
2021-10-15 10:00:00,460.28,460.41,453.61,458.93,116434.85
2021-10-15 11:00:00,458.93,462.4,458.37,461.1,69898.91
2021-10-15 12:00:00,461.09,463.18,458.3,459.48,74325.15
2021-10-15 13:00:00,459.48,463.1,459.01,461.66,72327.69
2021-10-15 14:00:00,461.68,464.68,459.87,462.74,85198.88
2021-10-15 15:00:00,462.74,467.0,462.59,464.07,116090.81
2021-10-15 16:00:00,464.06,467.93,461.3,467.42,110920.96
2021-10-15 17:00:00,467.42,471.72,466.1,468.65,123856.49
2021-10-15 18:00:00,468.71,475.24,468.71,473.95,114109.71
2021-10-15 19:00:00,473.94,475.77,470.61,474.05,86653.67
2021-10-15 20:00:00,474.05,477.4,471.77,475.29,152441.44
2021-10-15 21:00:00,475.3,475.8,470.12,472.48,65262.81
2021-10-15 22:00:00,472.45,473.92,470.84,472.84,45227.27
2021-10-15 23:00:00,472.84,475.43,472.25,474.19,47379.27
2021-10-16 00:00:00,474.18,476.5,470.81,472.75,65899.13
2021-10-16 01:00:00,472.74,474.2,470.14,472.77,45154.74
2021-10-16 02:00:00,472.76,475.57,471.39,474.8,37554.66
2021-10-16 03:00:00,474.8,477.12,472.04,473.49,50636.51
2021-10-16 04:00:00,473.5,473.5,466.0,469.14,94487.32
2021-10-16 05:00:00,469.14,473.18,468.36,471.95,63840.48
2021-10-16 06:00:00,471.95,481.25,471.11,478.77,154671.09
2021-10-16 07:00:00,478.77,479.27,473.45,479.18,112155.6
2021-10-16 08:00:00,479.18,485.0,477.22,484.14,125737.05
2021-10-16 09:00:00,484.15,484.58,478.28,479.74,101571.09
2021-10-16 10:00:00,479.73,480.8,476.34,477.53,64960.45
2021-10-16 11:00:00,477.59,479.7,476.71,478.68,43505.39
2021-10-16 12:00:00,478.67,479.1,455.0,467.23,244284.41
2021-10-16 13:00:00,467.23,469.5,464.29,469.36,120052.22
2021-10-16 14:00:00,469.36,470.01,467.0,468.36,52537.49
2021-10-16 15:00:00,468.35,468.69,465.26,467.06,53688.57
2021-10-16 16:00:00,467.09,469.48,465.85,467.74,45629.65
2021-10-16 17:00:00,467.74,467.75,460.79,465.92,73762.45
2021-10-16 18:00:00,465.93,468.15,464.21,466.61,33422.71
2021-10-16 19:00:00,466.6,466.93,464.35,464.5,23814.35
2021-10-16 20:00:00,464.49,466.66,462.21,465.99,33270.82
2021-10-16 21:00:00,465.99,467.1,463.7,464.2,23754.78
2021-10-16 22:00:00,464.2,466.41,462.56,465.63,34495.93
2021-10-16 23:00:00,465.64,467.03,464.32,465.01,26575.23
2021-10-17 00:00:00,465.02,465.25,458.2,462.48,102086.51
2021-10-17 01:00:00,462.48,465.0,461.93,464.34,38807.67
2021-10-17 02:00:00,464.33,464.5,462.11,463.11,24520.81
2021-10-17 03:00:00,463.11,465.95,462.43,464.22,27861.24
2021-10-17 04:00:00,464.22,467.16,463.8,464.95,38153.23
2021-10-17 05:00:00,465.01,465.53,463.14,463.52,28640.19
2021-10-17 06:00:00,463.51,466.0,463.34,464.95,27765.95
2021-10-17 07:00:00,464.97,468.47,464.83,465.11,47927.79
2021-10-17 08:00:00,465.1,469.47,465.05,467.8,60411.75
2021-10-17 09:00:00,467.77,470.8,466.57,469.8,53116.0
2021-10-17 10:00:00,469.8,470.82,467.54,469.62,53579.08
2021-10-17 11:00:00,469.58,471.23,467.2,467.95,49920.5
2021-10-17 12:00:00,467.98,468.55,465.89,468.19,54558.39
2021-10-17 13:00:00,468.19,470.0,467.12,469.82,45864.46
2021-10-17 14:00:00,469.83,470.49,468.05,470.16,35735.97
2021-10-17 15:00:00,470.15,470.98,463.0,465.12,100176.18
2021-10-17 16:00:00,465.24,466.25,464.0,465.66,41682.15
2021-10-17 17:00:00,465.65,466.22,464.15,465.99,26421.43
2021-10-17 18:00:00,465.99,467.3,465.4,467.29,23606.1
2021-10-17 19:00:00,467.3,467.36,459.11,461.19,77197.24
2021-10-17 20:00:00,461.19,461.19,451.84,458.96,183763.55
2021-10-17 21:00:00,458.91,465.5,457.71,465.49,61772.87
2021-10-17 22:00:00,465.49,469.36,465.21,468.83,74185.05
2021-10-17 23:00:00,468.83,470.87,466.86,470.82,58234.73
2021-10-18 00:00:00,470.74,475.0,468.95,472.64,78109.76
2021-10-18 01:00:00,472.65,473.68,470.51,472.08,49306.52
2021-10-18 02:00:00,472.09,473.37,471.35,471.91,31742.47
2021-10-18 03:00:00,471.9,472.5,469.0,471.54,49196.65
2021-10-18 04:00:00,471.54,471.77,469.34,471.5,31245.01
2021-10-18 05:00:00,471.5,472.1,469.62,471.47,27253.28
2021-10-18 06:00:00,471.41,472.45,470.3,472.3,22417.41
2021-10-18 07:00:00,472.31,474.7,470.0,470.67,58251.83
2021-10-18 08:00:00,470.68,473.5,469.0,470.36,74034.48
2021-10-18 09:00:00,470.31,472.01,465.55,469.67,81513.73
2021-10-18 10:00:00,469.68,473.0,467.06,472.51,88737.96
2021-10-18 11:00:00,472.5,472.96,467.55,469.61,64220.91
2021-10-18 12:00:00,469.61,481.99,468.61,473.88,312017.53
2021-10-18 13:00:00,473.88,477.0,467.19,475.87,148060.93
2021-10-18 14:00:00,475.89,483.84,474.56,482.26,154820.66
2021-10-18 15:00:00,482.26,482.69,474.46,478.15,167048.65
2021-10-18 16:00:00,478.14,480.88,474.6,478.23,101905.87
2021-10-18 17:00:00,478.23,479.41,475.6,476.86,57862.11
2021-10-18 18:00:00,476.84,480.15,476.35,478.27,57553.33
2021-10-18 19:00:00,478.27,479.24,474.81,478.78,71139.45
2021-10-18 20:00:00,478.77,481.72,477.07,480.96,73405.18
2021-10-18 21:00:00,480.95,483.62,479.15,481.48,59115.22
2021-10-18 22:00:00,481.48,487.67,480.39,486.6,98108.92
2021-10-18 23:00:00,486.66,486.89,482.73,484.64,79889.24
2021-10-19 00:00:00,484.6,489.31,481.56,484.15,106114.65
2021-10-19 01:00:00,484.14,485.62,482.19,484.51,47836.47
2021-10-19 02:00:00,484.52,493.07,484.17,491.74,115895.48
2021-10-19 03:00:00,491.74,495.05,490.23,494.26,141229.13
2021-10-19 04:00:00,494.21,497.5,492.59,494.81,104016.72
2021-10-19 05:00:00,494.8,495.35,492.58,493.21,61376.93
2021-10-19 06:00:00,493.21,494.2,489.39,490.64,81649.94
2021-10-19 07:00:00,490.63,492.98,488.38,492.82,59906.13
2021-10-19 08:00:00,492.8,492.88,487.09,491.26,66196.02
2021-10-19 09:00:00,491.27,491.33,485.5,487.95,67143.05
2021-10-19 10:00:00,487.95,488.95,485.5,487.79,42689.46
2021-10-19 11:00:00,487.79,491.51,487.18,488.98,58730.15
2021-10-19 12:00:00,488.93,490.93,487.2,488.42,54445.25
2021-10-19 13:00:00,488.42,491.95,485.54,485.74,96538.82
2021-10-19 14:00:00,485.74,488.09,478.21,486.53,154768.07
2021-10-19 15:00:00,486.54,487.26,482.88,483.15,58651.54
2021-10-19 16:00:00,483.14,485.2,480.5,481.74,63808.36
2021-10-19 17:00:00,481.78,484.67,480.98,482.93,62181.95
2021-10-19 18:00:00,482.93,483.86,481.96,482.12,36646.3
2021-10-19 19:00:00,482.2,484.5,481.6,483.04,41234.6
2021-10-19 20:00:00,483.03,483.94,481.19,482.0,47709.76
2021-10-19 21:00:00,482.01,485.22,481.58,484.2,39369.84
2021-10-19 22:00:00,484.2,486.84,484.2,485.99,49272.94
2021-10-19 23:00:00,486.0,487.66,485.57,487.01,40216.32
2021-10-20 00:00:00,486.99,487.27,481.55,483.51,54968.08
2021-10-20 01:00:00,483.51,484.99,480.0,482.72,55639.29
2021-10-20 02:00:00,482.75,484.46,482.5,483.41,26251.93
2021-10-20 03:00:00,483.44,485.1,482.99,483.3,28195.18
2021-10-20 04:00:00,483.3,486.0,483.1,485.45,28818.75
2021-10-20 05:00:00,485.46,486.7,483.82,484.86,37020.83
2021-10-20 06:00:00,484.87,485.67,483.2,483.65,28154.98
2021-10-20 07:00:00,483.65,485.87,483.47,485.6,23522.95
2021-10-20 08:00:00,485.6,486.02,484.35,484.9,25587.87
2021-10-20 09:00:00,484.89,486.25,484.28,484.76,25125.26
2021-10-20 10:00:00,484.76,485.85,484.75,485.44,17720.97
2021-10-20 11:00:00,485.45,485.69,484.48,485.38,22471.64
2021-10-20 12:00:00,485.38,489.6,485.32,489.24,80001.45
2021-10-20 13:00:00,489.25,493.62,488.2,492.96,123179.59
2021-10-20 14:00:00,492.99,499.83,492.7,497.23,215726.39
2021-10-20 15:00:00,497.23,501.83,495.0,500.17,165092.67
2021-10-20 16:00:00,500.17,505.1,498.15,502.02,154281.02
2021-10-20 17:00:00,502.02,502.41,496.71,499.83,100029.95
2021-10-20 18:00:00,499.83,506.66,499.51,504.98,124590.4
2021-10-20 19:00:00,504.97,505.78,500.74,503.18,63212.0
2021-10-20 20:00:00,503.15,503.74,499.0,500.51,61582.16
2021-10-20 21:00:00,500.52,502.78,499.72,501.13,33520.41
2021-10-20 22:00:00,501.12,502.38,499.3,499.66,37088.99
2021-10-20 23:00:00,499.65,502.72,499.31,500.76,49992.3
2021-10-21 00:00:00,500.77,504.38,497.51,501.45,86289.61
2021-10-21 01:00:00,501.45,505.46,498.74,501.38,99733.64
2021-10-21 02:00:00,501.39,503.07,493.73,498.9,154005.12
2021-10-21 03:00:00,498.89,498.89,494.09,497.7,62928.26
2021-10-21 04:00:00,497.7,497.82,493.09,494.8,57992.26
2021-10-21 05:00:00,494.82,496.98,493.8,495.68,68301.53
2021-10-21 06:00:00,495.69,496.34,487.0,489.39,201400.0
2021-10-21 07:00:00,489.39,492.28,483.97,491.41,148770.46
2021-10-21 08:00:00,491.4,494.99,490.51,494.19,116496.67
2021-10-21 09:00:00,494.18,497.0,493.79,494.91,127322.71
2021-10-21 10:00:00,494.91,496.19,490.5,491.26,138700.22
2021-10-21 11:00:00,491.24,498.39,486.12,488.88,304696.31
2021-10-21 12:00:00,488.9,493.4,483.59,487.84,294356.41
2021-10-21 13:00:00,487.83,489.65,484.28,485.65,211070.37
2021-10-21 14:00:00,485.66,486.62,473.87,476.73,336729.25
2021-10-21 15:00:00,476.67,479.0,464.62,473.87,280633.2
2021-10-21 16:00:00,473.84,477.4,470.77,471.21,114709.61
2021-10-21 17:00:00,471.21,475.53,470.49,470.92,81198.09
2021-10-21 18:00:00,470.92,476.71,470.89,473.66,80151.98
2021-10-21 19:00:00,473.67,477.99,473.49,474.98,67977.33
2021-10-21 20:00:00,474.97,475.61,472.2,474.75,54946.15
2021-10-21 21:00:00,474.74,477.83,474.12,476.67,39027.42
2021-10-21 22:00:00,476.65,477.65,473.36,473.77,38560.42
2021-10-21 23:00:00,473.78,475.65,471.21,471.35,50613.6
2021-10-22 00:00:00,471.31,476.61,471.24,476.55,66448.39
2021-10-22 01:00:00,476.54,479.89,475.32,476.22,66379.86
2021-10-22 02:00:00,476.25,477.88,475.01,475.9,41779.44
2021-10-22 03:00:00,475.89,481.33,475.86,480.73,60624.22
2021-10-22 04:00:00,480.74,481.2,478.5,479.34,44986.62
2021-10-22 05:00:00,479.34,481.15,477.54,479.95,44619.64
2021-10-22 06:00:00,479.95,482.3,477.8,482.27,58010.05
2021-10-22 07:00:00,482.27,490.78,482.26,489.63,173272.82
2021-10-22 08:00:00,489.63,498.51,488.17,497.64,212588.2
2021-10-22 09:00:00,497.63,498.19,491.55,494.53,130721.41
2021-10-22 10:00:00,494.54,495.32,489.39,492.63,104831.54
2021-10-22 11:00:00,492.63,493.7,490.61,493.16,66854.88
2021-10-22 12:00:00,493.16,495.0,490.77,494.23,62400.81
2021-10-22 13:00:00,494.23,494.77,486.0,487.27,127748.46
2021-10-22 14:00:00,487.28,487.53,480.54,485.27,209956.5
2021-10-22 15:00:00,485.28,486.8,480.71,481.46,116981.71
2021-10-22 16:00:00,481.45,484.38,474.4,483.48,173439.8
2021-10-22 17:00:00,483.47,484.36,479.61,479.71,55158.66
2021-10-22 18:00:00,479.7,482.48,478.7,480.64,53423.32
2021-10-22 19:00:00,480.65,480.65,477.35,480.43,44013.05
2021-10-22 20:00:00,480.42,481.7,478.38,480.02,39988.76
2021-10-22 21:00:00,480.02,481.41,476.06,476.23,42696.01
2021-10-22 22:00:00,476.23,479.48,475.56,479.1,40140.55
2021-10-22 23:00:00,479.1,480.49,478.77,479.79,20761.08
2021-10-23 00:00:00,479.77,481.41,476.02,481.19,45557.01
2021-10-23 01:00:00,481.19,481.26,479.0,480.25,23746.02
2021-10-23 02:00:00,480.2,482.24,480.19,481.57,28873.59
2021-10-23 03:00:00,481.59,482.46,480.74,482.35,21336.31
2021-10-23 04:00:00,482.35,484.59,481.42,482.74,44865.11
2021-10-23 05:00:00,482.76,483.57,480.22,480.87,27858.62
2021-10-23 06:00:00,480.86,482.26,479.79,481.78,28067.36
2021-10-23 07:00:00,481.78,483.0,480.0,480.74,33673.18
2021-10-23 08:00:00,480.73,482.66,480.19,480.66,25636.92
2021-10-23 09:00:00,480.66,481.67,477.23,478.86,50197.02
2021-10-23 10:00:00,478.85,479.83,475.57,475.61,43284.64
2021-10-23 11:00:00,475.6,482.25,473.14,481.43,101027.3
2021-10-23 12:00:00,481.44,483.78,481.27,482.03,47118.28
2021-10-23 13:00:00,482.03,482.63,480.0,480.66,32817.24
2021-10-23 14:00:00,480.66,481.5,479.41,479.8,31245.41
2021-10-23 15:00:00,479.73,483.55,479.48,482.65,49154.74
2021-10-23 16:00:00,482.66,485.0,480.4,481.12,67094.61
2021-10-23 17:00:00,481.11,482.0,480.25,481.38,25508.03
2021-10-23 18:00:00,481.36,483.21,480.94,481.97,22136.17
2021-10-23 19:00:00,481.97,482.85,480.42,481.57,22614.45
2021-10-23 20:00:00,481.57,482.82,480.76,482.82,20583.46
2021-10-23 21:00:00,482.81,483.86,481.71,482.52,17035.88
2021-10-23 22:00:00,482.53,484.7,482.29,483.4,23815.85
2021-10-23 23:00:00,483.4,486.27,482.55,486.17,37503.38
2021-10-24 00:00:00,486.2,487.0,484.14,484.94,34594.66
2021-10-24 01:00:00,484.94,485.7,483.3,483.81,21677.37
2021-10-24 02:00:00,483.81,485.01,482.38,484.7,29242.36
2021-10-24 03:00:00,484.69,485.38,483.88,484.46,16764.41
2021-10-24 04:00:00,484.51,484.79,482.27,482.53,21348.33
2021-10-24 05:00:00,482.53,484.1,482.01,483.21,18088.98
2021-10-24 06:00:00,483.21,484.26,481.0,481.67,24721.18
2021-10-24 07:00:00,481.67,481.83,480.09,481.15,25033.85
2021-10-24 08:00:00,481.12,481.31,478.19,478.24,48435.27
2021-10-24 09:00:00,478.23,481.58,477.5,479.03,52404.4
2021-10-24 10:00:00,479.04,480.95,478.21,479.75,27789.75
2021-10-24 11:00:00,479.72,479.82,474.37,475.37,63473.12
2021-10-24 12:00:00,475.37,477.49,472.37,475.66,75267.93
2021-10-24 13:00:00,475.66,478.24,475.02,476.03,35266.18
2021-10-24 14:00:00,476.02,476.47,473.69,474.26,31377.36
2021-10-24 15:00:00,474.26,475.32,471.14,472.22,69237.91
2021-10-24 16:00:00,472.23,475.19,470.0,474.76,57153.61
2021-10-24 17:00:00,474.76,475.99,473.37,474.34,28124.45
2021-10-24 18:00:00,474.33,474.33,468.19,470.77,53071.24
2021-10-24 19:00:00,470.75,474.66,470.54,474.43,30353.03
2021-10-24 20:00:00,474.44,475.69,473.1,475.43,23864.81
2021-10-24 21:00:00,475.44,477.29,474.57,476.76,28290.13
2021-10-24 22:00:00,476.83,477.98,475.8,476.47,23224.32
2021-10-24 23:00:00,476.47,477.84,475.37,476.29,23716.48
2021-10-25 00:00:00,476.29,481.69,475.32,481.69,51683.78
2021-10-25 01:00:00,481.69,483.22,479.83,480.7,44527.61
2021-10-25 02:00:00,480.7,481.8,478.72,480.99,30380.52
2021-10-25 03:00:00,480.98,482.17,480.19,480.74,27758.93
2021-10-25 04:00:00,480.73,482.6,480.32,482.33,20484.8
2021-10-25 05:00:00,482.33,483.0,481.28,482.28,25110.89
2021-10-25 06:00:00,482.31,483.85,481.26,482.54,25671.12
2021-10-25 07:00:00,482.58,485.0,482.23,483.54,43295.98
2021-10-25 08:00:00,483.54,485.14,483.53,484.4,43811.59
2021-10-25 09:00:00,484.4,484.73,483.41,483.53,22850.18
2021-10-25 10:00:00,483.52,484.3,481.68,483.79,36381.23
2021-10-25 11:00:00,483.79,485.36,483.22,484.64,33195.54
2021-10-25 12:00:00,484.64,485.08,483.31,483.72,24748.48
2021-10-25 13:00:00,483.71,485.26,482.5,485.08,31348.68
2021-10-25 14:00:00,485.09,488.48,485.07,487.36,85234.52
2021-10-25 15:00:00,487.36,488.37,485.46,488.21,41401.61
2021-10-25 16:00:00,488.21,489.03,486.8,488.21,47982.77
2021-10-25 17:00:00,488.22,488.76,485.0,485.99,42204.71
2021-10-25 18:00:00,485.99,486.82,483.44,485.87,47633.68
2021-10-25 19:00:00,485.86,485.87,484.0,484.27,21505.3
2021-10-25 20:00:00,484.3,485.27,483.75,484.06,24878.14
2021-10-25 21:00:00,484.05,486.11,483.87,484.75,22664.54
2021-10-25 22:00:00,484.75,486.12,483.92,485.83,22562.44
2021-10-25 23:00:00,485.79,486.11,485.08,485.4,16674.52
2021-10-26 00:00:00,485.41,487.82,484.13,487.32,35515.12
2021-10-26 01:00:00,487.31,487.61,485.24,485.55,22740.55
2021-10-26 02:00:00,485.55,488.1,485.41,487.9,24344.98
2021-10-26 03:00:00,487.9,488.02,486.5,487.19,19599.25
2021-10-26 04:00:00,487.2,487.67,482.2,484.56,49791.84
2021-10-26 05:00:00,484.56,486.1,484.38,484.93,27953.22
2021-10-26 06:00:00,484.95,485.92,483.87,484.93,23260.93
2021-10-26 07:00:00,484.91,485.79,484.08,485.55,18854.03
2021-10-26 08:00:00,485.56,489.57,485.46,488.36,56797.46
2021-10-26 09:00:00,488.35,490.7,487.36,488.01,44261.24
2021-10-26 10:00:00,487.99,488.59,486.61,488.29,33757.94
2021-10-26 11:00:00,488.28,488.57,486.16,486.78,30557.31
2021-10-26 12:00:00,486.78,488.68,484.01,485.57,52846.96
2021-10-26 13:00:00,485.58,486.83,484.61,485.37,28226.55
2021-10-26 14:00:00,485.37,485.54,480.14,482.73,77525.91
2021-10-26 15:00:00,482.74,484.13,481.0,483.84,47497.06
2021-10-26 16:00:00,483.83,484.35,480.68,481.96,38996.53
2021-10-26 17:00:00,481.95,484.97,481.25,484.72,28070.02
2021-10-26 18:00:00,484.7,486.12,484.45,485.79,33483.67
2021-10-26 19:00:00,485.78,486.28,484.08,484.85,28971.08
2021-10-26 20:00:00,484.84,487.35,484.08,486.75,38098.86
2021-10-26 21:00:00,486.76,487.45,481.35,481.83,49323.02
2021-10-26 22:00:00,481.81,482.22,473.57,477.28,120592.77
2021-10-26 23:00:00,477.27,479.23,475.62,478.48,46392.88
2021-10-27 00:00:00,478.5,480.63,476.7,480.61,37022.43
2021-10-27 01:00:00,480.6,482.2,479.83,480.14,26149.11
2021-10-27 02:00:00,480.13,481.81,479.14,480.75,32787.77
2021-10-27 03:00:00,480.75,484.06,480.55,483.19,26663.36
2021-10-27 04:00:00,483.19,486.89,482.57,484.11,64764.78
2021-10-27 05:00:00,484.1,486.07,483.7,484.89,31053.22
2021-10-27 06:00:00,484.89,486.45,483.23,484.04,46019.86
2021-10-27 07:00:00,484.04,484.09,472.91,474.45,104023.79
2021-10-27 08:00:00,474.46,474.56,429.9,461.07,710182.94
2021-10-27 09:00:00,461.09,461.14,446.71,453.43,201791.65
2021-10-27 10:00:00,453.44,456.53,448.71,456.31,123394.85
2021-10-27 11:00:00,456.32,459.6,451.01,451.19,95290.96
2021-10-27 12:00:00,451.21,457.88,450.0,457.63,92524.19
2021-10-27 13:00:00,457.62,458.78,455.11,455.75,53830.19
2021-10-27 14:00:00,455.83,458.74,451.84,456.56,78030.86
2021-10-27 15:00:00,456.57,458.56,453.82,454.9,56980.8
2021-10-27 16:00:00,454.9,457.67,451.61,456.0,66572.39
2021-10-27 17:00:00,456.0,458.25,452.01,453.06,82958.33
2021-10-27 18:00:00,453.07,456.48,453.04,453.21,42515.25
2021-10-27 19:00:00,453.28,453.87,446.46,453.0,85749.45
2021-10-27 20:00:00,453.0,456.16,449.26,451.56,55475.28
2021-10-27 21:00:00,451.57,456.22,451.33,454.75,29210.0
2021-10-27 22:00:00,454.74,455.57,450.8,453.5,34235.85
2021-10-27 23:00:00,453.5,455.22,448.33,448.65,35972.35
2021-10-28 00:00:00,448.65,455.0,447.38,447.38,63628.57
2021-10-28 01:00:00,447.37,454.33,446.5,454.25,41746.12
2021-10-28 02:00:00,454.25,456.0,452.05,456.0,31129.43
2021-10-28 03:00:00,456.0,457.2,454.09,455.77,32207.82
2021-10-28 04:00:00,455.78,458.16,454.07,455.14,39362.42
2021-10-28 05:00:00,455.14,459.29,455.03,458.09,50141.58
2021-10-28 06:00:00,458.05,458.84,452.12,455.3,79812.9
2021-10-28 07:00:00,455.3,457.44,454.2,456.11,46416.01
2021-10-28 08:00:00,456.12,479.5,456.09,478.92,383868.69
2021-10-28 09:00:00,478.93,480.67,474.09,480.49,131074.29
2021-10-28 10:00:00,480.5,481.72,478.04,478.86,67052.94
2021-10-28 11:00:00,478.87,480.17,475.72,478.27,65219.05
2021-10-28 12:00:00,478.27,484.04,477.79,482.8,64853.07
2021-10-28 13:00:00,482.81,483.68,480.68,482.9,54812.82
2021-10-28 14:00:00,482.87,485.27,479.22,484.83,79920.83
2021-10-28 15:00:00,484.83,487.74,482.69,487.21,73443.97
2021-10-28 16:00:00,487.2,488.6,485.53,486.95,64578.17
2021-10-28 17:00:00,486.94,488.9,485.3,488.85,62316.16
2021-10-28 18:00:00,488.84,492.52,478.18,484.22,260415.16
2021-10-28 19:00:00,484.22,492.17,480.48,491.32,104003.46
2021-10-28 20:00:00,491.32,495.05,488.89,490.51,128441.57
2021-10-28 21:00:00,490.5,490.56,485.74,489.83,67968.26
2021-10-28 22:00:00,489.83,491.44,488.32,489.14,44497.12
2021-10-28 23:00:00,489.15,492.33,487.59,492.08,58885.01
2021-10-29 00:00:00,492.09,496.24,488.18,495.98,70929.64
2021-10-29 01:00:00,495.95,500.25,494.67,495.71,106813.02
2021-10-29 02:00:00,495.69,499.29,495.0,495.46,59225.55
2021-10-29 03:00:00,495.47,496.73,494.1,496.38,44203.86
2021-10-29 04:00:00,496.39,496.92,492.05,494.07,40211.59
2021-10-29 05:00:00,494.06,495.37,487.32,491.09,61110.2
2021-10-29 06:00:00,491.09,495.77,490.08,494.83,48262.94
2021-10-29 07:00:00,494.83,496.15,490.03,492.06,72279.04
2021-10-29 08:00:00,492.14,497.13,490.83,496.89,70749.12
2021-10-29 09:00:00,496.89,499.62,495.9,496.36,64454.28
2021-10-29 10:00:00,496.36,498.29,494.35,498.2,45183.13
2021-10-29 11:00:00,498.2,502.43,495.29,499.55,141157.96
2021-10-29 12:00:00,499.54,504.58,497.02,499.94,127411.02
2021-10-29 13:00:00,499.91,508.31,499.2,507.42,111345.87
2021-10-29 14:00:00,507.43,512.66,504.29,512.12,152921.93
2021-10-29 15:00:00,512.12,521.9,510.6,518.19,265522.5
2021-10-29 16:00:00,518.2,530.7,517.69,528.0,221323.92
2021-10-29 17:00:00,528.09,533.48,525.31,528.75,137166.11
2021-10-29 18:00:00,528.76,531.0,523.24,527.24,113287.75
2021-10-29 19:00:00,527.24,531.69,525.17,531.19,56885.14
2021-10-29 20:00:00,531.19,534.3,529.71,531.11,82152.85
2021-10-29 21:00:00,531.13,533.63,528.33,531.05,48127.83
2021-10-29 22:00:00,531.05,533.22,529.91,532.36,43598.72
2021-10-29 23:00:00,532.36,532.71,527.0,530.72,51435.09
2021-10-30 00:00:00,530.73,541.61,530.53,537.3,151533.88
2021-10-30 01:00:00,537.3,539.53,530.92,533.83,75793.43
2021-10-30 02:00:00,533.82,534.59,526.31,528.25,76622.96
2021-10-30 03:00:00,528.24,529.49,520.96,524.44,73484.74
2021-10-30 04:00:00,524.46,528.76,523.96,525.99,44974.41
2021-10-30 05:00:00,526.0,532.24,524.78,532.1,52060.44
2021-10-30 06:00:00,532.07,534.7,528.39,533.58,60625.82
2021-10-30 07:00:00,533.59,535.92,530.91,531.93,61719.52
2021-10-30 08:00:00,531.96,533.35,525.0,527.65,65064.96
2021-10-30 09:00:00,527.66,531.0,525.18,526.81,52323.4
2021-10-30 10:00:00,526.77,527.97,521.06,525.83,85826.9
2021-10-30 11:00:00,525.87,525.88,522.63,524.99,37638.06
2021-10-30 12:00:00,524.99,525.01,522.27,524.16,44594.03
2021-10-30 13:00:00,524.15,526.48,516.38,521.74,119264.83
2021-10-30 14:00:00,521.74,523.31,510.45,516.29,136331.61
2021-10-30 15:00:00,516.28,521.56,516.0,521.32,59068.7
2021-10-30 16:00:00,521.28,522.89,517.75,520.0,44351.66
2021-10-30 17:00:00,519.99,523.44,518.79,522.31,34229.33
2021-10-30 18:00:00,522.32,525.6,522.32,525.19,41212.67
2021-10-30 19:00:00,525.19,525.79,523.13,525.28,32977.34
2021-10-30 20:00:00,525.28,526.11,523.57,523.92,27142.08
2021-10-30 21:00:00,523.82,525.27,521.59,523.52,26509.04
2021-10-30 22:00:00,523.52,525.18,517.04,521.48,62319.24
2021-10-30 23:00:00,521.47,529.09,520.65,528.95,50456.29
2021-10-31 00:00:00,528.96,534.93,528.69,531.08,82225.99
2021-10-31 01:00:00,531.09,532.89,525.71,528.59,48004.71
2021-10-31 02:00:00,528.6,532.13,526.81,528.0,55499.05
2021-10-31 03:00:00,527.97,529.98,526.0,529.07,35849.71
2021-10-31 04:00:00,529.07,535.39,527.89,534.28,62117.88
2021-10-31 05:00:00,534.27,535.0,527.5,529.9,68201.55
2021-10-31 06:00:00,529.9,531.5,524.06,527.91,44743.05
2021-10-31 07:00:00,527.91,530.58,526.05,530.58,27801.32
2021-10-31 08:00:00,530.59,531.02,521.87,524.48,62416.73
2021-10-31 09:00:00,524.46,524.8,520.4,522.97,38672.3
2021-10-31 10:00:00,522.94,524.59,515.0,521.84,78544.73
2021-10-31 11:00:00,521.83,523.41,516.6,517.72,54153.16
2021-10-31 12:00:00,517.73,521.41,514.26,516.03,74452.31
2021-10-31 13:00:00,516.02,520.35,508.07,514.15,108942.53
2021-10-31 14:00:00,514.09,515.75,510.41,513.34,78208.87
2021-10-31 15:00:00,513.34,515.66,511.33,512.23,47068.54
2021-10-31 16:00:00,512.23,517.28,510.43,516.35,56156.92
2021-10-31 17:00:00,516.34,517.51,513.91,515.76,38447.11
2021-10-31 18:00:00,515.75,516.92,513.29,516.0,34642.95
2021-10-31 19:00:00,516.01,518.16,515.83,517.74,29861.23
2021-10-31 20:00:00,517.75,520.39,515.01,519.7,36344.11
2021-10-31 21:00:00,519.7,524.06,519.27,523.27,30318.68
2021-10-31 22:00:00,523.27,525.38,522.0,524.57,38486.48
2021-10-31 23:00:00,524.57,525.85,522.43,524.42,45104.24
2021-11-01 00:00:00,524.44,529.3,523.47,527.73,48110.46
2021-11-01 01:00:00,527.73,529.63,525.0,525.08,40457.11
2021-11-01 02:00:00,525.09,526.9,514.0,519.07,110677.03
2021-11-01 03:00:00,519.2,519.64,512.4,513.76,54720.76
2021-11-01 04:00:00,513.78,519.37,511.0,517.13,68648.72
2021-11-01 05:00:00,517.13,519.71,515.82,517.08,34600.67
2021-11-01 06:00:00,517.07,519.23,514.26,518.42,41116.76
2021-11-01 07:00:00,518.46,528.39,518.46,527.36,122264.38
2021-11-01 08:00:00,527.36,530.0,526.58,528.17,60771.31
2021-11-01 09:00:00,528.18,535.0,528.18,533.77,90804.3
2021-11-01 10:00:00,533.76,540.85,533.7,536.87,135298.55
2021-11-01 11:00:00,536.88,539.38,531.0,532.28,81651.4
2021-11-01 12:00:00,532.28,535.82,530.0,532.32,76822.04
2021-11-01 13:00:00,532.31,537.5,530.59,536.87,63971.67
2021-11-01 14:00:00,536.87,537.48,530.86,532.77,56518.74
2021-11-01 15:00:00,532.76,538.43,531.29,538.33,57079.8
2021-11-01 16:00:00,538.34,543.68,532.53,538.35,132212.72
2021-11-01 17:00:00,538.42,540.0,535.5,537.54,67028.65
2021-11-01 18:00:00,537.41,538.34,533.23,537.75,53720.93
2021-11-01 19:00:00,537.74,547.0,536.0,546.55,106415.99
2021-11-01 20:00:00,546.6,546.98,540.01,542.27,59760.51
2021-11-01 21:00:00,542.34,546.9,540.19,546.07,45988.85
2021-11-01 22:00:00,546.07,547.68,543.23,543.63,39124.79
2021-11-01 23:00:00,543.62,551.8,543.24,551.12,85287.76
2021-11-02 00:00:00,551.11,551.17,541.8,544.43,70903.19
2021-11-02 01:00:00,544.42,550.25,543.91,546.35,54604.05
2021-11-02 02:00:00,546.35,548.29,544.77,546.32,41330.64
2021-11-02 03:00:00,546.33,550.0,545.1,549.29,32940.07
2021-11-02 04:00:00,549.22,549.37,543.25,544.8,52322.64
2021-11-02 05:00:00,544.79,545.1,541.11,543.36,42856.83
2021-11-02 06:00:00,543.27,544.2,540.7,541.79,32405.77
2021-11-02 07:00:00,541.78,542.27,540.0,540.86,30987.88
2021-11-02 08:00:00,540.85,541.91,537.2,541.46,52411.63
2021-11-02 09:00:00,541.46,547.24,539.47,545.03,67037.25
2021-11-02 10:00:00,544.93,546.99,543.6,544.78,56800.99
2021-11-02 11:00:00,544.75,545.75,543.74,544.05,33497.21
2021-11-02 12:00:00,544.05,549.63,543.97,548.0,52007.68
2021-11-02 13:00:00,547.98,551.25,547.61,550.81,50272.8
2021-11-02 14:00:00,550.81,560.98,550.24,555.89,150382.65
2021-11-02 15:00:00,555.88,561.76,555.88,560.34,78869.32
2021-11-02 16:00:00,560.35,564.28,557.13,560.59,99081.5
2021-11-02 17:00:00,560.59,562.0,558.47,559.63,35038.77
2021-11-02 18:00:00,559.57,561.57,559.2,560.17,25504.32
2021-11-02 19:00:00,560.17,563.62,559.75,562.47,54789.03
2021-11-02 20:00:00,562.48,562.92,557.6,558.26,35895.86
2021-11-02 21:00:00,558.23,558.81,556.02,557.87,25749.02
2021-11-02 22:00:00,557.87,559.61,556.24,556.52,24836.89
2021-11-02 23:00:00,556.52,557.25,553.0,554.59,45747.33
2021-11-03 00:00:00,554.63,554.93,547.48,552.08,71311.19
2021-11-03 01:00:00,552.07,554.39,550.52,553.57,47258.0
2021-11-03 02:00:00,553.6,555.51,550.0,555.25,34471.9
2021-11-03 03:00:00,555.25,555.3,551.6,552.32,31566.08
2021-11-03 04:00:00,552.32,552.57,544.4,545.09,71618.49
2021-11-03 05:00:00,545.1,550.81,544.18,548.81,62855.77
2021-11-03 06:00:00,548.81,552.97,547.19,549.88,46931.82
2021-11-03 07:00:00,549.87,554.88,549.55,554.13,36826.57
2021-11-03 08:00:00,554.13,554.17,549.01,551.57,46279.07
2021-11-03 09:00:00,551.57,554.21,550.51,553.7,33167.42
2021-11-03 10:00:00,553.68,555.54,550.78,551.07,52605.68
2021-11-03 11:00:00,551.09,552.71,547.11,552.01,45380.7
2021-11-03 12:00:00,552.01,552.47,538.52,543.19,110610.49
2021-11-03 13:00:00,543.22,546.7,537.67,540.91,87986.73
2021-11-03 14:00:00,540.91,547.17,537.62,544.5,73334.64
2021-11-03 15:00:00,544.56,549.94,543.13,549.6,64850.4
2021-11-03 16:00:00,549.63,551.34,546.74,548.43,49850.73
2021-11-03 17:00:00,548.4,554.5,548.1,554.11,49480.55
2021-11-03 18:00:00,554.16,562.71,548.99,562.65,160799.27
2021-11-03 19:00:00,562.64,563.66,559.4,561.05,64120.14
2021-11-03 20:00:00,561.06,567.0,561.06,566.2,47567.7
2021-11-03 21:00:00,566.2,570.0,566.2,568.35,57195.38
2021-11-03 22:00:00,568.35,569.26,562.96,566.69,55758.83
2021-11-03 23:00:00,566.7,569.89,563.1,568.48,45116.15
2021-11-04 00:00:00,568.48,568.82,561.27,564.16,40305.47
2021-11-04 01:00:00,564.15,564.17,561.13,561.75,30692.83
2021-11-04 02:00:00,561.76,564.58,558.75,560.15,42243.86
2021-11-04 03:00:00,560.14,560.24,555.6,558.37,36024.93
2021-11-04 04:00:00,558.39,560.7,558.21,559.47,24021.72
2021-11-04 05:00:00,559.47,561.18,556.31,556.53,39668.49
2021-11-04 06:00:00,556.53,560.55,555.88,560.06,37285.67
2021-11-04 07:00:00,560.01,561.35,552.24,552.93,52475.18
2021-11-04 08:00:00,552.93,558.0,550.68,552.22,83552.72
2021-11-04 09:00:00,552.21,555.79,550.86,555.53,46007.62
2021-11-04 10:00:00,555.53,557.33,552.96,556.33,38413.74
2021-11-04 11:00:00,556.33,560.22,553.33,557.46,90583.72
2021-11-04 12:00:00,557.47,560.48,555.54,558.69,46651.66
2021-11-04 13:00:00,558.69,559.9,555.72,558.66,45182.07
2021-11-04 14:00:00,558.65,559.97,554.29,554.79,41689.09
2021-11-04 15:00:00,554.79,555.13,544.85,547.35,124087.73
2021-11-04 16:00:00,547.35,550.79,543.97,548.97,63982.53
2021-11-04 17:00:00,548.97,551.22,547.21,547.39,43940.05
2021-11-04 18:00:00,547.38,552.69,545.19,547.94,50268.7
2021-11-04 19:00:00,547.93,553.62,547.52,553.14,40946.45
2021-11-04 20:00:00,553.15,556.53,551.32,555.74,28429.3
2021-11-04 21:00:00,555.74,558.0,553.87,557.17,31471.55
2021-11-04 22:00:00,557.19,558.78,555.1,557.93,24069.49
2021-11-04 23:00:00,557.95,559.63,556.73,558.86,26254.75
2021-11-05 00:00:00,558.87,560.46,554.53,554.85,41792.29
2021-11-05 01:00:00,554.86,562.44,554.51,562.33,37344.93
2021-11-05 02:00:00,562.34,567.67,562.01,566.71,72092.38
2021-11-05 03:00:00,566.71,581.14,566.71,580.58,128681.91
2021-11-05 04:00:00,580.62,588.99,579.84,586.88,188500.57
2021-11-05 05:00:00,586.96,591.74,583.66,588.59,116972.13
2021-11-05 06:00:00,588.59,593.0,587.97,588.76,91992.92
2021-11-05 07:00:00,588.69,595.77,588.11,595.25,93148.77
2021-11-05 08:00:00,595.25,597.12,590.2,592.47,97143.1
2021-11-05 09:00:00,592.47,597.93,587.21,597.42,179411.38
2021-11-05 10:00:00,597.38,618.32,596.76,601.53,587246.52
2021-11-05 11:00:00,601.53,613.46,600.61,608.22,200482.56
2021-11-05 12:00:00,608.2,610.91,602.69,606.66,123804.71
2021-11-05 13:00:00,606.6,609.85,604.74,609.41,79490.2
2021-11-05 14:00:00,609.41,610.2,601.11,601.95,87022.65
2021-11-05 15:00:00,601.93,603.44,596.0,600.74,131854.21
2021-11-05 16:00:00,600.8,615.8,600.6,612.83,169573.63
2021-11-05 17:00:00,612.83,612.84,607.32,609.88,96843.09
2021-11-05 18:00:00,609.8,612.36,608.69,611.28,66029.83
2021-11-05 19:00:00,611.29,611.35,603.4,606.73,69071.42
2021-11-05 20:00:00,606.72,606.72,600.77,603.45,54307.3
2021-11-05 21:00:00,603.45,609.35,602.89,605.76,54071.92
2021-11-05 22:00:00,605.76,607.46,604.09,605.91,32544.34
2021-11-05 23:00:00,605.91,607.89,601.62,606.43,55716.16
2021-11-06 00:00:00,606.43,615.33,602.48,614.03,107854.33
2021-11-06 01:00:00,614.04,616.0,607.31,609.55,89576.49
2021-11-06 02:00:00,609.55,609.93,601.25,602.71,58273.17
2021-11-06 03:00:00,602.72,609.46,601.8,607.59,49539.86
2021-11-06 04:00:00,607.59,609.71,604.9,608.83,39932.39
2021-11-06 05:00:00,608.79,621.41,606.97,617.8,110725.1
2021-11-06 06:00:00,617.8,622.47,613.99,620.53,121114.48
2021-11-06 07:00:00,620.53,623.19,612.57,617.99,132863.98
2021-11-06 08:00:00,617.98,621.38,614.5,617.33,89423.5
2021-11-06 09:00:00,617.32,619.82,614.85,615.9,69020.11
2021-11-06 10:00:00,615.91,617.95,607.16,609.01,104743.06
2021-11-06 11:00:00,609.01,612.11,599.76,604.34,178491.07
2021-11-06 12:00:00,604.34,605.0,595.22,599.0,163459.09
2021-11-06 13:00:00,599.01,606.22,598.04,606.22,71473.45
2021-11-06 14:00:00,606.17,609.45,602.7,608.75,51786.87
2021-11-06 15:00:00,608.73,613.5,607.55,610.14,87394.55
2021-11-06 16:00:00,610.16,613.36,608.6,612.69,56358.36
2021-11-06 17:00:00,612.74,616.42,611.49,616.07,51770.65
2021-11-06 18:00:00,616.07,619.15,614.94,618.88,74291.64
2021-11-06 19:00:00,618.87,624.76,617.72,623.56,89615.46
2021-11-06 20:00:00,623.59,627.63,622.16,622.7,74268.16
2021-11-06 21:00:00,622.75,629.31,622.71,626.64,55383.96
2021-11-06 22:00:00,626.64,629.62,626.64,628.98,41812.43
2021-11-06 23:00:00,628.98,638.0,628.91,637.56,107554.32
2021-11-07 00:00:00,637.55,638.52,630.0,634.82,71042.35
2021-11-07 01:00:00,634.82,643.52,633.76,642.84,121040.87
2021-11-07 02:00:00,642.84,649.13,640.61,646.22,156007.03
2021-11-07 03:00:00,646.22,647.22,642.91,645.7,84125.16
2021-11-07 04:00:00,645.68,657.92,645.6,657.06,134181.41
2021-11-07 05:00:00,657.06,659.38,652.7,659.04,130663.48
2021-11-07 06:00:00,659.12,668.66,658.84,660.78,211493.82
2021-11-07 07:00:00,660.78,664.84,655.5,658.63,128792.01
2021-11-07 08:00:00,658.63,668.35,658.39,666.49,147104.44
2021-11-07 09:00:00,666.55,668.5,661.0,667.58,120106.89
2021-11-07 10:00:00,667.58,669.75,661.34,664.13,143048.49
2021-11-07 11:00:00,664.12,665.16,660.0,663.13,92200.5
2021-11-07 12:00:00,663.13,665.0,655.12,655.6,126706.8
2021-11-07 13:00:00,655.6,664.04,655.5,663.14,109790.31
2021-11-07 14:00:00,663.14,668.0,660.12,661.24,135155.77
2021-11-07 15:00:00,661.3,664.3,658.55,660.18,70060.26
2021-11-07 16:00:00,660.17,662.61,659.24,661.17,63286.8
2021-11-07 17:00:00,661.17,662.31,653.36,654.93,70772.04
2021-11-07 18:00:00,654.92,657.03,651.38,654.85,96826.97
2021-11-07 19:00:00,654.85,656.98,650.69,655.86,49916.75
2021-11-07 20:00:00,655.86,657.38,652.0,656.74,37070.86
2021-11-07 21:00:00,656.74,657.07,653.07,653.46,34163.08
2021-11-07 22:00:00,653.46,655.0,643.5,645.86,78361.41
2021-11-07 23:00:00,645.85,650.0,645.58,649.57,68898.37
2021-11-08 00:00:00,649.56,650.03,636.31,638.07,190157.89
2021-11-08 01:00:00,638.07,644.9,636.77,642.33,97552.45
2021-11-08 02:00:00,642.33,643.37,633.0,635.05,71311.53
2021-11-08 03:00:00,635.1,639.85,632.32,638.78,90307.82
2021-11-08 04:00:00,638.73,642.48,635.5,635.98,68353.7
2021-11-08 05:00:00,635.97,643.44,635.5,640.4,76216.19
2021-11-08 06:00:00,640.39,648.91,640.14,645.1,91036.43
2021-11-08 07:00:00,645.11,647.35,640.28,641.4,72849.95
2021-11-08 08:00:00,641.39,643.89,633.48,637.62,84922.04
2021-11-08 09:00:00,637.61,640.0,634.3,639.64,64240.35
2021-11-08 10:00:00,639.64,646.75,639.5,643.11,88161.31
2021-11-08 11:00:00,643.15,644.93,641.06,644.26,43822.38
2021-11-08 12:00:00,644.26,644.36,640.92,642.4,34914.2
2021-11-08 13:00:00,642.41,646.26,640.23,643.39,59090.74
2021-11-08 14:00:00,643.39,655.12,641.8,648.84,149541.4
2021-11-08 15:00:00,648.85,654.21,647.77,648.46,85430.29
2021-11-08 16:00:00,648.47,649.35,645.4,646.73,53021.47
2021-11-08 17:00:00,646.73,651.22,646.57,649.45,42133.86
2021-11-08 18:00:00,649.53,650.29,647.59,648.99,34525.98
2021-11-08 19:00:00,648.99,649.32,643.56,644.69,33942.58
2021-11-08 20:00:00,644.65,648.0,642.01,646.92,43521.53
2021-11-08 21:00:00,646.9,650.0,646.24,648.58,33074.82
2021-11-08 22:00:00,648.52,652.27,645.95,652.27,26695.81
2021-11-08 23:00:00,652.26,655.87,649.62,653.56,81310.07
2021-11-09 00:00:00,653.54,656.93,650.68,655.03,58954.24
2021-11-09 01:00:00,655.01,655.58,650.47,650.76,35201.4
2021-11-09 02:00:00,650.8,651.12,646.6,650.19,50323.97
2021-11-09 03:00:00,650.19,651.17,647.1,649.37,38192.35
2021-11-09 04:00:00,649.39,649.73,642.56,646.38,51950.15
2021-11-09 05:00:00,646.38,649.05,645.65,648.9,36652.27
2021-11-09 06:00:00,648.88,648.96,644.8,647.0,30403.64
2021-11-09 07:00:00,647.02,647.77,645.0,646.25,33586.1
2021-11-09 08:00:00,646.25,648.1,643.39,647.91,37928.52
2021-11-09 09:00:00,647.9,650.0,646.41,649.67,41056.37
2021-11-09 10:00:00,649.66,649.94,645.85,646.43,37129.07
2021-11-09 11:00:00,646.45,647.31,640.4,643.94,70504.82
2021-11-09 12:00:00,643.94,644.59,638.6,642.5,47455.17
2021-11-09 13:00:00,642.5,649.57,641.75,649.44,43054.3
2021-11-09 14:00:00,649.43,650.22,643.2,643.92,76655.95
2021-11-09 15:00:00,643.91,646.75,638.7,642.01,88280.26
2021-11-09 16:00:00,642.04,644.76,639.07,640.53,64770.49
2021-11-09 17:00:00,640.63,642.3,632.68,637.17,97473.03
2021-11-09 18:00:00,637.16,640.39,635.51,635.84,30752.34
2021-11-09 19:00:00,635.84,637.3,633.39,635.58,34030.75
2021-11-09 20:00:00,635.57,637.52,633.32,636.4,31316.05
2021-11-09 21:00:00,636.4,637.62,632.66,636.8,24499.47
2021-11-09 22:00:00,636.81,637.52,633.6,636.89,18832.77
2021-11-09 23:00:00,636.88,638.67,634.25,635.2,25630.88
2021-11-10 00:00:00,635.21,635.34,626.02,629.52,86658.25
2021-11-10 01:00:00,629.53,633.51,627.51,632.06,33163.53
2021-11-10 02:00:00,632.11,637.31,631.84,636.02,34757.16
2021-11-10 03:00:00,636.0,636.12,627.78,629.14,42754.97
2021-11-10 04:00:00,629.14,632.71,624.5,631.97,60818.39
2021-11-10 05:00:00,631.98,631.98,627.0,629.13,32948.53
2021-11-10 06:00:00,629.14,639.13,629.14,639.1,43852.85
2021-11-10 07:00:00,639.11,646.92,638.03,644.68,93331.06
2021-11-10 08:00:00,644.68,650.89,643.55,644.62,145363.37
2021-11-10 09:00:00,644.62,649.65,642.55,647.35,69054.36
2021-11-10 10:00:00,647.35,653.87,646.83,651.93,83848.25
2021-11-10 11:00:00,651.93,655.69,648.53,655.26,84538.87
2021-11-10 12:00:00,655.29,655.49,645.69,647.58,87934.07
2021-11-10 13:00:00,647.58,659.93,647.5,659.5,110510.81
2021-11-10 14:00:00,659.52,662.8,652.22,654.71,130924.29
2021-11-10 15:00:00,654.71,657.66,649.03,651.92,75852.09
2021-11-10 16:00:00,651.92,652.66,645.0,648.85,82936.94
2021-11-10 17:00:00,648.84,649.51,642.01,645.94,58815.79
2021-11-10 18:00:00,645.83,645.83,641.58,643.27,35065.33
2021-11-10 19:00:00,643.24,648.83,631.1,632.14,106676.03
2021-11-10 20:00:00,632.16,639.84,604.6,619.52,286288.77
2021-11-10 21:00:00,619.51,621.17,570.0,594.99,571418.94
2021-11-10 22:00:00,595.02,610.0,586.75,608.95,156188.59
2021-11-10 23:00:00,608.95,615.0,600.76,613.61,100166.91
2021-11-11 00:00:00,613.61,618.9,605.68,618.71,118087.78
2021-11-11 01:00:00,618.77,620.01,609.13,614.69,62858.21
2021-11-11 02:00:00,614.68,614.68,605.31,612.28,56675.27
2021-11-11 03:00:00,612.28,617.63,610.6,616.6,52538.72
2021-11-11 04:00:00,616.6,616.64,613.01,615.95,28058.34
2021-11-11 05:00:00,615.95,624.15,615.95,623.79,61891.65
2021-11-11 06:00:00,623.8,629.47,621.04,628.94,55098.2
2021-11-11 07:00:00,628.94,631.46,625.12,629.87,56754.64
2021-11-11 08:00:00,629.87,631.79,621.7,631.63,75953.68
2021-11-11 09:00:00,631.67,635.0,629.35,630.67,64339.75
2021-11-11 10:00:00,630.64,632.38,626.93,628.78,32972.35
2021-11-11 11:00:00,628.78,631.43,626.2,629.54,37984.79
2021-11-11 12:00:00,629.51,631.87,618.79,623.58,82417.57
2021-11-11 13:00:00,623.55,626.81,621.25,623.65,51472.34
2021-11-11 14:00:00,623.69,628.99,617.91,625.59,72907.01
2021-11-11 15:00:00,625.6,627.82,622.83,624.48,45134.92
2021-11-11 16:00:00,624.47,628.9,622.12,628.34,34922.04
2021-11-11 17:00:00,628.34,629.53,625.16,625.78,22691.05
2021-11-11 18:00:00,625.78,627.18,622.4,624.81,29781.03
2021-11-11 19:00:00,624.78,628.81,624.64,628.3,21129.92
2021-11-11 20:00:00,628.29,629.17,625.93,626.34,23348.57
2021-11-11 21:00:00,626.34,633.43,625.8,631.51,39186.76
2021-11-11 22:00:00,631.47,632.98,628.77,631.65,24298.87
2021-11-11 23:00:00,631.65,632.38,627.67,628.21,23947.64
2021-11-12 00:00:00,628.17,633.0,627.0,631.26,40244.69
2021-11-12 01:00:00,631.27,633.26,623.0,632.67,69691.73
2021-11-12 02:00:00,632.67,634.36,628.89,630.92,39247.01
2021-11-12 03:00:00,630.92,632.5,628.98,632.2,26723.17
2021-11-12 04:00:00,632.21,632.9,630.0,631.54,22241.58
2021-11-12 05:00:00,631.53,632.27,627.39,628.12,25860.97
2021-11-12 06:00:00,628.17,631.7,625.65,626.05,34345.73
2021-11-12 07:00:00,626.02,627.14,620.56,623.02,62504.3
2021-11-12 08:00:00,623.02,627.33,620.35,626.68,39500.31
2021-11-12 09:00:00,626.68,626.69,612.1,613.19,109642.67
2021-11-12 10:00:00,613.16,618.35,610.0,612.06,95769.99
2021-11-12 11:00:00,612.06,617.53,610.4,613.14,62730.65
2021-11-12 12:00:00,613.13,619.36,607.88,615.32,80651.43
2021-11-12 13:00:00,615.31,616.96,609.19,615.37,64643.49
2021-11-12 14:00:00,615.42,616.71,612.41,615.41,44580.29
2021-11-12 15:00:00,615.41,616.4,610.02,612.32,55948.89
2021-11-12 16:00:00,612.33,613.95,602.29,609.98,120946.67
2021-11-12 17:00:00,609.97,615.84,608.09,615.82,58947.09
2021-11-12 18:00:00,615.83,623.71,615.02,621.77,84232.75
2021-11-12 19:00:00,621.77,622.43,617.24,619.42,30933.95
2021-11-12 20:00:00,619.43,626.37,619.3,625.36,49737.56
2021-11-12 21:00:00,625.36,628.12,622.44,623.59,41698.34
2021-11-12 22:00:00,623.59,625.81,620.77,623.21,25539.16
2021-11-12 23:00:00,623.21,627.95,623.17,626.27,25534.31
2021-11-13 00:00:00,626.27,629.34,626.22,628.49,28847.7
2021-11-13 01:00:00,628.49,629.67,622.92,623.52,30404.57
2021-11-13 02:00:00,623.54,627.73,622.99,624.9,31964.34
2021-11-13 03:00:00,624.9,626.6,623.7,624.92,18213.86
2021-11-13 04:00:00,624.93,626.2,622.79,623.61,17441.65
2021-11-13 05:00:00,623.6,623.93,618.67,621.56,30058.66
2021-11-13 06:00:00,621.56,625.59,621.4,625.52,21000.05
2021-11-13 07:00:00,625.52,626.94,622.33,626.4,21556.59
2021-11-13 08:00:00,626.41,628.05,625.1,626.11,24432.16
2021-11-13 09:00:00,626.12,627.98,622.16,623.89,30312.1
2021-11-13 10:00:00,623.89,627.54,623.1,627.18,24167.12
2021-11-13 11:00:00,627.18,633.99,626.01,632.23,81044.88
2021-11-13 12:00:00,632.23,633.92,627.59,628.59,59459.84
2021-11-13 13:00:00,628.59,632.62,628.2,631.39,23808.45
2021-11-13 14:00:00,631.39,645.45,631.12,644.27,150012.59
2021-11-13 15:00:00,644.28,650.0,643.0,648.51,126418.91
2021-11-13 16:00:00,648.52,653.14,646.07,650.42,75045.07
2021-11-13 17:00:00,650.42,654.5,648.65,652.73,66088.94
2021-11-13 18:00:00,652.73,654.37,645.27,647.35,79756.72
2021-11-13 19:00:00,647.39,648.58,642.78,645.99,61333.0
2021-11-13 20:00:00,645.99,653.08,645.9,652.71,35778.09
2021-11-13 21:00:00,652.72,653.34,647.62,650.2,25268.57
2021-11-13 22:00:00,650.2,652.54,648.94,650.03,19468.01
2021-11-13 23:00:00,650.03,651.59,648.06,648.49,16961.75
2021-11-14 00:00:00,648.49,655.48,647.7,652.86,47173.07
2021-11-14 01:00:00,652.86,654.48,648.67,649.77,28033.15
2021-11-14 02:00:00,649.77,650.85,646.0,646.66,22803.18
2021-11-14 03:00:00,646.65,647.89,644.29,645.6,24172.91
2021-11-14 04:00:00,645.6,646.52,642.5,644.07,36142.19
2021-11-14 05:00:00,644.07,646.95,642.6,646.65,26255.04
2021-11-14 06:00:00,646.64,647.76,645.01,646.49,33668.35
2021-11-14 07:00:00,646.49,647.53,641.48,645.24,38003.44
2021-11-14 08:00:00,645.24,645.29,634.62,637.28,79370.06
2021-11-14 09:00:00,637.27,638.61,634.0,638.41,35696.77
2021-11-14 10:00:00,638.4,643.99,637.59,642.34,40886.43
2021-11-14 11:00:00,642.34,646.04,640.1,645.64,37037.22
2021-11-14 12:00:00,645.63,647.63,642.8,646.56,44079.43
2021-11-14 13:00:00,646.55,659.45,644.12,656.6,154999.44
2021-11-14 14:00:00,656.61,659.98,652.45,654.68,92364.02
2021-11-14 15:00:00,654.6,654.64,650.0,653.0,58204.07
2021-11-14 16:00:00,652.98,659.66,641.2,643.05,140992.44
2021-11-14 17:00:00,643.04,647.6,641.22,646.68,56854.95
2021-11-14 18:00:00,646.68,648.49,642.8,645.16,30241.23
2021-11-14 19:00:00,645.16,646.66,643.09,646.26,25313.28
2021-11-14 20:00:00,646.26,648.42,645.29,647.43,21835.12
2021-11-14 21:00:00,647.41,649.25,645.31,648.02,18146.2
2021-11-14 22:00:00,648.08,650.78,647.32,647.39,21203.65
2021-11-14 23:00:00,647.38,650.8,645.1,650.2,37016.04
2021-11-15 00:00:00,650.28,658.7,650.13,656.46,85850.0
2021-11-15 01:00:00,656.45,658.88,653.34,658.45,43571.23
2021-11-15 02:00:00,658.45,659.28,654.37,654.66,35985.75
2021-11-15 03:00:00,654.71,655.1,651.52,652.64,26844.46
2021-11-15 04:00:00,652.64,654.14,650.57,651.61,27002.63
2021-11-15 05:00:00,651.61,655.38,651.02,653.31,32806.13
2021-11-15 06:00:00,653.32,653.67,652.13,652.91,19733.49
2021-11-15 07:00:00,652.91,654.02,650.27,653.71,30493.83
2021-11-15 08:00:00,653.7,659.0,643.0,645.1,143556.77
2021-11-15 09:00:00,645.1,648.19,643.45,646.35,49047.02
2021-11-15 10:00:00,646.35,647.29,644.8,646.34,23772.94
2021-11-15 11:00:00,646.34,646.34,644.63,645.9,25396.02
2021-11-15 12:00:00,645.84,646.0,643.25,644.59,31236.54
2021-11-15 13:00:00,644.58,645.96,640.57,642.34,52051.86
2021-11-15 14:00:00,642.33,643.59,638.18,640.75,57033.84
2021-11-15 15:00:00,640.75,640.85,635.71,636.85,66007.52
2021-11-15 16:00:00,636.87,641.72,635.63,638.79,61292.42
2021-11-15 17:00:00,638.77,641.08,635.53,635.79,28918.98
2021-11-15 18:00:00,635.8,637.49,632.0,634.7,56465.04
2021-11-15 19:00:00,634.74,639.26,633.44,638.68,26249.76
2021-11-15 20:00:00,638.64,638.7,633.26,633.49,26289.18
2021-11-15 21:00:00,633.5,636.14,630.0,634.86,37410.71
2021-11-15 22:00:00,634.85,637.42,632.21,636.59,21634.2
2021-11-15 23:00:00,636.58,636.58,632.28,633.44,20321.33
2021-11-16 00:00:00,633.45,634.5,618.07,630.37,152788.21
2021-11-16 01:00:00,630.37,634.1,616.25,626.0,201843.72
2021-11-16 02:00:00,626.05,626.81,611.65,613.99,93093.17
2021-11-16 03:00:00,613.99,617.67,602.92,608.62,172989.38
2021-11-16 04:00:00,608.66,611.63,596.01,610.0,190360.84
2021-11-16 05:00:00,610.03,613.34,607.08,608.39,77302.79
2021-11-16 06:00:00,608.39,609.24,601.5,607.08,100940.07
2021-11-16 07:00:00,607.08,609.19,603.58,607.46,69714.3
2021-11-16 08:00:00,607.46,616.94,605.0,615.5,101076.65
2021-11-16 09:00:00,615.55,617.83,598.97,599.37,115928.08
2021-11-16 10:00:00,599.32,600.44,568.0,591.44,402006.56
2021-11-16 11:00:00,591.44,597.35,584.29,586.79,186473.59
2021-11-16 12:00:00,586.78,587.1,575.0,575.42,169597.8
2021-11-16 13:00:00,575.41,586.45,575.41,584.44,125282.46
2021-11-16 14:00:00,584.43,596.97,583.34,592.9,143860.27
2021-11-16 15:00:00,592.91,594.29,585.24,586.29,76350.43
2021-11-16 16:00:00,586.29,592.2,585.86,590.23,59373.92
2021-11-16 17:00:00,590.23,593.72,586.8,588.76,49704.29
2021-11-16 18:00:00,588.75,592.63,580.36,580.36,56974.42
2021-11-16 19:00:00,580.54,590.12,580.0,585.59,57654.86
2021-11-16 20:00:00,585.52,585.55,574.0,579.61,125382.16
2021-11-16 21:00:00,579.59,589.4,578.36,588.1,75353.98
2021-11-16 22:00:00,588.11,593.34,588.11,591.35,42778.89
2021-11-16 23:00:00,591.33,592.0,587.87,588.76,47145.75
2021-11-17 00:00:00,588.73,592.87,581.63,584.19,73476.27
2021-11-17 01:00:00,584.19,591.85,580.54,581.01,59227.81
2021-11-17 02:00:00,581.0,583.83,575.1,575.99,54665.28
2021-11-17 03:00:00,576.04,580.42,566.35,570.44,143327.4
2021-11-17 04:00:00,570.49,572.06,563.09,568.68,104140.35
2021-11-17 05:00:00,568.7,571.5,565.75,567.74,70872.98
2021-11-17 06:00:00,567.75,568.98,561.73,566.13,75742.81
2021-11-17 07:00:00,566.12,573.95,563.34,568.49,81480.98
2021-11-17 08:00:00,568.48,571.32,566.11,567.46,63841.71
2021-11-17 09:00:00,567.51,567.51,555.77,556.65,118445.75
2021-11-17 10:00:00,556.66,579.0,554.0,577.88,185473.48
2021-11-17 11:00:00,577.92,586.34,574.4,585.5,117112.15
2021-11-17 12:00:00,585.51,586.49,579.63,580.86,66533.94
2021-11-17 13:00:00,580.86,584.0,579.06,579.32,51016.0
2021-11-17 14:00:00,579.32,581.79,570.25,570.54,95410.35
2021-11-17 15:00:00,570.54,572.89,564.49,571.35,91607.13
2021-11-17 16:00:00,571.35,578.1,566.48,577.14,77387.83
2021-11-17 17:00:00,577.3,581.98,572.62,578.71,51245.72
2021-11-17 18:00:00,578.7,581.68,578.39,581.34,36696.26
2021-11-17 19:00:00,581.34,582.76,575.1,577.24,30435.32
2021-11-17 20:00:00,577.24,581.26,574.06,580.66,46305.36
2021-11-17 21:00:00,580.66,580.81,573.83,578.19,34228.05
2021-11-17 22:00:00,578.19,578.52,572.05,575.26,36344.14
2021-11-17 23:00:00,575.34,579.15,571.63,578.41,27570.97
2021-11-18 00:00:00,578.4,587.88,576.93,585.5,65203.36
2021-11-18 01:00:00,585.46,588.47,581.2,587.18,53381.57
2021-11-18 02:00:00,587.14,588.16,583.63,586.43,35752.97
2021-11-18 03:00:00,586.43,586.67,579.58,579.68,38671.28
2021-11-18 04:00:00,579.69,581.71,572.56,573.0,64057.89
2021-11-18 05:00:00,573.0,576.0,571.38,575.21,39138.84
2021-11-18 06:00:00,575.18,576.37,571.2,574.04,37001.0
2021-11-18 07:00:00,574.04,574.62,569.6,574.01,38248.41
2021-11-18 08:00:00,574.0,575.24,570.35,573.82,42092.74
2021-11-18 09:00:00,573.75,574.15,565.2,568.92,57097.47
2021-11-18 10:00:00,568.91,574.23,565.67,573.59,51177.75
2021-11-18 11:00:00,573.58,574.44,567.03,567.51,43890.64
2021-11-18 12:00:00,567.52,573.35,565.06,566.91,66799.39
2021-11-18 13:00:00,566.93,568.58,558.88,563.94,94608.54
2021-11-18 14:00:00,563.93,564.9,555.63,557.12,76542.95
2021-11-18 15:00:00,557.06,560.61,540.87,546.09,312797.54
2021-11-18 16:00:00,546.1,548.86,531.59,532.58,233426.25
2021-11-18 17:00:00,532.58,536.93,516.36,531.46,314167.07
2021-11-18 18:00:00,531.43,538.73,531.43,538.01,86228.12
2021-11-18 19:00:00,538.0,543.09,536.43,540.24,58995.64
2021-11-18 20:00:00,540.33,543.0,535.36,539.25,58102.96
2021-11-18 21:00:00,539.25,541.94,533.58,534.91,41942.0
2021-11-18 22:00:00,534.91,537.15,528.14,529.86,75018.0
2021-11-18 23:00:00,529.86,534.33,527.34,532.13,74617.77
2021-11-19 00:00:00,532.2,542.2,527.8,541.83,101550.33
2021-11-19 01:00:00,541.71,541.96,532.89,533.16,53398.85
2021-11-19 02:00:00,533.16,538.21,527.85,530.98,76915.91
2021-11-19 03:00:00,530.97,532.73,524.2,528.49,63413.97
2021-11-19 04:00:00,528.5,538.45,527.7,538.09,53299.83
2021-11-19 05:00:00,538.07,555.68,535.12,552.01,153707.62
2021-11-19 06:00:00,552.0,553.3,547.07,548.09,91221.92
2021-11-19 07:00:00,548.09,551.0,543.58,546.01,65184.56
2021-11-19 08:00:00,546.0,561.53,545.9,559.5,121504.57
2021-11-19 09:00:00,559.51,566.06,558.82,564.16,88102.27
2021-11-19 10:00:00,564.14,565.63,559.2,562.54,61686.68
2021-11-19 11:00:00,562.54,565.27,556.78,561.9,66038.17
2021-11-19 12:00:00,561.91,569.71,560.78,564.66,86175.46
2021-11-19 13:00:00,564.66,575.46,562.7,574.77,97465.74
2021-11-19 14:00:00,574.77,580.95,573.38,580.61,83729.57
2021-11-19 15:00:00,580.6,580.89,574.96,576.48,73379.54
2021-11-19 16:00:00,576.48,581.58,576.21,580.45,56625.49
2021-11-19 17:00:00,580.45,584.77,579.46,580.13,74097.27
2021-11-19 18:00:00,580.04,582.64,577.36,578.29,62191.33
2021-11-19 19:00:00,578.29,584.86,578.26,584.37,37563.19
2021-11-19 20:00:00,584.38,584.99,580.25,581.78,38267.31
2021-11-19 21:00:00,581.78,582.77,579.22,581.97,29994.89
2021-11-19 22:00:00,581.98,585.72,579.37,580.88,32381.05
2021-11-19 23:00:00,580.88,582.6,578.38,580.98,34194.76
2021-11-20 00:00:00,580.98,587.52,580.19,584.51,66507.67
2021-11-20 01:00:00,584.51,592.52,583.78,591.06,58551.15
2021-11-20 02:00:00,591.06,592.51,588.58,588.65,45091.01
2021-11-20 03:00:00,588.66,589.35,581.0,582.45,57474.75
2021-11-20 04:00:00,582.45,583.18,579.44,582.95,56276.05
2021-11-20 05:00:00,582.95,584.35,579.44,581.73,40552.24
2021-11-20 06:00:00,581.73,585.31,580.41,583.87,32598.19
2021-11-20 07:00:00,583.88,584.7,580.81,581.62,20807.88
2021-11-20 08:00:00,581.71,585.38,580.97,583.3,26207.75
2021-11-20 09:00:00,583.29,586.77,580.33,582.72,34874.02
2021-11-20 10:00:00,582.71,586.52,581.65,585.19,34666.45
2021-11-20 11:00:00,585.18,591.12,585.0,590.1,48880.27
2021-11-20 12:00:00,590.1,593.94,587.54,590.52,72306.96
2021-11-20 13:00:00,590.55,591.34,585.71,587.05,34591.37
2021-11-20 14:00:00,587.05,591.4,586.3,586.52,40350.35
2021-11-20 15:00:00,586.5,587.13,573.3,575.0,127027.82
2021-11-20 16:00:00,575.01,581.64,574.0,580.1,73163.53
2021-11-20 17:00:00,580.09,581.34,577.33,580.36,34648.76
2021-11-20 18:00:00,580.35,597.51,579.31,595.78,137761.42
2021-11-20 19:00:00,595.78,599.0,594.5,597.34,64540.86
2021-11-20 20:00:00,597.34,599.0,596.24,597.29,33700.96
2021-11-20 21:00:00,597.26,599.37,597.06,598.77,25293.12
2021-11-20 22:00:00,598.74,604.5,597.9,603.91,39979.63
2021-11-20 23:00:00,603.92,604.94,600.37,604.66,44415.48
2021-11-21 00:00:00,604.62,605.43,597.61,598.05,54230.87
2021-11-21 01:00:00,598.05,599.73,595.76,598.11,35990.13
2021-11-21 02:00:00,598.1,598.35,591.3,596.55,46200.34
2021-11-21 03:00:00,596.54,596.64,589.12,590.54,46106.48
2021-11-21 04:00:00,590.54,594.33,589.51,590.02,33013.55
2021-11-21 05:00:00,590.01,596.3,589.25,595.79,26615.08
2021-11-21 06:00:00,595.76,596.28,593.0,596.22,25451.97
2021-11-21 07:00:00,596.1,596.24,586.46,587.27,51028.86
2021-11-21 08:00:00,587.28,588.81,582.82,584.0,57659.18
2021-11-21 09:00:00,584.0,587.99,582.98,587.7,30876.12
2021-11-21 10:00:00,587.67,588.16,580.5,583.41,41745.84
2021-11-21 11:00:00,583.36,587.31,580.27,582.7,43504.2
2021-11-21 12:00:00,582.69,586.52,581.01,585.12,36327.0
2021-11-21 13:00:00,585.14,589.0,583.73,586.14,36393.44
2021-11-21 14:00:00,586.15,587.4,583.5,585.04,32648.05
2021-11-21 15:00:00,585.03,593.18,584.02,592.91,42607.3
2021-11-21 16:00:00,592.91,594.87,587.4,593.53,76700.0
2021-11-21 17:00:00,593.52,594.79,589.4,589.83,41480.04
2021-11-21 18:00:00,589.87,591.41,587.22,590.85,26418.32
2021-11-21 19:00:00,590.85,592.66,587.93,588.32,22010.66
2021-11-21 20:00:00,588.33,593.75,588.21,592.82,19323.89
2021-11-21 21:00:00,592.85,595.99,592.19,593.3,30018.33
2021-11-21 22:00:00,593.31,594.54,586.66,589.37,30489.36
2021-11-21 23:00:00,589.38,591.35,583.15,584.2,45111.3
2021-11-22 00:00:00,584.25,585.54,575.4,576.57,81957.94
2021-11-22 01:00:00,576.56,579.15,571.11,575.02,65518.43
2021-11-22 02:00:00,575.01,575.33,566.05,570.67,69351.2
2021-11-22 03:00:00,570.66,572.81,564.45,569.47,61403.64
2021-11-22 04:00:00,569.46,572.19,566.88,567.31,36862.09
2021-11-22 05:00:00,567.28,569.73,561.46,569.56,63407.94
2021-11-22 06:00:00,569.57,569.71,566.04,567.35,28784.53
2021-11-22 07:00:00,567.35,572.75,567.01,568.43,39744.23
2021-11-22 08:00:00,568.43,572.84,568.42,570.84,28576.41
2021-11-22 09:00:00,570.85,575.62,569.33,569.36,47335.09
2021-11-22 10:00:00,569.4,574.06,567.79,573.91,32128.47
2021-11-22 11:00:00,573.91,574.73,570.84,571.19,29295.46
2021-11-22 12:00:00,571.18,577.33,568.61,572.33,58209.18
2021-11-22 13:00:00,572.25,584.72,565.73,581.04,135370.33
2021-11-22 14:00:00,581.0,584.3,576.12,577.56,62268.13
2021-11-22 15:00:00,577.56,580.0,575.26,575.93,46324.71
2021-11-22 16:00:00,575.94,577.36,569.36,570.77,77248.99
2021-11-22 17:00:00,570.72,571.46,567.37,569.16,42435.28
2021-11-22 18:00:00,569.16,569.16,561.65,562.11,48862.47
2021-11-22 19:00:00,562.12,565.52,554.51,556.03,99183.53
2021-11-22 20:00:00,556.25,559.86,554.21,557.0,50424.7
2021-11-22 21:00:00,556.99,561.05,554.22,560.82,62549.56
2021-11-22 22:00:00,560.81,564.17,559.33,564.06,26864.35
2021-11-22 23:00:00,564.06,564.34,558.49,559.79,41307.22
2021-11-23 00:00:00,559.78,568.33,558.16,565.91,54384.21
2021-11-23 01:00:00,565.92,567.84,562.54,564.48,37385.23
2021-11-23 02:00:00,564.48,566.79,562.66,566.53,36310.09
2021-11-23 03:00:00,566.53,569.68,565.11,567.47,36185.69
2021-11-23 04:00:00,567.46,568.73,565.17,567.01,26944.39
2021-11-23 05:00:00,567.02,567.74,563.55,566.47,34114.41
2021-11-23 06:00:00,566.46,568.52,564.24,566.97,33441.06
2021-11-23 07:00:00,566.98,567.38,561.48,563.8,45572.36
2021-11-23 08:00:00,563.75,567.31,560.34,566.95,52540.25
2021-11-23 09:00:00,567.01,576.98,560.28,570.99,132389.87
2021-11-23 10:00:00,570.98,586.86,567.89,577.17,175323.09
2021-11-23 11:00:00,577.13,580.79,575.0,577.24,69333.74
2021-11-23 12:00:00,577.25,580.33,576.06,579.52,46465.04
2021-11-23 13:00:00,579.52,591.08,579.29,591.08,104476.16
2021-11-23 14:00:00,591.08,605.36,588.32,603.77,154315.34
2021-11-23 15:00:00,603.77,604.98,592.54,593.52,127168.51
2021-11-23 16:00:00,593.51,601.91,592.01,600.38,92671.74
2021-11-23 17:00:00,600.37,601.4,596.0,598.02,56013.02
2021-11-23 18:00:00,598.02,600.26,596.65,599.75,37898.53
2021-11-23 19:00:00,599.75,605.14,598.43,604.49,46544.5
2021-11-23 20:00:00,604.5,605.7,600.78,602.52,58754.22
2021-11-23 21:00:00,602.53,602.59,593.63,594.06,61542.91
2021-11-23 22:00:00,594.03,595.95,591.56,593.6,29284.52
2021-11-23 23:00:00,593.59,594.2,591.0,591.6,38630.82
2021-11-24 00:00:00,591.59,594.42,590.04,591.69,39970.75
2021-11-24 01:00:00,591.69,593.6,587.0,587.34,61741.94
2021-11-24 02:00:00,587.36,588.74,581.0,581.95,92668.81
2021-11-24 03:00:00,581.95,583.8,580.48,581.45,42422.48
2021-11-24 04:00:00,581.46,585.18,579.57,582.79,56839.41
2021-11-24 05:00:00,582.8,585.5,581.76,583.43,33434.13
2021-11-24 06:00:00,583.43,591.11,579.19,589.11,77765.12
2021-11-24 07:00:00,589.11,589.12,585.32,586.55,45308.71
2021-11-24 08:00:00,586.55,591.66,585.1,587.1,67006.66
2021-11-24 09:00:00,587.15,592.99,587.02,589.11,49660.85
2021-11-24 10:00:00,589.14,591.68,586.91,587.36,39721.12
2021-11-24 11:00:00,587.37,591.93,586.97,590.53,38594.23
2021-11-24 12:00:00,590.52,593.15,587.67,588.85,49815.25
2021-11-24 13:00:00,588.85,591.76,581.44,582.4,90152.01
2021-11-24 14:00:00,582.41,584.64,577.31,581.58,105286.98
2021-11-24 15:00:00,581.65,594.95,580.84,591.67,107054.47
2021-11-24 16:00:00,591.68,593.62,583.89,585.39,75494.31
2021-11-24 17:00:00,585.39,588.82,581.0,583.3,51380.24
2021-11-24 18:00:00,583.29,589.26,583.2,586.49,41196.01
2021-11-24 19:00:00,586.5,587.54,581.58,582.58,39556.4
2021-11-24 20:00:00,582.58,588.1,579.37,588.0,44871.46
2021-11-24 21:00:00,587.86,589.0,585.85,586.84,29392.37
2021-11-24 22:00:00,586.85,589.19,586.8,588.15,21005.27
2021-11-24 23:00:00,588.14,592.0,588.14,590.56,35669.76
2021-11-25 00:00:00,590.56,599.7,587.67,596.97,102037.01
2021-11-25 01:00:00,597.01,604.22,597.01,601.05,79708.49
2021-11-25 02:00:00,601.05,603.2,597.92,602.93,42365.65
2021-11-25 03:00:00,602.9,615.0,602.31,613.04,107850.82
2021-11-25 04:00:00,613.04,614.16,605.21,608.32,81858.2
2021-11-25 05:00:00,608.31,610.83,600.6,601.0,73291.31
2021-11-25 06:00:00,600.94,604.88,600.35,604.4,50897.4
2021-11-25 07:00:00,604.41,612.39,604.08,609.43,48602.1
2021-11-25 08:00:00,609.43,613.88,609.25,610.8,62612.32
2021-11-25 09:00:00,610.81,619.37,608.67,618.66,91380.13
2021-11-25 10:00:00,618.67,636.65,617.67,630.07,230732.42
2021-11-25 11:00:00,630.07,640.94,625.12,639.96,162135.25
2021-11-25 12:00:00,639.96,641.8,634.14,640.02,112070.76
2021-11-25 13:00:00,640.13,640.81,630.5,633.0,96090.75
2021-11-25 14:00:00,633.0,638.29,632.97,637.32,56334.93
2021-11-25 15:00:00,637.34,644.89,637.2,643.51,96562.19
2021-11-25 16:00:00,643.54,647.49,638.24,638.45,96818.9
2021-11-25 17:00:00,638.43,642.35,636.25,640.66,55589.19
2021-11-25 18:00:00,640.66,642.19,638.18,642.19,33057.18
2021-11-25 19:00:00,642.2,642.28,634.66,637.21,44836.57
2021-11-25 20:00:00,637.2,638.47,634.0,635.06,30011.79
2021-11-25 21:00:00,635.04,637.17,631.73,634.0,38717.2
2021-11-25 22:00:00,634.0,639.82,631.1,639.67,37982.46
2021-11-25 23:00:00,639.67,644.66,638.08,639.3,43043.38
2021-11-26 00:00:00,639.35,642.33,637.28,640.21,52139.44
2021-11-26 01:00:00,640.21,654.56,639.36,651.41,107413.28
2021-11-26 02:00:00,651.41,658.94,645.51,651.93,120963.18
2021-11-26 03:00:00,651.94,652.19,624.53,627.74,285591.79
2021-11-26 04:00:00,627.75,631.64,614.95,620.03,195979.34
2021-11-26 05:00:00,620.07,623.95,612.89,622.59,109622.34
2021-11-26 06:00:00,622.59,624.91,618.12,620.27,59420.77
2021-11-26 07:00:00,620.26,620.85,597.9,609.39,220637.32
2021-11-26 08:00:00,609.39,610.9,567.0,581.93,585744.63
2021-11-26 09:00:00,581.81,585.49,575.0,580.0,240787.25
2021-11-26 10:00:00,580.04,580.81,574.3,575.71,128257.34
2021-11-26 11:00:00,575.71,582.56,568.4,569.9,170592.27
2021-11-26 12:00:00,569.99,585.81,564.49,585.81,204764.52
2021-11-26 13:00:00,585.82,594.78,579.82,593.33,266320.08
2021-11-26 14:00:00,593.32,595.9,586.97,591.16,141438.73
2021-11-26 15:00:00,591.18,591.66,582.99,586.16,82373.81
2021-11-26 16:00:00,586.18,593.75,582.08,590.25,84383.58
2021-11-26 17:00:00,590.26,595.97,589.2,590.03,62708.74
2021-11-26 18:00:00,590.04,592.8,585.95,590.15,40730.69
2021-11-26 19:00:00,590.15,594.68,588.87,591.99,30415.02
2021-11-26 20:00:00,592.0,593.79,588.82,593.41,39031.48
2021-11-26 21:00:00,593.4,594.97,588.46,588.8,47161.59
2021-11-26 22:00:00,588.82,594.9,588.01,590.34,41147.8
2021-11-26 23:00:00,590.32,594.24,583.36,587.71,77093.13
2021-11-27 00:00:00,587.65,594.99,584.5,589.55,74811.91
2021-11-27 01:00:00,589.57,592.6,585.7,588.86,43257.31
2021-11-27 02:00:00,588.85,593.83,588.82,593.66,30284.15
2021-11-27 03:00:00,593.65,595.9,591.1,591.47,38375.36
2021-11-27 04:00:00,591.47,594.32,589.78,593.33,36425.3
2021-11-27 05:00:00,593.34,594.73,588.73,589.02,27462.46
2021-11-27 06:00:00,589.02,592.21,583.9,585.36,43930.44
2021-11-27 07:00:00,585.32,591.64,584.76,591.29,42128.01
2021-11-27 08:00:00,591.29,606.61,591.23,605.48,120316.27
2021-11-27 09:00:00,605.48,608.58,596.68,597.54,103374.71
2021-11-27 10:00:00,597.54,603.0,594.17,601.18,92685.18
2021-11-27 11:00:00,601.19,604.64,597.75,599.03,62508.18
2021-11-27 12:00:00,599.03,604.0,597.48,603.62,53533.78
2021-11-27 13:00:00,603.62,613.63,601.02,610.56,110663.24
2021-11-27 14:00:00,610.57,613.41,604.55,606.68,82302.51
2021-11-27 15:00:00,606.68,610.73,605.32,606.82,45688.67
2021-11-27 16:00:00,606.81,618.75,606.36,613.57,107710.8
2021-11-27 17:00:00,613.57,621.16,613.57,618.78,84351.05
2021-11-27 18:00:00,618.79,618.9,612.59,617.82,58726.18
2021-11-27 19:00:00,617.82,618.1,609.06,609.29,45916.69
2021-11-27 20:00:00,609.29,615.82,600.01,600.99,93761.72
2021-11-27 21:00:00,600.99,606.24,594.5,604.88,119575.82
2021-11-27 22:00:00,604.75,609.4,604.01,607.33,43886.09
2021-11-27 23:00:00,607.34,607.55,595.56,600.19,79715.2
2021-11-28 00:00:00,600.18,604.34,593.65,603.23,92363.93
2021-11-28 01:00:00,603.23,603.34,585.34,588.64,88302.25
2021-11-28 02:00:00,588.56,591.02,572.66,583.67,171176.43
2021-11-28 03:00:00,583.65,583.75,576.36,579.82,68592.12
2021-11-28 04:00:00,579.82,582.7,575.22,577.07,66203.06
2021-11-28 05:00:00,577.02,586.62,575.49,585.14,69215.8
2021-11-28 06:00:00,585.1,588.95,581.09,588.11,41648.03
2021-11-28 07:00:00,588.1,593.71,585.72,590.75,66994.31
2021-11-28 08:00:00,590.75,592.92,585.48,587.89,47423.85
2021-11-28 09:00:00,587.89,598.21,582.01,596.05,94901.74
2021-11-28 10:00:00,596.01,602.67,592.93,598.86,77743.42
2021-11-28 11:00:00,598.85,602.4,595.1,596.86,92638.42
2021-11-28 12:00:00,596.86,599.99,594.02,597.22,43728.42
2021-11-28 13:00:00,597.21,598.34,594.04,596.16,38106.37
2021-11-28 14:00:00,596.16,598.36,589.41,595.22,62523.97
2021-11-28 15:00:00,595.23,595.77,590.21,593.46,36524.5
2021-11-28 16:00:00,593.45,595.22,584.52,589.17,62941.56
2021-11-28 17:00:00,589.22,591.26,578.86,583.4,76623.45
2021-11-28 18:00:00,583.43,586.8,571.8,586.04,119424.77
2021-11-28 19:00:00,586.04,592.16,583.79,589.15,73512.78
2021-11-28 20:00:00,589.16,595.54,589.15,594.44,51764.54
2021-11-28 21:00:00,594.44,609.38,594.44,607.87,103940.95
2021-11-28 22:00:00,607.9,610.46,602.4,602.73,82504.51
2021-11-28 23:00:00,602.74,612.99,602.73,611.52,90431.31
2021-11-29 00:00:00,611.45,618.88,609.63,613.45,105316.58
2021-11-29 01:00:00,613.45,618.21,611.23,614.08,65402.67
2021-11-29 02:00:00,614.13,614.99,606.0,606.87,49198.02
2021-11-29 03:00:00,606.87,609.33,602.25,608.88,61640.54
2021-11-29 04:00:00,608.88,613.32,607.55,608.27,48752.03
2021-11-29 05:00:00,608.26,610.21,607.29,608.99,26087.9
2021-11-29 06:00:00,608.98,612.45,608.0,612.04,30234.32
2021-11-29 07:00:00,612.04,620.0,611.66,618.16,71409.18
2021-11-29 08:00:00,618.2,619.73,610.41,613.66,59852.14
2021-11-29 09:00:00,613.7,615.78,604.6,607.43,70986.44
2021-11-29 10:00:00,607.46,612.32,606.66,610.57,49246.12
2021-11-29 11:00:00,610.57,615.74,610.41,611.41,49244.23
2021-11-29 12:00:00,611.41,616.38,611.1,614.92,45802.69
2021-11-29 13:00:00,614.92,627.68,614.22,624.07,121553.29
2021-11-29 14:00:00,624.07,626.22,617.51,619.4,74121.94
2021-11-29 15:00:00,619.42,620.22,614.21,619.46,53019.64
2021-11-29 16:00:00,619.42,624.7,618.75,624.03,56875.68
2021-11-29 17:00:00,624.08,629.71,621.15,623.82,97844.62
2021-11-29 18:00:00,623.88,628.08,621.0,621.82,50692.99
2021-11-29 19:00:00,621.84,623.71,616.65,617.32,55366.17
2021-11-29 20:00:00,617.33,621.63,616.2,620.58,37253.58
2021-11-29 21:00:00,620.58,625.58,619.79,624.75,25877.53
2021-11-29 22:00:00,624.8,625.17,621.45,623.26,24711.96
2021-11-29 23:00:00,623.25,628.08,621.12,624.25,53548.65
2021-11-30 00:00:00,624.25,633.45,624.16,633.28,96592.18
2021-11-30 01:00:00,633.29,634.99,622.02,622.96,92543.29
2021-11-30 02:00:00,623.08,627.69,622.44,624.78,36058.03
2021-11-30 03:00:00,624.78,625.61,612.38,618.32,80336.61
2021-11-30 04:00:00,618.33,619.8,615.29,618.18,48608.66
2021-11-30 05:00:00,618.18,618.55,608.3,608.93,73575.01
2021-11-30 06:00:00,608.84,615.71,603.76,615.36,104543.96
2021-11-30 07:00:00,615.37,617.99,609.4,614.24,55386.64
2021-11-30 08:00:00,614.24,619.77,608.78,614.7,63772.06
2021-11-30 09:00:00,614.68,617.46,609.16,616.41,60017.49
2021-11-30 10:00:00,616.52,620.6,612.8,619.8,61895.41
2021-11-30 11:00:00,619.79,627.77,617.75,626.17,92359.24
2021-11-30 12:00:00,626.2,632.62,623.71,624.19,116883.49
2021-11-30 13:00:00,624.22,628.96,619.56,628.45,82951.51
2021-11-30 14:00:00,628.47,630.66,624.62,629.59,73421.08
2021-11-30 15:00:00,629.61,635.4,618.55,618.55,134702.49
2021-11-30 16:00:00,618.67,626.65,612.41,618.68,172305.15
2021-11-30 17:00:00,618.66,623.89,613.08,621.56,87096.96
2021-11-30 18:00:00,621.53,627.4,619.5,627.11,52332.73
2021-11-30 19:00:00,627.08,627.39,620.61,623.76,39847.49
2021-11-30 20:00:00,623.77,625.67,620.06,622.59,38892.25
2021-11-30 21:00:00,622.57,626.16,618.05,620.26,41039.53
2021-11-30 22:00:00,620.25,627.0,619.33,626.41,28431.15
2021-11-30 23:00:00,626.32,629.17,621.71,622.59,61112.28
2021-12-01 00:00:00,622.65,630.17,620.48,629.75,67558.25
2021-12-01 01:00:00,629.76,629.85,625.4,628.9,39939.91
2021-12-01 02:00:00,628.91,634.66,627.56,633.29,59212.42
2021-12-01 03:00:00,633.31,636.47,629.89,632.42,68215.49
2021-12-01 04:00:00,632.41,633.0,628.95,630.63,37981.79
2021-12-01 05:00:00,630.66,634.33,626.75,630.75,54426.88
2021-12-01 06:00:00,630.75,631.28,626.77,630.05,39104.56
2021-12-01 07:00:00,630.02,637.71,629.38,637.4,66517.36
2021-12-01 08:00:00,637.39,644.41,633.5,636.85,259974.54
2021-12-01 09:00:00,636.84,648.82,633.65,648.45,197001.97
2021-12-01 10:00:00,648.36,650.75,640.65,641.91,95980.94
2021-12-01 11:00:00,641.91,643.37,637.77,639.46,68007.1
2021-12-01 12:00:00,639.42,644.95,635.5,637.7,64423.93
2021-12-01 13:00:00,637.76,646.05,637.28,644.82,59641.62
2021-12-01 14:00:00,644.83,650.0,644.13,647.86,74652.93
2021-12-01 15:00:00,647.86,649.5,644.27,647.89,62053.91
2021-12-01 16:00:00,647.93,648.83,642.74,643.29,55035.16
2021-12-01 17:00:00,643.29,645.44,639.26,639.46,41282.45
2021-12-01 18:00:00,639.47,641.39,635.18,635.88,49467.91
2021-12-01 19:00:00,635.91,638.63,631.25,636.28,59141.55
2021-12-01 20:00:00,636.27,636.37,624.0,626.0,82812.07
2021-12-01 21:00:00,626.05,627.22,619.36,623.96,89395.33
2021-12-01 22:00:00,623.99,625.35,619.23,624.74,50712.49
2021-12-01 23:00:00,624.74,628.44,623.63,627.45,52158.58
2021-12-02 00:00:00,627.45,627.47,619.36,623.8,65047.39
2021-12-02 01:00:00,623.8,629.42,620.0,627.67,57356.17
2021-12-02 02:00:00,627.66,628.14,622.0,622.28,39630.1
2021-12-02 03:00:00,622.29,622.29,605.5,611.61,170180.99
2021-12-02 04:00:00,611.62,618.57,610.89,616.81,63342.49
2021-12-02 05:00:00,616.82,621.42,616.0,619.71,46944.63
2021-12-02 06:00:00,619.72,622.41,616.28,622.41,41380.23
2021-12-02 07:00:00,622.42,627.88,621.6,627.75,63621.67
2021-12-02 08:00:00,627.75,630.95,621.31,621.43,89160.8
2021-12-02 09:00:00,621.43,624.58,619.56,623.38,44445.47
2021-12-02 10:00:00,623.35,625.2,619.32,620.99,47956.43
2021-12-02 11:00:00,620.98,623.0,615.7,622.02,62402.1
2021-12-02 12:00:00,622.05,626.41,619.02,623.96,81750.95
2021-12-02 13:00:00,623.97,625.34,618.1,621.59,53650.88
2021-12-02 14:00:00,621.55,628.22,619.33,627.08,68903.51
2021-12-02 15:00:00,627.14,630.53,617.36,623.17,104729.2
2021-12-02 16:00:00,623.23,624.24,615.3,619.49,59216.87
2021-12-02 17:00:00,619.49,621.18,617.2,620.22,36704.55
2021-12-02 18:00:00,620.22,620.43,615.65,619.96,34749.55
2021-12-02 19:00:00,619.93,621.49,618.12,619.57,31814.3
2021-12-02 20:00:00,619.67,624.13,618.58,623.16,27429.15
2021-12-02 21:00:00,623.18,625.41,621.38,624.69,25141.55
2021-12-02 22:00:00,624.69,625.23,622.01,624.07,24020.66
2021-12-02 23:00:00,624.06,624.4,618.84,620.37,25601.91
2021-12-03 00:00:00,620.37,620.87,617.02,617.03,36175.44
2021-12-03 01:00:00,617.03,618.69,612.57,614.49,64396.16
2021-12-03 02:00:00,614.49,616.39,609.36,611.98,53136.45
2021-12-03 03:00:00,611.98,615.45,610.43,613.23,33814.71
2021-12-03 04:00:00,613.22,617.98,612.73,615.96,35828.79
2021-12-03 05:00:00,615.95,619.5,613.44,617.71,43699.06
2021-12-03 06:00:00,617.72,620.4,617.44,619.98,28619.01
2021-12-03 07:00:00,619.98,622.22,617.0,622.22,47901.27
2021-12-03 08:00:00,622.23,622.45,618.99,620.4,35573.43
2021-12-03 09:00:00,620.4,621.37,618.48,620.95,25416.46
2021-12-03 10:00:00,620.95,625.29,620.62,622.79,51541.09
2021-12-03 11:00:00,622.8,625.08,622.76,624.8,32532.78
2021-12-03 12:00:00,624.83,628.29,623.66,624.3,51387.87
2021-12-03 13:00:00,624.31,626.92,621.64,622.47,57355.65
2021-12-03 14:00:00,622.46,623.4,615.0,616.28,64781.79
2021-12-03 15:00:00,616.28,617.0,606.09,608.0,134563.57
2021-12-03 16:00:00,607.94,607.94,595.0,598.89,201526.32
2021-12-03 17:00:00,598.88,604.67,595.05,602.09,85683.49
2021-12-03 18:00:00,602.08,604.31,597.12,602.26,57424.1
2021-12-03 19:00:00,602.22,602.41,590.09,591.34,93509.34
2021-12-03 20:00:00,591.39,594.44,570.77,593.64,297883.15
2021-12-03 21:00:00,593.67,599.65,592.59,596.03,87622.56
2021-12-03 22:00:00,596.01,597.26,591.23,591.88,43647.82
2021-12-03 23:00:00,591.87,598.67,591.87,595.17,44129.46
2021-12-04 00:00:00,595.18,596.29,580.0,581.16,76737.04
2021-12-04 01:00:00,581.14,587.46,576.25,586.5,97839.14
2021-12-04 02:00:00,586.49,588.89,582.37,587.0,41425.77
2021-12-04 03:00:00,587.0,587.11,570.83,571.05,77690.09
2021-12-04 04:00:00,571.05,579.3,537.75,546.75,250428.53
2021-12-04 05:00:00,546.95,550.95,484.18,538.59,915750.58
2021-12-04 06:00:00,538.46,543.8,528.11,535.45,252558.37
2021-12-04 07:00:00,535.46,539.29,526.27,536.05,146730.31
2021-12-04 08:00:00,535.98,544.74,532.94,541.02,109298.31
2021-12-04 09:00:00,541.03,543.9,536.43,541.07,75762.92
2021-12-04 10:00:00,541.07,542.55,532.29,537.01,87884.75
2021-12-04 11:00:00,536.98,537.25,523.81,531.46,109225.24
2021-12-04 12:00:00,531.39,549.0,531.35,545.16,110677.9
2021-12-04 13:00:00,545.17,548.65,539.26,548.31,77246.42
2021-12-04 14:00:00,548.31,561.71,547.0,560.7,120274.23
2021-12-04 15:00:00,560.7,568.29,559.31,562.25,101524.51
2021-12-04 16:00:00,562.21,564.26,553.68,555.31,72477.42
2021-12-04 17:00:00,555.31,562.28,554.93,560.25,48475.12
2021-12-04 18:00:00,560.24,565.19,559.3,563.96,42659.95
2021-12-04 19:00:00,563.96,569.47,561.88,567.23,47968.8
2021-12-04 20:00:00,567.23,570.27,563.09,566.21,48692.75
2021-12-04 21:00:00,566.21,567.3,558.53,561.76,46064.19
2021-12-04 22:00:00,561.82,565.12,560.03,563.92,40960.3
2021-12-04 23:00:00,563.91,570.16,563.05,568.07,62968.19
2021-12-05 00:00:00,568.07,574.42,555.61,560.65,95463.44
2021-12-05 01:00:00,560.61,562.27,554.68,559.68,57241.47
2021-12-05 02:00:00,559.68,564.39,557.58,560.66,34633.48
2021-12-05 03:00:00,560.65,566.85,557.56,565.19,35218.98
2021-12-05 04:00:00,565.2,566.2,560.84,562.51,34766.51
2021-12-05 05:00:00,562.51,572.35,562.24,571.74,44296.38
2021-12-05 06:00:00,571.73,574.17,568.29,572.97,37278.7
2021-12-05 07:00:00,572.87,574.32,570.27,573.45,46236.22
2021-12-05 08:00:00,573.47,581.63,571.2,579.51,75768.8
2021-12-05 09:00:00,579.52,579.66,569.05,571.57,73660.59
2021-12-05 10:00:00,571.54,577.6,570.66,574.27,39051.67
2021-12-05 11:00:00,574.28,576.73,569.5,572.75,35904.85
2021-12-05 12:00:00,572.69,578.23,569.61,575.78,49989.71
2021-12-05 13:00:00,575.79,576.23,570.88,571.91,43945.41
2021-12-05 14:00:00,571.9,572.64,562.0,563.17,93806.12
2021-12-05 15:00:00,563.15,567.16,541.1,547.47,188695.94
2021-12-05 16:00:00,547.44,555.86,545.85,551.64,123400.8
2021-12-05 17:00:00,551.65,560.77,548.3,558.12,67881.69
2021-12-05 18:00:00,558.12,558.36,552.72,553.47,38538.68
2021-12-05 19:00:00,553.46,554.39,545.9,553.47,52223.87
2021-12-05 20:00:00,553.47,556.48,548.16,553.55,39011.71
2021-12-05 21:00:00,553.55,556.78,546.91,552.97,48657.34
2021-12-05 22:00:00,552.88,554.45,547.84,554.32,34475.14
2021-12-05 23:00:00,554.32,559.45,551.09,557.65,43195.61
2021-12-06 00:00:00,557.64,557.97,536.89,540.88,103301.35
2021-12-06 01:00:00,540.88,546.55,536.67,544.25,67506.99
2021-12-06 02:00:00,544.26,548.99,543.19,545.56,53457.85
2021-12-06 03:00:00,545.55,550.42,545.27,548.69,36935.4
2021-12-06 04:00:00,548.64,561.0,548.36,554.34,79011.93
2021-12-06 05:00:00,554.36,556.22,546.13,546.14,42666.66
2021-12-06 06:00:00,546.14,552.53,542.35,542.57,65377.41
2021-12-06 07:00:00,542.61,542.67,533.22,542.2,119193.04
2021-12-06 08:00:00,542.15,564.29,542.15,557.3,352775.75
2021-12-06 09:00:00,557.29,561.14,546.0,550.85,177545.82
2021-12-06 10:00:00,550.85,559.58,545.75,547.93,118309.53
2021-12-06 11:00:00,547.92,557.06,537.37,555.61,165255.05
2021-12-06 12:00:00,555.61,559.49,550.13,555.09,111944.96
2021-12-06 13:00:00,555.03,562.94,550.02,555.77,111450.41
2021-12-06 14:00:00,555.78,559.99,550.28,555.73,92098.82
2021-12-06 15:00:00,555.72,570.76,552.83,570.47,106134.61
2021-12-06 16:00:00,570.47,573.78,566.8,571.59,86557.19
2021-12-06 17:00:00,571.6,572.99,564.53,566.44,53713.72
2021-12-06 18:00:00,566.45,568.79,563.32,568.11,37752.84
2021-12-06 19:00:00,568.11,572.0,568.11,569.56,38979.18
2021-12-06 20:00:00,569.57,573.72,568.77,570.95,35666.91
2021-12-06 21:00:00,571.02,587.67,570.8,583.79,103343.04
2021-12-06 22:00:00,583.69,592.69,583.58,589.14,102524.4
2021-12-06 23:00:00,589.14,591.82,583.93,586.8,67107.73
2021-12-07 00:00:00,586.77,588.86,581.24,587.67,73763.99
2021-12-07 01:00:00,587.67,592.59,584.1,587.67,102189.58
2021-12-07 02:00:00,587.67,591.48,581.6,583.95,59525.83
2021-12-07 03:00:00,583.96,589.67,583.53,586.6,35727.41
2021-12-07 04:00:00,586.61,590.88,585.14,587.78,43476.76
2021-12-07 05:00:00,587.76,589.53,585.08,585.43,31229.02
2021-12-07 06:00:00,585.28,589.51,585.21,589.06,30787.96
2021-12-07 07:00:00,589.06,589.74,583.4,584.42,43880.74
2021-12-07 08:00:00,584.42,588.74,581.24,588.14,69304.29
2021-12-07 09:00:00,588.14,591.1,585.83,588.61,59901.59
2021-12-07 10:00:00,588.61,589.96,586.0,588.44,37312.02
2021-12-07 11:00:00,588.48,590.09,585.0,587.4,52355.93
2021-12-07 12:00:00,587.39,588.86,574.0,577.27,97210.75
2021-12-07 13:00:00,577.3,581.88,576.72,579.0,49919.26
2021-12-07 14:00:00,578.98,587.3,578.11,587.3,46346.37
2021-12-07 15:00:00,587.28,589.82,584.53,585.9,73888.15
2021-12-07 16:00:00,585.91,587.79,577.58,581.78,61255.2
2021-12-07 17:00:00,581.78,582.79,575.61,580.46,50280.31
2021-12-07 18:00:00,580.46,581.37,576.89,578.69,28249.68
2021-12-07 19:00:00,578.69,582.0,575.03,580.0,32623.13
2021-12-07 20:00:00,579.99,581.77,573.02,576.89,47212.73
2021-12-07 21:00:00,576.95,580.62,574.99,577.02,34224.45
2021-12-07 22:00:00,577.0,578.36,571.45,573.29,48899.02
2021-12-07 23:00:00,573.29,579.62,572.09,578.34,34050.66
2021-12-08 00:00:00,578.34,579.2,572.52,577.59,41448.24
2021-12-08 01:00:00,577.59,578.84,572.6,574.62,29157.88
2021-12-08 02:00:00,574.63,577.49,570.66,571.37,31178.44
2021-12-08 03:00:00,571.36,573.81,566.42,567.58,50862.05
2021-12-08 04:00:00,567.58,572.2,567.45,571.53,33400.74
2021-12-08 05:00:00,571.56,574.46,569.74,571.31,32235.44
2021-12-08 06:00:00,571.31,579.0,570.66,578.22,39665.14
2021-12-08 07:00:00,578.23,581.3,577.27,580.71,58168.25
2021-12-08 08:00:00,580.69,587.73,579.8,587.63,79097.96
2021-12-08 09:00:00,587.64,589.27,581.17,581.63,63444.62
2021-12-08 10:00:00,581.64,587.4,571.02,571.75,104656.6
2021-12-08 11:00:00,571.75,575.24,566.66,574.25,89379.09
2021-12-08 12:00:00,574.34,578.41,569.58,578.41,57366.43
2021-12-08 13:00:00,578.37,584.77,576.48,580.53,64780.9
2021-12-08 14:00:00,580.52,595.4,579.3,591.74,149841.12
2021-12-08 15:00:00,591.77,595.35,588.29,591.23,93242.04
2021-12-08 16:00:00,591.24,593.45,585.85,589.25,53630.71
2021-12-08 17:00:00,589.26,591.24,588.07,589.73,30419.98
2021-12-08 18:00:00,589.73,594.58,588.3,593.4,41943.84
2021-12-08 19:00:00,593.41,595.2,591.5,593.68,31153.76
2021-12-08 20:00:00,593.67,599.9,592.57,598.55,44232.62
2021-12-08 21:00:00,598.56,601.0,594.51,598.71,42531.09
2021-12-08 22:00:00,598.7,602.29,595.26,597.01,40339.15
2021-12-08 23:00:00,597.01,607.23,596.95,607.05,61279.63
2021-12-09 00:00:00,607.05,616.68,605.4,611.69,115667.05
2021-12-09 01:00:00,611.69,613.11,606.1,606.96,63377.34
2021-12-09 02:00:00,606.97,608.57,600.55,604.68,61232.66
2021-12-09 03:00:00,604.69,605.02,598.6,601.04,43901.53
2021-12-09 04:00:00,601.02,604.99,600.3,604.91,34345.93
2021-12-09 05:00:00,604.92,605.57,600.49,600.68,31128.37
2021-12-09 06:00:00,600.68,602.28,597.35,600.49,47911.6
2021-12-09 07:00:00,600.49,605.42,595.34,603.47,64280.83
2021-12-09 08:00:00,603.47,603.62,593.52,597.83,67197.77
2021-12-09 09:00:00,597.8,597.8,589.3,592.8,101758.84
2021-12-09 10:00:00,592.89,593.54,589.84,592.77,56246.1
2021-12-09 11:00:00,592.77,593.69,590.11,591.5,32114.54
2021-12-09 12:00:00,591.5,593.62,589.59,592.58,60131.91
2021-12-09 13:00:00,592.58,594.42,587.6,593.01,78606.01
2021-12-09 14:00:00,593.01,594.96,580.77,581.75,87802.78
2021-12-09 15:00:00,581.73,585.37,573.17,579.59,95718.47
2021-12-09 16:00:00,579.6,581.65,575.6,578.7,50029.5
2021-12-09 17:00:00,578.66,581.33,573.58,574.44,30404.32
2021-12-09 18:00:00,574.45,578.03,569.91,572.02,69161.92
2021-12-09 19:00:00,572.01,577.74,571.32,573.1,41292.04
2021-12-09 20:00:00,573.1,574.77,567.29,570.69,48093.35
2021-12-09 21:00:00,570.69,577.72,570.26,576.13,47109.3
2021-12-09 22:00:00,576.14,580.24,574.5,577.02,36058.18
2021-12-09 23:00:00,577.02,578.83,569.09,569.26,44412.02
2021-12-10 00:00:00,569.27,580.0,568.23,573.81,70568.83
2021-12-10 01:00:00,573.88,579.61,571.1,577.4,48299.08
2021-12-10 02:00:00,577.39,581.9,575.55,580.76,37570.45
2021-12-10 03:00:00,580.77,581.85,575.1,576.3,27330.5
2021-12-10 04:00:00,576.3,581.0,574.55,576.12,39901.55
2021-12-10 05:00:00,576.1,581.17,575.66,578.72,36386.82
2021-12-10 06:00:00,578.71,580.98,571.66,571.98,41088.94
2021-12-10 07:00:00,571.96,574.7,568.06,570.72,66138.24
2021-12-10 08:00:00,570.71,575.7,569.22,574.38,41771.13
2021-12-10 09:00:00,574.42,577.75,571.15,576.77,35151.69
2021-12-10 10:00:00,576.77,578.56,574.31,575.47,24844.26
2021-12-10 11:00:00,575.46,581.9,575.16,580.59,37693.32
2021-12-10 12:00:00,580.59,585.64,579.8,585.43,59604.24
2021-12-10 13:00:00,585.45,593.43,582.24,590.2,93972.57
2021-12-10 14:00:00,590.19,593.94,576.29,578.36,126574.39
2021-12-10 15:00:00,578.38,581.33,566.82,569.44,118774.08
2021-12-10 16:00:00,569.4,569.41,554.41,560.35,143981.13
2021-12-10 17:00:00,560.42,564.17,553.5,563.68,85604.97
2021-12-10 18:00:00,563.76,569.74,562.0,565.69,57449.57
2021-12-10 19:00:00,565.68,569.44,562.66,568.53,36648.51
2021-12-10 20:00:00,568.53,571.21,566.0,570.55,32471.66
2021-12-10 21:00:00,570.54,571.2,563.47,564.65,31893.32
2021-12-10 22:00:00,564.64,567.06,561.37,562.29,34375.55
2021-12-10 23:00:00,562.29,563.72,550.0,551.94,71197.38
2021-12-11 00:00:00,551.85,565.3,545.01,555.8,132314.4
2021-12-11 01:00:00,555.81,561.92,554.8,556.99,46696.91
2021-12-11 02:00:00,557.02,561.26,556.66,560.45,28280.17
2021-12-11 03:00:00,560.45,566.9,559.47,563.31,42274.58
2021-12-11 04:00:00,563.31,568.13,563.3,567.33,24691.45
2021-12-11 05:00:00,567.33,569.17,565.34,566.69,23872.15
2021-12-11 06:00:00,566.69,572.51,559.12,559.88,57277.23
2021-12-11 07:00:00,559.77,560.3,544.01,544.87,102344.95
2021-12-11 08:00:00,544.87,556.29,541.41,551.33,128751.17
2021-12-11 09:00:00,551.33,555.0,548.0,554.35,45228.17
2021-12-11 10:00:00,554.36,555.43,551.36,552.0,46594.88
2021-12-11 11:00:00,552.0,553.91,548.1,550.63,35003.78
2021-12-11 12:00:00,550.7,555.14,549.11,553.83,29730.32
2021-12-11 13:00:00,553.83,556.5,549.66,552.19,40817.72
2021-12-11 14:00:00,552.18,554.74,550.53,554.2,26994.36
2021-12-11 15:00:00,554.17,559.3,554.16,558.95,42035.83
2021-12-11 16:00:00,558.89,565.97,558.88,561.87,65692.85
2021-12-11 17:00:00,561.88,562.71,557.45,559.16,40288.62
2021-12-11 18:00:00,559.17,561.22,558.24,558.72,20931.35
2021-12-11 19:00:00,558.66,560.94,556.19,556.94,22498.48
2021-12-11 20:00:00,556.95,561.6,556.71,558.32,22282.97
2021-12-11 21:00:00,558.33,558.68,553.56,558.43,24341.57
2021-12-11 22:00:00,558.43,562.21,556.67,560.08,16440.36
2021-12-11 23:00:00,560.08,565.51,560.0,564.12,34966.01
2021-12-12 00:00:00,564.11,566.43,559.56,560.46,28135.91
2021-12-12 01:00:00,560.46,563.07,558.76,559.42,19586.51
2021-12-12 02:00:00,559.43,562.59,558.51,560.29,15978.87
2021-12-12 03:00:00,560.31,562.67,560.19,561.04,11428.63
2021-12-12 04:00:00,561.05,563.0,558.59,559.59,20405.92
2021-12-12 05:00:00,559.45,563.14,559.13,561.85,17415.13
2021-12-12 06:00:00,561.85,563.83,561.05,563.28,15777.13
2021-12-12 07:00:00,563.27,566.64,562.5,565.8,29202.02
2021-12-12 08:00:00,565.8,567.81,562.12,563.95,43661.47
2021-12-12 09:00:00,563.95,565.47,560.88,562.27,35543.4
2021-12-12 10:00:00,562.26,564.5,558.6,564.1,39820.03
2021-12-12 11:00:00,564.15,565.99,561.8,564.21,33386.82
2021-12-12 12:00:00,564.21,567.43,562.22,566.22,43369.99
2021-12-12 13:00:00,566.21,569.0,564.0,565.7,45578.66
2021-12-12 14:00:00,565.7,567.5,564.02,566.55,25961.32
2021-12-12 15:00:00,566.56,566.92,560.8,562.01,26886.18
2021-12-12 16:00:00,562.0,564.27,560.01,564.09,32775.9
2021-12-12 17:00:00,564.11,568.77,563.52,568.27,52178.61
2021-12-12 18:00:00,568.27,572.89,568.27,571.02,48425.13
2021-12-12 19:00:00,571.01,572.88,568.68,569.66,26388.95
2021-12-12 20:00:00,569.66,574.41,569.18,571.75,31287.1
2021-12-12 21:00:00,571.74,572.8,567.29,567.99,31846.5
2021-12-12 22:00:00,568.0,570.55,567.38,570.16,21249.0
2021-12-12 23:00:00,570.22,571.6,568.18,569.58,22195.38
2021-12-13 00:00:00,569.59,571.65,562.3,563.49,39086.09
2021-12-13 01:00:00,563.55,563.55,555.0,555.28,73121.88
2021-12-13 02:00:00,555.34,558.28,553.06,556.37,43607.91
2021-12-13 03:00:00,556.38,559.15,555.0,557.81,29607.77
2021-12-13 04:00:00,557.8,559.72,556.03,559.22,25275.47
2021-12-13 05:00:00,559.22,560.98,556.41,560.73,25428.05
2021-12-13 06:00:00,560.72,560.92,554.38,555.02,25732.49
2021-12-13 07:00:00,555.01,556.24,550.03,551.12,51690.43
2021-12-13 08:00:00,551.11,555.93,547.45,552.2,64786.62
2021-12-13 09:00:00,552.2,552.71,547.08,549.61,36995.33
2021-12-13 10:00:00,549.6,550.18,543.51,548.29,46398.98
2021-12-13 11:00:00,548.2,549.8,546.52,549.37,22559.82
2021-12-13 12:00:00,549.36,552.5,546.38,546.47,37019.01
2021-12-13 13:00:00,546.49,547.36,540.32,543.38,64662.47
2021-12-13 14:00:00,543.38,543.44,535.0,537.77,88938.51
2021-12-13 15:00:00,537.78,537.84,521.84,526.16,139481.41
2021-12-13 16:00:00,526.15,530.94,521.0,528.57,112500.2
2021-12-13 17:00:00,528.64,536.08,527.94,532.04,61331.01
2021-12-13 18:00:00,532.04,533.91,530.01,531.5,29269.52
2021-12-13 19:00:00,531.46,531.53,510.55,522.84,177464.02
2021-12-13 20:00:00,522.87,526.89,518.22,522.71,63128.04
2021-12-13 21:00:00,522.72,526.67,518.24,525.36,49752.62
2021-12-13 22:00:00,525.35,530.14,523.81,528.8,42681.01
2021-12-13 23:00:00,528.74,529.66,520.21,520.75,46507.59
2021-12-14 00:00:00,520.77,527.7,516.63,525.57,64290.35
2021-12-14 01:00:00,525.56,526.26,518.22,523.14,39635.7
2021-12-14 02:00:00,523.08,525.9,519.76,525.35,30957.58
2021-12-14 03:00:00,525.41,528.04,523.23,525.79,35618.89
2021-12-14 04:00:00,525.79,528.24,524.83,527.09,43790.56
2021-12-14 05:00:00,527.04,528.89,522.58,523.26,41782.13
2021-12-14 06:00:00,523.27,526.99,517.28,521.39,69382.69
2021-12-14 07:00:00,521.38,529.77,521.19,529.52,58315.02
2021-12-14 08:00:00,529.49,534.9,529.19,534.23,80271.43
2021-12-14 09:00:00,534.2,534.9,524.0,524.26,63108.75
2021-12-14 10:00:00,524.25,528.46,521.85,524.65,109498.71
2021-12-14 11:00:00,524.69,525.7,518.23,524.06,124916.09
2021-12-14 12:00:00,524.05,529.89,524.0,524.13,103854.71
2021-12-14 13:00:00,524.19,526.47,515.06,519.72,120958.78
2021-12-14 14:00:00,519.7,522.36,515.15,521.84,64455.31
2021-12-14 15:00:00,521.76,525.5,516.16,517.66,75696.29
2021-12-14 16:00:00,517.77,521.87,515.0,517.5,65913.8
2021-12-14 17:00:00,517.48,520.46,513.67,514.32,43461.54
2021-12-14 18:00:00,514.29,517.58,509.78,511.58,59652.14
2021-12-14 19:00:00,511.6,514.92,510.87,512.7,38326.4
2021-12-14 20:00:00,512.69,521.86,512.31,520.42,60915.74
2021-12-14 21:00:00,520.42,529.24,519.25,525.66,83923.81
2021-12-14 22:00:00,525.65,527.9,523.17,526.01,42089.9
2021-12-14 23:00:00,526.01,528.69,524.95,527.86,35420.51
2021-12-15 00:00:00,527.83,532.05,526.19,527.82,53163.25
2021-12-15 01:00:00,527.81,528.47,525.5,526.65,31248.63
2021-12-15 02:00:00,526.65,527.99,524.14,526.06,24464.32
2021-12-15 03:00:00,526.07,528.67,524.1,528.37,30736.46
2021-12-15 04:00:00,528.32,531.69,526.95,529.92,58686.31
2021-12-15 05:00:00,529.92,530.33,525.5,527.33,27018.55
2021-12-15 06:00:00,527.38,530.69,527.02,528.6,26512.73
2021-12-15 07:00:00,528.59,533.11,527.04,532.15,41854.07
2021-12-15 08:00:00,532.11,535.7,531.0,531.9,56289.43
2021-12-15 09:00:00,531.89,532.12,528.43,530.97,37234.27
2021-12-15 10:00:00,530.97,532.3,525.54,527.57,40190.88
2021-12-15 11:00:00,527.58,528.56,525.57,526.94,28143.96
2021-12-15 12:00:00,526.99,528.42,517.45,517.75,75933.74
2021-12-15 13:00:00,517.74,523.32,517.07,521.63,42179.77
2021-12-15 14:00:00,521.75,523.0,514.34,515.75,57082.1
2021-12-15 15:00:00,515.78,517.12,502.18,502.66,127218.4
2021-12-15 16:00:00,502.63,509.22,501.5,508.97,77453.05
2021-12-15 17:00:00,508.95,512.14,507.09,510.81,55511.51
2021-12-15 18:00:00,510.81,524.5,509.05,521.91,103184.68
2021-12-15 19:00:00,521.94,539.39,516.1,537.45,290302.26
2021-12-15 20:00:00,537.46,546.54,535.67,543.86,136292.93
2021-12-15 21:00:00,543.92,546.22,541.33,542.94,53552.0
2021-12-15 22:00:00,542.95,544.25,536.6,537.93,42554.89
2021-12-15 23:00:00,537.9,541.88,537.79,541.18,34327.16
2021-12-16 00:00:00,541.21,545.17,539.5,541.7,42798.47
2021-12-16 01:00:00,541.7,542.68,537.33,539.12,29279.62
2021-12-16 02:00:00,539.13,539.52,535.22,536.38,29471.52
2021-12-16 03:00:00,536.42,537.18,532.45,534.7,33305.53
2021-12-16 04:00:00,534.7,535.59,530.61,531.32,28816.74
2021-12-16 05:00:00,531.33,534.14,529.06,529.23,26708.45
2021-12-16 06:00:00,529.24,534.21,528.8,533.89,30619.95
2021-12-16 07:00:00,533.89,536.96,531.26,532.09,42855.97
2021-12-16 08:00:00,532.1,535.68,531.29,533.89,28767.02
2021-12-16 09:00:00,533.85,538.34,533.61,537.86,25396.65
2021-12-16 10:00:00,537.86,540.73,537.21,539.93,41165.22
2021-12-16 11:00:00,539.92,545.34,537.16,544.07,60043.88
2021-12-16 12:00:00,544.1,544.18,536.03,537.22,53380.07
2021-12-16 13:00:00,537.24,544.79,533.63,543.36,68689.73
2021-12-16 14:00:00,543.38,543.44,539.12,539.26,43758.17
2021-12-16 15:00:00,539.27,540.86,535.45,539.64,54134.73
2021-12-16 16:00:00,539.69,543.26,537.49,542.08,50661.46
2021-12-16 17:00:00,542.04,542.14,537.01,537.34,37204.24
2021-12-16 18:00:00,537.32,539.99,533.82,535.92,34317.64
2021-12-16 19:00:00,535.83,537.9,529.8,530.9,44608.81
2021-12-16 20:00:00,530.88,536.32,530.33,532.83,38653.87
2021-12-16 21:00:00,532.86,535.43,532.5,534.47,17671.83
2021-12-16 22:00:00,534.46,534.66,527.13,532.95,41211.51
2021-12-16 23:00:00,532.98,532.99,524.65,526.0,45001.54
2021-12-17 00:00:00,526.01,531.34,523.65,529.77,39827.51
2021-12-17 01:00:00,529.73,532.44,528.62,531.4,22766.01
2021-12-17 02:00:00,531.38,532.27,528.08,532.18,19522.88
2021-12-17 03:00:00,532.17,532.37,528.74,531.13,18383.34
2021-12-17 04:00:00,531.09,534.04,530.8,533.66,20079.95
2021-12-17 05:00:00,533.66,534.25,529.13,531.59,27091.58
2021-12-17 06:00:00,531.6,532.5,528.12,528.27,26561.86
2021-12-17 07:00:00,528.3,528.36,521.01,525.61,72423.33
2021-12-17 08:00:00,525.6,531.05,524.49,529.12,63093.13
2021-12-17 09:00:00,529.13,531.06,525.5,530.69,28706.15
2021-12-17 10:00:00,530.69,531.27,525.53,527.5,47328.7
2021-12-17 11:00:00,527.5,530.5,524.23,525.94,46413.84
2021-12-17 12:00:00,525.97,528.7,523.05,527.18,36588.68
2021-12-17 13:00:00,527.17,533.6,526.27,533.52,52608.97
2021-12-17 14:00:00,533.47,536.04,512.0,515.6,186775.77
2021-12-17 15:00:00,515.61,526.25,510.81,525.23,119437.39
2021-12-17 16:00:00,525.26,534.49,524.0,528.42,112499.4
2021-12-17 17:00:00,528.5,528.66,521.2,523.17,45621.15
2021-12-17 18:00:00,523.12,527.44,522.09,527.13,30426.09
2021-12-17 19:00:00,527.11,528.45,524.26,526.6,27070.09
2021-12-17 20:00:00,526.6,527.99,521.78,522.62,34630.96
2021-12-17 21:00:00,522.62,530.81,521.53,527.33,36688.76
2021-12-17 22:00:00,527.34,529.02,518.37,528.32,56211.26
2021-12-17 23:00:00,528.36,528.67,524.72,525.5,25721.27
2021-12-18 00:00:00,525.51,528.24,519.37,527.9,55506.94
2021-12-18 01:00:00,527.96,529.0,519.33,519.7,47783.12
2021-12-18 02:00:00,519.7,523.31,516.58,518.97,60041.62
2021-12-18 03:00:00,518.92,527.8,518.86,524.69,39209.83
2021-12-18 04:00:00,524.69,527.33,522.58,526.37,27793.69
2021-12-18 05:00:00,526.37,529.5,525.07,526.72,31666.4
2021-12-18 06:00:00,526.77,528.67,523.84,524.4,25974.18
2021-12-18 07:00:00,524.39,527.26,524.35,525.79,19107.93
2021-12-18 08:00:00,525.78,528.42,524.88,525.84,26350.99
2021-12-18 09:00:00,525.89,532.62,525.89,532.5,36757.61
2021-12-18 10:00:00,532.49,534.73,529.66,533.99,55949.36
2021-12-18 11:00:00,533.99,534.45,530.8,531.81,27326.72
2021-12-18 12:00:00,531.85,533.39,529.02,530.31,24587.97
2021-12-18 13:00:00,530.31,531.37,527.0,527.99,30276.7
2021-12-18 14:00:00,527.99,532.4,527.62,532.16,24164.14
2021-12-18 15:00:00,532.16,533.93,529.61,530.4,28073.53
2021-12-18 16:00:00,530.37,534.26,529.08,531.94,30400.09
2021-12-18 17:00:00,531.94,533.32,529.89,531.18,22579.27
2021-12-18 18:00:00,531.18,532.74,530.54,532.3,14717.77
2021-12-18 19:00:00,532.43,537.08,530.0,534.26,39655.26
2021-12-18 20:00:00,534.27,534.75,532.51,534.11,19805.9
2021-12-18 21:00:00,534.11,536.91,533.67,536.7,28228.69
2021-12-18 22:00:00,536.7,537.87,534.61,535.43,16734.08
2021-12-18 23:00:00,535.42,536.38,533.5,533.68,15790.75
2021-12-19 00:00:00,533.68,535.4,531.71,532.98,23780.95
2021-12-19 01:00:00,532.99,534.92,529.0,530.54,29798.73
2021-12-19 02:00:00,530.55,534.66,529.68,534.47,24126.82
2021-12-19 03:00:00,534.47,544.82,533.86,539.38,78694.67
2021-12-19 04:00:00,539.39,542.69,539.32,541.17,25862.68
2021-12-19 05:00:00,541.17,542.45,537.61,538.87,22734.88
2021-12-19 06:00:00,538.87,540.15,538.01,538.58,17799.83
2021-12-19 07:00:00,538.57,540.5,538.1,538.67,16791.66
2021-12-19 08:00:00,538.67,540.17,538.25,539.77,18129.09
2021-12-19 09:00:00,539.78,540.17,536.5,537.88,45347.61
2021-12-19 10:00:00,537.87,538.33,533.44,535.29,38559.53
2021-12-19 11:00:00,535.29,535.97,533.01,535.17,25067.81
2021-12-19 12:00:00,535.18,535.33,531.29,534.44,29665.45
2021-12-19 13:00:00,534.44,537.82,531.06,536.5,37404.39
2021-12-19 14:00:00,536.51,541.2,532.25,534.95,77284.84
2021-12-19 15:00:00,534.96,535.36,532.3,534.06,18881.51
2021-12-19 16:00:00,534.04,536.55,533.0,533.2,19191.3
2021-12-19 17:00:00,533.2,534.1,531.58,532.99,16781.05
2021-12-19 18:00:00,533.0,533.0,530.1,532.33,20979.79
2021-12-19 19:00:00,532.34,532.5,527.42,529.12,28731.92
2021-12-19 20:00:00,529.12,530.65,527.63,529.67,15475.57
2021-12-19 21:00:00,529.67,530.74,528.07,528.8,12913.53
2021-12-19 22:00:00,528.8,534.5,528.01,533.03,19668.38
2021-12-19 23:00:00,533.03,534.11,528.88,529.71,23681.34
2021-12-20 00:00:00,529.72,532.6,525.36,532.58,39403.19
2021-12-20 01:00:00,532.59,534.93,528.03,529.42,38409.75
2021-12-20 02:00:00,529.33,529.5,526.0,527.34,29079.46
2021-12-20 03:00:00,527.26,528.37,525.25,527.29,21316.74
2021-12-20 04:00:00,527.28,528.74,526.06,528.44,21236.01
2021-12-20 05:00:00,528.36,528.99,520.22,520.75,40037.66
2021-12-20 06:00:00,520.76,522.9,518.49,521.58,37917.2
2021-12-20 07:00:00,521.58,522.44,518.0,520.96,31180.15
2021-12-20 08:00:00,520.96,522.22,518.2,519.89,25802.99
2021-12-20 09:00:00,519.88,520.44,510.65,511.12,81444.03
2021-12-20 10:00:00,511.11,515.9,510.66,513.4,37752.05
2021-12-20 11:00:00,513.39,515.35,512.38,514.97,22221.42
2021-12-20 12:00:00,514.96,515.08,510.57,511.1,38363.37
2021-12-20 13:00:00,511.09,513.15,508.05,509.59,45712.83
2021-12-20 14:00:00,509.58,516.81,506.0,516.28,85128.85
2021-12-20 15:00:00,516.27,516.53,511.0,511.67,37563.82
2021-12-20 16:00:00,511.7,516.27,510.82,515.85,31172.79
2021-12-20 17:00:00,515.85,517.3,514.09,514.34,27425.74
2021-12-20 18:00:00,514.32,517.09,513.62,516.4,23236.74
2021-12-20 19:00:00,516.41,519.45,515.95,518.86,32426.07
2021-12-20 20:00:00,518.86,525.52,518.77,524.48,48792.08
2021-12-20 21:00:00,524.49,527.5,522.11,522.36,43817.3
2021-12-20 22:00:00,522.33,524.75,520.84,521.36,22062.99
2021-12-20 23:00:00,521.34,525.57,521.29,523.96,30546.59
2021-12-21 00:00:00,523.96,526.46,519.35,520.2,49175.19
2021-12-21 01:00:00,520.2,520.94,517.17,520.12,30666.53
2021-12-21 02:00:00,520.11,521.41,519.08,519.79,17583.68
2021-12-21 03:00:00,519.8,528.5,519.55,527.68,49014.21
2021-12-21 04:00:00,527.68,532.5,527.68,529.18,68532.35
2021-12-21 05:00:00,529.18,530.74,526.48,528.97,37448.85
2021-12-21 06:00:00,528.99,529.55,527.08,528.79,19629.9
2021-12-21 07:00:00,528.79,529.27,526.43,527.98,18981.83
2021-12-21 08:00:00,527.99,533.52,527.18,532.35,61733.65
2021-12-21 09:00:00,532.35,536.01,530.58,531.34,63839.25
2021-12-21 10:00:00,531.33,532.4,530.77,531.12,15609.54
2021-12-21 11:00:00,531.13,532.0,530.03,531.5,23299.12
2021-12-21 12:00:00,531.5,535.28,530.46,530.84,42374.77
2021-12-21 13:00:00,530.84,531.98,529.1,530.12,29708.24
2021-12-21 14:00:00,530.12,530.67,527.16,528.24,35478.18
2021-12-21 15:00:00,528.21,528.83,523.1,525.75,62190.38
2021-12-21 16:00:00,525.75,529.1,525.22,527.16,29824.83
2021-12-21 17:00:00,527.17,529.68,526.19,526.79,25020.15
2021-12-21 18:00:00,526.79,527.65,525.73,526.03,15923.08
2021-12-21 19:00:00,526.01,528.1,525.72,527.61,11195.89
2021-12-21 20:00:00,527.61,528.36,525.81,527.37,21668.83
2021-12-21 21:00:00,527.37,529.91,526.6,529.34,20476.39
2021-12-21 22:00:00,529.37,531.34,528.63,531.23,16082.02
2021-12-21 23:00:00,531.23,531.7,528.4,528.46,19309.31
2021-12-22 00:00:00,528.51,531.17,527.25,527.53,20536.42
2021-12-22 01:00:00,527.52,530.68,527.29,529.29,15617.72
2021-12-22 02:00:00,529.3,534.73,529.02,532.81,35777.49
2021-12-22 03:00:00,532.81,534.42,532.25,533.85,14046.84
2021-12-22 04:00:00,533.86,536.25,533.23,534.8,24904.66
2021-12-22 05:00:00,534.8,535.5,531.64,532.5,20388.24
2021-12-22 06:00:00,532.48,534.62,532.11,533.26,17920.76
2021-12-22 07:00:00,533.31,535.71,533.22,535.09,15559.96
2021-12-22 08:00:00,535.09,537.89,533.69,536.09,30582.04
2021-12-22 09:00:00,536.08,537.67,531.23,532.91,36721.97
2021-12-22 10:00:00,532.91,535.67,531.87,534.68,34321.42
2021-12-22 11:00:00,534.68,537.52,534.33,535.61,32912.52
2021-12-22 12:00:00,535.61,538.0,527.86,530.11,72779.84
2021-12-22 13:00:00,530.11,532.47,528.88,530.79,35854.31
2021-12-22 14:00:00,530.79,536.37,530.55,534.44,76416.59
2021-12-22 15:00:00,534.39,543.32,532.73,541.04,96889.84
2021-12-22 16:00:00,541.05,545.49,541.04,542.29,82114.46
2021-12-22 17:00:00,542.3,543.66,535.35,536.32,51413.44
2021-12-22 18:00:00,536.31,539.66,535.56,537.09,36348.48
2021-12-22 19:00:00,537.08,539.84,535.92,538.93,17802.19
2021-12-22 20:00:00,538.92,540.36,538.15,539.16,17239.77
2021-12-22 21:00:00,539.23,539.36,537.3,538.87,19680.91
2021-12-22 22:00:00,538.88,539.55,536.42,538.88,15309.75
2021-12-22 23:00:00,538.89,539.06,531.3,533.74,33528.52
2021-12-23 00:00:00,533.75,535.26,528.75,532.43,67979.26
2021-12-23 01:00:00,532.42,535.2,530.05,535.06,28800.29
2021-12-23 02:00:00,535.12,537.44,533.13,533.22,30524.48
2021-12-23 03:00:00,533.22,534.64,530.35,533.94,26478.34
2021-12-23 04:00:00,533.9,533.9,530.79,531.08,17237.98
2021-12-23 05:00:00,531.08,531.85,529.51,529.9,22346.77
2021-12-23 06:00:00,529.91,531.37,529.11,530.99,20083.69
2021-12-23 07:00:00,530.98,531.34,524.33,526.76,42906.02
2021-12-23 08:00:00,526.76,527.99,524.64,527.62,47774.93
2021-12-23 09:00:00,527.61,528.21,525.29,526.77,26129.84
2021-12-23 10:00:00,526.76,528.32,525.75,527.95,22974.4
2021-12-23 11:00:00,527.97,529.51,525.78,527.09,28825.33
2021-12-23 12:00:00,527.04,530.72,526.95,529.21,26462.2
2021-12-23 13:00:00,529.2,531.48,528.71,529.0,32239.63
2021-12-23 14:00:00,528.99,530.6,528.0,529.58,23722.45
2021-12-23 15:00:00,529.53,530.55,528.87,529.75,17933.34
2021-12-23 16:00:00,529.76,535.13,529.57,535.12,50209.79
2021-12-23 17:00:00,535.11,543.67,534.0,542.9,84714.69
2021-12-23 18:00:00,542.9,550.97,542.78,546.54,136099.39
2021-12-23 19:00:00,546.54,552.46,545.6,550.22,68400.79
2021-12-23 20:00:00,550.33,551.0,547.14,548.77,50584.74
2021-12-23 21:00:00,548.81,549.49,546.0,548.88,23727.58
2021-12-23 22:00:00,548.87,551.31,548.03,548.47,20322.17
2021-12-23 23:00:00,548.47,549.34,546.55,548.92,22330.27
2021-12-24 00:00:00,548.94,549.5,546.51,548.4,21626.86
2021-12-24 01:00:00,548.38,550.83,547.88,549.0,26657.08
2021-12-24 02:00:00,549.0,549.5,546.6,546.94,23301.29
2021-12-24 03:00:00,546.93,547.85,543.85,545.34,27928.8
2021-12-24 04:00:00,545.38,546.44,544.23,544.56,22416.03
2021-12-24 05:00:00,544.57,544.57,541.73,543.72,30462.39
2021-12-24 06:00:00,543.72,546.0,541.01,544.68,27479.42
2021-12-24 07:00:00,544.71,546.16,543.4,545.98,19939.83
2021-12-24 08:00:00,545.97,548.28,544.84,547.04,28862.22
2021-12-24 09:00:00,547.05,549.59,546.47,549.35,31307.57
2021-12-24 10:00:00,549.33,549.34,546.63,548.46,20181.29
2021-12-24 11:00:00,548.47,551.25,545.28,546.78,38874.39
2021-12-24 12:00:00,546.81,547.8,544.0,547.4,22562.05
2021-12-24 13:00:00,547.41,548.86,545.38,547.09,18763.79
2021-12-24 14:00:00,547.04,554.46,546.5,549.38,91479.48
2021-12-24 15:00:00,549.38,549.38,541.43,548.2,90589.05
2021-12-24 16:00:00,548.2,550.99,544.75,546.24,52603.08
2021-12-24 17:00:00,546.23,547.5,544.0,546.84,23610.23
2021-12-24 18:00:00,546.86,549.67,545.7,549.27,35480.92
2021-12-24 19:00:00,549.28,550.68,543.34,543.81,39831.54
2021-12-24 20:00:00,543.82,545.84,541.66,545.58,35169.35
2021-12-24 21:00:00,545.59,545.59,542.73,543.92,18172.48
2021-12-24 22:00:00,543.92,544.77,540.54,542.85,28367.56
2021-12-24 23:00:00,542.88,543.2,537.08,542.2,43365.37
2021-12-25 00:00:00,542.21,546.17,539.29,546.05,24175.48
2021-12-25 01:00:00,546.05,546.63,542.42,544.51,16893.05
2021-12-25 02:00:00,544.51,545.84,542.02,542.02,13078.14
2021-12-25 03:00:00,542.01,543.93,541.61,542.07,10501.85
2021-12-25 04:00:00,542.08,544.28,541.7,543.47,12074.05
2021-12-25 05:00:00,543.47,546.29,543.47,545.24,16794.63
2021-12-25 06:00:00,545.24,545.5,542.66,545.35,17895.17
2021-12-25 07:00:00,545.35,548.33,544.7,546.05,37467.96
2021-12-25 08:00:00,546.06,547.4,544.96,546.69,19796.32
2021-12-25 09:00:00,546.65,547.17,545.12,545.29,14450.2
2021-12-25 10:00:00,545.26,545.95,542.68,543.32,21966.05
2021-12-25 11:00:00,543.31,545.46,542.84,544.4,15978.57
2021-12-25 12:00:00,544.41,547.3,543.86,545.93,28879.31
2021-12-25 13:00:00,545.95,547.19,544.04,546.54,27208.03
2021-12-25 14:00:00,546.55,547.1,545.16,546.08,19703.21
2021-12-25 15:00:00,546.07,546.6,545.1,545.59,15521.43
2021-12-25 16:00:00,545.58,546.71,543.4,545.35,29015.61
2021-12-25 17:00:00,545.36,545.88,541.51,545.63,38880.4
2021-12-25 18:00:00,545.66,548.0,544.8,546.62,30132.75
2021-12-25 19:00:00,546.6,547.09,545.76,546.73,16527.94
2021-12-25 20:00:00,546.74,548.27,545.62,546.98,21283.65
2021-12-25 21:00:00,546.97,550.95,546.94,549.31,33419.48
2021-12-25 22:00:00,549.3,550.3,546.63,547.59,25837.8
2021-12-25 23:00:00,547.6,549.58,546.71,547.5,22365.0
2021-12-26 00:00:00,547.5,547.65,543.02,544.65,30306.4
2021-12-26 01:00:00,544.67,546.46,543.61,545.08,23094.51
2021-12-26 02:00:00,545.07,545.41,540.5,541.8,39562.63
2021-12-26 03:00:00,541.79,541.79,536.0,538.52,65204.8
2021-12-26 04:00:00,538.52,540.97,536.34,540.83,36564.55
2021-12-26 05:00:00,540.84,540.84,539.19,539.96,21995.6
2021-12-26 06:00:00,539.96,540.69,539.6,540.54,16348.57
2021-12-26 07:00:00,540.54,541.85,539.33,541.31,13003.74
2021-12-26 08:00:00,541.31,543.86,540.79,542.56,21300.73
2021-12-26 09:00:00,542.56,545.21,542.2,544.31,24791.6
2021-12-26 10:00:00,544.29,544.98,543.17,544.63,24573.51
2021-12-26 11:00:00,544.67,545.37,539.54,542.55,38974.8
2021-12-26 12:00:00,542.55,543.88,541.01,543.19,21098.13
2021-12-26 13:00:00,543.2,543.6,541.25,542.02,18023.25
2021-12-26 14:00:00,542.05,542.79,540.7,542.24,16837.58
2021-12-26 15:00:00,542.24,544.78,542.05,543.39,23059.42
2021-12-26 16:00:00,543.39,546.96,543.38,546.21,30941.62
2021-12-26 17:00:00,546.22,547.6,545.23,546.63,24825.86
2021-12-26 18:00:00,546.63,548.49,545.59,547.31,25590.4
2021-12-26 19:00:00,547.3,548.48,546.55,547.68,15276.72
2021-12-26 20:00:00,547.65,548.67,546.26,546.27,19363.89
2021-12-26 21:00:00,546.32,548.8,543.83,547.38,32484.43
2021-12-26 22:00:00,547.38,549.0,547.37,547.88,18672.67
2021-12-26 23:00:00,547.88,548.67,545.54,546.43,16612.25
2021-12-27 00:00:00,546.5,547.53,544.33,545.48,20478.61
2021-12-27 01:00:00,545.47,547.0,544.01,546.86,14377.05
2021-12-27 02:00:00,546.86,548.35,546.19,546.93,18163.0
2021-12-27 03:00:00,546.87,550.0,546.14,548.85,26185.09
2021-12-27 04:00:00,548.9,549.47,548.0,548.35,18482.81
2021-12-27 05:00:00,548.35,548.6,546.35,546.74,16306.18
2021-12-27 06:00:00,546.76,548.33,546.15,547.8,17933.04
2021-12-27 07:00:00,547.8,547.87,545.28,545.78,21827.66
2021-12-27 08:00:00,545.78,547.41,544.04,544.07,25054.48
2021-12-27 09:00:00,544.08,546.84,543.2,546.22,41332.93
2021-12-27 10:00:00,546.21,547.69,545.81,547.15,20990.47
2021-12-27 11:00:00,547.15,548.3,545.91,547.83,22910.49
2021-12-27 12:00:00,547.84,549.28,545.1,548.7,34975.38
2021-12-27 13:00:00,548.71,553.15,547.58,551.24,55752.11
2021-12-27 14:00:00,551.26,554.74,551.16,554.31,48631.43
2021-12-27 15:00:00,554.29,559.45,554.24,558.82,72637.96
2021-12-27 16:00:00,558.85,562.32,558.14,561.33,67090.16
2021-12-27 17:00:00,561.35,567.99,561.35,565.86,93556.27
2021-12-27 18:00:00,565.86,569.42,565.85,569.42,44416.26
2021-12-27 19:00:00,569.42,571.99,566.5,568.8,82113.69
2021-12-27 20:00:00,568.81,571.5,565.0,569.74,70138.16
2021-12-27 21:00:00,569.75,571.18,567.32,568.43,33920.4
2021-12-27 22:00:00,568.51,571.85,565.2,570.98,46342.79
2021-12-27 23:00:00,570.99,571.39,563.12,563.79,59935.99
2021-12-28 00:00:00,563.79,563.98,555.0,561.17,116664.12
2021-12-28 01:00:00,561.17,561.17,550.7,553.18,87237.03
2021-12-28 02:00:00,553.18,555.16,549.04,553.35,57803.87
2021-12-28 03:00:00,553.35,553.35,546.6,552.77,63697.12
2021-12-28 04:00:00,552.79,552.79,542.51,546.71,91676.7
2021-12-28 05:00:00,546.71,549.11,544.7,548.41,33397.02
2021-12-28 06:00:00,548.41,551.55,547.38,549.72,32977.04
2021-12-28 07:00:00,549.71,550.87,545.39,548.15,34598.62
2021-12-28 08:00:00,548.1,550.79,545.4,550.51,38881.9
2021-12-28 09:00:00,550.51,553.16,546.67,547.94,55340.78
2021-12-28 10:00:00,547.93,550.39,545.62,550.14,39600.84
2021-12-28 11:00:00,550.14,553.46,548.61,553.16,30375.19
2021-12-28 12:00:00,553.16,555.26,551.03,551.91,41391.62
2021-12-28 13:00:00,551.9,554.63,550.71,551.15,39514.98
2021-12-28 14:00:00,551.15,551.92,541.22,549.74,95158.15
2021-12-28 15:00:00,549.68,551.18,547.1,548.01,36300.58
2021-12-28 16:00:00,548.01,548.67,538.68,543.94,77997.14
2021-12-28 17:00:00,543.89,544.91,532.5,536.74,99709.74
2021-12-28 18:00:00,536.78,537.0,532.8,534.53,43703.91
2021-12-28 19:00:00,534.54,535.7,528.31,534.65,56235.35
2021-12-28 20:00:00,534.66,539.22,531.66,536.71,47586.16
2021-12-28 21:00:00,536.7,537.49,533.0,534.29,23634.61
2021-12-28 22:00:00,534.29,536.17,532.34,535.92,20287.34
2021-12-28 23:00:00,535.92,537.56,533.57,534.13,18374.35
2021-12-29 00:00:00,534.12,537.8,532.67,536.57,27789.17
2021-12-29 01:00:00,536.59,537.75,534.51,534.97,18153.34
2021-12-29 02:00:00,534.96,538.98,534.66,538.61,18233.09
2021-12-29 03:00:00,538.64,540.55,537.59,538.74,15987.17
2021-12-29 04:00:00,538.75,539.84,536.51,536.65,14170.67
2021-12-29 05:00:00,536.66,538.2,534.69,535.6,16193.66
2021-12-29 06:00:00,535.6,537.65,534.91,536.13,16195.23
2021-12-29 07:00:00,536.13,537.42,534.4,535.81,19057.13
2021-12-29 08:00:00,535.82,538.8,535.54,537.41,20807.43
2021-12-29 09:00:00,537.41,539.92,533.53,538.34,38331.96
2021-12-29 10:00:00,538.34,539.17,535.93,537.0,21291.74
2021-12-29 11:00:00,537.02,537.84,534.64,536.77,19589.81
2021-12-29 12:00:00,536.77,537.14,527.0,527.45,79768.28
2021-12-29 13:00:00,527.45,529.24,518.34,526.85,90832.06
2021-12-29 14:00:00,526.83,530.7,524.13,529.26,52476.74
2021-12-29 15:00:00,529.28,531.2,527.1,529.49,32219.03
2021-12-29 16:00:00,529.49,529.92,525.01,526.84,25964.65
2021-12-29 17:00:00,526.78,526.89,522.6,523.13,21389.49
2021-12-29 18:00:00,523.13,525.62,522.55,523.5,21713.43
2021-12-29 19:00:00,523.47,524.5,519.77,520.49,24697.51
2021-12-29 20:00:00,520.49,524.7,519.81,521.14,27677.41
2021-12-29 21:00:00,521.14,521.58,517.1,519.09,37363.92
2021-12-29 22:00:00,519.1,522.33,516.83,519.95,26210.98
2021-12-29 23:00:00,519.94,521.0,510.09,514.49,90813.24
2021-12-30 00:00:00,514.49,518.25,508.0,516.02,74761.15
2021-12-30 01:00:00,516.05,516.46,512.24,514.39,26055.11
2021-12-30 02:00:00,514.38,515.22,511.78,514.16,26544.4
2021-12-30 03:00:00,514.2,516.38,512.38,514.08,24378.14
2021-12-30 04:00:00,514.08,518.23,513.88,515.81,21905.11
2021-12-30 05:00:00,515.8,517.0,513.51,515.6,20404.73
2021-12-30 06:00:00,515.59,518.2,514.75,517.46,24435.39
2021-12-30 07:00:00,517.45,521.81,516.72,520.15,33124.53
2021-12-30 08:00:00,520.15,523.5,517.28,517.78,38047.48
2021-12-30 09:00:00,517.84,520.57,517.4,518.18,24479.92
2021-12-30 10:00:00,518.21,521.13,517.52,520.85,23401.48
2021-12-30 11:00:00,520.84,525.39,519.68,524.55,41005.19
2021-12-30 12:00:00,524.49,527.59,522.78,525.78,49445.4
2021-12-30 13:00:00,525.78,526.24,521.03,521.22,36131.59
2021-12-30 14:00:00,521.21,522.23,518.5,521.34,37218.62
2021-12-30 15:00:00,521.34,522.55,518.04,518.49,25810.48
2021-12-30 16:00:00,518.5,523.21,518.3,522.87,32742.23
2021-12-30 17:00:00,522.87,523.92,521.37,521.94,25039.83
2021-12-30 18:00:00,521.95,522.84,519.38,522.49,24052.52
2021-12-30 19:00:00,522.48,522.67,519.32,519.89,19351.49
2021-12-30 20:00:00,519.88,521.4,515.25,517.52,29204.88
2021-12-30 21:00:00,517.53,519.22,515.31,518.61,22102.92
2021-12-30 22:00:00,518.57,519.01,514.77,517.46,21891.57
2021-12-30 23:00:00,517.46,518.89,516.01,518.41,23205.29
2021-12-31 00:00:00,518.4,520.65,515.73,517.39,26413.9
2021-12-31 01:00:00,517.4,517.99,506.25,514.61,98752.34
2021-12-31 02:00:00,514.64,514.75,510.11,510.75,30212.78
2021-12-31 03:00:00,510.74,514.49,509.59,513.63,31757.53
2021-12-31 04:00:00,513.68,516.23,513.4,515.34,22893.07
2021-12-31 05:00:00,515.33,516.6,514.56,515.36,19103.07
2021-12-31 06:00:00,515.36,517.18,514.01,515.6,20117.36
2021-12-31 07:00:00,515.6,516.05,509.21,513.31,43189.89
2021-12-31 08:00:00,513.31,527.83,511.91,525.96,126391.96
2021-12-31 09:00:00,525.92,528.0,523.59,524.47,46341.03
2021-12-31 10:00:00,524.46,525.21,520.15,521.19,34647.48
2021-12-31 11:00:00,521.26,523.41,521.09,521.92,26307.17
2021-12-31 12:00:00,521.96,523.14,520.77,522.1,17720.11
2021-12-31 13:00:00,522.1,522.63,520.62,521.0,20923.82
2021-12-31 14:00:00,521.0,522.84,520.31,521.38,19697.2
2021-12-31 15:00:00,521.38,522.82,520.8,521.76,18711.0
2021-12-31 16:00:00,521.73,522.77,516.03,517.18,35835.6
2021-12-31 17:00:00,517.17,518.5,513.58,516.25,44580.14
2021-12-31 18:00:00,516.25,516.8,513.5,514.95,27347.59
2021-12-31 19:00:00,514.95,515.03,507.0,507.26,64609.8
2021-12-31 20:00:00,507.25,511.0,506.01,507.57,40688.95
2021-12-31 21:00:00,507.58,513.18,507.01,512.52,34544.33
2021-12-31 22:00:00,512.53,514.59,511.31,511.53,25335.88
2021-12-31 23:00:00,511.52,514.37,510.65,511.56,22612.52
