datetime,open,high,low,close,volume
2021-01-01 00:00:00,737.18,750.4,730.0,745.88,380991.825
2021-01-01 04:00:00,745.9,748.04,735.1,738.18,228617.608
2021-01-01 08:00:00,738.18,742.9,725.59,739.88,327401.937
2021-01-01 12:00:00,739.89,744.61,732.86,736.06,383862.032
2021-01-01 16:00:00,736.11,738.43,714.55,725.68,446202.189
2021-01-01 20:00:00,725.69,732.86,722.88,729.77,185215.659
2021-01-02 00:00:00,729.7,735.38,715.6,731.42,425295.776
2021-01-02 04:00:00,731.44,741.7,727.05,735.82,303975.223
2021-01-02 08:00:00,735.76,739.43,723.25,730.5,338343.61
2021-01-02 12:00:00,730.47,774.81,729.31,769.57,1239698.606
2021-01-02 16:00:00,769.57,788.71,765.49,785.41,994619.555
2021-01-02 20:00:00,785.4,786.2,754.69,775.02,874575.811
2021-01-03 00:00:00,775.04,782.37,771.37,773.22,310007.513
2021-01-03 04:00:00,773.22,807.44,769.19,801.05,786060.931
2021-01-03 08:00:00,800.99,834.0,792.45,830.97,975700.273
2021-01-03 12:00:00,830.97,926.62,827.62,919.75,2640307.002
2021-01-03 16:00:00,919.97,985.79,894.21,923.78,2853540.632
2021-01-03 20:00:00,923.67,1022.51,921.65,980.24,2044651.451
2021-01-04 00:00:00,980.23,1030.0,953.91,1025.0,1201365.989
2021-01-04 04:00:00,1025.04,1173.94,1015.12,1052.32,3088534.679
2021-01-04 08:00:00,1052.05,1085.65,890.0,977.12,3293295.931
2021-01-04 12:00:00,977.08,1059.28,956.03,1041.19,2118931.341
2021-01-04 16:00:00,1041.09,1050.18,983.42,1044.41,1450533.155
2021-01-04 20:00:00,1044.28,1052.04,993.02,1043.11,904999.972
2021-01-05 00:00:00,1043.12,1138.92,994.99,1001.32,1955569.315
2021-01-05 04:00:00,1001.42,1031.65,974.23,1004.14,1330170.767
2021-01-05 08:00:00,1004.37,1052.44,1004.15,1044.18,849583.28
2021-01-05 12:00:00,1044.18,1066.48,1002.18,1053.98,1003352.213
2021-01-05 16:00:00,1053.88,1114.5,1037.65,1100.01,1404558.858
2021-01-05 20:00:00,1100.1,1129.02,1075.0,1101.29,982862.66
2021-01-06 00:00:00,1101.29,1113.69,1057.3,1077.07,797542.157
2021-01-06 04:00:00,1077.06,1146.0,1074.68,1107.01,1176607.839
2021-01-06 08:00:00,1107.17,1179.0,1092.0,1159.56,1243721.757
2021-01-06 12:00:00,1159.6,1168.49,1123.34,1144.0,875294.548
2021-01-06 16:00:00,1144.0,1214.43,1144.0,1162.33,1527969.745
2021-01-06 20:00:00,1162.33,1218.0,1112.02,1212.64,1331725.507
2021-01-07 00:00:00,1212.98,1230.0,1181.0,1218.26,795444.305
2021-01-07 04:00:00,1218.21,1221.99,1180.31,1187.28,536857.331
2021-01-07 08:00:00,1187.27,1209.89,1160.0,1205.05,636431.681
2021-01-07 12:00:00,1205.11,1257.14,1201.0,1253.74,874864.407
2021-01-07 16:00:00,1253.98,1297.15,1150.0,1236.5,2128573.276
2021-01-07 20:00:00,1236.5,1269.98,1203.39,1227.12,835620.01
2021-01-08 00:00:00,1227.5,1235.26,1064.6,1150.95,1696676.234
2021-01-08 04:00:00,1151.01,1215.34,1125.75,1209.09,924406.444
2021-01-08 08:00:00,1209.11,1275.25,1187.07,1259.41,1047095.811
2021-01-08 12:00:00,1259.63,1279.06,1171.05,1217.52,1394320.396
2021-01-08 16:00:00,1217.65,1245.43,1173.33,1185.7,906500.192
2021-01-08 20:00:00,1185.7,1231.42,1136.71,1218.39,1025774.157
2021-01-09 00:00:00,1218.55,1236.96,1173.0,1229.03,781758.152
2021-01-09 04:00:00,1229.04,1229.74,1173.2,1198.0,580823.291
2021-01-09 08:00:00,1198.03,1241.49,1185.91,1223.0,573684.365
2021-01-09 12:00:00,1223.0,1239.95,1207.72,1222.24,477047.121
2021-01-09 16:00:00,1222.25,1242.75,1195.8,1233.07,509281.296
2021-01-09 20:00:00,1233.07,1314.0,1220.0,1279.96,1234871.79
2021-01-10 00:00:00,1279.96,1347.14,1279.96,1314.55,793113.684
2021-01-10 04:00:00,1314.52,1350.7,1307.76,1347.79,451556.628
2021-01-10 08:00:00,1347.58,1354.66,1260.0,1262.9,1125160.591
2021-01-10 12:00:00,1262.98,1326.32,1240.13,1305.43,1034387.394
2021-01-10 16:00:00,1305.42,1329.0,1250.5,1266.85,1113769.356
2021-01-10 20:00:00,1266.8,1289.0,1168.49,1257.96,1395310.736
2021-01-11 00:00:00,1257.95,1264.5,1006.2,1104.99,2162318.129
2021-01-11 04:00:00,1105.2,1134.23,1011.0,1071.95,2095163.219
2021-01-11 08:00:00,1071.87,1149.73,1049.16,1068.9,1311420.402
2021-01-11 12:00:00,1068.98,1104.0,950.99,977.55,2201091.858
2021-01-11 16:00:00,977.59,1025.0,915.2,984.78,2388398.157
2021-01-11 20:00:00,984.78,1093.62,960.1,1086.94,1078871.007
2021-01-12 00:00:00,1086.84,1091.4,1037.46,1089.73,842866.955
2021-01-12 04:00:00,1089.59,1153.13,1076.87,1140.54,847021.066
2021-01-12 08:00:00,1140.53,1145.66,1069.12,1101.08,876718.982
2021-01-12 12:00:00,1101.07,1113.21,1007.0,1053.97,1277227.757
2021-01-12 16:00:00,1053.99,1128.1,1053.54,1084.08,916846.542
2021-01-12 20:00:00,1084.22,1089.51,1025.0,1050.82,770675.303
2021-01-13 00:00:00,1050.67,1060.37,987.21,1047.43,1135709.073
2021-01-13 04:00:00,1047.64,1081.5,1011.02,1076.75,576083.997
2021-01-13 08:00:00,1076.81,1098.7,1054.24,1063.0,677794.997
2021-01-13 12:00:00,1062.98,1085.19,1045.54,1072.27,549140.152
2021-01-13 16:00:00,1072.28,1111.51,1062.25,1103.63,492074.855
2021-01-13 20:00:00,1103.64,1138.63,1092.8,1130.4,598841.572
2021-01-14 00:00:00,1130.4,1150.0,1092.81,1098.24,617528.963
2021-01-14 04:00:00,1098.2,1164.66,1087.68,1150.1,537559.591
2021-01-14 08:00:00,1149.75,1178.0,1143.67,1167.93,607678.537
2021-01-14 12:00:00,1168.05,1222.2,1148.68,1213.75,780755.71
2021-01-14 16:00:00,1213.74,1249.32,1205.71,1231.95,798573.22
2021-01-14 20:00:00,1232.07,1240.69,1165.0,1234.86,737406.414
2021-01-15 00:00:00,1234.5,1260.0,1203.35,1221.26,619516.903
2021-01-15 04:00:00,1221.38,1244.85,1175.73,1242.61,676576.894
2021-01-15 08:00:00,1242.6,1249.5,1205.56,1227.58,530727.083
2021-01-15 12:00:00,1227.59,1232.27,1128.39,1143.08,1059229.706
2021-01-15 16:00:00,1143.47,1176.82,1070.0,1134.89,1562915.762
2021-01-15 20:00:00,1134.88,1176.12,1111.31,1168.79,571932.379
2021-01-16 00:00:00,1168.65,1199.62,1158.72,1180.6,530906.116
2021-01-16 04:00:00,1180.57,1191.59,1152.13,1184.79,371093.517
2021-01-16 08:00:00,1184.6,1229.7,1178.57,1221.52,544690.9
2021-01-16 12:00:00,1221.53,1283.81,1190.0,1282.24,919601.941
2021-01-16 16:00:00,1282.46,1296.79,1220.04,1254.65,895339.866
2021-01-16 20:00:00,1254.48,1283.6,1200.0,1230.19,719149.731
2021-01-17 00:00:00,1230.32,1260.47,1202.3,1242.96,474174.657
2021-01-17 04:00:00,1242.98,1252.4,1169.24,1182.78,627744.712
2021-01-17 08:00:00,1182.67,1230.0,1165.0,1220.33,736426.135
2021-01-17 12:00:00,1220.39,1249.31,1193.0,1242.87,642664.767
2021-01-17 16:00:00,1243.0,1253.0,1210.77,1219.79,442171.673
2021-01-17 20:00:00,1219.79,1272.28,1219.78,1233.71,473336.495
2021-01-18 00:00:00,1233.61,1249.28,1183.2,1194.73,518441.021
2021-01-18 04:00:00,1194.74,1227.78,1188.26,1220.71,413803.954
2021-01-18 08:00:00,1220.7,1236.41,1210.97,1227.37,381649.437
2021-01-18 12:00:00,1227.38,1258.32,1221.66,1242.03,586104.641
2021-01-18 16:00:00,1241.96,1250.0,1213.33,1228.95,378681.859
2021-01-18 20:00:00,1229.09,1265.96,1224.14,1262.99,284124.165
2021-01-19 00:00:00,1263.0,1350.0,1255.51,1325.59,1083897.011
2021-01-19 04:00:00,1325.85,1392.4,1307.0,1382.7,787737.25
2021-01-19 08:00:00,1382.61,1438.0,1365.0,1433.14,1196981.043
2021-01-19 12:00:00,1432.84,1444.05,1382.8,1417.33,1151529.645
2021-01-19 16:00:00,1417.6,1443.82,1337.0,1362.74,1211142.902
2021-01-19 20:00:00,1362.88,1428.98,1352.0,1367.51,857556.493
2021-01-20 00:00:00,1367.38,1411.38,1340.48,1345.81,899045.771
2021-01-20 04:00:00,1345.66,1381.55,1316.0,1372.07,769087.84
2021-01-20 08:00:00,1371.91,1375.55,1252.0,1267.4,1410803.838
2021-01-20 12:00:00,1267.36,1322.0,1236.35,1275.76,1174066.079
2021-01-20 16:00:00,1275.67,1352.49,1250.45,1347.63,920326.347
2021-01-20 20:00:00,1347.32,1391.8,1306.4,1379.24,670943.323
2021-01-21 00:00:00,1379.23,1391.0,1310.0,1328.16,724793.507
2021-01-21 04:00:00,1328.16,1338.46,1279.6,1310.48,668053.415
2021-01-21 08:00:00,1310.44,1314.04,1225.77,1237.98,1442013.486
2021-01-21 12:00:00,1237.63,1261.46,1185.4,1189.58,1697361.795
2021-01-21 16:00:00,1189.58,1240.0,1166.14,1232.05,1094769.352
2021-01-21 20:00:00,1232.03,1236.04,1083.4,1111.23,1193215.96
2021-01-22 00:00:00,1111.82,1165.0,1041.13,1161.06,1837170.986
2021-01-22 04:00:00,1161.07,1188.89,1133.01,1144.37,838393.626
2021-01-22 08:00:00,1144.45,1211.55,1113.76,1198.39,855034.812
2021-01-22 12:00:00,1198.39,1242.0,1194.22,1233.92,710011.857
2021-01-22 16:00:00,1233.81,1273.66,1216.0,1268.24,743691.066
2021-01-22 20:00:00,1268.42,1274.52,1219.1,1234.55,490921.034
2021-01-23 00:00:00,1234.54,1244.08,1207.56,1232.76,520114.912
2021-01-23 04:00:00,1232.76,1270.0,1230.0,1260.37,430887.296
2021-01-23 08:00:00,1260.38,1274.0,1213.14,1220.74,612961.896
2021-01-23 12:00:00,1220.78,1240.83,1197.0,1231.16,579915.434
2021-01-23 16:00:00,1231.26,1266.54,1225.05,1259.75,423790.851
2021-01-23 20:00:00,1259.71,1261.83,1225.35,1235.66,352747.152
2021-01-24 00:00:00,1235.65,1295.35,1221.51,1294.62,490233.592
2021-01-24 04:00:00,1294.62,1336.18,1290.5,1317.49,706628.801
2021-01-24 08:00:00,1317.6,1352.32,1312.07,1344.89,528452.495
2021-01-24 12:00:00,1345.0,1350.5,1300.31,1322.78,578185.934
2021-01-24 16:00:00,1322.74,1368.49,1305.2,1327.96,865748.446
2021-01-24 20:00:00,1327.97,1401.88,1326.2,1394.24,599304.066
2021-01-25 00:00:00,1394.23,1481.46,1385.11,1430.56,1269455.678
2021-01-25 04:00:00,1430.56,1446.88,1395.0,1425.79,585345.751
2021-01-25 08:00:00,1425.8,1429.87,1382.8,1413.4,638854.417
2021-01-25 12:00:00,1413.58,1446.78,1401.0,1436.0,686185.909
2021-01-25 16:00:00,1436.0,1445.0,1355.04,1384.69,878367.482
2021-01-25 20:00:00,1384.7,1385.68,1293.0,1318.61,1079900.017
2021-01-26 00:00:00,1318.53,1379.5,1297.13,1312.98,852216.898
2021-01-26 04:00:00,1312.99,1350.73,1302.33,1318.45,624231.076
2021-01-26 08:00:00,1318.46,1348.28,1294.44,1314.68,709348.499
2021-01-26 12:00:00,1314.68,1320.85,1244.87,1278.42,1145992.14
2021-01-26 16:00:00,1279.71,1353.93,1267.66,1343.08,872569.646
2021-01-26 20:00:00,1343.08,1377.33,1325.09,1368.4,663748.085
2021-01-27 00:00:00,1368.48,1377.9,1301.45,1310.29,582586.41
2021-01-27 04:00:00,1310.36,1319.89,1273.34,1293.43,563517.249
2021-01-27 08:00:00,1293.44,1302.48,1247.29,1249.95,941174.275
2021-01-27 12:00:00,1249.97,1287.35,1206.0,1281.74,1337114.703
2021-01-27 16:00:00,1282.08,1308.95,1223.07,1269.67,1192682.174
2021-01-27 20:00:00,1269.68,1298.59,1235.11,1238.55,660041.071
2021-01-28 00:00:00,1238.55,1292.0,1217.28,1288.18,542287.115
2021-01-28 04:00:00,1288.13,1326.39,1271.22,1285.56,549497.46
2021-01-28 08:00:00,1285.58,1311.1,1265.44,1303.61,545604.503
2021-01-28 12:00:00,1303.94,1361.25,1293.98,1353.01,873602.045
2021-01-28 16:00:00,1353.15,1359.68,1322.0,1333.87,492095.17
2021-01-28 20:00:00,1333.87,1362.94,1325.46,1329.86,460859.628
2021-01-29 00:00:00,1330.28,1378.0,1311.4,1322.33,584599.046
2021-01-29 04:00:00,1322.35,1328.0,1285.46,1317.59,520143.035
2021-01-29 08:00:00,1317.55,1436.97,1295.92,1421.87,1653534.854
2021-01-29 12:00:00,1421.87,1443.0,1373.94,1398.53,783269.757
2021-01-29 16:00:00,1398.53,1411.3,1314.25,1349.74,815658.894
2021-01-29 20:00:00,1349.94,1413.57,1334.13,1381.99,653058.837
2021-01-30 00:00:00,1382.14,1409.35,1328.0,1344.14,556926.19
2021-01-30 04:00:00,1344.16,1359.0,1328.8,1347.88,398476.439
2021-01-30 08:00:00,1347.85,1357.0,1336.89,1341.46,345525.656
2021-01-30 12:00:00,1341.47,1382.0,1331.0,1372.69,410048.23
2021-01-30 16:00:00,1372.69,1384.5,1347.14,1374.07,378766.312
2021-01-30 20:00:00,1374.07,1394.8,1370.0,1380.48,274293.846
2021-01-31 00:00:00,1380.42,1383.7,1355.0,1359.84,247855.573
2021-01-31 04:00:00,1359.84,1367.72,1342.53,1347.63,243984.789
2021-01-31 08:00:00,1347.58,1360.44,1340.31,1356.23,280669.176
2021-01-31 12:00:00,1356.23,1373.53,1292.5,1311.64,597374.898
2021-01-31 16:00:00,1311.59,1321.41,1281.96,1306.26,464066.449
2021-01-31 20:00:00,1305.95,1322.94,1292.55,1313.12,257947.4
2021-02-01 00:00:00,1313.09,1326.2,1270.0,1318.29,472559.95
2021-02-01 04:00:00,1318.29,1339.91,1302.71,1318.58,373617.279
2021-02-01 08:00:00,1318.57,1348.67,1310.0,1338.73,388569.475
2021-02-01 12:00:00,1338.8,1348.12,1301.53,1302.39,382646.053
2021-02-01 16:00:00,1302.29,1334.99,1300.21,1333.9,244924.682
2021-02-01 20:00:00,1333.9,1379.73,1330.38,1376.48,419867.554
2021-02-02 00:00:00,1376.74,1416.54,1363.0,1371.26,590284.148
2021-02-02 04:00:00,1371.27,1429.0,1370.01,1417.11,494772.24
2021-02-02 08:00:00,1417.11,1467.9,1411.0,1423.21,1027787.596
2021-02-02 12:00:00,1423.22,1451.0,1411.0,1428.4,681521.669
2021-02-02 16:00:00,1428.4,1523.59,1424.28,1521.19,1343371.243
2021-02-02 20:00:00,1521.19,1551.5,1501.68,1516.26,960619.345
2021-02-03 00:00:00,1516.2,1554.0,1510.76,1542.36,498007.505
2021-02-03 04:00:00,1542.36,1576.5,1540.3,1549.63,538911.653
2021-02-03 08:00:00,1549.63,1564.63,1515.5,1541.6,796332.776
2021-02-03 12:00:00,1541.42,1605.2,1525.54,1601.62,862866.44
2021-02-03 16:00:00,1601.68,1656.36,1583.0,1620.59,1159717.811
2021-02-03 20:00:00,1620.6,1672.76,1605.97,1666.0,551924.539
2021-02-04 00:00:00,1666.1,1703.37,1635.5,1648.88,889737.259
2021-02-04 04:00:00,1648.87,1686.0,1636.49,1664.33,478178.575
2021-02-04 08:00:00,1664.33,1690.68,1571.11,1615.72,1227712.402
2021-02-04 12:00:00,1615.65,1647.83,1557.0,1583.04,1003899.312
2021-02-04 16:00:00,1582.92,1670.0,1567.57,1658.06,782501.31
2021-02-04 20:00:00,1658.09,1677.03,1588.01,1596.0,584487.899
2021-02-05 00:00:00,1595.93,1659.0,1592.46,1644.6,481146.491
2021-02-05 04:00:00,1644.63,1674.87,1625.3,1666.5,411944.422
2021-02-05 08:00:00,1666.5,1683.52,1643.79,1665.57,481575.341
2021-02-05 12:00:00,1665.59,1753.35,1658.56,1745.24,923460.046
2021-02-05 16:00:00,1745.25,1767.19,1684.27,1712.62,891068.418
2021-02-05 20:00:00,1712.65,1729.44,1696.79,1721.16,329274.386
2021-02-06 00:00:00,1721.03,1748.11,1647.09,1685.2,867893.255
2021-02-06 04:00:00,1685.21,1685.54,1648.17,1674.99,341322.072
2021-02-06 08:00:00,1674.99,1722.22,1673.75,1683.49,557972.818
2021-02-06 12:00:00,1683.49,1702.19,1665.03,1677.13,389780.815
2021-02-06 16:00:00,1677.13,1718.36,1661.01,1711.4,463449.57
2021-02-06 20:00:00,1711.49,1725.32,1672.42,1679.34,370642.155
2021-02-07 00:00:00,1679.38,1695.5,1610.31,1628.22,685029.567
2021-02-07 04:00:00,1628.22,1640.51,1587.0,1633.0,482475.948
2021-02-07 08:00:00,1633.0,1658.25,1616.8,1627.22,396009.67
2021-02-07 12:00:00,1627.17,1632.6,1524.4,1538.65,1048230.967
2021-02-07 16:00:00,1538.68,1590.0,1490.48,1566.29,1024362.815
2021-02-07 20:00:00,1566.29,1621.81,1552.22,1611.99,427685.111
2021-02-08 00:00:00,1612.0,1632.73,1566.22,1583.35,493646.297
2021-02-08 04:00:00,1583.35,1649.28,1579.6,1640.29,378024.555
2021-02-08 08:00:00,1640.21,1669.0,1627.11,1664.03,415695.675
2021-02-08 12:00:00,1664.11,1766.4,1645.0,1737.78,1221948.709
2021-02-08 16:00:00,1737.8,1782.5,1690.87,1701.83,826253.619
2021-02-08 20:00:00,1701.84,1758.99,1696.97,1755.61,548481.58
2021-02-09 00:00:00,1755.6,1777.0,1713.2,1738.89,507150.13
2021-02-09 04:00:00,1739.07,1776.0,1731.39,1754.21,432802.354
2021-02-09 08:00:00,1753.81,1830.47,1727.96,1758.51,996855.068
2021-02-09 12:00:00,1758.48,1773.69,1717.3,1751.09,593445.826
2021-02-09 16:00:00,1751.1,1778.0,1721.93,1778.0,478316.316
2021-02-09 20:00:00,1777.99,1797.56,1749.09,1770.79,379866.097
2021-02-10 00:00:00,1770.99,1832.4,1761.0,1815.08,482139.32
2021-02-10 04:00:00,1815.08,1831.76,1771.0,1816.73,459249.333
2021-02-10 08:00:00,1816.73,1848.0,1775.0,1796.02,591542.472
2021-02-10 12:00:00,1796.02,1796.36,1680.0,1715.47,1120240.352
2021-02-10 16:00:00,1715.49,1751.64,1692.13,1744.46,492526.803
2021-02-10 20:00:00,1744.45,1762.46,1706.51,1743.31,296442.37
2021-02-11 00:00:00,1743.3,1755.0,1704.21,1745.86,298705.588
2021-02-11 04:00:00,1745.84,1751.04,1718.86,1739.57,277819.795
2021-02-11 08:00:00,1739.47,1792.09,1732.87,1766.95,415058.095
2021-02-11 12:00:00,1767.01,1827.07,1766.53,1800.69,542720.62
2021-02-11 16:00:00,1800.7,1815.0,1777.52,1794.77,340990.865
2021-02-11 20:00:00,1794.55,1814.75,1758.0,1789.32,381467.236
2021-02-12 00:00:00,1789.32,1812.85,1766.0,1768.45,300347.502
2021-02-12 04:00:00,1768.45,1774.76,1740.22,1770.53,347083.231
2021-02-12 08:00:00,1770.52,1788.02,1753.04,1780.01,253453.546
2021-02-12 12:00:00,1780.17,1807.89,1750.0,1790.44,555000.317
2021-02-12 16:00:00,1790.47,1862.33,1790.47,1845.53,803735.216
2021-02-12 20:00:00,1845.38,1872.86,1831.51,1843.08,391196.452
2021-02-13 00:00:00,1843.08,1878.88,1842.62,1870.02,329881.166
2021-02-13 04:00:00,1870.02,1872.0,1806.0,1806.97,356120.008
2021-02-13 08:00:00,1807.16,1840.84,1764.79,1785.0,689924.795
2021-02-13 12:00:00,1784.84,1828.0,1767.0,1819.27,457587.743
2021-02-13 16:00:00,1819.27,1827.14,1785.0,1802.27,320931.316
2021-02-13 20:00:00,1802.59,1827.0,1790.0,1818.02,227013.523
2021-02-14 00:00:00,1817.86,1847.47,1809.79,1813.52,288993.074
2021-02-14 04:00:00,1813.41,1857.67,1804.11,1835.08,349819.412
2021-02-14 08:00:00,1835.17,1853.99,1828.44,1835.65,229500.563
2021-02-14 12:00:00,1835.65,1849.36,1785.23,1802.84,450719.826
2021-02-14 16:00:00,1802.84,1817.34,1792.87,1807.1,236975.66
2021-02-14 20:00:00,1807.1,1834.76,1802.52,1803.59,217659.702
2021-02-15 00:00:00,1804.0,1816.26,1652.0,1729.1,1121193.197
2021-02-15 04:00:00,1729.1,1761.09,1688.63,1750.22,489025.252
2021-02-15 08:00:00,1750.23,1798.0,1741.38,1789.35,402466.674
2021-02-15 12:00:00,1789.36,1817.44,1778.49,1812.82,388355.083
2021-02-15 16:00:00,1812.88,1839.0,1807.7,1828.11,342191.906
2021-02-15 20:00:00,1828.12,1839.63,1765.57,1781.34,495463.698
2021-02-16 00:00:00,1781.34,1831.58,1747.96,1825.36,442968.442
2021-02-16 04:00:00,1825.29,1831.48,1782.62,1799.2,325163.718
2021-02-16 08:00:00,1799.21,1812.33,1780.33,1786.09,254736.277
2021-02-16 12:00:00,1786.07,1831.0,1763.59,1775.76,704109.134
2021-02-16 16:00:00,1775.93,1784.83,1726.01,1754.54,502330.961
2021-02-16 20:00:00,1754.53,1787.28,1731.15,1784.31,307469.342
2021-02-17 00:00:00,1784.31,1789.17,1744.26,1755.9,302681.128
2021-02-17 04:00:00,1756.08,1810.0,1735.66,1807.48,412166.664
2021-02-17 08:00:00,1807.5,1828.0,1793.14,1812.02,397042.71
2021-02-17 12:00:00,1812.01,1852.39,1807.41,1812.68,551893.738
2021-02-17 16:00:00,1812.68,1849.0,1803.0,1844.7,340910.975
2021-02-17 20:00:00,1844.66,1864.26,1826.78,1849.86,336220.051
2021-02-18 00:00:00,1849.87,1924.77,1849.37,1899.58,571137.754
2021-02-18 04:00:00,1899.59,1915.0,1882.01,1903.59,311600.138
2021-02-18 08:00:00,1903.65,1938.5,1888.0,1902.65,480654.892
2021-02-18 12:00:00,1902.65,1928.0,1883.0,1910.99,428486.02
2021-02-18 16:00:00,1911.02,1944.12,1908.86,1925.11,314330.875
2021-02-18 20:00:00,1925.11,1955.0,1915.97,1941.26,341134.287
2021-02-19 00:00:00,1941.12,1955.84,1894.0,1913.8,476699.421
2021-02-19 04:00:00,1913.84,1931.35,1902.0,1922.01,250644.001
2021-02-19 08:00:00,1922.01,1948.26,1916.03,1939.68,251947.565
2021-02-19 12:00:00,1939.74,1945.3,1916.0,1933.39,345965.909
2021-02-19 16:00:00,1932.84,1980.0,1932.4,1960.03,427989.314
2021-02-19 20:00:00,1960.03,1972.13,1950.7,1958.58,190652.66
2021-02-20 00:00:00,1958.59,2028.95,1926.88,2024.88,625868.415
2021-02-20 04:00:00,2024.76,2048.0,1983.8,1989.56,517901.432
2021-02-20 08:00:00,1989.28,2020.0,1988.91,2006.07,300651.69
2021-02-20 12:00:00,2006.06,2044.51,1960.0,1981.16,600043.912
2021-02-20 16:00:00,1981.71,2025.0,1978.91,1995.72,325201.563
2021-02-20 20:00:00,1995.73,1996.77,1792.0,1914.58,903932.589
2021-02-21 00:00:00,1914.51,1958.95,1885.0,1936.7,383512.813
2021-02-21 04:00:00,1936.7,1955.0,1905.0,1914.12,317162.119
2021-02-21 08:00:00,1914.13,1977.7,1900.71,1964.62,355040.13
2021-02-21 12:00:00,1964.7,1975.0,1938.0,1963.5,323882.891
2021-02-21 16:00:00,1963.51,1981.04,1941.0,1970.41,283259.722
2021-02-21 20:00:00,1970.41,1970.41,1903.03,1934.75,376568.242
2021-02-22 00:00:00,1934.59,1938.5,1862.2,1871.65,547652.452
2021-02-22 04:00:00,1872.06,1895.0,1836.0,1888.31,512220.91
2021-02-22 08:00:00,1888.3,1891.88,1772.27,1805.43,799135.259
2021-02-22 12:00:00,1805.71,1811.42,1552.2,1732.7,1913867.298
2021-02-22 16:00:00,1732.71,1763.16,1658.8,1747.4,738600.268
2021-02-22 20:00:00,1747.25,1804.5,1742.09,1778.3,461427.627
2021-02-23 00:00:00,1778.22,1784.08,1659.1,1681.44,679627.345
2021-02-23 04:00:00,1681.44,1697.84,1552.63,1587.73,1304182.937
2021-02-23 08:00:00,1587.51,1601.51,1348.17,1453.3,2223367.767
2021-02-23 12:00:00,1453.22,1602.06,1425.49,1574.35,1355866.348
2021-02-23 16:00:00,1574.4,1608.79,1446.05,1448.52,887999.69
2021-02-23 20:00:00,1448.53,1581.54,1436.0,1579.75,638305.498
2021-02-24 00:00:00,1579.75,1642.05,1501.09,1638.28,589124.807
2021-02-24 04:00:00,1638.27,1654.86,1610.0,1642.62,569461.509
2021-02-24 08:00:00,1642.83,1714.04,1631.33,1678.0,582067.069
2021-02-24 12:00:00,1678.0,1709.0,1590.44,1662.08,890609.983
2021-02-24 16:00:00,1662.08,1678.37,1598.2,1601.85,448219.826
2021-02-24 20:00:00,1601.71,1630.46,1554.92,1623.98,513864.823
2021-02-25 00:00:00,1623.94,1658.26,1603.5,1604.89,361329.613
2021-02-25 04:00:00,1604.89,1648.2,1587.98,1635.15,374314.152
2021-02-25 08:00:00,1635.15,1640.0,1578.89,1622.29,489379.61
2021-02-25 12:00:00,1622.3,1672.49,1612.65,1627.77,519892.357
2021-02-25 16:00:00,1627.76,1637.0,1566.85,1585.04,445468.353
2021-02-25 20:00:00,1585.04,1588.23,1458.0,1482.09,765420.176
2021-02-26 00:00:00,1482.13,1515.43,1449.0,1491.91,798927.601
2021-02-26 04:00:00,1491.9,1530.26,1401.01,1432.13,832175.006
2021-02-26 08:00:00,1432.13,1495.15,1431.83,1485.53,593420.631
2021-02-26 12:00:00,1485.49,1542.43,1458.2,1533.49,599892.806
2021-02-26 16:00:00,1533.5,1563.66,1476.0,1480.93,501680.568
2021-02-26 20:00:00,1481.02,1486.0,1410.32,1445.28,553954.4
2021-02-27 00:00:00,1445.36,1519.28,1439.03,1492.66,480275.256
2021-02-27 04:00:00,1492.64,1530.19,1483.5,1491.81,372312.954
2021-02-27 08:00:00,1491.81,1495.05,1455.74,1470.29,361787.518
2021-02-27 12:00:00,1470.49,1496.51,1444.65,1454.11,462699.831
2021-02-27 16:00:00,1454.06,1516.75,1445.84,1512.23,343817.705
2021-02-27 20:00:00,1512.41,1524.11,1425.5,1458.65,509982.074
2021-02-28 00:00:00,1458.64,1469.44,1366.28,1369.19,604991.325
2021-02-28 04:00:00,1369.24,1398.78,1313.39,1343.16,934443.585
2021-02-28 08:00:00,1343.15,1385.49,1342.87,1371.22,532624.507
2021-02-28 12:00:00,1371.37,1379.94,1292.8,1317.64,781944.567
2021-02-28 16:00:00,1317.64,1395.24,1301.84,1389.58,722626.697
2021-02-28 20:00:00,1389.25,1443.52,1383.2,1419.77,532762.015
2021-03-01 00:00:00,1419.96,1457.8,1411.1,1434.92,387917.946
2021-03-01 04:00:00,1434.92,1449.65,1421.67,1438.97,303539.097
2021-03-01 08:00:00,1439.1,1532.28,1438.85,1527.07,685142.96
2021-03-01 12:00:00,1527.07,1556.64,1511.53,1553.32,532390.191
2021-03-01 16:00:00,1553.32,1565.94,1503.76,1515.11,507997.085
2021-03-01 20:00:00,1515.08,1573.42,1507.42,1571.2,310929.231
2021-03-02 00:00:00,1571.2,1604.85,1547.63,1556.6,413030.408
2021-03-02 04:00:00,1556.6,1584.99,1531.32,1540.8,363766.903
2021-03-02 08:00:00,1541.14,1575.29,1540.72,1569.49,308081.644
2021-03-02 12:00:00,1569.48,1594.71,1549.0,1554.29,421696.052
2021-03-02 16:00:00,1554.29,1564.0,1470.0,1481.55,808977.543
2021-03-02 20:00:00,1481.41,1493.05,1455.3,1486.28,569369.524
2021-03-03 00:00:00,1486.24,1526.89,1475.0,1522.98,326188.294
2021-03-03 04:00:00,1522.97,1576.09,1521.42,1566.87,365832.854
2021-03-03 08:00:00,1566.87,1615.4,1566.87,1608.88,591143.486
2021-03-03 12:00:00,1608.8,1664.0,1586.4,1602.72,907278.892
2021-03-03 16:00:00,1602.64,1635.71,1587.73,1608.18,488184.665
2021-03-03 20:00:00,1608.18,1615.45,1566.43,1568.63,376415.687
2021-03-04 00:00:00,1568.63,1626.0,1550.41,1556.65,520430.773
2021-03-04 04:00:00,1556.48,1573.94,1535.64,1572.69,452464.23
2021-03-04 08:00:00,1573.01,1590.68,1528.45,1563.22,523759.697
2021-03-04 12:00:00,1563.42,1604.31,1547.09,1577.0,563427.009
2021-03-04 16:00:00,1576.98,1601.99,1507.55,1527.98,687579.664
2021-03-04 20:00:00,1527.97,1548.5,1506.99,1540.69,339950.878
2021-03-05 00:00:00,1540.7,1543.45,1446.53,1482.85,682982.027
2021-03-05 04:00:00,1482.75,1488.44,1462.61,1474.92,336304.846
2021-03-05 08:00:00,1474.9,1483.58,1441.57,1481.49,387473.787
2021-03-05 12:00:00,1481.61,1514.72,1462.03,1482.59,671905.522
2021-03-05 16:00:00,1482.59,1538.28,1450.0,1534.52,634168.658
2021-03-05 20:00:00,1534.37,1551.0,1525.98,1529.88,338831.915
2021-03-06 00:00:00,1529.75,1550.72,1520.24,1533.68,230842.766
2021-03-06 04:00:00,1533.67,1595.6,1521.88,1591.53,412755.523
2021-03-06 08:00:00,1591.45,1600.82,1559.0,1566.81,399592.566
2021-03-06 12:00:00,1566.85,1568.81,1515.16,1544.56,513684.075
2021-03-06 16:00:00,1544.13,1630.38,1541.33,1622.22,623612.263
2021-03-06 20:00:00,1622.17,1674.02,1622.17,1651.73,658704.406
2021-03-07 00:00:00,1651.9,1689.51,1637.85,1650.99,506936.823
2021-03-07 04:00:00,1650.99,1688.8,1648.6,1685.73,320119.001
2021-03-07 08:00:00,1685.74,1698.35,1662.77,1680.15,403053.317
2021-03-07 12:00:00,1680.14,1681.58,1631.59,1654.11,505576.597
2021-03-07 16:00:00,1654.35,1678.88,1642.08,1659.08,382436.304
2021-03-07 20:00:00,1659.08,1736.89,1633.79,1727.23,451912.934
2021-03-08 00:00:00,1727.73,1755.36,1713.72,1724.96,545136.219
2021-03-08 04:00:00,1724.96,1757.14,1684.85,1692.22,615839.323
2021-03-08 08:00:00,1692.35,1729.58,1667.86,1724.57,599067.387
2021-03-08 12:00:00,1724.69,1753.52,1706.82,1743.43,718425.386
2021-03-08 16:00:00,1743.44,1782.2,1724.0,1775.55,498436.685
2021-03-08 20:00:00,1775.72,1844.57,1765.61,1834.3,525084.878
2021-03-09 00:00:00,1834.47,1862.5,1808.74,1850.3,585444.46
2021-03-09 04:00:00,1850.58,1855.0,1813.64,1815.39,420190.437
2021-03-09 08:00:00,1815.39,1843.6,1813.0,1830.72,354184.712
2021-03-09 12:00:00,1830.71,1845.0,1801.0,1834.64,441717.147
2021-03-09 16:00:00,1834.64,1850.0,1811.0,1829.67,356449.655
2021-03-09 20:00:00,1829.67,1873.86,1818.41,1873.31,302581.798
2021-03-10 00:00:00,1873.37,1882.59,1760.0,1780.48,820830.398
2021-03-10 04:00:00,1780.37,1816.89,1770.28,1808.0,380146.371
2021-03-10 08:00:00,1808.06,1842.72,1801.1,1817.52,431301.023
2021-03-10 12:00:00,1817.63,1853.04,1812.16,1834.64,506007.244
2021-03-10 16:00:00,1834.71,1874.58,1822.0,1841.78,524061.607
2021-03-10 20:00:00,1841.79,1845.0,1764.05,1796.8,750852.948
2021-03-11 00:00:00,1796.8,1809.32,1765.08,1803.45,477499.806
2021-03-11 04:00:00,1803.45,1818.77,1766.74,1768.72,362839.375
2021-03-11 08:00:00,1768.44,1783.28,1725.96,1780.47,657151.448
2021-03-11 12:00:00,1780.58,1824.66,1769.22,1798.24,630334.097
2021-03-11 16:00:00,1798.25,1821.66,1782.14,1797.44,475181.6
2021-03-11 20:00:00,1797.29,1850.07,1793.54,1829.0,458105.44
2021-03-12 00:00:00,1828.96,1846.59,1796.34,1820.02,385089.515
2021-03-12 04:00:00,1820.01,1825.0,1787.25,1796.15,280713.834
2021-03-12 08:00:00,1796.03,1807.27,1757.2,1774.6,464059.006
2021-03-12 12:00:00,1774.92,1785.55,1719.92,1776.7,757526.95
2021-03-12 16:00:00,1776.71,1788.0,1740.1,1740.39,494781.465
2021-03-12 20:00:00,1740.4,1777.0,1724.43,1767.44,371047.477
2021-03-13 00:00:00,1767.32,1769.96,1729.33,1760.74,299438.957
2021-03-13 04:00:00,1760.75,1793.16,1749.83,1792.7,254691.541
2021-03-13 08:00:00,1792.71,1895.02,1782.09,1875.33,738134.441
2021-03-13 12:00:00,1875.3,1904.53,1859.0,1879.86,555482.939
2021-03-13 16:00:00,1879.86,1931.61,1875.0,1929.68,473985.858
2021-03-13 20:00:00,1929.56,1948.75,1900.0,1924.94,441996.645
2021-03-14 00:00:00,1924.94,1935.88,1890.25,1913.72,343708.153
2021-03-14 04:00:00,1913.71,1913.71,1881.6,1889.63,287749.613
2021-03-14 08:00:00,1889.63,1910.0,1850.0,1882.26,453900.373
2021-03-14 12:00:00,1882.27,1890.4,1846.15,1859.0,409516.673
2021-03-14 16:00:00,1859.01,1881.5,1836.0,1873.43,367671.295
2021-03-14 20:00:00,1873.43,1897.26,1850.0,1850.54,382116.474
2021-03-15 00:00:00,1850.5,1896.3,1841.0,1888.75,343427.744
2021-03-15 04:00:00,1888.76,1895.59,1771.9,1793.91,777477.109
2021-03-15 08:00:00,1794.14,1811.37,1729.2,1771.17,880605.365
2021-03-15 12:00:00,1771.0,1805.06,1746.15,1766.96,537149.139
2021-03-15 16:00:00,1767.17,1794.92,1753.08,1786.58,406756.527
2021-03-15 20:00:00,1786.75,1810.0,1778.36,1794.89,351883.734
2021-03-16 00:00:00,1795.09,1805.6,1712.0,1750.99,694770.862
2021-03-16 04:00:00,1750.85,1804.99,1739.49,1799.78,471350.852
2021-03-16 08:00:00,1799.78,1819.76,1783.33,1794.92,406132.874
2021-03-16 12:00:00,1794.92,1809.0,1767.51,1805.54,362052.577
2021-03-16 16:00:00,1805.31,1815.0,1763.34,1786.18,339248.994
2021-03-16 20:00:00,1786.1,1810.17,1781.9,1807.25,227092.647
2021-03-17 00:00:00,1807.25,1815.5,1760.0,1768.07,304208.489
2021-03-17 04:00:00,1768.08,1789.46,1763.98,1786.71,232846.225
2021-03-17 08:00:00,1786.86,1796.7,1751.1,1760.77,361659.357
2021-03-17 12:00:00,1760.78,1779.6,1741.95,1774.33,360088.56
2021-03-17 16:00:00,1774.26,1841.86,1769.5,1830.24,564788.943
2021-03-17 20:00:00,1830.24,1841.85,1811.0,1825.77,340944.608
2021-03-18 00:00:00,1825.94,1853.0,1812.46,1836.19,320938.689
2021-03-18 04:00:00,1836.2,1846.39,1811.0,1817.48,225951.087
2021-03-18 08:00:00,1817.53,1824.7,1793.33,1801.67,285005.695
2021-03-18 12:00:00,1801.67,1827.58,1782.07,1823.3,412604.943
2021-03-18 16:00:00,1823.29,1834.36,1758.48,1768.76,477083.834
2021-03-18 20:00:00,1768.86,1795.71,1759.49,1777.54,227357.373
2021-03-19 00:00:00,1777.55,1788.0,1733.09,1781.13,370108.175
2021-03-19 04:00:00,1781.12,1810.82,1774.2,1794.99,266167.46
2021-03-19 08:00:00,1794.99,1824.0,1786.26,1820.91,322976.797
2021-03-19 12:00:00,1820.92,1830.0,1802.41,1823.38,325406.895
2021-03-19 16:00:00,1823.39,1832.0,1813.96,1829.0,252665.506
2021-03-19 20:00:00,1828.99,1844.32,1805.46,1811.04,270548.237
2021-03-20 00:00:00,1811.04,1838.97,1802.5,1835.63,192441.197
2021-03-20 04:00:00,1835.62,1845.96,1818.0,1823.34,189116.43
2021-03-20 08:00:00,1823.32,1850.11,1823.31,1844.86,181301.619
2021-03-20 12:00:00,1844.86,1873.84,1837.88,1857.48,385081.417
2021-03-20 16:00:00,1857.48,1861.4,1840.51,1849.59,164357.699
2021-03-20 20:00:00,1849.59,1850.46,1803.06,1807.35,287942.498
2021-03-21 00:00:00,1807.43,1818.61,1777.09,1787.73,343301.383
2021-03-21 04:00:00,1787.73,1789.14,1767.0,1779.87,282987.527
2021-03-21 08:00:00,1779.87,1787.31,1745.02,1774.28,311745.004
2021-03-21 12:00:00,1774.15,1799.5,1759.96,1790.23,252403.734
2021-03-21 16:00:00,1790.24,1800.0,1777.15,1798.0,171339.415
2021-03-21 20:00:00,1797.99,1811.52,1778.33,1784.67,208163.094
2021-03-22 00:00:00,1784.78,1788.34,1754.1,1784.43,273453.286
2021-03-22 04:00:00,1784.43,1799.2,1780.54,1791.38,180625.254
2021-03-22 08:00:00,1791.37,1809.59,1775.98,1797.36,247369.792
2021-03-22 12:00:00,1797.45,1799.4,1768.0,1779.74,268462.363
2021-03-22 16:00:00,1779.74,1785.43,1737.69,1738.91,399893.385
2021-03-22 20:00:00,1738.69,1747.27,1653.67,1681.69,692446.304
2021-03-23 00:00:00,1681.66,1714.3,1666.74,1702.79,326834.253
2021-03-23 04:00:00,1702.79,1706.47,1652.58,1680.09,371151.842
2021-03-23 08:00:00,1679.87,1698.0,1667.66,1689.48,228899.503
2021-03-23 12:00:00,1689.52,1718.0,1689.26,1705.07,356459.258
2021-03-23 16:00:00,1705.08,1722.52,1693.11,1707.84,303509.343
2021-03-23 20:00:00,1707.84,1709.47,1660.0,1669.33,288422.077
2021-03-24 00:00:00,1669.33,1687.94,1649.31,1679.9,284483.558
2021-03-24 04:00:00,1679.9,1701.92,1660.29,1695.45,303365.638
2021-03-24 08:00:00,1695.45,1719.84,1695.4,1716.32,251054.484
2021-03-24 12:00:00,1716.33,1742.43,1715.0,1723.74,307446.06
2021-03-24 16:00:00,1723.75,1727.95,1625.01,1636.34,529188.386
2021-03-24 20:00:00,1636.34,1639.0,1540.22,1582.11,981808.78
2021-03-25 00:00:00,1582.01,1598.0,1548.56,1572.82,450148.427
2021-03-25 04:00:00,1572.82,1599.1,1564.19,1573.98,252940.734
2021-03-25 08:00:00,1574.18,1622.54,1573.01,1593.36,421270.841
2021-03-25 12:00:00,1593.36,1615.61,1555.35,1597.11,703593.509
2021-03-25 16:00:00,1597.18,1621.99,1572.82,1606.82,407181.319
2021-03-25 20:00:00,1606.83,1618.45,1577.65,1587.5,219267.376
2021-03-26 00:00:00,1587.44,1630.65,1587.03,1619.63,265208.754
2021-03-26 04:00:00,1619.6,1638.51,1610.98,1630.6,251818.53
2021-03-26 08:00:00,1630.54,1639.49,1613.29,1619.23,273183.175
2021-03-26 12:00:00,1619.23,1652.0,1614.29,1642.3,271819.825
2021-03-26 16:00:00,1642.29,1669.69,1635.0,1664.97,280095.128
2021-03-26 20:00:00,1664.97,1701.19,1662.0,1699.13,288079.303
2021-03-27 00:00:00,1699.21,1719.93,1687.82,1694.36,288213.579
2021-03-27 04:00:00,1694.37,1706.06,1682.95,1693.79,194517.242
2021-03-27 08:00:00,1693.78,1703.05,1676.35,1682.26,228909.548
2021-03-27 12:00:00,1682.27,1691.0,1668.3,1684.13,248188.723
2021-03-27 16:00:00,1684.12,1713.51,1684.12,1706.02,259853.656
2021-03-27 20:00:00,1706.03,1734.88,1702.88,1714.34,193031.992
2021-03-28 00:00:00,1714.14,1718.94,1702.32,1712.35,151357.528
2021-03-28 04:00:00,1712.36,1724.28,1709.37,1719.58,133836.144
2021-03-28 08:00:00,1719.58,1727.5,1700.96,1705.64,178902.489
2021-03-28 12:00:00,1705.66,1711.82,1683.8,1709.67,251650.599
2021-03-28 16:00:00,1709.71,1715.64,1662.54,1675.9,292314.835
2021-03-28 20:00:00,1675.89,1690.8,1666.02,1688.3,158989.781
2021-03-29 00:00:00,1688.31,1702.98,1680.04,1697.81,170546.294
2021-03-29 04:00:00,1697.81,1709.0,1687.19,1705.7,139252.264
2021-03-29 08:00:00,1705.69,1778.14,1705.69,1767.28,459123.577
2021-03-29 12:00:00,1767.19,1793.66,1761.58,1791.42,405971.71
2021-03-29 16:00:00,1791.16,1845.0,1779.29,1818.45,527423.591
2021-03-29 20:00:00,1818.45,1827.0,1801.1,1818.44,234044.441
2021-03-30 00:00:00,1818.43,1830.9,1788.3,1799.58,263549.28
2021-03-30 04:00:00,1799.59,1826.83,1789.51,1818.92,228525.135
2021-03-30 08:00:00,1818.94,1852.24,1806.0,1850.65,406703.266
2021-03-30 12:00:00,1850.66,1851.0,1827.13,1831.7,296472.675
2021-03-30 16:00:00,1831.85,1862.62,1829.21,1862.61,199784.141
2021-03-30 20:00:00,1862.61,1863.79,1835.5,1843.43,232632.391
2021-03-31 00:00:00,1843.43,1867.0,1811.0,1826.58,379662.766
2021-03-31 04:00:00,1826.51,1860.0,1803.81,1817.05,411298.152
2021-03-31 08:00:00,1817.07,1819.81,1771.85,1811.6,517982.613
2021-03-31 12:00:00,1811.61,1855.95,1799.7,1850.59,339913.236
2021-03-31 16:00:00,1850.6,1920.88,1840.0,1902.69,581496.545
2021-03-31 20:00:00,1902.69,1952.98,1895.34,1923.07,491152.042
2021-04-01 00:00:00,1923.07,1947.93,1916.0,1926.7,244896.259
2021-04-01 04:00:00,1926.7,1935.0,1906.0,1928.26,234782.55
2021-04-01 08:00:00,1928.19,1973.2,1908.04,1922.18,555514.112
2021-04-01 12:00:00,1922.11,1949.94,1914.21,1946.0,258536.314
2021-04-01 16:00:00,1946.0,1989.11,1882.1,1977.54,747195.315
2021-04-01 20:00:00,1977.54,1987.69,1951.64,1969.74,241841.05
2021-04-02 00:00:00,1969.75,2019.09,1949.94,2000.73,497105.012
2021-04-02 04:00:00,2000.72,2012.88,1981.43,1997.5,259339.664
2021-04-02 08:00:00,1997.5,2011.53,1985.0,2009.79,233315.734
2021-04-02 12:00:00,2009.79,2087.6,1988.0,2077.2,799343.791
2021-04-02 16:00:00,2077.2,2086.8,2031.16,2064.46,463964.893
2021-04-02 20:00:00,2064.48,2150.0,2062.6,2138.01,529549.908
2021-04-03 00:00:00,2138.01,2144.17,2087.0,2098.34,380745.258
2021-04-03 04:00:00,2098.34,2133.29,2092.24,2114.43,243584.448
2021-04-03 08:00:00,2114.49,2133.9,2071.22,2100.39,394434.245
2021-04-03 12:00:00,2100.39,2120.6,2070.32,2072.21,337132.907
2021-04-03 16:00:00,2072.22,2097.93,2002.0,2096.46,960382.728
2021-04-03 20:00:00,2096.46,2096.62,2010.33,2012.63,645666.034
2021-04-04 00:00:00,2012.64,2029.61,1980.0,2018.91,440126.726
2021-04-04 04:00:00,2018.78,2037.0,2004.2,2036.99,198490.706
2021-04-04 08:00:00,2037.0,2066.42,2031.61,2046.1,250819.162
2021-04-04 12:00:00,2046.09,2093.72,2034.53,2078.99,352920.911
2021-04-04 16:00:00,2079.0,2088.97,2057.93,2064.86,224615.068
2021-04-04 20:00:00,2064.85,2084.27,2054.0,2077.73,161271.019
2021-04-05 00:00:00,2077.85,2088.25,2025.0,2032.13,244290.414
2021-04-05 04:00:00,2032.12,2041.95,2002.16,2029.09,336712.451
2021-04-05 08:00:00,2029.29,2059.6,2013.2,2059.49,250632.121
2021-04-05 12:00:00,2059.49,2129.48,2055.0,2118.93,527578.559
2021-04-05 16:00:00,2118.66,2128.79,2092.94,2108.97,335948.23
2021-04-05 20:00:00,2108.97,2138.61,2085.46,2110.35,334238.48
2021-04-06 00:00:00,2110.39,2161.02,2110.39,2116.18,389301.044
2021-04-06 04:00:00,2116.19,2138.55,2092.0,2101.77,229610.231
2021-04-06 08:00:00,2101.51,2135.0,2088.0,2116.42,429623.425
2021-04-06 12:00:00,2116.42,2132.0,2043.89,2085.87,568791.377
2021-04-06 16:00:00,2085.87,2132.04,2077.28,2116.31,358869.086
2021-04-06 20:00:00,2116.3,2126.21,2085.11,2114.47,239836.13
2021-04-07 00:00:00,2114.48,2133.02,2082.5,2107.81,250860.599
2021-04-07 04:00:00,2107.82,2113.28,2070.0,2077.02,329842.437
2021-04-07 08:00:00,2077.04,2077.55,1960.58,1982.12,906870.134
2021-04-07 12:00:00,1982.06,2012.9,1930.1,1978.22,732408.276
2021-04-07 16:00:00,1978.23,2011.38,1940.0,1986.01,601736.803
2021-04-07 20:00:00,1986.02,2014.53,1960.0,1965.4,322363.253
2021-04-08 00:00:00,1965.4,2000.91,1950.0,1999.05,236236.904
2021-04-08 04:00:00,1998.96,2036.1,1997.06,2029.43,264533.377
2021-04-08 08:00:00,2029.41,2039.1,1985.64,1998.41,328457.551
2021-04-08 12:00:00,1998.44,2062.14,1993.87,2061.47,370824.227
2021-04-08 16:00:00,2061.47,2079.66,2052.05,2059.7,248637.664
2021-04-08 20:00:00,2059.7,2086.67,2045.22,2082.08,205118.041
2021-04-09 00:00:00,2082.02,2099.92,2070.11,2074.63,196324.733
2021-04-09 04:00:00,2074.63,2083.5,2061.0,2079.92,155860.532
2021-04-09 08:00:00,2079.91,2104.83,2063.24,2088.0,297336.139
2021-04-09 12:00:00,2087.96,2092.32,2054.56,2063.27,267902.396
2021-04-09 16:00:00,2063.28,2086.54,2052.0,2078.64,201707.486
2021-04-09 20:00:00,2078.84,2083.38,2057.26,2068.02,118283.543
2021-04-10 00:00:00,2068.02,2155.12,2059.03,2148.66,425198.031
2021-04-10 04:00:00,2148.65,2211.94,2148.34,2169.49,603640.094
2021-04-10 08:00:00,2169.49,2185.0,2153.31,2164.38,241249.891
2021-04-10 12:00:00,2164.39,2169.99,2133.2,2158.82,287660.876
2021-04-10 16:00:00,2158.81,2170.0,2123.0,2131.39,212531.167
2021-04-10 20:00:00,2131.4,2143.2,2085.0,2135.96,307070.317
2021-04-11 00:00:00,2135.99,2161.08,2125.0,2148.06,199826.524
2021-04-11 04:00:00,2148.21,2151.21,2115.56,2132.37,227480.651
2021-04-11 08:00:00,2132.56,2165.0,2128.65,2150.44,242653.384
2021-04-11 12:00:00,2150.44,2159.08,2125.62,2151.93,210624.837
2021-04-11 16:00:00,2151.94,2171.07,2133.0,2147.07,244853.558
2021-04-11 20:00:00,2147.07,2156.0,2126.37,2155.05,164807.021
2021-04-12 00:00:00,2155.07,2168.0,2133.3,2153.05,191695.95
2021-04-12 04:00:00,2153.06,2209.99,2146.97,2186.61,359617.665
2021-04-12 08:00:00,2186.61,2199.47,2120.0,2151.83,439238.896
2021-04-12 12:00:00,2152.09,2164.03,2115.6,2122.03,288389.791
2021-04-12 16:00:00,2122.03,2147.77,2101.96,2143.74,259495.373
2021-04-12 20:00:00,2143.74,2154.0,2137.59,2139.25,121072.432
2021-04-13 00:00:00,2139.24,2180.0,2137.21,2166.68,208542.785
2021-04-13 04:00:00,2166.68,2197.59,2152.52,2167.95,299111.071
2021-04-13 08:00:00,2167.9,2236.94,2167.69,2235.43,571451.412
2021-04-13 12:00:00,2235.43,2283.35,2222.08,2281.09,384535.456
2021-04-13 16:00:00,2280.67,2324.0,2261.03,2301.61,604007.782
2021-04-13 20:00:00,2301.61,2312.0,2272.06,2303.15,244307.099
2021-04-14 00:00:00,2303.15,2358.88,2286.04,2353.97,328144.62
2021-04-14 04:00:00,2354.11,2413.25,2346.36,2373.73,513044.501
2021-04-14 08:00:00,2373.56,2399.71,2313.5,2395.0,556031.253
2021-04-14 12:00:00,2394.79,2399.6,2291.0,2351.2,786744.395
2021-04-14 16:00:00,2350.98,2390.0,2303.81,2338.9,675636.072
2021-04-14 20:00:00,2338.91,2450.0,2326.76,2437.08,511170.955
2021-04-15 00:00:00,2436.74,2485.13,2403.14,2480.32,482196.75
2021-04-15 04:00:00,2480.31,2486.33,2450.4,2471.86,374725.362
2021-04-15 08:00:00,2471.85,2495.0,2410.0,2433.71,506772.092
2021-04-15 12:00:00,2433.46,2481.54,2427.0,2463.92,369856.916
2021-04-15 16:00:00,2463.92,2499.0,2436.39,2485.13,376556.512
2021-04-15 20:00:00,2485.13,2548.6,2484.01,2519.85,490803.875
2021-04-16 00:00:00,2519.85,2553.0,2480.62,2503.52,431855.507
2021-04-16 04:00:00,2503.52,2504.39,2370.0,2429.44,851406.268
2021-04-16 08:00:00,2429.55,2453.09,2330.48,2386.49,859641.081
2021-04-16 12:00:00,2386.49,2439.49,2298.23,2430.77,757979.799
2021-04-16 16:00:00,2430.77,2445.61,2404.11,2433.02,356492.466
2021-04-16 20:00:00,2433.03,2465.13,2420.14,2427.29,248159.051
2021-04-17 00:00:00,2427.29,2497.83,2427.28,2490.1,307476.417
2021-04-17 04:00:00,2490.1,2499.26,2454.11,2465.64,171143.8
2021-04-17 08:00:00,2465.65,2479.78,2395.0,2411.57,330701.553
2021-04-17 12:00:00,2411.58,2422.74,2331.68,2346.73,511776.09
2021-04-17 16:00:00,2346.76,2386.41,2316.5,2381.1,498990.348
2021-04-17 20:00:00,2381.1,2396.59,2314.49,2319.8,237061.731
2021-04-18 00:00:00,2319.93,2341.91,1900.0,2157.0,1446704.893
2021-04-18 04:00:00,2156.6,2231.21,2129.01,2211.11,784835.218
2021-04-18 08:00:00,2211.12,2224.81,2039.49,2055.23,901870.124
2021-04-18 12:00:00,2055.21,2152.48,2048.0,2145.11,467367.103
2021-04-18 16:00:00,2145.05,2195.0,2136.0,2188.67,336130.074
2021-04-18 20:00:00,2188.59,2248.6,2188.0,2235.32,338665.886
2021-04-19 00:00:00,2235.32,2278.58,2198.1,2266.21,362001.082
2021-04-19 04:00:00,2266.2,2275.0,2232.96,2268.24,262955.195
2021-04-19 08:00:00,2268.24,2275.8,2200.35,2248.23,424562.111
2021-04-19 12:00:00,2248.19,2255.27,2079.12,2096.4,966888.868
2021-04-19 16:00:00,2096.5,2188.0,2084.53,2186.88,632639.543
2021-04-19 20:00:00,2186.88,2222.1,2153.09,2162.75,380476.425
2021-04-20 00:00:00,2162.76,2178.87,2052.42,2108.39,841271.968
2021-04-20 04:00:00,2108.35,2148.2,2057.17,2093.6,529466.718
2021-04-20 08:00:00,2093.67,2201.19,2088.76,2195.37,457196.36
2021-04-20 12:00:00,2195.38,2230.0,2140.26,2188.26,496373.742
2021-04-20 16:00:00,2188.5,2325.04,2173.11,2324.81,605958.729
2021-04-20 20:00:00,2324.88,2347.0,2294.48,2329.96,462778.764
2021-04-21 00:00:00,2330.07,2364.29,2280.45,2285.21,508718.506
2021-04-21 04:00:00,2284.82,2332.66,2274.0,2295.31,392073.873
2021-04-21 08:00:00,2295.31,2314.29,2238.96,2267.27,535907.781
2021-04-21 12:00:00,2267.27,2449.95,2261.22,2442.08,967158.267
2021-04-21 16:00:00,2442.09,2470.0,2398.71,2438.36,560681.815
2021-04-21 20:00:00,2438.38,2438.8,2339.12,2358.9,591725.839
2021-04-22 00:00:00,2359.41,2452.83,2316.0,2392.26,995591.002
2021-04-22 04:00:00,2392.25,2497.69,2389.29,2472.29,665823.936
2021-04-22 08:00:00,2472.3,2575.0,2414.29,2545.05,1065105.68
2021-04-22 12:00:00,2544.92,2615.0,2541.43,2612.11,975355.473
2021-04-22 16:00:00,2612.1,2645.63,2471.4,2539.48,1438058.302
2021-04-22 20:00:00,2539.6,2539.6,2305.0,2398.94,1558504.264
2021-04-23 00:00:00,2399.2,2443.66,2113.0,2283.55,1941967.523
2021-04-23 04:00:00,2283.55,2289.44,2122.31,2135.44,1498688.825
2021-04-23 08:00:00,2134.85,2315.0,2110.0,2295.48,1198019.54
2021-04-23 12:00:00,2295.47,2339.31,2195.47,2334.27,1010418.599
2021-04-23 16:00:00,2334.31,2366.83,2281.23,2364.31,664297.784
2021-04-23 20:00:00,2364.3,2378.0,2303.4,2368.67,440008.603
2021-04-24 00:00:00,2368.66,2370.04,2230.0,2298.98,665344.689
2021-04-24 04:00:00,2298.98,2329.84,2265.21,2274.8,389036.328
2021-04-24 08:00:00,2274.8,2305.0,2156.58,2179.7,744437.172
2021-04-24 12:00:00,2179.7,2265.0,2165.0,2250.74,727167.476
2021-04-24 16:00:00,2250.74,2290.41,2213.67,2270.28,470816.54
2021-04-24 20:00:00,2270.28,2297.71,2202.53,2215.54,427860.023
2021-04-25 00:00:00,2215.55,2253.0,2183.39,2188.58,477134.347
2021-04-25 04:00:00,2188.58,2211.8,2162.9,2197.25,284473.69
2021-04-25 08:00:00,2197.06,2294.72,2185.59,2287.57,683088.467
2021-04-25 12:00:00,2287.57,2357.0,2280.35,2342.68,622856.987
2021-04-25 16:00:00,2342.68,2356.43,2267.1,2270.44,544828.954
2021-04-25 20:00:00,2270.45,2321.19,2167.71,2320.71,958485.332
2021-04-26 00:00:00,2320.71,2472.8,2303.42,2455.0,938689.995
2021-04-26 04:00:00,2454.99,2489.99,2430.05,2452.1,457991.817
2021-04-26 08:00:00,2452.35,2527.36,2423.41,2518.65,516280.187
2021-04-26 12:00:00,2518.66,2523.0,2471.16,2509.3,473354.722
2021-04-26 16:00:00,2509.3,2534.76,2452.11,2491.61,544844.128
2021-04-26 20:00:00,2491.92,2545.5,2431.0,2534.25,575984.684
2021-04-27 00:00:00,2534.17,2549.96,2481.43,2494.2,307601.44
2021-04-27 04:00:00,2494.2,2568.0,2490.43,2547.14,340784.167
2021-04-27 08:00:00,2547.11,2579.42,2532.5,2574.75,338704.166
2021-04-27 12:00:00,2574.76,2675.28,2532.5,2665.98,787502.89
2021-04-27 16:00:00,2665.68,2683.42,2603.88,2624.56,525699.264
2021-04-27 20:00:00,2624.84,2669.27,2609.9,2668.39,303775.123
2021-04-28 00:00:00,2668.28,2719.99,2630.01,2630.84,542695.571
2021-04-28 04:00:00,2630.84,2652.47,2562.83,2612.86,644572.346
2021-04-28 08:00:00,2612.53,2710.11,2580.0,2693.22,610503.717
2021-04-28 12:00:00,2693.14,2737.64,2659.36,2683.37,801594.162
2021-04-28 16:00:00,2683.29,2745.0,2668.23,2738.05,546893.567
2021-04-28 20:00:00,2738.05,2762.1,2666.0,2748.33,710872.52
2021-04-29 00:00:00,2748.33,2757.64,2686.12,2697.09,361975.393
2021-04-29 04:00:00,2697.09,2737.93,2668.87,2731.84,366460.213
2021-04-29 08:00:00,2731.85,2777.12,2706.3,2762.41,466104.308
2021-04-29 12:00:00,2762.41,2798.0,2742.0,2778.21,636268.513
2021-04-29 16:00:00,2778.19,2787.5,2701.32,2727.73,591070.945
2021-04-29 20:00:00,2727.73,2773.9,2683.66,2759.14,405552.557
2021-04-30 00:00:00,2759.15,2771.28,2727.46,2745.17,284794.439
2021-04-30 04:00:00,2745.17,2794.68,2743.27,2776.99,281648.708
2021-04-30 08:00:00,2777.0,2803.55,2732.01,2741.46,415088.837
2021-04-30 12:00:00,2741.47,2769.8,2726.88,2738.77,478783.488
2021-04-30 16:00:00,2739.0,2786.7,2735.0,2784.5,253947.338
2021-04-30 20:00:00,2784.5,2784.51,2738.03,2773.15,247403.035
2021-05-01 00:00:00,2773.16,2851.94,2754.04,2841.11,402565.65
2021-05-01 04:00:00,2841.29,2873.45,2833.73,2861.85,294915.004
2021-05-01 08:00:00,2861.88,2869.99,2808.42,2859.17,352778.953
2021-05-01 12:00:00,2859.16,2883.18,2841.0,2867.66,380481.19
2021-05-01 16:00:00,2867.63,2946.14,2867.24,2928.77,547546.75
2021-05-01 20:00:00,2928.77,2958.91,2911.1,2947.01,315711.338
2021-05-02 00:00:00,2947.0,2956.11,2899.84,2906.0,324356.977
2021-05-02 04:00:00,2906.01,2930.52,2875.0,2896.5,414585.636
2021-05-02 08:00:00,2896.5,2939.0,2856.7,2938.3,444130.387
2021-05-02 12:00:00,2938.29,2941.52,2904.46,2931.07,279001.037
2021-05-02 16:00:00,2931.07,2979.0,2921.0,2965.56,305660.802
2021-05-02 20:00:00,2965.56,2986.97,2931.17,2950.98,312993.108
2021-05-03 00:00:00,2950.91,3060.51,2950.7,3054.36,562080.126
2021-05-03 04:00:00,3054.37,3149.59,3036.97,3148.77,661329.019
2021-05-03 08:00:00,3148.72,3207.58,3132.0,3155.72,876740.649
2021-05-03 12:00:00,3155.72,3196.0,3092.46,3164.29,791220.443
2021-05-03 16:00:00,3164.31,3341.76,3152.07,3304.53,1257635.989
2021-05-03 20:00:00,3304.52,3459.8,3254.21,3433.36,967974.322
2021-05-04 00:00:00,3433.7,3458.0,3185.35,3238.81,1345576.095
2021-05-04 04:00:00,3238.81,3409.45,3224.93,3319.97,735125.61
2021-05-04 08:00:00,3319.97,3492.0,3279.0,3483.95,988263.346
2021-05-04 12:00:00,3483.95,3529.64,3228.0,3234.0,1847801.138
2021-05-04 16:00:00,3234.31,3415.49,3160.01,3415.49,1281610.342
2021-05-04 20:00:00,3415.49,3429.0,3220.17,3243.67,742207.674
2021-05-05 00:00:00,3243.65,3395.0,3211.0,3302.05,651011.78
2021-05-05 04:00:00,3302.06,3361.46,3224.12,3343.54,568868.465
2021-05-05 08:00:00,3343.55,3415.5,3321.99,3358.9,557578.481
2021-05-05 12:00:00,3358.89,3394.25,3286.04,3311.39,680935.1
2021-05-05 16:00:00,3311.39,3485.75,3283.12,3483.58,795339.078
2021-05-05 20:00:00,3483.58,3552.74,3421.22,3528.49,584899.015
2021-05-06 00:00:00,3528.74,3545.0,3445.0,3474.0,445748.441
2021-05-06 04:00:00,3473.99,3507.0,3380.25,3440.8,387411.786
2021-05-06 08:00:00,3441.34,3534.8,3420.86,3531.34,362616.736
2021-05-06 12:00:00,3531.34,3586.0,3464.13,3556.19,580643.608
2021-05-06 16:00:00,3556.19,3616.0,3402.65,3483.25,920897.698
2021-05-06 20:00:00,3483.26,3542.58,3437.89,3493.16,344592.556
2021-05-07 00:00:00,3493.17,3540.0,3402.0,3428.47,406725.601
2021-05-07 04:00:00,3428.47,3480.0,3355.0,3437.76,391692.768
2021-05-07 08:00:00,3437.86,3480.0,3412.08,3446.23,294107.437
2021-05-07 12:00:00,3446.23,3573.98,3425.42,3563.98,484994.96
2021-05-07 16:00:00,3564.94,3592.0,3502.0,3516.0,421040.681
2021-05-07 20:00:00,3516.0,3529.57,3423.44,3480.98,327610.614
2021-05-08 00:00:00,3480.98,3560.0,3451.74,3537.88,257622.198
2021-05-08 04:00:00,3537.21,3585.96,3511.0,3531.71,275420.603
2021-05-08 08:00:00,3531.71,3590.0,3524.88,3543.75,307693.283
2021-05-08 12:00:00,3543.75,3682.84,3529.2,3636.27,673633.892
2021-05-08 16:00:00,3636.28,3849.58,3636.28,3816.76,915790.813
2021-05-08 20:00:00,3816.73,3964.83,3805.81,3914.47,698693.244
2021-05-09 00:00:00,3914.95,3964.08,3820.58,3874.0,500250.103
2021-05-09 04:00:00,3874.0,3985.55,3824.52,3939.64,571187.236
2021-05-09 08:00:00,3939.62,3970.0,3855.71,3856.8,451630.075
2021-05-09 12:00:00,3856.8,3881.36,3730.0,3878.46,729450.986
2021-05-09 16:00:00,3878.46,3972.45,3849.34,3869.21,561090.375
2021-05-09 20:00:00,3869.21,3947.32,3859.25,3928.01,304629.486
2021-05-10 00:00:00,3927.83,4079.0,3893.12,4060.21,476237.518
2021-05-10 04:00:00,4060.22,4149.19,4035.0,4109.49,609572.91
2021-05-10 08:00:00,4109.17,4177.89,3990.0,4073.94,844291.407
2021-05-10 12:00:00,4073.37,4175.28,4034.0,4160.5,817090.514
2021-05-10 16:00:00,4160.28,4214.92,3971.39,3997.97,838576.485
2021-05-10 20:00:00,3997.98,4060.55,3658.0,3950.33,1466541.048
2021-05-11 00:00:00,3950.32,4032.91,3778.17,3861.99,880894.791
2021-05-11 04:00:00,3862.0,3968.94,3838.52,3962.84,493189.369
2021-05-11 08:00:00,3962.85,4086.0,3907.0,3975.46,567857.098
2021-05-11 12:00:00,3975.45,4038.98,3900.0,4024.1,651959.306
2021-05-11 16:00:00,4024.41,4100.0,3990.53,4070.27,418810.19
2021-05-11 20:00:00,4070.28,4183.52,4046.29,4175.91,381768.533
2021-05-12 00:00:00,4175.85,4359.85,4150.44,4338.41,553949.341
2021-05-12 04:00:00,4338.41,4375.0,4282.0,4311.63,509037.48
2021-05-12 08:00:00,4311.63,4327.26,4226.0,4279.63,463782.027
2021-05-12 12:00:00,4279.61,4379.18,4141.39,4196.5,803950.299
2021-05-12 16:00:00,4196.46,4222.01,3940.0,4085.65,1217596.465
2021-05-12 20:00:00,4085.71,4247.04,3723.43,3828.99,1379686.455
2021-05-13 00:00:00,3829.89,4036.45,3491.53,3943.95,1270209.798
2021-05-13 04:00:00,3943.94,4027.19,3890.03,3971.13,405893.177
2021-05-13 08:00:00,3971.13,3991.24,3603.0,3746.77,1424805.155
2021-05-13 12:00:00,3746.77,3898.63,3703.35,3750.93,902609.13
2021-05-13 16:00:00,3750.89,3876.61,3546.88,3654.12,1317302.683
2021-05-13 20:00:00,3653.73,3784.85,3610.0,3719.45,531379.87
2021-05-14 00:00:00,3719.44,3900.0,3692.99,3792.39,525282.091
2021-05-14 04:00:00,3792.1,3891.3,3756.16,3884.89,382735.212
2021-05-14 08:00:00,3884.89,4032.05,3861.77,4001.21,527248.564
2021-05-14 12:00:00,4001.21,4166.28,3954.57,4132.09,657129.028
2021-05-14 16:00:00,4132.1,4175.0,4046.87,4052.11,527093.565
2021-05-14 20:00:00,4052.39,4109.04,3975.15,4079.99,444037.832
2021-05-15 00:00:00,4079.98,4137.21,4015.36,4029.54,402531.027
2021-05-15 04:00:00,4029.55,4063.54,3897.01,3913.39,490324.664
2021-05-15 08:00:00,3913.4,3967.0,3804.05,3907.69,666162.262
2021-05-15 12:00:00,3907.68,3937.8,3831.0,3877.83,463304.903
2021-05-15 16:00:00,3877.83,3878.99,3655.0,3758.74,801480.376
2021-05-15 20:00:00,3758.72,3832.83,3634.44,3648.98,497446.975
2021-05-16 00:00:00,3649.01,3856.0,3624.11,3829.71,489891.139
2021-05-16 04:00:00,3829.71,3882.76,3776.0,3869.17,290502.289
2021-05-16 08:00:00,3869.17,3870.94,3789.29,3793.57,301821.803
2021-05-16 12:00:00,3793.56,3807.9,3632.94,3636.5,623502.998
2021-05-16 16:00:00,3637.06,3675.94,3348.0,3423.77,1570832.423
2021-05-16 20:00:00,3423.81,3589.0,3353.6,3581.39,947387.506
2021-05-17 00:00:00,3581.39,3587.0,3213.89,3247.02,1026558.573
2021-05-17 04:00:00,3247.12,3528.84,3125.0,3521.13,1333973.775
2021-05-17 08:00:00,3520.98,3578.75,3432.22,3521.0,697685.258
2021-05-17 12:00:00,3521.87,3548.95,3271.6,3290.32,756927.514
2021-05-17 16:00:00,3290.65,3403.79,3125.62,3382.47,1179801.146
2021-05-17 20:00:00,3382.57,3454.65,3192.84,3283.58,750340.334
2021-05-18 00:00:00,3283.23,3421.53,3240.06,3385.99,497130.138
2021-05-18 04:00:00,3386.0,3559.55,3381.02,3513.89,587005.261
2021-05-18 08:00:00,3513.82,3570.27,3437.0,3538.74,446908.934
2021-05-18 12:00:00,3538.74,3545.0,3260.0,3346.93,1175559.538
2021-05-18 16:00:00,3346.94,3440.0,3311.54,3404.06,689965.527
2021-05-18 20:00:00,3403.91,3466.7,3325.0,3376.35,445673.872
2021-05-19 00:00:00,3377.03,3446.24,3059.62,3103.42,1120021.425
2021-05-19 04:00:00,3103.72,3139.34,2856.64,2985.31,1819029.398
2021-05-19 08:00:00,2985.29,3009.37,2432.0,2723.82,2048185.974
2021-05-19 12:00:00,2724.63,2780.0,1400.73,2750.7,2681349.622
2021-05-19 16:00:00,2750.43,2927.91,2558.15,2603.57,1475111.604
2021-05-19 20:00:00,2603.48,2718.07,2426.39,2442.98,1000719.205
2021-05-20 00:00:00,2444.02,2547.58,2150.0,2472.68,1558526.563
2021-05-20 04:00:00,2472.49,2780.24,2455.49,2711.74,920218.579
2021-05-20 08:00:00,2711.9,2760.43,2569.13,2754.57,800373.579
2021-05-20 12:00:00,2754.94,2990.85,2708.39,2904.7,1019949.268
2021-05-20 16:00:00,2904.71,2907.61,2580.0,2782.8,1266134.35
2021-05-20 20:00:00,2782.11,2863.38,2713.48,2768.42,532054.401
2021-05-21 00:00:00,2768.42,2940.0,2761.64,2789.91,484448.027
2021-05-21 04:00:00,2789.91,2807.24,2679.01,2687.3,547460.821
2021-05-21 08:00:00,2687.51,2785.8,2623.98,2712.18,627087.726
2021-05-21 12:00:00,2712.17,2762.34,2374.14,2422.59,1668655.712
2021-05-21 16:00:00,2422.59,2523.37,2308.18,2351.42,1364650.228
2021-05-21 20:00:00,2351.42,2438.0,2097.99,2431.01,1349281.673
2021-05-22 00:00:00,2431.24,2485.0,2306.54,2331.5,674031.111
2021-05-22 04:00:00,2331.5,2354.45,2151.63,2249.37,1042550.014
2021-05-22 08:00:00,2249.21,2479.0,2246.39,2415.73,951899.311
2021-05-22 12:00:00,2415.94,2489.65,2291.0,2367.85,865172.858
2021-05-22 16:00:00,2368.4,2399.0,2251.83,2255.68,580179.163
2021-05-22 20:00:00,2255.75,2385.5,2254.39,2295.15,450987.064
2021-05-23 00:00:00,2295.46,2383.41,2251.28,2318.74,508564.496
2021-05-23 04:00:00,2318.74,2318.74,2127.2,2158.08,720775.169
2021-05-23 08:00:00,2158.23,2172.9,1984.55,2115.07,1724886.216
2021-05-23 12:00:00,2115.07,2139.0,1864.88,1925.2,2042482.638
2021-05-23 16:00:00,1925.21,2000.0,1728.85,1967.04,1961553.793
2021-05-23 20:00:00,1967.04,2149.73,1966.71,2096.63,839407.324
2021-05-24 00:00:00,2096.62,2198.64,2079.0,2141.55,748257.904
2021-05-24 04:00:00,2141.55,2296.25,2082.56,2289.45,766258.49
2021-05-24 08:00:00,2289.42,2376.0,2222.29,2366.71,948920.513
2021-05-24 12:00:00,2366.7,2529.0,2340.0,2508.87,1330094.657
2021-05-24 16:00:00,2508.57,2665.0,2415.51,2651.37,1069516.831
2021-05-24 20:00:00,2651.22,2675.0,2530.0,2649.27,851217.881
2021-05-25 00:00:00,2649.49,2750.0,2538.03,2584.01,934108.643
2021-05-25 04:00:00,2584.01,2684.2,2520.66,2660.66,685086.776
2021-05-25 08:00:00,2660.67,2675.59,2380.6,2393.88,1055122.195
2021-05-25 12:00:00,2393.61,2648.84,2381.05,2610.51,1359391.723
2021-05-25 16:00:00,2610.1,2625.0,2481.59,2512.26,696504.503
2021-05-25 20:00:00,2512.26,2737.32,2504.98,2706.83,592259.103
2021-05-26 00:00:00,2706.82,2846.37,2642.87,2839.5,664354.446
2021-05-26 04:00:00,2839.74,2899.49,2771.9,2890.33,600870.576
2021-05-26 08:00:00,2890.34,2913.0,2777.0,2834.37,713087.642
2021-05-26 12:00:00,2834.36,2869.43,2687.33,2747.3,919754.135
2021-05-26 16:00:00,2747.29,2795.29,2666.0,2741.23,740057.167
2021-05-26 20:00:00,2741.17,2887.42,2723.89,2884.27,413987.833
2021-05-27 00:00:00,2884.16,2893.03,2634.0,2681.03,843705.661
2021-05-27 04:00:00,2681.16,2758.58,2646.39,2736.14,552713.755
2021-05-27 08:00:00,2736.14,2845.0,2684.0,2828.05,588134.988
2021-05-27 12:00:00,2828.04,2871.27,2776.38,2806.25,604354.788
2021-05-27 16:00:00,2806.25,2817.26,2735.18,2758.88,433550.652
2021-05-27 20:00:00,2758.68,2796.84,2701.18,2742.77,419030.09
2021-05-28 00:00:00,2742.77,2763.57,2666.0,2716.6,409584.951
2021-05-28 04:00:00,2716.49,2716.49,2512.18,2566.73,853455.125
2021-05-28 08:00:00,2566.69,2585.0,2419.57,2437.11,1104949.411
2021-05-28 12:00:00,2437.11,2618.4,2422.0,2558.22,957434.646
2021-05-28 16:00:00,2558.19,2573.18,2455.82,2500.13,716565.565
2021-05-28 20:00:00,2500.13,2526.29,2324.48,2411.66,691077.033
2021-05-29 00:00:00,2411.65,2549.25,2394.73,2527.04,553666.721
2021-05-29 04:00:00,2527.04,2577.04,2463.72,2489.5,596797.227
2021-05-29 08:00:00,2489.34,2497.32,2375.0,2449.95,728684.868
2021-05-29 12:00:00,2449.95,2451.14,2284.49,2329.16,1029085.982
2021-05-29 16:00:00,2329.16,2388.9,2220.08,2248.69,960119.521
2021-05-29 20:00:00,2248.7,2323.0,2208.04,2277.99,599668.745
2021-05-30 00:00:00,2277.99,2310.0,2179.13,2296.3,695059.342
2021-05-30 04:00:00,2296.55,2464.1,2275.67,2451.39,751389.733
2021-05-30 08:00:00,2451.37,2476.83,2376.0,2462.35,661735.541
2021-05-30 12:00:00,2462.72,2470.0,2340.0,2382.46,671731.22
2021-05-30 16:00:00,2382.46,2464.95,2364.14,2443.1,506945.962
2021-05-30 20:00:00,2443.09,2461.0,2377.55,2386.11,356122.568
2021-05-31 00:00:00,2386.11,2415.0,2271.46,2300.29,705279.111
2021-05-31 04:00:00,2300.3,2455.5,2281.0,2450.37,686089.99
2021-05-31 08:00:00,2450.44,2586.73,2425.35,2552.0,895881.853
2021-05-31 12:00:00,2552.21,2646.62,2511.0,2637.94,881135.097
2021-05-31 16:00:00,2637.94,2678.78,2573.5,2627.5,605761.682
2021-05-31 20:00:00,2627.73,2721.51,2593.25,2706.33,429772.68
2021-06-01 00:00:00,2706.46,2741.45,2612.77,2631.5,603190.008
2021-06-01 04:00:00,2631.25,2718.03,2616.0,2652.36,495352.796
2021-06-01 08:00:00,2652.35,2672.49,2546.05,2624.15,827919.252
2021-06-01 12:00:00,2624.14,2669.08,2523.82,2567.57,1005498.99
2021-06-01 16:00:00,2567.57,2589.0,2527.02,2542.87,465192.295
2021-06-01 20:00:00,2542.55,2652.96,2535.04,2634.63,382831.929
2021-06-02 00:00:00,2634.61,2651.15,2551.03,2616.1,460288.487
2021-06-02 04:00:00,2616.09,2711.38,2608.56,2694.41,490149.927
2021-06-02 08:00:00,2694.4,2723.27,2661.0,2695.34,573434.839
2021-06-02 12:00:00,2695.33,2799.0,2681.04,2791.01,689334.558
2021-06-02 16:00:00,2791.01,2804.04,2742.0,2759.03,432223.248
2021-06-02 20:00:00,2759.03,2765.0,2673.0,2707.22,381466.762
2021-06-03 00:00:00,2707.03,2728.81,2662.0,2725.18,414245.003
2021-06-03 04:00:00,2725.19,2850.0,2722.65,2820.83,698900.5
2021-06-03 08:00:00,2820.83,2892.23,2800.41,2808.22,804074.963
2021-06-03 12:00:00,2808.26,2844.9,2762.61,2789.34,879356.687
2021-06-03 16:00:00,2789.46,2853.86,2779.03,2794.19,428990.33
2021-06-03 20:00:00,2794.2,2873.47,2790.35,2858.34,335545.752
2021-06-04 00:00:00,2858.34,2861.53,2681.0,2753.0,772058.282
2021-06-04 04:00:00,2753.01,2764.52,2588.38,2620.93,972506.593
2021-06-04 08:00:00,2620.94,2665.0,2585.0,2624.99,714861.413
2021-06-04 12:00:00,2625.0,2673.44,2540.61,2656.51,990563.274
2021-06-04 16:00:00,2656.54,2712.97,2649.08,2679.04,472773.96
2021-06-04 20:00:00,2679.16,2738.6,2648.47,2689.21,421063.36
2021-06-05 00:00:00,2689.41,2782.22,2673.6,2762.28,462060.062
2021-06-05 04:00:00,2762.28,2813.16,2752.41,2781.15,429698.794
2021-06-05 08:00:00,2781.12,2817.43,2622.0,2640.25,1016804.352
2021-06-05 12:00:00,2640.34,2664.45,2580.5,2654.06,959340.262
2021-06-05 16:00:00,2654.06,2654.96,2595.53,2601.2,454120.006
2021-06-05 20:00:00,2601.21,2646.45,2550.77,2627.45,554352.164
2021-06-06 00:00:00,2627.44,2694.0,2613.11,2673.41,441037.319
2021-06-06 04:00:00,2673.39,2709.19,2646.74,2688.93,413847.985
2021-06-06 08:00:00,2688.93,2744.0,2687.3,2690.5,549809.727
2021-06-06 12:00:00,2690.5,2733.31,2652.0,2719.96,620226.983
2021-06-06 16:00:00,2719.96,2737.94,2671.0,2673.12,337184.587
2021-06-06 20:00:00,2673.12,2719.51,2664.65,2711.4,357235.284
2021-06-07 00:00:00,2711.3,2799.0,2690.09,2767.46,558582.371
2021-06-07 04:00:00,2767.46,2799.06,2733.8,2764.28,444993.749
2021-06-07 08:00:00,2764.29,2838.0,2745.0,2812.61,590667.801
2021-06-07 12:00:00,2812.85,2849.65,2752.0,2783.12,765399.893
2021-06-07 16:00:00,2783.11,2789.75,2673.67,2729.3,760598.742
2021-06-07 20:00:00,2729.29,2740.48,2569.3,2592.96,1055013.145
2021-06-08 00:00:00,2592.51,2621.27,2425.34,2490.04,1264501.419
2021-06-08 04:00:00,2490.03,2529.12,2433.11,2513.99,1096077.807
2021-06-08 08:00:00,2514.0,2558.0,2467.61,2531.57,972122.35
2021-06-08 12:00:00,2531.57,2538.67,2305.5,2374.74,1668149.328
2021-06-08 16:00:00,2374.67,2510.0,2356.06,2500.04,995820.602
2021-06-08 20:00:00,2500.13,2550.0,2482.12,2506.19,571222.58
2021-06-09 00:00:00,2506.13,2524.76,2413.46,2454.36,758331.522
2021-06-09 04:00:00,2454.35,2541.21,2404.01,2503.1,881169.592
2021-06-09 08:00:00,2502.96,2546.39,2466.01,2534.44,847674.321
2021-06-09 12:00:00,2534.51,2579.7,2443.54,2565.75,1377381.228
2021-06-09 16:00:00,2565.75,2627.38,2547.0,2562.06,867053.159
2021-06-09 20:00:00,2562.19,2625.79,2547.41,2610.2,396378.466
2021-06-10 00:00:00,2610.2,2624.79,2560.1,2562.56,393940.366
2021-06-10 04:00:00,2562.6,2575.56,2512.0,2547.14,434460.659
2021-06-10 08:00:00,2547.13,2605.0,2492.0,2565.25,730585.673
2021-06-10 12:00:00,2565.22,2570.0,2495.0,2511.75,682696.606
2021-06-10 16:00:00,2511.7,2523.89,2446.2,2457.71,565263.738
2021-06-10 20:00:00,2457.7,2495.0,2423.36,2471.11,344682.273
2021-06-11 00:00:00,2471.05,2497.94,2401.07,2465.02,521608.234
2021-06-11 04:00:00,2465.01,2489.75,2414.6,2444.81,429091.183
2021-06-11 08:00:00,2444.89,2485.0,2437.96,2468.92,444070.04
2021-06-11 12:00:00,2468.93,2479.44,2410.0,2415.76,481993.575
2021-06-11 16:00:00,2415.78,2430.46,2365.55,2397.77,561072.679
2021-06-11 20:00:00,2397.7,2411.08,2320.0,2354.25,494506.625
2021-06-12 00:00:00,2354.25,2365.89,2255.42,2300.48,796147.086
2021-06-12 04:00:00,2300.48,2324.68,2275.48,2320.72,492538.661
2021-06-12 08:00:00,2320.72,2397.65,2298.36,2388.14,689124.69
2021-06-12 12:00:00,2388.05,2452.79,2380.51,2392.49,732522.716
2021-06-12 16:00:00,2392.39,2427.04,2381.0,2409.78,370279.043
2021-06-12 20:00:00,2409.78,2422.75,2362.4,2370.59,268572.59
2021-06-13 00:00:00,2370.61,2420.01,2321.0,2333.1,496285.988
2021-06-13 04:00:00,2333.1,2347.02,2307.41,2323.53,425681.548
2021-06-13 08:00:00,2323.56,2378.66,2319.47,2362.08,466371.763
2021-06-13 12:00:00,2362.0,2382.56,2327.11,2350.29,397719.615
2021-06-13 16:00:00,2350.16,2444.75,2342.87,2429.18,551136.069
2021-06-13 20:00:00,2429.17,2548.0,2427.73,2508.71,662676.772
2021-06-14 00:00:00,2508.56,2525.36,2465.89,2478.13,409525.829
2021-06-14 04:00:00,2478.25,2513.12,2468.91,2499.14,319344.222
2021-06-14 08:00:00,2499.17,2501.0,2460.0,2478.46,312497.05
2021-06-14 12:00:00,2478.45,2579.34,2470.0,2575.74,669958.828
2021-06-14 16:00:00,2575.74,2608.53,2519.9,2538.53,637703.726
2021-06-14 20:00:00,2538.54,2584.0,2531.42,2579.82,243615.697
2021-06-15 00:00:00,2579.8,2624.26,2565.0,2585.41,426475.666
2021-06-15 04:00:00,2585.42,2639.99,2579.22,2621.5,441085.42
2021-06-15 08:00:00,2621.5,2624.0,2561.93,2576.96,470560.344
2021-06-15 12:00:00,2577.08,2606.44,2528.0,2551.07,477020.93
2021-06-15 16:00:00,2551.09,2616.18,2523.0,2530.98,475461.449
2021-06-15 20:00:00,2530.98,2567.0,2506.81,2544.17,318969.177
2021-06-16 00:00:00,2544.28,2544.89,2500.02,2521.02,331531.944
2021-06-16 04:00:00,2521.02,2557.54,2511.7,2527.69,285713.619
2021-06-16 08:00:00,2527.68,2543.0,2458.2,2460.65,479013.691
2021-06-16 12:00:00,2460.65,2468.0,2405.56,2415.99,585204.162
2021-06-16 16:00:00,2415.96,2459.0,2372.0,2418.03,723058.951
2021-06-16 20:00:00,2418.03,2423.48,2350.0,2366.84,311233.422
2021-06-17 00:00:00,2366.84,2438.95,2357.71,2433.31,353949.37
2021-06-17 04:00:00,2433.31,2459.77,2411.0,2439.81,356016.785
2021-06-17 08:00:00,2439.92,2454.8,2421.82,2424.43,359922.901
2021-06-17 12:00:00,2424.42,2426.33,2362.34,2416.03,630804.237
2021-06-17 16:00:00,2416.04,2425.0,2304.15,2338.7,748602.566
2021-06-17 20:00:00,2338.71,2380.73,2319.0,2372.51,355961.911
2021-06-18 00:00:00,2372.5,2376.94,2310.64,2340.72,385044.775
2021-06-18 04:00:00,2340.72,2368.29,2322.0,2340.77,331100.557
2021-06-18 08:00:00,2340.77,2357.91,2277.0,2318.88,691863.442
2021-06-18 12:00:00,2318.9,2325.18,2210.0,2215.0,956279.766
2021-06-18 16:00:00,2215.01,2244.98,2135.04,2152.79,900142.936
2021-06-18 20:00:00,2152.79,2235.0,2149.02,2231.68,518937.222
2021-06-19 00:00:00,2231.68,2253.77,2166.61,2187.27,529541.496
2021-06-19 04:00:00,2187.26,2248.48,2178.0,2244.85,538172.354
2021-06-19 08:00:00,2244.67,2259.0,2217.02,2240.15,423639.897
2021-06-19 12:00:00,2239.91,2280.0,2218.02,2245.58,601187.264
2021-06-19 16:00:00,2245.36,2253.47,2186.84,2220.53,472207.703
2021-06-19 20:00:00,2220.63,2228.6,2160.0,2163.36,340285.398
2021-06-20 00:00:00,2163.36,2194.7,2140.85,2182.4,443346.904
2021-06-20 04:00:00,2182.4,2219.0,2178.42,2203.23,358343.993
2021-06-20 08:00:00,2203.24,2209.93,2057.0,2072.59,1071657.328
2021-06-20 12:00:00,2072.6,2124.91,2038.94,2109.07,1001042.348
2021-06-20 16:00:00,2109.08,2245.12,2100.57,2222.15,648824.895
2021-06-20 20:00:00,2222.19,2277.0,2214.88,2242.7,594227.905
2021-06-21 00:00:00,2242.7,2259.27,2155.0,2156.7,537166.135
2021-06-21 04:00:00,2156.7,2162.13,1968.48,2011.78,2173334.88
2021-06-21 08:00:00,2011.9,2056.0,1890.26,1969.02,2324215.082
2021-06-21 12:00:00,1968.68,2022.83,1912.7,1982.82,1482315.414
2021-06-21 16:00:00,1982.81,1999.95,1908.16,1942.56,961012.792
2021-06-21 20:00:00,1942.56,1956.31,1864.36,1884.77,930199.455
2021-06-22 00:00:00,1884.75,1997.8,1858.0,1974.69,998751.485
2021-06-22 04:00:00,1974.46,1980.0,1925.52,1943.6,484325.994
2021-06-22 08:00:00,1943.6,1945.35,1852.88,1866.03,1378306.346
2021-06-22 12:00:00,1866.09,1890.0,1698.64,1858.56,2916451.47
2021-06-22 16:00:00,1858.58,1953.77,1850.0,1895.26,1254646.177
2021-06-22 20:00:00,1895.26,1934.64,1846.79,1878.46,597061.893
2021-06-23 00:00:00,1878.46,2032.54,1820.3,2010.89,1071281.873
2021-06-23 04:00:00,2011.06,2044.35,1986.08,2004.78,611557.12
2021-06-23 08:00:00,2004.78,2023.9,1964.89,1990.38,611034.415
2021-06-23 12:00:00,1990.28,2040.98,1965.84,1974.5,725984.487
2021-06-23 16:00:00,1974.35,2001.1,1914.5,1915.34,602656.405
2021-06-23 20:00:00,1915.31,1973.71,1907.21,1966.51,448721.962
2021-06-24 00:00:00,1966.48,1981.32,1883.47,1904.01,587475.422
2021-06-24 04:00:00,1904.0,1942.9,1894.68,1919.31,437902.383
2021-06-24 08:00:00,1919.31,1969.5,1915.22,1964.99,487605.541
2021-06-24 12:00:00,1965.03,2018.71,1957.0,1985.21,684640.798
2021-06-24 16:00:00,1985.21,2036.0,1973.0,2011.5,540468.932
2021-06-24 20:00:00,2011.5,2019.68,1970.0,1989.5,331124.952
2021-06-25 00:00:00,1989.5,2020.0,1961.0,1994.87,554330.553
2021-06-25 04:00:00,1994.88,2000.42,1925.65,1942.81,522639.924
2021-06-25 08:00:00,1942.88,1947.0,1847.92,1852.84,827982.22
2021-06-25 12:00:00,1852.72,1879.5,1790.0,1825.23,1228466.152
2021-06-25 16:00:00,1825.21,1868.92,1790.0,1850.92,1059825.069
2021-06-25 20:00:00,1850.97,1868.4,1798.42,1808.0,614365.529
2021-06-26 00:00:00,1808.0,1840.52,1792.0,1818.33,584696.408
2021-06-26 04:00:00,1818.36,1852.95,1742.76,1750.39,829794.304
2021-06-26 08:00:00,1750.38,1809.97,1715.0,1800.4,1107155.836
2021-06-26 12:00:00,1800.41,1813.69,1726.14,1778.02,998125.196
2021-06-26 16:00:00,1778.08,1799.14,1726.86,1784.43,641956.275
2021-06-26 20:00:00,1784.43,1835.0,1750.38,1828.88,385714.881
2021-06-27 00:00:00,1828.86,1888.0,1810.52,1881.22,707758.641
2021-06-27 04:00:00,1881.32,1893.95,1843.4,1865.39,524315.029
2021-06-27 08:00:00,1865.4,1874.4,1810.0,1837.58,657716.008
2021-06-27 12:00:00,1837.58,1865.0,1821.72,1842.97,565360.931
2021-06-27 16:00:00,1843.04,1852.15,1805.0,1821.56,392882.262
2021-06-27 20:00:00,1821.46,1984.61,1810.37,1980.83,795051.764
2021-06-28 00:00:00,1981.0,1996.0,1960.31,1967.18,559664.458
2021-06-28 04:00:00,1967.19,2054.61,1963.5,2047.34,732624.361
2021-06-28 08:00:00,2047.35,2083.63,1975.45,1998.86,1089431.829
2021-06-28 12:00:00,1998.86,2117.42,1985.03,2114.89,1056104.451
2021-06-28 16:00:00,2114.95,2146.91,2070.2,2113.88,1058498.68
2021-06-28 20:00:00,2113.88,2143.17,2060.45,2083.56,589413.43
2021-06-29 00:00:00,2083.55,2139.97,2073.0,2103.26,612911.776
2021-06-29 04:00:00,2103.26,2170.0,2096.81,2129.45,767776.162
2021-06-29 08:00:00,2129.46,2188.0,2111.94,2174.03,872889.15
2021-06-29 12:00:00,2174.03,2235.42,2153.84,2216.61,975095.919
2021-06-29 16:00:00,2216.76,2244.33,2201.25,2220.8,491412.284
2021-06-29 20:00:00,2220.8,2229.42,2155.12,2165.15,529769.077
2021-06-30 00:00:00,2165.03,2186.45,2119.6,2126.75,590507.353
2021-06-30 04:00:00,2126.85,2168.23,2087.23,2160.57,776160.15
2021-06-30 08:00:00,2160.57,2166.49,2104.47,2155.64,777888.213
2021-06-30 12:00:00,2155.9,2164.0,2090.82,2103.18,739773.65
2021-06-30 16:00:00,2103.18,2251.98,2093.59,2242.52,827869.715
2021-06-30 20:00:00,2242.46,2290.0,2221.58,2275.0,862241.115
2021-07-01 00:00:00,2274.99,2275.68,2182.0,2185.4,657077.137
2021-07-01 04:00:00,2185.4,2234.6,2126.13,2128.09,774104.502
2021-07-01 08:00:00,2128.1,2144.2,2088.0,2137.74,916372.178
2021-07-01 12:00:00,2137.6,2145.0,2066.0,2117.51,984076.153
2021-07-01 16:00:00,2117.53,2128.66,2071.74,2098.75,698690.012
2021-07-01 20:00:00,2098.91,2140.0,2098.9,2105.24,439063.046
2021-07-02 00:00:00,2105.23,2139.0,2033.0,2040.09,672762.289
2021-07-02 04:00:00,2040.11,2068.57,2016.95,2058.99,626123.607
2021-07-02 08:00:00,2059.0,2079.0,2016.43,2038.0,775437.423
2021-07-02 12:00:00,2038.0,2128.0,2029.67,2123.46,921103.998
2021-07-02 16:00:00,2122.98,2124.05,2081.66,2102.36,472078.332
2021-07-02 20:00:00,2102.36,2160.0,2080.25,2152.64,422050.219
2021-07-03 00:00:00,2152.64,2166.91,2112.03,2130.92,441141.139
2021-07-03 04:00:00,2130.85,2207.83,2124.14,2194.94,573038.338
2021-07-03 08:00:00,2194.49,2224.0,2185.23,2212.5,610454.48
2021-07-03 12:00:00,2212.5,2239.0,2205.7,2224.52,535335.119
2021-07-03 16:00:00,2224.52,2237.41,2208.0,2224.07,355284.777
2021-07-03 20:00:00,2224.07,2234.37,2186.0,2226.63,450551.212
2021-07-04 00:00:00,2226.71,2231.11,2188.0,2209.06,392438.646
2021-07-04 04:00:00,2209.06,2348.0,2208.18,2333.39,856383.408
2021-07-04 08:00:00,2333.5,2345.65,2310.0,2329.61,451790.882
2021-07-04 12:00:00,2329.61,2331.95,2305.15,2329.68,346344.568
2021-07-04 16:00:00,2329.69,2375.0,2325.23,2355.22,569609.762
2021-07-04 20:00:00,2355.23,2390.0,2300.1,2321.95,584236.692
2021-07-05 00:00:00,2322.13,2324.22,2242.0,2263.58,779245.215
2021-07-05 04:00:00,2263.73,2292.99,2250.0,2272.38,669441.046
2021-07-05 08:00:00,2272.39,2307.0,2174.88,2194.58,971188.416
2021-07-05 12:00:00,2194.52,2233.75,2184.04,2206.0,733451.78
2021-07-05 16:00:00,2206.02,2249.99,2155.04,2243.81,856165.117
2021-07-05 20:00:00,2243.82,2255.0,2192.0,2195.38,487108.059
2021-07-06 00:00:00,2195.38,2249.0,2191.24,2235.94,469642.177
2021-07-06 04:00:00,2235.94,2344.0,2235.47,2336.18,806068.627
2021-07-06 08:00:00,2336.18,2349.92,2253.6,2292.51,1156525.755
2021-07-06 12:00:00,2292.32,2340.0,2276.54,2304.92,887525.744
2021-07-06 16:00:00,2304.93,2335.11,2283.01,2326.65,549462.441
2021-07-06 20:00:00,2326.65,2333.21,2270.0,2322.04,327875.706
2021-07-07 00:00:00,2321.82,2343.96,2292.94,2337.05,547464.136
2021-07-07 04:00:00,2337.04,2410.0,2327.91,2376.62,758970.669
2021-07-07 08:00:00,2376.62,2399.22,2361.55,2383.6,490115.177
2021-07-07 12:00:00,2383.61,2398.11,2325.22,2341.86,597259.583
2021-07-07 16:00:00,2341.86,2370.0,2330.0,2364.58,324165.447
2021-07-07 20:00:00,2364.59,2366.97,2304.35,2314.65,395907.662
2021-07-08 00:00:00,2314.64,2326.58,2235.0,2253.28,683075.08
2021-07-08 04:00:00,2253.26,2253.26,2162.4,2180.97,885433.543
2021-07-08 08:00:00,2180.89,2193.0,2123.42,2168.3,909196.391
2021-07-08 12:00:00,2168.32,2178.19,2130.0,2172.73,710508.034
2021-07-08 16:00:00,2172.66,2179.7,2133.69,2156.8,460938.926
2021-07-08 20:00:00,2156.78,2160.04,2082.07,2114.88,505153.434
2021-07-09 00:00:00,2114.81,2133.37,2045.0,2119.79,892775.551
2021-07-09 04:00:00,2119.8,2159.1,2105.0,2125.74,647115.771
2021-07-09 08:00:00,2125.72,2126.44,2070.42,2080.19,655948.062
2021-07-09 12:00:00,2080.27,2189.27,2063.3,2171.8,1110284.937
2021-07-09 16:00:00,2171.84,2183.84,2121.02,2133.46,518595.262
2021-07-09 20:00:00,2133.46,2169.61,2123.0,2147.53,342127.714
2021-07-10 00:00:00,2147.4,2195.0,2122.12,2134.2,495861.113
2021-07-10 04:00:00,2134.2,2142.93,2094.77,2121.7,494953.862
2021-07-10 08:00:00,2121.77,2138.62,2085.0,2109.35,493697.403
2021-07-10 12:00:00,2109.23,2128.0,2091.36,2118.5,376127.079
2021-07-10 16:00:00,2118.45,2160.0,2073.0,2093.14,649871.028
2021-07-10 20:00:00,2093.14,2129.99,2076.45,2111.14,292862.495
2021-07-11 00:00:00,2111.14,2139.47,2083.07,2090.12,349758.569
2021-07-11 04:00:00,2090.14,2107.77,2080.0,2099.22,302770.847
2021-07-11 08:00:00,2099.22,2135.37,2090.4,2128.86,432844.217
2021-07-11 12:00:00,2128.87,2150.7,2112.0,2144.75,406839.229
2021-07-11 16:00:00,2144.83,2155.55,2126.8,2134.61,286599.816
2021-07-11 20:00:00,2134.61,2175.0,2123.36,2140.27,375903.519
2021-07-12 00:00:00,2140.26,2167.95,2125.36,2163.15,318695.838
2021-07-12 04:00:00,2163.15,2167.8,2139.5,2145.73,316814.849
2021-07-12 08:00:00,2145.6,2157.0,2100.54,2100.79,486537.589
2021-07-12 12:00:00,2100.79,2111.44,2082.3,2086.8,474237.174
2021-07-12 16:00:00,2086.85,2097.0,2003.4,2019.87,970484.307
2021-07-12 20:00:00,2019.85,2042.74,2008.71,2030.85,374889.616
2021-07-13 00:00:00,2030.78,2044.2,2012.78,2028.13,330994.904
2021-07-13 04:00:00,2028.13,2034.0,1975.0,2026.69,750818.534
2021-07-13 08:00:00,2026.68,2048.97,1992.1,1996.26,632964.924
2021-07-13 12:00:00,1996.26,2008.99,1960.0,1997.8,817163.199
2021-07-13 16:00:00,1997.79,2007.64,1916.0,1923.63,677261.3
2021-07-13 20:00:00,1923.63,1957.5,1918.24,1940.32,432414.878
2021-07-14 00:00:00,1940.31,1945.89,1862.32,1883.36,847253.581
2021-07-14 04:00:00,1883.44,1906.44,1863.89,1898.0,611014.183
2021-07-14 08:00:00,1898.0,1958.31,1870.11,1947.75,906075.448
2021-07-14 12:00:00,1947.75,2018.55,1937.42,1995.03,1004699.11
2021-07-14 16:00:00,1995.02,2013.99,1970.92,1979.48,590452.73
2021-07-14 20:00:00,1979.49,2009.39,1979.33,1993.82,315267.857
2021-07-15 00:00:00,1993.82,2042.1,1972.01,1977.91,642880.091
2021-07-15 04:00:00,1977.92,1984.42,1942.2,1953.67,548080.45
2021-07-15 08:00:00,1953.61,1978.0,1903.98,1912.84,815061.423
2021-07-15 12:00:00,1912.83,1940.0,1882.38,1913.32,922337.781
2021-07-15 16:00:00,1913.32,1929.0,1880.29,1917.26,656340.778
2021-07-15 20:00:00,1917.26,1936.0,1900.0,1919.35,306961.733
2021-07-16 00:00:00,1919.36,1958.45,1895.28,1948.65,527530.794
2021-07-16 04:00:00,1948.66,1965.85,1896.34,1912.32,517772.878
2021-07-16 08:00:00,1912.32,1913.62,1846.0,1851.68,847059.121
2021-07-16 12:00:00,1851.68,1933.85,1850.0,1933.74,1005964.076
2021-07-16 16:00:00,1933.76,1940.0,1903.67,1913.29,524740.12
2021-07-16 20:00:00,1913.3,1920.58,1869.63,1876.1,374764.447
2021-07-17 00:00:00,1876.09,1900.0,1856.66,1866.71,575681.214
2021-07-17 04:00:00,1866.72,1894.65,1860.95,1877.18,354695.382
2021-07-17 08:00:00,1877.18,1910.0,1841.0,1863.43,813396.813
2021-07-17 12:00:00,1863.48,1895.0,1858.45,1885.86,588336.608
2021-07-17 16:00:00,1885.88,1919.0,1879.07,1907.47,564938.054
2021-07-17 20:00:00,1907.46,1915.0,1887.6,1898.55,271996.774
2021-07-18 00:00:00,1898.55,1994.26,1896.16,1980.99,803286.074
2021-07-18 04:00:00,1981.0,1990.0,1953.0,1958.54,477701.073
2021-07-18 08:00:00,1958.38,1974.2,1950.0,1965.56,386579.187
2021-07-18 12:00:00,1965.4,1973.38,1879.04,1889.65,783307.777
2021-07-18 16:00:00,1889.64,1910.0,1875.0,1900.48,444353.61
2021-07-18 20:00:00,1900.48,1928.0,1880.06,1890.66,454906.902
2021-07-19 00:00:00,1890.8,1907.36,1864.02,1884.79,456400.331
2021-07-19 04:00:00,1884.8,1917.82,1880.11,1890.82,481507.946
2021-07-19 08:00:00,1890.93,1900.0,1854.61,1861.66,569851.777
2021-07-19 12:00:00,1861.78,1867.88,1801.0,1819.11,1168523.079
2021-07-19 16:00:00,1819.26,1831.5,1807.0,1824.0,370489.579
2021-07-19 20:00:00,1824.0,1828.72,1810.0,1818.4,270433.861
2021-07-20 00:00:00,1818.4,1841.34,1715.0,1727.84,1253882.663
2021-07-20 04:00:00,1727.79,1768.5,1722.32,1760.76,623821.77
2021-07-20 08:00:00,1760.77,1763.03,1716.0,1754.96,838121.702
2021-07-20 12:00:00,1754.98,1812.6,1734.0,1803.87,980781.638
2021-07-20 16:00:00,1803.87,1820.0,1775.55,1788.25,468693.563
2021-07-20 20:00:00,1788.26,1804.16,1764.6,1785.04,345116.544
2021-07-21 00:00:00,1785.2,1808.75,1752.35,1800.6,641141.924
2021-07-21 04:00:00,1800.61,1880.0,1799.75,1874.1,974118.153
2021-07-21 08:00:00,1874.09,1912.3,1859.9,1904.91,726500.202
2021-07-21 12:00:00,1904.87,1958.91,1892.03,1953.65,849347.878
2021-07-21 16:00:00,1953.65,2038.0,1935.57,1937.27,1749869.193
2021-07-21 20:00:00,1937.26,1995.7,1931.42,1995.49,525972.162
2021-07-22 00:00:00,1995.5,2023.49,1959.2,1975.56,604312.28
2021-07-22 04:00:00,1975.56,2013.91,1962.36,1990.23,664248.959
2021-07-22 08:00:00,1990.34,2018.2,1966.0,1982.66,721370.757
2021-07-22 12:00:00,1982.66,2045.75,1945.0,2033.07,994481.759
2021-07-22 16:00:00,2033.13,2046.0,2012.61,2028.12,453190.209
2021-07-22 20:00:00,2028.12,2028.87,1989.0,2023.55,301966.556
2021-07-23 00:00:00,2024.0,2078.0,2013.6,2059.49,539167.043
2021-07-23 04:00:00,2059.49,2094.83,2053.6,2064.66,520143.405
2021-07-23 08:00:00,2064.59,2072.78,2037.24,2054.28,478464.673
2021-07-23 12:00:00,2054.28,2077.99,2046.0,2047.17,395521.7
2021-07-23 16:00:00,2047.18,2049.13,1995.02,2019.63,664101.186
2021-07-23 20:00:00,2019.63,2131.96,2015.14,2124.33,639602.861
2021-07-24 00:00:00,2124.34,2141.0,2105.4,2138.32,466955.584
2021-07-24 04:00:00,2138.56,2144.96,2122.01,2131.55,389135.016
2021-07-24 08:00:00,2131.54,2168.94,2115.56,2153.59,582544.603
2021-07-24 12:00:00,2153.58,2179.99,2143.05,2149.49,482932.952
2021-07-24 16:00:00,2149.49,2198.0,2138.68,2145.01,611910.235
2021-07-24 20:00:00,2145.0,2187.63,2126.07,2183.53,367121.215
2021-07-25 00:00:00,2183.54,2193.98,2136.0,2151.19,441420.025
2021-07-25 04:00:00,2151.2,2184.96,2144.0,2173.8,374490.664
2021-07-25 08:00:00,2173.8,2183.0,2150.0,2158.99,403627.991
2021-07-25 12:00:00,2158.98,2159.0,2106.12,2136.85,670557.428
2021-07-25 16:00:00,2136.85,2163.9,2120.88,2152.61,395708.718
2021-07-25 20:00:00,2152.6,2197.0,2144.14,2188.11,368217.893
2021-07-26 00:00:00,2188.15,2398.59,2170.03,2317.81,1538990.334
2021-07-26 04:00:00,2317.8,2392.32,2304.52,2327.45,931748.895
2021-07-26 08:00:00,2327.32,2362.17,2300.0,2342.9,543913.368
2021-07-26 12:00:00,2343.01,2358.95,2309.14,2341.96,543153.459
2021-07-26 16:00:00,2341.95,2433.53,2335.01,2362.03,843378.102
2021-07-26 20:00:00,2362.08,2368.0,2205.0,2227.41,1247368.847
2021-07-27 00:00:00,2227.44,2241.49,2150.0,2172.54,781208.481
2021-07-27 04:00:00,2172.54,2209.99,2165.36,2202.33,486424.888
2021-07-27 08:00:00,2202.02,2277.1,2192.0,2277.08,539710.272
2021-07-27 12:00:00,2277.08,2319.0,2240.0,2277.62,1127137.436
2021-07-27 16:00:00,2277.63,2284.44,2200.04,2228.07,661154.921
2021-07-27 20:00:00,2228.06,2313.03,2227.42,2298.04,482187.747
2021-07-28 00:00:00,2298.05,2335.62,2263.73,2287.11,571922.216
2021-07-28 04:00:00,2287.11,2304.76,2242.2,2295.27,512588.765
2021-07-28 08:00:00,2295.26,2345.54,2275.32,2329.61,595348.893
2021-07-28 12:00:00,2329.53,2332.79,2265.28,2290.9,567264.178
2021-07-28 16:00:00,2290.87,2328.83,2250.0,2309.08,763419.68
2021-07-28 20:00:00,2309.12,2313.96,2280.0,2300.08,299095.27
2021-07-29 00:00:00,2300.12,2307.62,2263.33,2277.48,314476.008
2021-07-29 04:00:00,2277.49,2305.81,2270.0,2294.68,267029.289
2021-07-29 08:00:00,2294.67,2328.0,2280.54,2292.44,427511.585
2021-07-29 12:00:00,2292.44,2337.27,2282.7,2322.05,521477.081
2021-07-29 16:00:00,2322.04,2344.0,2301.0,2309.64,361070.765
2021-07-29 20:00:00,2309.64,2406.44,2302.53,2382.45,478246.65
2021-07-30 00:00:00,2382.45,2452.22,2365.56,2422.86,669313.201
2021-07-30 04:00:00,2422.86,2429.88,2384.61,2403.56,464206.817
2021-07-30 08:00:00,2403.76,2405.94,2316.03,2334.89,851039.693
2021-07-30 12:00:00,2334.88,2357.98,2321.15,2345.39,399652.568
2021-07-30 16:00:00,2345.37,2378.58,2333.41,2378.1,302283.987
2021-07-30 20:00:00,2378.1,2473.99,2373.91,2461.72,869206.773
2021-07-31 00:00:00,2461.52,2484.64,2439.05,2463.95,434830.739
2021-07-31 04:00:00,2463.94,2468.55,2421.76,2441.76,351368.9
2021-07-31 08:00:00,2441.71,2477.79,2439.0,2458.01,385206.361
2021-07-31 12:00:00,2458.0,2468.37,2431.2,2458.01,324982.906
2021-07-31 16:00:00,2458.0,2466.54,2433.23,2455.86,274902.001
2021-07-31 20:00:00,2455.83,2553.8,2443.25,2530.49,592654.797
2021-08-01 00:00:00,2530.37,2620.0,2511.88,2615.71,631924.148
2021-08-01 04:00:00,2615.72,2638.0,2583.0,2587.9,679093.14
2021-08-01 08:00:00,2587.9,2613.41,2560.42,2587.89,450703.328
2021-08-01 12:00:00,2588.04,2608.66,2573.0,2584.0,421376.856
2021-08-01 16:00:00,2584.0,2665.04,2530.0,2654.83,998412.733
2021-08-01 20:00:00,2654.83,2699.0,2525.01,2554.71,1022123.443
2021-08-02 00:00:00,2554.72,2579.5,2506.11,2558.9,627202.564
2021-08-02 04:00:00,2558.91,2639.73,2541.63,2617.49,639704.042
2021-08-02 08:00:00,2617.36,2624.35,2556.0,2589.99,664416.792
2021-08-02 12:00:00,2590.0,2657.6,2561.59,2632.82,785167.693
2021-08-02 16:00:00,2632.81,2666.91,2595.01,2603.18,564386.33
2021-08-02 20:00:00,2603.17,2638.31,2581.23,2607.09,476577.281
2021-08-03 00:00:00,2607.09,2633.27,2517.05,2533.98,733010.3
2021-08-03 04:00:00,2534.04,2544.5,2441.0,2491.43,911116.048
2021-08-03 08:00:00,2491.52,2524.09,2468.2,2487.81,602894.729
2021-08-03 12:00:00,2487.8,2539.69,2452.0,2495.88,834135.493
2021-08-03 16:00:00,2495.88,2509.5,2451.0,2473.89,477242.566
2021-08-03 20:00:00,2473.81,2528.73,2450.27,2506.87,476695.252
2021-08-04 00:00:00,2506.5,2537.5,2481.0,2484.71,433863.039
2021-08-04 04:00:00,2484.59,2516.5,2465.31,2478.34,415721.373
2021-08-04 08:00:00,2478.33,2512.3,2456.83,2504.58,453039.274
2021-08-04 12:00:00,2504.58,2697.5,2503.18,2672.39,1618226.773
2021-08-04 16:00:00,2672.39,2734.3,2665.0,2695.22,1011141.615
2021-08-04 20:00:00,2695.22,2775.06,2689.0,2725.0,707329.159
2021-08-05 00:00:00,2725.0,2743.36,2665.28,2711.99,636501.911
2021-08-05 04:00:00,2712.0,2722.5,2666.8,2683.23,469010.909
2021-08-05 08:00:00,2683.25,2693.22,2573.11,2620.98,1220084.623
2021-08-05 12:00:00,2620.96,2824.99,2527.0,2755.53,2665823.987
2021-08-05 16:00:00,2755.53,2834.36,2745.35,2796.8,941002.379
2021-08-05 20:00:00,2796.79,2845.9,2785.27,2826.8,498224.4
2021-08-06 00:00:00,2826.81,2846.63,2752.28,2761.98,645268.387
2021-08-06 04:00:00,2762.35,2808.75,2750.3,2768.7,456818.944
2021-08-06 08:00:00,2768.7,2784.0,2732.77,2736.56,460015.238
2021-08-06 12:00:00,2736.57,2851.74,2720.31,2838.99,832687.028
2021-08-06 16:00:00,2839.01,2948.36,2838.54,2930.66,1101700.542
2021-08-06 20:00:00,2930.57,2940.81,2874.44,2892.3,460940.051
2021-08-07 00:00:00,2892.29,2940.0,2865.45,2936.2,462778.761
2021-08-07 04:00:00,2936.19,2989.11,2929.03,2957.09,580770.189
2021-08-07 08:00:00,2957.09,3120.0,2944.59,3108.1,1144308.212
2021-08-07 12:00:00,3108.1,3176.0,3055.14,3084.11,1473894.298
2021-08-07 16:00:00,3084.23,3101.37,3000.0,3078.86,940975.447
2021-08-07 20:00:00,3078.86,3175.17,3058.64,3163.26,609166.741
2021-08-08 00:00:00,3163.26,3195.67,3071.79,3120.66,708429.034
2021-08-08 04:00:00,3120.66,3188.72,3093.52,3138.07,649827.992
2021-08-08 08:00:00,3137.85,3157.53,3083.0,3102.42,547073.662
2021-08-08 12:00:00,3102.42,3152.05,3017.66,3034.34,832940.026
2021-08-08 16:00:00,3034.34,3073.87,2950.45,2988.36,844016.054
2021-08-08 20:00:00,2988.52,3066.0,2965.92,3014.06,625187.232
2021-08-09 00:00:00,3014.06,3037.48,2903.17,2949.89,704271.81
2021-08-09 04:00:00,2949.91,2966.95,2890.03,2946.1,603958.057
2021-08-09 08:00:00,2946.1,3143.15,2933.92,3133.81,1170968.062
2021-08-09 12:00:00,3133.83,3177.75,3080.0,3168.51,1015731.541
2021-08-09 16:00:00,3168.5,3190.8,3130.0,3149.13,589904.029
2021-08-09 20:00:00,3149.14,3185.0,3037.02,3163.43,912191.356
2021-08-10 00:00:00,3163.43,3213.51,3094.4,3117.56,619890.862
2021-08-10 04:00:00,3117.68,3150.0,3090.0,3144.57,413859.195
2021-08-10 08:00:00,3144.57,3175.0,3112.03,3124.71,545644.039
2021-08-10 12:00:00,3124.71,3239.13,3088.82,3123.24,1246836.271
2021-08-10 16:00:00,3123.24,3148.88,3053.24,3145.97,693252.977
2021-08-10 20:00:00,3145.97,3200.0,3123.83,3143.98,491842.34
2021-08-11 00:00:00,3143.97,3191.0,3120.69,3161.5,415394.495
2021-08-11 04:00:00,3161.49,3259.09,3147.8,3234.62,816203.442
2021-08-11 08:00:00,3234.68,3254.13,3206.08,3216.32,472667.385
2021-08-11 12:00:00,3216.31,3279.78,3207.23,3245.99,602701.238
2021-08-11 16:00:00,3245.99,3257.43,3220.0,3251.72,343118.861
2021-08-11 20:00:00,3251.71,3269.0,3150.01,3161.52,597969.268
2021-08-12 00:00:00,3161.52,3241.57,3146.0,3214.73,376993.297
2021-08-12 04:00:00,3214.72,3222.2,3095.0,3143.64,667054.332
2021-08-12 08:00:00,3143.65,3176.42,3084.0,3095.0,600875.047
2021-08-12 12:00:00,3095.0,3119.85,3022.42,3030.06,830434.292
2021-08-12 16:00:00,3030.2,3066.7,2981.0,3049.05,734953.21
2021-08-12 20:00:00,3049.14,3074.67,2987.0,3046.74,440924.788
2021-08-13 00:00:00,3046.63,3144.14,3034.35,3117.37,493523.136
2021-08-13 04:00:00,3117.46,3237.57,3093.03,3225.44,662363.147
2021-08-13 08:00:00,3225.26,3267.98,3214.38,3216.99,628044.967
2021-08-13 12:00:00,3216.99,3248.83,3180.68,3216.22,572796.405
2021-08-13 16:00:00,3216.08,3247.05,3200.0,3228.05,306359.53
2021-08-13 20:00:00,3228.05,3332.88,3218.0,3324.12,628314.617
2021-08-14 00:00:00,3324.12,3328.68,3285.23,3299.0,288284.279
2021-08-14 04:00:00,3298.99,3326.46,3280.11,3309.54,221727.142
2021-08-14 08:00:00,3309.55,3337.99,3210.0,3248.0,774612.457
2021-08-14 12:00:00,3248.0,3279.5,3213.0,3272.92,450687.031
2021-08-14 16:00:00,3273.1,3293.62,3232.13,3265.89,277923.623
2021-08-14 20:00:00,3265.89,3280.0,3216.14,3266.31,294104.198
2021-08-15 00:00:00,3266.31,3289.97,3246.18,3249.0,274337.827
2021-08-15 04:00:00,3249.0,3258.64,3155.25,3163.46,475393.962
2021-08-15 08:00:00,3163.45,3178.0,3133.0,3160.76,499320.451
2021-08-15 12:00:00,3160.76,3198.31,3135.03,3156.57,561801.802
2021-08-15 16:00:00,3156.65,3217.91,3109.0,3208.13,471422.605
2021-08-15 20:00:00,3208.13,3326.0,3202.0,3312.31,581280.378
2021-08-16 00:00:00,3312.31,3343.0,3262.33,3264.38,513085.238
2021-08-16 04:00:00,3264.39,3314.0,3260.0,3275.73,355947.119
2021-08-16 08:00:00,3275.74,3309.67,3247.16,3289.54,382889.764
2021-08-16 12:00:00,3289.54,3298.82,3183.75,3225.34,712735.77
2021-08-16 16:00:00,3225.06,3246.41,3163.0,3178.16,351846.21
2021-08-16 20:00:00,3178.17,3201.84,3133.33,3146.83,506937.524
2021-08-17 00:00:00,3146.82,3209.78,3115.41,3194.2,475733.364
2021-08-17 04:00:00,3194.61,3216.26,3135.0,3171.06,400586.656
2021-08-17 08:00:00,3171.03,3282.09,3168.38,3258.0,575018.175
2021-08-17 12:00:00,3257.98,3294.23,3160.0,3167.46,676364.536
2021-08-17 16:00:00,3167.5,3190.96,3103.0,3118.79,620525.306
2021-08-17 20:00:00,3118.79,3128.55,2992.0,3014.64,834826.395
2021-08-18 00:00:00,3014.63,3053.74,2950.0,3052.05,676195.202
2021-08-18 04:00:00,3052.21,3084.68,3022.37,3030.95,404434.625
2021-08-18 08:00:00,3030.89,3069.64,2990.01,3001.23,424792.754
2021-08-18 12:00:00,3001.23,3117.96,2996.61,3111.69,520433.387
2021-08-18 16:00:00,3111.69,3125.92,3023.0,3031.88,498028.366
2021-08-18 20:00:00,3031.87,3059.26,2996.69,3014.25,390879.757
2021-08-19 00:00:00,3014.31,3054.2,2966.31,2966.97,496697.348
2021-08-19 04:00:00,2966.98,3018.88,2958.8,2996.83,401166.531
2021-08-19 08:00:00,2996.83,3023.99,2973.0,2973.65,408780.42
2021-08-19 12:00:00,2973.51,3079.73,2962.63,3068.01,557068.365
2021-08-19 16:00:00,3068.01,3168.0,3022.13,3149.59,584137.727
2021-08-19 20:00:00,3149.61,3194.0,3145.0,3186.8,347437.273
2021-08-20 00:00:00,3186.76,3249.48,3180.0,3221.09,439607.504
2021-08-20 04:00:00,3221.09,3237.84,3207.14,3219.95,260623.844
2021-08-20 08:00:00,3220.0,3229.38,3190.0,3207.36,282661.718
2021-08-20 12:00:00,3207.36,3308.26,3205.89,3286.44,607554.417
2021-08-20 16:00:00,3286.44,3302.23,3220.0,3253.43,400359.496
2021-08-20 20:00:00,3253.42,3298.45,3245.39,3286.62,232208.345
2021-08-21 00:00:00,3286.65,3288.2,3235.7,3278.78,254605.102
2021-08-21 04:00:00,3278.78,3313.2,3257.19,3296.5,312102.744
2021-08-21 08:00:00,3296.51,3313.9,3241.1,3252.25,437885.131
2021-08-21 12:00:00,3252.26,3301.0,3246.24,3274.25,324986.044
2021-08-21 16:00:00,3274.25,3295.0,3207.12,3220.0,327731.713
2021-08-21 20:00:00,3219.99,3264.16,3213.3,3226.4,180764.047
2021-08-22 00:00:00,3226.39,3259.91,3218.0,3228.51,200338.315
2021-08-22 04:00:00,3228.51,3274.6,3228.04,3264.51,215923.729
2021-08-22 08:00:00,3264.51,3276.42,3242.4,3258.0,211910.261
2021-08-22 12:00:00,3258.0,3265.97,3152.97,3181.85,489623.241
2021-08-22 16:00:00,3181.85,3194.4,3124.35,3175.1,327178.717
2021-08-22 20:00:00,3175.11,3256.7,3133.13,3241.29,328246.654
2021-08-23 00:00:00,3241.29,3365.25,3233.07,3347.77,611575.908
2021-08-23 04:00:00,3347.77,3363.24,3315.01,3326.72,396631.858
2021-08-23 08:00:00,3326.72,3369.0,3319.28,3345.73,355072.406
2021-08-23 12:00:00,3345.88,3383.0,3300.0,3329.68,508370.961
2021-08-23 16:00:00,3329.69,3359.96,3308.07,3313.77,307021.474
2021-08-23 20:00:00,3314.22,3348.66,3281.85,3323.01,252180.384
2021-08-24 00:00:00,3323.0,3353.64,3285.0,3327.09,306231.037
2021-08-24 04:00:00,3327.09,3362.0,3318.09,3349.91,250736.323
2021-08-24 08:00:00,3349.91,3356.03,3301.26,3326.18,308116.683
2021-08-24 12:00:00,3326.18,3327.56,3205.0,3215.96,668964.848
2021-08-24 16:00:00,3215.98,3235.0,3145.0,3220.5,716761.656
2021-08-24 20:00:00,3220.49,3228.38,3167.36,3173.98,269776.581
2021-08-25 00:00:00,3173.99,3219.49,3170.64,3177.0,290741.885
2021-08-25 04:00:00,3176.99,3224.74,3161.0,3185.04,319949.863
2021-08-25 08:00:00,3185.04,3191.55,3078.52,3140.69,656911.755
2021-08-25 12:00:00,3140.7,3227.08,3101.77,3217.47,603136.731
2021-08-25 16:00:00,3217.48,3249.0,3201.51,3214.65,320674.674
2021-08-25 20:00:00,3214.65,3240.86,3200.0,3227.9,214089.908
2021-08-26 00:00:00,3227.9,3254.0,3142.0,3150.11,381520.914
2021-08-26 04:00:00,3150.11,3169.0,3061.31,3106.81,594409.268
2021-08-26 08:00:00,3106.94,3118.66,3075.74,3088.16,342638.068
2021-08-26 12:00:00,3088.16,3148.77,3052.0,3105.71,565208.995
2021-08-26 16:00:00,3105.95,3136.79,3076.33,3109.05,290215.962
2021-08-26 20:00:00,3109.06,3149.3,3087.74,3093.77,186884.434
2021-08-27 00:00:00,3093.81,3147.69,3061.44,3095.2,395668.808
2021-08-27 04:00:00,3095.21,3133.42,3077.31,3127.2,286827.174
2021-08-27 08:00:00,3127.21,3175.0,3103.63,3156.55,337555.549
2021-08-27 12:00:00,3156.55,3249.82,3133.41,3240.32,642523.752
2021-08-27 16:00:00,3240.42,3250.0,3221.74,3233.22,246219.372
2021-08-27 20:00:00,3233.22,3283.0,3224.09,3273.91,318576.224
2021-08-28 00:00:00,3274.12,3288.22,3242.47,3246.42,222014.462
2021-08-28 04:00:00,3246.52,3260.56,3227.85,3233.03,167603.925
2021-08-28 08:00:00,3233.03,3259.41,3209.93,3223.57,191363.886
2021-08-28 12:00:00,3223.44,3251.64,3213.31,3248.0,234927.25
2021-08-28 16:00:00,3248.01,3267.63,3220.62,3231.43,194423.454
2021-08-28 20:00:00,3231.43,3257.79,3228.2,3247.29,114463.362
2021-08-29 00:00:00,3247.47,3291.7,3157.35,3180.74,481325.682
2021-08-29 04:00:00,3180.74,3209.79,3150.5,3206.53,276731.949
2021-08-29 08:00:00,3206.54,3219.75,3181.21,3182.56,221221.667
2021-08-29 12:00:00,3182.56,3207.94,3165.0,3187.75,229387.499
2021-08-29 16:00:00,3187.75,3227.2,3182.0,3221.09,179752.185
2021-08-29 20:00:00,3221.09,3259.1,3215.69,3225.47,254115.31
2021-08-30 00:00:00,3225.47,3231.61,3142.38,3162.19,343617.698
2021-08-30 04:00:00,3162.19,3188.0,3146.09,3181.64,277094.878
2021-08-30 08:00:00,3181.34,3205.93,3169.03,3189.17,212990.737
2021-08-30 12:00:00,3189.19,3227.93,3151.16,3220.23,352169.939
2021-08-30 16:00:00,3220.02,3345.0,3215.0,3340.94,753082.528
2021-08-30 20:00:00,3340.94,3350.0,3211.42,3230.43,596476.023
2021-08-31 00:00:00,3230.42,3249.74,3187.85,3238.4,410563.797
2021-08-31 04:00:00,3238.39,3374.14,3213.06,3363.62,645913.813
2021-08-31 08:00:00,3363.63,3443.38,3312.35,3431.8,909108.353
2021-08-31 12:00:00,3431.81,3478.0,3365.0,3391.05,830486.466
2021-08-31 16:00:00,3391.05,3424.97,3340.0,3416.01,461958.289
2021-08-31 20:00:00,3416.0,3447.24,3371.0,3430.49,347840.369
2021-09-01 00:00:00,3430.49,3449.0,3381.23,3444.05,437441.029
2021-09-01 04:00:00,3444.04,3548.0,3428.49,3518.36,590824.048
2021-09-01 08:00:00,3518.28,3564.0,3514.01,3532.96,410843.513
2021-09-01 12:00:00,3532.97,3586.95,3517.79,3580.86,430944.064
2021-09-01 16:00:00,3580.86,3817.63,3577.69,3716.21,1008936.317
2021-09-01 20:00:00,3716.2,3849.0,3712.45,3831.44,460823.426
2021-09-02 00:00:00,3831.42,3843.21,3742.0,3770.3,427647.535
2021-09-02 04:00:00,3770.5,3776.45,3723.87,3736.61,294004.713
2021-09-02 08:00:00,3736.61,3772.49,3730.03,3763.42,229029.37
2021-09-02 12:00:00,3763.42,3838.0,3741.44,3759.68,583965.538
2021-09-02 16:00:00,3759.69,3811.77,3757.79,3787.0,240656.596
2021-09-02 20:00:00,3786.99,3834.8,3780.0,3788.95,222123.428
2021-09-03 00:00:00,3788.94,3820.0,3710.77,3809.88,382609.935
2021-09-03 04:00:00,3809.88,3829.69,3781.33,3800.86,247310.059
2021-09-03 08:00:00,3800.85,3989.0,3793.89,3958.79,845904.553
2021-09-03 12:00:00,3958.79,4036.44,3931.34,3971.51,648030.444
2021-09-03 16:00:00,3971.51,3988.8,3930.1,3948.63,225412.664
2021-09-03 20:00:00,3949.29,3949.36,3868.0,3942.79,294412.555
2021-09-04 00:00:00,3942.83,3976.59,3908.29,3923.47,255294.482
2021-09-04 04:00:00,3923.47,3941.17,3896.39,3920.78,170204.0
2021-09-04 08:00:00,3920.77,3960.0,3886.1,3891.8,317937.98
2021-09-04 12:00:00,3891.81,3932.23,3882.2,3922.0,235363.37
2021-09-04 16:00:00,3922.0,3930.64,3835.0,3864.91,367221.546
2021-09-04 20:00:00,3864.9,3906.7,3858.81,3889.71,162885.68
2021-09-05 00:00:00,3889.95,3919.56,3847.02,3848.05,210309.917
2021-09-05 04:00:00,3848.01,3893.19,3837.0,3875.35,228350.535
2021-09-05 08:00:00,3875.35,3964.38,3865.0,3929.18,379345.631
2021-09-05 12:00:00,3929.18,3960.0,3900.0,3910.67,253461.348
2021-09-05 16:00:00,3910.68,3958.05,3902.98,3934.2,162280.779
2021-09-05 20:00:00,3934.2,3991.25,3923.98,3952.56,249589.784
2021-09-06 00:00:00,3952.56,3967.92,3900.13,3908.35,238008.728
2021-09-06 04:00:00,3908.35,3959.23,3900.03,3947.94,197339.357
2021-09-06 08:00:00,3947.94,3976.6,3902.0,3908.27,300689.952
2021-09-06 12:00:00,3908.28,3951.19,3864.27,3929.42,368609.726
2021-09-06 16:00:00,3929.51,3965.0,3916.04,3942.44,176078.023
2021-09-06 20:00:00,3942.44,3975.0,3921.18,3929.0,190769.8
2021-09-07 00:00:00,3929.01,3952.53,3891.0,3918.51,285000.269
2021-09-07 04:00:00,3918.52,3941.28,3880.11,3887.21,276381.602
2021-09-07 08:00:00,3887.22,3887.49,3650.35,3753.04,996045.635
2021-09-07 12:00:00,3753.04,3777.41,2923.0,3451.65,1838793.033
2021-09-07 16:00:00,3451.65,3575.0,3336.0,3412.8,1109058.951
2021-09-07 20:00:00,3412.81,3463.81,3316.73,3435.0,442717.301
2021-09-08 00:00:00,3435.0,3542.32,3377.0,3431.47,440318.769
2021-09-08 04:00:00,3431.5,3483.47,3252.88,3261.54,688472.792
2021-09-08 08:00:00,3261.75,3461.16,3217.01,3408.08,703833.336
2021-09-08 12:00:00,3408.08,3455.6,3352.5,3419.99,472352.686
2021-09-08 16:00:00,3419.99,3544.0,3400.0,3522.3,360483.864
2021-09-08 20:00:00,3522.59,3562.25,3441.94,3497.99,320715.823
2021-09-09 00:00:00,3497.68,3524.64,3425.8,3471.25,300810.055
2021-09-09 04:00:00,3471.25,3514.53,3455.0,3500.68,203001.182
2021-09-09 08:00:00,3500.92,3570.34,3450.0,3480.62,378761.732
2021-09-09 12:00:00,3480.97,3557.02,3390.0,3524.48,602759.298
2021-09-09 16:00:00,3524.48,3559.0,3451.31,3465.1,294603.191
2021-09-09 20:00:00,3465.1,3480.51,3415.26,3426.42,200988.442
2021-09-10 00:00:00,3426.43,3517.91,3410.0,3467.18,237337.034
2021-09-10 04:00:00,3467.18,3483.45,3391.19,3405.59,269621.29
2021-09-10 08:00:00,3405.69,3432.89,3336.84,3404.12,397988.075
2021-09-10 12:00:00,3404.11,3419.3,3210.0,3299.28,732803.094
2021-09-10 16:00:00,3299.45,3344.53,3281.31,3312.62,229092.239
2021-09-10 20:00:00,3312.62,3332.63,3143.2,3209.84,433013.175
2021-09-11 00:00:00,3209.85,3297.93,3199.26,3243.04,289124.587
2021-09-11 04:00:00,3242.82,3287.59,3220.0,3249.0,240179.573
2021-09-11 08:00:00,3248.99,3318.0,3220.0,3293.32,290629.764
2021-09-11 12:00:00,3293.69,3349.17,3283.43,3311.53,246870.557
2021-09-11 16:00:00,3311.53,3343.0,3282.83,3297.75,190055.795
2021-09-11 20:00:00,3297.96,3310.0,3241.91,3267.23,156853.315
2021-09-12 00:00:00,3267.28,3331.29,3230.84,3328.58,218735.826
2021-09-12 04:00:00,3328.58,3341.0,3293.08,3321.79,159387.04
2021-09-12 08:00:00,3321.69,3454.3,3315.38,3437.99,363038.858
2021-09-12 12:00:00,3438.0,3474.95,3391.58,3418.07,267781.561
2021-09-12 16:00:00,3418.07,3441.07,3378.22,3407.14,137419.117
2021-09-12 20:00:00,3407.15,3451.0,3303.4,3405.21,371872.509
2021-09-13 00:00:00,3405.65,3432.12,3250.0,3258.3,388612.465
2021-09-13 04:00:00,3258.29,3298.0,3175.0,3204.28,452896.122
2021-09-13 08:00:00,3204.28,3256.86,3165.84,3251.6,408593.168
2021-09-13 12:00:00,3251.61,3387.94,3107.02,3202.47,1013256.879
2021-09-13 16:00:00,3202.47,3262.69,3183.02,3253.24,204527.748
2021-09-13 20:00:00,3253.36,3307.69,3253.36,3284.41,186978.872
2021-09-14 00:00:00,3284.17,3339.35,3269.25,3292.47,264445.424
2021-09-14 04:00:00,3292.44,3336.75,3273.11,3311.49,214966.809
2021-09-14 08:00:00,3311.5,3364.0,3310.2,3329.35,240429.318
2021-09-14 12:00:00,3329.35,3409.34,3291.25,3388.26,421439.296
2021-09-14 16:00:00,3388.26,3401.36,3340.46,3350.55,176151.828
2021-09-14 20:00:00,3350.55,3438.0,3330.17,3435.42,218709.998
2021-09-15 00:00:00,3435.29,3453.84,3388.06,3396.22,188404.353
2021-09-15 04:00:00,3396.23,3409.75,3358.08,3404.02,195238.367
2021-09-15 08:00:00,3404.02,3435.57,3379.45,3411.16,244406.93
2021-09-15 12:00:00,3411.03,3509.28,3395.57,3497.49,447248.619
2021-09-15 16:00:00,3497.34,3555.0,3495.54,3534.66,310244.959
2021-09-15 20:00:00,3534.66,3620.0,3534.66,3614.72,267273.254
2021-09-16 00:00:00,3614.71,3622.77,3524.44,3542.97,305728.16
2021-09-16 04:00:00,3542.96,3678.0,3538.17,3634.56,360205.252
2021-09-16 08:00:00,3634.55,3636.91,3570.0,3620.14,265026.372
2021-09-16 12:00:00,3620.0,3646.0,3534.39,3619.03,455404.336
2021-09-16 16:00:00,3619.02,3637.63,3541.0,3564.29,223435.685
2021-09-16 20:00:00,3564.54,3582.05,3482.0,3570.46,269918.129
2021-09-17 00:00:00,3570.46,3597.52,3528.91,3565.72,185955.916
2021-09-17 04:00:00,3565.7,3587.92,3515.29,3523.1,216177.104
2021-09-17 08:00:00,3523.29,3544.87,3427.5,3451.43,400270.221
2021-09-17 12:00:00,3451.44,3479.94,3405.0,3452.49,307402.28
2021-09-17 16:00:00,3452.49,3471.67,3362.0,3425.8,304061.181
2021-09-17 20:00:00,3425.8,3428.57,3350.0,3400.99,251878.599
2021-09-18 00:00:00,3401.0,3454.43,3370.25,3451.45,192867.541
2021-09-18 04:00:00,3451.6,3524.89,3447.14,3504.35,269850.476
2021-09-18 08:00:00,3504.36,3546.0,3491.85,3498.23,230477.945
2021-09-18 12:00:00,3498.23,3519.04,3463.56,3476.52,243494.016
2021-09-18 16:00:00,3476.52,3493.0,3421.06,3447.09,219315.095
2021-09-18 20:00:00,3447.09,3449.0,3375.49,3435.35,236161.875
2021-09-19 00:00:00,3435.36,3441.47,3372.2,3413.84,190727.463
2021-09-19 04:00:00,3413.85,3459.0,3396.56,3440.13,177594.745
2021-09-19 08:00:00,3440.13,3453.0,3301.0,3326.41,316503.157
2021-09-19 12:00:00,3326.42,3382.0,3311.0,3363.89,273615.107
2021-09-19 16:00:00,3364.06,3380.0,3326.54,3337.85,187651.498
2021-09-19 20:00:00,3337.85,3365.77,3275.0,3328.72,263178.922
2021-09-20 00:00:00,3328.99,3347.99,3150.65,3187.46,580703.404
2021-09-20 04:00:00,3187.46,3219.0,3088.0,3127.53,470905.509
2021-09-20 08:00:00,3127.45,3179.45,3011.79,3043.08,804898.122
2021-09-20 12:00:00,3043.08,3097.95,2907.07,3086.38,1026438.275
2021-09-20 16:00:00,3086.3,3123.23,2977.0,3073.15,550761.249
2021-09-20 20:00:00,3073.14,3083.0,2947.5,2978.34,461149.288
2021-09-21 00:00:00,2978.34,3032.8,2805.0,2998.77,896646.908
2021-09-21 04:00:00,2998.77,3074.5,2951.0,3073.97,390735.952
2021-09-21 08:00:00,3073.94,3108.17,3039.03,3062.15,350471.189
2021-09-21 12:00:00,3062.16,3085.01,2965.6,3035.93,552001.425
2021-09-21 16:00:00,3035.94,3049.38,2863.55,2886.63,806597.786
2021-09-21 20:00:00,2886.63,2920.6,2647.8,2765.48,1291366.334
2021-09-22 00:00:00,2765.47,2895.82,2736.57,2866.33,555138.529
2021-09-22 04:00:00,2866.33,2959.8,2831.56,2941.37,397059.778
2021-09-22 08:00:00,2941.37,2956.0,2882.09,2894.73,326706.62
2021-09-22 12:00:00,2894.73,3012.54,2881.56,3006.77,505839.608
2021-09-22 16:00:00,3006.45,3088.88,2990.0,3022.93,664914.447
2021-09-22 20:00:00,3022.79,3078.6,3005.22,3076.62,224635.122
2021-09-23 00:00:00,3076.62,3120.57,3032.77,3117.67,342483.329
2021-09-23 04:00:00,3117.67,3145.3,3095.05,3143.45,280084.163
2021-09-23 08:00:00,3143.71,3147.95,3040.53,3060.35,359117.857
2021-09-23 12:00:00,3060.14,3141.78,3046.69,3091.53,360771.193
2021-09-23 16:00:00,3091.53,3173.99,3084.05,3145.54,402792.294
2021-09-23 20:00:00,3145.54,3161.74,3118.38,3150.7,198409.942
2021-09-24 00:00:00,3150.7,3157.5,3068.0,3073.39,242734.314
2021-09-24 04:00:00,3073.39,3116.36,3036.73,3086.18,351540.923
2021-09-24 08:00:00,3086.27,3112.05,2731.0,2825.44,1606232.072
2021-09-24 12:00:00,2825.89,2939.0,2765.0,2874.24,928532.593
2021-09-24 16:00:00,2874.05,2922.0,2856.72,2899.83,321185.31
2021-09-24 20:00:00,2899.83,2979.44,2897.38,2926.37,278581.786
2021-09-25 00:00:00,2926.36,2954.74,2870.82,2910.56,293721.63
2021-09-25 04:00:00,2910.48,2943.51,2880.0,2885.27,243116.85
2021-09-25 08:00:00,2885.27,2967.32,2800.0,2911.82,694798.286
2021-09-25 12:00:00,2911.82,2944.52,2845.0,2920.85,496794.852
2021-09-25 16:00:00,2920.86,2931.56,2848.78,2916.11,319625.892
2021-09-25 20:00:00,2916.11,2946.72,2891.36,2921.08,186415.546
2021-09-26 00:00:00,2921.08,2930.94,2840.24,2864.31,322015.714
2021-09-26 04:00:00,2864.32,2865.93,2737.2,2771.9,561864.607
2021-09-26 08:00:00,2771.67,3031.0,2737.19,2973.02,920624.568
2021-09-26 12:00:00,2972.98,3056.32,2972.97,3051.0,403334.729
2021-09-26 16:00:00,3051.22,3074.0,3027.75,3057.16,221363.564
2021-09-26 20:00:00,3057.16,3116.84,3008.89,3057.63,335100.786
2021-09-27 00:00:00,3057.62,3163.9,3026.75,3130.0,355871.633
2021-09-27 04:00:00,3130.02,3148.8,3072.98,3090.66,274921.435
2021-09-27 08:00:00,3090.21,3136.85,3075.21,3091.61,283344.344
2021-09-27 12:00:00,3091.62,3127.0,3030.0,3058.11,444737.442
2021-09-27 16:00:00,3058.09,3061.0,2981.5,2992.24,325467.851
2021-09-27 20:00:00,2992.24,3026.55,2920.22,2923.6,342875.914
2021-09-28 00:00:00,2923.59,2958.81,2891.04,2947.0,287325.984
2021-09-28 04:00:00,2946.99,2969.0,2880.64,2893.27,322186.832
2021-09-28 08:00:00,2893.28,2940.0,2874.1,2925.91,425800.804
2021-09-28 12:00:00,2925.9,2960.2,2837.14,2842.28,641244.261
2021-09-28 16:00:00,2842.28,2871.48,2801.0,2836.86,395522.338
2021-09-28 20:00:00,2836.52,2890.0,2781.0,2803.5,297016.543
2021-09-29 00:00:00,2803.34,2900.0,2788.37,2895.49,347751.31
2021-09-29 04:00:00,2895.49,2933.0,2887.43,2922.38,238425.031
2021-09-29 08:00:00,2922.24,2949.0,2893.33,2931.46,254121.761
2021-09-29 12:00:00,2931.54,2948.22,2850.18,2860.34,422629.644
2021-09-29 16:00:00,2860.24,2871.18,2801.0,2808.87,339374.617
2021-09-29 20:00:00,2808.87,2853.14,2780.0,2848.38,254015.502
2021-09-30 00:00:00,2848.38,3037.93,2835.29,3027.48,505663.531
2021-09-30 04:00:00,3027.48,3049.3,2994.0,3001.84,292610.19
2021-09-30 08:00:00,3001.85,3013.17,2938.92,2962.71,373318.701
2021-09-30 12:00:00,2962.72,3030.89,2951.24,2984.98,457654.637
2021-09-30 16:00:00,2984.98,3047.0,2963.4,2990.86,308886.353
2021-09-30 20:00:00,2990.92,3020.93,2953.46,2999.45,220968.485
2021-10-01 00:00:00,2999.45,3040.54,2967.1,3000.19,272915.664
2021-10-01 04:00:00,3000.52,3096.95,2987.0,3089.65,336205.075
2021-10-01 08:00:00,3089.78,3250.0,3089.77,3235.38,750925.635
2021-10-01 12:00:00,3235.38,3279.91,3176.06,3235.99,477474.568
2021-10-01 16:00:00,3235.99,3321.0,3222.88,3296.8,329900.477
2021-10-01 20:00:00,3296.82,3331.56,3270.0,3308.58,246780.757
2021-10-02 00:00:00,3308.59,3345.0,3261.34,3267.18,250047.242
2021-10-02 04:00:00,3267.34,3298.0,3257.05,3279.07,148429.505
2021-10-02 08:00:00,3279.14,3319.0,3263.17,3296.35,172359.378
2021-10-02 12:00:00,3296.35,3399.0,3288.43,3386.4,427578.731
2021-10-02 16:00:00,3386.26,3467.29,3370.17,3467.02,337193.534
2021-10-02 20:00:00,3467.02,3471.58,3365.01,3387.25,251730.495
2021-10-03 00:00:00,3387.24,3425.0,3340.0,3405.72,266941.143
2021-10-03 04:00:00,3405.81,3427.66,3387.75,3392.92,127154.927
2021-10-03 08:00:00,3392.92,3422.97,3370.0,3414.11,177781.679
2021-10-03 12:00:00,3414.11,3448.66,3392.65,3403.82,198661.121
2021-10-03 16:00:00,3403.81,3489.22,3400.45,3468.5,304693.622
2021-10-03 20:00:00,3468.79,3474.31,3381.23,3418.25,238772.117
2021-10-04 00:00:00,3418.21,3426.35,3320.0,3336.47,281335.221
2021-10-04 04:00:00,3336.47,3382.0,3321.45,3378.75,207498.395
2021-10-04 08:00:00,3378.69,3385.27,3289.86,3314.52,235059.433
2021-10-04 12:00:00,3314.42,3426.0,3268.81,3322.53,574278.361
2021-10-04 16:00:00,3322.63,3440.0,3311.2,3417.43,472294.039
2021-10-04 20:00:00,3417.44,3425.0,3354.99,3386.12,191303.638
2021-10-05 00:00:00,3386.12,3419.71,3363.56,3388.65,202991.038
2021-10-05 04:00:00,3388.65,3406.58,3365.0,3388.42,134552.508
2021-10-05 08:00:00,3388.42,3475.79,3381.0,3447.0,386553.229
2021-10-05 12:00:00,3447.0,3471.99,3414.54,3420.8,260465.754
2021-10-05 16:00:00,3420.8,3499.0,3407.0,3491.64,241279.637
2021-10-05 20:00:00,3491.74,3549.9,3490.13,3517.64,250925.943
2021-10-06 00:00:00,3517.64,3542.31,3473.94,3488.04,199642.487
2021-10-06 04:00:00,3488.04,3503.75,3439.32,3456.84,208457.63
2021-10-06 08:00:00,3456.98,3460.73,3339.67,3382.73,444748.306
2021-10-06 12:00:00,3382.68,3638.0,3373.07,3617.83,878092.223
2021-10-06 16:00:00,3617.83,3626.59,3565.64,3590.9,219535.036
2021-10-06 20:00:00,3590.9,3612.0,3551.02,3576.85,183759.884
2021-10-07 00:00:00,3576.9,3578.04,3470.37,3522.36,320836.316
2021-10-07 04:00:00,3522.36,3620.0,3505.97,3617.07,235382.093
2021-10-07 08:00:00,3616.76,3621.0,3535.62,3578.67,294196.097
2021-10-07 12:00:00,3578.68,3649.61,3520.0,3587.53,511150.807
2021-10-07 16:00:00,3587.54,3630.0,3557.65,3609.5,200386.072
2021-10-07 20:00:00,3609.5,3659.98,3559.91,3589.85,247051.618
2021-10-08 00:00:00,3589.85,3620.0,3553.31,3575.99,187271.703
2021-10-08 04:00:00,3575.98,3616.0,3549.3,3605.38,163979.183
2021-10-08 08:00:00,3605.36,3675.41,3600.1,3614.46,351178.624
2021-10-08 12:00:00,3614.48,3664.87,3582.0,3622.53,391485.208
2021-10-08 16:00:00,3622.53,3650.19,3607.0,3627.27,174237.564
2021-10-08 20:00:00,3627.64,3631.78,3531.0,3563.81,233797.568
2021-10-09 00:00:00,3563.82,3591.21,3538.1,3580.71,174184.816
2021-10-09 04:00:00,3580.71,3627.0,3570.3,3607.89,149438.334
2021-10-09 08:00:00,3607.85,3623.0,3570.51,3598.52,179900.296
2021-10-09 12:00:00,3598.53,3639.0,3595.0,3602.48,173606.831
2021-10-09 16:00:00,3602.48,3611.5,3576.74,3584.02,130966.056
2021-10-09 20:00:00,3584.01,3594.76,3557.0,3577.8,99778.831
2021-10-10 00:00:00,3577.65,3587.06,3478.87,3532.41,289300.147
2021-10-10 04:00:00,3532.42,3607.55,3506.52,3585.49,261754.929
2021-10-10 08:00:00,3585.48,3600.0,3550.0,3565.69,170324.869
2021-10-10 12:00:00,3565.82,3583.05,3523.33,3559.18,215346.004
2021-10-10 16:00:00,3559.21,3566.17,3503.0,3530.0,173277.019
2021-10-10 20:00:00,3530.01,3573.0,3402.12,3415.01,408796.46
2021-10-11 00:00:00,3415.01,3523.45,3368.0,3519.72,379590.335
2021-10-11 04:00:00,3519.72,3588.0,3503.04,3580.18,290704.916
2021-10-11 08:00:00,3580.18,3629.0,3535.34,3561.41,403290.447
2021-10-11 12:00:00,3561.42,3612.0,3551.18,3595.74,271690.313
2021-10-11 16:00:00,3595.75,3603.59,3515.02,3517.98,236856.8
2021-10-11 20:00:00,3517.89,3547.83,3465.0,3543.1,292483.416
2021-10-12 00:00:00,3543.09,3545.02,3445.48,3487.74,312139.684
2021-10-12 04:00:00,3487.74,3522.41,3455.56,3482.65,260996.684
2021-10-12 08:00:00,3482.91,3509.68,3413.52,3457.95,310458.675
2021-10-12 12:00:00,3457.94,3549.82,3404.0,3506.24,632390.143
2021-10-12 16:00:00,3505.81,3530.23,3462.0,3467.54,260484.493
2021-10-12 20:00:00,3467.55,3513.78,3415.0,3492.91,210330.736
2021-10-13 00:00:00,3492.9,3535.0,3485.05,3503.62,160059.109
2021-10-13 04:00:00,3503.62,3528.44,3426.05,3429.43,324782.364
2021-10-13 08:00:00,3429.5,3470.87,3413.14,3469.35,254950.375
2021-10-13 12:00:00,3469.35,3515.65,3412.29,3487.12,388824.599
2021-10-13 16:00:00,3487.12,3540.0,3481.35,3523.75,220981.131
2021-10-13 20:00:00,3523.76,3618.0,3522.56,3610.05,285817.626
2021-10-14 00:00:00,3610.24,3662.27,3590.02,3646.27,297737.515
2021-10-14 04:00:00,3646.27,3669.14,3615.02,3632.8,190715.26
2021-10-14 08:00:00,3632.8,3757.61,3622.63,3740.65,352001.106
2021-10-14 12:00:00,3740.65,3830.0,3725.3,3812.15,492426.887
2021-10-14 16:00:00,3812.04,3830.0,3755.55,3794.99,288774.99
2021-10-14 20:00:00,3794.99,3798.96,3757.97,3794.19,114881.872
2021-10-15 00:00:00,3794.18,3847.0,3737.13,3823.91,352455.273
2021-10-15 04:00:00,3823.91,3864.75,3799.23,3809.27,271940.281
2021-10-15 08:00:00,3809.5,3815.15,3747.1,3780.95,283861.46
2021-10-15 12:00:00,3780.95,3838.53,3768.0,3793.59,271891.41
2021-10-15 16:00:00,3793.59,3898.28,3791.35,3851.65,367793.324
2021-10-15 20:00:00,3851.66,3915.0,3820.3,3872.71,280073.838
2021-10-16 00:00:00,3872.7,3876.93,3825.56,3846.27,123626.411
2021-10-16 04:00:00,3846.17,3869.97,3835.01,3857.18,133912.793
2021-10-16 08:00:00,3857.17,3974.39,3852.54,3962.15,389200.074
2021-10-16 12:00:00,3962.24,3980.0,3882.28,3911.38,356037.513
2021-10-16 16:00:00,3911.38,3917.73,3830.0,3842.51,235783.026
2021-10-16 20:00:00,3842.97,3857.0,3801.38,3833.3,159934.461
2021-10-17 00:00:00,3833.29,3892.04,3809.21,3880.43,169549.373
2021-10-17 04:00:00,3880.44,3925.95,3855.82,3881.0,214979.163
2021-10-17 08:00:00,3881.0,3914.67,3858.71,3862.92,170927.426
2021-10-17 12:00:00,3862.91,3879.7,3752.0,3789.92,301901.556
2021-10-17 16:00:00,3790.18,3817.68,3755.56,3768.81,169522.353
2021-10-17 20:00:00,3768.8,3868.0,3634.32,3851.01,584135.054
2021-10-18 00:00:00,3851.17,3898.94,3836.34,3856.5,230937.703
2021-10-18 04:00:00,3856.52,3890.15,3835.81,3840.85,156443.867
2021-10-18 08:00:00,3840.86,3866.0,3707.28,3747.68,463204.019
2021-10-18 12:00:00,3747.76,3826.35,3675.5,3763.0,521981.04
2021-10-18 16:00:00,3763.55,3783.36,3696.36,3750.36,242603.88
2021-10-18 20:00:00,3750.51,3771.0,3717.45,3748.31,153132.516
2021-10-19 00:00:00,3748.1,3837.7,3734.93,3826.16,252527.859
2021-10-19 04:00:00,3826.15,3848.48,3769.83,3811.53,222298.376
2021-10-19 08:00:00,3811.52,3824.87,3775.0,3801.22,214083.392
2021-10-19 12:00:00,3801.21,3868.0,3745.0,3776.43,580124.476
2021-10-19 16:00:00,3776.51,3842.0,3776.5,3818.63,254251.103
2021-10-19 20:00:00,3818.6,3893.0,3803.0,3881.48,246470.32
2021-10-20 00:00:00,3881.49,3909.66,3844.89,3848.11,204760.258
2021-10-20 04:00:00,3848.1,3863.81,3830.0,3860.92,162458.501
2021-10-20 08:00:00,3860.91,3876.95,3846.47,3863.89,163053.246
2021-10-20 12:00:00,3863.89,4087.9,3861.22,4083.64,930816.671
2021-10-20 16:00:00,4083.77,4143.23,4057.41,4104.62,490060.044
2021-10-20 20:00:00,4104.78,4173.5,4072.36,4164.14,327186.242
2021-10-21 00:00:00,4164.13,4249.0,4139.45,4190.0,620435.019
2021-10-21 04:00:00,4190.06,4202.31,4112.18,4166.52,276948.727
2021-10-21 08:00:00,4166.52,4389.6,4145.55,4219.13,988616.158
2021-10-21 12:00:00,4218.71,4280.0,4006.83,4093.2,1127867.24
2021-10-21 16:00:00,4093.21,4141.99,4044.0,4084.64,515319.622
2021-10-21 20:00:00,4084.65,4124.68,4043.4,4057.26,278627.431
2021-10-22 00:00:00,4057.26,4167.76,4055.97,4160.04,292648.472
2021-10-22 04:00:00,4160.03,4172.52,4106.52,4147.35,218331.62
2021-10-22 08:00:00,4147.36,4162.11,4086.0,4127.96,227764.487
2021-10-22 12:00:00,4127.97,4148.8,3959.0,3970.05,686471.892
2021-10-22 16:00:00,3970.05,3993.0,3888.0,3986.7,528071.723
2021-10-22 20:00:00,3986.7,4002.23,3930.0,3975.56,159837.789
2021-10-23 00:00:00,3975.55,4041.27,3948.0,4025.96,177981.847
2021-10-23 04:00:00,4025.95,4056.29,4002.78,4015.87,184470.571
2021-10-23 08:00:00,4015.86,4051.06,3940.6,4042.96,341547.619
2021-10-23 12:00:00,4042.97,4101.97,4017.76,4089.99,318283.59
2021-10-23 16:00:00,4089.99,4133.0,4068.54,4086.51,288903.0
2021-10-23 20:00:00,4086.51,4177.27,4072.01,4170.5,183187.93
2021-10-24 00:00:00,4170.5,4191.72,4118.92,4137.87,188267.321
2021-10-24 04:00:00,4137.86,4141.44,4080.0,4098.84,154473.384
2021-10-24 08:00:00,4098.83,4129.49,4027.0,4030.62,273327.785
2021-10-24 12:00:00,4030.63,4077.75,3985.0,4003.64,387852.041
2021-10-24 16:00:00,4003.64,4050.0,3962.86,4045.0,277912.092
2021-10-24 20:00:00,4045.0,4102.9,4039.13,4084.61,220028.15
2021-10-25 00:00:00,4084.6,4148.83,4071.37,4138.89,226764.749
2021-10-25 04:00:00,4138.89,4182.47,4117.71,4153.57,224771.6
2021-10-25 08:00:00,4153.57,4166.19,4110.0,4130.33,220761.243
2021-10-25 12:00:00,4130.33,4219.95,4112.24,4216.39,278975.543
2021-10-25 16:00:00,4216.4,4240.03,4175.0,4189.11,286161.946
2021-10-25 20:00:00,4189.1,4230.08,4178.42,4224.14,151687.939
2021-10-26 00:00:00,4224.13,4265.0,4208.0,4228.41,180109.429
2021-10-26 04:00:00,4228.42,4235.36,4180.0,4201.19,158443.822
2021-10-26 08:00:00,4201.19,4237.57,4200.33,4220.04,165206.276
2021-10-26 12:00:00,4220.08,4228.25,4130.94,4189.47,348688.547
2021-10-26 16:00:00,4189.41,4234.46,4140.0,4214.87,231520.42
2021-10-26 20:00:00,4214.87,4306.61,4092.0,4133.39,581732.205
2021-10-27 00:00:00,4133.37,4233.21,4120.0,4214.29,238270.685
2021-10-27 04:00:00,4214.3,4319.0,4137.0,4139.76,574005.633
2021-10-27 08:00:00,4139.71,4140.82,3926.1,3995.01,819713.886
2021-10-27 12:00:00,3995.0,4044.45,3960.0,3995.51,413836.192
2021-10-27 16:00:00,3995.51,4011.94,3940.0,4002.03,334705.847
2021-10-27 20:00:00,4002.03,4027.8,3900.0,3923.57,261596.608
2021-10-28 00:00:00,3923.58,4026.0,3887.75,3998.32,319837.193
2021-10-28 04:00:00,3998.33,4044.0,3982.85,4012.56,270788.188
2021-10-28 08:00:00,4012.56,4177.35,4011.59,4154.37,466106.595
2021-10-28 12:00:00,4154.37,4209.98,4138.21,4154.08,268443.964
2021-10-28 16:00:00,4154.08,4273.5,4113.0,4263.16,583655.173
2021-10-28 20:00:00,4263.16,4300.0,4209.0,4288.96,325072.385
2021-10-29 00:00:00,4288.91,4412.0,4269.16,4383.84,488496.615
2021-10-29 04:00:00,4383.84,4392.58,4290.0,4312.78,250391.731
2021-10-29 08:00:00,4312.79,4371.8,4278.32,4323.18,265836.721
2021-10-29 12:00:00,4323.25,4454.58,4300.7,4444.49,434927.797
2021-10-29 16:00:00,4444.48,4467.89,4342.93,4406.52,296801.888
2021-10-29 20:00:00,4406.52,4434.0,4389.43,4421.53,125954.728
2021-10-30 00:00:00,4421.53,4438.85,4334.2,4346.87,166710.624
2021-10-30 04:00:00,4346.88,4386.93,4333.0,4353.85,113908.099
2021-10-30 08:00:00,4353.84,4362.98,4288.0,4337.89,203722.426
2021-10-30 12:00:00,4337.88,4356.72,4230.55,4284.53,345703.385
2021-10-30 16:00:00,4284.35,4342.74,4268.0,4338.85,148140.438
2021-10-30 20:00:00,4338.85,4346.88,4250.0,4324.82,167503.835
2021-10-31 00:00:00,4324.82,4399.22,4319.21,4373.52,224220.236
2021-10-31 04:00:00,4373.52,4386.13,4301.0,4320.97,174877.348
2021-10-31 08:00:00,4321.12,4323.19,4188.88,4209.95,344783.796
2021-10-31 12:00:00,4209.95,4237.57,4161.0,4216.54,292952.089
2021-10-31 16:00:00,4216.54,4263.74,4194.0,4250.42,126412.639
2021-10-31 20:00:00,4250.43,4333.0,4232.05,4288.86,145575.207
2021-11-01 00:00:00,4288.87,4329.65,4172.59,4192.61,295327.671
2021-11-01 04:00:00,4192.62,4325.0,4145.0,4306.85,336225.546
2021-11-01 08:00:00,4306.84,4360.0,4300.14,4319.04,234418.727
2021-11-01 12:00:00,4319.04,4385.57,4310.44,4353.35,276288.234
2021-11-01 16:00:00,4353.12,4370.0,4266.27,4367.75,249450.399
2021-11-01 20:00:00,4367.75,4370.0,4280.51,4322.72,149520.195
2021-11-02 00:00:00,4322.72,4353.75,4286.67,4322.0,142304.616
2021-11-02 04:00:00,4322.01,4395.29,4317.75,4344.97,193141.594
2021-11-02 08:00:00,4344.96,4488.0,4334.1,4417.84,363049.179
2021-11-02 12:00:00,4418.13,4525.0,4418.12,4513.19,343268.13
2021-11-02 16:00:00,4513.24,4523.9,4477.66,4511.5,182211.465
2021-11-02 20:00:00,4511.5,4604.96,4483.85,4593.88,253094.763
2021-11-03 00:00:00,4593.17,4645.79,4557.28,4593.61,246257.477
2021-11-03 04:00:00,4593.61,4619.95,4538.89,4614.31,160413.285
2021-11-03 08:00:00,4614.31,4620.49,4555.04,4580.69,151314.11
2021-11-03 12:00:00,4580.69,4583.15,4456.0,4547.24,383487.924
2021-11-03 16:00:00,4547.48,4676.0,4500.0,4629.52,414958.962
2021-11-03 20:00:00,4629.52,4641.75,4577.08,4606.59,119828.94
2021-11-04 00:00:00,4606.59,4611.23,4543.6,4559.78,135253.53
2021-11-04 04:00:00,4559.79,4592.05,4517.08,4520.47,144940.359
2021-11-04 08:00:00,4520.46,4559.93,4484.16,4513.14,236588.537
2021-11-04 12:00:00,4513.15,4586.63,4462.15,4482.88,295331.218
2021-11-04 16:00:00,4482.88,4503.53,4423.09,4492.73,271625.524
2021-11-04 20:00:00,4492.73,4540.13,4482.34,4535.37,118618.645
2021-11-05 00:00:00,4535.38,4559.0,4471.21,4545.0,184709.225
2021-11-05 04:00:00,4545.01,4575.0,4520.38,4532.59,141649.439
2021-11-05 08:00:00,4532.58,4548.74,4474.73,4478.25,172381.541
2021-11-05 12:00:00,4478.24,4540.0,4452.0,4465.04,239553.022
2021-11-05 16:00:00,4464.95,4514.0,4462.0,4498.25,124072.014
2021-11-05 20:00:00,4498.25,4500.09,4445.1,4477.29,105019.754
2021-11-06 00:00:00,4477.29,4514.04,4459.56,4495.45,109906.482
2021-11-06 04:00:00,4495.46,4520.0,4460.13,4474.46,109910.113
2021-11-06 08:00:00,4474.46,4499.9,4341.8,4372.0,325164.237
2021-11-06 12:00:00,4372.0,4412.4,4325.91,4399.93,209033.285
2021-11-06 16:00:00,4399.94,4499.74,4383.37,4498.95,176390.428
2021-11-06 20:00:00,4498.95,4538.29,4485.0,4521.4,132023.33
2021-11-07 00:00:00,4521.7,4577.19,4505.41,4554.58,171256.848
2021-11-07 04:00:00,4554.58,4576.0,4540.48,4544.85,84325.306
2021-11-07 08:00:00,4544.83,4624.7,4523.0,4597.02,218554.771
2021-11-07 12:00:00,4597.37,4630.18,4574.21,4607.72,161912.958
2021-11-07 16:00:00,4607.85,4623.0,4592.93,4606.17,95106.061
2021-11-07 20:00:00,4606.17,4642.76,4590.0,4616.5,101235.641
2021-11-08 00:00:00,4616.51,4744.0,4615.21,4723.44,308861.968
2021-11-08 04:00:00,4723.43,4773.47,4710.0,4728.66,200397.257
2021-11-08 08:00:00,4728.35,4747.8,4713.24,4734.12,113390.336
2021-11-08 12:00:00,4734.12,4782.46,4706.0,4767.0,227843.656
2021-11-08 16:00:00,4766.99,4797.57,4750.92,4753.52,161479.847
2021-11-08 20:00:00,4753.51,4830.66,4732.73,4814.3,202472.175
2021-11-09 00:00:00,4814.13,4821.47,4781.0,4819.79,169981.771
2021-11-09 04:00:00,4819.78,4844.97,4774.97,4785.07,172817.914
2021-11-09 08:00:00,4785.07,4825.8,4753.0,4776.24,160680.042
2021-11-09 12:00:00,4776.39,4838.8,4759.01,4792.2,286559.293
2021-11-09 16:00:00,4792.51,4800.0,4714.83,4753.98,226847.016
2021-11-09 20:00:00,4753.99,4806.12,4719.72,4734.98,135087.183
2021-11-10 00:00:00,4734.99,4762.97,4683.03,4695.28,175165.929
2021-11-10 04:00:00,4695.28,4747.99,4676.64,4718.79,124245.399
2021-11-10 08:00:00,4718.79,4760.84,4705.11,4732.28,132401.155
2021-11-10 12:00:00,4732.28,4877.54,4696.11,4850.95,391777.45
2021-11-10 16:00:00,4850.95,4872.12,4692.68,4706.16,287435.063
2021-11-10 20:00:00,4706.16,4725.8,4450.0,4632.21,737803.008
2021-11-11 00:00:00,4632.42,4660.71,4580.9,4640.24,240208.585
2021-11-11 04:00:00,4640.25,4700.91,4624.04,4693.68,153386.396
2021-11-11 08:00:00,4693.67,4750.0,4657.21,4724.25,228846.355
2021-11-11 12:00:00,4723.71,4766.0,4676.02,4722.06,260100.428
2021-11-11 16:00:00,4722.06,4783.12,4717.1,4760.47,155168.351
2021-11-11 20:00:00,4760.61,4779.57,4714.23,4721.19,108293.759
2021-11-12 00:00:00,4721.19,4811.0,4691.0,4776.85,225108.021
2021-11-12 04:00:00,4776.84,4788.47,4695.0,4713.54,143476.097
2021-11-12 08:00:00,4713.55,4741.07,4580.72,4604.55,390347.186
2021-11-12 12:00:00,4604.54,4636.9,4541.11,4573.95,377986.126
2021-11-12 16:00:00,4573.96,4673.15,4508.0,4654.34,394945.939
2021-11-12 20:00:00,4654.35,4694.69,4630.0,4665.99,139162.03
2021-11-13 00:00:00,4665.99,4708.0,4621.07,4639.2,147362.177
2021-11-13 04:00:00,4639.21,4653.4,4610.89,4646.16,90677.788
2021-11-13 08:00:00,4646.15,4648.8,4585.11,4609.8,104777.045
2021-11-13 12:00:00,4609.79,4700.93,4598.0,4681.35,223059.732
2021-11-13 16:00:00,4681.35,4705.0,4614.62,4645.06,168277.178
2021-11-13 20:00:00,4645.06,4664.7,4633.39,4644.42,78589.885
2021-11-14 00:00:00,4644.42,4700.0,4620.28,4628.63,148473.668
2021-11-14 04:00:00,4628.63,4658.85,4593.81,4599.27,128376.475
2021-11-14 08:00:00,4599.28,4617.94,4567.41,4613.31,136065.891
2021-11-14 12:00:00,4613.32,4639.45,4575.04,4584.91,139699.729
2021-11-14 16:00:00,4584.92,4592.0,4515.84,4549.03,233499.042
2021-11-14 20:00:00,4549.03,4635.79,4536.28,4629.44,161033.871
2021-11-15 00:00:00,4629.75,4727.0,4629.74,4706.5,272333.813
2021-11-15 04:00:00,4706.51,4728.31,4679.09,4683.28,115174.303
2021-11-15 08:00:00,4683.28,4750.0,4662.26,4726.78,182310.348
2021-11-15 12:00:00,4726.78,4771.83,4635.91,4651.35,360723.549
2021-11-15 16:00:00,4651.34,4663.5,4570.12,4603.98,242066.892
2021-11-15 20:00:00,4603.98,4603.98,4541.44,4567.01,178501.786
2021-11-16 00:00:00,4567.01,4567.07,4219.05,4311.89,796452.741
2021-11-16 04:00:00,4311.88,4369.0,4265.1,4313.06,374814.507
2021-11-16 08:00:00,4313.05,4345.0,4077.0,4291.27,701263.204
2021-11-16 12:00:00,4291.27,4345.0,4222.97,4284.14,375339.214
2021-11-16 16:00:00,4284.14,4331.05,4231.13,4265.7,218891.528
2021-11-16 20:00:00,4265.55,4298.0,4161.0,4209.42,267278.349
2021-11-17 00:00:00,4209.42,4243.19,4062.0,4123.81,475111.545
2021-11-17 04:00:00,4123.7,4218.09,4077.43,4182.88,337620.51
2021-11-17 08:00:00,4182.94,4256.6,4100.67,4251.78,397113.363
2021-11-17 12:00:00,4251.77,4262.45,4143.55,4176.0,251322.899
2021-11-17 16:00:00,4176.0,4268.2,4150.0,4241.67,228752.144
2021-11-17 20:00:00,4241.67,4300.0,4210.0,4287.99,170681.466
2021-11-18 00:00:00,4288.0,4343.33,4269.5,4279.29,259272.643
2021-11-18 04:00:00,4279.28,4297.45,4224.08,4247.83,204613.075
2021-11-18 08:00:00,4247.99,4260.74,4182.33,4190.0,240871.381
2021-11-18 12:00:00,4190.0,4235.67,4044.0,4070.65,582491.002
2021-11-18 16:00:00,4070.64,4091.86,3960.12,4066.37,653605.822
2021-11-18 20:00:00,4066.66,4093.3,3957.96,3997.72,345316.544
2021-11-19 00:00:00,3997.72,4106.53,3973.14,4012.75,437191.634
2021-11-19 04:00:00,4012.74,4088.21,4007.57,4063.11,190733.187
2021-11-19 08:00:00,4062.98,4175.74,4062.6,4142.77,275291.349
2021-11-19 12:00:00,4142.78,4237.99,4133.11,4216.87,259763.217
2021-11-19 16:00:00,4216.87,4298.47,4211.71,4289.5,190013.652
2021-11-19 20:00:00,4289.49,4309.04,4248.0,4293.44,161413.513
2021-11-20 00:00:00,4293.44,4333.0,4276.77,4281.64,190102.43
2021-11-20 04:00:00,4281.63,4319.6,4262.86,4281.04,137786.271
2021-11-20 08:00:00,4281.05,4324.03,4271.14,4317.82,111763.407
2021-11-20 12:00:00,4317.82,4335.0,4211.17,4215.77,251235.166
2021-11-20 16:00:00,4215.78,4400.0,4202.24,4398.27,310808.945
2021-11-20 20:00:00,4398.27,4436.01,4388.74,4412.55,141917.311
2021-11-21 00:00:00,4412.37,4416.0,4334.32,4344.35,172302.502
2021-11-21 04:00:00,4344.34,4382.0,4327.53,4349.66,109327.367
2021-11-21 08:00:00,4349.67,4370.84,4302.64,4320.45,173859.665
2021-11-21 12:00:00,4320.45,4387.0,4306.0,4367.9,159389.988
2021-11-21 16:00:00,4367.9,4425.73,4335.59,4346.09,204646.377
2021-11-21 20:00:00,4346.08,4389.99,4242.0,4259.23,176962.669
2021-11-22 00:00:00,4259.28,4266.68,4142.23,4167.33,373728.777
2021-11-22 04:00:00,4167.33,4218.8,4126.0,4188.65,211600.531
2021-11-22 08:00:00,4188.93,4236.53,4166.09,4173.25,145679.671
2021-11-22 12:00:00,4173.26,4327.75,4128.0,4235.9,531762.026
2021-11-22 16:00:00,4235.9,4246.78,4050.0,4065.93,364230.221
2021-11-22 20:00:00,4065.93,4114.49,4019.35,4086.57,264090.687
2021-11-23 00:00:00,4086.41,4191.74,4063.72,4178.28,233855.21
2021-11-23 04:00:00,4178.28,4190.0,4088.0,4108.21,167073.159
2021-11-23 08:00:00,4108.02,4232.72,4059.55,4135.36,468031.515
2021-11-23 12:00:00,4135.98,4332.77,4129.66,4272.14,371968.044
2021-11-23 16:00:00,4272.15,4362.95,4268.52,4358.27,259071.766
2021-11-23 20:00:00,4358.26,4387.0,4324.0,4341.36,136864.891
2021-11-24 00:00:00,4341.36,4377.0,4233.0,4250.16,257895.16
2021-11-24 04:00:00,4250.16,4294.0,4219.7,4272.39,184760.89
2021-11-24 08:00:00,4272.39,4345.0,4256.16,4295.15,203906.647
2021-11-24 12:00:00,4295.15,4314.96,4170.38,4253.93,407111.137
2021-11-24 16:00:00,4253.94,4276.0,4201.2,4213.73,181657.235
2021-11-24 20:00:00,4213.73,4283.69,4202.03,4271.29,130567.89
2021-11-25 00:00:00,4271.29,4338.21,4250.34,4318.61,178098.634
2021-11-25 04:00:00,4318.62,4324.72,4266.56,4297.52,134339.975
2021-11-25 08:00:00,4297.52,4398.0,4274.07,4390.99,264489.694
2021-11-25 12:00:00,4391.0,4506.19,4385.38,4479.11,330837.059
2021-11-25 16:00:00,4479.29,4535.03,4466.47,4506.36,201005.868
2021-11-25 20:00:00,4506.28,4558.29,4472.0,4527.86,138884.32
2021-11-26 00:00:00,4528.2,4555.0,4429.0,4430.64,199721.285
2021-11-26 04:00:00,4430.86,4451.63,4315.71,4343.53,271888.719
2021-11-26 08:00:00,4343.51,4343.53,3979.29,3984.3,1141436.595
2021-11-26 12:00:00,3984.3,4123.0,3911.0,4063.11,588333.093
2021-11-26 16:00:00,4063.11,4114.0,4021.15,4081.7,246639.313
2021-11-26 20:00:00,4081.7,4125.33,4026.5,4040.66,209031.064
2021-11-27 00:00:00,4040.66,4148.7,4027.32,4113.82,187630.757
2021-11-27 04:00:00,4113.75,4146.44,4085.49,4122.69,131967.689
2021-11-27 08:00:00,4122.7,4182.66,4103.55,4111.97,221567.934
2021-11-27 12:00:00,4111.97,4158.66,4104.2,4131.53,150169.861
2021-11-27 16:00:00,4131.54,4160.81,4111.57,4115.24,117378.809
2021-11-27 20:00:00,4115.24,4129.37,4032.01,4095.33,199294.127
2021-11-28 00:00:00,4095.33,4097.69,3980.0,4027.05,262222.442
2021-11-28 04:00:00,4027.06,4081.0,4007.56,4069.87,149920.206
2021-11-28 08:00:00,4069.86,4133.22,4034.0,4097.86,194554.561
2021-11-28 12:00:00,4097.87,4116.58,4045.35,4079.01,156536.776
2021-11-28 16:00:00,4079.02,4131.1,3958.58,4100.65,322274.366
2021-11-28 20:00:00,4101.16,4301.07,4101.0,4296.6,427310.039
2021-11-29 00:00:00,4297.01,4374.81,4283.28,4308.18,327889.183
2021-11-29 04:00:00,4308.18,4368.31,4306.06,4353.5,191719.092
2021-11-29 08:00:00,4353.5,4361.0,4280.0,4299.87,214256.843
2021-11-29 12:00:00,4299.66,4379.0,4297.03,4337.36,227227.254
2021-11-29 16:00:00,4337.36,4460.0,4330.5,4389.24,314660.025
2021-11-29 20:00:00,4389.23,4458.04,4385.74,4445.1,157168.811
2021-11-30 00:00:00,4445.09,4505.68,4402.0,4436.17,309120.795
2021-11-30 04:00:00,4436.17,4457.24,4347.9,4414.1,320717.738
2021-11-30 08:00:00,4414.11,4623.66,4392.89,4595.62,442464.16
2021-11-30 12:00:00,4595.62,4757.8,4574.06,4618.9,665778.555
2021-11-30 16:00:00,4619.13,4700.0,4525.0,4666.33,640457.611
2021-11-30 20:00:00,4666.33,4678.43,4603.37,4631.51,195337.348
2021-12-01 00:00:00,4631.43,4775.27,4603.2,4760.67,381467.718
2021-12-01 04:00:00,4760.66,4783.19,4684.31,4768.44,223670.262
2021-12-01 08:00:00,4768.47,4772.72,4652.59,4676.96,304368.42
2021-12-01 12:00:00,4676.88,4765.0,4658.5,4728.93,321008.341
2021-12-01 16:00:00,4728.44,4761.35,4600.0,4662.7,277239.983
2021-12-01 20:00:00,4662.51,4664.67,4528.5,4586.66,353802.439
2021-12-02 00:00:00,4586.67,4624.51,4452.53,4492.44,364837.284
2021-12-02 04:00:00,4492.79,4587.85,4486.26,4562.68,196671.881
2021-12-02 08:00:00,4562.68,4602.0,4498.1,4533.39,251767.084
2021-12-02 12:00:00,4533.38,4636.86,4482.49,4544.76,458252.897
2021-12-02 16:00:00,4545.01,4560.0,4435.76,4491.77,323245.344
2021-12-02 20:00:00,4491.77,4560.0,4473.59,4514.32,172357.202
2021-12-03 00:00:00,4514.32,4550.0,4471.77,4494.2,193655.455
2021-12-03 04:00:00,4494.21,4592.0,4490.65,4569.45,237600.115
2021-12-03 08:00:00,4569.46,4619.56,4545.5,4613.36,217257.197
2021-12-03 12:00:00,4613.35,4658.0,4457.09,4468.8,429228.484
2021-12-03 16:00:00,4468.71,4468.76,4180.0,4229.33,832680.463
2021-12-03 20:00:00,4229.33,4249.64,4004.0,4213.66,737958.406
2021-12-04 00:00:00,4213.67,4237.2,4055.47,4059.62,403480.759
2021-12-04 04:00:00,4058.91,4119.03,3388.15,3893.07,1664522.358
2021-12-04 08:00:00,3893.08,3980.0,3825.25,3866.18,459611.495
2021-12-04 12:00:00,3866.18,4063.06,3866.17,4032.53,458093.848
2021-12-04 16:00:00,4032.15,4135.2,3975.7,4115.96,296538.117
2021-12-04 20:00:00,4115.96,4127.45,4030.93,4115.79,249449.315
2021-12-05 00:00:00,4115.79,4179.84,4065.0,4160.53,318561.845
2021-12-05 04:00:00,4160.53,4228.0,4138.71,4199.12,261405.618
2021-12-05 08:00:00,4199.27,4218.99,4160.02,4191.66,246337.845
2021-12-05 12:00:00,4191.65,4247.19,4033.0,4070.84,520914.875
2021-12-05 16:00:00,4070.46,4179.1,4063.78,4139.79,342743.336
2021-12-05 20:00:00,4139.19,4205.0,4099.0,4197.53,219804.332
2021-12-06 00:00:00,4197.52,4204.0,4103.46,4169.9,280993.912
2021-12-06 04:00:00,4169.87,4198.5,4015.24,4072.04,292983.37
2021-12-06 08:00:00,4072.04,4152.0,3920.0,4044.41,871354.547
2021-12-06 12:00:00,4044.42,4126.69,3981.0,4122.76,473798.568
2021-12-06 16:00:00,4122.97,4217.99,4096.0,4192.84,308505.153
2021-12-06 20:00:00,4192.85,4377.58,4182.16,4345.2,373540.22
2021-12-07 00:00:00,4345.44,4385.0,4302.9,4339.4,226094.2
2021-12-07 04:00:00,4339.41,4384.39,4327.57,4351.6,153088.991
2021-12-07 08:00:00,4351.6,4425.0,4343.94,4407.42,243939.615
2021-12-07 12:00:00,4407.42,4418.0,4330.98,4385.35,330547.18
2021-12-07 16:00:00,4385.37,4404.71,4280.0,4312.89,232725.326
2021-12-07 20:00:00,4313.0,4329.88,4255.27,4305.82,202408.414
2021-12-08 00:00:00,4305.83,4345.87,4281.11,4293.28,174842.83
2021-12-08 04:00:00,4293.27,4377.58,4292.56,4364.41,156817.227
2021-12-08 08:00:00,4364.41,4385.0,4229.62,4265.92,310886.352
2021-12-08 12:00:00,4266.02,4454.6,4224.98,4403.49,455700.957
2021-12-08 16:00:00,4403.5,4421.44,4363.11,4381.55,194322.432
2021-12-08 20:00:00,4381.56,4441.0,4372.59,4435.33,150896.497
2021-12-09 00:00:00,4435.7,4490.97,4349.54,4358.86,317934.497
2021-12-09 04:00:00,4358.35,4412.96,4340.03,4378.05,201922.701
2021-12-09 08:00:00,4378.33,4378.86,4268.11,4303.7,291731.835
2021-12-09 12:00:00,4303.72,4322.65,4134.82,4199.53,483523.588
2021-12-09 16:00:00,4198.91,4233.13,4096.02,4122.65,338796.571
2021-12-09 20:00:00,4122.65,4201.01,4075.0,4103.8,271423.324
2021-12-10 00:00:00,4103.8,4199.09,4097.02,4138.79,272166.262
2021-12-10 04:00:00,4139.29,4163.49,4018.05,4029.38,255589.208
2021-12-10 08:00:00,4029.38,4170.0,4019.0,4154.82,262896.782
2021-12-10 12:00:00,4154.81,4232.0,3981.33,4020.1,613365.125
2021-12-10 16:00:00,4020.09,4032.28,3928.88,4014.81,430619.003
2021-12-10 20:00:00,4014.81,4056.47,3882.84,3895.95,288409.126
2021-12-11 00:00:00,3895.85,4042.2,3831.01,4007.43,453875.373
2021-12-11 04:00:00,4007.43,4069.85,3929.96,3976.68,290790.566
2021-12-11 08:00:00,3976.68,4087.16,3963.76,4012.36,363078.344
2021-12-11 12:00:00,4012.39,4062.0,3988.83,4056.69,225889.567
2021-12-11 16:00:00,4056.32,4094.82,3997.17,4002.41,203091.553
2021-12-11 20:00:00,4002.61,4093.12,3975.0,4089.81,193029.524
2021-12-12 00:00:00,4088.86,4098.09,4026.03,4041.67,126277.294
2021-12-12 04:00:00,4041.67,4061.7,4001.79,4054.7,119101.144
2021-12-12 08:00:00,4054.69,4059.6,3985.0,4035.13,203154.051
2021-12-12 12:00:00,4035.13,4057.61,4013.66,4022.75,164758.918
2021-12-12 16:00:00,4022.77,4171.22,4015.22,4139.6,294858.047
2021-12-12 20:00:00,4139.61,4173.37,4114.83,4129.0,136541.747
2021-12-13 00:00:00,4129.16,4142.0,3950.17,3992.7,376964.874
2021-12-13 04:00:00,3992.87,4043.91,3970.35,3985.03,223424.171
2021-12-13 08:00:00,3985.21,4029.84,3947.02,4009.46,209360.494
2021-12-13 12:00:00,4009.45,4018.69,3760.0,3806.29,530355.748
2021-12-13 16:00:00,3806.28,3881.19,3668.34,3761.89,647228.188
2021-12-13 20:00:00,3761.89,3809.17,3712.57,3780.63,264963.439
2021-12-14 00:00:00,3780.33,3830.55,3745.66,3773.34,228423.767
2021-12-14 04:00:00,3773.33,3793.57,3682.0,3780.29,268926.341
2021-12-14 08:00:00,3780.29,3850.0,3761.45,3837.99,310109.541
2021-12-14 12:00:00,3837.79,3865.44,3763.0,3784.3,367234.548
2021-12-14 16:00:00,3784.3,3801.99,3723.52,3767.74,270948.09
2021-12-14 20:00:00,3767.73,3879.13,3766.59,3856.66,272359.123
2021-12-15 00:00:00,3856.67,3893.15,3802.0,3845.86,207248.738
2021-12-15 04:00:00,3845.87,3892.61,3823.3,3862.47,214145.383
2021-12-15 08:00:00,3862.48,3898.85,3841.75,3849.59,197185.202
2021-12-15 12:00:00,3849.58,3870.49,3650.0,3656.61,439843.616
2021-12-15 16:00:00,3656.6,3988.12,3639.39,3968.35,917199.7
2021-12-15 20:00:00,3968.35,4096.0,3965.44,4019.01,440192.428
2021-12-16 00:00:00,4019.01,4057.6,4004.54,4018.13,176641.916
2021-12-16 04:00:00,4017.97,4047.66,3978.15,4019.79,179943.937
2021-12-16 08:00:00,4019.79,4083.9,4012.07,4067.08,193955.644
2021-12-16 12:00:00,4067.24,4118.47,4006.11,4080.78,429492.995
2021-12-16 16:00:00,4080.77,4110.0,3980.59,3996.81,360666.693
2021-12-16 20:00:00,3996.81,4046.96,3951.14,3958.67,263145.669
2021-12-17 00:00:00,3958.7,3992.99,3932.37,3967.43,181912.752
2021-12-17 04:00:00,3967.43,3986.97,3850.43,3880.62,274957.938
2021-12-17 08:00:00,3880.61,3894.26,3803.44,3833.34,272104.194
2021-12-17 12:00:00,3833.31,3849.3,3694.2,3831.22,606583.743
2021-12-17 16:00:00,3831.37,3946.27,3825.0,3879.76,472932.664
2021-12-17 20:00:00,3879.76,3939.47,3821.02,3873.93,303910.75
2021-12-18 00:00:00,3872.98,3908.04,3764.96,3876.51,355409.276
2021-12-18 04:00:00,3876.69,3936.36,3838.88,3888.42,236129.999
2021-12-18 08:00:00,3888.29,3993.0,3873.18,3957.33,271155.839
2021-12-18 12:00:00,3957.37,3982.0,3924.93,3944.05,175110.838
2021-12-18 16:00:00,3944.04,3965.99,3905.99,3941.84,145077.672
2021-12-18 20:00:00,3941.83,3997.39,3925.65,3957.64,123485.049
2021-12-19 00:00:00,3957.65,4034.99,3881.89,3987.73,308633.147
2021-12-19 04:00:00,3987.73,4024.42,3966.0,3976.56,141485.868
2021-12-19 08:00:00,3976.52,3987.58,3896.11,3924.21,220501.216
2021-12-19 12:00:00,3924.22,3995.99,3896.85,3925.59,378241.855
2021-12-19 16:00:00,3925.59,3950.0,3882.52,3911.85,179278.281
2021-12-19 20:00:00,3911.85,3990.0,3895.22,3922.51,174215.67
2021-12-20 00:00:00,3922.51,3981.48,3888.0,3905.23,263061.845
2021-12-20 04:00:00,3905.23,3932.91,3804.19,3822.45,280909.689
2021-12-20 08:00:00,3822.33,3832.75,3757.44,3811.71,285407.083
2021-12-20 12:00:00,3811.72,3848.34,3750.0,3799.96,379989.789
2021-12-20 16:00:00,3799.96,3880.87,3791.47,3870.89,223913.261
2021-12-20 20:00:00,3870.65,3967.46,3870.45,3943.48,308227.752
2021-12-21 00:00:00,3943.64,4024.88,3912.26,4008.04,325416.552
2021-12-21 04:00:00,4008.08,4055.53,3990.58,4002.9,243826.484
2021-12-21 08:00:00,4002.9,4037.69,3993.57,4025.76,154248.136
2021-12-21 12:00:00,4025.75,4063.0,3961.16,3978.16,263743.056
2021-12-21 16:00:00,3978.17,4013.58,3970.54,4007.94,120483.245
2021-12-21 20:00:00,4007.94,4042.53,3997.15,4014.38,138703.996
2021-12-22 00:00:00,4014.38,4074.99,3991.85,4048.77,198967.437
2021-12-22 04:00:00,4048.77,4059.8,4030.0,4046.91,110787.066
2021-12-22 08:00:00,4046.91,4063.04,4003.11,4021.73,170774.248
2021-12-22 12:00:00,4021.73,4030.35,3924.36,4005.86,312855.199
2021-12-22 16:00:00,4005.69,4033.65,3954.0,3995.79,171113.344
2021-12-22 20:00:00,3995.97,4018.62,3972.49,3978.62,111597.75
2021-12-23 00:00:00,3978.63,4004.34,3906.79,3959.44,331884.983
2021-12-23 04:00:00,3959.45,3971.24,3896.26,3909.65,171501.052
2021-12-23 08:00:00,3909.85,3953.32,3888.87,3932.11,232946.3
2021-12-23 12:00:00,3932.1,3964.47,3923.04,3948.3,173408.412
2021-12-23 16:00:00,3948.3,4153.71,3944.0,4133.89,490256.542
2021-12-23 20:00:00,4133.88,4143.97,4086.01,4111.3,186938.61
2021-12-24 00:00:00,4111.31,4129.7,4075.0,4091.48,155334.297
2021-12-24 04:00:00,4091.47,4099.99,4060.13,4089.03,97907.711
2021-12-24 08:00:00,4089.03,4118.62,4070.0,4078.8,149980.638
2021-12-24 12:00:00,4078.8,4112.0,4050.52,4094.09,206191.334
2021-12-24 16:00:00,4094.18,4133.38,4070.0,4077.99,195286.298
2021-12-24 20:00:00,4078.0,4079.13,4014.45,4045.0,221893.801
2021-12-25 00:00:00,4045.19,4074.43,4015.0,4038.08,138830.651
2021-12-25 04:00:00,4038.07,4060.24,4026.14,4050.9,95733.216
2021-12-25 08:00:00,4050.89,4061.32,4020.86,4049.67,126264.517
2021-12-25 12:00:00,4049.68,4107.21,4049.0,4077.53,170295.546
2021-12-25 16:00:00,4077.76,4100.01,4034.37,4076.21,187015.261
2021-12-25 20:00:00,4076.21,4138.47,4072.23,4093.87,172222.403
2021-12-26 00:00:00,4093.88,4101.29,4002.7,4012.27,200564.373
2021-12-26 04:00:00,4012.21,4037.82,4002.0,4034.96,102644.895
2021-12-26 08:00:00,4034.96,4056.0,4011.06,4031.44,127029.58
2021-12-26 12:00:00,4031.45,4066.33,4020.28,4051.95,102090.389
2021-12-26 16:00:00,4051.96,4079.63,4046.5,4074.12,89650.265
2021-12-26 20:00:00,4074.0,4104.84,4042.05,4062.24,145538.249
2021-12-27 00:00:00,4062.4,4086.73,4047.0,4079.89,99813.989
2021-12-27 04:00:00,4079.89,4081.04,4048.0,4051.16,78712.408
2021-12-27 08:00:00,4051.16,4065.77,4033.0,4059.69,116019.627
2021-12-27 12:00:00,4059.7,4113.9,4042.8,4091.33,208314.097
2021-12-27 16:00:00,4091.34,4126.0,4074.81,4078.01,179309.864
2021-12-27 20:00:00,4078.0,4091.62,4030.06,4037.36,155174.658
2021-12-28 00:00:00,4037.35,4037.36,3930.76,3959.72,334963.077
2021-12-28 04:00:00,3959.71,3959.71,3871.02,3914.53,262519.183
2021-12-28 08:00:00,3914.52,3932.0,3880.0,3918.84,213562.836
2021-12-28 12:00:00,3918.84,3931.8,3842.3,3896.3,246943.061
2021-12-28 16:00:00,3896.3,3900.12,3756.26,3806.29,462031.275
2021-12-28 20:00:00,3806.3,3841.23,3788.94,3791.99,155184.1
2021-12-29 00:00:00,3792.0,3825.91,3783.0,3814.62,114051.691
2021-12-29 04:00:00,3814.62,3819.99,3785.13,3795.5,96012.451
2021-12-29 08:00:00,3795.5,3824.93,3765.49,3789.66,194724.525
2021-12-29 12:00:00,3789.78,3799.0,3693.8,3792.77,412215.099
2021-12-29 16:00:00,3792.78,3796.72,3710.0,3724.25,148034.11
2021-12-29 20:00:00,3724.25,3767.09,3600.45,3628.55,353149.855
2021-12-30 00:00:00,3628.49,3668.3,3580.0,3647.7,257970.757
2021-12-30 04:00:00,3647.69,3717.36,3645.72,3706.4,149869.577
2021-12-30 08:00:00,3706.4,3745.0,3676.82,3736.06,155253.139
2021-12-30 12:00:00,3736.07,3748.64,3700.0,3707.41,157306.339
2021-12-30 16:00:00,3707.44,3766.71,3703.59,3749.2,145496.663
2021-12-30 20:00:00,3749.21,3757.21,3680.0,3708.37,157974.243
2021-12-31 00:00:00,3708.45,3746.56,3683.22,3740.13,165403.699
2021-12-31 04:00:00,3740.14,3759.09,3685.0,3718.41,196276.336
2021-12-31 08:00:00,3718.4,3814.95,3711.06,3778.65,340045.392
2021-12-31 12:00:00,3778.65,3811.8,3771.46,3782.8,161232.388
2021-12-31 16:00:00,3782.8,3787.73,3621.67,3625.33,303285.862
2021-12-31 20:00:00,3625.77,3712.56,3621.32,3676.02,177696.497
