datetime,open,high,low,close,volume
2017-08-17 12:00:00,301.13,301.13,298.0,298.0,5.80167
2017-08-17 12:15:00,298.0,300.8,298.0,299.39,31.44065
2017-08-17 12:30:00,299.39,300.79,299.39,299.6,52.93579
2017-08-17 12:45:00,299.6,302.57,299.6,301.61,35.49066
2017-08-17 13:00:00,301.61,302.57,300.95,302.01,81.69235
2017-08-17 13:15:00,302.01,303.28,300.0,302.21,150.11387
2017-08-17 13:30:00,302.21,303.28,302.08,303.28,96.68867
2017-08-17 13:45:00,303.28,303.28,303.1,303.1,49.17757
2017-08-17 14:00:00,302.4,302.61,302.4,302.61,40.41978
2017-08-17 14:15:00,302.02,303.71,302.02,303.11,76.84497
2017-08-17 14:30:00,303.11,304.44,302.75,303.61,148.8614
2017-08-17 14:45:00,303.61,303.61,301.9,302.68,37.74057
2017-08-17 15:00:00,302.68,303.61,302.6,303.61,124.13457
2017-08-17 15:15:00,303.61,304.97,303.61,304.61,313.11284
2017-08-17 15:30:00,304.61,304.61,304.61,304.61,122.69025
2017-08-17 15:45:00,304.61,307.96,304.53,307.96,194.80744
2017-08-17 16:00:00,307.95,309.48,307.39,308.43,75.66915
2017-08-17 16:15:00,309.48,309.77,307.0,309.77,19.89754
2017-08-17 16:30:00,309.77,309.97,308.82,309.97,39.22517
2017-08-17 16:45:00,309.97,309.97,307.86,308.62,15.95843
2017-08-17 17:00:00,308.62,310.94,308.62,310.94,108.75321
2017-08-17 17:15:00,310.94,311.46,309.62,311.46,63.47331
2017-08-17 17:30:00,309.89,312.0,309.89,311.14,214.30867
2017-08-17 17:45:00,311.13,311.13,309.29,310.0,82.7436
2017-08-17 18:00:00,310.0,310.62,309.29,310.62,40.42171
2017-08-17 18:15:00,310.62,310.62,308.54,309.22,73.30512
2017-08-17 18:30:00,309.22,310.65,309.22,310.42,50.5961
2017-08-17 18:45:00,310.42,310.97,309.3,309.3,120.06847
2017-08-17 19:00:00,308.3,308.39,307.78,308.39,109.91235
2017-08-17 19:15:00,309.3,310.4,308.92,310.4,38.75662
2017-08-17 19:30:00,310.4,310.68,308.39,309.56,75.50526
2017-08-17 19:45:00,309.56,309.56,308.39,308.95,49.11617
2017-08-17 20:00:00,308.95,310.51,308.75,310.45,105.05957
2017-08-17 20:15:00,310.45,310.45,307.98,308.76,99.86312
2017-08-17 20:30:00,308.62,308.62,308.03,308.03,105.00621
2017-08-17 20:45:00,308.12,308.62,308.04,308.62,91.86388
2017-08-17 21:00:00,308.62,309.72,308.45,308.45,82.76528
2017-08-17 21:15:00,309.52,309.52,309.15,309.52,34.25368
2017-08-17 21:30:00,309.52,309.52,308.77,308.77,114.89448
2017-08-17 21:45:00,308.77,309.4,307.77,309.4,78.66698
2017-08-17 22:00:00,307.77,308.45,305.49,307.23,314.82415
2017-08-17 22:15:00,307.23,307.59,305.54,307.59,100.82366
2017-08-17 22:30:00,307.59,308.71,307.23,307.23,80.06995
2017-08-17 22:45:00,307.23,307.23,306.17,306.5,214.54189
2017-08-17 23:00:00,306.5,307.78,306.43,306.43,36.58815
2017-08-17 23:15:00,306.43,308.76,306.43,306.43,108.15453
2017-08-17 23:30:00,306.4,306.74,303.56,306.04,232.10398
2017-08-17 23:45:00,306.04,307.06,305.79,307.06,82.57316
2017-08-18 00:00:00,307.74,307.74,298.21,305.54,338.63987
2017-08-18 00:15:00,305.12,309.4,305.12,309.4,86.79145
2017-08-18 00:30:00,308.76,312.18,308.76,312.17,42.89883
2017-08-18 00:45:00,312.17,312.17,303.72,308.0,128.48062
2017-08-18 01:00:00,308.0,308.0,308.0,308.0,17.08964
2017-08-18 01:15:00,308.0,308.33,308.0,308.33,41.52544
2017-08-18 01:30:00,308.33,308.33,303.98,308.02,81.57806
2017-08-18 01:45:00,308.02,308.33,308.02,308.33,51.75542
2017-08-18 02:00:00,308.33,310.19,298.96,308.58,59.66623
2017-08-18 02:15:00,308.58,310.64,308.58,310.64,29.61046
2017-08-18 02:30:00,311.53,311.53,301.97,309.1,87.43603
2017-08-18 02:45:00,309.1,309.1,309.1,309.1,26.94208
2017-08-18 03:00:00,309.1,309.84,302.22,302.22,108.03625
2017-08-18 03:15:00,302.22,308.71,302.22,308.71,20.75778
2017-08-18 03:30:00,308.71,309.41,308.71,309.41,20.11043
2017-08-18 03:45:00,309.41,309.41,301.6,301.6,66.73333
2017-08-18 04:00:00,301.6,309.4,301.6,308.0,94.13903
2017-08-18 04:15:00,308.0,308.0,301.88,301.88,83.07921
2017-08-18 04:30:00,301.88,302.0,299.01,302.0,48.57275
2017-08-18 04:45:00,302.0,304.79,302.0,304.79,46.63152
2017-08-18 05:00:00,304.79,305.77,304.25,304.56,73.08004
2017-08-18 05:15:00,304.56,307.02,304.56,307.02,41.47747
2017-08-18 05:30:00,307.02,308.54,307.02,308.54,89.9687
2017-08-18 05:45:00,308.54,309.4,304.04,307.44,126.01905
2017-08-18 06:00:00,308.57,310.14,308.57,309.84,49.44881
2017-08-18 06:15:00,309.84,310.26,303.44,305.62,134.54525
2017-08-18 06:30:00,305.62,310.39,305.62,310.39,76.38522
2017-08-18 06:45:00,310.39,310.74,303.59,306.74,107.98857
2017-08-18 07:00:00,306.74,310.74,306.74,310.74,35.94266
2017-08-18 07:15:00,310.74,310.85,303.02,303.02,89.00447
2017-08-18 07:30:00,303.02,304.47,302.07,304.47,53.37548
2017-08-18 07:45:00,304.47,306.2,302.0,302.0,51.28359
2017-08-18 08:00:00,302.0,306.2,300.17,302.39,118.73891
2017-08-18 08:15:00,302.39,304.88,302.39,304.88,66.36795
2017-08-18 08:30:00,304.88,305.34,298.99,301.1,101.04732
2017-08-18 08:45:00,301.1,303.63,297.4,301.19,215.1114
2017-08-18 09:00:00,300.08,302.02,300.08,302.02,36.0589
2017-08-18 09:15:00,298.67,298.75,295.19,296.19,146.12428
2017-08-18 09:30:00,296.19,305.55,296.19,305.55,117.10346
2017-08-18 09:45:00,303.82,305.55,298.73,298.73,75.12997
2017-08-18 10:00:00,298.73,304.36,298.73,304.36,30.84287
2017-08-18 10:15:00,304.36,304.7,299.61,299.61,71.71463
2017-08-18 10:30:00,299.61,301.71,299.61,301.7,29.59599
2017-08-18 10:45:00,301.7,303.19,300.05,300.52,76.815
2017-08-18 11:00:00,300.05,306.2,300.05,306.2,130.18537
2017-08-18 11:15:00,303.27,306.47,300.41,301.21,269.87328
2017-08-18 11:30:00,301.21,301.21,300.11,301.21,24.26296
2017-08-18 11:45:00,301.21,302.95,301.21,301.4,181.6109
2017-08-18 12:00:00,301.4,301.45,300.51,301.42,87.72552
2017-08-18 12:15:00,301.42,301.47,298.41,298.94,130.39905
2017-08-18 12:30:00,298.94,302.95,298.94,302.0,96.82477
2017-08-18 12:45:00,302.12,302.85,298.94,301.8,129.38861
2017-08-18 13:00:00,301.8,303.29,300.0,302.37,124.62978
2017-08-18 13:15:00,302.37,303.99,302.37,303.77,176.16717
2017-08-18 13:30:00,305.08,305.92,305.08,305.13,114.04139
2017-08-18 13:45:00,305.13,305.13,303.63,304.7,110.49523
2017-08-18 14:00:00,304.7,305.96,304.44,304.55,130.17319
2017-08-18 14:15:00,304.55,305.49,303.21,303.21,31.18593
2017-08-18 14:30:00,303.21,306.16,303.21,306.16,121.67207
2017-08-18 14:45:00,306.16,307.0,306.16,307.0,73.09101
2017-08-18 15:00:00,307.0,307.09,306.9,307.09,43.01144
2017-08-18 15:15:00,307.09,309.49,305.23,306.13,253.97892
2017-08-18 15:30:00,306.13,308.2,306.13,308.2,27.50693
2017-08-18 15:45:00,308.2,309.49,306.24,306.24,82.23515
2017-08-18 16:00:00,306.24,310.12,306.24,310.12,26.07835
2017-08-18 16:15:00,310.12,310.85,310.12,310.8,45.04057
2017-08-18 16:30:00,310.8,310.8,307.0,308.49,117.3435
2017-08-18 16:45:00,308.49,310.01,303.79,304.23,124.775
2017-08-18 17:00:00,304.23,305.91,303.22,303.22,115.35691
2017-08-18 17:15:00,303.22,305.91,303.22,305.91,40.02992
2017-08-18 17:30:00,305.91,307.72,304.5,304.85,60.19751
2017-08-18 17:45:00,304.85,305.81,303.65,304.71,90.47507
2017-08-18 18:00:00,304.73,305.81,304.73,305.81,30.51526
2017-08-18 18:15:00,305.81,307.16,305.72,306.78,165.94341
2017-08-18 18:30:00,306.78,310.01,306.78,310.01,49.3015
2017-08-18 18:45:00,310.01,311.06,306.24,308.88,86.80413
2017-08-18 19:00:00,308.88,310.23,308.88,310.23,46.67146
2017-08-18 19:15:00,311.06,311.71,307.54,308.5,81.74175
2017-08-18 19:30:00,308.5,311.71,308.5,311.71,38.45949
2017-08-18 19:45:00,311.71,311.79,306.27,307.78,94.279
2017-08-18 20:00:00,307.78,307.8,306.27,307.8,57.35696
2017-08-18 20:15:00,307.8,310.29,307.8,310.29,38.21553
2017-08-18 20:30:00,310.29,310.29,306.24,309.45,145.38555
2017-08-18 20:45:00,309.45,310.26,305.73,308.47,147.21404
2017-08-18 21:00:00,307.17,309.66,303.65,309.66,70.67294
2017-08-18 21:15:00,309.66,309.66,301.3,301.3,111.88027
2017-08-18 21:30:00,306.0,308.3,301.3,302.15,128.91559
2017-08-18 21:45:00,302.15,303.46,302.15,303.22,45.72161
2017-08-18 22:00:00,303.22,303.22,301.2,302.17,77.35178
2017-08-18 22:15:00,302.17,302.17,298.6,298.6,100.43307
2017-08-18 22:30:00,299.01,299.01,296.32,298.96,117.29851
2017-08-18 22:45:00,298.96,300.07,296.92,298.52,103.56308
2017-08-18 23:00:00,298.52,300.07,298.52,299.68,26.9052
2017-08-18 23:15:00,299.68,299.68,297.91,299.45,43.17701
2017-08-18 23:30:00,299.45,299.46,297.45,299.46,70.72376
2017-08-18 23:45:00,299.46,300.99,297.32,298.8,74.17981
2017-08-19 00:00:00,298.8,299.02,295.64,299.02,44.65978
2017-08-19 00:15:00,299.02,300.99,298.4,300.99,68.02326
2017-08-19 00:30:00,300.99,301.11,298.17,300.81,191.5295
2017-08-19 00:45:00,300.81,300.81,299.21,299.21,99.75132
2017-08-19 01:00:00,297.5,299.21,297.5,298.65,99.52336
2017-08-19 01:15:00,298.65,298.65,295.01,295.01,135.44058
2017-08-19 01:30:00,295.01,295.76,293.18,295.6,92.40743
2017-08-19 01:45:00,295.6,297.2,295.53,295.53,31.75088
2017-08-19 02:00:00,295.53,297.2,294.42,296.43,105.54716
2017-08-19 02:15:00,296.43,298.25,295.08,297.0,44.94894
2017-08-19 02:30:00,295.46,297.0,291.84,294.24,81.70504
2017-08-19 02:45:00,294.24,294.24,289.75,289.75,180.19377
2017-08-19 03:00:00,289.75,292.18,288.65,290.42,201.00984
2017-08-19 03:15:00,290.42,292.08,287.37,292.08,34.78082
2017-08-19 03:30:00,292.08,295.6,289.85,293.43,140.01543
2017-08-19 03:45:00,293.43,295.46,291.94,293.83,69.42788
2017-08-19 04:00:00,295.46,295.46,289.85,291.72,218.07071
2017-08-19 04:15:00,289.18,291.72,289.18,291.7,110.67621
2017-08-19 04:30:00,291.7,291.7,288.25,289.18,324.70129
2017-08-19 04:45:00,289.04,294.19,289.04,291.87,94.76716
2017-08-19 05:00:00,291.87,291.87,287.37,287.37,243.83352
2017-08-19 05:15:00,289.99,290.16,287.37,289.1,136.72269
2017-08-19 05:30:00,289.1,289.1,285.48,287.13,54.36189
2017-08-19 05:45:00,283.94,290.25,283.94,286.3,167.11702
2017-08-19 06:00:00,288.01,288.01,284.02,286.14,124.16188
2017-08-19 06:15:00,286.14,292.91,285.36,292.91,243.09132
2017-08-19 06:30:00,290.58,292.91,290.58,292.17,21.93594
2017-08-19 06:45:00,292.17,294.19,290.84,293.74,88.65539
2017-08-19 07:00:00,293.74,294.18,290.59,293.33,23.94983
2017-08-19 07:15:00,293.33,293.96,289.97,289.97,10.85639
2017-08-19 07:30:00,293.96,293.96,290.84,292.66,7.43618
2017-08-19 07:45:00,292.66,293.96,292.66,293.96,51.67716
2017-08-19 08:00:00,293.31,293.98,293.31,293.96,10.11296
2017-08-19 08:15:00,293.98,293.98,293.31,293.98,16.1461
2017-08-19 08:30:00,293.87,296.18,293.87,294.49,48.42437
2017-08-19 08:45:00,297.15,297.15,295.44,295.44,11.31807
2017-08-19 09:00:00,297.15,297.15,295.69,295.82,15.22214
2017-08-19 09:15:00,295.82,298.2,294.24,297.19,24.01774
2017-08-19 09:30:00,297.19,297.19,296.79,296.79,2.716
2017-08-19 09:45:00,297.19,297.19,297.19,297.19,0.00789
2017-08-19 10:00:00,297.19,297.19,297.19,297.19,0.0
2017-08-19 10:15:00,297.19,299.84,297.19,299.84,57.27142
2017-08-19 10:30:00,298.8,298.8,296.81,298.8,24.18771
2017-08-19 10:45:00,296.56,299.84,296.56,299.84,6.03055
2017-08-19 11:00:00,298.64,298.64,295.82,295.82,4.20632
2017-08-19 11:15:00,295.52,297.19,293.21,297.19,44.87191
2017-08-19 11:30:00,296.26,296.26,293.22,293.22,9.63158
2017-08-19 11:45:00,293.22,293.22,292.83,293.22,8.02821
2017-08-19 12:00:00,294.69,297.19,294.56,297.19,1.96176
2017-08-19 12:15:00,294.79,297.19,294.21,294.21,11.8555
2017-08-19 12:30:00,295.1,295.1,295.05,295.05,3.6
2017-08-19 12:45:00,295.05,295.05,291.87,291.87,25.57534
2017-08-19 13:00:00,297.17,299.9,296.0,296.92,24.54982
2017-08-19 13:15:00,296.92,296.92,293.34,293.34,0.54642
2017-08-19 13:30:00,291.87,292.36,291.87,292.36,4.367
2017-08-19 13:45:00,293.23,293.23,293.23,293.23,5.55
2017-08-19 14:00:00,293.69,295.56,293.69,294.33,15.773
2017-08-19 14:15:00,294.33,294.33,293.17,293.17,5.49624
2017-08-19 14:30:00,292.6,292.6,289.97,292.17,17.78538
2017-08-19 14:45:00,291.61,292.17,289.02,289.02,5.96758
2017-08-19 15:00:00,289.02,292.17,287.83,292.17,65.6105
2017-08-19 15:15:00,291.0,292.17,288.29,289.84,11.89572
2017-08-19 15:30:00,289.83,289.83,287.01,288.91,23.58196
2017-08-19 15:45:00,287.95,290.16,287.95,290.16,11.17588
2017-08-19 16:00:00,290.16,290.16,288.65,290.16,17.39745
2017-08-19 16:15:00,288.86,290.16,287.0,288.72,15.77148
2017-08-19 16:30:00,287.55,288.99,287.55,288.99,33.18401
2017-08-19 16:45:00,288.99,288.99,287.97,288.4,82.02245
2017-08-19 17:00:00,287.66,288.8,287.66,288.8,107.51315
2017-08-19 17:15:00,288.23,290.04,288.23,288.87,64.46184
2017-08-19 17:30:00,288.87,293.17,288.87,293.17,56.94571
2017-08-19 17:45:00,290.3,290.3,290.3,290.3,0.00387
2017-08-19 18:00:00,291.36,292.24,288.91,288.91,135.15735
2017-08-19 18:15:00,288.91,289.16,287.76,288.15,109.75699
2017-08-19 18:30:00,288.15,288.15,285.15,285.15,169.29038
2017-08-19 18:45:00,285.15,288.02,283.58,287.14,33.24796
2017-08-19 19:00:00,285.97,287.15,282.67,284.84,144.19913
2017-08-19 19:15:00,286.27,287.14,283.84,285.47,83.38935
2017-08-19 19:30:00,283.87,285.56,279.5,279.5,32.13812
2017-08-19 19:45:00,279.5,282.59,278.0,282.58,54.55121
2017-08-19 20:00:00,281.39,283.47,280.42,282.44,36.30048
2017-08-19 20:15:00,279.56,284.64,279.56,283.18,45.27085
2017-08-19 20:30:00,283.18,289.16,283.17,289.15,74.56294
2017-08-19 20:45:00,289.15,290.85,288.57,290.85,10.1899
2017-08-19 21:00:00,290.16,290.16,290.16,290.16,1.79074
2017-08-19 21:15:00,288.04,288.04,288.04,288.04,3.022
2017-08-19 21:30:00,288.04,288.38,286.59,288.38,14.51801
2017-08-19 21:45:00,288.07,288.07,286.36,286.36,1.6144
2017-08-19 22:00:00,285.5,285.5,284.69,284.69,7.362
2017-08-19 22:15:00,286.66,287.06,286.66,287.06,0.00724
2017-08-19 22:30:00,288.64,288.64,288.62,288.62,0.08619
2017-08-19 22:45:00,283.01,283.01,283.0,283.0,6.36269
2017-08-19 23:00:00,283.88,286.56,283.88,286.56,27.1
2017-08-19 23:15:00,286.56,286.56,286.56,286.56,0.09583
2017-08-19 23:30:00,284.24,285.49,284.24,284.25,7.2084
2017-08-19 23:45:00,286.56,288.64,283.01,288.64,52.80827
2017-08-20 00:00:00,288.64,289.89,287.94,289.48,30.2453
2017-08-20 00:15:00,289.48,290.16,286.22,288.09,17.97358
2017-08-20 00:30:00,288.09,288.09,286.12,287.15,0.12773
2017-08-20 00:45:00,287.1,287.1,286.14,286.14,13.60223
2017-08-20 01:00:00,286.19,286.19,284.16,284.16,5.395
2017-08-20 01:15:00,288.66,288.66,288.66,288.66,0.05116
2017-08-20 01:30:00,287.31,290.46,287.31,290.46,0.73912
2017-08-20 01:45:00,288.88,293.15,288.88,293.15,4.94463
2017-08-20 02:00:00,294.33,294.33,288.95,290.6,18.73297
2017-08-20 02:15:00,294.14,295.0,291.88,295.0,18.23392
2017-08-20 02:30:00,295.0,295.0,295.0,295.0,0.31131
2017-08-20 02:45:00,293.42,295.0,293.42,295.0,3.86062
2017-08-20 03:00:00,292.64,293.38,292.63,293.34,6.94641
2017-08-20 03:15:00,291.99,293.38,291.99,293.32,6.19868
2017-08-20 03:30:00,293.31,293.31,293.31,293.31,0.02323
2017-08-20 03:45:00,293.31,293.31,293.31,293.31,0.0
2017-08-20 04:00:00,293.31,293.31,293.31,293.31,0.0
2017-08-20 04:15:00,290.6,290.6,288.92,290.53,4.65304
2017-08-20 04:30:00,290.41,290.41,289.58,289.58,2.83312
2017-08-20 04:45:00,289.58,291.85,288.8,290.31,6.32118
2017-08-20 05:00:00,289.9,289.9,289.9,289.9,1.1
2017-08-20 05:15:00,292.29,292.34,292.29,292.34,5.70543
2017-08-20 05:30:00,292.34,292.34,292.34,292.34,0.0
2017-08-20 05:45:00,291.57,293.25,291.24,293.25,18.22497
2017-08-20 06:00:00,293.25,294.9,293.25,294.9,18.77686
2017-08-20 06:15:00,291.93,294.88,291.93,294.88,6.22178
2017-08-20 06:30:00,293.5,293.5,290.91,290.91,10.16
2017-08-20 06:45:00,290.91,290.91,290.91,290.91,0.0
2017-08-20 07:00:00,290.91,290.91,290.91,290.91,0.0
2017-08-20 07:15:00,290.91,290.91,290.91,290.91,0.0
2017-08-20 07:30:00,290.91,290.91,290.91,290.91,0.0
2017-08-20 07:45:00,290.91,290.91,290.91,290.91,0.0
2017-08-20 08:00:00,289.41,292.42,289.4,292.42,4.76142
2017-08-20 08:15:00,287.8,287.8,286.91,286.91,10.7
2017-08-20 08:30:00,286.91,286.91,286.91,286.91,0.0
2017-08-20 08:45:00,287.0,287.0,287.0,287.0,0.08351
2017-08-20 09:00:00,287.4,288.85,287.4,288.85,7.6233
2017-08-20 09:15:00,288.85,288.85,285.96,288.84,5.30605
2017-08-20 09:30:00,288.84,288.84,287.11,288.84,3.73871
2017-08-20 09:45:00,288.83,290.87,288.83,289.94,0.58046
2017-08-20 10:00:00,289.94,289.94,289.94,289.94,0.0
2017-08-20 10:15:00,289.94,289.94,289.94,289.94,9.12956
2017-08-20 10:30:00,287.66,292.41,287.66,292.41,19.89589
2017-08-20 10:45:00,292.41,292.42,292.41,292.42,3.57382
2017-08-20 11:00:00,292.42,292.42,292.42,292.42,3.0
2017-08-20 11:15:00,292.42,292.42,292.42,292.42,0.0
2017-08-20 11:30:00,289.47,289.47,289.47,289.47,0.00478
2017-08-20 11:45:00,292.41,292.41,292.41,292.41,0.00342
2017-08-20 12:00:00,292.41,292.41,292.41,292.41,0.0
2017-08-20 12:15:00,287.97,288.31,287.97,288.31,3.31804
2017-08-20 12:30:00,288.31,288.31,288.3,288.3,3.341
2017-08-20 12:45:00,288.3,288.3,288.3,288.3,0.0
2017-08-20 13:00:00,288.3,288.3,288.3,288.3,0.0
2017-08-20 13:15:00,285.39,291.59,285.39,291.59,5.15738
2017-08-20 13:30:00,291.59,293.15,287.87,292.17,36.01883
2017-08-20 13:45:00,290.01,292.17,290.01,292.17,1.72135
2017-08-20 14:00:00,292.17,292.17,292.17,292.17,0.02964
2017-08-20 14:15:00,290.01,293.15,290.01,293.14,25.92403
2017-08-20 14:30:00,290.15,293.14,289.0,293.14,7.90264
2017-08-20 14:45:00,293.13,293.13,291.81,293.12,1.15187
2017-08-20 15:00:00,293.1,293.1,291.5,292.5,21.41597
2017-08-20 15:15:00,292.5,293.15,291.82,293.15,15.71588
2017-08-20 15:30:00,293.15,295.0,289.18,295.0,73.87577
2017-08-20 15:45:00,292.75,295.56,287.87,292.08,56.68988
2017-08-20 16:00:00,293.02,295.56,290.5,295.55,28.26871
2017-08-20 16:15:00,290.44,295.55,282.85,295.54,92.72085
2017-08-20 16:30:00,289.19,295.98,289.19,295.98,37.96175
2017-08-20 16:45:00,295.98,295.98,295.98,295.98,0.57038
2017-08-20 17:00:00,292.59,295.96,292.59,295.96,4.72779
2017-08-20 17:15:00,295.96,295.96,295.96,295.96,0.13825
2017-08-20 17:30:00,295.96,295.96,295.96,295.96,0.0
2017-08-20 17:45:00,295.96,295.96,295.96,295.96,0.0
2017-08-20 18:00:00,295.97,295.97,295.97,295.97,0.04561
2017-08-20 18:15:00,295.97,295.97,295.97,295.97,0.0
2017-08-20 18:30:00,294.27,295.97,293.43,294.27,16.45338
2017-08-20 18:45:00,294.27,296.89,294.27,295.51,8.33651
2017-08-20 19:00:00,292.59,295.51,292.59,292.59,6.71047
2017-08-20 19:15:00,295.49,295.49,295.45,295.45,0.72422
2017-08-20 19:30:00,293.12,295.48,293.12,294.62,16.44742
2017-08-20 19:45:00,294.62,295.0,293.87,295.0,27.65434
2017-08-20 20:00:00,295.0,295.49,294.29,295.49,30.73714
2017-08-20 20:15:00,295.18,295.49,295.18,295.49,13.0569
2017-08-20 20:30:00,294.88,296.89,294.88,295.58,11.56779
2017-08-20 20:45:00,296.89,296.92,295.6,296.92,1.99161
2017-08-20 21:00:00,296.39,296.39,292.28,292.28,0.56547
2017-08-20 21:15:00,292.28,292.28,292.28,292.28,0.0
2017-08-20 21:30:00,292.28,292.28,292.28,292.28,0.0
2017-08-20 21:45:00,293.41,293.41,293.41,293.41,5.53
2017-08-20 22:00:00,293.41,293.41,293.41,293.41,0.0
2017-08-20 22:15:00,293.41,293.41,293.41,293.41,0.0
2017-08-20 22:30:00,293.41,293.41,293.41,293.41,0.0
2017-08-20 22:45:00,294.25,294.25,294.25,294.25,3.9
2017-08-20 23:00:00,294.25,294.25,294.25,294.25,0.0
2017-08-20 23:15:00,295.16,295.16,295.16,295.16,0.0062
2017-08-20 23:30:00,295.1,295.1,295.1,295.1,0.00959
2017-08-20 23:45:00,295.1,295.1,295.1,295.1,0.0
2017-08-21 00:00:00,295.1,297.92,293.77,295.23,33.56746
2017-08-21 00:15:00,295.22,295.22,293.28,295.22,12.21626
2017-08-21 00:30:00,295.22,295.23,294.43,295.23,19.84044
2017-08-21 00:45:00,296.46,296.46,293.64,296.46,8.40046
2017-08-21 01:00:00,296.46,297.92,293.63,293.63,42.49089
2017-08-21 01:15:00,293.63,296.78,293.63,296.78,2.73883
2017-08-21 01:30:00,296.77,296.77,294.72,294.72,4.71764
2017-08-21 01:45:00,294.72,298.79,294.72,296.88,50.76435
2017-08-21 02:00:00,296.88,300.53,296.82,298.57,8.46438
2017-08-21 02:15:00,295.97,298.56,295.89,298.56,19.97633
2017-08-21 02:30:00,298.56,298.56,298.4,298.4,1.96591
2017-08-21 02:45:00,297.11,298.57,297.11,298.57,10.59959
2017-08-21 03:00:00,298.57,298.57,298.57,298.57,0.17108
2017-08-21 03:15:00,296.83,298.2,296.83,298.2,11.91828
2017-08-21 03:30:00,296.19,298.57,294.91,298.57,39.52392
2017-08-21 03:45:00,298.57,298.57,295.97,297.88,94.21113
2017-08-21 04:00:00,297.87,297.87,296.28,296.29,26.04897
2017-08-21 04:15:00,296.28,297.88,294.51,295.39,93.0424
2017-08-21 04:30:00,295.39,296.43,294.9,296.18,96.11357
2017-08-21 04:45:00,296.18,297.27,296.18,297.27,44.86511
2017-08-21 05:00:00,297.27,297.57,295.6,296.86,98.75555
2017-08-21 05:15:00,296.86,296.86,295.19,296.39,74.1997
2017-08-21 05:30:00,296.39,298.3,296.37,296.69,106.25495
2017-08-21 05:45:00,298.14,298.14,297.19,298.13,74.34094
2017-08-21 06:00:00,298.13,298.46,297.6,298.31,106.21759
2017-08-21 06:15:00,298.31,298.4,298.18,298.4,42.23509
2017-08-21 06:30:00,298.29,298.4,297.64,298.1,215.39691
2017-08-21 06:45:00,298.49,299.52,298.01,298.19,58.56194
2017-08-21 07:00:00,297.68,299.52,297.31,298.39,177.5133
2017-08-21 07:15:00,298.39,300.52,297.19,298.76,122.3935
2017-08-21 07:30:00,298.76,300.08,298.75,300.08,56.60335
2017-08-21 07:45:00,300.08,300.53,299.1,299.1,127.24131
2017-08-21 08:00:00,299.1,300.52,295.76,299.02,148.37986
2017-08-21 08:15:00,299.02,300.8,296.13,300.8,95.99531
2017-08-21 08:30:00,300.8,300.9,297.8,300.9,37.82619
2017-08-21 08:45:00,299.7,300.7,299.25,300.7,88.46548
2017-08-21 09:00:00,300.7,300.7,297.71,298.3,97.18496
2017-08-21 09:15:00,298.3,299.2,297.8,297.8,41.26205
2017-08-21 09:30:00,297.8,299.0,297.8,297.8,1.48154
2017-08-21 09:45:00,296.8,299.0,294.6,299.0,73.573
2017-08-21 10:00:00,299.0,299.0,295.6,297.68,22.97606
2017-08-21 10:15:00,297.68,298.11,294.6,294.8,30.36263
2017-08-21 10:30:00,295.5,295.5,295.5,295.5,0.05635
2017-08-21 10:45:00,295.5,298.11,295.5,297.51,18.35786
2017-08-21 11:00:00,299.0,299.0,297.12,298.8,22.21476
2017-08-21 11:15:00,299.71,299.71,298.65,298.65,18.85361
2017-08-21 11:30:00,297.94,299.71,297.94,299.71,11.12287
2017-08-21 11:45:00,299.71,299.85,298.82,299.85,15.69342
2017-08-21 12:00:00,300.03,301.85,299.11,301.85,25.69513
2017-08-21 12:15:00,301.85,301.85,300.17,300.5,80.59265
2017-08-21 12:30:00,300.5,303.39,300.5,303.21,94.41795
2017-08-21 12:45:00,303.21,304.83,302.93,303.91,74.95247
2017-08-21 13:00:00,303.91,306.22,303.91,306.22,46.15218
2017-08-21 13:15:00,306.21,307.5,305.06,307.4,95.22415
2017-08-21 13:30:00,307.4,312.71,306.77,311.35,82.863
2017-08-21 13:45:00,311.35,314.28,309.23,314.05,32.27047
2017-08-21 14:00:00,314.05,315.0,313.28,314.9,16.24641
2017-08-21 14:15:00,314.62,329.22,314.62,329.22,121.8162
2017-08-21 14:30:00,329.22,329.49,320.13,323.06,60.04273
2017-08-21 14:45:00,323.06,323.07,315.24,321.79,34.60355
2017-08-21 15:00:00,320.28,325.3,317.0,321.78,33.14747
2017-08-21 15:15:00,318.95,322.87,318.86,319.79,12.56093
2017-08-21 15:30:00,317.67,318.71,314.12,318.7,23.99055
2017-08-21 15:45:00,317.75,318.7,313.0,318.5,53.99529
2017-08-21 16:00:00,317.48,317.48,317.48,317.48,0.04471
2017-08-21 16:15:00,316.23,323.16,312.75,323.16,11.57598
2017-08-21 16:30:00,319.69,324.3,319.69,323.29,7.06748
2017-08-21 16:45:00,317.95,319.28,317.95,318.72,2.82183
2017-08-21 17:00:00,317.86,318.27,314.98,314.98,5.89314
2017-08-21 17:15:00,317.86,318.26,317.85,317.85,3.6875
2017-08-21 17:30:00,317.25,317.25,315.0,315.0,8.09128
2017-08-21 17:45:00,315.01,317.97,315.0,317.29,5.86536
2017-08-21 18:00:00,317.29,325.3,317.29,322.08,71.46331
2017-08-21 18:15:00,322.08,322.08,318.27,320.0,13.08624
2017-08-21 18:30:00,318.27,321.29,316.77,321.29,0.39119
2017-08-21 18:45:00,321.21,321.21,321.21,321.21,0.40526
2017-08-21 19:00:00,318.99,324.97,318.99,324.97,2.18185
2017-08-21 19:15:00,320.87,324.97,314.63,314.97,12.13399
2017-08-21 19:30:00,314.8,322.19,312.6,313.23,25.0057
2017-08-21 19:45:00,324.97,333.66,321.13,331.53,37.66204
2017-08-21 20:00:00,331.33,331.33,326.7,328.6,28.22329
2017-08-21 20:15:00,326.7,331.3,325.42,331.3,23.83702
2017-08-21 20:30:00,330.31,331.3,326.7,326.7,14.72846
2017-08-21 20:45:00,328.52,331.3,328.52,331.3,28.03389
2017-08-21 21:00:00,331.3,334.26,329.41,333.33,41.35885
2017-08-21 21:15:00,337.64,341.18,336.0,337.06,190.88994
2017-08-21 21:30:00,337.06,342.71,336.54,342.71,48.76702
2017-08-21 21:45:00,345.27,346.52,342.81,346.52,121.37628
2017-08-21 22:00:00,344.38,345.31,335.0,343.46,117.3789
2017-08-21 22:15:00,343.0,343.0,334.74,334.75,34.03746
2017-08-21 22:30:00,336.35,336.35,328.68,332.33,131.02737
2017-08-21 22:45:00,332.33,335.74,332.0,334.17,97.50275
2017-08-21 23:00:00,334.17,335.74,332.53,332.53,43.7335
2017-08-21 23:15:00,332.53,334.34,330.89,331.33,107.64277
2017-08-21 23:30:00,332.33,337.42,329.47,337.42,102.66651
2017-08-21 23:45:00,333.79,338.34,333.79,334.94,96.23624
2017-08-22 00:00:00,334.34,336.76,333.25,335.73,142.11002
2017-08-22 00:15:00,335.73,338.34,333.75,338.34,96.56997
2017-08-22 00:30:00,338.34,338.34,335.17,337.04,38.22824
2017-08-22 00:45:00,338.33,338.33,338.33,338.33,0.0147
2017-08-22 01:00:00,337.95,341.5,337.65,341.5,78.41473
2017-08-22 01:15:00,341.45,342.72,336.56,339.5,163.35427
2017-08-22 01:30:00,339.5,340.83,333.75,335.34,150.07237
2017-08-22 01:45:00,335.34,335.34,330.8,332.33,117.2487
2017-08-22 02:00:00,332.12,332.61,330.32,330.32,98.2865
2017-08-22 02:15:00,329.94,333.63,328.73,333.53,22.6182
2017-08-22 02:30:00,330.52,333.06,327.81,328.48,161.22171
2017-08-22 02:45:00,328.48,328.48,316.82,316.82,221.5267
2017-08-22 03:00:00,328.47,332.09,328.46,332.09,167.12129
2017-08-22 03:15:00,332.09,332.09,327.7,329.13,24.60494
2017-08-22 03:30:00,330.52,331.61,328.4,330.52,126.2395
2017-08-22 03:45:00,330.52,332.33,329.69,329.71,107.44088
2017-08-22 04:00:00,332.27,332.74,326.69,329.32,173.40312
2017-08-22 04:15:00,328.31,328.31,325.37,325.47,86.65291
2017-08-22 04:30:00,326.9,326.9,322.93,324.29,17.18078
2017-08-22 04:45:00,323.28,326.8,320.88,325.28,12.22678
2017-08-22 05:00:00,324.05,324.05,319.49,319.49,24.99571
2017-08-22 05:15:00,320.33,320.33,318.42,318.42,22.29413
2017-08-22 05:30:00,318.42,319.2,318.42,319.2,5.61122
2017-08-22 05:45:00,319.2,326.8,318.81,326.79,5.55852
2017-08-22 06:00:00,325.79,325.79,322.09,324.78,20.46746
2017-08-22 06:15:00,324.78,324.78,321.12,323.29,3.0055
2017-08-22 06:30:00,323.29,324.76,321.18,322.37,3.0689
2017-08-22 06:45:00,323.59,323.59,318.45,318.45,3.29353
2017-08-22 07:00:00,318.25,321.87,318.25,319.78,9.42675
2017-08-22 07:15:00,318.01,319.77,317.05,318.67,8.56051
2017-08-22 07:30:00,316.12,320.79,316.12,319.94,25.61007
2017-08-22 07:45:00,320.79,323.29,318.55,323.29,35.82262
2017-08-22 08:00:00,321.04,322.29,319.53,319.53,27.39102
2017-08-22 08:15:00,318.72,322.0,318.72,319.9,51.06491
2017-08-22 08:30:00,319.9,330.41,319.9,329.31,231.67094
2017-08-22 08:45:00,327.66,329.32,323.04,323.04,96.22263
2017-08-22 09:00:00,323.04,325.07,320.0,320.0,35.95224
2017-08-22 09:15:00,320.0,323.58,317.23,322.5,6.7958
2017-08-22 09:30:00,317.24,322.5,306.88,315.43,103.66949
2017-08-22 09:45:00,313.99,313.99,302.27,309.97,23.3146
2017-08-22 10:00:00,309.96,310.58,302.27,305.0,16.60768
2017-08-22 10:15:00,301.4,315.2,301.4,315.2,4.32988
2017-08-22 10:30:00,315.19,315.19,307.3,311.39,19.84144
2017-08-22 10:45:00,308.35,314.99,308.35,312.99,102.71191
2017-08-22 11:00:00,310.0,317.68,307.54,314.82,61.28978
2017-08-22 11:15:00,314.82,314.82,302.18,314.77,6.94474
2017-08-22 11:30:00,302.19,313.1,302.08,313.09,10.44101
2017-08-22 11:45:00,310.06,310.06,280.0,280.0,11.36717
2017-08-22 12:00:00,144.21,309.03,144.21,304.86,80.98701
2017-08-22 12:15:00,304.86,309.03,300.75,302.98,32.55377
2017-08-22 12:30:00,300.0,302.96,298.77,301.2,9.07217
2017-08-22 12:45:00,300.0,300.0,287.0,287.0,27.30081
2017-08-22 13:00:00,287.0,297.18,283.87,290.0,7.7662
2017-08-22 13:15:00,283.87,303.0,282.39,303.0,8.39797
2017-08-22 13:30:00,300.61,300.61,279.96,279.96,12.13558
2017-08-22 13:45:00,279.96,279.96,279.96,279.96,0.0
2017-08-22 14:00:00,302.99,302.99,302.9,302.9,13.05074
2017-08-22 14:15:00,302.9,309.04,285.69,309.04,79.24195
2017-08-22 14:30:00,309.04,310.24,307.33,310.24,48.05568
2017-08-22 14:45:00,308.43,308.43,305.22,305.37,87.66351
2017-08-22 15:00:00,305.37,305.37,299.25,300.23,67.01938
2017-08-22 15:15:00,300.23,300.24,294.38,297.76,125.53231
2017-08-22 15:30:00,297.75,303.39,296.29,303.39,68.0276
2017-08-22 15:45:00,303.39,303.39,300.35,300.35,40.66781
2017-08-22 16:00:00,300.35,302.26,296.0,301.08,327.21036
2017-08-22 16:15:00,301.08,301.08,297.92,300.29,30.36949
2017-08-22 16:30:00,300.29,300.29,297.3,297.3,74.43895
2017-08-22 16:45:00,297.3,299.82,297.3,299.82,84.25892
2017-08-22 17:00:00,301.09,305.37,300.3,305.37,119.74636
2017-08-22 17:15:00,305.36,309.65,305.36,309.24,192.18424
2017-08-22 17:30:00,309.23,310.24,309.23,309.24,88.45256
2017-08-22 17:45:00,309.24,310.24,304.96,308.33,157.1972
2017-08-22 18:00:00,308.33,308.43,305.4,306.49,73.72979
2017-08-22 18:15:00,306.49,311.39,306.49,311.39,143.25557
2017-08-22 18:30:00,311.39,313.16,310.99,311.17,256.93735
2017-08-22 18:45:00,311.16,311.24,309.4,310.24,63.75267
2017-08-22 19:00:00,309.4,312.93,306.97,307.01,317.50982
2017-08-22 19:15:00,311.23,311.23,307.0,311.23,110.1577
2017-08-22 19:30:00,311.0,311.24,308.03,311.23,62.48933
2017-08-22 19:45:00,311.23,311.23,308.02,308.03,74.43474
2017-08-22 20:00:00,311.16,311.23,306.23,307.54,230.42864
2017-08-22 20:15:00,307.54,308.48,304.53,307.9,221.93173
2017-08-22 20:30:00,310.23,311.23,306.77,309.61,63.37018
2017-08-22 20:45:00,311.23,311.24,306.65,311.23,156.15457
2017-08-22 21:00:00,306.66,310.27,306.66,309.24,104.7235
2017-08-22 21:15:00,310.27,310.27,306.66,307.81,105.96217
2017-08-22 21:30:00,307.81,310.24,306.66,306.66,139.00914
2017-08-22 21:45:00,308.07,310.24,306.65,307.08,55.0793
2017-08-22 22:00:00,307.08,309.53,305.51,305.51,132.3038
2017-08-22 22:15:00,305.51,308.19,302.42,304.76,111.82592
2017-08-22 22:30:00,302.42,306.84,301.48,306.84,76.59253
2017-08-22 22:45:00,303.88,306.85,303.88,305.48,72.37507
2017-08-22 23:00:00,305.48,308.19,304.88,308.16,27.23026
2017-08-22 23:15:00,306.03,309.54,306.03,307.05,86.97459
2017-08-22 23:30:00,307.05,309.85,305.08,307.66,114.4667
2017-08-22 23:45:00,307.66,308.66,306.65,308.39,58.4025
2017-08-23 00:00:00,305.08,309.84,305.08,308.63,22.65126
2017-08-23 00:15:00,306.93,309.82,306.72,309.76,69.33085
2017-08-23 00:30:00,311.35,315.5,309.77,315.0,249.83133
2017-08-23 00:45:00,315.98,320.24,315.98,317.74,113.72523
2017-08-23 01:00:00,316.24,320.76,314.74,316.74,79.26135
2017-08-23 01:15:00,316.74,319.77,314.75,317.26,45.03508
2017-08-23 01:30:00,314.74,315.0,312.0,313.98,58.12618
2017-08-23 01:45:00,312.02,313.99,312.0,312.07,64.62683
2017-08-23 02:00:00,313.99,315.25,312.0,312.0,16.16244
2017-08-23 02:15:00,313.96,315.17,312.0,313.8,71.3564
2017-08-23 02:30:00,312.17,315.17,312.0,312.0,112.22198
2017-08-23 02:45:00,312.0,314.11,309.6,310.77,178.30658
2017-08-23 03:00:00,310.77,314.83,310.77,312.87,17.51392
2017-08-23 03:15:00,311.8,313.44,309.12,310.0,46.63607
2017-08-23 03:30:00,313.44,313.44,310.0,312.87,73.45404
2017-08-23 03:45:00,312.87,312.87,307.03,307.03,86.01156
2017-08-23 04:00:00,307.03,308.23,305.66,306.23,129.72653
2017-08-23 04:15:00,306.23,311.56,306.23,307.03,74.59062
2017-08-23 04:30:00,308.77,311.57,307.02,308.0,19.72211
2017-08-23 04:45:00,311.57,312.0,307.03,310.19,27.2185
2017-08-23 05:00:00,310.27,311.99,309.23,309.4,49.9299
2017-08-23 05:15:00,309.4,311.99,308.14,308.14,71.43296
2017-08-23 05:30:00,308.14,311.4,305.08,305.08,66.21865
2017-08-23 05:45:00,306.66,309.97,306.66,309.16,89.55356
2017-08-23 06:00:00,309.16,311.41,309.16,309.17,44.10203
2017-08-23 06:15:00,309.17,312.0,309.17,312.0,31.54827
2017-08-23 06:30:00,311.67,312.0,309.18,311.33,102.09776
2017-08-23 06:45:00,311.56,313.1,309.19,310.61,124.50866
2017-08-23 07:00:00,310.61,313.05,306.9,307.06,94.67768
2017-08-23 07:15:00,307.98,311.8,307.06,308.29,74.55578
2017-08-23 07:30:00,308.29,313.99,308.28,313.99,58.39233
2017-08-23 07:45:00,309.87,312.33,308.28,309.8,143.78106
2017-08-23 08:00:00,312.25,312.81,309.8,310.77,60.00715
2017-08-23 08:15:00,312.8,312.8,309.41,310.94,26.39378
2017-08-23 08:30:00,310.94,313.99,310.77,310.77,58.01227
2017-08-23 08:45:00,313.99,313.99,309.41,312.45,58.51825
2017-08-23 09:00:00,310.56,314.0,310.56,311.0,52.60596
2017-08-23 09:15:00,312.76,314.38,310.56,311.54,36.40155
2017-08-23 09:30:00,314.33,314.51,311.54,313.2,35.76503
2017-08-23 09:45:00,313.2,314.82,312.66,312.67,45.30176
2017-08-23 10:00:00,314.8,315.26,312.66,315.26,117.23408
2017-08-23 10:15:00,313.15,316.26,312.94,312.96,197.64727
2017-08-23 10:30:00,312.96,316.16,312.96,312.98,109.63631
2017-08-23 10:45:00,313.02,316.27,313.02,314.15,57.71191
2017-08-23 11:00:00,315.71,317.26,313.01,313.02,96.10885
2017-08-23 11:15:00,317.26,318.68,313.96,318.68,44.54807
2017-08-23 11:30:00,318.68,319.78,314.93,314.98,28.69648
2017-08-23 11:45:00,319.77,319.78,312.98,317.26,63.74475
2017-08-23 12:00:00,315.45,320.48,315.45,317.56,105.53185
2017-08-23 12:15:00,318.73,321.49,318.73,320.28,152.3223
2017-08-23 12:30:00,321.61,324.99,320.28,324.98,88.1474
2017-08-23 12:45:00,321.72,324.98,320.0,323.0,86.60803
2017-08-23 13:00:00,320.73,323.26,318.74,319.39,51.63935
2017-08-23 13:15:00,318.75,320.69,316.51,316.51,49.54648
2017-08-23 13:30:00,320.7,320.7,316.51,317.93,116.64699
2017-08-23 13:45:00,318.28,319.29,316.51,316.74,44.20964
2017-08-23 14:00:00,316.74,319.58,315.36,318.53,52.58126
2017-08-23 14:15:00,315.36,319.59,315.35,315.46,64.34409
2017-08-23 14:30:00,315.46,321.79,315.46,319.69,163.32866
2017-08-23 14:45:00,320.73,323.29,319.7,322.1,154.95934
2017-08-23 15:00:00,319.77,322.3,319.0,321.12,69.12969
2017-08-23 15:15:00,321.12,321.29,318.04,318.04,86.97123
2017-08-23 15:30:00,320.29,323.3,319.06,320.34,47.02218
2017-08-23 15:45:00,320.34,323.3,319.06,319.06,43.07472
2017-08-23 16:00:00,319.06,323.19,318.02,320.57,115.08245
2017-08-23 16:15:00,318.62,322.06,318.31,322.06,105.21229
2017-08-23 16:30:00,319.14,322.06,319.13,319.18,119.39319
2017-08-23 16:45:00,319.18,322.07,318.03,322.07,51.28474
2017-08-23 17:00:00,319.74,324.51,319.74,322.8,122.35093
2017-08-23 17:15:00,322.8,323.3,320.74,321.73,83.70747
2017-08-23 17:30:00,321.73,323.29,320.74,320.75,37.73322
2017-08-23 17:45:00,320.75,323.29,320.73,320.74,68.3438
2017-08-23 18:00:00,320.74,324.21,320.73,324.21,105.38657
2017-08-23 18:15:00,322.0,324.07,319.74,319.74,51.95621
2017-08-23 18:30:00,319.74,323.32,319.73,319.73,61.65408
2017-08-23 18:45:00,322.3,323.32,319.73,319.74,41.26958
2017-08-23 19:00:00,319.74,322.19,319.08,319.09,47.58371
2017-08-23 19:15:00,319.09,323.07,318.95,319.25,169.41658
2017-08-23 19:30:00,319.96,322.35,319.25,320.01,36.72638
2017-08-23 19:45:00,320.01,321.99,319.19,319.2,68.77283
2017-08-23 20:00:00,319.2,322.0,318.03,321.29,208.23039
2017-08-23 20:15:00,321.29,321.29,316.88,316.88,99.33228
2017-08-23 20:30:00,316.88,318.96,313.75,313.75,85.13288
2017-08-23 20:45:00,315.74,317.18,315.74,316.96,206.22272
2017-08-23 21:00:00,316.96,318.96,315.7,315.7,173.68986
2017-08-23 21:15:00,315.7,318.96,314.5,315.06,291.14111
2017-08-23 21:30:00,315.06,318.0,314.5,316.7,154.10991
2017-08-23 21:45:00,315.1,318.0,314.84,316.0,67.76149
2017-08-23 22:00:00,315.04,316.86,313.81,315.29,62.33344
2017-08-23 22:15:00,315.29,316.2,313.82,315.99,128.43669
2017-08-23 22:30:00,315.99,318.96,314.51,316.15,227.18168
2017-08-23 22:45:00,316.62,318.29,316.62,318.29,96.89695
2017-08-23 23:00:00,317.06,319.0,316.54,316.54,98.07083
2017-08-23 23:15:00,316.54,317.5,315.53,316.73,77.35175
2017-08-23 23:30:00,316.73,319.32,315.57,315.6,107.02904
2017-08-23 23:45:00,319.32,319.32,316.73,319.2,23.46457
2017-08-24 00:00:00,317.87,319.2,316.56,317.23,283.86638
2017-08-24 00:15:00,317.5,319.21,315.53,317.33,235.92023
2017-08-24 00:30:00,317.33,319.2,316.73,317.05,154.57167
2017-08-24 00:45:00,319.2,319.2,316.74,318.85,116.47711
2017-08-24 01:00:00,318.39,320.32,317.73,319.21,155.18127
2017-08-24 01:15:00,320.32,320.32,317.19,317.19,43.05575
2017-08-24 01:30:00,317.19,319.69,317.19,318.37,49.81901
2017-08-24 01:45:00,319.7,319.7,318.37,318.47,21.18703
2017-08-24 02:00:00,318.48,321.29,318.48,318.5,32.24383
2017-08-24 02:15:00,320.0,321.2,318.26,318.26,108.30761
2017-08-24 02:30:00,320.27,321.19,318.25,320.28,56.25939
2017-08-24 02:45:00,318.28,321.19,318.28,318.3,56.49056
2017-08-24 03:00:00,321.19,321.2,318.3,319.51,88.41056
2017-08-24 03:15:00,319.51,322.34,318.27,318.28,121.24745
2017-08-24 03:30:00,318.28,321.43,316.73,316.74,31.06653
2017-08-24 03:45:00,320.21,320.21,316.73,318.57,81.39235
2017-08-24 04:00:00,318.57,320.2,315.55,318.56,88.16457
2017-08-24 04:15:00,318.56,318.84,315.53,315.53,184.15372
2017-08-24 04:30:00,315.74,318.27,314.57,314.98,82.65302
2017-08-24 04:45:00,314.98,318.04,312.05,313.75,126.57276
2017-08-24 05:00:00,314.74,318.25,314.74,314.76,69.82273
2017-08-24 05:15:00,314.76,318.47,314.76,315.95,64.3316
2017-08-24 05:30:00,315.95,319.47,314.75,315.14,42.4646
2017-08-24 05:45:00,315.14,318.27,314.66,316.68,63.03544
2017-08-24 06:00:00,318.12,318.27,313.78,314.75,45.8827
2017-08-24 06:15:00,314.75,318.23,314.75,314.75,36.2993
2017-08-24 06:30:00,314.75,318.12,314.75,316.73,57.63737
2017-08-24 06:45:00,316.73,318.62,316.73,316.74,63.6736
2017-08-24 07:00:00,316.74,318.47,315.95,315.95,54.75421
2017-08-24 07:15:00,315.95,319.47,315.95,318.47,34.05177
2017-08-24 07:30:00,315.45,318.47,315.45,315.94,90.79252
2017-08-24 07:45:00,315.94,318.47,315.74,315.74,69.28275
2017-08-24 08:00:00,315.74,318.27,314.74,315.74,59.31944
2017-08-24 08:15:00,317.01,318.27,314.74,315.22,39.71488
2017-08-24 08:30:00,316.21,318.45,315.22,318.44,76.14905
2017-08-24 08:45:00,318.44,318.44,314.4,317.44,105.54968
2017-08-24 09:00:00,315.52,317.44,314.2,315.14,73.45233
2017-08-24 09:15:00,315.14,318.43,314.01,316.9,56.00202
2017-08-24 09:30:00,316.9,317.0,315.7,315.7,79.31544
2017-08-24 09:45:00,315.7,318.45,315.08,315.08,107.2745
2017-08-24 10:00:00,315.08,318.44,314.06,315.05,33.36929
2017-08-24 10:15:00,315.05,317.41,315.05,317.41,45.56141
2017-08-24 10:30:00,315.07,318.44,315.05,315.05,92.5544
2017-08-24 10:45:00,318.44,318.44,315.04,315.05,18.60458
2017-08-24 11:00:00,315.05,318.44,315.04,315.25,76.30979
2017-08-24 11:15:00,315.25,317.38,315.21,315.21,90.25116
2017-08-24 11:30:00,317.38,318.44,315.05,318.44,71.6908
2017-08-24 11:45:00,315.05,318.44,315.05,315.22,36.05521
2017-08-24 12:00:00,315.22,318.44,314.31,317.99,84.0299
2017-08-24 12:15:00,317.96,317.99,314.31,317.99,81.26644
2017-08-24 12:30:00,317.99,319.47,315.08,316.43,58.27523
2017-08-24 12:45:00,316.43,319.46,316.43,316.45,33.04802
2017-08-24 13:00:00,316.46,319.28,316.14,316.16,57.33992
2017-08-24 13:15:00,316.16,319.27,316.16,319.27,71.87303
2017-08-24 13:30:00,317.6,322.36,317.6,317.8,86.62286
2017-08-24 13:45:00,320.54,320.55,317.69,318.0,106.16024
2017-08-24 14:00:00,319.57,319.57,316.15,316.15,66.47777
2017-08-24 14:15:00,319.57,319.57,316.15,319.57,112.64632
2017-08-24 14:30:00,317.6,319.58,317.52,317.54,82.449
2017-08-24 14:45:00,320.53,320.53,317.53,320.53,35.13819
2017-08-24 15:00:00,320.53,320.54,317.53,317.61,75.94545
2017-08-24 15:15:00,320.5,320.55,317.61,317.61,47.89836
2017-08-24 15:30:00,317.61,320.53,317.61,319.99,46.50494
2017-08-24 15:45:00,319.99,321.14,318.54,318.54,28.40025
2017-08-24 16:00:00,318.54,321.07,318.54,321.0,66.42483
2017-08-24 16:15:00,318.6,321.07,318.6,319.56,71.45843
2017-08-24 16:30:00,319.56,321.06,319.55,319.56,94.63764
2017-08-24 16:45:00,319.56,321.07,319.55,320.32,56.50784
2017-08-24 17:00:00,320.32,321.07,319.86,319.87,68.64142
2017-08-24 17:15:00,319.87,320.98,319.86,319.86,23.21612
2017-08-24 17:30:00,319.86,319.94,318.75,319.94,110.37343
2017-08-24 17:45:00,319.94,322.0,318.53,318.75,136.95767
2017-08-24 18:00:00,320.03,321.3,316.9,318.23,122.27214
2017-08-24 18:15:00,318.26,318.77,316.9,317.42,211.84821
2017-08-24 18:30:00,317.42,321.28,317.42,320.13,191.97354
2017-08-24 18:45:00,316.67,321.29,316.66,317.02,104.62344
2017-08-24 19:00:00,317.02,318.23,316.66,316.66,44.12061
2017-08-24 19:15:00,316.66,321.09,316.14,318.27,74.79538
2017-08-24 19:30:00,320.51,320.55,317.1,318.19,113.33543
2017-08-24 19:45:00,320.53,323.61,318.17,323.61,179.31706
2017-08-24 20:00:00,322.51,328.04,318.58,328.04,157.33677
2017-08-24 20:15:00,318.05,328.04,317.9,317.93,78.57362
2017-08-24 20:30:00,317.93,322.99,317.92,318.08,77.13314
2017-08-24 20:45:00,321.61,322.64,321.61,322.0,34.50613
2017-08-24 21:00:00,319.01,322.0,319.01,319.4,58.88305
2017-08-24 21:15:00,319.4,321.84,319.39,320.0,72.94679
2017-08-24 21:30:00,319.39,321.28,318.97,319.48,91.62182
2017-08-24 21:45:00,319.48,325.37,319.48,324.8,132.24104
2017-08-24 22:00:00,323.8,326.79,321.3,324.3,124.55973
2017-08-24 22:15:00,324.2,324.37,322.21,323.21,61.62673
2017-08-24 22:30:00,323.21,324.37,322.21,323.69,45.29663
2017-08-24 22:45:00,322.25,323.61,320.84,320.84,84.74618
2017-08-24 23:00:00,320.84,323.98,320.84,323.78,22.27546
2017-08-24 23:15:00,321.13,323.78,321.12,321.13,14.10551
2017-08-24 23:30:00,321.14,323.69,321.13,321.13,51.79153
2017-08-24 23:45:00,321.13,323.68,321.13,321.2,30.40433
2017-08-25 00:00:00,323.67,323.68,321.13,323.29,45.0038
2017-08-25 00:15:00,321.66,323.29,321.13,321.13,70.40277
2017-08-25 00:30:00,322.83,322.83,319.01,319.01,39.09336
2017-08-25 00:45:00,319.01,322.68,319.0,322.0,49.40413
2017-08-25 01:00:00,322.0,322.3,319.97,319.97,47.99997
2017-08-25 01:15:00,322.3,323.54,318.97,320.27,29.15811
2017-08-25 01:30:00,320.27,323.56,319.0,319.12,51.01619
2017-08-25 01:45:00,319.12,322.45,319.12,322.45,75.465
2017-08-25 02:00:00,322.45,323.79,320.17,321.79,49.26822
2017-08-25 02:15:00,321.79,323.79,321.75,321.76,50.56205
2017-08-25 02:30:00,323.78,323.78,320.7,320.7,53.02485
2017-08-25 02:45:00,323.78,323.78,320.17,322.76,89.74491
2017-08-25 03:00:00,322.76,323.78,322.76,322.77,83.25391
2017-08-25 03:15:00,323.77,324.99,321.22,322.62,54.33567
2017-08-25 03:30:00,322.62,325.35,322.62,322.84,18.70988
2017-08-25 03:45:00,322.84,325.34,321.22,321.23,102.6831
2017-08-25 04:00:00,321.23,324.0,320.17,321.0,27.44033
2017-08-25 04:15:00,322.0,322.99,320.17,322.98,21.38517
2017-08-25 04:30:00,322.98,322.98,318.97,320.6,51.52506
2017-08-25 04:45:00,322.0,322.0,320.04,320.04,38.26258
2017-08-25 05:00:00,320.04,322.29,320.03,322.28,61.36874
2017-08-25 05:15:00,320.03,322.28,318.97,322.2,72.62585
2017-08-25 05:30:00,320.86,322.24,320.86,321.01,66.42842
2017-08-25 05:45:00,321.63,322.24,320.0,321.21,65.57345
2017-08-25 06:00:00,321.22,322.24,319.83,321.22,56.94916
2017-08-25 06:15:00,324.21,325.34,321.22,321.31,61.22565
2017-08-25 06:30:00,322.21,326.33,322.21,323.64,121.30832
2017-08-25 06:45:00,323.65,326.27,322.35,323.72,68.60794
2017-08-25 07:00:00,323.72,326.25,323.44,323.45,46.93174
2017-08-25 07:15:00,323.45,325.26,322.35,322.4,67.97974
2017-08-25 07:30:00,322.4,325.27,322.3,325.26,21.23946
2017-08-25 07:45:00,325.25,325.91,323.42,323.42,51.49284
2017-08-25 08:00:00,323.42,327.8,323.42,324.6,70.09551
2017-08-25 08:15:00,324.6,327.81,323.42,323.61,93.20893
2017-08-25 08:30:00,327.3,327.3,323.42,326.15,165.86448
2017-08-25 08:45:00,326.15,327.41,325.51,325.54,156.47085
2017-08-25 09:00:00,327.8,327.81,324.41,324.42,118.22277
2017-08-25 09:15:00,327.78,327.81,324.42,327.78,167.04544
2017-08-25 09:30:00,324.47,327.82,324.47,324.52,114.32096
2017-08-25 09:45:00,327.82,328.82,324.57,328.81,62.72657
2017-08-25 10:00:00,328.81,328.81,324.42,324.48,39.44045
2017-08-25 10:15:00,324.56,327.58,324.56,325.64,63.58224
2017-08-25 10:30:00,325.64,328.79,325.61,326.38,37.07393
2017-08-25 10:45:00,327.61,329.93,326.38,328.19,118.54013
2017-08-25 11:00:00,328.19,330.44,326.69,326.69,101.88791
2017-08-25 11:15:00,329.41,329.41,325.4,325.41,17.31842
2017-08-25 11:30:00,327.99,328.3,325.4,326.39,30.00467
2017-08-25 11:45:00,327.36,328.3,325.4,326.55,51.04524
2017-08-25 12:00:00,326.55,330.44,326.55,327.69,109.03492
2017-08-25 12:15:00,330.44,330.44,327.69,327.7,50.03642
2017-08-25 12:30:00,330.44,330.45,327.69,327.7,81.55683
2017-08-25 12:45:00,327.7,331.35,327.7,331.35,83.47187
2017-08-25 13:00:00,331.34,331.8,329.18,331.76,91.56255
2017-08-25 13:15:00,332.26,334.57,331.67,332.67,78.33247
2017-08-25 13:30:00,332.67,335.0,332.67,332.67,47.85289
2017-08-25 13:45:00,335.0,335.0,330.67,331.73,26.54975
2017-08-25 14:00:00,331.74,333.31,331.73,331.73,41.08639
2017-08-25 14:15:00,331.73,332.72,330.02,330.03,37.1323
2017-08-25 14:30:00,332.71,332.71,330.02,331.31,75.62638
2017-08-25 14:45:00,328.69,332.72,328.69,330.17,71.31053
2017-08-25 15:00:00,330.17,333.0,330.17,331.77,54.15568
2017-08-25 15:15:00,333.49,334.34,331.77,334.34,146.43848
2017-08-25 15:30:00,331.78,334.31,331.67,333.2,71.02706
2017-08-25 15:45:00,333.2,334.33,330.17,330.29,50.4324
2017-08-25 16:00:00,330.29,332.99,330.17,330.51,62.01802
2017-08-25 16:15:00,330.49,334.34,330.48,330.49,77.13982
2017-08-25 16:30:00,329.86,333.48,329.86,330.78,96.24425
2017-08-25 16:45:00,330.78,334.19,330.78,334.17,82.868
2017-08-25 17:00:00,332.68,335.41,332.67,332.7,66.70787
2017-08-25 17:15:00,332.7,335.33,332.7,335.32,57.58284
2017-08-25 17:30:00,335.32,335.32,332.7,334.04,70.44616
2017-08-25 17:45:00,333.44,333.44,331.09,331.09,23.09189
2017-08-25 18:00:00,330.11,333.42,329.56,329.56,58.43379
2017-08-25 18:15:00,329.56,331.74,328.8,331.74,93.23512
2017-08-25 18:30:00,329.7,331.74,329.68,330.48,30.75131
2017-08-25 18:45:00,330.49,331.9,327.69,329.78,150.67456
2017-08-25 19:00:00,331.69,331.69,328.75,329.91,33.49459
2017-08-25 19:15:00,329.92,329.92,328.72,328.73,63.0588
2017-08-25 19:30:00,329.91,331.34,327.4,331.34,190.31934
2017-08-25 19:45:00,328.59,331.36,327.4,331.26,43.35968
2017-08-25 20:00:00,329.68,335.33,329.68,331.33,389.75307
2017-08-25 20:15:00,329.68,334.98,328.72,333.07,748.87987
2017-08-25 20:30:00,333.07,334.23,329.8,332.0,154.22871
2017-08-25 20:45:00,333.5,333.5,330.68,330.7,55.45176
2017-08-25 21:00:00,333.32,334.74,331.03,331.03,55.80472
2017-08-25 21:15:00,331.03,333.02,331.02,331.07,23.44972
2017-08-25 21:30:00,332.43,333.01,330.68,330.69,19.16971
2017-08-25 21:45:00,330.68,333.0,330.68,332.0,85.70227
2017-08-25 22:00:00,332.89,333.0,332.0,332.0,78.41058
2017-08-25 22:15:00,332.0,333.68,330.67,331.68,84.82658
2017-08-25 22:30:00,331.68,333.33,330.67,330.67,62.82063
2017-08-25 22:45:00,330.67,333.27,330.67,331.95,60.72112
2017-08-25 23:00:00,332.57,333.29,330.68,333.29,49.14166
2017-08-25 23:15:00,333.3,333.7,333.17,333.17,40.74605
2017-08-25 23:30:00,333.66,335.33,331.9,331.9,11.86859
2017-08-25 23:45:00,333.16,335.29,333.15,333.15,40.20296
2017-08-26 00:00:00,335.29,335.33,333.15,334.23,14.63897
2017-08-26 00:15:00,334.23,335.33,333.16,334.66,68.76014
2017-08-26 00:30:00,334.66,338.28,334.66,334.84,55.14232
2017-08-26 00:45:00,336.09,336.38,334.72,334.77,60.59534
2017-08-26 01:00:00,336.35,337.0,333.51,333.51,41.76505
2017-08-26 01:15:00,333.51,335.44,331.9,335.44,35.7986
2017-08-26 01:30:00,333.72,336.54,331.88,331.88,49.70671
2017-08-26 01:45:00,331.88,336.5,331.88,332.01,10.81835
2017-08-26 02:00:00,333.2,336.49,333.13,333.16,32.91278
2017-08-26 02:15:00,335.5,335.54,333.13,333.13,5.05917
2017-08-26 02:30:00,333.14,335.54,333.13,333.13,19.27763
2017-08-26 02:45:00,333.13,335.0,331.88,333.27,88.81402
2017-08-26 03:00:00,333.27,335.1,332.23,332.67,77.24262
2017-08-26 03:15:00,332.67,334.95,332.67,334.95,36.6151
2017-08-26 03:30:00,332.67,332.67,326.69,326.69,101.55371
2017-08-26 03:45:00,326.69,328.71,325.42,328.71,52.55903
2017-08-26 04:00:00,329.91,329.92,324.9,327.35,52.14213
2017-08-26 04:15:00,327.35,329.05,326.78,326.78,75.21324
2017-08-26 04:30:00,326.78,329.52,325.02,326.45,23.06835
2017-08-26 04:45:00,327.99,330.99,326.45,330.98,46.07376
2017-08-26 05:00:00,327.8,330.98,326.77,328.34,27.91433
2017-08-26 05:15:00,330.97,330.97,326.98,330.95,66.58643
2017-08-26 05:30:00,332.17,332.26,329.16,329.16,81.88096
2017-08-26 05:45:00,329.16,332.25,329.16,330.18,25.08918
2017-08-26 06:00:00,330.18,330.18,330.18,330.18,7.9332
2017-08-26 06:15:00,330.5,332.27,326.99,328.68,62.00377
2017-08-26 06:30:00,328.68,332.26,328.56,328.58,16.73814
2017-08-26 06:45:00,330.99,331.02,328.59,328.6,13.5352
2017-08-26 07:00:00,329.81,330.99,326.98,326.98,46.01707
2017-08-26 07:15:00,328.38,328.4,326.37,328.0,60.07038
2017-08-26 07:30:00,326.38,329.69,326.25,327.5,50.89805
2017-08-26 07:45:00,327.5,330.02,327.24,327.24,36.48643
2017-08-26 08:00:00,327.24,330.01,327.24,328.35,26.56774
2017-08-26 08:15:00,328.35,330.99,328.35,328.36,51.01423
2017-08-26 08:30:00,328.36,331.02,328.35,331.02,35.36513
2017-08-26 08:45:00,331.02,332.27,328.26,328.26,41.00604
2017-08-26 09:00:00,332.26,332.26,327.23,327.23,25.0376
2017-08-26 09:15:00,329.24,329.24,326.25,326.25,53.37907
2017-08-26 09:30:00,326.25,329.24,325.03,325.03,36.35493
2017-08-26 09:45:00,325.02,327.98,325.02,325.39,8.0416
2017-08-26 10:00:00,324.41,327.98,323.52,323.52,39.1276
2017-08-26 10:15:00,323.41,326.82,323.41,324.7,53.41169
2017-08-26 10:30:00,324.7,326.8,324.7,326.8,21.93271
2017-08-26 10:45:00,324.7,328.02,324.7,324.72,59.65475
2017-08-26 11:00:00,324.72,328.02,324.7,324.7,20.17045
2017-08-26 11:15:00,324.7,326.8,324.7,324.71,25.86492
2017-08-26 11:30:00,324.71,326.83,324.71,326.83,13.57292
2017-08-26 11:45:00,324.72,326.8,323.46,323.46,59.07663
2017-08-26 12:00:00,323.46,326.74,323.41,323.7,74.66782
2017-08-26 12:15:00,323.7,326.69,323.55,323.55,67.96439
2017-08-26 12:30:00,325.0,326.69,325.0,325.0,38.00505
2017-08-26 12:45:00,325.0,326.65,324.72,324.72,16.25946
2017-08-26 13:00:00,323.56,326.39,323.55,325.0,66.72378
2017-08-26 13:15:00,325.03,326.86,323.7,326.86,119.65217
2017-08-26 13:30:00,324.07,326.77,324.07,326.21,66.71768
2017-08-26 13:45:00,326.77,326.78,326.21,326.23,32.10055
2017-08-26 14:00:00,325.23,328.68,324.06,324.06,65.2409
2017-08-26 14:15:00,324.06,329.69,324.06,327.0,70.47996
2017-08-26 14:30:00,325.18,327.0,325.18,325.23,26.80234
2017-08-26 14:45:00,325.19,327.57,325.18,326.19,37.21408
2017-08-26 15:00:00,326.19,327.1,325.17,325.71,123.41637
2017-08-26 15:15:00,325.71,327.72,325.4,326.69,92.77028
2017-08-26 15:30:00,326.69,327.72,326.69,327.69,85.26626
2017-08-26 15:45:00,326.7,328.91,326.7,327.9,87.41741
2017-08-26 16:00:00,328.45,329.61,327.8,329.61,50.32115
2017-08-26 16:15:00,329.62,330.73,328.68,328.69,45.43589
2017-08-26 16:30:00,328.69,330.73,327.58,328.68,48.01529
2017-08-26 16:45:00,328.68,330.63,328.68,328.82,43.09077
2017-08-26 17:00:00,330.63,330.74,328.69,328.69,43.33701
2017-08-26 17:15:00,330.88,330.88,326.69,326.7,46.13536
2017-08-26 17:30:00,329.77,330.89,327.06,330.89,35.8545
2017-08-26 17:45:00,328.68,330.89,327.69,327.69,42.09074
2017-08-26 18:00:00,327.69,330.89,327.69,327.69,69.01337
2017-08-26 18:15:00,327.7,330.88,327.69,330.88,46.61939
2017-08-26 18:30:00,330.89,330.89,327.89,327.89,93.15304
2017-08-26 18:45:00,327.89,330.88,327.89,327.89,48.55021
2017-08-26 19:00:00,330.87,331.25,327.89,328.01,60.38492
2017-08-26 19:15:00,328.01,331.25,327.7,327.7,36.97394
2017-08-26 19:30:00,327.7,329.48,326.7,326.7,84.67072
2017-08-26 19:45:00,326.7,329.0,326.69,327.89,62.8947
2017-08-26 20:00:00,328.25,329.97,327.85,327.86,11.70124
2017-08-26 20:15:00,327.86,330.0,326.69,330.0,70.28715
2017-08-26 20:30:00,327.77,327.77,325.1,325.11,98.07111
2017-08-26 20:45:00,328.8,330.11,325.11,330.11,51.07643
2017-08-26 21:00:00,326.14,330.12,325.11,325.11,75.32792
2017-08-26 21:15:00,328.0,328.76,324.06,324.07,79.15939
2017-08-26 21:30:00,324.09,331.26,324.09,326.79,127.75028
2017-08-26 21:45:00,329.61,332.26,328.69,330.98,26.8401
2017-08-26 22:00:00,330.98,333.47,330.98,331.6,96.19231
2017-08-26 22:15:00,334.0,335.44,331.81,331.81,52.96032
2017-08-26 22:30:00,334.39,334.39,329.93,334.0,13.78075
2017-08-26 22:45:00,331.09,334.17,329.83,332.34,28.00692
2017-08-26 23:00:00,332.34,334.16,328.68,328.68,57.36441
2017-08-26 23:15:00,331.76,331.76,327.0,329.19,74.39451
2017-08-26 23:30:00,329.19,331.75,327.75,329.02,34.2232
2017-08-26 23:45:00,329.02,332.33,327.0,327.0,43.44878
2017-08-27 00:00:00,327.01,330.38,326.98,326.98,38.7421
2017-08-27 00:15:00,326.98,329.37,326.78,326.78,37.41065
2017-08-27 00:30:00,329.37,329.37,326.7,326.7,41.53163
2017-08-27 00:45:00,326.7,330.38,326.7,330.38,38.34698
2017-08-27 01:00:00,330.38,330.65,326.79,330.65,54.59771
2017-08-27 01:15:00,330.6,332.1,328.35,328.69,25.97033
2017-08-27 01:30:00,332.1,332.11,327.37,327.37,63.87912
2017-08-27 01:45:00,327.37,331.04,327.37,331.04,51.85637
2017-08-27 02:00:00,327.38,332.1,327.37,329.0,77.91604
2017-08-27 02:15:00,332.08,332.08,328.31,329.0,26.92062
2017-08-27 02:30:00,329.0,332.1,328.28,328.69,77.22586
2017-08-27 02:45:00,327.03,330.8,327.03,328.08,44.90893
2017-08-27 03:00:00,329.78,333.35,328.88,333.35,89.35675
2017-08-27 03:15:00,333.35,334.16,330.18,330.18,45.69878
2017-08-27 03:30:00,330.18,334.17,330.18,334.17,40.31878
2017-08-27 03:45:00,334.17,334.17,330.19,331.19,48.3203
2017-08-27 04:00:00,332.68,334.16,330.18,332.18,57.36492
2017-08-27 04:15:00,331.68,334.17,330.18,334.16,45.07045
2017-08-27 04:30:00,330.69,334.17,330.69,331.1,61.95975
2017-08-27 04:45:00,331.1,334.16,331.1,331.12,49.17255
2017-08-27 05:00:00,331.12,334.14,331.09,331.09,2.42604
2017-08-27 05:15:00,331.09,331.09,331.09,331.09,0.49736
2017-08-27 05:30:00,331.09,331.09,331.09,331.09,0.0
2017-08-27 05:45:00,331.09,334.16,330.49,334.16,7.84579
2017-08-27 06:00:00,330.51,332.93,329.33,329.33,68.24189
2017-08-27 06:15:00,331.13,332.93,329.33,330.19,49.72052
2017-08-27 06:30:00,332.93,332.93,329.44,330.59,38.01413
2017-08-27 06:45:00,331.52,332.43,330.59,330.6,91.86029
2017-08-27 07:00:00,332.43,334.17,330.6,330.85,47.28268
2017-08-27 07:15:00,330.85,334.16,330.69,330.69,45.3391
2017-08-27 07:30:00,331.99,332.95,330.69,332.5,36.67791
2017-08-27 07:45:00,330.82,333.0,330.79,330.79,35.80855
2017-08-27 08:00:00,332.18,334.06,330.79,332.0,86.62224
2017-08-27 08:15:00,332.0,334.07,331.98,331.98,34.86331
2017-08-27 08:30:00,333.18,336.55,333.18,334.28,157.11805
2017-08-27 08:45:00,334.28,336.54,334.28,334.37,66.74094
2017-08-27 09:00:00,334.37,336.55,333.29,333.29,60.29364
2017-08-27 09:15:00,333.29,336.47,333.28,333.67,39.20928
2017-08-27 09:30:00,333.67,334.44,331.98,332.05,33.09383
2017-08-27 09:45:00,334.4,336.39,332.05,334.47,42.40486
2017-08-27 10:00:00,334.47,338.28,334.45,334.99,18.4391
2017-08-27 10:15:00,335.0,338.28,333.31,333.31,57.31865
2017-08-27 10:30:00,333.32,337.15,333.24,333.24,53.04331
2017-08-27 10:45:00,333.24,334.8,333.12,333.12,135.31329
2017-08-27 11:00:00,333.96,335.95,333.12,333.76,27.19733
2017-08-27 11:15:00,334.5,335.99,331.99,335.85,132.34951
2017-08-27 11:30:00,335.85,335.85,330.79,334.59,78.57517
2017-08-27 11:45:00,331.63,334.59,331.49,331.62,34.03983
2017-08-27 12:00:00,334.5,334.6,331.49,331.64,78.98849
2017-08-27 12:15:00,334.48,335.85,331.85,332.73,51.16196
2017-08-27 12:30:00,332.73,337.15,332.73,333.78,46.37837
2017-08-27 12:45:00,333.78,338.29,333.78,334.84,49.39666
2017-08-27 13:00:00,337.52,337.52,333.77,337.52,66.84358
2017-08-27 13:15:00,337.52,337.52,334.67,337.5,80.55583
2017-08-27 13:30:00,334.73,336.35,331.87,331.87,34.84933
2017-08-27 13:45:00,335.0,335.28,331.86,335.0,27.41848
2017-08-27 14:00:00,332.75,335.49,332.74,334.49,18.48253
2017-08-27 14:15:00,334.49,336.34,332.79,334.36,37.48301
2017-08-27 14:30:00,336.36,336.36,332.77,332.77,15.95578
2017-08-27 14:45:00,336.3,336.3,332.76,333.77,22.24042
2017-08-27 15:00:00,335.0,335.99,332.78,335.99,21.48635
2017-08-27 15:15:00,335.99,336.49,332.78,332.78,19.22864
2017-08-27 15:30:00,332.89,336.0,332.78,332.78,56.56931
2017-08-27 15:45:00,332.78,336.0,332.77,332.77,62.12806
2017-08-27 16:00:00,332.77,334.34,332.77,333.67,53.88255
2017-08-27 16:15:00,333.67,334.7,332.09,332.09,62.29009
2017-08-27 16:30:00,332.67,334.5,331.62,331.62,44.36873
2017-08-27 16:45:00,331.62,334.48,331.61,334.48,31.03559
2017-08-27 17:00:00,332.0,332.0,331.61,331.61,4.13383
2017-08-27 17:15:00,332.56,333.59,330.73,330.74,29.13592
2017-08-27 17:30:00,333.6,335.21,331.01,332.68,48.29586
2017-08-27 17:45:00,332.68,336.25,332.28,336.25,89.9837
2017-08-27 18:00:00,334.88,336.25,333.67,333.67,46.06772
2017-08-27 18:15:00,333.67,336.36,332.28,333.75,55.15355
2017-08-27 18:30:00,333.75,335.43,333.68,333.68,33.12894
2017-08-27 18:45:00,335.2,337.53,333.68,337.53,73.88027
2017-08-27 19:00:00,337.53,338.42,334.1,336.86,116.91904
2017-08-27 19:15:00,336.86,337.17,333.73,337.0,48.36737
2017-08-27 19:30:00,337.0,337.17,333.68,333.68,48.02062
2017-08-27 19:45:00,333.92,336.99,333.92,333.94,72.58611
2017-08-27 20:00:00,333.93,336.9,333.67,333.67,14.25999
2017-08-27 20:15:00,335.22,335.22,331.88,333.34,29.48176
2017-08-27 20:30:00,333.46,334.79,331.88,333.54,44.80072
2017-08-27 20:45:00,333.54,336.89,333.52,333.57,15.91889
2017-08-27 21:00:00,333.57,336.99,333.52,333.52,34.72709
2017-08-27 21:15:00,333.53,336.0,333.52,336.0,58.12635
2017-08-27 21:30:00,334.61,336.9,334.61,334.62,16.93005
2017-08-27 21:45:00,336.0,336.0,333.52,335.6,80.89663
2017-08-27 22:00:00,333.61,336.99,332.5,333.69,72.45713
2017-08-27 22:15:00,336.99,336.99,333.69,333.69,2.8201
2017-08-27 22:30:00,335.0,336.5,333.68,333.69,32.69207
2017-08-27 22:45:00,333.68,336.49,332.21,332.21,68.48445
2017-08-27 23:00:00,333.96,335.75,332.21,332.98,57.86242
2017-08-27 23:15:00,332.97,336.49,332.97,333.98,45.80246
2017-08-27 23:30:00,333.98,335.43,333.98,335.42,45.69097
2017-08-27 23:45:00,333.98,335.42,333.98,334.67,44.59123
2017-08-28 00:00:00,335.04,335.42,332.97,333.5,60.51074
2017-08-28 00:15:00,333.5,335.41,333.04,333.28,33.45021
2017-08-28 00:30:00,335.4,335.41,333.28,334.57,78.01999
2017-08-28 00:45:00,334.57,336.49,334.57,334.83,47.1877
2017-08-28 01:00:00,336.5,338.75,334.67,337.49,101.41618
2017-08-28 01:15:00,334.68,337.5,334.68,335.98,40.8272
2017-08-28 01:30:00,337.37,338.74,335.98,338.74,114.59617
2017-08-28 01:45:00,336.02,339.14,336.02,337.56,20.51667
2017-08-28 02:00:00,339.89,339.9,337.57,339.9,20.61624
2017-08-28 02:15:00,337.56,340.29,336.03,336.03,36.37019
2017-08-28 02:30:00,338.16,340.28,336.02,337.12,25.72538
2017-08-28 02:45:00,337.12,340.28,337.12,340.26,32.75733
2017-08-28 03:00:00,340.24,341.43,337.22,339.65,32.74201
2017-08-28 03:15:00,338.16,341.47,337.12,338.16,62.26796
2017-08-28 03:30:00,339.94,339.99,338.16,338.16,36.22399
2017-08-28 03:45:00,338.16,341.47,338.16,339.64,51.90381
2017-08-28 04:00:00,341.47,341.47,338.47,339.56,70.91379
2017-08-28 04:15:00,339.58,341.45,338.27,338.27,60.63043
2017-08-28 04:30:00,338.21,341.47,337.38,337.38,47.33083
2017-08-28 04:45:00,337.38,340.37,337.12,340.36,33.23386
2017-08-28 05:00:00,340.36,340.37,337.13,339.27,20.62064
2017-08-28 05:15:00,337.17,341.47,337.14,338.72,57.78973
2017-08-28 05:30:00,341.38,341.38,338.72,338.72,10.22054
2017-08-28 05:45:00,338.73,341.13,338.66,338.66,47.98929
2017-08-28 06:00:00,338.66,341.09,338.66,338.99,31.4531
2017-08-28 06:15:00,341.43,341.43,338.66,341.36,37.00697
2017-08-28 06:30:00,338.67,341.36,338.66,338.66,27.91737
2017-08-28 06:45:00,338.66,341.36,338.46,338.81,72.41987
2017-08-28 07:00:00,338.81,338.81,338.81,338.81,3.31302
2017-08-28 07:15:00,341.96,342.04,341.96,342.04,8.79155
2017-08-28 07:30:00,342.04,342.04,342.04,342.04,0.0
2017-08-28 07:45:00,343.49,348.13,343.49,348.13,42.09305
2017-08-28 08:00:00,348.11,349.9,345.85,348.21,98.55118
2017-08-28 08:15:00,348.21,350.85,346.05,346.11,72.24825
2017-08-28 08:30:00,347.03,351.0,347.03,351.0,25.81725
2017-08-28 08:45:00,348.1,350.0,345.83,345.87,43.59026
2017-08-28 09:00:00,346.6,348.0,343.84,348.0,29.70197
2017-08-28 09:15:00,345.98,347.1,343.57,343.57,40.42289
2017-08-28 09:30:00,343.57,347.25,343.57,345.14,27.91582
2017-08-28 09:45:00,345.14,347.87,343.69,347.87,5.67181
2017-08-28 10:00:00,344.18,348.49,343.76,348.49,27.42542
2017-08-28 10:15:00,345.62,349.61,345.62,348.12,29.38573
2017-08-28 10:30:00,349.61,349.61,346.78,349.54,21.70703
2017-08-28 10:45:00,348.18,350.85,346.7,350.84,19.49307
2017-08-28 11:00:00,350.84,350.84,345.63,345.63,55.99404
2017-08-28 11:15:00,348.92,348.92,345.44,347.82,27.62347
2017-08-28 11:30:00,345.57,347.41,343.69,344.34,58.10505
2017-08-28 11:45:00,344.33,345.75,343.44,343.44,156.98104
2017-08-28 12:00:00,343.43,343.69,338.24,340.2,160.49275
2017-08-28 12:15:00,341.13,341.13,331.95,333.48,186.82567
2017-08-28 12:30:00,335.89,337.1,333.48,337.1,133.19109
2017-08-28 12:45:00,337.0,341.37,334.87,338.54,102.42764
2017-08-28 13:00:00,338.54,340.41,336.68,336.68,48.81845
2017-08-28 13:15:00,336.68,340.09,333.79,333.83,27.19208
2017-08-28 13:30:00,333.83,338.36,333.79,336.07,20.7392
2017-08-28 13:45:00,336.0,337.0,336.0,336.01,69.39624
2017-08-28 14:00:00,337.19,338.37,336.01,337.17,25.90195
2017-08-28 14:15:00,340.18,340.18,336.65,339.41,57.855
2017-08-28 14:30:00,338.17,340.15,338.16,340.0,56.21252
2017-08-28 14:45:00,338.17,339.73,338.16,338.26,84.50075
2017-08-28 15:00:00,338.26,340.25,336.65,340.25,52.90705
2017-08-28 15:15:00,337.55,341.33,337.55,338.64,36.41503
2017-08-28 15:30:00,338.64,339.94,338.64,338.77,41.42452
2017-08-28 15:45:00,338.77,339.91,338.77,338.77,35.64904
2017-08-28 16:00:00,340.89,341.0,338.31,339.55,50.53586
2017-08-28 16:15:00,339.54,341.92,339.54,339.54,64.07513
2017-08-28 16:30:00,340.89,341.83,339.54,339.73,12.8659
2017-08-28 16:45:00,339.73,340.69,338.31,339.5,42.21573
2017-08-28 17:00:00,338.34,338.4,336.54,336.54,54.53752
2017-08-28 17:15:00,338.22,339.26,336.55,339.25,36.26957
2017-08-28 17:30:00,339.25,340.51,337.72,337.86,26.00444
2017-08-28 17:45:00,337.86,340.5,337.86,340.48,3.3398
2017-08-28 18:00:00,340.48,340.49,337.72,337.72,24.00192
2017-08-28 18:15:00,337.72,339.47,337.13,337.71,44.82328
2017-08-28 18:30:00,339.36,340.5,337.71,338.8,33.60936
2017-08-28 18:45:00,339.81,340.7,339.8,339.81,22.1317
2017-08-28 19:00:00,339.81,341.16,338.84,338.85,80.13851
2017-08-28 19:15:00,338.85,341.36,338.85,339.86,18.88524
2017-08-28 19:30:00,339.86,342.86,339.85,339.85,31.39333
2017-08-28 19:45:00,338.84,341.9,338.77,341.9,91.22032
2017-08-28 20:00:00,339.62,342.8,339.34,339.35,38.04886
2017-08-28 20:15:00,342.4,342.4,339.47,340.46,13.90332
2017-08-28 20:30:00,341.45,342.82,340.49,340.65,28.83346
2017-08-28 20:45:00,341.65,344.86,341.65,341.76,19.97346
2017-08-28 21:00:00,347.33,347.41,343.11,346.0,17.36034
2017-08-28 21:15:00,343.12,344.56,343.1,343.1,30.19713
2017-08-28 21:30:00,343.1,344.55,341.64,341.64,74.1159
2017-08-28 21:45:00,341.64,346.19,341.64,341.96,61.56289
2017-08-28 22:00:00,342.19,345.18,342.0,342.04,31.21962
2017-08-28 22:15:00,344.08,344.08,342.23,343.24,14.5547
2017-08-28 22:30:00,342.0,344.05,341.65,341.67,9.62686
2017-08-28 22:45:00,342.8,344.65,342.8,342.95,45.49737
2017-08-28 23:00:00,342.95,345.0,342.86,344.96,51.75711
2017-08-28 23:15:00,345.0,345.88,342.86,342.86,73.77156
2017-08-28 23:30:00,344.05,345.89,342.87,343.78,26.23476
2017-08-28 23:45:00,343.78,344.49,341.83,341.83,50.63784
2017-08-29 00:00:00,341.83,344.23,341.64,341.64,27.16887
2017-08-29 00:15:00,341.67,344.8,341.67,341.8,65.97737
2017-08-29 00:30:00,341.81,344.14,341.81,341.87,43.55342
2017-08-29 00:45:00,341.82,345.88,340.66,343.2,66.54753
2017-08-29 01:00:00,343.2,344.49,341.65,341.69,58.48952
2017-08-29 01:15:00,341.69,343.56,341.69,341.85,48.53732
2017-08-29 01:30:00,343.56,343.56,341.81,341.81,10.24734
2017-08-29 01:45:00,342.16,344.78,340.49,340.49,42.95676
2017-08-29 02:00:00,341.84,342.89,341.84,341.88,49.5913
2017-08-29 02:15:00,341.84,344.77,341.77,342.18,33.50826
2017-08-29 02:30:00,343.43,345.69,342.18,342.22,33.18487
2017-08-29 02:45:00,344.06,345.0,342.22,345.0,59.99843
2017-08-29 03:00:00,344.82,347.42,343.38,343.38,53.71859
2017-08-29 03:15:00,344.74,345.89,343.37,345.89,49.37675
2017-08-29 03:30:00,345.89,345.89,343.41,343.41,93.11616
2017-08-29 03:45:00,345.33,345.33,343.4,344.3,23.08978
2017-08-29 04:00:00,342.54,346.2,342.54,345.32,14.79749
2017-08-29 04:15:00,343.51,345.32,342.37,342.37,11.04202
2017-08-29 04:30:00,342.37,345.31,342.37,345.31,32.2582
2017-08-29 04:45:00,345.31,345.32,342.2,342.29,37.14711
2017-08-29 05:00:00,342.4,345.29,342.21,342.23,41.10578
2017-08-29 05:15:00,342.23,344.4,342.16,342.25,61.74759
2017-08-29 05:30:00,342.25,345.31,342.16,344.63,36.69711
2017-08-29 05:45:00,344.63,347.42,344.63,346.51,42.8273
2017-08-29 06:00:00,346.42,348.33,346.25,346.26,41.88905
2017-08-29 06:15:00,348.33,348.33,345.31,345.48,14.62567
2017-08-29 06:30:00,348.49,348.49,346.13,348.49,18.02853
2017-08-29 06:45:00,348.49,348.5,346.52,348.49,29.20475
2017-08-29 07:00:00,348.2,348.2,345.39,348.2,3.70484
2017-08-29 07:15:00,348.2,348.2,345.31,348.2,3.34759
2017-08-29 07:30:00,345.71,348.2,345.28,347.77,16.95477
2017-08-29 07:45:00,348.0,348.2,345.48,346.0,10.81558
2017-08-29 08:00:00,347.0,349.55,346.0,347.0,36.01482
2017-08-29 08:15:00,349.55,349.55,349.4,349.4,1.7
2017-08-29 08:30:00,348.24,349.0,348.24,348.98,8.84813
2017-08-29 08:45:00,348.98,348.98,348.98,348.98,0.0
2017-08-29 09:00:00,349.83,349.83,349.83,349.83,2.8
2017-08-29 09:15:00,351.01,351.94,348.28,348.28,43.84537
2017-08-29 09:30:00,347.06,347.06,347.06,347.06,3.81182
2017-08-29 09:45:00,349.97,349.98,349.97,349.98,9.77875
2017-08-29 10:00:00,348.9,348.9,347.38,347.66,8.93218
2017-08-29 10:15:00,347.66,347.66,347.66,347.66,0.05003
2017-08-29 10:30:00,349.15,350.99,348.0,348.0,18.76203
2017-08-29 10:45:00,348.0,348.0,348.0,348.0,4.71286
2017-08-29 11:00:00,349.34,350.5,348.22,349.61,21.815
2017-08-29 11:15:00,350.31,353.23,349.61,353.23,50.9053
2017-08-29 11:30:00,351.5,353.23,350.01,353.0,29.62882
2017-08-29 11:45:00,350.01,353.0,350.01,350.03,35.24065
2017-08-29 12:00:00,351.19,351.19,350.02,350.02,0.99206
2017-08-29 12:15:00,350.05,351.73,350.02,351.5,3.6026
2017-08-29 12:30:00,351.49,351.69,350.07,351.5,4.76676
2017-08-29 12:45:00,351.68,351.68,351.68,351.68,1.76
2017-08-29 13:00:00,351.73,351.73,351.73,351.73,0.1202
2017-08-29 13:15:00,351.6,351.74,351.6,351.74,1.38531
2017-08-29 13:30:00,352.05,354.0,352.04,354.0,5.58433
2017-08-29 13:45:00,354.0,355.0,354.0,355.0,20.12872
2017-08-29 14:00:00,355.0,355.0,355.0,355.0,6.53861
2017-08-29 14:15:00,355.77,355.77,351.95,351.95,32.67083
2017-08-29 14:30:00,353.86,355.77,350.72,352.55,30.19566
2017-08-29 14:45:00,354.9,355.79,353.08,354.93,8.18887
2017-08-29 15:00:00,355.79,359.26,352.32,354.17,54.56145
2017-08-29 15:15:00,356.59,360.79,354.04,355.5,151.85501
2017-08-29 15:30:00,355.01,357.03,355.01,356.0,22.39888
2017-08-29 15:45:00,357.03,358.06,354.18,354.18,36.87791
2017-08-29 16:00:00,354.17,356.5,354.17,355.0,21.61974
2017-08-29 16:15:00,354.01,355.0,354.01,355.0,12.30519
2017-08-29 16:30:00,355.5,355.5,355.5,355.5,1.14335
2017-08-29 16:45:00,356.88,357.49,355.22,355.22,9.12414
2017-08-29 17:00:00,356.2,358.0,356.2,357.68,6.01119
2017-08-29 17:15:00,359.0,361.95,359.0,361.94,28.0194
2017-08-29 17:30:00,359.37,359.6,357.59,357.6,30.69508
2017-08-29 17:45:00,357.58,362.99,356.3,362.99,22.91275
2017-08-29 18:00:00,362.0,363.6,360.13,361.08,45.06317
2017-08-29 18:15:00,363.0,364.3,362.46,364.3,35.59674
2017-08-29 18:30:00,364.73,367.13,361.08,362.56,79.08011
2017-08-29 18:45:00,362.56,365.29,361.07,362.2,33.34162
2017-08-29 19:00:00,365.29,365.29,359.65,359.65,38.94464
2017-08-29 19:15:00,359.65,362.02,359.65,360.29,36.2298
2017-08-29 19:30:00,360.29,361.14,356.74,356.74,48.82082
2017-08-29 19:45:00,356.74,359.4,356.74,356.75,14.53254
2017-08-29 20:00:00,358.1,362.06,358.1,362.06,22.71315
2017-08-29 20:15:00,362.5,362.5,358.11,359.86,43.19989
2017-08-29 20:30:00,359.86,362.86,359.86,359.87,22.25013
2017-08-29 20:45:00,359.87,364.71,358.42,358.42,30.86298
2017-08-29 21:00:00,362.0,362.06,360.0,362.0,3.7666
2017-08-29 21:15:00,360.11,361.0,360.11,361.0,4.39003
2017-08-29 21:30:00,362.88,363.5,361.35,362.96,22.84331
2017-08-29 21:45:00,363.98,365.46,361.9,364.35,85.52038
2017-08-29 22:00:00,364.36,365.43,361.83,363.06,88.30173
2017-08-29 22:15:00,364.09,365.09,361.31,361.68,171.75794
2017-08-29 22:30:00,361.7,364.28,361.67,362.03,42.25166
2017-08-29 22:45:00,361.86,363.74,361.67,362.17,49.25225
2017-08-29 23:00:00,362.17,365.71,362.04,362.04,58.80195
2017-08-29 23:15:00,365.4,365.9,363.26,365.88,37.66485
2017-08-29 23:30:00,365.87,367.4,362.82,367.38,29.27147
2017-08-29 23:45:00,367.38,367.38,364.56,364.57,25.10738
2017-08-30 00:00:00,365.74,366.28,362.79,365.32,29.3641
2017-08-30 00:15:00,365.32,367.4,364.04,364.59,55.82341
2017-08-30 00:30:00,364.55,368.98,364.55,366.09,48.10616
2017-08-30 00:45:00,365.55,369.41,364.31,368.16,43.61707
2017-08-30 01:00:00,368.16,372.79,368.16,370.62,77.41477
2017-08-30 01:15:00,370.62,372.32,368.65,370.75,41.02339
2017-08-30 01:30:00,373.66,373.66,367.44,371.42,47.60566
2017-08-30 01:45:00,366.94,372.61,366.94,370.43,46.2967
2017-08-30 02:00:00,372.6,373.52,368.16,368.16,25.25128
2017-08-30 02:15:00,370.08,371.08,367.55,368.84,33.80533
2017-08-30 02:30:00,368.84,370.36,368.78,368.78,35.44513
2017-08-30 02:45:00,368.78,371.65,367.54,368.9,28.17896
2017-08-30 03:00:00,368.9,373.42,368.9,370.98,38.39738
2017-08-30 03:15:00,370.99,370.99,367.54,367.69,41.70152
2017-08-30 03:30:00,368.02,368.44,365.72,365.72,48.91743
2017-08-30 03:45:00,367.21,370.5,365.65,367.44,53.89426
2017-08-30 04:00:00,367.44,370.51,367.36,370.51,79.41555
2017-08-30 04:15:00,371.02,374.13,369.63,369.63,67.1519
2017-08-30 04:30:00,369.63,374.13,369.63,374.13,44.75627
2017-08-30 04:45:00,371.03,372.99,369.63,370.77,74.37109
2017-08-30 05:00:00,370.79,374.11,370.79,371.9,60.95993
2017-08-30 05:15:00,370.77,374.11,370.77,374.11,32.67309
2017-08-30 05:30:00,372.72,375.96,372.72,374.01,37.92633
2017-08-30 05:45:00,374.01,376.76,373.15,376.76,30.3939
2017-08-30 06:00:00,376.76,377.59,374.32,374.38,12.13629
2017-08-30 06:15:00,374.38,377.6,373.52,374.05,23.83612
2017-08-30 06:30:00,374.05,374.51,374.05,374.51,5.58248
2017-08-30 06:45:00,374.51,374.51,374.51,374.51,0.05189
2017-08-30 07:00:00,377.49,377.49,377.49,377.49,0.986
2017-08-30 07:15:00,377.49,377.49,377.49,377.49,0.0
2017-08-30 07:30:00,374.82,374.82,374.82,374.82,0.00801
2017-08-30 07:45:00,374.89,374.89,374.7,374.7,7.17391
2017-08-30 08:00:00,374.7,374.7,368.64,368.64,35.65227
2017-08-30 08:15:00,369.74,370.84,367.37,369.3,67.16185
2017-08-30 08:30:00,370.83,372.12,369.05,369.71,37.83677
2017-08-30 08:45:00,372.12,372.49,370.5,371.6,7.0101
2017-08-30 09:00:00,371.6,373.0,371.6,373.0,10.34478
2017-08-30 09:15:00,373.83,375.87,371.0,375.87,3.73393
2017-08-30 09:30:00,375.87,377.8,372.66,374.09,24.06453
2017-08-30 09:45:00,372.58,375.68,371.79,375.68,2.87156
2017-08-30 10:00:00,373.39,377.11,372.97,374.0,27.31612
2017-08-30 10:15:00,375.5,375.5,373.05,373.06,6.23175
2017-08-30 10:30:00,373.82,376.88,371.78,374.0,33.33099
2017-08-30 10:45:00,371.79,376.09,371.78,374.9,28.32663
2017-08-30 11:00:00,375.01,377.27,371.81,377.27,12.27083
2017-08-30 11:15:00,372.03,377.27,372.03,372.15,17.48742
2017-08-30 11:30:00,372.18,376.41,371.89,372.6,15.39572
2017-08-30 11:45:00,372.11,373.0,371.8,373.0,15.26321
2017-08-30 12:00:00,373.0,374.81,372.92,374.81,43.24041
2017-08-30 12:15:00,374.81,376.3,374.81,376.3,2.67943
2017-08-30 12:30:00,376.3,376.3,376.3,376.3,0.0
2017-08-30 12:45:00,379.0,380.81,376.3,380.81,18.63185
2017-08-30 13:00:00,376.6,377.51,376.6,377.51,6.59697
2017-08-30 13:15:00,378.65,379.88,377.51,377.51,11.65256
2017-08-30 13:30:00,376.42,377.5,376.41,377.5,5.11961
2017-08-30 13:45:00,377.5,381.13,377.5,381.13,14.22058
2017-08-30 14:00:00,380.81,386.22,380.81,380.82,32.64086
2017-08-30 14:15:00,383.17,393.71,383.17,390.69,85.36705
2017-08-30 14:30:00,388.01,391.99,386.9,387.0,15.21465
2017-08-30 14:45:00,387.02,389.55,385.5,385.5,35.62594
2017-08-30 15:00:00,387.99,392.0,385.51,385.51,28.61993
2017-08-30 15:15:00,385.5,390.99,384.1,390.99,121.39976
2017-08-30 15:30:00,387.44,388.04,383.54,384.01,20.83565
2017-08-30 15:45:00,384.04,388.03,378.14,378.14,10.59354
2017-08-30 16:00:00,378.16,378.51,378.16,378.5,30.62615
2017-08-30 16:15:00,382.57,382.57,382.57,382.57,2.53
2017-08-30 16:30:00,383.0,384.33,379.06,379.06,12.99179
2017-08-30 16:45:00,374.3,378.01,374.3,377.23,5.13111
2017-08-30 17:00:00,375.7,375.7,375.51,375.51,1.12858
2017-08-30 17:15:00,375.51,375.51,375.51,375.51,0.755
2017-08-30 17:30:00,375.51,375.51,370.53,370.75,85.53938
2017-08-30 17:45:00,371.98,373.99,365.65,365.65,77.49292
2017-08-30 18:00:00,367.15,369.48,365.65,368.0,136.73417
2017-08-30 18:15:00,369.19,369.2,363.95,363.95,256.88412
2017-08-30 18:30:00,365.55,377.56,362.05,374.21,369.28622
2017-08-30 18:45:00,371.68,376.9,370.49,371.62,178.95458
2017-08-30 19:00:00,371.62,376.92,371.62,376.92,35.6726
2017-08-30 19:15:00,374.6,379.0,374.6,374.6,72.26749
2017-08-30 19:30:00,374.6,377.32,372.83,372.83,47.66064
2017-08-30 19:45:00,376.0,377.0,373.01,375.9,36.26671
2017-08-30 20:00:00,373.01,375.0,372.79,372.79,66.62267
2017-08-30 20:15:00,371.62,379.0,370.49,379.0,110.80649
2017-08-30 20:30:00,378.61,385.33,378.61,383.5,75.31205
2017-08-30 20:45:00,382.2,385.0,382.0,382.01,71.46291
2017-08-30 21:00:00,382.01,382.3,380.0,380.0,61.26331
2017-08-30 21:15:00,380.0,380.01,377.8,378.04,66.14996
2017-08-30 21:30:00,378.11,381.78,378.1,379.32,62.78229
2017-08-30 21:45:00,379.37,381.68,379.37,380.43,67.02565
2017-08-30 22:00:00,379.78,380.7,376.41,376.41,25.42295
2017-08-30 22:15:00,376.41,377.72,376.4,376.4,50.4406
2017-08-30 22:30:00,377.58,378.76,374.22,374.22,50.17454
2017-08-30 22:45:00,375.95,380.03,375.19,376.2,90.89199
2017-08-30 23:00:00,376.2,376.2,376.2,376.2,6.11544
2017-08-30 23:15:00,376.2,378.75,376.1,377.43,42.45488
2017-08-30 23:30:00,376.76,378.75,376.1,376.76,69.252
2017-08-30 23:45:00,377.75,380.89,376.8,379.38,111.33387
2017-08-31 00:00:00,379.38,382.21,379.38,379.9,16.9999
2017-08-31 00:15:00,379.89,383.62,378.72,383.61,64.21534
2017-08-31 00:30:00,380.7,381.91,380.39,380.39,43.09251
2017-08-31 00:45:00,380.39,383.64,380.39,383.18,58.47163
2017-08-31 01:00:00,383.18,386.89,383.17,383.2,69.71084
2017-08-31 01:15:00,383.2,385.3,382.03,385.3,63.92459
2017-08-31 01:30:00,384.59,385.32,383.38,385.32,28.42794
2017-08-31 01:45:00,385.32,386.96,384.91,384.95,63.12253
2017-08-31 02:00:00,383.76,389.8,383.76,389.16,64.01467
2017-08-31 02:15:00,386.75,389.0,384.87,384.87,31.29145
2017-08-31 02:30:00,387.41,387.41,383.69,383.69,20.43079
2017-08-31 02:45:00,383.82,385.42,382.05,384.66,27.29657
2017-08-31 03:00:00,384.66,386.11,383.38,385.04,52.50511
2017-08-31 03:15:00,386.42,387.41,383.66,387.4,40.9534
2017-08-31 03:30:00,385.75,385.94,383.68,383.68,29.03127
2017-08-31 03:45:00,383.38,383.4,383.38,383.38,4.61338
2017-08-31 04:00:00,385.34,385.34,383.38,383.47,40.93387
2017-08-31 04:15:00,383.47,385.09,382.02,382.18,48.63508
2017-08-31 04:30:00,383.93,385.77,382.02,385.77,34.95034
2017-08-31 04:45:00,383.5,387.29,383.5,385.0,45.72899
2017-08-31 05:00:00,385.99,386.11,383.5,385.0,57.23512
2017-08-31 05:15:00,385.24,385.25,380.74,382.0,32.87863
2017-08-31 05:30:00,382.27,383.39,380.98,382.13,26.98151
2017-08-31 05:45:00,383.39,383.54,382.0,382.0,14.06317
2017-08-31 06:00:00,385.03,385.03,381.99,381.99,51.79133
2017-08-31 06:15:00,381.99,383.64,381.99,383.64,16.8453
2017-08-31 06:30:00,383.7,385.88,383.14,383.14,52.97403
2017-08-31 06:45:00,383.22,386.0,383.22,385.0,18.06631
2017-08-31 07:00:00,384.52,384.52,384.37,384.52,28.74656
2017-08-31 07:15:00,384.37,384.45,383.13,383.48,25.72438
2017-08-31 07:30:00,384.37,386.25,382.24,382.24,70.04875
2017-08-31 07:45:00,383.36,385.93,381.99,385.93,28.72048
2017-08-31 08:00:00,384.64,384.64,380.69,380.69,39.40435
2017-08-31 08:15:00,380.69,382.75,380.69,381.72,26.50288
2017-08-31 08:30:00,380.97,384.37,380.8,382.23,40.01008
2017-08-31 08:45:00,383.31,384.37,380.82,381.98,39.5304
2017-08-31 09:00:00,381.98,384.35,380.81,384.07,30.71124
2017-08-31 09:15:00,382.39,382.62,379.42,379.42,48.07407
2017-08-31 09:30:00,381.0,382.8,380.85,381.02,60.83775
2017-08-31 09:45:00,381.02,382.69,380.44,380.56,25.18344
2017-08-31 10:00:00,380.58,380.99,378.95,379.98,39.43273
2017-08-31 10:15:00,378.95,381.1,377.78,379.21,86.5945
2017-08-31 10:30:00,381.0,381.8,379.51,379.51,25.00955
2017-08-31 10:45:00,379.53,382.6,379.53,382.52,39.14182
2017-08-31 11:00:00,382.6,383.74,381.03,381.06,29.46208
2017-08-31 11:15:00,381.06,383.79,381.04,383.0,23.29002
2017-08-31 11:30:00,383.0,383.8,382.47,383.8,49.46461
2017-08-31 11:45:00,383.45,383.8,383.45,383.51,73.75028
2017-08-31 12:00:00,383.66,384.37,383.45,384.37,88.96573
2017-08-31 12:15:00,383.92,385.94,382.47,385.91,57.68576
2017-08-31 12:30:00,384.24,385.4,382.6,385.21,38.26616
2017-08-31 12:45:00,383.9,385.5,382.5,385.5,43.85372
2017-08-31 13:00:00,384.04,385.91,381.4,381.4,31.48647
2017-08-31 13:15:00,381.4,383.35,381.4,383.34,23.35151
2017-08-31 13:30:00,383.33,383.51,381.89,383.51,38.72238
2017-08-31 13:45:00,382.01,384.54,382.0,382.16,5.13339
2017-08-31 14:00:00,383.27,383.41,381.55,383.0,35.77513
2017-08-31 14:15:00,382.24,382.24,381.5,381.5,7.43327
2017-08-31 14:30:00,379.21,382.99,379.21,380.0,16.25733
2017-08-31 14:45:00,380.01,380.9,379.99,379.99,31.31173
2017-08-31 15:00:00,380.45,383.14,379.99,383.14,64.43431
2017-08-31 15:15:00,383.14,383.14,383.14,383.14,0.0
2017-08-31 15:30:00,383.14,383.14,383.14,383.14,0.0
2017-08-31 15:45:00,383.14,383.14,383.14,383.14,0.0
2017-08-31 16:00:00,381.89,381.89,380.2,380.2,34.48226
2017-08-31 16:15:00,381.45,381.45,379.0,381.18,45.10871
2017-08-31 16:30:00,379.01,382.19,379.01,380.0,16.36493
2017-08-31 16:45:00,381.0,383.41,381.0,381.87,30.63348
2017-08-31 17:00:00,381.96,383.39,381.12,382.34,48.06728
2017-08-31 17:15:00,382.45,383.21,380.91,381.0,63.34853
2017-08-31 17:30:00,381.64,382.28,379.01,379.01,33.80166
2017-08-31 17:45:00,380.26,381.49,378.85,379.2,106.58659
2017-08-31 18:00:00,379.59,381.03,379.2,380.05,103.90024
2017-08-31 18:15:00,381.19,383.41,381.19,382.5,76.05788
2017-08-31 18:30:00,381.99,385.88,381.98,383.41,57.55945
2017-08-31 18:45:00,383.41,383.41,383.41,383.41,0.0
2017-08-31 19:00:00,384.59,385.87,383.38,383.44,20.56189
2017-08-31 19:15:00,383.69,385.77,382.01,385.0,44.08098
2017-08-31 19:30:00,384.91,385.72,383.47,384.61,36.03711
2017-08-31 19:45:00,384.75,387.42,384.0,387.42,71.77311
2017-08-31 20:00:00,385.82,387.0,383.48,387.0,59.26241
2017-08-31 20:15:00,386.71,387.41,385.12,386.0,63.62384
2017-08-31 20:30:00,386.5,387.0,383.48,384.5,69.39003
2017-08-31 20:45:00,384.2,387.41,384.0,387.41,65.26872
2017-08-31 21:00:00,387.0,389.13,385.95,387.6,36.98646
2017-08-31 21:15:00,387.58,388.57,386.04,386.04,13.19953
2017-08-31 21:30:00,386.5,388.49,386.5,386.72,12.44137
2017-08-31 21:45:00,386.72,389.0,386.46,386.49,63.19565
2017-08-31 22:00:00,387.25,388.99,386.48,386.98,69.20368
2017-08-31 22:15:00,388.0,389.36,386.98,386.99,55.16613
2017-08-31 22:30:00,387.01,389.36,386.99,387.75,63.02009
2017-08-31 22:45:00,387.05,389.3,386.92,386.92,121.4953
2017-08-31 23:00:00,387.14,387.14,384.98,385.5,72.55176
2017-08-31 23:15:00,386.87,388.23,385.15,385.48,33.52542
2017-08-31 23:30:00,385.51,387.8,385.51,385.51,43.41146
2017-08-31 23:45:00,386.67,386.67,383.48,383.76,63.54209
2017-09-01 00:00:00,384.38,387.0,383.47,385.01,57.7831
2017-09-01 00:15:00,386.01,387.0,383.48,386.76,29.34469
2017-09-01 00:30:00,386.27,386.66,384.66,384.78,60.92443
2017-09-01 00:45:00,384.78,387.39,383.47,386.69,68.6912
2017-09-01 01:00:00,384.86,386.02,384.67,384.67,55.12764
2017-09-01 01:15:00,384.67,386.81,383.47,385.06,36.71248
2017-09-01 01:30:00,385.94,385.94,383.47,384.67,50.67565
2017-09-01 01:45:00,384.66,385.72,383.13,385.67,42.9342
2017-09-01 02:00:00,384.51,386.75,383.13,383.75,35.38335
2017-09-01 02:15:00,384.28,386.8,383.52,384.97,94.01844
2017-09-01 02:30:00,384.97,386.03,383.52,383.52,61.84209
2017-09-01 02:45:00,383.52,386.79,383.52,384.06,65.12573
2017-09-01 03:00:00,385.47,386.5,384.06,384.47,98.51541
2017-09-01 03:15:00,385.51,386.44,384.47,384.47,47.49796
2017-09-01 03:30:00,384.47,385.58,383.19,383.19,26.44318
2017-09-01 03:45:00,384.84,386.48,383.19,384.45,47.86417
2017-09-01 04:00:00,385.1,385.44,383.19,385.44,12.3993
2017-09-01 04:15:00,385.38,386.81,383.2,386.81,37.66886
2017-09-01 04:30:00,387.33,388.25,384.61,386.43,82.99479
2017-09-01 04:45:00,386.44,388.25,384.42,384.42,49.25215
2017-09-01 05:00:00,384.42,386.83,384.42,386.29,32.0057
2017-09-01 05:15:00,386.94,388.06,384.42,384.53,55.68997
2017-09-01 05:30:00,384.58,388.01,384.42,384.42,64.81224
2017-09-01 05:45:00,384.42,384.42,384.42,384.42,0.0
2017-09-01 06:00:00,386.21,386.96,384.42,384.59,43.50294
2017-09-01 06:15:00,386.16,388.25,384.58,386.42,47.01329
2017-09-01 06:30:00,386.43,388.25,384.6,385.8,82.75338
2017-09-01 06:45:00,387.01,387.01,384.59,384.59,8.67658
2017-09-01 07:00:00,385.95,385.95,384.58,384.58,19.16881
2017-09-01 07:15:00,384.58,386.08,384.58,384.58,23.70474
2017-09-01 07:30:00,386.07,387.58,384.33,387.58,73.10209
2017-09-01 07:45:00,384.68,387.79,384.67,384.79,71.51526
2017-09-01 08:00:00,386.44,386.44,384.79,384.79,16.96119
2017-09-01 08:15:00,384.79,387.4,384.79,384.79,45.4399
2017-09-01 08:30:00,385.92,386.38,385.92,386.15,42.20249
2017-09-01 08:45:00,386.58,388.74,386.16,388.74,58.37421
2017-09-01 09:00:00,388.69,388.88,387.53,388.88,40.54411
2017-09-01 09:15:00,388.88,391.62,388.65,390.94,102.76364
2017-09-01 09:30:00,390.74,394.06,390.74,391.44,55.6365
2017-09-01 09:45:00,391.37,392.89,389.41,391.37,49.78524
2017-09-01 10:00:00,392.88,394.39,389.46,389.8,56.87397
2017-09-01 10:15:00,391.42,392.68,390.86,391.19,59.99182
2017-09-01 10:30:00,392.43,392.43,390.86,390.89,41.15977
2017-09-01 10:45:00,390.89,393.98,390.87,390.88,40.803
2017-09-01 11:00:00,391.7,392.81,390.86,392.14,35.34114
2017-09-01 11:15:00,392.14,392.5,392.14,392.2,10.0226
2017-09-01 11:30:00,392.24,392.58,390.86,392.58,47.48459
2017-09-01 11:45:00,392.58,393.13,390.86,390.86,48.71281
2017-09-01 12:00:00,392.65,394.21,391.08,392.59,49.46204
2017-09-01 12:15:00,392.46,394.27,391.08,391.08,53.46
2017-09-01 12:30:00,392.04,393.08,391.08,393.08,12.90503
2017-09-01 12:45:00,391.77,391.77,387.64,390.33,19.83187
2017-09-01 13:00:00,388.92,388.99,386.15,388.5,33.06875
2017-09-01 13:15:00,388.37,388.99,386.15,386.26,66.69979
2017-09-01 13:30:00,387.63,388.99,385.01,385.01,61.95943
2017-09-01 13:45:00,385.02,388.99,384.88,384.88,41.75655
2017-09-01 14:00:00,386.7,386.71,383.18,383.19,29.78536
2017-09-01 14:15:00,384.47,388.62,384.47,386.55,29.71664
2017-09-01 14:30:00,386.56,386.56,384.49,384.49,7.6997
2017-09-01 14:45:00,386.26,386.26,384.51,384.52,17.87359
2017-09-01 15:00:00,386.26,388.45,384.0,388.0,120.85135
2017-09-01 15:15:00,387.33,390.25,386.2,390.25,101.80655
2017-09-01 15:30:00,389.81,390.0,388.0,388.5,56.8023
2017-09-01 15:45:00,389.16,390.56,388.31,388.4,50.76577
2017-09-01 16:00:00,389.48,390.56,388.66,388.66,35.34909
2017-09-01 16:15:00,389.73,393.08,388.66,389.5,125.91919
2017-09-01 16:30:00,391.1,392.59,390.5,391.0,49.75108
2017-09-01 16:45:00,392.56,393.0,388.16,389.68,59.80479
2017-09-01 17:00:00,389.97,392.0,387.46,392.0,49.29889
2017-09-01 17:15:00,391.95,392.0,389.45,389.45,62.07877
2017-09-01 17:30:00,390.48,390.61,388.47,389.47,84.45816
2017-09-01 17:45:00,390.23,390.24,387.46,389.14,52.49246
2017-09-01 18:00:00,389.02,389.02,387.46,387.46,7.30178
2017-09-01 18:15:00,387.46,387.46,387.46,387.46,0.0
2017-09-01 18:30:00,387.46,389.7,387.46,389.17,23.72997
2017-09-01 18:45:00,389.44,389.88,389.17,389.88,63.18419
2017-09-01 19:00:00,389.88,391.9,387.51,388.3,45.08247
2017-09-01 19:15:00,389.7,390.13,387.46,390.0,68.93989
2017-09-01 19:30:00,389.14,390.0,388.28,389.45,63.65409
2017-09-01 19:45:00,389.5,391.0,388.28,389.64,74.15343
2017-09-01 20:00:00,389.56,391.2,388.79,389.14,55.15983
2017-09-01 20:15:00,389.18,389.19,387.01,388.51,54.61995
2017-09-01 20:30:00,388.59,390.48,387.17,388.7,52.89592
2017-09-01 20:45:00,389.35,389.36,388.61,388.8,43.04579
2017-09-01 21:00:00,390.0,391.0,389.4,390.01,85.68738
2017-09-01 21:15:00,390.01,390.01,390.01,390.01,0.0
2017-09-01 21:30:00,390.01,390.26,389.22,389.95,31.36796
2017-09-01 21:45:00,390.6,391.0,389.33,390.5,44.61277
2017-09-01 22:00:00,390.78,391.06,388.8,388.8,77.89239
2017-09-01 22:15:00,388.81,388.81,386.73,386.83,58.66071
2017-09-01 22:30:00,387.58,388.51,386.88,387.8,25.3345
2017-09-01 22:45:00,388.52,390.56,386.57,388.54,91.49389
2017-09-01 23:00:00,388.39,390.57,385.88,390.57,57.59363
2017-09-01 23:15:00,388.77,389.67,386.2,386.2,55.17805
2017-09-01 23:30:00,386.2,391.01,386.2,386.59,17.28378
2017-09-01 23:45:00,388.75,391.06,386.22,387.01,77.01654
2017-09-02 00:00:00,387.91,391.47,387.91,388.11,41.82053
2017-09-02 00:15:00,388.11,389.31,386.05,389.31,83.37816
2017-09-02 00:30:00,389.29,391.13,386.11,386.51,97.31504
2017-09-02 00:45:00,387.64,390.11,386.51,388.36,52.31986
2017-09-02 01:00:00,389.67,391.01,388.35,391.01,52.18218
2017-09-02 01:15:00,390.47,391.95,388.36,391.95,49.54545
2017-09-02 01:30:00,390.81,391.95,388.4,388.4,49.12104
2017-09-02 01:45:00,392.0,392.3,388.64,392.29,35.30479
2017-09-02 02:00:00,392.29,392.48,392.29,392.47,10.23159
2017-09-02 02:15:00,390.27,392.48,390.27,392.48,6.857
2017-09-02 02:30:00,392.48,393.4,388.37,388.37,49.14302
2017-09-02 02:45:00,391.51,391.51,388.37,388.37,12.12629
2017-09-02 03:00:00,388.65,390.42,387.11,387.26,80.86587
2017-09-02 03:15:00,389.62,390.42,387.12,387.48,55.10394
2017-09-02 03:30:00,389.62,390.35,387.96,387.96,47.84088
2017-09-02 03:45:00,387.96,391.07,387.48,388.08,74.46107
2017-09-02 04:00:00,389.62,391.99,388.08,391.99,17.01481
2017-09-02 04:15:00,391.99,394.02,388.46,394.02,41.28429
2017-09-02 04:30:00,391.43,391.45,391.43,391.45,2.80215
2017-09-02 04:45:00,392.74,394.02,388.49,388.49,23.46216
2017-09-02 05:00:00,388.59,391.25,388.48,388.48,4.81255
2017-09-02 05:15:00,391.33,391.33,391.33,391.33,0.22603
2017-09-02 05:30:00,390.98,390.98,390.88,390.88,2.653
2017-09-02 05:45:00,388.64,392.41,388.08,388.13,9.27782
2017-09-02 06:00:00,388.13,388.13,388.13,388.13,0.0
2017-09-02 06:15:00,390.0,394.02,388.1,388.13,3.78691
2017-09-02 06:30:00,388.33,388.33,388.33,388.33,1.228
2017-09-02 06:45:00,388.37,392.25,388.35,390.85,14.87019
2017-09-02 07:00:00,388.97,391.4,388.34,389.31,18.59006
2017-09-02 07:15:00,390.35,390.35,389.3,389.3,2.71734
2017-09-02 07:30:00,389.31,390.35,388.45,388.45,43.06019
2017-09-02 07:45:00,389.81,391.1,388.45,388.46,15.69909
2017-09-02 08:00:00,388.58,391.4,388.58,389.0,2.12286
2017-09-02 08:15:00,390.94,390.94,390.94,390.94,2.297
2017-09-02 08:30:00,390.94,394.32,388.46,388.46,47.56828
2017-09-02 08:45:00,394.32,394.32,394.32,394.32,3.474
2017-09-02 09:00:00,392.02,392.02,388.45,390.06,59.62955
2017-09-02 09:15:00,389.26,389.26,386.91,388.0,55.33812
2017-09-02 09:30:00,387.12,387.12,382.72,383.07,70.7773
2017-09-02 09:45:00,384.48,387.11,382.99,384.47,95.49187
2017-09-02 10:00:00,385.8,387.11,383.03,384.5,66.85882
2017-09-02 10:15:00,384.5,386.92,384.0,385.0,38.12019
2017-09-02 10:30:00,384.0,384.04,382.92,382.92,45.22157
2017-09-02 10:45:00,382.9,385.64,382.05,382.68,54.69948
2017-09-02 11:00:00,383.34,384.47,380.05,380.47,134.45983
2017-09-02 11:15:00,380.47,381.0,373.66,373.66,82.44109
2017-09-02 11:30:00,374.88,379.91,373.66,379.49,95.20377
2017-09-02 11:45:00,378.95,379.92,377.31,378.52,62.51173
2017-09-02 12:00:00,378.51,379.6,376.21,378.36,53.23813
2017-09-02 12:15:00,378.98,378.99,377.03,377.1,48.83961
2017-09-02 12:30:00,378.35,379.56,376.87,377.93,89.29398
2017-09-02 12:45:00,377.94,377.94,375.71,375.75,69.54034
2017-09-02 13:00:00,376.86,377.5,368.25,368.25,98.14815
2017-09-02 13:15:00,369.42,371.05,365.87,369.36,92.06477
2017-09-02 13:30:00,368.0,369.36,353.86,353.86,245.63475
2017-09-02 13:45:00,352.74,355.18,347.61,347.61,129.20493
2017-09-02 14:00:00,348.77,365.1,347.0,363.23,358.54834
2017-09-02 14:15:00,361.11,362.47,355.8,362.17,184.10228
2017-09-02 14:30:00,363.54,365.05,360.15,361.79,94.06564
2017-09-02 14:45:00,362.39,368.8,360.15,367.6,121.04785
2017-09-02 15:00:00,368.26,373.85,367.34,371.42,109.11554
2017-09-02 15:15:00,372.75,375.0,368.51,368.51,93.12635
2017-09-02 15:30:00,370.19,371.9,368.51,368.51,56.5042
2017-09-02 15:45:00,368.88,368.95,360.92,363.7,64.28308
2017-09-02 16:00:00,364.83,364.84,358.73,358.73,74.37191
2017-09-02 16:15:00,358.73,359.33,354.83,354.83,69.56388
2017-09-02 16:30:00,356.62,356.63,353.1,353.1,47.17172
2017-09-02 16:45:00,353.41,356.56,351.62,355.42,96.4128
2017-09-02 17:00:00,353.54,361.52,351.61,358.72,97.02436
2017-09-02 17:15:00,358.19,359.64,352.0,353.6,91.85853
2017-09-02 17:30:00,353.99,353.99,353.6,353.98,5.80839
2017-09-02 17:45:00,353.59,353.59,351.59,351.6,23.99307
2017-09-02 18:00:00,351.6,356.18,350.43,355.03,59.5174
2017-09-02 18:15:00,355.02,357.33,350.42,350.42,42.72096
2017-09-02 18:30:00,352.35,358.32,350.42,356.87,111.60494
2017-09-02 18:45:00,358.32,360.11,355.0,356.58,264.83548
2017-09-02 19:00:00,357.78,360.1,357.0,358.66,163.02373
2017-09-02 19:15:00,359.39,360.1,358.66,360.06,45.8616
2017-09-02 19:30:00,360.1,360.1,355.48,356.96,22.76602
2017-09-02 19:45:00,359.01,359.04,354.42,357.0,79.72514
2017-09-02 20:00:00,358.25,360.28,356.14,357.98,85.67743
2017-09-02 20:15:00,359.84,359.84,354.42,356.19,33.20985
2017-09-02 20:30:00,354.63,354.63,350.6,353.09,61.625
2017-09-02 20:45:00,353.3,356.0,351.91,351.92,107.8247
2017-09-02 21:00:00,354.16,356.38,351.91,356.27,26.51064
2017-09-02 21:15:00,355.32,357.11,354.34,356.63,58.38461
2017-09-02 21:30:00,357.12,357.58,353.1,355.01,40.52584
2017-09-02 21:45:00,355.84,357.43,353.09,353.09,81.55245
2017-09-02 22:00:00,354.42,355.76,351.91,351.92,63.34571
2017-09-02 22:15:00,351.92,353.43,348.62,349.79,90.85675
2017-09-02 22:30:00,349.45,349.45,332.15,332.15,154.35143
2017-09-02 22:45:00,333.77,346.38,332.15,335.32,256.07116
2017-09-02 23:00:00,336.83,336.84,327.22,327.22,88.36815
2017-09-02 23:15:00,328.61,334.39,327.09,328.39,151.08173
2017-09-02 23:30:00,329.33,338.65,328.39,338.65,111.75638
2017-09-02 23:45:00,339.44,345.01,338.65,341.72,158.02382
2017-09-03 00:00:00,341.72,342.8,340.64,341.2,53.35074
2017-09-03 00:15:00,341.9,341.91,331.04,331.04,199.17994
2017-09-03 00:30:00,329.73,342.37,329.73,339.25,183.36231
2017-09-03 00:45:00,339.29,339.93,336.97,336.97,75.5286
2017-09-03 01:00:00,336.97,339.51,332.31,338.33,81.76782
2017-09-03 01:15:00,339.25,344.64,338.23,342.94,78.28993
2017-09-03 01:30:00,342.11,343.88,338.23,339.64,89.21464
2017-09-03 01:45:00,340.62,343.85,337.65,341.63,86.55827
2017-09-03 02:00:00,344.07,344.07,341.63,342.74,16.25707
2017-09-03 02:15:00,343.45,345.27,337.46,340.56,112.78867
2017-09-03 02:30:00,342.79,344.96,340.56,340.56,98.14286
2017-09-03 02:45:00,343.64,343.64,339.29,339.29,44.54814
2017-09-03 03:00:00,340.23,340.23,334.93,334.93,82.27344
2017-09-03 03:15:00,336.44,341.21,334.93,339.55,64.22904
2017-09-03 03:30:00,341.2,341.21,337.94,337.94,37.5489
2017-09-03 03:45:00,339.15,341.47,336.18,336.18,50.94202
2017-09-03 04:00:00,338.08,338.47,333.3,334.25,76.56754
2017-09-03 04:15:00,331.64,333.32,327.9,329.68,151.93907
2017-09-03 04:30:00,331.33,331.33,327.26,327.26,118.87053
2017-09-03 04:45:00,328.58,328.58,325.63,325.63,104.91963
2017-09-03 05:00:00,327.16,327.16,322.43,322.43,62.53499
2017-09-03 05:15:00,322.9,324.0,321.88,323.66,34.75923
2017-09-03 05:30:00,322.71,324.0,320.08,324.0,74.79202
2017-09-03 05:45:00,325.75,331.08,324.0,324.0,63.91588
2017-09-03 06:00:00,325.45,329.84,325.45,328.67,39.96488
2017-09-03 06:15:00,330.0,334.95,327.24,333.66,57.89364
2017-09-03 06:30:00,334.95,340.1,333.66,339.11,46.51506
2017-09-03 06:45:00,339.5,339.5,329.72,329.72,85.05501
2017-09-03 07:00:00,331.77,335.12,329.72,333.66,47.60275
2017-09-03 07:15:00,335.12,335.43,331.19,332.5,110.41445
2017-09-03 07:30:00,334.55,340.64,333.66,340.64,70.78218
2017-09-03 07:45:00,341.24,343.15,339.59,343.14,51.41901
2017-09-03 08:00:00,343.56,351.12,342.73,350.38,69.85972
2017-09-03 08:15:00,350.37,350.38,345.62,345.62,53.25194
2017-09-03 08:30:00,347.31,351.63,345.62,349.21,39.48499
2017-09-03 08:45:00,349.21,350.0,346.59,347.8,77.33768
2017-09-03 09:00:00,349.11,351.55,347.8,348.6,142.0915
2017-09-03 09:15:00,350.04,352.67,348.6,348.6,71.32348
2017-09-03 09:30:00,349.0,349.0,345.62,346.87,73.14212
2017-09-03 09:45:00,348.04,348.28,345.72,347.26,44.5519
2017-09-03 10:00:00,349.0,349.0,344.32,344.32,29.20751
2017-09-03 10:15:00,344.32,344.32,340.2,341.83,119.57329
2017-09-03 10:30:00,343.42,345.71,341.83,343.17,79.12567
2017-09-03 10:45:00,345.2,347.52,345.19,347.48,72.82252
2017-09-03 11:00:00,347.0,350.21,346.52,348.78,42.00594
2017-09-03 11:15:00,349.75,349.75,346.51,349.0,29.43639
2017-09-03 11:30:00,349.0,349.67,345.39,345.53,34.34572
2017-09-03 11:45:00,345.52,352.48,345.52,348.85,36.91785
2017-09-03 12:00:00,348.85,355.75,348.84,352.86,30.63788
2017-09-03 12:15:00,354.61,359.01,349.45,352.31,35.21441
2017-09-03 12:30:00,349.49,356.88,349.49,356.65,76.23589
2017-09-03 12:45:00,356.65,357.11,353.27,355.21,37.42578
2017-09-03 13:00:00,353.58,357.12,353.32,356.73,25.11913
2017-09-03 13:15:00,357.12,361.77,357.12,360.56,33.90294
2017-09-03 13:30:00,360.81,365.73,360.56,364.54,47.17301
2017-09-03 13:45:00,365.28,365.28,361.66,363.55,22.95825
2017-09-03 14:00:00,361.66,367.28,361.66,363.74,47.54151
2017-09-03 14:15:00,363.74,366.89,360.58,360.75,58.98936
2017-09-03 14:30:00,360.75,362.06,360.58,361.29,6.43442
2017-09-03 14:45:00,361.3,361.3,356.0,356.01,43.25087
2017-09-03 15:00:00,356.41,358.0,354.0,356.92,62.43325
2017-09-03 15:15:00,357.45,360.99,355.25,357.34,73.33575
2017-09-03 15:30:00,356.47,360.99,355.24,357.0,66.52317
2017-09-03 15:45:00,355.88,358.91,354.44,357.81,30.35675
2017-09-03 16:00:00,357.82,357.82,354.43,355.64,54.67353
2017-09-03 16:15:00,355.5,361.0,354.0,361.0,125.21296
2017-09-03 16:30:00,360.99,363.45,358.62,360.56,84.17319
2017-09-03 16:45:00,359.32,361.92,355.61,356.0,75.3774
2017-09-03 17:00:00,355.61,356.0,353.01,353.99,96.05102
2017-09-03 17:15:00,353.5,353.5,347.37,348.62,86.37185
2017-09-03 17:30:00,348.64,349.75,346.06,346.06,38.95935
2017-09-03 17:45:00,347.18,347.19,341.52,344.0,205.34585
2017-09-03 18:00:00,343.78,349.38,342.16,345.08,133.58661
2017-09-03 18:15:00,344.28,344.9,342.16,342.16,36.88757
2017-09-03 18:30:00,342.82,342.82,340.27,340.27,24.54078
2017-09-03 18:45:00,340.26,342.52,339.79,340.42,36.65065
2017-09-03 19:00:00,339.79,344.08,339.19,339.19,76.7081
2017-09-03 19:15:00,341.02,341.02,334.75,334.75,87.56334
2017-09-03 19:30:00,334.75,339.69,334.75,336.0,12.05003
2017-09-03 19:45:00,336.8,336.91,336.01,336.54,25.88673
2017-09-03 20:00:00,337.69,339.99,331.55,335.42,115.58599
2017-09-03 20:15:00,334.01,335.96,330.07,335.0,59.91019
2017-09-03 20:30:00,333.1,339.6,332.6,337.79,56.79916
2017-09-03 20:45:00,337.72,343.12,333.5,343.0,49.19198
2017-09-03 21:00:00,341.42,348.22,338.17,340.08,177.32666
2017-09-03 21:15:00,339.08,341.12,332.86,332.86,52.51628
2017-09-03 21:30:00,332.86,335.6,332.06,333.14,23.23274
2017-09-03 21:45:00,331.02,331.15,320.08,326.41,300.62991
2017-09-03 22:00:00,323.02,325.92,320.17,324.83,144.88446
2017-09-03 22:15:00,324.83,327.77,323.74,325.0,123.89146
2017-09-03 22:30:00,323.77,328.46,323.77,328.42,86.73954
2017-09-03 22:45:00,329.6,331.29,325.3,325.3,26.57304
2017-09-03 23:00:00,325.3,331.52,321.92,327.01,102.49576
2017-09-03 23:15:00,328.51,337.34,322.16,331.74,106.61892
2017-09-03 23:30:00,331.0,331.0,323.0,328.94,35.81734
2017-09-03 23:45:00,325.07,330.27,324.49,329.34,127.95339
2017-09-04 00:00:00,329.35,333.05,328.3,333.05,16.93039
2017-09-04 00:15:00,332.97,337.48,330.0,330.01,65.86342
2017-09-04 00:30:00,330.12,335.31,330.12,332.0,16.49514
2017-09-04 00:45:00,332.0,333.92,332.0,332.02,26.24155
2017-09-04 01:00:00,337.81,337.81,333.29,334.05,10.3041
2017-09-04 01:15:00,335.42,338.19,334.45,338.19,66.30644
2017-09-04 01:30:00,338.39,347.73,334.46,343.92,105.91966
2017-09-04 01:45:00,343.95,343.99,341.82,343.99,23.72502
2017-09-04 02:00:00,344.27,344.27,341.83,341.83,41.01929
2017-09-04 02:15:00,341.82,343.48,337.35,337.36,19.25678
2017-09-04 02:30:00,337.42,342.71,337.42,337.52,10.19153
2017-09-04 02:45:00,340.0,345.29,338.02,345.29,26.4294
2017-09-04 03:00:00,345.29,345.29,345.29,345.29,0.964
2017-09-04 03:15:00,345.29,345.29,340.33,345.13,8.26145
2017-09-04 03:30:00,342.1,344.2,342.1,342.26,3.36312
2017-09-04 03:45:00,342.47,343.5,342.47,343.03,10.49689
2017-09-04 04:00:00,343.61,347.68,343.0,345.05,15.47716
2017-09-04 04:15:00,345.07,346.13,342.37,343.71,21.708
2017-09-04 04:30:00,343.75,346.03,343.71,343.71,27.18029
2017-09-04 04:45:00,344.19,344.21,342.37,342.37,42.43248
2017-09-04 05:00:00,340.43,343.6,338.56,343.55,13.3296
2017-09-04 05:15:00,342.2,342.2,338.54,340.48,17.50138
2017-09-04 05:30:00,340.48,343.27,337.35,340.0,10.94172
2017-09-04 05:45:00,340.13,345.77,339.0,341.71,26.71303
2017-09-04 06:00:00,342.0,345.99,342.0,344.14,8.26515
2017-09-04 06:15:00,344.14,344.17,344.14,344.14,1.73343
2017-09-04 06:30:00,344.14,346.71,342.44,342.44,38.2553
2017-09-04 06:45:00,341.65,345.34,341.12,341.38,23.10939
2017-09-04 07:00:00,346.48,346.48,342.21,342.21,4.58975
2017-09-04 07:15:00,346.48,346.65,341.12,341.42,10.43236
2017-09-04 07:30:00,344.29,346.57,344.29,344.57,5.55167
2017-09-04 07:45:00,346.45,346.45,337.58,341.77,32.41685
2017-09-04 08:00:00,339.29,344.55,337.35,337.36,16.54527
2017-09-04 08:15:00,337.36,337.91,335.94,335.94,17.84474
2017-09-04 08:30:00,335.25,337.0,333.82,336.97,28.27043
2017-09-04 08:45:00,336.43,336.43,333.01,333.09,11.76251
2017-09-04 09:00:00,334.84,335.62,333.17,334.08,4.05473
2017-09-04 09:15:00,334.08,338.29,333.3,335.01,22.75001
2017-09-04 09:30:00,335.33,337.08,333.21,336.86,42.2725
2017-09-04 09:45:00,336.01,337.86,334.03,335.65,14.00019
2017-09-04 10:00:00,335.65,339.35,334.75,335.31,28.99368
2017-09-04 10:15:00,336.0,336.0,335.0,335.81,41.69538
2017-09-04 10:30:00,335.81,339.77,334.01,335.92,26.45907
2017-09-04 10:45:00,336.03,337.28,333.18,335.44,26.06613
2017-09-04 11:00:00,335.44,335.44,333.16,333.16,23.46621
2017-09-04 11:15:00,333.16,333.16,330.01,330.01,38.45343
2017-09-04 11:30:00,330.01,331.38,328.27,331.38,5.05202
2017-09-04 11:45:00,329.62,329.62,329.62,329.62,0.316
2017-09-04 12:00:00,329.62,333.64,327.36,333.64,74.69115
2017-09-04 12:15:00,331.1,339.26,327.5,328.58,26.7135
2017-09-04 12:30:00,328.58,333.74,327.35,327.36,60.88481
2017-09-04 12:45:00,329.17,334.72,327.36,330.0,31.42786
2017-09-04 13:00:00,330.01,334.33,330.0,332.81,42.29644
2017-09-04 13:15:00,330.14,338.97,329.04,331.01,52.19023
2017-09-04 13:30:00,330.17,337.97,330.17,333.01,15.4813
2017-09-04 13:45:00,333.34,335.01,333.04,334.99,68.91815
2017-09-04 14:00:00,333.99,333.99,330.01,330.07,23.93282
2017-09-04 14:15:00,330.09,330.09,328.19,330.0,15.80075
2017-09-04 14:30:00,329.3,331.64,329.18,331.0,88.79535
2017-09-04 14:45:00,329.21,333.3,329.21,333.3,57.05099
2017-09-04 15:00:00,332.42,335.5,324.0,326.99,104.17633
2017-09-04 15:15:00,325.49,326.99,291.12,309.89,221.82132
2017-09-04 15:30:00,301.95,301.95,270.38,299.94,255.21968
2017-09-04 15:45:00,299.01,301.95,275.01,275.01,229.68019
2017-09-04 16:00:00,284.51,300.0,270.0,286.0,206.4616
2017-09-04 16:15:00,299.99,299.99,275.4,276.0,309.69341
2017-09-04 16:30:00,274.05,309.8,270.11,285.02,127.98231
2017-09-04 16:45:00,299.83,308.59,284.97,302.37,378.85024
2017-09-04 17:00:00,297.28,309.93,282.32,296.6,84.41303
2017-09-04 17:15:00,302.39,305.0,287.21,300.0,130.18455
2017-09-04 17:30:00,300.06,311.37,300.0,306.0,229.50113
2017-09-04 17:45:00,308.92,314.27,306.0,310.11,73.1804
2017-09-04 18:00:00,310.2,314.27,305.03,305.14,109.37763
2017-09-04 18:15:00,308.06,313.55,304.55,313.55,51.68341
2017-09-04 18:30:00,313.55,313.55,310.07,310.07,75.25815
2017-09-04 18:45:00,310.0,311.07,305.1,305.1,75.27168
2017-09-04 19:00:00,303.17,305.08,290.18,292.13,109.6643
2017-09-04 19:15:00,296.05,299.98,286.01,286.13,115.15948
2017-09-04 19:30:00,286.15,293.75,286.14,289.01,57.02486
2017-09-04 19:45:00,291.06,293.12,286.22,289.93,112.4124
2017-09-04 20:00:00,286.35,289.93,277.0,283.38,90.39471
2017-09-04 20:15:00,281.65,286.95,280.23,280.23,22.72769
2017-09-04 20:30:00,283.65,289.99,283.64,287.0,70.13853
2017-09-04 20:45:00,287.0,287.0,273.02,280.03,128.63743
2017-09-04 21:00:00,280.15,290.84,273.26,283.01,99.44767
2017-09-04 21:15:00,288.87,298.18,285.5,298.18,101.53835
2017-09-04 21:30:00,293.01,297.09,287.13,292.22,21.87942
2017-09-04 21:45:00,292.59,296.17,289.14,293.81,54.83429
2017-09-04 22:00:00,291.63,294.76,283.04,283.04,83.85733
2017-09-04 22:15:00,285.14,289.0,285.14,288.0,85.0359
2017-09-04 22:30:00,288.0,291.79,285.83,286.07,153.80708
2017-09-04 22:45:00,286.55,286.55,276.6,277.0,98.63416
2017-09-04 23:00:00,279.93,280.32,277.01,277.01,118.05546
2017-09-04 23:15:00,277.01,277.19,270.16,274.44,120.16838
2017-09-04 23:30:00,270.17,272.86,269.37,269.54,58.86283
2017-09-04 23:45:00,271.19,272.01,267.94,269.54,127.00424
2017-09-05 00:00:00,268.93,274.2,268.2,274.2,191.69031
2017-09-05 00:15:00,274.2,275.0,270.12,275.0,65.61789
2017-09-05 00:30:00,274.86,274.86,270.18,272.0,36.35214
2017-09-05 00:45:00,272.03,275.99,272.02,273.48,44.49807
2017-09-05 01:00:00,274.7,274.7,271.01,271.01,18.07277
2017-09-05 01:15:00,272.5,275.5,271.25,274.43,40.49771
2017-09-05 01:30:00,274.5,275.5,273.88,275.48,9.41655
2017-09-05 01:45:00,275.0,275.0,271.0,271.33,54.97595
2017-09-05 02:00:00,271.33,277.25,271.33,277.25,71.13603
2017-09-05 02:15:00,276.24,280.0,276.24,279.87,10.82878
2017-09-05 02:30:00,279.87,288.0,279.87,288.0,28.31161
2017-09-05 02:45:00,288.0,290.0,288.0,290.0,18.37368
2017-09-05 03:00:00,290.0,295.0,290.0,295.0,10.19364
2017-09-05 03:15:00,295.51,297.0,292.13,294.7,24.27111
2017-09-05 03:30:00,295.75,302.55,295.0,302.55,32.95278
2017-09-05 03:45:00,295.68,296.43,295.68,296.43,3.5337
2017-09-05 04:00:00,299.04,299.69,292.1,292.1,60.81739
2017-09-05 04:15:00,294.75,296.88,294.75,295.51,18.01078
2017-09-05 04:30:00,295.5,297.83,295.5,295.59,28.25265
2017-09-05 04:45:00,296.0,301.94,296.0,301.94,24.20359
2017-09-05 05:00:00,300.0,302.54,298.04,302.52,52.35568
2017-09-05 05:15:00,300.75,302.56,292.56,301.0,57.32569
2017-09-05 05:30:00,300.04,305.0,300.04,305.0,42.22975
2017-09-05 05:45:00,305.01,312.92,305.01,312.92,18.60601
2017-09-05 06:00:00,307.83,308.14,300.39,308.13,27.38567
2017-09-05 06:15:00,297.73,301.69,297.69,301.69,18.01906
2017-09-05 06:30:00,302.61,302.61,302.61,302.61,0.20411
2017-09-05 06:45:00,300.21,300.95,292.5,294.64,111.5002
2017-09-05 07:00:00,295.45,299.9,291.01,295.99,56.8105
2017-09-05 07:15:00,291.08,292.0,291.01,291.07,18.50681
2017-09-05 07:30:00,291.07,296.04,282.36,289.31,55.10746
2017-09-05 07:45:00,283.64,295.0,283.39,283.77,89.52732
2017-09-05 08:00:00,286.81,298.74,283.53,283.53,265.64177
2017-09-05 08:15:00,288.14,288.14,278.23,280.21,30.4274
2017-09-05 08:30:00,278.67,280.21,278.5,280.21,78.51405
2017-09-05 08:45:00,279.74,279.74,270.22,274.5,126.2029
2017-09-05 09:00:00,274.5,281.87,271.87,273.01,76.99387
2017-09-05 09:15:00,273.04,274.02,268.21,269.99,211.08817
2017-09-05 09:30:00,268.22,269.99,255.05,255.09,311.83357
2017-09-05 09:45:00,255.08,258.0,235.55,242.0,254.08373
2017-09-05 10:00:00,242.01,273.0,237.93,254.81,227.14591
2017-09-05 10:15:00,254.81,260.02,254.81,260.01,106.3625
2017-09-05 10:30:00,260.9,274.99,260.9,274.99,168.32679
2017-09-05 10:45:00,272.5,277.78,267.0,275.25,177.56594
2017-09-05 11:00:00,277.27,278.49,271.85,271.85,307.24872
2017-09-05 11:15:00,271.85,274.1,267.02,268.52,20.91992
2017-09-05 11:30:00,268.66,274.0,268.66,270.01,136.74395
2017-09-05 11:45:00,271.0,273.88,270.53,271.12,102.9552
2017-09-05 12:00:00,269.61,276.01,268.11,273.0,80.8316
2017-09-05 12:15:00,273.52,277.0,273.52,276.02,40.70737
2017-09-05 12:30:00,276.8,278.8,274.12,278.8,48.23359
2017-09-05 12:45:00,278.8,284.14,276.14,279.01,95.77333
2017-09-05 13:00:00,279.5,280.0,275.84,275.84,38.76478
2017-09-05 13:15:00,276.01,276.55,274.11,274.51,48.05298
2017-09-05 13:30:00,274.51,275.89,273.98,273.99,97.70284
2017-09-05 13:45:00,273.99,273.99,271.51,271.51,31.16934
2017-09-05 14:00:00,273.72,278.98,272.85,278.0,17.67473
2017-09-05 14:15:00,277.98,280.1,275.98,280.1,58.77346
2017-09-05 14:30:00,280.37,282.0,275.8,282.0,243.22793
2017-09-05 14:45:00,282.0,283.4,278.92,282.49,204.72653
2017-09-05 15:00:00,278.92,288.13,278.92,288.1,121.79251
2017-09-05 15:15:00,284.68,292.95,284.68,289.99,139.78048
2017-09-05 15:30:00,287.57,294.48,286.03,293.17,196.94319
2017-09-05 15:45:00,291.05,297.25,291.05,296.52,77.53193
2017-09-05 16:00:00,296.56,299.64,296.5,297.41,97.88165
2017-09-05 16:15:00,298.46,298.46,290.75,294.68,84.63106
2017-09-05 16:30:00,296.0,297.0,291.23,292.85,214.09692
2017-09-05 16:45:00,292.43,293.15,285.42,288.0,148.98255
2017-09-05 17:00:00,286.66,289.0,282.81,284.17,135.21285
2017-09-05 17:15:00,283.35,287.35,282.52,286.19,33.23513
2017-09-05 17:30:00,286.21,291.33,285.7,289.93,114.43232
2017-09-05 17:45:00,289.98,292.99,288.74,289.84,36.14416
2017-09-05 18:00:00,289.92,294.68,289.92,294.39,68.11508
2017-09-05 18:15:00,296.03,298.0,296.03,297.7,56.3739
2017-09-05 18:30:00,293.82,294.35,289.15,290.56,18.53503
2017-09-05 18:45:00,291.26,291.66,290.03,290.8,42.41276
2017-09-05 19:00:00,292.01,293.0,292.01,292.02,106.95244
2017-09-05 19:15:00,292.22,295.06,290.09,292.1,134.80242
2017-09-05 19:30:00,293.56,297.98,292.57,297.0,128.39393
2017-09-05 19:45:00,296.0,298.0,294.85,295.98,77.44977
2017-09-05 20:00:00,295.79,298.88,295.67,298.0,65.12141
2017-09-05 20:15:00,298.3,302.3,298.3,302.2,92.16692
2017-09-05 20:30:00,302.1,304.99,301.48,302.2,105.64063
2017-09-05 20:45:00,302.99,303.0,299.16,299.16,29.94028
2017-09-05 21:00:00,298.37,301.1,298.37,300.01,46.87542
2017-09-05 21:15:00,300.01,301.1,297.54,301.1,18.888
2017-09-05 21:30:00,297.82,302.83,297.82,301.1,44.81058
2017-09-05 21:45:00,299.32,302.99,297.95,300.51,120.33018
2017-09-05 22:00:00,301.66,304.0,298.0,298.0,151.3915
2017-09-05 22:15:00,298.01,300.97,296.28,297.23,83.06892
2017-09-05 22:30:00,298.67,304.99,297.0,302.0,51.3982
2017-09-05 22:45:00,297.58,300.39,294.92,296.45,55.65406
2017-09-05 23:00:00,298.99,300.5,295.12,295.29,28.29103
2017-09-05 23:15:00,294.65,304.77,294.65,297.75,109.90074
2017-09-05 23:30:00,297.3,300.2,290.0,290.0,236.41269
2017-09-05 23:45:00,290.0,294.05,289.1,291.66,41.75496
2017-09-06 00:00:00,290.07,291.37,285.94,288.25,62.08571
2017-09-06 00:15:00,288.25,295.0,288.25,295.0,51.72012
2017-09-06 00:30:00,293.9,297.36,293.9,294.48,57.25317
2017-09-06 00:45:00,294.55,299.37,293.94,299.37,22.28737
2017-09-06 01:00:00,299.08,299.08,295.0,295.49,4.35176
2017-09-06 01:15:00,295.49,304.99,295.49,301.04,33.40374
2017-09-06 01:30:00,302.55,305.0,301.04,304.22,42.90388
2017-09-06 01:45:00,305.22,309.82,301.38,305.0,46.548
2017-09-06 02:00:00,303.27,308.42,303.16,303.16,28.2134
2017-09-06 02:15:00,304.07,307.2,303.16,305.0,42.38425
2017-09-06 02:30:00,305.0,313.01,305.0,313.01,122.53049
2017-09-06 02:45:00,313.02,315.01,309.43,312.12,58.2341
2017-09-06 03:00:00,312.13,316.85,312.13,315.0,22.728
2017-09-06 03:15:00,313.82,317.91,309.49,315.07,12.27067
2017-09-06 03:30:00,315.07,318.0,315.05,318.0,49.96469
2017-09-06 03:45:00,318.01,321.52,318.01,318.26,20.9219
2017-09-06 04:00:00,318.71,318.71,314.11,316.0,36.69073
2017-09-06 04:15:00,316.0,317.0,313.01,314.45,45.39667
2017-09-06 04:30:00,315.13,315.13,311.43,311.65,182.19137
2017-09-06 04:45:00,311.65,317.99,311.22,317.99,133.26023
2017-09-06 05:00:00,317.43,317.86,314.77,315.13,60.13138
2017-09-06 05:15:00,315.13,315.13,313.25,314.37,27.4643
2017-09-06 05:30:00,314.37,314.37,309.82,311.0,8.53991
2017-09-06 05:45:00,310.98,310.98,309.76,310.72,28.48234
2017-09-06 06:00:00,310.0,311.78,309.83,310.87,14.71703
2017-09-06 06:15:00,310.87,314.06,310.87,311.84,59.28823
2017-09-06 06:30:00,314.93,315.45,314.93,315.45,7.9079
2017-09-06 06:45:00,315.45,318.72,315.44,315.53,54.89334
2017-09-06 07:00:00,315.57,316.2,315.57,316.0,2.51383
2017-09-06 07:15:00,318.16,320.45,315.88,318.3,22.55839
2017-09-06 07:30:00,318.36,320.0,315.52,316.2,11.95665
2017-09-06 07:45:00,315.88,316.19,312.09,312.09,47.58722
2017-09-06 08:00:00,313.29,314.48,312.09,314.0,63.27607
2017-09-06 08:15:00,314.0,319.82,313.7,319.82,21.43455
2017-09-06 08:30:00,317.18,321.28,314.5,321.28,28.97661
2017-09-06 08:45:00,322.9,325.13,322.0,323.5,99.92781
2017-09-06 09:00:00,323.85,329.15,323.85,329.14,97.72877
2017-09-06 09:15:00,328.11,329.13,323.7,323.7,94.05656
2017-09-06 09:30:00,323.7,329.78,322.72,327.82,95.35733
2017-09-06 09:45:00,327.82,331.76,327.82,330.12,212.99181
2017-09-06 10:00:00,331.06,333.12,330.0,330.57,202.9051
2017-09-06 10:15:00,330.57,330.85,326.69,327.97,161.4133
2017-09-06 10:30:00,327.69,330.43,326.76,328.88,106.62846
2017-09-06 10:45:00,328.28,328.28,320.0,324.6,159.23744
2017-09-06 11:00:00,322.31,324.6,320.03,321.99,93.28459
2017-09-06 11:15:00,323.33,326.54,322.23,322.23,113.70421
2017-09-06 11:30:00,324.79,327.74,324.79,327.7,18.29504
2017-09-06 11:45:00,327.77,330.0,325.55,325.73,56.17514
2017-09-06 12:00:00,325.55,328.06,325.01,327.16,13.04021
2017-09-06 12:15:00,327.18,328.06,323.96,323.96,57.53988
2017-09-06 12:30:00,324.82,325.5,321.73,323.38,7.35574
2017-09-06 12:45:00,323.0,323.0,316.64,317.54,53.66941
2017-09-06 13:00:00,317.7,323.23,316.15,319.06,99.58741
2017-09-06 13:15:00,318.44,318.44,316.18,316.24,47.58064
2017-09-06 13:30:00,316.2,323.23,316.2,321.41,100.28086
2017-09-06 13:45:00,321.41,323.18,320.31,320.36,8.77234
2017-09-06 14:00:00,321.76,323.17,315.91,315.91,35.77542
2017-09-06 14:15:00,316.63,319.61,314.76,318.25,50.45858
2017-09-06 14:30:00,319.61,319.87,316.73,317.97,24.51393
2017-09-06 14:45:00,317.97,320.91,314.77,316.05,51.53463
2017-09-06 15:00:00,315.21,316.88,315.0,316.04,127.19247
2017-09-06 15:15:00,316.04,322.08,316.0,322.08,80.93267
2017-09-06 15:30:00,322.12,326.0,322.11,322.61,69.1078
2017-09-06 15:45:00,323.01,325.0,316.24,318.53,58.85378
2017-09-06 16:00:00,320.31,323.29,319.02,322.55,13.21394
2017-09-06 16:15:00,322.55,325.41,320.45,325.41,85.0925
2017-09-06 16:30:00,322.05,326.01,322.05,326.01,34.54016
2017-09-06 16:45:00,327.18,330.01,325.01,328.06,184.43117
2017-09-06 17:00:00,326.02,329.0,324.01,324.01,8.97009
2017-09-06 17:15:00,328.18,329.12,327.98,329.12,12.04195
2017-09-06 17:30:00,329.99,331.7,328.58,329.02,25.4133
2017-09-06 17:45:00,328.87,328.87,324.01,325.43,56.24243
2017-09-06 18:00:00,324.82,324.82,321.25,322.52,41.86244
2017-09-06 18:15:00,322.52,323.69,322.51,323.69,25.35908
2017-09-06 18:30:00,323.69,326.98,323.69,326.98,43.66802
2017-09-06 18:45:00,326.98,329.6,326.98,329.6,8.46295
2017-09-06 19:00:00,328.0,328.0,325.46,328.0,38.54284
2017-09-06 19:15:00,326.68,327.93,325.45,326.11,44.7804
2017-09-06 19:30:00,326.11,330.91,326.01,326.59,141.85165
2017-09-06 19:45:00,330.89,335.02,327.01,335.02,281.57782
2017-09-06 20:00:00,331.73,335.01,330.74,333.39,171.52538
2017-09-06 20:15:00,334.31,335.23,329.21,330.7,101.88537
2017-09-06 20:30:00,331.32,331.9,326.45,328.23,210.8337
2017-09-06 20:45:00,329.12,331.33,328.67,329.01,147.74377
2017-09-06 21:00:00,330.17,330.17,326.45,326.5,91.5619
2017-09-06 21:15:00,327.39,327.39,321.01,323.56,100.93505
2017-09-06 21:30:00,323.56,324.83,322.71,324.8,106.42727
2017-09-06 21:45:00,324.8,328.08,324.8,325.29,25.19523
2017-09-06 22:00:00,326.41,327.55,325.56,326.36,24.44081
2017-09-06 22:15:00,326.69,332.43,325.99,330.69,113.07963
2017-09-06 22:30:00,330.69,330.7,324.0,325.23,107.21145
2017-09-06 22:45:00,326.46,327.81,325.23,326.0,86.9877
2017-09-06 23:00:00,325.98,328.3,325.22,325.27,50.68025
2017-09-06 23:15:00,326.24,332.43,325.34,327.9,150.83565
2017-09-06 23:30:00,330.95,332.43,328.44,330.85,62.08571
2017-09-06 23:45:00,332.23,335.24,331.23,335.0,167.92475
2017-09-07 00:00:00,335.0,335.0,335.0,335.0,0.0
2017-09-07 07:00:00,335.0,335.8,335.0,335.8,13.4348
2017-09-07 07:15:00,335.01,336.34,335.0,336.34,37.2439
2017-09-07 07:30:00,336.33,336.34,335.0,335.01,90.61204
2017-09-07 07:45:00,335.01,335.01,335.0,335.0,68.02622
2017-09-07 08:00:00,335.01,335.01,335.0,335.0,24.58786
2017-09-07 08:15:00,335.0,335.0,332.25,333.99,50.72344
2017-09-07 08:30:00,333.99,334.0,333.99,334.0,20.23
2017-09-07 08:45:00,334.0,334.0,332.25,332.25,33.04883
2017-09-07 09:00:00,332.25,332.25,332.25,332.25,0.0
2017-09-07 09:15:00,332.25,332.25,328.74,328.74,32.85112
2017-09-07 09:30:00,328.74,328.99,327.58,327.58,10.67135
2017-09-07 09:45:00,328.99,328.99,320.35,321.82,134.87533
2017-09-07 10:00:00,321.82,322.41,321.08,322.41,45.82182
2017-09-07 10:15:00,325.21,327.75,323.84,327.75,41.53117
2017-09-07 10:30:00,328.35,328.98,324.0,324.0,75.3194
2017-09-07 10:45:00,323.83,325.2,323.83,325.2,102.06782
2017-09-07 11:00:00,325.91,329.62,325.91,326.2,11.9029
2017-09-07 11:15:00,327.91,329.72,327.31,328.0,20.93969
2017-09-07 11:30:00,328.0,329.32,326.19,326.25,79.78883
2017-09-07 11:45:00,326.25,326.73,326.0,326.59,10.77861
2017-09-07 12:00:00,326.59,326.59,326.0,326.0,1.17366
2017-09-07 12:15:00,326.0,326.0,326.0,326.0,19.28304
2017-09-07 12:30:00,325.75,326.29,325.74,326.29,0.82881
2017-09-07 12:45:00,326.29,329.31,325.41,328.32,17.85906
2017-09-07 13:00:00,327.49,329.33,327.49,329.33,1.37699
2017-09-07 13:15:00,329.5,329.75,329.5,329.75,6.99344
2017-09-07 13:30:00,330.0,330.0,326.16,327.53,40.55583
2017-09-07 13:45:00,328.32,328.96,326.03,328.02,31.90862
2017-09-07 14:00:00,329.06,330.45,326.82,327.43,4.34911
2017-09-07 14:15:00,327.43,327.81,327.43,327.81,6.56396
2017-09-07 14:30:00,326.1,326.82,325.21,326.01,13.70859
2017-09-07 14:45:00,326.02,327.82,326.02,326.61,29.3137
2017-09-07 15:00:00,325.21,325.22,322.42,324.36,18.41185
2017-09-07 15:15:00,325.96,325.96,322.73,323.67,17.2735
2017-09-07 15:30:00,323.68,325.16,322.82,325.16,23.53803
2017-09-07 15:45:00,323.22,323.92,321.31,323.57,24.38044
2017-09-07 16:00:00,323.57,323.86,320.82,320.82,42.89044
2017-09-07 16:15:00,320.82,322.38,320.17,322.27,45.23575
2017-09-07 16:30:00,322.26,325.41,321.0,324.64,42.76359
2017-09-07 16:45:00,323.88,325.3,323.88,325.3,3.22991
2017-09-07 17:00:00,325.29,326.82,325.29,326.82,13.08001
2017-09-07 17:15:00,326.32,326.32,324.88,326.06,11.27547
2017-09-07 17:30:00,328.82,328.82,328.01,328.82,12.66768
2017-09-07 17:45:00,328.83,329.64,327.02,328.25,16.3297
2017-09-07 18:00:00,328.57,331.38,328.57,331.38,9.3518
2017-09-07 18:15:00,331.38,331.39,328.21,329.13,21.57303
2017-09-07 18:30:00,329.42,330.33,325.83,325.83,91.34175
2017-09-07 18:45:00,325.85,328.42,324.71,327.7,28.56435
2017-09-07 19:00:00,330.12,330.12,325.72,326.79,56.16114
2017-09-07 19:15:00,326.92,329.78,326.92,328.99,8.11682
2017-09-07 19:30:00,330.06,332.53,329.0,329.0,27.6045
2017-09-07 19:45:00,329.66,330.22,326.79,329.94,40.54522
2017-09-07 20:00:00,329.94,331.26,329.94,330.75,19.77992
2017-09-07 20:15:00,330.75,331.33,327.88,331.33,56.7126
2017-09-07 20:30:00,330.0,333.53,327.79,333.53,224.14266
2017-09-07 20:45:00,332.2,335.67,331.48,334.37,162.53385
2017-09-07 21:00:00,334.31,336.34,332.97,334.65,7.91764
2017-09-07 21:15:00,334.01,336.7,332.97,334.88,68.8385
2017-09-07 21:30:00,334.89,335.46,333.0,334.02,52.25674
2017-09-07 21:45:00,334.0,337.7,334.0,335.09,8.59092
2017-09-07 22:00:00,337.69,338.38,335.22,336.92,58.51762
2017-09-07 22:15:00,336.92,338.18,333.0,333.0,83.07648
2017-09-07 22:30:00,334.12,335.68,333.01,335.67,21.98791
2017-09-07 22:45:00,335.49,336.72,333.02,334.66,18.85915
2017-09-07 23:00:00,335.68,336.75,334.01,335.39,28.59954
2017-09-07 23:15:00,336.06,336.43,333.0,334.5,120.40123
2017-09-07 23:30:00,336.44,336.51,334.5,336.0,22.90583
2017-09-07 23:45:00,336.0,338.37,336.0,337.0,8.75171
2017-09-08 00:00:00,337.0,339.0,335.46,339.0,53.95634
2017-09-08 00:15:00,338.0,338.0,337.33,337.66,3.29662
2017-09-08 00:30:00,337.66,342.5,335.07,335.84,147.47567
2017-09-08 00:45:00,336.48,337.12,331.48,334.54,61.00402
2017-09-08 01:00:00,334.52,334.55,328.83,331.0,56.65603
2017-09-08 01:15:00,331.05,332.95,328.81,332.86,41.13943
2017-09-08 01:30:00,332.95,332.96,332.95,332.95,3.52653
2017-09-08 01:45:00,334.23,334.23,331.18,332.79,13.553
2017-09-08 02:00:00,333.12,334.24,333.12,333.23,24.60989
2017-09-08 02:15:00,333.13,333.18,332.51,333.18,1.15227
2017-09-08 02:30:00,333.22,334.24,332.32,332.32,20.80129
2017-09-08 02:45:00,332.32,333.16,332.32,332.83,54.12901
2017-09-08 03:00:00,334.24,334.24,334.24,334.24,2.009
2017-09-08 03:15:00,334.45,334.45,332.3,333.31,8.67403
2017-09-08 03:30:00,332.3,334.34,332.3,333.52,31.00733
2017-09-08 03:45:00,333.52,333.52,333.52,333.52,0.0
2017-09-08 04:00:00,334.77,335.45,334.17,334.3,20.25525
2017-09-08 04:15:00,334.14,336.85,332.31,334.35,22.36774
2017-09-08 04:30:00,332.91,334.35,330.03,334.35,8.94558
2017-09-08 04:45:00,332.94,332.94,332.94,332.94,8.887
2017-09-08 05:00:00,331.34,331.58,329.15,331.53,12.59331
2017-09-08 05:15:00,331.0,332.29,331.0,332.29,1.25499
2017-09-08 05:30:00,332.29,332.29,331.68,331.68,3.34
2017-09-08 05:45:00,331.68,334.38,330.23,334.38,14.76652
2017-09-08 06:00:00,334.38,335.92,332.86,332.86,1.97083
2017-09-08 06:15:00,334.09,336.01,333.88,336.01,5.6786
2017-09-08 06:30:00,338.35,338.35,337.01,337.01,2.53671
2017-09-08 06:45:00,337.0,337.01,335.01,337.0,31.39789
2017-09-08 07:00:00,337.0,337.0,335.59,336.04,8.85445
2017-09-08 07:15:00,337.0,337.0,337.0,337.0,2.7516
2017-09-08 07:30:00,336.77,336.78,334.0,336.43,22.94077
2017-09-08 07:45:00,336.33,336.34,334.49,334.49,25.10549
2017-09-08 08:00:00,334.49,335.09,334.01,334.01,35.647
2017-09-08 08:15:00,334.01,335.1,331.58,331.58,56.51643
2017-09-08 08:30:00,332.7,332.83,330.23,330.23,18.86714
2017-09-08 08:45:00,330.62,332.67,330.22,332.48,61.78809
2017-09-08 09:00:00,332.25,333.84,330.23,331.82,7.17129
2017-09-08 09:15:00,330.23,331.33,330.0,331.33,11.34314
2017-09-08 09:30:00,330.75,330.75,326.79,330.1,22.45687
2017-09-08 09:45:00,330.1,331.12,330.1,330.93,14.9915
2017-09-08 10:00:00,330.96,330.96,330.96,330.96,1.1568
2017-09-08 10:15:00,332.58,333.76,332.0,333.76,22.00522
2017-09-08 10:30:00,332.88,332.97,330.7,331.23,16.29572
2017-09-08 10:45:00,331.23,331.49,330.7,330.7,2.96804
2017-09-08 11:00:00,331.22,331.22,328.55,330.24,37.80136
2017-09-08 11:15:00,330.24,330.24,328.55,329.9,9.26775
2017-09-08 11:30:00,329.96,330.99,329.96,330.45,10.27394
2017-09-08 11:45:00,330.45,331.43,328.71,330.0,52.17415
2017-09-08 12:00:00,329.35,329.77,329.35,329.77,10.18432
2017-09-08 12:15:00,329.77,330.71,329.06,329.25,30.96527
2017-09-08 12:30:00,330.06,331.31,330.06,331.3,7.40244
2017-09-08 12:45:00,331.68,331.68,328.55,330.06,20.259
2017-09-08 13:00:00,330.06,331.66,328.55,328.55,4.68128
2017-09-08 13:15:00,329.56,329.79,328.59,329.79,7.31512
2017-09-08 13:30:00,329.79,329.79,329.79,329.79,0.02127
2017-09-08 13:45:00,330.58,330.58,330.58,330.58,1.0
2017-09-08 14:00:00,330.99,330.99,329.99,329.99,5.2775
2017-09-08 14:15:00,328.6,329.64,324.72,329.51,45.0396
2017-09-08 14:30:00,329.51,330.59,328.15,329.7,32.6267
2017-09-08 14:45:00,329.69,330.33,328.97,329.99,42.07813
2017-09-08 15:00:00,330.0,330.6,329.98,330.6,20.12406
2017-09-08 15:15:00,330.59,330.6,328.15,330.2,35.58305
2017-09-08 15:30:00,330.6,330.6,329.57,329.59,13.53366
2017-09-08 15:45:00,329.59,329.6,329.57,329.57,21.52919
2017-09-08 16:00:00,329.57,332.0,329.57,329.67,25.25938
2017-09-08 16:15:00,329.67,332.53,329.58,329.58,21.82919
2017-09-08 16:30:00,330.79,332.0,330.78,330.78,5.54531
2017-09-08 16:45:00,329.58,331.8,329.58,331.8,32.40491
2017-09-08 17:00:00,331.6,333.76,331.6,332.01,18.68235
2017-09-08 17:15:00,332.42,332.83,332.01,332.83,13.32819
2017-09-08 17:30:00,332.02,332.43,332.0,332.43,1.62313
2017-09-08 17:45:00,332.43,333.69,332.06,332.06,9.84513
2017-09-08 18:00:00,332.16,332.48,332.16,332.48,9.96249
2017-09-08 18:15:00,332.48,332.6,331.53,332.57,29.68015
2017-09-08 18:30:00,332.53,332.62,331.52,331.52,10.55638
2017-09-08 18:45:00,331.91,333.76,331.54,332.93,45.55828
2017-09-08 19:00:00,332.05,332.23,329.57,330.64,31.87926
2017-09-08 19:15:00,331.88,331.88,329.57,331.0,10.65399
2017-09-08 19:30:00,331.0,331.71,329.92,330.8,9.03703
2017-09-08 19:45:00,329.92,331.69,329.92,331.53,12.35742
2017-09-08 20:00:00,330.1,330.81,328.74,329.33,44.52831
2017-09-08 20:15:00,329.33,331.57,326.83,327.81,39.08233
2017-09-08 20:30:00,327.84,327.95,326.78,327.95,35.8856
2017-09-08 20:45:00,327.93,327.93,325.19,326.62,83.83524
2017-09-08 21:00:00,326.66,327.88,325.18,326.44,44.84495
2017-09-08 21:15:00,325.18,327.66,316.1,316.1,186.06974
2017-09-08 21:30:00,317.04,317.04,297.0,297.0,229.0122
2017-09-08 21:45:00,303.98,308.23,289.1,299.99,154.61508
2017-09-08 22:00:00,299.26,299.99,280.0,280.0,213.82325
2017-09-08 22:15:00,276.0,288.0,272.0,279.22,252.59471
2017-09-08 22:30:00,279.22,297.71,272.0,293.0,382.39098
2017-09-08 22:45:00,292.5,300.99,286.04,288.61,171.53733
2017-09-08 23:00:00,295.85,296.88,284.0,286.0,86.98323
2017-09-08 23:15:00,285.99,290.65,278.1,287.69,90.47558
2017-09-08 23:30:00,287.68,290.4,285.73,290.4,275.08239
2017-09-08 23:45:00,288.12,300.93,286.5,294.05,52.3677
2017-09-09 00:00:00,294.06,305.21,294.06,302.04,183.38616
2017-09-09 00:15:00,305.0,310.46,301.78,302.11,89.1936
2017-09-09 00:30:00,302.6,305.0,285.84,299.11,91.78615
2017-09-09 00:45:00,300.0,300.64,296.05,296.06,43.97196
2017-09-09 01:00:00,296.06,300.96,296.01,300.0,110.78488
2017-09-09 01:15:00,298.49,300.39,296.21,300.39,61.19312
2017-09-09 01:30:00,296.17,300.23,280.8,298.93,45.45394
2017-09-09 01:45:00,291.28,298.55,284.08,288.3,68.70897
2017-09-09 02:00:00,292.02,299.85,292.02,299.85,8.78813
2017-09-09 02:15:00,295.32,302.71,295.32,302.56,21.69463
2017-09-09 02:30:00,301.36,301.36,300.0,300.0,42.33832
2017-09-09 02:45:00,300.0,300.0,295.06,300.0,6.56668
2017-09-09 03:00:00,297.34,299.0,296.1,297.0,16.88561
2017-09-09 03:15:00,296.15,297.5,295.1,296.1,28.69737
2017-09-09 03:30:00,296.1,296.74,294.0,295.91,53.86494
2017-09-09 03:45:00,295.04,296.87,294.06,294.06,26.28635
2017-09-09 04:00:00,294.06,294.24,281.57,289.48,87.29995
2017-09-09 04:15:00,289.48,292.0,287.15,287.15,17.45992
2017-09-09 04:30:00,291.96,291.97,281.52,291.86,31.25651
2017-09-09 04:45:00,286.68,291.97,282.24,291.87,148.04101
2017-09-09 05:00:00,291.84,291.84,291.83,291.83,3.15688
2017-09-09 05:15:00,282.94,290.96,281.52,286.19,24.38664
2017-09-09 05:30:00,286.0,290.65,286.0,290.28,6.009
2017-09-09 05:45:00,290.28,291.88,290.28,291.55,8.45224
2017-09-09 06:00:00,291.85,296.88,291.85,296.88,33.44539
2017-09-09 06:15:00,302.0,302.0,302.0,302.0,13.54917
2017-09-09 06:30:00,302.0,302.0,292.11,298.71,80.77509
2017-09-09 06:45:00,295.58,302.11,293.93,302.11,47.00089
2017-09-09 07:00:00,302.1,302.11,296.1,296.3,35.68431
2017-09-09 07:15:00,301.82,306.9,301.82,306.9,121.749
2017-09-09 07:30:00,305.71,305.71,304.86,304.86,28.71456
2017-09-09 07:45:00,301.24,302.99,297.91,302.99,19.49932
2017-09-09 08:00:00,300.01,302.0,293.19,299.76,41.585
2017-09-09 08:15:00,293.63,300.86,293.62,300.86,45.07223
2017-09-09 08:30:00,300.8,300.8,289.89,298.89,47.89832
2017-09-09 08:45:00,290.41,299.0,290.41,299.0,36.57527
2017-09-09 09:00:00,298.04,300.6,294.55,294.55,21.68058
2017-09-09 09:15:00,296.74,298.98,294.71,298.98,37.15201
2017-09-09 09:30:00,290.58,296.48,290.58,293.0,80.34995
2017-09-09 09:45:00,292.0,292.33,288.61,292.1,66.87103
2017-09-09 10:00:00,290.55,292.1,288.02,291.3,54.04135
2017-09-09 10:15:00,289.26,297.41,286.96,297.41,103.539
2017-09-09 10:30:00,297.41,297.41,297.41,297.41,0.0
2017-09-09 10:45:00,295.0,295.06,295.0,295.06,76.65679
2017-09-09 11:00:00,295.06,296.66,288.94,296.66,62.7622
2017-09-09 11:15:00,296.67,297.41,293.04,297.41,19.96923
2017-09-09 11:30:00,297.41,297.8,293.67,295.0,13.17436
2017-09-09 11:45:00,295.95,295.95,291.0,292.31,86.73989
2017-09-09 12:00:00,292.31,293.31,281.66,285.17,93.45101
2017-09-09 12:15:00,294.45,294.49,290.46,293.88,34.57661
2017-09-09 12:30:00,293.9,294.04,293.9,294.04,32.07266
2017-09-09 12:45:00,294.06,294.83,290.23,293.25,26.74175
2017-09-09 13:00:00,294.52,298.98,294.1,298.98,42.91635
2017-09-09 13:15:00,298.98,298.98,298.98,298.98,0.01138
2017-09-09 13:30:00,298.98,305.16,298.98,303.81,67.29711
2017-09-09 13:45:00,304.48,306.42,302.03,306.42,22.66317
2017-09-09 14:00:00,306.42,306.42,302.05,304.11,16.11727
2017-09-09 14:15:00,302.27,302.29,302.27,302.29,13.68
2017-09-09 14:30:00,302.29,303.89,302.29,303.39,28.90055
2017-09-09 14:45:00,302.32,303.92,302.32,302.44,25.19204
2017-09-09 15:00:00,304.0,304.0,302.0,302.0,44.98833
2017-09-09 15:15:00,300.94,302.99,300.94,302.0,11.00406
2017-09-09 15:30:00,302.0,303.0,298.5,302.32,11.75575
2017-09-09 15:45:00,299.68,299.68,299.68,299.68,0.01699
2017-09-09 16:00:00,301.0,302.31,301.0,302.31,12.52997
2017-09-09 16:15:00,302.33,302.33,302.31,302.31,1.52322
2017-09-09 16:30:00,302.31,302.31,302.31,302.31,0.79413
2017-09-09 16:45:00,300.76,300.94,300.01,300.66,13.399
2017-09-09 17:00:00,300.01,300.77,297.87,297.99,62.78816
2017-09-09 17:15:00,297.99,297.99,295.45,296.72,5.10248
2017-09-09 17:30:00,295.45,299.78,295.0,299.78,51.21206
2017-09-09 17:45:00,299.78,299.78,299.78,299.78,0.0
2017-09-09 18:00:00,299.78,300.53,299.78,300.53,12.69734
2017-09-09 18:15:00,300.0,300.53,297.89,300.49,5.29283
2017-09-09 18:30:00,300.0,300.49,298.03,299.5,10.13194
2017-09-09 18:45:00,299.5,299.5,296.26,297.08,21.60597
2017-09-09 19:00:00,298.54,300.0,298.54,300.0,0.99638
2017-09-09 19:15:00,300.0,300.49,296.44,300.49,15.18287
2017-09-09 19:30:00,301.49,302.0,301.49,302.0,6.27484
2017-09-09 19:45:00,302.0,303.0,299.91,303.0,13.52897
2017-09-09 20:00:00,300.83,302.23,300.83,302.23,0.77382
2017-09-09 20:15:00,302.93,302.93,302.93,302.93,3.50814
2017-09-09 20:30:00,302.77,303.97,301.05,303.97,1.30154
2017-09-09 20:45:00,303.91,307.0,302.02,302.02,28.84347
2017-09-09 21:00:00,303.34,305.14,303.06,303.06,30.89127
2017-09-09 21:15:00,303.06,303.06,301.5,301.5,45.53399
2017-09-09 21:30:00,301.6,302.71,301.5,302.08,72.88508
2017-09-09 21:45:00,302.0,302.81,301.5,301.5,35.49771
2017-09-09 22:00:00,301.5,301.5,301.5,301.5,0.30362
2017-09-09 22:15:00,301.5,301.5,298.3,298.3,14.80124
2017-09-09 22:30:00,298.07,298.07,296.81,297.43,25.31021
2017-09-09 22:45:00,298.06,298.89,295.01,298.84,89.65394
2017-09-09 23:00:00,298.83,300.0,296.24,300.0,67.27856
2017-09-09 23:15:00,300.09,300.21,296.75,297.12,27.4109
2017-09-09 23:30:00,297.5,298.61,297.5,298.61,37.89759
2017-09-09 23:45:00,298.61,298.98,298.61,298.98,39.6519
2017-09-10 00:00:00,298.61,298.95,296.18,297.57,11.12949
2017-09-10 00:15:00,297.58,298.98,297.58,298.97,30.64472
2017-09-10 00:30:00,298.03,298.94,296.02,297.66,89.40747
2017-09-10 00:45:00,298.8,298.8,298.62,298.8,3.25865
2017-09-10 01:00:00,298.8,298.8,298.8,298.8,0.0
2017-09-10 01:15:00,298.44,298.44,296.0,296.0,24.00107
2017-09-10 01:30:00,295.0,295.0,295.0,295.0,2.38086
2017-09-10 01:45:00,295.0,295.0,288.72,288.72,9.09422
2017-09-10 02:00:00,288.73,292.9,288.72,292.85,93.24832
2017-09-10 02:15:00,294.25,296.2,294.22,296.18,12.18282
2017-09-10 02:30:00,296.18,296.18,296.18,296.18,0.0
2017-09-10 02:45:00,292.41,292.41,291.18,291.18,0.8449
2017-09-10 03:00:00,290.69,291.0,285.17,290.16,13.55649
2017-09-10 03:15:00,290.16,290.16,290.15,290.16,79.39572
2017-09-10 03:30:00,295.56,296.5,295.56,296.5,1.14324
2017-09-10 03:45:00,293.5,298.76,293.5,298.76,2.00075
2017-09-10 04:00:00,298.76,298.76,298.76,298.76,0.0
2017-09-10 04:15:00,298.76,298.76,298.76,298.76,0.0
2017-09-10 04:30:00,298.76,298.76,298.76,298.76,0.0
2017-09-10 04:45:00,298.76,298.76,298.76,298.76,0.0
2017-09-10 05:00:00,298.76,298.76,298.76,298.76,0.0
2017-09-10 05:15:00,298.76,298.76,298.76,298.76,0.0
2017-09-10 05:30:00,298.62,298.62,296.72,298.62,3.78544
2017-09-10 05:45:00,296.91,297.06,296.91,297.06,0.18212
2017-09-10 06:00:00,297.43,297.43,296.24,296.24,1.9138
2017-09-10 06:15:00,297.43,297.43,297.43,297.43,0.01306
2017-09-10 06:30:00,298.62,298.77,297.75,297.75,25.09295
2017-09-10 06:45:00,298.77,298.79,297.87,298.0,53.10539
2017-09-10 07:00:00,297.87,298.98,297.87,298.98,66.2472
2017-09-10 07:15:00,298.98,302.77,298.98,302.77,38.34067
2017-09-10 07:30:00,300.92,302.5,295.37,296.18,132.14781
2017-09-10 07:45:00,296.18,299.59,294.56,296.74,27.41568
2017-09-10 08:00:00,296.72,299.0,294.54,297.0,71.2408
2017-09-10 08:15:00,298.0,298.11,296.01,296.01,18.92993
2017-09-10 08:30:00,298.02,299.0,296.73,296.73,68.85184
2017-09-10 08:45:00,297.83,299.0,296.26,297.52,12.8631
2017-09-10 09:00:00,297.53,298.01,296.99,297.0,43.93753
2017-09-10 09:15:00,296.57,297.01,295.02,296.5,47.0417
2017-09-10 09:30:00,296.47,296.47,296.47,296.47,0.08543
2017-09-10 09:45:00,295.15,295.15,295.0,295.02,3.26329
2017-09-10 10:00:00,295.12,295.12,295.0,295.0,13.62
2017-09-10 10:15:00,295.0,295.99,294.0,294.01,15.65734
2017-09-10 10:30:00,294.03,294.03,285.21,289.5,19.38283
2017-09-10 10:45:00,291.42,293.35,285.0,285.0,40.7396
2017-09-10 11:00:00,287.19,291.46,281.51,285.99,39.72116
2017-09-10 11:15:00,284.02,291.58,284.02,290.0,44.85799
2017-09-10 11:30:00,288.02,290.88,285.17,290.5,118.77486
2017-09-10 11:45:00,285.07,290.58,285.07,290.58,5.99832
2017-09-10 12:00:00,285.67,290.88,285.67,290.75,9.31071
2017-09-10 12:15:00,290.75,290.75,290.75,290.75,0.0
2017-09-10 12:30:00,288.23,288.24,285.3,286.79,23.55318
2017-09-10 12:45:00,288.24,291.0,288.24,290.0,130.04272
2017-09-10 13:00:00,285.45,285.53,283.5,283.5,22.66215
2017-09-10 13:15:00,281.58,283.5,280.0,280.0,50.15058
2017-09-10 13:30:00,280.0,284.0,275.6,280.52,83.02672
2017-09-10 13:45:00,281.2,286.71,279.69,280.6,70.60911
2017-09-10 14:00:00,282.0,282.96,280.3,280.3,26.77864
2017-09-10 14:15:00,278.17,280.3,278.17,278.18,18.76966
2017-09-10 14:30:00,278.18,278.18,268.0,269.39,128.18518
2017-09-10 14:45:00,273.0,273.0,265.0,265.0,81.6406
2017-09-10 15:00:00,262.04,272.6,261.03,271.12,160.85966
2017-09-10 15:15:00,273.34,275.67,263.07,267.91,69.61835
2017-09-10 15:30:00,275.0,278.18,272.86,278.18,76.71724
2017-09-10 15:45:00,278.0,278.18,272.0,276.86,93.28085
2017-09-10 16:00:00,276.86,278.18,272.07,277.97,71.04963
2017-09-10 16:15:00,273.84,284.94,270.0,284.94,194.51578
2017-09-10 16:30:00,284.94,284.94,280.01,281.0,123.95751
2017-09-10 16:45:00,281.0,287.05,265.0,280.81,178.69569
2017-09-10 17:00:00,280.8,284.78,280.79,281.82,62.91612
2017-09-10 17:15:00,281.83,284.99,277.55,284.99,77.32304
2017-09-10 17:30:00,280.53,284.1,280.53,280.76,69.41552
2017-09-10 17:45:00,281.16,284.07,278.35,279.68,74.90886
2017-09-10 18:00:00,278.5,282.0,278.33,282.0,63.13223
2017-09-10 18:15:00,278.05,278.12,272.0,272.0,44.85889
2017-09-10 18:30:00,272.0,276.99,272.0,273.33,9.93723
2017-09-10 18:45:00,273.33,275.11,273.1,275.11,15.18856
2017-09-10 19:00:00,275.11,277.9,275.11,275.11,68.74866
2017-09-10 19:15:00,273.7,280.0,273.7,280.0,41.48004
2017-09-10 19:30:00,274.67,281.71,274.67,280.0,15.82626
2017-09-10 19:45:00,275.24,280.3,275.24,280.22,22.61859
2017-09-10 20:00:00,281.8,284.0,280.75,281.76,26.86424
2017-09-10 20:15:00,282.76,282.87,281.0,282.87,7.22694
2017-09-10 20:30:00,281.76,283.82,279.98,283.82,19.06036
2017-09-10 20:45:00,280.01,281.0,280.01,281.0,2.23248
2017-09-10 21:00:00,282.9,283.0,280.0,280.11,99.55573
2017-09-10 21:15:00,281.08,284.0,280.75,283.01,88.69185
2017-09-10 21:30:00,283.1,283.12,283.1,283.12,1.34472
2017-09-10 21:45:00,284.07,286.84,284.0,284.0,22.68789
2017-09-10 22:00:00,284.05,287.0,284.05,287.0,28.312
2017-09-10 22:15:00,286.0,286.33,286.0,286.2,15.60511
2017-09-10 22:30:00,286.0,286.0,284.51,284.54,7.40591
2017-09-10 22:45:00,285.01,287.5,285.01,287.25,29.88022
2017-09-10 23:00:00,287.5,288.0,287.01,288.0,53.65541
2017-09-10 23:15:00,287.99,287.99,287.68,287.99,17.00425
2017-09-10 23:30:00,287.99,287.99,286.37,287.91,27.8265
2017-09-10 23:45:00,287.42,287.42,283.2,283.2,36.5254
2017-09-11 00:00:00,283.13,283.95,283.0,283.85,64.45238
2017-09-11 00:15:00,283.85,287.26,283.85,286.0,42.23033
2017-09-11 00:30:00,285.64,287.42,285.0,287.0,12.19637
2017-09-11 00:45:00,287.0,287.42,287.0,287.42,16.71702
2017-09-11 01:00:00,287.42,293.33,287.42,293.33,162.69319
2017-09-11 01:15:00,293.33,295.99,293.33,294.93,105.07582
2017-09-11 01:30:00,295.99,298.0,295.01,298.0,69.3426
2017-09-11 01:45:00,299.0,300.0,298.13,298.36,48.8006
2017-09-11 02:00:00,300.0,301.0,296.01,300.1,24.58995
2017-09-11 02:15:00,296.23,296.27,296.23,296.27,1.61495
2017-09-11 02:30:00,296.14,299.86,296.0,296.94,15.284
2017-09-11 02:45:00,298.06,302.77,298.06,299.51,20.67808
2017-09-11 03:00:00,299.51,299.8,299.0,299.01,15.93455
2017-09-11 03:15:00,299.01,299.01,299.01,299.01,0.0
2017-09-11 03:30:00,299.86,301.17,299.86,299.86,0.84345
2017-09-11 03:45:00,301.3,302.78,301.3,302.78,8.16048
2017-09-11 04:00:00,302.78,302.78,300.33,300.33,1.96391
2017-09-11 04:15:00,300.81,300.93,297.1,297.1,64.17661
2017-09-11 04:30:00,297.11,297.11,295.97,297.1,57.8078
2017-09-11 04:45:00,297.03,297.03,295.02,296.12,1.29858
2017-09-11 05:00:00,296.12,296.12,296.12,296.12,5.80043
2017-09-11 05:15:00,296.77,296.77,295.24,295.32,12.33517
2017-09-11 05:30:00,295.32,295.32,295.0,295.0,2.21662
2017-09-11 05:45:00,295.0,295.32,291.87,291.87,43.36562
2017-09-11 06:00:00,294.49,296.07,293.0,295.0,34.60117
2017-09-11 06:15:00,297.1,297.51,297.1,297.5,5.01689
2017-09-11 06:30:00,299.12,300.31,299.12,300.31,6.48739
2017-09-11 06:45:00,299.22,299.38,299.0,299.37,15.47052
2017-09-11 07:00:00,299.37,299.67,293.01,293.01,5.70276
2017-09-11 07:15:00,296.31,296.91,294.16,296.91,32.24385
2017-09-11 07:30:00,296.91,296.92,296.9,296.9,7.25733
2017-09-11 07:45:00,293.15,295.84,293.01,293.5,23.46988
2017-09-11 08:00:00,293.51,293.51,288.55,291.93,20.66918
2017-09-11 08:15:00,290.21,293.0,289.41,291.99,58.41942
2017-09-11 08:30:00,290.76,291.98,288.61,288.68,20.96915
2017-09-11 08:45:00,288.6,290.2,286.88,290.2,11.72087
2017-09-11 09:00:00,290.2,291.89,285.21,288.45,24.55693
2017-09-11 09:15:00,291.97,295.5,291.97,295.5,53.92065
2017-09-11 09:30:00,295.5,298.84,295.5,296.41,23.21994
2017-09-11 09:45:00,296.41,300.32,296.41,300.32,73.23171
2017-09-11 10:00:00,300.31,303.01,300.31,302.26,114.01212
2017-09-11 10:15:00,301.59,303.3,300.32,300.32,91.31172
2017-09-11 10:30:00,301.61,304.95,294.49,301.5,231.17247
2017-09-11 10:45:00,301.5,302.43,296.0,301.6,193.09892
2017-09-11 11:00:00,301.35,304.26,292.86,296.36,300.58949
2017-09-11 11:15:00,299.41,304.98,292.87,295.01,415.42713
2017-09-11 11:30:00,300.47,304.98,295.01,304.94,218.2691
2017-09-11 11:45:00,303.41,304.89,295.12,301.76,163.30095
2017-09-11 12:00:00,301.73,304.89,292.87,299.36,426.19341
2017-09-11 12:15:00,300.56,300.74,292.87,294.41,211.52874
2017-09-11 12:30:00,295.3,298.84,291.62,292.58,80.6428
2017-09-11 12:45:00,291.53,294.33,289.9,294.33,91.39771
2017-09-11 13:00:00,293.21,295.76,291.89,294.02,103.7007
2017-09-11 13:15:00,292.87,296.18,292.12,294.1,76.39195
2017-09-11 13:30:00,293.82,293.82,288.65,288.65,47.38016
2017-09-11 13:45:00,289.11,291.91,286.82,291.0,80.85541
2017-09-11 14:00:00,291.04,291.04,288.0,290.78,8.31538
2017-09-11 14:15:00,290.81,293.83,290.65,292.87,57.80663
2017-09-11 14:30:00,294.0,296.19,292.57,295.41,217.09568
2017-09-11 14:45:00,295.12,295.13,291.1,292.13,20.77598
2017-09-11 15:00:00,291.56,296.16,291.09,294.86,31.28363
2017-09-11 15:15:00,293.99,293.99,293.23,293.82,7.41372
2017-09-11 15:30:00,293.82,294.0,293.73,293.96,15.1862
2017-09-11 15:45:00,293.96,293.96,293.96,293.96,0.0
2017-09-11 16:00:00,293.35,293.35,293.35,293.35,5.00131
2017-09-11 16:15:00,293.35,294.92,290.49,290.49,75.69671
2017-09-11 16:30:00,289.37,292.25,288.98,291.39,38.64719
2017-09-11 16:45:00,292.12,293.2,292.12,293.2,3.1227
2017-09-11 17:00:00,293.57,294.18,293.57,294.18,19.90689
2017-09-11 17:15:00,293.0,293.93,292.66,293.93,15.74294
2017-09-11 17:30:00,293.93,293.93,293.22,293.68,30.2793
2017-09-11 17:45:00,293.68,294.5,291.25,292.99,57.01615
2017-09-11 18:00:00,292.99,292.99,291.26,291.99,16.63824
2017-09-11 18:15:00,291.99,291.99,291.99,291.99,0.0
2017-09-11 18:30:00,294.96,294.96,293.52,294.25,16.78333
2017-09-11 18:45:00,294.25,294.25,293.19,293.19,4.41054
2017-09-11 19:00:00,292.69,295.0,292.69,295.0,31.12758
2017-09-11 19:15:00,295.0,297.36,295.0,295.93,35.88047
2017-09-11 19:30:00,294.86,295.61,293.72,293.75,4.87743
2017-09-11 19:45:00,293.75,295.17,293.16,294.46,30.71448
2017-09-11 20:00:00,293.44,294.18,292.16,293.17,12.16678
2017-09-11 20:15:00,293.35,294.2,292.82,293.17,57.21722
2017-09-11 20:30:00,292.9,294.18,292.9,294.18,17.58
2017-09-11 20:45:00,294.17,295.0,293.38,294.32,38.40162
2017-09-11 21:00:00,294.32,294.35,293.37,294.35,37.65019
2017-09-11 21:15:00,296.38,296.38,294.06,296.34,25.15235
2017-09-11 21:30:00,295.86,297.36,295.86,297.36,32.12611
2017-09-11 21:45:00,297.36,299.36,297.36,299.2,87.09141
2017-09-11 22:00:00,300.0,300.01,299.01,300.01,11.89943
2017-09-11 22:15:00,300.0,300.97,300.0,300.97,9.14932
2017-09-11 22:30:00,300.96,300.97,296.25,297.82,50.83993
2017-09-11 22:45:00,299.38,299.41,299.36,299.41,25.931
2017-09-11 23:00:00,300.0,300.6,296.85,297.28,28.36101
2017-09-11 23:15:00,297.72,298.19,295.88,295.88,55.02678
2017-09-11 23:30:00,294.93,298.93,294.93,298.93,54.15177
2017-09-11 23:45:00,298.15,299.2,297.17,299.2,9.98357
2017-09-12 00:00:00,299.2,300.28,299.2,300.28,48.59432
2017-09-12 00:15:00,300.97,301.99,300.3,301.98,35.02356
2017-09-12 00:30:00,301.98,301.98,301.0,301.42,44.74432
2017-09-12 00:45:00,301.42,301.49,300.81,301.14,16.12552
2017-09-12 01:00:00,301.14,301.48,301.07,301.37,14.20636
2017-09-12 01:15:00,301.45,301.45,300.92,301.39,13.25208
2017-09-12 01:30:00,300.08,300.6,298.32,300.6,4.1397
2017-09-12 01:45:00,300.55,300.61,298.26,299.0,9.42602
2017-09-12 02:00:00,298.27,299.0,298.01,298.62,9.71368
2017-09-12 02:15:00,299.06,299.5,298.62,299.5,1.24027
2017-09-12 02:30:00,299.12,299.56,298.05,298.17,3.50457
2017-09-12 02:45:00,298.2,298.2,295.5,297.12,10.03808
2017-09-12 03:00:00,297.12,297.64,297.12,297.12,14.2467
2017-09-12 03:15:00,296.6,300.6,294.77,294.77,23.30865
2017-09-12 03:30:00,295.91,295.91,294.77,295.47,0.09926
2017-09-12 03:45:00,294.94,295.56,294.94,295.56,0.25864
2017-09-12 04:00:00,296.17,296.17,296.17,296.17,0.572
2017-09-12 04:15:00,296.17,296.68,296.17,296.2,22.2256
2017-09-12 04:30:00,296.2,296.2,294.8,295.56,70.44646
2017-09-12 04:45:00,294.93,295.13,293.44,293.44,16.29832
2017-09-12 05:00:00,293.38,294.7,293.38,294.33,15.82231
2017-09-12 05:15:00,294.33,294.33,294.33,294.33,0.0
2017-09-12 05:30:00,295.17,295.22,293.39,294.75,13.84137
2017-09-12 05:45:00,294.75,294.75,294.75,294.75,0.0
2017-09-12 06:00:00,294.75,294.75,294.75,294.75,0.0
2017-09-12 06:15:00,294.75,294.75,294.75,294.75,0.0
2017-09-12 06:30:00,296.62,296.62,295.34,296.62,1.8423
2017-09-12 06:45:00,296.62,296.62,296.62,296.62,0.0
2017-09-12 07:00:00,296.62,296.62,296.62,296.62,0.0
2017-09-12 07:15:00,297.74,297.74,297.73,297.73,5.20391
2017-09-12 07:30:00,296.76,296.76,296.76,296.76,0.36
2017-09-12 07:45:00,296.76,297.3,296.57,297.3,6.68087
2017-09-12 08:00:00,297.3,297.3,297.3,297.3,0.0
2017-09-12 08:15:00,297.78,297.83,297.78,297.83,2.93
2017-09-12 08:30:00,297.83,301.46,297.51,301.46,33.38673
2017-09-12 08:45:00,301.49,302.51,301.49,301.53,38.08764
2017-09-12 09:00:00,301.72,301.92,300.23,301.35,49.20931
2017-09-12 09:15:00,301.01,301.92,300.76,301.69,179.54106
2017-09-12 09:30:00,301.82,302.48,300.94,300.94,39.80797
2017-09-12 09:45:00,300.94,301.34,298.6,298.6,161.10051
2017-09-12 10:00:00,298.6,299.97,298.6,299.73,6.54457
2017-09-12 10:15:00,298.66,299.99,298.66,298.66,11.95987
2017-09-12 10:30:00,298.66,300.88,298.66,300.02,33.01874
2017-09-12 10:45:00,299.6,303.01,299.18,301.98,216.57265
2017-09-12 11:00:00,302.3,304.0,300.33,300.98,92.68146
2017-09-12 11:15:00,301.08,303.22,301.08,302.91,44.9848
2017-09-12 11:30:00,302.93,304.17,302.6,303.35,137.49839
2017-09-12 11:45:00,303.35,304.41,302.6,304.41,28.30608
2017-09-12 12:00:00,303.01,305.2,303.01,305.09,97.08854
2017-09-12 12:15:00,305.09,305.21,302.66,302.66,136.15293
2017-09-12 12:30:00,303.26,303.26,302.62,303.0,24.58617
2017-09-12 12:45:00,302.72,304.8,302.71,304.36,51.18992
2017-09-12 13:00:00,304.22,304.9,304.22,304.56,13.79968
2017-09-12 13:15:00,304.9,305.29,304.31,305.13,28.17298
2017-09-12 13:30:00,305.72,305.75,304.99,305.75,22.56888
2017-09-12 13:45:00,305.6,308.84,305.6,308.84,37.17455
2017-09-12 14:00:00,307.55,311.24,307.55,311.0,129.16066
2017-09-12 14:15:00,311.01,311.99,310.12,310.62,86.43038
2017-09-12 14:30:00,311.07,313.0,310.08,312.73,81.23026
2017-09-12 14:45:00,312.73,316.37,312.62,316.37,50.21491
2017-09-12 15:00:00,316.4,316.46,311.06,311.46,208.38292
2017-09-12 15:15:00,311.98,313.29,310.78,313.11,26.52875
2017-09-12 15:30:00,312.93,314.85,312.76,314.85,42.73496
2017-09-12 15:45:00,314.85,315.27,313.82,314.15,25.57189
2017-09-12 16:00:00,313.7,313.7,312.81,312.81,46.38376
2017-09-12 16:15:00,312.9,313.2,307.55,307.55,63.04652
2017-09-12 16:30:00,309.1,309.1,302.32,305.96,275.18462
2017-09-12 16:45:00,305.71,310.0,305.71,308.0,82.82226
2017-09-12 17:00:00,308.0,308.5,305.59,307.69,48.49541
2017-09-12 17:15:00,308.84,308.84,307.2,308.03,38.77666
2017-09-12 17:30:00,309.19,309.19,309.13,309.13,13.59
2017-09-12 17:45:00,308.78,310.25,308.76,308.92,45.99179
2017-09-12 18:00:00,308.93,309.75,308.17,309.15,20.4758
2017-09-12 18:15:00,308.46,309.15,306.02,308.19,31.87602
2017-09-12 18:30:00,307.62,307.62,307.62,307.62,0.32
2017-09-12 18:45:00,309.75,310.07,309.75,309.99,15.98359
2017-09-12 19:00:00,311.3,312.52,311.0,312.52,21.39701
2017-09-12 19:15:00,312.52,312.53,312.52,312.53,0.01279
2017-09-12 19:30:00,311.03,312.53,311.0,312.26,11.46278
2017-09-12 19:45:00,312.26,313.23,310.86,310.95,66.51228
2017-09-12 20:00:00,311.25,311.81,310.32,311.04,16.95362
2017-09-12 20:15:00,310.73,311.64,310.44,311.63,39.23527
2017-09-12 20:30:00,311.02,311.02,308.09,309.12,27.21705
2017-09-12 20:45:00,309.12,309.12,306.03,306.03,12.67905
2017-09-12 21:00:00,306.03,307.88,305.98,307.88,17.43372
2017-09-12 21:15:00,306.14,307.5,305.0,307.5,93.66094
2017-09-12 21:30:00,306.64,307.69,303.31,307.69,197.88567
2017-09-12 21:45:00,307.69,307.69,303.1,304.22,244.34634
2017-09-12 22:00:00,304.22,304.88,302.1,302.1,172.23099
2017-09-12 22:15:00,303.5,304.26,300.0,303.88,292.97551
2017-09-12 22:30:00,304.27,305.0,303.78,304.88,14.00783
2017-09-12 22:45:00,305.0,305.0,301.57,304.0,70.68532
2017-09-12 23:00:00,303.05,305.92,303.05,305.92,67.24502
2017-09-12 23:15:00,305.91,305.91,304.35,304.39,19.02673
2017-09-12 23:30:00,304.95,304.95,304.44,304.44,0.43697
2017-09-12 23:45:00,304.35,304.95,304.0,304.21,117.02235
2017-09-13 00:00:00,304.06,304.5,300.8,300.8,72.19251
2017-09-13 00:15:00,301.73,301.73,300.35,300.8,59.07208
2017-09-13 00:30:00,300.8,304.94,300.8,304.94,69.47064
2017-09-13 00:45:00,303.06,303.06,303.06,303.06,0.36994
2017-09-13 01:00:00,304.95,305.22,303.99,303.99,24.63332
2017-09-13 01:15:00,302.87,303.08,302.87,303.08,0.89453
2017-09-13 01:30:00,303.99,304.22,303.99,304.22,18.23091
2017-09-13 01:45:00,303.89,303.89,298.34,298.34,37.58535
2017-09-13 02:00:00,298.34,298.34,289.0,289.0,113.16664
2017-09-13 02:15:00,288.5,292.57,286.01,287.68,89.96379
2017-09-13 02:30:00,287.23,292.14,287.0,290.31,76.98127
2017-09-13 02:45:00,290.32,290.76,287.26,287.26,23.86958
2017-09-13 03:00:00,288.23,292.17,288.17,291.78,22.56251
2017-09-13 03:15:00,288.96,290.23,288.36,288.86,18.348
2017-09-13 03:30:00,289.54,290.23,288.16,289.1,8.43775
2017-09-13 03:45:00,290.23,296.33,290.23,295.07,62.92941
2017-09-13 04:00:00,293.82,294.54,291.42,291.67,23.81702
2017-09-13 04:15:00,292.1,293.05,291.56,291.66,12.5659
2017-09-13 04:30:00,291.87,292.35,291.75,291.75,5.6511
2017-09-13 04:45:00,294.13,294.18,294.09,294.18,11.03971
2017-09-13 05:00:00,294.61,294.88,294.6,294.6,7.71171
2017-09-13 05:15:00,294.88,295.91,294.61,295.91,1.7261
2017-09-13 05:30:00,295.91,295.91,295.91,295.91,0.0
2017-09-13 05:45:00,295.89,295.89,295.89,295.89,1.5
2017-09-13 06:00:00,295.65,296.17,295.65,296.17,0.36461
2017-09-13 06:15:00,297.64,297.66,295.09,296.48,7.42609
2017-09-13 06:30:00,295.79,296.49,295.79,296.07,12.506
2017-09-13 06:45:00,297.51,297.51,296.51,296.51,7.223
2017-09-13 07:00:00,296.07,296.07,292.44,293.31,22.12711
2017-09-13 07:15:00,293.17,293.18,291.48,292.17,18.46983
2017-09-13 07:30:00,291.48,293.78,291.48,293.76,23.30763
2017-09-13 07:45:00,293.37,293.96,293.37,293.96,0.17815
2017-09-13 08:00:00,293.93,294.18,291.68,291.68,20.04907
2017-09-13 08:15:00,291.73,292.71,287.68,288.24,80.37093
2017-09-13 08:30:00,288.19,289.5,287.86,287.86,20.14251
2017-09-13 08:45:00,288.62,292.71,288.62,291.3,43.48218
2017-09-13 09:00:00,291.52,292.93,291.14,292.54,24.19696
2017-09-13 09:15:00,292.55,292.55,291.5,291.51,24.61768
2017-09-13 09:30:00,291.51,294.5,291.15,291.41,136.0092
2017-09-13 09:45:00,291.41,291.41,289.58,289.98,16.67205
2017-09-13 10:00:00,290.37,291.15,287.03,287.03,49.6803
2017-09-13 10:15:00,287.06,288.72,285.0,285.57,257.60444
2017-09-13 10:30:00,286.27,286.27,283.61,285.99,32.20216
2017-09-13 10:45:00,283.59,283.59,280.0,280.0,67.43962
2017-09-13 11:00:00,281.14,283.84,280.0,283.84,147.66643
2017-09-13 11:15:00,283.78,283.78,277.18,277.18,51.61244
2017-09-13 11:30:00,277.18,279.88,275.69,277.4,81.51986
2017-09-13 11:45:00,277.43,278.0,275.0,275.0,35.08189
2017-09-13 12:00:00,276.5,276.5,270.1,270.11,58.50196
2017-09-13 12:15:00,270.11,272.97,270.0,270.69,162.72152
2017-09-13 12:30:00,271.41,273.29,267.0,272.5,95.12738
2017-09-13 12:45:00,273.01,274.98,272.11,274.92,45.11103
2017-09-13 13:00:00,275.0,282.0,275.0,282.0,20.67271
2017-09-13 13:15:00,281.99,282.0,274.32,278.0,7.81661
2017-09-13 13:30:00,278.0,281.97,275.38,275.54,37.85701
2017-09-13 13:45:00,275.56,278.82,275.56,275.6,35.06379
2017-09-13 14:00:00,275.6,277.79,273.1,277.69,40.13132
2017-09-13 14:15:00,278.01,280.96,275.13,275.13,54.47739
2017-09-13 14:30:00,278.1,281.83,278.1,279.24,82.15948
2017-09-13 14:45:00,280.05,280.19,280.05,280.19,1.26
2017-09-13 15:00:00,282.0,283.74,281.17,281.18,13.9353
2017-09-13 15:15:00,281.18,281.18,281.18,281.18,0.0
2017-09-13 15:30:00,280.0,280.0,280.0,280.0,7.99317
2017-09-13 15:45:00,280.0,280.0,277.0,277.83,102.71352
2017-09-13 16:00:00,278.55,278.55,274.1,274.1,38.27351
2017-09-13 16:15:00,277.04,277.64,274.91,277.64,147.6223
2017-09-13 16:30:00,276.0,276.54,273.49,276.14,64.04334
2017-09-13 16:45:00,276.05,279.25,276.05,279.0,76.19331
2017-09-13 17:00:00,277.12,277.12,276.9,276.9,24.86525
2017-09-13 17:15:00,279.33,280.63,278.11,280.63,15.89335
2017-09-13 17:30:00,280.63,280.63,277.53,277.53,5.06035
2017-09-13 17:45:00,279.92,279.93,275.02,276.12,127.97334
2017-09-13 18:00:00,276.05,276.1,272.6,272.64,99.68203
2017-09-13 18:15:00,274.58,275.21,274.2,274.2,27.86173
2017-09-13 18:30:00,275.21,276.11,275.21,275.21,37.16355
2017-09-13 18:45:00,275.21,275.21,268.0,268.98,110.30042
2017-09-13 19:00:00,268.01,269.47,268.01,268.02,14.10372
2017-09-13 19:15:00,268.08,268.08,263.11,263.31,295.90667
2017-09-13 19:30:00,263.17,268.0,262.0,264.07,230.96764
2017-09-13 19:45:00,263.96,265.16,262.46,263.84,137.09729
2017-09-13 20:00:00,263.26,263.83,257.85,258.95,453.53255
2017-09-13 20:15:00,258.94,262.52,257.05,262.41,137.81591
2017-09-13 20:30:00,262.05,273.2,262.05,269.27,289.70141
2017-09-13 20:45:00,269.27,271.01,269.09,269.5,78.79158
2017-09-13 21:00:00,269.5,274.21,269.5,272.23,110.22873
2017-09-13 21:15:00,273.06,273.06,267.9,268.5,84.07421
2017-09-13 21:30:00,268.5,268.93,266.99,268.93,57.06515
2017-09-13 21:45:00,269.26,271.07,268.0,269.79,110.7027
2017-09-13 22:00:00,268.5,268.5,267.14,268.01,47.15479
2017-09-13 22:15:00,266.0,266.0,262.01,262.06,97.86289
2017-09-13 22:30:00,262.87,262.99,260.79,260.79,86.30526
2017-09-13 22:45:00,261.06,263.96,261.04,263.96,30.14675
2017-09-13 23:00:00,263.15,266.5,261.07,266.5,41.13498
2017-09-13 23:15:00,266.5,266.5,266.5,266.5,0.0
2017-09-13 23:30:00,268.5,271.01,265.99,270.11,52.8332
2017-09-13 23:45:00,267.08,267.08,266.93,266.93,38.20421
2017-09-14 00:00:00,266.93,266.94,265.78,265.78,33.92509
2017-09-14 00:15:00,264.95,266.81,264.95,266.81,22.94839
2017-09-14 00:30:00,266.81,268.0,266.81,267.93,13.84168
2017-09-14 00:45:00,268.39,275.0,268.39,275.0,165.59072
2017-09-14 01:00:00,275.0,275.86,273.21,274.29,151.23012
2017-09-14 01:15:00,274.29,275.86,274.27,275.86,10.27039
2017-09-14 01:30:00,275.86,278.24,275.86,278.23,12.19899
2017-09-14 01:45:00,276.26,276.26,275.11,275.11,31.28984
2017-09-14 02:00:00,275.1,275.1,268.65,268.65,80.40821
2017-09-14 02:15:00,269.87,273.44,269.87,273.43,34.19364
2017-09-14 02:30:00,272.42,273.52,269.88,270.9,106.4586
2017-09-14 02:45:00,271.6,271.6,271.46,271.46,7.72976
2017-09-14 03:00:00,269.6,270.5,269.09,270.5,28.90003
2017-09-14 03:15:00,270.63,270.66,270.63,270.66,14.088
2017-09-14 03:30:00,269.21,269.22,266.94,266.94,82.53642
2017-09-14 03:45:00,265.75,267.33,265.5,266.1,20.59747
2017-09-14 04:00:00,269.1,269.1,268.01,268.08,24.07225
2017-09-14 04:15:00,268.08,268.08,268.08,268.08,0.0
2017-09-14 04:30:00,270.09,270.1,270.09,270.09,21.88
2017-09-14 04:45:00,270.09,270.09,270.09,270.09,0.0
2017-09-14 05:00:00,270.09,270.09,270.09,270.09,0.0
2017-09-14 05:15:00,270.09,270.09,270.09,270.09,0.0
2017-09-14 05:30:00,271.64,274.98,271.64,273.1,85.5499
2017-09-14 05:45:00,273.0,273.0,273.0,273.0,0.68624
2017-09-14 06:00:00,272.92,274.25,272.92,274.24,31.16731
2017-09-14 06:15:00,274.98,278.09,274.84,276.93,76.72064
2017-09-14 06:30:00,277.79,282.77,277.77,280.73,86.60602
2017-09-14 06:45:00,280.87,281.14,279.74,279.74,15.403
2017-09-14 07:00:00,279.8,280.13,277.8,277.8,14.04549
2017-09-14 07:15:00,279.62,279.63,279.62,279.63,55.24864
2017-09-14 07:30:00,278.69,280.89,276.81,276.81,170.82652
2017-09-14 07:45:00,275.05,276.91,275.05,276.91,30.36297
2017-09-14 08:00:00,275.76,278.45,275.13,278.45,31.45106
2017-09-14 08:15:00,278.46,278.46,277.7,277.7,0.1229
2017-09-14 08:30:00,278.46,281.14,278.46,279.84,46.69556
2017-09-14 08:45:00,278.47,279.0,278.46,278.47,5.72188
2017-09-14 09:00:00,279.0,282.14,278.46,279.28,74.16762
2017-09-14 09:15:00,278.79,283.77,278.79,279.14,99.4339
2017-09-14 09:30:00,279.14,279.39,279.14,279.39,38.17533
2017-09-14 09:45:00,280.52,280.52,278.99,280.49,31.75002
2017-09-14 10:00:00,280.14,282.49,280.14,281.04,38.10794
2017-09-14 10:15:00,279.25,279.25,276.5,276.5,66.19863
2017-09-14 10:30:00,279.25,279.25,274.46,275.0,41.03146
2017-09-14 10:45:00,275.0,275.0,275.0,275.0,3.238
2017-09-14 11:00:00,274.46,274.46,274.24,274.24,28.717
2017-09-14 11:15:00,272.92,272.92,271.51,271.51,19.01329
2017-09-14 11:30:00,271.44,272.55,270.39,272.55,100.2697
2017-09-14 11:45:00,270.55,270.55,270.0,270.0,106.28512
2017-09-14 12:00:00,270.0,273.0,270.0,270.0,59.90865
2017-09-14 12:15:00,270.01,270.01,270.0,270.01,13.73102
2017-09-14 12:30:00,270.01,270.01,270.01,270.01,0.0
2017-09-14 12:45:00,275.0,275.0,274.97,275.0,28.93879
2017-09-14 13:00:00,275.0,275.0,273.1,273.1,6.09656
2017-09-14 13:15:00,273.1,273.11,273.1,273.1,11.94
2017-09-14 13:30:00,273.1,273.1,273.1,273.1,0.0
2017-09-14 13:45:00,271.14,271.14,271.03,271.03,8.83374
2017-09-14 14:00:00,271.11,271.11,271.11,271.11,5.33091
2017-09-14 14:15:00,271.06,272.05,271.06,272.0,70.17589
2017-09-14 14:30:00,273.0,273.0,269.21,269.3,54.98331
2017-09-14 14:45:00,269.4,269.4,266.95,267.0,113.95175
2017-09-14 15:00:00,269.01,271.41,267.0,270.0,55.86553
2017-09-14 15:15:00,270.0,271.41,270.0,270.91,53.19298
2017-09-14 15:30:00,270.91,273.0,270.91,272.6,74.12967
2017-09-14 15:45:00,272.42,272.65,270.85,270.85,83.51866
2017-09-14 16:00:00,270.85,273.0,267.65,267.65,235.01638
2017-09-14 16:15:00,268.94,269.73,267.65,267.65,94.69884
2017-09-14 16:30:00,267.65,271.01,267.65,270.05,133.39095
2017-09-14 16:45:00,270.05,270.38,268.78,268.78,108.80448
2017-09-14 17:00:00,268.78,270.87,267.66,269.02,100.24633
2017-09-14 17:15:00,267.92,269.0,266.94,268.03,140.6282
2017-09-14 17:30:00,268.03,268.98,266.94,266.97,161.1666
2017-09-14 17:45:00,267.93,268.95,265.5,265.6,129.8162
2017-09-14 18:00:00,265.01,266.87,260.97,266.0,365.50871
2017-09-14 18:15:00,265.14,266.83,261.79,261.79,49.46773
2017-09-14 18:30:00,261.79,261.95,255.52,258.92,468.09724
2017-09-14 18:45:00,258.93,261.22,255.54,259.97,263.32756
2017-09-14 19:00:00,259.97,259.97,250.24,250.24,259.59965
2017-09-14 19:15:00,250.24,254.99,246.04,249.93,327.61727
2017-09-14 19:30:00,247.24,254.0,242.0,243.0,295.45473
2017-09-14 19:45:00,243.0,245.88,238.34,238.39,356.50623
2017-09-14 20:00:00,238.43,246.99,237.58,246.96,180.72938
2017-09-14 20:15:00,246.0,253.01,246.0,253.0,433.3609
2017-09-14 20:30:00,253.0,253.0,240.0,240.0,201.41495
2017-09-14 20:45:00,240.0,244.79,236.16,236.95,299.13621
2017-09-14 21:00:00,236.2,238.52,229.77,238.5,379.14942
2017-09-14 21:15:00,236.36,242.49,234.39,239.0,347.11914
2017-09-14 21:30:00,241.89,245.02,238.5,241.01,393.31817
2017-09-14 21:45:00,244.98,247.89,241.02,246.11,122.23336
2017-09-14 22:00:00,246.98,246.99,238.54,240.97,110.40061
2017-09-14 22:15:00,241.49,243.07,238.59,242.93,292.6185
2017-09-14 22:30:00,244.41,248.98,241.32,246.58,199.65903
2017-09-14 22:45:00,247.99,250.92,244.62,248.15,240.06591
2017-09-14 23:00:00,248.15,249.66,244.52,244.62,123.79513
2017-09-14 23:15:00,244.69,246.41,241.32,246.1,53.60895
2017-09-14 23:30:00,246.1,246.32,238.09,241.04,95.24966
2017-09-14 23:45:00,241.04,243.48,241.04,243.48,17.90144
2017-09-15 00:00:00,241.95,243.5,241.31,241.51,126.877
2017-09-15 00:15:00,243.21,243.21,241.5,241.5,117.7169
2017-09-15 00:30:00,241.5,242.0,238.09,238.25,17.53534
2017-09-15 00:45:00,238.26,239.12,234.72,235.0,132.55175
2017-09-15 01:00:00,234.72,236.22,229.2,229.2,161.99624
2017-09-15 01:15:00,231.04,231.04,227.9,230.65,209.53071
2017-09-15 01:30:00,230.08,230.92,227.04,227.05,145.86089
2017-09-15 01:45:00,227.04,231.5,227.03,227.03,113.21407
2017-09-15 02:00:00,227.03,227.03,221.75,223.81,139.16555
2017-09-15 02:15:00,223.81,234.34,221.5,232.19,165.04082
2017-09-15 02:30:00,231.38,234.31,229.79,231.9,39.40737
2017-09-15 02:45:00,234.24,240.67,229.62,237.97,244.66735
2017-09-15 03:00:00,234.26,244.99,234.26,242.38,114.36345
2017-09-15 03:15:00,242.38,244.98,235.0,236.86,108.74898
2017-09-15 03:30:00,236.86,237.99,234.25,234.25,46.70339
2017-09-15 03:45:00,234.25,235.44,231.88,234.22,134.70128
2017-09-15 04:00:00,234.22,239.7,234.21,239.7,200.96606
2017-09-15 04:15:00,239.73,240.49,235.89,238.46,113.79589
2017-09-15 04:30:00,238.46,240.0,235.88,235.88,108.03808
2017-09-15 04:45:00,235.88,237.94,234.9,237.94,50.04029
2017-09-15 05:00:00,237.94,237.94,231.87,231.88,174.62507
2017-09-15 05:15:00,231.87,232.58,229.49,230.08,148.2878
2017-09-15 05:30:00,232.7,235.4,230.08,230.08,72.56532
2017-09-15 05:45:00,230.08,232.64,228.57,229.98,145.69198
2017-09-15 06:00:00,229.0,231.1,227.29,229.21,204.97832
2017-09-15 06:15:00,229.38,235.0,228.8,228.94,37.07428
2017-09-15 06:30:00,228.84,231.0,227.57,230.98,78.28614
2017-09-15 06:45:00,229.99,232.44,228.0,232.35,95.95765
2017-09-15 07:00:00,232.35,232.51,226.32,229.93,101.68511
2017-09-15 07:15:00,228.6,230.11,225.02,225.02,72.6043
2017-09-15 07:30:00,225.02,226.91,216.19,216.19,315.84823
2017-09-15 07:45:00,218.0,219.0,215.0,215.21,313.34642
2017-09-15 08:00:00,217.0,226.84,212.11,218.08,497.24772
2017-09-15 08:15:00,221.0,232.51,218.08,232.51,72.92552
2017-09-15 08:30:00,227.02,232.29,218.03,228.5,34.0208
2017-09-15 08:45:00,228.5,231.3,218.5,223.2,62.90829
2017-09-15 09:00:00,228.83,237.91,223.09,237.04,197.45361
2017-09-15 09:15:00,233.52,237.94,233.51,236.2,22.51903
2017-09-15 09:30:00,235.99,235.99,229.15,229.17,88.53396
2017-09-15 09:45:00,229.17,235.03,229.17,233.5,24.49137
2017-09-15 10:00:00,233.5,237.95,233.5,236.94,102.83556
2017-09-15 10:15:00,236.94,241.23,236.02,241.23,55.6358
2017-09-15 10:30:00,241.23,243.96,238.19,242.58,383.63314
2017-09-15 10:45:00,242.58,243.5,233.62,233.62,155.34851
2017-09-15 11:00:00,237.0,237.1,233.62,235.77,114.13535
2017-09-15 11:15:00,235.77,237.0,229.18,233.57,104.582
2017-09-15 11:30:00,232.1,237.66,232.06,236.36,128.3396
2017-09-15 11:45:00,236.36,236.9,232.21,234.0,99.20374
2017-09-15 12:00:00,234.53,235.0,232.47,235.0,56.92718
2017-09-15 12:15:00,234.31,235.0,232.3,234.7,35.7377
2017-09-15 12:30:00,234.7,235.0,232.31,233.97,69.10919
2017-09-15 12:45:00,233.0,233.97,229.18,230.99,124.05227
2017-09-15 13:00:00,231.5,231.93,227.22,228.84,65.04457
2017-09-15 13:15:00,227.9,228.78,225.06,225.55,64.33513
2017-09-15 13:30:00,225.56,229.22,225.56,227.0,187.28356
2017-09-15 13:45:00,227.49,228.92,225.58,228.92,115.28312
2017-09-15 14:00:00,227.28,234.27,225.88,229.47,115.16859
2017-09-15 14:15:00,229.47,229.47,226.03,226.51,101.00347
2017-09-15 14:30:00,226.08,226.08,217.11,217.24,387.30109
2017-09-15 14:45:00,217.24,220.75,217.22,220.27,92.34152
2017-09-15 15:00:00,217.51,220.15,215.08,216.11,57.17575
2017-09-15 15:15:00,216.14,220.12,214.5,214.5,168.06278
2017-09-15 15:30:00,214.52,219.1,213.94,216.64,96.69602
2017-09-15 15:45:00,213.94,220.0,212.11,220.0,212.51192
2017-09-15 16:00:00,218.93,218.93,211.98,216.0,143.00874
2017-09-15 16:15:00,212.02,217.54,211.98,213.66,115.99837
2017-09-15 16:30:00,212.95,215.0,212.0,215.0,87.63835
2017-09-15 16:45:00,217.52,225.91,216.08,220.02,202.21551
2017-09-15 17:00:00,220.01,225.73,220.01,220.08,128.03998
2017-09-15 17:15:00,212.88,213.0,210.23,210.23,151.81661
2017-09-15 17:30:00,210.02,211.69,202.23,203.01,592.24984
2017-09-15 17:45:00,203.5,208.99,202.05,203.0,109.74347
2017-09-15 18:00:00,203.0,207.0,202.06,202.24,233.71355
2017-09-15 18:15:00,203.2,207.89,203.2,203.34,139.88257
2017-09-15 18:30:00,204.99,204.99,202.05,202.06,107.23235
2017-09-15 18:45:00,202.05,202.05,195.02,202.04,142.69945
2017-09-15 19:00:00,202.04,202.04,195.11,198.0,198.82285
2017-09-15 19:15:00,196.81,202.05,194.99,195.02,78.5655
2017-09-15 19:30:00,195.02,198.99,192.0,198.99,159.12752
2017-09-15 19:45:00,197.0,200.99,195.04,199.28,175.39785
2017-09-15 20:00:00,199.28,215.82,195.09,215.82,148.36821
2017-09-15 20:15:00,215.82,224.5,212.0,224.5,210.01639
2017-09-15 20:30:00,222.51,229.0,216.61,229.0,386.33752
2017-09-15 20:45:00,231.0,235.68,223.31,227.0,264.27771
2017-09-15 21:00:00,227.0,231.0,218.32,220.01,154.34593
2017-09-15 21:15:00,220.03,224.98,218.0,224.43,103.62364
2017-09-15 21:30:00,227.1,227.1,213.04,220.0,247.81986
2017-09-15 21:45:00,222.0,235.67,222.0,228.66,269.22708
2017-09-15 22:00:00,233.0,262.0,228.77,245.67,581.9241
2017-09-15 22:15:00,245.69,259.0,245.69,252.62,351.26088
2017-09-15 22:30:00,255.0,260.0,250.0,250.0,324.91209
2017-09-15 22:45:00,250.0,270.93,250.0,270.0,429.88857
2017-09-15 23:00:00,270.0,270.0,258.0,260.0,290.84835
2017-09-15 23:15:00,260.0,260.99,245.0,250.0,187.75813
2017-09-15 23:30:00,247.0,261.99,247.0,256.79,156.41448
2017-09-15 23:45:00,256.8,267.5,256.8,262.28,191.85694
2017-09-16 00:00:00,257.03,267.69,257.03,260.02,245.58238
2017-09-16 00:15:00,262.15,262.16,251.0,252.5,260.52649
2017-09-16 00:30:00,253.0,253.0,245.0,245.01,191.89732
2017-09-16 00:45:00,241.0,247.0,239.75,239.75,126.92683
2017-09-16 01:00:00,239.74,248.49,239.74,241.19,112.67627
2017-09-16 01:15:00,241.19,248.36,241.19,242.0,75.53195
2017-09-16 01:30:00,242.0,246.88,239.88,239.88,86.92396
2017-09-16 01:45:00,239.74,246.29,235.03,246.27,127.72315
2017-09-16 02:00:00,242.09,248.59,241.88,247.48,123.65488
2017-09-16 02:15:00,252.8,254.0,247.62,250.62,44.02545
2017-09-16 02:30:00,247.7,253.88,242.58,250.7,86.06592
2017-09-16 02:45:00,250.69,250.69,243.55,243.9,20.35819
2017-09-16 03:00:00,243.9,249.5,242.56,249.5,129.10012
2017-09-16 03:15:00,249.48,254.97,247.86,248.5,113.95602
2017-09-16 03:30:00,248.5,257.0,248.5,257.0,37.16336
2017-09-16 03:45:00,257.92,260.0,257.92,259.01,106.18377
2017-09-16 04:00:00,259.01,260.01,255.04,255.06,130.51006
2017-09-16 04:15:00,260.0,260.0,255.3,255.46,8.0285
2017-09-16 04:30:00,255.46,260.5,255.46,257.12,20.81217
2017-09-16 04:45:00,257.41,258.88,255.5,256.53,27.44587
2017-09-16 05:00:00,256.7,260.5,255.48,258.23,67.73922
2017-09-16 05:15:00,259.37,263.0,255.48,262.99,227.86692
2017-09-16 05:30:00,259.13,262.97,259.12,260.0,62.00657
2017-09-16 05:45:00,262.38,263.4,258.55,261.26,50.15961
2017-09-16 06:00:00,263.39,263.39,259.11,259.16,18.80086
2017-09-16 06:15:00,259.16,261.68,255.51,255.52,70.28031
2017-09-16 06:30:00,255.51,258.95,255.51,255.53,27.98993
2017-09-16 06:45:00,255.53,259.99,255.47,259.95,24.36644
2017-09-16 07:00:00,255.51,259.95,255.47,255.47,204.39891
2017-09-16 07:15:00,255.47,255.5,252.85,252.88,128.45675
2017-09-16 07:30:00,254.67,261.89,252.86,253.07,74.21891
2017-09-16 07:45:00,259.97,259.97,253.0,253.0,35.63796
2017-09-16 08:00:00,255.99,255.99,250.0,250.0,106.32347
2017-09-16 08:15:00,258.92,259.55,253.73,255.04,66.1444
2017-09-16 08:30:00,254.08,261.95,254.07,261.95,78.66649
2017-09-16 08:45:00,257.0,261.96,257.0,261.96,73.24546
2017-09-16 09:00:00,261.95,262.0,257.36,257.36,98.24236
2017-09-16 09:15:00,257.44,261.88,257.35,260.94,108.62395
2017-09-16 09:30:00,260.92,264.0,260.57,264.0,113.58526
2017-09-16 09:45:00,264.0,269.99,262.14,267.0,247.28017
2017-09-16 10:00:00,267.0,269.99,265.5,266.34,127.24978
2017-09-16 10:15:00,266.2,269.98,266.2,266.55,206.87433
2017-09-16 10:30:00,266.6,269.99,264.02,264.02,167.9103
2017-09-16 10:45:00,264.97,265.25,261.35,261.58,112.74566
2017-09-16 11:00:00,261.55,269.0,257.18,262.0,146.28977
2017-09-16 11:15:00,258.31,259.8,258.0,258.99,89.50676
2017-09-16 11:30:00,258.03,258.99,256.01,258.94,92.26791
2017-09-16 11:45:00,258.94,259.07,257.61,259.0,143.95236
2017-09-16 12:00:00,258.99,260.0,257.62,258.88,99.27098
2017-09-16 12:15:00,258.92,262.0,258.92,259.01,71.93117
2017-09-16 12:30:00,260.8,262.9,258.0,262.86,60.29599
2017-09-16 12:45:00,262.86,262.86,259.26,262.85,10.11233
2017-09-16 13:00:00,261.01,265.61,261.0,265.61,182.07852
2017-09-16 13:15:00,265.22,271.81,264.43,264.43,233.14294
2017-09-16 13:30:00,265.72,271.81,264.43,268.0,144.21963
2017-09-16 13:45:00,265.55,269.0,260.0,260.5,487.65373
2017-09-16 14:00:00,259.21,262.89,259.21,262.88,264.62514
2017-09-16 14:15:00,262.88,265.0,259.99,260.0,243.50082
2017-09-16 14:30:00,259.0,264.78,256.0,261.0,130.91418
2017-09-16 14:45:00,261.0,263.0,260.53,260.53,61.7523
2017-09-16 15:00:00,260.53,264.86,260.53,261.5,58.80239
2017-09-16 15:15:00,264.16,265.6,261.03,261.03,204.77567
2017-09-16 15:30:00,261.07,264.98,261.07,262.0,61.96824
2017-09-16 15:45:00,262.0,264.93,261.21,263.55,13.23778
2017-09-16 16:00:00,263.55,264.95,263.0,263.01,35.2745
2017-09-16 16:15:00,263.01,267.0,263.0,266.99,172.48028
2017-09-16 16:30:00,266.99,268.01,263.08,265.0,195.84603
2017-09-16 16:45:00,265.0,268.72,265.0,265.0,101.04808
2017-09-16 17:00:00,264.99,267.0,263.16,265.0,91.38523
2017-09-16 17:15:00,263.16,264.55,263.08,263.08,81.67894
2017-09-16 17:30:00,263.08,263.83,260.13,261.3,79.77139
2017-09-16 17:45:00,261.3,263.74,255.0,256.0,257.24375
2017-09-16 18:00:00,256.0,257.96,249.0,250.93,311.46696
2017-09-16 18:15:00,248.05,251.0,247.69,248.01,132.80325
2017-09-16 18:30:00,248.0,249.99,235.51,243.02,732.08336
2017-09-16 18:45:00,241.94,243.01,236.02,240.0,209.10523
2017-09-16 19:00:00,241.0,250.0,236.11,249.22,188.616
2017-09-16 19:15:00,251.0,252.0,247.0,247.0,97.8635
2017-09-16 19:30:00,245.99,250.0,241.14,247.22,228.23183
2017-09-16 19:45:00,249.0,250.0,247.28,249.99,40.33307
2017-09-16 20:00:00,249.99,250.0,249.0,250.0,167.51709
2017-09-16 20:15:00,251.0,255.0,249.0,250.99,107.7436
2017-09-16 20:30:00,250.0,251.0,245.0,249.0,99.2047
2017-09-16 20:45:00,249.0,252.03,246.11,250.98,65.44807
2017-09-16 21:00:00,248.0,252.5,247.01,248.01,49.03185
2017-09-16 21:15:00,248.54,250.0,244.01,244.01,51.56144
2017-09-16 21:30:00,244.01,252.74,244.0,250.22,177.51819
2017-09-16 21:45:00,250.22,252.73,248.14,252.73,59.31054
2017-09-16 22:00:00,248.0,256.0,247.51,254.0,58.17352
2017-09-16 22:15:00,252.35,258.0,252.0,258.0,114.86134
2017-09-16 22:30:00,258.0,258.19,248.23,248.41,30.83835
2017-09-16 22:45:00,248.41,252.97,247.35,247.35,61.30729
2017-09-16 23:00:00,247.35,250.0,245.1,248.94,65.3711
2017-09-16 23:15:00,246.01,249.0,244.3,245.0,193.86045
2017-09-16 23:30:00,246.0,248.2,244.04,245.77,136.57285
2017-09-16 23:45:00,244.07,246.0,242.3,243.0,140.8176
2017-09-17 00:00:00,244.0,246.0,243.0,243.68,31.40849
2017-09-17 00:15:00,243.68,246.0,243.5,246.0,114.35595
2017-09-17 00:30:00,243.53,246.94,243.52,244.25,65.24131
2017-09-17 00:45:00,244.4,246.7,244.0,244.3,50.29324
2017-09-17 01:00:00,246.57,246.57,244.01,244.12,61.81226
2017-09-17 01:15:00,244.12,247.0,244.12,246.0,73.53054
2017-09-17 01:30:00,246.51,248.0,244.01,247.02,105.18307
2017-09-17 01:45:00,249.0,249.0,247.0,247.02,49.61367
2017-09-17 02:00:00,249.0,254.01,247.1,254.01,228.14865
2017-09-17 02:15:00,254.99,255.0,250.89,251.0,86.51508
2017-09-17 02:30:00,251.13,255.0,251.01,255.0,45.309
2017-09-17 02:45:00,255.0,257.0,250.9,253.01,40.1697
2017-09-17 03:00:00,253.04,255.0,251.29,251.49,22.08875
2017-09-17 03:15:00,255.0,256.0,251.59,252.06,15.27214
2017-09-17 03:30:00,252.06,252.06,250.89,250.89,26.86844
2017-09-17 03:45:00,250.89,253.0,246.28,246.62,8.26903
2017-09-17 04:00:00,252.26,252.5,246.95,248.33,13.46687
2017-09-17 04:15:00,248.68,253.0,248.68,249.6,12.36959
2017-09-17 04:30:00,249.6,252.0,249.08,252.0,10.51321
2017-09-17 04:45:00,252.77,254.0,249.58,253.0,3.26754
2017-09-17 05:00:00,250.09,250.36,250.0,250.0,29.21917
2017-09-17 05:15:00,249.0,250.0,245.75,248.32,67.6175
2017-09-17 05:30:00,248.32,250.0,247.24,248.15,60.4143
2017-09-17 05:45:00,248.15,254.0,248.15,252.0,47.45721
2017-09-17 06:00:00,252.0,253.0,248.32,250.1,13.88402
2017-09-17 06:15:00,250.0,254.98,248.3,252.41,89.70572
2017-09-17 06:30:00,252.0,253.5,251.99,252.05,54.21628
2017-09-17 06:45:00,252.05,254.0,252.0,254.0,15.48104
2017-09-17 07:00:00,254.0,256.0,251.47,256.0,3.85131
2017-09-17 07:15:00,251.52,251.62,250.12,250.12,7.96424
2017-09-17 07:30:00,250.12,254.82,249.11,249.12,38.98297
2017-09-17 07:45:00,249.12,252.0,249.12,249.31,28.0102
2017-09-17 08:00:00,249.32,252.54,249.11,249.11,34.1211
2017-09-17 08:15:00,249.11,252.42,249.11,249.12,69.01789
2017-09-17 08:30:00,249.12,251.06,249.11,249.11,51.0225
2017-09-17 08:45:00,249.11,249.11,249.11,249.11,0.0
2017-09-17 09:00:00,249.23,250.06,248.34,248.34,101.99992
2017-09-17 09:15:00,248.15,250.0,244.0,245.67,51.0126
2017-09-17 09:30:00,245.67,252.19,245.67,250.0,29.07438
2017-09-17 09:45:00,245.0,249.9,244.29,246.13,13.69073
2017-09-17 10:00:00,246.13,249.95,246.0,247.96,48.23771
2017-09-17 10:15:00,246.01,249.0,245.0,246.0,48.59637
2017-09-17 10:30:00,250.0,250.95,246.06,246.06,32.54324
2017-09-17 10:45:00,246.91,249.99,246.55,247.0,87.39963
2017-09-17 11:00:00,247.11,248.04,246.0,246.0,146.79753
2017-09-17 11:15:00,246.01,250.31,245.8,245.91,23.89162
2017-09-17 11:30:00,245.91,246.01,245.91,246.0,6.85146
2017-09-17 11:45:00,246.51,246.75,245.01,245.02,73.48816
2017-09-17 12:00:00,245.02,249.49,244.9,249.49,51.52425
2017-09-17 12:15:00,249.49,249.97,245.06,245.5,21.04462
2017-09-17 12:30:00,245.14,246.0,243.03,243.04,102.68826
2017-09-17 12:45:00,243.04,245.25,243.0,243.11,69.12422
2017-09-17 13:00:00,245.0,246.9,243.0,243.0,62.53266
2017-09-17 13:15:00,244.0,246.0,243.5,243.64,8.08283
2017-09-17 13:30:00,243.56,244.06,243.07,244.06,30.21435
2017-09-17 13:45:00,243.08,245.0,243.08,243.9,33.52811
2017-09-17 14:00:00,243.52,246.44,243.0,245.0,53.63341
2017-09-17 14:15:00,245.0,246.9,242.3,242.33,16.30107
2017-09-17 14:30:00,244.16,246.0,242.34,243.75,60.93958
2017-09-17 14:45:00,243.9,244.85,243.01,244.0,19.74941
2017-09-17 15:00:00,243.2,246.0,242.0,244.98,70.91066
2017-09-17 15:15:00,244.98,245.0,242.0,242.07,45.4395
2017-09-17 15:30:00,242.07,244.0,242.03,244.0,14.73066
2017-09-17 15:45:00,242.43,245.0,242.08,242.09,28.61255
2017-09-17 16:00:00,242.1,243.96,240.62,242.0,116.2877
2017-09-17 16:15:00,240.61,243.0,240.0,240.0,43.04255
2017-09-17 16:30:00,240.0,244.0,240.0,244.0,55.24951
2017-09-17 16:45:00,244.0,244.0,239.02,241.83,26.53038
2017-09-17 17:00:00,241.79,243.8,239.13,241.0,51.05386
2017-09-17 17:15:00,241.0,241.87,240.05,240.05,49.03505
2017-09-17 17:30:00,240.05,241.77,240.05,240.1,47.45448
2017-09-17 17:45:00,241.55,244.95,240.2,243.01,85.06144
2017-09-17 18:00:00,243.01,246.0,243.01,244.01,95.43961
2017-09-17 18:15:00,244.0,246.0,243.2,245.87,6.63718
2017-09-17 18:30:00,243.67,245.5,243.67,243.69,20.58147
2017-09-17 18:45:00,243.69,246.0,243.68,246.0,75.90052
2017-09-17 19:00:00,245.99,246.0,240.31,243.99,62.57818
2017-09-17 19:15:00,243.99,243.99,241.99,242.0,67.40942
2017-09-17 19:30:00,241.01,241.86,240.05,241.86,49.66773
2017-09-17 19:45:00,241.87,242.88,240.15,242.84,102.38156
2017-09-17 20:00:00,241.27,244.0,241.27,242.08,70.2911
2017-09-17 20:15:00,242.2,243.0,240.05,241.36,65.65531
2017-09-17 20:30:00,241.36,244.96,241.02,241.02,54.12491
2017-09-17 20:45:00,241.05,244.8,241.05,244.0,32.06936
2017-09-17 21:00:00,243.55,244.79,241.55,244.69,40.50294
2017-09-17 21:15:00,242.51,246.89,242.51,246.89,41.39728
2017-09-17 21:30:00,245.01,251.5,245.01,251.0,126.79639
2017-09-17 21:45:00,250.0,251.92,248.01,250.12,57.17701
2017-09-17 22:00:00,250.13,252.0,250.01,250.16,59.72744
2017-09-17 22:15:00,250.25,252.0,248.0,248.0,79.11846
2017-09-17 22:30:00,247.55,250.1,247.55,248.95,48.59873
2017-09-17 22:45:00,249.03,251.0,248.18,248.6,14.23965
2017-09-17 23:00:00,249.8,252.0,248.01,248.95,35.50244
2017-09-17 23:15:00,248.33,251.8,248.27,251.0,25.06495
2017-09-17 23:30:00,251.0,251.8,248.3,251.8,77.97177
2017-09-17 23:45:00,252.0,254.0,252.0,253.25,130.80871
2017-09-18 00:00:00,253.0,253.31,252.01,253.31,39.56775
2017-09-18 00:15:00,253.29,259.0,253.22,256.12,56.56949
2017-09-18 00:30:00,256.27,259.54,256.27,256.6,35.71097
2017-09-18 00:45:00,256.8,258.49,255.63,255.63,45.20284
2017-09-18 01:00:00,255.63,257.25,255.0,255.51,23.54764
2017-09-18 01:15:00,255.51,257.91,255.0,257.91,49.68905
2017-09-18 01:30:00,256.59,259.38,256.59,258.79,69.75181
2017-09-18 01:45:00,258.19,260.0,258.0,260.0,59.45956
2017-09-18 02:00:00,259.9,260.04,257.6,258.19,54.19406
2017-09-18 02:15:00,258.18,260.99,257.25,257.25,30.43465
2017-09-18 02:30:00,257.25,261.0,257.25,257.31,68.4937
2017-09-18 02:45:00,257.31,259.46,257.3,259.01,39.21425
2017-09-18 03:00:00,260.99,263.87,260.0,260.15,142.69318
2017-09-18 03:15:00,260.29,263.0,260.29,261.0,7.13671
2017-09-18 03:30:00,260.15,263.83,260.15,260.48,24.23242
2017-09-18 03:45:00,263.86,264.39,261.0,262.06,14.65195
2017-09-18 04:00:00,262.21,262.21,260.56,260.76,4.4994
2017-09-18 04:15:00,260.92,260.92,260.5,260.74,6.19533
2017-09-18 04:30:00,260.7,261.86,260.7,260.74,5.68625
2017-09-18 04:45:00,261.38,261.38,260.7,260.7,4.39168
2017-09-18 05:00:00,260.7,260.71,259.0,259.0,53.95612
2017-09-18 05:15:00,259.2,260.0,258.03,259.57,30.01961
2017-09-18 05:30:00,259.01,259.99,258.01,258.34,21.41374
2017-09-18 05:45:00,258.34,259.17,258.0,258.0,43.58602
2017-09-18 06:00:00,258.0,259.14,258.0,258.04,11.18102
2017-09-18 06:15:00,259.0,259.99,258.0,258.0,8.21289
2017-09-18 06:30:00,258.26,260.0,258.26,258.31,12.87527
2017-09-18 06:45:00,258.32,259.99,257.25,257.25,22.23351
2017-09-18 07:00:00,259.0,263.97,257.31,257.31,130.40137
2017-09-18 07:15:00,257.3,259.99,257.3,258.23,22.30427
2017-09-18 07:30:00,258.22,258.22,257.31,257.55,5.50005
2017-09-18 07:45:00,257.55,258.99,257.0,257.55,51.36874
2017-09-18 08:00:00,257.53,259.0,257.26,257.53,24.66699
2017-09-18 08:15:00,257.65,258.8,257.18,257.31,11.35982
2017-09-18 08:30:00,258.8,261.01,257.11,257.11,90.13908
2017-09-18 08:45:00,259.59,263.5,259.59,259.65,40.99087
2017-09-18 09:00:00,262.26,264.4,261.0,264.0,8.37331
2017-09-18 09:15:00,264.8,266.49,264.01,266.02,61.47595
2017-09-18 09:30:00,266.0,267.97,266.0,267.49,110.91794
2017-09-18 09:45:00,267.49,268.8,265.48,268.8,62.14775
2017-09-18 10:00:00,268.78,274.89,268.77,274.89,88.01158
2017-09-18 10:15:00,274.89,279.76,274.79,276.0,111.63715
2017-09-18 10:30:00,276.99,280.11,276.99,280.11,80.31559
2017-09-18 10:45:00,281.0,285.01,281.0,285.01,289.83311
2017-09-18 11:00:00,285.01,285.01,280.0,280.6,109.94697
2017-09-18 11:15:00,280.6,281.79,280.0,281.79,73.13299
2017-09-18 11:30:00,280.3,281.99,279.88,281.99,49.21494
2017-09-18 11:45:00,282.0,282.99,281.0,282.0,19.01281
2017-09-18 12:00:00,283.0,283.74,281.0,283.0,29.17157
2017-09-18 12:15:00,282.0,282.0,280.0,280.0,4.66522
2017-09-18 12:30:00,280.0,280.0,279.0,279.97,19.06337
2017-09-18 12:45:00,279.01,280.0,278.88,279.99,48.82426
2017-09-18 13:00:00,280.0,283.0,279.01,283.0,57.73864
2017-09-18 13:15:00,281.97,287.99,280.0,287.0,187.15104
2017-09-18 13:30:00,288.0,289.51,287.99,289.51,43.59394
2017-09-18 13:45:00,289.51,293.83,289.51,290.0,84.70898
2017-09-18 14:00:00,290.0,290.0,282.01,282.01,37.43071
2017-09-18 14:15:00,282.03,286.87,282.01,284.97,65.12327
2017-09-18 14:30:00,284.0,289.0,282.0,289.0,28.84459
2017-09-18 14:45:00,289.0,293.8,289.0,293.8,13.17132
2017-09-18 15:00:00,293.91,296.0,293.91,296.0,90.76341
2017-09-18 15:15:00,296.0,296.24,295.0,295.0,25.19392
2017-09-18 15:30:00,295.0,299.0,294.01,299.0,108.42034
2017-09-18 15:45:00,299.0,299.0,289.05,289.05,66.66317
2017-09-18 16:00:00,291.0,291.0,289.23,289.23,18.6588
2017-09-18 16:15:00,289.33,289.33,286.16,289.0,18.17806
2017-09-18 16:30:00,288.0,288.97,285.23,285.23,63.996
2017-09-18 16:45:00,286.19,287.4,285.17,285.99,20.54887
2017-09-18 17:00:00,286.0,289.69,286.0,289.69,46.66776
2017-09-18 17:15:00,288.01,289.69,286.25,286.27,19.59209
2017-09-18 17:30:00,285.23,286.0,279.61,281.06,80.99762
2017-09-18 17:45:00,284.99,286.0,281.06,284.97,21.7806
2017-09-18 18:00:00,285.0,286.0,284.02,286.0,18.20157
2017-09-18 18:15:00,284.01,284.01,281.01,281.01,9.84081
2017-09-18 18:30:00,281.0,282.91,281.0,282.87,1.15977
2017-09-18 18:45:00,283.0,284.23,283.0,284.21,11.12249
2017-09-18 19:00:00,286.0,288.0,286.0,288.0,18.81203
2017-09-18 19:15:00,288.0,288.01,288.0,288.01,6.40508
2017-09-18 19:30:00,288.87,288.89,288.87,288.89,7.42517
2017-09-18 19:45:00,288.91,288.91,288.88,288.88,45.8727
2017-09-18 20:00:00,288.88,292.38,288.8,292.38,49.29797
2017-09-18 20:15:00,292.38,294.0,292.12,294.0,36.0628
2017-09-18 20:30:00,293.99,300.0,293.99,294.1,301.25689
2017-09-18 20:45:00,300.99,301.51,297.09,298.17,16.43801
2017-09-18 21:00:00,298.17,301.0,298.17,300.99,26.40057
2017-09-18 21:15:00,300.0,306.22,300.0,302.22,72.01796
2017-09-18 21:30:00,302.28,303.97,300.1,300.24,114.21796
2017-09-18 21:45:00,300.24,303.77,299.84,299.84,228.56045
2017-09-18 22:00:00,297.03,297.32,297.03,297.32,11.7725
2017-09-18 22:15:00,297.31,299.61,297.13,297.13,18.02284
2017-09-18 22:30:00,297.13,297.13,291.19,291.2,20.41988
2017-09-18 22:45:00,291.21,292.0,291.19,291.2,186.28865
2017-09-18 23:00:00,291.2,291.2,285.16,287.0,129.39838
2017-09-18 23:15:00,287.0,289.97,285.06,289.97,79.20386
2017-09-18 23:30:00,289.97,293.0,289.97,293.0,32.76976
2017-09-18 23:45:00,294.0,294.0,290.82,290.87,47.61031
2017-09-19 00:00:00,290.11,290.11,290.11,290.11,0.11026
2017-09-19 00:15:00,290.11,290.11,285.1,288.0,11.5912
2017-09-19 00:30:00,288.0,288.0,288.0,288.0,0.0
2017-09-19 00:45:00,286.0,286.0,285.91,285.91,0.18303
2017-09-19 01:00:00,287.0,289.0,287.0,288.0,1.04504
2017-09-19 01:15:00,288.73,288.73,286.05,286.05,23.49853
2017-09-19 01:30:00,286.0,287.0,285.91,287.0,23.02
2017-09-19 01:45:00,288.0,289.0,288.0,289.0,17.04767
2017-09-19 02:00:00,289.46,293.87,289.46,293.87,17.27296
2017-09-19 02:15:00,292.0,292.0,292.0,292.0,0.02
2017-09-19 02:30:00,292.0,292.91,292.0,292.91,2.707
2017-09-19 02:45:00,292.91,292.91,292.91,292.91,0.0
2017-09-19 03:00:00,293.0,293.0,291.05,291.05,3.62984
2017-09-19 03:15:00,291.04,291.04,291.0,291.0,10.51116
2017-09-19 03:30:00,289.6,289.6,289.08,289.08,2.70259
2017-09-19 03:45:00,289.0,289.0,287.99,288.0,2.60646
2017-09-19 04:00:00,289.0,290.0,289.0,290.0,1.45945
2017-09-19 04:15:00,290.0,290.0,290.0,290.0,0.0
2017-09-19 04:30:00,290.0,290.0,290.0,290.0,0.0
2017-09-19 04:45:00,290.0,290.0,290.0,290.0,0.0
2017-09-19 05:00:00,290.0,290.0,290.0,290.0,0.00021
2017-09-19 05:15:00,290.01,290.02,290.0,290.02,13.48989
2017-09-19 05:30:00,290.02,291.74,290.02,291.73,24.77449
2017-09-19 05:45:00,292.0,292.6,291.73,291.73,3.57122
2017-09-19 06:00:00,292.6,293.0,292.6,293.0,2.92243
2017-09-19 06:15:00,293.0,296.0,293.0,295.0,20.20738
2017-09-19 06:30:00,295.0,295.0,293.03,295.0,2.0
2017-09-19 06:45:00,293.18,293.18,293.18,293.18,0.02764
2017-09-19 07:00:00,293.18,293.18,293.18,293.18,2.06744
2017-09-19 07:15:00,293.18,293.18,293.18,293.18,5.0558
2017-09-19 07:30:00,294.55,295.97,294.55,294.56,13.27801
2017-09-19 07:45:00,294.56,294.57,294.56,294.57,0.468
2017-09-19 08:00:00,294.57,294.57,294.57,294.57,0.0
2017-09-19 08:15:00,296.0,297.0,296.0,297.0,0.06425
2017-09-19 08:30:00,297.0,300.0,294.0,294.0,40.53282
2017-09-19 08:45:00,292.2,294.0,292.01,292.01,41.79307
2017-09-19 09:00:00,292.01,292.01,290.16,290.21,39.67633
2017-09-19 09:15:00,290.21,290.21,289.0,289.0,73.95322
2017-09-19 09:30:00,289.01,289.01,288.0,288.0,36.62519
2017-09-19 09:45:00,289.0,290.01,289.0,290.01,5.84563
2017-09-19 10:00:00,288.01,291.0,288.0,290.0,26.31367
2017-09-19 10:15:00,289.0,289.0,287.5,287.52,1.99491
2017-09-19 10:30:00,287.31,287.31,287.0,287.26,28.12522
2017-09-19 10:45:00,287.26,289.97,287.26,289.97,32.73786
2017-09-19 11:00:00,287.51,287.51,287.5,287.5,2.73573
2017-09-19 11:15:00,288.0,288.0,288.0,288.0,4.42613
2017-09-19 11:30:00,288.01,288.02,288.01,288.02,0.15951
2017-09-19 11:45:00,288.02,289.87,288.0,289.87,5.61532
2017-09-19 12:00:00,288.01,289.7,287.0,287.0,57.88277
2017-09-19 12:15:00,286.8,287.03,285.24,287.03,27.81444
2017-09-19 12:30:00,287.2,289.84,283.1,289.84,26.03146
2017-09-19 12:45:00,283.49,283.51,283.49,283.51,1.32436
2017-09-19 13:00:00,284.01,284.88,283.51,283.52,30.17726
2017-09-19 13:15:00,283.52,284.99,281.0,281.0,135.49098
2017-09-19 13:30:00,280.01,280.01,278.88,278.88,15.99773
2017-09-19 13:45:00,278.88,279.0,278.0,279.0,3.08927
2017-09-19 14:00:00,280.0,282.0,279.0,282.0,18.32731
2017-09-19 14:15:00,282.0,285.0,282.0,285.0,2.55252
2017-09-19 14:30:00,285.0,288.0,284.0,288.0,41.38395
2017-09-19 14:45:00,289.0,289.0,284.25,284.26,7.74062
2017-09-19 15:00:00,284.5,284.5,284.0,284.0,17.07137
2017-09-19 15:15:00,283.94,284.01,283.11,283.11,13.17468
2017-09-19 15:30:00,283.57,284.01,283.11,283.11,22.219
2017-09-19 15:45:00,283.11,283.14,277.41,277.41,29.22755
2017-09-19 16:00:00,279.65,282.94,279.65,282.94,11.49031
2017-09-19 16:15:00,283.0,284.0,283.0,284.0,3.86811
2017-09-19 16:30:00,285.0,285.0,282.99,283.98,91.21548
2017-09-19 16:45:00,283.96,283.96,283.96,283.96,9.89226
2017-09-19 17:00:00,283.0,283.51,282.13,283.51,4.58656
2017-09-19 17:15:00,283.95,285.84,282.46,285.84,17.62038
2017-09-19 17:30:00,283.38,285.88,283.38,285.88,8.30923
2017-09-19 17:45:00,285.88,289.87,285.88,289.87,2.01895
2017-09-19 18:00:00,286.07,286.35,286.06,286.35,5.37752
2017-09-19 18:15:00,286.0,290.0,283.52,290.0,13.05405
2017-09-19 18:30:00,284.48,289.63,284.48,286.06,45.92333
2017-09-19 18:45:00,286.11,290.99,286.11,290.16,9.21246
2017-09-19 19:00:00,289.01,294.99,289.01,290.18,10.57537
2017-09-19 19:15:00,290.24,294.99,290.24,290.43,22.20939
2017-09-19 19:30:00,290.44,290.44,289.0,289.0,90.991
2017-09-19 19:45:00,289.0,289.0,289.0,289.0,0.0
2017-09-19 20:00:00,286.0,288.98,286.0,288.0,23.98953
2017-09-19 20:15:00,288.0,290.0,288.0,290.0,18.98745
2017-09-19 20:30:00,289.42,289.82,289.42,289.82,6.7673
2017-09-19 20:45:00,289.5,290.0,287.11,289.02,18.26118
2017-09-19 21:00:00,289.07,290.0,289.0,289.0,24.75657
2017-09-19 21:15:00,288.51,289.0,287.13,287.13,12.956
2017-09-19 21:30:00,287.04,287.04,286.0,286.0,24.21205
2017-09-19 21:45:00,286.0,287.99,285.35,287.99,13.43458
2017-09-19 22:00:00,285.01,287.92,284.3,286.0,55.06496
2017-09-19 22:15:00,284.3,287.0,284.0,286.0,27.10528
2017-09-19 22:30:00,287.0,287.31,287.0,287.3,3.693
2017-09-19 22:45:00,287.15,287.15,287.15,287.15,8.6194
2017-09-19 23:00:00,285.3,287.0,285.0,286.0,10.72248
2017-09-19 23:15:00,284.84,289.0,284.84,289.0,9.84646
2017-09-19 23:30:00,289.0,289.0,289.0,289.0,0.0
2017-09-19 23:45:00,288.9,289.98,288.9,289.98,1.72157
2017-09-20 00:00:00,289.44,289.96,287.98,288.0,14.77178
2017-09-20 00:15:00,288.0,288.0,288.0,288.0,1.58529
2017-09-20 00:30:00,288.0,289.0,288.0,288.02,2.07696
2017-09-20 00:45:00,289.96,289.96,288.88,289.0,26.89075
2017-09-20 01:00:00,289.0,289.0,289.0,289.0,0.23634
2017-09-20 01:15:00,289.0,289.0,288.0,288.48,10.86469
2017-09-20 01:30:00,289.0,289.4,288.0,288.0,51.9014
2017-09-20 01:45:00,288.0,288.0,288.0,288.0,48.83075
2017-09-20 02:00:00,288.0,288.0,288.0,288.0,0.0
2017-09-20 02:15:00,288.0,288.0,288.0,288.0,0.0
2017-09-20 02:30:00,288.0,288.0,288.0,288.0,0.0
2017-09-20 02:45:00,289.0,289.63,286.0,286.0,10.5856
2017-09-20 03:00:00,286.1,287.12,286.0,286.0,10.5966
2017-09-20 03:15:00,284.11,284.11,284.1,284.1,41.49015
2017-09-20 03:30:00,284.1,284.1,282.02,282.02,16.91002
2017-09-20 03:45:00,282.0,282.0,282.0,282.0,0.028
2017-09-20 04:00:00,282.0,284.13,279.0,279.0,58.16222
2017-09-20 04:15:00,279.0,279.0,279.0,279.0,37.81668
2017-09-20 04:30:00,282.95,282.95,279.0,279.0,0.19933
2017-09-20 04:45:00,279.0,279.2,278.0,279.2,5.86983
2017-09-20 05:00:00,280.0,280.0,280.0,280.0,0.02
2017-09-20 05:15:00,281.96,281.96,281.01,281.01,1.46033
2017-09-20 05:30:00,281.01,281.01,280.0,280.0,0.43931
2017-09-20 05:45:00,280.0,280.0,280.0,280.0,0.0
2017-09-20 06:00:00,278.0,278.0,278.0,278.0,0.01764
2017-09-20 06:15:00,280.8,281.01,280.8,280.8,22.11
2017-09-20 06:30:00,280.0,282.0,280.0,282.0,0.04002
2017-09-20 06:45:00,279.97,279.97,279.97,279.97,0.426
2017-09-20 07:00:00,279.5,282.0,279.49,282.0,8.22259
2017-09-20 07:15:00,282.0,286.98,282.0,285.0,45.52325
2017-09-20 07:30:00,285.0,285.0,285.0,285.0,0.0
2017-09-20 07:45:00,284.11,284.12,284.0,284.0,56.24665
2017-09-20 08:00:00,284.01,284.01,283.0,283.89,13.52149
2017-09-20 08:15:00,283.63,283.83,283.63,283.83,0.63824
2017-09-20 08:30:00,283.88,284.0,283.85,283.85,7.66798
2017-09-20 08:45:00,283.85,283.85,283.85,283.85,0.34722
2017-09-20 09:00:00,283.85,283.85,281.99,281.99,0.15003
2017-09-20 09:15:00,283.96,284.96,281.01,281.01,38.41239
2017-09-20 09:30:00,281.2,283.0,280.08,280.08,80.94532
2017-09-20 09:45:00,282.81,282.81,280.0,280.0,3.08171
2017-09-20 10:00:00,280.0,281.71,280.0,281.0,17.8363
2017-09-20 10:15:00,281.68,284.0,281.68,284.0,18.2807
2017-09-20 10:30:00,281.87,281.87,281.87,281.87,0.4257
2017-09-20 10:45:00,281.87,281.87,281.0,281.0,2.118
2017-09-20 11:00:00,281.05,282.14,281.05,282.14,0.12568
2017-09-20 11:15:00,282.0,282.16,281.74,282.08,17.22054
2017-09-20 11:30:00,282.09,282.09,281.0,281.0,12.86813
2017-09-20 11:45:00,281.01,281.01,281.0,281.0,17.03907
2017-09-20 12:00:00,280.02,281.99,279.95,279.95,15.11131
2017-09-20 12:15:00,279.03,279.03,277.37,277.37,28.16935
2017-09-20 12:30:00,277.37,278.4,277.0,278.4,21.12596
2017-09-20 12:45:00,278.4,280.03,277.0,278.0,15.69
2017-09-20 13:00:00,277.01,277.01,277.0,277.0,4.61265
2017-09-20 13:15:00,277.88,278.0,277.0,277.0,10.74316
2017-09-20 13:30:00,275.91,278.49,275.91,278.49,16.1359
2017-09-20 13:45:00,279.0,280.92,279.0,280.03,3.31705
2017-09-20 14:00:00,280.0,280.0,280.0,280.0,2.09
2017-09-20 14:15:00,280.83,283.88,280.83,283.88,13.09587
2017-09-20 14:30:00,283.87,286.0,283.87,286.0,5.05752
2017-09-20 14:45:00,286.0,286.01,286.0,286.01,4.8992
2017-09-20 15:00:00,286.87,286.87,286.87,286.87,0.02753
2017-09-20 15:15:00,286.87,286.87,286.87,286.87,0.10469
2017-09-20 15:30:00,286.88,286.89,286.88,286.89,5.70761
2017-09-20 15:45:00,286.89,288.0,286.89,288.0,20.0
2017-09-20 16:00:00,286.09,286.09,286.0,286.01,18.27
2017-09-20 16:15:00,286.01,286.01,284.99,284.99,9.27693
2017-09-20 16:30:00,286.0,286.0,286.0,286.0,0.02
2017-09-20 16:45:00,286.0,286.91,285.0,285.0,7.28802
2017-09-20 17:00:00,285.0,285.0,285.0,285.0,1.0
2017-09-20 17:15:00,285.0,286.0,285.0,285.0,18.49563
2017-09-20 17:30:00,285.0,285.0,285.0,285.0,0.01972
2017-09-20 17:45:00,284.97,284.97,280.98,284.0,8.55
2017-09-20 18:00:00,284.0,284.0,284.0,284.0,0.0
2017-09-20 18:15:00,281.64,282.01,280.98,281.96,13.1534
2017-09-20 18:30:00,282.0,285.01,282.0,285.0,36.06758
2017-09-20 18:45:00,284.88,285.0,284.88,285.0,13.81077
2017-09-20 19:00:00,285.01,285.01,283.0,283.0,9.83087
2017-09-20 19:15:00,284.0,284.0,284.0,284.0,0.04
2017-09-20 19:30:00,284.11,284.11,284.1,284.1,11.412
2017-09-20 19:45:00,284.98,284.98,284.05,284.05,2.26771
2017-09-20 20:00:00,283.99,284.0,283.99,284.0,25.72959
2017-09-20 20:15:00,284.0,285.98,284.0,285.98,14.82901
2017-09-20 20:30:00,285.96,286.8,285.96,286.78,5.99903
2017-09-20 20:45:00,284.98,285.07,284.11,284.11,3.683
2017-09-20 21:00:00,284.05,286.0,284.0,285.0,25.67884
2017-09-20 21:15:00,285.0,285.97,285.0,285.97,1.988
2017-09-20 21:30:00,285.97,285.97,285.97,285.97,0.0
2017-09-20 21:45:00,284.99,289.0,284.98,289.0,54.06939
2017-09-20 22:00:00,288.88,292.0,288.88,292.0,124.97132
2017-09-20 22:15:00,293.0,293.76,290.0,292.0,10.19844
2017-09-20 22:30:00,292.0,294.0,290.02,293.0,12.427
2017-09-20 22:45:00,290.03,290.03,290.01,290.01,2.79038
2017-09-20 23:00:00,293.76,293.79,291.0,291.0,51.0
2017-09-20 23:15:00,291.0,291.0,291.0,291.0,1.91434
2017-09-20 23:30:00,292.0,292.0,292.0,292.0,1.02
2017-09-20 23:45:00,291.01,291.01,291.01,291.01,9.92403
2017-09-21 00:00:00,291.0,291.02,291.0,291.02,18.61113
2017-09-21 00:15:00,291.02,291.02,291.02,291.02,0.0
2017-09-21 00:30:00,291.02,291.02,291.02,291.02,0.0
2017-09-21 00:45:00,293.0,293.0,293.0,293.0,2.86446
2017-09-21 01:00:00,293.94,293.94,293.5,293.5,4.10637
2017-09-21 01:15:00,293.94,293.94,293.94,293.94,0.43113
2017-09-21 01:30:00,293.94,293.94,293.94,293.94,4.57341
2017-09-21 01:45:00,291.38,291.39,291.12,291.12,22.553
2017-09-21 02:00:00,291.0,291.0,291.0,291.0,0.02
2017-09-21 02:15:00,291.0,291.0,288.99,290.0,10.23352
2017-09-21 02:30:00,289.99,290.0,289.99,290.0,6.0
2017-09-21 02:45:00,290.0,292.0,290.0,292.0,4.466
2017-09-21 03:00:00,292.0,292.0,292.0,292.0,0.0
2017-09-21 03:15:00,292.0,292.0,292.0,292.0,3.43813
2017-09-21 03:30:00,290.01,290.01,288.99,288.99,7.58509
2017-09-21 03:45:00,288.0,288.0,288.0,288.0,0.02
2017-09-21 04:00:00,289.0,289.0,289.0,289.0,0.02747
2017-09-21 04:15:00,289.0,289.0,289.0,289.0,2.44234
2017-09-21 04:30:00,289.0,289.0,289.0,289.0,0.0
2017-09-21 04:45:00,288.0,289.0,287.99,289.0,7.06469
2017-09-21 05:00:00,288.99,289.0,288.99,288.99,11.31308
2017-09-21 05:15:00,288.0,288.0,288.0,288.0,0.02
2017-09-21 05:30:00,287.49,287.49,287.49,287.49,5.58257
2017-09-21 05:45:00,287.0,288.0,287.0,288.0,6.17846
2017-09-21 06:00:00,289.0,290.0,289.0,290.0,2.1668
2017-09-21 06:15:00,290.0,290.0,289.0,289.0,2.30227
2017-09-21 06:30:00,288.63,288.75,288.0,288.0,4.541
2017-09-21 06:45:00,288.0,288.0,288.0,288.0,1.0
2017-09-21 07:00:00,288.0,288.0,288.0,288.0,0.0
2017-09-21 07:15:00,287.05,289.0,285.99,286.26,23.74896
2017-09-21 07:30:00,286.01,286.01,282.0,282.0,16.98616
2017-09-21 07:45:00,282.0,282.0,282.0,282.0,0.0
2017-09-21 08:00:00,285.1,286.0,283.01,286.0,5.64107
2017-09-21 08:15:00,285.24,285.24,285.0,285.0,0.28
2017-09-21 08:30:00,285.5,285.5,282.14,282.14,31.40062
2017-09-21 08:45:00,282.02,282.02,280.18,281.0,28.36291
2017-09-21 09:00:00,282.0,282.99,282.0,282.99,2.41619
2017-09-21 09:15:00,282.99,282.99,282.99,282.99,0.0
2017-09-21 09:30:00,281.43,281.5,280.18,280.18,30.77411
2017-09-21 09:45:00,280.18,280.18,280.18,280.18,0.441
2017-09-21 10:00:00,281.49,283.0,281.49,283.0,17.59038
2017-09-21 10:15:00,284.98,284.98,282.5,282.5,20.88084
2017-09-21 10:30:00,282.01,284.61,282.0,282.0,7.07592
2017-09-21 10:45:00,281.99,282.0,281.99,282.0,8.30401
2017-09-21 11:00:00,283.0,284.25,283.0,284.25,0.64622
2017-09-21 11:15:00,283.0,283.0,283.0,283.0,0.02
2017-09-21 11:30:00,281.0,281.0,280.53,280.53,0.73318
2017-09-21 11:45:00,280.53,280.53,280.01,280.01,55.22053
2017-09-21 12:00:00,280.0,280.0,279.0,280.0,25.43783
2017-09-21 12:15:00,280.0,280.0,280.0,280.0,0.0
2017-09-21 12:30:00,281.0,282.0,281.0,282.0,0.06
2017-09-21 12:45:00,282.0,282.0,282.0,282.0,0.0
2017-09-21 13:00:00,282.0,282.0,282.0,282.0,0.0
2017-09-21 13:15:00,282.0,282.0,282.0,282.0,9.36979
2017-09-21 13:30:00,280.12,280.12,278.05,278.05,12.0
2017-09-21 13:45:00,281.97,282.99,278.07,280.9,24.1668
2017-09-21 14:00:00,281.0,282.99,281.0,282.99,14.25623
2017-09-21 14:15:00,282.98,282.98,282.98,282.98,1.3
2017-09-21 14:30:00,282.98,282.98,282.98,282.98,0.0
2017-09-21 14:45:00,283.0,283.0,281.03,281.34,8.88
2017-09-21 15:00:00,282.99,283.0,281.44,281.44,11.53817
2017-09-21 15:15:00,282.0,282.03,281.5,281.5,2.74639
2017-09-21 15:30:00,282.99,284.0,282.99,284.0,17.81583
2017-09-21 15:45:00,282.85,285.0,282.85,285.0,0.68935
2017-09-21 16:00:00,285.0,286.0,283.34,283.34,1.239
2017-09-21 16:15:00,283.34,283.34,283.34,283.34,0.0
2017-09-21 16:30:00,286.0,287.0,286.0,287.0,7.6939
2017-09-21 16:45:00,284.2,284.23,284.2,284.23,4.884
2017-09-21 17:00:00,284.0,285.0,283.43,285.0,4.92446
2017-09-21 17:15:00,284.31,284.4,283.0,283.02,25.2054
2017-09-21 17:30:00,283.02,283.02,282.2,282.2,10.4408
2017-09-21 17:45:00,282.2,283.79,282.1,283.0,42.25978
2017-09-21 18:00:00,283.0,283.0,282.1,282.1,41.19802
2017-09-21 18:15:00,282.1,282.1,282.09,282.1,6.98369
2017-09-21 18:30:00,282.1,282.1,282.1,282.1,0.0
2017-09-21 18:45:00,283.99,284.37,283.99,284.37,6.797
2017-09-21 19:00:00,284.36,284.36,284.36,284.36,0.07918
2017-09-21 19:15:00,284.36,284.36,284.36,284.36,0.0
2017-09-21 19:30:00,282.81,282.84,282.7,282.84,1.564
2017-09-21 19:45:00,282.71,282.83,282.71,282.83,1.454
2017-09-21 20:00:00,282.65,282.65,282.65,282.65,0.613
2017-09-21 20:15:00,282.65,282.65,282.2,282.2,30.91553
2017-09-21 20:30:00,282.49,284.08,282.3,282.31,8.22336
2017-09-21 20:45:00,282.31,283.1,282.31,283.1,4.28545
2017-09-21 21:00:00,282.41,282.45,282.3,282.31,4.954
2017-09-21 21:15:00,283.33,283.96,283.33,283.96,14.14072
2017-09-21 21:30:00,283.9,284.11,283.9,284.11,4.333
2017-09-21 21:45:00,282.8,284.11,280.04,282.0,63.98
2017-09-21 22:00:00,283.43,283.43,283.43,283.43,0.05
2017-09-21 22:15:00,283.43,283.43,283.43,283.43,0.0
2017-09-21 22:30:00,283.43,283.43,282.01,282.01,2.888
2017-09-21 22:45:00,282.01,282.01,278.0,278.0,48.91678
2017-09-21 23:00:00,278.0,279.37,277.02,279.0,15.01376
2017-09-21 23:15:00,277.14,277.14,268.88,272.0,181.83838
2017-09-21 23:30:00,272.0,272.0,266.0,266.36,60.55138
2017-09-21 23:45:00,267.12,270.95,265.5,267.02,102.58212
2017-09-22 00:00:00,270.77,270.8,265.5,265.5,60.35339
2017-09-22 00:15:00,265.5,266.81,265.0,265.0,53.39134
2017-09-22 00:30:00,265.0,265.0,263.0,263.02,39.13131
2017-09-22 00:45:00,264.77,266.57,264.74,266.57,6.20593
2017-09-22 01:00:00,265.01,269.0,265.0,265.0,35.31621
2017-09-22 01:15:00,266.0,268.79,266.0,266.1,33.03594
2017-09-22 01:30:00,266.1,266.1,263.02,263.02,23.96478
2017-09-22 01:45:00,263.01,265.0,263.01,264.0,12.77875
2017-09-22 02:00:00,264.0,264.0,263.0,263.0,17.67582
2017-09-22 02:15:00,264.0,266.0,264.0,266.0,16.00887
2017-09-22 02:30:00,265.86,265.87,264.85,264.85,2.733
2017-09-22 02:45:00,264.85,265.0,261.03,265.0,15.54933
2017-09-22 03:00:00,261.25,261.25,255.79,255.79,139.68445
2017-09-22 03:15:00,255.91,255.93,255.79,255.79,31.24186
2017-09-22 03:30:00,255.18,255.76,255.02,255.02,8.17644
2017-09-22 03:45:00,255.76,260.87,255.76,260.87,18.74046
2017-09-22 04:00:00,257.99,257.99,254.0,254.0,93.10708
2017-09-22 04:15:00,254.0,255.45,252.1,255.44,8.69601
2017-09-22 04:30:00,255.03,258.98,254.98,257.24,105.84298
2017-09-22 04:45:00,258.97,260.88,257.53,260.88,67.83842
2017-09-22 05:00:00,260.88,262.0,259.29,262.0,11.39098
2017-09-22 05:15:00,262.0,262.01,262.0,262.01,0.47774
2017-09-22 05:30:00,262.17,262.21,260.88,260.88,11.83631
2017-09-22 05:45:00,260.88,260.88,260.0,260.0,10.5
2017-09-22 06:00:00,260.0,260.0,260.0,260.0,0.0
2017-09-22 06:15:00,261.0,264.43,261.0,262.0,3.8088
2017-09-22 06:30:00,262.0,262.0,262.0,262.0,0.0
2017-09-22 06:45:00,263.0,263.0,260.27,260.27,2.12789
2017-09-22 07:00:00,260.0,262.3,260.0,261.0,4.70169
2017-09-22 07:15:00,259.0,259.0,256.43,256.43,14.02766
2017-09-22 07:30:00,257.99,259.0,257.99,258.0,1.18868
2017-09-22 07:45:00,258.0,258.0,256.0,257.0,26.96763
2017-09-22 08:00:00,258.0,259.0,258.0,259.0,0.04
2017-09-22 08:15:00,258.0,260.97,258.0,260.97,18.79615
2017-09-22 08:30:00,260.0,260.92,259.01,260.9,23.51305
2017-09-22 08:45:00,260.44,260.91,260.0,260.3,15.61883
2017-09-22 09:00:00,260.8,263.98,260.8,263.98,23.18029
2017-09-22 09:15:00,262.01,263.95,261.03,262.0,28.77854
2017-09-22 09:30:00,262.02,263.82,262.02,263.82,41.458
2017-09-22 09:45:00,261.94,261.94,261.94,261.94,2.28
2017-09-22 10:00:00,261.04,263.74,261.04,263.74,1.58764
2017-09-22 10:15:00,263.74,263.95,263.74,263.74,4.82751
2017-09-22 10:30:00,263.95,263.95,263.95,263.95,5.41007
2017-09-22 10:45:00,261.48,261.48,261.0,261.0,28.82335
2017-09-22 11:00:00,260.76,261.32,259.1,260.37,40.26338
2017-09-22 11:15:00,260.75,263.0,260.75,263.0,10.44924
2017-09-22 11:30:00,262.99,263.86,262.98,263.86,96.87467
2017-09-22 11:45:00,263.95,268.0,263.03,268.0,28.9988
2017-09-22 12:00:00,265.07,265.1,265.0,265.1,55.19728
2017-09-22 12:15:00,266.0,270.0,266.0,268.0,16.43447
2017-09-22 12:30:00,269.99,272.97,269.99,270.0,95.94928
2017-09-22 12:45:00,268.04,268.07,268.04,268.07,2.093
2017-09-22 13:00:00,268.1,268.12,268.08,268.09,25.25572
2017-09-22 13:15:00,268.08,268.86,267.0,267.0,37.14566
2017-09-22 13:30:00,267.0,267.0,267.0,267.0,1.80869
2017-09-22 13:45:00,267.0,267.0,267.0,267.0,0.0
2017-09-22 14:00:00,267.99,268.0,267.99,268.0,0.464
2017-09-22 14:15:00,267.09,267.09,267.09,267.09,9.99
2017-09-22 14:30:00,269.0,269.0,268.37,268.37,7.48859
2017-09-22 14:45:00,270.0,270.0,270.0,270.0,5.62725
2017-09-22 15:00:00,268.06,268.06,268.0,268.0,0.53724
2017-09-22 15:15:00,268.0,268.0,268.0,268.0,0.0
2017-09-22 15:30:00,266.99,266.99,266.0,266.0,0.0202
2017-09-22 15:45:00,267.0,267.82,263.32,263.32,13.9253
2017-09-22 16:00:00,263.32,263.33,263.0,263.0,12.439
2017-09-22 16:15:00,262.54,264.79,262.0,262.0,45.71829
2017-09-22 16:30:00,263.0,263.0,263.0,263.0,0.02
2017-09-22 16:45:00,259.17,263.25,259.17,262.55,3.86855
2017-09-22 17:00:00,262.01,262.01,259.23,259.23,3.589
2017-09-22 17:15:00,259.35,262.93,259.34,262.93,13.19
2017-09-22 17:30:00,262.93,262.93,259.25,259.25,3.55968
2017-09-22 17:45:00,262.0,262.74,259.23,259.23,27.27687
2017-09-22 18:00:00,259.23,259.23,259.23,259.23,0.0
2017-09-22 18:15:00,259.23,259.24,259.0,259.24,2.63964
2017-09-22 18:30:00,259.24,259.24,259.24,259.24,0.0
2017-09-22 18:45:00,258.87,258.87,258.0,258.0,14.2
2017-09-22 19:00:00,255.26,255.63,255.26,255.63,4.70441
2017-09-22 19:15:00,259.0,259.0,259.0,259.0,0.02
2017-09-22 19:30:00,260.0,261.69,256.0,256.0,84.44
2017-09-22 19:45:00,255.0,256.42,253.5,254.22,9.0502
2017-09-22 20:00:00,256.36,256.36,253.17,253.17,20.57781
2017-09-22 20:15:00,254.99,257.27,254.99,257.27,20.73511
2017-09-22 20:30:00,255.69,257.0,255.69,257.0,14.30195
2017-09-22 20:45:00,257.0,258.0,255.84,255.84,5.26029
2017-09-22 21:00:00,259.0,260.0,259.0,260.0,23.79759
2017-09-22 21:15:00,260.0,260.0,260.0,260.0,0.0
2017-09-22 21:30:00,259.59,259.59,255.0,255.02,7.81393
2017-09-22 21:45:00,255.02,255.02,255.02,255.02,0.0
2017-09-22 22:00:00,255.0,257.0,255.0,257.0,18.088
2017-09-22 22:15:00,258.81,261.0,257.99,261.0,28.07478
2017-09-22 22:30:00,262.0,262.01,261.0,261.0,12.88683
2017-09-22 22:45:00,258.88,261.01,257.0,258.0,119.03143
2017-09-22 23:00:00,259.0,259.0,259.0,259.0,0.02
2017-09-22 23:15:00,260.96,260.96,255.58,255.58,36.90369
2017-09-22 23:30:00,255.58,255.58,253.1,253.1,46.7043
2017-09-22 23:45:00,254.84,254.84,253.01,253.01,8.6455
2017-09-23 00:00:00,254.88,256.0,254.88,256.0,25.03728
2017-09-23 00:15:00,256.0,256.0,256.0,256.0,0.808
2017-09-23 00:30:00,256.0,256.0,256.0,256.0,0.0
2017-09-23 00:45:00,255.48,256.98,255.48,256.98,10.553
2017-09-23 01:00:00,255.28,255.28,255.28,255.28,6.91023
2017-09-23 01:15:00,255.01,255.49,255.0,255.49,23.633
2017-09-23 01:30:00,255.74,257.02,255.74,256.12,18.48989
2017-09-23 01:45:00,258.0,258.0,258.0,258.0,0.03697
2017-09-23 02:00:00,257.88,258.0,254.9,258.0,4.39786
2017-09-23 02:15:00,258.0,258.0,258.0,258.0,0.0
2017-09-23 02:30:00,258.0,258.0,258.0,258.0,0.0
2017-09-23 02:45:00,258.0,258.0,258.0,258.0,0.0
2017-09-23 03:00:00,258.0,259.0,258.0,259.0,0.12352
2017-09-23 03:15:00,259.0,259.0,259.0,259.0,0.0
2017-09-23 03:30:00,259.0,259.0,259.0,259.0,1.0
2017-09-23 03:45:00,259.0,259.99,259.0,259.99,15.8592
2017-09-23 04:00:00,259.99,260.0,259.98,260.0,21.39281
2017-09-23 04:15:00,261.0,261.01,261.0,261.01,1.373
2017-09-23 04:30:00,262.0,263.0,262.0,263.0,5.33962
2017-09-23 04:45:00,261.11,261.22,261.11,261.22,7.70305
2017-09-23 05:00:00,262.99,263.0,262.99,263.0,0.537
2017-09-23 05:15:00,263.0,263.0,261.1,261.1,34.5008
2017-09-23 05:30:00,261.1,261.1,261.0,261.0,11.49761
2017-09-23 05:45:00,260.99,262.0,260.96,262.0,15.70799
2017-09-23 06:00:00,262.98,263.0,262.98,263.0,9.50952
2017-09-23 06:15:00,263.0,263.0,263.0,263.0,0.0
2017-09-23 06:30:00,263.0,263.0,263.0,263.0,0.0
2017-09-23 06:45:00,260.0,261.01,259.5,259.5,1.6914
2017-09-23 07:00:00,262.0,262.0,262.0,262.0,0.04
2017-09-23 07:15:00,262.99,262.99,262.99,262.99,0.363
2017-09-23 07:30:00,262.99,266.61,262.99,264.0,17.6147
2017-09-23 07:45:00,264.0,264.0,264.0,264.0,0.0
2017-09-23 08:00:00,264.0,264.0,264.0,264.0,0.0
2017-09-23 08:15:00,259.99,259.99,259.99,259.99,0.55
2017-09-23 08:30:00,259.99,259.99,259.99,259.99,0.0
2017-09-23 08:45:00,261.98,263.99,260.83,261.14,16.992
2017-09-23 09:00:00,261.32,261.32,259.99,259.99,15.78315
2017-09-23 09:15:00,259.0,259.0,255.11,259.0,30.1239
2017-09-23 09:30:00,259.0,259.0,259.0,259.0,0.0
2017-09-23 09:45:00,255.62,255.62,255.61,255.61,29.7583
2017-09-23 10:00:00,259.99,260.0,259.99,260.0,0.478
2017-09-23 10:15:00,260.0,260.0,260.0,260.0,0.0
2017-09-23 10:30:00,259.97,260.0,259.96,260.0,30.46713
2017-09-23 10:45:00,261.0,262.0,261.0,262.0,0.70156
2017-09-23 11:00:00,262.0,262.0,262.0,262.0,0.0
2017-09-23 11:15:00,263.0,263.0,263.0,263.0,8.02
2017-09-23 11:30:00,263.0,263.0,263.0,263.0,2.63402
2017-09-23 11:45:00,263.0,263.0,263.0,263.0,0.0
2017-09-23 12:00:00,262.0,263.0,262.0,263.0,5.52
2017-09-23 12:15:00,263.98,265.0,263.97,265.0,21.22078
2017-09-23 12:30:00,266.0,267.0,266.0,267.0,0.86197
2017-09-23 12:45:00,266.0,266.98,261.34,266.6,22.78886
2017-09-23 13:00:00,267.0,268.0,267.0,268.0,8.63703
2017-09-23 13:15:00,268.0,268.0,266.09,266.09,17.21186
2017-09-23 13:30:00,266.0,266.0,265.96,265.96,2.041
2017-09-23 13:45:00,265.0,265.0,265.0,265.0,0.02
2017-09-23 14:00:00,266.0,266.77,266.0,266.44,2.526
2017-09-23 14:15:00,266.31,267.0,266.31,267.0,6.555
2017-09-23 14:30:00,267.91,268.0,267.0,267.0,11.8524
2017-09-23 14:45:00,266.97,267.51,266.97,267.5,3.8864
2017-09-23 15:00:00,267.5,267.5,266.0,266.0,8.32316
2017-09-23 15:15:00,266.0,266.0,266.0,266.0,0.0
2017-09-23 15:30:00,267.07,268.7,267.07,268.7,4.64994
2017-09-23 15:45:00,267.3,267.87,263.98,265.27,3.74148
2017-09-23 16:00:00,266.99,266.99,266.99,266.99,0.148
2017-09-23 16:15:00,267.0,268.95,267.0,268.95,40.79696
2017-09-23 16:30:00,268.72,268.74,268.0,268.74,4.5
2017-09-23 16:45:00,268.74,268.74,268.74,268.74,0.0
2017-09-23 17:00:00,268.95,269.0,268.95,269.0,0.02008
2017-09-23 17:15:00,269.07,269.1,269.0,269.06,10.61592
2017-09-23 17:30:00,270.0,271.0,270.0,271.0,19.8381
2017-09-23 17:45:00,270.8,270.99,270.0,270.99,17.10745
2017-09-23 18:00:00,270.72,271.5,270.72,271.5,4.228
2017-09-23 18:15:00,272.0,274.0,272.0,274.0,12.192
2017-09-23 18:30:00,274.0,275.04,274.0,275.03,11.68638
2017-09-23 18:45:00,276.0,278.01,273.43,275.0,16.53706
2017-09-23 19:00:00,279.0,279.0,279.0,279.0,1.53
2017-09-23 19:15:00,278.85,279.0,276.36,276.7,28.4685
2017-09-23 19:30:00,278.99,280.0,278.99,280.0,56.03026
2017-09-23 19:45:00,280.4,282.83,280.4,282.8,58.23865
2017-09-23 20:00:00,282.8,283.09,279.01,279.01,39.09919
2017-09-23 20:15:00,280.0,281.48,278.88,278.88,5.34
2017-09-23 20:30:00,279.0,280.0,278.99,280.0,2.02
2017-09-23 20:45:00,279.48,280.0,279.0,279.0,4.34661
2017-09-23 21:00:00,278.2,278.2,275.88,276.0,1.96
2017-09-23 21:15:00,277.0,277.0,275.55,275.55,2.612
2017-09-23 21:30:00,278.0,283.06,278.0,283.06,23.96867
2017-09-23 21:45:00,280.34,280.34,280.13,280.13,2.00247
2017-09-23 22:00:00,282.82,282.88,280.0,280.0,6.00114
2017-09-23 22:15:00,280.0,280.0,280.0,280.0,0.0
2017-09-23 22:30:00,280.0,280.0,280.0,280.0,0.0
2017-09-23 22:45:00,279.98,281.0,279.98,281.0,11.74594
2017-09-23 23:00:00,281.0,282.75,281.0,282.75,8.76241
2017-09-23 23:15:00,280.86,282.0,278.2,278.2,27.92231
2017-09-23 23:30:00,278.2,278.2,278.19,278.19,6.49267
2017-09-23 23:45:00,278.0,280.0,277.99,280.0,21.63
2017-09-24 00:00:00,278.21,279.2,277.07,277.08,57.58462
2017-09-24 00:15:00,278.04,279.31,277.09,278.89,50.91036
2017-09-24 00:30:00,278.89,280.87,278.89,280.16,107.72754
2017-09-24 00:45:00,280.16,281.65,280.04,280.94,125.21211
2017-09-24 01:00:00,281.0,282.35,280.94,281.33,88.86814
2017-09-24 01:15:00,281.62,282.35,281.61,282.35,28.46527
2017-09-24 01:30:00,282.35,283.0,281.49,283.0,71.62808
2017-09-24 01:45:00,282.99,282.99,281.48,281.48,43.18064
2017-09-24 02:00:00,281.5,282.45,281.48,281.94,46.25842
2017-09-24 02:15:00,281.94,282.9,279.56,279.56,30.6047
2017-09-24 02:30:00,279.54,280.73,279.54,279.54,32.46121
2017-09-24 02:45:00,279.54,280.25,278.07,279.44,36.70069
2017-09-24 03:00:00,279.98,279.98,279.98,279.98,0.025
2017-09-24 03:15:00,279.98,281.44,279.44,281.41,60.54793
2017-09-24 03:30:00,280.02,281.94,279.45,280.0,37.07766
2017-09-24 03:45:00,279.45,285.0,279.36,283.0,226.81573
2017-09-24 04:00:00,281.3,283.09,281.18,281.18,47.7679
2017-09-24 04:15:00,281.18,284.99,281.18,283.44,43.66615
2017-09-24 04:30:00,283.44,284.8,283.44,283.44,70.92248
2017-09-24 04:45:00,284.13,284.13,281.22,282.12,48.24516
2017-09-24 05:00:00,282.85,283.21,281.17,281.17,61.29817
2017-09-24 05:15:00,281.17,282.55,280.44,282.09,90.89821
2017-09-24 05:30:00,282.09,282.41,280.01,280.01,112.40233
2017-09-24 05:45:00,280.0,281.26,278.77,278.77,104.59965
2017-09-24 06:00:00,280.61,281.96,280.44,281.25,61.96618
2017-09-24 06:15:00,282.0,282.99,281.14,281.94,64.11595
2017-09-24 06:30:00,281.94,282.49,280.54,280.54,28.08861
2017-09-24 06:45:00,280.54,282.42,280.5,280.73,54.00224
2017-09-24 07:00:00,280.73,283.14,280.5,282.04,58.97224
2017-09-24 07:15:00,282.04,282.98,280.55,280.56,63.18407
2017-09-24 07:30:00,280.65,285.73,280.65,285.73,96.08846
2017-09-24 07:45:00,285.73,286.23,285.0,285.93,72.86511
2017-09-24 08:00:00,286.5,286.5,284.27,286.5,22.65345
2017-09-24 08:15:00,286.5,286.5,284.45,284.46,9.34362
2017-09-24 08:30:00,284.45,286.5,284.18,284.18,26.74695
2017-09-24 08:45:00,284.58,284.58,284.18,284.58,12.50329
2017-09-24 09:00:00,284.18,285.0,282.44,282.44,29.64237
2017-09-24 09:15:00,282.44,285.44,282.44,285.44,66.46426
2017-09-24 09:30:00,285.44,287.6,284.36,287.6,96.4635
2017-09-24 09:45:00,287.6,290.0,286.77,290.0,91.36375
2017-09-24 10:00:00,290.0,290.46,288.23,288.24,161.2094
2017-09-24 10:15:00,288.23,291.62,288.23,291.62,71.42912
2017-09-24 10:30:00,291.62,292.72,289.72,292.43,134.16149
2017-09-24 10:45:00,292.43,293.86,291.62,292.42,42.6031
2017-09-24 11:00:00,292.42,293.09,289.72,290.71,50.25801
2017-09-24 11:15:00,290.71,292.0,290.56,291.0,32.41688
2017-09-24 11:30:00,291.0,294.61,290.55,293.2,78.70305
2017-09-24 11:45:00,293.84,294.48,293.19,293.19,37.62015
2017-09-24 12:00:00,293.19,293.19,290.56,290.56,17.94299
2017-09-24 12:15:00,292.0,292.0,286.74,287.43,97.59316
2017-09-24 12:30:00,287.58,288.98,283.57,283.57,391.0213
2017-09-24 12:45:00,283.56,287.58,280.44,281.38,178.70559
2017-09-24 13:00:00,281.35,282.61,280.43,281.96,144.19285
2017-09-24 13:15:00,281.96,285.0,281.94,281.94,142.71226
2017-09-24 13:30:00,281.94,283.54,280.47,282.14,20.3862
2017-09-24 13:45:00,282.16,285.0,282.14,282.46,68.79075
2017-09-24 14:00:00,283.5,284.0,282.45,282.57,40.76061
2017-09-24 14:15:00,282.57,282.57,279.08,279.08,72.30058
2017-09-24 14:30:00,282.21,282.34,279.07,282.34,48.489
2017-09-24 14:45:00,282.34,282.97,278.77,278.77,119.25275
2017-09-24 15:00:00,278.77,278.99,275.37,275.37,75.03968
2017-09-24 15:15:00,276.58,277.78,275.0,275.0,64.74237
2017-09-24 15:30:00,275.0,277.69,275.0,277.69,53.05769
2017-09-24 15:45:00,277.69,279.0,276.56,278.5,82.42736
2017-09-24 16:00:00,278.95,282.0,278.5,280.43,127.73406
2017-09-24 16:15:00,281.07,281.89,280.0,280.42,59.81753
2017-09-24 16:30:00,281.54,281.54,278.6,280.34,51.49151
2017-09-24 16:45:00,280.34,281.0,278.98,278.98,58.55242
2017-09-24 17:00:00,278.45,279.88,278.0,278.0,144.05341
2017-09-24 17:15:00,278.42,279.08,278.36,278.37,52.95009
2017-09-24 17:30:00,278.37,279.78,278.36,278.36,15.52366
2017-09-24 17:45:00,279.29,279.88,277.95,278.65,73.98323
2017-09-24 18:00:00,278.65,279.88,278.45,278.45,34.68036
2017-09-24 18:15:00,278.45,281.54,278.45,281.44,61.59947
2017-09-24 18:30:00,280.24,281.44,280.2,280.2,27.31575
2017-09-24 18:45:00,280.2,280.56,278.5,278.5,28.39047
2017-09-24 19:00:00,278.5,280.06,278.45,279.26,69.19613
2017-09-24 19:15:00,279.0,281.55,278.45,280.46,38.99306
2017-09-24 19:30:00,280.46,282.62,280.46,282.24,54.93825
2017-09-24 19:45:00,282.24,282.95,280.4,280.47,47.83909
2017-09-24 20:00:00,280.51,282.88,280.4,282.88,26.02232
2017-09-24 20:15:00,281.0,282.94,280.56,282.54,30.62212
2017-09-24 20:30:00,280.8,282.0,280.52,280.52,28.46514
2017-09-24 20:45:00,282.91,283.0,280.53,283.0,94.20861
2017-09-24 21:00:00,282.44,286.04,282.44,285.74,146.68116
2017-09-24 21:15:00,287.0,288.0,285.74,288.0,87.85689
2017-09-24 21:30:00,288.0,288.18,287.5,287.77,21.04974
2017-09-24 21:45:00,287.51,288.09,287.22,287.22,58.79282
2017-09-24 22:00:00,288.09,288.09,283.94,284.54,88.85794
2017-09-24 22:15:00,285.0,285.98,284.0,284.0,14.57958
2017-09-24 22:30:00,283.0,285.99,282.47,282.47,33.94369
2017-09-24 22:45:00,282.47,285.07,282.44,283.95,64.97205
2017-09-24 23:00:00,283.95,284.42,282.44,283.37,72.7979
2017-09-24 23:15:00,283.88,285.58,283.34,285.15,96.6672
2017-09-24 23:30:00,283.52,287.45,283.52,287.45,63.91476
2017-09-24 23:45:00,287.7,287.7,284.83,284.84,40.36205
2017-09-25 00:00:00,285.5,287.0,285.0,286.26,47.24974
2017-09-25 00:15:00,287.14,287.14,286.29,287.13,13.04489
2017-09-25 00:30:00,286.23,287.14,284.79,284.79,61.66071
2017-09-25 00:45:00,284.79,284.79,284.79,284.79,0.0
2017-09-25 01:00:00,284.79,285.67,284.79,285.67,7.86693
2017-09-25 01:15:00,285.67,285.67,285.67,285.67,0.14248
2017-09-25 01:30:00,285.67,286.0,285.67,286.0,8.57184
2017-09-25 01:45:00,284.9,286.99,284.78,285.0,33.22753
2017-09-25 02:00:00,285.0,285.57,283.25,283.25,31.83965
2017-09-25 02:15:00,283.25,283.64,280.0,280.0,68.72267
2017-09-25 02:30:00,278.82,281.65,277.06,281.25,98.57445
2017-09-25 02:45:00,280.5,282.3,280.5,280.55,67.00125
2017-09-25 03:00:00,280.55,282.32,280.54,280.69,11.42126
2017-09-25 03:15:00,280.69,284.0,280.54,282.93,74.10693
2017-09-25 03:30:00,284.03,284.67,282.92,284.34,91.47943
2017-09-25 03:45:00,284.99,284.99,284.99,284.99,0.02
2017-09-25 04:00:00,285.0,285.56,284.04,284.05,23.79156
2017-09-25 04:15:00,284.0,284.05,282.97,283.28,42.52175
2017-09-25 04:30:00,283.09,284.03,283.01,283.01,6.33754
2017-09-25 04:45:00,283.62,285.55,282.92,283.0,22.09523
2017-09-25 05:00:00,282.93,285.52,282.92,282.92,31.51245
2017-09-25 05:15:00,283.35,285.34,283.35,284.83,56.48396
2017-09-25 05:30:00,284.83,285.22,282.35,284.43,33.94721
2017-09-25 05:45:00,284.43,284.43,284.43,284.43,8.939
2017-09-25 06:00:00,284.43,285.44,281.97,284.0,22.82584
2017-09-25 06:15:00,284.0,284.2,282.03,282.11,6.61935
2017-09-25 06:30:00,282.11,285.44,282.11,285.0,35.29641
2017-09-25 06:45:00,285.0,286.98,285.0,286.43,29.92749
2017-09-25 07:00:00,286.43,287.0,284.87,285.7,39.15127
2017-09-25 07:15:00,285.95,286.2,285.03,285.43,35.40797
2017-09-25 07:30:00,285.43,285.5,284.94,284.94,34.56625
2017-09-25 07:45:00,284.94,284.94,281.96,282.0,33.34119
2017-09-25 08:00:00,282.0,283.59,281.96,283.59,43.22283
2017-09-25 08:15:00,281.96,282.7,281.34,281.35,36.15953
2017-09-25 08:30:00,281.4,283.23,281.34,281.52,37.09114
2017-09-25 08:45:00,281.5,282.3,281.5,282.2,54.41338
2017-09-25 09:00:00,281.34,283.54,281.34,283.0,62.186
2017-09-25 09:15:00,283.0,283.86,283.0,283.14,16.9401
2017-09-25 09:30:00,283.14,283.85,281.61,281.61,40.86561
2017-09-25 09:45:00,281.61,283.1,281.35,281.35,14.3073
2017-09-25 10:00:00,281.35,283.21,281.34,282.99,44.37877
2017-09-25 10:15:00,282.99,290.11,282.99,289.01,335.4222
2017-09-25 10:30:00,289.01,290.6,288.01,288.02,123.80942
2017-09-25 10:45:00,288.32,290.8,285.03,287.53,124.17891
2017-09-25 11:00:00,287.53,288.95,286.78,287.83,60.22891
2017-09-25 11:15:00,288.17,288.45,285.4,285.4,89.2661
2017-09-25 11:30:00,286.99,288.87,285.33,286.94,30.15462
2017-09-25 11:45:00,286.94,287.0,285.32,285.32,31.31759
2017-09-25 12:00:00,285.02,289.08,285.02,287.62,97.63808
2017-09-25 12:15:00,289.08,291.0,289.08,291.0,88.19153
2017-09-25 12:30:00,290.86,291.3,289.34,289.34,80.32603
2017-09-25 12:45:00,290.11,291.19,289.33,290.85,63.80533
2017-09-25 13:00:00,290.8,290.85,289.68,289.68,35.22461
2017-09-25 13:15:00,290.0,291.0,287.65,287.73,66.88789
2017-09-25 13:30:00,288.67,289.59,287.35,287.35,49.12367
2017-09-25 13:45:00,287.36,289.5,287.35,288.44,44.56543
2017-09-25 14:00:00,288.44,289.58,286.47,286.53,40.81291
2017-09-25 14:15:00,286.55,289.59,286.55,289.58,75.4832
2017-09-25 14:30:00,286.66,289.56,286.66,287.94,57.26786
2017-09-25 14:45:00,287.94,289.4,286.53,288.44,50.06984
2017-09-25 15:00:00,288.73,289.4,288.44,288.45,31.17095
2017-09-25 15:15:00,289.4,289.54,288.0,288.0,63.20877
2017-09-25 15:30:00,287.94,288.97,287.94,288.24,59.5746
2017-09-25 15:45:00,288.24,289.56,288.24,289.5,67.32768
2017-09-25 16:00:00,289.5,290.52,288.44,290.13,81.96999
2017-09-25 16:15:00,289.93,290.9,288.19,288.19,61.68746
2017-09-25 16:30:00,288.19,289.27,288.02,288.39,43.40141
2017-09-25 16:45:00,288.39,289.24,288.39,288.46,33.58998
2017-09-25 17:00:00,288.56,288.92,288.44,288.44,26.26157
2017-09-25 17:15:00,288.44,289.34,288.44,288.44,61.56028
2017-09-25 17:30:00,288.44,289.2,287.94,288.14,49.24418
2017-09-25 17:45:00,288.14,289.2,287.97,287.97,45.01046
2017-09-25 18:00:00,288.45,289.28,287.95,287.95,46.93299
2017-09-25 18:15:00,287.95,289.19,287.94,288.01,10.34186
2017-09-25 18:30:00,288.01,289.19,287.94,287.94,52.23226
2017-09-25 18:45:00,289.0,289.71,287.94,289.59,77.55949
2017-09-25 19:00:00,289.58,290.9,288.98,288.99,49.76372
2017-09-25 19:15:00,288.99,289.42,288.02,288.02,98.51117
2017-09-25 19:30:00,288.02,289.53,287.06,289.53,35.02855
2017-09-25 19:45:00,289.53,289.53,287.19,288.13,82.8437
2017-09-25 20:00:00,288.0,289.53,287.19,288.89,70.51869
2017-09-25 20:15:00,288.89,289.2,287.6,287.6,75.24424
2017-09-25 20:30:00,287.6,288.2,287.0,287.0,73.81621
2017-09-25 20:45:00,287.0,289.24,287.0,288.84,41.00478
2017-09-25 21:00:00,288.84,289.49,287.95,288.07,20.17923
2017-09-25 21:15:00,288.07,289.52,287.96,289.5,62.45764
2017-09-25 21:30:00,289.5,289.59,288.0,288.1,61.11449
2017-09-25 21:45:00,289.59,289.59,288.09,288.69,134.73164
2017-09-25 22:00:00,288.69,288.69,288.01,288.02,34.55856
2017-09-25 22:15:00,288.09,294.62,288.03,294.62,79.44797
2017-09-25 22:30:00,294.63,297.12,293.16,295.14,183.21597
2017-09-25 22:45:00,295.0,296.96,294.13,295.72,126.36299
2017-09-25 23:00:00,296.0,296.0,293.09,294.59,80.92211
2017-09-25 23:15:00,293.1,294.6,293.09,293.88,92.91
2017-09-25 23:30:00,293.09,294.8,293.03,294.8,46.37746
2017-09-25 23:45:00,294.97,296.0,294.83,295.0,72.58835
2017-09-26 00:00:00,295.06,299.0,295.0,297.05,219.13174
2017-09-26 00:15:00,297.28,297.28,293.1,293.1,116.94518
2017-09-26 00:30:00,293.03,296.2,293.03,296.0,74.20089
2017-09-26 00:45:00,295.52,296.88,293.03,293.03,84.76175
2017-09-26 01:00:00,293.03,294.33,293.03,294.3,57.07939
2017-09-26 01:15:00,294.32,294.33,291.25,294.0,56.6133
2017-09-26 01:30:00,291.25,293.0,291.03,292.68,44.76305
2017-09-26 01:45:00,292.68,293.34,291.04,292.69,19.21936
2017-09-26 02:00:00,292.69,292.69,292.68,292.68,21.4378
2017-09-26 02:15:00,292.68,293.76,291.03,293.32,72.48665
2017-09-26 02:30:00,293.32,294.18,293.32,293.32,85.25894
2017-09-26 02:45:00,293.32,294.18,293.32,293.53,71.24723
2017-09-26 03:00:00,293.53,293.53,291.54,292.76,36.64834
2017-09-26 03:15:00,292.74,294.62,292.74,294.42,90.7277
2017-09-26 03:30:00,294.42,294.92,293.15,293.2,18.21883
2017-09-26 03:45:00,293.23,296.01,293.15,294.43,26.07242
2017-09-26 04:00:00,294.47,295.99,294.42,295.23,22.11701
2017-09-26 04:15:00,295.04,295.24,294.42,295.13,39.58483
2017-09-26 04:30:00,295.81,297.51,294.67,296.82,81.37372
2017-09-26 04:45:00,296.37,297.0,294.76,295.57,28.16251
2017-09-26 05:00:00,295.57,296.82,295.53,295.54,40.20231
2017-09-26 05:15:00,295.0,296.68,294.63,295.0,14.3133
2017-09-26 05:30:00,294.74,296.35,294.62,296.34,25.30043
2017-09-26 05:45:00,296.65,296.68,295.12,296.68,29.91255
2017-09-26 06:00:00,296.67,296.67,295.22,295.59,51.47141
2017-09-26 06:15:00,295.61,296.61,295.32,295.32,23.04895
2017-09-26 06:30:00,295.82,296.56,294.92,296.56,9.93997
2017-09-26 06:45:00,296.52,296.52,294.52,294.52,22.15027
2017-09-26 07:00:00,294.58,295.14,294.48,294.55,12.12753
2017-09-26 07:15:00,295.08,295.15,294.43,294.43,59.66158
2017-09-26 07:30:00,294.44,295.15,293.01,293.01,62.13634
2017-09-26 07:45:00,293.0,295.15,292.81,294.42,28.15488
2017-09-26 08:00:00,294.42,294.45,294.42,294.43,6.03929
2017-09-26 08:15:00,294.43,294.82,294.42,294.63,35.18025
2017-09-26 08:30:00,294.57,295.15,294.55,295.15,9.13522
2017-09-26 08:45:00,296.0,296.38,294.57,294.61,35.09514
2017-09-26 09:00:00,294.51,295.32,294.51,294.51,9.87356
2017-09-26 09:15:00,294.51,296.36,294.51,295.26,65.50226
2017-09-26 09:30:00,295.26,296.81,295.26,295.27,67.04899
2017-09-26 09:45:00,295.27,296.14,295.0,295.0,44.73211
2017-09-26 10:00:00,295.5,296.77,295.0,295.01,61.54891
2017-09-26 10:15:00,295.01,295.95,295.01,295.01,60.73239
2017-09-26 10:30:00,295.01,296.68,295.01,295.15,18.24455
2017-09-26 10:45:00,295.96,296.69,295.23,295.53,72.6548
2017-09-26 11:00:00,296.06,296.69,295.53,295.53,41.44558
2017-09-26 11:15:00,295.53,295.53,295.09,295.09,50.98426
2017-09-26 11:30:00,295.32,295.32,294.17,294.25,47.18356
2017-09-26 11:45:00,294.1,294.1,291.25,291.26,207.97658
2017-09-26 12:00:00,291.51,295.47,291.29,293.74,87.0283
2017-09-26 12:15:00,293.74,295.47,293.05,294.5,64.72859
2017-09-26 12:30:00,294.5,294.5,292.95,292.96,73.63391
2017-09-26 12:45:00,293.01,294.5,292.95,292.95,23.70177
2017-09-26 13:00:00,292.95,293.48,292.38,292.38,80.21519
2017-09-26 13:15:00,292.0,292.0,289.43,291.0,36.64242
2017-09-26 13:30:00,289.45,292.6,288.0,290.0,70.54138
2017-09-26 13:45:00,288.07,290.53,287.94,287.94,30.19151
2017-09-26 14:00:00,287.94,290.25,287.94,289.82,71.60793
2017-09-26 14:15:00,289.93,290.57,289.82,290.57,48.35599
2017-09-26 14:30:00,290.08,290.57,288.01,290.09,38.58008
2017-09-26 14:45:00,290.09,292.59,290.09,290.25,13.85065
2017-09-26 15:00:00,290.25,291.99,290.25,290.25,37.10343
2017-09-26 15:15:00,290.25,290.25,290.25,290.25,0.0
2017-09-26 15:30:00,291.45,292.5,290.09,292.5,41.57025
2017-09-26 15:45:00,292.6,294.0,291.45,293.5,67.5422
2017-09-26 16:00:00,293.0,293.5,291.56,292.2,39.28531
2017-09-26 16:15:00,292.76,293.9,290.0,291.0,72.79836
2017-09-26 16:30:00,291.9,292.93,289.56,292.76,31.47401
2017-09-26 16:45:00,292.89,292.9,290.04,292.06,39.09318
2017-09-26 17:00:00,292.06,292.5,291.53,291.53,21.01237
2017-09-26 17:15:00,291.53,292.95,290.06,291.04,35.38182
2017-09-26 17:30:00,291.03,291.52,290.05,290.05,37.17327
2017-09-26 17:45:00,292.0,292.39,290.05,291.43,48.62542
2017-09-26 18:00:00,292.78,292.78,291.03,291.08,52.50986
2017-09-26 18:15:00,291.86,292.79,291.03,292.79,88.06591
2017-09-26 18:30:00,292.79,294.52,292.24,294.04,82.70441
2017-09-26 18:45:00,294.04,294.99,292.23,292.25,51.58244
2017-09-26 19:00:00,292.27,293.6,290.0,292.45,135.9652
2017-09-26 19:15:00,292.45,293.6,292.43,292.47,55.57239
2017-09-26 19:30:00,292.47,293.63,292.43,293.63,79.99765
2017-09-26 19:45:00,293.63,294.1,292.82,292.82,51.28921
2017-09-26 20:00:00,292.82,295.52,292.82,294.42,88.63211
2017-09-26 20:15:00,294.42,294.94,294.42,294.42,7.74808
2017-09-26 20:30:00,294.43,294.9,292.82,293.13,48.8706
2017-09-26 20:45:00,293.13,293.93,293.13,293.5,41.18271
2017-09-26 21:00:00,292.0,293.93,291.3,292.23,36.25194
2017-09-26 21:15:00,293.92,293.92,292.23,292.23,16.78275
2017-09-26 21:30:00,292.24,293.02,291.2,291.21,50.9534
2017-09-26 21:45:00,291.2,292.42,289.54,291.25,64.17873
2017-09-26 22:00:00,291.0,292.06,291.0,292.06,37.07193
2017-09-26 22:15:00,291.25,291.5,289.89,291.42,48.99778
2017-09-26 22:30:00,291.71,292.03,291.03,291.93,54.84248
2017-09-26 22:45:00,291.93,291.93,291.93,291.93,5.54842
2017-09-26 23:00:00,292.06,292.42,290.01,290.7,88.02761
2017-09-26 23:15:00,291.26,291.27,289.58,289.59,42.42191
2017-09-26 23:30:00,289.59,291.56,289.56,289.67,27.68171
2017-09-26 23:45:00,289.71,290.45,289.53,289.54,61.9602
2017-09-27 00:00:00,289.54,291.0,289.53,289.91,77.82117
2017-09-27 00:15:00,289.9,289.9,289.44,289.84,83.25751
2017-09-27 00:30:00,289.0,289.0,287.06,288.33,73.12435
2017-09-27 00:45:00,288.51,288.68,286.46,287.45,92.47067
2017-09-27 01:00:00,287.45,289.14,287.45,289.14,8.56762
2017-09-27 01:15:00,289.14,289.54,289.14,289.53,4.801
2017-09-27 01:30:00,289.53,289.59,289.53,289.53,52.87017
2017-09-27 01:45:00,289.53,289.53,289.14,289.14,20.49565
2017-09-27 02:00:00,289.14,289.63,287.45,289.33,39.68911
2017-09-27 02:15:00,289.33,289.33,287.45,288.58,26.86823
2017-09-27 02:30:00,289.25,289.25,288.58,288.6,51.31136
2017-09-27 02:45:00,288.6,288.6,288.6,288.6,0.045
2017-09-27 03:00:00,289.25,289.25,288.3,288.55,36.53122
2017-09-27 03:15:00,288.55,289.13,288.44,288.45,41.2794
2017-09-27 03:30:00,289.1,289.1,287.94,287.94,49.36878
2017-09-27 03:45:00,287.94,289.0,287.0,287.55,16.566
2017-09-27 04:00:00,287.55,289.51,287.54,287.54,33.14492
2017-09-27 04:15:00,287.77,289.7,286.24,289.7,59.4761
2017-09-27 04:30:00,286.5,288.94,286.5,287.7,77.66858
2017-09-27 04:45:00,287.84,289.01,287.84,287.92,20.61424
2017-09-27 05:00:00,288.46,289.55,287.92,289.55,41.91104
2017-09-27 05:15:00,289.59,289.59,289.59,289.59,0.027
2017-09-27 05:30:00,289.59,290.48,289.34,289.44,33.69399
2017-09-27 05:45:00,289.44,290.23,289.44,289.45,6.51906
2017-09-27 06:00:00,289.45,289.45,289.45,289.45,2.91792
2017-09-27 06:15:00,289.52,290.99,289.45,289.45,22.81983
2017-09-27 06:30:00,289.45,290.21,289.0,289.44,61.88555
2017-09-27 06:45:00,289.44,289.73,287.87,289.45,104.41423
2017-09-27 07:00:00,289.45,289.99,287.9,288.01,7.27129
2017-09-27 07:15:00,289.98,290.02,289.46,290.02,26.46771
2017-09-27 07:30:00,289.46,290.02,287.85,289.92,41.03664
2017-09-27 07:45:00,289.92,289.97,287.85,287.9,89.63848
2017-09-27 08:00:00,289.91,289.91,287.64,287.64,115.15133
2017-09-27 08:15:00,287.57,289.43,287.56,289.43,79.44329
2017-09-27 08:30:00,289.69,290.02,287.7,289.38,42.31593
2017-09-27 08:45:00,289.38,290.5,289.38,290.12,24.1591
2017-09-27 09:00:00,290.09,291.28,289.37,289.39,40.2245
2017-09-27 09:15:00,291.0,291.0,289.37,289.37,28.82328
2017-09-27 09:30:00,289.37,291.0,287.69,291.0,26.84978
2017-09-27 09:45:00,287.72,289.41,287.56,287.56,27.81844
2017-09-27 10:00:00,287.56,288.59,286.13,286.32,46.45733
2017-09-27 10:15:00,287.54,289.0,287.54,287.54,42.51067
2017-09-27 10:30:00,287.54,289.0,286.2,288.43,36.85229
2017-09-27 10:45:00,288.43,289.98,287.7,287.78,42.50934
2017-09-27 11:00:00,287.78,291.0,287.78,289.44,29.45605
2017-09-27 11:15:00,289.78,291.0,289.44,289.44,42.24347
2017-09-27 11:30:00,290.25,291.3,289.44,290.93,36.49617
2017-09-27 11:45:00,291.31,292.0,290.93,291.02,36.59784
2017-09-27 12:00:00,291.02,292.0,291.01,291.01,21.94376
2017-09-27 12:15:00,291.01,292.88,291.01,291.63,69.33548
2017-09-27 12:30:00,291.63,292.8,291.43,291.53,63.8925
2017-09-27 12:45:00,291.53,292.88,291.53,291.54,77.12471
2017-09-27 13:00:00,291.54,292.21,291.54,291.54,22.69664
2017-09-27 13:15:00,291.54,292.21,289.44,291.6,46.2273
2017-09-27 13:30:00,291.6,291.6,291.6,291.6,7.28254
2017-09-27 13:45:00,291.0,291.0,291.0,291.0,1.49569
2017-09-27 14:00:00,291.0,292.0,290.28,290.28,22.73894
2017-09-27 14:15:00,290.28,291.15,290.28,290.28,27.24644
2017-09-27 14:30:00,290.29,291.0,289.73,290.1,18.72732
2017-09-27 14:45:00,290.06,290.52,289.73,290.03,46.32367
2017-09-27 15:00:00,290.03,290.58,290.03,290.03,41.26896
2017-09-27 15:15:00,290.03,291.02,290.03,290.3,52.26795
2017-09-27 15:30:00,291.0,291.0,289.42,289.42,28.52786
2017-09-27 15:45:00,289.42,291.0,289.42,291.0,5.01225
2017-09-27 16:00:00,289.45,290.58,289.42,290.12,61.52362
2017-09-27 16:15:00,290.12,291.0,287.78,289.52,78.54832
2017-09-27 16:30:00,290.32,291.0,289.63,289.64,45.13933
2017-09-27 16:45:00,289.64,291.0,289.64,289.64,31.23402
2017-09-27 17:00:00,290.5,291.0,289.63,290.42,36.53356
2017-09-27 17:15:00,290.71,291.69,289.55,289.75,60.38143
2017-09-27 17:30:00,291.6,291.69,290.0,291.69,29.911
2017-09-27 17:45:00,291.69,291.69,290.0,290.03,22.3535
2017-09-27 18:00:00,290.04,294.89,290.04,294.89,87.39263
2017-09-27 18:15:00,294.89,297.0,294.02,296.0,123.02641
2017-09-27 18:30:00,295.59,296.88,295.0,295.51,49.68615
2017-09-27 18:45:00,295.67,297.0,295.0,297.0,91.1313
2017-09-27 19:00:00,295.92,299.0,295.71,297.24,111.78959
2017-09-27 19:15:00,297.24,298.0,295.71,295.71,56.62468
2017-09-27 19:30:00,295.72,298.0,295.71,297.21,295.15067
2017-09-27 19:45:00,297.0,297.21,295.71,295.77,79.9082
2017-09-27 20:00:00,295.71,297.42,295.1,296.43,90.56001
2017-09-27 20:15:00,297.27,299.04,295.91,296.5,108.75208
2017-09-27 20:30:00,296.75,297.0,295.0,296.3,93.96329
2017-09-27 20:45:00,296.3,297.3,296.12,296.12,93.68828
2017-09-27 21:00:00,296.75,297.37,295.74,295.74,52.56154
2017-09-27 21:15:00,296.0,296.9,295.0,295.61,33.50424
2017-09-27 21:30:00,295.61,296.0,294.02,294.02,95.53781
2017-09-27 21:45:00,294.02,297.99,294.02,294.5,81.09282
2017-09-27 22:00:00,294.5,297.0,294.5,295.91,78.99819
2017-09-27 22:15:00,296.43,297.49,295.91,297.0,21.32425
2017-09-27 22:30:00,297.49,300.5,295.91,298.0,279.22199
2017-09-27 22:45:00,296.22,299.0,296.22,298.8,60.2859
2017-09-27 23:00:00,298.8,300.1,298.0,298.56,81.45569
2017-09-27 23:15:00,298.57,303.49,298.56,302.63,84.23247
2017-09-27 23:30:00,302.63,302.63,298.68,298.68,52.13068
2017-09-27 23:45:00,298.68,302.11,298.68,298.68,46.53575
2017-09-28 00:00:00,299.84,300.5,298.28,298.28,36.53906
2017-09-28 00:15:00,299.14,300.5,297.44,299.11,71.32813
2017-09-28 00:30:00,299.56,300.5,297.44,298.71,45.53732
2017-09-28 00:45:00,298.71,300.0,297.01,299.0,34.57855
2017-09-28 01:00:00,299.0,300.0,297.01,300.0,51.03419
2017-09-28 01:15:00,298.41,300.22,297.02,300.22,21.16386
2017-09-28 01:30:00,300.22,300.22,299.59,299.59,10.74048
2017-09-28 01:45:00,299.0,299.21,297.23,298.44,13.74426
2017-09-28 02:00:00,298.41,300.7,298.41,300.7,27.69559
2017-09-28 02:15:00,300.4,302.63,298.41,301.57,72.25643
2017-09-28 02:30:00,302.5,303.5,301.57,301.57,74.4442
2017-09-28 02:45:00,301.58,304.89,301.57,304.59,91.7321
2017-09-28 03:00:00,304.75,304.89,301.57,303.05,95.51317
2017-09-28 03:15:00,303.53,305.0,303.05,305.0,69.5005
2017-09-28 03:30:00,304.59,306.8,304.59,306.66,55.91888
2017-09-28 03:45:00,306.66,309.39,306.66,308.64,106.47742
2017-09-28 04:00:00,308.64,308.64,306.0,306.18,60.47481
2017-09-28 04:15:00,306.0,307.66,304.89,305.8,70.74478
2017-09-28 04:30:00,306.4,308.07,305.72,307.49,50.79571
2017-09-28 04:45:00,307.49,308.32,307.49,308.0,18.03341
2017-09-28 05:00:00,305.72,307.82,305.72,305.99,22.1556
2017-09-28 05:15:00,306.8,309.68,306.0,308.0,62.76745
2017-09-28 05:30:00,308.0,308.31,306.3,307.6,24.24525
2017-09-28 05:45:00,308.31,311.84,307.59,311.0,95.4421
2017-09-28 06:00:00,311.32,313.0,309.93,311.39,74.69698
2017-09-28 06:15:00,311.51,312.39,311.0,311.38,40.8966
2017-09-28 06:30:00,309.78,310.74,307.89,307.89,35.7158
2017-09-28 06:45:00,308.83,309.62,307.88,307.88,39.81749
2017-09-28 07:00:00,308.44,309.81,307.88,309.59,55.36022
2017-09-28 07:15:00,309.59,310.71,309.59,310.01,27.09863
2017-09-28 07:30:00,310.01,311.66,309.98,309.98,48.74988
2017-09-28 07:45:00,310.05,311.0,307.95,309.74,48.70475
2017-09-28 08:00:00,309.81,310.41,308.06,308.06,42.49862
2017-09-28 08:15:00,308.94,308.94,308.06,308.22,10.6292
2017-09-28 08:30:00,308.22,308.38,307.0,307.74,69.79273
2017-09-28 08:45:00,308.01,308.01,305.99,305.99,27.79269
2017-09-28 09:00:00,306.87,308.0,305.99,307.14,65.2134
2017-09-28 09:15:00,307.63,308.85,307.13,308.85,48.48268
2017-09-28 09:30:00,308.86,308.86,307.14,308.09,49.92563
2017-09-28 09:45:00,308.1,309.8,305.68,306.89,132.39728
2017-09-28 10:00:00,306.89,309.82,305.88,307.13,58.02228
2017-09-28 10:15:00,307.62,307.62,304.65,305.24,72.00306
2017-09-28 10:30:00,305.24,306.97,303.06,304.57,140.52797
2017-09-28 10:45:00,304.0,305.63,303.2,304.89,75.033
2017-09-28 11:00:00,304.89,307.12,303.05,304.59,119.70772
2017-09-28 11:15:00,304.59,306.68,304.59,305.83,74.58112
2017-09-28 11:30:00,305.0,306.65,304.65,306.0,21.23114
2017-09-28 11:45:00,304.9,309.82,304.9,308.39,43.45797
2017-09-28 12:00:00,308.41,309.0,306.5,306.59,49.7028
2017-09-28 12:15:00,306.61,307.44,305.03,305.03,37.12611
2017-09-28 12:30:00,305.01,308.14,305.01,308.0,41.43637
2017-09-28 12:45:00,308.99,311.81,308.99,309.03,146.99221
2017-09-28 13:00:00,309.89,309.89,308.38,308.64,77.63194
2017-09-28 13:15:00,308.64,310.0,308.64,309.59,73.92465
2017-09-28 13:30:00,309.59,309.81,308.85,308.86,74.0793
2017-09-28 13:45:00,309.1,310.63,308.0,308.0,127.87291
2017-09-28 14:00:00,308.42,310.46,308.0,308.62,69.54594
2017-09-28 14:15:00,307.36,309.0,306.76,307.81,32.16574
2017-09-28 14:30:00,308.0,308.99,308.0,308.99,41.15412
2017-09-28 14:45:00,309.0,310.5,307.39,307.44,56.64943
2017-09-28 15:00:00,307.44,309.0,307.39,308.03,83.83026
2017-09-28 15:15:00,308.34,308.89,307.39,308.03,69.71526
2017-09-28 15:30:00,308.03,308.78,305.28,306.93,90.92139
2017-09-28 15:45:00,306.19,306.9,304.89,305.57,75.70192
2017-09-28 16:00:00,306.17,306.69,304.97,306.67,53.91212
2017-09-28 16:15:00,306.69,308.8,305.23,307.14,104.54455
2017-09-28 16:30:00,307.0,308.17,306.08,308.0,42.02523
2017-09-28 16:45:00,308.4,310.0,308.32,308.32,230.61903
2017-09-28 17:00:00,308.32,310.63,308.0,308.12,79.22399
2017-09-28 17:15:00,308.12,308.62,305.55,307.62,176.56821
2017-09-28 17:30:00,307.62,308.2,306.01,306.75,37.16126
2017-09-28 17:45:00,306.75,308.59,306.75,307.17,28.79833
2017-09-28 18:00:00,307.16,307.79,304.97,304.97,224.4527
2017-09-28 18:15:00,304.97,306.99,303.3,303.41,86.98369
2017-09-28 18:30:00,303.41,305.14,302.61,302.61,158.87952
2017-09-28 18:45:00,302.0,308.62,300.0,302.27,145.69154
2017-09-28 19:00:00,301.16,304.02,300.92,303.01,171.3986
2017-09-28 19:15:00,303.01,304.0,301.03,301.03,122.50996
2017-09-28 19:30:00,301.96,302.0,300.0,300.61,85.04896
2017-09-28 19:45:00,300.95,302.99,300.6,300.7,90.76141
2017-09-28 20:00:00,300.76,301.53,300.6,300.6,53.80424
2017-09-28 20:15:00,300.6,302.2,300.6,301.26,45.34195
2017-09-28 20:30:00,301.59,302.0,300.9,302.0,62.18071
2017-09-28 20:45:00,302.0,304.02,301.72,303.0,44.5978
2017-09-28 21:00:00,302.16,303.75,302.1,302.1,40.08432
2017-09-28 21:15:00,302.1,303.0,301.53,301.53,44.51644
2017-09-28 21:30:00,301.85,303.99,301.5,303.0,27.16085
2017-09-28 21:45:00,303.01,304.5,301.5,301.91,79.73174
2017-09-28 22:00:00,301.91,303.72,301.8,301.8,67.44068
2017-09-28 22:15:00,301.8,301.8,298.96,299.02,81.89307
2017-09-28 22:30:00,299.04,301.0,298.41,300.02,89.60242
2017-09-28 22:45:00,300.99,301.95,298.41,298.41,52.03234
2017-09-28 23:00:00,298.41,300.6,298.41,299.41,120.52569
2017-09-28 23:15:00,299.41,300.44,299.4,300.42,91.02714
2017-09-28 23:30:00,299.51,300.1,297.73,298.79,48.04358
2017-09-28 23:45:00,299.0,300.44,297.75,299.42,27.81561
2017-09-29 00:00:00,299.42,301.98,299.42,301.6,66.16735
2017-09-29 00:15:00,301.98,303.0,301.6,301.98,26.46087
2017-09-29 00:30:00,301.98,302.81,299.41,301.0,63.18943
2017-09-29 00:45:00,300.51,301.59,299.4,300.24,26.77581
2017-09-29 01:00:00,299.47,302.0,299.46,301.4,88.71204
2017-09-29 01:15:00,301.4,303.61,301.4,301.76,43.20356
2017-09-29 01:30:00,301.76,303.39,301.61,301.61,43.44708
2017-09-29 01:45:00,301.61,303.56,299.43,301.65,40.73734
2017-09-29 02:00:00,303.56,303.56,300.5,301.54,45.38797
2017-09-29 02:15:00,301.0,303.54,300.01,301.34,66.13523
2017-09-29 02:30:00,301.34,303.46,301.34,302.01,25.07557
2017-09-29 02:45:00,302.78,302.78,299.4,299.4,69.80362
2017-09-29 03:00:00,299.95,300.49,299.4,300.49,30.22611
2017-09-29 03:15:00,300.49,300.49,299.0,299.41,23.86417
2017-09-29 03:30:00,300.49,300.49,299.4,299.4,42.84768
2017-09-29 03:45:00,299.4,299.91,298.0,298.0,67.10306
2017-09-29 04:00:00,299.68,299.68,297.73,298.37,43.48532
2017-09-29 04:15:00,297.73,299.5,296.89,298.35,65.70399
2017-09-29 04:30:00,298.68,300.5,298.35,300.4,143.03204
2017-09-29 04:45:00,300.45,300.51,299.0,299.95,77.86456
2017-09-29 05:00:00,300.07,301.52,299.95,300.56,31.49285
2017-09-29 05:15:00,301.28,302.01,300.41,300.43,32.86184
2017-09-29 05:30:00,300.63,301.21,300.41,300.42,18.41037
2017-09-29 05:45:00,300.42,303.78,300.41,302.4,46.29037
2017-09-29 06:00:00,303.78,304.06,302.4,302.52,22.62536
2017-09-29 06:15:00,302.52,303.26,300.41,302.2,114.97658
2017-09-29 06:30:00,302.2,303.0,302.19,302.2,66.07974
2017-09-29 06:45:00,302.2,302.53,300.41,300.41,41.83871
2017-09-29 07:00:00,300.82,301.21,300.41,301.21,3.9084
2017-09-29 07:15:00,301.21,301.83,299.98,301.65,31.06495
2017-09-29 07:30:00,301.65,303.64,301.65,301.65,28.53622
2017-09-29 07:45:00,302.33,303.0,301.65,302.44,49.47651
2017-09-29 08:00:00,302.44,303.0,302.01,302.01,31.40082
2017-09-29 08:15:00,302.51,302.99,302.01,302.02,18.9066
2017-09-29 08:30:00,302.01,302.79,301.94,302.09,34.36799
2017-09-29 08:45:00,302.09,302.4,301.65,302.02,76.32159
2017-09-29 09:00:00,301.65,302.8,301.65,302.36,73.15137
2017-09-29 09:15:00,302.36,302.69,300.01,300.01,70.83205
2017-09-29 09:30:00,300.42,302.36,299.98,301.88,102.5738
2017-09-29 09:45:00,302.07,302.07,298.35,298.35,59.96104
2017-09-29 10:00:00,298.35,298.68,296.56,297.0,49.44525
2017-09-29 10:15:00,297.0,298.6,291.7,291.7,175.48183
2017-09-29 10:30:00,291.36,291.71,285.0,288.43,495.64838
2017-09-29 10:45:00,288.72,289.74,283.33,285.09,904.02746
2017-09-29 11:00:00,284.55,288.46,283.33,288.2,721.92023
2017-09-29 11:15:00,288.0,288.0,282.1,283.33,388.41013
2017-09-29 11:30:00,283.33,283.99,278.0,278.0,274.3456
2017-09-29 11:45:00,278.0,280.01,274.0,280.0,323.07865
2017-09-29 12:00:00,280.0,284.9,279.0,282.4,128.35054
2017-09-29 12:15:00,282.44,287.01,282.44,287.0,73.67711
2017-09-29 12:30:00,284.16,286.99,284.01,284.77,75.97932
2017-09-29 12:45:00,284.85,288.0,284.57,286.69,196.36662
2017-09-29 13:00:00,286.69,288.59,284.99,285.0,183.91998
2017-09-29 13:15:00,285.0,285.01,276.11,279.99,197.29732
2017-09-29 13:30:00,279.44,281.0,277.0,281.0,242.19407
2017-09-29 13:45:00,281.01,283.0,280.0,283.0,42.5686
2017-09-29 14:00:00,282.85,283.0,280.26,282.09,110.54345
2017-09-29 14:15:00,281.02,284.58,281.02,281.4,100.77761
2017-09-29 14:30:00,281.39,284.57,280.86,284.57,84.3875
2017-09-29 14:45:00,284.57,286.14,283.01,284.58,117.17826
2017-09-29 15:00:00,284.58,287.43,284.45,286.26,109.04067
2017-09-29 15:15:00,288.58,289.74,286.58,287.64,172.91692
2017-09-29 15:30:00,287.64,288.48,287.21,288.2,117.88669
2017-09-29 15:45:00,288.18,291.0,288.18,290.49,74.84439
2017-09-29 16:00:00,290.47,291.83,287.31,287.31,121.91759
2017-09-29 16:15:00,287.78,291.83,287.78,291.83,80.35192
2017-09-29 16:30:00,291.78,292.14,291.0,291.03,35.22663
2017-09-29 16:45:00,291.09,295.0,290.33,290.96,127.3965
2017-09-29 17:00:00,290.36,290.95,287.81,288.46,132.45356
2017-09-29 17:15:00,288.0,288.13,287.21,288.0,14.75954
2017-09-29 17:30:00,288.0,290.0,287.45,289.5,239.3981
2017-09-29 17:45:00,289.5,289.88,287.44,287.6,30.19397
2017-09-29 18:00:00,287.6,289.36,286.11,289.18,49.97499
2017-09-29 18:15:00,289.29,290.75,287.11,287.12,312.15306
2017-09-29 18:30:00,287.12,290.06,285.55,288.59,110.46621
2017-09-29 18:45:00,288.59,290.0,288.3,289.93,82.59058
2017-09-29 19:00:00,290.0,290.99,289.94,290.5,41.32914
2017-09-29 19:15:00,290.87,292.02,290.5,292.0,108.16154
2017-09-29 19:30:00,292.02,293.92,292.02,293.2,114.41496
2017-09-29 19:45:00,293.61,299.11,293.3,297.01,234.30225
2017-09-29 20:00:00,297.01,297.9,295.34,295.81,91.93557
2017-09-29 20:15:00,296.0,300.0,295.32,300.0,155.63671
2017-09-29 20:30:00,298.47,301.0,298.27,300.47,150.76216
2017-09-29 20:45:00,300.47,302.97,298.64,300.82,165.32723
2017-09-29 21:00:00,301.22,302.0,298.0,298.5,170.58079
2017-09-29 21:15:00,297.08,298.59,296.0,296.0,274.8537
2017-09-29 21:30:00,296.0,296.0,291.43,291.43,65.08749
2017-09-29 21:45:00,291.43,293.5,291.01,293.0,61.37325
2017-09-29 22:00:00,293.0,294.55,291.43,291.5,28.61059
2017-09-29 22:15:00,291.5,294.57,291.5,293.0,100.2461
2017-09-29 22:30:00,293.76,294.57,293.03,293.92,34.20256
2017-09-29 22:45:00,294.25,296.38,293.9,293.93,49.37251
2017-09-29 23:00:00,293.93,294.3,293.03,293.14,86.12535
2017-09-29 23:15:00,293.14,293.95,293.13,293.94,36.78056
2017-09-29 23:30:00,293.54,295.44,293.0,295.0,28.29243
2017-09-29 23:45:00,293.03,293.57,292.99,293.14,21.90807
2017-09-30 00:00:00,293.14,296.37,292.99,296.37,56.49339
2017-09-30 00:15:00,296.37,298.6,294.7,298.0,57.09618
2017-09-30 00:30:00,298.0,298.6,298.0,298.6,91.91181
2017-09-30 00:45:00,298.6,298.6,294.64,294.64,136.17293
2017-09-30 01:00:00,295.32,295.64,294.64,295.29,22.21066
2017-09-30 01:15:00,295.65,296.63,295.28,295.51,25.86544
2017-09-30 01:30:00,295.51,296.25,290.11,291.9,67.17872
2017-09-30 01:45:00,291.43,291.72,290.16,291.44,14.24989
2017-09-30 02:00:00,291.44,292.7,290.5,292.7,119.96901
2017-09-30 02:15:00,292.7,296.32,292.69,292.92,44.79388
2017-09-30 02:30:00,293.96,295.0,292.92,295.0,65.79551
2017-09-30 02:45:00,295.25,295.25,290.76,292.0,46.96619
2017-09-30 03:00:00,292.0,294.44,292.0,292.46,19.09352
2017-09-30 03:15:00,293.01,294.8,292.46,292.51,28.47198
2017-09-30 03:30:00,292.46,293.6,292.46,293.5,15.35677
2017-09-30 03:45:00,292.72,295.0,292.69,292.81,40.14365
2017-09-30 04:00:00,292.81,292.81,292.81,292.81,2.41984
2017-09-30 04:15:00,293.09,294.73,292.72,294.44,45.78035
2017-09-30 04:30:00,294.73,295.48,294.42,294.72,24.14727
2017-09-30 04:45:00,294.72,295.2,293.59,293.59,76.69515
2017-09-30 05:00:00,293.6,294.7,293.59,294.34,11.8104
2017-09-30 05:15:00,293.76,294.48,293.64,294.24,4.40347
2017-09-30 05:30:00,294.46,295.51,293.69,293.75,19.68848
2017-09-30 05:45:00,293.75,295.51,293.75,294.6,26.56245
2017-09-30 06:00:00,294.61,294.61,293.65,294.6,47.99575
2017-09-30 06:15:00,294.6,297.1,293.66,294.13,179.2518
2017-09-30 06:30:00,294.13,294.61,290.7,290.7,95.0806
2017-09-30 06:45:00,290.7,295.0,290.7,293.28,114.79282
2017-09-30 07:00:00,293.27,295.0,290.74,292.37,236.12494
2017-09-30 07:15:00,291.91,292.81,290.76,292.62,77.09402
2017-09-30 07:30:00,291.82,294.55,290.77,292.19,47.09772
2017-09-30 07:45:00,292.76,293.77,290.76,292.22,44.49698
2017-09-30 08:00:00,292.62,294.49,292.22,293.13,25.48297
2017-09-30 08:15:00,292.24,293.5,292.22,293.16,10.24477
2017-09-30 08:30:00,292.32,294.48,292.22,292.59,15.95225
2017-09-30 08:45:00,292.59,294.92,292.59,294.83,22.83794
2017-09-30 09:00:00,294.92,295.85,294.83,295.21,33.89935
2017-09-30 09:15:00,295.21,295.85,295.21,295.21,37.31801
2017-09-30 09:30:00,295.62,297.25,295.22,296.52,76.51987
2017-09-30 09:45:00,297.27,298.61,296.42,297.74,61.50461
2017-09-30 10:00:00,297.74,298.61,297.39,297.45,26.1569
2017-09-30 10:15:00,298.06,298.61,297.75,298.27,19.2995
2017-09-30 10:30:00,298.28,300.49,297.53,298.61,95.73597
2017-09-30 10:45:00,298.82,299.41,298.01,298.75,25.31505
2017-09-30 11:00:00,298.67,299.99,298.03,298.57,72.41187
2017-09-30 11:15:00,298.35,298.56,296.0,296.42,81.47992
2017-09-30 11:30:00,297.14,299.08,296.42,299.07,66.36067
2017-09-30 11:45:00,299.0,302.45,297.52,302.01,60.11837
2017-09-30 12:00:00,302.0,302.8,297.53,302.0,42.50011
2017-09-30 12:15:00,302.0,306.5,298.66,301.1,160.0058
2017-09-30 12:30:00,301.1,303.98,301.1,301.28,23.72781
2017-09-30 12:45:00,302.14,303.99,300.0,303.0,73.76698
2017-09-30 13:00:00,303.95,305.99,300.0,300.08,120.39435
2017-09-30 13:15:00,300.08,302.74,296.51,297.01,17.33478
2017-09-30 13:30:00,297.01,298.56,297.0,297.92,60.73323
2017-09-30 13:45:00,298.46,298.8,297.92,298.61,27.82208
2017-09-30 14:00:00,298.61,302.38,298.21,302.38,61.64586
2017-09-30 14:15:00,302.39,302.39,300.01,301.01,9.95307
2017-09-30 14:30:00,301.02,303.5,301.02,301.66,27.98879
2017-09-30 14:45:00,301.67,302.51,301.42,301.95,49.51642
2017-09-30 15:00:00,301.95,302.04,301.0,301.0,40.21563
2017-09-30 15:15:00,301.04,301.99,300.09,300.7,18.0332
2017-09-30 15:30:00,300.71,301.83,300.7,300.7,42.20207
2017-09-30 15:45:00,300.75,301.99,299.91,301.01,45.38681
2017-09-30 16:00:00,300.02,302.57,300.02,301.81,67.98052
2017-09-30 16:15:00,301.81,302.31,301.41,301.43,28.561
2017-09-30 16:30:00,302.19,302.62,301.48,301.49,44.151
2017-09-30 16:45:00,301.49,302.53,300.08,302.0,56.50168
2017-09-30 17:00:00,301.11,302.42,300.3,301.3,21.74511
2017-09-30 17:15:00,302.09,302.35,299.91,300.26,57.55094
2017-09-30 17:30:00,300.57,300.88,299.88,299.88,58.8094
2017-09-30 17:45:00,299.52,299.62,298.21,298.87,78.47562
2017-09-30 18:00:00,298.96,300.73,298.21,300.37,38.87609
2017-09-30 18:15:00,300.36,303.21,300.36,303.21,81.05339
2017-09-30 18:30:00,303.19,304.99,302.8,304.31,70.38306
2017-09-30 18:45:00,304.61,307.47,304.31,305.88,57.00204
2017-09-30 19:00:00,305.42,306.99,305.25,305.57,71.17231
2017-09-30 19:15:00,305.5,305.5,304.31,304.64,32.73792
2017-09-30 19:30:00,305.26,305.26,303.02,304.0,27.64863
2017-09-30 19:45:00,303.02,305.26,303.02,303.57,39.01328
2017-09-30 20:00:00,303.02,304.11,302.8,302.91,40.48049
2017-09-30 20:15:00,303.99,304.12,303.01,303.25,31.02949
2017-09-30 20:30:00,303.02,304.12,302.79,303.01,36.28714
2017-09-30 20:45:00,303.0,303.46,301.21,302.55,82.19099
2017-09-30 21:00:00,302.55,304.0,302.11,303.73,83.01878
2017-09-30 21:15:00,303.87,304.0,301.21,301.99,67.3928
2017-09-30 21:30:00,301.21,302.57,301.21,301.96,15.2436
2017-09-30 21:45:00,301.96,302.41,301.5,301.51,28.33929
2017-09-30 22:00:00,302.03,302.57,301.22,301.68,18.82442
2017-09-30 22:15:00,301.5,302.57,301.18,302.05,33.07055
2017-09-30 22:30:00,302.26,302.75,301.29,302.75,30.83944
2017-09-30 22:45:00,302.86,303.5,302.71,302.71,38.68044
2017-09-30 23:00:00,303.04,304.82,302.0,304.65,35.64622
2017-09-30 23:15:00,304.81,305.26,304.41,305.0,52.23904
2017-09-30 23:30:00,304.82,306.0,304.81,304.89,75.42596
2017-09-30 23:45:00,304.89,306.0,304.89,304.9,37.32222
2017-10-01 00:00:00,305.42,306.51,305.0,305.63,72.15678
2017-10-01 00:15:00,305.36,307.0,305.0,307.0,69.43477
2017-10-01 00:30:00,306.75,307.49,305.3,305.49,45.32476
2017-10-01 00:45:00,305.48,307.47,302.78,304.0,77.55276
2017-10-01 01:00:00,303.53,304.01,301.21,304.0,36.00764
2017-10-01 01:15:00,304.0,307.0,302.79,305.99,69.05826
2017-10-01 01:30:00,305.0,305.24,302.9,304.0,20.91929
2017-10-01 01:45:00,304.5,305.0,303.0,305.0,23.41816
2017-10-01 02:00:00,305.0,306.0,303.03,304.41,16.96468
2017-10-01 02:15:00,304.74,307.0,304.72,305.5,46.05479
2017-10-01 02:30:00,306.27,306.3,305.53,305.58,4.9009
2017-10-01 02:45:00,305.58,306.99,305.3,305.36,25.28223
2017-10-01 03:00:00,305.36,306.17,305.36,306.17,5.18297
2017-10-01 03:15:00,305.36,306.17,305.36,305.8,21.81514
2017-10-01 03:30:00,305.8,307.49,305.8,305.95,46.00193
2017-10-01 03:45:00,305.95,306.48,303.01,304.01,54.13199
2017-10-01 04:00:00,304.01,306.5,304.01,306.0,9.21537
2017-10-01 04:15:00,306.5,306.61,306.0,306.0,23.55335
2017-10-01 04:30:00,306.0,307.4,304.38,307.39,23.6396
2017-10-01 04:45:00,305.2,305.2,304.39,304.39,8.39795
2017-10-01 05:00:00,304.39,305.19,304.2,304.4,24.69031
2017-10-01 05:15:00,304.61,305.03,304.4,304.4,3.81147
2017-10-01 05:30:00,304.4,304.4,303.01,303.71,2.0243
2017-10-01 05:45:00,303.71,303.71,302.72,302.72,16.17651
2017-10-01 06:00:00,302.85,304.4,302.71,303.55,42.92632
2017-10-01 06:15:00,303.98,305.0,302.01,304.88,59.08542
2017-10-01 06:30:00,304.88,306.0,304.24,305.25,14.39382
2017-10-01 06:45:00,305.26,305.5,303.2,304.18,11.91324
2017-10-01 07:00:00,304.59,304.59,304.18,304.18,6.24314
2017-10-01 07:15:00,305.0,306.68,304.28,304.28,9.32798
2017-10-01 07:30:00,304.5,305.99,304.3,305.98,35.43304
2017-10-01 07:45:00,306.0,306.0,304.3,304.36,6.01121
2017-10-01 08:00:00,305.13,305.5,304.0,304.36,22.85544
2017-10-01 08:15:00,304.35,304.36,303.7,303.7,2.81035
2017-10-01 08:30:00,303.7,304.83,303.25,303.25,21.03862
2017-10-01 08:45:00,303.98,304.69,302.81,302.81,78.10471
2017-10-01 09:00:00,302.81,303.41,301.21,301.22,18.49021
2017-10-01 09:15:00,301.22,302.0,299.7,301.41,58.83074
2017-10-01 09:30:00,301.71,302.83,299.71,301.44,52.55371
2017-10-01 09:45:00,301.44,302.29,301.41,301.86,42.54561
2017-10-01 10:00:00,301.41,302.92,301.23,302.92,55.05337
2017-10-01 10:15:00,302.0,302.73,299.7,300.0,89.91955
2017-10-01 10:30:00,300.0,300.93,299.8,299.83,25.96667
2017-10-01 10:45:00,300.4,300.4,299.7,299.7,21.85253
2017-10-01 11:00:00,300.77,300.96,299.7,299.71,42.4486
2017-10-01 11:15:00,300.0,301.0,299.55,299.56,48.064
2017-10-01 11:30:00,299.56,299.62,298.08,298.93,148.79588
2017-10-01 11:45:00,298.15,300.5,298.08,299.3,68.78709
2017-10-01 12:00:00,299.0,300.45,298.1,299.9,25.33518
2017-10-01 12:15:00,300.31,300.92,298.08,298.12,55.1014
2017-10-01 12:30:00,298.12,298.96,298.08,298.93,36.60162
2017-10-01 12:45:00,298.92,299.73,298.09,298.09,93.13219
2017-10-01 13:00:00,298.1,299.85,298.08,299.04,73.15049
2017-10-01 13:15:00,299.03,299.84,299.03,299.83,11.78057
2017-10-01 13:30:00,299.04,299.86,299.04,299.82,28.42051
2017-10-01 13:45:00,299.82,299.86,299.82,299.84,56.70488
2017-10-01 14:00:00,299.83,299.83,299.83,299.83,1.73118
2017-10-01 14:15:00,299.83,300.5,299.83,300.0,24.14574
2017-10-01 14:30:00,300.0,301.38,300.0,300.23,39.36963
2017-10-01 14:45:00,300.23,300.9,298.08,299.64,259.49056
2017-10-01 15:00:00,299.93,300.75,298.86,299.91,16.24665
2017-10-01 15:15:00,300.45,301.39,299.01,300.53,87.07081
2017-10-01 15:30:00,300.98,301.11,300.54,300.54,33.58753
2017-10-01 15:45:00,300.54,301.0,300.52,300.52,29.01833
2017-10-01 16:00:00,300.76,301.4,300.52,301.07,95.21914
2017-10-01 16:15:00,301.06,301.24,300.75,300.75,20.08758
2017-10-01 16:30:00,301.08,301.4,301.08,301.08,15.85903
2017-10-01 16:45:00,301.08,301.08,300.52,300.52,29.56015
2017-10-01 17:00:00,300.52,300.7,300.52,300.53,16.18506
2017-10-01 17:15:00,300.69,302.85,300.53,300.55,21.96457
2017-10-01 17:30:00,302.85,302.85,300.55,300.7,17.05345
2017-10-01 17:45:00,300.82,300.94,300.01,300.02,14.72635
2017-10-01 18:00:00,300.03,300.62,300.01,300.56,15.83227
2017-10-01 18:15:00,300.61,300.64,300.0,300.55,33.13409
2017-10-01 18:30:00,301.09,301.09,300.0,300.0,78.65067
2017-10-01 18:45:00,300.0,300.82,300.0,300.01,46.44155
2017-10-01 19:00:00,300.34,301.07,300.0,300.18,26.86287
2017-10-01 19:15:00,300.31,301.5,300.31,301.13,21.77947
2017-10-01 19:30:00,301.13,301.15,300.41,300.62,49.21708
2017-10-01 19:45:00,300.63,301.15,300.31,300.35,93.08673
2017-10-01 20:00:00,300.35,300.74,298.58,300.0,227.47844
2017-10-01 20:15:00,298.62,300.58,296.0,297.46,201.06252
2017-10-01 20:30:00,297.52,297.66,296.52,296.54,56.15064
2017-10-01 20:45:00,297.24,297.49,296.03,296.42,104.64338
2017-10-01 21:00:00,296.42,297.1,294.83,294.83,74.40349
2017-10-01 21:15:00,294.83,296.0,294.0,295.0,153.46453
2017-10-01 21:30:00,295.03,295.91,294.51,295.7,56.62639
2017-10-01 21:45:00,295.7,297.99,295.31,296.3,43.03282
2017-10-01 22:00:00,296.73,297.71,295.8,297.41,46.04012
2017-10-01 22:15:00,297.41,300.52,297.01,298.5,86.78458
2017-10-01 22:30:00,299.17,299.17,297.6,297.61,157.23807
2017-10-01 22:45:00,297.61,298.79,297.5,297.51,30.96049
2017-10-01 23:00:00,298.76,298.76,297.51,298.73,13.9175
2017-10-01 23:15:00,298.16,300.64,297.66,300.49,100.26257
2017-10-01 23:30:00,300.01,300.48,298.3,299.21,70.11564
2017-10-01 23:45:00,299.2,301.0,298.36,300.22,48.17597
2017-10-02 00:00:00,300.21,300.61,298.77,300.53,18.88155
2017-10-02 00:15:00,300.53,302.38,300.01,302.37,32.77027
2017-10-02 00:30:00,301.42,301.42,300.16,301.04,13.09335
2017-10-02 00:45:00,301.34,301.99,301.04,301.04,19.17273
2017-10-02 01:00:00,301.52,301.99,300.2,301.2,15.64144
2017-10-02 01:15:00,300.2,302.88,300.2,301.21,43.49313
2017-10-02 01:30:00,301.21,302.5,300.5,301.88,56.05349
2017-10-02 01:45:00,301.45,302.92,300.55,300.56,15.99094
2017-10-02 02:00:00,300.56,301.24,299.83,300.16,43.56553
2017-10-02 02:15:00,300.17,301.0,299.83,301.0,20.82591
2017-10-02 02:30:00,300.43,301.5,300.43,301.0,4.87373
2017-10-02 02:45:00,302.0,302.88,301.0,302.37,3.13365
2017-10-02 03:00:00,301.88,302.9,301.41,301.65,19.50112
2017-10-02 03:15:00,301.65,302.37,301.34,301.35,18.9111
2017-10-02 03:30:00,301.6,302.89,301.47,302.01,10.55712
2017-10-02 03:45:00,302.01,303.31,302.0,302.0,37.64091
2017-10-02 04:00:00,302.64,303.31,302.0,302.64,26.54296
2017-10-02 04:15:00,302.64,304.51,302.64,302.64,92.35323
2017-10-02 04:30:00,303.27,303.9,302.64,303.89,73.65126
2017-10-02 04:45:00,303.42,303.9,302.65,303.9,30.59096
2017-10-02 05:00:00,302.65,304.52,302.64,304.52,45.13307
2017-10-02 05:15:00,302.65,303.75,301.34,301.34,38.32458
2017-10-02 05:30:00,301.34,302.49,299.83,301.98,54.16358
2017-10-02 05:45:00,302.24,303.51,301.98,303.01,29.22971
2017-10-02 06:00:00,303.41,304.0,302.11,302.93,75.4294
2017-10-02 06:15:00,302.5,303.35,302.31,303.05,16.97371
2017-10-02 06:30:00,302.55,305.23,300.67,305.23,306.63476
2017-10-02 06:45:00,305.22,306.0,304.7,304.9,52.60342
2017-10-02 07:00:00,305.03,305.16,304.26,304.26,16.04719
2017-10-02 07:15:00,304.26,304.97,303.48,304.23,22.93906
2017-10-02 07:30:00,304.23,305.4,304.23,304.72,36.40077
2017-10-02 07:45:00,305.07,305.42,303.48,303.95,33.91239
2017-10-02 08:00:00,303.94,304.42,303.69,303.69,20.7311
2017-10-02 08:15:00,303.72,303.73,301.47,302.0,20.09255
2017-10-02 08:30:00,302.25,302.62,301.09,301.09,44.27405
2017-10-02 08:45:00,301.05,302.33,300.67,301.68,72.36812
2017-10-02 09:00:00,301.85,302.51,300.67,302.0,38.22437
2017-10-02 09:15:00,301.87,301.87,300.68,300.96,55.39681
2017-10-02 09:30:00,301.01,301.85,300.84,301.84,26.36189
2017-10-02 09:45:00,301.36,303.17,300.87,302.88,96.75294
2017-10-02 10:00:00,302.89,305.0,302.88,304.46,69.84362
2017-10-02 10:15:00,304.45,304.75,302.88,302.88,66.03013
2017-10-02 10:30:00,303.44,303.44,302.0,302.0,54.79852
2017-10-02 10:45:00,301.43,303.0,300.89,300.9,45.03493
2017-10-02 11:00:00,301.48,301.81,300.34,300.73,37.49442
2017-10-02 11:15:00,300.73,301.55,300.2,301.55,19.86204
2017-10-02 11:30:00,301.54,303.0,301.1,302.91,26.41726
2017-10-02 11:45:00,302.95,303.71,300.23,301.46,43.89181
2017-10-02 12:00:00,301.76,302.5,300.25,301.17,23.1606
2017-10-02 12:15:00,301.17,302.64,300.21,300.23,31.80814
2017-10-02 12:30:00,301.11,302.64,300.23,301.09,35.16983
2017-10-02 12:45:00,302.25,304.0,301.87,301.87,46.11758
2017-10-02 13:00:00,301.94,303.17,301.86,301.9,24.638
2017-10-02 13:15:00,302.53,304.75,301.9,302.87,125.95443
2017-10-02 13:30:00,302.87,303.71,300.26,301.72,68.204
2017-10-02 13:45:00,301.72,303.72,301.5,303.55,79.56138
2017-10-02 14:00:00,303.0,303.55,302.02,303.0,39.10603
2017-10-02 14:15:00,302.03,303.01,302.01,302.02,11.08451
2017-10-02 14:30:00,302.01,304.69,301.93,302.75,216.53602
2017-10-02 14:45:00,302.75,303.52,302.5,302.51,47.62547
2017-10-02 15:00:00,303.02,303.02,300.33,302.0,54.57901
2017-10-02 15:15:00,301.69,303.0,300.41,301.86,13.88863
2017-10-02 15:30:00,301.87,304.0,301.5,303.0,29.91943
2017-10-02 15:45:00,303.01,304.87,301.75,302.38,43.61563
2017-10-02 16:00:00,301.76,302.13,300.3,300.43,73.85016
2017-10-02 16:15:00,300.3,302.38,300.3,301.0,22.27404
2017-10-02 16:30:00,301.26,303.0,300.51,302.25,54.55257
2017-10-02 16:45:00,302.25,302.49,301.1,301.29,19.65858
2017-10-02 17:00:00,301.29,303.89,300.5,302.0,73.83796
2017-10-02 17:15:00,302.0,302.53,302.0,302.53,20.49604
2017-10-02 17:30:00,302.53,302.89,301.14,302.89,73.88044
2017-10-02 17:45:00,302.01,302.92,301.12,302.18,36.54814
2017-10-02 18:00:00,302.18,303.94,301.3,302.99,17.05277
2017-10-02 18:15:00,303.0,304.85,302.99,303.1,86.66949
2017-10-02 18:30:00,303.56,304.0,301.14,301.96,82.27346
2017-10-02 18:45:00,301.96,302.87,300.0,302.87,68.92373
2017-10-02 19:00:00,302.75,302.75,302.0,302.5,10.69004
2017-10-02 19:15:00,303.0,303.0,302.25,302.25,11.51584
2017-10-02 19:30:00,302.25,303.51,300.28,300.28,10.24868
2017-10-02 19:45:00,301.99,301.99,300.28,300.41,37.41623
2017-10-02 20:00:00,300.4,300.58,299.79,300.12,52.72376
2017-10-02 20:15:00,300.12,300.58,299.77,299.77,52.11735
2017-10-02 20:30:00,299.67,300.23,297.5,298.01,57.30881
2017-10-02 20:45:00,298.0,298.4,296.71,297.5,43.51106
2017-10-02 21:00:00,297.75,297.99,296.78,297.0,22.07711
2017-10-02 21:15:00,297.5,300.25,297.1,298.61,74.67363
2017-10-02 21:30:00,298.61,300.24,298.61,300.0,13.65879
2017-10-02 21:45:00,300.0,300.24,298.72,299.01,9.38066
2017-10-02 22:00:00,299.65,301.99,299.11,300.0,145.79113
2017-10-02 22:15:00,301.99,301.99,299.0,299.21,47.83689
2017-10-02 22:30:00,299.21,299.43,299.0,299.12,30.35231
2017-10-02 22:45:00,298.88,301.0,298.62,299.0,58.2987
2017-10-02 23:00:00,299.0,301.01,299.0,300.03,18.88137
2017-10-02 23:15:00,299.05,301.44,299.05,299.08,10.31843
2017-10-02 23:30:00,299.48,300.23,298.62,300.22,72.6046
2017-10-02 23:45:00,300.59,300.8,298.61,300.8,24.00108
2017-10-03 00:00:00,300.19,300.19,298.12,299.31,23.92828
2017-10-03 00:15:00,299.31,301.83,299.31,300.93,6.78749
2017-10-03 00:30:00,300.0,300.26,298.12,298.12,36.12489
2017-10-03 00:45:00,298.12,299.09,298.12,298.13,12.75906
2017-10-03 01:00:00,298.13,299.0,298.0,298.92,34.47496
2017-10-03 01:15:00,298.46,298.91,296.82,296.82,30.72624
2017-10-03 01:30:00,297.39,298.48,296.0,297.0,15.75835
2017-10-03 01:45:00,296.0,296.22,295.43,295.46,11.24877
2017-10-03 02:00:00,295.46,296.5,295.25,295.25,43.848
2017-10-03 02:15:00,295.25,295.63,295.25,295.25,35.31243
2017-10-03 02:30:00,295.25,295.94,295.25,295.26,17.9119
2017-10-03 02:45:00,295.28,297.0,295.2,295.2,104.83703
2017-10-03 03:00:00,295.0,296.15,295.0,296.15,1.10852
2017-10-03 03:15:00,295.1,296.15,295.1,295.49,9.71738
2017-10-03 03:30:00,295.24,297.0,295.24,296.18,28.64784
2017-10-03 03:45:00,296.17,297.44,295.34,296.87,16.82187
2017-10-03 04:00:00,297.5,298.6,296.89,297.02,37.22779
2017-10-03 04:15:00,297.02,298.5,297.02,297.94,1.14202
2017-10-03 04:30:00,297.58,298.81,297.09,297.13,8.02
2017-10-03 04:45:00,297.99,298.8,297.16,298.8,2.41502
2017-10-03 05:00:00,297.79,299.92,297.19,297.24,17.32714
2017-10-03 05:15:00,297.76,299.82,297.0,299.82,7.78951
2017-10-03 05:30:00,298.04,299.8,298.0,299.8,9.71669
2017-10-03 05:45:00,299.8,299.8,297.12,298.66,21.62739
2017-10-03 06:00:00,298.89,298.96,295.73,298.0,34.27651
2017-10-03 06:15:00,297.76,298.99,296.25,297.15,6.99637
2017-10-03 06:30:00,297.15,297.57,296.21,296.21,3.92537
2017-10-03 06:45:00,296.21,296.21,296.21,296.21,0.42357
2017-10-03 07:00:00,298.0,298.9,296.25,296.41,12.73944
2017-10-03 07:15:00,297.21,297.62,296.42,297.21,15.92293
2017-10-03 07:30:00,297.62,297.99,296.23,296.3,6.19414
2017-10-03 07:45:00,297.96,299.8,296.35,296.5,33.11347
2017-10-03 08:00:00,298.15,300.52,296.6,299.0,21.93459
2017-10-03 08:15:00,299.4,300.79,298.0,300.79,12.69623
2017-10-03 08:30:00,301.0,301.99,299.08,299.16,53.45292
2017-10-03 08:45:00,299.68,299.71,296.75,296.76,36.92422
2017-10-03 09:00:00,297.0,298.85,296.74,297.12,68.88243
2017-10-03 09:15:00,297.31,299.01,296.75,297.33,55.21201
2017-10-03 09:30:00,297.33,298.0,297.0,297.12,65.74301
2017-10-03 09:45:00,297.34,298.49,297.12,297.23,13.54014
2017-10-03 10:00:00,298.5,298.5,297.0,298.42,54.66904
2017-10-03 10:15:00,299.0,299.91,298.0,299.46,37.88131
2017-10-03 10:30:00,298.01,299.51,298.01,299.51,14.65228
2017-10-03 10:45:00,299.51,299.51,298.0,298.0,34.08429
2017-10-03 11:00:00,298.75,299.0,297.32,298.99,53.47107
2017-10-03 11:15:00,298.16,299.0,297.0,297.92,95.24079
2017-10-03 11:30:00,297.92,299.37,297.92,298.0,14.80674
2017-10-03 11:45:00,298.93,300.99,298.4,300.99,51.80407
2017-10-03 12:00:00,299.41,301.0,299.41,300.28,13.2653
2017-10-03 12:15:00,300.28,301.0,297.93,298.62,105.82582
2017-10-03 12:30:00,298.82,300.0,298.0,298.62,92.92214
2017-10-03 12:45:00,298.62,299.26,298.01,298.11,48.57676
2017-10-03 13:00:00,299.0,299.89,298.03,299.05,42.18114
2017-10-03 13:15:00,298.4,300.18,297.44,297.5,87.01906
2017-10-03 13:30:00,297.49,298.0,295.0,295.31,120.94253
2017-10-03 13:45:00,295.33,295.95,292.01,294.32,232.34944
2017-10-03 14:00:00,294.67,295.19,292.11,292.12,279.23276
2017-10-03 14:15:00,292.55,293.24,290.68,292.48,528.62449
2017-10-03 14:30:00,293.25,295.61,292.55,294.98,61.76349
2017-10-03 14:45:00,293.98,293.98,292.0,292.62,59.28786
2017-10-03 15:00:00,292.82,293.0,291.01,291.75,105.38694
2017-10-03 15:15:00,291.75,292.09,291.0,291.01,17.24928
2017-10-03 15:30:00,292.0,293.0,290.06,293.0,131.35537
2017-10-03 15:45:00,293.02,293.88,291.42,291.77,129.45407
2017-10-03 16:00:00,291.76,292.96,288.32,288.4,55.77493
2017-10-03 16:15:00,288.4,290.5,288.3,289.98,27.14994
2017-10-03 16:30:00,290.0,290.0,289.93,289.98,21.99033
2017-10-03 16:45:00,289.99,290.0,289.01,289.91,51.36487
2017-10-03 17:00:00,289.91,290.5,288.91,289.1,102.99228
2017-10-03 17:15:00,289.1,289.5,288.11,288.11,67.82219
2017-10-03 17:30:00,288.33,288.64,286.66,286.66,85.63984
2017-10-03 17:45:00,286.66,288.16,286.23,287.93,49.40658
2017-10-03 18:00:00,287.93,287.93,286.0,286.64,61.19002
2017-10-03 18:15:00,286.64,287.13,283.18,286.14,228.5564
2017-10-03 18:30:00,286.15,289.5,285.7,289.5,116.69515
2017-10-03 18:45:00,289.25,289.87,288.82,289.19,54.61405
2017-10-03 19:00:00,289.27,291.77,288.82,291.0,70.15791
2017-10-03 19:15:00,291.9,293.36,290.0,290.82,75.98626
2017-10-03 19:30:00,290.82,291.57,290.44,290.85,49.64066
2017-10-03 19:45:00,291.38,292.28,290.85,291.0,27.80097
2017-10-03 20:00:00,292.0,292.99,292.0,292.99,5.0056
2017-10-03 20:15:00,292.97,292.97,292.0,292.87,7.13194
2017-10-03 20:30:00,292.0,292.94,290.01,290.01,23.81693
2017-10-03 20:45:00,290.82,291.57,289.8,289.8,16.34555
2017-10-03 21:00:00,290.4,290.4,285.8,287.0,74.38578
2017-10-03 21:15:00,287.5,289.87,287.04,288.3,69.3338
2017-10-03 21:30:00,289.09,289.85,288.3,289.04,21.24838
2017-10-03 21:45:00,289.04,289.44,287.05,287.05,36.04418
2017-10-03 22:00:00,287.05,288.61,287.05,287.07,35.88838
2017-10-03 22:15:00,287.07,289.67,287.07,288.44,14.75922
2017-10-03 22:30:00,288.51,290.34,288.51,290.0,49.44252
2017-10-03 22:45:00,290.18,291.8,288.71,290.5,53.90642
2017-10-03 23:00:00,291.1,291.11,290.03,290.03,12.34155
2017-10-03 23:15:00,290.31,291.68,290.31,290.37,28.51643
2017-10-03 23:30:00,290.96,291.54,290.02,290.76,68.0815
2017-10-03 23:45:00,291.03,291.29,290.76,291.29,9.26858
2017-10-04 00:00:00,291.29,292.92,290.76,292.06,34.70245
2017-10-04 00:15:00,292.07,292.55,291.0,291.37,5.12992
2017-10-04 00:30:00,291.36,291.94,290.03,290.07,17.13542
2017-10-04 00:45:00,290.25,291.0,288.54,291.0,29.79385
2017-10-04 01:00:00,291.44,292.0,290.0,290.05,52.28779
2017-10-04 01:15:00,290.08,292.03,288.54,290.5,41.97919
2017-10-04 01:30:00,292.02,292.02,290.04,291.06,14.52809
2017-10-04 01:45:00,291.09,291.99,290.15,290.46,10.66608
2017-10-04 02:00:00,290.51,291.99,290.51,290.88,6.24426
2017-10-04 02:15:00,291.66,292.03,290.73,291.38,24.09481
2017-10-04 02:30:00,292.03,292.93,290.73,291.9,35.03002
2017-10-04 02:45:00,291.19,292.0,290.21,291.9,73.71471
2017-10-04 03:00:00,291.18,293.0,290.14,293.0,127.5362
2017-10-04 03:15:00,293.0,293.0,290.22,292.39,85.16615
2017-10-04 03:30:00,292.39,293.0,290.24,291.74,81.77625
2017-10-04 03:45:00,291.0,292.13,290.12,291.13,41.47214
2017-10-04 04:00:00,290.13,291.27,290.13,290.14,8.51822
2017-10-04 04:15:00,291.27,291.27,289.0,291.0,21.85558
2017-10-04 04:30:00,290.84,290.84,289.0,289.0,4.9776
2017-10-04 04:45:00,290.57,291.0,290.13,290.6,9.31878
2017-10-04 05:00:00,291.0,293.7,290.13,290.13,56.81161
2017-10-04 05:15:00,291.17,292.0,290.36,290.37,1.73107
2017-10-04 05:30:00,291.59,291.59,291.0,291.59,26.3269
2017-10-04 05:45:00,291.57,292.0,290.13,290.13,68.03699
2017-10-04 06:00:00,290.58,290.58,287.51,287.95,49.68364
2017-10-04 06:15:00,288.08,288.77,287.14,288.52,33.35135
2017-10-04 06:30:00,288.76,289.69,288.52,288.52,14.52127
2017-10-04 06:45:00,288.68,291.99,288.52,290.82,39.27055
2017-10-04 07:00:00,290.82,291.42,290.81,290.81,18.8176
2017-10-04 07:15:00,290.82,292.9,290.82,292.57,17.2821
2017-10-04 07:30:00,292.56,293.08,290.88,292.0,31.55261
2017-10-04 07:45:00,292.45,293.07,290.93,292.48,50.81309
2017-10-04 08:00:00,292.47,292.95,291.98,292.95,15.11522
2017-10-04 08:15:00,292.95,293.08,291.13,291.79,63.23535
2017-10-04 08:30:00,291.19,293.62,291.02,291.87,46.73249
2017-10-04 08:45:00,291.85,294.21,291.05,292.63,32.68421
2017-10-04 09:00:00,292.74,295.31,292.62,293.88,110.17426
2017-10-04 09:15:00,293.31,293.88,292.13,292.21,27.48971
2017-10-04 09:30:00,292.56,294.64,292.23,294.64,4.43103
2017-10-04 09:45:00,294.61,294.77,292.27,292.32,31.24384
2017-10-04 10:00:00,293.54,293.57,292.22,292.34,32.23245
2017-10-04 10:15:00,293.13,294.77,292.65,293.03,236.98672
2017-10-04 10:30:00,293.03,293.13,293.03,293.13,22.97914
2017-10-04 10:45:00,293.13,293.13,292.23,292.23,10.24695
2017-10-04 11:00:00,292.78,293.31,292.3,292.5,16.18447
2017-10-04 11:15:00,292.83,295.16,292.37,293.68,55.55079
2017-10-04 11:30:00,295.0,295.16,293.41,293.41,55.34868
2017-10-04 11:45:00,293.88,294.39,293.41,293.41,60.07198
2017-10-04 12:00:00,293.41,296.1,293.37,293.4,13.13255
2017-10-04 12:15:00,293.83,296.53,293.4,293.43,70.79389
2017-10-04 12:30:00,294.64,294.66,292.3,294.0,8.90733
2017-10-04 12:45:00,293.99,294.0,293.5,293.5,37.77376
2017-10-04 13:00:00,294.39,294.43,293.5,293.5,11.671
2017-10-04 13:15:00,293.97,294.5,293.01,294.5,26.89106
2017-10-04 13:30:00,294.5,297.26,293.04,297.0,61.41044
2017-10-04 13:45:00,297.0,297.26,296.0,296.43,105.10681
2017-10-04 14:00:00,296.43,297.97,296.02,296.39,188.68958
2017-10-04 14:15:00,296.03,297.65,296.02,296.17,79.57768
2017-10-04 14:30:00,296.17,296.84,295.48,295.48,9.94809
2017-10-04 14:45:00,295.45,296.17,294.67,296.17,7.11373
2017-10-04 15:00:00,296.17,297.0,294.88,295.5,8.27382
2017-10-04 15:15:00,295.5,295.88,294.88,295.01,41.89995
2017-10-04 15:30:00,295.87,295.89,294.91,295.04,70.64516
2017-10-04 15:45:00,295.39,295.89,295.04,295.89,143.68766
2017-10-04 16:00:00,295.89,295.89,294.88,294.88,14.84811
2017-10-04 16:15:00,294.88,295.49,294.1,294.1,40.39887
2017-10-04 16:30:00,295.71,295.78,295.71,295.78,0.60715
2017-10-04 16:45:00,294.3,295.82,292.29,292.29,79.37512
2017-10-04 17:00:00,292.29,294.5,292.29,294.12,35.96315
2017-10-04 17:15:00,294.37,294.61,294.03,294.05,23.39509
2017-10-04 17:30:00,294.1,295.0,291.64,292.34,71.6048
2017-10-04 17:45:00,292.67,293.0,291.0,291.99,74.72789
2017-10-04 18:00:00,292.0,294.09,291.99,292.2,105.21735
2017-10-04 18:15:00,292.2,293.11,290.91,290.91,39.87108
2017-10-04 18:30:00,290.88,293.78,290.55,292.56,41.55118
2017-10-04 18:45:00,292.82,293.89,292.56,293.89,70.67061
2017-10-04 19:00:00,292.98,294.11,292.97,294.0,87.26955
2017-10-04 19:15:00,293.11,294.0,290.55,291.6,35.79403
2017-10-04 19:30:00,291.48,292.87,290.55,290.69,24.08775
2017-10-04 19:45:00,291.9,292.88,290.72,292.58,29.21064
2017-10-04 20:00:00,292.59,293.45,292.29,292.45,6.27424
2017-10-04 20:15:00,292.88,293.55,292.41,292.41,46.8215
2017-10-04 20:30:00,292.81,293.2,290.64,291.01,25.15358
2017-10-04 20:45:00,291.31,291.31,288.88,289.02,67.9552
2017-10-04 21:00:00,289.0,290.0,288.71,289.5,31.45856
2017-10-04 21:15:00,290.0,290.62,288.0,290.62,49.65841
2017-10-04 21:30:00,290.58,292.1,288.76,290.89,50.67488
2017-10-04 21:45:00,290.89,291.5,288.75,291.01,109.30058
2017-10-04 22:00:00,291.01,292.0,291.0,291.05,18.71654
2017-10-04 22:15:00,291.53,294.3,291.0,291.07,33.45296
2017-10-04 22:30:00,291.57,294.39,291.12,291.31,15.53182
2017-10-04 22:45:00,292.98,294.0,291.65,292.88,12.68273
2017-10-04 23:00:00,292.43,292.88,291.21,292.05,21.73757
2017-10-04 23:15:00,292.05,294.0,292.05,293.5,12.48073
2017-10-04 23:30:00,293.5,293.5,292.68,292.81,8.47539
2017-10-04 23:45:00,292.81,294.38,292.81,294.38,76.50112
2017-10-05 00:00:00,294.38,294.39,292.67,294.39,10.74464
2017-10-05 00:15:00,293.5,294.0,291.89,291.89,46.5977
2017-10-05 00:30:00,291.91,292.5,291.35,291.5,28.22173
2017-10-05 00:45:00,291.5,292.4,291.43,292.33,20.52566
2017-10-05 01:00:00,292.33,293.0,291.39,292.71,29.11308
2017-10-05 01:15:00,292.71,292.86,291.22,292.11,19.908
2017-10-05 01:30:00,291.22,292.87,291.0,291.0,18.44658
2017-10-05 01:45:00,291.0,292.82,290.0,291.94,67.79078
2017-10-05 02:00:00,292.78,292.78,291.94,292.73,4.42137
2017-10-05 02:15:00,292.09,292.76,291.0,291.25,24.05407
2017-10-05 02:30:00,291.25,291.63,290.0,290.0,34.06323
2017-10-05 02:45:00,290.57,290.57,290.12,290.55,1.42626
2017-10-05 03:00:00,290.1,291.0,289.06,290.59,37.23352
2017-10-05 03:15:00,290.44,291.19,289.77,290.68,19.15596
2017-10-05 03:30:00,290.68,291.62,289.06,290.0,132.39195
2017-10-05 03:45:00,290.04,291.78,289.07,291.25,75.99387
2017-10-05 04:00:00,291.11,291.5,290.0,291.25,17.88648
2017-10-05 04:15:00,291.25,291.5,290.58,290.63,15.59939
2017-10-05 04:30:00,290.63,291.37,289.0,289.73,49.8448
2017-10-05 04:45:00,289.0,289.87,288.0,289.13,77.24056
2017-10-05 05:00:00,289.13,291.35,289.13,291.19,54.69982
2017-10-05 05:15:00,291.25,292.0,290.72,291.75,27.72018
2017-10-05 05:30:00,291.0,292.0,290.76,292.0,11.38051
2017-10-05 05:45:00,292.0,292.0,292.0,292.0,0.93173
2017-10-05 06:00:00,291.77,292.76,291.0,291.09,10.16149
2017-10-05 06:15:00,291.94,292.07,291.11,291.33,4.46827
2017-10-05 06:30:00,291.33,291.66,290.64,291.65,23.0037
2017-10-05 06:45:00,291.83,292.77,291.65,292.77,14.58856
2017-10-05 07:00:00,292.77,293.0,291.25,291.38,33.30365
2017-10-05 07:15:00,292.14,292.28,290.69,291.82,6.75291
2017-10-05 07:30:00,292.78,292.79,290.72,290.72,9.67599
2017-10-05 07:45:00,290.72,291.99,290.63,291.99,19.8435
2017-10-05 08:00:00,290.0,292.38,289.24,291.99,32.41892
2017-10-05 08:15:00,291.01,292.79,290.0,292.79,23.65597
2017-10-05 08:30:00,292.02,292.79,291.32,292.23,4.48785
2017-10-05 08:45:00,292.24,293.5,291.56,292.66,45.45242
2017-10-05 09:00:00,292.65,294.0,291.77,292.4,38.29273
2017-10-05 09:15:00,292.0,292.39,291.21,292.39,9.90511
2017-10-05 09:30:00,291.8,292.39,291.21,292.2,17.61158
2017-10-05 09:45:00,292.2,293.82,292.2,292.52,18.57323
2017-10-05 10:00:00,293.18,294.5,292.52,293.88,30.07797
2017-10-05 10:15:00,294.8,294.8,292.87,293.67,8.51302
2017-10-05 10:30:00,293.68,294.37,292.9,293.0,21.67498
2017-10-05 10:45:00,293.5,294.79,292.86,293.49,64.72784
2017-10-05 11:00:00,293.02,294.36,293.02,293.7,7.37837
2017-10-05 11:15:00,294.23,294.23,289.13,289.13,43.70055
2017-10-05 11:30:00,289.94,289.94,289.13,289.13,3.68782
2017-10-05 11:45:00,289.13,289.89,289.0,289.71,47.40751
2017-10-05 12:00:00,289.82,290.25,286.43,287.03,119.72515
2017-10-05 12:15:00,287.89,288.0,286.0,287.0,31.82351
2017-10-05 12:30:00,287.0,288.74,287.0,288.74,90.62377
2017-10-05 12:45:00,287.93,290.24,287.12,289.5,56.00436
2017-10-05 13:00:00,288.3,290.24,287.5,290.24,28.08826
2017-10-05 13:15:00,289.2,290.27,287.11,288.46,74.9971
2017-10-05 13:30:00,288.43,288.43,286.81,288.0,48.26005
2017-10-05 13:45:00,287.75,287.75,286.37,286.37,6.4469
2017-10-05 14:00:00,286.43,288.33,285.53,287.73,86.08681
2017-10-05 14:15:00,287.73,288.21,285.53,285.59,168.96459
2017-10-05 14:30:00,287.75,287.75,285.61,286.93,97.10072
2017-10-05 14:45:00,287.62,287.95,286.3,287.82,79.72984
2017-10-05 15:00:00,287.83,288.81,287.02,288.81,50.14714
2017-10-05 15:15:00,287.26,290.26,287.26,288.81,19.88587
2017-10-05 15:30:00,288.82,290.26,288.81,288.81,25.97693
2017-10-05 15:45:00,288.82,289.62,288.81,289.12,7.88799
2017-10-05 16:00:00,288.81,289.41,287.02,288.37,12.31566
2017-10-05 16:15:00,288.17,288.38,287.18,287.78,32.04862
2017-10-05 16:30:00,287.79,288.61,287.16,287.16,46.54694
2017-10-05 16:45:00,287.2,287.24,286.0,287.03,33.60027
2017-10-05 17:00:00,287.24,288.5,287.03,288.0,42.19763
2017-10-05 17:15:00,288.0,288.6,288.0,288.5,19.86212
2017-10-05 17:30:00,288.5,291.15,288.25,291.15,96.74917
2017-10-05 17:45:00,289.14,291.84,288.44,290.19,62.25378
2017-10-05 18:00:00,290.16,290.98,289.14,290.94,12.89296
2017-10-05 18:15:00,290.12,290.94,289.29,290.94,20.76235
2017-10-05 18:30:00,290.88,291.99,290.24,291.99,57.61189
2017-10-05 18:45:00,292.0,292.76,290.66,291.5,21.14162
2017-10-05 19:00:00,291.5,291.5,290.68,290.72,26.17975
2017-10-05 19:15:00,290.72,291.33,289.29,289.63,38.78032
2017-10-05 19:30:00,290.44,291.25,289.63,291.25,13.13265
2017-10-05 19:45:00,290.5,291.25,289.72,289.72,21.17016
2017-10-05 20:00:00,290.39,294.0,289.29,293.68,126.26336
2017-10-05 20:15:00,293.6,293.68,292.8,292.8,22.32647
2017-10-05 20:30:00,293.31,295.0,292.13,293.08,91.43484
2017-10-05 20:45:00,294.99,295.12,292.5,293.08,27.14361
2017-10-05 21:00:00,292.8,293.95,292.0,292.74,26.45963
2017-10-05 21:15:00,292.75,293.37,292.0,293.29,7.1511
2017-10-05 21:30:00,293.29,293.5,293.29,293.3,37.81992
2017-10-05 21:45:00,293.64,295.04,293.26,295.04,15.81025
2017-10-05 22:00:00,295.04,295.04,292.61,295.0,42.009
2017-10-05 22:15:00,295.1,295.62,293.61,293.94,42.68405
2017-10-05 22:30:00,293.61,293.96,293.0,293.4,41.87227
2017-10-05 22:45:00,293.4,294.25,293.0,293.0,16.75705
2017-10-05 23:00:00,293.62,295.0,293.01,293.03,19.60941
2017-10-05 23:15:00,294.24,294.24,293.03,293.9,15.16225
2017-10-05 23:30:00,294.11,295.89,293.64,294.99,37.06755
2017-10-05 23:45:00,294.99,296.17,294.0,294.51,45.32046
2017-10-06 00:00:00,295.0,296.07,294.34,294.4,39.85008
2017-10-06 00:15:00,295.99,296.13,294.34,294.34,80.84101
2017-10-06 00:30:00,294.12,296.07,294.0,294.21,48.91458
2017-10-06 00:45:00,294.21,296.07,294.21,295.98,27.7223
2017-10-06 01:00:00,294.21,295.09,294.21,295.09,0.52713
2017-10-06 01:15:00,296.1,297.0,293.6,295.8,224.48943
2017-10-06 01:30:00,295.79,297.0,293.8,295.79,63.63346
2017-10-06 01:45:00,295.79,295.79,295.04,295.37,18.06227
2017-10-06 02:00:00,295.56,295.56,294.02,294.02,36.14588
2017-10-06 02:15:00,294.24,295.8,294.0,294.01,35.73267
2017-10-06 02:30:00,295.04,296.06,295.0,296.06,21.61408
2017-10-06 02:45:00,295.36,296.06,294.65,295.66,4.68424
2017-10-06 03:00:00,295.56,296.05,294.0,296.05,7.20041
2017-10-06 03:15:00,295.51,296.06,295.01,296.06,19.95636
2017-10-06 03:30:00,296.03,296.99,296.03,296.99,10.96286
2017-10-06 03:45:00,296.99,296.99,296.99,296.99,0.1
2017-10-06 04:00:00,296.99,296.99,296.99,296.99,0.47604
2017-10-06 04:15:00,296.03,296.32,294.16,296.31,5.45222
2017-10-06 04:30:00,296.32,296.42,295.62,296.22,7.54103
2017-10-06 04:45:00,295.63,297.0,295.62,295.62,39.04912
2017-10-06 05:00:00,296.49,296.89,295.68,296.18,7.87792
2017-10-06 05:15:00,295.95,296.2,295.73,295.79,7.69088
2017-10-06 05:30:00,295.74,296.39,295.74,296.39,2.48688
2017-10-06 05:45:00,296.0,296.07,295.62,296.0,10.54189
2017-10-06 06:00:00,295.62,295.86,295.62,295.62,6.42474
2017-10-06 06:15:00,295.62,296.67,295.62,296.2,19.18675
2017-10-06 06:30:00,296.7,296.7,295.8,296.03,10.06239
2017-10-06 06:45:00,296.07,297.0,296.01,296.37,7.4198
2017-10-06 07:00:00,296.97,297.44,296.5,296.74,12.88301
2017-10-06 07:15:00,296.76,297.02,296.09,296.7,12.9212
2017-10-06 07:30:00,296.73,297.38,294.03,295.25,26.54498
2017-10-06 07:45:00,295.35,295.99,294.81,294.81,13.94258
2017-10-06 08:00:00,294.78,295.13,293.78,293.78,31.3508
2017-10-06 08:15:00,293.78,297.5,293.78,294.87,69.51153
2017-10-06 08:30:00,294.87,295.56,294.87,295.56,5.1005
2017-10-06 08:45:00,295.55,295.62,295.0,295.62,31.17347
2017-10-06 09:00:00,295.62,295.62,294.94,295.01,7.51121
2017-10-06 09:15:00,295.32,296.12,295.01,295.4,28.66045
2017-10-06 09:30:00,294.88,296.36,294.88,294.88,51.0719
2017-10-06 09:45:00,295.37,295.58,293.78,294.54,22.03953
2017-10-06 10:00:00,294.45,294.47,294.12,294.43,18.42756
2017-10-06 10:15:00,294.39,295.51,293.8,295.06,94.97686
2017-10-06 10:30:00,296.0,296.0,293.79,294.97,6.96424
2017-10-06 10:45:00,295.0,296.0,293.99,294.62,16.58826
2017-10-06 11:00:00,294.51,294.94,293.85,293.9,1.88898
2017-10-06 11:15:00,294.25,295.12,294.0,294.15,5.56755
2017-10-06 11:30:00,295.04,295.57,294.15,295.53,4.00624
2017-10-06 11:45:00,295.51,295.52,294.17,295.52,16.56693
2017-10-06 12:00:00,295.01,295.88,294.26,294.89,21.91387
2017-10-06 12:15:00,295.01,295.35,294.66,295.35,9.14918
2017-10-06 12:30:00,295.02,296.55,294.94,295.67,66.80398
2017-10-06 12:45:00,296.59,296.81,295.67,296.74,15.29501
2017-10-06 13:00:00,296.27,297.35,295.4,296.7,175.43265
2017-10-06 13:15:00,297.35,297.35,295.68,295.83,21.1866
2017-10-06 13:30:00,296.37,297.21,296.35,296.75,5.79459
2017-10-06 13:45:00,296.74,299.25,296.15,298.62,105.45576
2017-10-06 14:00:00,298.63,299.79,297.5,298.66,49.72734
2017-10-06 14:15:00,298.86,299.61,298.02,299.0,11.52356
2017-10-06 14:30:00,299.46,300.14,299.02,299.62,84.1381
2017-10-06 14:45:00,299.63,300.14,299.13,300.14,15.64342
2017-10-06 15:00:00,300.59,301.74,300.34,301.18,36.31601
2017-10-06 15:15:00,301.3,301.9,299.01,300.46,73.02702
2017-10-06 15:30:00,299.9,300.12,299.2,299.63,65.95576
2017-10-06 15:45:00,299.9,300.36,298.77,300.29,26.44069
2017-10-06 16:00:00,299.81,301.88,299.41,300.34,58.80257
2017-10-06 16:15:00,299.31,300.22,298.61,300.22,34.5058
2017-10-06 16:30:00,299.19,300.71,299.18,300.43,60.81214
2017-10-06 16:45:00,300.43,300.62,298.58,300.25,57.5708
2017-10-06 17:00:00,300.52,300.94,299.9,300.86,19.71146
2017-10-06 17:15:00,300.38,301.41,299.91,301.0,46.01508
2017-10-06 17:30:00,301.72,301.89,300.42,301.87,15.92617
2017-10-06 17:45:00,301.32,301.8,300.75,301.0,13.38269
2017-10-06 18:00:00,301.4,302.75,301.4,302.0,82.51254
2017-10-06 18:15:00,302.19,302.38,301.3,302.3,16.43511
2017-10-06 18:30:00,302.3,302.75,301.4,301.5,75.92593
2017-10-06 18:45:00,301.53,302.9,301.31,301.9,81.614
2017-10-06 19:00:00,301.9,302.88,301.25,301.91,68.35954
2017-10-06 19:15:00,301.75,302.88,301.14,301.14,26.52361
2017-10-06 19:30:00,301.8,301.91,300.72,300.82,10.3729
2017-10-06 19:45:00,301.33,301.92,300.78,301.22,42.31957
2017-10-06 20:00:00,301.89,301.95,300.92,301.43,32.76943
2017-10-06 20:15:00,301.48,302.74,301.1,302.02,57.82245
2017-10-06 20:30:00,302.11,303.0,302.0,302.14,25.73161
2017-10-06 20:45:00,302.4,303.43,302.0,303.0,64.91456
2017-10-06 21:00:00,303.0,303.38,300.0,300.04,136.70563
2017-10-06 21:15:00,300.79,300.79,300.04,300.63,4.34128
2017-10-06 21:30:00,300.04,300.58,298.46,298.46,72.66811
2017-10-06 21:45:00,298.63,299.99,298.24,299.46,27.17754
2017-10-06 22:00:00,299.45,299.7,298.24,299.33,60.39982
2017-10-06 22:15:00,299.57,300.55,298.52,300.55,81.18995
2017-10-06 22:30:00,300.55,302.0,300.48,300.5,33.76324
2017-10-06 22:45:00,301.22,302.12,300.45,301.43,13.20892
2017-10-06 23:00:00,301.77,303.88,300.99,302.11,50.19823
2017-10-06 23:15:00,301.54,303.89,301.46,303.39,56.6797
2017-10-06 23:30:00,302.98,302.98,302.13,302.15,36.16805
2017-10-06 23:45:00,302.16,302.27,301.0,301.67,40.35766
2017-10-07 00:00:00,301.68,302.58,301.17,301.72,100.63469
2017-10-07 00:15:00,301.82,302.66,301.26,302.03,15.51929
2017-10-07 00:30:00,302.15,302.72,301.27,302.7,37.34622
2017-10-07 00:45:00,302.67,303.75,302.26,302.52,26.77943
2017-10-07 01:00:00,302.52,303.52,302.5,302.69,6.15554
2017-10-07 01:15:00,303.07,303.66,302.14,303.02,21.85666
2017-10-07 01:30:00,303.12,303.98,302.48,303.11,14.2783
2017-10-07 01:45:00,303.12,303.99,300.7,303.5,130.05669
2017-10-07 02:00:00,303.75,303.87,301.75,301.75,25.58967
2017-10-07 02:15:00,301.75,301.75,301.1,301.34,5.60973
2017-10-07 02:30:00,301.64,302.36,301.08,301.11,15.46027
2017-10-07 02:45:00,302.31,303.0,301.47,302.99,54.94519
2017-10-07 03:00:00,303.0,303.0,301.54,302.09,10.32692
2017-10-07 03:15:00,302.08,302.43,300.66,301.1,17.7347
2017-10-07 03:30:00,301.84,301.84,300.57,301.56,15.52694
2017-10-07 03:45:00,301.5,302.42,300.69,302.01,7.62001
2017-10-07 04:00:00,302.37,302.46,301.09,301.09,17.83862
2017-10-07 04:15:00,301.98,302.37,301.11,302.36,7.17043
2017-10-07 04:30:00,302.39,302.57,301.52,301.63,4.11399
2017-10-07 04:45:00,301.62,302.02,301.57,302.02,4.27311
2017-10-07 05:00:00,302.02,302.02,301.48,301.65,7.78198
2017-10-07 05:15:00,302.0,302.36,300.45,301.06,35.9771
2017-10-07 05:30:00,300.94,301.56,300.45,300.55,8.98898
2017-10-07 05:45:00,300.79,300.85,300.55,300.78,0.96861
2017-10-07 06:00:00,300.53,301.72,300.53,301.72,10.69002
2017-10-07 06:15:00,302.02,302.97,301.68,302.91,3.59134
2017-10-07 06:30:00,302.92,305.0,302.92,305.0,17.22625
2017-10-07 06:45:00,305.0,308.35,303.6,305.0,123.13591
2017-10-07 07:00:00,305.48,307.49,304.84,304.84,43.23059
2017-10-07 07:15:00,306.44,307.23,304.9,305.61,7.18442
2017-10-07 07:30:00,306.01,308.34,306.01,308.34,8.2132
2017-10-07 07:45:00,308.0,310.8,307.65,310.8,35.10315
2017-10-07 08:00:00,309.9,310.6,309.0,310.43,22.4456
2017-10-07 08:15:00,310.9,311.75,309.97,310.07,27.78232
2017-10-07 08:30:00,310.13,311.75,309.2,309.2,11.26479
2017-10-07 08:45:00,309.62,311.78,309.58,309.79,24.10567
2017-10-07 09:00:00,309.6,311.75,309.06,310.66,33.17172
2017-10-07 09:15:00,310.68,311.75,309.89,310.82,23.46125
2017-10-07 09:30:00,310.88,313.0,310.88,311.06,20.26278
2017-10-07 09:45:00,312.0,313.92,311.19,313.92,17.93982
2017-10-07 10:00:00,313.5,314.0,313.0,313.08,32.08011
2017-10-07 10:15:00,313.99,314.28,313.99,314.28,3.26697
2017-10-07 10:30:00,313.08,314.28,313.04,313.11,27.71807
2017-10-07 10:45:00,313.12,314.0,312.0,313.03,69.12693
2017-10-07 11:00:00,313.51,313.98,310.83,311.0,71.55545
2017-10-07 11:15:00,311.92,311.92,309.11,310.77,36.9975
2017-10-07 11:30:00,309.9,312.0,309.24,311.01,22.46343
2017-10-07 11:45:00,311.01,312.55,311.01,311.56,31.61375
2017-10-07 12:00:00,312.42,312.46,311.56,311.56,18.66692
2017-10-07 12:15:00,311.56,312.22,311.56,311.56,26.06894
2017-10-07 12:30:00,311.56,311.64,309.12,310.36,15.66623
2017-10-07 12:45:00,310.23,310.23,309.0,309.14,11.04913
2017-10-07 13:00:00,310.22,310.5,309.01,309.98,17.81532
2017-10-07 13:15:00,309.16,311.85,309.16,311.85,10.1648
2017-10-07 13:30:00,311.75,312.0,310.0,310.0,53.80486
2017-10-07 13:45:00,309.3,310.72,309.18,310.72,5.72291
2017-10-07 14:00:00,310.73,311.79,309.58,309.58,1.96451
2017-10-07 14:15:00,310.88,311.75,310.02,310.02,10.21509
2017-10-07 14:30:00,311.6,311.6,309.59,309.59,1.55115
2017-10-07 14:45:00,309.8,311.83,309.59,309.59,12.25582
2017-10-07 15:00:00,309.59,310.28,303.6,305.85,149.06906
2017-10-07 15:15:00,307.39,307.49,306.0,306.56,42.06638
2017-10-07 15:30:00,307.02,307.49,306.62,306.7,15.50462
2017-10-07 15:45:00,307.49,307.75,306.71,307.01,4.40705
2017-10-07 16:00:00,306.71,307.32,305.76,306.52,8.83048
2017-10-07 16:15:00,306.68,308.0,306.15,306.15,7.12526
2017-10-07 16:30:00,306.15,308.0,305.62,306.02,13.39716
2017-10-07 16:45:00,307.49,308.58,307.0,307.1,42.5289
2017-10-07 17:00:00,307.98,307.98,307.0,307.96,28.02198
2017-10-07 17:15:00,308.34,308.69,307.21,308.66,11.90963
2017-10-07 17:30:00,307.24,308.66,307.24,307.35,5.31627
2017-10-07 17:45:00,307.66,307.66,307.59,307.59,4.91513
2017-10-07 18:00:00,307.35,310.99,307.23,309.5,31.37889
2017-10-07 18:15:00,309.5,309.52,308.01,309.05,6.07763
2017-10-07 18:30:00,309.5,310.0,308.0,308.96,15.53949
2017-10-07 18:45:00,309.02,309.5,308.46,308.46,60.49406
2017-10-07 19:00:00,308.46,308.97,306.0,306.36,37.85872
2017-10-07 19:15:00,307.49,307.49,305.61,305.61,2.70015
2017-10-07 19:30:00,305.61,307.98,305.61,305.61,21.35476
2017-10-07 19:45:00,306.31,306.49,305.63,306.0,6.358
2017-10-07 20:00:00,306.0,306.49,306.0,306.01,21.65381
2017-10-07 20:15:00,306.01,306.95,306.0,306.74,12.05232
2017-10-07 20:30:00,306.73,306.96,306.04,306.47,7.85226
2017-10-07 20:45:00,306.47,306.47,304.99,305.95,42.6053
2017-10-07 21:00:00,305.94,307.79,305.89,307.09,16.95126
2017-10-07 21:15:00,307.08,307.99,306.05,307.89,17.5917
2017-10-07 21:30:00,307.08,307.9,306.1,306.24,8.28074
2017-10-07 21:45:00,307.95,307.95,306.17,306.18,8.37273
2017-10-07 22:00:00,307.07,307.07,306.05,306.95,12.69545
2017-10-07 22:15:00,306.98,307.8,306.01,307.1,13.36892
2017-10-07 22:30:00,307.52,308.81,306.0,308.79,55.84768
2017-10-07 22:45:00,308.97,308.97,308.0,308.97,12.80193
2017-10-07 23:00:00,309.41,309.66,308.0,309.66,22.29662
2017-10-07 23:15:00,309.6,311.89,308.1,309.37,19.62097
2017-10-07 23:30:00,309.49,311.32,308.59,309.85,11.91972
2017-10-07 23:45:00,310.37,310.64,309.07,310.06,9.01033
2017-10-08 00:00:00,310.01,310.66,308.06,310.0,40.71924
2017-10-08 00:15:00,310.33,311.5,308.18,310.89,32.38852
2017-10-08 00:30:00,310.59,311.68,308.54,310.43,22.87378
2017-10-08 00:45:00,310.49,310.54,309.24,309.24,1.14708
2017-10-08 01:00:00,309.24,309.24,309.18,309.18,0.53338
2017-10-08 01:15:00,309.18,309.18,309.18,309.18,0.0
2017-10-08 01:30:00,309.18,309.18,309.0,309.08,4.31625
2017-10-08 01:45:00,309.82,310.45,309.12,309.82,1.66951
2017-10-08 02:00:00,309.87,310.62,309.3,309.3,29.01494
2017-10-08 02:15:00,309.36,310.22,308.21,309.21,3.9315
2017-10-08 02:30:00,310.1,310.1,308.7,309.6,3.99246
2017-10-08 02:45:00,309.99,309.99,309.89,309.9,20.10227
2017-10-08 03:00:00,309.9,309.9,309.9,309.9,3.3
2017-10-08 03:15:00,309.1,309.88,308.31,308.31,12.26352
2017-10-08 03:30:00,308.8,309.0,307.86,308.02,30.71601
2017-10-08 03:45:00,308.02,308.02,308.02,308.02,9.0866
2017-10-08 04:00:00,308.02,308.9,308.02,308.9,7.24793
2017-10-08 04:15:00,309.0,309.0,308.9,308.9,0.75501
2017-10-08 04:30:00,308.9,308.9,308.0,308.0,4.31827
2017-10-08 04:45:00,308.0,308.0,307.71,307.71,2.02313
2017-10-08 05:00:00,308.0,308.89,308.0,308.88,6.02253
2017-10-08 05:15:00,308.9,308.9,307.71,308.3,7.81375
2017-10-08 05:30:00,307.71,308.8,306.34,308.8,2.47943
2017-10-08 05:45:00,308.8,309.04,306.38,309.01,6.54056
2017-10-08 06:00:00,309.01,309.04,308.0,308.71,2.0793
2017-10-08 06:15:00,308.71,309.0,307.4,309.0,3.46157
2017-10-08 06:30:00,309.5,311.85,309.5,311.85,11.60325
2017-10-08 06:45:00,311.86,314.52,311.23,314.07,95.99252
2017-10-08 07:00:00,314.07,318.5,312.18,314.0,196.04447
2017-10-08 07:15:00,314.0,317.07,313.07,313.76,60.15555
2017-10-08 07:30:00,313.08,314.24,312.81,312.81,23.01346
2017-10-08 07:45:00,312.99,313.05,311.01,311.01,52.20777
2017-10-08 08:00:00,311.08,314.45,311.01,313.0,43.7284
2017-10-08 08:15:00,312.27,314.46,312.0,312.26,41.4461
2017-10-08 08:30:00,312.27,313.3,311.01,311.99,77.94103
2017-10-08 08:45:00,312.97,313.14,311.01,311.87,34.16308
2017-10-08 09:00:00,311.68,311.92,311.52,311.89,0.83678
2017-10-08 09:15:00,311.38,312.97,311.13,312.01,13.7566
2017-10-08 09:30:00,312.0,312.01,312.0,312.0,0.64086
2017-10-08 09:45:00,312.14,314.46,312.14,312.51,21.86074
2017-10-08 10:00:00,313.51,313.51,312.28,312.28,27.07308
2017-10-08 10:15:00,312.28,312.41,312.03,312.03,5.36824
2017-10-08 10:30:00,312.11,312.95,312.03,312.45,22.43373
2017-10-08 10:45:00,312.45,314.0,311.1,311.82,51.46279
2017-10-08 11:00:00,311.82,312.89,311.82,311.84,28.91927
2017-10-08 11:15:00,311.86,312.88,311.82,312.36,31.27251
2017-10-08 11:30:00,312.35,312.9,311.82,311.82,30.0589
2017-10-08 11:45:00,311.83,314.1,311.83,312.75,48.67571
2017-10-08 12:00:00,312.5,312.75,312.25,312.75,2.74578
2017-10-08 12:15:00,312.5,312.5,311.03,311.97,74.17247
2017-10-08 12:30:00,311.96,312.36,311.03,311.03,14.11073
2017-10-08 12:45:00,312.0,312.75,311.04,312.69,18.14576
2017-10-08 13:00:00,311.28,312.75,311.28,311.67,36.70617
2017-10-08 13:15:00,311.67,314.44,311.67,311.88,13.4109
2017-10-08 13:30:00,311.99,314.0,311.97,312.23,31.07195
2017-10-08 13:45:00,312.19,313.7,311.96,312.45,17.40817
2017-10-08 14:00:00,312.45,312.45,312.45,312.45,0.0
2017-10-08 14:15:00,311.82,314.0,311.82,314.0,5.25002
2017-10-08 14:30:00,313.97,314.0,312.5,313.39,57.79229
2017-10-08 14:45:00,313.39,313.87,312.8,312.8,23.65125
2017-10-08 15:00:00,312.8,312.95,312.0,312.95,9.14579
2017-10-08 15:15:00,312.95,313.06,311.82,312.59,8.07586
2017-10-08 15:30:00,311.82,312.59,311.02,311.25,3.05684
2017-10-08 15:45:00,311.25,312.34,310.47,311.38,14.49995
2017-10-08 16:00:00,312.0,312.5,312.0,312.5,16.48181
2017-10-08 16:15:00,312.5,313.0,312.34,313.0,9.93192
2017-10-08 16:30:00,312.34,312.99,310.52,311.15,25.51963
2017-10-08 16:45:00,311.07,312.0,310.27,311.18,15.22395
2017-10-08 17:00:00,311.07,311.9,310.25,311.0,30.68547
2017-10-08 17:15:00,311.64,311.64,310.25,310.54,18.39918
2017-10-08 17:30:00,310.53,310.65,309.5,310.21,19.87791
2017-10-08 17:45:00,310.21,311.8,310.21,310.77,8.7636
2017-10-08 18:00:00,310.94,311.11,310.45,310.46,11.81374
2017-10-08 18:15:00,311.11,311.79,310.46,310.92,8.70351
2017-10-08 18:30:00,311.03,312.0,310.19,311.88,47.15717
2017-10-08 18:45:00,311.94,312.45,311.24,312.45,18.6756
2017-10-08 19:00:00,312.05,312.99,311.24,312.99,6.58427
2017-10-08 19:15:00,311.86,312.28,310.43,310.45,59.2353
2017-10-08 19:30:00,310.91,311.37,310.0,310.48,155.99169
2017-10-08 19:45:00,310.84,310.92,310.0,310.43,48.57003
2017-10-08 20:00:00,310.44,311.19,310.02,310.3,33.44467
2017-10-08 20:15:00,310.3,311.35,310.28,310.55,30.93582
2017-10-08 20:30:00,311.35,312.29,310.45,310.45,18.82284
2017-10-08 20:45:00,311.31,311.31,309.5,310.78,25.0641
2017-10-08 21:00:00,310.78,312.4,310.77,311.65,33.39218
2017-10-08 21:15:00,311.67,312.66,311.67,312.22,19.50124
2017-10-08 21:30:00,312.29,313.78,311.95,312.33,84.0158
2017-10-08 21:45:00,312.33,313.73,310.82,311.5,71.81377
2017-10-08 22:00:00,311.5,312.44,310.91,311.93,32.98956
2017-10-08 22:15:00,311.93,313.23,311.93,313.23,60.69784
2017-10-08 22:30:00,313.25,315.0,312.65,314.95,65.09371
2017-10-08 22:45:00,314.6,314.95,312.61,313.25,29.41715
2017-10-08 23:00:00,314.24,315.0,313.25,313.6,123.63544
2017-10-08 23:15:00,313.95,316.47,313.47,313.87,19.23439
2017-10-08 23:30:00,313.88,314.25,313.25,313.75,19.5419
2017-10-08 23:45:00,313.75,314.54,313.25,313.97,3.28321
2017-10-09 00:00:00,313.5,314.71,312.56,313.84,34.80351
2017-10-09 00:15:00,313.56,314.05,312.1,312.52,86.53164
2017-10-09 00:30:00,312.73,314.84,312.11,313.39,46.21453
2017-10-09 00:45:00,312.3,317.07,312.11,313.48,54.1149
2017-10-09 01:00:00,314.0,314.25,313.48,313.51,16.91263
2017-10-09 01:15:00,314.25,314.25,313.51,314.17,13.88681
2017-10-09 01:30:00,313.84,314.17,312.38,312.53,8.0439
2017-10-09 01:45:00,313.39,313.42,312.66,312.66,10.41315
2017-10-09 02:00:00,313.0,313.0,312.17,312.69,39.06154
2017-10-09 02:15:00,312.22,313.0,312.22,313.0,6.23291
2017-10-09 02:30:00,313.0,313.9,312.17,312.21,31.11307
2017-10-09 02:45:00,312.22,312.58,312.17,312.58,12.54753
2017-10-09 03:00:00,312.17,312.58,311.85,311.86,27.3708
2017-10-09 03:15:00,311.85,312.48,311.13,312.44,3.35429
2017-10-09 03:30:00,311.13,311.13,311.0,311.0,8.68998
2017-10-09 03:45:00,311.06,312.48,310.77,311.66,39.64255
2017-10-09 04:00:00,311.53,312.57,310.86,311.73,17.4821
2017-10-09 04:15:00,311.69,312.52,310.94,311.01,8.10317
2017-10-09 04:30:00,311.81,312.58,311.0,312.19,49.16794
2017-10-09 04:45:00,311.81,312.58,310.99,311.0,35.56102
2017-10-09 05:00:00,312.39,312.54,311.01,311.01,11.65605
2017-10-09 05:15:00,311.78,311.78,310.99,310.99,3.97698
2017-10-09 05:30:00,311.02,311.77,310.99,310.99,35.11676
2017-10-09 05:45:00,310.99,311.05,310.22,310.98,74.31945
2017-10-09 06:00:00,310.22,311.05,310.22,310.62,19.53019
2017-10-09 06:15:00,310.63,310.95,310.22,310.58,47.68354
2017-10-09 06:30:00,310.88,311.05,310.22,310.22,20.99389
2017-10-09 06:45:00,310.78,310.78,309.5,310.14,57.01806
2017-10-09 07:00:00,310.14,311.87,309.0,311.87,15.10166
2017-10-09 07:15:00,310.33,311.65,309.01,309.02,38.47525
2017-10-09 07:30:00,309.02,312.54,309.0,309.95,72.39116
2017-10-09 07:45:00,309.96,314.17,309.68,311.07,34.04087
2017-10-09 08:00:00,311.13,312.13,308.62,308.62,34.5473
2017-10-09 08:15:00,310.37,311.31,308.62,308.62,15.40634
2017-10-09 08:30:00,310.32,311.58,308.62,309.12,44.50972
2017-10-09 08:45:00,310.14,311.0,306.99,306.99,81.11294
2017-10-09 09:00:00,306.99,308.56,306.6,307.5,30.2372
2017-10-09 09:15:00,307.75,308.04,306.36,308.0,45.31551
2017-10-09 09:30:00,308.0,308.53,306.06,308.0,10.89885
2017-10-09 09:45:00,309.07,309.07,307.3,307.61,12.48191
2017-10-09 10:00:00,307.61,309.07,307.61,308.84,5.95968
2017-10-09 10:15:00,307.02,307.89,307.0,307.45,29.35879
2017-10-09 10:30:00,307.89,308.82,307.0,307.03,53.40523
2017-10-09 10:45:00,307.03,308.28,307.0,307.19,28.98083
2017-10-09 11:00:00,308.01,308.32,306.52,306.52,25.67988
2017-10-09 11:15:00,306.07,306.75,305.28,305.28,32.12699
2017-10-09 11:30:00,305.31,306.9,305.28,305.7,51.02891
2017-10-09 11:45:00,306.2,307.43,305.0,305.5,22.62349
2017-10-09 12:00:00,305.0,305.5,303.0,303.2,61.73715
2017-10-09 12:15:00,303.21,304.5,303.0,303.53,16.81143
2017-10-09 12:30:00,303.53,304.2,303.0,303.35,19.03802
2017-10-09 12:45:00,303.35,307.43,303.35,305.68,40.91556
2017-10-09 13:00:00,305.7,306.88,304.22,304.45,26.96994
2017-10-09 13:15:00,305.99,308.79,304.73,306.73,73.62232
2017-10-09 13:30:00,306.74,308.12,306.02,307.1,16.36219
2017-10-09 13:45:00,307.07,308.8,307.07,308.69,24.29486
2017-10-09 14:00:00,308.79,310.0,308.0,308.0,64.11471
2017-10-09 14:15:00,308.0,308.0,306.17,306.17,17.09338
2017-10-09 14:30:00,306.17,306.98,304.1,304.11,61.89039
2017-10-09 14:45:00,304.78,305.24,304.1,304.1,31.95573
2017-10-09 15:00:00,305.1,305.68,304.04,305.05,23.07006
2017-10-09 15:15:00,304.55,304.99,304.04,304.04,9.41209
2017-10-09 15:30:00,304.04,305.05,304.04,305.05,14.61482
2017-10-09 15:45:00,305.05,305.58,304.01,304.02,16.52541
2017-10-09 16:00:00,305.01,305.01,303.0,303.17,7.94801
2017-10-09 16:15:00,303.16,305.04,303.16,304.1,21.765
2017-10-09 16:30:00,303.54,304.59,303.0,303.5,45.48133
2017-10-09 16:45:00,304.0,305.94,302.32,302.38,17.47295
2017-10-09 17:00:00,303.46,304.82,302.5,303.81,29.12272
2017-10-09 17:15:00,303.81,305.34,303.81,305.3,11.38624
2017-10-09 17:30:00,305.22,305.35,303.82,304.35,14.35985
2017-10-09 17:45:00,304.36,305.37,303.81,304.76,8.11636
2017-10-09 18:00:00,305.38,305.74,304.05,305.01,20.30263
2017-10-09 18:15:00,305.01,305.87,304.06,304.09,12.84494
2017-10-09 18:30:00,305.87,306.13,304.13,305.86,22.93064
2017-10-09 18:45:00,305.86,306.87,304.24,305.85,15.87237
2017-10-09 19:00:00,305.87,306.54,305.61,305.78,8.57574
2017-10-09 19:15:00,305.78,306.95,305.61,305.8,42.62578
2017-10-09 19:30:00,306.33,306.63,304.18,304.18,19.71287
2017-10-09 19:45:00,305.17,306.14,304.62,305.63,35.78471
2017-10-09 20:00:00,305.63,305.68,304.69,305.03,8.70413
2017-10-09 20:15:00,304.98,306.12,304.2,305.16,65.4575
2017-10-09 20:30:00,306.11,306.12,304.26,306.0,23.88316
2017-10-09 20:45:00,305.53,306.88,305.14,306.88,19.99588
2017-10-09 21:00:00,306.01,309.31,306.0,307.1,26.05383
2017-10-09 21:15:00,306.85,306.85,305.1,305.1,21.83056
2017-10-09 21:30:00,304.68,307.2,304.58,305.16,202.09357
2017-10-09 21:45:00,305.25,305.42,305.25,305.25,10.92656
2017-10-09 22:00:00,305.25,307.0,304.91,304.92,37.20577
2017-10-09 22:15:00,304.92,307.05,304.92,306.92,3.7692
2017-10-09 22:30:00,305.51,306.92,302.38,302.38,100.56217
2017-10-09 22:45:00,302.75,303.1,301.0,301.0,117.28162
2017-10-09 23:00:00,301.0,301.68,299.2,299.41,116.44314
2017-10-09 23:15:00,299.56,300.0,297.01,298.0,116.5341
2017-10-09 23:30:00,298.0,302.35,297.0,302.24,62.58181
2017-10-09 23:45:00,301.33,301.33,300.0,300.01,23.48731
2017-10-10 00:00:00,300.01,300.9,297.09,298.63,40.50283
2017-10-10 00:15:00,298.8,300.87,298.8,299.93,9.23633
2017-10-10 00:30:00,299.95,300.91,298.82,299.87,20.50502
2017-10-10 00:45:00,299.88,299.96,298.83,299.45,7.52558
2017-10-10 01:00:00,299.9,300.92,299.03,299.95,21.41442
2017-10-10 01:15:00,299.95,299.96,297.0,297.09,90.55503
2017-10-10 01:30:00,297.06,300.0,296.66,296.67,44.28708
2017-10-10 01:45:00,296.67,297.69,293.01,293.01,90.83052
2017-10-10 02:00:00,293.43,295.0,290.01,292.41,177.6126
2017-10-10 02:15:00,291.93,295.0,291.93,295.0,79.45925
2017-10-10 02:30:00,294.5,295.0,291.77,293.5,74.37818
2017-10-10 02:45:00,294.32,294.56,291.76,291.76,50.77421
2017-10-10 03:00:00,292.58,293.26,289.13,289.6,119.2262
2017-10-10 03:15:00,290.8,291.99,287.07,288.14,107.49791
2017-10-10 03:30:00,288.15,288.98,286.66,287.04,111.46926
2017-10-10 03:45:00,287.87,292.0,286.65,288.26,164.63187
2017-10-10 04:00:00,290.14,300.0,290.14,296.01,166.39992
2017-10-10 04:15:00,294.82,298.5,291.02,297.22,55.10093
2017-10-10 04:30:00,297.14,298.9,293.11,294.58,81.12017
2017-10-10 04:45:00,296.02,297.18,290.99,292.5,120.76363
2017-10-10 05:00:00,293.73,297.26,292.48,292.66,145.55873
2017-10-10 05:15:00,293.86,295.19,288.8,293.11,100.61171
2017-10-10 05:30:00,293.12,297.11,290.83,297.05,158.93633
2017-10-10 05:45:00,297.04,299.1,295.63,298.11,146.462
2017-10-10 06:00:00,297.17,298.32,295.66,295.8,15.17384
2017-10-10 06:15:00,295.82,296.94,294.0,295.8,64.75579
2017-10-10 06:30:00,294.67,295.8,293.55,295.31,31.6197
2017-10-10 06:45:00,295.32,296.9,294.96,296.9,90.77192
2017-10-10 07:00:00,296.9,298.0,296.0,297.0,96.46808
2017-10-10 07:15:00,296.0,297.77,294.96,296.21,42.97318
2017-10-10 07:30:00,297.57,297.58,296.21,296.64,12.53358
2017-10-10 07:45:00,296.64,297.19,296.21,297.19,13.00875
2017-10-10 08:00:00,297.35,297.51,296.21,296.24,35.7318
2017-10-10 08:15:00,296.8,298.0,295.0,296.87,181.22769
2017-10-10 08:30:00,295.95,297.99,293.72,295.04,142.89194
2017-10-10 08:45:00,295.04,297.96,293.69,297.55,85.64201
2017-10-10 09:00:00,296.27,297.55,293.73,296.67,111.99023
2017-10-10 09:15:00,296.67,296.67,293.55,293.56,258.93037
2017-10-10 09:30:00,293.56,296.68,293.55,294.01,98.84001
2017-10-10 09:45:00,296.6,297.8,294.01,297.19,139.12304
2017-10-10 10:00:00,297.0,298.0,294.97,298.0,50.55925
2017-10-10 10:15:00,297.3,299.12,296.69,298.0,65.98505
2017-10-10 10:30:00,297.99,298.05,296.73,296.75,41.8989
2017-10-10 10:45:00,297.07,297.43,296.73,297.08,29.56337
2017-10-10 11:00:00,296.73,297.43,296.72,296.82,35.21679
2017-10-10 11:15:00,297.43,298.85,296.82,297.19,20.65653
2017-10-10 11:30:00,297.91,298.99,296.97,298.5,24.8877
2017-10-10 11:45:00,298.49,299.1,298.0,298.55,35.61245
2017-10-10 12:00:00,298.55,299.01,298.1,298.51,11.95118
2017-10-10 12:15:00,298.03,298.03,297.07,297.55,13.48834
2017-10-10 12:30:00,297.07,298.51,296.64,296.64,50.72485
2017-10-10 12:45:00,296.64,297.25,296.61,297.25,23.19898
2017-10-10 13:00:00,297.25,297.81,296.72,297.01,22.68268
2017-10-10 13:15:00,297.01,297.46,296.7,297.13,20.20371
2017-10-10 13:30:00,297.14,299.01,297.13,297.13,25.28741
2017-10-10 13:45:00,298.96,299.78,298.23,299.77,53.8288
2017-10-10 14:00:00,299.77,299.89,298.25,299.7,20.18517
2017-10-10 14:15:00,299.7,299.9,299.0,299.0,13.0442
2017-10-10 14:30:00,299.03,299.9,298.35,298.35,23.66829
2017-10-10 14:45:00,298.36,299.18,298.31,298.75,14.81729
2017-10-10 15:00:00,299.19,300.0,299.19,299.73,21.8751
2017-10-10 15:15:00,299.73,299.74,294.89,297.46,146.22429
2017-10-10 15:30:00,297.46,297.81,296.32,297.07,27.70301
2017-10-10 15:45:00,297.06,297.81,293.0,296.0,117.86953
2017-10-10 16:00:00,296.54,296.55,293.0,295.99,248.27964
2017-10-10 16:15:00,296.0,296.99,295.67,296.99,63.08402
2017-10-10 16:30:00,296.34,297.14,295.02,297.12,81.72436
2017-10-10 16:45:00,297.13,298.28,296.49,297.0,83.56641
2017-10-10 17:00:00,297.0,297.0,295.23,295.23,75.64533
2017-10-10 17:15:00,295.5,299.0,295.5,297.01,90.64512
2017-10-10 17:30:00,297.9,298.64,297.9,298.39,31.11716
2017-10-10 17:45:00,298.39,299.0,297.91,298.52,54.75775
2017-10-10 18:00:00,298.53,298.65,298.1,298.55,4.99728
2017-10-10 18:15:00,298.55,298.76,297.91,298.76,7.88134
2017-10-10 18:30:00,298.77,301.48,298.54,300.48,28.63115
2017-10-10 18:45:00,300.47,301.48,299.3,299.38,12.08148
2017-10-10 19:00:00,299.37,300.76,299.1,299.38,31.52867
2017-10-10 19:15:00,299.31,300.45,299.1,300.45,11.162
2017-10-10 19:30:00,300.45,300.45,300.45,300.45,0.0
2017-10-10 19:45:00,299.77,300.0,299.21,299.21,14.19727
2017-10-10 20:00:00,299.58,300.71,299.53,300.01,33.82977
2017-10-10 20:15:00,300.7,301.39,299.83,300.45,15.11581
2017-10-10 20:30:00,300.45,301.49,299.83,301.18,38.39854
2017-10-10 20:45:00,301.18,301.5,299.83,301.5,43.10149
2017-10-10 21:00:00,301.01,304.38,300.82,302.91,40.02827
2017-10-10 21:15:00,302.9,304.92,300.84,304.0,141.69055
2017-10-10 21:30:00,304.0,304.93,302.73,302.77,50.49085
2017-10-10 21:45:00,303.59,305.86,302.01,303.8,87.9704
2017-10-10 22:00:00,302.6,305.83,302.6,304.8,85.15063
2017-10-10 22:15:00,304.8,305.72,303.01,303.78,56.60798
2017-10-10 22:30:00,303.78,306.0,303.02,306.0,64.2535
2017-10-10 22:45:00,306.0,306.22,302.02,303.84,43.90326
2017-10-10 23:00:00,305.96,305.96,302.3,304.43,47.03725
2017-10-10 23:15:00,304.43,305.9,303.92,304.98,86.84526
2017-10-10 23:30:00,305.9,307.0,303.03,306.0,190.99899
2017-10-10 23:45:00,306.0,307.21,305.29,305.42,142.74455
2017-10-11 00:00:00,307.21,307.3,303.61,305.44,149.33216
2017-10-11 00:15:00,305.44,307.29,303.73,305.44,149.51823
2017-10-11 00:30:00,305.44,307.3,304.01,305.81,273.15347
2017-10-11 00:45:00,305.81,305.92,305.11,305.92,70.38494
2017-10-11 01:00:00,306.9,308.56,305.96,306.43,126.1426
2017-10-11 01:15:00,306.03,308.0,302.01,305.4,174.5519
2017-10-11 01:30:00,302.02,303.84,301.71,301.71,34.72385
2017-10-11 01:45:00,301.71,303.0,300.82,302.03,49.98854
2017-10-11 02:00:00,301.12,303.75,300.64,303.75,74.18335
2017-10-11 02:15:00,303.67,303.76,300.66,300.7,87.03461
2017-10-11 02:30:00,300.7,304.0,300.7,303.91,77.33081
2017-10-11 02:45:00,305.66,308.4,303.19,304.81,72.10868
2017-10-11 03:00:00,304.1,305.5,303.51,303.91,97.93608
2017-10-11 03:15:00,305.88,305.88,303.5,303.7,108.22527
2017-10-11 03:30:00,303.7,304.42,302.0,302.41,25.9515
2017-10-11 03:45:00,302.41,302.41,300.64,300.71,71.27371
2017-10-11 04:00:00,302.41,302.68,300.71,302.68,55.67677
2017-10-11 04:15:00,302.68,304.41,300.66,301.92,87.52996
2017-10-11 04:30:00,301.92,301.92,300.72,300.72,26.66632
2017-10-11 04:45:00,300.88,304.4,300.86,304.4,22.77252
2017-10-11 05:00:00,304.4,304.42,300.63,303.92,56.0085
2017-10-11 05:15:00,300.67,303.92,300.63,300.63,72.76046
2017-10-11 05:30:00,301.93,301.93,300.19,301.92,83.37381
2017-10-11 05:45:00,300.2,303.92,300.18,300.18,56.25953
2017-10-11 06:00:00,302.81,303.92,300.18,301.75,53.10007
2017-10-11 06:15:00,301.75,301.75,300.18,300.18,60.09339
2017-10-11 06:30:00,300.18,301.76,299.12,300.67,88.2208
2017-10-11 06:45:00,299.11,300.67,297.9,299.11,64.12927
2017-10-11 07:00:00,299.11,300.83,298.0,300.01,63.74896
2017-10-11 07:15:00,299.22,300.97,297.9,299.6,236.76067
2017-10-11 07:30:00,300.6,303.37,298.01,303.37,38.16552
2017-10-11 07:45:00,303.37,303.37,298.64,298.64,69.19239
2017-10-11 08:00:00,300.88,304.74,298.64,300.91,95.31799
2017-10-11 08:15:00,301.0,304.74,300.95,304.72,94.96407
2017-10-11 08:30:00,304.72,304.75,301.48,304.75,27.90342
2017-10-11 08:45:00,301.99,304.75,300.12,301.25,98.11808
2017-10-11 09:00:00,300.12,302.0,298.61,301.23,141.81052
2017-10-11 09:15:00,300.07,302.0,299.4,299.4,45.2203
2017-10-11 09:30:00,299.4,301.39,299.39,301.39,7.72984
2017-10-11 09:45:00,301.38,302.66,299.46,302.66,17.62526
2017-10-11 10:00:00,302.0,303.01,300.91,300.98,5.64175
2017-10-11 10:15:00,301.69,304.0,300.01,304.0,48.77688
2017-10-11 10:30:00,303.02,304.71,302.83,302.83,36.95888
2017-10-11 10:45:00,302.84,304.33,300.0,301.72,203.71048
2017-10-11 11:00:00,301.72,304.26,300.07,304.0,96.81229
2017-10-11 11:15:00,304.26,305.44,301.0,302.07,154.01644
2017-10-11 11:30:00,302.91,304.67,300.1,304.67,273.74829
2017-10-11 11:45:00,303.86,305.5,302.08,302.27,96.55713
2017-10-11 12:00:00,302.27,305.47,302.12,305.24,38.51921
2017-10-11 12:15:00,304.99,304.99,302.0,302.0,108.6263
2017-10-11 12:30:00,302.42,303.49,300.0,302.42,38.27771
2017-10-11 12:45:00,302.42,303.49,300.01,301.74,100.33423
2017-10-11 13:00:00,302.73,303.5,300.2,300.41,86.71303
2017-10-11 13:15:00,302.75,303.3,300.01,300.01,28.4349
2017-10-11 13:30:00,300.01,303.98,300.01,303.0,37.54957
2017-10-11 13:45:00,300.34,305.48,300.33,304.56,44.55882
2017-10-11 14:00:00,304.56,305.48,301.04,304.99,35.37627
2017-10-11 14:15:00,304.98,305.23,302.19,303.86,13.16068
2017-10-11 14:30:00,303.8,303.86,302.55,303.49,14.61779
2017-10-11 14:45:00,303.85,304.68,303.85,304.49,10.13726
2017-10-11 15:00:00,304.49,305.0,304.49,305.0,1.76278
2017-10-11 15:15:00,304.49,304.99,302.0,304.3,53.05191
2017-10-11 15:30:00,303.59,303.59,302.0,302.0,9.62582
2017-10-11 15:45:00,302.07,304.99,302.07,303.75,31.0241
2017-10-11 16:00:00,302.47,304.64,302.4,303.5,9.50138
2017-10-11 16:15:00,303.5,304.03,301.52,301.52,26.78978
2017-10-11 16:30:00,302.11,302.61,301.04,302.01,121.18028
2017-10-11 16:45:00,302.01,303.54,301.93,302.32,63.02785
2017-10-11 17:00:00,302.32,303.54,301.3,301.91,111.2132
2017-10-11 17:15:00,301.3,301.92,301.3,301.79,184.50238
2017-10-11 17:30:00,301.79,301.92,300.02,300.49,75.29194
2017-10-11 17:45:00,300.01,300.01,298.02,298.37,136.98975
2017-10-11 18:00:00,298.41,299.8,298.41,299.8,4.93033
2017-10-11 18:15:00,299.8,301.6,299.22,301.6,18.49775
2017-10-11 18:30:00,298.44,300.5,298.42,300.5,17.03693
2017-10-11 18:45:00,300.35,300.36,300.35,300.36,6.0
2017-10-11 19:00:00,298.7,300.36,298.7,300.36,19.641
2017-10-11 19:15:00,300.36,300.61,300.36,300.61,28.50266
2017-10-11 19:30:00,300.07,301.87,300.07,301.73,48.01549
2017-10-11 19:45:00,301.73,301.73,301.73,301.73,3.07528
2017-10-11 20:00:00,301.72,301.92,301.1,301.3,5.61025
2017-10-11 20:15:00,302.0,302.0,300.17,300.17,5.59618
2017-10-11 20:30:00,302.75,302.75,301.75,302.75,5.81828
2017-10-11 20:45:00,302.74,302.9,300.19,302.9,8.28419
2017-10-11 21:00:00,302.88,302.9,300.43,300.43,21.097
2017-10-11 21:15:00,300.43,302.91,300.43,302.9,17.8165
2017-10-11 21:30:00,302.9,302.91,302.09,302.09,3.41661
2017-10-11 21:45:00,302.9,302.91,302.9,302.9,5.33153
2017-10-11 22:00:00,302.91,303.99,301.55,302.1,201.1438
2017-10-11 22:15:00,302.1,302.11,302.1,302.11,27.0786
2017-10-11 22:30:00,302.11,302.11,300.53,302.1,4.32784
2017-10-11 22:45:00,300.91,300.91,300.91,300.91,0.5
2017-10-11 23:00:00,301.01,302.1,300.3,300.3,51.61983
2017-10-11 23:15:00,300.27,300.27,300.27,300.27,5.36242
2017-10-11 23:30:00,300.7,300.7,300.58,300.58,8.87096
2017-10-11 23:45:00,300.27,300.27,299.76,299.82,1.66098
2017-10-12 00:00:00,299.86,301.92,299.2,299.2,39.23045
2017-10-12 00:15:00,299.2,299.75,299.2,299.75,1.04431
2017-10-12 00:30:00,299.75,301.89,299.75,301.89,22.25431
2017-10-12 00:45:00,301.89,301.89,300.98,301.16,16.26982
2017-10-12 01:00:00,301.89,301.89,301.89,301.89,2.81698
2017-10-12 01:15:00,300.6,301.99,300.59,301.99,3.3076
2017-10-12 01:30:00,301.99,301.99,300.89,301.2,5.5
2017-10-12 01:45:00,301.05,301.99,301.05,301.99,3.35877
2017-10-12 02:00:00,302.0,302.11,301.39,302.11,3.13132
2017-10-12 02:15:00,301.39,302.0,301.39,302.0,3.238
2017-10-12 02:30:00,302.0,303.55,301.39,303.55,22.37275
2017-10-12 02:45:00,303.55,303.55,303.55,303.55,0.0
2017-10-12 03:00:00,303.5,304.03,302.11,304.03,28.86502
2017-10-12 03:15:00,304.03,304.77,302.11,304.03,67.16054
2017-10-12 03:30:00,304.03,304.73,304.03,304.71,5.71955
2017-10-12 03:45:00,304.04,304.75,304.03,304.03,7.04002
2017-10-12 04:00:00,303.0,303.97,303.0,303.97,0.339
2017-10-12 04:15:00,303.88,303.88,302.12,303.88,2.24178
2017-10-12 04:30:00,302.29,303.85,302.29,303.85,6.16556
2017-10-12 04:45:00,303.02,303.88,303.02,303.29,32.24599
2017-10-12 05:00:00,303.02,303.02,303.02,303.02,0.11
2017-10-12 05:15:00,303.02,303.02,302.0,302.0,2.70083
2017-10-12 05:30:00,302.0,303.87,302.0,303.87,11.16329
2017-10-12 05:45:00,301.61,301.63,300.59,301.63,2.24476
2017-10-12 06:00:00,303.06,303.07,303.0,303.07,7.98
2017-10-12 06:15:00,303.07,303.07,303.07,303.07,0.0
2017-10-12 06:30:00,303.07,303.88,303.07,303.5,15.21296
2017-10-12 06:45:00,303.5,304.01,302.12,303.16,10.16999
2017-10-12 07:00:00,303.29,303.3,303.15,303.15,10.24054
2017-10-12 07:15:00,303.15,303.4,303.15,303.3,30.57232
2017-10-12 07:30:00,304.01,304.01,303.65,303.65,16.28173
2017-10-12 07:45:00,304.01,304.01,304.01,304.01,1.29514
2017-10-12 08:00:00,304.01,304.01,303.65,303.65,0.635
2017-10-12 08:15:00,304.0,304.01,304.0,304.01,2.86657
2017-10-12 08:30:00,304.01,304.8,304.01,304.8,14.14875
2017-10-12 08:45:00,304.8,304.99,303.6,303.6,90.38288
2017-10-12 09:00:00,303.6,305.0,303.6,304.43,69.10867
2017-10-12 09:15:00,304.36,306.0,304.36,306.0,18.32036
2017-10-12 09:30:00,306.37,306.38,305.05,305.07,62.18351
2017-10-12 09:45:00,305.07,306.41,305.07,306.0,23.97003
2017-10-12 10:00:00,306.41,306.98,306.01,306.11,27.21281
2017-10-12 10:15:00,306.11,306.99,306.11,306.99,22.45243
2017-10-12 10:30:00,306.99,307.94,306.99,307.05,30.57499
2017-10-12 10:45:00,307.94,307.94,307.14,307.87,9.93516
2017-10-12 11:00:00,307.5,307.87,305.46,307.86,21.53379
2017-10-12 11:15:00,307.85,308.01,306.0,306.0,126.6146
2017-10-12 11:30:00,305.62,306.44,305.62,306.44,12.34261
2017-10-12 11:45:00,308.0,308.01,305.55,305.55,41.76877
2017-10-12 12:00:00,307.0,307.89,307.0,307.08,3.55313
2017-10-12 12:15:00,307.89,308.01,307.8,308.01,27.55991
2017-10-12 12:30:00,308.01,308.01,308.01,308.01,1.0
2017-10-12 12:45:00,308.0,308.01,308.0,308.01,6.96542
2017-10-12 13:00:00,308.6,308.6,307.08,308.0,7.70835
2017-10-12 13:15:00,308.0,308.0,307.11,307.15,22.67562
2017-10-12 13:30:00,307.15,309.35,307.0,308.34,34.25419
2017-10-12 13:45:00,308.34,309.34,306.5,307.0,62.33969
2017-10-12 14:00:00,308.52,308.53,307.0,308.09,40.88728
2017-10-12 14:15:00,308.09,308.09,307.0,307.0,5.20693
2017-10-12 14:30:00,307.0,308.52,306.25,306.55,36.93091
2017-10-12 14:45:00,306.25,307.85,306.25,306.26,16.05252
2017-10-12 15:00:00,306.26,306.93,306.25,306.26,50.25925
2017-10-12 15:15:00,306.26,306.99,306.02,306.02,60.06567
2017-10-12 15:30:00,306.02,306.02,306.0,306.0,7.69315
2017-10-12 15:45:00,305.56,307.09,305.4,307.09,32.45143
2017-10-12 16:00:00,306.02,308.0,303.8,304.0,305.76671
2017-10-12 16:15:00,305.51,307.02,303.8,307.02,171.57759
2017-10-12 16:30:00,307.02,307.08,304.0,306.08,126.57187
2017-10-12 16:45:00,306.08,306.36,304.05,305.78,136.07949
2017-10-12 17:00:00,306.27,307.03,305.53,307.03,55.93182
2017-10-12 17:15:00,307.03,307.57,307.03,307.26,55.00432
2017-10-12 17:30:00,307.03,307.27,306.01,306.04,41.8434
2017-10-12 17:45:00,306.2,306.36,305.63,306.27,146.86242
2017-10-12 18:00:00,306.27,307.27,304.5,306.62,170.08065
2017-10-12 18:15:00,307.27,308.0,306.62,307.0,16.60856
2017-10-12 18:30:00,307.0,307.1,306.58,306.99,23.31652
2017-10-12 18:45:00,306.99,307.1,306.63,307.1,36.10601
2017-10-12 19:00:00,307.1,310.0,307.1,308.09,184.9723
2017-10-12 19:15:00,308.11,308.11,307.1,307.1,183.51659
2017-10-12 19:30:00,307.1,307.19,305.4,305.42,136.98867
2017-10-12 19:45:00,305.99,307.17,305.94,306.0,95.96742
2017-10-12 20:00:00,306.0,308.0,304.5,307.93,78.43559
2017-10-12 20:15:00,307.36,307.93,306.14,307.92,38.50692
2017-10-12 20:30:00,307.93,308.03,306.5,306.5,167.432
2017-10-12 20:45:00,307.1,308.02,306.5,307.0,132.04005
2017-10-12 21:00:00,306.93,308.64,306.8,308.64,130.69679
2017-10-12 21:15:00,308.56,308.65,307.09,307.1,111.40255
2017-10-12 21:30:00,307.45,308.54,306.9,307.13,53.06531
2017-10-12 21:45:00,307.09,308.65,307.02,307.26,200.83812
2017-10-12 22:00:00,307.18,308.66,307.02,307.63,75.4014
2017-10-12 22:15:00,307.51,308.6,307.15,308.58,68.28273
2017-10-12 22:30:00,308.56,308.73,307.17,307.27,77.14675
2017-10-12 22:45:00,308.7,308.7,307.2,307.32,162.45246
2017-10-12 23:00:00,307.31,308.59,306.89,306.89,205.31239
2017-10-12 23:15:00,307.27,307.65,306.4,306.98,107.25013
2017-10-12 23:30:00,307.37,308.56,307.35,308.54,66.15617
2017-10-12 23:45:00,308.54,308.59,306.4,306.45,219.71104
2017-10-13 00:00:00,306.45,307.53,304.52,304.52,172.50555
2017-10-13 00:15:00,304.52,305.74,304.15,304.51,124.14742
2017-10-13 00:30:00,304.52,306.04,304.13,304.27,121.94918
2017-10-13 00:45:00,304.27,304.88,304.0,304.0,126.29468
2017-10-13 01:00:00,304.01,305.41,304.0,304.03,61.27145
2017-10-13 01:15:00,304.03,305.41,302.71,305.1,111.05525
2017-10-13 01:30:00,303.9,305.27,303.89,304.2,96.07427
2017-10-13 01:45:00,304.19,305.39,304.0,304.01,48.00318
2017-10-13 02:00:00,304.1,305.99,304.1,305.98,48.8781
2017-10-13 02:15:00,305.6,308.0,304.09,304.6,119.33982
2017-10-13 02:30:00,306.8,306.81,304.2,306.72,108.56461
2017-10-13 02:45:00,306.71,306.72,304.09,304.81,130.61757
2017-10-13 03:00:00,305.0,305.0,303.1,303.76,112.25348
2017-10-13 03:15:00,303.77,304.55,302.75,302.86,25.91893
2017-10-13 03:30:00,304.41,304.56,304.4,304.56,29.61172
2017-10-13 03:45:00,304.55,306.0,304.5,305.99,100.68701
2017-10-13 04:00:00,305.95,305.99,304.0,305.99,54.69034
2017-10-13 04:15:00,305.98,306.0,303.88,305.98,48.19802
2017-10-13 04:30:00,305.5,305.5,303.8,304.49,57.76851
2017-10-13 04:45:00,303.9,306.21,303.77,304.49,116.13388
2017-10-13 05:00:00,303.9,306.0,303.8,306.0,38.81618
2017-10-13 05:15:00,306.08,306.21,303.84,305.99,38.88413
2017-10-13 05:30:00,306.0,306.22,303.77,304.55,121.00574
2017-10-13 05:45:00,306.2,307.95,304.03,304.28,83.75541
2017-10-13 06:00:00,307.67,307.91,304.39,306.26,88.86693
2017-10-13 06:15:00,306.26,306.26,304.4,304.6,70.58966
2017-10-13 06:30:00,306.14,306.27,304.39,306.24,141.62739
2017-10-13 06:45:00,306.24,306.25,304.39,306.24,76.13484
2017-10-13 07:00:00,306.23,306.25,304.0,304.05,121.1666
2017-10-13 07:15:00,306.26,308.02,304.05,304.05,126.46177
2017-10-13 07:30:00,304.04,306.87,304.03,306.87,104.68489
2017-10-13 07:45:00,306.86,306.88,303.99,303.99,230.82033
2017-10-13 08:00:00,303.52,305.85,302.74,302.76,123.09362
2017-10-13 08:15:00,303.36,305.86,301.26,301.26,103.58867
2017-10-13 08:30:00,301.29,301.5,301.22,301.23,140.83509
2017-10-13 08:45:00,301.24,302.0,301.11,301.12,202.12557
2017-10-13 09:00:00,301.13,302.38,300.6,300.61,159.11344
2017-10-13 09:15:00,300.75,302.58,300.61,300.88,92.8637
2017-10-13 09:30:00,300.87,302.77,300.61,301.17,184.93167
2017-10-13 09:45:00,301.63,303.91,300.12,300.12,612.65708
2017-10-13 10:00:00,300.21,303.91,298.4,303.91,529.55645
2017-10-13 10:15:00,299.63,302.69,299.63,299.76,398.90629
2017-10-13 10:30:00,299.76,302.59,299.1,299.5,449.06674
2017-10-13 10:45:00,299.49,300.79,297.0,300.69,321.13162
2017-10-13 11:00:00,299.92,305.89,299.92,303.35,146.72826
2017-10-13 11:15:00,303.36,305.22,300.97,303.27,165.4943
2017-10-13 11:30:00,303.26,303.28,300.98,302.7,137.81127
2017-10-13 11:45:00,302.69,304.83,302.2,304.73,90.49692
2017-10-13 12:00:00,304.64,304.99,303.0,303.0,142.2613
2017-10-13 12:15:00,303.01,308.04,303.0,303.78,317.05633
2017-10-13 12:30:00,303.46,303.78,303.0,303.78,82.4366
2017-10-13 12:45:00,303.06,305.37,303.01,303.01,102.91098
2017-10-13 13:00:00,304.0,312.32,303.01,312.32,195.25193
2017-10-13 13:15:00,312.0,318.78,312.0,316.94,448.42574
2017-10-13 13:30:00,316.94,317.99,313.02,313.03,498.18603
2017-10-13 13:45:00,313.03,318.88,313.02,315.37,187.41687
2017-10-13 14:00:00,317.55,319.99,315.2,318.47,487.14784
2017-10-13 14:15:00,318.18,323.77,318.18,323.72,117.49499
2017-10-13 14:30:00,323.72,332.26,323.54,332.26,147.29473
2017-10-13 14:45:00,332.26,339.5,330.36,330.72,381.50042
2017-10-13 15:00:00,331.62,334.0,327.36,331.83,206.29789
2017-10-13 15:15:00,331.84,331.84,326.98,327.02,338.65051
2017-10-13 15:30:00,327.02,327.05,324.0,325.96,266.68611
2017-10-13 15:45:00,325.88,329.78,324.22,328.0,152.41952
2017-10-13 16:00:00,328.53,331.84,328.14,330.08,259.57933
2017-10-13 16:15:00,330.1,333.0,329.17,332.0,578.62891
2017-10-13 16:30:00,332.01,332.07,327.23,327.23,463.74861
2017-10-13 16:45:00,327.2,328.78,325.0,325.0,487.17078
2017-10-13 17:00:00,325.0,327.6,323.82,325.99,146.78082
2017-10-13 17:15:00,325.99,329.89,323.91,323.99,143.6393
2017-10-13 17:30:00,324.01,330.1,323.97,330.1,169.98199
2017-10-13 17:45:00,329.32,330.1,327.0,328.01,154.62999
2017-10-13 18:00:00,328.03,328.08,325.97,325.97,189.7055
2017-10-13 18:15:00,326.0,326.88,325.0,325.04,188.65333
2017-10-13 18:30:00,325.06,325.4,324.12,324.13,58.85499
2017-10-13 18:45:00,324.14,324.53,324.0,324.04,72.5732
2017-10-13 19:00:00,324.04,325.06,323.81,325.04,179.45555
2017-10-13 19:15:00,325.06,328.95,325.04,327.53,120.95966
2017-10-13 19:30:00,327.79,329.0,327.54,328.98,100.64866
2017-10-13 19:45:00,328.99,331.39,328.82,330.44,115.46009
2017-10-13 20:00:00,330.43,335.99,330.43,335.51,221.25752
2017-10-13 20:15:00,336.0,337.45,328.01,334.35,225.05106
2017-10-13 20:30:00,335.44,341.18,334.01,340.05,260.15752
2017-10-13 20:45:00,340.08,345.0,340.08,343.27,120.2375
2017-10-13 21:00:00,343.97,344.6,342.12,344.0,163.04549
2017-10-13 21:15:00,344.02,349.99,343.87,348.3,298.48329
2017-10-13 21:30:00,348.3,349.18,343.34,345.34,231.12552
2017-10-13 21:45:00,345.33,353.96,343.46,345.65,302.4916
2017-10-13 22:00:00,346.05,347.98,339.8,345.01,184.28083
2017-10-13 22:15:00,345.01,345.02,341.04,341.16,175.40181
2017-10-13 22:30:00,341.19,343.98,341.16,341.31,127.54812
2017-10-13 22:45:00,341.35,347.66,341.33,344.11,104.08151
2017-10-13 23:00:00,347.43,347.78,343.01,343.99,93.36051
2017-10-13 23:15:00,343.51,345.02,343.01,343.01,118.61086
2017-10-13 23:30:00,343.24,343.48,341.03,341.54,276.44679
2017-10-13 23:45:00,341.49,343.65,340.87,341.5,249.88058
2017-10-14 00:00:00,342.22,343.65,341.6,341.63,101.62895
2017-10-14 00:15:00,343.6,343.6,341.63,341.68,56.18111
2017-10-14 00:30:00,341.87,345.0,341.68,344.99,87.97267
2017-10-14 00:45:00,344.98,350.0,344.15,348.99,134.51448
2017-10-14 01:00:00,348.0,350.0,347.05,348.98,225.83928
2017-10-14 01:15:00,348.97,351.99,346.25,349.0,161.74843
2017-10-14 01:30:00,348.99,348.99,346.46,347.82,116.38739
2017-10-14 01:45:00,347.05,347.07,346.46,346.46,194.80696
2017-10-14 02:00:00,346.93,347.0,346.46,346.98,95.8813
2017-10-14 02:15:00,346.99,346.99,344.82,344.83,124.1602
2017-10-14 02:30:00,345.0,345.01,344.01,344.01,69.62101
2017-10-14 02:45:00,344.0,346.01,341.6,345.04,134.73608
2017-10-14 03:00:00,345.02,347.0,345.02,346.99,109.40581
2017-10-14 03:15:00,347.0,349.98,346.51,347.02,172.76971
2017-10-14 03:30:00,347.0,347.0,341.6,345.02,147.72674
2017-10-14 03:45:00,345.01,345.02,341.19,341.36,41.10396
2017-10-14 04:00:00,341.36,343.99,341.18,342.17,98.30877
2017-10-14 04:15:00,342.27,343.99,340.51,343.98,62.50763
2017-10-14 04:30:00,340.52,343.99,340.5,343.98,46.52975
2017-10-14 04:45:00,343.98,343.99,340.51,340.51,27.15316
2017-10-14 05:00:00,341.28,343.46,338.01,341.06,77.41478
2017-10-14 05:15:00,341.0,341.0,335.25,335.26,140.32448
2017-10-14 05:30:00,335.25,335.99,333.15,334.56,89.72167
2017-10-14 05:45:00,335.0,343.99,334.54,340.18,197.12661
2017-10-14 06:00:00,340.22,343.98,338.11,338.2,120.96384
2017-10-14 06:15:00,338.47,341.28,338.15,338.21,44.0591
2017-10-14 06:30:00,338.99,339.78,337.31,337.32,48.60276
2017-10-14 06:45:00,337.33,340.0,336.37,338.64,108.61506
2017-10-14 07:00:00,341.9,341.99,338.01,338.04,95.00729
2017-10-14 07:15:00,338.04,341.6,338.02,338.5,89.71363
2017-10-14 07:30:00,338.49,341.49,338.43,338.5,95.39926
2017-10-14 07:45:00,338.87,338.87,336.69,337.96,97.66428
2017-10-14 08:00:00,337.96,341.48,336.81,339.47,111.31406
2017-10-14 08:15:00,338.02,339.46,336.63,337.1,82.13395
2017-10-14 08:30:00,337.08,337.55,335.28,335.29,29.22877
2017-10-14 08:45:00,335.28,337.43,335.27,335.57,54.57546
2017-10-14 09:00:00,335.59,337.19,335.0,335.55,89.32336
2017-10-14 09:15:00,336.5,338.0,335.53,336.85,58.26694
2017-10-14 09:30:00,336.92,337.99,335.52,337.99,101.37816
2017-10-14 09:45:00,337.9,337.99,335.57,337.35,58.6702
2017-10-14 10:00:00,337.35,339.47,335.72,338.0,50.30022
2017-10-14 10:15:00,337.99,337.99,335.71,335.72,66.21341
2017-10-14 10:30:00,337.36,339.46,335.72,338.03,51.05222
2017-10-14 10:45:00,339.45,339.46,335.72,337.17,147.93371
2017-10-14 11:00:00,337.02,339.44,337.0,338.02,78.55991
2017-10-14 11:15:00,338.03,340.0,338.01,339.21,44.82579
2017-10-14 11:30:00,339.98,345.0,339.05,342.0,110.45038
2017-10-14 11:45:00,342.0,343.99,340.3,342.04,58.5487
2017-10-14 12:00:00,343.99,343.99,341.14,341.31,33.12674
2017-10-14 12:15:00,343.98,344.96,342.06,343.98,80.44436
2017-10-14 12:30:00,343.21,343.98,342.0,342.75,154.84139
2017-10-14 12:45:00,342.21,345.01,342.2,342.24,103.90704
2017-10-14 13:00:00,342.24,345.59,340.11,341.99,162.39112
2017-10-14 13:15:00,341.91,341.99,340.12,341.49,134.88207
2017-10-14 13:30:00,341.48,342.0,340.13,341.99,165.06589
2017-10-14 13:45:00,342.0,343.99,342.0,342.22,80.13062
2017-10-14 14:00:00,342.24,343.99,341.51,343.98,135.8603
2017-10-14 14:15:00,343.98,344.97,342.01,344.72,55.70028
2017-10-14 14:30:00,344.69,344.69,342.09,343.89,61.10894
2017-10-14 14:45:00,343.88,347.99,343.0,343.93,36.19876
2017-10-14 15:00:00,343.92,347.96,343.91,345.98,75.6445
2017-10-14 15:15:00,344.04,347.99,344.03,346.01,52.7628
2017-10-14 15:30:00,346.01,348.0,346.01,347.99,54.88256
2017-10-14 15:45:00,347.98,349.77,346.53,346.53,61.5287
2017-10-14 16:00:00,347.48,348.78,346.53,346.55,105.68669
2017-10-14 16:15:00,346.65,347.93,346.18,347.49,154.36615
2017-10-14 16:30:00,347.49,347.49,346.23,346.28,77.33487
2017-10-14 16:45:00,346.27,347.74,346.25,346.6,91.39963
2017-10-14 17:00:00,347.74,349.63,347.02,349.63,75.707
2017-10-14 17:15:00,347.95,349.79,347.95,349.74,92.27456
2017-10-14 17:30:00,349.74,349.74,347.95,349.51,82.82154
2017-10-14 17:45:00,347.98,349.49,347.95,349.41,104.10747
2017-10-14 18:00:00,349.41,349.8,347.76,348.21,59.70628
2017-10-14 18:15:00,348.2,348.22,346.24,346.24,64.70404
2017-10-14 18:30:00,348.08,348.08,346.19,347.83,17.98852
2017-10-14 18:45:00,347.82,347.82,346.18,346.18,48.95235
2017-10-14 19:00:00,347.82,347.82,340.27,341.52,118.47579
2017-10-14 19:15:00,341.51,343.99,341.51,341.63,172.9499
2017-10-14 19:30:00,341.5,341.51,340.11,341.51,121.65566
2017-10-14 19:45:00,341.53,343.71,340.14,341.91,104.7291
2017-10-14 20:00:00,341.91,343.88,341.9,342.01,28.81825
2017-10-14 20:15:00,342.03,344.33,342.02,344.16,64.86314
2017-10-14 20:30:00,344.14,344.33,340.17,342.07,37.80253
2017-10-14 20:45:00,342.07,343.06,340.31,340.33,24.42372
2017-10-14 21:00:00,342.56,343.74,340.31,343.41,164.40001
2017-10-14 21:15:00,340.33,343.81,340.32,343.77,37.98385
2017-10-14 21:30:00,343.77,343.84,341.29,343.69,100.309
2017-10-14 21:45:00,343.68,343.7,340.35,342.84,119.22552
2017-10-14 22:00:00,341.0,343.26,340.32,343.26,122.25536
2017-10-14 22:15:00,341.59,342.13,341.56,342.11,75.16662
2017-10-14 22:30:00,342.09,343.27,341.78,342.46,78.87779
2017-10-14 22:45:00,342.47,343.99,342.43,342.43,101.17192
2017-10-14 23:00:00,342.42,343.37,342.0,342.44,84.59161
2017-10-14 23:15:00,342.44,343.98,342.15,343.0,44.30085
2017-10-14 23:30:00,343.22,344.33,342.4,344.32,175.80474
2017-10-14 23:45:00,343.89,345.93,343.89,344.04,58.47836
2017-10-15 00:00:00,344.15,348.09,344.07,348.09,82.06271
2017-10-15 00:15:00,348.09,349.79,347.0,348.99,27.83973
2017-10-15 00:30:00,349.78,349.78,346.01,347.0,48.40252
2017-10-15 00:45:00,347.81,347.82,345.57,347.69,20.35638
2017-10-15 01:00:00,345.52,347.88,345.51,345.61,70.65346
2017-10-15 01:15:00,345.62,347.5,345.4,345.51,78.65996
2017-10-15 01:30:00,345.53,346.38,345.4,345.92,114.86019
2017-10-15 01:45:00,345.42,345.92,345.4,345.42,156.48287
2017-10-15 02:00:00,345.91,345.92,345.13,345.13,262.1268
2017-10-15 02:15:00,345.22,345.32,345.11,345.15,223.19764
2017-10-15 02:30:00,345.13,345.16,344.01,344.01,55.85703
2017-10-15 02:45:00,344.82,345.15,343.82,343.83,77.85235
2017-10-15 03:00:00,343.83,344.0,343.01,343.99,77.76097
2017-10-15 03:15:00,344.0,349.7,343.5,349.69,88.19497
2017-10-15 03:30:00,348.23,348.25,346.12,348.0,34.90019
2017-10-15 03:45:00,348.0,348.24,346.09,348.06,36.33594
2017-10-15 04:00:00,348.05,348.12,346.09,346.27,53.14119
2017-10-15 04:15:00,348.09,348.09,345.93,347.91,54.66011
2017-10-15 04:30:00,347.91,347.93,345.93,346.82,19.68802
2017-10-15 04:45:00,346.53,347.98,344.01,347.88,36.44929
2017-10-15 05:00:00,347.95,347.99,347.88,347.96,61.2707
2017-10-15 05:15:00,347.94,347.95,347.85,347.94,43.89082
2017-10-15 05:30:00,347.93,347.95,347.62,347.95,58.78585
2017-10-15 05:45:00,347.94,347.95,346.2,347.94,57.15811
2017-10-15 06:00:00,347.94,347.95,347.74,347.75,35.80869
2017-10-15 06:15:00,347.95,347.95,347.88,347.95,31.36564
2017-10-15 06:30:00,345.5,347.95,345.5,347.55,33.0929
2017-10-15 06:45:00,347.48,347.5,343.49,343.49,65.85616
2017-10-15 07:00:00,344.98,345.99,342.09,344.82,26.08566
2017-10-15 07:15:00,344.89,344.9,341.72,343.9,35.42881
2017-10-15 07:30:00,343.88,343.92,341.19,341.2,80.02045
2017-10-15 07:45:00,341.19,345.99,340.0,342.0,131.13445
2017-10-15 08:00:00,342.0,344.0,341.52,343.99,123.12927
2017-10-15 08:15:00,343.99,347.94,342.71,347.94,86.98917
2017-10-15 08:30:00,347.94,348.0,344.5,347.99,47.38274
2017-10-15 08:45:00,347.98,347.99,343.51,347.9,54.86622
2017-10-15 09:00:00,344.0,345.99,343.01,343.02,121.703
2017-10-15 09:15:00,343.02,345.43,342.02,342.02,94.58104
2017-10-15 09:30:00,342.02,346.14,342.02,346.04,89.14474
2017-10-15 09:45:00,346.04,347.91,341.0,341.67,210.32992
2017-10-15 10:00:00,341.66,341.7,340.0,341.68,72.80503
2017-10-15 10:15:00,341.68,341.73,340.0,340.77,183.46402
2017-10-15 10:30:00,340.25,340.94,340.09,340.35,26.64121
2017-10-15 10:45:00,340.38,342.19,340.37,340.53,25.78534
2017-10-15 11:00:00,342.0,343.99,340.19,340.36,56.76467
2017-10-15 11:15:00,340.39,340.57,340.2,340.56,153.87219
2017-10-15 11:30:00,340.55,340.57,340.2,340.23,297.49554
2017-10-15 11:45:00,340.23,340.57,337.62,338.03,95.03018
2017-10-15 12:00:00,338.04,339.04,338.03,339.04,89.22679
2017-10-15 12:15:00,339.98,340.55,339.04,339.31,73.18217
2017-10-15 12:30:00,339.32,343.97,339.31,341.13,64.54294
2017-10-15 12:45:00,341.13,345.04,340.01,342.0,137.26438
2017-10-15 13:00:00,342.0,342.02,340.09,342.01,71.58844
2017-10-15 13:15:00,342.0,342.02,340.1,340.69,70.07919
2017-10-15 13:30:00,340.7,340.71,340.06,340.1,181.56632
2017-10-15 13:45:00,340.1,340.7,339.9,339.91,186.75363
2017-10-15 14:00:00,340.07,340.7,339.41,340.07,64.11393
2017-10-15 14:15:00,339.41,339.99,337.03,339.99,76.06251
2017-10-15 14:30:00,339.99,339.99,337.04,339.98,81.92673
2017-10-15 14:45:00,340.0,341.97,338.78,341.97,99.95087
2017-10-15 15:00:00,341.97,341.98,340.06,340.22,70.25334
2017-10-15 15:15:00,340.12,341.95,339.71,341.77,56.24488
2017-10-15 15:30:00,341.78,341.82,340.34,340.34,42.01288
2017-10-15 15:45:00,340.34,341.52,340.34,341.49,88.11833
2017-10-15 16:00:00,341.4,341.88,335.1,335.1,206.62262
2017-10-15 16:15:00,337.11,339.66,335.1,336.75,79.36211
2017-10-15 16:30:00,336.75,337.6,332.45,333.72,260.45547
2017-10-15 16:45:00,333.88,334.1,331.6,331.89,191.23398
2017-10-15 17:00:00,331.89,331.9,325.0,326.98,283.52857
2017-10-15 17:15:00,326.98,328.58,325.17,326.06,160.76606
2017-10-15 17:30:00,326.07,328.58,325.19,325.2,86.77298
2017-10-15 17:45:00,325.22,325.26,323.02,323.1,129.31902
2017-10-15 18:00:00,323.1,323.26,316.17,323.01,481.78942
2017-10-15 18:15:00,323.24,324.94,321.01,321.01,113.2119
2017-10-15 18:30:00,321.02,324.87,321.01,324.01,101.66202
2017-10-15 18:45:00,324.0,325.99,323.51,324.52,76.12657
2017-10-15 19:00:00,324.51,326.1,324.51,326.08,112.41312
2017-10-15 19:15:00,325.7,326.06,323.71,324.21,173.14142
2017-10-15 19:30:00,324.02,325.2,321.33,321.6,139.14511
2017-10-15 19:45:00,321.17,321.58,318.01,318.06,159.10598
2017-10-15 20:00:00,319.3,321.6,318.8,321.58,156.70192
2017-10-15 20:15:00,320.74,323.41,320.01,323.39,273.44066
2017-10-15 20:30:00,323.38,323.4,322.01,323.34,161.14142
2017-10-15 20:45:00,323.02,323.34,322.0,323.18,75.0259
2017-10-15 21:00:00,322.02,323.36,321.0,321.52,57.12792
2017-10-15 21:15:00,321.52,325.0,320.01,323.1,147.49284
2017-10-15 21:30:00,323.1,324.15,321.75,324.02,51.11247
2017-10-15 21:45:00,324.01,325.0,324.01,325.0,101.84405
2017-10-15 22:00:00,324.98,327.99,324.82,327.99,167.87228
2017-10-15 22:15:00,327.98,328.96,326.0,326.05,101.30215
2017-10-15 22:30:00,328.57,328.57,326.28,326.93,36.58813
2017-10-15 22:45:00,326.96,332.0,326.96,332.0,85.18535
2017-10-15 23:00:00,332.99,335.0,329.02,332.99,143.86557
2017-10-15 23:15:00,332.97,333.0,330.13,331.13,88.35259
2017-10-15 23:30:00,331.18,335.0,331.18,333.89,98.67683
2017-10-15 23:45:00,333.9,335.27,332.0,333.56,116.6277
2017-10-16 00:00:00,333.55,333.56,330.12,331.86,15.11903
2017-10-16 00:15:00,330.12,331.85,330.12,330.12,106.75012
2017-10-16 00:30:00,330.11,331.86,327.01,327.01,83.36194
2017-10-16 00:45:00,327.0,327.98,325.15,327.8,114.42474
2017-10-16 01:00:00,327.68,329.98,325.16,329.98,177.65066
2017-10-16 01:15:00,329.98,329.99,328.49,328.5,31.8025
2017-10-16 01:30:00,328.51,329.79,328.5,329.69,33.59877
2017-10-16 01:45:00,329.55,330.2,328.49,330.09,156.76851
2017-10-16 02:00:00,328.56,330.2,328.5,330.16,68.52528
2017-10-16 02:15:00,330.15,330.98,328.0,330.08,80.4008
2017-10-16 02:30:00,329.95,330.19,328.01,329.01,70.11566
2017-10-16 02:45:00,330.19,330.19,327.27,330.18,71.13499
2017-10-16 03:00:00,330.18,330.18,328.32,330.13,67.78672
2017-10-16 03:15:00,330.12,331.99,330.12,331.99,118.48813
2017-10-16 03:30:00,331.98,331.99,330.34,331.99,85.19824
2017-10-16 03:45:00,330.41,333.91,330.36,330.36,57.6428
2017-10-16 04:00:00,330.38,333.91,330.37,330.51,99.32088
2017-10-16 04:15:00,330.57,333.27,326.97,328.45,51.83607
2017-10-16 04:30:00,328.46,331.64,328.01,328.02,44.8823
2017-10-16 04:45:00,328.02,330.0,328.01,328.01,51.22247
2017-10-16 05:00:00,328.02,331.98,328.01,331.98,36.28826
2017-10-16 05:15:00,330.15,333.49,329.38,331.99,41.12127
2017-10-16 05:30:00,333.48,333.9,331.09,333.9,43.73483
2017-10-16 05:45:00,331.22,335.11,331.22,333.42,51.51225
2017-10-16 06:00:00,333.45,337.15,333.02,335.42,111.75749
2017-10-16 06:15:00,335.87,337.97,334.08,334.08,79.95878
2017-10-16 06:30:00,337.59,337.6,334.19,337.59,36.44838
2017-10-16 06:45:00,337.59,337.6,335.12,336.83,37.35168
2017-10-16 07:00:00,336.84,337.99,336.82,337.97,17.65574
2017-10-16 07:15:00,336.85,337.96,336.0,336.02,50.71823
2017-10-16 07:30:00,336.0,337.0,335.12,336.99,72.68361
2017-10-16 07:45:00,337.0,337.97,335.13,337.96,36.20021
2017-10-16 08:00:00,337.5,338.13,336.01,337.99,148.52044
2017-10-16 08:15:00,337.98,338.14,337.96,337.97,68.53846
2017-10-16 08:30:00,337.96,338.15,336.01,338.14,51.29177
2017-10-16 08:45:00,338.08,339.49,338.06,339.48,161.43706
2017-10-16 09:00:00,339.48,339.98,339.15,339.96,72.97988
2017-10-16 09:15:00,339.2,341.98,339.2,341.96,51.06013
2017-10-16 09:30:00,341.96,343.97,340.13,343.97,112.05756
2017-10-16 09:45:00,343.97,344.0,342.01,342.24,115.61324
2017-10-16 10:00:00,342.34,345.12,342.33,344.05,78.42478
2017-10-16 10:15:00,344.05,345.99,344.0,345.96,58.12873
2017-10-16 10:30:00,345.98,349.23,345.98,349.21,62.52832
2017-10-16 10:45:00,348.99,352.21,348.31,349.48,139.98582
2017-10-16 11:00:00,349.38,349.39,346.46,346.91,77.56203
2017-10-16 11:15:00,348.54,348.64,346.87,346.89,56.25793
2017-10-16 11:30:00,346.89,347.79,344.0,344.01,85.45993
2017-10-16 11:45:00,344.01,345.83,342.12,342.86,84.14829
2017-10-16 12:00:00,342.87,345.99,342.86,345.98,64.16498
2017-10-16 12:15:00,346.0,346.69,344.06,344.6,74.81937
2017-10-16 12:30:00,344.59,345.99,344.49,345.98,37.11888
2017-10-16 12:45:00,345.19,346.98,344.07,344.93,49.57717
2017-10-16 13:00:00,345.03,346.7,339.15,339.16,214.60403
2017-10-16 13:15:00,341.81,344.0,339.15,343.5,117.00742
2017-10-16 13:30:00,343.5,354.0,343.5,354.0,382.1892
2017-10-16 13:45:00,352.28,354.0,347.01,350.6,136.08706
2017-10-16 14:00:00,349.84,351.99,349.83,349.92,53.54523
2017-10-16 14:15:00,351.18,351.18,346.0,346.03,135.6071
2017-10-16 14:30:00,348.47,348.47,344.01,344.05,84.32432
2017-10-16 14:45:00,344.76,345.0,344.02,344.99,95.24464
2017-10-16 15:00:00,344.98,344.98,339.07,340.01,163.96941
2017-10-16 15:15:00,340.02,340.86,336.05,338.65,111.34245
2017-10-16 15:30:00,338.65,339.48,336.96,337.7,120.97745
2017-10-16 15:45:00,337.68,339.99,337.02,339.99,73.80516
2017-10-16 16:00:00,339.99,341.0,339.04,340.79,58.70223
2017-10-16 16:15:00,340.8,341.0,337.03,338.02,120.71751
2017-10-16 16:30:00,338.02,342.85,337.24,339.08,133.1865
2017-10-16 16:45:00,342.83,343.59,338.26,343.18,153.15803
2017-10-16 17:00:00,341.01,343.19,339.0,339.43,92.33625
2017-10-16 17:15:00,339.36,339.62,338.01,339.43,100.5756
2017-10-16 17:30:00,339.43,340.0,337.28,337.28,132.74562
2017-10-16 17:45:00,339.95,340.0,338.98,339.01,109.27698
2017-10-16 18:00:00,339.56,339.58,337.26,339.58,49.59967
2017-10-16 18:15:00,339.58,343.98,339.01,343.98,163.53589
2017-10-16 18:30:00,343.97,344.0,343.01,343.99,103.16742
2017-10-16 18:45:00,343.13,345.8,343.02,343.11,40.50587
2017-10-16 19:00:00,343.98,344.06,340.97,343.69,121.40797
2017-10-16 19:15:00,340.98,343.0,337.41,340.22,103.70911
2017-10-16 19:30:00,340.23,342.77,340.21,342.77,71.92762
2017-10-16 19:45:00,341.0,342.73,340.21,340.99,41.56213
2017-10-16 20:00:00,340.24,342.89,340.24,342.67,67.87586
2017-10-16 20:15:00,342.59,342.89,341.63,342.71,56.52003
2017-10-16 20:30:00,342.86,345.67,342.7,343.35,210.39555
2017-10-16 20:45:00,344.75,345.59,343.41,343.45,63.18353
2017-10-16 21:00:00,343.44,345.77,343.44,344.03,70.12863
2017-10-16 21:15:00,344.11,346.0,344.01,344.52,140.16038
2017-10-16 21:30:00,344.32,346.92,343.44,345.31,101.53331
2017-10-16 21:45:00,345.26,345.98,343.52,345.86,191.13607
2017-10-16 22:00:00,345.87,345.87,343.61,343.62,80.9152
2017-10-16 22:15:00,343.62,345.84,343.61,344.6,57.80552
2017-10-16 22:30:00,344.61,345.81,343.6,344.2,48.10537
2017-10-16 22:45:00,344.2,344.5,343.6,343.62,62.39792
2017-10-16 23:00:00,343.61,344.43,343.6,344.08,55.71339
2017-10-16 23:15:00,343.61,344.35,343.01,344.31,87.79809
2017-10-16 23:30:00,344.3,344.31,342.72,343.6,31.01042
2017-10-16 23:45:00,343.61,343.61,338.96,338.96,62.76834
2017-10-17 00:00:00,341.99,342.47,338.97,341.98,39.37947
2017-10-17 00:15:00,339.04,341.99,339.0,339.01,25.78142
2017-10-17 00:30:00,339.02,341.8,339.01,339.02,73.29142
2017-10-17 00:45:00,340.91,340.91,337.38,337.38,39.68405
2017-10-17 01:00:00,338.08,338.88,337.0,338.88,166.90832
2017-10-17 01:15:00,337.31,339.99,337.01,338.02,133.89882
2017-10-17 01:30:00,339.99,339.99,337.0,337.01,106.48471
2017-10-17 01:45:00,337.02,338.67,337.01,338.66,72.14071
2017-10-17 02:00:00,337.21,338.66,335.11,337.51,223.65826
2017-10-17 02:15:00,337.49,338.64,335.21,338.64,27.46773
2017-10-17 02:30:00,335.47,338.62,335.46,337.98,68.98659
2017-10-17 02:45:00,337.15,337.99,335.33,335.34,72.01913
2017-10-17 03:00:00,336.42,336.42,335.01,335.03,69.92569
2017-10-17 03:15:00,335.04,335.84,333.33,334.12,155.58442
2017-10-17 03:30:00,334.13,335.8,332.78,334.13,101.74373
2017-10-17 03:45:00,334.04,334.31,333.28,334.31,15.6558
2017-10-17 04:00:00,334.31,335.99,334.31,335.98,28.61566
2017-10-17 04:15:00,335.98,335.99,335.71,335.96,54.18349
2017-10-17 04:30:00,335.95,335.99,335.89,335.99,46.63197
2017-10-17 04:45:00,335.98,336.0,334.03,335.99,55.6763
2017-10-17 05:00:00,335.98,335.99,332.78,335.19,37.99891
2017-10-17 05:15:00,335.07,335.99,334.75,335.93,20.68468
2017-10-17 05:30:00,335.93,335.96,334.48,335.62,14.69031
2017-10-17 05:45:00,335.61,337.99,335.61,337.98,61.10183
2017-10-17 06:00:00,337.13,337.97,332.83,334.98,42.64679
2017-10-17 06:15:00,334.98,335.99,334.91,335.99,71.33844
2017-10-17 06:30:00,335.98,335.98,334.92,334.93,63.14978
2017-10-17 06:45:00,335.99,335.99,334.91,335.98,57.82972
2017-10-17 07:00:00,335.98,338.0,334.93,334.93,58.37735
2017-10-17 07:15:00,335.38,337.34,334.92,337.34,73.91503
2017-10-17 07:30:00,337.35,337.35,335.18,337.32,130.36199
2017-10-17 07:45:00,335.22,337.31,335.18,335.19,131.7182
2017-10-17 08:00:00,335.18,336.58,334.21,334.24,65.63024
2017-10-17 08:15:00,336.57,336.57,332.79,332.79,44.01535
2017-10-17 08:30:00,332.8,333.67,332.79,333.19,154.0776
2017-10-17 08:45:00,333.19,333.66,330.0,330.01,62.51525
2017-10-17 09:00:00,332.99,333.16,330.01,332.85,102.50222
2017-10-17 09:15:00,332.79,333.16,330.17,330.17,18.61605
2017-10-17 09:30:00,333.08,333.09,330.0,330.0,68.96781
2017-10-17 09:45:00,330.0,330.01,326.1,326.12,183.91459
2017-10-17 10:00:00,327.97,329.21,326.11,329.21,68.55337
2017-10-17 10:15:00,327.22,328.22,327.0,327.59,38.04166
2017-10-17 10:30:00,327.58,327.6,326.1,326.11,36.59755
2017-10-17 10:45:00,326.11,326.79,326.01,326.71,41.90778
2017-10-17 11:00:00,326.72,327.0,326.02,326.22,86.64679
2017-10-17 11:15:00,326.16,327.0,326.0,326.03,55.75668
2017-10-17 11:30:00,326.01,326.96,326.01,326.78,49.83751
2017-10-17 11:45:00,326.77,327.02,326.01,327.02,147.05225
2017-10-17 12:00:00,327.49,330.01,327.11,328.02,95.53407
2017-10-17 12:15:00,328.04,330.54,328.04,330.54,36.31988
2017-10-17 12:30:00,328.52,328.52,328.12,328.3,28.09557
2017-10-17 12:45:00,328.29,328.42,328.12,328.32,24.98058
2017-10-17 13:00:00,328.32,328.61,328.3,328.32,79.65208
2017-10-17 13:15:00,328.32,328.61,327.7,328.0,145.2959
2017-10-17 13:30:00,328.0,328.0,326.93,327.11,79.51239
2017-10-17 13:45:00,327.0,327.94,326.91,326.91,91.73689
2017-10-17 14:00:00,326.93,327.0,324.93,326.68,241.36068
2017-10-17 14:15:00,326.62,326.62,325.89,326.27,21.18943
2017-10-17 14:30:00,326.26,326.98,326.0,326.77,42.29249
2017-10-17 14:45:00,326.76,327.99,326.76,327.99,57.98937
2017-10-17 15:00:00,327.99,327.99,326.0,327.88,47.46571
2017-10-17 15:15:00,327.2,328.1,326.0,328.1,63.72361
2017-10-17 15:30:00,328.08,328.1,326.55,328.0,47.78915
2017-10-17 15:45:00,328.08,328.09,325.98,326.73,95.37155
2017-10-17 16:00:00,326.81,328.0,325.69,328.0,104.14888
2017-10-17 16:15:00,328.0,329.0,327.32,329.0,43.43075
2017-10-17 16:30:00,328.98,329.95,327.63,327.91,57.54666
2017-10-17 16:45:00,328.23,329.94,328.06,329.93,42.17322
2017-10-17 17:00:00,329.14,333.55,328.51,333.53,119.80216
2017-10-17 17:15:00,333.52,333.53,330.0,330.41,67.30853
2017-10-17 17:30:00,330.41,333.36,328.12,328.16,35.14998
2017-10-17 17:45:00,328.19,329.78,328.1,328.98,23.14815
2017-10-17 18:00:00,328.12,329.99,327.23,329.01,55.85865
2017-10-17 18:15:00,329.02,329.98,329.0,329.68,37.13094
2017-10-17 18:30:00,329.67,329.68,327.38,329.65,69.56038
2017-10-17 18:45:00,327.83,329.62,327.23,327.41,11.99757
2017-10-17 19:00:00,329.54,329.55,326.02,326.02,34.63239
2017-10-17 19:15:00,326.01,327.76,324.82,324.9,62.05239
2017-10-17 19:30:00,324.82,324.82,322.15,323.22,77.85653
2017-10-17 19:45:00,323.2,323.65,321.24,323.35,173.65454
2017-10-17 20:00:00,321.26,323.31,321.01,321.23,115.67421
2017-10-17 20:15:00,321.23,323.52,320.46,321.24,68.43449
2017-10-17 20:30:00,321.3,327.66,321.24,323.99,42.16198
2017-10-17 20:45:00,322.01,326.2,322.01,323.88,67.6764
2017-10-17 21:00:00,324.99,324.99,322.18,323.88,45.25369
2017-10-17 21:15:00,322.23,323.99,322.17,322.25,60.24477
2017-10-17 21:30:00,322.99,323.0,322.25,322.88,121.79641
2017-10-17 21:45:00,322.32,325.0,322.32,323.19,137.33078
2017-10-17 22:00:00,322.72,323.97,322.2,323.89,99.66556
2017-10-17 22:15:00,323.9,324.02,322.5,323.13,40.39141
2017-10-17 22:30:00,324.02,324.02,322.81,323.37,133.83357
2017-10-17 22:45:00,324.0,324.0,322.34,322.58,87.48323
2017-10-17 23:00:00,322.58,322.6,322.01,322.01,147.76681
2017-10-17 23:15:00,322.02,322.53,322.0,322.45,103.15162
2017-10-17 23:30:00,322.45,322.45,321.22,321.98,93.87324
2017-10-17 23:45:00,321.98,322.45,321.22,322.29,51.58753
2017-10-18 00:00:00,322.29,322.44,319.18,319.54,103.72765
2017-10-18 00:15:00,322.37,322.37,319.73,321.03,64.17674
2017-10-18 00:30:00,321.02,322.4,320.02,320.02,26.22374
2017-10-18 00:45:00,320.01,322.35,319.71,319.72,85.09809
2017-10-18 01:00:00,319.72,319.72,317.4,317.43,65.82058
2017-10-18 01:15:00,317.41,319.17,317.01,318.89,134.94594
2017-10-18 01:30:00,317.53,322.39,317.38,320.43,73.26748
2017-10-18 01:45:00,320.43,322.39,320.43,320.92,66.99859
2017-10-18 02:00:00,322.38,322.38,320.91,322.34,297.99377
2017-10-18 02:15:00,320.93,322.46,320.91,322.45,95.43379
2017-10-18 02:30:00,322.39,322.61,322.37,322.6,110.94537
2017-10-18 02:45:00,322.4,322.64,320.99,322.63,88.26773
2017-10-18 03:00:00,322.62,323.0,322.3,322.31,229.39744
2017-10-18 03:15:00,322.34,322.99,322.3,322.99,41.03467
2017-10-18 03:30:00,322.34,322.99,322.33,322.98,159.53795
2017-10-18 03:45:00,322.98,322.99,322.51,322.88,200.98271
2017-10-18 04:00:00,322.89,323.0,320.0,320.54,62.67803
2017-10-18 04:15:00,321.86,322.88,320.01,320.31,108.1846
2017-10-18 04:30:00,320.31,321.75,320.31,321.75,287.4468
2017-10-18 04:45:00,321.74,322.85,317.01,320.3,86.12159
2017-10-18 05:00:00,320.29,320.3,316.5,316.5,37.01092
2017-10-18 05:15:00,319.97,319.98,314.9,317.98,142.92952
2017-10-18 05:30:00,317.83,317.99,314.9,317.79,32.21215
2017-10-18 05:45:00,317.67,319.98,314.88,314.98,53.97997
2017-10-18 06:00:00,315.0,319.99,314.98,319.09,66.04002
2017-10-18 06:15:00,318.98,319.62,314.91,317.98,53.57061
2017-10-18 06:30:00,317.99,317.99,315.05,317.99,24.57507
2017-10-18 06:45:00,315.82,317.99,314.01,314.87,103.43288
2017-10-18 07:00:00,314.02,319.5,312.65,312.65,191.99378
2017-10-18 07:15:00,312.69,319.5,312.69,313.08,35.27607
2017-10-18 07:30:00,313.08,319.63,313.08,319.63,73.69883
2017-10-18 07:45:00,319.98,319.99,315.08,315.19,89.02101
2017-10-18 08:00:00,315.19,316.0,312.69,315.98,161.43723
2017-10-18 08:15:00,312.69,316.01,312.69,315.99,94.54108
2017-10-18 08:30:00,315.99,315.99,312.2,312.5,294.35499
2017-10-18 08:45:00,312.5,315.99,312.2,315.8,82.80004
2017-10-18 09:00:00,313.02,315.87,313.0,313.02,67.91295
2017-10-18 09:15:00,313.12,314.34,309.0,310.99,153.78059
2017-10-18 09:30:00,310.01,313.98,308.48,311.89,77.71576
2017-10-18 09:45:00,310.18,313.99,310.17,310.19,168.85551
2017-10-18 10:00:00,310.17,310.99,307.11,309.97,135.57319
2017-10-18 10:15:00,309.96,310.0,307.0,309.0,126.13239
2017-10-18 10:30:00,308.98,308.99,306.69,307.0,99.41781
2017-10-18 10:45:00,306.98,307.0,306.01,306.03,71.56211
2017-10-18 11:00:00,306.01,306.01,301.71,302.04,591.75938
2017-10-18 11:15:00,303.97,306.0,302.0,304.58,157.03067
2017-10-18 11:30:00,305.98,306.0,304.46,305.99,139.0092
2017-10-18 11:45:00,305.99,306.0,303.2,305.51,154.69433
2017-10-18 12:00:00,306.0,307.86,305.51,306.35,219.55292
2017-10-18 12:15:00,308.57,310.99,308.57,310.03,83.89298
2017-10-18 12:30:00,310.94,311.0,308.54,311.0,136.46092
2017-10-18 12:45:00,309.03,311.98,308.54,310.99,93.30652
2017-10-18 13:00:00,310.32,311.68,308.54,311.68,111.26336
2017-10-18 13:15:00,309.12,314.28,309.11,314.23,218.68039
2017-10-18 13:30:00,314.18,318.0,314.1,315.34,206.30216
2017-10-18 13:45:00,315.34,315.35,311.01,311.01,228.09689
2017-10-18 14:00:00,311.02,311.02,303.12,303.54,247.7533
2017-10-18 14:15:00,303.54,309.04,303.51,305.26,174.97654
2017-10-18 14:30:00,305.27,308.84,301.0,302.23,169.0246
2017-10-18 14:45:00,302.24,305.07,300.53,300.54,98.3577
2017-10-18 15:00:00,302.77,312.2,300.55,307.05,226.61494
2017-10-18 15:15:00,303.62,307.03,303.62,304.12,76.41449
2017-10-18 15:30:00,305.83,305.83,303.27,303.3,113.0369
2017-10-18 15:45:00,304.1,304.1,300.0,302.7,209.54971
2017-10-18 16:00:00,300.01,302.62,296.01,299.73,350.61783
2017-10-18 16:15:00,299.73,302.49,297.03,298.98,98.99556
2017-10-18 16:30:00,297.03,301.5,297.0,299.82,87.77631
2017-10-18 16:45:00,299.82,301.49,299.8,300.48,121.04982
2017-10-18 17:00:00,300.47,301.99,299.81,301.99,53.82131
2017-10-18 17:15:00,302.48,302.54,300.55,301.5,127.20137
2017-10-18 17:30:00,301.51,301.61,300.5,300.52,71.20739
2017-10-18 17:45:00,301.61,301.61,300.49,301.57,153.11269
2017-10-18 18:00:00,301.53,301.61,298.0,299.69,228.53269
2017-10-18 18:15:00,298.94,299.7,295.97,298.0,359.34751
2017-10-18 18:30:00,298.0,299.69,298.0,299.01,129.91423
2017-10-18 18:45:00,299.02,301.49,298.02,298.49,175.05613
2017-10-18 19:00:00,298.48,299.49,296.02,296.02,99.64144
2017-10-18 19:15:00,297.98,299.0,295.97,296.03,205.86126
2017-10-18 19:30:00,296.02,298.98,295.97,296.42,71.75684
2017-10-18 19:45:00,295.99,298.97,295.2,297.25,262.15228
2017-10-18 20:00:00,295.61,298.97,295.61,297.0,174.67521
2017-10-18 20:15:00,297.01,298.97,297.0,297.02,33.99746
2017-10-18 20:30:00,297.03,299.0,296.02,296.03,145.04344
2017-10-18 20:45:00,296.03,298.98,295.61,296.02,27.21067
2017-10-18 21:00:00,296.02,297.99,295.77,295.81,45.76801
2017-10-18 21:15:00,295.82,296.42,292.5,295.16,305.74502
2017-10-18 21:30:00,292.54,295.16,292.53,292.55,136.6313
2017-10-18 21:45:00,292.54,295.12,289.5,292.68,253.64821
2017-10-18 22:00:00,292.63,292.63,284.68,284.68,321.19584
2017-10-18 22:15:00,285.0,289.0,284.69,288.89,107.65284
2017-10-18 22:30:00,288.87,293.26,287.25,292.72,66.19805
2017-10-18 22:45:00,292.7,293.28,290.8,293.13,35.55121
2017-10-18 23:00:00,293.13,294.07,290.95,291.22,92.29374
2017-10-18 23:15:00,291.22,293.49,290.94,292.99,40.17323
2017-10-18 23:30:00,291.8,300.0,290.79,297.14,236.2931
2017-10-18 23:45:00,298.98,307.08,297.11,306.4,266.05623
2017-10-19 00:00:00,305.1,305.1,303.32,303.82,45.75317
2017-10-19 00:15:00,303.82,307.5,303.82,307.0,120.05496
2017-10-19 00:30:00,306.27,306.7,305.88,306.6,59.97123
2017-10-19 00:45:00,306.6,306.6,304.0,304.02,26.08573
2017-10-19 01:00:00,304.02,306.0,303.82,305.8,80.03602
2017-10-19 01:15:00,305.8,306.54,303.19,303.2,100.15205
2017-10-19 01:30:00,303.21,303.21,300.01,302.77,79.35044
2017-10-19 01:45:00,302.78,303.01,300.01,303.01,57.28698
2017-10-19 02:00:00,302.98,302.99,300.03,302.75,20.12934
2017-10-19 02:15:00,302.87,303.05,300.02,300.2,81.36556
2017-10-19 02:30:00,303.03,303.18,300.1,303.15,164.3476
2017-10-19 02:45:00,303.14,303.31,303.04,303.21,146.12357
2017-10-19 03:00:00,303.3,303.3,303.2,303.25,56.23859
2017-10-19 03:15:00,303.25,303.3,303.2,303.3,147.86771
2017-10-19 03:30:00,303.2,303.31,303.02,303.03,121.7356
2017-10-19 03:45:00,303.02,303.05,300.16,303.04,15.81397
2017-10-19 04:00:00,303.04,303.08,303.04,303.08,79.52976
2017-10-19 04:15:00,303.07,303.09,300.27,303.07,87.74
2017-10-19 04:30:00,302.0,303.08,302.0,303.08,27.98722
2017-10-19 04:45:00,302.0,305.99,302.0,305.99,83.32268
2017-10-19 05:00:00,305.99,305.99,303.65,303.68,81.6629
2017-10-19 05:15:00,303.67,306.48,303.67,306.01,91.40596
2017-10-19 05:30:00,306.01,307.5,303.68,304.01,36.96815
2017-10-19 05:45:00,305.98,306.46,304.01,306.43,151.36506
2017-10-19 06:00:00,306.44,306.46,304.0,306.46,46.29559
2017-10-19 06:15:00,306.75,308.57,306.74,308.56,28.80992
2017-10-19 06:30:00,308.0,310.0,307.99,310.0,219.26562
2017-10-19 06:45:00,310.0,313.14,309.99,312.94,150.0213
2017-10-19 07:00:00,312.93,312.93,310.32,310.32,111.01397
2017-10-19 07:15:00,310.33,310.38,309.68,310.0,97.55744
2017-10-19 07:30:00,310.31,310.41,309.67,310.41,132.54691
2017-10-19 07:45:00,311.5,313.98,309.67,309.7,86.20063
2017-10-19 08:00:00,311.52,312.63,309.71,309.72,21.05266
2017-10-19 08:15:00,309.72,311.98,309.67,310.9,64.28234
2017-10-19 08:30:00,310.89,311.74,307.99,308.61,62.99829
2017-10-19 08:45:00,308.6,308.81,308.6,308.77,129.66051
2017-10-19 09:00:00,308.77,312.0,308.12,311.9,134.77661
2017-10-19 09:15:00,311.89,313.14,309.75,312.93,95.72978
2017-10-19 09:30:00,312.16,312.85,312.01,312.17,37.31024
2017-10-19 09:45:00,312.17,315.0,312.13,313.4,81.15124
2017-10-19 10:00:00,315.0,315.0,312.92,312.92,22.55445
2017-10-19 10:15:00,312.92,313.4,312.02,313.04,71.61167
2017-10-19 10:30:00,313.06,313.13,312.05,312.05,425.45131
2017-10-19 10:45:00,312.06,313.1,311.01,311.7,138.27879
2017-10-19 11:00:00,311.02,311.02,310.68,310.68,83.95279
2017-10-19 11:15:00,311.01,311.93,309.01,309.01,44.10144
2017-10-19 11:30:00,309.01,311.78,307.56,310.99,78.10698
2017-10-19 11:45:00,310.98,311.93,307.33,311.03,41.48692
2017-10-19 12:00:00,307.77,312.0,307.76,311.98,135.41549
2017-10-19 12:15:00,311.97,312.05,310.51,312.03,161.00531
2017-10-19 12:30:00,312.02,312.06,310.25,312.05,25.79105
2017-10-19 12:45:00,312.05,312.05,310.1,311.85,39.14118
2017-10-19 13:00:00,311.81,311.86,310.1,310.12,43.48798
2017-10-19 13:15:00,310.12,311.9,307.03,308.03,68.34141
2017-10-19 13:30:00,311.73,311.86,308.22,308.4,24.89262
2017-10-19 13:45:00,310.95,312.02,307.0,307.61,95.24035
2017-10-19 14:00:00,307.02,309.94,306.01,306.02,41.96018
2017-10-19 14:15:00,307.98,307.99,305.0,307.99,78.74784
2017-10-19 14:30:00,305.02,307.98,303.99,305.98,47.53151
2017-10-19 14:45:00,305.96,305.98,301.22,303.49,106.56234
2017-10-19 15:00:00,302.01,305.46,302.01,304.05,62.11949
2017-10-19 15:15:00,304.93,307.99,304.07,307.98,43.69903
2017-10-19 15:30:00,307.88,307.98,305.01,305.29,58.26784
2017-10-19 15:45:00,305.29,306.71,304.4,305.01,22.54315
2017-10-19 16:00:00,305.02,306.84,304.47,304.82,69.91811
2017-10-19 16:15:00,304.88,307.89,304.8,307.87,85.06509
2017-10-19 16:30:00,307.88,307.91,306.91,307.87,29.15353
2017-10-19 16:45:00,306.93,307.88,304.4,304.45,62.94896
2017-10-19 17:00:00,304.45,307.89,304.44,307.87,89.34367
2017-10-19 17:15:00,305.19,308.49,305.19,308.46,129.5728
2017-10-19 17:30:00,307.89,308.99,306.07,308.01,158.95469
2017-10-19 17:45:00,308.02,308.99,306.52,308.98,164.22756
2017-10-19 18:00:00,306.87,308.98,306.86,308.01,58.91553
2017-10-19 18:15:00,306.91,308.76,306.52,306.53,150.96065
2017-10-19 18:30:00,306.54,307.49,306.52,306.61,104.94452
2017-10-19 18:45:00,306.62,308.85,306.52,307.99,67.09544
2017-10-19 19:00:00,306.66,308.84,306.51,308.66,96.94851
2017-10-19 19:15:00,306.53,308.69,306.5,308.69,132.47589
2017-10-19 19:30:00,307.01,308.69,306.72,308.66,80.37498
2017-10-19 19:45:00,306.83,309.0,306.81,307.01,173.47489
2017-10-19 20:00:00,307.0,307.07,300.0,303.0,274.89717
2017-10-19 20:15:00,303.02,305.08,303.01,303.26,40.91417
2017-10-19 20:30:00,304.99,305.08,303.27,305.0,25.63194
2017-10-19 20:45:00,305.07,306.01,303.58,303.69,77.66688
2017-10-19 21:00:00,305.98,306.0,303.31,304.0,105.80271
2017-10-19 21:15:00,303.98,305.99,303.31,303.52,91.6839
2017-10-19 21:30:00,303.51,306.0,303.51,305.01,41.91263
2017-10-19 21:45:00,305.01,306.73,304.09,304.09,50.58049
2017-10-19 22:00:00,305.99,306.0,304.08,305.02,92.27208
2017-10-19 22:15:00,305.12,306.75,305.02,306.74,98.79342
2017-10-19 22:30:00,306.8,310.11,306.03,308.01,197.13903
2017-10-19 22:45:00,308.02,310.87,307.56,307.56,74.83785
2017-10-19 23:00:00,309.23,313.93,307.61,311.99,123.71055
2017-10-19 23:15:00,311.98,311.99,305.68,308.91,91.68473
2017-10-19 23:30:00,308.92,308.99,308.83,308.98,36.67716
2017-10-19 23:45:00,308.98,308.99,305.65,305.65,102.58445
2017-10-20 00:00:00,305.66,308.85,304.8,306.98,59.52519
2017-10-20 00:15:00,306.98,308.99,306.97,308.99,88.43294
2017-10-20 00:30:00,308.98,311.98,307.12,311.78,82.63906
2017-10-20 00:45:00,311.18,311.8,308.01,311.69,188.07336
2017-10-20 01:00:00,308.12,311.69,308.0,311.36,127.39025
2017-10-20 01:15:00,311.36,311.37,307.13,310.99,113.09053
2017-10-20 01:30:00,310.98,310.99,307.11,307.13,107.4632
2017-10-20 01:45:00,307.14,307.98,307.11,307.98,37.00924
2017-10-20 02:00:00,307.97,311.34,307.13,307.14,149.49446
2017-10-20 02:15:00,307.15,308.89,307.13,308.47,67.69671
2017-10-20 02:30:00,307.2,311.27,307.01,307.01,40.17311
2017-10-20 02:45:00,307.0,308.99,306.5,306.98,141.98403
2017-10-20 03:00:00,306.99,307.06,306.01,306.49,143.40905
2017-10-20 03:15:00,306.39,306.49,305.78,305.79,91.22761
2017-10-20 03:30:00,306.48,308.84,305.8,308.82,76.32446
2017-10-20 03:45:00,308.82,308.83,306.02,306.02,29.1292
2017-10-20 04:00:00,308.8,308.82,306.02,306.03,101.94761
2017-10-20 04:15:00,308.49,308.5,306.02,308.38,86.72897
2017-10-20 04:30:00,308.37,308.39,306.02,306.02,64.93518
2017-10-20 04:45:00,306.02,308.38,306.02,306.03,55.02896
2017-10-20 05:00:00,306.02,308.38,306.02,307.99,34.32738
2017-10-20 05:15:00,307.98,307.99,305.8,305.8,95.86467
2017-10-20 05:30:00,307.97,307.98,305.8,305.8,60.59007
2017-10-20 05:45:00,307.94,307.96,305.8,307.96,80.73764
2017-10-20 06:00:00,307.95,307.97,305.8,307.96,48.40596
2017-10-20 06:15:00,307.95,307.95,305.79,305.84,95.66414
2017-10-20 06:30:00,307.9,307.97,306.01,307.9,148.42643
2017-10-20 06:45:00,307.96,311.34,305.85,305.88,126.11559
2017-10-20 07:00:00,305.89,311.34,305.88,311.34,101.62811
2017-10-20 07:15:00,306.23,311.35,306.22,311.26,112.27584
2017-10-20 07:30:00,311.26,311.27,307.01,308.69,55.00506
2017-10-20 07:45:00,308.69,308.69,306.02,308.66,99.58661
2017-10-20 08:00:00,308.66,308.66,307.01,307.02,52.85034
2017-10-20 08:15:00,307.01,308.44,307.0,308.41,107.51064
2017-10-20 08:30:00,308.41,308.41,307.07,308.4,88.26985
2017-10-20 08:45:00,308.39,308.42,307.0,308.37,68.09228
2017-10-20 09:00:00,307.0,308.37,307.0,307.78,65.64301
2017-10-20 09:15:00,307.78,307.8,307.0,307.58,58.72686
2017-10-20 09:30:00,307.58,307.6,306.0,306.0,60.03561
2017-10-20 09:45:00,307.19,307.19,305.49,305.49,40.03471
2017-10-20 10:00:00,306.0,306.99,305.48,305.49,79.12745
2017-10-20 10:15:00,306.98,306.98,305.48,306.98,73.87186
2017-10-20 10:30:00,306.97,306.98,305.49,306.91,44.95601
2017-10-20 10:45:00,306.9,306.93,305.49,305.49,58.80579
2017-10-20 11:00:00,306.91,307.97,305.48,307.88,57.15135
2017-10-20 11:15:00,305.59,307.96,305.57,306.99,24.4619
2017-10-20 11:30:00,307.0,307.98,305.57,305.57,50.89678
2017-10-20 11:45:00,307.91,307.91,305.58,307.91,92.62879
2017-10-20 12:00:00,307.04,307.91,307.04,307.64,145.10085
2017-10-20 12:15:00,307.78,308.69,307.63,307.78,69.16412
2017-10-20 12:30:00,307.78,307.8,307.61,307.61,54.59246
2017-10-20 12:45:00,307.6,308.3,307.6,308.29,72.59597
2017-10-20 13:00:00,308.28,308.3,307.61,308.29,124.70381
2017-10-20 13:15:00,307.61,307.61,305.48,307.61,84.49085
2017-10-20 13:30:00,308.28,308.29,305.5,305.52,65.6569
2017-10-20 13:45:00,306.98,307.0,305.49,305.49,57.39587
2017-10-20 14:00:00,305.98,306.59,305.5,305.96,90.99635
2017-10-20 14:15:00,305.96,306.87,305.49,306.85,43.78701
2017-10-20 14:30:00,306.85,306.86,303.74,304.98,95.06098
2017-10-20 14:45:00,304.98,305.46,302.13,302.23,142.56162
2017-10-20 15:00:00,305.37,305.37,302.21,302.33,34.39711
2017-10-20 15:15:00,302.34,304.79,302.24,304.38,58.26412
2017-10-20 15:30:00,302.46,305.29,302.34,305.0,106.13586
2017-10-20 15:45:00,305.28,305.46,302.22,302.37,110.30652
2017-10-20 16:00:00,302.4,305.43,302.4,302.62,42.19385
2017-10-20 16:15:00,302.82,305.43,302.81,305.41,80.08751
2017-10-20 16:30:00,303.13,305.35,302.43,303.12,120.88803
2017-10-20 16:45:00,303.13,303.13,302.38,303.12,33.82632
2017-10-20 17:00:00,303.1,304.99,302.38,304.9,80.00021
2017-10-20 17:15:00,302.45,304.91,302.45,302.47,45.87677
2017-10-20 17:30:00,304.89,304.89,302.49,304.86,85.80009
2017-10-20 17:45:00,304.85,304.86,302.01,304.46,76.77656
2017-10-20 18:00:00,304.46,304.48,304.42,304.47,25.79077
2017-10-20 18:15:00,304.03,304.88,303.01,303.01,59.32593
2017-10-20 18:30:00,303.02,305.43,303.0,303.04,60.44545
2017-10-20 18:45:00,303.05,304.0,303.03,303.13,58.05993
2017-10-20 19:00:00,303.13,304.0,303.12,303.24,73.77835
2017-10-20 19:15:00,303.24,306.87,303.23,303.52,50.52606
2017-10-20 19:30:00,303.52,303.52,303.03,303.26,55.58761
2017-10-20 19:45:00,303.27,305.89,303.26,303.27,42.54634
2017-10-20 20:00:00,303.25,305.5,303.23,303.27,72.12555
2017-10-20 20:15:00,303.27,303.31,303.25,303.26,54.58402
2017-10-20 20:30:00,303.27,305.45,303.26,304.01,142.53104
2017-10-20 20:45:00,304.01,305.69,304.01,304.54,121.76424
2017-10-20 21:00:00,304.55,305.69,304.51,304.59,106.35679
2017-10-20 21:15:00,304.59,306.87,304.51,304.52,137.72773
2017-10-20 21:30:00,304.51,305.0,304.51,304.59,123.2213
2017-10-20 21:45:00,304.59,306.88,304.58,306.58,39.35121
2017-10-20 22:00:00,306.58,306.98,306.56,306.57,18.72411
2017-10-20 22:15:00,306.57,306.58,304.73,305.53,25.59477
2017-10-20 22:30:00,306.56,307.85,305.54,305.54,105.78892
2017-10-20 22:45:00,305.56,305.56,303.0,304.08,231.96072
2017-10-20 23:00:00,305.52,309.0,304.12,307.99,201.07908
2017-10-20 23:15:00,307.99,311.18,306.23,306.88,450.95302
2017-10-20 23:30:00,308.11,308.12,306.54,306.88,115.99079
2017-10-20 23:45:00,307.0,309.03,305.55,305.55,184.54817
2017-10-21 00:00:00,305.98,308.0,305.97,307.32,72.56624
2017-10-21 00:15:00,307.32,307.99,305.01,305.03,93.81981
2017-10-21 00:30:00,305.04,305.04,303.34,303.76,90.70107
2017-10-21 00:45:00,303.75,306.08,303.34,304.04,176.46735
2017-10-21 01:00:00,304.04,307.03,303.07,304.02,228.46104
2017-10-21 01:15:00,304.02,304.05,304.02,304.03,201.84196
2017-10-21 01:30:00,304.02,307.02,304.02,304.24,130.11918
2017-10-21 01:45:00,304.18,304.44,304.03,304.35,76.36002
2017-10-21 02:00:00,304.4,306.0,304.1,304.15,83.40945
2017-10-21 02:15:00,304.18,306.0,304.18,305.01,24.91413
2017-10-21 02:30:00,305.02,307.16,305.01,305.17,71.25576
2017-10-21 02:45:00,305.26,305.28,305.04,305.12,64.10613
2017-10-21 03:00:00,305.33,308.83,305.02,305.03,89.53708
2017-10-21 03:15:00,305.04,308.67,305.03,305.3,109.53141
2017-10-21 03:30:00,305.3,306.01,305.15,305.22,124.27083
2017-10-21 03:45:00,305.24,305.24,305.02,305.02,67.85424
2017-10-21 04:00:00,304.36,305.02,302.01,302.13,92.85969
2017-10-21 04:15:00,302.02,304.09,302.0,303.09,44.30185
2017-10-21 04:30:00,303.1,305.01,303.1,304.15,66.71727
2017-10-21 04:45:00,304.15,304.15,302.0,303.12,51.90918
2017-10-21 05:00:00,303.13,307.42,302.02,303.0,102.99294
2017-10-21 05:15:00,302.47,303.0,302.12,302.36,29.48046
2017-10-21 05:30:00,302.37,303.02,302.36,303.01,51.36314
2017-10-21 05:45:00,303.02,304.86,303.01,303.02,114.47977
2017-10-21 06:00:00,303.06,303.48,303.05,303.42,66.54617
2017-10-21 06:15:00,303.48,303.76,303.34,303.72,112.47789
2017-10-21 06:30:00,303.61,305.03,303.6,303.82,81.15816
2017-10-21 06:45:00,303.89,303.89,303.03,303.04,105.98648
2017-10-21 07:00:00,303.05,303.65,303.03,303.63,218.1677
2017-10-21 07:15:00,303.63,307.14,303.29,303.66,172.92353
2017-10-21 07:30:00,304.48,304.5,303.66,304.02,71.92472
2017-10-21 07:45:00,304.07,304.66,304.06,304.51,148.72812
2017-10-21 08:00:00,304.51,304.51,303.32,303.99,50.72938
2017-10-21 08:15:00,303.32,305.29,303.32,305.2,98.69577
2017-10-21 08:30:00,304.05,305.34,303.05,303.31,173.94766
2017-10-21 08:45:00,303.24,305.32,303.12,303.33,78.88995
2017-10-21 09:00:00,303.34,305.05,303.32,303.33,72.70723
2017-10-21 09:15:00,303.33,303.34,303.05,303.08,96.93399
2017-10-21 09:30:00,303.09,303.36,303.04,303.05,146.26978
2017-10-21 09:45:00,303.04,305.06,302.0,302.0,162.92608
2017-10-21 10:00:00,302.02,302.07,302.0,302.03,131.52505
2017-10-21 10:15:00,302.02,302.03,301.1,301.46,316.27497
2017-10-21 10:30:00,301.44,301.48,299.0,301.44,168.58489
2017-10-21 10:45:00,301.35,301.48,300.99,301.46,31.61845
2017-10-21 11:00:00,301.46,301.48,301.4,301.47,48.19334
2017-10-21 11:15:00,301.46,301.48,299.7,300.98,153.50236
2017-10-21 11:30:00,300.98,301.45,295.0,301.29,213.57698
2017-10-21 11:45:00,301.27,301.36,298.0,299.95,72.86303
2017-10-21 12:00:00,298.0,301.43,297.2,300.92,49.93456
2017-10-21 12:15:00,300.92,300.92,299.85,299.85,76.72755
2017-10-21 12:30:00,299.85,299.86,295.0,296.03,120.49175
2017-10-21 12:45:00,296.03,297.73,294.2,294.34,60.40015
2017-10-21 13:00:00,294.35,297.69,294.34,297.47,46.54159
2017-10-21 13:15:00,297.47,297.49,295.04,297.41,223.4768
2017-10-21 13:30:00,297.41,302.14,295.44,297.66,187.03857
2017-10-21 13:45:00,300.02,300.02,297.66,298.5,56.62998
2017-10-21 14:00:00,298.48,302.13,297.65,302.13,135.43181
2017-10-21 14:15:00,297.75,302.12,297.62,297.66,21.42308
2017-10-21 14:30:00,297.81,299.1,297.8,299.05,77.25472
2017-10-21 14:45:00,299.04,299.1,298.0,298.18,97.50509
2017-10-21 15:00:00,299.09,299.1,298.13,299.05,47.97358
2017-10-21 15:15:00,298.21,299.08,298.11,298.29,201.27928
2017-10-21 15:30:00,298.31,299.11,297.96,297.96,70.62643
2017-10-21 15:45:00,297.97,298.1,297.91,297.95,133.24802
2017-10-21 16:00:00,298.09,298.11,297.48,297.51,210.6721
2017-10-21 16:15:00,298.09,298.09,297.42,297.95,81.80687
2017-10-21 16:30:00,297.42,297.42,295.22,295.66,83.43035
2017-10-21 16:45:00,295.68,297.0,295.64,295.64,50.72957
2017-10-21 17:00:00,295.65,298.13,295.64,296.07,42.30115
2017-10-21 17:15:00,296.21,298.99,295.1,298.97,147.28625
2017-10-21 17:30:00,298.97,302.13,295.19,301.92,32.19559
2017-10-21 17:45:00,301.98,302.0,295.2,295.25,56.47877
2017-10-21 18:00:00,298.12,299.48,297.0,298.99,175.04034
2017-10-21 18:15:00,298.88,298.89,296.19,298.87,78.53506
2017-10-21 18:30:00,298.87,298.88,295.0,295.01,140.56142
2017-10-21 18:45:00,295.99,297.0,295.0,295.79,97.98847
2017-10-21 19:00:00,295.79,295.99,294.72,295.75,86.59369
2017-10-21 19:15:00,295.3,295.81,295.3,295.81,21.28768
2017-10-21 19:30:00,295.51,295.82,295.01,295.02,17.72703
2017-10-21 19:45:00,295.78,295.81,294.66,295.48,41.36015
2017-10-21 20:00:00,294.66,295.49,294.5,295.49,65.5705
2017-10-21 20:15:00,294.52,295.83,294.01,294.02,44.93658
2017-10-21 20:30:00,294.03,295.84,294.02,294.15,83.88499
2017-10-21 20:45:00,294.04,295.69,294.01,294.95,40.58893
2017-10-21 21:00:00,294.09,295.56,294.08,295.56,52.96165
2017-10-21 21:15:00,295.56,295.56,294.11,294.89,30.70381
2017-10-21 21:30:00,294.26,295.82,294.25,295.82,38.69862
2017-10-21 21:45:00,295.81,295.81,294.12,294.21,42.33312
2017-10-21 22:00:00,294.12,294.24,293.12,293.16,75.60697
2017-10-21 22:15:00,293.44,295.68,293.2,295.0,48.91395
2017-10-21 22:30:00,293.36,295.02,293.35,293.54,122.5106
2017-10-21 22:45:00,293.53,294.85,293.39,294.69,92.46704
2017-10-21 23:00:00,293.45,294.13,293.31,293.31,135.67004
2017-10-21 23:15:00,293.32,294.99,293.31,294.66,70.74761
2017-10-21 23:30:00,294.55,294.99,292.31,292.98,79.6799
2017-10-21 23:45:00,292.32,292.95,290.16,291.12,122.13298
2017-10-22 00:00:00,292.18,292.18,290.0,291.37,63.30983
2017-10-22 00:15:00,291.33,291.37,291.22,291.32,45.4495
2017-10-22 00:30:00,291.32,291.4,290.21,291.4,129.47358
2017-10-22 00:45:00,290.53,292.8,290.18,292.8,97.95313
2017-10-22 01:00:00,293.3,293.3,290.02,292.01,55.21063
2017-10-22 01:15:00,292.23,293.32,290.29,293.32,115.50917
2017-10-22 01:30:00,293.31,298.0,293.31,297.03,88.256
2017-10-22 01:45:00,297.03,297.87,295.59,296.01,107.88964
2017-10-22 02:00:00,296.0,297.99,296.0,297.98,44.39282
2017-10-22 02:15:00,297.97,297.98,297.93,297.95,39.99744
2017-10-22 02:30:00,297.88,298.99,296.08,296.31,49.22551
2017-10-22 02:45:00,297.49,298.96,296.3,298.48,18.61654
2017-10-22 03:00:00,298.49,298.49,296.0,296.01,64.86878
2017-10-22 03:15:00,296.02,297.71,296.01,297.71,62.73848
2017-10-22 03:30:00,297.7,297.71,296.33,297.7,83.81878
2017-10-22 03:45:00,297.7,297.71,295.98,296.34,74.57305
2017-10-22 04:00:00,296.34,297.73,296.33,297.73,79.41598
2017-10-22 04:15:00,298.22,299.0,297.74,298.96,159.04326
2017-10-22 04:30:00,298.96,298.96,293.31,297.71,178.76855
2017-10-22 04:45:00,297.71,297.73,293.31,295.02,135.528
2017-10-22 05:00:00,295.02,297.72,295.0,297.49,84.58042
2017-10-22 05:15:00,295.52,298.89,295.51,295.86,45.69193
2017-10-22 05:30:00,295.87,296.92,295.87,296.92,31.91603
2017-10-22 05:45:00,296.92,296.92,296.07,296.12,18.8161
2017-10-22 06:00:00,296.13,298.85,296.0,298.85,31.20505
2017-10-22 06:15:00,298.51,299.02,298.51,298.89,78.12556
2017-10-22 06:30:00,298.9,302.25,298.89,299.14,51.59907
2017-10-22 06:45:00,299.14,300.13,299.12,300.12,41.42737
2017-10-22 07:00:00,300.13,302.25,300.12,300.19,51.26465
2017-10-22 07:15:00,302.0,302.0,298.92,299.01,45.14127
2017-10-22 07:30:00,299.07,299.13,298.91,298.93,48.77594
2017-10-22 07:45:00,298.96,298.97,298.92,298.94,234.4255
2017-10-22 08:00:00,298.99,299.92,298.99,299.1,73.58751
2017-10-22 08:15:00,299.11,300.0,298.93,299.05,36.91711
2017-10-22 08:30:00,299.09,300.65,298.92,298.93,43.46423
2017-10-22 08:45:00,298.93,300.61,298.93,298.96,76.84132
2017-10-22 09:00:00,298.96,300.83,298.95,300.83,19.96107
2017-10-22 09:15:00,299.34,300.83,299.32,299.32,47.04601
2017-10-22 09:30:00,299.32,301.81,299.31,300.41,39.99904
2017-10-22 09:45:00,300.53,302.0,299.31,302.0,57.56622
2017-10-22 10:00:00,302.97,304.98,302.02,304.97,110.55972
2017-10-22 10:15:00,304.97,304.99,303.0,304.94,21.17572
2017-10-22 10:30:00,304.98,306.99,303.11,304.46,133.1387
2017-10-22 10:45:00,304.95,304.96,303.82,304.94,36.6363
2017-10-22 11:00:00,304.94,305.0,303.9,304.37,79.39533
2017-10-22 11:15:00,304.38,304.47,304.12,304.41,29.44036
2017-10-22 11:30:00,304.43,306.26,304.29,304.39,21.18732
2017-10-22 11:45:00,304.39,304.71,302.23,302.3,115.21797
2017-10-22 12:00:00,302.32,302.5,299.01,299.01,160.65888
2017-10-22 12:15:00,299.01,299.02,297.78,297.78,81.34165
2017-10-22 12:30:00,297.78,298.0,297.78,297.94,91.43924
2017-10-22 12:45:00,297.94,298.05,295.85,295.86,238.28303
2017-10-22 13:00:00,295.86,297.72,295.0,295.02,242.29296
2017-10-22 13:15:00,295.02,295.8,295.01,295.05,187.70826
2017-10-22 13:30:00,295.07,295.49,295.06,295.44,95.59367
2017-10-22 13:45:00,295.45,295.75,295.02,295.41,60.17635
2017-10-22 14:00:00,296.02,297.38,295.02,295.02,102.01006
2017-10-22 14:15:00,295.03,297.79,295.0,295.48,170.3073
2017-10-22 14:30:00,295.02,297.69,293.31,295.49,44.44997
2017-10-22 14:45:00,295.49,296.2,295.45,296.2,43.26951
2017-10-22 15:00:00,297.79,297.79,293.31,296.98,60.89676
2017-10-22 15:15:00,296.98,296.99,293.39,294.93,49.06613
2017-10-22 15:30:00,293.42,294.99,293.42,293.47,82.37712
2017-10-22 15:45:00,293.49,297.96,293.49,295.98,67.25398
2017-10-22 16:00:00,295.99,296.0,293.67,295.96,73.76308
2017-10-22 16:15:00,295.96,295.97,293.67,295.94,86.67559
2017-10-22 16:30:00,295.95,295.95,293.81,295.95,39.70152
2017-10-22 16:45:00,295.94,295.95,294.02,294.02,70.04211
2017-10-22 17:00:00,295.5,295.95,294.32,294.55,16.17508
2017-10-22 17:15:00,294.56,295.95,294.5,294.61,71.66497
2017-10-22 17:30:00,294.66,296.98,294.66,296.01,50.35724
2017-10-22 17:45:00,296.02,296.96,292.22,292.75,160.4104
2017-10-22 18:00:00,292.74,292.78,292.06,292.77,175.52466
2017-10-22 18:15:00,292.79,294.49,292.05,292.06,87.04509
2017-10-22 18:30:00,293.96,294.0,292.16,293.99,108.53165
2017-10-22 18:45:00,293.98,293.99,292.5,292.51,34.88259
2017-10-22 19:00:00,292.53,293.5,290.0,290.41,130.89782
2017-10-22 19:15:00,290.41,292.0,290.0,290.1,71.9247
2017-10-22 19:30:00,290.12,294.98,290.11,294.28,112.63669
2017-10-22 19:45:00,294.29,294.97,291.02,292.52,103.75245
2017-10-22 20:00:00,292.52,294.97,290.28,292.68,58.46849
2017-10-22 20:15:00,292.69,294.01,290.13,292.98,82.70296
2017-10-22 20:30:00,292.99,294.96,292.42,294.69,65.5275
2017-10-22 20:45:00,294.66,294.69,290.21,290.38,72.9777
2017-10-22 21:00:00,290.41,293.85,290.01,293.84,57.70277
2017-10-22 21:15:00,293.82,295.0,292.41,293.03,82.44487
2017-10-22 21:30:00,292.63,295.01,292.35,292.63,103.62696
2017-10-22 21:45:00,292.62,297.0,292.61,296.52,118.9462
2017-10-22 22:00:00,297.0,297.87,294.15,295.21,118.74911
2017-10-22 22:15:00,297.65,297.96,293.07,295.12,53.01561
2017-10-22 22:30:00,295.12,297.96,293.94,295.04,36.13428
2017-10-22 22:45:00,295.04,296.5,293.29,296.18,95.12581
2017-10-22 23:00:00,296.18,296.19,293.38,296.16,157.03045
2017-10-22 23:15:00,296.08,297.92,293.26,297.86,77.41268
2017-10-22 23:30:00,297.87,297.87,293.3,294.01,64.42111
2017-10-22 23:45:00,294.85,297.92,292.4,297.53,37.80645
2017-10-23 00:00:00,297.34,297.71,292.66,297.07,84.36021
2017-10-23 00:15:00,293.02,296.99,293.01,295.99,9.62961
2017-10-23 00:30:00,295.97,295.98,293.01,295.62,31.0328
2017-10-23 00:45:00,293.07,295.7,292.98,295.69,76.15789
2017-10-23 01:00:00,294.89,295.81,293.01,295.81,165.33881
2017-10-23 01:15:00,295.0,295.01,293.07,294.97,74.15311
2017-10-23 01:30:00,294.98,294.98,293.11,294.11,25.81603
2017-10-23 01:45:00,293.3,294.13,293.12,294.01,30.6426
2017-10-23 02:00:00,294.08,295.81,293.09,293.11,75.53843
2017-10-23 02:15:00,293.12,293.99,293.04,293.99,136.73363
2017-10-23 02:30:00,293.99,294.0,293.05,293.98,51.34226
2017-10-23 02:45:00,293.06,293.99,293.04,293.04,87.31972
2017-10-23 03:00:00,293.15,293.16,293.01,293.02,53.9171
2017-10-23 03:15:00,293.15,293.16,292.99,292.99,11.83043
2017-10-23 03:30:00,292.98,292.99,291.0,292.0,28.57851
2017-10-23 03:45:00,291.98,291.99,290.55,290.56,73.79911
2017-10-23 04:00:00,290.55,291.99,290.55,291.98,59.82116
2017-10-23 04:15:00,291.98,292.99,291.98,291.99,22.42673
2017-10-23 04:30:00,291.99,292.99,290.59,292.78,21.15771
2017-10-23 04:45:00,292.76,292.76,290.02,290.03,60.71646
2017-10-23 05:00:00,290.04,291.97,290.01,291.96,59.54885
2017-10-23 05:15:00,291.96,291.97,291.02,291.96,22.6582
2017-10-23 05:30:00,291.96,291.98,291.95,291.97,31.27347
2017-10-23 05:45:00,291.97,292.68,291.96,292.66,40.76925
2017-10-23 06:00:00,292.62,294.99,292.57,294.99,111.93408
2017-10-23 06:15:00,294.98,294.99,292.85,292.94,34.84925
2017-10-23 06:30:00,293.78,293.79,292.85,292.85,41.48287
2017-10-23 06:45:00,292.85,293.79,292.8,292.8,22.03705
2017-10-23 07:00:00,292.81,293.8,292.01,293.78,69.36741
2017-10-23 07:15:00,293.78,293.92,292.03,292.07,29.76383
2017-10-23 07:30:00,292.04,293.02,292.03,293.01,93.20482
2017-10-23 07:45:00,293.01,295.78,292.65,293.79,40.53015
2017-10-23 08:00:00,293.78,294.0,290.01,290.04,92.59954
2017-10-23 08:15:00,290.05,293.04,290.02,290.11,245.96962
2017-10-23 08:30:00,290.12,292.89,290.11,291.02,136.36305
2017-10-23 08:45:00,291.01,293.04,290.27,291.1,74.81852
2017-10-23 09:00:00,291.39,293.04,291.27,293.01,33.48517
2017-10-23 09:15:00,293.01,294.0,291.5,294.0,66.10665
2017-10-23 09:30:00,294.0,294.6,293.99,294.55,114.23062
2017-10-23 09:45:00,294.56,294.57,292.5,293.94,35.81491
2017-10-23 10:00:00,293.79,293.99,291.49,293.94,51.26535
2017-10-23 10:15:00,293.93,293.98,291.26,293.65,84.38434
2017-10-23 10:30:00,293.64,293.67,291.78,293.64,23.97283
2017-10-23 10:45:00,293.66,293.67,292.86,292.86,12.83011
2017-10-23 11:00:00,292.83,293.67,292.83,293.66,13.37725
2017-10-23 11:15:00,293.67,293.67,291.12,291.13,135.79746
2017-10-23 11:30:00,291.23,293.58,291.12,293.49,50.31054
2017-10-23 11:45:00,293.48,293.5,290.11,290.26,110.87295
2017-10-23 12:00:00,290.24,292.97,290.11,290.12,50.36588
2017-10-23 12:15:00,290.25,290.25,290.01,290.24,32.259
2017-10-23 12:30:00,290.03,291.18,290.02,291.16,139.41933
2017-10-23 12:45:00,291.79,291.98,290.25,290.27,54.72741
2017-10-23 13:00:00,290.27,291.98,290.25,290.25,131.65305
2017-10-23 13:15:00,290.03,290.29,290.0,290.29,56.58287
2017-10-23 13:30:00,290.02,291.77,290.01,290.06,49.13826
2017-10-23 13:45:00,290.06,291.56,290.0,290.01,148.89102
2017-10-23 14:00:00,290.02,290.02,288.22,288.22,117.37658
2017-10-23 14:15:00,288.21,290.0,288.02,288.16,57.23302
2017-10-23 14:30:00,288.16,289.98,287.6,288.17,187.92139
2017-10-23 14:45:00,288.16,288.19,286.41,286.96,155.45846
2017-10-23 15:00:00,286.95,286.96,286.0,286.38,67.03187
2017-10-23 15:15:00,286.38,286.95,286.0,286.28,143.56535
2017-10-23 15:30:00,286.12,286.99,286.0,286.05,62.64174
2017-10-23 15:45:00,286.97,286.99,286.01,286.11,64.24268
2017-10-23 16:00:00,286.02,286.12,285.27,285.28,175.33478
2017-10-23 16:15:00,285.3,285.91,284.0,284.0,250.16334
2017-10-23 16:30:00,284.49,284.76,283.18,284.75,106.0929
2017-10-23 16:45:00,284.53,284.74,284.38,284.71,74.22527
2017-10-23 17:00:00,284.64,284.65,281.01,281.43,106.0247
2017-10-23 17:15:00,281.42,283.1,280.97,282.98,150.47453
2017-10-23 17:30:00,282.99,284.49,281.23,281.83,175.08594
2017-10-23 17:45:00,281.83,284.49,281.82,282.03,36.22332
2017-10-23 18:00:00,284.48,287.2,284.48,286.97,166.53335
2017-10-23 18:15:00,286.89,286.96,284.21,284.47,179.89571
2017-10-23 18:30:00,284.48,286.96,284.2,284.47,31.20036
2017-10-23 18:45:00,285.51,285.64,285.44,285.57,33.01799
2017-10-23 19:00:00,285.56,285.57,284.47,284.98,125.73917
2017-10-23 19:15:00,284.97,286.97,284.47,286.96,141.15662
2017-10-23 19:30:00,286.95,286.97,285.29,286.93,140.87588
2017-10-23 19:45:00,286.95,286.95,284.98,286.9,156.817
2017-10-23 20:00:00,286.9,286.91,284.2,284.24,83.66872
2017-10-23 20:15:00,284.24,285.68,283.01,285.58,75.82368
2017-10-23 20:30:00,285.56,285.56,280.7,281.29,100.93002
2017-10-23 20:45:00,281.27,281.81,280.7,281.68,67.462
2017-10-23 21:00:00,281.65,281.82,280.71,281.81,55.79243
2017-10-23 21:15:00,281.81,281.81,274.98,275.0,331.78937
2017-10-23 21:30:00,275.0,276.64,272.2,274.98,180.83952
2017-10-23 21:45:00,275.0,278.79,272.26,272.26,126.80235
2017-10-23 22:00:00,272.29,278.5,272.27,275.03,99.37759
2017-10-23 22:15:00,275.02,278.5,275.02,275.21,75.7328
2017-10-23 22:30:00,275.25,288.73,275.25,277.9,184.4188
2017-10-23 22:45:00,277.89,277.91,274.0,274.04,118.67027
2017-10-23 23:00:00,274.05,277.87,274.01,276.94,109.1484
2017-10-23 23:15:00,276.93,276.96,274.12,276.92,129.30833
2017-10-23 23:30:00,276.92,277.87,275.02,276.86,265.90012
2017-10-23 23:45:00,276.85,279.49,276.85,279.48,89.78635
2017-10-24 00:00:00,279.49,279.5,275.18,276.89,111.24558
2017-10-24 00:15:00,276.88,277.08,275.1,277.07,91.25133
2017-10-24 00:30:00,277.08,279.47,277.08,279.46,108.92244
2017-10-24 00:45:00,279.38,281.72,276.98,281.69,73.44197
2017-10-24 01:00:00,281.69,281.72,279.49,281.7,109.59141
2017-10-24 01:15:00,281.7,284.3,279.99,283.98,60.85181
2017-10-24 01:30:00,283.98,284.0,280.06,281.12,98.73173
2017-10-24 01:45:00,281.16,283.98,279.99,280.01,105.328
2017-10-24 02:00:00,280.03,284.08,280.0,280.18,93.971
2017-10-24 02:15:00,280.52,283.96,279.97,280.02,41.67267
2017-10-24 02:30:00,280.02,282.5,277.16,280.0,79.028
2017-10-24 02:45:00,280.0,283.73,277.84,277.84,84.42617
2017-10-24 03:00:00,277.86,279.97,277.85,278.01,67.41437
2017-10-24 03:15:00,278.01,279.99,278.01,279.86,74.84104
2017-10-24 03:30:00,279.93,283.39,277.85,283.39,59.64221
2017-10-24 03:45:00,280.02,283.39,280.01,283.39,149.1068
2017-10-24 04:00:00,283.39,283.39,280.03,283.38,74.6836
2017-10-24 04:15:00,280.6,283.5,280.48,283.5,65.87675
2017-10-24 04:30:00,280.5,284.48,280.49,280.82,93.00857
2017-10-24 04:45:00,280.82,284.46,280.82,281.27,56.31138
2017-10-24 05:00:00,281.27,281.27,280.52,281.01,152.49895
2017-10-24 05:15:00,281.01,281.23,280.99,281.01,51.03724
2017-10-24 05:30:00,281.0,284.44,281.0,282.24,72.41335
2017-10-24 05:45:00,282.23,284.44,281.49,284.44,45.21568
2017-10-24 06:00:00,284.44,284.44,280.28,284.19,49.98087
2017-10-24 06:15:00,284.23,284.38,280.97,283.99,57.70583
2017-10-24 06:30:00,283.98,284.27,281.32,284.06,55.41431
2017-10-24 06:45:00,284.05,284.06,280.0,282.33,131.56261
2017-10-24 07:00:00,282.34,284.45,282.34,284.42,153.91006
2017-10-24 07:15:00,284.41,284.44,280.93,284.3,53.87941
2017-10-24 07:30:00,284.3,284.31,280.89,282.98,108.09798
2017-10-24 07:45:00,280.99,282.99,280.94,281.09,82.70249
2017-10-24 08:00:00,282.27,285.58,281.02,281.07,74.02759
2017-10-24 08:15:00,282.18,282.27,280.98,281.84,182.57386
2017-10-24 08:30:00,281.0,282.26,277.85,282.23,165.95451
2017-10-24 08:45:00,282.23,282.57,277.85,281.97,206.24215
2017-10-24 09:00:00,281.88,281.88,279.27,281.76,46.18267
2017-10-24 09:15:00,281.75,287.5,275.5,287.5,325.10897
2017-10-24 09:30:00,287.27,306.0,287.26,304.5,797.16436
2017-10-24 09:45:00,304.52,307.49,300.0,302.97,610.56095
2017-10-24 10:00:00,302.98,308.45,300.99,306.99,450.11333
2017-10-24 10:15:00,306.28,310.0,304.7,309.76,178.38023
2017-10-24 10:30:00,307.22,308.28,301.38,303.0,157.35476
2017-10-24 10:45:00,302.98,303.01,298.87,302.97,85.1039
2017-10-24 11:00:00,301.31,304.66,300.74,300.74,50.60031
2017-10-24 11:15:00,302.98,304.35,302.96,302.97,141.32569
2017-10-24 11:30:00,302.98,304.33,298.87,298.87,172.34553
2017-10-24 11:45:00,298.85,298.87,298.0,298.44,110.76263
2017-10-24 12:00:00,298.45,302.02,298.43,301.99,234.90724
2017-10-24 12:15:00,301.98,302.0,298.65,298.66,224.22291
2017-10-24 12:30:00,301.9,302.0,299.05,301.98,269.67628
2017-10-24 12:45:00,301.98,304.33,299.05,302.02,131.3304
2017-10-24 13:00:00,302.03,304.68,302.03,304.68,188.60617
2017-10-24 13:15:00,304.69,304.99,303.47,304.85,178.07909
2017-10-24 13:30:00,304.85,306.0,303.49,305.98,150.24856
2017-10-24 13:45:00,305.99,308.28,304.9,308.23,157.39198
2017-10-24 14:00:00,308.25,308.27,306.61,306.66,40.04101
2017-10-24 14:15:00,306.66,307.92,306.0,306.02,137.707
2017-10-24 14:30:00,306.02,306.58,304.88,306.58,101.25088
2017-10-24 14:45:00,306.59,306.69,303.49,305.52,125.98222
2017-10-24 15:00:00,303.49,305.52,302.07,305.34,72.82135
2017-10-24 15:15:00,305.35,305.36,302.0,305.3,89.44465
2017-10-24 15:30:00,304.98,304.98,302.03,303.99,39.99323
2017-10-24 15:45:00,303.99,305.0,302.61,303.97,172.45194
2017-10-24 16:00:00,303.99,304.99,302.8,304.86,143.60054
2017-10-24 16:15:00,304.85,304.97,302.83,304.89,158.15013
2017-10-24 16:30:00,304.87,304.88,302.07,302.98,184.50313
2017-10-24 16:45:00,302.98,304.89,302.98,304.77,78.09001
2017-10-24 17:00:00,304.75,304.78,303.0,304.68,53.16622
2017-10-24 17:15:00,304.69,305.0,303.13,304.89,124.27255
2017-10-24 17:30:00,304.88,306.71,303.12,306.71,180.31433
2017-10-24 17:45:00,306.97,307.66,306.01,307.65,99.89959
2017-10-24 18:00:00,307.65,307.99,306.01,307.97,149.44246
2017-10-24 18:15:00,307.96,307.98,306.01,307.91,136.50327
2017-10-24 18:30:00,306.91,307.92,306.91,306.95,73.60196
2017-10-24 18:45:00,306.94,307.97,306.11,307.97,169.59076
2017-10-24 19:00:00,307.97,308.0,307.97,307.98,148.78901
2017-10-24 19:15:00,307.98,308.26,307.98,308.26,256.8035
2017-10-24 19:30:00,308.26,308.27,307.96,307.96,210.00103
2017-10-24 19:45:00,307.96,308.28,307.96,308.19,134.13981
2017-10-24 20:00:00,308.2,308.88,307.0,308.41,129.79204
2017-10-24 20:15:00,308.42,308.43,306.1,307.95,95.90836
2017-10-24 20:30:00,307.94,307.99,306.01,307.89,51.65362
2017-10-24 20:45:00,307.88,307.89,306.0,307.82,77.91606
2017-10-24 21:00:00,307.81,307.82,305.8,305.8,103.39057
2017-10-24 21:15:00,305.49,306.0,304.56,304.74,124.32927
2017-10-24 21:30:00,305.67,307.1,304.61,306.04,93.16128
2017-10-24 21:45:00,307.06,308.87,307.03,308.87,140.14084
2017-10-24 22:00:00,308.99,309.0,307.11,307.12,197.16009
2017-10-24 22:15:00,307.12,308.98,307.1,308.0,62.01019
2017-10-24 22:30:00,307.97,307.99,307.1,307.12,193.6735
2017-10-24 22:45:00,307.11,308.96,307.1,307.12,106.149
2017-10-24 23:00:00,307.13,308.93,306.03,307.94,177.48181
2017-10-24 23:15:00,307.94,308.25,307.0,308.19,189.26253
2017-10-24 23:30:00,308.18,308.18,305.02,307.99,88.17328
2017-10-24 23:45:00,305.22,307.99,305.21,307.02,206.63095
2017-10-25 00:00:00,307.84,307.85,305.01,307.65,132.98841
2017-10-25 00:15:00,307.65,307.65,305.01,305.87,53.79392
2017-10-25 00:30:00,305.87,305.88,305.1,305.1,144.27071
2017-10-25 00:45:00,305.15,307.27,305.1,305.1,72.38878
2017-10-25 01:00:00,307.13,307.18,303.55,304.89,128.68852
2017-10-25 01:15:00,304.88,304.89,303.23,303.23,61.12235
2017-10-25 01:30:00,303.93,304.9,303.22,303.97,189.87197
2017-10-25 01:45:00,303.96,304.9,303.92,303.93,216.82138
2017-10-25 02:00:00,303.93,304.99,303.22,304.96,82.02735
2017-10-25 02:15:00,304.97,304.97,304.02,304.08,115.75662
2017-10-25 02:30:00,304.06,304.07,303.88,303.88,73.29411
2017-10-25 02:45:00,303.24,304.97,303.13,304.26,79.99882
2017-10-25 03:00:00,304.26,304.97,303.0,303.06,100.92553
2017-10-25 03:15:00,303.07,304.98,302.5,303.1,120.00598
2017-10-25 03:30:00,303.64,303.65,303.09,303.38,227.42733
2017-10-25 03:45:00,303.38,306.39,303.37,303.42,140.66622
2017-10-25 04:00:00,303.42,306.8,303.41,303.44,195.28244
2017-10-25 04:15:00,303.43,306.8,303.11,303.11,145.93732
2017-10-25 04:30:00,303.12,303.15,303.08,303.09,135.57924
2017-10-25 04:45:00,303.1,303.1,303.08,303.1,114.31786
2017-10-25 05:00:00,303.09,303.1,301.34,301.35,100.26859
2017-10-25 05:15:00,301.95,301.95,300.11,300.96,161.83478
2017-10-25 05:30:00,300.11,300.98,298.11,298.11,58.05839
2017-10-25 05:45:00,299.92,299.92,295.08,296.99,94.06106
2017-10-25 06:00:00,296.99,297.46,293.99,296.49,99.09549
2017-10-25 06:15:00,296.48,297.59,294.82,297.5,75.17437
2017-10-25 06:30:00,297.49,298.88,296.34,298.75,44.77168
2017-10-25 06:45:00,297.64,297.66,294.83,296.5,83.37673
2017-10-25 07:00:00,296.5,297.65,294.83,295.06,42.69449
2017-10-25 07:15:00,295.07,297.64,295.03,295.27,122.60956
2017-10-25 07:30:00,295.27,297.59,295.27,295.45,109.59748
2017-10-25 07:45:00,297.37,297.39,295.41,297.38,138.31372
2017-10-25 08:00:00,295.43,297.34,294.83,297.32,127.55537
2017-10-25 08:15:00,295.02,297.33,295.02,295.46,97.96438
2017-10-25 08:30:00,295.46,296.0,294.85,294.91,27.42264
2017-10-25 08:45:00,294.91,295.51,294.83,294.84,68.22575
2017-10-25 09:00:00,294.85,295.51,292.01,292.03,136.82498
2017-10-25 09:15:00,292.02,294.27,290.0,290.01,199.39457
2017-10-25 09:30:00,290.01,291.36,288.57,288.59,69.51246
2017-10-25 09:45:00,288.75,291.33,286.3,286.59,88.42054
2017-10-25 10:00:00,286.67,291.35,286.01,290.83,296.68933
2017-10-25 10:15:00,291.34,291.35,288.26,290.47,71.69055
2017-10-25 10:30:00,289.98,290.0,286.05,287.9,200.00098
2017-10-25 10:45:00,286.06,287.98,281.0,287.49,324.32246
2017-10-25 11:00:00,285.03,288.99,284.98,288.3,218.87784
2017-10-25 11:15:00,288.32,291.0,288.31,288.48,60.99516
2017-10-25 11:30:00,288.61,292.07,288.61,291.03,91.23482
2017-10-25 11:45:00,291.03,294.9,291.03,294.9,82.13875
2017-10-25 12:00:00,294.9,295.49,294.0,294.0,117.05177
2017-10-25 12:15:00,294.01,294.85,292.37,293.98,67.00401
2017-10-25 12:30:00,293.99,294.83,292.9,294.59,118.96168
2017-10-25 12:45:00,294.59,294.61,293.5,294.59,191.30559
2017-10-25 13:00:00,294.57,294.58,290.01,292.34,167.69539
2017-10-25 13:15:00,292.33,292.98,290.0,290.48,45.52137
2017-10-25 13:30:00,291.25,292.39,290.0,292.39,110.60498
2017-10-25 13:45:00,292.37,293.0,290.01,293.0,242.1782
2017-10-25 14:00:00,290.05,293.02,290.04,290.26,90.17929
2017-10-25 14:15:00,290.28,294.66,290.14,290.51,136.42538
2017-10-25 14:30:00,290.51,294.87,290.47,292.14,176.29595
2017-10-25 14:45:00,292.17,295.21,292.16,293.05,47.13914
2017-10-25 15:00:00,293.05,297.69,293.05,295.11,80.80123
2017-10-25 15:15:00,295.11,297.75,295.1,295.77,48.26286
2017-10-25 15:30:00,295.78,297.77,295.76,297.76,31.54029
2017-10-25 15:45:00,296.42,298.15,296.41,297.03,176.8426
2017-10-25 16:00:00,297.03,297.05,297.02,297.03,145.64718
2017-10-25 16:15:00,297.04,298.33,297.02,298.33,242.10548
2017-10-25 16:30:00,299.0,300.0,298.21,298.25,116.14968
2017-10-25 16:45:00,299.01,299.02,295.08,297.01,90.98853
2017-10-25 17:00:00,297.01,297.01,293.63,296.99,223.68675
2017-10-25 17:15:00,296.98,296.99,294.03,296.26,179.53216
2017-10-25 17:30:00,296.24,298.12,295.62,298.1,124.21691
2017-10-25 17:45:00,296.83,298.11,295.81,298.1,101.31014
2017-10-25 18:00:00,298.12,298.24,293.64,294.68,178.85438
2017-10-25 18:15:00,293.64,296.37,289.93,293.98,279.12277
2017-10-25 18:30:00,293.94,293.95,290.1,290.21,39.19124
2017-10-25 18:45:00,290.19,291.61,289.02,289.03,32.99613
2017-10-25 19:00:00,289.03,292.99,288.49,289.27,108.05514
2017-10-25 19:15:00,289.28,292.19,288.42,289.21,103.26822
2017-10-25 19:30:00,288.44,290.99,288.42,290.3,64.53462
2017-10-25 19:45:00,290.11,291.03,288.43,291.01,43.39982
2017-10-25 20:00:00,288.49,291.02,288.49,290.89,87.29301
2017-10-25 20:15:00,289.06,290.89,289.06,290.87,180.9438
2017-10-25 20:30:00,290.02,292.17,290.01,292.17,180.40464
2017-10-25 20:45:00,292.16,293.17,290.01,292.16,119.21099
2017-10-25 21:00:00,292.16,293.18,290.04,291.03,123.02883
2017-10-25 21:15:00,291.08,293.95,291.01,291.03,208.78953
2017-10-25 21:30:00,291.03,293.34,291.02,293.11,157.02087
2017-10-25 21:45:00,293.09,293.31,291.05,291.52,173.11203
2017-10-25 22:00:00,292.99,293.31,291.5,293.26,149.93906
2017-10-25 22:15:00,291.7,293.95,291.56,293.01,66.90547
2017-10-25 22:30:00,293.01,293.7,292.56,292.57,41.28431
2017-10-25 22:45:00,292.56,292.99,292.5,292.99,97.76115
2017-10-25 23:00:00,292.99,292.99,291.56,292.49,51.12444
2017-10-25 23:15:00,292.48,292.49,291.14,291.99,157.01792
2017-10-25 23:30:00,291.98,292.03,291.14,292.03,100.07909
2017-10-25 23:45:00,292.02,292.5,291.51,291.72,19.29754
2017-10-26 00:00:00,291.58,292.5,291.51,292.5,56.95744
2017-10-26 00:15:00,292.76,295.02,291.6,294.49,85.31733
2017-10-26 00:30:00,294.49,294.5,293.01,293.49,17.234
2017-10-26 00:45:00,293.19,295.21,293.01,293.24,37.14071
2017-10-26 01:00:00,293.32,293.35,293.13,293.14,7.01345
2017-10-26 01:15:00,293.15,294.44,293.14,293.2,20.70472
2017-10-26 01:30:00,294.44,294.44,293.31,293.32,12.92168
2017-10-26 01:45:00,293.32,295.23,293.21,293.25,17.77469
2017-10-26 02:00:00,293.28,295.22,293.19,293.27,5.41727
2017-10-26 02:15:00,293.31,294.03,293.3,293.33,15.71971
2017-10-26 02:30:00,293.32,295.14,293.32,293.58,18.41201
2017-10-26 02:45:00,293.6,295.4,293.59,295.4,16.92981
2017-10-26 03:00:00,295.4,297.0,294.01,294.02,23.9109
2017-10-26 03:15:00,294.18,296.82,294.03,295.01,14.63131
2017-10-26 03:30:00,295.01,296.5,295.01,296.5,7.12059
2017-10-26 03:45:00,295.01,298.0,295.01,295.21,42.09819
2017-10-26 04:00:00,295.15,298.14,295.15,296.67,33.21319
2017-10-26 04:15:00,296.64,296.73,295.91,295.92,77.39728
2017-10-26 04:30:00,295.92,295.92,295.08,295.26,50.76198
2017-10-26 04:45:00,295.25,295.27,293.92,295.25,136.24239
2017-10-26 05:00:00,295.25,295.25,293.92,293.93,76.65984
2017-10-26 05:15:00,293.94,294.89,293.92,293.93,68.52124
2017-10-26 05:30:00,293.93,296.62,293.93,296.22,55.65478
2017-10-26 05:45:00,296.21,296.21,294.29,294.72,81.88838
2017-10-26 06:00:00,294.71,294.73,294.7,294.71,156.81309
2017-10-26 06:15:00,294.71,295.81,294.06,295.81,77.0652
2017-10-26 06:30:00,295.72,295.72,293.95,295.41,11.89525
2017-10-26 06:45:00,294.03,296.16,293.96,296.14,30.93598
2017-10-26 07:00:00,296.14,296.15,295.41,295.99,70.13308
2017-10-26 07:15:00,295.99,296.01,293.96,294.51,157.65838
2017-10-26 07:30:00,294.5,296.66,294.5,296.02,136.28875
2017-10-26 07:45:00,296.63,298.13,294.48,294.49,87.30785
2017-10-26 08:00:00,294.1,295.75,293.93,293.93,170.55463
2017-10-26 08:15:00,293.93,295.39,293.92,293.93,46.59969
2017-10-26 08:30:00,293.93,295.4,293.9,293.91,49.45969
2017-10-26 08:45:00,293.91,295.31,293.85,293.89,87.96061
2017-10-26 09:00:00,293.89,294.88,293.88,294.31,17.07258
2017-10-26 09:15:00,294.32,295.51,294.19,295.51,11.58613
2017-10-26 09:30:00,296.25,296.97,295.01,295.38,55.47943
2017-10-26 09:45:00,295.01,296.96,295.01,296.96,20.31394
2017-10-26 10:00:00,295.22,296.81,295.05,296.09,39.05037
2017-10-26 10:15:00,295.43,297.0,295.43,296.31,79.69447
2017-10-26 10:30:00,296.31,296.99,295.83,296.95,89.03206
2017-10-26 10:45:00,296.06,296.98,296.02,296.98,54.14144
2017-10-26 11:00:00,296.97,296.99,296.12,296.96,66.93198
2017-10-26 11:15:00,296.96,297.73,296.03,296.99,54.52406
2017-10-26 11:30:00,296.98,297.79,295.51,296.49,48.91098
2017-10-26 11:45:00,296.49,297.62,296.49,296.5,63.16877
2017-10-26 12:00:00,296.51,296.8,295.5,296.19,89.96782
2017-10-26 12:15:00,296.19,296.75,295.51,295.98,116.63669
2017-10-26 12:30:00,295.98,296.52,295.98,296.0,89.21875
2017-10-26 12:45:00,295.67,296.03,295.53,295.66,16.23399
2017-10-26 13:00:00,295.67,296.54,295.52,295.56,32.83021
2017-10-26 13:15:00,295.57,297.95,295.5,296.77,67.31432
2017-10-26 13:30:00,297.01,297.67,295.2,295.22,47.85345
2017-10-26 13:45:00,295.23,297.0,294.91,294.91,213.05147
2017-10-26 14:00:00,295.27,296.3,294.9,296.28,218.59309
2017-10-26 14:15:00,294.99,296.27,294.61,295.65,52.17365
2017-10-26 14:30:00,295.88,295.89,294.21,294.98,40.88889
2017-10-26 14:45:00,294.99,296.29,294.39,295.05,60.36314
2017-10-26 15:00:00,295.03,295.99,294.51,295.57,74.91497
2017-10-26 15:15:00,295.56,295.57,294.56,294.97,158.44763
2017-10-26 15:30:00,294.97,295.2,294.59,295.18,62.85963
2017-10-26 15:45:00,295.19,295.19,294.56,294.56,127.76255
2017-10-26 16:00:00,294.74,294.74,294.55,294.74,139.09565
2017-10-26 16:15:00,294.74,294.8,294.37,294.49,96.07962
2017-10-26 16:30:00,294.49,296.29,294.36,294.37,54.02833
2017-10-26 16:45:00,294.38,295.63,294.32,295.36,40.5372
2017-10-26 17:00:00,295.33,295.37,294.32,295.36,27.01053
2017-10-26 17:15:00,295.35,295.37,294.0,294.45,94.03964
2017-10-26 17:30:00,294.45,295.6,294.01,295.4,40.72323
2017-10-26 17:45:00,295.49,296.41,295.38,296.41,66.29387
2017-10-26 18:00:00,295.45,297.0,295.43,296.69,55.51722
2017-10-26 18:15:00,296.71,297.02,295.43,295.44,107.88344
2017-10-26 18:30:00,295.44,297.3,295.44,295.52,39.64974
2017-10-26 18:45:00,295.52,297.41,295.51,296.31,76.32339
2017-10-26 19:00:00,296.32,299.0,296.31,298.88,25.534
2017-10-26 19:15:00,298.88,299.02,296.98,299.02,108.31297
2017-10-26 19:30:00,299.28,299.76,298.0,298.06,49.78794
2017-10-26 19:45:00,298.06,299.09,298.05,298.3,75.65825
2017-10-26 20:00:00,298.7,299.2,298.01,298.07,86.35562
2017-10-26 20:15:00,298.78,298.79,296.9,296.9,67.71865
2017-10-26 20:30:00,297.3,297.31,296.6,297.03,54.56681
2017-10-26 20:45:00,297.14,297.29,295.9,296.02,165.28579
2017-10-26 21:00:00,296.15,297.32,295.51,296.35,245.29825
2017-10-26 21:15:00,296.34,296.83,295.67,295.68,79.7776
2017-10-26 21:30:00,295.68,295.68,294.91,294.98,150.97646
2017-10-26 21:45:00,294.98,295.71,294.51,294.69,156.14392
2017-10-26 22:00:00,294.51,294.83,294.51,294.58,197.88143
2017-10-26 22:15:00,294.57,294.97,294.57,294.94,107.10892
2017-10-26 22:30:00,294.95,295.0,294.87,294.87,88.35752
2017-10-26 22:45:00,294.87,296.01,294.5,296.01,70.35489
2017-10-26 23:00:00,295.02,295.1,294.5,294.51,64.95259
2017-10-26 23:15:00,294.5,295.7,294.12,295.0,78.70489
2017-10-26 23:30:00,294.98,296.5,294.36,295.14,69.40366
2017-10-26 23:45:00,295.49,296.39,295.02,295.52,97.76828
2017-10-27 00:00:00,296.11,296.12,295.5,295.55,189.37732
2017-10-27 00:15:00,295.55,297.41,295.53,297.21,165.38361
2017-10-27 00:30:00,297.06,297.17,295.52,295.53,37.07915
2017-10-27 00:45:00,296.93,296.93,294.71,294.71,80.19206
2017-10-27 01:00:00,294.99,295.96,294.75,295.54,48.12979
2017-10-27 01:15:00,295.47,295.54,294.3,294.32,43.03809
2017-10-27 01:30:00,295.53,295.53,294.05,295.29,45.91807
2017-10-27 01:45:00,295.23,295.35,294.01,294.02,34.74661
2017-10-27 02:00:00,294.98,294.99,294.03,294.14,22.40086
2017-10-27 02:15:00,294.15,294.99,294.02,294.72,72.16499
2017-10-27 02:30:00,294.65,294.9,293.7,293.72,120.54653
2017-10-27 02:45:00,293.78,293.79,293.01,293.48,46.37058
2017-10-27 03:00:00,293.47,293.48,292.01,293.0,101.05776
2017-10-27 03:15:00,292.02,293.59,291.03,293.38,119.17549
2017-10-27 03:30:00,293.37,293.39,292.48,292.48,32.29624
2017-10-27 03:45:00,292.49,292.99,292.42,292.98,57.90254
2017-10-27 04:00:00,293.0,293.61,292.01,293.51,103.48884
2017-10-27 04:15:00,293.52,293.6,293.48,293.48,64.24199
2017-10-27 04:30:00,293.48,293.55,292.0,292.32,62.28357
2017-10-27 04:45:00,293.54,293.54,292.3,292.3,103.34234
2017-10-27 05:00:00,293.54,293.55,292.3,292.34,44.26613
2017-10-27 05:15:00,292.32,294.4,291.81,294.11,69.30845
2017-10-27 05:30:00,292.01,294.19,291.9,291.91,69.95717
2017-10-27 05:45:00,294.18,294.19,291.8,291.91,134.90321
2017-10-27 06:00:00,291.91,293.62,291.81,293.02,22.29067
2017-10-27 06:15:00,293.04,294.23,292.71,292.71,76.81889
2017-10-27 06:30:00,292.72,295.12,292.71,295.01,40.61122
2017-10-27 06:45:00,295.01,295.09,295.01,295.08,121.1813
2017-10-27 07:00:00,295.01,296.85,295.01,295.13,218.48623
2017-10-27 07:15:00,295.25,296.84,295.01,295.18,27.73206
2017-10-27 07:30:00,296.83,296.84,295.01,295.01,66.67107
2017-10-27 07:45:00,295.02,296.82,294.71,294.71,70.94296
2017-10-27 08:00:00,294.72,294.72,294.71,294.72,9.89161
2017-10-27 08:15:00,294.71,294.77,294.71,294.72,39.96786
2017-10-27 08:30:00,294.72,295.96,294.5,294.52,76.96065
2017-10-27 08:45:00,294.56,296.85,294.51,295.37,67.95214
2017-10-27 09:00:00,295.42,297.2,295.01,297.2,11.89268
2017-10-27 09:15:00,295.84,298.1,295.32,298.1,23.6696
2017-10-27 09:30:00,298.01,298.02,297.21,298.0,19.91956
2017-10-27 09:45:00,297.43,297.44,297.41,297.41,91.27831
2017-10-27 10:00:00,297.69,297.69,296.5,297.4,19.12537
2017-10-27 10:15:00,297.49,297.49,296.91,296.92,13.20408
2017-10-27 10:30:00,297.27,297.27,296.45,297.09,42.55261
2017-10-27 10:45:00,297.09,297.12,296.3,296.96,82.15595
2017-10-27 11:00:00,296.3,296.3,295.31,295.79,13.43689
2017-10-27 11:15:00,296.2,296.2,295.0,296.01,147.8878
2017-10-27 11:30:00,296.01,297.0,294.81,296.02,64.82699
2017-10-27 11:45:00,296.01,296.93,295.31,295.5,56.86479
2017-10-27 12:00:00,295.53,296.82,295.51,295.67,53.31791
2017-10-27 12:15:00,296.72,297.0,295.91,296.21,55.25315
2017-10-27 12:30:00,296.28,297.1,296.11,296.21,17.2287
2017-10-27 12:45:00,296.24,296.33,296.21,296.25,57.01499
2017-10-27 13:00:00,296.23,297.01,296.2,296.21,78.83234
2017-10-27 13:15:00,296.23,297.99,296.22,297.99,82.5616
2017-10-27 13:30:00,297.78,297.99,296.55,297.09,78.96624
2017-10-27 13:45:00,297.96,297.96,296.2,296.21,76.47845
2017-10-27 14:00:00,296.21,296.22,296.01,296.08,144.76383
2017-10-27 14:15:00,296.08,296.98,296.06,296.79,60.73986
2017-10-27 14:30:00,296.06,297.35,296.06,296.4,156.19284
2017-10-27 14:45:00,296.94,297.02,296.11,296.11,56.32328
2017-10-27 15:00:00,296.09,297.31,296.08,297.0,50.22347
2017-10-27 15:15:00,296.4,297.35,296.4,297.33,109.78589
2017-10-27 15:30:00,296.41,297.31,296.39,297.19,45.55492
2017-10-27 15:45:00,296.4,297.34,296.3,296.39,58.96131
2017-10-27 16:00:00,296.38,296.4,295.21,296.0,161.95054
2017-10-27 16:15:00,295.26,295.37,295.24,295.35,36.661
2017-10-27 16:30:00,296.53,296.53,295.26,295.35,77.15622
2017-10-27 16:45:00,295.36,295.36,295.25,295.25,19.90378
2017-10-27 17:00:00,295.26,296.9,295.25,296.52,37.24819
2017-10-27 17:15:00,296.54,296.9,296.53,296.58,145.56058
2017-10-27 17:30:00,296.58,296.88,295.26,295.5,80.80333
2017-10-27 17:45:00,295.26,296.58,295.26,296.54,53.75712
2017-10-27 18:00:00,296.53,296.9,295.3,295.39,93.47387
2017-10-27 18:15:00,295.49,296.99,295.41,295.41,42.41797
2017-10-27 18:30:00,296.83,296.97,296.1,296.96,26.56029
2017-10-27 18:45:00,296.91,296.98,296.0,296.0,14.85032
2017-10-27 19:00:00,296.01,296.02,295.71,295.98,46.45555
2017-10-27 19:15:00,295.72,296.0,295.32,295.32,27.18856
2017-10-27 19:30:00,295.31,296.0,295.31,296.0,91.24857
2017-10-27 19:45:00,295.98,296.79,295.33,296.79,100.73279
2017-10-27 20:00:00,296.78,297.36,295.41,297.36,78.24128
2017-10-27 20:15:00,296.41,297.33,295.75,296.09,53.51827
2017-10-27 20:30:00,296.08,297.24,295.69,296.39,51.26815
2017-10-27 20:45:00,296.36,296.52,296.1,296.34,130.89873
2017-10-27 21:00:00,296.34,296.34,295.4,295.95,73.10002
2017-10-27 21:15:00,295.4,296.19,294.39,295.17,61.53286
2017-10-27 21:30:00,294.3,294.7,292.03,293.29,23.56834
2017-10-27 21:45:00,293.21,293.4,292.95,293.38,54.21729
2017-10-27 22:00:00,293.39,293.68,293.38,293.61,45.94263
2017-10-27 22:15:00,293.6,293.7,292.7,293.59,56.11618
2017-10-27 22:30:00,293.59,293.99,292.71,292.91,27.04699
2017-10-27 22:45:00,293.88,294.95,293.88,294.15,49.73982
2017-10-27 23:00:00,294.32,294.32,293.91,293.92,68.24704
2017-10-27 23:15:00,293.92,294.34,293.91,293.93,56.82971
2017-10-27 23:30:00,293.93,294.34,293.91,293.92,79.05665
2017-10-27 23:45:00,293.93,294.37,293.9,293.92,43.86949
2017-10-28 00:00:00,294.1,294.32,293.91,294.01,86.66274
2017-10-28 00:15:00,294.02,294.38,294.02,294.24,135.16171
2017-10-28 00:30:00,294.26,294.38,293.91,293.92,57.70249
2017-10-28 00:45:00,294.37,294.37,293.91,293.94,23.36441
2017-10-28 01:00:00,293.94,294.36,293.91,293.91,37.54194
2017-10-28 01:15:00,293.94,294.36,293.91,293.94,14.24939
2017-10-28 01:30:00,293.96,294.36,293.92,294.36,23.93635
2017-10-28 01:45:00,294.36,294.38,293.91,293.92,98.3761
2017-10-28 02:00:00,293.91,294.38,293.91,294.38,67.22845
2017-10-28 02:15:00,294.38,294.38,293.91,293.92,87.08488
2017-10-28 02:30:00,293.93,294.38,293.92,293.94,26.42263
2017-10-28 02:45:00,293.94,294.38,293.93,294.2,18.21806
2017-10-28 03:00:00,294.21,294.38,294.19,294.21,29.27687
2017-10-28 03:15:00,294.21,294.22,294.2,294.2,51.24154
2017-10-28 03:30:00,294.21,294.38,294.2,294.2,67.11417
2017-10-28 03:45:00,294.21,294.38,294.2,294.2,128.65188
2017-10-28 04:00:00,294.21,294.38,294.2,294.21,97.78899
2017-10-28 04:15:00,294.21,294.23,294.19,294.22,32.50049
2017-10-28 04:30:00,294.23,294.38,294.2,294.2,77.27331
2017-10-28 04:45:00,294.38,294.38,294.2,294.22,92.27956
2017-10-28 05:00:00,294.23,294.38,294.2,294.22,106.16159
2017-10-28 05:15:00,294.23,294.38,294.2,294.21,73.40997
2017-10-28 05:30:00,294.2,294.38,294.19,294.2,127.20545
2017-10-28 05:45:00,294.21,294.21,294.2,294.2,59.41132
2017-10-28 06:00:00,294.21,294.42,294.2,294.42,49.1046
2017-10-28 06:15:00,294.44,294.44,294.21,294.22,3.76672
2017-10-28 06:30:00,294.21,294.5,294.21,294.34,83.90889
2017-10-28 06:45:00,294.34,294.7,294.22,294.36,54.06878
2017-10-28 07:00:00,294.36,294.7,294.32,294.34,103.9313
2017-10-28 07:15:00,294.33,294.8,294.33,294.8,147.33068
2017-10-28 07:30:00,294.71,296.36,294.71,296.33,112.03061
2017-10-28 07:45:00,296.33,296.33,296.08,296.33,126.79435
2017-10-28 08:00:00,296.14,296.96,296.14,296.96,49.79885
2017-10-28 08:15:00,296.95,296.96,296.35,296.36,67.08023
2017-10-28 08:30:00,296.36,296.38,295.91,296.32,176.87516
2017-10-28 08:45:00,296.33,296.33,294.71,296.3,33.65158
2017-10-28 09:00:00,296.0,296.32,295.02,295.99,19.86863
2017-10-28 09:15:00,295.99,296.99,295.01,295.41,31.02443
2017-10-28 09:30:00,296.09,296.09,294.39,294.6,149.98221
2017-10-28 09:45:00,294.62,296.91,294.44,294.71,74.11541
2017-10-28 10:00:00,294.92,297.0,294.91,295.01,31.41825
2017-10-28 10:15:00,295.32,296.88,295.31,296.29,110.19992
2017-10-28 10:30:00,295.6,296.03,294.68,295.27,15.46868
2017-10-28 10:45:00,295.22,295.49,294.36,294.36,15.06511
2017-10-28 11:00:00,294.4,295.01,293.61,293.68,119.79643
2017-10-28 11:15:00,293.69,296.81,293.68,293.81,50.66412
2017-10-28 11:30:00,293.82,294.69,293.71,293.71,83.86758
2017-10-28 11:45:00,293.71,293.99,292.81,292.82,51.89877
2017-10-28 12:00:00,293.28,293.49,292.81,293.49,71.03257
2017-10-28 12:15:00,293.33,293.49,292.81,293.28,48.30296
2017-10-28 12:30:00,293.28,293.99,292.8,293.88,23.81506
2017-10-28 12:45:00,293.47,293.89,292.9,292.9,12.45864
2017-10-28 13:00:00,293.72,293.87,293.7,293.87,3.73013
2017-10-28 13:15:00,293.85,293.88,293.42,293.78,15.8742
2017-10-28 13:30:00,293.78,293.79,293.22,293.59,22.79357
2017-10-28 13:45:00,293.58,293.79,292.8,293.48,61.83819
2017-10-28 14:00:00,293.47,293.61,293.43,293.61,41.65347
2017-10-28 14:15:00,293.7,294.0,293.21,293.21,69.94558
2017-10-28 14:30:00,293.21,293.89,293.21,293.24,74.21851
2017-10-28 14:45:00,293.25,293.9,293.21,293.24,18.68995
2017-10-28 15:00:00,293.23,293.33,293.23,293.32,109.41381
2017-10-28 15:15:00,293.35,294.2,293.34,294.14,80.40368
2017-10-28 15:30:00,294.16,294.16,293.8,293.81,41.95
2017-10-28 15:45:00,293.7,296.1,293.7,294.01,88.12017
2017-10-28 16:00:00,294.01,294.06,293.32,293.98,31.669
2017-10-28 16:15:00,293.98,294.08,293.61,293.99,23.11367
2017-10-28 16:30:00,293.97,293.97,293.31,293.32,52.13396
2017-10-28 16:45:00,293.32,293.93,293.27,293.31,65.62089
2017-10-28 17:00:00,293.32,293.79,293.31,293.32,53.72935
2017-10-28 17:15:00,293.33,293.96,293.32,293.34,27.89538
2017-10-28 17:30:00,293.34,293.66,293.33,293.66,73.56529
2017-10-28 17:45:00,293.65,293.98,293.3,293.96,41.58516
2017-10-28 18:00:00,293.96,294.1,293.31,294.08,45.52531
2017-10-28 18:15:00,294.09,294.09,293.29,293.31,96.13142
2017-10-28 18:30:00,293.31,294.09,293.29,294.03,56.44866
2017-10-28 18:45:00,294.07,294.09,293.78,293.79,30.50939
2017-10-28 19:00:00,293.8,293.96,292.6,293.48,94.46485
2017-10-28 19:15:00,293.4,293.4,292.62,293.39,147.45961
2017-10-28 19:30:00,293.39,293.39,292.16,293.29,28.85032
2017-10-28 19:45:00,292.98,292.98,292.06,292.97,25.25796
2017-10-28 20:00:00,292.97,292.97,291.0,292.97,60.83637
2017-10-28 20:15:00,292.97,292.97,290.21,292.75,43.17776
2017-10-28 20:30:00,292.02,292.96,290.22,291.68,21.55387
2017-10-28 20:45:00,291.76,291.82,291.54,291.75,56.98416
2017-10-28 21:00:00,291.82,291.82,290.1,290.52,130.33148
2017-10-28 21:15:00,290.55,291.6,290.55,290.97,23.59543
2017-10-28 21:30:00,290.97,291.83,290.95,291.23,23.52664
2017-10-28 21:45:00,291.34,294.5,291.07,294.28,39.68174
2017-10-28 22:00:00,294.41,296.5,290.97,295.02,229.45442
2017-10-28 22:15:00,295.02,296.5,295.02,295.51,30.83916
2017-10-28 22:30:00,295.51,296.69,292.83,296.69,36.85465
2017-10-28 22:45:00,294.05,296.7,292.0,292.42,43.11488
2017-10-28 23:00:00,292.47,293.18,292.03,293.16,7.60801
2017-10-28 23:15:00,292.12,295.24,292.04,293.15,94.43609
2017-10-28 23:30:00,293.17,295.14,293.0,293.02,70.18212
2017-10-28 23:45:00,293.03,294.93,293.0,293.0,120.20456
2017-10-29 00:00:00,292.12,293.67,292.12,292.77,102.92273
2017-10-29 00:15:00,292.98,292.98,292.19,292.24,14.13843
2017-10-29 00:30:00,292.21,295.2,292.2,292.22,18.80847
2017-10-29 00:45:00,293.03,293.17,293.01,293.04,36.82804
2017-10-29 01:00:00,293.03,294.8,293.02,293.03,56.72584
2017-10-29 01:15:00,293.02,293.04,293.02,293.03,57.31129
2017-10-29 01:30:00,293.03,294.89,293.02,293.11,31.67145
2017-10-29 01:45:00,293.11,294.97,292.02,292.02,46.33268
2017-10-29 02:00:00,292.02,295.4,292.01,292.02,92.94072
2017-10-29 02:15:00,292.02,295.0,292.02,292.04,126.58032
2017-10-29 02:30:00,294.98,294.98,292.03,292.16,37.9372
2017-10-29 02:45:00,292.17,294.0,292.03,292.28,33.14429
2017-10-29 03:00:00,292.33,293.99,292.04,292.07,47.57034
2017-10-29 03:15:00,292.11,294.0,292.03,292.1,22.29138
2017-10-29 03:30:00,292.18,293.99,292.16,293.98,62.28774
2017-10-29 03:45:00,292.18,293.99,292.01,293.98,44.41482
2017-10-29 04:00:00,292.03,293.99,292.02,292.04,15.68202
2017-10-29 04:15:00,292.04,294.0,292.01,292.02,55.99719
2017-10-29 04:30:00,293.98,293.99,292.02,292.04,37.95752
2017-10-29 04:45:00,292.03,293.98,292.01,292.02,57.31667
2017-10-29 05:00:00,292.03,293.84,291.51,291.83,179.23939
2017-10-29 05:15:00,292.0,293.79,291.82,291.82,26.65591
2017-10-29 05:30:00,291.82,294.0,291.0,291.16,79.43165
2017-10-29 05:45:00,291.16,293.99,291.15,291.2,32.94903
2017-10-29 06:00:00,291.21,293.22,291.2,293.19,33.70648
2017-10-29 06:15:00,291.38,293.2,291.37,293.13,60.04894
2017-10-29 06:30:00,292.01,293.11,291.37,292.98,65.87218
2017-10-29 06:45:00,292.96,292.97,291.36,291.37,287.83169
2017-10-29 07:00:00,291.37,291.99,291.36,291.85,164.27121
2017-10-29 07:15:00,291.86,293.17,291.85,291.86,48.51325
2017-10-29 07:30:00,291.87,291.87,291.86,291.86,29.8894
2017-10-29 07:45:00,291.86,293.16,291.85,291.87,50.24021
2017-10-29 08:00:00,291.86,293.16,291.86,291.86,9.59424
2017-10-29 08:15:00,291.86,293.16,291.86,291.86,15.57269
2017-10-29 08:30:00,291.86,293.16,291.86,292.32,30.57635
2017-10-29 08:45:00,292.33,293.16,292.32,292.33,44.26582
2017-10-29 09:00:00,293.16,293.16,292.33,292.47,53.61905
2017-10-29 09:15:00,292.48,293.17,292.47,292.49,78.98657
2017-10-29 09:30:00,292.49,293.61,292.48,292.51,46.65237
2017-10-29 09:45:00,292.51,294.87,292.51,293.01,57.67191
2017-10-29 10:00:00,293.02,294.86,292.31,292.32,42.77594
2017-10-29 10:15:00,292.99,294.86,292.0,294.02,75.45789
2017-10-29 10:30:00,294.0,294.01,292.01,292.04,31.07808
2017-10-29 10:45:00,293.86,294.01,292.04,293.96,92.14863
2017-10-29 11:00:00,293.95,293.95,292.05,292.1,39.43974
2017-10-29 11:15:00,293.85,293.87,292.04,292.15,124.45794
2017-10-29 11:30:00,292.17,293.87,292.17,293.79,79.22056
2017-10-29 11:45:00,293.8,293.8,292.0,293.5,210.60042
2017-10-29 12:00:00,292.1,294.04,292.1,294.03,58.90615
2017-10-29 12:15:00,294.05,295.42,294.04,295.1,23.33629
2017-10-29 12:30:00,294.96,295.01,294.02,294.03,50.69655
2017-10-29 12:45:00,294.03,294.95,294.03,294.07,59.33259
2017-10-29 13:00:00,294.8,294.95,293.61,294.08,95.63881
2017-10-29 13:15:00,294.9,294.95,294.07,294.2,78.33919
2017-10-29 13:30:00,294.2,294.95,294.13,294.37,156.23327
2017-10-29 13:45:00,294.38,294.57,294.37,294.57,121.32973
2017-10-29 14:00:00,294.57,294.94,294.56,294.67,243.2104
2017-10-29 14:15:00,294.66,296.0,294.54,296.0,59.60891
2017-10-29 14:30:00,295.15,296.0,295.15,295.99,47.33467
2017-10-29 14:45:00,295.98,295.99,295.16,295.51,84.48114
2017-10-29 15:00:00,295.98,296.5,295.17,296.03,99.98909
2017-10-29 15:15:00,296.5,297.08,296.03,296.19,120.1647
2017-10-29 15:30:00,296.94,297.07,296.13,296.25,63.92856
2017-10-29 15:45:00,297.0,297.07,296.05,296.06,29.25322
2017-10-29 16:00:00,296.07,297.3,296.04,297.29,44.8731
2017-10-29 16:15:00,297.28,299.49,296.04,296.17,29.20678
2017-10-29 16:30:00,296.57,299.34,296.17,296.65,35.75062
2017-10-29 16:45:00,299.11,299.11,296.3,298.78,69.2061
2017-10-29 17:00:00,298.69,298.69,296.31,296.59,54.60191
2017-10-29 17:15:00,296.59,296.6,296.28,296.29,184.2912
2017-10-29 17:30:00,296.29,296.29,295.03,295.86,135.77492
2017-10-29 17:45:00,295.99,296.28,295.06,296.23,14.95075
2017-10-29 18:00:00,296.19,296.19,295.07,296.18,37.01591
2017-10-29 18:15:00,295.3,296.2,295.3,296.19,54.3394
2017-10-29 18:30:00,296.12,296.18,295.6,296.04,51.88699
2017-10-29 18:45:00,296.03,296.04,295.64,295.95,133.20261
2017-10-29 19:00:00,295.93,299.46,295.62,299.43,153.14431
2017-10-29 19:15:00,299.38,299.39,297.2,298.01,37.92283
2017-10-29 19:30:00,299.22,304.0,298.02,304.0,120.55985
2017-10-29 19:45:00,301.56,308.0,301.56,304.59,293.03179
2017-10-29 20:00:00,304.59,305.98,303.0,304.65,114.52151
2017-10-29 20:15:00,304.67,305.47,303.0,303.03,106.09101
2017-10-29 20:30:00,303.03,304.85,303.03,303.9,40.28164
2017-10-29 20:45:00,303.22,307.5,303.21,307.5,223.26604
2017-10-29 21:00:00,306.02,308.0,304.06,308.0,166.48997
2017-10-29 21:15:00,308.0,309.0,307.01,307.01,133.39002
2017-10-29 21:30:00,307.04,307.89,304.74,305.9,187.1429
2017-10-29 21:45:00,305.15,305.9,304.68,305.85,123.86054
2017-10-29 22:00:00,305.87,306.99,305.8,305.99,66.09032
2017-10-29 22:15:00,305.99,306.76,305.98,306.45,60.14571
2017-10-29 22:30:00,306.45,306.45,303.09,304.98,134.57411
2017-10-29 22:45:00,304.97,306.38,303.23,306.38,58.15701
2017-10-29 23:00:00,306.02,306.38,303.99,305.01,137.24379
2017-10-29 23:15:00,303.99,306.69,303.99,305.9,83.67797
2017-10-29 23:30:00,305.91,309.0,305.0,305.79,132.01249
2017-10-29 23:45:00,305.82,309.4,305.77,308.11,168.73784
2017-10-30 00:00:00,308.11,308.11,303.63,303.66,235.52787
2017-10-30 00:15:00,303.66,306.09,303.62,305.0,92.27617
2017-10-30 00:30:00,305.0,305.2,304.98,305.16,41.98557
2017-10-30 00:45:00,305.12,307.87,305.03,305.03,57.06848
2017-10-30 01:00:00,306.02,306.02,304.28,304.29,40.85359
2017-10-30 01:15:00,304.4,308.11,304.26,304.41,33.50345
2017-10-30 01:30:00,304.52,308.12,304.42,304.78,98.61821
2017-10-30 01:45:00,307.0,307.17,304.44,304.56,99.26817
2017-10-30 02:00:00,304.47,308.12,304.47,305.16,86.88314
2017-10-30 02:15:00,305.2,307.09,305.17,305.42,97.02049
2017-10-30 02:30:00,305.42,306.3,304.08,304.38,41.92982
2017-10-30 02:45:00,304.4,307.37,304.39,307.37,116.51448
2017-10-30 03:00:00,307.01,307.38,304.69,304.69,11.47884
2017-10-30 03:15:00,304.7,307.77,304.69,306.94,49.27391
2017-10-30 03:30:00,306.89,306.95,305.0,305.02,46.58916
2017-10-30 03:45:00,305.01,306.91,304.7,305.04,45.16702
2017-10-30 04:00:00,304.76,306.88,302.0,302.99,371.81725
2017-10-30 04:15:00,302.99,303.5,300.85,302.31,54.32123
2017-10-30 04:30:00,300.86,302.5,300.85,302.5,80.59242
2017-10-30 04:45:00,302.5,307.63,302.5,302.53,105.46328
2017-10-30 05:00:00,306.64,306.71,302.57,306.53,43.13066
2017-10-30 05:15:00,304.09,306.72,302.5,302.56,40.0843
2017-10-30 05:30:00,303.02,305.58,300.87,300.89,97.2263
2017-10-30 05:45:00,300.9,304.97,300.9,301.13,106.54385
2017-10-30 06:00:00,303.31,306.77,301.52,304.97,63.34701
2017-10-30 06:15:00,304.98,306.48,303.01,306.13,93.49244
2017-10-30 06:30:00,306.11,306.11,301.04,305.92,120.08229
2017-10-30 06:45:00,301.26,305.02,301.1,305.02,86.85662
2017-10-30 07:00:00,305.02,305.67,305.0,305.44,165.08915
2017-10-30 07:15:00,305.44,305.64,305.0,305.02,136.8882
2017-10-30 07:30:00,305.0,305.44,305.0,305.41,241.49295
2017-10-30 07:45:00,305.01,305.41,305.0,305.0,209.40342
2017-10-30 08:00:00,305.0,305.0,302.1,302.15,66.02332
2017-10-30 08:15:00,302.16,303.99,302.15,302.26,43.57423
2017-10-30 08:30:00,302.26,303.99,302.23,303.32,60.264
2017-10-30 08:45:00,303.33,304.85,303.32,304.85,64.75393
2017-10-30 09:00:00,304.51,306.76,304.5,306.0,69.41932
2017-10-30 09:15:00,306.04,316.0,306.0,312.64,569.43553
2017-10-30 09:30:00,311.85,313.13,307.81,308.22,34.36016
2017-10-30 09:45:00,308.02,310.75,307.72,308.18,61.79436
2017-10-30 10:00:00,308.16,310.1,307.77,308.19,109.06755
2017-10-30 10:15:00,307.99,309.0,307.01,307.48,97.80815
2017-10-30 10:30:00,307.09,308.58,305.03,305.46,240.70339
2017-10-30 10:45:00,305.46,306.78,305.0,306.77,249.96145
2017-10-30 11:00:00,306.77,306.78,305.85,305.99,74.18726
2017-10-30 11:15:00,306.0,307.4,305.16,305.77,89.9901
2017-10-30 11:30:00,307.06,307.15,305.51,307.13,53.61806
2017-10-30 11:45:00,307.13,308.53,305.62,308.53,62.93025
2017-10-30 12:00:00,308.46,308.46,306.55,306.65,46.75871
2017-10-30 12:15:00,306.64,308.58,306.64,308.41,55.17906
2017-10-30 12:30:00,308.41,308.56,306.78,308.51,147.17024
2017-10-30 12:45:00,307.22,310.1,307.19,308.79,128.60096
2017-10-30 13:00:00,308.73,308.8,307.54,308.8,151.77583
2017-10-30 13:15:00,308.77,311.39,307.58,307.98,57.80334
2017-10-30 13:30:00,311.29,311.29,307.89,309.49,95.14463
2017-10-30 13:45:00,309.48,309.49,307.88,307.99,90.67893
2017-10-30 14:00:00,307.98,308.5,307.68,307.71,67.64604
2017-10-30 14:15:00,307.68,308.0,307.67,307.82,63.63918
2017-10-30 14:30:00,308.0,308.5,307.66,307.68,94.00277
2017-10-30 14:45:00,307.68,308.78,307.5,307.74,143.39873
2017-10-30 15:00:00,307.74,309.0,307.73,308.97,75.03292
2017-10-30 15:15:00,308.98,309.9,308.97,308.97,277.96304
2017-10-30 15:30:00,309.0,309.0,307.75,308.95,195.22734
2017-10-30 15:45:00,308.06,308.8,308.02,308.34,18.9602
2017-10-30 16:00:00,308.35,309.0,308.18,308.53,178.59399
2017-10-30 16:15:00,309.0,309.0,308.53,308.56,130.03637
2017-10-30 16:30:00,308.57,309.0,308.01,308.6,49.76973
2017-10-30 16:45:00,308.6,309.0,308.44,308.47,127.41208
2017-10-30 17:00:00,308.46,309.0,308.01,308.98,157.55234
2017-10-30 17:15:00,308.96,309.0,308.96,308.98,132.08181
2017-10-30 17:30:00,308.99,309.0,308.61,308.96,154.69624
2017-10-30 17:45:00,308.96,309.86,308.61,309.17,108.97246
2017-10-30 18:00:00,309.17,309.83,309.15,309.46,165.6535
2017-10-30 18:15:00,309.46,309.86,309.21,309.84,79.89082
2017-10-30 18:30:00,309.84,311.29,309.84,311.25,188.66613
2017-10-30 18:45:00,311.24,311.29,309.29,310.0,138.00819
2017-10-30 19:00:00,310.0,311.28,309.56,309.56,116.39612
2017-10-30 19:15:00,309.57,311.12,309.25,309.4,46.48302
2017-10-30 19:30:00,309.43,310.99,309.0,309.0,42.1189
2017-10-30 19:45:00,309.02,310.12,307.61,307.62,96.42723
2017-10-30 20:00:00,308.71,310.0,307.31,308.26,45.97592
2017-10-30 20:15:00,308.98,308.98,308.0,308.0,54.46608
2017-10-30 20:30:00,308.02,308.9,307.0,307.0,98.59355
2017-10-30 20:45:00,308.43,308.93,307.0,308.89,25.07536
2017-10-30 21:00:00,308.82,308.83,307.0,308.57,58.9097
2017-10-30 21:15:00,308.56,308.56,308.33,308.35,38.19087
2017-10-30 21:30:00,307.99,308.46,307.98,308.25,115.7189
2017-10-30 21:45:00,308.26,308.26,307.36,307.88,77.88991
2017-10-30 22:00:00,307.89,307.89,307.18,307.69,92.8333
2017-10-30 22:15:00,307.22,309.95,306.84,306.87,208.42489
2017-10-30 22:30:00,306.88,307.99,304.99,306.02,139.04597
2017-10-30 22:45:00,306.91,306.92,305.04,306.02,56.09197
2017-10-30 23:00:00,306.02,306.9,304.85,305.25,121.43704
2017-10-30 23:15:00,304.86,305.99,304.86,304.92,26.6438
2017-10-30 23:30:00,305.96,305.97,304.91,305.93,26.21529
2017-10-30 23:45:00,305.06,308.27,305.05,306.62,142.9855
2017-10-31 00:00:00,306.61,307.97,306.03,307.56,109.66402
2017-10-31 00:15:00,307.58,307.88,306.01,307.87,69.08263
2017-10-31 00:30:00,306.37,307.87,305.16,306.29,60.62653
2017-10-31 00:45:00,306.29,306.67,305.17,305.17,136.49258
2017-10-31 01:00:00,305.17,306.58,305.16,305.22,128.80914
2017-10-31 01:15:00,305.22,306.58,305.21,305.31,55.84423
2017-10-31 01:30:00,305.38,305.39,305.0,305.15,61.97029
2017-10-31 01:45:00,305.02,305.16,305.02,305.16,155.20353
2017-10-31 02:00:00,305.15,306.67,305.06,306.26,18.17873
2017-10-31 02:15:00,305.23,306.66,305.23,305.23,13.14859
2017-10-31 02:30:00,305.92,306.67,305.23,305.24,81.07801
2017-10-31 02:45:00,305.24,306.4,305.23,305.26,58.06729
2017-10-31 03:00:00,305.26,306.24,305.02,305.16,70.13987
2017-10-31 03:15:00,305.16,305.17,305.0,305.14,61.44359
2017-10-31 03:30:00,305.13,305.44,305.0,305.44,169.66057
2017-10-31 03:45:00,305.44,305.92,305.01,305.03,43.48089
2017-10-31 04:00:00,305.03,306.2,305.01,305.04,127.48302
2017-10-31 04:15:00,305.04,306.27,305.01,305.88,36.39189
2017-10-31 04:30:00,305.73,306.18,305.48,306.18,99.43528
2017-10-31 04:45:00,305.95,306.27,305.01,305.76,24.685
2017-10-31 05:00:00,305.84,306.26,305.06,305.07,16.66474
2017-10-31 05:15:00,305.98,305.98,305.06,305.28,34.18353
2017-10-31 05:30:00,305.28,305.97,305.04,305.04,121.79297
2017-10-31 05:45:00,305.06,305.06,305.01,305.05,27.4534
2017-10-31 06:00:00,305.04,305.06,305.01,305.03,19.78926
2017-10-31 06:15:00,305.03,307.87,305.01,307.14,79.93917
2017-10-31 06:30:00,306.97,307.81,305.95,307.81,19.32806
2017-10-31 06:45:00,306.68,307.48,305.0,307.36,40.0666
2017-10-31 07:00:00,307.31,307.48,306.53,307.47,13.80769
2017-10-31 07:15:00,305.07,307.29,305.06,305.28,31.6642
2017-10-31 07:30:00,305.28,307.33,305.27,306.98,27.28057
2017-10-31 07:45:00,306.98,307.58,305.31,307.25,35.13443
2017-10-31 08:00:00,305.95,307.57,305.95,306.6,7.65786
2017-10-31 08:15:00,307.14,307.58,306.51,306.64,26.80002
2017-10-31 08:30:00,306.65,307.53,306.64,307.47,60.40292
2017-10-31 08:45:00,307.48,307.64,306.95,307.61,28.21041
2017-10-31 09:00:00,307.48,307.64,307.48,307.62,101.39641
2017-10-31 09:15:00,307.62,307.64,307.49,307.61,52.6757
2017-10-31 09:30:00,307.62,307.94,307.51,307.89,133.73691
2017-10-31 09:45:00,307.98,308.26,307.64,307.64,65.56702
2017-10-31 10:00:00,308.25,308.27,307.85,308.16,53.39735
2017-10-31 10:15:00,308.17,308.87,308.02,308.75,62.93818
2017-10-31 10:30:00,308.96,309.04,308.03,308.06,37.6716
2017-10-31 10:45:00,308.05,308.94,308.05,308.19,51.41224
2017-10-31 11:00:00,308.2,308.91,308.17,308.88,59.0885
2017-10-31 11:15:00,308.5,308.5,308.21,308.37,51.87861
2017-10-31 11:30:00,308.32,308.52,308.32,308.35,56.39776
2017-10-31 11:45:00,308.35,308.53,308.34,308.39,77.6729
2017-10-31 12:00:00,308.4,309.07,308.39,309.07,77.5969
2017-10-31 12:15:00,308.54,309.07,308.4,309.05,46.48829
2017-10-31 12:30:00,309.05,309.6,308.98,309.52,48.28874
2017-10-31 12:45:00,309.6,309.62,309.11,309.28,103.02877
2017-10-31 13:00:00,309.3,309.58,309.3,309.57,101.30407
2017-10-31 13:15:00,309.58,309.58,309.31,309.55,212.80852
2017-10-31 13:30:00,309.57,309.57,309.29,309.3,85.42355
2017-10-31 13:45:00,309.55,309.99,309.3,309.99,150.80469
2017-10-31 14:00:00,309.95,309.96,308.97,308.97,80.50462
2017-10-31 14:15:00,309.88,309.94,309.64,309.83,20.1382
2017-10-31 14:30:00,309.81,309.88,308.98,308.98,24.60371
2017-10-31 14:45:00,309.89,309.89,308.39,309.35,12.75625
2017-10-31 15:00:00,309.29,309.75,308.0,308.0,52.80235
2017-10-31 15:15:00,308.0,309.63,308.0,309.33,6.23742
2017-10-31 15:30:00,309.22,309.22,307.64,308.28,128.18334
2017-10-31 15:45:00,308.28,308.99,307.63,307.63,25.75805
2017-10-31 16:00:00,307.63,308.51,307.01,307.01,23.76245
2017-10-31 16:15:00,307.01,308.54,307.01,308.37,40.73109
2017-10-31 16:30:00,308.19,308.49,306.81,308.31,85.08094
2017-10-31 16:45:00,308.28,308.48,306.82,308.13,16.27367
2017-10-31 17:00:00,308.12,308.13,306.1,306.63,47.19217
2017-10-31 17:15:00,307.89,307.9,307.22,307.88,133.88963
2017-10-31 17:30:00,307.86,308.14,307.86,308.0,161.76863
2017-10-31 17:45:00,308.12,308.4,308.0,308.17,144.23978
2017-10-31 18:00:00,308.17,308.99,308.13,308.49,127.51391
2017-10-31 18:15:00,308.14,308.49,308.0,308.48,91.46473
2017-10-31 18:30:00,308.47,308.92,306.4,308.36,83.5308
2017-10-31 18:45:00,308.13,308.32,306.56,306.56,11.5422
2017-10-31 19:00:00,308.06,308.32,306.54,307.98,50.21066
2017-10-31 19:15:00,307.97,307.98,307.3,307.97,83.14498
2017-10-31 19:30:00,307.96,307.97,307.3,307.68,85.96754
2017-10-31 19:45:00,307.69,308.36,307.34,307.98,186.63225
2017-10-31 20:00:00,307.99,307.99,307.37,307.96,64.47871
2017-10-31 20:15:00,307.95,307.98,307.4,307.96,89.11687
2017-10-31 20:30:00,307.96,307.97,307.35,307.91,115.23298
2017-10-31 20:45:00,307.89,307.89,306.63,307.82,69.15181
2017-10-31 21:00:00,307.7,307.95,306.66,306.82,81.99799
2017-10-31 21:15:00,306.82,308.97,306.81,307.97,43.94289
2017-10-31 21:30:00,307.96,308.99,306.2,307.62,120.23856
2017-10-31 21:45:00,308.95,308.95,306.31,307.78,73.4468
2017-10-31 22:00:00,306.47,307.94,306.27,306.54,163.72511
2017-10-31 22:15:00,306.53,308.0,305.98,307.65,151.48733
2017-10-31 22:30:00,306.11,307.77,305.4,305.4,205.4712
2017-10-31 22:45:00,305.4,306.41,304.64,304.65,169.41834
2017-10-31 23:00:00,304.66,306.43,304.38,306.07,71.45343
2017-10-31 23:15:00,306.06,306.6,304.76,306.01,75.80685
2017-10-31 23:30:00,306.0,306.58,305.0,305.07,93.72786
2017-10-31 23:45:00,305.08,306.58,305.08,305.43,45.89538
2017-11-01 00:00:00,305.42,306.29,305.26,305.72,38.69889
2017-11-01 00:15:00,306.23,307.5,305.4,306.0,124.82702
2017-11-01 00:30:00,306.0,307.35,306.0,306.01,75.91292
2017-11-01 00:45:00,306.82,306.91,305.58,305.98,77.0924
2017-11-01 01:00:00,305.6,306.2,305.52,306.19,69.90629
2017-11-01 01:15:00,306.19,306.2,305.52,306.19,55.74693
2017-11-01 01:30:00,305.52,306.8,305.4,306.78,28.05426
2017-11-01 01:45:00,306.79,307.5,305.26,306.98,31.67068
2017-11-01 02:00:00,306.98,306.98,305.26,305.27,24.81368
2017-11-01 02:15:00,306.96,306.97,305.27,305.42,8.4441
2017-11-01 02:30:00,305.27,306.96,305.27,306.79,2.90093
2017-11-01 02:45:00,305.46,306.84,305.46,306.84,5.40143
2017-11-01 03:00:00,306.66,306.93,306.64,306.82,38.49726
2017-11-01 03:15:00,306.82,306.83,305.09,305.1,49.95515
2017-11-01 03:30:00,305.1,306.51,305.01,305.01,125.80062
2017-11-01 03:45:00,305.02,305.84,304.71,305.2,175.95683
2017-11-01 04:00:00,304.72,306.51,304.7,304.71,74.9319
2017-11-01 04:15:00,304.71,306.96,304.01,305.07,148.93224
2017-11-01 04:30:00,305.06,305.42,305.03,305.42,86.61425
2017-11-01 04:45:00,305.38,305.67,304.11,304.5,54.35685
2017-11-01 05:00:00,305.01,305.01,304.17,304.18,39.58608
2017-11-01 05:15:00,304.16,304.99,304.16,304.89,10.04737
2017-11-01 05:30:00,304.85,304.89,304.03,304.23,18.6136
2017-11-01 05:45:00,304.84,305.03,304.03,305.03,58.15256
2017-11-01 06:00:00,305.67,308.36,304.99,307.96,731.13799
2017-11-01 06:15:00,307.95,307.96,305.0,307.96,39.39481
2017-11-01 06:30:00,307.97,307.97,304.38,304.38,28.18491
2017-11-01 06:45:00,304.58,307.78,304.38,304.73,73.40231
2017-11-01 07:00:00,307.29,307.72,304.7,305.99,67.49713
2017-11-01 07:15:00,305.98,305.99,304.8,304.83,49.07317
2017-11-01 07:30:00,304.82,305.86,304.38,305.61,46.79759
2017-11-01 07:45:00,305.83,305.98,304.43,304.9,68.84027
2017-11-01 08:00:00,304.89,304.89,304.0,304.5,36.61913
2017-11-01 08:15:00,304.5,305.9,304.16,304.31,120.0653
2017-11-01 08:30:00,304.3,305.75,304.3,304.71,34.98265
2017-11-01 08:45:00,304.69,304.72,302.61,302.99,151.5298
2017-11-01 09:00:00,303.0,303.68,302.63,302.63,41.23908
2017-11-01 09:15:00,302.86,303.81,302.64,303.52,89.06807
2017-11-01 09:30:00,303.77,304.9,303.0,303.99,59.54264
2017-11-01 09:45:00,303.03,304.0,303.0,303.71,134.44895
2017-11-01 10:00:00,303.99,304.95,303.01,304.95,14.71072
2017-11-01 10:15:00,304.01,305.04,303.11,304.96,24.5074
2017-11-01 10:30:00,304.9,305.08,303.7,303.7,69.0926
2017-11-01 10:45:00,303.7,304.95,303.24,304.92,37.67322
2017-11-01 11:00:00,304.91,304.95,303.4,303.71,66.66401
2017-11-01 11:15:00,303.72,304.04,303.71,303.76,56.21103
2017-11-01 11:30:00,303.77,304.34,303.7,303.7,127.04648
2017-11-01 11:45:00,303.42,304.29,303.13,303.14,20.20802
2017-11-01 12:00:00,303.14,304.33,302.73,304.32,155.15507
2017-11-01 12:15:00,302.98,303.98,302.14,302.98,133.81681
2017-11-01 12:30:00,302.98,305.08,302.0,302.04,190.41824
2017-11-01 12:45:00,302.05,302.37,301.71,301.98,137.12225
2017-11-01 13:00:00,302.0,302.0,301.54,301.74,148.43017
2017-11-01 13:15:00,301.74,302.0,301.71,301.72,103.05019
2017-11-01 13:30:00,302.0,304.79,301.71,304.79,288.85971
2017-11-01 13:45:00,304.79,304.79,303.0,303.0,27.95214
2017-11-01 14:00:00,304.58,304.62,303.0,303.94,40.55622
2017-11-01 14:15:00,303.79,304.0,303.79,303.97,40.91876
2017-11-01 14:30:00,303.98,304.0,303.79,303.98,112.93813
2017-11-01 14:45:00,303.98,305.0,303.79,304.51,108.25961
2017-11-01 15:00:00,304.51,304.53,303.79,303.8,108.5178
2017-11-01 15:15:00,303.8,304.5,303.0,303.06,23.1442
2017-11-01 15:30:00,304.19,304.37,303.01,304.16,64.17002
2017-11-01 15:45:00,304.21,304.21,303.01,303.01,30.45349
2017-11-01 16:00:00,303.01,304.0,303.0,303.14,54.04138
2017-11-01 16:15:00,303.16,304.38,302.28,302.95,35.91365
2017-11-01 16:30:00,302.98,304.97,302.9,302.92,63.06912
2017-11-01 16:45:00,302.91,302.99,302.5,302.55,225.50539
2017-11-01 17:00:00,302.55,304.87,302.54,302.97,90.23932
2017-11-01 17:15:00,302.96,304.45,302.95,303.1,84.78721
2017-11-01 17:30:00,304.23,304.84,301.73,301.84,242.59703
2017-11-01 17:45:00,301.84,304.31,301.37,301.73,123.44003
2017-11-01 18:00:00,301.73,301.73,301.0,301.0,135.20233
2017-11-01 18:15:00,301.31,301.73,300.01,300.12,177.4623
2017-11-01 18:30:00,300.12,301.99,300.0,300.0,264.48843
2017-11-01 18:45:00,301.76,301.8,298.0,298.0,177.74324
2017-11-01 19:00:00,298.0,299.89,297.01,297.22,151.11932
2017-11-01 19:15:00,297.34,299.9,297.24,299.78,32.7035
2017-11-01 19:30:00,298.02,299.9,297.21,297.22,112.52755
2017-11-01 19:45:00,297.22,298.9,296.28,297.92,349.35515
2017-11-01 20:00:00,297.83,297.95,296.28,296.98,234.5598
2017-11-01 20:15:00,296.28,297.89,295.99,296.22,163.29273
2017-11-01 20:30:00,296.54,299.66,296.51,296.67,159.8412
2017-11-01 20:45:00,296.69,298.59,296.55,298.58,131.42573
2017-11-01 21:00:00,298.57,299.8,296.98,298.6,185.06633
2017-11-01 21:15:00,298.59,298.6,296.97,297.59,53.72165
2017-11-01 21:30:00,297.59,298.82,297.03,298.7,103.14415
2017-11-01 21:45:00,298.68,299.65,297.65,298.78,54.08016
2017-11-01 22:00:00,298.78,300.99,298.78,299.88,152.65452
2017-11-01 22:15:00,299.87,301.23,299.87,300.76,56.59202
2017-11-01 22:30:00,300.83,301.85,300.01,300.69,48.9989
2017-11-01 22:45:00,300.71,302.47,300.66,300.99,415.73816
2017-11-01 23:00:00,300.66,301.3,300.66,301.29,87.46382
2017-11-01 23:15:00,300.78,301.97,299.2,299.99,132.0283
2017-11-01 23:30:00,299.2,300.0,298.31,298.33,107.03514
2017-11-01 23:45:00,298.34,299.0,298.33,298.99,54.62728
2017-11-02 00:00:00,298.63,299.0,297.27,297.96,94.4385
2017-11-02 00:15:00,297.95,298.85,297.24,297.35,45.45591
2017-11-02 00:30:00,298.8,298.98,296.55,297.96,70.1069
2017-11-02 00:45:00,297.99,298.93,296.26,298.34,8.44573
2017-11-02 01:00:00,298.29,298.52,296.13,296.13,20.81146
2017-11-02 01:15:00,296.12,296.58,295.98,295.98,124.17197
2017-11-02 01:30:00,296.0,298.0,295.98,296.02,42.14902
2017-11-02 01:45:00,297.3,298.29,295.99,296.14,12.87919
2017-11-02 02:00:00,296.14,298.21,295.97,295.97,102.87064
2017-11-02 02:15:00,295.98,297.01,295.98,295.99,62.73184
2017-11-02 02:30:00,295.99,298.18,295.99,296.72,86.38967
2017-11-02 02:45:00,298.18,298.18,297.0,298.17,69.82742
2017-11-02 03:00:00,298.17,298.18,297.02,297.02,76.36419
2017-11-02 03:15:00,297.02,298.17,297.0,297.0,127.97965
2017-11-02 03:30:00,298.14,298.19,297.0,298.18,149.47135
2017-11-02 03:45:00,298.17,300.79,297.01,297.01,57.27918
2017-11-02 04:00:00,297.01,298.91,297.0,298.78,94.3152
2017-11-02 04:15:00,297.01,298.7,297.0,298.59,43.44254
2017-11-02 04:30:00,298.57,298.7,297.0,298.7,100.82473
2017-11-02 04:45:00,298.7,298.7,297.01,297.07,41.95559
2017-11-02 05:00:00,297.18,298.54,296.0,296.0,168.15591
2017-11-02 05:15:00,296.02,296.72,295.97,295.98,117.18739
2017-11-02 05:30:00,296.7,298.38,295.95,297.95,65.11898
2017-11-02 05:45:00,295.95,297.99,295.0,295.0,63.45878
2017-11-02 06:00:00,295.43,295.68,295.0,295.6,16.44345
2017-11-02 06:15:00,295.59,295.72,294.51,294.52,75.13765
2017-11-02 06:30:00,294.51,295.72,290.01,290.03,173.13747
2017-11-02 06:45:00,290.02,292.8,290.0,291.24,51.62865
2017-11-02 07:00:00,292.77,292.78,290.01,290.11,64.38413
2017-11-02 07:15:00,290.12,292.48,290.0,290.02,139.15645
2017-11-02 07:30:00,290.03,292.4,286.34,288.59,172.03782
2017-11-02 07:45:00,288.02,288.57,286.34,287.01,47.57249
2017-11-02 08:00:00,287.3,293.0,287.3,290.15,165.86061
2017-11-02 08:15:00,290.15,291.67,288.07,288.78,181.4877
2017-11-02 08:30:00,288.77,289.99,288.03,288.88,174.99811
2017-11-02 08:45:00,288.12,288.89,285.07,285.75,283.23133
2017-11-02 09:00:00,285.73,287.44,285.01,285.01,130.93315
2017-11-02 09:15:00,285.03,286.48,276.3,276.3,845.65252
2017-11-02 09:30:00,276.3,285.34,274.73,281.63,251.71874
2017-11-02 09:45:00,281.63,288.82,281.63,287.73,207.96947
2017-11-02 10:00:00,286.06,291.75,286.06,291.65,127.42934
2017-11-02 10:15:00,291.64,291.74,286.14,287.65,159.17424
2017-11-02 10:30:00,289.5,291.65,287.71,288.6,233.56994
2017-11-02 10:45:00,288.99,288.99,285.23,288.2,83.19372
2017-11-02 11:00:00,285.6,287.98,281.94,284.25,92.08569
2017-11-02 11:15:00,284.24,285.99,284.0,285.0,131.9996
2017-11-02 11:30:00,285.0,288.28,283.12,285.7,301.04296
2017-11-02 11:45:00,285.72,286.52,285.0,285.95,214.86309
2017-11-02 12:00:00,285.97,285.99,284.02,285.27,150.61898
2017-11-02 12:15:00,285.93,286.41,284.0,286.41,65.67354
2017-11-02 12:30:00,286.4,287.43,286.4,286.72,25.09843
2017-11-02 12:45:00,286.5,287.43,285.01,286.42,86.69711
2017-11-02 13:00:00,286.35,286.52,284.5,286.32,116.52234
2017-11-02 13:15:00,286.31,286.32,283.0,286.03,85.93935
2017-11-02 13:30:00,286.03,286.29,283.0,285.86,31.3145
2017-11-02 13:45:00,285.85,286.24,283.25,285.96,26.66869
2017-11-02 14:00:00,285.75,286.01,285.1,285.1,46.87948
2017-11-02 14:15:00,285.1,286.27,283.6,286.18,140.68722
2017-11-02 14:30:00,283.62,285.99,282.5,284.77,79.04104
2017-11-02 14:45:00,284.77,286.26,282.0,282.0,164.67728
2017-11-02 15:00:00,282.01,286.26,280.73,285.59,96.10761
2017-11-02 15:15:00,285.53,285.53,281.02,281.23,78.67749
2017-11-02 15:30:00,281.25,284.73,280.1,281.11,89.52776
2017-11-02 15:45:00,284.33,284.48,281.1,281.11,62.51307
2017-11-02 16:00:00,281.13,283.0,281.12,283.0,55.77431
2017-11-02 16:15:00,281.56,284.34,281.11,282.13,205.24078
2017-11-02 16:30:00,281.94,282.11,280.01,280.97,102.42295
2017-11-02 16:45:00,280.06,281.79,279.68,280.0,189.88417
2017-11-02 17:00:00,280.0,281.7,280.0,280.0,196.13566
2017-11-02 17:15:00,281.48,281.6,278.85,279.02,101.40419
2017-11-02 17:30:00,281.54,281.57,278.0,280.0,135.05066
2017-11-02 17:45:00,281.26,281.53,278.03,280.35,95.38844
2017-11-02 18:00:00,280.36,281.59,278.01,280.33,117.01258
2017-11-02 18:15:00,280.32,280.33,278.0,279.0,117.16032
2017-11-02 18:30:00,279.0,279.38,276.01,276.1,131.02026
2017-11-02 18:45:00,276.12,279.43,276.0,278.0,168.79316
2017-11-02 19:00:00,278.03,278.07,276.01,276.02,274.01375
2017-11-02 19:15:00,276.02,284.2,275.4,281.02,363.86436
2017-11-02 19:30:00,281.04,289.79,278.71,284.75,541.86347
2017-11-02 19:45:00,284.76,288.01,283.4,287.5,395.16645
2017-11-02 20:00:00,287.48,287.5,280.1,283.93,257.26967
2017-11-02 20:15:00,283.98,288.0,282.22,287.99,315.23962
2017-11-02 20:30:00,284.92,289.96,284.29,284.31,296.40914
2017-11-02 20:45:00,284.31,287.0,280.57,282.02,160.8692
2017-11-02 21:00:00,282.04,284.88,280.61,283.77,132.42835
2017-11-02 21:15:00,283.14,287.56,280.37,284.73,279.57035
2017-11-02 21:30:00,284.67,284.73,278.01,282.08,111.21245
2017-11-02 21:45:00,280.02,281.43,279.2,281.39,163.05369
2017-11-02 22:00:00,280.2,284.5,279.0,279.78,299.05568
2017-11-02 22:15:00,281.8,282.69,279.94,281.57,133.87604
2017-11-02 22:30:00,281.57,285.0,281.57,283.32,100.20482
2017-11-02 22:45:00,285.33,288.8,285.33,288.51,151.18643
2017-11-02 23:00:00,286.1,288.52,285.39,285.53,140.12472
2017-11-02 23:15:00,285.55,286.95,284.26,284.26,52.3993
2017-11-02 23:30:00,286.64,286.77,283.02,284.53,59.75996
2017-11-02 23:45:00,284.53,287.98,283.29,284.02,47.85968
2017-11-03 00:00:00,284.05,285.99,284.04,285.98,73.34567
2017-11-03 00:15:00,285.93,287.43,283.8,285.03,94.1846
2017-11-03 00:30:00,285.02,285.04,283.5,285.02,57.40407
2017-11-03 00:45:00,285.02,286.0,283.5,283.61,119.1754
2017-11-03 01:00:00,283.61,286.44,283.2,284.26,165.01319
2017-11-03 01:15:00,284.39,285.83,283.2,283.54,70.99829
2017-11-03 01:30:00,286.15,286.28,282.04,284.84,143.89832
2017-11-03 01:45:00,282.26,286.32,281.9,284.01,121.63489
2017-11-03 02:00:00,284.49,284.77,281.0,281.03,55.80478
2017-11-03 02:15:00,281.02,284.68,281.0,281.09,59.71007
2017-11-03 02:30:00,284.58,286.05,281.18,283.81,40.10083
2017-11-03 02:45:00,286.03,286.44,281.51,285.86,59.01144
2017-11-03 03:00:00,281.66,287.0,281.66,286.98,77.47939
2017-11-03 03:15:00,287.0,287.99,284.37,284.79,34.37045
2017-11-03 03:30:00,286.82,289.9,284.78,285.91,106.53539
2017-11-03 03:45:00,285.92,289.99,285.88,287.06,137.80138
2017-11-03 04:00:00,289.99,289.99,284.93,289.77,14.50141
2017-11-03 04:15:00,289.76,289.76,286.0,288.03,41.7604
2017-11-03 04:30:00,287.02,288.05,287.01,287.03,41.61074
2017-11-03 04:45:00,287.02,287.99,285.5,285.62,37.27427
2017-11-03 05:00:00,285.62,287.83,285.5,286.21,43.40569
2017-11-03 05:15:00,286.21,287.95,286.02,287.82,61.1673
2017-11-03 05:30:00,287.8,287.82,286.01,286.01,26.53397
2017-11-03 05:45:00,286.6,287.96,281.5,284.11,78.11987
2017-11-03 06:00:00,283.92,286.01,283.91,286.0,157.97012
2017-11-03 06:15:00,286.0,287.0,284.59,285.6,99.55228
2017-11-03 06:30:00,285.57,288.7,284.58,285.4,40.91145
2017-11-03 06:45:00,285.42,287.47,284.1,284.13,158.89445
2017-11-03 07:00:00,285.15,285.78,284.09,285.67,109.21682
2017-11-03 07:15:00,285.64,285.68,285.0,285.65,86.89344
2017-11-03 07:30:00,285.65,285.67,282.31,285.49,51.34876
2017-11-03 07:45:00,285.44,285.49,281.24,283.12,135.65936
2017-11-03 08:00:00,283.12,285.78,283.11,285.31,52.09253
2017-11-03 08:15:00,285.17,288.91,285.11,287.7,54.51311
2017-11-03 08:30:00,287.69,288.77,285.47,285.49,108.03043
2017-11-03 08:45:00,285.53,286.03,282.0,285.9,121.46142
2017-11-03 09:00:00,285.04,288.69,285.03,286.08,74.76668
2017-11-03 09:15:00,286.12,288.8,286.11,288.79,41.52549
2017-11-03 09:30:00,287.57,289.99,286.37,289.99,85.73888
2017-11-03 09:45:00,288.21,289.24,287.58,288.95,39.40043
2017-11-03 10:00:00,288.98,289.99,288.36,289.18,214.32128
2017-11-03 10:15:00,289.04,289.27,287.58,287.58,74.83162
2017-11-03 10:30:00,287.0,287.99,286.98,287.99,146.26546
2017-11-03 10:45:00,287.03,289.12,287.03,287.98,157.02844
2017-11-03 11:00:00,287.99,288.59,286.5,286.52,70.52539
2017-11-03 11:15:00,286.52,287.97,285.5,286.26,168.59773
2017-11-03 11:30:00,285.65,287.54,285.52,286.69,202.46924
2017-11-03 11:45:00,286.71,287.53,285.52,287.52,77.347
2017-11-03 12:00:00,286.02,286.91,285.05,286.2,64.82521
2017-11-03 12:15:00,286.18,286.5,285.27,286.48,62.34697
2017-11-03 12:30:00,286.47,286.49,285.62,286.49,91.38532
2017-11-03 12:45:00,286.49,288.5,286.04,288.5,89.57809
2017-11-03 13:00:00,288.5,288.58,288.48,288.48,20.71273
2017-11-03 13:15:00,288.48,288.57,285.51,288.47,103.54774
2017-11-03 13:30:00,288.47,288.77,285.52,287.04,100.92546
2017-11-03 13:45:00,288.48,289.23,283.07,287.85,112.40703
2017-11-03 14:00:00,287.85,288.8,287.55,287.55,30.24344
2017-11-03 14:15:00,287.82,289.24,287.55,287.56,71.0859
2017-11-03 14:30:00,287.56,289.24,287.55,289.16,55.49071
2017-11-03 14:45:00,288.15,288.9,287.62,287.68,71.18126
2017-11-03 15:00:00,287.81,289.33,287.64,289.03,42.83619
2017-11-03 15:15:00,289.04,290.0,288.28,288.83,42.4699
2017-11-03 15:30:00,289.99,292.17,288.31,290.35,92.38615
2017-11-03 15:45:00,290.35,291.91,289.0,290.36,60.58383
2017-11-03 16:00:00,290.36,292.0,290.29,290.31,80.82097
2017-11-03 16:15:00,291.35,292.0,290.29,290.41,137.70468
2017-11-03 16:30:00,291.98,291.99,290.4,291.97,41.59847
2017-11-03 16:45:00,290.45,291.99,290.22,290.8,95.93253
2017-11-03 17:00:00,290.79,290.81,288.79,290.21,38.2805
2017-11-03 17:15:00,290.21,290.81,285.0,289.03,156.99031
2017-11-03 17:30:00,290.0,291.79,288.0,288.02,154.23309
2017-11-03 17:45:00,288.02,292.0,288.01,290.15,214.04989
2017-11-03 18:00:00,290.17,291.57,288.53,290.5,109.38123
2017-11-03 18:15:00,290.95,291.01,288.7,290.99,86.32136
2017-11-03 18:30:00,290.99,290.99,290.5,290.98,58.64008
2017-11-03 18:45:00,290.97,291.0,288.78,290.85,93.9142
2017-11-03 19:00:00,290.93,292.0,288.86,292.0,86.16291
2017-11-03 19:15:00,292.0,294.0,291.19,293.02,130.36898
2017-11-03 19:30:00,293.14,295.0,293.14,293.76,105.36556
2017-11-03 19:45:00,293.76,294.99,293.51,294.64,48.26632
2017-11-03 20:00:00,294.67,295.42,293.1,295.31,54.88959
2017-11-03 20:15:00,295.85,295.85,292.02,293.1,142.2119
2017-11-03 20:30:00,292.02,296.0,292.01,295.14,96.37068
2017-11-03 20:45:00,295.33,297.88,295.08,296.25,68.70785
2017-11-03 21:00:00,297.86,297.88,296.22,296.52,152.3581
2017-11-03 21:15:00,296.54,297.5,294.55,295.84,224.66051
2017-11-03 21:30:00,297.49,297.9,296.05,297.31,162.40634
2017-11-03 21:45:00,297.44,297.91,296.98,297.9,158.07964
2017-11-03 22:00:00,297.9,297.9,296.05,296.36,125.524
2017-11-03 22:15:00,297.66,297.66,296.06,296.11,38.03476
2017-11-03 22:30:00,296.12,297.65,296.11,297.25,24.4362
2017-11-03 22:45:00,297.24,297.94,296.55,296.79,66.81602
2017-11-03 23:00:00,297.58,298.0,296.06,296.06,79.81229
2017-11-03 23:15:00,297.49,298.0,296.06,296.51,68.81274
2017-11-03 23:30:00,297.4,299.24,295.98,296.2,77.38956
2017-11-03 23:45:00,296.72,298.99,296.72,297.16,27.57715
2017-11-04 00:00:00,297.16,298.0,296.0,296.02,110.94407
2017-11-04 00:15:00,296.0,297.5,292.96,295.75,164.67452
2017-11-04 00:30:00,295.77,298.0,295.77,298.0,25.76929
2017-11-04 00:45:00,296.29,298.0,296.0,296.06,51.34013
2017-11-04 01:00:00,296.07,297.98,296.06,296.23,30.78509
2017-11-04 01:15:00,296.23,297.98,296.0,296.02,91.0916
2017-11-04 01:30:00,296.03,298.03,296.0,296.06,173.23
2017-11-04 01:45:00,296.08,299.0,296.0,296.07,107.16824
2017-11-04 02:00:00,296.08,299.0,296.03,296.06,63.96567
2017-11-04 02:15:00,297.09,298.82,293.58,296.98,86.10127
2017-11-04 02:30:00,296.95,297.0,295.02,296.6,56.54878
2017-11-04 02:45:00,296.59,298.97,295.51,298.94,29.45467
2017-11-04 03:00:00,295.75,298.94,295.51,295.57,11.63131
2017-11-04 03:15:00,295.56,298.95,295.56,297.02,23.79886
2017-11-04 03:30:00,297.01,298.95,297.0,297.19,45.6141
2017-11-04 03:45:00,298.93,299.0,297.33,298.94,79.39048
2017-11-04 04:00:00,298.93,299.24,298.93,299.23,116.44917
2017-11-04 04:15:00,299.2,299.49,298.49,299.49,37.63181
2017-11-04 04:30:00,299.49,299.5,297.4,299.48,43.672
2017-11-04 04:45:00,299.48,301.99,298.68,301.44,98.26323
2017-11-04 05:00:00,301.49,305.0,301.49,302.27,50.3686
2017-11-04 05:15:00,302.29,303.15,302.29,302.58,15.19983
2017-11-04 05:30:00,302.61,307.0,302.61,306.98,124.47699
2017-11-04 05:45:00,305.06,306.12,302.67,305.08,36.99573
2017-11-04 06:00:00,304.85,306.79,304.85,305.3,40.0462
2017-11-04 06:15:00,305.3,306.36,304.88,305.1,32.7975
2017-11-04 06:30:00,305.1,305.1,302.37,302.38,94.82719
2017-11-04 06:45:00,302.37,303.87,301.57,301.58,73.84137
2017-11-04 07:00:00,301.59,304.8,301.59,304.15,37.48632
2017-11-04 07:15:00,304.06,305.99,304.06,304.11,74.58087
2017-11-04 07:30:00,304.14,305.77,304.01,304.37,79.72953
2017-11-04 07:45:00,305.3,305.4,302.01,304.08,79.12076
2017-11-04 08:00:00,304.09,304.09,302.34,303.0,64.42339
2017-11-04 08:15:00,303.01,303.4,300.0,301.87,192.44945
2017-11-04 08:30:00,300.03,301.79,299.72,300.05,279.26056
2017-11-04 08:45:00,300.11,301.68,297.26,297.26,98.96064
2017-11-04 09:00:00,299.0,299.91,295.5,295.98,75.20042
2017-11-04 09:15:00,296.38,296.99,293.74,296.86,135.75294
2017-11-04 09:30:00,296.84,296.85,292.11,293.02,113.72179
2017-11-04 09:45:00,294.99,294.99,293.02,293.81,71.73826
2017-11-04 10:00:00,294.82,294.88,293.78,293.93,112.15342
2017-11-04 10:15:00,294.08,294.9,293.87,294.88,91.17887
2017-11-04 10:30:00,294.9,295.86,293.37,295.09,49.53406
2017-11-04 10:45:00,294.12,295.95,294.1,294.48,128.84707
2017-11-04 11:00:00,294.13,294.72,294.13,294.57,89.63664
2017-11-04 11:15:00,294.58,295.26,294.13,295.25,68.69808
2017-11-04 11:30:00,294.97,296.0,294.14,294.96,265.07271
2017-11-04 11:45:00,294.95,295.0,294.13,294.99,139.05979
2017-11-04 12:00:00,294.89,295.9,294.18,295.87,115.58205
2017-11-04 12:15:00,295.87,297.0,294.92,296.15,154.74401
2017-11-04 12:30:00,296.06,297.0,295.14,296.98,181.40266
2017-11-04 12:45:00,296.96,298.98,296.81,297.15,164.69201
2017-11-04 13:00:00,297.04,298.8,295.38,296.5,52.33291
2017-11-04 13:15:00,296.51,297.36,296.31,296.5,33.41817
2017-11-04 13:30:00,296.54,297.8,296.32,296.37,69.15031
2017-11-04 13:45:00,296.42,297.6,296.3,296.3,45.07821
2017-11-04 14:00:00,296.31,297.19,296.3,296.46,27.1916
2017-11-04 14:15:00,296.47,297.59,296.47,297.24,24.92854
2017-11-04 14:30:00,297.54,298.98,296.8,298.49,53.57439
2017-11-04 14:45:00,298.01,300.32,297.01,297.07,113.18694
2017-11-04 15:00:00,300.31,300.33,296.55,298.95,56.1331
2017-11-04 15:15:00,297.02,298.56,296.97,298.56,24.78468
2017-11-04 15:30:00,298.55,298.89,296.74,298.8,33.13491
2017-11-04 15:45:00,298.82,298.96,296.81,297.81,19.55864
2017-11-04 16:00:00,296.86,298.78,296.85,298.01,19.93282
2017-11-04 16:15:00,298.68,298.76,298.0,298.0,54.85277
2017-11-04 16:30:00,298.76,298.78,298.0,298.04,91.10634
2017-11-04 16:45:00,298.04,299.87,298.04,298.26,102.47725
2017-11-04 17:00:00,298.27,299.88,298.0,298.92,218.24794
2017-11-04 17:15:00,298.95,299.89,298.04,299.87,42.62032
2017-11-04 17:30:00,298.19,299.83,298.16,298.62,27.24282
2017-11-04 17:45:00,298.62,299.79,298.33,299.19,22.92287
2017-11-04 18:00:00,299.89,300.33,298.39,300.3,58.97575
2017-11-04 18:15:00,300.29,304.99,298.0,304.44,479.45197
2017-11-04 18:30:00,304.12,304.12,301.39,302.55,43.52117
2017-11-04 18:45:00,302.54,302.89,301.4,302.89,14.53744
2017-11-04 19:00:00,301.4,302.44,300.0,300.64,96.88882
2017-11-04 19:15:00,300.63,300.63,299.0,299.88,111.24289
2017-11-04 19:30:00,299.87,299.88,299.01,299.1,160.72885
2017-11-04 19:45:00,299.8,300.0,299.01,299.17,25.0228
2017-11-04 20:00:00,299.17,303.48,299.15,300.76,44.24502
2017-11-04 20:15:00,300.67,302.82,300.67,301.12,23.08644
2017-11-04 20:30:00,301.13,301.87,301.01,301.07,26.61662
2017-11-04 20:45:00,301.11,301.9,301.11,301.89,62.71805
2017-11-04 21:00:00,301.9,302.12,301.22,301.88,68.55778
2017-11-04 21:15:00,301.87,302.0,300.67,301.98,62.76191
2017-11-04 21:30:00,300.68,301.72,300.0,300.0,164.84683
2017-11-04 21:45:00,299.89,300.54,298.6,299.0,73.85272
2017-11-04 22:00:00,299.02,301.02,298.54,299.56,105.43884
2017-11-04 22:15:00,298.54,300.61,298.53,300.58,60.86269
2017-11-04 22:30:00,300.58,300.64,299.91,300.09,49.1675
2017-11-04 22:45:00,300.63,301.37,300.02,300.05,38.25997
2017-11-04 23:00:00,300.07,301.1,300.05,300.13,130.2448
2017-11-04 23:15:00,300.23,300.9,300.03,300.03,115.87276
2017-11-04 23:30:00,300.05,300.98,300.03,300.2,30.83895
2017-11-04 23:45:00,300.2,301.03,299.88,299.88,91.19562
2017-11-05 00:00:00,300.67,300.7,298.44,300.15,52.95937
2017-11-05 00:15:00,298.45,299.74,297.0,297.11,130.1457
2017-11-05 00:30:00,297.1,297.83,296.11,297.83,45.76324
2017-11-05 00:45:00,296.62,296.81,296.11,296.32,39.67462
2017-11-05 01:00:00,296.3,300.1,296.12,296.9,37.86359
2017-11-05 01:15:00,296.56,298.0,296.11,296.17,44.04791
2017-11-05 01:30:00,296.19,299.64,296.17,298.11,27.29117
2017-11-05 01:45:00,298.12,298.87,296.9,298.39,93.28655
2017-11-05 02:00:00,296.92,298.04,296.91,297.02,51.43573
2017-11-05 02:15:00,297.32,300.08,296.91,300.08,39.77562
2017-11-05 02:30:00,297.45,299.14,296.9,298.38,146.29929
2017-11-05 02:45:00,298.38,298.38,296.91,298.27,29.84388
2017-11-05 03:00:00,298.27,300.0,297.08,298.16,50.78831
2017-11-05 03:15:00,298.31,298.53,297.02,298.32,84.06092
2017-11-05 03:30:00,298.32,298.38,296.52,297.64,12.00537
2017-11-05 03:45:00,297.64,297.9,296.52,297.9,9.84903
2017-11-05 04:00:00,297.82,298.37,296.52,297.55,106.4307
2017-11-05 04:15:00,297.53,298.99,296.52,298.99,56.57687
2017-11-05 04:30:00,298.97,298.99,297.62,297.71,123.06518
2017-11-05 04:45:00,297.7,299.0,296.52,296.61,42.42632
2017-11-05 05:00:00,297.63,298.38,296.52,298.38,87.58739
2017-11-05 05:15:00,297.13,298.38,296.57,297.59,20.61065
2017-11-05 05:30:00,297.58,297.59,296.45,297.59,56.58997
2017-11-05 05:45:00,297.63,297.64,296.25,296.99,90.31058
2017-11-05 06:00:00,296.99,297.65,296.27,296.27,118.52727
2017-11-05 06:15:00,297.64,297.64,296.28,297.63,76.36571
2017-11-05 06:30:00,297.63,297.64,296.21,297.22,76.71054
2017-11-05 06:45:00,297.22,297.62,296.41,297.61,33.90742
2017-11-05 07:00:00,297.61,298.39,296.22,297.69,45.09098
2017-11-05 07:15:00,297.7,298.72,297.03,297.67,64.51538
2017-11-05 07:30:00,297.67,298.92,297.12,298.9,37.94624
2017-11-05 07:45:00,298.9,298.98,297.67,298.04,33.7454
2017-11-05 08:00:00,298.1,298.99,298.1,298.98,52.98765
2017-11-05 08:15:00,298.99,298.99,298.24,298.24,112.52669
2017-11-05 08:30:00,298.97,298.98,298.1,298.12,79.0332
2017-11-05 08:45:00,298.11,298.98,298.1,298.13,51.28805
2017-11-05 09:00:00,298.13,298.99,298.13,298.39,23.09129
2017-11-05 09:15:00,298.37,299.0,298.12,298.18,55.70728
2017-11-05 09:30:00,299.14,300.0,298.13,299.25,91.98386
2017-11-05 09:45:00,299.29,301.02,298.4,299.16,82.97799
2017-11-05 10:00:00,299.16,299.88,298.1,298.39,140.8286
2017-11-05 10:15:00,299.89,300.46,299.14,299.74,13.73932
2017-11-05 10:30:00,299.88,299.88,298.1,299.12,24.16079
2017-11-05 10:45:00,299.09,300.61,298.35,300.45,29.71099
2017-11-05 11:00:00,299.87,299.88,298.39,299.46,60.40087
2017-11-05 11:15:00,299.46,300.5,298.14,299.74,72.02358
2017-11-05 11:30:00,299.02,299.89,299.0,299.03,26.13101
2017-11-05 11:45:00,299.48,300.5,297.04,299.14,111.3965
2017-11-05 12:00:00,299.7,300.51,298.4,299.16,37.64229
2017-11-05 12:15:00,300.23,302.14,299.15,300.64,80.41785
2017-11-05 12:30:00,299.38,299.99,299.19,299.19,74.94425
2017-11-05 12:45:00,299.95,299.95,298.54,299.43,43.65436
2017-11-05 13:00:00,299.38,299.56,298.54,299.12,82.4423
2017-11-05 13:15:00,299.12,299.57,298.42,299.56,99.65523
2017-11-05 13:30:00,299.47,299.47,299.15,299.18,99.0028
2017-11-05 13:45:00,299.14,300.61,298.42,300.15,115.673
2017-11-05 14:00:00,300.08,300.92,299.15,300.01,32.32905
2017-11-05 14:15:00,300.69,300.74,298.53,299.14,111.47865
2017-11-05 14:30:00,299.13,299.88,298.71,299.88,50.08065
2017-11-05 14:45:00,299.42,299.89,298.63,299.15,151.72179
2017-11-05 15:00:00,299.16,299.85,298.6,298.63,37.30919
2017-11-05 15:15:00,299.16,299.27,297.66,299.12,55.88273
2017-11-05 15:30:00,299.11,299.83,297.66,298.03,22.8608
2017-11-05 15:45:00,298.13,298.95,297.87,297.87,46.86488
2017-11-05 16:00:00,298.85,298.99,297.87,298.99,91.96568
2017-11-05 16:15:00,299.0,299.0,297.84,298.49,143.67639
2017-11-05 16:30:00,298.48,298.49,297.51,298.24,75.88137
2017-11-05 16:45:00,298.28,298.29,297.55,297.55,145.5238
2017-11-05 17:00:00,298.25,298.25,297.3,297.83,22.00638
2017-11-05 17:15:00,297.82,298.19,297.33,297.64,9.17385
2017-11-05 17:30:00,297.4,298.15,297.4,297.74,21.50391
2017-11-05 17:45:00,297.74,298.15,297.14,297.17,110.97263
2017-11-05 18:00:00,297.22,298.24,297.22,298.24,133.83959
2017-11-05 18:15:00,298.24,298.49,297.12,297.39,57.33012
2017-11-05 18:30:00,298.39,298.42,297.35,297.51,72.09851
2017-11-05 18:45:00,297.51,298.46,297.51,297.92,61.23073
2017-11-05 19:00:00,297.53,299.86,297.52,297.65,122.95251
2017-11-05 19:15:00,297.64,300.16,296.11,296.2,179.81924
2017-11-05 19:30:00,296.2,298.78,296.14,297.66,97.73485
2017-11-05 19:45:00,297.66,297.69,296.1,297.63,149.81337
2017-11-05 20:00:00,297.54,297.91,296.11,297.14,73.65962
2017-11-05 20:15:00,297.13,297.13,295.88,295.98,107.18373
2017-11-05 20:30:00,296.0,297.19,295.86,297.02,72.59729
2017-11-05 20:45:00,297.17,297.93,296.11,296.69,125.21242
2017-11-05 21:00:00,296.68,297.46,296.11,296.28,28.02271
2017-11-05 21:15:00,296.27,296.84,296.14,296.52,77.85929
2017-11-05 21:30:00,296.14,297.19,296.13,297.08,286.66481
2017-11-05 21:45:00,297.06,297.1,295.85,297.06,90.43821
2017-11-05 22:00:00,297.04,297.06,295.75,295.77,96.27939
2017-11-05 22:15:00,295.77,297.13,295.76,296.08,57.99441
2017-11-05 22:30:00,296.08,298.39,296.08,297.2,63.76262
2017-11-05 22:45:00,297.22,299.13,296.03,299.13,122.13605
2017-11-05 23:00:00,296.07,297.15,295.79,296.53,107.95163
2017-11-05 23:15:00,296.53,297.74,295.76,295.76,71.02213
2017-11-05 23:30:00,295.76,297.77,295.0,296.64,155.41482
2017-11-05 23:45:00,295.01,296.77,294.0,295.78,75.0779
2017-11-06 00:00:00,295.73,295.77,294.5,294.52,16.79757
2017-11-06 00:15:00,295.53,296.87,294.71,296.87,75.65039
2017-11-06 00:30:00,296.66,296.68,295.02,296.65,29.16703
2017-11-06 00:45:00,295.04,296.67,295.03,295.53,36.77789
2017-11-06 01:00:00,296.39,296.59,294.0,295.98,42.80124
2017-11-06 01:15:00,295.99,297.1,294.34,296.95,26.77914
2017-11-06 01:30:00,296.99,297.07,295.48,296.93,49.97346
2017-11-06 01:45:00,295.03,296.81,294.34,295.63,27.49478
2017-11-06 02:00:00,294.8,297.03,294.8,296.32,14.29705
2017-11-06 02:15:00,297.06,297.06,295.0,295.87,13.49728
2017-11-06 02:30:00,295.83,295.83,294.16,294.7,17.12294
2017-11-06 02:45:00,294.63,294.74,294.03,294.73,70.29989
2017-11-06 03:00:00,294.12,296.04,294.06,296.04,74.52438
2017-11-06 03:15:00,296.04,296.04,294.16,294.8,10.19123
2017-11-06 03:30:00,294.08,295.46,294.08,295.46,11.42319
2017-11-06 03:45:00,294.2,296.03,294.15,294.17,31.26327
2017-11-06 04:00:00,294.07,296.74,294.07,294.51,42.52126
2017-11-06 04:15:00,295.16,295.24,294.04,294.04,59.98758
2017-11-06 04:30:00,295.22,296.32,294.07,294.15,10.56729
2017-11-06 04:45:00,294.16,296.88,294.16,294.63,28.98266
2017-11-06 05:00:00,294.63,297.06,294.63,295.07,93.46719
2017-11-06 05:15:00,295.03,296.73,293.13,296.67,77.14208
2017-11-06 05:30:00,293.14,296.85,293.13,296.74,18.81818
2017-11-06 05:45:00,296.93,296.93,293.38,295.78,56.10793
2017-11-06 06:00:00,296.53,297.1,293.17,295.59,52.50474
2017-11-06 06:15:00,295.55,297.09,294.96,295.39,89.02964
2017-11-06 06:30:00,296.38,296.97,295.39,296.84,29.43403
2017-11-06 06:45:00,296.84,296.84,295.1,296.38,49.00706
2017-11-06 07:00:00,296.37,296.38,294.96,294.97,57.74063
2017-11-06 07:15:00,295.98,295.99,294.0,294.93,55.83027
2017-11-06 07:30:00,294.05,295.99,294.05,295.99,17.26125
2017-11-06 07:45:00,295.98,296.39,294.03,295.53,75.21122
2017-11-06 08:00:00,295.19,295.54,294.07,295.53,16.60111
2017-11-06 08:15:00,295.53,296.38,295.46,296.0,26.70495
2017-11-06 08:30:00,296.0,296.39,294.21,295.39,26.03614
2017-11-06 08:45:00,295.38,296.84,294.06,295.37,49.16422
2017-11-06 09:00:00,294.12,296.44,294.1,294.43,45.84311
2017-11-06 09:15:00,294.44,294.71,294.08,294.1,130.59447
2017-11-06 09:30:00,294.47,295.47,294.05,295.41,69.18299
2017-11-06 09:45:00,294.26,295.64,294.26,294.28,94.15078
2017-11-06 10:00:00,294.29,295.08,294.23,295.02,112.71446
2017-11-06 10:15:00,294.91,295.85,294.16,294.42,95.35903
2017-11-06 10:30:00,294.37,295.52,294.21,294.24,62.38489
2017-11-06 10:45:00,294.25,295.26,294.02,294.31,129.40324
2017-11-06 11:00:00,294.32,295.5,294.13,294.21,63.64584
2017-11-06 11:15:00,294.32,295.52,294.0,295.52,95.87947
2017-11-06 11:30:00,294.08,295.2,293.31,293.37,218.70817
2017-11-06 11:45:00,293.38,295.83,293.0,293.2,216.7235
2017-11-06 12:00:00,293.18,295.15,292.51,292.74,229.30345
2017-11-06 12:15:00,292.74,293.51,292.51,292.53,30.91498
2017-11-06 12:30:00,292.52,293.55,292.51,292.52,100.62051
2017-11-06 12:45:00,292.54,292.99,291.14,292.77,63.76196
2017-11-06 13:00:00,292.72,293.0,292.21,292.97,154.03377
2017-11-06 13:15:00,292.98,292.98,290.11,292.9,101.0591
2017-11-06 13:30:00,292.81,292.9,291.35,292.74,30.09469
2017-11-06 13:45:00,292.74,294.87,292.03,294.86,50.22222
2017-11-06 14:00:00,293.0,295.27,293.0,295.01,55.83978
2017-11-06 14:15:00,295.01,295.27,294.01,294.06,30.22796
2017-11-06 14:30:00,294.08,295.99,294.0,294.48,49.96218
2017-11-06 14:45:00,294.52,295.53,293.81,293.83,76.55375
2017-11-06 15:00:00,293.83,294.49,293.82,293.84,146.78367
2017-11-06 15:15:00,293.85,294.49,293.08,293.08,264.02196
2017-11-06 15:30:00,293.08,293.88,292.08,292.96,116.18962
2017-11-06 15:45:00,292.97,295.0,292.96,293.94,42.28519
2017-11-06 16:00:00,293.84,295.0,293.72,293.8,41.31934
2017-11-06 16:15:00,294.92,294.93,293.77,294.16,78.04065
2017-11-06 16:30:00,294.19,295.0,294.19,295.0,100.48485
2017-11-06 16:45:00,294.54,296.0,294.53,295.3,107.61885
2017-11-06 17:00:00,295.31,295.99,295.05,295.33,50.35794
2017-11-06 17:15:00,295.52,296.0,295.06,295.15,89.75942
2017-11-06 17:30:00,295.15,296.0,295.0,295.05,138.87854
2017-11-06 17:45:00,295.05,296.94,295.05,295.42,37.09769
2017-11-06 18:00:00,295.81,296.49,295.02,296.11,51.58328
2017-11-06 18:15:00,296.11,297.36,296.1,296.22,54.42766
2017-11-06 18:30:00,296.23,297.56,296.23,296.52,35.87163
2017-11-06 18:45:00,296.55,297.99,296.55,297.94,55.70015
2017-11-06 19:00:00,297.93,300.1,296.74,299.45,108.00341
2017-11-06 19:15:00,299.45,300.09,298.01,299.98,75.38521
2017-11-06 19:30:00,299.93,300.08,299.01,299.02,67.49663
2017-11-06 19:45:00,299.01,300.99,299.01,300.98,91.0555
2017-11-06 20:00:00,300.99,301.07,299.02,300.77,44.20829
2017-11-06 20:15:00,300.78,302.95,299.01,301.9,143.69128
2017-11-06 20:30:00,301.9,303.0,300.98,302.54,161.47519
2017-11-06 20:45:00,302.54,303.62,301.01,301.06,39.79747
2017-11-06 21:00:00,301.08,303.63,301.06,302.68,54.73744
2017-11-06 21:15:00,302.68,303.0,302.01,302.42,45.20919
2017-11-06 21:30:00,302.27,303.4,299.03,299.03,71.09864
2017-11-06 21:45:00,300.89,303.39,299.04,299.05,73.2634
2017-11-06 22:00:00,299.05,300.64,299.0,299.0,76.16412
2017-11-06 22:15:00,299.02,299.02,298.01,298.04,70.33515
2017-11-06 22:30:00,298.02,299.99,297.9,299.81,64.04304
2017-11-06 22:45:00,298.04,299.92,298.04,298.51,54.82399
2017-11-06 23:00:00,298.51,299.81,298.5,299.77,85.78446
2017-11-06 23:15:00,299.77,300.61,297.92,300.56,99.8134
2017-11-06 23:30:00,300.55,305.58,300.54,304.05,235.99085
2017-11-06 23:45:00,304.06,305.55,300.0,301.34,106.99656
2017-11-07 00:00:00,301.33,304.0,301.33,302.05,82.03277
2017-11-07 00:15:00,302.11,303.93,301.52,301.52,150.39207
2017-11-07 00:30:00,302.98,302.98,301.2,301.2,69.55228
2017-11-07 00:45:00,301.2,304.3,300.0,300.01,71.02908
2017-11-07 01:00:00,300.62,304.22,300.01,300.59,40.00025
2017-11-07 01:15:00,300.6,304.95,300.0,300.0,26.70433
2017-11-07 01:30:00,300.03,302.1,298.99,299.31,38.12029
2017-11-07 01:45:00,299.31,301.65,298.3,298.51,171.13143
2017-11-07 02:00:00,298.31,301.01,297.91,300.89,80.63806
2017-11-07 02:15:00,301.02,301.03,300.94,301.03,25.55333
2017-11-07 02:30:00,301.03,301.03,297.91,298.21,36.95194
2017-11-07 02:45:00,300.46,300.48,298.23,300.0,21.97205
2017-11-07 03:00:00,300.0,303.0,298.28,302.99,48.08614
2017-11-07 03:15:00,302.98,302.98,298.56,300.56,12.13592
2017-11-07 03:30:00,301.1,302.98,300.53,300.91,70.26285
2017-11-07 03:45:00,301.01,304.1,300.92,303.01,9.76826
2017-11-07 04:00:00,303.03,304.4,303.0,303.17,25.15348
2017-11-07 04:15:00,303.15,303.9,300.51,301.88,43.05342
2017-11-07 04:30:00,301.86,301.93,300.25,300.51,55.13462
2017-11-07 04:45:00,300.42,300.61,300.09,300.09,8.64989
2017-11-07 05:00:00,300.09,300.28,298.5,298.5,12.18152
2017-11-07 05:15:00,298.5,299.31,298.3,298.45,68.96845
2017-11-07 05:30:00,298.45,299.48,298.35,298.36,41.80034
2017-11-07 05:45:00,298.44,302.07,298.44,299.04,68.87563
2017-11-07 06:00:00,298.38,302.0,298.37,299.62,79.42778
2017-11-07 06:15:00,299.27,299.28,298.33,299.23,71.7458
2017-11-07 06:30:00,299.23,299.59,298.3,299.48,88.37542
2017-11-07 06:45:00,299.49,299.89,298.23,298.23,79.20633
2017-11-07 07:00:00,298.23,298.23,297.0,297.0,29.37203
2017-11-07 07:15:00,297.0,299.48,296.5,298.0,169.12041
2017-11-07 07:30:00,298.01,299.32,296.12,297.58,59.37119
2017-11-07 07:45:00,297.56,297.97,296.5,297.97,55.24929
2017-11-07 08:00:00,297.25,300.54,295.85,295.97,12.91195
2017-11-07 08:15:00,295.97,297.25,295.26,295.76,151.09257
2017-11-07 08:30:00,295.57,296.51,295.57,296.0,39.8128
2017-11-07 08:45:00,296.01,297.25,295.2,296.5,89.06994
2017-11-07 09:00:00,296.5,300.23,296.49,300.23,83.42536
2017-11-07 09:15:00,300.22,300.31,298.42,300.31,70.29614
2017-11-07 09:30:00,300.26,300.85,299.77,300.79,167.65881
2017-11-07 09:45:00,300.75,300.83,298.24,299.46,31.53763
2017-11-07 10:00:00,299.44,299.99,298.33,299.6,63.46969
2017-11-07 10:15:00,298.74,299.49,297.54,299.49,108.59195
2017-11-07 10:30:00,299.48,299.99,298.21,299.24,53.19527
2017-11-07 10:45:00,299.32,300.99,299.32,299.91,67.44094
2017-11-07 11:00:00,299.51,301.0,299.51,300.33,27.38099
2017-11-07 11:15:00,300.33,302.0,299.49,299.49,47.14988
2017-11-07 11:30:00,298.91,300.07,298.88,298.9,127.43029
2017-11-07 11:45:00,298.89,299.93,298.19,299.55,108.00662
2017-11-07 12:00:00,299.45,299.96,298.3,299.78,105.66987
2017-11-07 12:15:00,299.96,299.97,298.01,299.8,65.12967
2017-11-07 12:30:00,298.53,298.59,298.01,298.04,99.72924
2017-11-07 12:45:00,298.08,299.99,298.08,298.32,27.51022
2017-11-07 13:00:00,298.07,299.94,298.01,298.05,46.38663
2017-11-07 13:15:00,298.07,299.42,298.01,298.16,70.97741
2017-11-07 13:30:00,298.13,299.86,297.99,297.99,160.32015
2017-11-07 13:45:00,297.99,298.07,297.0,297.15,111.40449
2017-11-07 14:00:00,297.16,297.86,297.03,297.12,47.65905
2017-11-07 14:15:00,297.13,298.29,296.53,297.01,174.00826
2017-11-07 14:30:00,297.01,298.29,297.01,297.26,121.81334
2017-11-07 14:45:00,298.02,298.91,297.26,298.32,114.52265
2017-11-07 15:00:00,298.31,299.15,297.29,299.15,43.42772
2017-11-07 15:15:00,299.94,300.0,297.81,299.5,62.27163
2017-11-07 15:30:00,298.79,299.88,298.49,298.51,33.634
2017-11-07 15:45:00,298.62,299.9,298.0,298.75,29.77049
2017-11-07 16:00:00,299.82,299.82,298.01,298.26,9.78923
2017-11-07 16:15:00,299.5,299.5,298.24,298.49,17.91063
2017-11-07 16:30:00,298.49,299.82,298.49,299.13,15.2938
2017-11-07 16:45:00,299.04,300.0,298.49,300.0,23.76316
2017-11-07 17:00:00,300.0,300.0,298.63,299.22,20.96148
2017-11-07 17:15:00,299.19,301.75,298.24,298.28,18.53737
2017-11-07 17:30:00,298.28,300.0,298.28,299.98,32.04937
2017-11-07 17:45:00,299.99,300.03,299.17,300.0,159.42804
2017-11-07 18:00:00,300.0,301.0,299.68,299.97,35.99585
2017-11-07 18:15:00,299.69,300.36,299.18,300.26,73.33395
2017-11-07 18:30:00,299.21,300.35,299.19,299.51,45.37573
2017-11-07 18:45:00,300.24,300.26,299.51,299.51,38.3581
2017-11-07 19:00:00,299.52,300.57,299.51,300.0,71.40963
2017-11-07 19:15:00,300.01,301.29,299.8,301.29,108.81497
2017-11-07 19:30:00,300.5,302.06,300.32,302.06,45.1114
2017-11-07 19:45:00,301.12,302.9,301.11,302.03,18.85944
2017-11-07 20:00:00,302.05,303.16,301.75,303.0,36.40476
2017-11-07 20:15:00,302.15,303.52,300.01,300.01,130.75177
2017-11-07 20:30:00,300.01,301.79,299.18,300.24,163.50327
2017-11-07 20:45:00,300.96,300.96,297.43,297.43,126.57191
2017-11-07 21:00:00,297.74,297.8,292.83,292.83,341.19184
2017-11-07 21:15:00,293.64,295.02,291.0,291.02,160.92361
2017-11-07 21:30:00,291.07,291.93,290.0,290.01,270.55393
2017-11-07 21:45:00,290.3,291.96,290.01,291.05,101.38571
2017-11-07 22:00:00,291.04,291.06,288.65,290.12,290.02252
2017-11-07 22:15:00,290.13,292.58,289.24,291.37,300.12702
2017-11-07 22:30:00,290.52,292.19,288.01,290.25,254.29961
2017-11-07 22:45:00,290.25,290.25,287.0,287.8,232.96404
2017-11-07 23:00:00,287.8,288.91,287.2,288.49,245.75915
2017-11-07 23:15:00,288.03,289.0,288.01,288.02,402.87136
2017-11-07 23:30:00,288.8,288.8,287.36,287.37,144.21052
2017-11-07 23:45:00,287.51,290.23,287.36,290.22,129.61674
2017-11-08 00:00:00,289.53,290.65,287.98,287.98,186.12466
2017-11-08 00:15:00,287.98,288.0,287.47,287.48,158.96369
2017-11-08 00:30:00,287.49,288.46,287.11,288.46,107.03811
2017-11-08 00:45:00,288.47,289.36,288.16,289.36,172.59052
2017-11-08 01:00:00,289.37,289.46,288.2,288.46,112.9473
2017-11-08 01:15:00,288.47,289.04,288.3,288.32,121.03495
2017-11-08 01:30:00,288.5,289.22,288.29,289.2,193.23686
2017-11-08 01:45:00,288.63,291.49,288.63,291.01,167.09622
2017-11-08 02:00:00,291.46,292.76,291.01,292.72,110.77848
2017-11-08 02:15:00,291.33,292.59,289.01,290.25,86.13186
2017-11-08 02:30:00,290.29,290.3,290.14,290.29,72.11451
2017-11-08 02:45:00,290.29,291.47,289.04,289.29,91.3643
2017-11-08 03:00:00,289.51,291.32,289.25,291.31,33.23938
2017-11-08 03:15:00,291.31,291.49,289.5,291.49,105.0154
2017-11-08 03:30:00,290.96,292.22,289.52,289.59,33.33492
2017-11-08 03:45:00,289.57,290.9,289.5,289.66,59.45242
2017-11-08 04:00:00,289.99,290.74,289.63,289.63,58.37601
2017-11-08 04:15:00,290.58,290.9,289.58,290.89,28.51857
2017-11-08 04:30:00,290.9,290.91,289.58,290.22,21.19431
2017-11-08 04:45:00,290.22,290.51,287.81,290.0,109.33248
2017-11-08 05:00:00,290.05,291.31,289.0,291.3,24.64404
2017-11-08 05:15:00,291.31,291.31,290.01,291.31,63.37817
2017-11-08 05:30:00,291.3,291.32,290.65,290.66,47.57863
2017-11-08 05:45:00,290.66,292.0,290.01,291.99,64.02027
2017-11-08 06:00:00,291.99,292.76,290.94,292.02,29.76716
2017-11-08 06:15:00,292.02,292.76,292.02,292.74,79.3142
2017-11-08 06:30:00,292.74,293.83,292.03,293.04,113.71887
2017-11-08 06:45:00,292.02,293.05,290.64,291.79,67.79899
2017-11-08 07:00:00,290.66,291.82,290.66,291.72,76.0176
2017-11-08 07:15:00,291.8,291.81,290.67,290.7,47.7694
2017-11-08 07:30:00,290.71,293.55,290.69,291.65,60.18659
2017-11-08 07:45:00,291.71,291.8,290.69,291.78,87.64438
2017-11-08 08:00:00,291.31,291.72,291.0,291.0,2.13612
2017-11-08 08:15:00,291.0,291.71,290.02,291.32,100.67349
2017-11-08 08:30:00,291.32,291.33,291.31,291.32,148.34203
2017-11-08 08:45:00,291.33,292.66,290.87,291.5,43.78461
2017-11-08 09:00:00,292.66,293.27,291.13,293.27,44.31778
2017-11-08 09:15:00,292.06,294.5,292.06,293.33,134.4824
2017-11-08 09:30:00,294.35,294.35,291.95,291.97,67.68389
2017-11-08 09:45:00,293.29,294.1,292.13,294.02,66.14226
2017-11-08 10:00:00,293.22,293.4,292.51,292.98,55.72526
2017-11-08 10:15:00,292.98,294.0,292.71,293.1,75.29616
2017-11-08 10:30:00,293.1,293.95,293.07,293.23,88.30984
2017-11-08 10:45:00,293.93,293.98,293.25,293.96,84.90958
2017-11-08 11:00:00,293.97,294.98,293.37,294.52,41.59476
2017-11-08 11:15:00,294.99,296.01,294.51,295.22,65.34227
2017-11-08 11:30:00,294.55,295.73,294.55,295.59,13.14046
2017-11-08 11:45:00,295.49,296.38,294.5,294.54,277.77838
2017-11-08 12:00:00,294.88,296.49,294.65,295.02,82.85217
2017-11-08 12:15:00,295.01,296.28,295.01,295.03,60.96282
2017-11-08 12:30:00,295.82,295.82,294.67,294.7,28.9873
2017-11-08 12:45:00,294.7,295.89,294.69,295.89,11.73715
2017-11-08 13:00:00,295.13,296.34,295.13,295.6,103.82337
2017-11-08 13:15:00,295.49,296.8,295.46,296.5,100.85369
2017-11-08 13:30:00,296.51,296.99,295.46,296.57,67.58552
2017-11-08 13:45:00,296.0,297.44,296.0,297.39,89.24334
2017-11-08 14:00:00,297.0,297.42,296.39,296.99,83.90355
2017-11-08 14:15:00,296.99,297.1,295.88,297.08,45.46849
2017-11-08 14:30:00,297.06,297.1,295.9,297.08,108.89417
2017-11-08 14:45:00,297.01,297.29,296.17,297.24,108.89845
2017-11-08 15:00:00,297.25,297.29,296.1,296.1,115.2196
2017-11-08 15:15:00,296.1,297.2,295.37,295.37,62.55686
2017-11-08 15:30:00,296.4,296.91,294.5,294.83,41.81636
2017-11-08 15:45:00,294.84,296.82,294.51,296.44,132.83765
2017-11-08 16:00:00,297.18,297.19,295.21,296.16,15.67067
2017-11-08 16:15:00,296.29,296.61,295.16,296.49,84.71591
2017-11-08 16:30:00,296.49,297.3,296.49,297.09,70.50015
2017-11-08 16:45:00,297.09,297.09,296.98,297.07,101.87917
2017-11-08 17:00:00,297.07,297.71,297.07,297.68,81.24074
2017-11-08 17:15:00,297.7,298.9,297.21,297.4,100.72835
2017-11-08 17:30:00,297.23,297.4,297.21,297.21,112.34751
2017-11-08 17:45:00,297.25,297.26,297.01,297.24,208.56689
2017-11-08 18:00:00,297.24,299.06,297.02,297.49,77.94768
2017-11-08 18:15:00,297.63,299.34,297.63,298.16,45.89339
2017-11-08 18:30:00,299.19,299.35,297.42,299.0,94.87562
2017-11-08 18:45:00,299.02,299.24,297.46,298.48,90.8376
2017-11-08 19:00:00,297.76,298.99,297.47,298.01,50.57896
2017-11-08 19:15:00,298.68,298.97,297.43,298.71,111.15199
2017-11-08 19:30:00,298.41,298.41,297.44,297.46,78.48636
2017-11-08 19:45:00,297.99,298.72,297.44,297.86,108.75409
2017-11-08 20:00:00,297.46,298.48,295.86,298.03,89.026
2017-11-08 20:15:00,298.01,299.01,298.0,298.46,82.65964
2017-11-08 20:30:00,298.47,299.39,296.04,296.04,106.47077
2017-11-08 20:45:00,297.15,297.49,296.12,297.31,67.85943
2017-11-08 21:00:00,297.31,297.98,296.26,297.34,124.80068
2017-11-08 21:15:00,297.35,298.1,296.27,298.1,49.42362
2017-11-08 21:30:00,298.1,299.17,296.38,296.61,71.97584
2017-11-08 21:45:00,298.49,299.22,296.83,298.49,54.83102
2017-11-08 22:00:00,298.84,299.4,298.84,299.38,104.31563
2017-11-08 22:15:00,299.38,299.39,298.04,299.38,66.29606
2017-11-08 22:30:00,298.26,299.79,298.25,299.79,184.74348
2017-11-08 22:45:00,299.79,299.79,298.02,299.22,155.9474
2017-11-08 23:00:00,299.23,299.8,298.27,298.61,168.07365
2017-11-08 23:15:00,299.67,299.67,298.43,299.6,30.11274
2017-11-08 23:30:00,299.65,299.85,298.88,298.88,66.78634
2017-11-08 23:45:00,298.93,299.84,298.0,299.69,68.74894
2017-11-09 00:00:00,299.64,299.67,297.0,297.18,133.32144
2017-11-09 00:15:00,298.25,298.25,295.55,297.69,56.31978
2017-11-09 00:30:00,297.69,298.49,296.72,296.82,38.65466
2017-11-09 00:45:00,297.85,299.04,296.68,298.96,33.16565
2017-11-09 01:00:00,299.02,299.03,297.51,297.51,28.75817
2017-11-09 01:15:00,298.0,299.99,296.68,297.77,613.7824
2017-11-09 01:30:00,299.83,302.0,292.5,298.02,479.0736
2017-11-09 01:45:00,298.02,304.13,296.49,303.01,430.29823
2017-11-09 02:00:00,303.01,309.0,303.0,305.67,1136.98634
2017-11-09 02:15:00,305.67,317.0,302.22,315.36,745.9945
2017-11-09 02:30:00,316.47,317.0,303.89,306.9,1043.64075
2017-11-09 02:45:00,306.9,315.16,301.0,304.56,820.72625
2017-11-09 03:00:00,305.0,313.1,304.57,305.83,444.05215
2017-11-09 03:15:00,308.26,308.26,302.5,307.67,546.84095
2017-11-09 03:30:00,305.12,320.0,305.12,314.82,434.14894
2017-11-09 03:45:00,314.51,314.73,311.56,314.13,173.88627
2017-11-09 04:00:00,313.73,317.74,307.13,314.3,457.08487
2017-11-09 04:15:00,314.14,315.62,308.0,310.15,466.36934
2017-11-09 04:30:00,311.89,311.89,304.0,304.0,517.58764
2017-11-09 04:45:00,304.0,309.91,302.89,309.59,136.7798
2017-11-09 05:00:00,309.57,309.57,303.35,309.0,180.83395
2017-11-09 05:15:00,309.0,310.0,303.36,303.36,207.84865
2017-11-09 05:30:00,303.36,308.3,303.33,306.0,200.00228
2017-11-09 05:45:00,306.02,308.28,303.33,306.98,165.64141
2017-11-09 06:00:00,306.93,306.93,303.6,304.06,152.58159
2017-11-09 06:15:00,304.06,306.5,303.61,305.83,44.6294
2017-11-09 06:30:00,305.94,305.95,303.61,304.03,90.50488
2017-11-09 06:45:00,304.01,304.19,302.69,303.91,226.35872
2017-11-09 07:00:00,303.93,304.0,302.0,303.99,118.83582
2017-11-09 07:15:00,302.67,305.0,302.59,303.02,121.40459
2017-11-09 07:30:00,303.19,304.99,303.03,304.17,102.57804
2017-11-09 07:45:00,304.93,304.99,303.02,303.02,131.62056
2017-11-09 08:00:00,303.6,304.99,302.0,302.0,99.62283
2017-11-09 08:15:00,302.01,303.98,299.5,303.92,148.52741
2017-11-09 08:30:00,303.92,307.0,300.08,306.63,394.64205
2017-11-09 08:45:00,303.44,308.0,303.44,308.0,139.80216
2017-11-09 09:00:00,307.48,309.85,306.82,309.85,186.61603
2017-11-09 09:15:00,309.86,311.96,307.55,310.57,102.72488
2017-11-09 09:30:00,311.68,312.49,310.5,310.5,170.94191
2017-11-09 09:45:00,310.5,311.18,307.72,310.16,67.57114
2017-11-09 10:00:00,308.68,310.49,308.51,309.36,125.60998
2017-11-09 10:15:00,308.96,311.9,308.77,311.89,140.97829
2017-11-09 10:30:00,309.4,311.76,309.0,311.76,170.57006
2017-11-09 10:45:00,311.43,311.59,309.37,309.99,59.57031
2017-11-09 11:00:00,309.17,310.7,309.03,309.22,74.09965
2017-11-09 11:15:00,309.25,310.4,308.58,309.12,141.79264
2017-11-09 11:30:00,309.12,310.49,307.5,307.51,131.66644
2017-11-09 11:45:00,307.51,308.58,303.88,307.0,94.04008
2017-11-09 12:00:00,306.99,308.58,306.46,308.5,160.33532
2017-11-09 12:15:00,308.49,309.8,306.79,307.41,102.79288
2017-11-09 12:30:00,307.54,310.0,307.54,309.2,80.80616
2017-11-09 12:45:00,309.93,311.65,309.19,309.46,72.90851
2017-11-09 13:00:00,309.48,311.59,309.47,311.58,103.26647
2017-11-09 13:15:00,311.58,312.0,310.04,312.0,198.34062
2017-11-09 13:30:00,312.99,312.99,311.98,312.43,98.2918
2017-11-09 13:45:00,312.42,312.91,310.19,310.29,56.29427
2017-11-09 14:00:00,311.26,312.0,310.42,310.43,104.24524
2017-11-09 14:15:00,310.45,311.97,310.12,310.5,101.66128
2017-11-09 14:30:00,311.77,314.0,310.5,312.89,189.30688
2017-11-09 14:45:00,312.89,314.49,310.54,313.04,65.49136
2017-11-09 15:00:00,313.06,313.09,310.83,312.85,54.60243
2017-11-09 15:15:00,312.62,314.11,312.0,312.59,93.3048
2017-11-09 15:30:00,313.5,314.38,313.01,314.0,133.67753
2017-11-09 15:45:00,314.0,314.9,313.0,314.8,84.23012
2017-11-09 16:00:00,314.28,318.0,314.01,317.89,111.98322
2017-11-09 16:15:00,317.0,317.99,313.0,315.99,197.14069
2017-11-09 16:30:00,315.97,315.97,310.5,314.49,160.76572
2017-11-09 16:45:00,313.88,314.61,310.7,314.6,117.28479
2017-11-09 17:00:00,314.61,315.07,311.03,311.08,142.41578
2017-11-09 17:15:00,311.05,317.2,311.05,312.09,189.84443
2017-11-09 17:30:00,312.09,312.62,310.0,312.6,122.74577
2017-11-09 17:45:00,311.99,313.32,310.0,312.98,129.4283
2017-11-09 18:00:00,313.25,313.25,311.0,311.0,154.89176
2017-11-09 18:15:00,311.03,313.0,311.01,312.59,48.40733
2017-11-09 18:30:00,311.61,313.05,311.6,312.13,66.82245
2017-11-09 18:45:00,312.18,313.49,311.85,312.31,71.06736
2017-11-09 19:00:00,313.33,313.59,311.94,312.39,82.32256
2017-11-09 19:15:00,312.22,314.19,310.63,311.79,129.80138
2017-11-09 19:30:00,311.77,312.66,310.75,312.66,109.4651
2017-11-09 19:45:00,312.88,314.2,312.1,314.18,102.17678
2017-11-09 20:00:00,314.2,316.02,313.52,315.82,98.02932
2017-11-09 20:15:00,315.71,317.94,315.06,317.21,220.76816
2017-11-09 20:30:00,317.8,318.87,315.7,317.52,156.03522
2017-11-09 20:45:00,317.55,317.55,316.26,316.48,48.04576
2017-11-09 21:00:00,316.53,317.39,316.25,317.39,93.15944
2017-11-09 21:15:00,317.3,317.39,316.67,316.92,30.37669
2017-11-09 21:30:00,317.0,317.39,315.86,315.88,59.16951
2017-11-09 21:45:00,315.88,317.39,315.87,316.99,106.32662
2017-11-09 22:00:00,316.98,322.01,316.36,322.0,364.73397
2017-11-09 22:15:00,322.0,324.98,321.03,324.48,154.93946
2017-11-09 22:30:00,324.5,324.87,322.0,323.2,224.40275
2017-11-09 22:45:00,323.21,324.98,322.0,324.98,142.79855
2017-11-09 23:00:00,324.98,326.97,323.36,326.0,134.69965
2017-11-09 23:15:00,323.72,329.0,323.72,329.0,105.3181
2017-11-09 23:30:00,328.19,328.21,325.12,325.5,255.89945
2017-11-09 23:45:00,325.5,327.95,325.0,327.54,150.13919
2017-11-10 00:00:00,327.55,328.89,326.0,326.0,105.43299
2017-11-10 00:15:00,325.98,326.84,323.0,325.23,68.90574
2017-11-10 00:30:00,325.43,327.15,324.99,326.0,464.29105
2017-11-10 00:45:00,325.5,325.93,322.1,324.38,290.8936
2017-11-10 01:00:00,324.12,324.84,323.97,324.0,30.37035
2017-11-10 01:15:00,323.99,326.99,323.26,325.52,170.37607
2017-11-10 01:30:00,325.51,326.85,325.51,325.64,53.44596
2017-11-10 01:45:00,325.56,326.96,325.56,326.22,181.78996
2017-11-10 02:00:00,326.23,326.99,325.51,326.0,174.33868
2017-11-10 02:15:00,326.0,326.99,324.05,325.99,140.95508
2017-11-10 02:30:00,326.01,327.0,325.99,326.98,37.27396
2017-11-10 02:45:00,326.89,326.89,325.99,326.01,122.67636
2017-11-10 03:00:00,326.0,326.98,325.61,325.75,74.74904
2017-11-10 03:15:00,325.76,326.61,324.06,325.65,66.6598
2017-11-10 03:30:00,325.7,326.35,325.64,325.65,47.28297
2017-11-10 03:45:00,325.69,325.69,325.63,325.63,67.68438
2017-11-10 04:00:00,325.72,326.58,324.07,325.93,20.4002
2017-11-10 04:15:00,325.92,326.42,324.65,326.28,21.73469
2017-11-10 04:30:00,325.92,326.47,324.73,326.12,25.31184
2017-11-10 04:45:00,325.88,325.89,324.1,324.1,32.42656
2017-11-10 05:00:00,325.3,325.46,324.15,324.15,18.05189
2017-11-10 05:15:00,324.12,325.65,324.12,324.61,22.29718
2017-11-10 05:30:00,325.22,325.61,322.0,322.87,88.28717
2017-11-10 05:45:00,322.0,322.23,320.02,320.04,52.13492
2017-11-10 06:00:00,320.02,320.99,315.0,317.98,201.47694
2017-11-10 06:15:00,316.98,319.98,316.48,319.02,75.70215
2017-11-10 06:30:00,318.99,318.99,317.11,317.67,32.79295
2017-11-10 06:45:00,318.03,318.07,317.7,317.7,49.18154
2017-11-10 07:00:00,317.73,317.76,316.92,317.28,24.71926
2017-11-10 07:15:00,316.93,317.75,316.12,316.2,27.30001
2017-11-10 07:30:00,316.21,317.65,316.21,317.21,77.697
2017-11-10 07:45:00,317.2,319.14,317.2,317.87,54.92238
2017-11-10 08:00:00,318.5,318.5,317.0,317.85,92.32702
2017-11-10 08:15:00,317.85,318.4,317.55,317.57,74.61468
2017-11-10 08:30:00,317.57,319.3,317.57,318.31,111.84507
2017-11-10 08:45:00,318.3,319.34,317.02,318.53,95.57603
2017-11-10 09:00:00,318.17,319.34,317.47,318.04,50.73376
2017-11-10 09:15:00,318.01,318.82,318.0,318.0,100.57155
2017-11-10 09:30:00,318.0,318.0,317.01,317.98,34.3781
2017-11-10 09:45:00,317.98,319.0,317.2,318.5,132.33898
2017-11-10 10:00:00,318.62,319.17,318.51,319.0,145.51532
2017-11-10 10:15:00,318.97,318.98,318.0,318.47,120.72383
2017-11-10 10:30:00,318.03,318.97,318.0,318.54,102.89969
2017-11-10 10:45:00,318.51,318.51,317.0,317.92,86.53246
2017-11-10 11:00:00,317.92,318.52,317.01,317.05,125.74473
2017-11-10 11:15:00,317.07,319.34,317.05,318.02,73.71076
2017-11-10 11:30:00,319.01,319.32,316.16,318.12,126.13261
2017-11-10 11:45:00,318.99,318.99,316.41,318.68,111.44775
2017-11-10 12:00:00,318.68,319.5,318.67,319.47,161.24939
2017-11-10 12:15:00,319.47,319.49,318.96,319.38,95.5709
2017-11-10 12:30:00,319.37,319.46,318.5,319.18,142.26875
2017-11-10 12:45:00,319.25,319.48,318.08,319.43,68.39388
2017-11-10 13:00:00,318.17,319.44,318.04,318.18,45.26392
2017-11-10 13:15:00,318.19,319.29,318.0,318.11,98.63998
2017-11-10 13:30:00,318.06,318.06,316.52,316.81,99.32413
2017-11-10 13:45:00,316.81,317.0,316.55,316.87,116.04999
2017-11-10 14:00:00,316.86,316.88,313.0,316.39,178.64735
2017-11-10 14:15:00,316.3,317.77,316.28,316.46,36.35688
2017-11-10 14:30:00,316.91,317.05,314.82,316.61,39.29169
2017-11-10 14:45:00,315.37,316.5,315.37,316.06,89.17542
2017-11-10 15:00:00,316.49,317.78,316.1,317.77,53.95478
2017-11-10 15:15:00,317.09,317.99,316.93,317.78,81.16854
2017-11-10 15:30:00,317.78,317.78,316.26,317.48,134.4385
2017-11-10 15:45:00,316.89,316.96,313.24,314.99,206.21821
2017-11-10 16:00:00,314.99,316.57,313.74,315.78,88.86254
2017-11-10 16:15:00,314.5,315.68,314.01,314.98,110.19881
2017-11-10 16:30:00,314.98,317.2,314.21,315.04,51.0793
2017-11-10 16:45:00,315.34,317.09,315.04,315.9,71.63263
2017-11-10 17:00:00,315.91,317.99,315.9,316.98,130.0699
2017-11-10 17:15:00,316.99,318.12,316.57,317.81,149.0792
2017-11-10 17:30:00,318.05,319.39,316.01,317.52,122.19824
2017-11-10 17:45:00,316.58,316.65,316.0,316.01,78.66454
2017-11-10 18:00:00,316.02,317.99,314.88,317.97,116.19743
2017-11-10 18:15:00,315.45,319.5,315.45,318.16,177.86776
2017-11-10 18:30:00,319.25,320.85,318.16,319.96,92.51272
2017-11-10 18:45:00,320.82,320.82,319.03,319.98,26.85991
2017-11-10 19:00:00,320.8,322.65,320.6,322.01,55.19428
2017-11-10 19:15:00,322.01,322.4,319.05,319.05,113.48734
2017-11-10 19:30:00,319.04,319.24,312.15,312.18,399.67888
2017-11-10 19:45:00,312.18,313.95,311.01,311.56,236.59961
2017-11-10 20:00:00,311.03,312.0,306.66,310.13,557.06817
2017-11-10 20:15:00,310.07,311.99,307.69,310.58,187.75261
2017-11-10 20:30:00,310.57,312.26,306.57,307.12,158.11568
2017-11-10 20:45:00,307.12,309.0,296.12,299.99,616.47578
2017-11-10 21:00:00,299.99,304.97,296.27,304.46,399.53902
2017-11-10 21:15:00,304.46,308.81,300.0,301.76,282.93949
2017-11-10 21:30:00,301.78,304.75,300.25,303.51,250.97607
2017-11-10 21:45:00,303.51,306.0,303.51,305.09,126.39998
2017-11-10 22:00:00,305.79,305.82,303.01,303.22,417.70538
2017-11-10 22:15:00,304.18,304.49,303.37,303.84,228.98878
2017-11-10 22:30:00,303.83,304.81,301.65,301.65,305.7958
2017-11-10 22:45:00,302.11,306.49,301.01,302.28,270.12582
2017-11-10 23:00:00,302.28,303.44,300.3,301.99,185.68834
2017-11-10 23:15:00,301.98,305.34,301.0,302.01,138.44671
2017-11-10 23:30:00,302.1,303.0,299.98,300.39,144.70531
2017-11-10 23:45:00,300.47,301.77,299.01,301.0,248.513
2017-11-11 00:00:00,300.98,302.99,300.23,301.86,435.50159
2017-11-11 00:15:00,302.98,306.47,301.82,303.0,338.21842
2017-11-11 00:30:00,303.6,306.24,301.16,303.5,123.8373
2017-11-11 00:45:00,302.45,304.46,302.39,302.52,139.86041
2017-11-11 01:00:00,302.98,305.85,297.12,298.57,301.78249
2017-11-11 01:15:00,298.6,300.99,298.49,298.5,107.71867
2017-11-11 01:30:00,298.49,299.74,296.01,299.73,110.20325
2017-11-11 01:45:00,298.49,301.96,298.49,299.72,112.12688
2017-11-11 02:00:00,299.6,299.6,292.0,294.55,341.12218
2017-11-11 02:15:00,293.31,294.54,291.97,292.17,193.75277
2017-11-11 02:30:00,292.18,292.57,290.15,291.68,219.40835
2017-11-11 02:45:00,290.52,291.67,287.8,288.65,313.592
2017-11-11 03:00:00,287.8,296.71,285.82,292.0,308.19532
2017-11-11 03:15:00,291.0,297.03,290.94,296.94,140.37777
2017-11-11 03:30:00,294.13,296.34,293.38,293.61,105.95037
2017-11-11 03:45:00,292.52,294.74,292.31,294.72,128.86389
2017-11-11 04:00:00,294.69,294.71,292.03,293.0,183.26564
2017-11-11 04:15:00,293.03,293.5,287.08,289.99,170.44573
2017-11-11 04:30:00,289.0,294.64,287.18,288.92,259.38808
2017-11-11 04:45:00,291.6,292.0,287.0,287.0,125.21949
2017-11-11 05:00:00,287.02,296.34,287.0,290.7,279.00685
2017-11-11 05:15:00,290.62,294.99,288.61,294.99,245.77086
2017-11-11 05:30:00,293.51,298.0,293.51,297.5,69.64611
2017-11-11 05:45:00,297.48,297.95,294.06,297.35,26.37854
2017-11-11 06:00:00,297.5,298.0,294.01,296.99,144.35408
2017-11-11 06:15:00,296.55,302.99,296.53,302.99,131.15874
2017-11-11 06:30:00,300.03,303.56,299.0,299.0,207.76176
2017-11-11 06:45:00,298.7,300.23,298.08,298.08,126.28261
2017-11-11 07:00:00,299.59,299.59,293.51,296.05,37.24192
2017-11-11 07:15:00,295.62,297.73,295.27,297.72,182.72527
2017-11-11 07:30:00,297.73,297.74,294.99,297.44,150.68792
2017-11-11 07:45:00,295.5,297.32,293.5,293.5,66.79663
2017-11-11 08:00:00,293.52,297.67,291.91,297.61,120.14822
2017-11-11 08:15:00,297.61,297.61,292.47,292.56,57.0698
2017-11-11 08:30:00,293.23,297.0,293.23,296.99,125.55133
2017-11-11 08:45:00,296.99,300.23,295.16,300.22,133.97393
2017-11-11 09:00:00,300.24,302.99,298.09,301.0,73.9609
2017-11-11 09:15:00,301.03,302.59,299.22,300.94,81.50565
2017-11-11 09:30:00,300.89,301.08,300.0,301.08,82.48402
2017-11-11 09:45:00,301.09,302.76,299.53,299.95,154.57947
2017-11-11 10:00:00,299.93,302.49,298.06,299.0,75.02108
2017-11-11 10:15:00,298.99,300.01,298.25,298.55,162.86823
2017-11-11 10:30:00,298.57,302.24,298.57,300.97,84.80857
2017-11-11 10:45:00,300.98,300.98,300.21,300.24,65.83634
2017-11-11 11:00:00,300.58,300.95,299.99,299.99,133.84784
2017-11-11 11:15:00,299.96,299.96,297.11,297.11,259.30635
2017-11-11 11:30:00,297.99,299.01,297.01,299.0,52.63965
2017-11-11 11:45:00,299.02,300.01,298.03,300.01,299.38922
2017-11-11 12:00:00,300.01,300.98,298.5,299.15,111.03316
2017-11-11 12:15:00,300.0,301.91,299.09,300.05,76.79223
2017-11-11 12:30:00,300.31,302.28,300.0,300.5,80.33297
2017-11-11 12:45:00,300.48,302.28,300.0,301.96,82.08619
2017-11-11 13:00:00,301.93,302.29,297.51,300.11,148.81802
2017-11-11 13:15:00,299.68,301.25,299.48,299.48,38.8615
2017-11-11 13:30:00,298.01,299.98,297.5,297.7,164.68782
2017-11-11 13:45:00,297.71,299.9,297.03,297.05,75.44684
2017-11-11 14:00:00,297.06,299.4,297.05,298.99,15.2358
2017-11-11 14:15:00,298.99,299.98,298.57,299.19,34.50703
2017-11-11 14:30:00,299.96,299.97,298.89,299.47,55.99543
2017-11-11 14:45:00,299.72,301.62,298.88,300.07,167.67484
2017-11-11 15:00:00,300.14,301.64,299.96,301.58,50.21895
2017-11-11 15:15:00,301.59,301.82,300.56,300.86,74.06311
2017-11-11 15:30:00,301.29,301.29,298.02,299.06,74.21095
2017-11-11 15:45:00,299.51,301.37,299.02,300.98,106.81185
2017-11-11 16:00:00,300.98,301.86,300.0,301.55,73.33903
2017-11-11 16:15:00,301.5,301.56,300.15,301.54,37.48521
2017-11-11 16:30:00,301.53,301.86,299.88,301.58,62.24395
2017-11-11 16:45:00,300.26,301.71,299.89,301.69,129.97433
2017-11-11 17:00:00,301.69,301.99,300.58,301.0,118.24763
2017-11-11 17:15:00,300.98,301.03,300.2,301.02,60.56337
2017-11-11 17:30:00,301.02,303.0,301.01,301.43,80.41018
2017-11-11 17:45:00,302.08,302.99,301.32,301.32,27.83976
2017-11-11 18:00:00,302.0,302.99,301.22,302.95,28.18087
2017-11-11 18:15:00,302.94,305.0,301.25,303.0,77.64079
2017-11-11 18:30:00,301.44,304.14,301.42,302.68,38.62804
2017-11-11 18:45:00,302.74,303.57,300.01,300.15,47.22466
2017-11-11 19:00:00,300.04,302.03,300.04,300.68,53.51341
2017-11-11 19:15:00,300.68,300.68,297.02,298.73,102.39273
2017-11-11 19:30:00,298.7,299.66,297.49,298.07,102.81883
2017-11-11 19:45:00,298.05,299.0,296.0,296.45,119.15752
2017-11-11 20:00:00,296.63,298.0,295.01,295.1,93.13028
2017-11-11 20:15:00,295.1,298.6,295.03,298.02,116.40154
2017-11-11 20:30:00,298.01,298.61,296.36,296.41,108.5612
2017-11-11 20:45:00,296.41,297.0,295.02,295.21,112.45411
2017-11-11 21:00:00,295.2,297.65,294.9,295.19,83.10334
2017-11-11 21:15:00,297.37,297.68,294.0,295.02,94.30225
2017-11-11 21:30:00,295.38,299.95,292.0,299.75,228.16986
2017-11-11 21:45:00,299.75,301.48,297.0,297.0,196.87523
2017-11-11 22:00:00,299.46,299.82,297.0,299.27,142.67142
2017-11-11 22:15:00,299.25,299.33,295.51,298.94,157.79948
2017-11-11 22:30:00,298.78,300.08,298.74,300.08,128.10128
2017-11-11 22:45:00,300.17,301.74,297.44,298.98,244.90261
2017-11-11 23:00:00,299.0,300.49,296.1,297.67,135.82403
2017-11-11 23:15:00,299.73,299.94,296.12,299.94,100.75675
2017-11-11 23:30:00,299.61,301.64,299.12,299.23,241.51458
2017-11-11 23:45:00,299.09,299.98,298.17,299.0,233.16991
2017-11-12 00:00:00,298.43,302.03,295.0,298.01,357.91715
2017-11-12 00:15:00,300.04,301.07,294.22,299.99,284.25301
2017-11-12 00:30:00,299.99,299.99,294.51,299.99,38.43372
2017-11-12 00:45:00,299.99,303.3,297.2,300.23,151.32195
2017-11-12 01:00:00,300.86,302.05,299.01,300.11,99.83813
2017-11-12 01:15:00,300.11,303.0,300.11,302.26,97.98039
2017-11-12 01:30:00,302.26,306.76,302.26,306.7,151.73414
2017-11-12 01:45:00,306.76,309.89,306.0,306.25,113.78339
2017-11-12 02:00:00,309.86,313.7,306.29,313.7,112.17649
2017-11-12 02:15:00,311.58,311.66,308.03,309.87,163.9555
2017-11-12 02:30:00,309.85,311.41,304.0,309.81,153.58475
2017-11-12 02:45:00,309.83,311.39,309.8,309.82,111.90416
2017-11-12 03:00:00,311.36,314.99,309.8,309.81,178.03282
2017-11-12 03:15:00,311.28,314.67,309.94,314.47,30.69869
2017-11-12 03:30:00,314.45,314.45,309.8,312.63,130.26495
2017-11-12 03:45:00,312.62,313.88,312.0,313.87,129.5268
2017-11-12 04:00:00,313.87,313.88,313.01,313.82,108.36156
2017-11-12 04:15:00,313.82,314.5,312.27,312.9,76.13813
2017-11-12 04:30:00,312.99,316.01,312.04,316.01,164.07244
2017-11-12 04:45:00,316.02,318.0,314.51,316.03,92.22902
2017-11-12 05:00:00,316.02,317.13,312.94,314.48,72.96704
2017-11-12 05:15:00,314.49,314.49,312.01,312.38,33.91742
2017-11-12 05:30:00,314.07,314.07,312.36,312.38,43.68964
2017-11-12 05:45:00,312.36,314.49,309.81,311.79,137.63865
2017-11-12 06:00:00,311.78,314.49,311.5,314.49,52.81711
2017-11-12 06:15:00,314.48,314.98,314.48,314.52,139.84174
2017-11-12 06:30:00,314.53,315.0,313.63,313.63,125.97225
2017-11-12 06:45:00,313.65,315.0,311.5,311.5,140.79241
2017-11-12 07:00:00,311.32,311.49,310.51,310.98,164.25479
2017-11-12 07:15:00,310.98,312.89,310.0,310.99,112.37222
2017-11-12 07:30:00,310.97,313.23,308.51,311.01,68.42978
2017-11-12 07:45:00,311.09,315.61,309.01,310.02,114.09708
2017-11-12 08:00:00,310.87,312.52,308.71,309.0,70.66248
2017-11-12 08:15:00,309.0,309.86,306.01,306.01,134.22644
2017-11-12 08:30:00,306.02,307.99,305.51,307.99,121.34572
2017-11-12 08:45:00,307.25,308.0,305.57,305.65,130.67012
2017-11-12 09:00:00,305.67,309.73,305.62,309.69,69.36496
2017-11-12 09:15:00,309.72,309.75,305.52,305.71,104.00784
2017-11-12 09:30:00,305.71,308.6,305.69,305.74,125.98652
2017-11-12 09:45:00,308.31,308.36,301.1,302.5,122.47734
2017-11-12 10:00:00,302.49,305.0,300.06,300.06,136.51102
2017-11-12 10:15:00,303.58,303.89,298.1,302.82,344.11811
2017-11-12 10:30:00,302.82,303.49,298.6,303.4,37.56136
2017-11-12 10:45:00,300.64,300.64,298.0,298.98,191.63796
2017-11-12 11:00:00,298.0,299.98,295.6,297.57,223.791
2017-11-12 11:15:00,297.57,299.78,294.0,294.0,166.35588
2017-11-12 11:30:00,294.98,298.99,292.33,298.67,190.89799
2017-11-12 11:45:00,298.65,305.68,295.0,299.0,321.18704
2017-11-12 12:00:00,300.92,305.0,298.49,301.98,133.72242
2017-11-12 12:15:00,302.0,306.0,300.24,302.11,176.72802
2017-11-12 12:30:00,302.13,304.98,300.5,300.5,82.69599
2017-11-12 12:45:00,300.5,303.9,298.65,299.83,173.22818
2017-11-12 13:00:00,299.83,304.0,298.6,299.3,232.13673
2017-11-12 13:15:00,299.3,302.68,298.56,299.86,252.75738
2017-11-12 13:30:00,300.0,307.57,298.83,303.05,435.89131
2017-11-12 13:45:00,303.05,304.45,300.0,300.02,229.11052
2017-11-12 14:00:00,300.01,301.85,295.0,298.88,557.26887
2017-11-12 14:15:00,296.01,296.03,290.01,292.98,509.32658
2017-11-12 14:30:00,293.0,293.99,281.33,286.95,646.55956
2017-11-12 14:45:00,285.99,296.0,281.01,292.1,566.59988
2017-11-12 15:00:00,293.99,309.99,290.02,292.02,631.73867
2017-11-12 15:15:00,292.02,309.0,290.0,297.52,469.60476
2017-11-12 15:30:00,297.52,298.0,290.0,295.98,371.46593
2017-11-12 15:45:00,294.02,300.91,294.02,297.86,277.99999
2017-11-12 16:00:00,296.98,303.99,296.03,301.99,713.59053
2017-11-12 16:15:00,302.02,303.0,297.0,298.15,648.78474
2017-11-12 16:30:00,298.17,301.99,294.02,300.33,404.78556
2017-11-12 16:45:00,299.87,300.34,290.1,294.0,443.5934
2017-11-12 17:00:00,294.04,297.65,290.1,296.75,218.03104
2017-11-12 17:15:00,293.58,296.88,290.1,293.18,237.71179
2017-11-12 17:30:00,293.17,296.21,290.01,291.86,239.27457
2017-11-12 17:45:00,291.72,296.8,290.07,292.02,368.76203
2017-11-12 18:00:00,292.03,292.96,290.01,290.99,138.74966
2017-11-12 18:15:00,291.71,296.75,291.0,293.97,219.35914
2017-11-12 18:30:00,292.96,295.55,291.86,294.69,119.08195
2017-11-12 18:45:00,294.69,297.0,293.0,296.01,172.652
2017-11-12 19:00:00,296.72,298.7,295.31,296.0,83.91601
2017-11-12 19:15:00,296.12,298.07,293.21,297.1,146.35589
2017-11-12 19:30:00,297.11,298.87,295.28,297.0,182.56336
2017-11-12 19:45:00,297.0,298.86,293.38,295.0,120.84008
2017-11-12 20:00:00,295.59,295.99,291.99,292.0,186.85071
2017-11-12 20:15:00,293.69,294.0,292.05,293.02,179.60644
2017-11-12 20:30:00,293.04,298.0,293.04,296.98,181.94385
2017-11-12 20:45:00,294.23,298.8,294.23,298.6,174.88656
2017-11-12 21:00:00,298.8,303.98,298.01,299.09,538.47543
2017-11-12 21:15:00,299.11,301.49,295.16,299.85,491.93045
2017-11-12 21:30:00,301.9,301.99,295.0,299.49,254.31982
2017-11-12 21:45:00,298.53,299.99,295.51,299.02,140.2851
2017-11-12 22:00:00,299.02,299.88,295.99,296.0,139.74309
2017-11-12 22:15:00,298.01,299.87,296.06,298.0,81.45061
2017-11-12 22:30:00,298.96,299.89,296.81,297.0,151.40408
2017-11-12 22:45:00,298.91,302.17,297.04,302.06,340.64383
2017-11-12 23:00:00,302.06,308.76,299.6,306.99,503.54449
2017-11-12 23:15:00,306.97,306.99,302.4,303.71,208.21475
2017-11-12 23:30:00,303.17,306.8,303.17,305.84,49.16664
2017-11-12 23:45:00,305.79,306.76,303.02,306.42,108.56872
2017-11-13 00:00:00,306.42,308.0,303.03,305.5,113.18954
2017-11-13 00:15:00,307.64,307.64,303.3,307.22,91.80579
2017-11-13 00:30:00,307.22,308.9,306.29,308.9,84.81826
2017-11-13 00:45:00,308.99,310.4,308.86,310.0,284.49433
2017-11-13 01:00:00,310.0,312.99,309.98,312.23,113.02622
2017-11-13 01:15:00,312.23,314.0,308.02,310.47,84.72209
2017-11-13 01:30:00,310.45,313.49,308.7,313.49,72.18445
2017-11-13 01:45:00,311.76,316.0,311.76,315.59,404.15482
2017-11-13 02:00:00,314.97,316.99,312.8,312.92,227.16946
2017-11-13 02:15:00,312.92,314.24,312.5,313.3,73.48262
2017-11-13 02:30:00,312.94,316.51,312.0,316.5,223.27597
2017-11-13 02:45:00,316.5,316.5,313.97,313.97,67.54919
2017-11-13 03:00:00,312.82,314.89,311.39,311.7,95.08835
2017-11-13 03:15:00,311.72,313.72,310.01,310.02,15.29617
2017-11-13 03:30:00,310.01,314.0,304.3,309.87,315.47074
2017-11-13 03:45:00,306.46,314.0,305.98,314.0,194.63213
2017-11-13 04:00:00,314.0,315.0,309.24,310.79,142.59668
2017-11-13 04:15:00,310.76,312.44,309.03,310.53,82.1824
2017-11-13 04:30:00,310.55,314.22,309.98,312.21,160.61217
2017-11-13 04:45:00,312.67,312.98,307.25,312.14,162.57647
2017-11-13 05:00:00,309.8,312.56,305.2,306.02,173.75757
2017-11-13 05:15:00,308.0,310.0,306.01,309.52,102.19194
2017-11-13 05:30:00,310.0,310.49,306.3,308.77,58.96173
2017-11-13 05:45:00,309.75,310.14,306.82,309.85,71.14423
2017-11-13 06:00:00,309.48,309.48,303.0,303.0,215.86388
2017-11-13 06:15:00,302.98,305.58,299.5,302.55,214.2642
2017-11-13 06:30:00,302.55,305.98,300.24,303.17,73.26914
2017-11-13 06:45:00,303.22,305.1,300.38,302.99,110.38689
2017-11-13 07:00:00,302.5,307.75,302.5,305.01,108.82531
2017-11-13 07:15:00,305.99,305.99,300.01,300.62,319.85684
2017-11-13 07:30:00,300.7,307.98,300.55,304.12,139.79339
2017-11-13 07:45:00,302.99,305.99,302.11,305.24,99.78733
2017-11-13 08:00:00,304.0,307.0,303.8,304.3,177.43572
2017-11-13 08:15:00,304.25,306.49,303.7,304.04,205.71341
2017-11-13 08:30:00,306.61,307.0,304.24,306.78,121.64731
2017-11-13 08:45:00,306.68,314.89,306.68,313.16,273.80357
2017-11-13 09:00:00,313.24,317.01,312.09,316.97,494.39432
2017-11-13 09:15:00,316.97,317.51,312.08,314.99,304.14412
2017-11-13 09:30:00,314.31,315.89,312.08,312.5,584.23548
2017-11-13 09:45:00,312.5,317.88,310.51,316.8,277.68482
2017-11-13 10:00:00,314.92,318.0,313.1,314.56,468.54269
2017-11-13 10:15:00,314.53,317.98,313.56,317.92,175.03977
2017-11-13 10:30:00,317.91,318.0,314.81,317.83,176.91974
2017-11-13 10:45:00,317.84,318.88,313.41,314.94,554.3044
2017-11-13 11:00:00,314.9,316.22,308.01,315.69,330.35523
2017-11-13 11:15:00,315.69,316.0,311.16,311.58,151.3449
2017-11-13 11:30:00,311.93,315.0,311.93,314.49,95.81224
2017-11-13 11:45:00,314.49,314.99,312.72,312.91,41.44117
2017-11-13 12:00:00,312.93,314.06,312.9,314.05,276.39405
2017-11-13 12:15:00,314.05,316.99,311.8,315.8,204.21277
2017-11-13 12:30:00,313.9,317.46,310.0,310.5,172.95717
2017-11-13 12:45:00,311.77,312.99,309.15,311.31,103.00997
2017-11-13 13:00:00,311.65,312.17,309.0,309.42,320.51371
2017-11-13 13:15:00,309.41,311.93,309.21,310.19,77.30033
2017-11-13 13:30:00,310.23,313.95,309.2,309.2,295.16116
2017-11-13 13:45:00,309.21,310.0,308.0,308.03,100.18566
2017-11-13 14:00:00,308.03,311.55,308.03,310.1,100.53274
2017-11-13 14:15:00,310.08,311.5,308.52,308.54,60.75719
2017-11-13 14:30:00,311.18,311.51,308.69,308.7,145.48197
2017-11-13 14:45:00,308.75,309.0,307.11,308.38,73.31409
2017-11-13 15:00:00,307.42,309.8,307.26,308.78,204.85916
2017-11-13 15:15:00,309.39,311.42,308.21,309.54,76.39531
2017-11-13 15:30:00,309.52,310.99,308.85,310.99,61.91654
2017-11-13 15:45:00,310.99,312.99,310.8,312.99,106.42172
2017-11-13 16:00:00,312.27,312.99,311.63,312.97,866.9681
2017-11-13 16:15:00,312.98,312.99,311.63,312.94,134.9354
2017-11-13 16:30:00,312.92,314.88,312.92,314.73,90.2209
2017-11-13 16:45:00,314.73,314.73,312.66,314.14,133.37197
2017-11-13 17:00:00,314.01,314.01,310.0,312.61,19.51545
2017-11-13 17:15:00,312.5,312.97,311.8,312.96,13.0318
2017-11-13 17:30:00,312.98,314.2,312.93,312.95,104.45168
2017-11-13 17:45:00,312.93,313.78,311.02,311.51,103.30402
2017-11-13 18:00:00,311.51,313.76,311.5,312.04,100.39532
2017-11-13 18:15:00,312.08,314.0,310.03,310.36,162.33799
2017-11-13 18:30:00,311.3,313.69,310.07,312.51,83.53708
2017-11-13 18:45:00,312.51,314.57,312.01,313.56,99.57862
2017-11-13 19:00:00,313.72,314.18,312.17,312.17,195.98133
2017-11-13 19:15:00,312.58,313.5,312.58,313.23,125.73064
2017-11-13 19:30:00,313.0,314.8,312.58,313.84,170.19925
2017-11-13 19:45:00,313.08,314.58,312.03,312.36,169.05151
2017-11-13 20:00:00,312.02,314.63,312.02,313.95,72.68559
2017-11-13 20:15:00,314.17,314.17,312.0,312.83,94.45719
2017-11-13 20:30:00,312.85,313.07,312.16,312.65,72.7283
2017-11-13 20:45:00,313.06,313.8,311.37,312.1,169.45309
2017-11-13 21:00:00,312.1,314.82,310.1,312.36,210.70862
2017-11-13 21:15:00,310.57,311.81,310.02,310.91,194.00947
2017-11-13 21:30:00,310.92,311.74,308.0,311.48,200.57353
2017-11-13 21:45:00,311.49,311.75,308.49,309.04,548.83104
2017-11-13 22:00:00,309.88,313.0,309.67,312.12,107.90506
2017-11-13 22:15:00,312.11,313.45,310.69,311.06,283.3075
2017-11-13 22:30:00,311.15,312.83,310.0,310.84,204.92899
2017-11-13 22:45:00,310.64,311.27,310.01,310.27,94.22871
2017-11-13 23:00:00,310.3,311.94,310.0,310.51,227.96526
2017-11-13 23:15:00,310.51,312.8,310.5,311.1,103.71096
2017-11-13 23:30:00,311.1,311.1,309.3,309.4,263.36243
2017-11-13 23:45:00,309.4,312.2,309.07,310.82,67.61809
2017-11-14 00:00:00,310.94,312.45,309.53,311.3,283.68118
2017-11-14 00:15:00,311.02,311.04,309.59,309.81,238.40122
2017-11-14 00:30:00,310.71,310.73,309.52,309.54,51.59342
2017-11-14 00:45:00,309.53,309.53,308.17,308.19,118.5807
2017-11-14 01:00:00,308.37,309.57,308.18,309.57,81.7891
2017-11-14 01:15:00,309.47,310.49,308.66,310.37,98.20937
2017-11-14 01:30:00,310.33,310.33,308.23,309.3,87.66224
2017-11-14 01:45:00,309.31,310.46,308.73,309.28,264.4208
2017-11-14 02:00:00,309.26,309.89,308.1,308.49,119.63134
2017-11-14 02:15:00,308.13,308.49,305.0,308.39,136.39235
2017-11-14 02:30:00,308.39,310.98,308.39,310.12,144.4275
2017-11-14 02:45:00,310.1,310.11,308.1,310.09,54.67428
2017-11-14 03:00:00,310.11,312.83,309.06,312.82,303.42811
2017-11-14 03:15:00,312.84,313.0,311.06,311.06,35.10858
2017-11-14 03:30:00,311.06,313.0,310.94,312.1,78.84197
2017-11-14 03:45:00,312.32,313.37,310.12,310.12,74.25048
2017-11-14 04:00:00,311.89,311.89,310.12,310.35,74.24759
2017-11-14 04:15:00,311.79,311.79,307.62,307.93,45.83147
2017-11-14 04:30:00,308.26,311.82,308.26,310.0,74.49024
2017-11-14 04:45:00,308.99,310.66,307.94,308.29,44.12173
2017-11-14 05:00:00,308.33,312.07,308.33,311.3,109.26913
2017-11-14 05:15:00,309.89,311.66,308.56,309.95,29.589
2017-11-14 05:30:00,309.95,312.0,309.95,310.19,85.75773
2017-11-14 05:45:00,310.97,311.02,310.1,310.99,75.17694
2017-11-14 06:00:00,311.0,312.27,310.19,311.5,142.04062
2017-11-14 06:15:00,311.49,313.48,311.13,312.97,101.62729
2017-11-14 06:30:00,312.91,313.33,312.16,313.0,65.68071
2017-11-14 06:45:00,312.58,313.32,311.01,311.02,21.68691
2017-11-14 07:00:00,311.21,312.5,311.05,311.26,65.06656
2017-11-14 07:15:00,311.29,313.36,311.08,313.36,39.8131
2017-11-14 07:30:00,313.36,313.36,312.01,313.01,54.7138
2017-11-14 07:45:00,313.01,313.31,312.0,312.99,50.15156
2017-11-14 08:00:00,313.0,314.0,312.94,314.0,75.8057
2017-11-14 08:15:00,314.01,315.5,314.0,314.92,164.28904
2017-11-14 08:30:00,315.02,316.7,313.2,316.02,182.36671
2017-11-14 08:45:00,316.76,316.79,313.17,316.35,128.98119
2017-11-14 09:00:00,313.61,316.33,312.99,314.0,132.28663
2017-11-14 09:15:00,314.01,315.88,314.01,315.0,159.53221
2017-11-14 09:30:00,315.06,315.96,314.16,314.16,156.20696
2017-11-14 09:45:00,313.14,314.14,313.12,314.1,177.66412
2017-11-14 10:00:00,314.1,316.35,313.95,313.98,166.72345
2017-11-14 10:15:00,314.03,316.35,314.02,315.57,88.72737
2017-11-14 10:30:00,315.71,316.79,314.67,316.47,97.53142
2017-11-14 10:45:00,316.0,318.08,316.0,317.37,432.64017
2017-11-14 11:00:00,317.43,321.9,315.5,318.47,487.23602
2017-11-14 11:15:00,318.47,319.88,317.0,319.31,149.76734
2017-11-14 11:30:00,319.33,319.8,315.5,317.65,123.24179
2017-11-14 11:45:00,318.87,318.88,315.88,315.98,106.44433
2017-11-14 12:00:00,316.02,317.39,314.32,316.97,204.49787
2017-11-14 12:15:00,316.86,317.21,315.28,317.21,89.43955
2017-11-14 12:30:00,317.21,317.39,315.11,315.11,327.03726
2017-11-14 12:45:00,316.03,317.37,314.35,317.28,97.49336
2017-11-14 13:00:00,316.14,316.14,314.33,315.88,65.91546
2017-11-14 13:15:00,315.69,317.39,315.0,317.27,131.96153
2017-11-14 13:30:00,315.82,317.19,315.82,316.23,75.80483
2017-11-14 13:45:00,316.23,317.19,316.04,317.19,214.87316
2017-11-14 14:00:00,317.24,317.4,316.15,316.67,90.40708
2017-11-14 14:15:00,316.65,319.15,316.15,317.52,85.29524
2017-11-14 14:30:00,317.94,319.45,317.84,319.12,129.33226
2017-11-14 14:45:00,319.12,321.0,318.26,320.99,306.19389
2017-11-14 15:00:00,320.11,325.0,320.09,323.0,264.58848
2017-11-14 15:15:00,323.0,324.64,320.94,324.61,243.48339
2017-11-14 15:30:00,324.61,328.0,322.98,327.99,223.76445
2017-11-14 15:45:00,328.0,328.01,323.84,326.24,284.17024
2017-11-14 16:00:00,326.51,329.8,324.99,326.71,456.85333
2017-11-14 16:15:00,326.8,336.99,326.03,332.28,696.54739
2017-11-14 16:30:00,333.57,335.5,326.36,330.2,636.97154
2017-11-14 16:45:00,331.0,331.01,325.1,325.98,376.57661
2017-11-14 17:00:00,325.94,329.96,325.91,327.7,300.59835
2017-11-14 17:15:00,327.78,328.66,325.02,326.49,241.19603
2017-11-14 17:30:00,326.7,328.0,325.5,327.81,244.84151
2017-11-14 17:45:00,327.65,335.0,327.26,330.29,408.52632
2017-11-14 18:00:00,332.96,332.97,328.0,328.0,257.31526
2017-11-14 18:15:00,328.95,328.95,326.08,326.53,428.6017
2017-11-14 18:30:00,326.53,328.97,323.03,326.01,246.00742
2017-11-14 18:45:00,326.01,329.97,326.0,327.31,108.82893
2017-11-14 19:00:00,329.59,329.84,327.0,327.04,137.17099
2017-11-14 19:15:00,327.12,327.88,320.0,321.78,337.58689
2017-11-14 19:30:00,322.01,323.92,321.66,323.12,156.96167
2017-11-14 19:45:00,323.92,324.81,321.0,321.0,305.37561
2017-11-14 20:00:00,320.99,323.0,317.4,318.1,469.0821
2017-11-14 20:15:00,318.13,321.87,318.0,320.31,160.58385
2017-11-14 20:30:00,320.32,324.81,319.03,322.3,136.3807
2017-11-14 20:45:00,324.8,326.0,321.5,325.0,170.63773
2017-11-14 21:00:00,325.0,325.0,323.12,324.33,185.22585
2017-11-14 21:15:00,323.22,325.93,323.12,324.0,166.73744
2017-11-14 21:30:00,323.25,325.7,323.12,323.4,44.95176
2017-11-14 21:45:00,323.98,325.57,323.98,324.95,136.73889
2017-11-14 22:00:00,324.94,326.0,324.11,325.68,107.92078
2017-11-14 22:15:00,325.69,327.5,325.6,325.6,199.88442
2017-11-14 22:30:00,325.61,328.98,324.07,326.0,181.56507
2017-11-14 22:45:00,325.99,328.61,325.07,327.71,215.63198
2017-11-14 23:00:00,327.71,329.98,327.71,328.45,122.95628
2017-11-14 23:15:00,328.47,329.18,328.01,328.51,248.56765
2017-11-14 23:30:00,328.21,328.88,326.0,326.17,224.41571
2017-11-14 23:45:00,326.19,327.44,324.01,327.16,152.79506
2017-11-15 00:00:00,326.97,327.22,324.64,326.52,66.37714
2017-11-15 00:15:00,326.7,328.0,325.78,327.24,69.57466
2017-11-15 00:30:00,327.24,329.39,327.23,327.32,104.70106
2017-11-15 00:45:00,327.71,329.61,327.35,327.79,84.42917
2017-11-15 01:00:00,327.36,328.94,327.23,327.9,111.17691
2017-11-15 01:15:00,327.74,329.0,327.24,328.01,50.11791
2017-11-15 01:30:00,328.45,328.99,327.24,327.27,74.42978
2017-11-15 01:45:00,328.65,328.81,327.23,327.23,73.51187
2017-11-15 02:00:00,327.97,327.97,324.74,327.22,20.5738
2017-11-15 02:15:00,327.23,327.88,325.39,325.89,97.61918
2017-11-15 02:30:00,325.41,327.21,324.5,326.49,33.27472
2017-11-15 02:45:00,325.91,329.53,325.22,326.58,147.15325
2017-11-15 03:00:00,326.49,328.98,325.03,328.93,21.95253
2017-11-15 03:15:00,328.91,328.92,325.0,327.8,82.04459
2017-11-15 03:30:00,327.48,327.6,325.06,327.58,71.98797
2017-11-15 03:45:00,327.58,327.85,327.43,327.83,87.9072
2017-11-15 04:00:00,327.84,330.0,327.68,330.0,138.6554
2017-11-15 04:15:00,330.0,330.27,327.52,329.43,44.11833
2017-11-15 04:30:00,329.47,329.78,327.7,327.73,54.18317
2017-11-15 04:45:00,327.73,330.0,327.72,328.74,116.55511
2017-11-15 05:00:00,328.82,331.7,328.81,330.32,104.90244
2017-11-15 05:15:00,330.38,332.0,329.58,331.68,51.78072
2017-11-15 05:30:00,331.01,331.62,330.38,330.67,106.77429
2017-11-15 05:45:00,330.68,333.0,330.68,333.0,118.38389
2017-11-15 06:00:00,333.0,334.55,333.0,334.55,138.54068
2017-11-15 06:15:00,333.54,336.0,333.54,334.64,193.58694
2017-11-15 06:30:00,335.25,336.0,331.63,333.52,387.31064
2017-11-15 06:45:00,333.53,335.07,331.53,333.0,274.98298
2017-11-15 07:00:00,333.5,336.96,331.7,334.72,382.22076
2017-11-15 07:15:00,332.37,334.72,332.37,334.38,64.79335
2017-11-15 07:30:00,333.01,336.82,332.31,335.45,289.34984
2017-11-15 07:45:00,335.45,337.54,335.4,335.61,118.5151
2017-11-15 08:00:00,335.6,337.16,334.51,336.94,330.34079
2017-11-15 08:15:00,336.1,336.1,333.47,334.35,95.38481
2017-11-15 08:30:00,334.98,335.5,334.2,334.22,422.13361
2017-11-15 08:45:00,334.46,334.47,333.07,333.22,116.03944
2017-11-15 09:00:00,333.08,334.39,333.08,334.0,81.83339
2017-11-15 09:15:00,334.0,334.94,332.14,332.14,193.79816
2017-11-15 09:30:00,333.9,333.9,332.05,332.05,234.33585
2017-11-15 09:45:00,332.05,333.86,329.04,329.07,268.71954
2017-11-15 10:00:00,329.74,330.81,329.33,330.5,124.94125
2017-11-15 10:15:00,330.51,332.03,329.44,331.5,261.47309
2017-11-15 10:30:00,331.7,334.52,330.09,331.51,108.94677
2017-11-15 10:45:00,331.51,334.99,331.41,332.01,119.0412
2017-11-15 11:00:00,331.85,334.6,330.03,332.0,86.70204
2017-11-15 11:15:00,330.78,332.82,330.69,330.69,54.20569
2017-11-15 11:30:00,330.3,332.86,330.29,330.96,55.29855
2017-11-15 11:45:00,330.96,333.42,330.32,332.39,137.02109
2017-11-15 12:00:00,332.42,333.77,331.41,332.1,130.00559
2017-11-15 12:15:00,332.1,332.38,331.68,332.34,111.47689
2017-11-15 12:30:00,332.36,334.0,330.99,334.0,127.18125
2017-11-15 12:45:00,333.08,335.0,333.07,333.98,138.97931
2017-11-15 13:00:00,334.03,335.98,333.17,335.18,88.94285
2017-11-15 13:15:00,334.96,336.98,334.96,336.5,205.17824
2017-11-15 13:30:00,336.52,339.0,336.5,337.02,246.1315
2017-11-15 13:45:00,336.54,338.5,333.92,337.06,171.98707
2017-11-15 14:00:00,337.06,338.41,333.9,335.42,159.3787
2017-11-15 14:15:00,335.4,337.8,333.9,336.02,257.43857
2017-11-15 14:30:00,336.03,337.8,336.03,337.0,279.66718
2017-11-15 14:45:00,337.0,337.55,336.0,336.38,182.09785
2017-11-15 15:00:00,336.38,336.73,335.42,335.9,173.30641
2017-11-15 15:15:00,335.91,336.46,335.41,335.75,202.13233
2017-11-15 15:30:00,335.66,336.18,334.5,335.0,141.80925
2017-11-15 15:45:00,335.0,336.23,334.7,335.2,32.82312
2017-11-15 16:00:00,335.25,335.91,334.73,334.9,121.12567
2017-11-15 16:15:00,334.99,335.95,334.73,334.73,128.7849
2017-11-15 16:30:00,334.76,335.49,334.0,334.82,282.73216
2017-11-15 16:45:00,334.8,335.0,334.31,334.97,114.07126
2017-11-15 17:00:00,334.97,335.0,333.95,333.99,195.4698
2017-11-15 17:15:00,334.0,335.98,334.0,334.97,138.23213
2017-11-15 17:30:00,334.96,335.66,333.95,334.2,180.63543
2017-11-15 17:45:00,334.2,335.23,332.6,333.86,204.38282
2017-11-15 18:00:00,333.9,334.28,332.51,333.64,217.67049
2017-11-15 18:15:00,333.66,334.51,333.01,333.98,211.85819
2017-11-15 18:30:00,333.89,335.98,333.87,335.13,133.61187
2017-11-15 18:45:00,335.83,335.91,333.91,334.85,126.71311
2017-11-15 19:00:00,334.23,335.95,334.22,335.42,159.97823
2017-11-15 19:15:00,335.41,335.99,334.56,334.73,136.17536
2017-11-15 19:30:00,334.75,335.92,334.19,334.26,257.73218
2017-11-15 19:45:00,334.24,334.84,333.24,334.15,203.88104
2017-11-15 20:00:00,333.26,333.52,332.01,332.01,246.91132
2017-11-15 20:15:00,332.46,332.6,330.81,330.82,307.23538
2017-11-15 20:30:00,330.83,332.27,330.82,331.32,136.91734
2017-11-15 20:45:00,331.3,333.1,330.2,330.2,187.24637
2017-11-15 21:00:00,330.21,331.0,327.99,328.87,192.08353
2017-11-15 21:15:00,328.86,331.49,328.58,331.49,165.49136
2017-11-15 21:30:00,329.37,331.96,329.37,329.99,242.40124
2017-11-15 21:45:00,329.98,334.51,329.95,331.81,279.31456
2017-11-15 22:00:00,331.81,334.45,331.73,331.76,421.43136
2017-11-15 22:15:00,331.92,331.94,329.57,330.98,94.16555
2017-11-15 22:30:00,330.98,331.19,329.01,329.01,224.31479
2017-11-15 22:45:00,329.01,329.82,328.74,329.0,215.96787
2017-11-15 23:00:00,328.58,330.06,328.58,329.1,135.14308
2017-11-15 23:15:00,329.1,329.84,328.64,329.0,158.58706
2017-11-15 23:30:00,328.98,331.04,328.0,328.0,203.43302
2017-11-15 23:45:00,328.0,329.87,324.0,326.87,328.64053
2017-11-16 00:00:00,327.08,327.11,325.01,327.0,218.87781
2017-11-16 00:15:00,327.09,329.73,327.0,327.7,170.05068
2017-11-16 00:30:00,328.02,328.61,327.11,327.64,285.4536
2017-11-16 00:45:00,328.5,331.99,328.11,329.9,240.49409
2017-11-16 01:00:00,329.92,331.37,329.0,330.06,213.55551
2017-11-16 01:15:00,329.02,331.82,329.01,330.47,38.20368
2017-11-16 01:30:00,330.45,333.0,329.93,331.01,120.34159
2017-11-16 01:45:00,330.99,332.38,329.26,329.68,25.81297
2017-11-16 02:00:00,329.3,330.99,329.29,330.97,124.4226
2017-11-16 02:15:00,330.98,332.9,330.02,332.89,107.41888
2017-11-16 02:30:00,330.79,333.89,330.47,331.6,38.68407
2017-11-16 02:45:00,331.6,332.37,330.18,330.6,18.02514
2017-11-16 03:00:00,330.61,331.58,328.16,331.53,68.50638
2017-11-16 03:15:00,331.46,331.46,327.9,329.89,39.01792
2017-11-16 03:30:00,329.89,330.93,327.9,330.88,20.27089
2017-11-16 03:45:00,330.83,330.93,328.09,328.2,71.5384
2017-11-16 04:00:00,328.2,330.15,328.1,330.02,20.23618
2017-11-16 04:15:00,329.95,330.13,328.21,328.27,113.9015
2017-11-16 04:30:00,328.27,329.34,327.0,328.3,157.91758
2017-11-16 04:45:00,328.8,328.96,327.56,328.65,21.97542
2017-11-16 05:00:00,328.61,329.01,328.48,328.86,139.65629
2017-11-16 05:15:00,328.83,329.83,328.01,329.0,202.24895
2017-11-16 05:30:00,328.03,329.7,328.01,328.51,204.65472
2017-11-16 05:45:00,329.5,329.5,328.51,328.51,124.823
2017-11-16 06:00:00,328.51,329.83,327.0,327.16,51.67072
2017-11-16 06:15:00,328.01,328.1,327.06,327.43,40.86795
2017-11-16 06:30:00,327.47,328.89,327.25,328.89,55.21809
2017-11-16 06:45:00,328.78,328.78,326.94,327.18,605.13423
2017-11-16 07:00:00,327.38,328.57,327.12,327.31,104.98862
2017-11-16 07:15:00,327.12,328.67,327.1,327.78,58.45006
2017-11-16 07:30:00,327.8,331.6,327.77,330.12,133.00465
2017-11-16 07:45:00,330.8,331.41,327.71,331.33,70.64876
2017-11-16 08:00:00,330.98,331.22,328.99,330.33,134.87818
2017-11-16 08:15:00,330.32,330.33,329.51,330.3,123.53771
2017-11-16 08:30:00,330.28,331.7,329.51,329.84,139.59777
2017-11-16 08:45:00,329.9,331.06,329.56,330.68,164.9442
2017-11-16 09:00:00,330.61,330.72,329.55,329.59,74.93743
2017-11-16 09:15:00,329.59,329.73,329.13,329.23,87.45295
2017-11-16 09:30:00,329.51,329.99,328.2,328.53,56.33792
2017-11-16 09:45:00,329.0,330.16,328.47,328.47,214.60812
2017-11-16 10:00:00,329.06,330.05,328.6,328.88,151.00701
2017-11-16 10:15:00,329.88,329.99,328.68,328.69,256.10748
2017-11-16 10:30:00,328.7,330.05,328.69,329.89,89.35904
2017-11-16 10:45:00,329.91,330.07,328.21,328.74,197.73479
2017-11-16 11:00:00,328.74,329.08,327.9,328.29,66.37843
2017-11-16 11:15:00,328.03,328.03,326.01,326.98,72.32766
2017-11-16 11:30:00,326.98,328.82,326.51,327.37,63.41269
2017-11-16 11:45:00,328.62,328.98,327.02,327.79,117.5882
2017-11-16 12:00:00,328.87,329.0,327.82,328.96,269.01141
2017-11-16 12:15:00,328.95,328.99,327.03,327.18,60.31491
2017-11-16 12:30:00,327.06,328.84,327.05,327.89,82.04577
2017-11-16 12:45:00,328.43,328.77,327.9,328.02,107.07822
2017-11-16 13:00:00,328.02,329.0,327.72,327.86,194.88539
2017-11-16 13:15:00,327.87,328.95,327.73,327.83,115.15407
2017-11-16 13:30:00,328.59,328.79,327.85,327.99,95.54348
2017-11-16 13:45:00,327.99,329.88,327.85,328.87,155.35007
2017-11-16 14:00:00,329.66,330.0,328.04,328.71,241.59765
2017-11-16 14:15:00,328.07,328.74,328.06,328.07,96.03242
2017-11-16 14:30:00,328.48,328.5,327.99,328.31,229.6673
2017-11-16 14:45:00,328.31,329.99,328.0,328.13,181.13909
2017-11-16 15:00:00,328.48,328.67,327.28,327.51,227.27009
2017-11-16 15:15:00,327.28,327.71,327.28,327.71,76.37817
2017-11-16 15:30:00,327.7,329.51,327.0,327.23,316.71635
2017-11-16 15:45:00,327.23,327.99,325.2,327.65,500.15993
2017-11-16 16:00:00,327.62,327.62,322.23,323.03,307.3721
2017-11-16 16:15:00,322.36,325.88,322.36,323.1,84.6969
2017-11-16 16:30:00,323.2,325.49,323.18,325.39,151.26962
2017-11-16 16:45:00,324.95,325.0,323.27,324.61,240.12738
2017-11-16 17:00:00,324.61,325.49,323.24,323.54,155.78043
2017-11-16 17:15:00,323.52,324.48,323.18,323.21,131.03624
2017-11-16 17:30:00,323.68,326.6,323.23,325.43,123.25224
2017-11-16 17:45:00,324.98,326.95,324.52,326.79,187.63348
2017-11-16 18:00:00,326.82,326.82,324.75,324.75,346.59126
2017-11-16 18:15:00,325.0,325.03,321.41,321.52,269.62964
2017-11-16 18:30:00,321.52,322.76,321.52,322.7,69.24675
2017-11-16 18:45:00,321.82,324.33,321.82,324.01,106.1128
2017-11-16 19:00:00,324.02,324.02,321.89,321.89,107.30074
2017-11-16 19:15:00,321.92,324.2,321.92,323.34,115.07494
2017-11-16 19:30:00,323.35,324.71,323.26,324.27,90.20315
2017-11-16 19:45:00,324.27,324.71,323.27,324.01,233.66794
2017-11-16 20:00:00,324.01,330.0,324.01,329.72,425.79026
2017-11-16 20:15:00,329.29,329.63,327.61,328.08,118.82031
2017-11-16 20:30:00,328.11,329.7,327.35,328.15,87.16917
2017-11-16 20:45:00,328.09,328.19,327.18,327.77,52.23802
2017-11-16 21:00:00,328.15,329.95,327.78,328.79,109.28445
2017-11-16 21:15:00,329.72,329.9,328.0,328.02,163.78266
2017-11-16 21:30:00,328.02,328.64,326.14,326.81,104.17615
2017-11-16 21:45:00,327.0,328.83,325.01,325.21,156.75577
2017-11-16 22:00:00,325.19,327.95,325.01,325.25,159.0948
2017-11-16 22:15:00,325.53,327.84,325.23,327.78,112.94477
2017-11-16 22:30:00,326.21,327.48,326.03,326.97,89.04351
2017-11-16 22:45:00,326.93,328.56,325.21,327.99,264.61095
2017-11-16 23:00:00,327.18,328.27,326.13,326.13,92.28795
2017-11-16 23:15:00,327.8,327.9,326.6,326.84,75.52815
2017-11-16 23:30:00,327.69,329.29,327.25,329.01,290.63278
2017-11-16 23:45:00,329.0,330.0,328.13,329.2,205.25065
2017-11-17 00:00:00,329.8,330.99,329.78,330.87,264.17735
2017-11-17 00:15:00,330.87,332.52,330.19,332.07,341.50176
2017-11-17 00:30:00,332.09,333.98,332.08,333.08,149.29415
2017-11-17 00:45:00,333.85,334.75,332.55,334.35,143.46407
2017-11-17 01:00:00,334.33,334.33,332.9,333.5,99.07299
2017-11-17 01:15:00,333.02,333.5,332.0,333.4,190.61265
2017-11-17 01:30:00,332.0,333.37,332.0,332.45,134.01402
2017-11-17 01:45:00,332.45,333.39,329.9,329.91,157.20155
2017-11-17 02:00:00,329.92,329.94,329.12,329.13,24.60882
2017-11-17 02:15:00,329.14,329.89,326.03,326.03,116.07863
2017-11-17 02:30:00,326.03,328.83,325.6,327.21,103.21619
2017-11-17 02:45:00,327.22,329.89,326.5,326.97,158.22657
2017-11-17 03:00:00,329.24,329.38,326.44,328.01,45.35961
2017-11-17 03:15:00,327.98,330.18,327.93,330.0,57.61943
2017-11-17 03:30:00,329.79,331.6,327.94,331.6,94.81875
2017-11-17 03:45:00,330.01,330.62,328.42,330.05,29.77324
2017-11-17 04:00:00,330.05,330.12,328.46,328.61,45.70382
2017-11-17 04:15:00,328.58,329.54,327.92,328.02,65.99802
2017-11-17 04:30:00,329.03,329.27,328.01,328.46,89.34133
2017-11-17 04:45:00,328.47,329.42,328.0,328.01,76.25179
2017-11-17 05:00:00,328.02,328.7,326.23,326.45,77.32033
2017-11-17 05:15:00,326.45,329.21,326.25,326.77,99.49662
2017-11-17 05:30:00,326.77,328.99,326.5,327.98,197.39949
2017-11-17 05:45:00,327.99,329.0,326.6,327.93,85.08955
2017-11-17 06:00:00,327.0,327.99,325.5,326.0,92.31161
2017-11-17 06:15:00,326.0,328.9,325.5,327.08,98.16769
2017-11-17 06:30:00,325.94,329.0,325.62,328.98,117.65409
2017-11-17 06:45:00,328.98,329.88,327.67,329.81,35.47477
2017-11-17 07:00:00,328.77,332.0,327.9,328.41,289.82068
2017-11-17 07:15:00,328.41,331.26,325.94,327.52,85.6416
2017-11-17 07:30:00,328.28,329.9,328.23,329.0,276.73204
2017-11-17 07:45:00,329.0,331.5,328.99,331.49,119.31389
2017-11-17 08:00:00,331.49,332.0,330.3,330.3,136.89661
2017-11-17 08:15:00,330.38,331.69,328.03,329.4,159.76154
2017-11-17 08:30:00,329.86,329.86,327.1,327.95,215.30364
2017-11-17 08:45:00,327.95,328.97,327.1,328.02,224.36899
2017-11-17 09:00:00,328.67,331.98,327.89,329.31,189.97815
2017-11-17 09:15:00,329.25,329.25,328.0,329.04,190.29319
2017-11-17 09:30:00,329.04,329.27,328.23,328.9,150.40781
2017-11-17 09:45:00,328.9,330.0,328.19,329.97,373.91352
2017-11-17 10:00:00,329.97,330.15,328.99,328.99,358.89841
2017-11-17 10:15:00,328.99,329.99,328.2,329.79,108.63802
2017-11-17 10:30:00,329.51,330.8,329.22,330.8,218.74664
2017-11-17 10:45:00,330.8,333.0,330.06,332.16,296.06873
2017-11-17 11:00:00,332.16,332.9,331.18,332.87,186.74421
2017-11-17 11:15:00,332.87,333.0,331.46,331.97,191.62343
2017-11-17 11:30:00,332.0,332.85,331.75,332.7,179.5866
2017-11-17 11:45:00,332.7,333.19,331.65,331.87,212.47086
2017-11-17 12:00:00,331.87,331.87,330.06,330.93,232.85988
2017-11-17 12:15:00,330.02,330.92,328.31,329.15,282.52582
2017-11-17 12:30:00,329.19,330.73,329.0,329.01,201.82457
2017-11-17 12:45:00,329.01,330.9,329.01,330.17,275.80813
2017-11-17 13:00:00,330.08,330.14,328.72,330.0,111.84438
2017-11-17 13:15:00,329.96,330.28,329.87,330.26,316.01353
2017-11-17 13:30:00,330.26,330.61,328.83,330.6,191.43673
2017-11-17 13:45:00,330.85,331.36,330.6,330.99,121.69699
2017-11-17 14:00:00,330.99,331.04,330.61,331.02,346.75108
2017-11-17 14:15:00,330.82,331.31,330.31,330.51,157.41549
2017-11-17 14:30:00,330.52,331.35,329.99,329.99,241.81435
2017-11-17 14:45:00,331.3,331.34,329.23,331.11,77.70861
2017-11-17 15:00:00,331.2,331.28,327.0,328.55,242.108
2017-11-17 15:15:00,328.4,328.4,326.05,327.75,128.85842
2017-11-17 15:30:00,327.75,327.99,323.84,325.68,425.12537
2017-11-17 15:45:00,325.65,326.0,323.84,325.4,204.22559
2017-11-17 16:00:00,325.35,326.34,324.12,325.03,247.06283
2017-11-17 16:15:00,325.04,328.0,325.02,325.89,199.47946
2017-11-17 16:30:00,325.95,327.0,325.15,326.34,162.09398
2017-11-17 16:45:00,326.34,326.55,325.49,326.03,160.48225
2017-11-17 17:00:00,326.02,329.18,326.02,327.51,187.13264
2017-11-17 17:15:00,327.51,327.87,326.01,326.04,220.85117
2017-11-17 17:30:00,326.08,326.97,326.01,326.64,251.44552
2017-11-17 17:45:00,326.63,328.0,326.63,327.99,116.14789
2017-11-17 18:00:00,327.99,329.0,327.59,328.64,187.91519
2017-11-17 18:15:00,329.0,329.6,328.67,329.6,179.97716
2017-11-17 18:30:00,329.6,329.6,329.14,329.56,424.12368
2017-11-17 18:45:00,329.13,329.57,329.12,329.54,181.79535
2017-11-17 19:00:00,329.22,329.9,328.6,328.95,248.6301
2017-11-17 19:15:00,328.95,329.84,326.64,328.6,216.73964
2017-11-17 19:30:00,329.4,329.6,327.67,328.09,175.14509
2017-11-17 19:45:00,329.47,329.99,329.01,329.82,103.67813
2017-11-17 20:00:00,329.82,330.28,328.96,330.28,300.89598
2017-11-17 20:15:00,330.27,330.5,329.22,329.98,170.45057
2017-11-17 20:30:00,329.05,330.5,329.05,330.48,178.83679
2017-11-17 20:45:00,330.48,331.22,326.0,328.6,319.87147
2017-11-17 21:00:00,328.24,331.01,326.27,328.68,164.34417
2017-11-17 21:15:00,328.97,329.6,328.67,329.18,149.04416
2017-11-17 21:30:00,329.6,330.3,329.3,329.61,148.42612
2017-11-17 21:45:00,329.91,330.49,328.8,330.29,273.86766
2017-11-17 22:00:00,330.28,330.3,329.2,330.28,102.30561
2017-11-17 22:15:00,330.29,331.88,330.14,330.87,178.50286
2017-11-17 22:30:00,330.09,331.88,330.0,331.88,214.8165
2017-11-17 22:45:00,331.88,332.97,331.02,332.49,346.94382
2017-11-17 23:00:00,331.59,333.58,331.59,333.0,277.11108
2017-11-17 23:15:00,333.0,333.54,331.97,333.17,119.09872
2017-11-17 23:30:00,333.16,333.87,332.17,333.78,120.1998
2017-11-17 23:45:00,333.79,333.88,332.56,332.73,102.58479
2017-11-18 00:00:00,332.57,333.69,331.96,333.2,119.80922
2017-11-18 00:15:00,333.2,333.55,331.58,331.74,122.29512
2017-11-18 00:30:00,331.6,333.55,331.0,331.94,134.46614
2017-11-18 00:45:00,331.94,333.0,331.0,332.21,160.79064
2017-11-18 01:00:00,332.2,333.12,331.12,331.17,82.18903
2017-11-18 01:15:00,331.18,332.02,329.0,329.52,212.72468
2017-11-18 01:30:00,329.98,331.02,329.02,331.02,212.18548
2017-11-18 01:45:00,331.0,331.18,330.37,330.37,142.29328
2017-11-18 02:00:00,331.14,331.14,330.36,331.1,274.28732
2017-11-18 02:15:00,331.08,331.11,328.82,331.0,280.1942
2017-11-18 02:30:00,331.07,332.69,330.9,331.34,128.79145
2017-11-18 02:45:00,332.2,332.23,330.83,331.01,158.40622
2017-11-18 03:00:00,331.02,332.22,331.01,332.22,23.45705
2017-11-18 03:15:00,332.18,332.23,330.43,331.7,135.58392
2017-11-18 03:30:00,331.67,331.9,330.47,331.89,82.44723
2017-11-18 03:45:00,331.89,332.23,330.31,331.53,89.19163
2017-11-18 04:00:00,330.62,331.46,330.61,331.07,118.76781
2017-11-18 04:15:00,331.07,331.9,330.49,331.29,83.45756
2017-11-18 04:30:00,330.51,331.8,330.01,330.3,126.82919
2017-11-18 04:45:00,330.3,332.23,330.3,331.33,216.96053
2017-11-18 05:00:00,331.27,332.0,330.64,331.96,159.0247
2017-11-18 05:15:00,331.97,332.5,330.59,332.08,125.51318
2017-11-18 05:30:00,332.5,332.69,330.91,332.58,60.47742
2017-11-18 05:45:00,333.17,333.87,330.9,331.32,101.57959
2017-11-18 06:00:00,331.36,332.59,330.9,332.59,205.50177
2017-11-18 06:15:00,332.57,333.02,331.01,332.64,138.04262
2017-11-18 06:30:00,332.64,333.2,330.9,331.97,217.36057
2017-11-18 06:45:00,331.99,332.62,331.03,332.6,90.72331
2017-11-18 07:00:00,331.64,334.6,331.52,332.12,237.54397
2017-11-18 07:15:00,332.24,333.2,331.52,331.59,128.82006
2017-11-18 07:30:00,331.59,333.19,330.0,331.56,216.63389
2017-11-18 07:45:00,331.61,332.02,330.31,331.23,73.95919
2017-11-18 08:00:00,331.2,331.2,328.8,328.94,87.56767
2017-11-18 08:15:00,328.94,333.4,328.82,333.4,142.86626
2017-11-18 08:30:00,329.46,332.96,328.0,328.01,132.03377
2017-11-18 08:45:00,328.1,330.29,328.1,329.0,132.56521
2017-11-18 09:00:00,329.0,329.6,328.6,328.97,131.37594
2017-11-18 09:15:00,328.97,329.59,328.03,329.03,254.94183
2017-11-18 09:30:00,329.5,329.55,328.11,328.32,128.91153
2017-11-18 09:45:00,328.31,329.53,327.33,328.58,294.86021
2017-11-18 10:00:00,328.58,329.0,326.51,326.75,114.83593
2017-11-18 10:15:00,327.85,328.1,326.82,327.88,176.87208
2017-11-18 10:30:00,327.88,327.88,326.7,326.81,215.95242
2017-11-18 10:45:00,326.96,327.17,326.02,326.3,241.81881
2017-11-18 11:00:00,326.31,327.56,326.01,326.11,252.2762
2017-11-18 11:15:00,326.11,327.58,326.1,327.58,140.59887
2017-11-18 11:30:00,327.6,329.28,327.25,328.71,135.27921
2017-11-18 11:45:00,329.17,329.31,327.22,328.06,40.51782
2017-11-18 12:00:00,328.08,329.49,328.0,329.46,108.51026
2017-11-18 12:15:00,329.43,329.58,328.25,329.56,124.05425
2017-11-18 12:30:00,329.56,329.56,328.61,329.37,41.6146
2017-11-18 12:45:00,329.36,329.37,328.62,329.06,141.61382
2017-11-18 13:00:00,329.05,329.05,327.24,327.24,222.38017
2017-11-18 13:15:00,327.28,327.82,326.23,327.21,106.01115
2017-11-18 13:30:00,327.21,328.37,326.95,327.85,17.87469
2017-11-18 13:45:00,327.93,329.54,327.93,329.53,129.83979
2017-11-18 14:00:00,329.52,329.6,328.91,329.09,139.46338
2017-11-18 14:15:00,329.08,330.6,328.96,329.55,102.12652
2017-11-18 14:30:00,329.01,329.62,328.97,329.03,155.28279
2017-11-18 14:45:00,329.03,329.58,329.0,329.08,171.10085
2017-11-18 15:00:00,329.01,329.58,328.96,329.55,177.19205
2017-11-18 15:15:00,329.54,330.58,329.01,329.9,92.52665
2017-11-18 15:30:00,329.92,330.5,329.01,330.22,208.90826
2017-11-18 15:45:00,330.23,330.65,329.77,330.4,181.29362
2017-11-18 16:00:00,330.6,330.65,329.89,330.01,130.36637
2017-11-18 16:15:00,330.01,330.64,330.0,330.62,370.73522
2017-11-18 16:30:00,330.61,331.16,330.0,330.18,195.7839
2017-11-18 16:45:00,330.22,330.98,329.02,329.7,339.0998
2017-11-18 17:00:00,329.97,330.94,329.02,329.53,439.26153
2017-11-18 17:15:00,329.54,331.69,329.29,331.66,254.00608
2017-11-18 17:30:00,331.66,331.7,330.66,331.03,151.57732
2017-11-18 17:45:00,331.03,331.44,330.0,331.17,145.12409
2017-11-18 18:00:00,331.17,331.44,330.33,330.52,205.48854
2017-11-18 18:15:00,331.27,331.3,329.24,330.68,211.55559
2017-11-18 18:30:00,330.1,331.19,329.32,330.71,94.7527
2017-11-18 18:45:00,330.73,331.55,330.5,331.35,103.26864
2017-11-18 19:00:00,330.61,331.53,330.02,331.41,132.70418
2017-11-18 19:15:00,331.41,332.0,330.14,331.96,218.09878
2017-11-18 19:30:00,331.97,331.99,330.55,331.01,70.75889
2017-11-18 19:45:00,331.0,332.41,330.55,331.53,127.70451
2017-11-18 20:00:00,332.1,332.2,331.03,331.8,73.9525
2017-11-18 20:15:00,332.0,332.55,331.72,331.82,52.30769
2017-11-18 20:30:00,331.83,333.0,331.73,332.91,255.71236
2017-11-18 20:45:00,332.98,334.48,331.79,334.47,240.3665
2017-11-18 21:00:00,334.47,334.98,333.83,334.47,148.71273
2017-11-18 21:15:00,334.69,334.98,333.19,334.7,157.89979
2017-11-18 21:30:00,334.66,334.8,333.33,333.33,86.96662
2017-11-18 21:45:00,333.33,334.01,332.18,332.81,137.40632
2017-11-18 22:00:00,332.3,333.02,331.9,333.02,243.58203
2017-11-18 22:15:00,333.32,333.57,332.34,333.56,93.95642
2017-11-18 22:30:00,333.02,333.55,332.34,332.5,142.9938
2017-11-18 22:45:00,332.36,334.33,332.05,332.52,148.49345
2017-11-18 23:00:00,332.52,334.48,332.51,333.77,73.98317
2017-11-18 23:15:00,333.78,334.45,332.91,332.94,139.87609
2017-11-18 23:30:00,332.93,334.47,332.51,334.47,176.44355
2017-11-18 23:45:00,334.02,334.88,333.0,334.88,197.43623
2017-11-19 00:00:00,334.49,335.6,333.8,335.58,219.08493
2017-11-19 00:15:00,335.0,336.0,333.9,335.72,99.84281
2017-11-19 00:30:00,334.11,335.81,332.53,334.44,123.77763
2017-11-19 00:45:00,334.47,335.99,334.1,334.11,79.32454
2017-11-19 01:00:00,334.98,334.98,333.0,333.02,17.14412
2017-11-19 01:15:00,333.03,334.74,332.52,334.63,80.01732
2017-11-19 01:30:00,333.18,334.63,333.18,333.41,105.2045
2017-11-19 01:45:00,334.56,334.65,333.0,333.0,326.31103
2017-11-19 02:00:00,333.88,336.3,333.01,333.82,170.51559
2017-11-19 02:15:00,335.77,336.26,333.82,335.66,34.82178
2017-11-19 02:30:00,335.98,336.0,335.51,335.51,193.59878
2017-11-19 02:45:00,335.51,336.32,333.03,336.32,71.76547
2017-11-19 03:00:00,336.37,337.88,333.86,337.83,85.2035
2017-11-19 03:15:00,337.84,338.76,336.46,338.76,88.86667
2017-11-19 03:30:00,337.42,339.01,336.12,338.0,120.35152
2017-11-19 03:45:00,338.0,339.0,336.0,336.62,67.67703
2017-11-19 04:00:00,338.68,338.68,336.03,336.06,32.59149
2017-11-19 04:15:00,336.06,337.99,334.01,335.98,43.46778
2017-11-19 04:30:00,335.98,337.55,335.97,336.71,94.15385
2017-11-19 04:45:00,335.98,337.56,335.97,337.31,72.08033
2017-11-19 05:00:00,337.55,338.0,335.98,336.0,112.50218
2017-11-19 05:15:00,336.02,338.99,336.0,338.99,134.89351
2017-11-19 05:30:00,338.99,341.0,337.12,340.99,297.65924
2017-11-19 05:45:00,340.5,342.28,339.9,342.28,171.1964
2017-11-19 06:00:00,342.29,342.99,341.12,342.87,104.73581
2017-11-19 06:15:00,342.88,344.28,341.33,343.98,122.12619
2017-11-19 06:30:00,343.98,344.87,342.23,344.75,89.05978
2017-11-19 06:45:00,344.75,348.0,343.28,347.98,196.76307
2017-11-19 07:00:00,346.24,347.94,344.0,345.0,118.41266
2017-11-19 07:15:00,345.0,347.99,345.0,347.96,110.72091
2017-11-19 07:30:00,347.96,349.9,347.81,348.52,218.0706
2017-11-19 07:45:00,348.52,349.73,345.5,346.66,256.11428
2017-11-19 08:00:00,346.66,346.88,345.54,346.73,45.8147
2017-11-19 08:15:00,346.61,346.98,346.0,346.98,106.15735
2017-11-19 08:30:00,346.5,347.99,346.5,347.21,424.69144
2017-11-19 08:45:00,347.21,347.98,346.83,347.03,192.92674
2017-11-19 09:00:00,347.46,347.74,346.95,347.01,143.48382
2017-11-19 09:15:00,347.75,347.75,346.11,346.15,242.44584
2017-11-19 09:30:00,346.13,346.13,345.0,346.11,152.24055
2017-11-19 09:45:00,346.11,346.12,345.01,345.92,432.93199
2017-11-19 10:00:00,345.05,346.27,345.03,345.84,191.20719
2017-11-19 10:15:00,345.82,347.0,344.11,344.35,110.75982
2017-11-19 10:30:00,344.4,346.0,343.51,343.99,336.4625
2017-11-19 10:45:00,343.98,344.3,343.07,344.29,187.20072
2017-11-19 11:00:00,344.29,346.72,343.52,345.53,83.61059
2017-11-19 11:15:00,345.74,346.72,345.73,346.4,48.83268
2017-11-19 11:30:00,345.73,346.71,345.73,346.03,80.07253
2017-11-19 11:45:00,345.92,346.79,345.92,346.79,152.26131
2017-11-19 12:00:00,346.39,347.77,346.39,347.3,118.51693
2017-11-19 12:15:00,347.74,347.82,347.28,347.3,146.3025
2017-11-19 12:30:00,347.98,348.5,347.29,348.05,119.64861
2017-11-19 12:45:00,348.06,348.8,347.46,347.48,127.69139
2017-11-19 13:00:00,347.48,348.8,347.46,348.11,142.46257
2017-11-19 13:15:00,348.11,348.6,347.53,348.35,231.87976
2017-11-19 13:30:00,348.02,348.69,347.69,348.49,310.3793
2017-11-19 13:45:00,348.5,348.68,347.61,348.0,137.58923
2017-11-19 14:00:00,347.69,352.43,347.68,351.0,270.8389
2017-11-19 14:15:00,351.92,358.48,351.06,357.62,365.61169
2017-11-19 14:30:00,357.61,359.7,355.07,355.61,680.85145
2017-11-19 14:45:00,355.89,358.79,355.65,357.54,229.05335
2017-11-19 15:00:00,356.69,365.71,356.68,365.71,262.32835
2017-11-19 15:15:00,365.7,373.56,365.0,366.7,876.07212
2017-11-19 15:30:00,365.42,367.87,361.06,361.28,459.2738
2017-11-19 15:45:00,361.2,364.0,358.08,361.99,396.95927
2017-11-19 16:00:00,361.98,365.85,361.35,363.98,326.47537
2017-11-19 16:15:00,363.98,364.01,361.06,361.06,126.5878
2017-11-19 16:30:00,361.06,361.08,357.08,359.86,395.17601
2017-11-19 16:45:00,359.86,359.86,357.9,357.95,198.61988
2017-11-19 17:00:00,358.98,359.83,358.44,359.31,132.53959
2017-11-19 17:15:00,359.39,363.0,358.21,363.0,461.993
2017-11-19 17:30:00,363.1,364.95,362.36,364.86,381.00972
2017-11-19 17:45:00,363.32,363.78,362.86,363.0,179.92707
2017-11-19 18:00:00,362.78,363.16,360.31,361.76,199.45771
2017-11-19 18:15:00,362.07,362.6,360.06,361.13,88.68434
2017-11-19 18:30:00,361.0,362.18,359.0,361.2,227.16903
2017-11-19 18:45:00,359.06,361.2,359.06,360.89,206.55942
2017-11-19 19:00:00,360.86,360.93,359.0,359.28,149.30496
2017-11-19 19:15:00,359.28,359.99,358.07,358.81,218.15216
2017-11-19 19:30:00,358.77,360.49,358.15,360.32,262.85415
2017-11-19 19:45:00,359.53,360.22,359.02,359.14,112.87801
2017-11-19 20:00:00,359.15,360.02,358.11,358.84,87.77186
2017-11-19 20:15:00,358.84,358.86,355.3,357.38,333.95423
2017-11-19 20:30:00,355.3,357.0,354.04,354.04,216.45348
2017-11-19 20:45:00,354.05,356.64,351.87,353.91,236.94587
2017-11-19 21:00:00,352.5,353.91,351.53,351.76,118.77465
2017-11-19 21:15:00,352.06,358.04,352.02,357.49,172.58661
2017-11-19 21:30:00,357.47,360.39,355.96,360.39,132.65763
2017-11-19 21:45:00,360.39,362.24,358.02,358.08,141.02896
2017-11-19 22:00:00,358.25,359.89,358.01,359.89,151.53509
2017-11-19 22:15:00,358.98,360.94,358.9,360.93,71.61097
2017-11-19 22:30:00,360.93,362.0,360.11,361.96,292.76672
2017-11-19 22:45:00,361.95,361.95,358.99,359.0,126.79485
2017-11-19 23:00:00,359.0,359.72,357.48,357.49,130.04051
2017-11-19 23:15:00,357.48,359.68,356.26,357.96,97.53919
2017-11-19 23:30:00,357.94,357.96,354.99,356.64,404.48595
2017-11-19 23:45:00,356.57,357.48,355.75,356.72,227.18506
2017-11-20 00:00:00,356.81,358.42,356.8,358.42,121.65459
2017-11-20 00:15:00,358.53,361.9,358.01,361.0,124.92734
2017-11-20 00:30:00,360.04,362.99,358.7,359.15,191.86267
2017-11-20 00:45:00,363.0,364.49,359.06,360.1,290.10875
2017-11-20 01:00:00,361.0,361.52,359.72,359.72,229.36338
2017-11-20 01:15:00,359.64,361.18,359.3,359.31,83.28229
2017-11-20 01:30:00,359.31,361.26,356.0,356.02,239.20744
2017-11-20 01:45:00,356.03,358.09,353.8,354.88,158.71373
2017-11-20 02:00:00,354.02,354.89,347.54,350.83,509.38194
2017-11-20 02:15:00,350.68,350.83,347.56,350.81,479.07437
2017-11-20 02:30:00,350.81,351.12,348.21,351.12,123.61904
2017-11-20 02:45:00,351.34,356.0,350.02,353.0,226.56075
2017-11-20 03:00:00,353.0,355.57,347.6,352.62,128.09663
2017-11-20 03:15:00,351.6,353.45,351.0,352.98,69.79502
2017-11-20 03:30:00,352.97,353.4,349.34,350.01,111.03425
2017-11-20 03:45:00,350.0,351.99,349.12,349.12,107.05153
2017-11-20 04:00:00,349.16,350.42,347.57,350.35,271.25664
2017-11-20 04:15:00,350.34,350.34,347.74,348.98,117.2577
2017-11-20 04:30:00,348.97,351.43,347.65,348.0,122.8927
2017-11-20 04:45:00,350.98,351.26,348.39,350.67,101.49282
2017-11-20 05:00:00,350.8,353.7,349.24,353.68,88.73417
2017-11-20 05:15:00,353.69,353.7,351.37,351.75,81.00801
2017-11-20 05:30:00,353.52,353.68,351.53,351.9,13.22059
2017-11-20 05:45:00,352.97,353.21,349.97,353.04,115.58286
2017-11-20 06:00:00,352.99,353.9,350.2,352.46,71.33275
2017-11-20 06:15:00,351.82,356.01,351.82,356.01,91.85211
2017-11-20 06:30:00,357.49,358.96,356.07,358.29,152.13439
2017-11-20 06:45:00,358.3,358.98,357.05,357.2,191.07478
2017-11-20 07:00:00,357.21,358.96,357.18,357.27,91.2005
2017-11-20 07:15:00,357.2,358.95,356.68,356.69,118.73639
2017-11-20 07:30:00,356.7,356.71,353.53,353.62,48.79606
2017-11-20 07:45:00,353.61,354.22,353.61,354.15,111.36395
2017-11-20 08:00:00,355.15,355.15,354.17,354.54,50.11205
2017-11-20 08:15:00,354.54,356.46,354.52,355.99,102.98359
2017-11-20 08:30:00,355.95,355.98,353.9,353.97,93.328
2017-11-20 08:45:00,354.02,355.25,354.0,354.76,210.628
2017-11-20 09:00:00,354.8,357.03,354.77,355.06,168.52896
2017-11-20 09:15:00,354.89,356.34,354.79,356.0,322.69246
2017-11-20 09:30:00,355.81,358.7,355.21,355.42,291.4013
2017-11-20 09:45:00,355.34,358.53,355.34,356.56,80.96409
2017-11-20 10:00:00,356.57,357.67,356.14,356.48,141.75603
2017-11-20 10:15:00,356.5,358.7,356.18,358.7,474.01787
2017-11-20 10:30:00,358.5,359.96,357.06,359.04,201.17599
2017-11-20 10:45:00,359.05,361.02,358.46,359.11,403.73864
2017-11-20 11:00:00,360.65,360.96,359.3,360.11,291.6289
2017-11-20 11:15:00,360.81,360.84,359.05,360.01,305.34411
2017-11-20 11:30:00,360.02,360.43,359.16,360.31,225.79338
2017-11-20 11:45:00,360.39,362.0,359.0,361.68,538.01092
2017-11-20 12:00:00,361.69,364.0,361.69,362.73,418.75363
2017-11-20 12:15:00,361.47,362.51,359.13,359.13,247.29922
2017-11-20 12:30:00,359.12,361.04,358.12,361.04,195.77838
2017-11-20 12:45:00,358.89,360.49,358.01,358.56,278.63719
2017-11-20 13:00:00,358.56,361.0,358.46,359.04,202.79005
2017-11-20 13:15:00,359.06,359.76,357.05,358.94,207.72654
2017-11-20 13:30:00,357.2,357.58,356.38,357.44,171.66585
2017-11-20 13:45:00,357.62,359.54,356.64,357.55,143.23893
2017-11-20 14:00:00,357.66,357.66,355.01,355.84,171.9079
2017-11-20 14:15:00,355.84,356.32,355.0,355.58,159.80007
2017-11-20 14:30:00,355.57,358.93,355.57,358.02,200.91677
2017-11-20 14:45:00,358.02,358.89,358.02,358.63,211.2575
2017-11-20 15:00:00,358.61,358.63,357.72,358.36,106.8968
2017-11-20 15:15:00,357.38,357.4,355.31,356.66,345.65438
2017-11-20 15:30:00,356.66,357.01,356.25,356.75,254.82151
2017-11-20 15:45:00,356.75,358.89,356.0,356.97,94.06527
2017-11-20 16:00:00,356.96,358.0,356.94,357.39,234.05859
2017-11-20 16:15:00,357.49,358.86,357.04,358.8,219.91573
2017-11-20 16:30:00,357.53,358.7,357.53,357.76,174.31654
2017-11-20 16:45:00,358.57,358.6,357.48,357.97,218.58444
2017-11-20 17:00:00,357.99,359.0,357.65,357.96,176.79118
2017-11-20 17:15:00,358.82,358.94,357.7,358.05,65.56618
2017-11-20 17:30:00,358.88,359.0,357.08,358.59,109.06698
2017-11-20 17:45:00,358.58,359.0,358.01,359.0,111.47439
2017-11-20 18:00:00,359.02,360.3,359.02,359.48,121.36209
2017-11-20 18:15:00,359.28,360.02,358.12,360.0,139.52516
2017-11-20 18:30:00,359.22,360.49,359.12,359.21,154.65697
2017-11-20 18:45:00,359.21,359.22,358.13,358.81,160.47039
2017-11-20 19:00:00,358.86,360.49,358.23,358.52,192.87617
2017-11-20 19:15:00,358.79,360.32,358.2,359.76,166.609
2017-11-20 19:30:00,359.76,360.47,358.81,360.45,198.9359
2017-11-20 19:45:00,360.0,360.39,358.77,359.49,169.48009
2017-11-20 20:00:00,359.49,360.24,356.65,357.2,128.54504
2017-11-20 20:15:00,357.22,358.89,356.28,357.77,118.62821
2017-11-20 20:30:00,358.9,359.37,357.05,357.96,149.24026
2017-11-20 20:45:00,358.98,359.18,357.82,358.87,92.64217
2017-11-20 21:00:00,358.86,359.99,358.18,358.54,221.07819
2017-11-20 21:15:00,358.54,358.82,357.67,357.99,136.27559
2017-11-20 21:30:00,357.98,359.7,357.22,359.68,136.39825
2017-11-20 21:45:00,359.68,359.68,358.15,358.96,122.6326
2017-11-20 22:00:00,358.96,360.3,358.27,360.02,199.38952
2017-11-20 22:15:00,360.0,360.33,358.84,360.06,282.81788
2017-11-20 22:30:00,360.05,361.0,359.01,360.5,296.59026
2017-11-20 22:45:00,360.5,362.5,360.02,361.51,240.68483
2017-11-20 23:00:00,362.46,362.69,361.17,362.22,226.24265
2017-11-20 23:15:00,362.22,363.22,361.59,362.47,483.57184
2017-11-20 23:30:00,362.45,363.0,362.14,362.89,199.55767
2017-11-20 23:45:00,362.89,362.97,362.47,362.91,161.57749
2017-11-21 00:00:00,362.89,363.5,362.5,363.48,286.21169
2017-11-21 00:15:00,363.48,364.33,362.93,363.6,188.27471
2017-11-21 00:30:00,364.3,365.85,363.46,365.5,413.26113
2017-11-21 00:45:00,365.39,365.83,364.81,365.79,247.86346
2017-11-21 01:00:00,365.81,367.0,365.0,366.44,163.26846
2017-11-21 01:15:00,366.36,366.47,364.83,365.16,162.34154
2017-11-21 01:30:00,365.15,365.15,364.0,364.95,184.21401
2017-11-21 01:45:00,364.79,365.0,364.0,364.01,178.93492
2017-11-21 02:00:00,364.02,365.0,363.3,364.97,106.87882
2017-11-21 02:15:00,364.96,365.65,363.36,365.65,290.27582
2017-11-21 02:30:00,365.65,366.49,363.66,364.01,116.11122
2017-11-21 02:45:00,366.13,366.46,364.14,365.83,25.84924
2017-11-21 03:00:00,365.83,366.35,364.01,365.17,148.9714
2017-11-21 03:15:00,365.16,366.4,364.26,366.4,265.31031
2017-11-21 03:30:00,366.3,368.0,364.96,365.74,167.40904
2017-11-21 03:45:00,367.65,367.68,365.5,367.44,37.83171
2017-11-21 04:00:00,367.45,367.46,365.59,367.42,39.18315
2017-11-21 04:15:00,367.01,367.48,364.07,367.31,111.36528
2017-11-21 04:30:00,364.68,368.85,364.55,368.02,64.46717
2017-11-21 04:45:00,368.06,368.99,366.5,368.49,190.79421
2017-11-21 05:00:00,368.38,368.7,366.18,368.16,89.23174
2017-11-21 05:15:00,368.69,370.0,367.05,368.16,160.36814
2017-11-21 05:30:00,368.2,370.0,367.18,370.0,101.43715
2017-11-21 05:45:00,369.99,371.62,367.06,371.11,262.14175
2017-11-21 06:00:00,371.6,372.0,369.17,369.24,144.54087
2017-11-21 06:15:00,370.56,371.95,369.31,371.02,192.3894
2017-11-21 06:30:00,371.4,372.5,369.26,371.21,78.40785
2017-11-21 06:45:00,371.98,371.98,370.02,370.47,227.22949
2017-11-21 07:00:00,370.47,370.99,370.0,370.02,124.49905
2017-11-21 07:15:00,370.02,371.5,369.12,370.81,113.54676
2017-11-21 07:30:00,370.82,371.4,368.03,368.05,117.9378
2017-11-21 07:45:00,368.04,368.93,366.01,367.42,153.59558
2017-11-21 08:00:00,367.42,369.99,366.21,369.91,244.69936
2017-11-21 08:15:00,368.09,369.84,366.57,367.6,112.85241
2017-11-21 08:30:00,367.82,367.87,366.51,367.82,146.62119
2017-11-21 08:45:00,367.14,370.47,367.14,370.47,196.73368
2017-11-21 09:00:00,370.46,370.46,369.32,369.97,201.5059
2017-11-21 09:15:00,369.95,369.96,369.1,369.82,168.71277
2017-11-21 09:30:00,369.81,370.41,369.0,370.28,182.40468
2017-11-21 09:45:00,369.99,370.55,369.17,370.0,208.24452
2017-11-21 10:00:00,370.54,371.0,369.35,370.66,280.54383
2017-11-21 10:15:00,369.69,371.5,369.61,371.5,431.07882
2017-11-21 10:30:00,371.5,374.99,370.84,372.29,391.62222
2017-11-21 10:45:00,372.3,374.99,368.76,369.48,336.65905
2017-11-21 11:00:00,370.37,370.37,364.07,365.47,714.20477
2017-11-21 11:15:00,365.48,368.0,364.1,364.52,245.96483
2017-11-21 11:30:00,364.54,365.9,356.0,358.04,914.84355
2017-11-21 11:45:00,358.06,359.01,352.01,353.01,1519.4174
2017-11-21 12:00:00,354.93,359.94,353.51,358.96,1566.99691
2017-11-21 12:15:00,358.99,359.32,352.22,355.89,876.62988
2017-11-21 12:30:00,355.88,356.49,351.0,356.45,289.8123
2017-11-21 12:45:00,356.45,356.47,350.02,352.56,626.83127
2017-11-21 13:00:00,353.83,359.33,352.56,356.13,324.35724
2017-11-21 13:15:00,356.15,358.49,356.13,357.87,250.01482
2017-11-21 13:30:00,357.87,361.42,357.86,360.49,657.12107
2017-11-21 13:45:00,360.29,362.0,359.55,361.95,377.67975
2017-11-21 14:00:00,361.87,365.0,361.87,363.4,668.17836
2017-11-21 14:15:00,363.4,363.98,360.98,361.0,483.69463
2017-11-21 14:30:00,361.0,361.7,359.62,361.55,329.90094
2017-11-21 14:45:00,361.49,361.49,358.0,358.68,226.08308
2017-11-21 15:00:00,358.99,361.45,358.08,361.43,215.36609
2017-11-21 15:15:00,361.45,363.0,359.04,361.02,374.00795
2017-11-21 15:30:00,361.08,363.6,361.01,363.3,118.35464
2017-11-21 15:45:00,361.52,364.0,361.52,363.28,454.53349
2017-11-21 16:00:00,363.35,365.1,363.2,365.1,226.2288
2017-11-21 16:15:00,364.79,365.76,363.65,365.69,303.12296
2017-11-21 16:30:00,365.52,366.52,364.8,365.52,190.05158
2017-11-21 16:45:00,365.51,366.87,365.22,365.96,124.7817
2017-11-21 17:00:00,365.95,365.96,364.1,365.16,217.95508
2017-11-21 17:15:00,365.16,365.81,364.12,364.12,250.03542
2017-11-21 17:30:00,365.43,365.79,362.95,364.56,275.01573
2017-11-21 17:45:00,364.56,367.0,363.54,365.41,259.84342
2017-11-21 18:00:00,365.41,366.99,364.68,366.94,141.71031
2017-11-21 18:15:00,366.91,366.92,364.61,366.0,182.47948
2017-11-21 18:30:00,365.94,366.97,365.02,366.97,266.29902
2017-11-21 18:45:00,366.94,366.96,364.52,366.36,149.75193
2017-11-21 19:00:00,366.36,368.88,365.0,368.0,148.50003
2017-11-21 19:15:00,368.22,369.0,366.95,369.0,180.28733
2017-11-21 19:30:00,368.98,370.03,368.05,370.03,228.54886
2017-11-21 19:45:00,370.03,371.5,368.47,369.75,183.38729
2017-11-21 20:00:00,371.1,371.1,367.02,369.22,209.65411
2017-11-21 20:15:00,369.49,372.0,369.2,370.22,207.33156
2017-11-21 20:30:00,370.46,372.22,370.22,370.65,134.13064
2017-11-21 20:45:00,370.67,371.0,367.9,367.9,509.18553
2017-11-21 21:00:00,368.97,369.15,364.61,368.06,342.29311
2017-11-21 21:15:00,368.05,369.9,368.0,369.51,168.26503
2017-11-21 21:30:00,369.51,371.0,368.67,370.39,140.78827
2017-11-21 21:45:00,370.37,370.41,368.63,369.8,61.20045
2017-11-21 22:00:00,369.78,371.0,368.9,370.86,295.6005
2017-11-21 22:15:00,370.81,371.0,369.2,370.87,174.10209
2017-11-21 22:30:00,370.88,371.0,369.41,370.18,170.38675
2017-11-21 22:45:00,371.35,374.0,371.35,372.64,369.49075
2017-11-21 23:00:00,372.68,374.0,372.1,372.95,176.35981
2017-11-21 23:15:00,372.95,374.47,372.95,373.56,147.07399
2017-11-21 23:30:00,373.62,373.62,369.21,371.36,298.76346
2017-11-21 23:45:00,371.98,373.19,371.38,371.8,360.46721
2017-11-22 00:00:00,371.6,375.5,370.0,370.0,378.32249
2017-11-22 00:15:00,370.02,372.38,370.0,371.0,123.38606
2017-11-22 00:30:00,371.19,371.38,369.22,369.22,188.42017
2017-11-22 00:45:00,370.18,370.18,365.4,367.0,358.17199
2017-11-22 01:00:00,367.0,369.99,365.0,368.14,293.06107
2017-11-22 01:15:00,368.19,369.5,367.22,367.61,169.00612
2017-11-22 01:30:00,368.16,369.51,367.1,367.52,159.07019
2017-11-22 01:45:00,367.96,369.36,366.7,368.5,128.67982
2017-11-22 02:00:00,368.03,369.9,367.51,368.1,194.70203
2017-11-22 02:15:00,369.89,370.6,368.25,368.84,34.44364
2017-11-22 02:30:00,368.83,370.6,368.06,368.66,79.65516
2017-11-22 02:45:00,368.68,371.34,368.02,370.82,197.77481
2017-11-22 03:00:00,370.76,370.93,368.2,370.15,21.5852
2017-11-22 03:15:00,370.04,370.94,368.02,369.75,9.40933
2017-11-22 03:30:00,369.66,369.96,368.05,368.25,29.20272
2017-11-22 03:45:00,369.52,369.52,363.1,363.12,278.76545
2017-11-22 04:00:00,363.85,367.65,363.15,365.22,156.80948
2017-11-22 04:15:00,366.02,368.6,366.01,367.27,149.05677
2017-11-22 04:30:00,367.23,368.3,363.73,366.11,27.44865
2017-11-22 04:45:00,365.91,366.1,363.84,365.99,156.63541
2017-11-22 05:00:00,365.99,368.5,365.99,367.32,90.22827
2017-11-22 05:15:00,367.35,368.6,366.09,366.26,24.43533
2017-11-22 05:30:00,366.3,368.55,364.02,366.97,178.4634
2017-11-22 05:45:00,364.05,366.89,364.01,364.24,137.80482
2017-11-22 06:00:00,364.0,366.88,363.2,366.65,237.00377
2017-11-22 06:15:00,366.48,366.49,363.21,363.21,169.1924
2017-11-22 06:30:00,363.07,364.48,361.0,361.33,213.75218
2017-11-22 06:45:00,362.28,363.77,360.0,360.1,249.58704
2017-11-22 07:00:00,360.15,364.3,360.0,362.03,184.29895
2017-11-22 07:15:00,362.05,364.48,362.05,364.48,77.49902
2017-11-22 07:30:00,362.79,364.99,362.79,363.26,180.04086
2017-11-22 07:45:00,363.26,363.39,361.0,362.12,132.96778
2017-11-22 08:00:00,362.12,362.26,360.55,362.2,86.79263
2017-11-22 08:15:00,362.19,363.11,361.51,363.1,90.94667
2017-11-22 08:30:00,363.12,366.29,363.11,365.0,147.47495
2017-11-22 08:45:00,366.1,366.96,364.21,365.01,203.25047
2017-11-22 09:00:00,365.97,366.99,365.0,365.0,242.19765
2017-11-22 09:15:00,365.62,365.62,364.33,364.43,219.64972
2017-11-22 09:30:00,364.97,366.87,362.26,362.52,311.22146
2017-11-22 09:45:00,362.55,366.29,362.23,363.6,174.6019
2017-11-22 10:00:00,363.58,364.96,362.7,363.0,160.21735
2017-11-22 10:15:00,363.0,364.42,363.0,364.23,81.63985
2017-11-22 10:30:00,364.17,366.23,362.46,362.47,461.9893
2017-11-22 10:45:00,365.36,365.36,362.06,362.15,135.60002
2017-11-22 11:00:00,362.95,363.96,362.2,362.66,116.67467
2017-11-22 11:15:00,363.02,364.83,362.74,363.8,130.17438
2017-11-22 11:30:00,363.04,364.92,362.74,363.62,180.48569
2017-11-22 11:45:00,363.65,364.95,363.64,364.05,165.20979
2017-11-22 12:00:00,364.04,365.3,364.04,365.0,228.72952
2017-11-22 12:15:00,364.52,365.99,364.39,365.98,161.01909
2017-11-22 12:30:00,365.78,365.79,364.25,365.74,206.49167
2017-11-22 12:45:00,365.65,368.57,365.57,367.99,201.31494
2017-11-22 13:00:00,367.99,368.6,366.46,366.46,50.67403
2017-11-22 13:15:00,366.45,368.45,366.01,366.09,96.12801
2017-11-22 13:30:00,366.1,369.9,365.27,366.94,129.49217
2017-11-22 13:45:00,366.9,368.14,366.61,367.9,103.7734
2017-11-22 14:00:00,367.71,367.88,365.55,367.81,159.21464
2017-11-22 14:15:00,367.84,368.25,366.4,368.21,154.01256
2017-11-22 14:30:00,368.21,368.21,365.01,367.78,80.37633
2017-11-22 14:45:00,367.77,368.21,365.57,368.18,79.94157
2017-11-22 15:00:00,368.08,368.87,366.48,368.75,118.57944
2017-11-22 15:15:00,368.75,371.23,367.74,370.04,257.91588
2017-11-22 15:30:00,370.0,371.24,369.07,370.72,226.9779
2017-11-22 15:45:00,369.2,370.5,369.19,370.06,289.08688
2017-11-22 16:00:00,370.06,370.1,367.61,368.89,200.64133
2017-11-22 16:15:00,368.88,369.97,368.26,369.86,117.98151
2017-11-22 16:30:00,369.77,369.77,368.25,369.01,71.63171
2017-11-22 16:45:00,369.51,369.51,368.25,369.17,135.41081
2017-11-22 17:00:00,369.17,369.85,367.66,369.68,153.74435
2017-11-22 17:15:00,368.2,369.77,367.59,367.59,96.76922
2017-11-22 17:30:00,367.6,368.75,367.01,367.09,357.36058
2017-11-22 17:45:00,367.54,367.79,366.01,367.02,167.14884
2017-11-22 18:00:00,367.4,367.5,366.32,367.45,188.12185
2017-11-22 18:15:00,366.4,367.48,366.39,366.99,286.81878
2017-11-22 18:30:00,367.0,368.0,366.99,367.95,222.8808
2017-11-22 18:45:00,367.62,368.88,367.62,368.67,153.3995
2017-11-22 19:00:00,368.68,368.68,367.83,368.29,209.52976
2017-11-22 19:15:00,368.28,368.38,367.71,367.96,221.97525
2017-11-22 19:30:00,367.98,367.98,366.5,366.59,184.67702
2017-11-22 19:45:00,366.58,367.81,366.41,367.53,192.49552
2017-11-22 20:00:00,366.41,367.7,365.91,366.5,149.29856
2017-11-22 20:15:00,366.62,367.76,365.8,365.99,197.69703
2017-11-22 20:30:00,365.98,367.72,365.57,365.99,83.63247
2017-11-22 20:45:00,366.97,366.97,365.0,365.02,128.07765
2017-11-22 21:00:00,365.83,366.77,364.04,365.49,173.72373
2017-11-22 21:15:00,365.5,365.77,364.15,364.17,202.28911
2017-11-22 21:30:00,364.18,364.79,362.51,362.53,278.54297
2017-11-22 21:45:00,362.99,365.76,362.0,363.24,551.23772
2017-11-22 22:00:00,362.98,362.98,360.0,360.3,698.55938
2017-11-22 22:15:00,360.06,362.65,359.0,361.67,477.72058
2017-11-22 22:30:00,362.58,363.99,361.61,363.19,303.93257
2017-11-22 22:45:00,362.9,363.99,362.88,363.01,184.48124
2017-11-22 23:00:00,363.87,363.93,363.02,363.21,111.86484
2017-11-22 23:15:00,363.9,364.05,363.17,364.05,140.49492
2017-11-22 23:30:00,363.3,366.39,363.27,364.43,236.10691
2017-11-22 23:45:00,365.17,365.3,364.46,365.19,254.44791
2017-11-23 00:00:00,365.18,365.98,364.22,364.39,278.35645
2017-11-23 00:15:00,364.43,365.62,364.29,364.86,50.37632
2017-11-23 00:30:00,364.68,365.77,363.98,365.5,151.0481
2017-11-23 00:45:00,364.56,366.2,364.56,366.18,175.71657
2017-11-23 01:00:00,366.0,367.39,364.85,366.0,297.8029
2017-11-23 01:15:00,367.32,367.39,365.01,366.75,60.69599
2017-11-23 01:30:00,364.99,366.77,363.26,363.26,132.99484
2017-11-23 01:45:00,364.0,365.96,363.25,365.37,59.05071
2017-11-23 02:00:00,364.24,366.16,363.93,364.31,85.77643
2017-11-23 02:15:00,364.29,366.0,364.29,366.0,88.77201
2017-11-23 02:30:00,365.95,366.0,364.43,365.52,143.29025
2017-11-23 02:45:00,366.0,367.65,365.45,366.71,95.2141
2017-11-23 03:00:00,366.99,367.92,366.51,367.78,99.48969
2017-11-23 03:15:00,368.64,369.87,368.64,369.05,116.41653
2017-11-23 03:30:00,369.06,369.48,368.9,368.9,66.52505
2017-11-23 03:45:00,368.87,369.26,368.48,368.78,63.79523
2017-11-23 04:00:00,368.69,368.99,367.44,368.98,90.5631
2017-11-23 04:15:00,368.98,369.89,368.95,369.87,97.70555
2017-11-23 04:30:00,369.85,369.88,368.76,369.82,50.3972
2017-11-23 04:45:00,369.81,370.59,368.4,370.56,321.14372
2017-11-23 05:00:00,370.55,370.56,370.46,370.53,77.66867
2017-11-23 05:15:00,369.73,369.73,368.98,369.67,197.57778
2017-11-23 05:30:00,369.67,371.28,368.86,370.73,369.99391
2017-11-23 05:45:00,370.73,371.99,370.71,371.01,327.15291
2017-11-23 06:00:00,371.0,372.14,370.93,372.14,180.52711
2017-11-23 06:15:00,371.34,372.59,371.16,372.59,84.61395
2017-11-23 06:30:00,371.53,375.0,371.53,374.99,207.01307
2017-11-23 06:45:00,375.0,378.77,374.61,377.91,543.51019
2017-11-23 07:00:00,377.16,379.9,374.67,379.9,161.91007
2017-11-23 07:15:00,379.06,382.0,377.43,380.02,449.75607
2017-11-23 07:30:00,380.02,384.84,379.91,381.02,216.16178
2017-11-23 07:45:00,381.02,382.32,379.58,380.65,196.01964
2017-11-23 08:00:00,380.63,381.99,379.62,381.98,116.41945
2017-11-23 08:15:00,381.96,384.08,381.07,383.03,130.56833
2017-11-23 08:30:00,383.04,383.92,381.07,382.99,280.9264
2017-11-23 08:45:00,382.99,383.87,381.03,381.03,463.8789
2017-11-23 09:00:00,381.47,381.47,377.36,380.69,274.50248
2017-11-23 09:15:00,380.69,381.09,378.04,378.05,277.66854
2017-11-23 09:30:00,378.01,378.53,373.75,376.98,353.65091
2017-11-23 09:45:00,376.97,376.98,374.01,374.99,149.10296
2017-11-23 10:00:00,375.0,379.48,374.97,378.74,172.60377
2017-11-23 10:15:00,378.72,378.74,377.77,378.73,208.42981
2017-11-23 10:30:00,378.73,381.01,378.03,381.0,132.94801
2017-11-23 10:45:00,380.04,381.32,378.67,379.51,136.72622
2017-11-23 11:00:00,379.53,379.97,377.25,378.01,367.57699
2017-11-23 11:15:00,378.7,378.87,377.11,377.48,222.40251
2017-11-23 11:30:00,377.11,378.79,377.11,377.12,331.3287
2017-11-23 11:45:00,377.2,378.68,376.12,376.88,215.63345
2017-11-23 12:00:00,376.86,378.71,376.25,377.87,211.69438
2017-11-23 12:15:00,377.84,378.1,376.8,378.1,369.92841
2017-11-23 12:30:00,378.07,379.0,376.26,378.0,305.56772
2017-11-23 12:45:00,377.98,380.77,377.33,379.27,175.04311
2017-11-23 13:00:00,379.27,380.96,379.26,380.14,197.7339
2017-11-23 13:15:00,380.15,383.0,380.15,381.0,168.13116
2017-11-23 13:30:00,381.13,383.5,381.06,382.6,167.80704
2017-11-23 13:45:00,383.36,383.36,381.34,382.5,257.81657
2017-11-23 14:00:00,381.84,382.52,381.28,381.42,300.43891
2017-11-23 14:15:00,381.43,382.4,381.25,381.31,202.58274
2017-11-23 14:30:00,382.26,382.31,380.96,380.96,112.01943
2017-11-23 14:45:00,380.97,381.99,380.44,381.03,103.22803
2017-11-23 15:00:00,381.06,382.57,380.68,381.23,254.24616
2017-11-23 15:15:00,381.22,383.0,380.82,381.0,197.32657
2017-11-23 15:30:00,380.69,382.83,380.0,382.83,143.85474
2017-11-23 15:45:00,381.52,382.87,380.0,380.07,308.2965
2017-11-23 16:00:00,380.01,381.39,370.02,377.98,295.17131
2017-11-23 16:15:00,377.98,379.75,375.09,379.7,285.79746
2017-11-23 16:30:00,379.7,380.69,377.05,380.69,429.18495
2017-11-23 16:45:00,380.35,385.99,380.35,385.11,772.91166
2017-11-23 17:00:00,385.99,391.76,385.99,391.5,472.8608
2017-11-23 17:15:00,391.51,391.75,386.04,388.93,198.09568
2017-11-23 17:30:00,388.93,389.9,386.51,388.9,244.86453
2017-11-23 17:45:00,388.12,391.99,388.12,391.79,426.80954
2017-11-23 18:00:00,391.79,395.94,391.79,395.94,391.45052
2017-11-23 18:15:00,395.93,399.0,393.27,395.89,420.28695
2017-11-23 18:30:00,395.3,402.0,394.91,398.04,402.9595
2017-11-23 18:45:00,399.78,401.36,396.01,397.66,386.55202
2017-11-23 19:00:00,396.0,397.99,392.0,396.99,294.90488
2017-11-23 19:15:00,396.98,398.88,395.0,398.48,307.97348
2017-11-23 19:30:00,398.49,401.0,395.04,396.01,238.14803
2017-11-23 19:45:00,396.02,398.7,395.35,398.03,271.94881
2017-11-23 20:00:00,398.06,399.0,396.0,396.02,278.09193
2017-11-23 20:15:00,396.02,397.79,395.0,395.0,239.38926
2017-11-23 20:30:00,395.0,395.38,388.54,391.98,632.78465
2017-11-23 20:45:00,391.52,392.86,388.04,390.25,222.70306
2017-11-23 21:00:00,391.99,392.87,390.24,392.41,307.02902
2017-11-23 21:15:00,392.08,392.88,391.2,392.62,144.08955
2017-11-23 21:30:00,392.58,392.98,389.66,391.93,112.6464
2017-11-23 21:45:00,391.93,392.86,391.5,392.77,246.67612
2017-11-23 22:00:00,392.75,396.79,391.75,396.79,126.59271
2017-11-23 22:15:00,395.09,402.0,395.08,401.88,395.8792
2017-11-23 22:30:00,400.02,409.34,400.02,405.03,472.95775
2017-11-23 22:45:00,406.89,415.0,405.04,412.0,744.36967
2017-11-23 23:00:00,411.96,411.99,404.54,406.97,389.53755
2017-11-23 23:15:00,406.98,410.78,405.16,410.78,255.09354
2017-11-23 23:30:00,410.78,416.65,410.59,412.01,410.90638
2017-11-23 23:45:00,412.06,413.6,411.45,411.5,131.19978
2017-11-24 00:00:00,411.5,412.27,407.11,410.13,282.11534
2017-11-24 00:15:00,410.13,413.9,407.12,408.09,309.87143
2017-11-24 00:30:00,408.08,410.0,407.13,408.06,292.67765
2017-11-24 00:45:00,408.1,412.83,408.1,412.71,130.7597
2017-11-24 01:00:00,412.61,415.0,412.0,413.95,542.07965
2017-11-24 01:15:00,414.98,424.0,413.31,424.0,374.23762
2017-11-24 01:30:00,424.0,424.0,417.06,420.89,242.62621
2017-11-24 01:45:00,420.88,421.96,417.95,418.21,416.23963
2017-11-24 02:00:00,420.0,421.58,419.0,420.03,175.69627
2017-11-24 02:15:00,420.05,423.0,420.0,422.18,168.65129
2017-11-24 02:30:00,422.19,422.25,419.02,419.37,304.75435
2017-11-24 02:45:00,419.97,422.23,418.12,418.13,154.40597
2017-11-24 03:00:00,419.98,420.84,415.03,418.89,184.03287
2017-11-24 03:15:00,418.78,418.8,415.01,415.03,306.9175
2017-11-24 03:30:00,415.98,415.98,413.51,413.67,252.39096
2017-11-24 03:45:00,413.68,419.39,413.65,417.3,154.71014
2017-11-24 04:00:00,417.32,419.2,416.02,418.21,71.19988
2017-11-24 04:15:00,418.19,418.46,416.35,416.95,54.30216
2017-11-24 04:30:00,416.96,419.0,415.51,418.96,235.06775
2017-11-24 04:45:00,418.93,422.18,418.93,421.82,524.50467
2017-11-24 05:00:00,420.5,421.81,415.63,417.89,151.17538
2017-11-24 05:15:00,417.78,417.97,415.51,415.93,125.61403
2017-11-24 05:30:00,416.03,419.0,415.02,416.39,137.48477
2017-11-24 05:45:00,415.32,416.49,415.05,416.49,192.53797
2017-11-24 06:00:00,416.49,420.0,415.36,419.01,162.62193
2017-11-24 06:15:00,419.0,423.95,419.0,423.95,100.04801
2017-11-24 06:30:00,421.75,425.0,420.0,420.26,128.10464
2017-11-24 06:45:00,420.2,421.97,420.2,420.45,66.21934
2017-11-24 07:00:00,420.55,423.0,420.39,421.14,103.92553
2017-11-24 07:15:00,421.2,422.58,418.99,419.08,166.96338
2017-11-24 07:30:00,420.09,420.09,412.0,414.26,254.91289
2017-11-24 07:45:00,412.3,412.3,405.0,405.0,382.20271
2017-11-24 08:00:00,405.03,411.01,404.0,411.01,240.05939
2017-11-24 08:15:00,411.01,412.99,409.0,411.0,211.14215
2017-11-24 08:30:00,410.25,410.25,405.02,405.36,252.03987
2017-11-24 08:45:00,405.31,406.67,405.0,405.01,387.52452
2017-11-24 09:00:00,405.01,405.01,400.0,401.58,365.38538
2017-11-24 09:15:00,400.51,404.44,398.01,399.16,368.68728
2017-11-24 09:30:00,399.16,400.44,395.32,399.96,367.65561
2017-11-24 09:45:00,397.11,406.64,396.91,403.07,430.17087
2017-11-24 10:00:00,405.04,408.49,403.23,407.8,174.05421
2017-11-24 10:15:00,407.8,408.87,405.77,406.51,138.02074
2017-11-24 10:30:00,406.5,409.88,403.96,407.99,230.13963
2017-11-24 10:45:00,407.96,410.0,404.61,409.8,138.43736
2017-11-24 11:00:00,409.67,415.0,409.01,412.01,126.82685
2017-11-24 11:15:00,412.12,415.11,408.6,408.6,172.93496
2017-11-24 11:30:00,412.8,412.8,408.72,410.14,141.83379
2017-11-24 11:45:00,411.8,411.8,404.11,409.04,307.58044
2017-11-24 12:00:00,409.08,410.26,405.82,408.74,105.97862
2017-11-24 12:15:00,407.3,409.0,406.02,408.15,143.6333
2017-11-24 12:30:00,408.14,410.3,406.53,409.25,388.93511
2017-11-24 12:45:00,409.25,410.0,406.61,407.99,226.65469
2017-11-24 13:00:00,407.98,413.0,407.98,409.32,135.90971
2017-11-24 13:15:00,411.79,412.98,409.15,409.32,138.78328
2017-11-24 13:30:00,409.32,411.95,409.32,411.88,177.22952
2017-11-24 13:45:00,411.86,414.0,410.17,413.9,157.2661
2017-11-24 14:00:00,413.9,414.98,411.57,413.58,178.12715
2017-11-24 14:15:00,413.97,413.97,408.51,408.51,162.79161
2017-11-24 14:30:00,408.12,411.47,408.11,410.18,151.19888
2017-11-24 14:45:00,410.23,410.23,406.02,407.49,166.29428
2017-11-24 15:00:00,407.31,409.97,407.04,407.54,245.31375
2017-11-24 15:15:00,407.47,407.98,406.06,407.17,339.22334
2017-11-24 15:30:00,407.27,410.1,407.27,408.6,225.49897
2017-11-24 15:45:00,408.6,410.0,408.0,408.0,208.09706
2017-11-24 16:00:00,407.98,407.98,401.02,402.02,407.5724
2017-11-24 16:15:00,402.0,407.8,400.38,403.87,330.92702
2017-11-24 16:30:00,403.87,403.96,401.99,401.99,311.75877
2017-11-24 16:45:00,401.28,402.46,399.57,399.93,378.05889
2017-11-24 17:00:00,399.7,401.56,395.47,401.12,380.18165
2017-11-24 17:15:00,400.98,413.0,392.8,410.18,716.65978
2017-11-24 17:30:00,410.18,411.47,408.01,410.47,331.72739
2017-11-24 17:45:00,410.47,411.95,408.0,410.75,236.05164
2017-11-24 18:00:00,410.74,411.71,409.11,411.24,176.67022
2017-11-24 18:15:00,411.27,414.0,411.27,413.96,231.11289
2017-11-24 18:30:00,413.97,418.9,413.31,418.88,582.04131
2017-11-24 18:45:00,418.88,419.93,416.97,416.98,292.91465
2017-11-24 19:00:00,416.86,417.93,410.51,416.2,295.41353
2017-11-24 19:15:00,416.21,417.43,412.77,413.72,254.34808
2017-11-24 19:30:00,414.87,416.86,414.1,415.55,296.99614
2017-11-24 19:45:00,415.64,416.86,411.37,413.0,360.0247
2017-11-24 20:00:00,412.98,417.0,411.17,416.56,255.51938
2017-11-24 20:15:00,416.54,419.94,412.12,418.23,189.25385
2017-11-24 20:30:00,418.25,424.0,418.03,424.0,654.95548
2017-11-24 20:45:00,423.98,433.0,420.33,429.66,579.59447
2017-11-24 21:00:00,430.07,440.0,427.07,438.95,483.72317
2017-11-24 21:15:00,438.94,446.0,435.88,444.0,983.20104
2017-11-24 21:30:00,444.5,445.0,438.0,438.99,809.37862
2017-11-24 21:45:00,438.99,442.96,436.01,441.7,1233.78109
2017-11-24 22:00:00,441.74,441.99,439.88,439.97,361.4119
2017-11-24 22:15:00,438.34,441.45,433.29,433.3,375.80669
2017-11-24 22:30:00,434.91,440.0,431.63,438.77,193.13273
2017-11-24 22:45:00,436.07,439.49,436.07,438.68,165.89935
2017-11-24 23:00:00,438.61,446.98,436.0,445.35,634.29029
2017-11-24 23:15:00,445.4,450.0,443.32,449.99,963.35368
2017-11-24 23:30:00,449.01,454.0,447.0,454.0,922.79756
2017-11-24 23:45:00,454.98,460.0,451.55,455.39,527.06198
2017-11-25 00:00:00,454.02,454.96,447.21,451.17,439.12166
2017-11-25 00:15:00,449.8,451.81,448.19,449.0,343.54825
2017-11-25 00:30:00,449.58,451.48,447.0,450.01,511.45514
2017-11-25 00:45:00,450.02,452.3,448.41,450.15,272.74517
2017-11-25 01:00:00,450.26,460.0,450.26,458.9,444.4551
2017-11-25 01:15:00,458.88,462.88,456.0,461.65,322.35473
2017-11-25 01:30:00,460.0,461.65,453.0,455.96,404.29817
2017-11-25 01:45:00,455.99,455.99,450.6,451.93,240.86152
2017-11-25 02:00:00,451.91,454.0,450.7,453.63,199.8145
2017-11-25 02:15:00,453.35,456.96,451.97,453.81,201.77303
2017-11-25 02:30:00,453.0,453.48,450.0,450.01,274.01992
2017-11-25 02:45:00,450.44,450.44,445.26,446.0,426.51008
2017-11-25 03:00:00,446.0,450.0,445.05,447.16,226.62308
2017-11-25 03:15:00,447.36,449.85,446.0,449.3,209.17061
2017-11-25 03:30:00,449.19,451.9,447.29,451.9,227.70986
2017-11-25 03:45:00,451.96,459.67,451.96,457.87,269.70177
2017-11-25 04:00:00,457.73,459.59,455.0,459.49,97.57701
2017-11-25 04:15:00,459.49,461.64,457.5,458.6,180.971
2017-11-25 04:30:00,458.8,461.14,453.03,453.69,194.83249
2017-11-25 04:45:00,453.95,461.65,447.51,459.99,261.56458
2017-11-25 05:00:00,457.43,459.93,453.43,455.09,98.08353
2017-11-25 05:15:00,455.26,459.9,450.02,450.97,126.58733
2017-11-25 05:30:00,451.31,457.16,450.57,457.16,83.76744
2017-11-25 05:45:00,459.84,459.84,453.75,456.75,138.24015
2017-11-25 06:00:00,455.23,460.8,453.55,455.84,167.05498
2017-11-25 06:15:00,455.82,458.3,455.67,456.01,203.06397
2017-11-25 06:30:00,457.87,459.07,455.81,457.4,102.22329
2017-11-25 06:45:00,457.45,459.07,456.85,458.99,119.32208
2017-11-25 07:00:00,459.07,467.0,459.0,467.0,473.8131
2017-11-25 07:15:00,467.89,471.26,465.04,471.0,309.11239
2017-11-25 07:30:00,471.0,475.0,468.46,474.0,391.81748
2017-11-25 07:45:00,474.02,475.0,463.12,469.0,317.11614
2017-11-25 08:00:00,467.57,473.7,467.57,472.1,300.34418
2017-11-25 08:15:00,470.59,473.99,460.0,473.1,351.25529
2017-11-25 08:30:00,471.09,474.09,470.64,474.08,201.04948
2017-11-25 08:45:00,473.02,474.81,471.64,472.48,289.77281
2017-11-25 09:00:00,473.5,476.0,471.92,476.0,266.74551
2017-11-25 09:15:00,476.0,484.47,475.25,478.03,492.38749
2017-11-25 09:30:00,479.91,482.85,475.0,477.02,346.86572
2017-11-25 09:45:00,477.05,478.99,470.0,470.57,427.09842
2017-11-25 10:00:00,470.56,472.0,465.0,466.5,533.12338
2017-11-25 10:15:00,465.23,466.5,456.17,461.0,652.03631
2017-11-25 10:30:00,461.03,465.93,461.0,462.29,237.39615
2017-11-25 10:45:00,462.31,473.19,462.31,466.03,196.30246
2017-11-25 11:00:00,466.02,469.6,461.65,463.32,350.40858
2017-11-25 11:15:00,463.32,468.02,460.0,465.0,295.74444
2017-11-25 11:30:00,464.0,464.1,461.18,461.18,242.57868
2017-11-25 11:45:00,461.19,461.99,457.43,457.49,369.47656
2017-11-25 12:00:00,458.0,464.2,458.0,464.17,241.24689
2017-11-25 12:15:00,464.19,464.79,463.02,463.4,429.82898
2017-11-25 12:30:00,464.56,464.58,461.16,463.49,161.32681
2017-11-25 12:45:00,461.69,465.0,461.69,464.7,218.82998
2017-11-25 13:00:00,464.86,471.0,463.53,470.0,278.64433
2017-11-25 13:15:00,470.02,471.0,467.17,469.02,169.30866
2017-11-25 13:30:00,469.03,469.89,467.02,467.05,217.30056
2017-11-25 13:45:00,467.02,469.17,465.52,466.98,225.42134
2017-11-25 14:00:00,466.98,468.0,466.05,467.38,141.13771
2017-11-25 14:15:00,466.13,467.69,465.12,465.14,289.87878
2017-11-25 14:30:00,467.05,468.85,464.02,468.46,192.9668
2017-11-25 14:45:00,467.08,473.2,467.0,471.34,172.35136
2017-11-25 15:00:00,471.34,472.0,465.0,468.99,317.77584
2017-11-25 15:15:00,469.0,469.0,466.22,467.43,157.72931
2017-11-25 15:30:00,467.47,468.42,463.29,464.98,254.13746
2017-11-25 15:45:00,464.98,465.0,459.02,464.03,630.43926
2017-11-25 16:00:00,464.03,467.92,460.01,461.01,219.25045
2017-11-25 16:15:00,463.36,463.69,450.0,451.51,582.55309
2017-11-25 16:30:00,452.04,456.01,450.0,456.01,328.63947
2017-11-25 16:45:00,455.02,462.0,455.02,459.26,205.45981
2017-11-25 17:00:00,459.23,464.6,457.54,462.32,102.86863
2017-11-25 17:15:00,462.3,463.26,457.97,458.45,160.1776
2017-11-25 17:30:00,458.5,459.98,455.68,455.84,106.44928
2017-11-25 17:45:00,455.69,455.98,452.36,452.46,341.252
2017-11-25 18:00:00,453.0,459.5,453.0,459.49,181.64422
2017-11-25 18:15:00,458.22,460.0,455.02,459.16,268.32632
2017-11-25 18:30:00,460.0,460.99,456.83,459.47,212.76166
2017-11-25 18:45:00,459.47,460.0,457.26,460.0,158.03923
2017-11-25 19:00:00,458.89,462.0,457.85,461.0,218.67437
2017-11-25 19:15:00,461.67,465.85,459.85,465.01,448.82716
2017-11-25 19:30:00,463.29,468.1,463.29,464.03,196.98537
2017-11-25 19:45:00,465.96,465.99,463.2,464.86,169.19406
2017-11-25 20:00:00,464.64,465.59,463.16,463.17,209.59369
2017-11-25 20:15:00,463.17,465.2,462.05,462.99,217.38796
2017-11-25 20:30:00,462.98,465.49,462.3,463.66,219.04573
2017-11-25 20:45:00,463.65,465.0,458.01,460.86,235.34825
2017-11-25 21:00:00,460.83,461.92,457.23,460.0,179.9488
2017-11-25 21:15:00,459.99,463.99,459.08,461.57,292.61392
2017-11-25 21:30:00,461.58,464.9,459.22,464.03,141.20792
2017-11-25 21:45:00,464.9,468.05,464.03,468.05,230.59357
2017-11-25 22:00:00,468.0,469.94,467.21,467.98,208.58062
2017-11-25 22:15:00,467.5,468.5,466.02,467.81,179.44627
2017-11-25 22:30:00,467.82,468.97,466.2,467.0,106.3353
2017-11-25 22:45:00,467.0,468.84,466.98,468.84,132.16984
2017-11-25 23:00:00,468.85,470.0,467.53,470.0,240.22628
2017-11-25 23:15:00,469.06,472.5,468.6,471.37,287.20484
2017-11-25 23:30:00,472.47,472.99,470.06,470.17,208.92222
2017-11-25 23:45:00,470.82,472.73,468.9,468.9,271.24516
2017-11-26 00:00:00,468.88,470.0,467.68,468.0,206.01058
2017-11-26 00:15:00,467.71,469.8,465.27,468.36,159.2461
2017-11-26 00:30:00,468.37,469.77,467.0,468.48,149.70967
2017-11-26 00:45:00,468.49,468.49,465.25,465.62,163.31738
2017-11-26 01:00:00,465.64,465.74,462.27,463.1,230.19597
2017-11-26 01:15:00,462.5,464.05,462.0,462.21,300.94667
2017-11-26 01:30:00,462.22,463.47,462.1,462.16,221.31476
2017-11-26 01:45:00,462.32,463.43,462.0,463.41,242.80198
2017-11-26 02:00:00,463.36,463.39,462.0,462.22,303.33444
2017-11-26 02:15:00,462.88,463.48,462.01,462.93,144.55792
2017-11-26 02:30:00,463.17,466.44,461.88,465.98,198.92637
2017-11-26 02:45:00,461.88,464.77,460.0,461.47,198.23636
2017-11-26 03:00:00,461.46,462.81,460.0,462.05,48.47735
2017-11-26 03:15:00,461.77,462.29,460.23,461.0,26.2518
2017-11-26 03:30:00,460.99,461.0,460.0,460.03,106.22881
2017-11-26 03:45:00,460.96,462.62,460.02,461.52,78.49224
2017-11-26 04:00:00,461.53,462.59,460.1,462.59,182.47074
2017-11-26 04:15:00,460.66,462.91,460.66,462.85,162.57516
2017-11-26 04:30:00,462.8,462.9,460.55,461.17,73.78481
2017-11-26 04:45:00,461.17,463.0,461.17,462.99,119.61346
2017-11-26 05:00:00,462.98,464.8,462.21,463.51,199.21044
2017-11-26 05:15:00,464.0,467.18,463.74,464.81,72.56389
2017-11-26 05:30:00,464.82,467.18,464.8,466.83,82.03337
2017-11-26 05:45:00,466.79,466.79,465.76,465.77,52.77563
2017-11-26 06:00:00,465.79,465.79,463.76,463.79,52.23232
2017-11-26 06:15:00,463.79,466.93,463.79,464.67,108.02273
2017-11-26 06:30:00,464.04,466.92,464.01,464.61,44.10358
2017-11-26 06:45:00,464.75,466.66,464.29,464.32,99.42736
2017-11-26 07:00:00,464.31,464.6,460.34,461.02,200.08161
2017-11-26 07:15:00,461.02,463.61,460.03,461.13,52.05566
2017-11-26 07:30:00,461.09,462.98,460.01,460.01,77.95605
2017-11-26 07:45:00,460.03,463.52,460.0,461.82,159.79334
2017-11-26 08:00:00,461.0,462.51,456.3,456.3,314.23939
2017-11-26 08:15:00,456.97,457.01,452.9,454.61,300.85236
2017-11-26 08:30:00,454.6,454.6,451.03,452.05,362.79214
2017-11-26 08:45:00,451.48,452.02,445.0,446.12,318.63528
2017-11-26 09:00:00,446.16,454.69,446.16,453.64,216.62032
2017-11-26 09:15:00,453.22,454.6,450.1,452.68,101.82687
2017-11-26 09:30:00,453.2,457.56,453.16,455.77,190.01818
2017-11-26 09:45:00,457.33,457.4,454.68,454.8,198.2473
2017-11-26 10:00:00,455.0,458.23,455.0,458.23,165.98446
2017-11-26 10:15:00,458.23,459.99,457.3,458.99,263.46896
2017-11-26 10:30:00,458.98,459.35,455.01,455.01,245.14029
2017-11-26 10:45:00,456.88,456.89,455.0,455.99,260.39915
2017-11-26 11:00:00,456.0,457.0,454.67,455.24,215.08634
2017-11-26 11:15:00,455.52,457.03,455.3,456.05,244.36565
2017-11-26 11:30:00,456.94,456.98,453.33,453.42,268.46006
2017-11-26 11:45:00,453.44,456.1,453.34,456.09,225.58416
2017-11-26 12:00:00,456.08,456.17,455.01,455.03,330.6411
2017-11-26 12:15:00,455.26,456.14,454.0,454.92,167.91481
2017-11-26 12:30:00,454.01,455.95,453.38,454.98,288.67075
2017-11-26 12:45:00,454.5,454.98,451.0,451.24,306.43829
2017-11-26 13:00:00,451.24,453.0,450.05,452.88,207.2764
2017-11-26 13:15:00,452.87,453.23,450.85,452.0,277.40427
2017-11-26 13:30:00,452.0,453.28,450.89,451.06,188.55573
2017-11-26 13:45:00,450.92,455.5,450.88,452.8,268.49246
2017-11-26 14:00:00,451.06,452.71,449.08,450.11,278.22148
2017-11-26 14:15:00,449.1,450.13,446.03,448.21,265.43549
2017-11-26 14:30:00,448.2,448.3,446.14,448.23,238.03053
2017-11-26 14:45:00,446.14,448.21,444.01,445.0,282.4131
2017-11-26 15:00:00,446.67,450.18,444.01,445.99,204.58595
2017-11-26 15:15:00,444.93,449.99,444.93,449.75,194.82626
2017-11-26 15:30:00,449.73,451.9,436.14,451.81,512.23277
2017-11-26 15:45:00,451.81,453.96,450.03,451.02,160.93105
2017-11-26 16:00:00,451.1,453.5,451.08,452.38,161.57406
2017-11-26 16:15:00,452.38,455.22,452.35,454.9,337.35081
2017-11-26 16:30:00,454.79,454.79,452.83,454.23,85.52474
2017-11-26 16:45:00,454.23,454.45,453.06,454.45,270.14822
2017-11-26 17:00:00,454.43,458.0,454.01,457.35,349.92824
2017-11-26 17:15:00,455.3,458.0,455.08,456.01,190.2565
2017-11-26 17:30:00,456.01,456.95,453.39,455.31,147.53737
2017-11-26 17:45:00,455.29,455.42,453.98,455.24,235.39697
2017-11-26 18:00:00,455.22,457.0,454.15,456.95,181.16838
2017-11-26 18:15:00,455.6,456.97,455.5,456.67,84.0157
2017-11-26 18:30:00,456.66,456.69,455.53,455.65,288.42782
2017-11-26 18:45:00,455.65,457.03,455.5,457.03,119.86175
2017-11-26 19:00:00,457.47,459.12,456.35,459.12,172.30478
2017-11-26 19:15:00,459.11,465.0,459.03,461.25,172.06489
2017-11-26 19:30:00,460.04,460.96,459.01,459.06,71.7923
2017-11-26 19:45:00,459.06,459.07,456.79,457.03,163.53476
2017-11-26 20:00:00,457.04,459.08,457.04,459.01,264.29805
2017-11-26 20:15:00,459.0,459.85,458.0,459.01,97.29382
2017-11-26 20:30:00,459.0,459.87,458.0,458.67,265.78075
2017-11-26 20:45:00,458.67,461.07,458.0,461.02,218.76222
2017-11-26 21:00:00,460.97,460.99,460.0,460.85,319.13285
2017-11-26 21:15:00,460.85,465.0,460.06,460.9,286.79624
2017-11-26 21:30:00,460.93,462.86,459.0,459.03,355.45441
2017-11-26 21:45:00,459.04,460.82,457.52,458.01,554.73748
2017-11-26 22:00:00,460.61,462.72,458.01,459.96,332.34155
2017-11-26 22:15:00,459.89,460.39,458.04,458.32,216.56947
2017-11-26 22:30:00,459.66,459.66,456.0,456.9,357.50702
2017-11-26 22:45:00,456.9,457.47,456.03,456.44,197.66869
2017-11-26 23:00:00,457.25,457.28,455.01,455.53,112.9428
2017-11-26 23:15:00,455.57,460.0,455.2,457.08,187.83711
2017-11-26 23:30:00,458.0,458.76,455.08,455.96,176.5799
2017-11-26 23:45:00,456.32,460.0,453.22,453.22,201.93863
2017-11-27 00:00:00,453.21,455.82,451.91,451.91,158.0117
2017-11-27 00:15:00,453.89,455.4,451.98,452.66,143.38343
2017-11-27 00:30:00,452.65,452.7,451.01,451.01,392.26874
2017-11-27 00:45:00,451.01,451.02,448.26,448.26,337.04016
2017-11-27 01:00:00,448.26,449.56,447.02,448.99,260.01895
2017-11-27 01:15:00,448.99,451.69,447.01,447.06,194.05288
2017-11-27 01:30:00,450.23,452.49,448.02,448.65,233.53853
2017-11-27 01:45:00,450.0,450.01,448.03,450.0,217.71401
2017-11-27 02:00:00,449.98,450.0,448.04,448.68,176.17513
2017-11-27 02:15:00,448.67,448.68,447.23,448.1,135.52992
2017-11-27 02:30:00,448.25,448.32,445.99,448.21,205.16147
2017-11-27 02:45:00,448.21,449.43,445.46,445.99,350.81862
2017-11-27 03:00:00,446.0,449.42,445.0,449.01,168.72506
2017-11-27 03:15:00,449.01,449.97,445.59,446.03,162.62333
2017-11-27 03:30:00,446.03,448.85,446.03,446.35,214.76117
2017-11-27 03:45:00,446.34,450.0,446.33,447.03,222.54305
2017-11-27 04:00:00,449.99,449.99,446.59,446.88,165.82213
2017-11-27 04:15:00,447.05,452.46,446.64,447.21,149.88401
2017-11-27 04:30:00,447.0,451.78,446.64,449.49,54.969
2017-11-27 04:45:00,449.49,452.48,447.07,452.34,148.15911
2017-11-27 05:00:00,452.35,459.65,450.0,455.58,187.08355
2017-11-27 05:15:00,458.95,459.0,455.1,457.83,261.3789
2017-11-27 05:30:00,457.65,458.0,450.26,450.27,156.16701
2017-11-27 05:45:00,450.24,457.82,450.24,454.35,129.69445
2017-11-27 06:00:00,454.58,460.0,454.31,457.5,238.10194
2017-11-27 06:15:00,459.94,462.88,455.2,462.87,236.61074
2017-11-27 06:30:00,462.88,462.9,460.02,461.86,103.09864
2017-11-27 06:45:00,460.24,461.93,455.35,460.32,179.38122
2017-11-27 07:00:00,460.35,460.36,459.03,460.35,230.18125
2017-11-27 07:15:00,460.82,462.85,460.82,461.08,277.63758
2017-11-27 07:30:00,461.1,464.47,460.35,464.4,247.78497
2017-11-27 07:45:00,464.38,464.38,461.68,462.84,112.47731
2017-11-27 08:00:00,462.84,467.17,462.55,466.98,288.13984
2017-11-27 08:15:00,466.98,469.98,465.25,469.89,260.51605
2017-11-27 08:30:00,469.13,471.49,468.02,470.59,398.7205
2017-11-27 08:45:00,470.58,470.59,463.75,465.51,252.32623
2017-11-27 09:00:00,466.88,467.27,464.05,466.88,292.52044
2017-11-27 09:15:00,466.85,466.87,464.0,465.15,158.38127
2017-11-27 09:30:00,464.07,467.27,463.88,464.24,270.45411
2017-11-27 09:45:00,468.0,470.39,465.0,469.96,206.28896
2017-11-27 10:00:00,468.99,469.0,464.2,465.97,342.25817
2017-11-27 10:15:00,465.99,467.74,464.51,466.34,204.34551
2017-11-27 10:30:00,467.19,467.73,463.81,465.65,331.20881
2017-11-27 10:45:00,464.09,465.34,461.01,462.02,331.85807
2017-11-27 11:00:00,462.82,465.0,461.52,463.61,222.43504
2017-11-27 11:15:00,464.0,467.7,463.23,467.7,315.52999
2017-11-27 11:30:00,467.7,467.7,463.76,466.89,152.4028
2017-11-27 11:45:00,466.87,467.0,463.63,465.61,232.81907
2017-11-27 12:00:00,465.77,468.49,465.77,468.43,152.76099
2017-11-27 12:15:00,468.43,470.0,466.95,469.98,195.76152
2017-11-27 12:30:00,469.98,477.0,467.77,476.59,317.32588
2017-11-27 12:45:00,475.0,479.98,475.0,476.58,309.7891
2017-11-27 13:00:00,477.0,478.05,475.0,476.57,370.2645
2017-11-27 13:15:00,476.55,477.55,473.1,475.0,345.1654
2017-11-27 13:30:00,474.99,477.54,474.21,476.04,314.75145
2017-11-27 13:45:00,476.0,480.1,475.61,478.15,287.54861
2017-11-27 14:00:00,479.87,482.98,478.38,482.98,318.79019
2017-11-27 14:15:00,482.04,485.34,482.04,483.27,386.25324
2017-11-27 14:30:00,483.31,484.99,482.04,484.67,208.44974
2017-11-27 14:45:00,484.04,486.94,483.69,485.99,458.39498
2017-11-27 15:00:00,485.9,486.79,481.0,484.98,465.29838
2017-11-27 15:15:00,481.41,485.78,480.0,481.13,127.17021
2017-11-27 15:30:00,482.52,484.03,480.84,484.02,197.50247
2017-11-27 15:45:00,484.0,485.8,483.0,483.0,205.18218
2017-11-27 16:00:00,482.98,485.3,481.22,484.78,404.77713
2017-11-27 16:15:00,483.32,484.91,481.22,481.33,255.45549
2017-11-27 16:30:00,481.99,482.02,480.98,480.98,469.23237
2017-11-27 16:45:00,480.98,483.1,480.0,480.77,214.2113
2017-11-27 17:00:00,480.94,482.86,473.12,477.72,394.06212
2017-11-27 17:15:00,477.71,477.71,464.5,464.5,432.80332
2017-11-27 17:30:00,464.5,466.99,453.0,453.52,834.59972
2017-11-27 17:45:00,454.01,463.88,453.51,459.92,813.87759
2017-11-27 18:00:00,459.91,464.93,455.39,463.55,311.19963
2017-11-27 18:15:00,463.54,463.94,459.02,461.94,220.97791
2017-11-27 18:30:00,461.9,463.88,459.06,463.88,235.54065
2017-11-27 18:45:00,463.91,469.0,463.88,466.09,384.78984
2017-11-27 19:00:00,466.11,469.92,465.14,467.83,264.59505
2017-11-27 19:15:00,467.3,467.81,464.15,467.2,185.79173
2017-11-27 19:30:00,466.53,471.51,466.21,471.44,338.19699
2017-11-27 19:45:00,471.42,473.96,469.01,472.27,197.59888
2017-11-27 20:00:00,472.95,472.95,469.13,470.65,192.44115
2017-11-27 20:15:00,470.64,471.74,469.01,469.03,358.99455
2017-11-27 20:30:00,469.03,471.58,467.0,470.02,272.59112
2017-11-27 20:45:00,471.58,471.59,467.23,469.97,136.2113
2017-11-27 21:00:00,468.77,471.7,468.53,471.7,201.32882
2017-11-27 21:15:00,470.6,472.97,470.6,471.42,150.22132
2017-11-27 21:30:00,472.76,472.76,469.91,470.36,251.19091
2017-11-27 21:45:00,470.38,472.25,469.3,471.39,204.95184
2017-11-27 22:00:00,471.41,475.0,471.16,474.98,89.3119
2017-11-27 22:15:00,473.05,478.0,471.43,476.13,118.05954
2017-11-27 22:30:00,477.84,479.98,476.05,478.0,196.14817
2017-11-27 22:45:00,479.0,481.19,477.14,477.16,357.73992
2017-11-27 23:00:00,477.16,478.9,475.62,478.57,196.64723
2017-11-27 23:15:00,478.42,478.44,475.01,475.03,205.56765
2017-11-27 23:30:00,475.01,475.4,472.01,473.99,306.71434
2017-11-27 23:45:00,473.99,474.0,472.28,473.08,234.62322
2017-11-28 00:00:00,473.09,478.7,473.0,476.4,131.07919
2017-11-28 00:15:00,476.12,476.99,474.01,475.11,138.0575
2017-11-28 00:30:00,475.99,476.59,468.06,469.33,411.48044
2017-11-28 00:45:00,468.1,470.51,467.01,469.77,351.40497
2017-11-28 01:00:00,469.73,469.73,463.49,466.95,357.52435
2017-11-28 01:15:00,464.9,466.96,460.29,461.92,231.6782
2017-11-28 01:30:00,461.92,464.44,460.3,463.53,143.36133
2017-11-28 01:45:00,463.7,466.98,463.7,466.0,115.39456
2017-11-28 02:00:00,466.01,468.91,460.53,467.9,153.14198
2017-11-28 02:15:00,465.08,468.95,464.99,467.58,93.69256
2017-11-28 02:30:00,467.58,468.89,466.05,467.23,180.39027
2017-11-28 02:45:00,467.23,468.94,466.03,468.59,128.31183
2017-11-28 03:00:00,468.75,468.76,466.71,467.13,74.2157
2017-11-28 03:15:00,467.13,468.5,466.94,467.14,216.95476
2017-11-28 03:30:00,467.15,468.5,467.14,467.54,242.10448
2017-11-28 03:45:00,468.45,476.5,465.99,470.0,314.35894
2017-11-28 04:00:00,470.0,470.0,466.03,468.0,159.67149
2017-11-28 04:15:00,468.46,468.48,465.22,468.35,148.52292
2017-11-28 04:30:00,468.34,472.0,465.01,468.04,161.61267
2017-11-28 04:45:00,468.06,471.43,468.06,470.36,149.43252
2017-11-28 05:00:00,469.95,470.87,469.0,470.85,114.85397
2017-11-28 05:15:00,470.83,475.0,469.64,472.3,147.02091
2017-11-28 05:30:00,472.56,474.94,466.3,469.54,75.21741
2017-11-28 05:45:00,469.59,472.87,469.59,472.14,128.60171
2017-11-28 06:00:00,472.05,472.95,469.33,472.85,99.83368
2017-11-28 06:15:00,472.84,474.39,470.58,474.26,34.25021
2017-11-28 06:30:00,474.26,475.0,472.36,474.43,144.04839
2017-11-28 06:45:00,474.99,475.0,472.16,473.0,196.86666
2017-11-28 07:00:00,472.31,474.0,470.45,471.78,71.47633
2017-11-28 07:15:00,473.96,474.97,471.63,474.54,185.22115
2017-11-28 07:30:00,474.54,474.99,471.63,473.61,166.20536
2017-11-28 07:45:00,473.7,474.8,469.11,472.31,144.06132
2017-11-28 08:00:00,472.32,472.32,469.23,471.91,184.40274
2017-11-28 08:15:00,471.88,473.88,470.62,472.01,170.42224
2017-11-28 08:30:00,473.87,474.39,472.08,473.97,243.02489
2017-11-28 08:45:00,474.0,474.26,472.4,473.61,120.0017
2017-11-28 09:00:00,472.4,473.99,470.7,470.7,175.4708
2017-11-28 09:15:00,471.98,473.94,470.7,470.77,230.18797
2017-11-28 09:30:00,470.8,472.47,465.97,469.99,176.81617
2017-11-28 09:45:00,469.98,470.96,466.68,469.98,338.12216
2017-11-28 10:00:00,469.99,472.68,469.02,472.48,393.36843
2017-11-28 10:15:00,472.66,474.0,471.15,474.0,313.52544
2017-11-28 10:30:00,474.23,475.0,470.01,474.01,369.54444
2017-11-28 10:45:00,474.01,474.39,470.54,472.07,139.90142
2017-11-28 11:00:00,472.26,474.03,470.71,472.41,338.44531
2017-11-28 11:15:00,474.03,474.03,471.02,473.64,146.18051
2017-11-28 11:30:00,473.62,475.99,472.98,475.5,242.53794
2017-11-28 11:45:00,474.98,477.27,474.0,475.59,561.93672
2017-11-28 12:00:00,475.57,475.66,472.5,474.42,113.01257
2017-11-28 12:15:00,474.42,475.54,472.51,474.99,328.28838
2017-11-28 12:30:00,474.95,477.5,473.98,476.04,127.09647
2017-11-28 12:45:00,477.43,477.5,474.8,476.87,233.67979
2017-11-28 13:00:00,476.87,476.87,472.55,476.06,215.7616
2017-11-28 13:15:00,475.98,476.0,474.02,475.88,169.04106
2017-11-28 13:30:00,475.87,475.89,472.67,475.17,362.69393
2017-11-28 13:45:00,472.67,475.88,472.6,475.05,251.32779
2017-11-28 14:00:00,475.86,475.87,472.02,472.51,352.77138
2017-11-28 14:15:00,474.97,474.97,470.53,472.68,369.62002
2017-11-28 14:30:00,472.68,474.39,471.73,473.14,188.94361
2017-11-28 14:45:00,473.2,474.5,473.09,473.66,156.30909
2017-11-28 15:00:00,473.65,474.49,472.19,474.1,271.23609
2017-11-28 15:15:00,474.11,475.89,473.0,473.61,225.62068
2017-11-28 15:30:00,473.6,475.81,472.75,474.67,235.47368
2017-11-28 15:45:00,474.56,474.56,472.31,473.3,195.46625
2017-11-28 16:00:00,473.3,473.3,471.25,472.4,361.78052
2017-11-28 16:15:00,472.02,472.4,466.0,468.8,524.41201
2017-11-28 16:30:00,468.49,472.0,465.6,470.89,388.38892
2017-11-28 16:45:00,468.26,472.36,468.26,470.16,201.58656
2017-11-28 17:00:00,470.17,473.0,470.17,471.13,132.49591
2017-11-28 17:15:00,471.18,472.58,470.2,471.44,197.32076
2017-11-28 17:30:00,471.44,472.0,471.0,471.9,229.66437
2017-11-28 17:45:00,472.0,472.0,470.19,471.78,310.41098
2017-11-28 18:00:00,471.0,471.01,468.34,469.05,192.11796
2017-11-28 18:15:00,469.04,469.7,468.0,468.08,321.46671
2017-11-28 18:30:00,468.69,469.39,468.5,469.37,183.43643
2017-11-28 18:45:00,468.57,469.37,467.28,468.34,110.48332
2017-11-28 19:00:00,468.35,469.38,467.49,468.58,168.13766
2017-11-28 19:15:00,468.44,471.01,467.53,467.54,193.29196
2017-11-28 19:30:00,467.55,468.5,467.01,467.03,133.1526
2017-11-28 19:45:00,468.32,470.95,467.01,469.57,440.70136
2017-11-28 20:00:00,469.52,469.97,462.98,464.85,453.9089
2017-11-28 20:15:00,464.48,464.48,461.3,462.05,217.07049
2017-11-28 20:30:00,463.06,465.97,461.34,461.34,328.26869
2017-11-28 20:45:00,461.98,461.98,455.0,455.05,729.21742
2017-11-28 21:00:00,455.05,457.75,453.5,457.75,798.79277
2017-11-28 21:15:00,457.75,463.38,455.27,460.97,465.76777
2017-11-28 21:30:00,460.96,462.0,457.15,461.03,494.2226
2017-11-28 21:45:00,461.07,467.01,460.0,466.1,347.82512
2017-11-28 22:00:00,466.12,469.96,465.89,468.23,404.61573
2017-11-28 22:15:00,469.91,469.98,464.04,467.05,243.33343
2017-11-28 22:30:00,467.07,469.98,465.86,469.9,235.0691
2017-11-28 22:45:00,469.87,469.96,468.31,469.47,266.82625
2017-11-28 23:00:00,469.49,470.0,467.43,468.71,416.20006
2017-11-28 23:15:00,469.94,469.94,466.0,467.28,383.42094
2017-11-28 23:30:00,467.28,467.38,463.7,465.1,294.49642
2017-11-28 23:45:00,465.22,467.27,465.12,467.22,305.14932
2017-11-29 00:00:00,466.05,468.81,466.05,468.79,271.29474
2017-11-29 00:15:00,467.1,468.96,466.15,466.23,163.34361
2017-11-29 00:30:00,466.23,468.52,464.04,466.39,270.27042
2017-11-29 00:45:00,465.04,468.91,465.03,466.63,275.78325
2017-11-29 01:00:00,466.63,468.17,465.04,465.04,212.85188
2017-11-29 01:15:00,465.75,466.5,464.58,464.64,157.30113
2017-11-29 01:30:00,464.65,466.0,464.64,465.47,120.16733
2017-11-29 01:45:00,465.45,465.46,464.0,464.74,181.67778
2017-11-29 02:00:00,464.71,464.71,459.31,462.65,172.27882
2017-11-29 02:15:00,462.66,465.77,462.65,463.03,543.37579
2017-11-29 02:30:00,464.92,465.89,463.07,464.0,132.29869
2017-11-29 02:45:00,464.0,465.89,463.09,463.96,146.86807
2017-11-29 03:00:00,465.87,465.87,462.91,462.91,107.21254
2017-11-29 03:15:00,464.54,464.8,462.92,463.02,122.24826
2017-11-29 03:30:00,463.03,464.63,460.43,463.04,121.13866
2017-11-29 03:45:00,463.04,465.81,463.03,465.77,315.59212
2017-11-29 04:00:00,465.0,465.89,464.03,465.49,149.74634
2017-11-29 04:15:00,465.49,469.8,464.06,466.02,273.68467
2017-11-29 04:30:00,466.02,466.88,466.0,466.31,114.92303
2017-11-29 04:45:00,466.31,466.75,465.47,466.61,79.52193
2017-11-29 05:00:00,466.61,470.0,466.59,469.83,155.1207
2017-11-29 05:15:00,469.82,474.99,468.02,471.06,237.46122
2017-11-29 05:30:00,471.08,473.48,468.03,468.18,84.14985
2017-11-29 05:45:00,470.71,470.71,465.44,469.76,70.45068
2017-11-29 06:00:00,467.46,469.97,465.41,468.96,251.10376
2017-11-29 06:15:00,468.81,468.81,465.0,466.88,91.76035
2017-11-29 06:30:00,466.85,466.99,464.36,465.94,169.89294
2017-11-29 06:45:00,465.94,466.99,461.0,466.0,93.57725
2017-11-29 07:00:00,466.0,466.71,465.75,465.8,146.36121
2017-11-29 07:15:00,466.26,466.51,464.12,464.16,67.29106
2017-11-29 07:30:00,464.13,465.29,462.19,463.7,107.50647
2017-11-29 07:45:00,464.0,466.68,462.84,466.17,147.7293
2017-11-29 08:00:00,466.17,468.95,462.8,468.92,195.84418
2017-11-29 08:15:00,468.87,470.98,465.86,470.89,219.40843
2017-11-29 08:30:00,470.88,472.97,468.13,471.98,338.16337
2017-11-29 08:45:00,471.98,472.7,468.31,470.8,307.50779
2017-11-29 09:00:00,470.86,472.35,469.25,469.25,210.45225
2017-11-29 09:15:00,471.9,471.91,467.53,468.78,134.58113
2017-11-29 09:30:00,468.0,469.53,465.13,467.98,198.09359
2017-11-29 09:45:00,467.0,470.88,465.0,469.59,549.34645
2017-11-29 10:00:00,465.12,470.0,465.12,467.97,243.83356
2017-11-29 10:15:00,467.97,474.0,466.15,472.72,343.29509
2017-11-29 10:30:00,474.0,480.0,472.82,479.97,638.69166
2017-11-29 10:45:00,479.97,480.0,476.06,476.07,379.1967
2017-11-29 11:00:00,476.07,479.1,474.5,477.55,316.4511
2017-11-29 11:15:00,477.56,479.5,472.72,474.95,310.46791
2017-11-29 11:30:00,474.91,474.93,470.2,471.01,306.23764
2017-11-29 11:45:00,471.03,473.69,469.01,472.93,595.84493
2017-11-29 12:00:00,472.67,474.85,470.3,471.19,458.52218
2017-11-29 12:15:00,472.0,474.5,470.34,473.98,253.793
2017-11-29 12:30:00,474.0,475.0,473.97,474.92,329.25835
2017-11-29 12:45:00,474.97,477.91,474.21,474.25,199.04359
2017-11-29 13:00:00,474.21,476.8,470.9,473.93,405.20707
2017-11-29 13:15:00,473.9,474.8,469.0,472.56,249.20582
2017-11-29 13:30:00,469.03,472.52,455.0,459.68,965.23903
2017-11-29 13:45:00,465.94,466.99,455.02,456.06,880.19572
2017-11-29 14:00:00,459.34,470.0,455.0,466.87,862.93865
2017-11-29 14:15:00,469.77,471.0,460.0,464.89,475.84717
2017-11-29 14:30:00,464.77,469.91,460.0,460.0,212.13444
2017-11-29 14:45:00,460.01,460.99,456.5,457.24,190.61651
2017-11-29 15:00:00,458.47,461.71,457.24,460.0,197.07371
2017-11-29 15:15:00,458.91,465.74,458.52,460.59,430.98175
2017-11-29 15:30:00,464.99,465.88,460.0,462.0,474.49092
2017-11-29 15:45:00,465.74,466.96,462.02,464.45,548.33087
2017-11-29 16:00:00,464.43,466.74,464.06,464.52,189.43214
2017-11-29 16:15:00,465.77,467.0,464.02,467.0,223.99177
2017-11-29 16:30:00,466.99,468.47,464.03,464.23,270.40646
2017-11-29 16:45:00,464.32,470.49,464.32,469.08,270.15373
2017-11-29 17:00:00,470.4,471.84,469.05,469.05,362.23461
2017-11-29 17:15:00,469.04,470.97,469.04,470.0,180.78374
2017-11-29 17:30:00,470.69,470.9,468.01,470.89,283.01411
2017-11-29 17:45:00,469.93,472.0,468.36,470.05,180.73668
2017-11-29 18:00:00,470.1,472.51,470.0,470.59,232.66881
2017-11-29 18:15:00,470.61,471.6,469.22,469.99,381.02531
2017-11-29 18:30:00,469.78,472.0,469.78,472.0,173.49849
2017-11-29 18:45:00,470.71,475.0,470.71,473.22,144.89214
2017-11-29 19:00:00,473.26,475.99,473.21,473.9,430.09129
2017-11-29 19:15:00,473.91,476.5,473.23,473.25,333.89781
2017-11-29 19:30:00,473.25,475.79,470.11,471.21,262.24175
2017-11-29 19:45:00,473.93,475.84,469.54,474.9,848.58533
2017-11-29 20:00:00,475.0,481.86,474.51,479.98,548.48675
2017-11-29 20:15:00,479.98,489.12,478.05,488.88,682.58465
2017-11-29 20:30:00,487.2,495.0,487.2,491.01,1059.34997
2017-11-29 20:45:00,491.02,506.0,491.02,505.46,735.82172
2017-11-29 21:00:00,505.49,515.0,502.01,506.51,1291.37894
2017-11-29 21:15:00,509.39,510.0,503.13,505.15,420.41649
2017-11-29 21:30:00,505.14,505.16,496.11,502.95,490.88069
2017-11-29 21:45:00,501.78,503.81,500.0,500.41,282.69554
2017-11-29 22:00:00,500.41,505.09,500.19,502.62,433.33574
2017-11-29 22:15:00,502.62,503.66,495.0,495.04,656.20439
2017-11-29 22:30:00,497.98,502.43,493.9,499.11,267.36715
2017-11-29 22:45:00,499.12,503.99,499.11,501.99,337.13305
2017-11-29 23:00:00,501.99,502.98,493.31,498.88,978.00563
2017-11-29 23:15:00,495.24,502.86,480.01,486.32,949.76846
2017-11-29 23:30:00,486.31,488.77,468.0,480.0,2669.30725
2017-11-29 23:45:00,480.14,488.0,475.64,484.96,541.27801
2017-11-30 00:00:00,484.55,485.0,476.82,477.7,862.50633
2017-11-30 00:15:00,476.03,485.02,476.03,484.03,247.49847
2017-11-30 00:30:00,484.32,487.0,482.24,485.26,249.2044
2017-11-30 00:45:00,486.02,488.04,478.44,483.85,484.52998
2017-11-30 01:00:00,480.03,480.88,475.0,477.82,230.25826
2017-11-30 01:15:00,476.03,482.95,475.01,477.92,319.20597
2017-11-30 01:30:00,475.5,477.88,471.21,471.51,349.9607
2017-11-30 01:45:00,472.89,474.99,470.0,470.97,470.73785
2017-11-30 02:00:00,470.0,477.81,469.91,475.45,272.35173
2017-11-30 02:15:00,475.46,477.79,468.0,468.0,191.4189
2017-11-30 02:30:00,468.66,472.77,465.6,465.7,291.19169
2017-11-30 02:45:00,465.7,465.7,458.0,458.09,486.0126
2017-11-30 03:00:00,460.88,465.66,452.0,460.04,645.18297
2017-11-30 03:15:00,460.04,469.17,438.58,443.02,1549.78464
2017-11-30 03:30:00,440.1,443.02,385.0,425.0,2045.4272
2017-11-30 03:45:00,425.0,427.0,397.99,419.76,1433.93856
2017-11-30 04:00:00,419.0,436.01,412.01,430.5,1073.07214
2017-11-30 04:15:00,433.81,449.97,420.0,436.34,1223.59544
2017-11-30 04:30:00,437.75,443.52,420.0,426.0,745.33511
2017-11-30 04:45:00,426.0,427.5,398.91,405.0,971.90325
2017-11-30 05:00:00,409.97,425.02,400.05,411.97,662.3551
2017-11-30 05:15:00,411.98,420.03,410.0,420.03,395.19146
2017-11-30 05:30:00,420.1,430.0,414.11,419.98,695.3017
2017-11-30 05:45:00,419.99,437.86,419.97,432.97,440.13939
2017-11-30 06:00:00,432.0,436.8,420.0,420.0,798.97311
2017-11-30 06:15:00,422.02,436.9,420.02,436.9,358.55894
2017-11-30 06:30:00,436.97,437.0,429.5,433.12,354.62339
2017-11-30 06:45:00,433.12,434.87,421.05,434.0,512.60096
2017-11-30 07:00:00,434.0,438.33,430.97,434.14,565.46679
2017-11-30 07:15:00,434.12,437.96,416.65,424.9,1476.96994
2017-11-30 07:30:00,424.89,424.89,411.02,413.02,772.40263
2017-11-30 07:45:00,413.02,423.96,411.0,421.7,605.83295
2017-11-30 08:00:00,421.92,426.07,417.33,425.73,471.60299
2017-11-30 08:15:00,425.72,439.0,422.91,436.12,786.82636
2017-11-30 08:30:00,437.0,438.99,430.01,430.04,546.21263
2017-11-30 08:45:00,430.05,437.99,430.0,436.23,347.95646
2017-11-30 09:00:00,434.72,438.5,431.0,437.13,178.31164
2017-11-30 09:15:00,438.48,448.77,437.09,447.99,590.19575
2017-11-30 09:30:00,446.01,450.0,440.52,443.79,914.93285
2017-11-30 09:45:00,443.81,450.86,443.81,450.77,673.3599
2017-11-30 10:00:00,449.06,449.13,443.81,445.75,269.84795
2017-11-30 10:15:00,447.37,447.62,436.19,437.57,460.67105
2017-11-30 10:30:00,437.55,445.98,436.61,444.05,403.62077
2017-11-30 10:45:00,444.04,445.97,442.03,444.69,206.82562
2017-11-30 11:00:00,445.24,448.95,444.7,447.71,298.15968
2017-11-30 11:15:00,447.7,449.0,444.0,447.98,355.82776
2017-11-30 11:30:00,447.84,451.97,447.3,449.17,339.57041
2017-11-30 11:45:00,450.95,451.96,446.5,450.23,316.66662
2017-11-30 12:00:00,450.22,454.9,448.98,453.24,538.05535
2017-11-30 12:15:00,453.24,460.0,450.0,451.07,433.73628
2017-11-30 12:30:00,451.1,453.91,450.62,452.23,280.1933
2017-11-30 12:45:00,452.24,453.18,447.97,449.11,439.36768
2017-11-30 13:00:00,449.26,451.58,448.02,448.14,316.59662
2017-11-30 13:15:00,449.7,449.88,440.1,443.5,373.87066
2017-11-30 13:30:00,442.73,444.31,435.59,438.76,417.80025
2017-11-30 13:45:00,438.75,440.7,434.0,439.42,448.90667
2017-11-30 14:00:00,441.14,443.0,423.0,424.02,521.40388
2017-11-30 14:15:00,424.02,429.66,418.11,425.01,1032.44293
2017-11-30 14:30:00,427.65,427.8,418.07,418.07,941.02927
2017-11-30 14:45:00,419.14,433.24,419.14,426.01,1038.11939
2017-11-30 15:00:00,426.0,436.81,423.03,435.36,572.03906
2017-11-30 15:15:00,435.35,436.59,430.0,434.85,473.43256
2017-11-30 15:30:00,434.83,434.85,428.26,431.92,437.36513
2017-11-30 15:45:00,431.46,434.49,429.19,434.43,262.68853
2017-11-30 16:00:00,434.47,441.5,431.87,439.73,467.44462
2017-11-30 16:15:00,439.31,447.5,438.62,443.0,547.1878
2017-11-30 16:30:00,443.0,444.9,436.18,438.3,479.69918
2017-11-30 16:45:00,437.66,442.98,436.82,441.8,325.07119
2017-11-30 17:00:00,441.94,446.99,439.76,444.57,379.83735
2017-11-30 17:15:00,443.55,445.83,443.55,443.92,298.77181
2017-11-30 17:30:00,443.92,445.78,436.94,438.94,354.12061
2017-11-30 17:45:00,440.12,441.91,437.01,440.98,273.57704
2017-11-30 18:00:00,440.98,442.3,440.98,440.99,409.36964
2017-11-30 18:15:00,440.99,441.12,426.31,429.86,356.19075
2017-11-30 18:30:00,428.1,432.85,425.94,426.89,537.68282
2017-11-30 18:45:00,429.96,429.96,415.49,415.49,625.55106
2017-11-30 19:00:00,416.42,425.0,415.16,421.73,1022.79563
2017-11-30 19:15:00,419.05,431.86,418.02,420.26,670.62968
2017-11-30 19:30:00,423.31,425.66,421.04,424.15,502.98205
2017-11-30 19:45:00,424.24,433.62,421.0,422.0,551.76788
2017-11-30 20:00:00,421.57,424.12,416.02,418.46,302.68936
2017-11-30 20:15:00,419.56,423.72,418.09,422.61,521.29353
2017-11-30 20:30:00,422.6,425.99,421.38,423.51,540.47898
2017-11-30 20:45:00,423.51,424.0,419.96,423.04,487.44059
2017-11-30 21:00:00,423.43,423.47,418.1,418.1,627.26499
2017-11-30 21:15:00,418.12,419.0,398.13,398.17,929.52233
2017-11-30 21:30:00,398.24,407.97,398.04,403.4,847.17112
2017-11-30 21:45:00,403.39,403.4,390.0,393.85,1372.64181
2017-11-30 22:00:00,393.85,399.98,387.01,397.0,861.70176
2017-11-30 22:15:00,395.72,401.95,390.11,393.99,714.89847
2017-11-30 22:30:00,393.97,395.98,390.12,395.03,599.02398
2017-11-30 22:45:00,395.03,408.66,393.89,405.9,943.98875
2017-11-30 23:00:00,405.88,410.0,400.23,403.21,510.19812
2017-11-30 23:15:00,403.21,404.49,393.91,396.44,682.15056
2017-11-30 23:30:00,395.0,398.95,388.98,394.0,696.75231
2017-11-30 23:45:00,394.0,395.71,390.55,392.77,416.18639
2017-12-01 00:00:00,392.76,396.99,389.0,396.81,679.39268
2017-12-01 00:15:00,396.81,398.0,394.5,394.51,467.80054
2017-12-01 00:30:00,394.51,399.4,390.0,396.44,553.19054
2017-12-01 00:45:00,396.42,400.0,395.48,399.01,481.4265
2017-12-01 01:00:00,399.43,399.99,395.8,398.0,386.27469
2017-12-01 01:15:00,398.0,398.43,393.56,396.15,291.65622
2017-12-01 01:30:00,395.0,404.79,394.67,404.79,255.14335
2017-12-01 01:45:00,404.79,410.0,401.02,408.02,341.37789
2017-12-01 02:00:00,408.99,415.71,407.25,413.45,286.50036
2017-12-01 02:15:00,413.09,418.0,411.13,416.45,470.1166
2017-12-01 02:30:00,415.23,416.46,408.03,410.32,196.62802
2017-12-01 02:45:00,413.43,420.0,410.42,412.3,444.74071
2017-12-01 03:00:00,414.7,417.09,412.3,413.31,115.26757
2017-12-01 03:15:00,419.45,425.0,414.31,425.0,479.27241
2017-12-01 03:30:00,425.0,425.7,416.37,425.69,255.85253
2017-12-01 03:45:00,425.69,433.0,425.69,431.09,394.41007
2017-12-01 04:00:00,431.09,432.99,414.5,416.89,504.32905
2017-12-01 04:15:00,416.88,423.18,414.52,422.72,234.88073
2017-12-01 04:30:00,422.72,425.79,414.0,415.12,156.5377
2017-12-01 04:45:00,421.41,421.41,412.19,416.75,174.87516
2017-12-01 05:00:00,416.74,423.74,416.74,421.26,246.94714
2017-12-01 05:15:00,421.26,423.81,421.25,423.02,180.40853
2017-12-01 05:30:00,423.36,427.11,421.35,425.33,218.6997
2017-12-01 05:45:00,425.45,432.44,425.45,428.6,283.41911
2017-12-01 06:00:00,429.0,432.99,427.1,432.99,169.3271
2017-12-01 06:15:00,432.99,438.8,427.74,435.0,366.23151
2017-12-01 06:30:00,434.35,435.1,428.22,434.11,265.44083
2017-12-01 06:45:00,434.1,434.1,427.64,430.88,297.53386
2017-12-01 07:00:00,430.01,433.26,430.01,430.21,333.64584
2017-12-01 07:15:00,430.27,438.23,430.27,437.92,225.01515
2017-12-01 07:30:00,437.9,441.0,431.76,432.95,506.38116
2017-12-01 07:45:00,433.0,433.69,427.43,427.43,377.78124
2017-12-01 08:00:00,428.05,432.11,427.57,430.86,307.16528
2017-12-01 08:15:00,429.63,431.2,427.12,427.88,337.5169
2017-12-01 08:30:00,427.11,430.24,425.25,427.45,344.15614
2017-12-01 08:45:00,426.31,427.36,418.33,421.42,337.03473
2017-12-01 09:00:00,421.38,421.39,416.39,418.99,394.2105
2017-12-01 09:15:00,418.99,423.99,417.31,417.31,322.4542
2017-12-01 09:30:00,418.18,422.61,417.38,421.25,445.94137
2017-12-01 09:45:00,421.36,423.93,421.01,421.72,369.50938
2017-12-01 10:00:00,422.56,422.57,419.0,419.52,349.00263
2017-12-01 10:15:00,420.48,420.83,417.12,419.93,466.72498
2017-12-01 10:30:00,419.01,422.82,419.01,421.53,686.56513
2017-12-01 10:45:00,421.52,427.81,421.52,426.12,469.1299
2017-12-01 11:00:00,426.55,427.0,422.99,424.65,370.93638
2017-12-01 11:15:00,423.81,424.5,420.75,424.02,254.94119
2017-12-01 11:30:00,422.26,424.86,422.11,424.66,230.7198
2017-12-01 11:45:00,424.65,427.67,424.02,426.01,269.23572
2017-12-01 12:00:00,427.27,427.39,423.75,427.29,250.51572
2017-12-01 12:15:00,427.36,432.93,426.6,432.89,230.36586
2017-12-01 12:30:00,432.44,432.93,430.01,431.85,227.36329
2017-12-01 12:45:00,431.44,431.87,426.03,430.9,257.87504
2017-12-01 13:00:00,431.0,431.33,428.32,429.51,280.73508
2017-12-01 13:15:00,428.32,429.37,425.58,427.09,105.77629
2017-12-01 13:30:00,427.03,427.03,421.11,422.99,200.02084
2017-12-01 13:45:00,421.86,422.98,420.22,422.09,156.3457
2017-12-01 14:00:00,422.15,425.04,420.13,423.0,278.09242
2017-12-01 14:15:00,422.57,424.99,422.0,424.56,142.94404
2017-12-01 14:30:00,424.67,424.76,421.0,424.15,200.82811
2017-12-01 14:45:00,422.03,424.12,416.42,417.98,271.56743
2017-12-01 15:00:00,417.69,418.87,413.74,416.22,679.92801
2017-12-01 15:15:00,416.22,417.95,415.22,416.18,157.32663
2017-12-01 15:30:00,416.2,422.56,415.02,420.5,839.91443
2017-12-01 15:45:00,420.08,420.11,417.92,418.8,379.51494
2017-12-01 16:00:00,419.81,423.71,418.73,423.17,349.89383
2017-12-01 16:15:00,423.11,425.1,420.01,424.4,691.82551
2017-12-01 16:30:00,424.4,425.96,422.0,422.95,440.07904
2017-12-01 16:45:00,422.49,428.0,421.54,427.02,219.28286
2017-12-01 17:00:00,427.28,427.55,424.03,427.03,228.64725
2017-12-01 17:15:00,427.06,429.39,426.11,428.7,333.31349
2017-12-01 17:30:00,429.03,432.99,428.15,430.0,367.29689
2017-12-01 17:45:00,427.59,433.5,427.59,432.02,438.57857
2017-12-01 18:00:00,433.0,437.34,430.21,430.52,693.82733
2017-12-01 18:15:00,433.0,433.03,430.14,430.14,367.36938
2017-12-01 18:30:00,430.14,431.82,429.3,431.62,284.87193
2017-12-01 18:45:00,430.99,431.62,427.71,428.48,302.27056
2017-12-01 19:00:00,428.48,431.5,427.7,431.5,333.33639
2017-12-01 19:15:00,431.5,433.08,431.5,433.0,334.86052
2017-12-01 19:30:00,432.68,434.89,432.28,433.16,367.98626
2017-12-01 19:45:00,433.58,434.0,431.8,433.0,305.13802
2017-12-01 20:00:00,433.16,441.0,433.0,441.0,829.47052
2017-12-01 20:15:00,441.1,450.0,439.72,445.05,578.32805
2017-12-01 20:30:00,445.05,446.83,440.04,443.27,407.15164
2017-12-01 20:45:00,443.05,446.83,440.0,442.43,503.59754
2017-12-01 21:00:00,442.43,451.0,440.21,451.0,607.6954
2017-12-01 21:15:00,450.01,451.45,447.0,448.7,457.38006
2017-12-01 21:30:00,448.48,453.49,446.39,451.97,1238.5731
2017-12-01 21:45:00,451.96,457.83,451.96,456.32,645.64048
2017-12-01 22:00:00,453.59,456.48,449.04,450.0,590.12131
2017-12-01 22:15:00,450.8,455.98,450.0,452.03,433.51834
2017-12-01 22:30:00,452.04,452.79,442.94,449.1,627.18918
2017-12-01 22:45:00,447.9,450.0,439.1,443.97,413.44272
2017-12-01 23:00:00,443.97,447.0,441.0,443.94,332.13308
2017-12-01 23:15:00,441.08,444.97,441.06,444.75,665.29349
2017-12-01 23:30:00,444.23,448.89,444.23,445.21,495.15259
2017-12-01 23:45:00,445.83,449.5,445.83,446.66,465.21364
2017-12-02 00:00:00,448.23,450.0,445.2,445.64,327.31854
2017-12-02 00:15:00,445.5,449.99,443.73,445.62,291.53059
2017-12-02 00:30:00,445.61,448.04,444.94,447.83,283.13778
2017-12-02 00:45:00,446.65,449.99,446.53,449.99,342.33491
2017-12-02 01:00:00,449.99,450.0,446.62,446.62,143.27562
2017-12-02 01:15:00,447.8,449.96,446.54,448.08,148.54533
2017-12-02 01:30:00,448.07,449.89,447.2,448.95,226.68255
2017-12-02 01:45:00,448.93,449.88,446.54,447.68,161.02398
2017-12-02 02:00:00,447.68,449.02,447.68,448.94,115.09512
2017-12-02 02:15:00,448.94,449.85,448.9,449.8,136.59509
2017-12-02 02:30:00,449.78,451.99,449.0,451.95,299.73764
2017-12-02 02:45:00,451.03,453.0,450.98,452.03,142.47779
2017-12-02 03:00:00,452.0,453.55,450.58,451.52,346.68168
2017-12-02 03:15:00,451.5,452.93,450.07,452.92,222.83819
2017-12-02 03:30:00,452.92,455.0,452.42,454.41,377.85803
2017-12-02 03:45:00,455.0,456.0,454.22,454.58,128.50547
2017-12-02 04:00:00,456.0,458.2,454.79,457.04,257.23703
2017-12-02 04:15:00,457.62,463.0,457.03,463.0,250.28676
2017-12-02 04:30:00,463.0,465.0,460.77,464.96,258.05076
2017-12-02 04:45:00,464.0,464.95,461.05,461.13,204.19959
2017-12-02 05:00:00,461.9,463.0,458.85,460.13,210.27358
2017-12-02 05:15:00,460.16,463.0,459.0,461.36,188.01268
2017-12-02 05:30:00,462.96,462.96,459.99,459.99,123.01678
2017-12-02 05:45:00,460.73,465.0,460.01,463.01,221.09846
2017-12-02 06:00:00,463.02,465.97,455.05,461.84,307.09454
2017-12-02 06:15:00,460.69,461.74,458.29,459.59,220.516
2017-12-02 06:30:00,459.63,460.79,456.11,457.45,173.63816
2017-12-02 06:45:00,457.46,457.46,455.69,456.4,182.69927
2017-12-02 07:00:00,456.39,457.43,455.1,456.99,220.45713
2017-12-02 07:15:00,456.99,457.25,451.0,454.95,179.31003
2017-12-02 07:30:00,454.91,455.0,452.08,454.99,105.37499
2017-12-02 07:45:00,454.97,459.0,454.97,457.51,314.47885
2017-12-02 08:00:00,457.53,459.45,457.0,457.91,298.80108
2017-12-02 08:15:00,458.45,463.54,457.5,463.54,440.77041
2017-12-02 08:30:00,463.54,463.54,460.2,462.26,419.50493
2017-12-02 08:45:00,463.52,463.52,460.2,460.32,380.42927
2017-12-02 09:00:00,460.9,464.97,460.21,462.31,229.46396
2017-12-02 09:15:00,463.09,465.98,462.32,465.1,383.19952
2017-12-02 09:30:00,465.96,468.91,465.1,468.4,405.06556
2017-12-02 09:45:00,468.4,469.75,466.19,467.37,584.32433
2017-12-02 10:00:00,467.37,468.48,463.27,465.78,288.50691
2017-12-02 10:15:00,465.02,465.91,462.44,464.07,480.44126
2017-12-02 10:30:00,464.0,466.02,463.23,465.82,461.6765
2017-12-02 10:45:00,465.8,466.89,463.0,465.0,360.64488
2017-12-02 11:00:00,464.99,465.0,459.74,460.66,414.067
2017-12-02 11:15:00,461.35,462.0,459.12,459.55,273.19279
2017-12-02 11:30:00,459.59,462.0,459.35,460.55,300.81973
2017-12-02 11:45:00,460.97,462.5,460.55,460.8,256.08248
2017-12-02 12:00:00,460.8,461.0,455.05,455.07,393.35559
2017-12-02 12:15:00,456.05,457.03,448.01,450.5,735.52506
2017-12-02 12:30:00,451.25,455.49,450.37,450.4,275.88491
2017-12-02 12:45:00,450.43,455.29,450.41,455.01,258.56017
2017-12-02 13:00:00,455.2,455.89,452.04,454.01,215.46599
2017-12-02 13:15:00,454.06,455.81,452.02,452.41,238.1569
2017-12-02 13:30:00,453.15,455.8,451.07,453.64,213.00241
2017-12-02 13:45:00,454.72,459.89,453.63,459.01,354.65439
2017-12-02 14:00:00,459.89,462.53,459.02,462.1,267.01589
2017-12-02 14:15:00,462.1,462.67,461.0,461.3,322.28773
2017-12-02 14:30:00,461.95,462.91,460.3,460.92,238.66884
2017-12-02 14:45:00,460.96,464.99,460.96,463.04,329.60638
2017-12-02 15:00:00,463.03,463.21,458.71,460.0,163.14562
2017-12-02 15:15:00,460.0,463.26,460.0,462.04,235.35276
2017-12-02 15:30:00,462.54,465.89,462.08,464.53,162.49787
2017-12-02 15:45:00,465.21,466.0,462.5,463.55,138.18084
2017-12-02 16:00:00,463.54,464.34,462.16,462.19,184.21034
2017-12-02 16:15:00,462.19,463.98,462.18,463.7,466.7967
2017-12-02 16:30:00,463.7,464.0,462.41,463.91,359.76005
2017-12-02 16:45:00,463.83,463.83,462.39,462.39,472.97572
2017-12-02 17:00:00,462.65,465.5,462.21,465.0,225.63365
2017-12-02 17:15:00,464.89,468.0,464.78,466.37,905.98639
2017-12-02 17:30:00,466.46,466.56,460.0,465.04,313.91739
2017-12-02 17:45:00,466.05,471.91,465.04,469.64,585.69345
2017-12-02 18:00:00,469.71,471.9,468.38,470.01,369.81086
2017-12-02 18:15:00,470.0,471.69,467.98,467.98,375.69988
2017-12-02 18:30:00,467.49,469.05,467.29,468.5,212.09519
2017-12-02 18:45:00,467.92,468.82,465.0,465.04,241.52432
2017-12-02 19:00:00,465.44,466.99,463.1,465.0,266.33363
2017-12-02 19:15:00,465.0,465.65,456.21,457.0,471.13521
2017-12-02 19:30:00,456.21,461.89,455.0,456.2,737.14711
2017-12-02 19:45:00,456.21,461.0,455.15,459.33,404.54307
2017-12-02 20:00:00,459.93,461.5,457.32,459.69,227.78461
2017-12-02 20:15:00,459.99,460.65,458.5,459.35,244.47612
2017-12-02 20:30:00,459.35,461.44,458.58,461.14,361.47655
2017-12-02 20:45:00,460.4,461.69,459.79,461.2,236.00259
2017-12-02 21:00:00,461.46,463.02,460.6,461.92,252.53492
2017-12-02 21:15:00,462.12,464.86,460.33,462.88,248.86966
2017-12-02 21:30:00,462.69,465.0,461.67,462.01,259.70023
2017-12-02 21:45:00,461.96,464.99,458.58,459.33,374.32774
2017-12-02 22:00:00,460.62,462.0,459.01,459.11,176.86362
2017-12-02 22:15:00,459.11,459.11,450.5,452.97,404.64464
2017-12-02 22:30:00,452.97,454.88,445.7,452.25,297.961
2017-12-02 22:45:00,453.0,456.54,450.51,455.01,280.56818
2017-12-02 23:00:00,455.68,460.0,455.05,457.88,163.85057
2017-12-02 23:15:00,457.88,457.93,452.1,452.16,255.04374
2017-12-02 23:30:00,453.75,455.73,451.73,451.73,178.9333
2017-12-02 23:45:00,451.73,451.73,445.0,450.01,355.05094
2017-12-03 00:00:00,450.02,453.91,450.0,450.85,90.24171
2017-12-03 00:15:00,450.85,452.47,448.9,450.0,355.24631
2017-12-03 00:30:00,450.0,452.97,450.0,452.94,165.58851
2017-12-03 00:45:00,452.97,455.71,451.84,455.71,171.75049
2017-12-03 01:00:00,455.31,456.93,452.09,456.13,162.48844
2017-12-03 01:15:00,456.13,461.63,456.13,460.16,195.53469
2017-12-03 01:30:00,460.18,461.0,456.11,457.9,238.85921
2017-12-03 01:45:00,457.93,458.0,456.01,458.0,138.58353
2017-12-03 02:00:00,457.77,460.03,457.77,459.6,161.97656
2017-12-03 02:15:00,459.63,461.15,459.11,461.15,90.29246
2017-12-03 02:30:00,461.15,462.98,459.15,462.5,212.70714
2017-12-03 02:45:00,461.83,462.39,461.18,461.18,195.79196
2017-12-03 03:00:00,461.17,461.18,457.58,458.5,142.63616
2017-12-03 03:15:00,458.55,461.06,458.55,459.38,82.13787
2017-12-03 03:30:00,459.05,460.55,459.01,459.11,81.15576
2017-12-03 03:45:00,460.46,460.46,457.6,457.7,79.46906
2017-12-03 04:00:00,458.35,459.0,457.61,459.0,122.98689
2017-12-03 04:15:00,458.88,460.56,456.37,457.51,78.9783
2017-12-03 04:30:00,457.57,460.46,456.6,456.6,194.86162
2017-12-03 04:45:00,457.24,457.87,456.3,456.72,186.60388
2017-12-03 05:00:00,456.72,460.03,456.72,458.01,42.01407
2017-12-03 05:15:00,458.94,459.9,458.01,458.25,91.83548
2017-12-03 05:30:00,459.06,460.13,458.33,459.87,92.18021
2017-12-03 05:45:00,459.27,461.0,458.52,461.0,91.17732
2017-12-03 06:00:00,460.97,461.16,458.5,458.5,214.07791
2017-12-03 06:15:00,460.83,460.83,458.08,459.94,77.93585
2017-12-03 06:30:00,459.98,459.99,458.0,459.97,84.23152
2017-12-03 06:45:00,459.48,461.0,456.3,459.01,133.20453
2017-12-03 07:00:00,459.0,460.0,457.61,458.53,82.85126
2017-12-03 07:15:00,458.53,460.0,458.0,458.23,98.00991
2017-12-03 07:30:00,458.22,459.36,456.5,459.2,120.15615
2017-12-03 07:45:00,459.18,459.18,456.56,457.63,90.87191
2017-12-03 08:00:00,457.31,459.0,457.0,458.23,125.96718
2017-12-03 08:15:00,458.62,460.02,458.23,460.02,149.75915
2017-12-03 08:30:00,459.99,462.5,459.99,461.61,237.81211
2017-12-03 08:45:00,460.5,461.6,453.5,454.71,381.22903
2017-12-03 09:00:00,455.32,455.71,452.65,453.37,233.84167
2017-12-03 09:15:00,453.37,455.38,453.0,455.02,181.01357
2017-12-03 09:30:00,455.07,457.15,455.07,456.57,142.11821
2017-12-03 09:45:00,456.53,457.36,453.0,457.0,247.07195
2017-12-03 10:00:00,456.91,459.43,456.67,458.88,149.38681
2017-12-03 10:15:00,458.89,459.43,457.31,458.14,221.67153
2017-12-03 10:30:00,458.15,459.0,456.3,456.86,377.94255
2017-12-03 10:45:00,456.56,457.9,456.3,457.82,130.44686
2017-12-03 11:00:00,457.38,457.38,454.44,455.56,190.43384
2017-12-03 11:15:00,455.56,455.99,453.54,455.03,90.39673
2017-12-03 11:30:00,455.01,457.31,455.01,456.87,113.93188
2017-12-03 11:45:00,456.0,457.74,455.9,456.29,112.8748
2017-12-03 12:00:00,456.31,457.91,456.31,457.88,89.65246
2017-12-03 12:15:00,457.88,458.36,456.0,457.45,117.93888
2017-12-03 12:30:00,457.23,459.41,456.56,459.0,99.47319
2017-12-03 12:45:00,459.4,462.67,459.04,460.15,142.31618
2017-12-03 13:00:00,461.04,461.59,459.01,459.03,321.74709
2017-12-03 13:15:00,459.38,460.89,459.03,460.02,228.39346
2017-12-03 13:30:00,460.42,462.33,459.75,460.02,140.33935
2017-12-03 13:45:00,460.62,463.0,460.62,463.0,240.68953
2017-12-03 14:00:00,461.88,463.99,461.88,463.88,150.9746
2017-12-03 14:15:00,463.99,464.0,462.29,463.4,293.4853
2017-12-03 14:30:00,463.57,464.9,463.39,464.38,231.73675
2017-12-03 14:45:00,464.38,465.0,464.38,465.0,198.39722
2017-12-03 15:00:00,465.02,466.99,464.77,466.53,260.77054
2017-12-03 15:15:00,466.56,466.56,465.03,465.32,152.55253
2017-12-03 15:30:00,465.04,465.99,464.63,465.39,87.25916
2017-12-03 15:45:00,465.4,466.54,464.99,466.54,191.36215
2017-12-03 16:00:00,466.32,466.52,466.12,466.41,146.9177
2017-12-03 16:15:00,466.4,466.55,465.01,466.44,260.75954
2017-12-03 16:30:00,466.46,466.54,465.01,465.04,128.99036
2017-12-03 16:45:00,465.08,467.32,465.02,466.02,266.5938
2017-12-03 17:00:00,466.02,467.05,465.72,465.81,158.74929
2017-12-03 17:15:00,465.82,466.99,465.72,466.01,308.25775
2017-12-03 17:30:00,466.01,466.01,464.0,464.36,208.495
2017-12-03 17:45:00,464.36,464.81,463.39,464.03,298.49397
2017-12-03 18:00:00,464.03,465.75,464.03,465.02,215.7949
2017-12-03 18:15:00,465.28,465.97,464.7,465.22,178.46152
2017-12-03 18:30:00,465.5,466.0,465.23,465.9,238.30642
2017-12-03 18:45:00,465.59,465.92,465.4,465.87,273.33427
2017-12-03 19:00:00,465.86,467.07,465.86,466.34,195.12197
2017-12-03 19:15:00,466.34,473.87,466.26,473.54,573.11195
2017-12-03 19:30:00,473.55,478.5,472.19,478.0,361.8647
2017-12-03 19:45:00,478.26,479.47,475.0,477.68,354.52187
2017-12-03 20:00:00,478.13,485.9,477.07,479.7,682.89571
2017-12-03 20:15:00,478.88,480.0,473.84,474.14,449.20115
2017-12-03 20:30:00,474.12,477.77,473.96,475.44,214.61782
2017-12-03 20:45:00,476.12,477.93,475.01,477.23,198.78606
2017-12-03 21:00:00,477.11,478.8,477.02,477.56,243.32252
2017-12-03 21:15:00,477.31,478.2,474.99,475.17,294.50883
2017-12-03 21:30:00,475.2,477.33,475.16,477.02,518.01297
2017-12-03 21:45:00,477.05,477.11,475.19,476.19,338.48593
2017-12-03 22:00:00,476.19,478.22,473.0,473.94,276.1144
2017-12-03 22:15:00,473.93,474.49,473.0,473.83,300.85435
2017-12-03 22:30:00,473.88,474.36,473.79,474.19,238.63759
2017-12-03 22:45:00,473.92,477.0,473.6,476.59,176.62603
2017-12-03 23:00:00,476.58,477.55,475.21,477.02,266.17898
2017-12-03 23:15:00,476.57,478.78,476.13,477.32,224.97446
2017-12-03 23:30:00,477.32,478.19,476.11,478.0,293.01109
2017-12-03 23:45:00,477.01,477.43,475.5,475.99,439.23019
2017-12-04 00:00:00,475.99,477.0,475.0,476.02,250.55169
2017-12-04 00:15:00,476.1,477.3,476.1,477.06,194.435
2017-12-04 00:30:00,477.1,479.0,475.0,476.71,281.09454
2017-12-04 00:45:00,476.7,477.7,473.57,474.74,185.07382
2017-12-04 01:00:00,474.74,477.27,473.47,475.65,207.54348
2017-12-04 01:15:00,475.66,477.0,475.0,475.74,131.55589
2017-12-04 01:30:00,475.82,477.57,475.82,476.34,207.10239
2017-12-04 01:45:00,476.28,478.93,475.7,476.23,112.3858
2017-12-04 02:00:00,476.21,478.21,475.0,475.76,325.98301
2017-12-04 02:15:00,475.77,478.0,475.46,477.47,164.22102
2017-12-04 02:30:00,477.54,479.0,477.51,477.8,116.35064
2017-12-04 02:45:00,477.82,479.98,477.01,477.15,184.86543
2017-12-04 03:00:00,477.25,479.98,477.25,478.51,146.30785
2017-12-04 03:15:00,479.06,480.0,478.52,479.99,330.36783
2017-12-04 03:30:00,479.98,481.1,478.62,479.43,337.83043
2017-12-04 03:45:00,479.42,479.43,478.01,479.25,146.20587
2017-12-04 04:00:00,479.25,480.64,477.87,479.32,200.91193
2017-12-04 04:15:00,479.42,480.17,478.2,478.29,298.90481
2017-12-04 04:30:00,478.42,479.5,461.0,469.48,619.12347
2017-12-04 04:45:00,468.01,469.99,462.06,468.85,253.85978
2017-12-04 05:00:00,468.81,468.86,462.11,467.05,189.32524
2017-12-04 05:15:00,467.05,467.75,456.53,461.98,345.40497
2017-12-04 05:30:00,459.95,460.0,445.9,457.99,614.11594
2017-12-04 05:45:00,457.98,459.8,449.56,453.0,540.24711
2017-12-04 06:00:00,453.14,454.07,440.11,448.49,716.2494
2017-12-04 06:15:00,446.05,457.0,444.03,456.01,357.62088
2017-12-04 06:30:00,456.01,460.0,450.73,458.09,283.50179
2017-12-04 06:45:00,459.31,463.1,454.0,455.81,374.54302
2017-12-04 07:00:00,456.99,459.99,455.71,459.42,272.45681
2017-12-04 07:15:00,459.56,459.56,456.0,457.93,146.43948
2017-12-04 07:30:00,457.92,458.95,453.0,456.04,385.12844
2017-12-04 07:45:00,454.81,461.26,454.81,460.3,214.13286
2017-12-04 08:00:00,460.3,465.71,460.12,463.05,272.57486
2017-12-04 08:15:00,463.63,465.97,462.14,463.0,198.10469
2017-12-04 08:30:00,463.05,463.32,461.0,462.0,142.93435
2017-12-04 08:45:00,461.93,462.0,459.38,460.12,834.47917
2017-12-04 09:00:00,460.29,465.86,460.14,463.81,180.78471
2017-12-04 09:15:00,463.81,463.81,461.99,462.0,173.78234
2017-12-04 09:30:00,462.54,464.08,462.0,463.68,260.11876
2017-12-04 09:45:00,462.63,463.77,461.99,463.2,372.57739
2017-12-04 10:00:00,463.2,464.22,460.0,460.41,233.51161
2017-12-04 10:15:00,460.41,462.0,459.18,459.18,432.95128
2017-12-04 10:30:00,459.18,460.69,456.5,457.32,216.36534
2017-12-04 10:45:00,457.9,460.99,457.3,458.72,359.34142
2017-12-04 11:00:00,458.63,463.78,457.37,460.36,417.73762
2017-12-04 11:15:00,460.34,460.7,459.26,460.01,131.39681
2017-12-04 11:30:00,460.0,463.76,459.47,460.02,194.40969
2017-12-04 11:45:00,460.0,462.98,458.68,462.03,211.26309
2017-12-04 12:00:00,462.17,464.8,462.02,463.55,221.74162
2017-12-04 12:15:00,463.5,469.45,462.79,463.78,212.52669
2017-12-04 12:30:00,463.77,469.45,463.77,465.19,275.87194
2017-12-04 12:45:00,465.2,466.56,463.32,464.33,181.27228
2017-12-04 13:00:00,464.0,465.19,463.0,464.37,274.99882
2017-12-04 13:15:00,464.37,465.19,462.27,463.42,356.22623
2017-12-04 13:30:00,462.59,465.13,460.0,463.42,326.56312
2017-12-04 13:45:00,463.21,466.0,463.05,464.5,189.73046
2017-12-04 14:00:00,465.39,465.39,465.39,465.39,0.003
2017-12-04 14:45:00,465.47,467.65,465.47,467.65,36.63298
2017-12-04 15:00:00,467.65,468.28,464.5,464.5,103.6012
2017-12-04 15:15:00,465.0,468.0,464.51,466.53,195.86688
2017-12-04 15:30:00,466.6,468.28,463.76,468.08,345.96457
2017-12-04 15:45:00,468.19,469.57,466.71,468.79,228.95337
2017-12-04 16:00:00,468.69,470.0,467.67,468.93,244.44705
2017-12-04 16:15:00,468.93,470.0,467.67,470.0,229.28077
2017-12-04 16:30:00,470.0,470.36,469.1,469.1,121.88258
2017-12-04 16:45:00,469.1,470.98,468.1,468.76,139.2653
2017-12-04 17:00:00,468.29,468.76,467.67,468.18,61.46694
2017-12-04 17:15:00,468.24,470.97,467.89,468.51,89.76717
2017-12-04 17:30:00,468.51,469.58,466.71,469.21,72.06629
2017-12-04 17:45:00,468.29,469.21,463.0,464.02,207.80513
2017-12-04 18:00:00,465.15,465.87,457.0,459.13,373.45718
2017-12-04 18:15:00,459.13,461.85,457.6,460.35,207.56469
2017-12-04 18:30:00,460.35,460.66,458.02,460.66,151.87154
2017-12-04 18:45:00,460.32,460.66,457.77,460.53,343.46398
2017-12-04 19:00:00,460.33,469.58,460.13,462.28,193.91331
2017-12-04 19:15:00,462.28,464.25,461.0,463.0,241.37224
2017-12-04 19:30:00,461.31,461.84,459.93,460.0,151.69807
2017-12-04 19:45:00,460.51,460.55,452.0,453.11,529.38754
2017-12-04 20:00:00,453.74,455.98,451.68,452.1,342.76156
2017-12-04 20:15:00,452.1,456.64,452.1,456.57,227.91395
2017-12-04 20:30:00,455.32,457.39,453.89,456.16,327.53172
2017-12-04 20:45:00,455.62,456.11,453.59,454.35,7.02971
2017-12-04 21:00:00,453.73,453.73,449.34,450.6,191.09554
2017-12-04 21:15:00,450.59,450.6,445.0,448.0,180.12971
2017-12-04 21:30:00,446.66,464.25,445.01,452.8,402.78392
2017-12-04 21:45:00,452.8,458.54,451.01,457.16,486.34141
2017-12-04 22:00:00,457.16,461.0,453.3,459.04,370.69885
2017-12-04 22:15:00,458.61,464.25,458.6,459.31,293.24705
2017-12-04 22:30:00,460.64,461.77,453.61,458.52,459.84719
2017-12-04 22:45:00,458.71,462.0,458.71,461.76,544.78043
2017-12-04 23:00:00,461.08,463.5,461.01,461.46,470.50447
2017-12-04 23:15:00,461.46,461.5,453.1,459.97,350.55917
2017-12-04 23:30:00,459.96,459.97,456.51,457.68,259.86905
2017-12-04 23:45:00,458.54,459.9,456.51,459.51,314.30729
2017-12-05 00:00:00,459.5,460.0,457.66,457.66,245.72867
2017-12-05 00:15:00,456.52,460.02,455.0,459.92,185.13221
2017-12-05 00:30:00,459.95,459.95,456.14,458.96,387.26647
2017-12-05 00:45:00,457.59,458.97,453.64,456.49,123.15194
2017-12-05 01:00:00,455.08,458.97,454.63,458.78,139.88319
2017-12-05 01:15:00,458.97,459.98,456.46,456.53,348.5269
2017-12-05 01:30:00,456.75,457.0,456.49,456.76,252.01168
2017-12-05 01:45:00,456.76,458.5,456.51,457.1,159.81363
2017-12-05 02:00:00,457.09,459.97,451.12,455.39,471.58699
2017-12-05 02:15:00,454.98,455.0,447.5,452.41,408.88249
2017-12-05 02:30:00,452.41,453.0,447.53,450.69,162.17492
2017-12-05 02:45:00,450.68,454.98,448.19,452.39,158.97332
2017-12-05 03:00:00,452.38,454.8,448.59,453.11,87.89451
2017-12-05 03:15:00,451.35,453.05,450.0,451.86,193.72007
2017-12-05 03:30:00,451.86,452.93,450.07,451.03,76.54998
2017-12-05 03:45:00,452.31,454.94,451.68,454.48,65.96771
2017-12-05 04:00:00,454.48,462.67,454.48,456.67,320.25876
2017-12-05 04:15:00,459.0,460.23,459.0,459.32,198.42441
2017-12-05 04:30:00,459.32,463.0,459.31,463.0,431.16818
2017-12-05 04:45:00,462.19,463.0,459.03,459.03,245.43566
2017-12-05 05:00:00,459.01,461.78,456.23,460.02,172.45524
2017-12-05 05:15:00,461.0,462.96,459.83,461.52,182.06324
2017-12-05 05:30:00,461.52,462.6,460.32,462.42,71.25281
2017-12-05 05:45:00,462.43,462.49,460.0,460.15,332.72502
2017-12-05 06:00:00,460.03,462.04,459.84,460.44,187.57635
2017-12-05 06:15:00,460.28,462.0,460.28,460.55,145.57293
2017-12-05 06:30:00,460.55,461.92,458.47,461.46,244.09179
2017-12-05 06:45:00,461.4,461.4,458.47,461.17,191.37543
2017-12-05 07:00:00,461.16,463.99,458.83,462.57,197.05658
2017-12-05 07:15:00,462.55,464.78,461.53,463.71,108.60256
2017-12-05 07:30:00,463.71,464.0,462.96,463.99,256.73483
2017-12-05 07:45:00,463.02,466.97,463.0,466.67,260.20393
2017-12-05 08:00:00,466.66,468.67,464.27,466.1,337.86693
2017-12-05 08:15:00,466.11,466.7,462.4,463.69,281.20774
2017-12-05 08:30:00,466.45,466.45,463.69,464.01,100.692
2017-12-05 08:45:00,464.62,465.31,463.0,464.0,132.47519
2017-12-05 09:00:00,463.52,465.85,462.24,462.24,247.35397
2017-12-05 09:15:00,462.28,465.68,462.28,465.47,191.03079
2017-12-05 09:30:00,465.43,465.43,460.42,461.59,146.51723
2017-12-05 09:45:00,461.57,463.72,461.57,462.77,168.37446
2017-12-05 10:00:00,462.59,465.0,462.59,464.03,181.61161
2017-12-05 10:15:00,464.04,465.0,464.03,464.11,290.76714
2017-12-05 10:30:00,464.1,468.0,464.05,465.99,333.72827
2017-12-05 10:45:00,465.99,466.7,462.23,464.06,420.06001
2017-12-05 11:00:00,464.48,465.89,462.99,464.13,115.91278
2017-12-05 11:15:00,464.12,465.08,464.05,465.0,228.30966
2017-12-05 11:30:00,465.0,466.11,464.05,465.88,403.09186
2017-12-05 11:45:00,465.98,466.48,464.5,464.5,321.66318
2017-12-05 12:00:00,464.63,466.45,460.0,460.4,470.88639
2017-12-05 12:15:00,461.96,463.99,460.0,462.91,181.12016
2017-12-05 12:30:00,460.46,462.89,460.0,461.86,340.06457
2017-12-05 12:45:00,460.32,462.9,460.0,462.32,253.49188
2017-12-05 13:00:00,461.93,462.88,460.13,461.94,334.54381
2017-12-05 13:15:00,462.01,463.6,461.88,462.09,159.92389
2017-12-05 13:30:00,463.33,463.96,461.98,463.0,154.20441
2017-12-05 13:45:00,462.63,463.0,462.2,462.21,229.5647
2017-12-05 14:00:00,462.21,464.39,462.2,463.3,261.03156
2017-12-05 14:15:00,463.3,464.25,462.33,464.21,205.24741
2017-12-05 14:30:00,464.22,464.25,463.14,464.0,199.15506
2017-12-05 14:45:00,464.0,464.99,463.11,464.0,91.08702
2017-12-05 15:00:00,463.44,464.93,463.0,464.63,155.74579
2017-12-05 15:15:00,464.63,465.23,463.0,463.0,194.78954
2017-12-05 15:30:00,464.04,467.58,463.0,466.37,272.53598
2017-12-05 15:45:00,466.35,466.37,464.16,465.99,247.07595
2017-12-05 16:00:00,465.98,467.59,463.99,466.0,286.71652
2017-12-05 16:15:00,465.07,466.49,464.3,464.72,177.59188
2017-12-05 16:30:00,464.98,467.6,464.98,467.28,139.6365
2017-12-05 16:45:00,467.25,467.25,464.0,466.02,258.28648
2017-12-05 17:00:00,466.02,467.64,463.0,464.26,400.21879
2017-12-05 17:15:00,465.76,466.76,464.04,464.55,206.92931
2017-12-05 17:30:00,465.36,465.5,464.0,464.97,187.29275
2017-12-05 17:45:00,464.5,464.99,460.9,462.75,338.38828
2017-12-05 18:00:00,462.72,462.72,456.0,458.85,501.38751
2017-12-05 18:15:00,457.75,461.5,456.66,459.4,334.86142
2017-12-05 18:30:00,460.59,461.47,459.42,459.42,283.73076
2017-12-05 18:45:00,459.41,460.96,458.61,460.24,246.35268
2017-12-05 19:00:00,460.24,462.1,459.0,460.1,389.88599
2017-12-05 19:15:00,460.12,462.08,458.61,458.86,382.17314
2017-12-05 19:30:00,458.86,462.1,458.86,461.68,149.52248
2017-12-05 19:45:00,461.68,462.1,460.0,460.04,275.78606
2017-12-05 20:00:00,461.55,461.55,458.08,458.47,401.19978
2017-12-05 20:15:00,458.46,460.6,457.51,457.99,268.63524
2017-12-05 20:30:00,457.98,459.97,457.03,457.27,228.19562
2017-12-05 20:45:00,458.28,458.58,455.08,455.84,285.60641
2017-12-05 21:00:00,455.83,457.83,455.0,456.78,325.68616
2017-12-05 21:15:00,455.94,459.51,455.14,458.97,301.27902
2017-12-05 21:30:00,459.18,459.49,456.53,457.02,359.01059
2017-12-05 21:45:00,456.82,458.83,450.02,455.68,444.34532
2017-12-05 22:00:00,453.52,456.97,451.14,454.22,355.67896
2017-12-05 22:15:00,454.22,456.94,453.99,455.55,308.12796
2017-12-05 22:30:00,455.59,458.57,454.69,457.13,235.74686
2017-12-05 22:45:00,457.13,458.44,455.89,457.37,227.50635
2017-12-05 23:00:00,456.43,458.0,455.12,457.02,242.38339
2017-12-05 23:15:00,457.02,458.15,456.15,456.24,341.63768
2017-12-05 23:30:00,457.04,457.8,456.21,456.66,340.43484
2017-12-05 23:45:00,456.68,457.29,455.51,455.71,543.98489
2017-12-06 00:00:00,456.19,456.68,450.8,452.04,458.39521
2017-12-06 00:15:00,452.07,454.61,451.52,454.21,314.95762
2017-12-06 00:30:00,453.85,454.65,445.21,450.95,846.00764
2017-12-06 00:45:00,450.94,452.69,448.39,451.79,489.94746
2017-12-06 01:00:00,451.49,454.64,448.42,454.64,179.64713
2017-12-06 01:15:00,454.0,454.65,450.5,452.99,274.68449
2017-12-06 01:30:00,452.68,454.64,450.7,453.1,276.97831
2017-12-06 01:45:00,453.1,456.41,453.09,456.39,167.88426
2017-12-06 02:00:00,454.83,458.17,454.76,458.15,183.4562
2017-12-06 02:15:00,456.63,458.71,456.63,457.08,140.99158
2017-12-06 02:30:00,457.1,458.66,457.08,457.88,319.48142
2017-12-06 02:45:00,458.0,459.83,457.66,459.0,333.84046
2017-12-06 03:00:00,459.0,459.89,458.5,459.74,302.00674
2017-12-06 03:15:00,458.87,459.71,455.0,456.75,168.51926
2017-12-06 03:30:00,456.99,459.85,455.55,457.47,155.67888
2017-12-06 03:45:00,455.61,457.5,453.1,454.98,79.22607
2017-12-06 04:00:00,454.99,457.5,453.21,456.96,221.85249
2017-12-06 04:15:00,454.09,458.86,454.09,458.02,135.53781
2017-12-06 04:30:00,458.03,459.86,455.91,459.38,226.25918
2017-12-06 04:45:00,456.47,459.49,456.47,459.46,164.04848
2017-12-06 05:00:00,458.71,459.42,457.7,459.4,197.6358
2017-12-06 05:15:00,459.39,459.4,455.5,458.03,170.15184
2017-12-06 05:30:00,458.01,460.9,456.67,460.03,209.44739
2017-12-06 05:45:00,460.03,462.0,459.9,461.97,188.42838
2017-12-06 06:00:00,461.1,461.99,458.41,461.97,162.50929
2017-12-06 06:15:00,461.98,462.0,455.86,455.86,223.25901
2017-12-06 06:30:00,458.05,458.52,453.97,456.0,136.53313
2017-12-06 06:45:00,457.26,458.0,455.0,456.01,202.17294
2017-12-06 07:00:00,456.01,457.8,455.74,455.74,231.56734
2017-12-06 07:15:00,456.43,457.63,454.11,455.72,241.63345
2017-12-06 07:30:00,455.0,455.63,453.97,453.98,332.97559
2017-12-06 07:45:00,453.98,455.59,452.01,452.26,232.05154
2017-12-06 08:00:00,452.26,454.02,452.14,453.19,307.60446
2017-12-06 08:15:00,452.76,453.99,452.01,452.2,194.43184
2017-12-06 08:30:00,452.2,453.93,451.47,451.81,403.12341
2017-12-06 08:45:00,451.79,452.68,450.0,450.01,403.07951
2017-12-06 09:00:00,450.0,452.08,448.38,450.0,218.04535
2017-12-06 09:15:00,450.0,451.79,448.38,449.96,131.10869
2017-12-06 09:30:00,449.94,451.03,448.0,451.03,452.01444
2017-12-06 09:45:00,451.05,452.61,448.3,452.52,392.26461
2017-12-06 10:00:00,452.25,455.1,448.38,453.34,533.36313
2017-12-06 10:15:00,454.11,454.97,449.5,449.61,347.27923
2017-12-06 10:30:00,451.68,452.42,442.0,446.48,753.98958
2017-12-06 10:45:00,445.0,445.0,438.0,441.57,597.45802
2017-12-06 11:00:00,441.91,443.26,436.0,440.41,401.1865
2017-12-06 11:15:00,439.0,443.92,437.63,443.0,485.55354
2017-12-06 11:30:00,443.0,447.0,442.06,445.01,414.4845
2017-12-06 11:45:00,443.24,447.4,442.01,445.23,235.2767
2017-12-06 12:00:00,445.27,446.9,442.09,445.49,222.97157
2017-12-06 12:15:00,445.43,445.6,442.59,444.48,219.33397
2017-12-06 12:30:00,444.73,444.96,440.68,442.53,534.0555
2017-12-06 12:45:00,441.65,446.42,440.76,442.62,460.30738
2017-12-06 13:00:00,442.61,445.0,440.7,442.18,390.52292
2017-12-06 13:15:00,442.12,446.31,437.56,442.28,414.09291
2017-12-06 13:30:00,442.28,442.28,438.1,438.1,299.22639
2017-12-06 13:45:00,439.93,441.89,438.1,440.13,135.86443
2017-12-06 14:00:00,441.87,444.48,437.06,444.28,238.57513
2017-12-06 14:15:00,443.81,445.0,437.05,441.74,700.28493
2017-12-06 14:30:00,442.02,445.0,441.3,442.69,452.21663
2017-12-06 14:45:00,443.23,446.85,442.7,445.15,248.32698
2017-12-06 15:00:00,446.85,448.52,437.01,442.0,648.24502
2017-12-06 15:15:00,442.0,446.57,442.0,444.0,421.75727
2017-12-06 15:30:00,443.54,444.01,441.07,443.53,463.65558
2017-12-06 15:45:00,442.02,446.03,441.01,444.43,236.88476
2017-12-06 16:00:00,444.44,444.97,441.88,442.54,370.98199
2017-12-06 16:15:00,444.0,446.0,442.74,444.56,184.25204
2017-12-06 16:30:00,443.07,445.79,437.05,438.0,848.58229
2017-12-06 16:45:00,437.05,442.8,435.51,439.05,497.61334
2017-12-06 17:00:00,439.95,448.0,439.0,447.67,354.29237
2017-12-06 17:15:00,447.59,447.61,444.49,446.31,373.70748
2017-12-06 17:30:00,446.33,447.6,442.02,442.54,372.07923
2017-12-06 17:45:00,443.08,445.12,442.53,442.99,229.92316
2017-12-06 18:00:00,442.76,443.69,440.0,441.01,284.66753
2017-12-06 18:15:00,441.02,442.0,435.09,441.82,434.4493
2017-12-06 18:30:00,435.75,443.52,435.11,439.0,1162.202
2017-12-06 18:45:00,438.99,443.39,433.75,441.23,607.57748
2017-12-06 19:00:00,439.02,440.02,425.0,433.45,755.85813
2017-12-06 19:15:00,432.0,433.3,421.0,430.18,764.8636
2017-12-06 19:30:00,431.74,436.98,430.15,433.68,401.01783
2017-12-06 19:45:00,433.28,437.96,432.05,435.61,462.27702
2017-12-06 20:00:00,437.0,439.5,435.5,436.77,446.37993
2017-12-06 20:15:00,436.06,438.8,436.0,438.8,434.18802
2017-12-06 20:30:00,438.8,438.8,433.87,437.95,497.9945
2017-12-06 20:45:00,437.95,438.77,434.29,434.72,401.15338
2017-12-06 21:00:00,434.77,438.49,430.23,435.21,425.86664
2017-12-06 21:15:00,437.24,437.51,433.24,436.83,366.20132
2017-12-06 21:30:00,436.82,438.09,431.03,436.15,296.371
2017-12-06 21:45:00,436.28,438.55,434.86,438.55,198.49498
2017-12-06 22:00:00,438.56,443.37,438.56,442.0,218.92345
2017-12-06 22:15:00,442.0,444.19,441.5,442.04,228.37039
2017-12-06 22:30:00,442.06,443.76,439.44,441.2,156.20992
2017-12-06 22:45:00,441.94,443.0,440.24,440.26,247.5897
2017-12-06 23:00:00,440.26,440.26,437.04,437.52,344.57168
2017-12-06 23:15:00,438.9,438.9,435.0,436.5,320.57815
2017-12-06 23:30:00,436.26,436.49,422.02,424.99,529.9589
2017-12-06 23:45:00,423.51,437.0,409.99,420.45,2181.54344
2017-12-07 00:00:00,420.62,424.99,410.91,421.97,649.24231
2017-12-07 00:15:00,421.97,429.89,420.15,427.95,378.46195
2017-12-07 00:30:00,427.97,429.82,423.52,426.0,312.75336
2017-12-07 00:45:00,425.99,430.0,425.03,429.0,290.04662
2017-12-07 01:00:00,429.02,430.9,427.9,430.02,263.57541
2017-12-07 01:15:00,430.76,432.0,427.42,430.62,400.75258
2017-12-07 01:30:00,430.02,431.85,426.01,426.27,282.83795
2017-12-07 01:45:00,428.02,431.69,426.03,426.62,344.10613
2017-12-07 02:00:00,426.61,431.73,426.0,431.11,217.29595
2017-12-07 02:15:00,431.31,432.99,430.0,431.01,310.24077
2017-12-07 02:30:00,433.0,433.0,430.12,431.6,315.09779
2017-12-07 02:45:00,431.61,433.5,430.53,430.55,292.59457
2017-12-07 03:00:00,430.55,434.6,430.54,431.69,167.06009
2017-12-07 03:15:00,431.78,434.22,426.51,428.0,325.23673
2017-12-07 03:30:00,427.5,428.99,426.04,426.04,304.49496
2017-12-07 03:45:00,426.04,428.03,423.13,423.13,383.07056
2017-12-07 04:00:00,423.13,423.13,411.37,412.34,506.12224
2017-12-07 04:15:00,412.51,418.4,412.35,413.22,321.74973
2017-12-07 04:30:00,413.22,416.92,411.0,411.98,250.48616
2017-12-07 04:45:00,411.99,419.98,411.21,419.96,152.94275
2017-12-07 05:00:00,419.96,419.98,415.03,415.11,278.57373
2017-12-07 05:15:00,418.5,419.1,415.09,418.09,192.61141
2017-12-07 05:30:00,417.06,424.0,415.56,419.98,306.3099
2017-12-07 05:45:00,420.16,423.85,419.46,419.64,138.4226
2017-12-07 06:00:00,419.48,420.5,416.11,417.84,289.80273
2017-12-07 06:15:00,417.81,417.81,415.6,415.61,295.50055
2017-12-07 06:30:00,415.62,416.18,405.11,407.8,555.24516
2017-12-07 06:45:00,407.8,409.0,402.92,403.0,677.00024
2017-12-07 07:00:00,403.0,415.88,400.0,411.06,827.59067
2017-12-07 07:15:00,411.05,413.63,408.84,412.8,303.78995
2017-12-07 07:30:00,412.8,413.63,410.69,411.5,234.9352
2017-12-07 07:45:00,411.5,416.03,411.01,411.01,315.48454
2017-12-07 08:00:00,413.5,413.59,409.0,409.0,251.17885
2017-12-07 08:15:00,409.0,410.0,403.0,403.01,439.82196
2017-12-07 08:30:00,403.01,404.93,401.0,402.17,496.8299
2017-12-07 08:45:00,404.3,407.84,401.06,407.0,893.70087
2017-12-07 09:00:00,406.91,412.9,406.5,409.02,641.68242
2017-12-07 09:15:00,409.02,413.87,409.02,412.0,488.29168
2017-12-07 09:30:00,412.03,413.9,408.8,408.8,676.51145
2017-12-07 09:45:00,408.81,413.9,404.12,413.9,297.97876
2017-12-07 10:00:00,413.9,419.95,410.0,414.82,535.93333
2017-12-07 10:15:00,415.0,423.8,412.49,423.36,756.68376
2017-12-07 10:30:00,421.0,425.0,415.0,417.07,628.38531
2017-12-07 10:45:00,417.01,421.03,414.98,419.43,366.017
2017-12-07 11:00:00,419.43,425.99,419.01,423.01,436.42844
2017-12-07 11:15:00,423.0,424.99,422.03,424.65,705.27207
2017-12-07 11:30:00,424.59,424.59,420.42,422.03,295.84886
2017-12-07 11:45:00,422.49,424.98,420.83,421.98,307.6873
2017-12-07 12:00:00,421.98,424.97,421.13,424.96,298.78483
2017-12-07 12:15:00,424.13,425.49,423.31,425.33,465.55856
2017-12-07 12:30:00,425.32,425.34,423.1,424.92,365.6041
2017-12-07 12:45:00,424.95,426.08,423.12,425.5,507.16699
2017-12-07 13:00:00,426.08,427.61,421.0,423.0,348.88162
2017-12-07 13:15:00,423.02,425.55,419.24,419.49,263.72637
2017-12-07 13:30:00,419.51,420.77,419.01,419.08,270.40754
2017-12-07 13:45:00,419.08,421.34,419.0,421.34,430.4651
2017-12-07 14:00:00,421.33,421.92,420.46,421.91,144.30845
2017-12-07 14:15:00,421.73,421.92,420.46,420.46,60.4515
2017-12-07 14:30:00,420.46,421.91,417.06,419.22,352.59164
2017-12-07 14:45:00,419.2,419.22,417.14,417.15,407.0121
2017-12-07 15:00:00,417.14,419.21,415.11,416.11,481.68001
2017-12-07 15:15:00,416.82,419.07,416.12,416.56,320.03891
2017-12-07 15:30:00,417.5,422.43,416.21,419.02,187.70709
2017-12-07 15:45:00,419.02,422.43,416.33,421.02,211.56893
2017-12-07 16:00:00,422.62,425.61,420.05,420.08,124.06495
2017-12-07 16:15:00,420.08,425.55,420.08,420.4,355.1012
2017-12-07 16:30:00,420.07,420.4,416.03,416.04,531.41384
2017-12-07 16:45:00,416.02,420.05,412.0,415.48,487.00645
2017-12-07 17:00:00,415.49,415.99,409.98,414.34,659.30705
2017-12-07 17:15:00,413.9,416.23,412.92,415.08,429.64741
2017-12-07 17:30:00,415.91,418.93,415.0,416.18,339.32151
2017-12-07 17:45:00,414.1,415.74,414.0,414.18,201.89166
2017-12-07 18:00:00,414.18,414.49,404.16,405.49,523.8453
2017-12-07 18:15:00,404.82,410.94,400.0,400.75,818.58361
2017-12-07 18:30:00,400.75,408.25,398.0,401.1,731.797
2017-12-07 18:45:00,401.1,403.0,395.0,397.0,666.62377
2017-12-07 19:00:00,397.0,399.93,391.0,395.97,922.12219
2017-12-07 19:15:00,395.01,400.06,393.14,397.99,389.22607
2017-12-07 19:30:00,397.0,403.0,394.55,398.38,403.83182
2017-12-07 19:45:00,398.9,404.99,397.72,401.9,450.44483
2017-12-07 20:00:00,401.9,404.98,398.56,401.2,400.85561
2017-12-07 20:15:00,400.71,402.99,398.03,401.47,464.55512
2017-12-07 20:30:00,401.49,406.88,401.4,403.53,308.79785
2017-12-07 20:45:00,403.57,406.63,400.85,405.8,450.00771
2017-12-07 21:00:00,405.8,411.0,404.61,408.0,409.55339
2017-12-07 21:15:00,408.62,411.45,407.27,409.47,309.4189
2017-12-07 21:30:00,410.61,411.37,409.48,411.36,315.54535
2017-12-07 21:45:00,411.36,413.88,410.02,411.99,368.50929
2017-12-07 22:00:00,411.99,411.99,405.0,406.08,522.53919
2017-12-07 22:15:00,407.56,408.93,403.01,406.06,517.62339
2017-12-07 22:30:00,406.94,419.99,403.0,413.77,341.83102
2017-12-07 22:45:00,412.07,418.96,412.07,415.32,471.90123
2017-12-07 23:00:00,415.31,415.56,409.0,410.01,493.99528
2017-12-07 23:15:00,410.32,411.22,403.0,403.22,450.49093
2017-12-07 23:30:00,403.33,404.18,396.0,402.11,866.53242
2017-12-07 23:45:00,402.1,404.0,396.44,396.51,883.22169
2017-12-08 00:00:00,396.52,401.0,396.52,400.82,408.9541
2017-12-08 00:15:00,400.82,405.0,385.0,388.86,988.56648
2017-12-08 00:30:00,388.86,395.81,375.01,395.74,1077.48132
2017-12-08 00:45:00,395.74,401.69,383.59,394.0,1525.75209
2017-12-08 01:00:00,393.99,401.7,390.3,394.23,453.25565
2017-12-08 01:15:00,396.98,400.0,386.52,397.01,525.63915
2017-12-08 01:30:00,397.02,404.99,394.0,397.3,394.45368
2017-12-08 01:45:00,397.74,403.8,397.74,400.37,271.76022
2017-12-08 02:00:00,400.89,403.5,397.12,401.24,234.40841
2017-12-08 02:15:00,401.24,403.5,395.7,398.19,348.67002
2017-12-08 02:30:00,401.99,405.0,397.0,398.35,563.0347
2017-12-08 02:45:00,398.33,404.99,398.33,404.98,155.60181
2017-12-08 03:00:00,402.0,405.2,396.0,397.38,348.44597
2017-12-08 03:15:00,397.43,402.69,396.0,400.12,169.19364
2017-12-08 03:30:00,400.1,405.0,396.03,404.0,229.1508
2017-12-08 03:45:00,404.41,406.0,401.11,405.25,233.04034
2017-12-08 04:00:00,405.61,409.16,401.6,405.23,332.51364
2017-12-08 04:15:00,403.0,409.13,402.64,407.01,168.49818
2017-12-08 04:30:00,407.22,417.0,406.97,409.43,385.36932
2017-12-08 04:45:00,409.44,414.96,409.02,410.72,177.4268
2017-12-08 05:00:00,412.05,415.83,410.7,414.3,251.93941
2017-12-08 05:15:00,414.3,415.03,408.02,409.35,284.14535
2017-12-08 05:30:00,408.36,415.03,403.31,410.32,218.30164
2017-12-08 05:45:00,409.0,409.75,400.2,403.57,125.56917
2017-12-08 06:00:00,403.49,407.12,402.3,405.81,165.67713
2017-12-08 06:15:00,405.81,406.93,397.63,401.18,322.27051
2017-12-08 06:30:00,401.21,403.0,396.01,397.0,401.36894
2017-12-08 06:45:00,397.0,403.0,390.0,399.51,490.79074
2017-12-08 07:00:00,401.99,404.99,397.13,398.0,247.59107
2017-12-08 07:15:00,398.32,407.79,398.01,403.62,342.2375
2017-12-08 07:30:00,403.62,407.82,398.0,402.99,258.10283
2017-12-08 07:45:00,401.25,406.76,401.25,406.33,300.70935
2017-12-08 08:00:00,406.52,409.16,405.02,406.98,276.4084
2017-12-08 08:15:00,406.51,407.0,400.0,403.0,605.58086
2017-12-08 08:30:00,403.0,405.0,391.0,391.01,775.98068
2017-12-08 08:45:00,391.1,397.0,391.01,395.01,345.2798
2017-12-08 09:00:00,394.57,399.99,391.05,396.16,361.00678
2017-12-08 09:15:00,396.23,400.0,392.13,393.12,594.25661
2017-12-08 09:30:00,392.63,401.55,392.63,398.99,352.04366
2017-12-08 09:45:00,398.99,401.55,396.01,401.06,324.93541
2017-12-08 10:00:00,401.1,405.44,397.05,398.51,663.5095
2017-12-08 10:15:00,400.0,403.88,398.01,398.01,462.45092
2017-12-08 10:30:00,398.91,398.97,390.1,398.54,750.80652
2017-12-08 10:45:00,398.54,405.41,396.11,396.2,602.52039
2017-12-08 11:00:00,396.32,401.88,392.1,395.0,413.71758
2017-12-08 11:15:00,395.0,400.97,390.0,398.97,944.18866
2017-12-08 11:30:00,399.82,417.0,399.0,415.91,1400.70909
2017-12-08 11:45:00,415.79,422.95,413.61,416.16,826.98178
2017-12-08 12:00:00,416.17,419.54,411.0,415.08,570.11515
2017-12-08 12:15:00,415.08,417.84,408.01,413.01,327.99948
2017-12-08 12:30:00,413.01,417.25,411.07,415.0,306.74903
2017-12-08 12:45:00,415.0,418.21,412.04,413.7,623.54182
2017-12-08 13:00:00,413.77,416.01,404.01,408.02,704.43375
2017-12-08 13:15:00,408.02,415.3,405.0,405.06,1093.96291
2017-12-08 13:30:00,407.99,419.0,405.0,414.0,942.37483
2017-12-08 13:45:00,409.16,418.86,409.16,414.21,537.78694
2017-12-08 14:00:00,414.49,416.99,407.5,411.97,566.53923
2017-12-08 14:15:00,414.6,414.6,407.74,412.9,275.29705
2017-12-08 14:30:00,411.16,413.9,409.01,410.31,447.05765
2017-12-08 14:45:00,410.5,413.99,407.5,409.59,756.91221
2017-12-08 15:00:00,407.57,412.88,407.0,411.42,246.15053
2017-12-08 15:15:00,408.51,411.49,407.0,409.13,581.04772
2017-12-08 15:30:00,409.07,410.98,407.0,409.56,232.25639
2017-12-08 15:45:00,407.71,412.88,407.5,412.21,351.1826
2017-12-08 16:00:00,412.21,412.81,407.75,410.72,209.32822
2017-12-08 16:15:00,412.24,419.3,410.72,415.06,260.3168
2017-12-08 16:30:00,418.26,423.18,415.16,420.0,439.7596
2017-12-08 16:45:00,420.0,425.61,420.0,421.02,477.99871
2017-12-08 17:00:00,421.51,424.15,419.01,421.91,576.20944
2017-12-08 17:15:00,420.5,424.0,415.81,422.58,220.02139
2017-12-08 17:30:00,423.02,424.94,419.42,424.55,348.57987
2017-12-08 17:45:00,424.54,430.0,424.53,430.0,310.06809
2017-12-08 18:00:00,426.51,435.0,426.27,429.0,719.90937
2017-12-08 18:15:00,429.0,436.54,429.0,432.02,336.86973
2017-12-08 18:30:00,433.02,438.04,428.91,433.99,593.63301
2017-12-08 18:45:00,433.95,439.36,430.36,436.93,294.59612
2017-12-08 19:00:00,439.0,440.0,434.87,439.93,558.69494
2017-12-08 19:15:00,439.89,447.0,437.01,444.0,732.91234
2017-12-08 19:30:00,444.0,454.2,442.0,445.75,724.58732
2017-12-08 19:45:00,445.4,447.0,434.86,434.87,538.62909
2017-12-08 20:00:00,434.87,438.65,430.1,434.26,423.34157
2017-12-08 20:15:00,434.25,442.06,431.08,435.83,399.41023
2017-12-08 20:30:00,435.83,441.66,434.88,440.97,352.64909
2017-12-08 20:45:00,438.01,444.99,435.51,439.74,371.97846
2017-12-08 21:00:00,439.7,443.87,435.51,440.2,540.07153
2017-12-08 21:15:00,438.86,445.98,436.14,443.5,356.03619
2017-12-08 21:30:00,442.04,445.52,439.02,443.36,330.28994
2017-12-08 21:45:00,440.01,449.9,440.0,445.01,352.86559
2017-12-08 22:00:00,445.02,447.88,442.23,444.31,455.99228
2017-12-08 22:15:00,442.48,445.0,439.02,445.0,377.16143
2017-12-08 22:30:00,445.0,445.0,433.04,433.1,553.85438
2017-12-08 22:45:00,433.15,438.25,430.0,434.99,880.74527
2017-12-08 23:00:00,434.97,434.98,427.0,431.39,359.59205
2017-12-08 23:15:00,429.89,434.96,429.89,430.26,258.56889
2017-12-08 23:30:00,433.82,439.95,430.45,436.51,242.31693
2017-12-08 23:45:00,438.72,439.95,432.2,436.85,338.21811
2017-12-09 00:00:00,436.85,438.55,434.8,438.13,247.25323
2017-12-09 00:15:00,437.24,438.59,435.05,438.53,179.65345
2017-12-09 00:30:00,437.52,438.6,433.28,435.15,307.36426
2017-12-09 00:45:00,437.35,453.95,435.25,453.95,931.17185
2017-12-09 01:00:00,453.95,454.5,448.05,453.89,1041.59763
2017-12-09 01:15:00,453.24,454.5,450.85,453.12,382.05502
2017-12-09 01:30:00,453.95,456.78,450.0,450.02,270.46647
2017-12-09 01:45:00,450.02,455.48,449.0,452.9,144.70382
2017-12-09 02:00:00,452.89,455.5,450.0,450.0,209.91035
2017-12-09 02:15:00,450.5,453.5,448.5,448.5,272.95715
2017-12-09 02:30:00,448.5,452.98,448.06,451.32,172.96428
2017-12-09 02:45:00,450.99,453.5,448.53,450.85,320.31341
2017-12-09 03:00:00,450.85,454.0,449.14,452.45,151.34502
2017-12-09 03:15:00,449.23,453.88,445.19,445.75,304.86669
2017-12-09 03:30:00,446.41,448.85,440.49,441.25,226.43401
2017-12-09 03:45:00,441.15,447.47,441.15,441.92,152.91536
2017-12-09 04:00:00,441.92,448.72,441.92,445.98,116.62157
2017-12-09 04:15:00,442.5,447.5,440.25,443.33,294.52169
2017-12-09 04:30:00,446.34,447.5,440.37,440.37,197.25008
2017-12-09 04:45:00,440.37,444.47,439.0,439.04,366.03465
2017-12-09 05:00:00,440.11,447.0,439.02,447.0,260.77246
2017-12-09 05:15:00,444.73,448.92,443.56,446.18,237.73949
2017-12-09 05:30:00,446.18,447.98,446.11,446.29,394.00975
2017-12-09 05:45:00,447.0,448.9,439.51,443.08,300.40312
2017-12-09 06:00:00,441.85,446.96,440.62,440.87,165.80578
2017-12-09 06:15:00,442.5,446.39,441.01,445.19,137.22574
2017-12-09 06:30:00,442.45,444.91,440.5,442.93,139.431
2017-12-09 06:45:00,443.73,445.5,442.91,445.29,192.15247
2017-12-09 07:00:00,445.29,446.96,440.11,442.99,249.82961
2017-12-09 07:15:00,442.99,444.97,440.15,440.31,200.38563
2017-12-09 07:30:00,440.81,444.97,440.33,442.25,77.29648
2017-12-09 07:45:00,443.48,444.0,440.25,442.56,220.16162
2017-12-09 08:00:00,442.56,446.23,440.6,443.44,482.25287
2017-12-09 08:15:00,442.3,446.96,441.02,445.25,154.23247
2017-12-09 08:30:00,445.3,446.92,442.01,444.08,297.19136
2017-12-09 08:45:00,444.07,447.89,442.26,444.17,270.84316
2017-12-09 09:00:00,444.19,448.86,444.17,445.27,252.89671
2017-12-09 09:15:00,447.2,454.08,446.02,451.0,321.16168
2017-12-09 09:30:00,452.01,454.06,448.04,452.99,403.98075
2017-12-09 09:45:00,453.52,454.08,450.0,452.0,296.44736
2017-12-09 10:00:00,452.0,453.7,450.04,452.07,226.08916
2017-12-09 10:15:00,453.7,454.98,452.0,452.2,362.28594
2017-12-09 10:30:00,452.2,454.83,452.02,454.81,287.80515
2017-12-09 10:45:00,454.0,458.0,453.15,458.0,464.34048
2017-12-09 11:00:00,457.46,459.99,456.93,459.01,210.35578
2017-12-09 11:15:00,459.0,461.97,458.99,460.24,423.96111
2017-12-09 11:30:00,460.22,461.16,456.85,457.12,281.71487
2017-12-09 11:45:00,458.05,460.94,457.15,458.99,354.92188
2017-12-09 12:00:00,458.99,460.81,458.96,458.96,256.98079
2017-12-09 12:15:00,458.96,460.0,455.35,459.02,307.06296
2017-12-09 12:30:00,459.01,459.99,455.0,456.07,206.51909
2017-12-09 12:45:00,457.5,460.79,457.5,460.0,324.34639
2017-12-09 13:00:00,459.11,459.99,455.78,459.9,479.27209
2017-12-09 13:15:00,456.27,463.73,456.26,461.06,534.62505
2017-12-09 13:30:00,461.27,478.8,461.26,478.0,817.45435
2017-12-09 13:45:00,478.0,479.52,468.03,473.31,631.8258
2017-12-09 14:00:00,473.31,477.69,468.1,471.5,463.72145
2017-12-09 14:15:00,471.3,472.0,463.63,464.15,359.42034
2017-12-09 14:30:00,465.15,474.97,465.15,473.97,352.58158
2017-12-09 14:45:00,469.56,473.79,463.65,472.99,391.33781
2017-12-09 15:00:00,471.68,475.0,465.2,467.66,243.66644
2017-12-09 15:15:00,467.66,469.1,465.33,466.68,329.70107
2017-12-09 15:30:00,467.22,468.87,466.02,468.75,283.66609
2017-12-09 15:45:00,468.76,473.64,467.31,473.0,473.96053
2017-12-09 16:00:00,473.0,478.99,470.52,477.73,452.44577
2017-12-09 16:15:00,477.73,480.27,471.12,474.01,569.84725
2017-12-09 16:30:00,476.53,480.15,474.07,476.54,266.17511
2017-12-09 16:45:00,476.54,479.39,471.0,479.33,461.11752
2017-12-09 17:00:00,479.33,483.54,478.12,481.49,283.03651
2017-12-09 17:15:00,479.01,484.74,478.01,483.01,465.50376
2017-12-09 17:30:00,483.0,486.0,480.87,480.93,344.63404
2017-12-09 17:45:00,484.99,487.0,478.0,481.0,833.74654
2017-12-09 18:00:00,481.01,483.0,479.01,479.08,696.1062
2017-12-09 18:15:00,479.09,481.0,477.99,478.01,146.39036
2017-12-09 18:30:00,478.0,479.12,465.0,465.31,627.11875
2017-12-09 18:45:00,465.31,472.0,460.94,461.06,576.84493
2017-12-09 19:00:00,461.12,463.84,457.0,463.61,817.77235
2017-12-09 19:15:00,461.75,465.0,461.4,465.0,374.58621
2017-12-09 19:30:00,465.0,468.92,462.24,463.5,263.75073
2017-12-09 19:45:00,463.6,463.6,458.0,460.0,327.27411
2017-12-09 20:00:00,461.0,470.0,459.53,466.16,545.83302
2017-12-09 20:15:00,469.0,469.99,463.01,468.92,263.13924
2017-12-09 20:30:00,468.8,469.2,465.6,466.98,182.34592
2017-12-09 20:45:00,466.98,468.87,463.01,463.01,215.40411
2017-12-09 21:00:00,466.39,467.5,462.54,465.44,281.44711
2017-12-09 21:15:00,465.45,468.72,463.31,468.72,143.64593
2017-12-09 21:30:00,466.56,469.99,466.04,468.42,304.03671
2017-12-09 21:45:00,467.98,467.99,463.28,465.57,263.91185
2017-12-09 22:00:00,465.57,466.85,462.0,462.5,397.2338
2017-12-09 22:15:00,462.5,464.59,460.94,460.94,473.20724
2017-12-09 22:30:00,461.44,465.01,458.56,465.01,401.37508
2017-12-09 22:45:00,464.08,466.0,463.18,464.0,146.2725
2017-12-09 23:00:00,464.01,464.98,460.0,462.62,172.47919
2017-12-09 23:15:00,462.63,462.98,460.16,462.88,271.98287
2017-12-09 23:30:00,462.88,471.0,461.89,471.0,282.38896
2017-12-09 23:45:00,468.99,475.06,468.98,474.05,415.02936
2017-12-10 00:00:00,474.05,484.0,474.04,482.5,851.59346
2017-12-10 00:15:00,482.5,488.0,480.31,487.5,670.83137
2017-12-10 00:30:00,483.73,487.39,461.98,472.0,953.53436
2017-12-10 00:45:00,472.0,476.0,460.0,471.35,816.96124
2017-12-10 01:00:00,472.95,472.95,460.94,469.57,655.53649
2017-12-10 01:15:00,467.07,470.04,454.0,461.0,1121.7133
2017-12-10 01:30:00,460.52,461.98,449.35,449.41,1127.60652
2017-12-10 01:45:00,449.41,449.41,426.4,440.2,1545.72704
2017-12-10 02:00:00,442.97,456.0,433.99,453.0,1257.69432
2017-12-10 02:15:00,452.23,458.48,442.0,447.41,738.62431
2017-12-10 02:30:00,447.41,448.89,443.02,445.0,699.53604
2017-12-10 02:45:00,445.0,450.5,443.15,448.11,452.79208
2017-12-10 03:00:00,447.98,450.0,441.55,441.95,397.81703
2017-12-10 03:15:00,441.95,449.38,441.73,443.81,360.39722
2017-12-10 03:30:00,443.83,454.92,443.5,447.92,865.90723
2017-12-10 03:45:00,447.41,456.0,446.01,454.19,658.62968
2017-12-10 04:00:00,453.14,458.0,449.02,456.48,855.63946
2017-12-10 04:15:00,456.01,457.37,449.16,450.19,428.55838
2017-12-10 04:30:00,450.19,460.0,446.84,456.88,353.81516
2017-12-10 04:45:00,456.89,456.98,453.21,454.25,262.83324
2017-12-10 05:00:00,454.25,456.99,450.05,451.14,286.2102
2017-12-10 05:15:00,451.18,456.37,448.11,452.15,261.26348
2017-12-10 05:30:00,455.99,458.34,451.94,453.51,153.68453
2017-12-10 05:45:00,453.64,458.98,451.93,458.98,135.92598
2017-12-10 06:00:00,456.04,459.0,453.26,457.08,249.91397
2017-12-10 06:15:00,456.07,460.06,452.62,454.5,347.71088
2017-12-10 06:30:00,454.5,465.5,454.28,464.99,546.50683
2017-12-10 06:45:00,457.4,463.91,454.0,456.0,285.14257
2017-12-10 07:00:00,456.0,464.36,456.0,459.68,197.43005
2017-12-10 07:15:00,459.68,462.0,459.66,459.73,161.87115
2017-12-10 07:30:00,459.77,460.0,454.08,457.0,210.71045
2017-12-10 07:45:00,457.01,461.98,455.22,460.0,193.51683
2017-12-10 08:00:00,460.0,460.05,450.01,450.06,360.3905
2017-12-10 08:15:00,450.06,454.98,445.0,450.81,363.81037
2017-12-10 08:30:00,450.87,450.87,441.73,446.99,366.05613
2017-12-10 08:45:00,445.96,446.0,442.07,445.93,281.23558
2017-12-10 09:00:00,445.98,447.0,440.0,442.1,670.48975
2017-12-10 09:15:00,440.2,442.1,435.0,439.92,329.66218
2017-12-10 09:30:00,438.0,438.87,430.5,430.98,519.28274
2017-12-10 09:45:00,430.98,435.9,420.0,427.99,927.43755
2017-12-10 10:00:00,427.99,450.0,425.01,441.0,932.7387
2017-12-10 10:15:00,441.97,444.56,432.65,434.28,486.94121
2017-12-10 10:30:00,437.83,439.88,433.0,438.87,451.68915
2017-12-10 10:45:00,437.23,438.9,430.9,430.9,298.39729
2017-12-10 11:00:00,430.89,432.63,425.5,427.37,510.21625
2017-12-10 11:15:00,426.0,434.97,424.01,430.1,330.552
2017-12-10 11:30:00,430.1,433.41,418.5,422.66,567.15523
2017-12-10 11:45:00,421.89,422.85,410.1,411.24,524.36375
2017-12-10 12:00:00,411.23,418.01,408.06,412.26,1063.07634
2017-12-10 12:15:00,412.26,417.75,406.0,407.5,730.22717
2017-12-10 12:30:00,406.55,418.01,403.2,418.01,690.44312
2017-12-10 12:45:00,417.99,429.0,413.51,427.95,453.77808
2017-12-10 13:00:00,427.89,429.8,419.5,419.5,374.69739
2017-12-10 13:15:00,423.22,425.99,413.51,423.0,474.99435
2017-12-10 13:30:00,423.02,426.99,415.0,420.97,455.04496
2017-12-10 13:45:00,418.88,429.5,418.87,429.49,245.26297
2017-12-10 14:00:00,429.49,436.0,429.49,431.61,319.04855
2017-12-10 14:15:00,432.0,434.99,427.5,432.73,311.14893
2017-12-10 14:30:00,433.73,439.0,433.0,435.0,543.81056
2017-12-10 14:45:00,433.64,440.49,433.54,433.55,777.06946
2017-12-10 15:00:00,433.54,435.0,430.0,432.91,388.58009
2017-12-10 15:15:00,431.53,434.28,428.12,429.12,466.86541
2017-12-10 15:30:00,429.68,433.86,424.45,427.48,352.29789
2017-12-10 15:45:00,426.52,430.0,425.0,425.74,166.25369
2017-12-10 16:00:00,429.71,430.0,423.03,424.99,239.98778
2017-12-10 16:15:00,423.05,425.08,417.12,421.0,243.51915
2017-12-10 16:30:00,420.35,429.41,420.35,423.27,199.79127
2017-12-10 16:45:00,424.91,432.44,423.32,428.15,339.30322
2017-12-10 17:00:00,428.15,429.43,423.21,424.13,342.94361
2017-12-10 17:15:00,424.86,430.94,423.74,428.0,336.22612
2017-12-10 17:30:00,428.02,435.01,426.51,435.01,247.40905
2017-12-10 17:45:00,435.01,437.97,430.76,434.32,179.52634
2017-12-10 18:00:00,433.19,437.07,432.39,436.05,267.92407
2017-12-10 18:15:00,437.07,438.67,433.7,433.75,237.89776
2017-12-10 18:30:00,435.72,438.0,433.73,436.48,448.73631
2017-12-10 18:45:00,436.48,436.48,428.33,430.0,171.00669
2017-12-10 19:00:00,429.23,434.89,428.68,432.22,281.62875
2017-12-10 19:15:00,433.92,435.0,430.88,433.99,255.64946
2017-12-10 19:30:00,433.96,436.29,427.81,427.81,243.65478
2017-12-10 19:45:00,431.66,431.66,427.01,431.0,176.30061
2017-12-10 20:00:00,430.06,431.64,426.27,429.56,203.52386
2017-12-10 20:15:00,429.46,429.46,425.7,427.67,288.91885
2017-12-10 20:30:00,428.5,436.98,427.67,432.0,212.54675
2017-12-10 20:45:00,432.0,434.11,430.09,431.01,364.57304
2017-12-10 21:00:00,431.02,437.79,431.0,437.63,289.68355
2017-12-10 21:15:00,437.63,440.0,431.19,438.71,393.25092
2017-12-10 21:30:00,438.71,444.48,436.31,439.1,411.77986
2017-12-10 21:45:00,439.12,443.0,432.01,443.0,439.43071
2017-12-10 22:00:00,443.0,446.0,438.02,442.79,514.02144
2017-12-10 22:15:00,442.1,446.0,440.0,441.81,640.31216
2017-12-10 22:30:00,441.0,444.78,435.0,435.14,396.03805
2017-12-10 22:45:00,435.16,442.23,432.55,439.0,416.34341
2017-12-10 23:00:00,438.99,439.5,435.11,437.35,311.91879
2017-12-10 23:15:00,439.14,446.0,437.0,442.99,546.29501
2017-12-10 23:30:00,442.99,445.79,439.27,443.09,380.42835
2017-12-10 23:45:00,443.09,444.98,440.43,442.53,264.45998
2017-12-11 00:00:00,443.53,450.0,440.44,443.75,408.38503
2017-12-11 00:15:00,442.2,447.1,442.0,446.44,284.4535
2017-12-11 00:30:00,446.52,447.73,440.58,441.33,382.17194
2017-12-11 00:45:00,441.33,443.2,437.64,442.04,419.57828
2017-12-11 01:00:00,442.05,443.98,442.0,443.5,313.50856
2017-12-11 01:15:00,443.45,451.3,442.66,442.72,439.13913
2017-12-11 01:30:00,443.33,449.12,443.13,445.87,254.79138
2017-12-11 01:45:00,446.43,448.48,445.86,448.41,121.75252
2017-12-11 02:00:00,448.41,449.07,446.68,448.08,243.28986
2017-12-11 02:15:00,448.56,448.56,445.0,445.0,176.74374
2017-12-11 02:30:00,445.01,445.14,441.01,442.07,289.0103
2017-12-11 02:45:00,443.75,445.88,438.5,440.89,126.3832
2017-12-11 03:00:00,444.43,447.99,442.14,447.03,172.46231
2017-12-11 03:15:00,445.62,447.02,438.5,441.54,160.00647
2017-12-11 03:30:00,441.69,452.0,441.69,446.02,293.62455
2017-12-11 03:45:00,446.02,447.98,443.0,444.0,112.89952
2017-12-11 04:00:00,443.96,445.0,440.0,440.06,201.33345
2017-12-11 04:15:00,440.06,444.27,440.01,443.05,226.64399
2017-12-11 04:30:00,443.99,445.0,440.02,440.13,171.14151
2017-12-11 04:45:00,440.13,443.95,440.01,441.25,141.45468
2017-12-11 05:00:00,442.42,443.92,438.0,438.0,329.3771
2017-12-11 05:15:00,438.0,439.9,429.15,432.98,479.66159
2017-12-11 05:30:00,432.98,437.12,429.49,434.91,305.12176
2017-12-11 05:45:00,434.92,434.92,425.0,426.01,268.51567
2017-12-11 06:00:00,428.11,433.0,426.43,426.94,180.03247
2017-12-11 06:15:00,426.94,433.0,426.55,429.01,136.1084
2017-12-11 06:30:00,430.47,430.62,427.3,428.05,239.65455
2017-12-11 06:45:00,428.95,429.86,423.13,423.54,288.41593
2017-12-11 07:00:00,425.0,443.0,423.01,427.2,737.76745
2017-12-11 07:15:00,428.38,433.99,427.29,430.89,288.70502
2017-12-11 07:30:00,430.92,434.99,427.37,427.37,365.24004
2017-12-11 07:45:00,427.37,433.08,424.01,427.35,343.83844
2017-12-11 08:00:00,427.35,434.96,427.35,431.23,195.41019
2017-12-11 08:15:00,432.01,438.34,431.75,438.34,116.72828
2017-12-11 08:30:00,435.25,444.0,433.01,442.06,261.95883
2017-12-11 08:45:00,443.11,448.0,442.23,445.12,330.61955
2017-12-11 09:00:00,445.12,448.99,442.06,447.9,388.94839
2017-12-11 09:15:00,446.97,447.91,444.0,444.11,474.16214
2017-12-11 09:30:00,444.98,448.9,442.48,443.83,330.7423
2017-12-11 09:45:00,444.13,448.45,442.07,446.0,377.47609
2017-12-11 10:00:00,445.99,447.99,442.48,442.49,278.87556
2017-12-11 10:15:00,444.05,447.0,442.5,445.67,241.66154
2017-12-11 10:30:00,445.68,447.0,442.83,442.92,366.88458
2017-12-11 10:45:00,443.45,446.86,442.91,445.99,236.81554
2017-12-11 11:00:00,445.99,452.83,445.99,450.22,597.11588
2017-12-11 11:15:00,451.03,455.49,450.23,455.0,384.71345
2017-12-11 11:30:00,455.0,459.0,453.0,454.97,535.20035
2017-12-11 11:45:00,453.68,454.96,443.68,446.0,649.92985
2017-12-11 12:00:00,446.01,452.83,444.51,450.22,234.78554
2017-12-11 12:15:00,450.24,452.0,446.67,450.29,412.54396
2017-12-11 12:30:00,450.27,454.77,450.0,450.01,306.28059
2017-12-11 12:45:00,450.02,453.49,448.2,449.5,353.08324
2017-12-11 13:00:00,449.5,453.98,449.21,453.12,202.25246
2017-12-11 13:15:00,453.12,454.1,450.25,451.11,381.99462
2017-12-11 13:30:00,451.13,453.5,450.43,452.97,278.07042
2017-12-11 13:45:00,453.23,455.28,452.91,454.13,349.38393
2017-12-11 14:00:00,453.04,459.99,453.01,458.16,303.32785
2017-12-11 14:15:00,458.16,462.49,458.0,460.0,396.77552
2017-12-11 14:30:00,461.13,461.19,455.0,460.01,404.6417
2017-12-11 14:45:00,460.2,462.49,459.0,460.05,308.35075
2017-12-11 15:00:00,460.05,461.73,456.04,458.12,432.51133
2017-12-11 15:15:00,459.98,459.98,458.18,458.38,178.50196
2017-12-11 15:30:00,458.87,462.0,458.37,459.12,222.01143
2017-12-11 15:45:00,459.12,461.0,455.38,455.4,375.11203
2017-12-11 16:00:00,456.88,458.9,455.41,458.06,231.81845
2017-12-11 16:15:00,458.08,459.85,455.02,456.44,348.66506
2017-12-11 16:30:00,456.44,457.88,455.8,457.81,217.28314
2017-12-11 16:45:00,457.79,458.86,453.5,453.94,250.55233
2017-12-11 17:00:00,454.82,457.99,449.15,455.0,446.88446
2017-12-11 17:15:00,456.47,462.0,453.39,456.42,306.50816
2017-12-11 17:30:00,456.2,458.19,454.0,457.86,162.98534
2017-12-11 17:45:00,457.61,458.83,456.49,458.83,120.58429
2017-12-11 18:00:00,458.73,463.12,458.5,462.18,300.84994
2017-12-11 18:15:00,461.21,462.53,458.01,459.9,189.34727
2017-12-11 18:30:00,460.0,462.0,457.73,457.81,168.42078
2017-12-11 18:45:00,457.81,461.99,457.81,459.29,162.7336
2017-12-11 19:00:00,460.14,461.5,457.1,457.1,341.22679
2017-12-11 19:15:00,458.37,459.3,456.63,456.63,402.59993
2017-12-11 19:30:00,456.63,457.94,452.83,454.39,220.75727
2017-12-11 19:45:00,456.25,456.83,452.0,452.71,283.76993
2017-12-11 20:00:00,451.5,457.75,451.16,457.06,224.29464
2017-12-11 20:15:00,457.36,461.5,457.04,459.61,192.13872
2017-12-11 20:30:00,459.62,460.14,458.04,458.16,207.93174
2017-12-11 20:45:00,458.24,459.79,457.86,458.17,146.01032
2017-12-11 21:00:00,458.95,461.99,458.18,461.0,235.58713
2017-12-11 21:15:00,461.0,461.87,458.18,460.12,335.74373
2017-12-11 21:30:00,461.46,463.05,458.42,459.01,311.77066
2017-12-11 21:45:00,460.0,465.25,458.99,465.25,521.74004
2017-12-11 22:00:00,464.81,470.0,464.05,468.58,476.93646
2017-12-11 22:15:00,468.58,469.98,465.01,465.32,392.74496
2017-12-11 22:30:00,465.87,466.99,462.06,465.31,339.09252
2017-12-11 22:45:00,465.33,467.0,461.32,463.93,396.77299
2017-12-11 23:00:00,463.86,464.32,460.08,461.24,313.7051
2017-12-11 23:15:00,462.15,463.15,460.9,463.04,249.98396
2017-12-11 23:30:00,463.05,466.98,463.05,465.13,324.69754
2017-12-11 23:45:00,466.8,468.1,465.12,465.5,186.05425
2017-12-12 00:00:00,465.51,468.0,465.51,467.0,159.00226
2017-12-12 00:15:00,466.55,468.0,466.53,467.62,237.11819
2017-12-12 00:30:00,467.62,467.99,466.6,467.49,396.8262
2017-12-12 00:45:00,467.51,469.3,466.41,467.61,352.50827
2017-12-12 01:00:00,468.03,469.31,467.5,468.74,291.41517
2017-12-12 01:15:00,468.23,468.75,467.5,467.5,177.37605
2017-12-12 01:30:00,467.53,469.31,466.01,467.02,163.88807
2017-12-12 01:45:00,467.02,470.74,466.78,470.74,366.98425
2017-12-12 02:00:00,470.43,474.99,470.0,474.77,176.92279
2017-12-12 02:15:00,474.75,474.95,470.01,470.98,182.08814
2017-12-12 02:30:00,470.98,473.82,470.01,472.0,112.4736
2017-12-12 02:45:00,472.49,473.24,471.0,471.0,227.82842
2017-12-12 03:00:00,471.01,471.94,470.0,470.2,215.4567
2017-12-12 03:15:00,470.2,473.0,470.2,471.21,183.124
2017-12-12 03:30:00,471.81,474.0,469.74,470.01,226.51559
2017-12-12 03:45:00,470.01,471.94,466.74,470.98,170.89377
2017-12-12 04:00:00,470.04,475.0,467.21,469.0,252.96164
2017-12-12 04:15:00,469.0,471.91,465.7,466.11,322.60112
2017-12-12 04:30:00,466.25,469.79,462.67,466.51,323.68145
2017-12-12 04:45:00,466.5,472.8,463.12,470.68,217.08917
2017-12-12 05:00:00,470.7,471.39,467.27,469.27,226.26599
2017-12-12 05:15:00,469.94,470.88,466.41,470.88,110.76292
2017-12-12 05:30:00,469.33,473.5,468.18,471.0,152.31528
2017-12-12 05:45:00,471.1,474.69,471.1,472.1,198.10988
2017-12-12 06:00:00,472.06,474.24,469.0,469.0,216.63907
2017-12-12 06:15:00,470.66,471.4,467.91,470.93,174.24031
2017-12-12 06:30:00,469.01,470.93,465.0,467.14,217.48809
2017-12-12 06:45:00,467.32,473.49,467.32,472.61,209.81922
2017-12-12 07:00:00,473.04,476.4,470.17,476.39,302.86586
2017-12-12 07:15:00,474.92,486.66,474.92,485.22,794.46256
2017-12-12 07:30:00,486.63,499.0,485.23,497.0,990.81499
2017-12-12 07:45:00,497.01,512.0,497.01,508.7,1495.56607
2017-12-12 08:00:00,508.44,519.9,500.0,503.94,1340.03623
2017-12-12 08:15:00,503.87,505.49,495.01,503.0,771.56298
2017-12-12 08:30:00,505.78,508.0,494.89,501.0,499.76591
2017-12-12 08:45:00,501.11,509.0,500.04,508.6,318.72656
2017-12-12 09:00:00,508.6,517.0,507.63,510.1,642.44169
2017-12-12 09:15:00,510.12,512.99,502.0,508.57,506.03844
2017-12-12 09:30:00,509.81,514.2,509.81,509.98,501.58973
2017-12-12 09:45:00,510.14,512.79,506.0,506.81,675.22284
2017-12-12 10:00:00,506.8,509.0,504.57,507.02,720.2813
2017-12-12 10:15:00,507.51,508.96,495.04,498.49,455.61576
2017-12-12 10:30:00,498.49,516.0,497.0,514.87,687.22127
2017-12-12 10:45:00,514.87,536.8,514.87,533.0,1278.52459
2017-12-12 11:00:00,533.83,560.0,529.5,532.33,1696.96818
2017-12-12 11:15:00,532.33,544.99,531.02,534.68,807.2606
2017-12-12 11:30:00,536.23,536.48,520.01,527.26,1005.56189
2017-12-12 11:45:00,528.9,532.01,527.5,530.71,402.77108
2017-12-12 12:00:00,530.4,542.47,530.4,540.26,550.95677
2017-12-12 12:15:00,541.28,542.18,535.21,536.62,551.54693
2017-12-12 12:30:00,536.62,536.62,526.0,526.1,433.39188
2017-12-12 12:45:00,526.02,530.34,526.01,529.97,345.24181
2017-12-12 13:00:00,529.97,534.08,527.04,530.0,391.66779
2017-12-12 13:15:00,528.08,533.15,522.02,523.5,513.09928
2017-12-12 13:30:00,523.5,529.48,522.62,526.0,211.89096
2017-12-12 13:45:00,525.98,529.47,521.01,521.01,419.30191
2017-12-12 14:00:00,523.15,523.17,515.0,516.05,686.79623
2017-12-12 14:15:00,516.1,521.6,515.49,519.01,401.38872
2017-12-12 14:30:00,519.0,520.29,515.04,517.08,223.42134
2017-12-12 14:45:00,516.76,518.0,515.86,517.44,332.15338
2017-12-12 15:00:00,517.72,519.98,517.01,518.75,323.11804
2017-12-12 15:15:00,519.24,520.1,515.86,516.63,334.25339
2017-12-12 15:30:00,516.75,526.79,516.57,524.99,517.49026
2017-12-12 15:45:00,524.62,531.03,523.7,529.58,582.04761
2017-12-12 16:00:00,529.85,531.99,528.5,529.57,241.5986
2017-12-12 16:15:00,529.57,530.19,524.0,524.75,462.68754
2017-12-12 16:30:00,524.75,530.0,524.08,527.98,283.87849
2017-12-12 16:45:00,528.71,528.75,524.0,524.08,278.84098
2017-12-12 17:00:00,523.98,529.0,522.05,525.5,464.20911
2017-12-12 17:15:00,524.5,525.49,519.06,520.0,271.04839
2017-12-12 17:30:00,519.57,519.83,517.0,518.64,283.91949
2017-12-12 17:45:00,518.82,521.0,518.64,520.1,239.09392
2017-12-12 18:00:00,520.15,521.0,518.0,519.25,343.34079
2017-12-12 18:15:00,519.28,521.0,518.08,521.0,374.46814
2017-12-12 18:30:00,521.0,529.38,510.0,528.75,893.4317
2017-12-12 18:45:00,529.0,536.81,528.82,532.09,597.68688
2017-12-12 19:00:00,532.08,533.34,528.0,532.57,472.88872
2017-12-12 19:15:00,532.56,535.0,530.23,532.15,558.53078
2017-12-12 19:30:00,532.29,535.0,530.0,532.0,289.36421
2017-12-12 19:45:00,530.18,530.9,523.0,526.14,319.1887
2017-12-12 20:00:00,526.22,526.79,519.49,521.91,324.39684
2017-12-12 20:15:00,521.35,530.0,519.51,527.97,276.67613
2017-12-12 20:30:00,527.98,535.66,526.45,535.0,340.07921
2017-12-12 20:45:00,535.58,557.0,535.03,548.18,1458.66163
2017-12-12 21:00:00,548.18,575.0,548.18,566.6,1593.21828
2017-12-12 21:15:00,564.37,569.0,550.0,554.01,814.81348
2017-12-12 21:30:00,555.02,560.14,550.0,552.0,495.25894
2017-12-12 21:45:00,552.0,558.99,550.0,558.26,538.20313
2017-12-12 22:00:00,557.99,564.77,557.73,559.03,569.71639
2017-12-12 22:15:00,559.39,578.69,559.01,577.39,926.4152
2017-12-12 22:30:00,577.39,592.0,571.6,591.0,1172.76868
2017-12-12 22:45:00,590.59,596.3,574.22,586.0,941.55275
2017-12-12 23:00:00,587.05,599.12,586.0,597.63,1393.16709
2017-12-12 23:15:00,596.08,639.27,595.53,616.61,2842.76851
2017-12-12 23:30:00,614.63,630.0,596.0,611.74,2058.75923
2017-12-12 23:45:00,611.74,625.0,606.01,609.5,1437.12503
2017-12-13 00:00:00,609.5,617.9,606.57,617.23,1009.86923
2017-12-13 00:15:00,617.23,623.79,614.92,619.0,852.89605
2017-12-13 00:30:00,619.0,622.74,601.0,601.99,933.18945
2017-12-13 00:45:00,601.99,613.62,580.0,598.87,1495.6784
2017-12-13 01:00:00,598.87,601.51,583.9,588.0,847.44956
2017-12-13 01:15:00,587.71,590.0,582.54,584.02,550.24479
2017-12-13 01:30:00,584.28,587.64,578.01,580.01,701.57628
2017-12-13 01:45:00,580.04,582.62,569.71,569.71,675.65488
2017-12-13 02:00:00,569.7,569.7,555.22,567.03,764.61832
2017-12-13 02:15:00,567.2,572.49,550.0,555.0,673.25698
2017-12-13 02:30:00,555.0,576.0,554.0,575.1,846.58792
2017-12-13 02:45:00,575.37,582.12,574.82,576.1,417.81982
2017-12-13 03:00:00,576.1,578.0,566.52,576.8,334.50634
2017-12-13 03:15:00,576.17,591.01,571.0,591.0,396.69217
2017-12-13 03:30:00,591.01,593.99,582.14,585.0,340.83005
2017-12-13 03:45:00,584.5,588.97,582.0,587.99,250.76184
2017-12-13 04:00:00,587.97,591.5,585.0,591.5,297.26896
2017-12-13 04:15:00,590.01,598.98,588.76,592.25,317.21692
2017-12-13 04:30:00,594.0,595.54,590.88,594.5,239.05854
2017-12-13 04:45:00,594.5,597.47,588.14,589.47,324.60132
2017-12-13 05:00:00,589.73,591.94,581.04,583.88,318.20978
2017-12-13 05:15:00,583.89,585.99,580.0,580.0,390.08085
2017-12-13 05:30:00,579.79,584.89,570.0,584.89,225.58399
2017-12-13 05:45:00,582.35,587.9,581.03,584.02,230.99836
2017-12-13 06:00:00,584.15,585.38,575.0,575.0,281.46278
2017-12-13 06:15:00,575.45,578.23,567.02,571.0,246.16189
2017-12-13 06:30:00,571.84,576.92,569.3,571.45,303.03529
2017-12-13 06:45:00,573.8,585.0,570.03,581.55,278.13832
2017-12-13 07:00:00,583.27,596.66,581.55,596.66,318.89935
2017-12-13 07:15:00,596.66,605.2,595.5,602.98,406.64595
2017-12-13 07:30:00,602.8,625.0,602.06,622.0,832.25317
2017-12-13 07:45:00,622.0,630.0,613.0,620.0,600.66273
2017-12-13 08:00:00,622.0,622.0,600.1,617.75,463.06869
2017-12-13 08:15:00,618.6,627.97,617.77,621.5,677.00104
2017-12-13 08:30:00,621.67,627.95,621.67,624.59,245.89801
2017-12-13 08:45:00,624.59,625.5,610.0,612.0,512.40777
2017-12-13 09:00:00,611.0,611.99,603.45,610.16,509.99651
2017-12-13 09:15:00,610.14,610.14,594.0,596.5,504.89679
2017-12-13 09:30:00,596.5,598.99,586.2,586.21,626.76966
2017-12-13 09:45:00,587.38,598.99,575.64,597.96,717.03429
2017-12-13 10:00:00,598.0,609.9,598.0,600.0,583.08222
2017-12-13 10:15:00,599.78,605.0,583.0,585.13,887.87928
2017-12-13 10:30:00,585.35,587.99,571.99,581.61,1044.32055
2017-12-13 10:45:00,581.61,583.0,539.93,557.72,2536.93782
2017-12-13 11:00:00,558.31,572.99,557.19,568.15,1364.80718
2017-12-13 11:15:00,569.38,572.0,555.52,566.27,1075.40655
2017-12-13 11:30:00,567.34,575.01,560.0,575.0,523.18621
2017-12-13 11:45:00,575.0,585.0,574.34,584.0,538.75229
2017-12-13 12:00:00,584.0,584.19,574.34,575.5,778.25017
2017-12-13 12:15:00,575.31,575.59,570.02,571.0,657.23135
2017-12-13 12:30:00,571.0,582.0,570.69,579.9,663.14439
2017-12-13 12:45:00,579.91,580.79,576.36,580.78,321.29814
2017-12-13 13:00:00,580.78,600.0,580.78,597.6,533.53218
2017-12-13 13:15:00,597.62,599.99,588.74,590.08,600.9048
2017-12-13 13:30:00,590.08,596.23,581.14,596.23,382.28742
2017-12-13 13:45:00,595.9,599.65,588.12,597.83,460.09533
2017-12-13 14:00:00,597.12,598.53,588.0,594.12,518.67855
2017-12-13 14:15:00,594.52,608.0,594.52,607.05,662.99352
2017-12-13 14:30:00,607.52,619.8,607.0,617.99,575.54251
2017-12-13 14:45:00,618.0,620.0,605.92,612.0,756.92557
2017-12-13 15:00:00,612.0,623.75,611.22,621.99,686.73297
2017-12-13 15:15:00,621.99,623.69,613.36,614.01,707.11943
2017-12-13 15:30:00,614.02,615.33,605.01,607.14,516.91334
2017-12-13 15:45:00,607.1,616.01,606.0,613.0,484.70322
2017-12-13 16:00:00,614.0,615.2,608.1,611.0,322.25746
2017-12-13 16:15:00,610.99,612.94,604.57,607.8,351.95075
2017-12-13 16:30:00,607.8,622.68,607.1,622.68,531.55107
2017-12-13 16:45:00,622.68,626.26,615.95,617.33,522.19102
2017-12-13 17:00:00,617.32,620.0,615.01,619.01,427.25261
2017-12-13 17:15:00,619.5,625.0,616.0,621.75,381.74527
2017-12-13 17:30:00,621.82,624.09,621.2,621.62,291.98806
2017-12-13 17:45:00,622.21,625.74,621.2,625.65,397.21085
2017-12-13 18:00:00,624.86,628.0,623.01,627.5,377.46242
2017-12-13 18:15:00,627.25,638.0,627.0,638.0,738.40509
2017-12-13 18:30:00,638.0,644.65,627.0,635.0,765.27699
2017-12-13 18:45:00,635.0,635.99,628.19,633.0,336.30789
2017-12-13 19:00:00,633.0,635.85,627.99,635.55,376.01721
2017-12-13 19:15:00,635.67,635.88,626.0,626.04,401.33134
2017-12-13 19:30:00,627.76,630.0,621.2,622.23,336.78492
2017-12-13 19:45:00,621.68,630.0,621.0,625.07,388.07983
2017-12-13 20:00:00,625.08,639.0,625.08,637.35,302.95385
2017-12-13 20:15:00,638.08,652.0,637.33,651.0,734.25897
2017-12-13 20:30:00,650.0,650.99,640.23,646.99,741.70772
2017-12-13 20:45:00,646.99,648.0,635.03,640.67,422.87028
2017-12-13 21:00:00,641.78,644.0,636.01,638.42,362.36709
2017-12-13 21:15:00,638.42,656.78,637.0,653.8,333.6636
2017-12-13 21:30:00,652.76,653.0,647.4,649.0,444.01565
2017-12-13 21:45:00,650.17,655.18,648.0,654.02,340.25325
2017-12-13 22:00:00,654.05,660.0,654.05,660.0,437.25432
2017-12-13 22:15:00,660.0,681.98,659.92,680.0,821.62855
2017-12-13 22:30:00,680.0,693.9,674.0,686.5,1046.43322
2017-12-13 22:45:00,688.0,705.69,675.0,687.07,1986.72252
2017-12-13 23:00:00,688.29,690.0,669.45,686.15,1116.46499
2017-12-13 23:15:00,686.22,699.0,678.0,684.77,890.03396
2017-12-13 23:30:00,684.77,691.0,677.0,685.03,658.19864
2017-12-13 23:45:00,685.04,685.11,677.07,679.23,726.3154
2017-12-14 00:00:00,679.61,679.98,662.0,668.0,683.42028
2017-12-14 00:15:00,667.86,683.62,667.86,680.18,448.08089
2017-12-14 00:30:00,680.15,693.45,680.05,686.87,653.80999
2017-12-14 00:45:00,686.86,686.87,672.52,674.76,416.45842
2017-12-14 01:00:00,674.75,679.57,660.0,664.03,750.866
2017-12-14 01:15:00,664.01,677.0,645.62,650.0,849.27178
2017-12-14 01:30:00,650.0,653.0,622.7,646.0,1811.72767
2017-12-14 01:45:00,646.0,658.0,646.0,646.36,716.68267
2017-12-14 02:00:00,648.25,651.38,637.85,641.2,676.8325
2017-12-14 02:15:00,641.2,641.7,622.7,622.7,684.37615
2017-12-14 02:30:00,622.72,637.48,608.19,621.99,1037.99499
2017-12-14 02:45:00,621.99,647.99,615.56,643.0,823.76195
2017-12-14 03:00:00,643.01,655.0,636.0,638.0,715.68442
2017-12-14 03:15:00,638.0,664.89,638.0,663.57,538.38131
2017-12-14 03:30:00,661.85,669.39,655.02,666.13,557.79382
2017-12-14 03:45:00,666.13,673.51,656.61,665.52,533.31299
2017-12-14 04:00:00,665.84,674.98,665.52,671.41,332.75773
2017-12-14 04:15:00,672.82,674.5,632.0,657.46,537.05662
2017-12-14 04:30:00,657.46,663.0,636.8,640.78,484.70762
2017-12-14 04:45:00,641.0,651.99,640.5,648.99,427.08428
2017-12-14 05:00:00,647.39,666.14,646.43,663.02,448.60288
2017-12-14 05:15:00,663.03,669.88,656.22,661.71,241.47246
2017-12-14 05:30:00,661.51,661.71,657.0,659.0,264.2263
2017-12-14 05:45:00,659.0,664.5,658.99,663.51,229.52782
2017-12-14 06:00:00,664.0,673.62,664.0,673.62,285.02303
2017-12-14 06:15:00,670.12,676.0,670.0,676.0,337.51145
2017-12-14 06:30:00,675.57,678.94,672.08,674.0,307.25691
2017-12-14 06:45:00,674.0,677.0,670.0,673.57,286.66271
2017-12-14 07:00:00,673.63,677.81,673.15,677.02,216.10237
2017-12-14 07:15:00,677.03,689.0,673.63,680.24,500.82436
2017-12-14 07:30:00,681.01,684.82,675.03,679.6,220.21047
2017-12-14 07:45:00,679.58,686.51,679.41,683.99,247.95235
2017-12-14 08:00:00,683.98,686.0,673.3,679.8,318.72502
2017-12-14 08:15:00,679.6,686.0,679.6,683.58,404.04707
2017-12-14 08:30:00,683.6,698.89,683.52,697.02,739.79772
2017-12-14 08:45:00,697.02,715.0,693.18,712.24,1167.49217
2017-12-14 09:00:00,714.07,717.3,706.01,715.78,959.92619
2017-12-14 09:15:00,716.38,727.0,715.78,720.0,669.5221
2017-12-14 09:30:00,721.98,729.9,710.02,715.01,467.87362
2017-12-14 09:45:00,716.12,721.98,705.46,721.1,516.76547
2017-12-14 10:00:00,720.23,723.46,712.7,715.0,451.04578
2017-12-14 10:15:00,714.78,715.41,695.0,705.0,522.49946
2017-12-14 10:30:00,705.59,708.08,695.03,701.61,504.70113
2017-12-14 10:45:00,701.8,710.0,701.53,706.63,452.84831
2017-12-14 11:00:00,705.19,706.22,698.0,704.53,450.14006
2017-12-14 11:15:00,705.0,708.0,696.81,703.29,365.5671
2017-12-14 11:30:00,700.75,704.0,696.9,701.5,441.90509
2017-12-14 11:45:00,700.9,703.0,700.0,701.34,336.31678
2017-12-14 12:00:00,702.16,716.9,701.35,716.88,318.47658
2017-12-14 12:15:00,716.87,727.99,715.04,724.0,405.67891
2017-12-14 12:30:00,724.0,727.99,719.0,724.34,395.14922
2017-12-14 12:45:00,724.34,728.0,715.04,723.23,382.34068
2017-12-14 13:00:00,723.9,725.94,714.62,717.84,307.53474
2017-12-14 13:15:00,718.0,719.1,712.12,713.98,339.38968
2017-12-14 13:30:00,714.01,714.47,689.0,689.0,803.42944
2017-12-14 13:45:00,690.99,698.0,688.0,695.02,569.91842
2017-12-14 14:00:00,695.01,700.0,691.37,699.8,334.94687
2017-12-14 14:15:00,699.98,706.34,698.0,701.95,433.15897
2017-12-14 14:30:00,701.97,708.0,700.0,702.76,352.3305
2017-12-14 14:45:00,702.77,707.98,695.02,695.9,357.71067
2017-12-14 15:00:00,695.9,697.6,691.0,693.08,325.59501
2017-12-14 15:15:00,693.98,701.82,693.06,696.01,275.46346
2017-12-14 15:30:00,696.01,702.68,695.2,702.68,227.66511
2017-12-14 15:45:00,702.68,712.83,700.69,706.04,318.45664
2017-12-14 16:00:00,706.06,709.95,694.0,694.0,496.84258
2017-12-14 16:15:00,695.26,699.12,680.01,687.97,1093.43372
2017-12-14 16:30:00,689.78,695.0,682.0,692.14,790.81278
2017-12-14 16:45:00,692.14,725.72,692.14,718.67,1209.9689
2017-12-14 17:00:00,718.64,733.34,716.13,724.04,840.37641
2017-12-14 17:15:00,727.99,747.6,727.99,740.0,1252.67524
2017-12-14 17:30:00,735.1,746.2,731.06,735.01,1055.03887
2017-12-14 17:45:00,738.99,738.99,719.75,726.99,965.56265
2017-12-14 18:00:00,725.02,733.64,722.52,729.89,507.51517
2017-12-14 18:15:00,727.66,733.58,727.64,730.12,587.43454
2017-12-14 18:30:00,730.3,731.89,700.0,703.0,2316.7371
2017-12-14 18:45:00,703.0,705.0,685.0,693.0,2637.76285
2017-12-14 19:00:00,689.02,704.76,689.02,699.65,1000.42839
2017-12-14 19:15:00,699.65,699.67,684.0,689.0,1299.2433
2017-12-14 19:30:00,688.99,694.95,683.11,693.9,1185.2938
2017-12-14 19:45:00,693.01,693.24,675.5,680.66,1382.75592
2017-12-14 20:00:00,678.1,681.02,660.0,665.0,2321.15979
2017-12-14 20:15:00,665.0,677.82,662.02,677.0,1417.76657
2017-12-14 20:30:00,677.0,689.99,676.02,681.61,711.45007
2017-12-14 20:45:00,681.51,683.69,675.2,675.2,698.38201
2017-12-14 21:00:00,675.0,678.4,668.0,671.0,1069.00071
2017-12-14 21:15:00,672.9,672.98,661.0,664.86,661.18027
2017-12-14 21:30:00,664.86,674.0,663.52,673.0,902.03757
2017-12-14 21:45:00,673.24,678.78,669.99,676.0,655.97554
2017-12-14 22:00:00,676.99,678.8,670.0,673.0,783.36014
2017-12-14 22:15:00,673.0,673.01,651.0,652.74,1324.54766
2017-12-14 22:30:00,652.74,658.97,647.02,656.01,1125.77696
2017-12-14 22:45:00,656.02,657.0,644.44,647.3,1246.8358
2017-12-14 23:00:00,647.27,649.16,635.0,639.98,1067.40658
2017-12-14 23:15:00,636.13,645.0,630.5,643.09,1558.48243
2017-12-14 23:30:00,643.09,666.99,643.09,663.33,1058.59436
2017-12-14 23:45:00,664.15,674.98,663.33,665.06,923.20092
2017-12-15 00:00:00,667.55,670.95,662.63,662.63,599.35926
2017-12-15 00:15:00,662.63,666.0,654.0,665.0,426.14533
2017-12-15 00:30:00,665.0,665.9,655.71,656.47,340.49864
2017-12-15 00:45:00,656.47,665.0,650.0,663.28,364.40121
2017-12-15 01:00:00,663.14,665.7,660.0,664.0,410.42862
2017-12-15 01:15:00,665.02,671.99,663.42,671.99,481.34277
2017-12-15 01:30:00,671.91,672.0,665.99,667.0,402.70098
2017-12-15 01:45:00,666.13,667.81,664.51,665.5,352.4306
2017-12-15 02:00:00,665.0,666.11,660.0,665.89,311.38373
2017-12-15 02:15:00,663.89,664.96,656.86,656.87,272.74186
2017-12-15 02:30:00,656.87,658.72,644.4,653.7,355.49686
2017-12-15 02:45:00,653.7,655.3,647.86,648.5,290.24991
2017-12-15 03:00:00,648.52,654.87,645.38,652.11,283.97995
2017-12-15 03:15:00,654.45,667.76,651.47,660.21,354.20627
2017-12-15 03:30:00,662.55,667.62,659.58,667.62,170.07098
2017-12-15 03:45:00,667.61,667.76,663.11,665.08,279.76888
2017-12-15 04:00:00,665.08,669.84,663.12,669.62,121.5603
2017-12-15 04:15:00,669.7,671.88,667.01,670.0,356.10236
2017-12-15 04:30:00,670.0,675.0,667.49,672.17,212.74931
2017-12-15 04:45:00,673.57,676.66,670.04,671.3,518.06811
2017-12-15 05:00:00,671.35,674.79,670.03,671.33,243.03085
2017-12-15 05:15:00,671.36,674.32,667.0,667.05,391.53452
2017-12-15 05:30:00,673.36,674.0,665.75,671.33,200.766
2017-12-15 05:45:00,670.0,676.66,670.0,672.71,157.52854
2017-12-15 06:00:00,672.76,675.0,672.5,673.51,375.06985
2017-12-15 06:15:00,674.95,677.0,673.03,677.0,197.54425
2017-12-15 06:30:00,677.0,677.33,665.1,666.78,234.25685
2017-12-15 06:45:00,668.0,674.1,665.13,669.25,193.17964
2017-12-15 07:00:00,670.0,674.87,669.26,674.52,235.98851
2017-12-15 07:15:00,671.0,674.51,669.43,671.02,247.87723
2017-12-15 07:30:00,671.03,674.88,670.01,674.88,174.97001
2017-12-15 07:45:00,674.88,680.0,674.51,679.76,300.37927
2017-12-15 08:00:00,679.76,681.97,676.55,676.59,385.46626
2017-12-15 08:15:00,676.6,677.0,665.0,665.41,536.00952
2017-12-15 08:30:00,665.59,668.57,652.21,661.1,512.27464
2017-12-15 08:45:00,660.3,668.68,642.0,651.43,889.02125
2017-12-15 09:00:00,651.85,663.97,647.11,657.62,428.91409
2017-12-15 09:15:00,658.87,659.0,650.15,656.02,328.21319
2017-12-15 09:30:00,655.11,655.38,640.0,640.01,862.55336
2017-12-15 09:45:00,641.02,641.02,626.0,632.28,1325.62516
2017-12-15 10:00:00,630.0,641.02,625.75,629.4,689.16175
2017-12-15 10:15:00,628.83,635.0,620.0,620.0,1100.46504
2017-12-15 10:30:00,620.0,620.96,600.01,610.0,2860.88503
2017-12-15 10:45:00,603.04,625.0,594.6,616.89,1633.43383
2017-12-15 11:00:00,615.01,639.9,606.0,631.05,960.48013
2017-12-15 11:15:00,631.04,645.12,630.0,642.0,815.77191
2017-12-15 11:30:00,643.18,643.18,630.45,638.98,473.7934
2017-12-15 11:45:00,638.1,642.49,636.01,642.49,469.5268
2017-12-15 12:00:00,641.37,658.0,640.25,654.5,428.31837
2017-12-15 12:15:00,656.0,659.0,647.5,653.01,597.50204
2017-12-15 12:30:00,654.03,657.99,651.71,654.91,272.99447
2017-12-15 12:45:00,654.9,654.94,641.0,644.0,499.45131
2017-12-15 13:00:00,643.87,649.99,641.04,646.75,340.94774
2017-12-15 13:15:00,646.73,649.11,641.9,642.12,258.70717
2017-12-15 13:30:00,644.58,648.08,642.23,645.25,299.82781
2017-12-15 13:45:00,645.24,651.0,643.19,651.0,284.77267
2017-12-15 14:00:00,651.02,659.0,651.02,658.98,288.2283
2017-12-15 14:15:00,658.98,665.0,657.21,664.95,259.07188
2017-12-15 14:30:00,663.87,665.0,662.26,662.51,351.05268
2017-12-15 14:45:00,663.89,664.46,650.01,657.3,313.98988
2017-12-15 15:00:00,657.3,659.78,650.01,652.1,401.27782
2017-12-15 15:15:00,651.34,659.66,650.0,657.52,412.61474
2017-12-15 15:30:00,657.52,661.12,651.21,654.25,284.29574
2017-12-15 15:45:00,655.0,657.94,652.1,654.51,269.20403
2017-12-15 16:00:00,654.5,656.6,652.13,654.0,259.5532
2017-12-15 16:15:00,653.15,662.69,653.15,662.01,327.90177
2017-12-15 16:30:00,662.01,664.86,659.0,662.0,302.07475
2017-12-15 16:45:00,660.56,661.99,655.01,657.94,333.75531
2017-12-15 17:00:00,657.96,660.04,652.1,652.11,390.45098
2017-12-15 17:15:00,652.1,658.0,644.0,651.98,317.28423
2017-12-15 17:30:00,651.98,658.99,647.35,650.0,232.37882
2017-12-15 17:45:00,650.45,651.98,634.07,634.07,693.92403
2017-12-15 18:00:00,634.54,634.54,630.0,631.9,751.29109
2017-12-15 18:15:00,631.24,634.99,626.12,630.65,568.60039
2017-12-15 18:30:00,631.0,637.67,630.0,636.99,557.35501
2017-12-15 18:45:00,636.99,651.0,632.45,648.98,572.25078
2017-12-15 19:00:00,648.0,649.95,636.0,645.32,303.86754
2017-12-15 19:15:00,645.32,648.78,645.15,646.5,103.41933
2017-12-15 19:30:00,646.51,648.0,644.33,644.44,226.45167
2017-12-15 19:45:00,644.44,647.03,639.15,641.12,260.58389
2017-12-15 20:00:00,641.12,647.99,641.12,645.56,281.82589
2017-12-15 20:15:00,645.56,649.0,641.6,647.41,222.84981
2017-12-15 20:30:00,647.41,652.88,643.65,652.03,196.35228
2017-12-15 20:45:00,652.81,654.96,652.03,653.38,324.57615
2017-12-15 21:00:00,653.98,656.22,653.37,656.0,314.1725
2017-12-15 21:15:00,656.1,666.66,654.94,665.02,457.5712
2017-12-15 21:30:00,665.02,672.0,665.02,671.98,387.00553
2017-12-15 21:45:00,671.96,682.32,668.4,670.67,797.62654
2017-12-15 22:00:00,670.69,675.54,663.11,669.62,616.26001
2017-12-15 22:15:00,669.51,672.78,668.19,671.07,320.90507
2017-12-15 22:30:00,672.6,672.63,669.55,669.62,288.46137
2017-12-15 22:45:00,669.61,673.15,668.67,672.0,322.24496
2017-12-15 23:00:00,672.0,681.3,670.33,681.0,394.14796
2017-12-15 23:15:00,681.0,689.0,680.0,685.04,886.18546
2017-12-15 23:30:00,685.05,688.99,679.0,688.0,386.10354
2017-12-15 23:45:00,688.01,688.99,683.31,683.32,257.15742
2017-12-16 00:00:00,684.51,684.51,676.5,677.6,308.26311
2017-12-16 00:15:00,677.6,685.0,677.12,679.74,221.89623
2017-12-16 00:30:00,678.02,681.79,676.51,680.57,252.73599
2017-12-16 00:45:00,679.13,684.99,679.13,680.77,243.16328
2017-12-16 01:00:00,681.97,682.0,677.65,679.45,502.25944
2017-12-16 01:15:00,679.45,681.0,678.01,680.25,528.19558
2017-12-16 01:30:00,680.26,682.98,678.0,681.76,255.4063
2017-12-16 01:45:00,682.0,682.98,680.09,681.96,214.74307
2017-12-16 02:00:00,681.98,682.0,678.0,678.17,213.42142
2017-12-16 02:15:00,679.13,680.15,670.0,673.17,440.07683
2017-12-16 02:30:00,677.97,680.0,673.17,677.01,249.96008
2017-12-16 02:45:00,677.01,679.99,676.0,677.08,162.49771
2017-12-16 03:00:00,677.08,680.0,669.5,670.04,231.48368
2017-12-16 03:15:00,673.0,677.0,670.12,675.39,209.39619
2017-12-16 03:30:00,675.39,676.74,669.5,675.11,197.19386
2017-12-16 03:45:00,675.32,677.08,674.22,674.48,154.63328
2017-12-16 04:00:00,675.03,677.46,673.55,677.46,142.93379
2017-12-16 04:15:00,676.17,679.5,674.99,677.97,103.23777
2017-12-16 04:30:00,677.96,681.8,677.95,678.1,136.10074
2017-12-16 04:45:00,678.09,682.0,677.99,680.69,193.84038
2017-12-16 05:00:00,682.0,682.99,680.02,682.98,122.13851
2017-12-16 05:15:00,682.02,682.85,675.0,679.11,228.37234
2017-12-16 05:30:00,677.03,682.95,675.25,679.45,196.33092
2017-12-16 05:45:00,679.44,682.5,679.44,680.83,112.701
2017-12-16 06:00:00,680.83,682.0,679.11,679.11,350.16395
2017-12-16 06:15:00,679.11,679.36,671.21,673.97,244.56953
2017-12-16 06:30:00,671.29,677.32,671.2,674.55,134.39649
2017-12-16 06:45:00,675.0,677.98,673.27,674.88,218.47351
2017-12-16 07:00:00,677.08,677.98,673.38,676.99,196.64315
2017-12-16 07:15:00,673.52,678.92,673.51,675.96,125.81444
2017-12-16 07:30:00,675.02,676.0,669.52,669.52,276.80979
2017-12-16 07:45:00,669.52,675.0,669.01,674.95,121.8688
2017-12-16 08:00:00,673.75,677.0,671.9,675.0,228.72318
2017-12-16 08:15:00,674.99,680.0,674.98,679.01,177.84375
2017-12-16 08:30:00,679.0,686.02,676.12,685.0,447.84638
2017-12-16 08:45:00,685.0,689.89,684.5,689.0,360.70918
2017-12-16 09:00:00,689.0,698.18,683.2,692.48,638.55534
2017-12-16 09:15:00,692.81,698.15,692.81,696.64,266.23211
2017-12-16 09:30:00,696.72,712.0,696.71,700.5,1069.3197
2017-12-16 09:45:00,703.99,705.0,693.16,699.0,868.48887
2017-12-16 10:00:00,699.0,704.92,699.0,704.79,431.21286
2017-12-16 10:15:00,704.79,710.0,703.0,708.86,591.30091
2017-12-16 10:30:00,708.86,711.59,700.0,700.02,362.1992
2017-12-16 10:45:00,700.04,702.47,694.0,695.03,484.98788
2017-12-16 11:00:00,696.0,699.99,694.21,697.1,485.55173
2017-12-16 11:15:00,697.85,700.01,695.0,697.0,394.14651
2017-12-16 11:30:00,698.0,699.89,691.0,692.9,613.27566
2017-12-16 11:45:00,691.11,694.9,688.68,689.49,554.89329
2017-12-16 12:00:00,689.5,693.46,689.37,690.22,252.97785
2017-12-16 12:15:00,690.2,693.35,688.0,689.0,309.29744
2017-12-16 12:30:00,689.0,690.5,688.13,688.26,278.44196
2017-12-16 12:45:00,688.37,690.5,688.0,690.0,382.1069
2017-12-16 13:00:00,690.5,697.19,690.0,697.19,274.676
2017-12-16 13:15:00,698.0,698.27,693.99,694.76,283.38656
2017-12-16 13:30:00,694.75,696.0,692.57,694.22,357.68302
2017-12-16 13:45:00,692.75,694.28,690.0,690.0,374.8519
2017-12-16 14:00:00,692.11,694.08,675.0,689.99,512.07394
2017-12-16 14:15:00,689.99,690.2,680.0,680.0,213.91239
2017-12-16 14:30:00,680.0,683.95,670.0,676.99,605.7059
2017-12-16 14:45:00,676.33,680.0,673.0,678.88,247.3277
2017-12-16 15:00:00,678.89,681.73,675.0,677.09,282.31638
2017-12-16 15:15:00,677.09,678.84,673.0,674.67,195.54859
2017-12-16 15:30:00,673.7,676.5,671.15,673.45,250.69836
2017-12-16 15:45:00,675.96,681.33,673.1,680.01,193.10436
2017-12-16 16:00:00,681.18,682.46,676.01,682.46,198.33944
2017-12-16 16:15:00,680.04,690.97,680.04,690.8,211.74074
2017-12-16 16:30:00,690.97,691.49,682.54,687.38,244.93305
2017-12-16 16:45:00,688.95,690.49,685.01,686.99,207.9586
2017-12-16 17:00:00,685.22,690.0,684.0,686.93,152.6698
2017-12-16 17:15:00,690.0,690.0,685.13,686.11,62.16553
2017-12-16 17:30:00,686.11,688.0,685.14,687.0,93.62932
2017-12-16 17:45:00,687.0,689.38,686.06,689.25,96.55014
2017-12-16 18:00:00,689.2,689.99,687.7,687.87,89.10689
2017-12-16 18:15:00,687.87,689.0,686.0,686.1,192.63833
2017-12-16 18:30:00,686.09,688.45,684.12,684.12,195.7401
2017-12-16 18:45:00,687.83,687.97,682.0,686.79,130.47913
2017-12-16 19:00:00,686.79,693.4,685.0,692.0,153.85758
2017-12-16 19:15:00,692.99,698.98,691.35,693.02,298.39402
2017-12-16 19:30:00,694.68,694.87,692.0,694.3,244.12845
2017-12-16 19:45:00,694.14,696.0,688.7,691.13,220.57149
2017-12-16 20:00:00,691.13,695.0,691.11,692.86,251.76699
2017-12-16 20:15:00,692.86,695.01,692.84,693.5,244.76202
2017-12-16 20:30:00,693.5,699.0,690.18,693.0,258.6879
2017-12-16 20:45:00,693.0,695.97,692.01,694.05,198.21456
2017-12-16 21:00:00,694.07,695.79,693.23,694.89,226.75603
2017-12-16 21:15:00,694.89,694.89,680.0,683.9,396.46824
2017-12-16 21:30:00,683.9,685.0,677.0,680.01,603.18484
2017-12-16 21:45:00,680.01,685.45,680.0,683.0,468.83324
2017-12-16 22:00:00,683.42,683.42,680.88,681.49,196.00662
2017-12-16 22:15:00,681.49,688.0,681.49,686.99,200.82536
2017-12-16 22:30:00,687.0,687.0,681.01,682.99,270.89966
2017-12-16 22:45:00,682.99,683.85,680.9,683.85,278.04545
2017-12-16 23:00:00,683.85,683.85,680.0,682.7,253.74838
2017-12-16 23:15:00,682.7,682.72,677.17,681.5,246.94218
2017-12-16 23:30:00,681.5,682.97,677.1,677.89,213.63048
2017-12-16 23:45:00,677.89,679.0,673.4,675.25,307.21407
2017-12-17 00:00:00,673.4,676.42,670.0,675.05,411.17061
2017-12-17 00:15:00,675.05,685.0,673.1,683.0,396.91882
2017-12-17 00:30:00,683.0,688.18,680.0,684.0,253.62941
2017-12-17 00:45:00,683.95,685.0,681.0,683.0,172.14962
2017-12-17 01:00:00,682.7,684.55,681.01,682.0,95.7615
2017-12-17 01:15:00,681.05,684.4,678.41,678.41,347.31657
2017-12-17 01:30:00,678.42,686.0,678.4,685.88,202.08315
2017-12-17 01:45:00,684.91,686.99,683.02,684.99,125.897
2017-12-17 02:00:00,684.99,685.4,678.43,681.0,131.66854
2017-12-17 02:15:00,681.0,683.66,680.03,682.94,64.85882
2017-12-17 02:30:00,682.93,683.65,678.76,682.02,186.26734
2017-12-17 02:45:00,682.84,683.0,677.5,681.8,172.55189
2017-12-17 03:00:00,681.25,681.98,678.89,679.37,106.23557
2017-12-17 03:15:00,679.36,679.55,673.3,674.0,199.3902
2017-12-17 03:30:00,674.0,676.85,671.06,671.1,298.51531
2017-12-17 03:45:00,671.1,672.94,671.0,671.61,313.09341
2017-12-17 04:00:00,671.61,678.34,669.22,676.58,454.70827
2017-12-17 04:15:00,676.58,678.94,672.45,674.0,118.58754
2017-12-17 04:30:00,674.0,680.87,673.52,679.55,144.88037
2017-12-17 04:45:00,679.55,681.0,677.0,678.98,134.89481
2017-12-17 05:00:00,678.96,679.02,677.11,679.02,400.87035
2017-12-17 05:15:00,679.02,686.89,679.02,686.89,315.24015
2017-12-17 05:30:00,686.02,688.99,681.61,685.0,88.21328
2017-12-17 05:45:00,687.0,687.9,681.91,683.44,69.85749
2017-12-17 06:00:00,681.63,683.4,677.5,681.98,95.62616
2017-12-17 06:15:00,683.23,683.23,677.99,678.33,114.06167
2017-12-17 06:30:00,679.07,682.77,678.36,680.1,163.77242
2017-12-17 06:45:00,680.1,682.76,678.68,682.76,178.88838
2017-12-17 07:00:00,682.76,682.85,681.02,682.01,102.00793
2017-12-17 07:15:00,682.01,684.0,680.42,682.66,189.32088
2017-12-17 07:30:00,683.0,686.0,681.08,685.19,132.3141
2017-12-17 07:45:00,682.0,685.67,680.0,682.81,287.01731
2017-12-17 08:00:00,681.8,692.0,680.33,688.24,397.6345
2017-12-17 08:15:00,689.0,698.25,688.29,698.24,749.23989
2017-12-17 08:30:00,698.24,699.9,696.41,699.88,260.3896
2017-12-17 08:45:00,699.9,702.45,698.08,699.77,337.16387
2017-12-17 09:00:00,699.79,702.82,699.77,702.81,378.21382
2017-12-17 09:15:00,702.62,707.0,700.5,705.31,482.07203
2017-12-17 09:30:00,705.31,707.0,703.71,705.78,229.42974
2017-12-17 09:45:00,705.78,707.0,702.0,702.2,255.56022
2017-12-17 10:00:00,702.0,704.74,698.21,699.5,528.92088
2017-12-17 10:15:00,699.5,702.0,698.41,699.98,273.28057
2017-12-17 10:30:00,699.99,705.73,699.0,705.7,271.41861
2017-12-17 10:45:00,704.46,708.28,704.46,705.55,292.2851
2017-12-17 11:00:00,706.34,708.65,704.0,705.4,371.81163
2017-12-17 11:15:00,706.4,706.5,704.18,705.88,402.99969
2017-12-17 11:30:00,705.88,706.57,704.21,705.47,421.77837
2017-12-17 11:45:00,706.4,711.06,705.12,711.06,414.5101
2017-12-17 12:00:00,710.7,713.0,710.42,713.0,793.57187
2017-12-17 12:15:00,712.99,717.53,711.14,712.72,630.0909
2017-12-17 12:30:00,712.72,715.41,711.28,714.0,414.57736
2017-12-17 12:45:00,714.0,715.0,706.64,711.0,458.65396
2017-12-17 13:00:00,709.74,716.0,708.49,715.0,247.52211
2017-12-17 13:15:00,715.0,719.47,714.07,715.14,229.97544
2017-12-17 13:30:00,714.82,720.0,714.29,720.0,404.96659
2017-12-17 13:45:00,720.0,720.0,707.09,712.0,363.8207
2017-12-17 14:00:00,712.0,718.0,709.12,716.99,463.84979
2017-12-17 14:15:00,716.97,719.98,715.05,715.35,335.51292
2017-12-17 14:30:00,715.64,716.62,711.2,711.48,250.55417
2017-12-17 14:45:00,711.48,714.0,711.47,712.0,435.0282
2017-12-17 15:00:00,712.0,712.95,707.01,707.16,467.67271
2017-12-17 15:15:00,707.18,708.79,704.0,706.33,405.81016
2017-12-17 15:30:00,706.5,712.98,704.5,710.09,273.12477
2017-12-17 15:45:00,710.09,712.99,710.0,712.99,411.5566
2017-12-17 16:00:00,712.96,713.49,710.38,711.96,290.11959
2017-12-17 16:15:00,711.97,714.0,710.4,712.03,157.53355
2017-12-17 16:30:00,712.05,713.92,711.27,713.84,278.71512
2017-12-17 16:45:00,713.84,713.91,706.06,708.81,359.69731
2017-12-17 17:00:00,708.81,709.5,707.03,707.5,260.41767
2017-12-17 17:15:00,707.5,708.8,704.45,707.74,323.33724
2017-12-17 17:30:00,707.0,715.0,705.1,710.7,294.93715
2017-12-17 17:45:00,708.65,712.8,708.06,711.0,212.05676
2017-12-17 18:00:00,711.0,712.79,708.32,710.35,190.66495
2017-12-17 18:15:00,711.9,715.01,709.58,714.0,232.4734
2017-12-17 18:30:00,714.02,714.94,712.96,713.58,416.77757
2017-12-17 18:45:00,714.2,714.78,703.45,712.99,528.73787
2017-12-17 19:00:00,711.62,714.78,711.59,712.24,373.56264
2017-12-17 19:15:00,712.24,714.04,707.13,711.44,257.3816
2017-12-17 19:30:00,708.92,711.44,708.92,711.19,160.37152
2017-12-17 19:45:00,711.15,714.11,710.0,712.12,404.37626
2017-12-17 20:00:00,712.3,712.5,705.89,708.99,390.15281
2017-12-17 20:15:00,708.45,709.98,706.54,708.55,202.79539
2017-12-17 20:30:00,708.76,708.76,704.33,704.35,456.95896
2017-12-17 20:45:00,705.0,705.0,700.32,701.2,511.82011
2017-12-17 21:00:00,701.21,706.0,700.0,704.09,606.24429
2017-12-17 21:15:00,703.38,706.96,702.85,702.85,233.78991
2017-12-17 21:30:00,702.55,704.0,701.0,702.5,208.01046
2017-12-17 21:45:00,703.8,706.83,702.51,706.69,161.06034
2017-12-17 22:00:00,706.6,706.98,705.15,706.98,246.27226
2017-12-17 22:15:00,707.0,707.03,703.7,704.1,198.7961
2017-12-17 22:30:00,705.45,706.97,704.1,706.01,262.92679
2017-12-17 22:45:00,706.97,708.0,702.07,703.29,352.36415
2017-12-17 23:00:00,703.5,705.49,700.85,702.0,338.37916
2017-12-17 23:15:00,700.87,703.0,698.01,700.48,638.09732
2017-12-17 23:30:00,700.48,705.43,697.31,705.0,513.51324
2017-12-17 23:45:00,703.97,706.98,703.85,704.53,222.5398
2017-12-18 00:00:00,704.53,708.04,704.26,706.55,340.58873
2017-12-18 00:15:00,706.26,707.55,700.65,702.29,226.11876
2017-12-18 00:30:00,702.29,704.95,701.0,702.41,236.91881
2017-12-18 00:45:00,703.8,704.43,696.0,698.01,421.82631
2017-12-18 01:00:00,697.0,704.5,695.95,702.11,182.44834
2017-12-18 01:15:00,702.12,705.0,702.01,703.5,148.23535
2017-12-18 01:30:00,703.5,706.0,703.3,705.95,240.23688
2017-12-18 01:45:00,705.94,706.0,704.0,705.0,221.16967
2017-12-18 02:00:00,705.0,709.54,704.54,705.35,200.32495
2017-12-18 02:15:00,705.35,709.15,704.1,709.09,201.2394
2017-12-18 02:30:00,709.09,710.0,706.87,709.69,389.47562
2017-12-18 02:45:00,708.13,718.19,706.88,718.0,364.59573
2017-12-18 03:00:00,718.0,719.99,712.0,712.01,249.89292
2017-12-18 03:15:00,712.0,716.07,711.09,713.25,201.40803
2017-12-18 03:30:00,714.86,714.86,707.96,709.2,244.76743
2017-12-18 03:45:00,709.2,711.5,708.01,711.49,160.92174
2017-12-18 04:00:00,711.5,717.97,708.06,711.21,212.44773
2017-12-18 04:15:00,711.22,718.11,709.36,715.96,230.58457
2017-12-18 04:30:00,715.96,718.67,711.03,715.99,195.17514
2017-12-18 04:45:00,717.34,719.93,714.01,716.63,148.98104
2017-12-18 05:00:00,716.99,719.5,715.05,717.52,138.54915
2017-12-18 05:15:00,718.0,721.19,718.0,719.1,298.98911
2017-12-18 05:30:00,721.0,723.89,719.1,723.12,151.5165
2017-12-18 05:45:00,722.45,726.0,721.0,725.3,235.03203
2017-12-18 06:00:00,725.8,728.0,723.36,725.0,355.07112
2017-12-18 06:15:00,725.0,727.31,718.06,718.15,402.21202
2017-12-18 06:30:00,718.17,719.98,716.1,716.8,240.19284
2017-12-18 06:45:00,716.8,719.27,711.0,713.0,257.80076
2017-12-18 07:00:00,713.82,717.0,702.01,712.73,525.25208
2017-12-18 07:15:00,715.45,715.45,701.12,701.61,580.35407
2017-12-18 07:30:00,704.25,708.99,700.09,706.56,302.51151
2017-12-18 07:45:00,707.0,708.01,704.85,707.64,155.7311
2017-12-18 08:00:00,707.62,708.26,705.02,708.2,166.92047
2017-12-18 08:15:00,706.8,708.07,704.85,704.85,308.34952
2017-12-18 08:30:00,704.85,704.99,696.0,697.61,729.62565
2017-12-18 08:45:00,697.61,699.0,680.52,680.52,1086.24054
2017-12-18 09:00:00,681.0,683.88,639.32,645.12,2533.27805
2017-12-18 09:15:00,646.0,659.96,638.0,648.0,1825.33138
2017-12-18 09:30:00,649.2,680.0,648.0,672.38,1357.18149
2017-12-18 09:45:00,672.38,685.62,671.04,682.0,851.8765
2017-12-18 10:00:00,683.8,702.07,682.0,695.98,680.0957
2017-12-18 10:15:00,696.67,699.0,689.51,690.63,509.83943
2017-12-18 10:30:00,690.63,690.75,680.12,690.75,582.2799
2017-12-18 10:45:00,690.01,692.39,686.37,690.0,702.7911
2017-12-18 11:00:00,690.0,700.0,689.0,698.01,557.70266
2017-12-18 11:15:00,699.0,707.99,698.02,707.56,511.39181
2017-12-18 11:30:00,707.56,707.56,697.24,704.05,333.82442
2017-12-18 11:45:00,702.0,706.77,702.0,706.77,348.69296
2017-12-18 12:00:00,706.77,709.0,705.02,706.82,440.62435
2017-12-18 12:15:00,707.43,711.09,703.36,709.03,533.47387
2017-12-18 12:30:00,711.09,711.09,705.9,709.28,421.26032
2017-12-18 12:45:00,708.63,710.17,703.39,703.39,187.11692
2017-12-18 13:00:00,703.4,707.38,703.0,704.48,306.01042
2017-12-18 13:15:00,704.49,709.45,703.5,709.45,332.76387
2017-12-18 13:30:00,709.0,710.0,705.03,707.89,335.5887
2017-12-18 13:45:00,707.0,711.09,704.0,707.83,464.5127
2017-12-18 14:00:00,707.87,712.0,707.15,709.22,343.46284
2017-12-18 14:15:00,708.21,711.0,707.33,709.5,301.84079
2017-12-18 14:30:00,708.6,710.55,708.1,708.8,203.25963
2017-12-18 14:45:00,708.81,711.96,708.0,709.6,262.25396
2017-12-18 15:00:00,709.9,711.0,706.71,707.85,200.96625
2017-12-18 15:15:00,706.76,709.9,705.6,708.1,233.99923
2017-12-18 15:30:00,708.1,710.0,707.29,709.69,225.25903
2017-12-18 15:45:00,709.95,711.0,700.0,700.0,298.76543
2017-12-18 16:00:00,700.63,710.0,695.0,709.71,198.74772
2017-12-18 16:15:00,708.69,712.31,707.0,711.85,393.54617
2017-12-18 16:30:00,710.78,714.9,710.0,714.0,503.77833
2017-12-18 16:45:00,714.0,719.0,713.1,717.2,733.9731
2017-12-18 17:00:00,717.33,718.54,706.16,713.04,380.20088
2017-12-18 17:15:00,713.15,715.0,707.0,712.0,223.21316
2017-12-18 17:30:00,712.0,713.0,708.92,711.99,276.04059
2017-12-18 17:45:00,711.89,714.45,708.41,713.99,249.60063
2017-12-18 18:00:00,713.99,715.0,713.88,715.0,13.83978
2017-12-18 18:15:00,713.9,720.0,713.89,720.0,839.54316
2017-12-18 18:30:00,719.0,725.99,717.3,724.5,941.8941
2017-12-18 18:45:00,725.99,727.85,722.95,727.48,411.79332
2017-12-18 19:00:00,727.48,732.99,726.01,732.99,967.87269
2017-12-18 19:15:00,732.99,740.0,732.26,737.73,814.23872
2017-12-18 19:30:00,739.98,748.01,737.73,746.96,901.10485
2017-12-18 19:45:00,746.0,746.98,733.52,733.52,651.96751
2017-12-18 20:00:00,733.62,739.99,725.98,733.74,765.508
2017-12-18 20:15:00,733.5,734.55,730.48,734.55,490.13622
2017-12-18 21:30:00,733.06,736.0,720.0,724.88,969.47819
2017-12-18 21:45:00,723.14,723.94,713.89,716.05,824.89632
2017-12-18 22:00:00,718.47,718.47,703.01,708.38,1037.89078
2017-12-18 22:15:00,710.9,718.41,704.01,706.0,757.27669
2017-12-18 22:30:00,706.0,718.42,705.88,713.0,779.036
2017-12-18 22:45:00,713.0,723.0,713.0,720.0,452.87755
2017-12-18 23:00:00,719.57,724.9,719.57,722.3,278.10485
2017-12-18 23:15:00,721.5,725.0,719.81,725.0,292.90061
2017-12-18 23:30:00,725.0,729.9,725.0,728.97,240.0579
2017-12-18 23:45:00,726.58,729.0,722.0,723.98,330.45905
2017-12-19 00:00:00,723.98,729.0,723.01,727.0,315.25578
2017-12-19 00:15:00,727.01,730.0,722.05,730.0,328.61173
2017-12-19 00:30:00,730.0,735.0,728.0,733.0,258.36214
2017-12-19 00:45:00,733.0,734.6,729.0,732.15,334.05545
2017-12-19 01:00:00,732.15,733.0,724.26,730.0,213.22657
2017-12-19 01:15:00,730.0,733.79,726.01,733.79,348.28518
2017-12-19 01:30:00,733.79,745.0,731.17,738.0,512.35499
2017-12-19 01:45:00,738.0,744.83,731.87,737.98,168.84587
2017-12-19 02:00:00,737.96,737.96,732.12,733.2,153.62886
2017-12-19 02:15:00,734.0,743.96,730.0,739.53,343.35309
2017-12-19 02:30:00,739.53,752.09,738.06,750.49,1032.87174
2017-12-19 02:45:00,752.04,755.6,745.0,748.5,520.67532
2017-12-19 03:00:00,748.49,765.0,745.51,764.99,717.80938
2017-12-19 03:15:00,765.0,765.87,755.01,759.1,267.00649
2017-12-19 03:30:00,759.47,768.0,753.23,762.3,319.57302
2017-12-19 03:45:00,760.91,767.9,755.0,762.12,233.8882
2017-12-19 04:00:00,762.17,782.0,762.17,780.16,469.45016
2017-12-19 04:15:00,780.16,785.99,780.04,780.04,705.48195
2017-12-19 04:30:00,780.0,780.0,760.1,774.3,249.52052
2017-12-19 04:45:00,776.99,777.0,765.12,766.01,199.96748
2017-12-19 05:00:00,766.01,774.81,762.69,772.0,183.32587
2017-12-19 05:15:00,772.0,778.99,768.13,776.68,243.7026
2017-12-19 05:30:00,776.72,787.99,770.94,784.0,269.15441
2017-12-19 05:45:00,782.0,789.5,777.81,789.5,582.70959
2017-12-19 06:00:00,790.0,792.95,780.0,784.59,396.29199
2017-12-19 06:15:00,787.58,792.99,784.59,789.0,203.27245
2017-12-19 06:30:00,787.0,795.0,785.44,795.0,403.3245
2017-12-19 06:45:00,795.5,798.88,785.0,787.98,371.87107
2017-12-19 07:00:00,787.0,787.0,771.13,773.0,366.97099
2017-12-19 07:15:00,773.0,788.0,765.11,776.05,362.38109
2017-12-19 07:30:00,780.06,784.99,776.05,783.99,411.26779
2017-12-19 07:45:00,783.99,787.99,780.07,784.0,290.65474
2017-12-19 08:00:00,784.0,785.99,774.89,775.0,322.81264
2017-12-19 08:15:00,775.0,775.0,738.05,770.02,735.69261
2017-12-19 08:30:00,770.02,780.0,765.85,770.9,339.10918
2017-12-19 08:45:00,768.09,779.0,768.09,778.0,372.09806
2017-12-19 09:00:00,777.15,784.88,777.0,784.88,296.39632
2017-12-19 09:15:00,784.98,790.0,784.01,789.0,360.84079
2017-12-19 09:30:00,790.0,793.5,789.5,793.4,424.92492
2017-12-19 09:45:00,793.4,794.95,789.0,794.95,486.552
2017-12-19 10:00:00,794.95,797.5,791.71,794.76,517.03932
2017-12-19 10:15:00,796.69,813.0,794.8,810.0,750.94388
2017-12-19 10:30:00,810.01,811.9,800.0,810.0,732.76285
2017-12-19 10:45:00,811.0,818.66,801.63,812.0,742.28831
2017-12-19 11:00:00,812.0,814.9,802.26,805.0,663.7373
2017-12-19 11:15:00,804.3,805.93,800.0,800.0,481.31819
2017-12-19 11:30:00,800.0,809.99,795.01,806.16,525.99455
2017-12-19 11:45:00,806.16,809.97,804.04,809.01,367.63618
2017-12-19 12:00:00,809.93,814.85,809.01,813.97,229.96981
2017-12-19 12:15:00,813.0,823.96,811.0,813.89,558.75677
2017-12-19 12:30:00,814.0,819.46,809.0,813.17,310.77715
2017-12-19 12:45:00,813.17,813.99,811.85,813.88,359.97653
2017-12-19 13:00:00,813.01,814.83,813.01,814.38,248.46137
2017-12-19 13:15:00,814.4,815.0,811.11,811.92,306.47345
2017-12-19 13:30:00,811.92,818.94,809.0,816.96,424.18168
2017-12-19 13:45:00,816.96,825.99,816.04,825.99,402.13275
2017-12-19 14:00:00,825.99,829.65,824.2,829.0,461.79707
2017-12-19 14:15:00,829.45,829.99,825.06,829.96,425.81116
2017-12-19 14:30:00,829.96,832.22,825.15,830.95,810.60299
2017-12-19 14:45:00,830.95,838.8,830.91,836.06,321.65874
2017-12-19 15:00:00,836.1,841.98,836.1,840.8,792.76909
2017-12-19 15:15:00,840.7,840.7,833.01,836.47,406.66669
2017-12-19 15:30:00,836.44,836.44,825.02,832.0,443.7851
2017-12-19 15:45:00,832.0,837.0,830.53,835.0,434.92061
2017-12-19 16:00:00,835.0,836.26,831.04,834.11,208.77646
2017-12-19 16:15:00,834.11,839.01,833.0,835.55,328.22754
2017-12-19 16:30:00,838.7,849.0,836.32,849.0,480.21296
2017-12-19 16:45:00,848.0,853.65,846.0,851.16,717.36108
2017-12-19 17:00:00,852.81,854.99,848.32,853.01,422.34138
2017-12-19 17:15:00,853.01,859.27,851.39,856.15,484.06483
2017-12-19 17:30:00,858.9,864.9,856.15,860.01,321.59864
2017-12-19 17:45:00,860.02,861.8,827.53,843.9,1585.39742
2017-12-19 18:00:00,843.0,843.91,782.1,785.01,3047.38712
2017-12-19 18:15:00,785.01,808.02,729.01,790.0,4701.43035
2017-12-19 18:30:00,790.0,827.0,732.02,732.02,3197.08997
2017-12-19 18:45:00,732.02,779.58,731.0,758.99,2774.40919
2017-12-19 19:00:00,758.98,785.0,743.0,760.0,2003.2926
2017-12-19 19:15:00,760.0,790.99,755.0,790.99,1424.21725
2017-12-19 19:30:00,790.99,815.0,787.02,811.95,1628.42307
2017-12-19 19:45:00,811.97,819.89,775.0,792.1,1652.03823
2017-12-19 20:00:00,793.99,803.0,777.0,790.0,1636.94678
2017-12-19 20:15:00,790.0,798.92,786.51,795.0,992.25107
2017-12-19 20:30:00,795.0,804.99,787.05,802.0,874.05243
2017-12-19 20:45:00,799.43,803.47,793.07,795.2,467.43001
2017-12-19 21:00:00,795.2,813.97,795.2,811.36,654.1127
2017-12-19 21:15:00,813.89,815.88,804.94,811.51,732.58155
2017-12-19 21:30:00,814.8,818.99,800.0,807.99,588.91712
2017-12-19 21:45:00,807.99,817.99,807.91,812.59,369.41156
2017-12-19 22:00:00,812.59,814.5,791.21,801.05,793.01192
2017-12-19 22:15:00,801.6,809.29,791.0,803.89,928.08309
2017-12-19 22:30:00,802.12,804.19,768.0,775.0,1081.55806
2017-12-19 22:45:00,776.0,794.49,763.0,764.02,1657.38157
2017-12-19 23:00:00,765.0,785.74,751.11,767.0,1371.48577
2017-12-19 23:15:00,763.66,775.0,750.01,767.1,1106.16695
2017-12-19 23:30:00,769.99,790.0,767.13,778.1,901.03767
2017-12-19 23:45:00,780.0,788.95,771.01,788.94,583.13636
2017-12-20 00:00:00,788.94,799.0,782.95,797.0,897.35435
2017-12-20 00:15:00,797.03,808.0,787.81,796.9,421.27464
2017-12-20 00:30:00,792.44,798.0,788.0,797.99,335.97786
2017-12-20 00:45:00,798.0,808.0,797.0,807.49,424.36585
2017-12-20 01:00:00,807.0,817.4,790.01,809.01,609.52623
2017-12-20 01:15:00,809.01,822.89,801.0,822.88,496.64228
2017-12-20 01:30:00,820.02,823.5,812.5,822.0,344.28388
2017-12-20 01:45:00,822.0,822.97,812.04,815.0,219.76904
2017-12-20 02:00:00,816.0,819.2,810.03,817.9,218.33473
2017-12-20 02:15:00,818.78,824.0,816.89,823.49,172.35221
2017-12-20 02:30:00,824.0,831.99,823.49,830.0,309.659
2017-12-20 02:45:00,830.0,835.0,820.83,822.98,419.42785
2017-12-20 03:00:00,822.98,835.0,820.82,823.1,269.06732
2017-12-20 03:15:00,823.11,828.0,816.89,823.0,409.42762
2017-12-20 03:30:00,820.0,823.25,810.01,819.5,166.64491
2017-12-20 03:45:00,819.5,823.25,815.3,821.79,317.75574
2017-12-20 04:00:00,821.74,821.79,816.0,816.0,159.45315
2017-12-20 04:15:00,817.92,817.92,801.0,805.67,325.11808
2017-12-20 04:30:00,805.68,812.85,800.01,811.9,190.22639
2017-12-20 04:45:00,811.9,812.63,791.01,804.34,303.30292
2017-12-20 05:00:00,804.34,805.35,781.0,789.94,266.57307
2017-12-20 05:15:00,789.94,789.94,765.0,766.01,1095.56327
2017-12-20 05:30:00,766.0,779.99,759.0,765.02,891.84417
2017-12-20 05:45:00,773.2,775.9,752.0,759.0,1051.2251
2017-12-20 06:00:00,759.0,786.04,756.65,786.0,901.16714
2017-12-20 06:15:00,785.99,789.99,774.91,779.77,830.91524
2017-12-20 06:30:00,779.7,779.7,750.0,760.0,887.81857
2017-12-20 06:45:00,752.2,778.95,750.0,771.0,440.41151
2017-12-20 07:00:00,771.0,780.0,767.01,774.0,357.43022
2017-12-20 07:15:00,778.42,795.05,775.09,795.04,329.42182
2017-12-20 07:30:00,791.13,804.98,791.13,802.02,224.03597
2017-12-20 07:45:00,803.0,806.0,786.05,798.0,364.53036
2017-12-20 08:00:00,798.0,799.97,760.0,760.17,592.00159
2017-12-20 08:15:00,764.52,769.98,726.01,726.01,2322.57977
2017-12-20 08:30:00,731.64,731.64,661.0,709.99,3702.30568
2017-12-20 08:45:00,701.0,749.0,689.02,730.11,3959.48473
2017-12-20 09:00:00,725.21,736.0,710.0,721.22,3621.326
2017-12-20 09:15:00,729.8,730.0,689.0,700.0,1459.88811
2017-12-20 09:30:00,695.0,724.99,695.0,724.96,1478.29389
2017-12-20 09:45:00,724.0,750.0,720.14,748.0,4964.95092
2017-12-20 10:00:00,747.99,764.93,735.55,761.79,2301.71744
2017-12-20 10:15:00,761.79,761.8,745.11,753.83,1087.45612
2017-12-20 10:30:00,753.82,790.0,750.31,778.01,923.78667
2017-12-20 10:45:00,778.01,798.0,770.08,794.0,995.11985
2017-12-20 11:00:00,794.3,797.9,771.0,781.0,1293.7491
2017-12-20 11:15:00,784.9,784.93,773.5,783.96,484.86063
2017-12-20 11:30:00,783.96,800.0,779.1,782.93,498.20068
2017-12-20 11:45:00,782.6,782.6,779.03,780.0,480.73174
2017-12-20 12:00:00,779.03,780.02,763.57,772.0,579.76427
2017-12-20 12:15:00,772.0,777.96,766.4,771.0,398.52079
2017-12-20 12:30:00,771.0,779.99,766.41,779.0,342.3802
2017-12-20 12:45:00,779.89,780.89,775.04,779.0,352.81363
2017-12-20 13:00:00,779.0,779.97,770.12,772.19,224.33436
2017-12-20 13:15:00,772.18,779.9,770.0,773.0,489.68001
2017-12-20 13:30:00,772.7,775.0,766.45,773.63,524.39154
2017-12-20 13:45:00,773.63,775.0,762.08,765.02,601.10239
2017-12-20 14:00:00,765.02,766.9,747.0,747.0,868.20271
2017-12-20 14:15:00,747.0,753.97,737.62,740.18,1039.98102
2017-12-20 14:30:00,740.18,755.0,735.0,743.99,1248.73535
2017-12-20 14:45:00,746.89,764.98,743.0,752.04,1078.45615
2017-12-20 15:00:00,754.44,759.0,748.0,758.0,442.71032
2017-12-20 15:15:00,758.0,774.99,757.95,768.02,846.50449
2017-12-20 15:30:00,769.15,772.99,765.0,770.0,583.49055
2017-12-20 15:45:00,770.01,774.97,765.0,765.0,370.91609
2017-12-20 16:00:00,765.0,773.0,762.5,772.57,432.75313
2017-12-20 16:15:00,772.58,780.0,772.57,776.85,473.00526
2017-12-20 16:30:00,776.86,792.0,776.01,788.2,646.03665
2017-12-20 16:45:00,788.2,799.0,788.2,799.0,769.92579
2017-12-20 17:00:00,799.8,802.34,782.24,788.98,576.01679
2017-12-20 17:15:00,788.97,796.03,786.63,795.13,453.12261
2017-12-20 17:30:00,795.13,801.49,792.18,793.0,504.0008
2017-12-20 17:45:00,793.0,799.89,792.62,796.11,400.4496
2017-12-20 18:00:00,796.1,802.32,790.0,799.76,1052.55379
2017-12-20 18:15:00,799.37,804.99,799.0,802.75,796.45836
2017-12-20 18:30:00,802.75,815.0,801.54,811.55,498.32428
2017-12-20 18:45:00,811.55,813.6,801.01,803.95,424.50381
2017-12-20 19:00:00,803.9,805.0,799.0,800.0,562.81465
2017-12-20 19:15:00,800.0,803.52,795.0,803.52,486.49786
2017-12-20 19:30:00,798.09,804.98,796.02,804.5,297.73234
2017-12-20 19:45:00,804.98,813.59,804.98,806.15,532.65231
2017-12-20 20:00:00,806.18,815.96,806.18,813.97,467.98824
2017-12-20 20:15:00,813.97,828.0,813.97,827.0,698.02679
2017-12-20 20:30:00,827.0,828.0,816.01,820.12,1017.95763
2017-12-20 20:45:00,822.45,824.98,820.06,822.9,415.68914
2017-12-20 21:00:00,822.9,825.0,818.31,822.03,516.36285
2017-12-20 21:15:00,823.0,825.0,805.03,807.18,654.06204
2017-12-20 21:30:00,806.0,816.0,786.0,788.0,1132.77572
2017-12-20 21:45:00,786.0,801.98,780.51,790.06,803.70327
2017-12-20 22:00:00,791.69,804.89,790.09,800.0,546.59927
2017-12-20 22:15:00,800.0,801.98,791.0,793.03,508.52148
2017-12-20 22:30:00,793.03,799.99,791.0,793.15,339.30525
2017-12-20 22:45:00,794.0,806.79,794.0,802.0,453.55509
2017-12-20 23:00:00,802.0,802.96,793.04,797.1,325.068
2017-12-20 23:15:00,797.1,813.0,795.0,811.03,557.28468
2017-12-20 23:30:00,813.0,813.0,802.0,804.5,626.32391
2017-12-20 23:45:00,804.5,805.0,791.0,795.0,502.02853
2017-12-21 00:00:00,794.97,796.5,766.48,767.0,727.66124
2017-12-21 00:15:00,767.0,779.86,763.0,771.03,818.06438
2017-12-21 00:30:00,772.02,779.74,765.3,772.51,891.70297
2017-12-21 00:45:00,775.02,776.98,765.0,775.0,587.18234
2017-12-21 01:00:00,775.0,805.0,775.0,793.99,682.50105
2017-12-21 01:15:00,793.99,798.98,790.04,793.13,294.61088
2017-12-21 01:30:00,795.0,802.78,791.0,799.91,215.1976
2017-12-21 01:45:00,799.91,805.0,796.07,801.97,290.94659
2017-12-21 02:00:00,797.1,801.99,791.23,791.78,315.16511
2017-12-21 02:15:00,791.91,800.0,791.62,798.0,166.14007
2017-12-21 02:30:00,798.0,801.0,794.93,800.0,382.69286
2017-12-21 02:45:00,800.0,805.5,795.12,803.12,465.6241
2017-12-21 03:00:00,803.12,806.0,792.1,793.12,706.2951
2017-12-21 03:15:00,793.5,801.49,792.11,799.01,223.13099
2017-12-21 03:30:00,799.01,802.1,796.02,797.9,187.23235
2017-12-21 03:45:00,798.0,810.0,797.72,805.41,410.34608
2017-12-21 04:00:00,806.0,809.0,797.7,801.91,287.61658
2017-12-21 04:15:00,801.91,810.0,801.91,808.54,361.95703
2017-12-21 04:30:00,808.51,817.0,806.02,812.0,604.90437
2017-12-21 04:45:00,812.0,816.82,804.1,815.11,429.34243
2017-12-21 05:00:00,814.17,814.17,792.32,796.03,649.18404
2017-12-21 05:15:00,795.12,799.82,792.12,793.21,236.06191
2017-12-21 05:30:00,794.83,795.0,775.23,777.02,406.83884
2017-12-21 05:45:00,780.32,793.45,776.5,782.6,346.66366
2017-12-21 06:00:00,785.76,788.5,775.0,776.0,591.63978
2017-12-21 06:15:00,776.01,796.94,771.0,782.05,319.35541
2017-12-21 06:30:00,782.05,795.0,780.1,781.97,519.53951
2017-12-21 06:45:00,782.0,797.0,780.5,786.74,557.84867
2017-12-21 07:00:00,784.99,786.86,780.02,780.51,391.9969
2017-12-21 07:15:00,782.75,793.61,780.51,789.9,337.83549
2017-12-21 07:30:00,791.48,794.88,787.01,790.75,215.83685
2017-12-21 07:45:00,790.75,794.99,789.68,790.21,274.63227
2017-12-21 08:00:00,794.62,795.73,790.21,793.06,253.24794
2017-12-21 08:15:00,791.01,799.0,789.69,795.25,672.17117
2017-12-21 08:30:00,795.25,804.0,795.0,799.9,962.22899
2017-12-21 08:45:00,799.5,807.0,799.5,804.49,577.00956
2017-12-21 09:00:00,804.5,807.11,797.61,799.99,914.82
2017-12-21 09:15:00,797.63,800.5,790.01,798.95,504.31313
2017-12-21 09:30:00,798.93,808.47,793.7,800.12,414.23383
2017-12-21 09:45:00,800.5,803.89,800.12,800.41,407.81125
2017-12-21 10:00:00,800.41,808.0,793.01,805.14,891.63228
2017-12-21 10:15:00,805.14,807.88,801.02,802.54,441.02369
2017-12-21 10:30:00,802.54,804.78,800.7,802.27,604.05954
2017-12-21 10:45:00,802.27,806.44,801.0,802.9,457.81492
2017-12-21 11:00:00,802.91,804.98,795.0,799.97,499.56342
2017-12-21 11:15:00,799.97,806.99,799.06,806.0,486.70137
2017-12-21 11:30:00,806.0,808.0,800.77,806.0,441.86271
2017-12-21 11:45:00,806.0,818.0,804.02,816.0,554.93501
2017-12-21 12:00:00,816.0,820.0,806.0,816.51,1068.43481
2017-12-21 12:15:00,816.51,820.0,810.24,820.0,605.83886
2017-12-21 12:30:00,819.98,831.0,819.01,830.01,911.16946
2017-12-21 12:45:00,830.01,833.1,830.0,832.98,881.00377
2017-12-21 13:00:00,832.97,838.0,830.06,835.0,1304.29797
2017-12-21 13:15:00,834.99,837.99,830.06,832.49,631.67652
2017-12-21 13:30:00,832.25,838.11,832.01,838.11,733.22648
2017-12-21 13:45:00,838.09,843.96,825.9,829.83,835.066
2017-12-21 14:00:00,829.75,834.99,826.52,834.75,423.76356
2017-12-21 14:15:00,834.75,838.0,834.23,837.99,552.34551
2017-12-21 14:30:00,838.0,845.0,838.0,842.66,481.14819
2017-12-21 14:45:00,842.66,845.99,841.13,843.93,785.48022
2017-12-21 15:00:00,841.46,844.11,839.62,841.02,525.57768
2017-12-21 15:15:00,841.02,841.02,827.5,827.52,832.95244
2017-12-21 15:30:00,827.52,833.0,822.69,828.99,822.0797
2017-12-21 15:45:00,828.01,831.04,828.0,829.88,2193.06512
2017-12-21 16:00:00,829.06,830.0,817.04,822.99,2029.54173
2017-12-21 16:15:00,822.98,826.49,820.25,820.53,1199.12565
2017-12-21 16:30:00,823.19,825.0,818.0,825.0,1082.6515
2017-12-21 16:45:00,825.0,829.24,811.01,824.02,1228.43753
2017-12-21 17:00:00,826.02,829.0,819.0,829.0,1368.81458
2017-12-21 17:15:00,828.04,832.1,828.04,830.12,1205.62439
2017-12-21 17:30:00,831.9,832.0,828.52,831.06,1025.30998
2017-12-21 17:45:00,831.04,831.5,825.04,827.0,656.47346
2017-12-21 18:00:00,826.99,827.8,819.0,824.01,455.89215
2017-12-21 18:15:00,824.0,826.81,819.14,820.6,436.9484
2017-12-21 18:30:00,820.6,823.4,817.0,818.49,647.37704
2017-12-21 18:45:00,818.73,824.51,811.2,823.96,865.99768
2017-12-21 19:00:00,823.96,827.8,823.02,826.89,721.67555
2017-12-21 19:15:00,826.9,827.99,823.04,825.99,557.34084
2017-12-21 19:30:00,824.74,825.99,821.02,821.04,524.0449
2017-12-21 19:45:00,821.0,827.78,820.02,827.0,511.88561
2017-12-21 20:00:00,827.02,832.0,827.01,831.01,636.03239
2017-12-21 20:15:00,831.02,831.99,829.0,831.0,870.00857
2017-12-21 20:30:00,831.0,832.0,825.0,831.97,913.87532
2017-12-21 20:45:00,831.98,832.01,825.0,830.07,762.55998
2017-12-21 21:00:00,830.07,830.07,822.01,829.97,952.14422
2017-12-21 21:15:00,829.82,829.82,820.0,824.66,618.45674
2017-12-21 21:30:00,823.66,826.98,815.0,815.87,557.01423
2017-12-21 21:45:00,813.9,816.02,802.1,807.15,1022.04548
2017-12-21 22:00:00,807.16,811.99,801.0,810.0,783.9937
2017-12-21 22:15:00,810.01,810.94,803.01,804.48,551.70074
2017-12-21 22:30:00,804.48,806.97,782.01,785.01,1193.02402
2017-12-21 22:45:00,782.01,800.0,770.0,771.32,1979.48325
2017-12-21 23:00:00,772.01,790.0,721.67,741.01,2795.94296
2017-12-21 23:15:00,748.96,788.0,742.0,756.0,2160.79558
2017-12-21 23:30:00,755.01,757.5,728.0,749.98,2785.35027
2017-12-21 23:45:00,749.98,750.01,705.98,723.0,2200.99155
2017-12-22 00:00:00,724.09,760.0,720.04,756.0,2039.1381
2017-12-22 00:15:00,756.0,770.0,734.99,760.98,1326.48653
2017-12-22 00:30:00,760.98,762.0,733.43,748.47,1051.24324
2017-12-22 00:45:00,752.88,770.0,749.21,764.98,969.29032
2017-12-22 01:00:00,762.49,764.98,751.01,755.08,904.18257
2017-12-22 01:15:00,751.0,760.0,745.01,755.96,961.73194
2017-12-22 01:30:00,755.95,755.96,730.02,736.15,1098.25074
2017-12-22 01:45:00,739.0,750.99,730.4,746.5,909.20067
2017-12-22 02:00:00,746.5,750.0,735.0,739.25,1127.52907
2017-12-22 02:15:00,739.59,760.09,739.05,758.97,768.68464
2017-12-22 02:30:00,757.02,759.96,747.04,748.82,699.78161
2017-12-22 02:45:00,748.82,758.01,748.82,757.75,428.00971
2017-12-22 03:00:00,757.63,757.63,745.99,750.0,639.68621
2017-12-22 03:15:00,749.98,759.88,746.17,757.51,493.93247
2017-12-22 03:30:00,755.0,757.41,740.0,748.81,449.15922
2017-12-22 03:45:00,747.25,747.45,742.0,744.15,427.15419
2017-12-22 04:00:00,744.16,756.42,744.14,756.41,339.34306
2017-12-22 04:15:00,756.41,760.0,743.62,749.98,237.00352
2017-12-22 04:30:00,750.0,751.98,743.72,743.72,185.95964
2017-12-22 04:45:00,743.72,745.51,740.0,742.99,276.09295
2017-12-22 05:00:00,742.99,749.88,742.99,749.0,96.0895
2017-12-22 05:15:00,744.25,749.33,744.0,746.6,350.58279
2017-12-22 05:30:00,747.0,756.76,746.06,753.2,164.98919
2017-12-22 05:45:00,753.51,765.05,753.51,764.0,335.30559
2017-12-22 06:00:00,764.49,768.95,755.01,765.5,276.01559
2017-12-22 06:15:00,768.49,774.0,765.51,770.39,295.54556
2017-12-22 06:30:00,774.0,779.0,768.5,774.03,505.19538
2017-12-22 06:45:00,774.06,777.99,770.1,772.66,637.63766
2017-12-22 07:00:00,776.94,780.15,774.01,775.49,616.33042
2017-12-22 07:15:00,778.03,789.0,773.1,782.01,687.49623
2017-12-22 07:30:00,782.0,784.0,770.0,776.88,365.93857
2017-12-22 07:45:00,774.44,784.0,772.01,782.41,588.43801
2017-12-22 08:00:00,784.0,796.0,781.89,784.88,637.16004
2017-12-22 08:15:00,783.9,784.87,766.0,770.96,830.4726
2017-12-22 08:30:00,770.96,778.95,768.03,769.04,539.40842
2017-12-22 08:45:00,769.04,772.92,754.0,754.01,618.93604
2017-12-22 09:00:00,754.0,767.98,740.0,748.14,1666.90328
2017-12-22 09:15:00,748.14,770.73,740.01,745.0,665.89822
2017-12-22 09:30:00,745.0,754.92,738.02,738.03,775.57898
2017-12-22 09:45:00,738.02,739.5,706.0,729.0,1610.17015
2017-12-22 10:00:00,725.05,731.95,706.01,717.69,1461.9882
2017-12-22 10:15:00,717.0,749.0,717.0,745.0,1095.8841
2017-12-22 10:30:00,745.0,748.88,722.02,726.99,1079.64084
2017-12-22 10:45:00,726.96,727.0,702.0,710.0,1257.39606
2017-12-22 11:00:00,714.0,721.01,688.0,690.11,2196.85634
2017-12-22 11:15:00,690.11,695.0,642.0,679.99,4346.68597
2017-12-22 11:30:00,675.0,680.0,651.06,654.01,2332.04929
2017-12-22 11:45:00,654.13,678.01,640.0,669.89,2503.87464
2017-12-22 12:00:00,666.22,720.98,660.02,690.19,2294.09148
2017-12-22 12:15:00,690.19,719.88,690.0,710.0,1620.35229
2017-12-22 12:30:00,710.0,710.0,682.0,693.93,1333.48575
2017-12-22 12:45:00,693.92,714.0,690.13,705.02,1259.22603
2017-12-22 13:00:00,705.03,713.0,704.53,704.57,982.38256
2017-12-22 13:15:00,704.58,704.97,692.0,702.0,1350.56742
2017-12-22 13:30:00,702.05,704.46,686.89,689.58,964.53041
2017-12-22 13:45:00,689.58,695.0,675.1,684.98,1063.55039
2017-12-22 14:00:00,682.01,699.8,675.78,697.89,1050.80608
2017-12-22 14:15:00,696.96,697.89,676.0,676.81,1082.66206
2017-12-22 14:30:00,676.81,680.0,661.66,676.49,1212.38861
2017-12-22 14:45:00,673.06,678.88,653.02,656.79,1521.21445
2017-12-22 15:00:00,656.7,660.97,618.21,620.0,3269.56988
2017-12-22 15:15:00,619.98,628.0,588.0,610.0,5368.53512
2017-12-22 15:30:00,610.0,615.0,580.15,604.0,3244.05802
2017-12-22 15:45:00,604.0,636.55,592.02,609.99,3114.12393
2017-12-22 16:00:00,609.43,619.0,597.51,603.12,1771.09264
2017-12-22 16:15:00,604.89,623.0,592.15,618.0,1547.32451
2017-12-22 16:30:00,618.01,640.0,618.0,630.0,2046.85848
2017-12-22 16:45:00,630.0,636.0,615.0,636.0,1975.7372
2017-12-22 17:00:00,636.0,650.01,628.02,641.01,2332.68399
2017-12-22 17:15:00,641.01,665.0,640.0,660.07,2795.95757
2017-12-22 17:30:00,660.07,673.0,648.0,672.02,2065.08727
2017-12-22 17:45:00,672.41,675.0,641.29,657.01,1532.52474
2017-12-22 18:00:00,657.06,663.95,641.98,658.98,850.44751
2017-12-22 18:15:00,657.66,697.0,641.5,680.0,1520.13231
2017-12-22 18:30:00,679.36,699.0,673.88,682.0,1127.96643
2017-12-22 18:45:00,682.01,690.42,662.1,665.99,1035.8189
2017-12-22 19:00:00,665.99,666.91,640.01,660.02,1351.55124
2017-12-22 19:15:00,662.01,668.0,642.85,654.2,738.13568
2017-12-22 19:30:00,656.0,658.97,635.05,639.94,1131.48418
2017-12-22 19:45:00,638.15,647.0,626.0,647.0,1556.53979
2017-12-22 20:00:00,647.6,666.0,637.0,655.71,1085.82219
2017-12-22 20:15:00,655.77,656.0,648.04,651.35,701.87771
2017-12-22 20:30:00,651.34,663.0,650.02,653.0,912.34679
2017-12-22 20:45:00,651.2,654.39,630.0,640.05,763.26138
2017-12-22 21:00:00,640.05,640.8,592.02,592.53,1593.6919
2017-12-22 21:15:00,597.26,623.0,579.0,581.82,2545.8367
2017-12-22 21:30:00,581.82,603.96,579.03,588.13,2859.62367
2017-12-22 21:45:00,588.14,596.0,566.0,570.0,1890.37522
2017-12-22 22:00:00,566.18,574.99,540.0,540.0,3905.83658
2017-12-22 22:15:00,540.0,583.0,504.99,583.0,5125.48194
2017-12-22 22:30:00,573.9,580.0,535.01,543.05,2856.63822
2017-12-22 22:45:00,544.02,565.0,520.0,559.91,2936.10232
2017-12-22 23:00:00,559.92,582.65,543.03,581.91,2379.25336
2017-12-22 23:15:00,580.23,627.88,580.04,617.97,3348.48745
2017-12-22 23:30:00,617.96,638.98,606.03,637.0,2705.62274
2017-12-22 23:45:00,634.06,637.9,600.0,611.27,2330.22991
2017-12-23 00:00:00,611.31,615.98,564.89,593.22,2432.01946
2017-12-23 00:15:00,593.98,600.97,563.71,568.1,1253.87082
2017-12-23 00:30:00,568.15,605.0,568.15,599.97,1397.90774
2017-12-23 00:45:00,600.0,620.0,600.0,607.94,1360.96277
2017-12-23 01:00:00,609.99,622.22,599.0,619.3,1045.3687
2017-12-23 01:15:00,619.31,629.0,610.0,625.62,1204.57069
2017-12-23 01:30:00,625.0,625.89,603.0,609.0,1386.21083
2017-12-23 01:45:00,607.8,619.49,600.1,618.0,1278.49563
2017-12-23 02:00:00,618.45,619.9,607.01,612.1,1108.54366
2017-12-23 02:15:00,613.64,620.0,607.0,619.67,975.93209
2017-12-23 02:30:00,619.67,637.0,618.15,634.01,1953.93991
2017-12-23 02:45:00,635.79,649.87,634.02,645.06,1416.30813
2017-12-23 03:00:00,644.0,655.22,635.77,640.0,1443.59103
2017-12-23 03:15:00,641.14,643.0,626.1,632.99,938.87838
2017-12-23 03:30:00,633.0,634.68,603.0,612.0,1036.27616
2017-12-23 03:45:00,611.99,629.96,611.99,629.96,720.23956
2017-12-23 04:00:00,628.0,637.6,624.1,637.0,770.01751
2017-12-23 04:15:00,631.2,644.81,630.01,640.2,1007.83495
2017-12-23 04:30:00,640.2,658.65,640.2,658.65,961.5331
2017-12-23 04:45:00,658.65,665.05,654.0,665.0,992.66469
2017-12-23 05:00:00,665.0,665.5,654.18,656.01,937.82284
2017-12-23 05:15:00,656.01,669.95,640.0,660.77,1067.39342
2017-12-23 05:30:00,660.79,675.13,660.77,674.01,1186.09891
2017-12-23 05:45:00,674.99,679.99,660.93,660.94,777.15873
2017-12-23 06:00:00,660.94,674.0,658.42,666.98,506.56334
2017-12-23 06:15:00,666.28,670.0,662.0,667.5,763.82608
2017-12-23 06:30:00,667.49,682.89,666.13,681.01,910.27948
2017-12-23 06:45:00,682.0,689.0,681.02,688.99,1009.9969
2017-12-23 07:00:00,688.89,689.35,670.1,679.45,963.56633
2017-12-23 07:15:00,679.0,682.0,633.0,635.0,1309.03869
2017-12-23 07:30:00,639.96,665.0,606.66,609.15,1483.18097
2017-12-23 07:45:00,613.0,638.0,606.66,635.97,1360.12515
2017-12-23 08:00:00,635.15,654.9,628.0,644.32,1142.75715
2017-12-23 08:15:00,645.0,666.0,644.0,657.85,814.13144
2017-12-23 08:30:00,657.85,668.36,637.17,644.99,688.25706
2017-12-23 08:45:00,642.03,649.87,628.8,645.09,801.68493
2017-12-23 09:00:00,646.41,656.32,644.01,649.91,547.17489
2017-12-23 09:15:00,649.91,655.0,640.03,653.09,634.48184
2017-12-23 09:30:00,654.76,665.0,651.03,665.0,1170.8124
2017-12-23 09:45:00,665.48,669.42,654.2,664.2,610.33431
2017-12-23 10:00:00,663.41,679.99,663.41,679.84,911.03676
2017-12-23 10:15:00,679.84,690.0,670.0,690.0,1012.78938
2017-12-23 10:30:00,687.79,690.0,661.8,670.64,980.85314
2017-12-23 10:45:00,671.0,685.0,670.02,674.18,867.87937
2017-12-23 11:00:00,674.15,677.7,665.01,677.7,818.47024
2017-12-23 11:15:00,675.69,688.0,675.69,685.28,943.00832
2017-12-23 11:30:00,685.26,688.0,680.0,688.0,829.94187
2017-12-23 11:45:00,687.51,699.0,686.08,697.03,1192.74437
2017-12-23 12:00:00,697.03,699.81,678.96,684.8,960.3087
2017-12-23 12:15:00,680.03,699.99,680.03,690.02,943.01227
2017-12-23 12:30:00,690.02,695.86,683.0,686.0,509.233
2017-12-23 12:45:00,686.0,690.0,673.01,675.83,635.63312
2017-12-23 13:00:00,675.5,680.0,656.0,660.0,847.78571
2017-12-23 13:15:00,660.0,670.0,656.1,667.68,1040.09059
2017-12-23 13:30:00,667.84,670.11,658.0,658.02,549.94496
2017-12-23 13:45:00,658.02,661.0,648.01,654.49,761.92782
2017-12-23 14:00:00,654.0,658.42,633.7,633.76,1139.53309
2017-12-23 14:15:00,633.89,646.13,627.97,646.13,1201.16621
2017-12-23 14:30:00,646.11,650.0,632.01,645.98,736.45992
2017-12-23 14:45:00,645.87,658.46,645.87,657.7,1024.73238
2017-12-23 15:00:00,657.71,672.01,657.71,668.73,998.68896
2017-12-23 15:15:00,668.73,677.0,665.0,669.99,951.16155
2017-12-23 15:30:00,667.5,676.99,656.0,660.2,788.44225
2017-12-23 15:45:00,660.21,670.0,660.2,666.99,559.50082
2017-12-23 16:00:00,667.0,680.0,663.0,678.17,818.41957
2017-12-23 16:15:00,679.98,680.0,673.0,676.01,1127.72617
2017-12-23 16:30:00,676.01,680.0,668.01,668.01,622.61031
2017-12-23 16:45:00,669.0,674.99,668.04,671.02,773.49614
2017-12-23 17:00:00,671.02,672.0,661.01,663.0,643.9479
2017-12-23 17:15:00,664.0,672.42,657.0,671.7,1107.44675
2017-12-23 17:30:00,671.7,672.16,666.72,671.49,498.638
2017-12-23 17:45:00,671.36,681.52,670.0,681.04,847.96806
2017-12-23 18:00:00,680.87,682.0,668.98,672.84,654.18163
2017-12-23 18:15:00,671.9,673.29,666.88,673.29,755.41128
2017-12-23 18:30:00,673.37,680.0,672.03,677.97,1001.83011
2017-12-23 18:45:00,677.98,687.46,677.34,687.46,1541.09473
2017-12-23 19:00:00,687.0,693.45,682.23,684.33,980.75648
2017-12-23 19:15:00,684.34,696.98,683.83,693.1,858.05322
2017-12-23 19:30:00,694.83,694.9,687.01,694.0,770.90082
2017-12-23 19:45:00,693.43,710.0,692.86,705.85,1697.01361
2017-12-23 20:00:00,705.85,705.85,690.0,699.99,1009.19159
2017-12-23 20:15:00,698.02,705.0,690.01,693.34,675.94568
2017-12-23 20:30:00,691.21,693.31,678.48,683.0,621.80167
2017-12-23 20:45:00,683.19,686.71,675.25,685.64,566.0948
2017-12-23 21:00:00,685.64,692.5,683.02,692.1,497.03092
2017-12-23 21:15:00,692.1,699.99,680.0,685.0,630.32703
2017-12-23 21:30:00,685.0,686.72,681.49,685.86,356.8579
2017-12-23 21:45:00,686.0,695.0,684.0,694.26,821.94688
2017-12-23 22:00:00,694.26,713.46,694.25,711.79,1264.65226
2017-12-23 22:15:00,711.85,714.98,707.52,710.24,1205.09221
2017-12-23 22:30:00,711.17,713.6,710.01,711.22,862.51971
2017-12-23 22:45:00,710.06,712.78,710.0,711.01,624.26851
2017-12-23 23:00:00,711.95,714.99,708.94,712.27,1040.92222
2017-12-23 23:15:00,710.04,712.23,699.0,700.99,959.06237
2017-12-23 23:30:00,700.99,701.92,685.0,694.58,1213.01417
2017-12-23 23:45:00,694.56,694.58,670.0,685.0,1785.81963
2017-12-24 00:00:00,685.18,690.0,675.32,678.83,1666.25558
2017-12-24 00:15:00,677.66,693.0,676.7,692.01,925.13994
2017-12-24 00:30:00,692.01,697.35,683.68,696.0,1028.99875
2017-12-24 00:45:00,696.0,710.0,694.5,709.01,1319.50948
2017-12-24 01:00:00,709.01,709.03,694.22,699.71,949.13492
2017-12-24 01:15:00,699.72,703.32,685.0,693.13,590.10989
2017-12-24 01:30:00,692.56,699.4,688.43,689.06,563.622
2017-12-24 01:45:00,689.03,696.0,685.05,695.42,676.25462
2017-12-24 02:00:00,695.42,701.57,692.15,693.0,756.7282
2017-12-24 02:15:00,694.0,697.76,692.21,696.96,641.43573
2017-12-24 02:30:00,695.31,697.63,690.71,692.01,201.72422
2017-12-24 02:45:00,692.07,694.06,684.63,686.8,313.13618
2017-12-24 03:00:00,686.8,696.0,686.8,693.24,337.11523
2017-12-24 03:15:00,692.9,697.89,691.12,695.61,328.74606
2017-12-24 03:30:00,695.6,696.97,689.78,691.54,167.64039
2017-12-24 03:45:00,690.89,696.27,690.51,694.0,279.10955
2017-12-24 04:00:00,694.0,697.6,690.78,697.6,220.18194
2017-12-24 04:15:00,697.2,705.67,695.75,700.5,328.27761
2017-12-24 04:30:00,700.5,710.7,700.5,710.7,438.40549
2017-12-24 04:45:00,709.01,710.7,701.01,707.63,243.21829
2017-12-24 05:00:00,707.63,714.23,707.63,711.99,589.42474
2017-12-24 05:15:00,712.0,714.5,707.72,708.08,331.69156
2017-12-24 05:30:00,708.08,713.51,704.0,710.67,326.35644
2017-12-24 05:45:00,710.67,710.91,707.98,708.7,450.51033
2017-12-24 06:00:00,710.57,713.0,710.0,710.94,186.8035
2017-12-24 06:15:00,710.98,713.0,709.53,711.86,321.6054
2017-12-24 06:30:00,711.5,711.98,709.53,709.55,483.48806
2017-12-24 06:45:00,709.54,709.55,684.51,689.98,848.33965
2017-12-24 07:00:00,688.03,700.9,685.03,688.19,593.03421
2017-12-24 07:15:00,688.21,693.89,680.0,687.93,1780.42913
2017-12-24 07:30:00,687.93,688.96,640.59,644.08,3038.23967
2017-12-24 07:45:00,652.69,667.95,635.01,640.34,1628.36843
2017-12-24 08:00:00,640.33,651.0,611.0,622.0,1897.59752
2017-12-24 08:15:00,626.0,630.0,614.34,621.01,2268.62336
2017-12-24 08:30:00,621.01,631.76,620.06,629.3,2250.60741
2017-12-24 08:45:00,630.0,657.88,629.31,634.74,1300.7438
2017-12-24 09:00:00,634.74,652.0,628.03,651.9,1630.45062
2017-12-24 09:15:00,651.4,662.99,635.0,639.0,1375.01099
2017-12-24 09:30:00,638.99,644.0,616.91,630.15,1863.1342
2017-12-24 09:45:00,630.15,636.98,622.0,625.0,1152.76763
2017-12-24 10:00:00,625.0,630.0,610.0,614.28,1878.22944
2017-12-24 10:15:00,614.28,623.48,610.05,611.0,1731.3392
2017-12-24 10:30:00,611.0,619.97,601.01,601.01,1675.51759
2017-12-24 10:45:00,601.01,604.79,582.23,583.0,3461.29015
2017-12-24 11:00:00,583.0,635.0,582.74,613.92,2415.57466
2017-12-24 11:15:00,612.66,625.0,601.25,614.66,1071.61372
2017-12-24 11:30:00,614.62,648.0,612.03,644.67,1356.05802
2017-12-24 11:45:00,642.98,648.0,630.33,636.88,986.14574
2017-12-24 12:00:00,637.92,650.99,635.32,649.45,818.60007
2017-12-24 12:15:00,646.5,649.45,620.88,630.87,1090.01831
2017-12-24 12:30:00,630.87,633.89,616.0,626.0,1029.36039
2017-12-24 12:45:00,626.06,639.44,623.55,634.2,1047.38052
2017-12-24 13:00:00,634.21,648.53,634.0,637.57,819.2347
2017-12-24 13:15:00,640.69,643.04,637.57,638.98,714.11108
2017-12-24 13:30:00,638.49,644.52,636.01,642.2,1120.25505
2017-12-24 13:45:00,643.99,652.0,642.2,649.78,993.00465
2017-12-24 14:00:00,648.09,652.83,643.37,646.93,535.24666
2017-12-24 14:15:00,647.89,652.67,643.37,651.01,809.97514
2017-12-24 14:30:00,651.01,659.99,646.04,659.0,643.44058
2017-12-24 14:45:00,659.0,667.64,655.0,658.35,879.29751
2017-12-24 15:00:00,661.78,665.97,658.85,663.99,811.11546
2017-12-24 15:15:00,663.99,665.01,655.31,655.91,659.42633
2017-12-24 15:30:00,656.01,657.99,645.96,648.15,628.58205
2017-12-24 15:45:00,648.7,651.88,639.01,639.01,544.12867
2017-12-24 16:00:00,639.49,644.59,628.0,635.56,978.61045
2017-12-24 16:15:00,635.02,644.69,633.33,644.65,671.46168
2017-12-24 16:30:00,642.21,648.52,639.77,647.49,481.32041
2017-12-24 16:45:00,647.24,657.27,646.0,655.11,658.59611
2017-12-24 17:00:00,654.18,659.11,639.0,639.0,933.676
2017-12-24 17:15:00,639.06,646.71,633.33,646.47,652.20818
2017-12-24 17:30:00,646.5,648.63,633.0,633.0,604.48036
2017-12-24 17:45:00,633.0,639.16,618.0,623.96,923.55746
2017-12-24 18:00:00,622.11,623.95,601.4,604.0,1562.4014
2017-12-24 18:15:00,603.99,613.13,600.0,607.78,1397.27888
2017-12-24 18:30:00,607.78,625.86,607.78,614.65,1153.84437
2017-12-24 18:45:00,614.65,618.36,613.5,614.9,1097.61564
2017-12-24 19:00:00,614.91,617.0,603.18,603.44,895.98909
2017-12-24 19:15:00,603.45,605.0,580.0,591.6,1885.32012
2017-12-24 19:30:00,591.0,600.1,571.0,575.0,1632.9184
2017-12-24 19:45:00,573.61,594.0,572.01,591.1,1350.91515
2017-12-24 20:00:00,591.1,594.0,574.32,592.55,1148.97517
2017-12-24 20:15:00,592.98,594.61,575.02,583.25,1534.60614
2017-12-24 20:30:00,581.0,581.0,563.49,575.04,2371.06282
2017-12-24 20:45:00,575.04,590.0,573.29,590.0,1389.28813
2017-12-24 21:00:00,590.32,613.0,590.0,604.99,1626.94683
2017-12-24 21:15:00,604.99,620.0,601.74,605.54,1550.14947
2017-12-24 21:30:00,605.54,615.6,594.89,610.8,1008.95645
2017-12-24 21:45:00,610.8,625.0,603.0,617.21,828.5158
2017-12-24 22:00:00,617.22,628.89,615.0,616.25,787.78508
2017-12-24 22:15:00,616.25,620.0,605.0,616.92,789.34598
2017-12-24 22:30:00,616.93,625.0,616.27,617.03,1208.48267
2017-12-24 22:45:00,617.03,629.63,612.03,627.39,635.04382
2017-12-24 23:00:00,627.01,632.77,620.76,624.96,771.08494
2017-12-24 23:15:00,623.14,626.01,602.0,604.99,961.6389
2017-12-24 23:30:00,605.01,613.52,596.77,601.99,903.50717
2017-12-24 23:45:00,601.99,610.0,595.68,609.0,704.27497
2017-12-25 00:00:00,609.06,627.99,609.0,623.86,869.01948
2017-12-25 00:15:00,625.99,626.5,615.24,621.05,608.1616
2017-12-25 00:30:00,621.08,628.0,620.0,624.81,788.81788
2017-12-25 00:45:00,620.21,624.68,613.0,617.63,493.20063
2017-12-25 01:00:00,617.63,626.0,617.63,624.29,427.91322
2017-12-25 01:15:00,624.49,625.01,622.41,623.86,754.64981
2017-12-25 01:30:00,623.86,624.0,613.42,618.1,709.72986
2017-12-25 01:45:00,618.09,620.22,610.3,610.3,766.94348
2017-12-25 02:00:00,610.3,611.89,598.0,607.01,800.58019
2017-12-25 02:15:00,606.97,614.2,600.39,613.39,558.58203
2017-12-25 02:30:00,614.4,614.4,603.18,606.47,465.38178
2017-12-25 02:45:00,606.42,612.0,600.88,600.88,494.39038
2017-12-25 03:00:00,605.92,605.92,591.02,595.94,593.4374
2017-12-25 03:15:00,597.41,599.97,589.6,596.36,591.48416
2017-12-25 03:30:00,596.29,604.2,591.03,597.01,497.71363
2017-12-25 03:45:00,597.01,601.19,591.21,597.7,633.53148
2017-12-25 04:00:00,596.0,621.64,592.68,621.2,626.58271
2017-12-25 04:15:00,619.78,624.44,610.73,624.36,453.20588
2017-12-25 04:30:00,624.36,626.74,615.03,620.65,277.96181
2017-12-25 04:45:00,620.0,629.99,618.1,621.0,795.66022
2017-12-25 05:00:00,620.01,625.0,614.01,620.97,400.55591
2017-12-25 05:15:00,620.97,620.99,610.01,617.95,537.22972
2017-12-25 05:30:00,617.95,622.0,617.95,621.87,420.83526
2017-12-25 05:45:00,621.77,621.78,615.76,618.02,245.96762
2017-12-25 06:00:00,618.02,618.05,612.2,612.2,576.65618
2017-12-25 06:15:00,612.28,622.98,610.81,620.02,556.68559
2017-12-25 06:30:00,621.45,629.78,618.09,628.82,469.7455
2017-12-25 06:45:00,629.23,638.03,628.82,635.2,692.12236
2017-12-25 07:00:00,635.2,650.0,634.92,642.99,844.61632
2017-12-25 07:15:00,642.99,649.5,640.03,649.1,598.23626
2017-12-25 07:30:00,649.1,650.0,640.03,649.0,617.99384
2017-12-25 07:45:00,647.3,659.49,647.3,658.0,706.61011
2017-12-25 08:00:00,659.4,666.5,655.99,666.49,1054.95163
2017-12-25 08:15:00,666.19,668.0,658.01,665.0,935.06626
2017-12-25 08:30:00,664.86,678.0,664.86,677.96,1146.52884
2017-12-25 08:45:00,677.97,678.0,665.01,673.54,1379.00257
2017-12-25 09:00:00,674.0,674.0,599.99,660.34,2071.3639
2017-12-25 09:15:00,660.0,667.0,659.21,666.01,855.73981
2017-12-25 09:30:00,666.01,670.0,656.16,670.0,807.44998
2017-12-25 09:45:00,669.99,687.0,669.99,685.96,1106.57864
2017-12-25 10:00:00,685.06,695.86,682.18,688.93,1339.26298
2017-12-25 10:15:00,687.01,690.0,680.13,687.35,861.4918
2017-12-25 10:30:00,688.86,688.86,672.0,673.46,840.8845
2017-12-25 10:45:00,673.47,688.0,670.0,673.63,996.8681
2017-12-25 11:00:00,675.0,685.6,675.0,678.21,607.54046
2017-12-25 11:15:00,679.58,686.11,677.41,686.09,666.4456
2017-12-25 11:30:00,684.37,689.0,684.09,685.74,743.47113
2017-12-25 11:45:00,686.0,688.0,675.01,679.0,724.11709
2017-12-25 12:00:00,679.0,683.81,662.16,680.27,1093.97421
2017-12-25 12:15:00,680.27,693.13,674.73,690.19,1052.65452
2017-12-25 12:30:00,690.19,700.0,687.0,689.0,1161.99048
2017-12-25 12:45:00,691.09,699.0,683.5,693.62,1044.67385
2017-12-25 13:00:00,693.62,695.0,688.0,689.0,600.50588
2017-12-25 13:15:00,688.43,697.0,685.99,693.21,558.25415
2017-12-25 13:30:00,693.22,697.8,692.0,693.43,526.52058
2017-12-25 13:45:00,693.44,695.5,692.1,693.04,346.87283
2017-12-25 14:00:00,694.16,706.66,693.0,704.0,1519.43742
2017-12-25 14:15:00,704.0,706.7,700.9,704.05,705.59851
2017-12-25 14:30:00,704.06,708.0,694.99,696.35,1269.77896
2017-12-25 14:45:00,696.36,698.95,689.0,698.01,612.92925
2017-12-25 15:00:00,698.0,703.0,696.22,701.0,750.27582
2017-12-25 15:15:00,700.32,701.95,693.55,694.96,414.34823
2017-12-25 15:30:00,694.48,700.41,691.0,699.71,542.21149
2017-12-25 15:45:00,699.88,703.0,699.71,702.0,1118.92491
2017-12-25 16:00:00,702.0,702.29,691.0,692.41,1019.08127
2017-12-25 16:15:00,692.42,702.55,692.41,702.0,960.67151
2017-12-25 16:30:00,702.55,710.0,702.55,709.24,1013.24728
2017-12-25 16:45:00,709.24,715.0,709.24,714.22,854.0375
2017-12-25 17:00:00,714.3,719.0,710.0,710.55,966.90139
2017-12-25 17:15:00,710.31,714.99,704.0,711.88,637.16682
2017-12-25 17:30:00,711.88,712.6,705.0,708.34,594.24519
2017-12-25 17:45:00,709.36,712.59,707.87,708.78,925.12999
2017-12-25 18:00:00,708.78,718.0,708.78,716.68,1009.48097
2017-12-25 18:15:00,716.69,719.99,713.14,714.0,909.03206
2017-12-25 18:30:00,714.0,720.0,691.0,714.49,1214.92602
2017-12-25 18:45:00,714.5,717.42,709.55,715.94,812.44259
2017-12-25 19:00:00,715.93,718.0,714.48,716.09,887.71115
2017-12-25 19:15:00,716.09,718.0,716.01,716.99,778.27133
2017-12-25 19:30:00,716.99,726.38,716.99,723.99,1230.99612
2017-12-25 19:45:00,724.0,725.67,715.42,718.9,1021.52668
2017-12-25 20:00:00,721.83,726.98,718.95,726.0,833.60565
2017-12-25 20:15:00,726.49,729.97,724.94,729.89,934.63541
2017-12-25 20:30:00,729.87,735.0,729.1,733.01,915.38608
2017-12-25 20:45:00,733.84,744.0,733.31,736.0,1114.85111
2017-12-25 21:00:00,736.0,737.84,718.26,723.08,1436.00506
2017-12-25 21:15:00,724.89,728.28,710.0,713.85,1559.3092
2017-12-25 21:30:00,713.79,724.78,711.57,713.3,1046.05565
2017-12-25 21:45:00,713.29,724.98,695.99,700.0,1031.32804
2017-12-25 22:00:00,700.0,710.0,688.0,692.99,1378.12557
2017-12-25 22:15:00,692.96,706.0,688.29,700.74,785.8741
2017-12-25 22:30:00,700.74,711.0,692.19,694.0,915.09003
2017-12-25 22:45:00,692.21,700.0,685.0,687.0,802.43084
2017-12-25 23:00:00,686.39,699.0,684.24,696.82,789.20009
2017-12-25 23:15:00,696.0,706.99,696.0,697.14,923.83467
2017-12-25 23:30:00,699.99,709.99,698.35,709.72,1023.39206
2017-12-25 23:45:00,708.47,713.13,703.42,704.0,673.25235
2017-12-26 00:00:00,703.99,717.62,703.95,715.7,813.54731
2017-12-26 00:15:00,715.74,720.0,714.91,717.03,774.10545
2017-12-26 00:30:00,717.03,717.96,706.32,708.05,847.74286
2017-12-26 00:45:00,708.04,714.0,707.22,710.68,486.13304
2017-12-26 01:00:00,709.98,710.68,705.19,708.38,609.3549
2017-12-26 01:15:00,707.53,709.95,697.0,697.6,658.89828
2017-12-26 01:30:00,697.61,709.98,697.02,702.98,343.97476
2017-12-26 01:45:00,702.01,710.0,700.0,708.44,330.12555
2017-12-26 02:00:00,708.45,715.0,708.0,714.99,568.62492
2017-12-26 02:15:00,714.11,719.19,713.13,717.79,430.17912
2017-12-26 02:30:00,718.0,719.99,717.04,718.0,649.06748
2017-12-26 02:45:00,719.13,721.73,708.0,717.31,684.87136
2017-12-26 03:00:00,717.31,717.31,711.01,715.56,392.10136
2017-12-26 03:15:00,715.49,719.9,714.12,718.99,532.85039
2017-12-26 03:30:00,719.0,720.16,715.01,719.0,886.02507
2017-12-26 03:45:00,719.0,725.0,715.96,722.04,768.29781
2017-12-26 04:00:00,723.97,724.95,722.04,724.94,637.77722
2017-12-26 04:15:00,724.94,730.99,720.5,728.1,958.58282
2017-12-26 04:30:00,728.09,729.99,722.11,722.2,516.73864
2017-12-26 04:45:00,722.2,722.2,707.34,713.94,751.44166
2017-12-26 05:00:00,713.03,719.73,705.24,719.72,453.9152
2017-12-26 05:15:00,718.01,719.96,713.19,717.54,292.27237
2017-12-26 05:30:00,717.5,719.4,715.51,716.85,319.90335
2017-12-26 05:45:00,716.09,717.9,712.25,715.33,326.98518
2017-12-26 06:00:00,715.31,715.51,712.82,714.5,390.35652
2017-12-26 06:15:00,714.5,714.99,709.03,710.99,356.98791
2017-12-26 06:30:00,710.99,720.0,707.02,714.18,537.23258
2017-12-26 06:45:00,710.66,713.99,707.03,711.54,654.86298
2017-12-26 07:00:00,711.66,719.01,711.66,715.96,373.44439
2017-12-26 07:15:00,715.96,718.24,706.0,715.07,448.78748
2017-12-26 07:30:00,715.71,718.0,713.03,715.02,566.93849
2017-12-26 07:45:00,715.05,717.17,714.95,714.95,729.75641
2017-12-26 08:00:00,713.12,725.0,712.56,721.63,459.63459
2017-12-26 08:15:00,721.0,728.99,718.42,725.66,524.50832
2017-12-26 08:30:00,725.69,725.92,717.04,722.01,604.68421
2017-12-26 08:45:00,722.4,724.5,716.27,719.02,413.15565
2017-12-26 09:00:00,719.02,720.18,715.0,715.01,1126.73713
2017-12-26 09:15:00,715.01,719.18,715.0,715.2,614.7902
2017-12-26 09:30:00,716.82,721.0,715.19,720.97,425.26882
2017-12-26 09:45:00,720.9,721.0,718.67,719.99,611.16269
2017-12-26 10:00:00,719.99,725.0,719.04,724.99,758.20811
2017-12-26 10:15:00,724.98,729.97,724.55,729.49,1189.37402
2017-12-26 10:30:00,729.5,734.97,729.49,733.91,791.27776
2017-12-26 10:45:00,733.79,735.0,729.99,730.98,1366.63466
2017-12-26 11:00:00,730.97,733.0,725.0,732.49,942.76822
2017-12-26 11:15:00,732.48,735.0,730.47,734.89,877.33545
2017-12-26 11:30:00,734.89,744.0,733.65,743.0,896.4757
2017-12-26 11:45:00,743.06,746.29,738.85,745.97,1198.43589
2017-12-26 12:00:00,745.19,749.17,741.04,745.44,835.53325
2017-12-26 12:15:00,745.44,746.27,730.8,730.8,1187.22265
2017-12-26 12:30:00,730.93,738.98,728.0,729.9,1109.67589
2017-12-26 12:45:00,729.0,735.0,726.0,729.5,964.75329
2017-12-26 13:00:00,730.96,732.0,723.26,724.37,1235.60367
2017-12-26 13:15:00,724.37,729.75,718.1,724.82,1286.48302
2017-12-26 13:30:00,724.83,731.97,723.0,729.99,1000.67416
2017-12-26 13:45:00,729.99,737.99,727.68,731.07,997.18515
2017-12-26 14:00:00,731.07,736.97,728.69,736.95,631.22733
2017-12-26 14:15:00,736.81,742.0,736.01,738.98,938.27995
2017-12-26 14:30:00,738.98,745.76,736.2,737.0,877.29647
2017-12-26 14:45:00,737.01,741.0,732.91,734.94,1201.21932
2017-12-26 15:00:00,733.42,740.0,733.34,735.44,965.64182
2017-12-26 15:15:00,737.69,739.91,732.37,736.63,487.42633
2017-12-26 15:30:00,738.43,739.0,734.8,738.47,497.26195
2017-12-26 15:45:00,738.47,741.8,738.47,741.71,896.04782
2017-12-26 16:00:00,741.71,749.0,741.01,744.87,638.50046
2017-12-26 16:15:00,744.88,746.3,740.0,742.79,519.78752
2017-12-26 16:30:00,742.79,744.24,740.0,743.26,639.81352
2017-12-26 16:45:00,743.06,746.16,738.0,739.25,400.82814
2017-12-26 17:00:00,739.62,742.53,737.0,738.99,429.87811
2017-12-26 17:15:00,738.99,744.0,738.99,742.39,524.95976
2017-12-26 17:30:00,740.84,747.8,732.98,745.9,573.85323
2017-12-26 17:45:00,747.77,749.0,745.9,747.69,425.6137
2017-12-26 18:00:00,747.69,748.0,746.1,747.29,769.83444
2017-12-26 18:15:00,747.29,749.0,742.0,744.23,260.0302
2017-12-26 18:30:00,745.63,750.0,744.24,746.98,729.17568
2017-12-26 18:45:00,746.98,747.59,741.5,743.0,341.57984
2017-12-26 19:00:00,743.0,745.64,741.18,742.56,718.47894
2017-12-26 19:15:00,741.64,743.27,730.97,730.97,852.4401
2017-12-26 19:30:00,731.93,741.0,730.0,736.99,691.87465
2017-12-26 19:45:00,736.99,738.46,735.53,736.05,399.584
2017-12-26 20:00:00,736.05,737.88,729.0,729.42,610.84887
2017-12-26 20:15:00,729.44,735.88,729.38,734.56,666.95192
2017-12-26 20:30:00,734.56,742.64,733.07,737.99,509.21118
2017-12-26 20:45:00,737.99,739.0,734.0,737.5,357.74994
2017-12-26 21:00:00,736.0,739.0,734.0,735.71,364.02147
2017-12-26 21:15:00,735.89,735.9,731.36,733.45,442.91858
2017-12-26 21:30:00,733.44,737.16,733.05,736.0,494.86165
2017-12-26 21:45:00,734.46,736.84,731.21,734.77,438.23005
2017-12-26 22:00:00,734.78,739.9,734.76,739.0,712.52289
2017-12-26 22:15:00,738.28,743.74,738.28,741.56,1005.85373
2017-12-26 22:30:00,741.57,744.0,734.5,735.99,832.77503
2017-12-26 22:45:00,735.5,741.99,735.5,737.0,683.49012
2017-12-26 23:00:00,736.99,738.94,730.01,733.08,822.88264
2017-12-26 23:15:00,733.08,739.8,732.21,733.88,413.25947
2017-12-26 23:30:00,733.88,738.45,732.4,737.5,420.62584
2017-12-26 23:45:00,737.01,744.92,737.0,741.1,848.70531
2017-12-27 00:00:00,741.1,743.0,738.87,741.6,389.74727
2017-12-27 00:15:00,741.6,744.93,739.7,744.9,714.87841
2017-12-27 00:30:00,744.04,744.79,739.21,740.56,638.84348
2017-12-27 00:45:00,741.69,744.5,741.5,742.98,536.40057
2017-12-27 01:00:00,741.67,742.99,737.5,739.61,512.91255
2017-12-27 01:15:00,739.05,739.96,735.0,738.16,539.10537
2017-12-27 01:30:00,736.67,738.15,732.32,734.02,695.48521
2017-12-27 01:45:00,734.0,740.0,733.07,739.8,484.91734
2017-12-27 02:00:00,737.13,743.58,737.13,740.1,300.25265
2017-12-27 02:15:00,740.11,750.0,739.02,740.0,705.24557
2017-12-27 02:30:00,739.99,741.32,737.1,739.94,512.55734
2017-12-27 02:45:00,739.91,742.99,737.83,738.41,434.42057
2017-12-27 03:00:00,739.01,746.09,739.01,745.57,430.27578
2017-12-27 03:15:00,744.16,748.46,743.0,747.45,273.1103
2017-12-27 03:30:00,747.45,748.46,741.0,744.83,331.16919
2017-12-27 03:45:00,744.83,744.98,742.17,744.42,346.98647
2017-12-27 04:00:00,744.45,745.98,742.6,744.01,315.53575
2017-12-27 04:15:00,744.01,744.32,740.0,742.8,549.67485
2017-12-27 04:30:00,742.79,744.09,740.74,742.4,330.5764
2017-12-27 04:45:00,742.4,744.09,733.0,737.0,428.60963
2017-12-27 05:00:00,737.0,740.1,735.06,739.21,277.01862
2017-12-27 05:15:00,738.08,739.22,734.0,739.12,296.37418
2017-12-27 05:30:00,739.13,741.49,737.26,740.84,407.0071
2017-12-27 05:45:00,740.96,743.63,738.5,743.29,248.62275
2017-12-27 06:00:00,743.25,743.49,740.01,741.85,282.18674
2017-12-27 06:15:00,743.42,744.0,734.0,739.23,343.31211
2017-12-27 06:30:00,739.23,739.87,734.0,737.01,349.48305
2017-12-27 06:45:00,737.83,742.0,737.0,738.23,370.08829
2017-12-27 07:00:00,737.99,743.38,737.75,742.97,204.85688
2017-12-27 07:15:00,742.86,743.39,740.52,741.71,415.11846
2017-12-27 07:30:00,741.73,747.0,740.0,746.24,317.96975
2017-12-27 07:45:00,746.21,750.0,745.1,750.0,616.61195
2017-12-27 08:00:00,750.0,750.7,747.01,749.98,522.29976
2017-12-27 08:15:00,749.55,754.0,748.22,753.64,401.37663
2017-12-27 08:30:00,753.48,758.66,751.89,755.0,607.42387
2017-12-27 08:45:00,755.19,758.67,755.0,756.99,416.15748
2017-12-27 09:00:00,756.98,764.68,756.21,760.51,553.18339
2017-12-27 09:15:00,760.52,762.9,760.01,760.3,542.57638
2017-12-27 09:30:00,761.86,764.61,760.04,761.31,425.4251
2017-12-27 09:45:00,761.31,761.52,754.24,757.02,572.31125
2017-12-27 10:00:00,757.02,757.02,754.11,754.98,480.72657
2017-12-27 10:15:00,754.1,754.97,751.03,752.46,415.64708
2017-12-27 10:30:00,751.84,756.0,750.0,755.57,483.31914
2017-12-27 10:45:00,755.99,756.68,752.55,754.55,249.11749
2017-12-27 11:00:00,754.59,755.77,753.31,753.31,502.11945
2017-12-27 11:15:00,753.91,757.55,753.23,756.5,363.64884
2017-12-27 11:30:00,756.25,763.0,752.61,759.85,511.24935
2017-12-27 11:45:00,759.85,762.99,758.46,761.0,382.35554
2017-12-27 12:00:00,761.98,764.88,761.0,762.27,371.24151
2017-12-27 12:15:00,763.0,764.0,759.39,761.05,341.3162
2017-12-27 12:30:00,762.5,764.59,761.03,762.02,746.18242
2017-12-27 12:45:00,763.89,764.96,762.02,762.2,514.63347
2017-12-27 13:00:00,762.2,764.44,756.37,760.0,343.10638
2017-12-27 13:15:00,757.01,764.0,757.0,762.99,485.5754
2017-12-27 13:30:00,762.98,764.0,760.95,763.13,602.24403
2017-12-27 13:45:00,763.14,763.86,761.7,763.71,240.26476
2017-12-27 14:00:00,763.77,766.05,761.54,763.9,558.10262
2017-12-27 14:15:00,763.9,766.0,760.25,764.35,522.93238
2017-12-27 14:30:00,764.36,765.84,760.0,760.02,509.74829
2017-12-27 14:45:00,760.99,764.0,760.11,762.37,386.49718
2017-12-27 15:00:00,762.86,766.0,761.0,761.53,689.43809
2017-12-27 15:15:00,761.53,765.95,758.0,763.0,794.82851
2017-12-27 15:30:00,763.0,764.49,757.21,759.05,491.11779
2017-12-27 15:45:00,759.5,763.21,759.01,762.48,491.82741
2017-12-27 16:00:00,762.0,765.0,752.99,756.04,466.92594
2017-12-27 16:15:00,757.99,761.6,756.04,760.04,387.25173
2017-12-27 16:30:00,760.03,763.6,759.0,763.51,291.11782
2017-12-27 16:45:00,763.51,764.59,760.0,762.47,377.96391
2017-12-27 17:00:00,760.06,762.09,756.0,761.5,389.23103
2017-12-27 17:15:00,761.5,761.5,756.01,756.01,490.95474
2017-12-27 17:30:00,756.0,756.99,752.08,752.09,1036.9407
2017-12-27 17:45:00,752.1,752.98,743.33,748.86,673.30108
2017-12-27 18:00:00,748.87,752.95,746.0,749.49,542.3136
2017-12-27 18:15:00,747.67,749.36,728.0,730.0,711.81238
2017-12-27 18:30:00,729.99,739.0,725.06,735.97,585.50713
2017-12-27 18:45:00,735.98,737.89,728.34,737.75,556.24051
2017-12-27 19:00:00,737.68,746.99,730.0,737.42,633.01841
2017-12-27 19:15:00,739.0,743.63,737.0,737.01,468.47902
2017-12-27 19:30:00,737.95,744.0,737.02,743.99,440.42253
2017-12-27 19:45:00,743.99,748.87,742.82,748.78,595.71695
2017-12-27 20:00:00,748.39,760.0,747.99,755.1,774.10796
2017-12-27 20:15:00,755.1,756.44,751.93,755.75,537.68113
2017-12-27 20:30:00,755.73,757.0,750.0,753.0,629.90074
2017-12-27 20:45:00,752.47,757.53,752.47,757.33,379.78188
2017-12-27 21:00:00,757.3,757.3,746.0,749.71,485.69032
2017-12-27 21:15:00,748.47,753.76,746.16,751.05,458.67957
2017-12-27 21:30:00,751.05,753.99,750.29,752.8,322.03493
2017-12-27 21:45:00,752.81,759.0,752.8,759.0,329.8532
2017-12-27 22:00:00,759.0,759.0,753.06,753.15,503.25389
2017-12-27 22:15:00,753.15,755.97,751.03,755.09,304.97652
2017-12-27 22:30:00,754.99,755.38,740.86,740.86,796.1329
2017-12-27 22:45:00,740.86,747.26,728.33,734.75,1214.0786
2017-12-27 23:00:00,734.22,735.0,720.02,725.02,1110.81333
2017-12-27 23:15:00,726.24,738.32,726.23,737.0,637.9549
2017-12-27 23:30:00,737.0,740.0,728.5,730.01,684.63167
2017-12-27 23:45:00,730.01,735.0,720.5,732.8,395.1011
2017-12-28 00:00:00,732.8,737.97,732.8,736.68,745.48742
2017-12-28 00:15:00,736.68,737.0,731.0,733.3,500.06679
2017-12-28 00:30:00,733.31,734.33,709.0,715.05,1245.29716
2017-12-28 00:45:00,715.2,716.46,701.5,706.02,1234.98247
2017-12-28 01:00:00,706.02,711.09,693.18,705.99,1772.95633
2017-12-28 01:15:00,705.99,716.99,702.0,716.0,729.84405
2017-12-28 01:30:00,716.48,717.86,705.89,712.6,620.91619
2017-12-28 01:45:00,712.57,722.0,706.14,715.76,700.94513
2017-12-28 02:00:00,715.99,734.75,715.23,731.0,679.53343
2017-12-28 02:15:00,731.0,734.75,715.78,720.43,478.07365
2017-12-28 02:30:00,720.43,730.0,715.0,727.17,590.60485
2017-12-28 02:45:00,727.17,729.13,723.37,728.94,309.41473
2017-12-28 03:00:00,728.94,739.98,728.94,739.0,841.22493
2017-12-28 03:15:00,739.0,742.91,733.42,737.03,522.52814
2017-12-28 03:30:00,737.03,743.63,725.72,726.26,607.3737
2017-12-28 03:45:00,726.44,729.0,715.0,721.75,483.13539
2017-12-28 04:00:00,721.75,730.0,719.05,719.07,468.72807
2017-12-28 04:15:00,719.32,727.89,716.61,723.67,333.45238
2017-12-28 04:30:00,723.59,723.61,711.04,718.01,448.35395
2017-12-28 04:45:00,718.78,728.18,718.0,721.0,334.709
2017-12-28 05:00:00,721.01,731.5,718.05,729.63,231.0301
2017-12-28 05:15:00,729.62,740.0,726.23,732.54,281.2295
2017-12-28 05:30:00,734.13,735.0,728.21,730.71,327.80317
2017-12-28 05:45:00,728.32,732.79,726.28,732.41,261.5788
2017-12-28 06:00:00,731.33,732.31,723.0,726.99,386.38042
2017-12-28 06:15:00,726.98,735.01,726.0,734.73,285.28543
2017-12-28 06:30:00,734.82,740.97,730.93,734.49,419.32627
2017-12-28 06:45:00,734.98,740.7,734.49,735.31,500.5776
2017-12-28 07:00:00,735.3,739.49,731.39,738.09,328.59506
2017-12-28 07:15:00,738.09,739.32,731.2,736.27,287.72382
2017-12-28 07:30:00,736.27,740.68,735.9,739.49,225.84146
2017-12-28 07:45:00,739.49,744.99,736.79,739.89,426.41493
2017-12-28 08:00:00,739.89,744.93,737.86,738.25,298.64671
2017-12-28 08:15:00,738.25,738.25,731.2,732.09,322.38068
2017-12-28 08:30:00,732.1,733.0,726.77,732.99,449.59732
2017-12-28 08:45:00,732.98,732.99,726.0,732.6,354.55441
2017-12-28 09:00:00,732.33,733.94,728.27,728.31,441.83812
2017-12-28 09:15:00,728.27,735.97,728.27,735.97,275.45617
2017-12-28 09:30:00,735.96,740.0,733.24,734.22,437.55786
2017-12-28 09:45:00,735.59,738.5,734.09,738.5,468.16515
2017-12-28 10:00:00,738.5,741.7,728.5,728.5,735.65481
2017-12-28 10:15:00,728.5,732.71,722.59,727.61,687.84482
2017-12-28 10:30:00,727.6,728.03,691.0,691.4,1965.27839
2017-12-28 10:45:00,691.4,695.85,645.88,670.0,5616.29903
2017-12-28 11:00:00,669.99,710.0,657.69,692.02,3359.6616
2017-12-28 11:15:00,692.02,710.0,685.37,691.0,2195.08972
2017-12-28 11:30:00,688.03,697.13,670.0,691.92,1634.76814
2017-12-28 11:45:00,691.5,698.0,688.1,695.94,890.51301
2017-12-28 12:00:00,695.41,697.9,683.82,697.49,883.63156
2017-12-28 12:15:00,697.49,705.54,696.09,702.55,1213.24263
2017-12-28 12:30:00,703.0,710.0,702.53,705.99,804.56894
2017-12-28 12:45:00,706.0,706.01,694.0,697.85,756.2978
2017-12-28 13:00:00,697.67,701.7,685.55,688.24,842.50891
2017-12-28 13:15:00,685.6,690.13,674.34,689.12,1129.28488
2017-12-28 13:30:00,690.13,694.38,675.03,675.1,1059.38759
2017-12-28 13:45:00,675.83,684.9,670.06,674.06,917.35483
2017-12-28 14:00:00,674.03,685.94,670.0,683.58,1397.2945
2017-12-28 14:15:00,683.58,685.9,677.0,684.39,559.93867
2017-12-28 14:30:00,684.37,690.28,682.2,685.28,826.84219
2017-12-28 14:45:00,685.28,686.59,675.68,680.0,859.5776
2017-12-28 15:00:00,678.85,689.99,678.2,688.01,963.08349
2017-12-28 15:15:00,688.59,693.17,685.03,688.99,1354.83359
2017-12-28 15:30:00,688.98,690.0,685.02,689.0,852.75086
2017-12-28 15:45:00,689.0,692.15,685.0,687.52,449.21254
2017-12-28 16:00:00,688.98,695.0,686.27,690.79,450.71339
2017-12-28 16:15:00,690.8,690.8,680.01,683.96,598.73119
2017-12-28 16:30:00,683.96,690.0,681.47,687.22,785.03306
2017-12-28 16:45:00,687.2,691.0,683.62,691.0,355.60735
2017-12-28 17:00:00,691.49,694.75,689.9,690.79,582.47116
2017-12-28 17:15:00,689.9,698.84,689.81,696.02,380.76026
2017-12-28 17:30:00,696.02,699.89,696.02,697.15,546.46805
2017-12-28 17:45:00,697.15,697.16,682.98,683.7,725.37002
2017-12-28 18:00:00,686.45,691.99,682.0,688.9,954.90412
2017-12-28 18:15:00,688.9,689.0,682.11,687.08,582.73389
2017-12-28 18:30:00,686.0,686.87,669.5,672.98,1035.60176
2017-12-28 18:45:00,672.04,678.57,651.98,654.0,1283.42014
2017-12-28 19:00:00,653.07,665.14,650.74,662.5,1128.49439
2017-12-28 19:15:00,661.9,666.87,653.13,663.55,932.83267
2017-12-28 19:30:00,663.54,666.12,654.02,666.0,897.72512
2017-12-28 19:45:00,664.38,670.0,661.8,668.79,652.69207
2017-12-28 20:00:00,668.79,669.94,666.0,669.57,866.0807
2017-12-28 20:15:00,668.06,669.99,662.36,669.99,724.17858
2017-12-28 20:30:00,669.99,683.0,666.68,678.52,652.94435
2017-12-28 20:45:00,678.52,689.7,674.92,683.0,669.44241
2017-12-28 21:00:00,683.0,688.18,682.57,687.54,290.09192
2017-12-28 21:15:00,687.78,692.81,685.21,688.16,753.88687
2017-12-28 21:30:00,688.18,690.99,676.0,688.52,600.40943
2017-12-28 21:45:00,688.52,690.69,686.0,688.61,519.98494
2017-12-28 22:00:00,688.62,688.65,674.07,680.85,763.37072
2017-12-28 22:15:00,679.08,697.49,679.08,696.95,552.89685
2017-12-28 22:30:00,696.21,697.1,690.0,690.41,460.7977
2017-12-28 22:45:00,690.41,701.04,689.43,700.32,854.60175
2017-12-28 23:00:00,700.32,711.4,700.27,704.0,782.55927
2017-12-28 23:15:00,704.0,708.9,701.1,707.89,518.98225
2017-12-28 23:30:00,707.89,707.9,695.6,702.55,496.0528
2017-12-28 23:45:00,704.08,707.59,700.87,701.0,261.73094
2017-12-29 00:00:00,701.0,703.69,695.11,695.55,351.5892
2017-12-29 00:15:00,695.54,704.99,695.5,703.79,311.89261
2017-12-29 00:30:00,703.8,714.68,703.8,708.52,537.43095
2017-12-29 00:45:00,708.11,709.92,683.56,686.0,746.30534
2017-12-29 01:00:00,686.0,696.77,686.0,692.0,571.48206
2017-12-29 01:15:00,692.0,693.17,680.0,680.12,828.75552
2017-12-29 01:30:00,680.12,698.99,679.22,694.92,483.26078
2017-12-29 01:45:00,694.92,698.99,693.05,698.0,414.63088
2017-12-29 02:00:00,696.99,696.99,671.98,686.49,1230.41767
2017-12-29 02:15:00,687.99,695.42,683.55,688.89,600.6815
2017-12-29 02:30:00,688.54,698.55,681.46,686.77,589.19163
2017-12-29 02:45:00,686.77,686.77,667.87,672.15,1063.81093
2017-12-29 03:00:00,671.98,684.97,671.0,681.0,674.04709
2017-12-29 03:15:00,681.01,688.33,679.01,688.18,446.99501
2017-12-29 03:30:00,688.18,688.19,680.13,686.6,467.98492
2017-12-29 03:45:00,687.0,688.34,682.08,688.2,372.97344
2017-12-29 04:00:00,688.19,697.49,687.05,695.21,468.59077
2017-12-29 04:15:00,695.24,702.33,692.0,692.12,488.28516
2017-12-29 04:30:00,692.14,699.56,691.57,691.57,750.92007
2017-12-29 04:45:00,694.53,695.8,688.34,690.94,346.84419
2017-12-29 05:00:00,690.75,702.0,689.46,696.24,556.05333
2017-12-29 05:15:00,696.23,697.33,685.05,687.21,486.91506
2017-12-29 05:30:00,687.01,693.07,685.0,688.64,317.75093
2017-12-29 05:45:00,688.64,697.94,688.35,693.14,199.31449
2017-12-29 06:00:00,693.13,697.88,691.94,694.36,314.04643
2017-12-29 06:15:00,694.38,704.0,694.35,701.02,328.86598
2017-12-29 06:30:00,701.02,705.0,698.0,703.51,205.63328
2017-12-29 06:45:00,703.51,703.51,696.09,696.99,289.15308
2017-12-29 07:00:00,696.99,704.68,692.0,699.9,339.77173
2017-12-29 07:15:00,699.9,702.85,698.72,701.99,234.31325
2017-12-29 07:30:00,701.99,705.94,701.5,702.9,506.83037
2017-12-29 07:45:00,703.56,711.0,702.31,707.89,490.18859
2017-12-29 08:00:00,709.5,710.98,703.01,708.43,427.44151
2017-12-29 08:15:00,706.31,711.0,703.0,709.7,368.2541
2017-12-29 08:30:00,709.7,714.45,707.87,714.43,387.04036
2017-12-29 08:45:00,714.43,718.0,711.79,714.42,670.53014
2017-12-29 09:00:00,714.4,714.4,705.0,707.99,388.63933
2017-12-29 09:15:00,705.99,710.0,705.0,707.52,454.83779
2017-12-29 09:30:00,707.51,709.88,706.58,708.01,574.43613
2017-12-29 09:45:00,708.01,712.07,707.51,712.07,486.36292
2017-12-29 10:00:00,712.07,729.24,712.07,725.35,1076.90297
2017-12-29 10:15:00,725.36,729.69,723.0,729.39,677.33943
2017-12-29 10:30:00,729.39,732.95,726.6,732.5,660.67715
2017-12-29 10:45:00,731.93,739.91,731.0,732.47,831.37211
2017-12-29 11:00:00,735.15,740.0,728.94,729.7,1090.70776
2017-12-29 11:15:00,729.7,734.62,728.99,731.3,485.3077
2017-12-29 11:30:00,731.3,733.37,728.93,733.36,444.53371
2017-12-29 11:45:00,733.35,735.15,729.98,735.11,809.74808
2017-12-29 12:00:00,735.12,736.0,731.08,734.97,604.69617
2017-12-29 12:15:00,734.98,740.07,733.06,740.03,816.75284
2017-12-29 12:30:00,740.04,740.06,731.09,733.5,629.27799
2017-12-29 12:45:00,734.17,734.97,732.12,733.7,312.34693
2017-12-29 13:00:00,733.7,737.46,732.56,737.3,599.69699
2017-12-29 13:15:00,737.29,738.97,733.71,734.8,763.27138
2017-12-29 13:30:00,734.18,743.33,734.18,741.99,754.39098
2017-12-29 13:45:00,741.98,742.94,738.35,740.05,513.16438
2017-12-29 14:00:00,740.09,745.0,739.7,742.93,613.62556
2017-12-29 14:15:00,743.0,746.49,741.55,745.02,734.14231
2017-12-29 14:30:00,745.01,747.0,740.79,744.81,450.91338
2017-12-29 14:45:00,744.81,745.99,743.0,744.0,530.59467
2017-12-29 15:00:00,743.16,744.02,727.5,729.59,725.27453
2017-12-29 15:15:00,729.5,734.55,726.0,728.03,930.6573
2017-12-29 15:30:00,727.0,731.61,722.2,731.02,787.9726
2017-12-29 15:45:00,731.02,733.29,728.0,731.88,643.20399
2017-12-29 16:00:00,731.98,734.78,722.9,725.81,563.00066
2017-12-29 16:15:00,725.8,735.93,722.3,734.99,591.73647
2017-12-29 16:30:00,735.0,741.94,734.99,740.74,667.13024
2017-12-29 16:45:00,740.0,740.73,731.19,732.67,360.9416
2017-12-29 17:00:00,733.26,737.0,727.1,729.94,685.69457
2017-12-29 17:15:00,729.94,735.68,722.3,722.86,860.47788
2017-12-29 17:30:00,722.85,724.92,720.0,723.14,996.22299
2017-12-29 17:45:00,724.56,724.69,715.05,717.0,712.51457
2017-12-29 18:00:00,716.25,725.38,715.24,724.74,924.53296
2017-12-29 18:15:00,724.14,728.86,721.01,722.12,699.08671
2017-12-29 18:30:00,724.11,724.95,705.07,706.72,1563.52455
2017-12-29 18:45:00,706.69,713.88,705.4,708.02,1189.73426
2017-12-29 19:00:00,709.6,733.74,708.0,719.56,1077.40601
2017-12-29 19:15:00,719.63,729.31,717.18,720.9,679.50922
2017-12-29 19:30:00,720.89,727.87,720.68,724.81,732.41466
2017-12-29 19:45:00,724.81,729.0,723.3,727.13,517.54754
2017-12-29 20:00:00,727.04,730.44,724.99,727.31,830.63317
2017-12-29 20:15:00,727.32,727.95,720.66,723.99,592.78519
2017-12-29 20:30:00,723.98,727.45,721.0,721.97,662.7473
2017-12-29 20:45:00,721.02,725.0,718.98,719.33,906.22581
2017-12-29 21:00:00,720.0,722.0,719.31,721.77,651.47756
2017-12-29 21:15:00,721.77,722.9,719.0,721.72,509.02788
2017-12-29 21:30:00,720.44,721.8,717.14,721.77,803.65056
2017-12-29 21:45:00,721.78,734.99,721.77,734.71,736.67881
2017-12-29 22:00:00,734.7,739.49,733.5,738.03,806.89691
2017-12-29 22:15:00,738.03,747.91,737.0,740.01,1176.82869
2017-12-29 22:30:00,740.05,742.94,737.08,740.97,575.08274
2017-12-29 22:45:00,740.5,742.2,739.07,741.47,628.50282
2017-12-29 23:00:00,741.23,741.5,739.36,739.78,669.56738
2017-12-29 23:15:00,739.78,743.0,735.02,742.53,981.33661
2017-12-29 23:30:00,742.53,749.01,739.16,747.36,805.51707
2017-12-29 23:45:00,747.37,750.97,746.22,750.66,839.2588
2017-12-30 00:00:00,750.66,755.0,749.19,753.0,1088.94736
2017-12-30 00:15:00,753.0,755.7,750.75,755.51,730.1368
2017-12-30 00:30:00,755.7,757.87,748.43,749.99,754.05405
2017-12-30 00:45:00,749.99,749.99,744.06,745.59,771.29644
2017-12-30 01:00:00,745.59,753.73,743.3,750.01,741.54273
2017-12-30 01:15:00,750.55,750.55,734.0,740.01,785.70969
2017-12-30 01:30:00,742.23,748.57,740.37,744.53,639.65356
2017-12-30 01:45:00,744.54,744.96,735.0,738.83,511.23141
2017-12-30 02:00:00,738.83,744.0,734.0,735.01,684.32155
2017-12-30 02:15:00,735.01,739.94,735.01,738.02,540.79697
2017-12-30 02:30:00,738.02,740.0,734.99,738.9,811.9065
2017-12-30 02:45:00,739.46,742.86,737.01,738.5,602.41197
2017-12-30 03:00:00,738.5,739.97,735.0,736.98,479.98871
2017-12-30 03:15:00,737.0,739.0,736.04,738.95,405.14719
2017-12-30 03:30:00,738.5,743.99,737.32,742.33,496.37278
2017-12-30 03:45:00,741.13,750.0,741.11,747.96,446.19183
2017-12-30 04:00:00,748.93,748.93,742.05,744.51,308.76609
2017-12-30 04:15:00,745.73,745.74,738.0,741.45,456.68134
2017-12-30 04:30:00,741.3,745.78,735.0,736.06,771.06272
2017-12-30 04:45:00,736.06,737.78,730.05,731.87,697.40711
2017-12-30 05:00:00,731.72,735.0,729.0,731.0,477.03526
2017-12-30 05:15:00,731.11,732.63,725.0,725.0,688.64458
2017-12-30 05:30:00,727.07,728.35,722.0,723.98,566.29606
2017-12-30 05:45:00,723.98,730.0,721.0,725.59,686.77217
2017-12-30 06:00:00,726.0,730.0,721.0,729.0,604.4737
2017-12-30 06:15:00,729.91,730.54,725.64,726.6,302.49609
2017-12-30 06:30:00,727.92,728.39,721.03,727.49,481.27398
2017-12-30 06:45:00,727.49,730.46,727.49,730.03,406.92364
2017-12-30 07:00:00,730.05,735.87,730.01,733.21,449.77673
2017-12-30 07:15:00,735.0,739.93,733.25,736.0,479.76437
2017-12-30 07:30:00,736.37,739.25,732.05,735.6,486.555
2017-12-30 07:45:00,735.67,737.17,730.56,733.99,432.68271
2017-12-30 08:00:00,732.9,734.79,729.0,734.01,395.88998
2017-12-30 08:15:00,734.01,735.0,727.0,727.0,640.24819
2017-12-30 08:30:00,727.0,727.56,720.0,723.2,913.6329
2017-12-30 08:45:00,723.89,729.67,721.47,729.67,567.11645
2017-12-30 09:00:00,729.01,731.24,721.46,726.87,767.65144
2017-12-30 09:15:00,726.87,731.94,725.39,727.21,849.74557
2017-12-30 09:30:00,727.29,729.92,722.14,727.28,760.65715
2017-12-30 09:45:00,727.28,728.4,698.77,710.01,2539.83737
2017-12-30 10:00:00,710.0,711.02,689.0,693.9,2425.93753
2017-12-30 10:15:00,693.9,700.0,685.0,687.0,2190.86727
2017-12-30 10:30:00,686.21,688.0,672.0,684.28,2425.8094
2017-12-30 10:45:00,682.28,695.84,671.3,690.0,1955.69142
2017-12-30 11:00:00,690.01,695.0,680.06,691.96,1500.25026
2017-12-30 11:15:00,691.96,699.88,686.03,688.8,1214.87796
2017-12-30 11:30:00,688.8,700.47,688.05,694.56,1292.74885
2017-12-30 11:45:00,696.74,700.0,690.0,691.1,1095.21289
2017-12-30 12:00:00,691.48,691.48,676.42,679.26,1270.98314
2017-12-30 12:15:00,679.99,683.71,678.0,681.25,939.28661
2017-12-30 12:30:00,681.25,692.0,681.25,690.9,658.85002
2017-12-30 12:45:00,691.62,693.14,671.08,671.15,1283.16463
2017-12-30 13:00:00,671.08,683.1,670.01,682.0,1071.7574
2017-12-30 13:15:00,681.98,687.98,679.99,683.15,825.28115
2017-12-30 13:30:00,683.94,686.26,680.16,683.96,868.76075
2017-12-30 13:45:00,683.96,695.89,682.0,695.65,642.80448
2017-12-30 14:00:00,695.66,700.0,690.0,695.99,783.8922
2017-12-30 14:15:00,695.87,700.0,693.85,697.03,848.86316
2017-12-30 14:30:00,697.04,702.0,697.04,698.39,625.65731
2017-12-30 14:45:00,697.91,700.47,690.06,693.21,843.18041
2017-12-30 15:00:00,695.31,703.1,693.39,701.03,705.77852
2017-12-30 15:15:00,701.0,706.85,698.44,704.42,763.90839
2017-12-30 15:30:00,706.76,708.95,704.03,705.06,552.63176
2017-12-30 15:45:00,706.09,711.0,705.06,707.01,627.39125
2017-12-30 16:00:00,707.0,708.36,700.0,700.13,558.65647
2017-12-30 16:15:00,700.14,704.95,696.09,704.26,498.30898
2017-12-30 16:30:00,704.3,705.64,701.0,701.64,660.00736
2017-12-30 16:45:00,701.7,703.76,697.57,698.91,759.98411
2017-12-30 17:00:00,698.91,699.53,688.35,693.17,875.82312
2017-12-30 17:15:00,692.88,698.01,690.76,696.99,770.9353
2017-12-30 17:30:00,696.81,702.52,695.06,698.62,783.65777
2017-12-30 17:45:00,698.63,700.99,697.29,699.01,448.62608
2017-12-30 18:00:00,700.1,703.5,697.9,697.91,579.64107
2017-12-30 18:15:00,697.92,703.0,680.22,684.99,1400.99416
2017-12-30 18:30:00,685.0,697.6,684.01,691.98,895.69848
2017-12-30 18:45:00,691.09,693.0,688.16,689.0,484.87719
2017-12-30 19:00:00,688.17,696.0,680.0,695.99,976.30929
2017-12-30 19:15:00,694.99,699.85,690.77,696.21,920.34729
2017-12-30 19:30:00,696.21,699.49,693.24,698.54,583.27432
2017-12-30 19:45:00,698.17,698.96,686.32,698.19,710.24456
2017-12-30 20:00:00,698.0,698.1,684.03,686.03,870.19527
2017-12-30 20:15:00,687.02,689.95,684.14,684.48,973.92845
2017-12-30 20:30:00,684.48,686.06,670.83,671.2,1332.23645
2017-12-30 20:45:00,671.0,685.7,660.0,670.15,1692.23784
2017-12-30 21:00:00,670.0,670.05,648.01,650.05,2122.86281
2017-12-30 21:15:00,651.47,670.15,635.82,664.14,3023.05916
2017-12-30 21:30:00,664.14,685.0,656.54,663.0,1816.69477
2017-12-30 21:45:00,662.23,677.14,650.0,676.38,1616.5623
2017-12-30 22:00:00,676.38,694.0,676.38,681.61,1555.6438
2017-12-30 22:15:00,681.61,682.2,662.11,670.58,1031.04329
2017-12-30 22:30:00,670.37,670.37,656.37,668.89,1326.00865
2017-12-30 22:45:00,668.87,684.97,667.67,677.82,1320.63065
2017-12-30 23:00:00,677.83,684.38,675.92,684.31,996.32329
2017-12-30 23:15:00,684.07,694.87,681.16,683.99,933.16314
2017-12-30 23:30:00,683.99,686.0,665.01,671.19,1098.31362
2017-12-30 23:45:00,670.18,676.98,669.0,673.27,472.6612
2017-12-31 00:00:00,673.27,673.27,660.0,663.03,764.42032
