datetime,open,high,low,close,volume
2026-01-01 00:00:00,2970.4,2981.86,2970.0,2978.68,39859.384
2026-01-01 01:00:00,2978.68,2988.48,2977.7,2983.09,51818.874
2026-01-01 02:00:00,2983.1,2986.42,2979.37,2981.18,22842.243
2026-01-01 03:00:00,2981.17,2985.0,2978.19,2979.01,18546.674
2026-01-01 04:00:00,2979.01,2979.76,2972.1,2974.51,51099.795
2026-01-01 05:00:00,2974.52,2982.78,2974.52,2980.52,24719.795
2026-01-01 06:00:00,2980.51,2980.52,2975.0,2975.1,21928.239
2026-01-01 07:00:00,2975.1,2980.0,2975.1,2977.18,24397.421
2026-01-01 08:00:00,2977.18,2981.92,2976.57,2981.39,24319.798
2026-01-01 09:00:00,2981.38,2986.61,2980.79,2982.6,36625.202
2026-01-01 10:00:00,2982.6,2984.34,2980.5,2983.58,17834.791
2026-01-01 11:00:00,2983.58,2991.94,2983.57,2988.0,48861.823
2026-01-01 12:00:00,2988.0,2988.95,2981.66,2986.09,41249.349
2026-01-01 13:00:00,2986.08,2988.95,2980.0,2981.42,47563.986
2026-01-01 14:00:00,2981.42,2985.45,2976.0,2983.87,60820.21
2026-01-01 15:00:00,2983.86,2993.91,2979.32,2988.44,71997.515
2026-01-01 16:00:00,2988.45,2989.9,2979.47,2981.35,52794.487
2026-01-01 17:00:00,2981.35,3005.0,2980.04,2989.43,153537.728
2026-01-01 18:00:00,2989.42,2991.47,2983.67,2989.04,38974.176
2026-01-01 19:00:00,2989.04,2996.89,2986.07,2994.06,26716.618
2026-01-01 20:00:00,2994.08,2995.67,2986.15,2987.89,28673.649
2026-01-01 21:00:00,2987.89,2992.11,2986.1,2988.36,20111.879
2026-01-01 22:00:00,2988.35,2998.86,2985.9,2997.64,37447.073
2026-01-01 23:00:00,2997.64,3008.56,2989.58,3002.49,115363.212
2026-01-02 00:00:00,3002.5,3007.11,2993.58,3004.49,69217.586
2026-01-02 01:00:00,3004.49,3006.72,2996.76,3001.55,48561.862
2026-01-02 02:00:00,3001.54,3002.58,2990.67,3000.79,51595.173
2026-01-02 03:00:00,3000.78,3034.36,2998.36,3021.04,293132.987
2026-01-02 04:00:00,3021.04,3023.16,3008.7,3010.19,86437.396
2026-01-02 05:00:00,3010.18,3017.45,3007.0,3015.0,57665.371
2026-01-02 06:00:00,3015.01,3038.42,3012.71,3025.19,149215.964
2026-01-02 07:00:00,3025.2,3031.13,3015.59,3017.0,91750.047
2026-01-02 08:00:00,3017.0,3033.0,3014.27,3030.85,85193.9
2026-01-02 09:00:00,3030.84,3055.0,3028.67,3047.2,255844.86
2026-01-02 10:00:00,3047.19,3068.97,3044.09,3056.1,308027.307
2026-01-02 11:00:00,3056.11,3056.67,3039.21,3046.7,163377.693
2026-01-02 12:00:00,3046.69,3056.99,3042.02,3047.4,92403.553
2026-01-02 13:00:00,3047.4,3057.6,3045.19,3049.03,80422.407
2026-01-02 14:00:00,3049.03,3112.15,3017.64,3081.29,817518.99
2026-01-02 15:00:00,3081.3,3096.1,3052.75,3085.09,459931.921
2026-01-02 16:00:00,3085.09,3145.99,3077.9,3130.67,600415.425
2026-01-02 17:00:00,3130.68,3149.0,3109.01,3121.93,310773.547
2026-01-02 18:00:00,3121.94,3130.91,3095.02,3109.41,209308.685
2026-01-02 19:00:00,3109.4,3126.85,3106.5,3122.46,109069.826
2026-01-02 20:00:00,3122.46,3128.66,3109.85,3116.32,88837.212
2026-01-02 21:00:00,3116.32,3133.93,3114.99,3128.95,53696.244
2026-01-02 22:00:00,3128.95,3144.0,3126.29,3132.22,88986.286
2026-01-02 23:00:00,3132.22,3134.6,3118.8,3123.89,60899.483
2026-01-03 00:00:00,3123.88,3135.0,3120.91,3129.2,46599.645
2026-01-03 01:00:00,3129.19,3130.23,3121.68,3129.15,34537.529
2026-01-03 02:00:00,3129.15,3129.28,3118.18,3124.6,51161.887
2026-01-03 03:00:00,3124.61,3126.0,3117.09,3123.9,41213.523
2026-01-03 04:00:00,3123.91,3126.52,3112.6,3115.14,51025.118
2026-01-03 05:00:00,3115.15,3117.75,3103.01,3110.98,74456.237
2026-01-03 06:00:00,3110.99,3116.38,3097.0,3097.0,83696.167
2026-01-03 07:00:00,3097.01,3103.98,3074.52,3089.51,248729.124
2026-01-03 08:00:00,3089.52,3105.0,3082.63,3094.51,114651.066
2026-01-03 09:00:00,3094.51,3109.6,3090.89,3099.53,80215.793
2026-01-03 10:00:00,3099.52,3104.58,3095.62,3096.12,44313.176
2026-01-03 11:00:00,3096.12,3099.1,3090.56,3097.0,48520.103
2026-01-03 12:00:00,3097.0,3104.44,3092.19,3103.47,63806.03
2026-01-03 13:00:00,3103.47,3106.57,3099.29,3101.57,45387.988
2026-01-03 14:00:00,3101.58,3114.11,3100.0,3104.66,74398.195
2026-01-03 15:00:00,3104.66,3106.53,3098.66,3099.92,54721.976
2026-01-03 16:00:00,3099.91,3111.02,3096.75,3105.8,60169.435
2026-01-03 17:00:00,3105.81,3109.11,3104.42,3107.24,18372.576
2026-01-03 18:00:00,3107.24,3118.61,3103.8,3115.02,49618.798
2026-01-03 19:00:00,3115.01,3115.02,3109.1,3112.0,20264.672
2026-01-03 20:00:00,3112.0,3115.65,3105.76,3114.08,29284.689
2026-01-03 21:00:00,3114.08,3128.48,3111.58,3119.36,59881.359
2026-01-03 22:00:00,3119.36,3124.79,3112.38,3121.38,30618.395
2026-01-03 23:00:00,3121.38,3129.7,3119.39,3125.47,40954.119
2026-01-04 00:00:00,3125.46,3165.99,3124.76,3155.9,244515.421
2026-01-04 01:00:00,3155.9,3160.83,3140.05,3148.64,108736.68
2026-01-04 02:00:00,3148.64,3149.89,3135.51,3139.58,77350.014
2026-01-04 03:00:00,3139.58,3149.42,3138.2,3145.73,81845.849
2026-01-04 04:00:00,3145.73,3154.24,3143.07,3146.55,60287.355
2026-01-04 05:00:00,3146.55,3151.29,3142.7,3149.77,38584.905
2026-01-04 06:00:00,3149.77,3161.41,3137.64,3138.31,151444.047
2026-01-04 07:00:00,3138.3,3144.53,3132.24,3139.51,77901.404
2026-01-04 08:00:00,3139.52,3140.48,3122.58,3137.21,119164.575
2026-01-04 09:00:00,3137.21,3147.0,3132.97,3142.43,79264.084
2026-01-04 10:00:00,3142.43,3147.37,3141.09,3144.62,43746.562
2026-01-04 11:00:00,3144.62,3144.62,3133.2,3138.32,46858.929
2026-01-04 12:00:00,3138.32,3145.94,3131.67,3135.55,70484.797
2026-01-04 13:00:00,3135.54,3139.99,3130.25,3139.21,42310.924
2026-01-04 14:00:00,3139.21,3142.23,3130.72,3135.94,57065.134
2026-01-04 15:00:00,3135.95,3138.5,3115.0,3134.14,103098.19
2026-01-04 16:00:00,3134.14,3138.99,3129.57,3137.91,54661.531
2026-01-04 17:00:00,3137.9,3142.85,3134.25,3135.93,44018.928
2026-01-04 18:00:00,3135.93,3136.71,3121.31,3133.63,59798.186
2026-01-04 19:00:00,3133.63,3134.0,3117.0,3131.31,77253.803
2026-01-04 20:00:00,3131.31,3141.76,3129.37,3140.63,36603.543
2026-01-04 21:00:00,3140.62,3155.0,3136.0,3144.24,94852.739
2026-01-04 22:00:00,3144.24,3149.38,3134.66,3138.06,39009.86
2026-01-04 23:00:00,3138.07,3152.96,3132.99,3143.32,79045.33
2026-01-05 00:00:00,3143.33,3176.36,3141.5,3167.26,265430.537
2026-01-05 01:00:00,3167.26,3221.0,3162.4,3196.49,419295.332
2026-01-05 02:00:00,3196.5,3203.7,3181.1,3191.82,140499.883
2026-01-05 03:00:00,3191.83,3196.31,3183.02,3184.74,77891.096
2026-01-05 04:00:00,3184.75,3186.89,3156.0,3165.49,231289.652
2026-01-05 05:00:00,3165.5,3167.99,3146.07,3148.0,190826.101
2026-01-05 06:00:00,3148.0,3157.96,3131.47,3156.22,231329.151
2026-01-05 07:00:00,3156.23,3161.72,3153.59,3156.0,72794.871
2026-01-05 08:00:00,3156.0,3171.24,3154.11,3162.07,81540.427
2026-01-05 09:00:00,3162.06,3174.26,3151.78,3167.26,115671.107
2026-01-05 10:00:00,3167.25,3177.9,3160.84,3171.8,107955.439
2026-01-05 11:00:00,3171.8,3183.36,3166.54,3178.88,91892.143
2026-01-05 12:00:00,3178.88,3182.57,3164.4,3169.09,72173.282
2026-01-05 13:00:00,3169.1,3174.32,3141.75,3153.0,195999.92
2026-01-05 14:00:00,3153.01,3176.5,3132.58,3165.42,359211.229
2026-01-05 15:00:00,3165.42,3205.0,3150.29,3194.49,385937.567
2026-01-05 16:00:00,3194.48,3201.69,3170.82,3182.46,189668.105
2026-01-05 17:00:00,3182.47,3230.86,3157.01,3212.21,336972.055
2026-01-05 18:00:00,3212.22,3227.86,3183.67,3226.99,290098.268
2026-01-05 19:00:00,3227.0,3227.62,3212.86,3221.63,128667.35
2026-01-05 20:00:00,3221.64,3266.0,3218.55,3240.65,305882.158
2026-01-05 21:00:00,3240.65,3246.8,3230.1,3236.83,79742.777
2026-01-05 22:00:00,3236.84,3248.7,3227.65,3238.68,78363.037
2026-01-05 23:00:00,3238.69,3240.21,3223.5,3223.71,81824.013
2026-01-06 00:00:00,3223.72,3230.0,3201.91,3214.71,125363.791
2026-01-06 01:00:00,3214.71,3246.0,3214.29,3216.96,139793.955
2026-01-06 02:00:00,3216.97,3223.14,3207.6,3215.97,70931.961
2026-01-06 03:00:00,3215.98,3232.57,3212.65,3223.88,66527.616
2026-01-06 04:00:00,3223.88,3232.37,3221.35,3221.35,42649.991
2026-01-06 05:00:00,3221.36,3228.0,3215.2,3217.11,69999.811
2026-01-06 06:00:00,3217.11,3254.94,3216.45,3239.68,248288.412
2026-01-06 07:00:00,3239.67,3241.7,3210.02,3218.01,179120.012
2026-01-06 08:00:00,3218.0,3228.59,3212.8,3218.55,75669.985
2026-01-06 09:00:00,3218.54,3228.16,3216.11,3221.9,57378.246
2026-01-06 10:00:00,3221.9,3230.47,3220.01,3227.44,49691.546
2026-01-06 11:00:00,3227.45,3241.76,3225.53,3236.36,101020.618
2026-01-06 12:00:00,3236.36,3244.5,3234.56,3237.07,59455.318
2026-01-06 13:00:00,3237.06,3238.19,3228.19,3236.3,89049.623
2026-01-06 14:00:00,3236.3,3308.0,3236.29,3276.67,1002849.325
2026-01-06 15:00:00,3276.67,3300.87,3259.62,3270.74,404038.879
2026-01-06 16:00:00,3270.74,3277.76,3232.0,3250.13,377615.205
2026-01-06 17:00:00,3250.14,3258.76,3188.01,3194.48,404626.193
2026-01-06 18:00:00,3194.48,3231.9,3180.71,3217.56,314543.926
2026-01-06 19:00:00,3217.56,3228.66,3212.0,3222.18,79803.124
2026-01-06 20:00:00,3222.19,3249.0,3221.91,3240.1,111438.607
2026-01-06 21:00:00,3240.1,3299.99,3236.67,3274.77,277203.602
2026-01-06 22:00:00,3274.77,3291.01,3265.0,3276.43,100012.75
2026-01-06 23:00:00,3276.43,3301.64,3275.0,3295.46,139962.985
2026-01-07 00:00:00,3295.46,3295.79,3254.14,3256.45,177034.433
2026-01-07 01:00:00,3256.45,3271.13,3238.0,3243.88,179797.989
2026-01-07 02:00:00,3243.88,3273.36,3238.16,3268.83,129294.155
2026-01-07 03:00:00,3268.83,3281.65,3263.74,3265.57,93097.972
2026-01-07 04:00:00,3265.57,3270.88,3252.0,3255.01,63387.56
2026-01-07 05:00:00,3255.01,3261.65,3245.72,3247.32,80822.68
2026-01-07 06:00:00,3247.32,3258.72,3246.33,3249.81,56733.771
2026-01-07 07:00:00,3249.8,3261.44,3249.5,3253.99,70100.838
2026-01-07 08:00:00,3253.99,3262.0,3251.45,3253.13,55178.601
2026-01-07 09:00:00,3253.14,3253.55,3197.22,3198.28,544015.849
2026-01-07 10:00:00,3198.27,3221.13,3194.28,3216.52,244058.228
2026-01-07 11:00:00,3216.53,3226.1,3215.0,3218.75,102337.474
2026-01-07 12:00:00,3218.74,3221.13,3209.66,3211.85,84069.595
2026-01-07 13:00:00,3211.86,3228.0,3200.74,3210.69,156448.82
2026-01-07 14:00:00,3210.69,3210.9,3155.25,3190.75,537851.358
2026-01-07 15:00:00,3190.76,3191.86,3142.82,3163.53,615532.424
2026-01-07 16:00:00,3163.53,3178.44,3148.35,3156.43,216751.293
2026-01-07 17:00:00,3156.42,3170.27,3145.0,3150.75,141244.381
2026-01-07 18:00:00,3150.76,3164.53,3130.04,3145.25,268793.507
2026-01-07 19:00:00,3145.25,3154.62,3123.01,3144.37,239739.928
2026-01-07 20:00:00,3144.38,3150.0,3126.55,3137.53,109929.859
2026-01-07 21:00:00,3137.53,3151.58,3137.1,3148.43,50514.242
2026-01-07 22:00:00,3148.42,3164.5,3142.14,3151.69,76789.065
2026-01-07 23:00:00,3151.69,3181.81,3142.0,3167.52,246802.126
2026-01-08 00:00:00,3167.53,3174.46,3153.48,3169.5,77453.953
2026-01-08 01:00:00,3169.49,3180.0,3166.91,3174.2,58473.203
2026-01-08 02:00:00,3174.2,3183.68,3147.0,3158.26,129462.841
2026-01-08 03:00:00,3158.26,3165.92,3132.33,3141.35,122788.761
2026-01-08 04:00:00,3141.35,3157.49,3137.64,3153.02,84268.452
2026-01-08 05:00:00,3153.01,3160.29,3140.46,3142.34,56790.328
2026-01-08 06:00:00,3142.34,3145.21,3103.0,3103.99,317951.85
2026-01-08 07:00:00,3103.98,3132.0,3086.26,3126.41,319800.551
2026-01-08 08:00:00,3126.41,3135.7,3112.01,3115.4,130229.98
2026-01-08 09:00:00,3115.41,3122.79,3104.01,3110.86,135243.493
2026-01-08 10:00:00,3110.86,3131.39,3095.16,3126.45,242896.71
2026-01-08 11:00:00,3126.45,3130.57,3110.9,3119.35,145346.099
2026-01-08 12:00:00,3119.35,3119.66,3080.0,3094.01,285901.009
2026-01-08 13:00:00,3094.0,3101.16,3089.12,3095.33,95355.649
2026-01-08 14:00:00,3095.33,3095.34,3052.43,3075.75,626847.811
2026-01-08 15:00:00,3075.75,3111.52,3065.35,3102.89,394459.757
2026-01-08 16:00:00,3102.89,3122.3,3088.34,3120.82,219309.067
2026-01-08 17:00:00,3120.82,3138.44,3108.45,3133.33,223207.941
2026-01-08 18:00:00,3133.33,3133.87,3113.17,3118.71,143186.123
2026-01-08 19:00:00,3118.72,3127.78,3102.72,3110.13,105917.775
2026-01-08 20:00:00,3110.12,3110.12,3087.35,3106.29,143204.577
2026-01-08 21:00:00,3106.3,3121.9,3105.71,3117.62,74085.081
2026-01-08 22:00:00,3117.62,3129.6,3106.06,3117.94,71146.413
2026-01-08 23:00:00,3117.94,3121.0,3104.41,3105.45,41648.009
2026-01-09 00:00:00,3105.44,3116.74,3103.1,3114.7,49131.788
2026-01-09 01:00:00,3114.7,3148.0,3077.46,3104.31,375370.448
2026-01-09 02:00:00,3104.32,3125.05,3102.09,3107.95,99531.423
2026-01-09 03:00:00,3107.96,3119.89,3101.03,3118.38,55793.75
2026-01-09 04:00:00,3118.38,3122.79,3110.94,3115.14,47433.95
2026-01-09 05:00:00,3115.15,3120.0,3112.19,3117.47,27379.294
2026-01-09 06:00:00,3117.47,3124.26,3116.0,3121.83,34305.969
2026-01-09 07:00:00,3121.83,3122.54,3109.22,3109.75,73706.524
2026-01-09 08:00:00,3109.76,3114.32,3066.0,3081.56,323734.09
2026-01-09 09:00:00,3081.56,3099.8,3080.53,3091.0,131115.487
2026-01-09 10:00:00,3091.0,3098.0,3086.61,3095.27,57653.397
2026-01-09 11:00:00,3095.27,3103.36,3086.81,3088.99,67950.096
2026-01-09 12:00:00,3089.0,3095.11,3080.92,3083.1,72351.95
2026-01-09 13:00:00,3083.11,3114.35,3082.13,3097.3,203641.176
2026-01-09 14:00:00,3097.3,3097.67,3060.08,3077.59,306381.052
2026-01-09 15:00:00,3077.59,3142.0,3056.79,3111.39,707903.247
2026-01-09 16:00:00,3111.39,3144.99,3110.0,3132.04,254783.379
2026-01-09 17:00:00,3132.05,3133.87,3103.05,3113.04,162700.342
2026-01-09 18:00:00,3113.04,3117.7,3071.34,3093.79,215307.783
2026-01-09 19:00:00,3093.78,3093.78,3066.31,3079.0,142941.434
2026-01-09 20:00:00,3079.0,3090.56,3070.0,3072.3,111780.062
2026-01-09 21:00:00,3072.3,3092.17,3064.0,3084.67,97574.108
2026-01-09 22:00:00,3084.68,3087.42,3072.54,3085.19,36939.29
2026-01-09 23:00:00,3085.19,3091.86,3082.41,3087.15,33546.746
2026-01-10 00:00:00,3087.16,3088.99,3080.62,3082.39,29907.654
2026-01-10 01:00:00,3082.39,3090.6,3082.38,3088.99,28963.403
2026-01-10 02:00:00,3088.99,3093.53,3082.05,3086.69,30537.92
2026-01-10 03:00:00,3086.68,3087.86,3078.3,3085.52,32041.235
2026-01-10 04:00:00,3085.52,3086.48,3077.22,3078.83,36084.419
2026-01-10 05:00:00,3078.82,3086.88,3078.82,3085.81,28719.623
2026-01-10 06:00:00,3085.81,3087.85,3082.13,3086.34,20781.571
2026-01-10 07:00:00,3086.34,3092.48,3086.34,3091.5,35630.643
2026-01-10 08:00:00,3091.49,3091.92,3086.13,3088.9,17907.056
2026-01-10 09:00:00,3088.9,3097.89,3088.0,3094.65,41205.44
2026-01-10 10:00:00,3094.66,3102.68,3093.1,3101.97,51076.827
2026-01-10 11:00:00,3101.98,3102.25,3093.32,3095.64,28477.679
2026-01-10 12:00:00,3095.63,3102.75,3091.46,3098.0,41965.125
2026-01-10 13:00:00,3098.01,3098.01,3091.82,3093.52,21259.879
2026-01-10 14:00:00,3093.51,3095.23,3087.25,3090.51,51225.873
2026-01-10 15:00:00,3090.52,3094.98,3090.51,3094.12,20990.035
2026-01-10 16:00:00,3094.12,3096.12,3090.31,3094.19,18112.215
2026-01-10 17:00:00,3094.19,3097.56,3090.66,3091.33,20454.134
2026-01-10 18:00:00,3091.32,3092.81,3088.5,3091.47,19091.233
2026-01-10 19:00:00,3091.47,3092.66,3088.76,3090.79,12843.777
2026-01-10 20:00:00,3090.78,3092.19,3087.53,3088.61,16335.374
2026-01-10 21:00:00,3088.61,3089.01,3082.94,3085.05,19826.939
2026-01-10 22:00:00,3085.04,3088.48,3077.08,3079.28,46712.033
2026-01-10 23:00:00,3079.27,3088.38,3078.63,3085.47,20326.232
2026-01-11 00:00:00,3085.47,3091.7,3083.23,3090.77,24970.281
2026-01-11 01:00:00,3090.77,3094.5,3088.35,3094.49,18290.939
2026-01-11 02:00:00,3094.49,3096.41,3090.59,3091.16,22836.818
2026-01-11 03:00:00,3091.17,3096.38,3090.5,3095.48,18681.213
2026-01-11 04:00:00,3095.49,3097.54,3093.42,3096.67,18559.703
2026-01-11 05:00:00,3096.67,3101.0,3094.66,3098.05,26240.56
2026-01-11 06:00:00,3098.06,3099.47,3088.31,3096.19,39647.892
2026-01-11 07:00:00,3096.19,3097.02,3091.2,3094.03,16766.065
2026-01-11 08:00:00,3094.03,3107.15,3091.35,3101.99,40684.619
2026-01-11 09:00:00,3101.99,3108.45,3100.0,3103.08,55046.087
2026-01-11 10:00:00,3103.09,3107.08,3101.22,3106.14,25570.9
2026-01-11 11:00:00,3106.15,3106.15,3101.56,3103.8,23953.105
2026-01-11 12:00:00,3103.8,3115.88,3103.46,3112.52,70877.3
2026-01-11 13:00:00,3112.53,3115.0,3105.44,3108.25,50043.773
2026-01-11 14:00:00,3108.26,3128.0,3108.25,3124.35,81983.04
2026-01-11 15:00:00,3124.34,3129.6,3108.13,3116.89,116229.747
2026-01-11 16:00:00,3116.9,3147.0,3114.4,3128.48,288683.448
2026-01-11 17:00:00,3128.48,3132.99,3115.15,3125.99,81355.702
2026-01-11 18:00:00,3126.0,3132.98,3119.31,3128.5,47388.503
2026-01-11 19:00:00,3128.49,3132.0,3117.26,3123.47,37036.126
2026-01-11 20:00:00,3123.46,3123.46,3100.01,3113.94,127274.511
2026-01-11 21:00:00,3113.94,3125.44,3106.0,3119.61,64714.973
2026-01-11 22:00:00,3119.61,3119.62,3105.15,3108.26,39069.198
2026-01-11 23:00:00,3108.26,3124.88,3090.7,3122.0,178207.08
2026-01-12 00:00:00,3122.0,3126.68,3095.28,3118.82,146026.148
2026-01-12 01:00:00,3118.83,3136.79,3112.2,3123.48,177842.939
2026-01-12 02:00:00,3123.49,3167.0,3120.79,3156.47,290680.197
2026-01-12 03:00:00,3156.47,3170.88,3150.18,3151.18,172334.803
2026-01-12 04:00:00,3151.17,3162.37,3147.06,3157.92,86529.51
2026-01-12 05:00:00,3157.93,3165.77,3153.86,3157.56,62406.529
2026-01-12 06:00:00,3157.57,3164.53,3151.0,3153.31,59193.26
2026-01-12 07:00:00,3153.31,3160.01,3131.58,3133.96,151430.235
2026-01-12 08:00:00,3133.96,3146.13,3100.0,3114.32,358525.479
2026-01-12 09:00:00,3114.32,3123.63,3109.65,3115.13,104061.375
2026-01-12 10:00:00,3115.13,3119.0,3102.48,3105.42,80618.379
2026-01-12 11:00:00,3105.43,3120.21,3105.14,3114.12,74612.874
2026-01-12 12:00:00,3114.12,3121.76,3111.3,3115.99,46404.259
2026-01-12 13:00:00,3115.99,3119.21,3104.1,3107.81,77573.301
2026-01-12 14:00:00,3107.8,3116.09,3061.35,3103.88,603303.931
2026-01-12 15:00:00,3103.88,3132.0,3091.32,3128.66,266452.165
2026-01-12 16:00:00,3128.66,3145.93,3118.63,3129.5,259036.348
2026-01-12 17:00:00,3129.49,3135.87,3083.0,3103.45,312516.907
2026-01-12 18:00:00,3103.46,3118.0,3093.77,3107.29,146317.893
2026-01-12 19:00:00,3107.28,3121.27,3095.69,3120.33,86642.315
2026-01-12 20:00:00,3120.33,3126.84,3098.55,3101.11,96124.884
2026-01-12 21:00:00,3101.1,3105.5,3083.0,3090.72,107081.1
2026-01-12 22:00:00,3090.72,3106.0,3090.71,3094.18,57388.284
2026-01-12 23:00:00,3094.18,3097.79,3087.01,3093.84,56243.624
2026-01-13 00:00:00,3093.85,3108.79,3091.69,3107.19,80712.336
2026-01-13 01:00:00,3107.19,3113.2,3090.18,3096.35,81518.965
2026-01-13 02:00:00,3096.35,3107.22,3096.35,3100.13,54418.275
2026-01-13 03:00:00,3100.13,3118.0,3099.82,3114.98,84625.951
2026-01-13 04:00:00,3114.98,3122.31,3110.71,3121.13,66800.317
2026-01-13 05:00:00,3121.12,3145.71,3120.2,3130.68,276675.008
2026-01-13 06:00:00,3130.68,3136.63,3122.0,3133.21,104644.528
2026-01-13 07:00:00,3133.22,3134.29,3120.66,3121.08,64293.597
2026-01-13 08:00:00,3121.08,3137.36,3121.05,3134.8,64013.578
2026-01-13 09:00:00,3134.8,3148.15,3127.23,3137.53,159130.317
2026-01-13 10:00:00,3137.53,3140.57,3128.5,3133.43,54885.563
2026-01-13 11:00:00,3133.43,3137.75,3130.02,3132.77,42206.349
2026-01-13 12:00:00,3132.77,3136.88,3128.5,3133.94,51269.201
2026-01-13 13:00:00,3133.94,3162.5,3128.71,3141.1,381816.01
2026-01-13 14:00:00,3141.1,3164.43,3127.94,3143.23,354563.758
2026-01-13 15:00:00,3143.23,3188.08,3131.05,3183.11,445746.093
2026-01-13 16:00:00,3183.11,3196.39,3170.23,3179.79,380728.396
2026-01-13 17:00:00,3179.79,3186.78,3171.25,3178.53,139102.594
2026-01-13 18:00:00,3178.52,3214.3,3176.45,3199.61,221594.153
2026-01-13 19:00:00,3199.61,3217.6,3189.65,3214.45,150891.073
2026-01-13 20:00:00,3214.46,3218.0,3188.72,3202.76,218385.458
2026-01-13 21:00:00,3202.78,3216.68,3198.12,3208.5,117415.934
2026-01-13 22:00:00,3208.49,3383.63,3208.49,3330.21,871161.147
2026-01-13 23:00:00,3330.21,3347.85,3313.35,3324.69,254957.216
2026-01-14 00:00:00,3324.68,3335.86,3314.01,3323.43,125245.395
2026-01-14 01:00:00,3323.43,3345.82,3319.98,3335.16,138821.091
2026-01-14 02:00:00,3335.17,3360.0,3319.18,3325.59,227166.587
2026-01-14 03:00:00,3325.58,3351.3,3319.42,3351.04,159878.189
2026-01-14 04:00:00,3351.03,3365.66,3334.96,3338.01,209882.729
2026-01-14 05:00:00,3338.01,3338.89,3324.28,3329.39,91001.516
2026-01-14 06:00:00,3329.38,3334.7,3321.12,3333.33,91621.841
2026-01-14 07:00:00,3333.33,3341.51,3326.59,3334.88,92368.038
2026-01-14 08:00:00,3334.88,3342.0,3326.07,3326.07,87383.804
2026-01-14 09:00:00,3326.07,3334.64,3323.66,3327.47,66925.996
2026-01-14 10:00:00,3327.47,3332.33,3303.52,3312.12,174403.418
2026-01-14 11:00:00,3312.12,3312.77,3281.59,3285.2,239966.68
2026-01-14 12:00:00,3285.19,3298.29,3280.0,3295.22,161671.689
2026-01-14 13:00:00,3295.23,3307.41,3287.34,3301.3,179855.501
2026-01-14 14:00:00,3301.3,3357.33,3300.24,3347.52,556170.012
2026-01-14 15:00:00,3347.52,3361.02,3325.68,3344.19,388705.11
2026-01-14 16:00:00,3344.19,3403.77,3343.85,3368.38,555772.25
2026-01-14 17:00:00,3368.38,3379.59,3334.9,3340.96,315464.551
2026-01-14 18:00:00,3340.95,3353.2,3313.94,3337.97,244647.231
2026-01-14 19:00:00,3337.97,3402.15,3330.41,3366.49,338068.305
2026-01-14 20:00:00,3366.48,3392.0,3360.63,3381.91,157731.165
2026-01-14 21:00:00,3381.91,3381.91,3354.86,3371.22,112878.97
2026-01-14 22:00:00,3371.22,3373.0,3346.24,3347.42,95695.845
2026-01-14 23:00:00,3347.42,3368.22,3347.42,3353.27,72827.921
2026-01-15 00:00:00,3353.28,3354.61,3323.85,3330.35,121465.265
2026-01-15 01:00:00,3330.35,3341.76,3315.03,3323.51,99615.462
2026-01-15 02:00:00,3323.51,3331.24,3304.0,3312.72,117881.716
2026-01-15 03:00:00,3312.73,3320.4,3275.36,3284.79,263203.752
2026-01-15 04:00:00,3284.8,3307.04,3282.89,3303.5,121406.017
2026-01-15 05:00:00,3303.5,3314.12,3300.53,3309.02,80267.761
2026-01-15 06:00:00,3309.02,3322.21,3308.0,3314.34,81977.206
2026-01-15 07:00:00,3314.35,3333.93,3313.0,3328.63,96271.546
2026-01-15 08:00:00,3328.64,3337.88,3318.66,3334.89,114719.032
2026-01-15 09:00:00,3334.9,3373.62,3328.59,3365.14,283989.664
2026-01-15 10:00:00,3365.14,3377.78,3356.53,3363.08,161583.984
2026-01-15 11:00:00,3363.08,3365.0,3345.91,3348.63,121222.385
2026-01-15 12:00:00,3348.63,3369.95,3342.68,3367.87,129669.786
2026-01-15 13:00:00,3367.87,3383.07,3355.21,3369.6,156392.846
2026-01-15 14:00:00,3369.59,3381.61,3320.74,3340.38,435355.396
2026-01-15 15:00:00,3340.36,3356.81,3282.07,3328.93,575024.001
2026-01-15 16:00:00,3328.92,3333.98,3307.96,3328.69,202475.757
2026-01-15 17:00:00,3328.69,3336.22,3295.02,3299.56,230612.384
2026-01-15 18:00:00,3299.55,3306.74,3266.0,3287.1,289498.826
2026-01-15 19:00:00,3287.09,3300.73,3275.26,3294.01,138398.757
2026-01-15 20:00:00,3294.01,3305.55,3275.0,3286.53,110490.483
2026-01-15 21:00:00,3286.53,3304.6,3282.04,3297.81,63200.871
2026-01-15 22:00:00,3297.8,3317.88,3294.43,3307.7,71644.297
2026-01-15 23:00:00,3307.7,3322.15,3300.55,3317.0,65615.63
2026-01-16 00:00:00,3317.0,3325.34,3314.04,3315.32,61211.135
2026-01-16 01:00:00,3315.31,3320.59,3300.15,3312.32,84771.695
2026-01-16 02:00:00,3312.32,3312.33,3290.21,3302.3,95243.92
2026-01-16 03:00:00,3302.3,3306.9,3293.65,3293.9,36927.309
2026-01-16 04:00:00,3293.91,3303.39,3274.05,3286.35,167236.527
2026-01-16 05:00:00,3286.36,3315.0,3281.81,3307.58,150025.824
2026-01-16 06:00:00,3307.59,3315.82,3301.01,3312.61,69707.843
2026-01-16 07:00:00,3312.61,3314.67,3299.52,3308.16,57184.694
2026-01-16 08:00:00,3308.16,3319.43,3307.2,3312.02,72841.37
2026-01-16 09:00:00,3312.02,3315.36,3306.02,3306.41,36557.324
2026-01-16 10:00:00,3306.41,3307.43,3293.24,3296.31,76315.836
2026-01-16 11:00:00,3296.31,3305.39,3291.56,3300.69,74972.561
2026-01-16 12:00:00,3300.7,3313.0,3299.0,3307.33,62855.843
2026-01-16 13:00:00,3307.34,3309.16,3293.29,3306.12,61716.341
2026-01-16 14:00:00,3306.12,3317.17,3287.98,3292.49,171889.699
2026-01-16 15:00:00,3292.49,3310.0,3251.42,3263.04,520203.015
2026-01-16 16:00:00,3263.04,3288.88,3258.0,3277.8,297303.443
2026-01-16 17:00:00,3277.81,3285.55,3265.51,3283.15,84392.834
2026-01-16 18:00:00,3283.15,3287.48,3276.26,3277.28,60088.349
2026-01-16 19:00:00,3277.29,3278.14,3267.29,3275.64,49877.111
2026-01-16 20:00:00,3275.65,3292.75,3263.06,3291.59,112016.873
2026-01-16 21:00:00,3291.6,3298.32,3286.78,3292.87,69057.218
2026-01-16 22:00:00,3292.88,3294.41,3281.42,3292.71,37761.351
2026-01-16 23:00:00,3292.71,3298.86,3290.82,3294.77,40024.041
2026-01-17 00:00:00,3294.77,3296.02,3288.42,3291.4,26973.382
2026-01-17 01:00:00,3291.4,3294.62,3286.52,3289.26,26630.792
2026-01-17 02:00:00,3289.27,3291.78,3282.39,3291.13,32488.212
2026-01-17 03:00:00,3291.14,3291.34,3286.32,3288.12,17014.747
2026-01-17 04:00:00,3288.12,3291.5,3284.67,3290.71,21825.556
2026-01-17 05:00:00,3290.71,3292.99,3288.02,3290.22,17869.393
2026-01-17 06:00:00,3290.22,3292.64,3286.09,3289.87,20368.999
2026-01-17 07:00:00,3289.87,3291.33,3285.82,3290.09,23346.754
2026-01-17 08:00:00,3290.08,3295.65,3288.0,3295.2,46085.339
2026-01-17 09:00:00,3295.2,3304.96,3292.3,3297.35,64373.935
2026-01-17 10:00:00,3297.35,3299.67,3294.0,3295.37,30393.552
2026-01-17 11:00:00,3295.36,3304.33,3291.12,3301.4,50014.56
2026-01-17 12:00:00,3301.39,3305.0,3298.99,3301.13,35080.839
2026-01-17 13:00:00,3301.12,3303.0,3298.0,3302.21,30198.194
2026-01-17 14:00:00,3302.21,3310.61,3300.0,3308.85,75176.873
2026-01-17 15:00:00,3308.85,3328.21,3306.47,3328.13,249727.797
2026-01-17 16:00:00,3328.13,3328.36,3310.0,3317.42,145175.545
2026-01-17 17:00:00,3317.42,3327.0,3315.56,3317.85,45451.665
2026-01-17 18:00:00,3317.84,3319.31,3313.03,3316.34,27294.474
2026-01-17 19:00:00,3316.35,3319.7,3313.21,3315.1,19381.175
2026-01-17 20:00:00,3315.09,3318.53,3313.87,3315.9,14732.167
2026-01-17 21:00:00,3315.9,3316.05,3305.11,3311.22,29489.838
2026-01-17 22:00:00,3311.22,3311.23,3295.42,3300.36,67270.521
2026-01-17 23:00:00,3300.37,3308.92,3299.52,3308.87,32263.548
2026-01-18 00:00:00,3308.86,3312.91,3301.42,3303.13,37184.387
2026-01-18 01:00:00,3303.13,3305.64,3294.52,3299.92,52438.876
2026-01-18 02:00:00,3299.91,3304.69,3295.24,3302.15,32651.815
2026-01-18 03:00:00,3302.16,3319.77,3301.82,3314.52,45086.167
2026-01-18 04:00:00,3314.52,3316.53,3307.7,3310.6,29795.794
2026-01-18 05:00:00,3310.59,3316.69,3309.33,3314.37,24833.312
2026-01-18 06:00:00,3314.37,3316.66,3310.18,3314.07,22635.741
2026-01-18 07:00:00,3314.08,3314.49,3304.2,3305.66,38343.585
2026-01-18 08:00:00,3305.67,3315.52,3301.56,3313.92,48608.766
2026-01-18 09:00:00,3313.93,3323.99,3312.55,3321.48,78088.713
2026-01-18 10:00:00,3321.48,3324.41,3316.84,3324.04,43528.761
2026-01-18 11:00:00,3324.05,3324.05,3317.41,3320.6,27458.492
2026-01-18 12:00:00,3320.61,3325.75,3317.02,3320.71,37938.324
2026-01-18 13:00:00,3320.71,3328.97,3312.71,3324.47,86717.477
2026-01-18 14:00:00,3324.48,3346.7,3321.02,3323.51,226343.714
2026-01-18 15:00:00,3323.51,3334.33,3317.45,3332.31,68804.987
2026-01-18 16:00:00,3332.31,3336.66,3328.14,3332.15,44619.981
2026-01-18 17:00:00,3332.16,3345.97,3330.1,3343.4,40911.661
2026-01-18 18:00:00,3343.39,3367.98,3334.99,3360.66,201194.869
2026-01-18 19:00:00,3360.67,3364.43,3342.7,3345.36,80676.545
2026-01-18 20:00:00,3345.36,3351.22,3335.49,3339.77,53708.033
2026-01-18 21:00:00,3339.77,3344.98,3335.01,3340.37,25735.709
2026-01-18 22:00:00,3340.37,3356.14,3338.58,3349.34,36162.686
2026-01-18 23:00:00,3349.33,3349.34,3277.42,3282.77,433050.075
2026-01-19 00:00:00,3282.77,3283.2,3175.0,3210.67,1291428.903
2026-01-19 01:00:00,3210.67,3220.0,3192.0,3205.51,221428.492
2026-01-19 02:00:00,3205.5,3214.99,3191.14,3202.66,135714.76
2026-01-19 03:00:00,3202.65,3211.03,3193.56,3210.36,103109.898
2026-01-19 04:00:00,3210.35,3215.91,3203.25,3211.03,101329.226
2026-01-19 05:00:00,3211.03,3214.17,3194.13,3201.0,168957.314
2026-01-19 06:00:00,3201.0,3203.0,3184.15,3194.18,116966.523
2026-01-19 07:00:00,3194.18,3207.66,3194.18,3205.74,59038.892
2026-01-19 08:00:00,3205.74,3221.0,3196.0,3212.34,147469.713
2026-01-19 09:00:00,3212.35,3213.19,3203.79,3207.83,56460.077
2026-01-19 10:00:00,3207.82,3215.13,3204.0,3213.99,42764.365
2026-01-19 11:00:00,3214.0,3229.66,3211.62,3222.18,119009.029
2026-01-19 12:00:00,3222.18,3234.71,3217.67,3223.67,98169.555
2026-01-19 13:00:00,3223.66,3223.66,3211.0,3216.93,73548.152
2026-01-19 14:00:00,3216.92,3218.05,3200.01,3211.75,98067.864
2026-01-19 15:00:00,3211.74,3219.56,3208.23,3214.47,54915.811
2026-01-19 16:00:00,3214.47,3226.19,3211.2,3221.65,56589.866
2026-01-19 17:00:00,3221.65,3224.68,3215.26,3218.3,39933.918
2026-01-19 18:00:00,3218.3,3219.66,3206.61,3213.31,55087.563
2026-01-19 19:00:00,3213.31,3223.5,3213.3,3218.34,30387.897
2026-01-19 20:00:00,3218.34,3224.0,3211.0,3212.96,46671.434
2026-01-19 21:00:00,3212.96,3221.02,3208.76,3211.49,29537.506
2026-01-19 22:00:00,3211.48,3213.38,3185.0,3187.31,136698.808
2026-01-19 23:00:00,3187.32,3196.93,3165.0,3188.01,282602.134
2026-01-20 00:00:00,3188.01,3199.6,3175.0,3182.55,109769.246
2026-01-20 01:00:00,3182.55,3198.55,3174.02,3192.16,90656.692
2026-01-20 02:00:00,3192.16,3199.73,3177.18,3191.22,111506.634
2026-01-20 03:00:00,3191.22,3193.63,3181.27,3187.41,53469.589
2026-01-20 04:00:00,3187.41,3188.27,3167.0,3171.78,105216.908
2026-01-20 05:00:00,3171.78,3174.0,3150.0,3170.13,327362.39
2026-01-20 06:00:00,3170.12,3171.0,3106.66,3115.2,514183.273
2026-01-20 07:00:00,3115.2,3130.0,3110.24,3121.5,160676.364
2026-01-20 08:00:00,3121.49,3122.54,3083.49,3105.46,426079.822
2026-01-20 09:00:00,3105.46,3109.0,3087.17,3093.15,139253.786
2026-01-20 10:00:00,3093.15,3107.32,3090.0,3101.26,100416.345
2026-01-20 11:00:00,3101.26,3111.83,3101.25,3108.14,90090.226
2026-01-20 12:00:00,3108.15,3113.52,3100.55,3109.5,74399.634
2026-01-20 13:00:00,3109.5,3111.5,3072.41,3077.91,271906.022
2026-01-20 14:00:00,3077.91,3088.0,3032.0,3046.17,837928.091
2026-01-20 15:00:00,3046.16,3048.8,2990.91,3031.06,718534.644
2026-01-20 16:00:00,3031.06,3041.58,2997.0,3007.92,286981.331
2026-01-20 17:00:00,3007.92,3022.35,2982.42,2998.41,335095.264
2026-01-20 18:00:00,2998.4,3007.92,2986.26,2990.62,145053.414
2026-01-20 19:00:00,2990.63,3002.08,2977.92,2995.04,147521.454
2026-01-20 20:00:00,2995.04,3006.61,2985.08,3005.63,135491.077
2026-01-20 21:00:00,3005.64,3006.09,2988.14,2992.0,77712.764
2026-01-20 22:00:00,2992.01,2997.58,2910.0,2950.0,396086.787
2026-01-20 23:00:00,2950.0,2951.08,2928.86,2938.24,207825.861
2026-01-21 00:00:00,2938.25,2968.0,2920.08,2958.32,280131.483
2026-01-21 01:00:00,2958.31,2973.06,2953.62,2963.66,159225.658
2026-01-21 02:00:00,2963.66,2973.75,2956.22,2960.65,89243.73
2026-01-21 03:00:00,2960.65,2983.7,2959.79,2980.27,101187.034
2026-01-21 04:00:00,2980.26,2984.45,2973.26,2977.83,60720.767
2026-01-21 05:00:00,2977.84,3001.01,2976.34,2991.71,151925.823
2026-01-21 06:00:00,2991.71,2992.5,2973.76,2979.01,89822.559
2026-01-21 07:00:00,2979.01,2984.42,2964.45,2969.01,153121.887
2026-01-21 08:00:00,2969.02,2973.18,2954.15,2964.0,116704.86
2026-01-21 09:00:00,2963.99,2973.62,2947.0,2952.46,98156.434
2026-01-21 10:00:00,2952.46,2968.9,2950.54,2962.34,66220.976
2026-01-21 11:00:00,2962.34,2970.61,2935.0,2942.17,143368.309
2026-01-21 12:00:00,2942.17,2945.6,2900.31,2929.92,535259.887
2026-01-21 13:00:00,2929.92,2944.5,2919.18,2926.79,222047.929
2026-01-21 14:00:00,2926.79,2994.44,2923.08,2979.29,627375.728
2026-01-21 15:00:00,2979.3,3026.06,2973.34,3001.22,505151.789
2026-01-21 16:00:00,3001.23,3003.92,2883.98,2889.94,880777.613
2026-01-21 17:00:00,2889.94,2912.99,2864.29,2902.01,520538.803
2026-01-21 18:00:00,2902.0,2932.64,2885.82,2925.87,198733.367
2026-01-21 19:00:00,2925.87,3069.34,2914.74,3054.07,787955.985
2026-01-21 20:00:00,3054.08,3056.41,3001.79,3030.36,360471.147
2026-01-21 21:00:00,3030.36,3043.17,3019.51,3030.0,93171.342
2026-01-21 22:00:00,3030.01,3044.0,3007.19,3008.77,90558.518
2026-01-21 23:00:00,3008.77,3024.0,2970.65,2980.66,197822.889
2026-01-22 00:00:00,2980.67,3009.92,2979.28,3003.96,142038.965
2026-01-22 01:00:00,3003.96,3033.0,3000.73,3026.96,127702.032
2026-01-22 02:00:00,3026.96,3037.49,3013.6,3016.45,111397.746
2026-01-22 03:00:00,3016.44,3029.69,2998.3,3012.24,107694.07
2026-01-22 04:00:00,3012.23,3023.99,3010.14,3021.84,49216.693
2026-01-22 05:00:00,3021.84,3027.0,3013.13,3018.74,46362.991
2026-01-22 06:00:00,3018.74,3026.56,3007.5,3017.94,70507.767
2026-01-22 07:00:00,3017.93,3021.28,2999.16,2999.71,77868.225
2026-01-22 08:00:00,2999.72,3007.14,2990.77,3004.44,116063.414
2026-01-22 09:00:00,3004.43,3015.58,3001.81,3012.2,66481.552
2026-01-22 10:00:00,3012.21,3013.45,2998.21,3001.15,84852.884
2026-01-22 11:00:00,3001.14,3005.84,2976.07,2984.78,178609.132
2026-01-22 12:00:00,2984.79,2996.91,2976.46,2989.56,91007.85
2026-01-22 13:00:00,2989.56,3009.0,2960.59,2971.34,268536.68
2026-01-22 14:00:00,2971.33,2980.89,2933.4,2939.62,467304.751
2026-01-22 15:00:00,2939.61,2966.71,2904.11,2940.72,611078.276
2026-01-22 16:00:00,2940.73,2957.55,2922.12,2944.53,251217.183
2026-01-22 17:00:00,2944.52,2962.76,2933.14,2960.26,127851.404
2026-01-22 18:00:00,2960.26,2971.84,2937.01,2938.26,135528.387
2026-01-22 19:00:00,2938.26,2962.0,2926.88,2952.56,113739.837
2026-01-22 20:00:00,2952.56,2956.55,2928.9,2937.6,104454.94
2026-01-22 21:00:00,2937.6,2950.21,2932.23,2944.73,59940.709
2026-01-22 22:00:00,2944.73,2958.0,2941.51,2950.3,54237.442
2026-01-22 23:00:00,2950.29,2954.58,2939.03,2951.21,47343.293
2026-01-23 00:00:00,2951.21,2956.06,2944.47,2952.17,43735.786
2026-01-23 01:00:00,2952.16,2968.74,2951.8,2967.56,62669.74
2026-01-23 02:00:00,2967.56,2971.1,2951.15,2951.42,55659.136
2026-01-23 03:00:00,2951.41,2964.19,2950.12,2963.17,35221.261
2026-01-23 04:00:00,2963.18,2983.62,2961.57,2976.3,111685.152
2026-01-23 05:00:00,2976.3,2976.78,2962.65,2966.97,62875.236
2026-01-23 06:00:00,2966.96,2974.39,2936.39,2938.76,182894.796
2026-01-23 07:00:00,2938.75,2950.0,2933.56,2946.84,100135.218
2026-01-23 08:00:00,2946.84,2949.81,2921.0,2926.29,155400.628
2026-01-23 09:00:00,2926.28,2933.81,2913.84,2920.01,132996.411
2026-01-23 10:00:00,2920.01,2933.61,2913.49,2929.85,87875.182
2026-01-23 11:00:00,2929.85,2946.34,2927.41,2939.52,84804.791
2026-01-23 12:00:00,2939.53,2939.53,2927.52,2933.39,62499.868
2026-01-23 13:00:00,2933.4,2942.93,2925.61,2929.51,82075.717
2026-01-23 14:00:00,2929.52,2940.96,2890.2,2914.64,399617.684
2026-01-23 15:00:00,2914.65,2965.0,2897.65,2951.08,358173.141
2026-01-23 16:00:00,2951.08,2979.34,2936.95,2966.35,329905.239
2026-01-23 17:00:00,2966.35,3020.45,2958.04,2986.02,403219.742
2026-01-23 18:00:00,2986.03,3006.51,2976.74,2987.18,165889.094
2026-01-23 19:00:00,2987.18,2987.19,2945.0,2958.24,216437.323
2026-01-23 20:00:00,2958.24,2962.64,2929.0,2938.87,162780.29
2026-01-23 21:00:00,2938.88,2951.98,2936.88,2942.62,47799.612
2026-01-23 22:00:00,2942.62,2961.03,2942.0,2958.75,51477.491
2026-01-23 23:00:00,2958.76,2958.76,2949.39,2955.08,25272.628
2026-01-24 00:00:00,2955.08,2958.06,2947.72,2949.44,31716.992
2026-01-24 01:00:00,2949.44,2958.37,2948.49,2954.99,34267.847
2026-01-24 02:00:00,2954.99,2961.2,2953.19,2958.13,24442.773
2026-01-24 03:00:00,2958.13,2968.75,2955.77,2961.1,56869.422
2026-01-24 04:00:00,2961.11,2965.21,2957.38,2961.63,27365.635
2026-01-24 05:00:00,2961.63,2964.14,2955.4,2959.67,30337.567
2026-01-24 06:00:00,2959.68,2962.72,2957.1,2960.06,19472.468
2026-01-24 07:00:00,2960.06,2960.8,2953.03,2956.0,28531.858
2026-01-24 08:00:00,2956.01,2962.16,2953.72,2961.75,20419.564
2026-01-24 09:00:00,2961.75,2963.61,2958.74,2959.29,16279.732
2026-01-24 10:00:00,2959.3,2961.09,2957.3,2960.41,13396.567
2026-01-24 11:00:00,2960.42,2963.42,2959.14,2959.93,22519.117
2026-01-24 12:00:00,2959.93,2963.58,2958.0,2961.48,25871.826
2026-01-24 13:00:00,2961.48,2962.46,2945.24,2947.17,43490.867
2026-01-24 14:00:00,2947.18,2958.56,2942.0,2957.99,87185.888
2026-01-24 15:00:00,2957.99,2966.93,2954.0,2955.55,62033.705
2026-01-24 16:00:00,2955.54,2960.13,2950.25,2957.42,53371.744
2026-01-24 17:00:00,2957.42,2965.0,2956.33,2962.97,36416.543
2026-01-24 18:00:00,2962.97,2967.3,2960.66,2962.06,24384.034
2026-01-24 19:00:00,2962.05,2962.83,2950.42,2952.77,33776.287
2026-01-24 20:00:00,2952.77,2957.94,2952.46,2955.03,15768.801
2026-01-24 21:00:00,2955.04,2956.81,2947.0,2956.8,31888.389
2026-01-24 22:00:00,2956.8,2963.0,2956.8,2961.6,19283.308
2026-01-24 23:00:00,2961.6,2963.02,2951.0,2952.09,23494.343
2026-01-25 00:00:00,2952.09,2957.64,2951.0,2957.63,19546.777
2026-01-25 01:00:00,2957.64,2959.27,2948.1,2953.77,32414.146
2026-01-25 02:00:00,2953.77,2957.06,2951.57,2952.05,18619.735
2026-01-25 03:00:00,2952.06,2953.0,2935.5,2941.54,92426.859
2026-01-25 04:00:00,2941.54,2948.15,2938.89,2944.01,43470.979
2026-01-25 05:00:00,2944.01,2947.65,2940.88,2946.04,25044.647
2026-01-25 06:00:00,2946.03,2947.0,2933.05,2942.86,68892.684
2026-01-25 07:00:00,2942.86,2942.86,2937.04,2938.43,22983.395
2026-01-25 08:00:00,2938.44,2943.97,2918.55,2927.89,120480.132
2026-01-25 09:00:00,2927.89,2938.73,2925.11,2934.55,51475.06
2026-01-25 10:00:00,2934.55,2947.0,2934.41,2943.73,54295.761
2026-01-25 11:00:00,2943.72,2945.23,2931.0,2936.16,56294.611
2026-01-25 12:00:00,2936.15,2944.08,2931.1,2941.11,57432.58
2026-01-25 13:00:00,2941.11,2944.05,2933.8,2940.28,44475.045
2026-01-25 14:00:00,2940.28,2941.4,2923.04,2931.3,114537.522
2026-01-25 15:00:00,2931.29,2934.81,2920.33,2925.54,51103.477
2026-01-25 16:00:00,2925.54,2926.35,2874.1,2895.46,582038.608
2026-01-25 17:00:00,2895.45,2897.23,2877.0,2883.04,123029.189
2026-01-25 18:00:00,2883.04,2887.72,2825.0,2846.01,650831.323
2026-01-25 19:00:00,2846.01,2852.01,2794.59,2810.9,522575.752
2026-01-25 20:00:00,2810.91,2821.77,2784.15,2807.76,321612.385
2026-01-25 21:00:00,2807.75,2823.81,2800.02,2817.19,217203.088
2026-01-25 22:00:00,2817.18,2817.59,2787.52,2805.78,158021.193
2026-01-25 23:00:00,2805.79,2820.0,2785.0,2815.49,190464.259
2026-01-26 00:00:00,2815.49,2846.2,2810.72,2840.58,306058.795
2026-01-26 01:00:00,2840.58,2898.02,2837.27,2881.4,491830.387
2026-01-26 02:00:00,2881.4,2884.32,2861.03,2864.65,181810.591
2026-01-26 03:00:00,2864.66,2871.51,2839.46,2849.69,159680.26
2026-01-26 04:00:00,2849.7,2874.99,2848.47,2864.91,133618.418
2026-01-26 05:00:00,2864.91,2871.89,2858.54,2868.14,64279.157
2026-01-26 06:00:00,2868.14,2891.0,2864.52,2890.9,227013.277
2026-01-26 07:00:00,2890.91,2911.0,2884.34,2902.99,263959.552
2026-01-26 08:00:00,2903.0,2935.0,2896.13,2911.24,358046.36
2026-01-26 09:00:00,2911.24,2912.49,2879.62,2884.38,180722.002
2026-01-26 10:00:00,2884.38,2900.0,2883.59,2894.85,84050.179
2026-01-26 11:00:00,2894.85,2899.0,2886.64,2890.92,71765.218
2026-01-26 12:00:00,2890.91,2914.98,2890.91,2901.29,130823.248
2026-01-26 13:00:00,2901.29,2909.99,2895.78,2908.3,80555.306
2026-01-26 14:00:00,2908.29,2933.0,2872.78,2921.4,597807.39
2026-01-26 15:00:00,2921.39,2950.0,2884.94,2898.12,518078.441
2026-01-26 16:00:00,2898.13,2916.84,2890.74,2900.36,233616.059
2026-01-26 17:00:00,2900.36,2914.96,2884.93,2908.36,212309.227
2026-01-26 18:00:00,2908.36,2931.87,2907.0,2931.0,266877.627
2026-01-26 19:00:00,2930.99,2935.1,2916.2,2921.94,134528.831
2026-01-26 20:00:00,2921.94,2928.04,2896.8,2900.17,115019.751
2026-01-26 21:00:00,2900.17,2945.6,2893.9,2927.97,206868.157
2026-01-26 22:00:00,2927.98,2936.0,2918.63,2925.96,86771.575
2026-01-26 23:00:00,2925.97,2944.17,2917.01,2928.9,106534.762
2026-01-27 00:00:00,2928.89,2929.87,2916.36,2919.37,66304.581
2026-01-27 01:00:00,2919.37,2938.71,2910.93,2931.21,105227.506
2026-01-27 02:00:00,2931.2,2946.48,2931.09,2944.2,89621.903
2026-01-27 03:00:00,2944.19,2948.0,2934.64,2939.68,67854.475
2026-01-27 04:00:00,2939.69,2958.0,2935.18,2939.42,153522.731
2026-01-27 05:00:00,2939.41,2940.99,2932.3,2938.25,58081.264
2026-01-27 06:00:00,2938.25,2941.48,2923.21,2928.08,63953.591
2026-01-27 07:00:00,2928.07,2936.32,2926.12,2927.94,48972.081
2026-01-27 08:00:00,2927.94,2931.46,2918.29,2922.21,73907.252
2026-01-27 09:00:00,2922.21,2922.22,2905.76,2906.66,118000.633
2026-01-27 10:00:00,2906.65,2914.51,2900.83,2902.53,89396.873
2026-01-27 11:00:00,2902.52,2921.45,2898.89,2915.89,90253.688
2026-01-27 12:00:00,2915.88,2926.87,2914.13,2917.15,84054.929
2026-01-27 13:00:00,2917.14,2918.3,2904.15,2911.36,86718.121
2026-01-27 14:00:00,2911.35,2944.26,2905.5,2917.31,298022.477
2026-01-27 15:00:00,2917.32,2940.8,2911.66,2936.17,202684.017
2026-01-27 16:00:00,2936.16,2997.64,2933.56,2989.59,553596.261
2026-01-27 17:00:00,2989.59,2993.89,2916.51,2928.89,498871.321
2026-01-27 18:00:00,2928.89,2989.0,2924.51,2977.1,270240.285
2026-01-27 19:00:00,2977.1,2991.46,2963.81,2979.46,165962.647
2026-01-27 20:00:00,2979.46,3027.65,2977.65,3019.79,325440.956
2026-01-27 21:00:00,3019.79,3029.9,3003.72,3014.46,161112.316
2026-01-27 22:00:00,3014.47,3022.85,3003.15,3018.01,82697.175
2026-01-27 23:00:00,3018.01,3034.99,3009.45,3024.92,138431.735
2026-01-28 00:00:00,3024.92,3028.5,3014.13,3023.0,80934.084
2026-01-28 01:00:00,3022.99,3025.69,3005.71,3016.74,73075.674
2026-01-28 02:00:00,3016.73,3017.14,3004.25,3009.52,54944.169
2026-01-28 03:00:00,3009.51,3011.1,2995.78,3003.79,84160.384
2026-01-28 04:00:00,3003.79,3005.51,2991.53,2998.3,73554.378
2026-01-28 05:00:00,2998.31,3007.82,2995.27,3003.03,55446.102
2026-01-28 06:00:00,3003.04,3018.09,3001.65,3013.24,95990.88
2026-01-28 07:00:00,3013.25,3014.35,3001.0,3004.06,45081.195
2026-01-28 08:00:00,3004.07,3005.67,2987.0,2989.42,93140.509
2026-01-28 09:00:00,2989.42,3016.46,2985.33,3016.25,126862.955
2026-01-28 10:00:00,3016.24,3038.86,3011.95,3024.78,187197.378
2026-01-28 11:00:00,3024.77,3045.0,3013.81,3038.41,174323.201
2026-01-28 12:00:00,3038.4,3039.26,3022.42,3029.79,164292.826
2026-01-28 13:00:00,3029.79,3044.39,3027.92,3033.51,114636.385
2026-01-28 14:00:00,3033.52,3033.55,3006.0,3011.6,220188.552
2026-01-28 15:00:00,3011.6,3019.64,2981.7,3006.25,276776.822
2026-01-28 16:00:00,3006.25,3016.92,2994.24,2998.41,116484.395
2026-01-28 17:00:00,2998.4,3030.78,2987.89,3013.36,183704.414
2026-01-28 18:00:00,3013.37,3023.2,2998.7,3013.82,154166.986
2026-01-28 19:00:00,3013.81,3023.33,2995.16,3015.25,241783.777
2026-01-28 20:00:00,3015.26,3038.1,3006.8,3010.67,167245.381
2026-01-28 21:00:00,3010.67,3022.2,2995.01,3020.14,103899.086
2026-01-28 22:00:00,3020.14,3026.3,3007.07,3017.19,46059.304
2026-01-28 23:00:00,3017.2,3021.89,3006.66,3009.36,41301.91
2026-01-29 00:00:00,3009.36,3012.04,2995.13,3007.85,68200.905
2026-01-29 01:00:00,3007.86,3010.44,2985.35,2991.29,100376.927
2026-01-29 02:00:00,2991.29,2998.0,2943.0,2958.01,325899.793
2026-01-29 03:00:00,2958.01,2971.43,2946.42,2951.4,188645.729
2026-01-29 04:00:00,2951.4,2959.51,2936.39,2958.19,136058.187
2026-01-29 05:00:00,2958.2,2964.36,2946.6,2950.08,74800.473
2026-01-29 06:00:00,2950.09,2958.38,2948.69,2954.83,47580.272
2026-01-29 07:00:00,2954.83,2963.54,2954.17,2960.11,50650.663
2026-01-29 08:00:00,2960.11,2969.0,2942.2,2951.36,159639.078
2026-01-29 09:00:00,2951.37,2954.05,2941.0,2941.18,67229.365
2026-01-29 10:00:00,2941.19,2948.0,2940.05,2943.49,49575.292
2026-01-29 11:00:00,2943.49,2944.21,2922.21,2928.08,232970.203
2026-01-29 12:00:00,2928.09,2937.69,2923.93,2934.99,85553.078
2026-01-29 13:00:00,2935.0,2938.0,2930.13,2934.58,49467.417
2026-01-29 14:00:00,2934.59,2935.46,2874.0,2874.79,448746.154
2026-01-29 15:00:00,2874.8,2876.0,2795.03,2822.65,1202883.56
2026-01-29 16:00:00,2822.66,2835.42,2800.01,2833.75,469591.423
2026-01-29 17:00:00,2833.76,2858.88,2817.52,2823.19,405572.482
2026-01-29 18:00:00,2823.18,2833.4,2752.5,2762.34,804751.222
2026-01-29 19:00:00,2762.35,2810.61,2756.31,2796.53,386539.703
2026-01-29 20:00:00,2796.53,2811.75,2788.0,2804.9,176017.201
2026-01-29 21:00:00,2804.91,2824.0,2804.24,2818.51,120677.313
2026-01-29 22:00:00,2818.52,2823.96,2809.13,2818.77,45128.53
2026-01-29 23:00:00,2818.77,2826.15,2811.06,2821.0,59951.037
2026-01-30 00:00:00,2821.0,2827.27,2800.67,2803.79,131999.672
2026-01-30 01:00:00,2803.79,2812.13,2673.33,2745.65,837580.159
2026-01-30 02:00:00,2745.65,2749.9,2696.61,2735.22,492377.733
2026-01-30 03:00:00,2735.22,2747.23,2732.72,2739.74,114166.362
2026-01-30 04:00:00,2739.74,2773.68,2736.56,2751.83,213407.651
2026-01-30 05:00:00,2751.84,2759.85,2745.46,2745.78,93721.9
2026-01-30 06:00:00,2745.78,2747.43,2695.03,2717.0,316939.182
2026-01-30 07:00:00,2717.0,2749.58,2716.33,2738.43,254971.924
2026-01-30 08:00:00,2738.43,2747.36,2721.01,2736.19,138264.26
2026-01-30 09:00:00,2736.2,2742.97,2708.0,2720.84,192256.657
2026-01-30 10:00:00,2720.84,2735.81,2710.17,2734.81,131222.386
2026-01-30 11:00:00,2734.81,2767.8,2733.22,2758.5,188991.524
2026-01-30 12:00:00,2758.49,2765.5,2736.42,2739.31,161328.43
2026-01-30 13:00:00,2739.31,2750.8,2718.0,2728.79,221922.077
2026-01-30 14:00:00,2728.78,2763.93,2722.32,2736.37,322804.768
2026-01-30 15:00:00,2736.38,2751.77,2689.0,2727.63,532240.404
2026-01-30 16:00:00,2727.63,2743.14,2703.97,2725.49,310985.208
2026-01-30 17:00:00,2725.5,2739.88,2704.73,2711.16,285451.06
2026-01-30 18:00:00,2711.16,2749.6,2634.63,2739.26,875387.111
2026-01-30 19:00:00,2739.26,2760.0,2733.08,2741.36,321059.07
2026-01-30 20:00:00,2741.36,2741.89,2662.47,2678.83,568762.198
2026-01-30 21:00:00,2678.82,2713.79,2675.6,2703.54,230451.674
2026-01-30 22:00:00,2703.56,2708.64,2691.38,2708.63,60342.793
2026-01-30 23:00:00,2708.63,2710.7,2692.68,2705.66,87171.705
2026-01-31 00:00:00,2705.66,2713.42,2701.16,2705.06,57757.259
2026-01-31 01:00:00,2705.05,2713.43,2697.46,2698.5,66522.878
2026-01-31 02:00:00,2698.51,2707.56,2683.01,2700.73,106455.074
2026-01-31 03:00:00,2700.73,2705.2,2693.5,2694.79,48786.408
2026-01-31 04:00:00,2694.79,2703.87,2692.05,2694.44,53205.032
2026-01-31 05:00:00,2694.44,2702.31,2689.24,2696.98,55730.811
2026-01-31 06:00:00,2696.98,2700.0,2682.64,2691.61,94416.667
2026-01-31 07:00:00,2691.6,2692.8,2665.0,2678.86,147624.009
2026-01-31 08:00:00,2678.86,2682.6,2605.41,2642.48,676755.096
2026-01-31 09:00:00,2642.48,2658.0,2632.0,2646.95,185200.528
2026-01-31 10:00:00,2646.95,2654.57,2634.3,2649.99,87480.475
2026-01-31 11:00:00,2649.99,2650.0,2632.5,2639.04,91075.17
2026-01-31 12:00:00,2639.04,2643.21,2626.35,2632.03,190239.569
2026-01-31 13:00:00,2632.04,2635.79,2616.51,2627.79,214140.085
2026-01-31 14:00:00,2627.78,2635.0,2507.47,2536.82,1396958.187
2026-01-31 15:00:00,2536.82,2554.57,2524.23,2532.61,371854.374
2026-01-31 16:00:00,2532.61,2549.98,2463.92,2480.8,876199.566
2026-01-31 17:00:00,2480.8,2494.33,2350.56,2401.44,1386014.45
2026-01-31 18:00:00,2401.43,2415.7,2202.4,2378.75,1558812.923
2026-01-31 19:00:00,2378.76,2431.75,2370.08,2381.56,780102.337
2026-01-31 20:00:00,2381.57,2409.99,2352.36,2380.84,354453.881
2026-01-31 21:00:00,2380.83,2423.0,2371.52,2418.04,314115.858
2026-01-31 22:00:00,2418.04,2423.53,2404.65,2417.95,114658.787
2026-01-31 23:00:00,2417.95,2473.2,2415.1,2450.38,368772.501
2026-02-01 00:00:00,2450.38,2474.98,2444.26,2450.8,197043.337
2026-02-01 01:00:00,2450.8,2454.34,2428.14,2443.3,187740.444
2026-02-01 02:00:00,2443.3,2460.69,2438.48,2451.14,95637.937
2026-02-01 03:00:00,2451.14,2455.36,2436.39,2444.17,84211.626
2026-02-01 04:00:00,2444.18,2453.53,2440.22,2447.05,74028.865
2026-02-01 05:00:00,2447.04,2448.39,2422.79,2429.6,147600.235
2026-02-01 06:00:00,2429.6,2439.12,2406.05,2417.52,170266.139
2026-02-01 07:00:00,2417.52,2439.99,2392.04,2409.99,327088.748
2026-02-01 08:00:00,2409.99,2427.21,2395.19,2411.71,244883.595
2026-02-01 09:00:00,2411.72,2436.99,2405.15,2431.0,125507.266
2026-02-01 10:00:00,2431.0,2437.95,2374.65,2379.61,355327.086
2026-02-01 11:00:00,2379.6,2423.66,2379.6,2410.65,243477.751
2026-02-01 12:00:00,2410.65,2411.31,2382.7,2394.8,175613.461
2026-02-01 13:00:00,2394.8,2409.59,2367.83,2380.01,204673.673
2026-02-01 14:00:00,2380.02,2388.19,2325.09,2371.69,718349.701
2026-02-01 15:00:00,2371.69,2371.89,2284.68,2314.57,856084.782
2026-02-01 16:00:00,2314.57,2331.71,2282.06,2302.8,496522.401
2026-02-01 17:00:00,2302.79,2320.57,2295.23,2313.08,273766.894
2026-02-01 18:00:00,2313.07,2378.09,2312.14,2349.95,464421.235
2026-02-01 19:00:00,2349.95,2356.2,2304.59,2319.29,251517.122
2026-02-01 20:00:00,2319.29,2348.21,2296.13,2315.08,292031.917
2026-02-01 21:00:00,2315.08,2318.33,2276.0,2289.18,275960.922
2026-02-01 22:00:00,2289.18,2334.13,2285.6,2317.8,261047.031
2026-02-01 23:00:00,2317.81,2320.57,2218.0,2269.04,961798.135
2026-02-02 00:00:00,2269.03,2322.71,2240.13,2291.44,451915.271
2026-02-02 01:00:00,2291.44,2316.76,2247.59,2289.43,442812.459
2026-02-02 02:00:00,2289.43,2299.01,2257.6,2260.53,303273.64
2026-02-02 03:00:00,2260.53,2266.0,2163.21,2237.41,1154853.182
2026-02-02 04:00:00,2237.4,2267.11,2205.51,2239.7,483850.379
2026-02-02 05:00:00,2239.71,2242.06,2183.07,2196.71,560993.612
2026-02-02 06:00:00,2196.7,2240.0,2156.0,2226.48,803510.998
2026-02-02 07:00:00,2226.48,2253.82,2215.2,2227.57,407258.749
2026-02-02 08:00:00,2227.56,2258.0,2227.56,2248.13,319001.107
2026-02-02 09:00:00,2248.14,2317.49,2236.43,2289.77,783431.387
2026-02-02 10:00:00,2289.77,2298.56,2272.31,2276.65,292716.473
2026-02-02 11:00:00,2276.66,2297.07,2272.38,2281.21,235333.6
2026-02-02 12:00:00,2281.2,2317.44,2280.78,2310.09,280061.754
2026-02-02 13:00:00,2310.09,2334.68,2300.72,2326.29,301962.565
2026-02-02 14:00:00,2326.29,2367.97,2295.98,2327.59,801160.649
2026-02-02 15:00:00,2327.59,2395.4,2317.09,2370.88,651611.996
2026-02-02 16:00:00,2370.87,2385.56,2347.78,2357.04,329928.937
2026-02-02 17:00:00,2357.05,2379.99,2342.09,2355.07,254674.94
2026-02-02 18:00:00,2355.07,2358.57,2332.15,2343.08,201716.297
2026-02-02 19:00:00,2343.07,2349.3,2326.0,2329.75,163747.424
2026-02-02 20:00:00,2329.75,2339.18,2311.47,2320.83,235532.516
2026-02-02 21:00:00,2320.83,2343.93,2318.0,2340.93,129101.523
2026-02-02 22:00:00,2340.93,2353.44,2334.3,2349.73,89450.749
2026-02-02 23:00:00,2349.74,2353.74,2338.1,2345.55,98644.377
2026-02-03 00:00:00,2345.56,2354.64,2323.49,2352.64,157985.676
2026-02-03 01:00:00,2352.64,2358.6,2336.18,2353.27,95054.396
2026-02-03 02:00:00,2353.27,2353.51,2295.56,2297.3,297264.113
2026-02-03 03:00:00,2297.32,2344.27,2282.01,2343.1,421701.032
2026-02-03 04:00:00,2343.1,2354.4,2332.24,2344.91,232812.54
2026-02-03 05:00:00,2344.9,2345.24,2313.71,2315.28,187938.886
2026-02-03 06:00:00,2315.28,2327.48,2296.45,2319.14,235486.378
2026-02-03 07:00:00,2319.14,2333.0,2311.22,2322.0,168654.398
2026-02-03 08:00:00,2322.0,2331.86,2307.78,2314.62,181074.936
2026-02-03 09:00:00,2314.62,2317.86,2259.77,2290.88,636754.9
2026-02-03 10:00:00,2290.87,2298.31,2275.0,2280.49,167375.052
2026-02-03 11:00:00,2280.5,2287.34,2269.29,2275.63,203095.069
2026-02-03 12:00:00,2275.63,2305.43,2271.01,2300.01,186056.572
2026-02-03 13:00:00,2300.0,2316.36,2295.17,2311.06,156617.416
2026-02-03 14:00:00,2311.07,2316.0,2254.0,2255.66,485036.553
2026-02-03 15:00:00,2255.66,2313.84,2250.66,2302.16,694180.392
2026-02-03 16:00:00,2302.16,2302.7,2234.16,2239.88,690078.215
2026-02-03 17:00:00,2239.87,2244.0,2191.23,2194.32,752795.761
2026-02-03 18:00:00,2194.32,2206.12,2103.4,2119.08,1512724.942
2026-02-03 19:00:00,2119.07,2218.64,2110.58,2204.33,1121475.401
2026-02-03 20:00:00,2204.33,2353.97,2186.69,2298.93,1088374.2
2026-02-03 21:00:00,2298.92,2339.07,2278.43,2283.21,392106.597
2026-02-03 22:00:00,2283.2,2285.57,2226.51,2234.81,403423.496
2026-02-03 23:00:00,2234.8,2247.44,2211.0,2232.23,380141.556
2026-02-04 00:00:00,2232.23,2255.55,2221.77,2239.74,191995.538
2026-02-04 01:00:00,2239.74,2280.5,2239.74,2267.21,245716.361
2026-02-04 02:00:00,2267.21,2275.43,2241.2,2250.62,165965.869
2026-02-04 03:00:00,2250.62,2295.0,2247.58,2282.23,230111.803
2026-02-04 04:00:00,2282.22,2289.07,2269.47,2272.72,102200.467
2026-02-04 05:00:00,2272.71,2279.56,2255.13,2264.38,142686.254
2026-02-04 06:00:00,2264.38,2283.46,2257.32,2276.5,158881.174
2026-02-04 07:00:00,2276.51,2294.38,2262.34,2282.93,217146.344
2026-02-04 08:00:00,2282.93,2285.29,2265.68,2278.8,127738.675
2026-02-04 09:00:00,2278.81,2278.98,2250.02,2259.89,187259.318
2026-02-04 10:00:00,2259.89,2263.77,2248.88,2259.61,101128.566
2026-02-04 11:00:00,2259.61,2267.79,2225.24,2253.73,486235.197
2026-02-04 12:00:00,2253.73,2262.2,2230.81,2243.11,218385.463
2026-02-04 13:00:00,2243.1,2245.11,2195.71,2197.32,493885.373
2026-02-04 14:00:00,2197.32,2225.62,2166.52,2170.61,1007116.239
2026-02-04 15:00:00,2170.61,2197.25,2135.0,2150.44,1026841.291
2026-02-04 16:00:00,2150.45,2159.69,2104.0,2134.13,1171367.177
2026-02-04 17:00:00,2134.12,2154.33,2091.55,2125.26,1036896.494
2026-02-04 18:00:00,2125.26,2185.7,2073.68,2147.24,1419828.071
2026-02-04 19:00:00,2147.25,2195.0,2132.19,2187.77,551744.113
2026-02-04 20:00:00,2187.76,2192.3,2160.79,2171.18,242713.521
2026-02-04 21:00:00,2171.18,2179.9,2107.05,2128.66,402332.471
2026-02-04 22:00:00,2128.65,2167.69,2086.0,2119.25,402019.598
2026-02-04 23:00:00,2119.25,2165.0,2114.09,2147.01,255269.239
2026-02-05 00:00:00,2147.01,2163.45,2135.66,2149.03,180322.787
2026-02-05 01:00:00,2149.03,2173.0,2121.89,2147.8,350247.538
2026-02-05 02:00:00,2147.79,2163.1,2111.73,2123.31,472734.073
2026-02-05 03:00:00,2123.31,2136.34,2096.82,2109.11,404837.714
2026-02-05 04:00:00,2109.12,2124.99,2077.78,2103.1,595810.471
2026-02-05 05:00:00,2103.11,2124.03,2076.26,2100.43,628685.577
2026-02-05 06:00:00,2100.44,2106.66,2061.22,2086.31,543816.864
2026-02-05 07:00:00,2086.31,2123.78,2084.39,2090.57,464278.71
2026-02-05 08:00:00,2090.56,2120.0,2090.11,2110.84,274222.562
2026-02-05 09:00:00,2110.85,2149.38,2110.02,2132.71,340631.177
2026-02-05 10:00:00,2132.72,2139.58,2084.6,2096.49,368462.279
2026-02-05 11:00:00,2096.49,2104.11,2060.0,2078.74,664308.656
2026-02-05 12:00:00,2078.72,2093.06,2039.14,2062.96,802012.32
2026-02-05 13:00:00,2062.95,2080.0,2048.0,2057.52,388071.793
2026-02-05 14:00:00,2057.52,2107.34,2041.33,2045.37,857229.163
2026-02-05 15:00:00,2045.37,2053.25,1925.41,1959.21,2486861.93
2026-02-05 16:00:00,1959.21,2017.49,1942.63,1997.34,935146.619
2026-02-05 17:00:00,1997.33,2000.72,1941.09,1953.53,754238.795
2026-02-05 18:00:00,1953.53,1967.93,1912.54,1948.76,801343.528
2026-02-05 19:00:00,1948.76,1952.09,1916.19,1927.24,406217.117
2026-02-05 20:00:00,1927.24,1941.99,1823.16,1868.38,1584330.872
2026-02-05 21:00:00,1868.37,1911.14,1838.0,1848.73,916530.23
2026-02-05 22:00:00,1848.74,1889.21,1813.44,1869.54,675945.166
2026-02-05 23:00:00,1869.52,1906.53,1818.05,1824.95,759174.8
2026-02-06 00:00:00,1824.94,1892.61,1736.02,1869.28,1929578.717
2026-02-06 01:00:00,1869.29,1939.69,1868.5,1930.79,898536.277
2026-02-06 02:00:00,1930.8,1947.5,1889.84,1906.7,640539.542
2026-02-06 03:00:00,1906.69,1916.8,1878.6,1891.17,336185.253
2026-02-06 04:00:00,1891.18,1917.47,1885.02,1907.9,236057.316
2026-02-06 05:00:00,1907.89,1974.83,1905.7,1957.62,466605.353
2026-02-06 06:00:00,1957.62,1966.08,1905.5,1907.55,455106.142
2026-02-06 07:00:00,1907.54,1914.43,1886.01,1898.21,466527.681
2026-02-06 08:00:00,1898.21,1906.23,1865.24,1873.78,521399.058
2026-02-06 09:00:00,1873.78,1928.84,1870.3,1918.44,524238.672
2026-02-06 10:00:00,1918.44,1937.46,1909.03,1926.27,356895.974
2026-02-06 11:00:00,1926.27,1939.8,1919.0,1931.76,237717.987
2026-02-06 12:00:00,1931.75,1931.75,1914.0,1920.01,233467.762
2026-02-06 13:00:00,1920.01,1961.84,1918.46,1949.3,522917.592
2026-02-06 14:00:00,1949.3,2001.86,1932.0,1978.2,866015.153
2026-02-06 15:00:00,1978.21,1996.4,1960.0,1979.49,570505.193
2026-02-06 16:00:00,1979.49,2047.25,1969.99,2034.94,888434.013
2026-02-06 17:00:00,2034.96,2090.0,2026.8,2066.53,789702.128
2026-02-06 18:00:00,2066.53,2070.0,2029.67,2044.21,615397.895
2026-02-06 19:00:00,2044.21,2072.0,2032.3,2065.15,323078.764
2026-02-06 20:00:00,2065.14,2095.1,2042.43,2053.19,421553.287
2026-02-06 21:00:00,2053.19,2061.45,2041.41,2053.45,166345.076
2026-02-06 22:00:00,2053.45,2086.05,2045.08,2074.06,275428.507
2026-02-06 23:00:00,2074.05,2087.7,2049.36,2062.54,249908.586
2026-02-07 00:00:00,2062.55,2063.74,2036.02,2043.09,238341.929
2026-02-07 01:00:00,2043.09,2065.9,2031.76,2060.69,177425.279
2026-02-07 02:00:00,2060.69,2064.5,2047.32,2058.46,106025.792
2026-02-07 03:00:00,2058.47,2085.52,2057.52,2079.62,236721.815
2026-02-07 04:00:00,2079.61,2118.87,2077.58,2086.14,430418.684
2026-02-07 05:00:00,2086.14,2103.1,2076.28,2082.74,183667.951
2026-02-07 06:00:00,2082.73,2092.7,2045.96,2046.54,291719.363
2026-02-07 07:00:00,2046.55,2054.86,1993.34,2026.09,852678.061
2026-02-07 08:00:00,2026.09,2031.53,2014.12,2018.32,235383.32
2026-02-07 09:00:00,2018.32,2029.4,2004.14,2013.64,195399.051
2026-02-07 10:00:00,2013.63,2019.35,1998.52,2009.7,178471.87
2026-02-07 11:00:00,2009.71,2021.9,2005.88,2017.52,123879.47
2026-02-07 12:00:00,2017.53,2075.61,2015.87,2040.6,587913.623
2026-02-07 13:00:00,2040.61,2050.0,2027.27,2040.76,216705.358
2026-02-07 14:00:00,2040.77,2048.75,2008.18,2019.4,269304.678
2026-02-07 15:00:00,2019.4,2063.12,2013.13,2051.49,297117.495
2026-02-07 16:00:00,2051.49,2125.0,2009.0,2049.07,3562323.006
2026-02-07 17:00:00,2049.07,2072.81,2031.66,2060.26,210680.107
2026-02-07 18:00:00,2060.26,2109.07,2057.87,2096.06,285651.084
2026-02-07 19:00:00,2096.06,2100.99,2082.41,2090.11,125192.3
2026-02-07 20:00:00,2090.1,2116.79,2083.52,2104.08,158441.074
2026-02-07 21:00:00,2104.09,2110.0,2096.49,2099.63,82919.261
2026-02-07 22:00:00,2099.62,2106.83,2086.51,2087.73,60908.233
2026-02-07 23:00:00,2087.73,2094.57,2072.0,2085.93,135147.697
2026-02-08 00:00:00,2085.94,2093.62,2075.55,2083.27,102497.18
2026-02-08 01:00:00,2083.28,2096.67,2080.98,2095.01,96811.639
2026-02-08 02:00:00,2095.02,2106.0,2080.59,2087.97,126378.865
2026-02-08 03:00:00,2087.97,2092.4,2075.56,2077.86,95990.642
2026-02-08 04:00:00,2077.87,2087.69,2065.28,2086.45,149807.654
2026-02-08 05:00:00,2086.45,2087.48,2077.48,2083.55,69825.132
2026-02-08 06:00:00,2083.55,2087.96,2075.89,2078.34,69028.363
2026-02-08 07:00:00,2078.33,2083.8,2067.16,2083.48,139258.242
2026-02-08 08:00:00,2083.49,2124.0,2077.01,2115.24,337595.458
2026-02-08 09:00:00,2115.24,2122.84,2094.25,2099.56,207996.189
2026-02-08 10:00:00,2099.55,2113.33,2082.0,2095.0,204418.022
2026-02-08 11:00:00,2094.99,2137.0,2093.2,2130.98,353485.821
2026-02-08 12:00:00,2130.98,2144.35,2124.32,2130.01,312204.649
2026-02-08 13:00:00,2130.01,2141.0,2116.53,2125.37,304651.686
2026-02-08 14:00:00,2125.37,2128.43,2115.07,2127.73,117127.566
2026-02-08 15:00:00,2127.73,2129.95,2096.0,2107.31,278905.114
2026-02-08 16:00:00,2107.3,2115.0,2070.91,2079.82,281888.94
2026-02-08 17:00:00,2079.82,2098.19,2078.99,2091.09,153816.1
2026-02-08 18:00:00,2091.09,2121.0,2089.55,2108.0,181667.05
2026-02-08 19:00:00,2108.01,2128.88,2106.25,2125.76,104731.343
2026-02-08 20:00:00,2125.78,2126.24,2098.38,2103.49,105126.139
2026-02-08 21:00:00,2103.49,2114.26,2088.38,2092.58,122277.824
2026-02-08 22:00:00,2092.59,2112.0,2092.41,2107.43,85752.623
2026-02-08 23:00:00,2107.43,2152.0,2070.46,2088.6,553937.038
2026-02-09 00:00:00,2088.59,2096.46,2075.03,2083.16,161365.338
2026-02-09 01:00:00,2083.15,2100.53,2052.92,2069.84,386544.19
2026-02-09 02:00:00,2069.84,2094.92,2064.31,2080.44,175467.149
2026-02-09 03:00:00,2080.44,2102.42,2080.11,2099.01,142328.318
2026-02-09 04:00:00,2099.01,2100.88,2085.28,2089.36,94414.626
2026-02-09 05:00:00,2089.36,2096.47,2082.43,2094.54,81999.802
2026-02-09 06:00:00,2094.53,2094.54,2071.03,2080.37,171634.948
2026-02-09 07:00:00,2080.36,2086.64,2063.28,2064.42,154334.417
2026-02-09 08:00:00,2064.42,2069.2,2033.17,2048.84,380633.943
2026-02-09 09:00:00,2048.84,2056.81,2033.41,2041.34,178552.408
2026-02-09 10:00:00,2041.34,2046.48,2012.0,2021.73,360183.918
2026-02-09 11:00:00,2021.74,2035.88,2019.64,2027.43,209477.045
2026-02-09 12:00:00,2027.44,2038.5,2026.24,2034.59,134698.044
2026-02-09 13:00:00,2034.6,2049.93,2021.52,2021.69,232163.81
2026-02-09 14:00:00,2021.68,2049.02,2008.0,2042.39,528453.689
2026-02-09 15:00:00,2042.4,2072.92,2031.29,2060.27,522592.348
2026-02-09 16:00:00,2060.28,2109.16,2046.41,2090.26,445397.937
2026-02-09 17:00:00,2090.27,2136.73,2076.95,2126.62,436924.17
2026-02-09 18:00:00,2126.61,2142.82,2108.01,2130.12,356099.715
2026-02-09 19:00:00,2130.11,2138.0,2118.34,2130.56,169000.05
2026-02-09 20:00:00,2130.55,2148.0,2117.01,2123.68,212522.64
2026-02-09 21:00:00,2123.68,2130.0,2086.87,2121.22,328571.019
2026-02-09 22:00:00,2121.23,2125.24,2110.32,2114.07,128868.119
2026-02-09 23:00:00,2114.07,2121.82,2100.01,2103.96,120161.738
2026-02-10 00:00:00,2103.96,2111.78,2095.27,2095.72,93667.221
2026-02-10 01:00:00,2095.73,2123.7,2095.21,2116.3,129915.468
2026-02-10 02:00:00,2116.3,2120.99,2101.16,2107.08,83537.377
2026-02-10 03:00:00,2107.09,2109.93,2049.64,2063.7,490086.379
2026-02-10 04:00:00,2063.71,2073.32,2061.31,2069.54,186761.753
2026-02-10 05:00:00,2069.54,2071.0,2043.08,2051.7,212728.948
2026-02-10 06:00:00,2051.7,2056.6,1996.06,2007.65,748546.806
2026-02-10 07:00:00,2007.66,2018.61,1996.48,2006.05,302139.509
2026-02-10 08:00:00,2006.06,2016.91,1993.35,2013.42,322666.752
2026-02-10 09:00:00,2013.41,2029.0,2008.48,2015.75,223140.202
2026-02-10 10:00:00,2015.75,2020.97,2008.24,2012.72,101839.469
2026-02-10 11:00:00,2012.73,2021.2,1999.78,2001.87,207218.893
2026-02-10 12:00:00,2001.87,2016.12,2001.1,2006.61,158091.089
2026-02-10 13:00:00,2006.6,2026.81,1993.1,2020.94,266336.04
2026-02-10 14:00:00,2020.94,2038.72,1983.77,2008.31,613208.291
2026-02-10 15:00:00,2008.31,2028.99,2002.11,2021.32,359532.875
2026-02-10 16:00:00,2021.32,2037.43,2010.56,2024.88,263583.601
2026-02-10 17:00:00,2024.87,2046.1,2018.42,2038.87,190564.47
2026-02-10 18:00:00,2038.88,2041.61,1994.11,2008.28,294097.126
2026-02-10 19:00:00,2008.27,2024.94,2001.85,2016.82,126438.118
2026-02-10 20:00:00,2016.82,2020.59,2003.51,2010.35,112289.97
2026-02-10 21:00:00,2010.36,2016.88,1995.57,2007.27,106580.005
2026-02-10 22:00:00,2007.27,2019.71,2006.0,2016.76,69204.313
2026-02-10 23:00:00,2016.76,2021.72,2011.43,2021.51,57365.051
2026-02-11 00:00:00,2021.51,2028.8,2018.0,2023.98,81891.768
2026-02-11 01:00:00,2023.99,2030.0,2015.0,2023.17,85860.197
2026-02-11 02:00:00,2023.16,2031.0,2013.16,2016.53,94258.983
2026-02-11 03:00:00,2016.52,2020.93,1996.0,2008.41,211205.315
2026-02-11 04:00:00,2008.4,2010.28,1961.97,1970.63,526278.824
2026-02-11 05:00:00,1970.63,1981.11,1970.25,1973.3,142222.233
2026-02-11 06:00:00,1973.31,1976.49,1937.0,1947.78,589419.699
2026-02-11 07:00:00,1947.78,1957.31,1943.8,1949.56,187291.62
2026-02-11 08:00:00,1949.55,1952.37,1934.11,1948.76,217666.475
2026-02-11 09:00:00,1948.77,1952.95,1941.88,1945.63,107186.379
2026-02-11 10:00:00,1945.63,1945.64,1930.39,1938.27,209230.728
2026-02-11 11:00:00,1938.26,1955.99,1936.0,1952.33,177033.96
2026-02-11 12:00:00,1952.32,1966.73,1946.95,1951.21,225573.647
2026-02-11 13:00:00,1951.21,1969.0,1941.12,1959.43,347530.831
2026-02-11 14:00:00,1959.43,2015.43,1936.17,1942.31,1052096.443
2026-02-11 15:00:00,1942.31,1949.5,1901.22,1928.05,781041.902
2026-02-11 16:00:00,1928.04,1955.44,1908.48,1914.44,493062.424
2026-02-11 17:00:00,1914.43,1941.86,1907.53,1928.92,337217.468
2026-02-11 18:00:00,1928.93,1947.86,1914.42,1943.3,246636.136
2026-02-11 19:00:00,1943.3,1959.0,1937.01,1951.26,222810.379
2026-02-11 20:00:00,1951.26,1957.91,1938.96,1953.26,130894.25
2026-02-11 21:00:00,1953.25,1987.47,1949.92,1969.39,254926.876
2026-02-11 22:00:00,1969.39,1972.43,1946.89,1950.29,127111.663
2026-02-11 23:00:00,1950.29,1956.19,1929.62,1940.07,153268.407
2026-02-12 00:00:00,1940.07,1962.47,1940.07,1957.67,127385.348
2026-02-12 01:00:00,1957.67,1977.0,1957.67,1964.67,147128.935
2026-02-12 02:00:00,1964.67,1970.85,1954.68,1957.82,126629.215
2026-02-12 03:00:00,1957.83,1968.34,1956.1,1967.75,69558.97
2026-02-12 04:00:00,1967.74,1974.65,1958.97,1964.78,160859.549
2026-02-12 05:00:00,1964.77,1971.29,1952.24,1969.8,142636.48
2026-02-12 06:00:00,1969.79,1982.36,1964.8,1974.18,139952.204
2026-02-12 07:00:00,1974.18,1977.34,1965.15,1966.97,91726.636
2026-02-12 08:00:00,1966.97,1973.0,1956.19,1964.59,151558.159
2026-02-12 09:00:00,1964.6,1990.0,1962.31,1981.31,222423.736
2026-02-12 10:00:00,1981.31,1994.69,1976.51,1993.04,200490.146
2026-02-12 11:00:00,1993.04,2000.9,1982.6,1987.88,206559.357
2026-02-12 12:00:00,1987.87,1989.97,1973.53,1979.84,173786.49
2026-02-12 13:00:00,1979.85,1995.53,1974.36,1993.96,168352.331
2026-02-12 14:00:00,1993.95,1995.25,1972.06,1977.64,263017.923
2026-02-12 15:00:00,1977.64,1984.27,1943.44,1947.47,525626.432
2026-02-12 16:00:00,1947.47,1949.0,1893.77,1907.82,974019.849
2026-02-12 17:00:00,1907.82,1926.68,1901.08,1909.08,368721.672
2026-02-12 18:00:00,1909.09,1923.8,1900.23,1917.49,276839.351
2026-02-12 19:00:00,1917.5,1940.27,1909.67,1924.36,223357.561
2026-02-12 20:00:00,1924.36,1930.95,1908.29,1914.58,135375.212
2026-02-12 21:00:00,1914.58,1926.81,1913.15,1922.26,70439.348
2026-02-12 22:00:00,1922.26,1944.82,1919.03,1941.94,130706.716
2026-02-12 23:00:00,1941.93,1952.27,1938.12,1947.15,152300.531
2026-02-13 00:00:00,1947.15,1954.0,1926.72,1932.22,164201.256
2026-02-13 01:00:00,1932.23,1949.47,1932.23,1942.8,102917.352
2026-02-13 02:00:00,1942.81,1951.26,1940.08,1947.25,94916.607
2026-02-13 03:00:00,1947.26,1957.94,1943.3,1952.49,108122.668
2026-02-13 04:00:00,1952.49,1954.76,1941.97,1943.72,104298.96
2026-02-13 05:00:00,1943.73,1945.99,1931.51,1932.99,120606.659
2026-02-13 06:00:00,1932.99,1938.32,1923.29,1935.65,136813.906
2026-02-13 07:00:00,1935.64,1947.86,1931.64,1934.88,162651.629
2026-02-13 08:00:00,1934.89,1964.5,1932.88,1958.31,185264.487
2026-02-13 09:00:00,1958.32,1966.8,1952.07,1961.18,156169.059
2026-02-13 10:00:00,1961.18,1968.49,1955.57,1958.6,133442.477
2026-02-13 11:00:00,1958.61,1961.5,1943.79,1959.25,148703.47
2026-02-13 12:00:00,1959.26,1964.02,1951.59,1960.01,92599.629
2026-02-13 13:00:00,1960.0,1980.33,1954.89,1969.66,306803.009
2026-02-13 14:00:00,1969.65,2002.0,1962.21,1989.99,539639.374
2026-02-13 15:00:00,1989.99,2049.99,1986.08,2033.71,876551.092
2026-02-13 16:00:00,2033.78,2073.0,2030.13,2060.59,522858.273
2026-02-13 17:00:00,2060.58,2067.0,2048.09,2058.36,198150.577
2026-02-13 18:00:00,2058.36,2063.93,2049.44,2056.5,156177.259
2026-02-13 19:00:00,2056.5,2060.78,2050.82,2056.82,104869.384
2026-02-13 20:00:00,2056.82,2058.79,2036.76,2044.55,150494.046
2026-02-13 21:00:00,2044.55,2057.77,2043.75,2052.92,67864.571
2026-02-13 22:00:00,2052.92,2058.75,2042.97,2053.37,76905.53
2026-02-13 23:00:00,2053.37,2053.38,2045.4,2047.6,45903.666
2026-02-14 00:00:00,2047.6,2055.35,2041.0,2054.07,73265.394
2026-02-14 01:00:00,2054.06,2056.91,2049.49,2053.37,44450.947
2026-02-14 02:00:00,2053.37,2053.63,2047.09,2049.46,47812.573
2026-02-14 03:00:00,2049.46,2055.11,2047.39,2053.39,35424.799
2026-02-14 04:00:00,2053.4,2057.4,2051.52,2052.55,40357.855
2026-02-14 05:00:00,2052.55,2055.0,2049.59,2050.09,43899.703
2026-02-14 06:00:00,2050.1,2053.72,2047.2,2052.61,42909.812
2026-02-14 07:00:00,2052.61,2059.99,2049.44,2056.1,63409.338
2026-02-14 08:00:00,2056.09,2091.82,2055.9,2081.07,323783.453
2026-02-14 09:00:00,2081.07,2087.89,2074.42,2077.26,125968.105
2026-02-14 10:00:00,2077.26,2077.26,2071.32,2076.06,55619.12
2026-02-14 11:00:00,2076.06,2107.02,2076.0,2098.22,279992.512
2026-02-14 12:00:00,2098.22,2099.23,2066.75,2070.0,276597.918
2026-02-14 13:00:00,2070.0,2075.76,2063.16,2070.7,179141.333
2026-02-14 14:00:00,2070.69,2087.82,2068.05,2084.01,130051.158
2026-02-14 15:00:00,2084.0,2092.99,2079.2,2086.38,118771.737
2026-02-14 16:00:00,2086.38,2087.0,2066.48,2081.81,186435.316
2026-02-14 17:00:00,2081.8,2088.5,2076.24,2079.26,89530.383
2026-02-14 18:00:00,2079.27,2085.86,2077.85,2084.41,46564.328
2026-02-14 19:00:00,2084.42,2089.61,2077.08,2087.31,62256.205
2026-02-14 20:00:00,2087.31,2091.99,2080.01,2088.56,56033.359
2026-02-14 21:00:00,2088.56,2098.94,2077.29,2084.79,123293.161
2026-02-14 22:00:00,2084.8,2093.92,2082.34,2089.34,44651.623
2026-02-14 23:00:00,2089.35,2092.0,2082.48,2085.43,61589.686
2026-02-15 00:00:00,2085.43,2089.0,2071.6,2079.03,105682.809
2026-02-15 01:00:00,2079.03,2084.0,2051.65,2062.9,232726.486
2026-02-15 02:00:00,2062.9,2071.7,2041.78,2058.7,187759.032
2026-02-15 03:00:00,2058.7,2062.52,2034.35,2058.09,312841.738
2026-02-15 04:00:00,2058.08,2087.08,2058.08,2075.72,284675.263
2026-02-15 05:00:00,2075.71,2095.94,2074.23,2087.64,129355.223
2026-02-15 06:00:00,2087.65,2093.99,2081.55,2084.92,86387.035
2026-02-15 07:00:00,2084.93,2102.73,2081.92,2090.58,166593.445
2026-02-15 08:00:00,2090.58,2096.0,2053.46,2068.0,256902.874
2026-02-15 09:00:00,2068.0,2078.82,2065.06,2067.81,110086.09
2026-02-15 10:00:00,2067.81,2069.31,2052.52,2060.56,128212.43
2026-02-15 11:00:00,2060.57,2065.91,2057.46,2060.97,55347.429
2026-02-15 12:00:00,2060.98,2067.8,2009.21,2009.78,384188.651
2026-02-15 13:00:00,2009.78,2027.93,1992.0,2001.2,567323.62
2026-02-15 14:00:00,2001.2,2011.93,1992.0,2009.24,226956.168
2026-02-15 15:00:00,2009.23,2014.15,2000.63,2010.25,125553.727
2026-02-15 16:00:00,2010.25,2010.33,1993.0,2005.36,154346.103
2026-02-15 17:00:00,2005.36,2008.29,1945.26,1970.13,439340.653
2026-02-15 18:00:00,1970.13,1980.81,1952.66,1958.51,306296.992
2026-02-15 19:00:00,1958.5,1961.1,1926.83,1941.17,420140.761
2026-02-15 20:00:00,1941.18,1958.1,1933.29,1949.1,186645.5
2026-02-15 21:00:00,1949.1,1966.27,1948.81,1957.16,127239.781
2026-02-15 22:00:00,1957.17,1973.5,1955.41,1969.41,97638.179
2026-02-15 23:00:00,1969.4,1969.91,1942.74,1965.47,170848.693
2026-02-16 00:00:00,1965.48,1978.0,1962.0,1968.31,141378.99
2026-02-16 01:00:00,1968.31,1980.64,1955.76,1961.96,146144.711
2026-02-16 02:00:00,1961.96,1965.9,1951.0,1956.07,96434.283
2026-02-16 03:00:00,1956.08,1958.91,1947.24,1957.72,113559.416
2026-02-16 04:00:00,1957.73,1972.2,1957.5,1971.94,106953.603
2026-02-16 05:00:00,1971.95,1973.4,1951.59,1956.93,95315.947
2026-02-16 06:00:00,1956.93,1966.63,1954.65,1965.73,63275.089
2026-02-16 07:00:00,1965.73,1977.66,1963.12,1970.12,132800.442
2026-02-16 08:00:00,1970.12,1977.63,1968.7,1976.11,75153.793
2026-02-16 09:00:00,1976.1,1992.23,1975.1,1986.51,211514.758
2026-02-16 10:00:00,1986.51,1988.0,1975.58,1977.98,89916.509
2026-02-16 11:00:00,1977.98,1984.53,1956.05,1975.15,256981.863
2026-02-16 12:00:00,1975.15,2009.18,1971.21,2005.59,331206.912
2026-02-16 13:00:00,2005.59,2023.3,1960.0,1966.77,660881.495
2026-02-16 14:00:00,1966.76,1982.35,1953.04,1971.93,249961.254
2026-02-16 15:00:00,1971.92,1985.75,1935.39,1955.63,428243.688
2026-02-16 16:00:00,1955.63,1979.21,1955.13,1972.73,254742.848
2026-02-16 17:00:00,1972.73,1988.0,1963.25,1978.02,179414.938
2026-02-16 18:00:00,1978.01,1984.96,1966.08,1968.14,98305.75
2026-02-16 19:00:00,1968.14,1979.18,1965.14,1973.37,61504.25
2026-02-16 20:00:00,1973.37,1994.51,1970.1,1992.29,109584.644
2026-02-16 21:00:00,1992.3,2003.29,1985.51,1998.19,114145.835
2026-02-16 22:00:00,1998.2,2002.32,1982.9,1989.14,126567.776
2026-02-16 23:00:00,1989.13,2001.69,1987.7,1997.35,78494.847
2026-02-17 00:00:00,1997.36,2006.39,1992.38,1997.57,87091.789
2026-02-17 01:00:00,1997.57,2007.91,1989.97,1990.69,93563.335
2026-02-17 02:00:00,1990.7,2008.64,1977.31,1997.8,177205.938
2026-02-17 03:00:00,1997.8,1998.58,1983.5,1984.89,95535.126
2026-02-17 04:00:00,1984.89,1997.99,1981.0,1988.6,95410.15
2026-02-17 05:00:00,1988.6,1990.61,1963.5,1974.6,175992.316
2026-02-17 06:00:00,1974.6,1983.99,1974.31,1979.93,68841.965
2026-02-17 07:00:00,1979.93,1987.45,1972.29,1984.85,88285.404
2026-02-17 08:00:00,1984.84,1989.92,1972.3,1975.82,133516.693
2026-02-17 09:00:00,1975.83,1979.13,1968.39,1974.81,97866.56
2026-02-17 10:00:00,1974.81,1976.52,1960.19,1965.93,106829.626
2026-02-17 11:00:00,1965.93,1971.74,1962.75,1967.58,78570.985
2026-02-17 12:00:00,1967.58,1976.2,1965.75,1968.8,98021.344
2026-02-17 13:00:00,1968.8,1999.9,1963.38,1989.6,252503.724
2026-02-17 14:00:00,1989.6,2003.43,1942.43,1947.55,633796.657
2026-02-17 15:00:00,1947.55,1968.94,1940.01,1967.63,443010.126
2026-02-17 16:00:00,1967.64,2009.89,1966.74,1979.45,534772.759
2026-02-17 17:00:00,1979.45,1983.26,1952.61,1965.09,308297.263
2026-02-17 18:00:00,1965.08,2007.04,1960.44,1997.97,310775.686
2026-02-17 19:00:00,1997.97,2014.91,1993.92,1997.3,230131.14
2026-02-17 20:00:00,1997.31,2000.66,1985.59,1993.66,132402.497
2026-02-17 21:00:00,1993.66,2002.11,1991.23,1998.68,57871.632
2026-02-17 22:00:00,1998.69,2003.25,1991.56,1992.9,55980.404
2026-02-17 23:00:00,1992.9,1997.44,1988.23,1990.68,58990.543
2026-02-18 00:00:00,1990.68,1997.0,1980.13,1980.39,90462.267
2026-02-18 01:00:00,1980.39,1983.14,1967.27,1976.9,150484.845
2026-02-18 02:00:00,1976.9,1991.91,1976.3,1986.38,94214.019
2026-02-18 03:00:00,1986.38,1999.64,1985.41,1995.85,83267.328
2026-02-18 04:00:00,1995.85,2001.69,1992.13,1998.21,81647.396
2026-02-18 05:00:00,1998.22,2001.96,1994.98,1995.29,64421.804
2026-02-18 06:00:00,1995.29,2007.98,1994.39,2001.12,89154.593
2026-02-18 07:00:00,2001.11,2022.0,1995.56,2017.19,228606.808
2026-02-18 08:00:00,2017.2,2038.27,2016.1,2019.59,303480.394
2026-02-18 09:00:00,2019.6,2021.99,2014.56,2015.66,98253.609
2026-02-18 10:00:00,2015.65,2017.24,1994.03,1996.3,200087.842
2026-02-18 11:00:00,1996.3,1997.41,1975.2,1980.19,315512.915
2026-02-18 12:00:00,1980.19,1988.26,1970.28,1981.49,182415.709
2026-02-18 13:00:00,1981.48,1991.1,1959.59,1969.48,300696.498
2026-02-18 14:00:00,1969.48,1976.43,1953.2,1973.64,396703.124
2026-02-18 15:00:00,1973.65,2009.8,1972.5,1984.56,532571.714
2026-02-18 16:00:00,1984.56,1984.87,1964.0,1970.76,364722.494
2026-02-18 17:00:00,1970.77,1986.99,1969.84,1973.46,132138.576
2026-02-18 18:00:00,1973.46,1976.83,1946.9,1951.37,371802.576
2026-02-18 19:00:00,1951.37,1960.61,1921.64,1939.82,454204.471
2026-02-18 20:00:00,1939.83,1951.71,1934.11,1938.4,200316.693
2026-02-18 21:00:00,1938.4,1947.34,1934.42,1940.71,89447.126
2026-02-18 22:00:00,1940.72,1949.4,1938.5,1947.29,50267.647
2026-02-18 23:00:00,1947.28,1955.59,1943.35,1954.77,72313.03
2026-02-19 00:00:00,1954.77,1960.51,1949.1,1955.33,67760.785
2026-02-19 01:00:00,1955.33,1973.57,1955.08,1965.99,123457.304
2026-02-19 02:00:00,1966.0,1972.18,1961.51,1966.98,92250.383
2026-02-19 03:00:00,1966.98,1972.34,1961.89,1971.19,60845.272
2026-02-19 04:00:00,1971.2,1979.41,1967.87,1968.5,104410.503
2026-02-19 05:00:00,1968.51,1971.81,1963.0,1969.39,72937.018
2026-02-19 06:00:00,1969.38,1984.42,1969.0,1982.12,130323.489
2026-02-19 07:00:00,1982.13,1986.91,1978.11,1980.82,93416.342
2026-02-19 08:00:00,1980.82,1981.79,1965.24,1969.5,152494.251
2026-02-19 09:00:00,1969.5,1979.62,1960.64,1962.94,146983.506
2026-02-19 10:00:00,1962.94,1967.73,1956.31,1958.81,124696.704
2026-02-19 11:00:00,1958.8,1963.59,1946.11,1948.7,148006.264
2026-02-19 12:00:00,1948.71,1955.2,1943.93,1946.66,168293.458
2026-02-19 13:00:00,1946.67,1947.5,1910.0,1920.21,520294.648
2026-02-19 14:00:00,1920.21,1947.95,1910.39,1935.82,483687.946
2026-02-19 15:00:00,1935.83,1946.51,1911.9,1925.2,451440.053
2026-02-19 16:00:00,1925.21,1929.0,1905.5,1920.95,261224.716
2026-02-19 17:00:00,1920.96,1943.47,1909.43,1919.59,306845.475
2026-02-19 18:00:00,1919.59,1944.28,1915.0,1938.78,211081.025
2026-02-19 19:00:00,1938.79,1946.75,1926.66,1940.14,142885.586
2026-02-19 20:00:00,1940.13,1953.0,1933.68,1949.12,118615.452
2026-02-19 21:00:00,1949.18,1951.56,1944.54,1947.73,69229.131
2026-02-19 22:00:00,1947.73,1948.15,1935.72,1942.97,63844.373
2026-02-19 23:00:00,1942.98,1950.43,1941.24,1948.15,54299.519
2026-02-20 00:00:00,1948.15,1963.56,1946.25,1956.64,145125.717
2026-02-20 01:00:00,1956.65,1960.69,1948.77,1952.85,83253.34
2026-02-20 02:00:00,1952.86,1955.81,1947.05,1948.62,76426.816
2026-02-20 03:00:00,1948.63,1959.7,1948.62,1954.06,67197.594
2026-02-20 04:00:00,1954.06,1955.26,1928.52,1938.12,295566.792
2026-02-20 05:00:00,1938.11,1964.84,1934.95,1954.33,217536.56
2026-02-20 06:00:00,1954.34,1959.59,1948.31,1957.51,92748.88
2026-02-20 07:00:00,1957.5,1967.96,1955.81,1959.65,116397.579
2026-02-20 08:00:00,1959.65,1965.56,1955.68,1958.82,86980.04
2026-02-20 09:00:00,1958.82,1971.17,1958.61,1966.82,135198.563
2026-02-20 10:00:00,1966.81,1972.99,1955.01,1956.5,142474.508
2026-02-20 11:00:00,1956.51,1956.51,1939.24,1942.76,217656.222
2026-02-20 12:00:00,1942.76,1951.47,1941.18,1948.73,116999.639
2026-02-20 13:00:00,1948.74,1948.74,1921.53,1932.85,352804.002
2026-02-20 14:00:00,1932.86,1953.8,1931.83,1942.64,282627.729
2026-02-20 15:00:00,1942.63,1980.27,1934.56,1963.05,776878.68
2026-02-20 16:00:00,1963.05,1972.87,1952.75,1967.71,306131.29
2026-02-20 17:00:00,1967.71,1970.26,1937.6,1965.6,395684.497
2026-02-20 18:00:00,1965.6,1980.73,1958.0,1974.49,336066.82
2026-02-20 19:00:00,1974.49,1977.43,1960.41,1962.88,118172.266
2026-02-20 20:00:00,1962.89,1970.34,1960.71,1969.91,53530.488
2026-02-20 21:00:00,1969.9,1974.43,1966.23,1973.44,78397.401
2026-02-20 22:00:00,1973.44,1973.44,1963.11,1970.22,61332.874
2026-02-20 23:00:00,1970.21,1972.79,1962.39,1967.85,59509.056
2026-02-21 00:00:00,1967.85,1968.43,1960.2,1962.29,48962.377
2026-02-21 01:00:00,1962.3,1968.35,1962.08,1965.36,37222.52
2026-02-21 02:00:00,1965.37,1969.99,1963.8,1964.75,33932.874
2026-02-21 03:00:00,1964.76,1965.25,1955.07,1958.29,75328.383
2026-02-21 04:00:00,1958.3,1962.72,1955.17,1961.55,37177.434
2026-02-21 05:00:00,1961.56,1963.73,1960.38,1962.01,25669.856
2026-02-21 06:00:00,1962.01,1965.46,1959.32,1960.5,48919.729
2026-02-21 07:00:00,1960.5,1964.4,1959.0,1962.0,27494.042
2026-02-21 08:00:00,1962.0,1970.67,1961.26,1968.11,63724.752
2026-02-21 09:00:00,1968.12,1977.0,1966.26,1969.39,135007.766
2026-02-21 10:00:00,1969.38,1974.08,1969.17,1973.29,48750.699
2026-02-21 11:00:00,1973.29,1988.2,1972.85,1976.25,233316.836
2026-02-21 12:00:00,1976.24,1977.25,1968.31,1975.1,114659.171
2026-02-21 13:00:00,1975.11,1980.68,1971.41,1980.22,55370.74
2026-02-21 14:00:00,1980.21,1996.64,1976.8,1986.62,233445.308
2026-02-21 15:00:00,1986.62,1992.39,1983.03,1987.04,95019.352
2026-02-21 16:00:00,1987.04,1989.12,1975.31,1985.45,186204.868
2026-02-21 17:00:00,1985.45,1991.91,1983.32,1987.96,54351.055
2026-02-21 18:00:00,1987.95,1994.59,1986.75,1991.23,67418.112
2026-02-21 19:00:00,1991.23,1994.17,1986.9,1987.48,33799.008
2026-02-21 20:00:00,1987.48,1989.66,1972.47,1973.16,108911.047
2026-02-21 21:00:00,1973.15,1981.9,1967.03,1981.24,97021.269
2026-02-21 22:00:00,1981.23,1981.81,1971.07,1973.61,49226.504
2026-02-21 23:00:00,1973.61,1976.99,1970.15,1972.54,41380.576
2026-02-22 00:00:00,1972.54,1974.48,1966.1,1972.15,77943.761
2026-02-22 01:00:00,1972.14,1979.11,1971.4,1976.31,61414.718
2026-02-22 02:00:00,1976.31,1982.83,1971.0,1971.34,69351.766
2026-02-22 03:00:00,1971.35,1975.58,1966.22,1973.76,80828.98
2026-02-22 04:00:00,1973.76,1975.37,1970.02,1972.9,36095.399
2026-02-22 05:00:00,1972.9,1974.28,1970.01,1974.11,30452.868
2026-02-22 06:00:00,1974.1,1978.59,1973.22,1975.17,39615.318
2026-02-22 07:00:00,1975.18,1978.01,1973.34,1975.01,37885.898
2026-02-22 08:00:00,1975.01,1976.36,1969.04,1972.47,49421.606
2026-02-22 09:00:00,1972.47,1975.38,1970.71,1974.77,42395.519
2026-02-22 10:00:00,1974.76,1979.31,1973.91,1976.5,40207.136
2026-02-22 11:00:00,1976.51,1982.67,1976.32,1979.84,65528.728
2026-02-22 12:00:00,1979.85,1980.6,1960.0,1965.45,217496.029
2026-02-22 13:00:00,1965.45,1967.99,1942.79,1949.91,341640.387
2026-02-22 14:00:00,1949.9,1953.5,1942.24,1949.64,175442.269
2026-02-22 15:00:00,1949.63,1957.84,1944.5,1952.81,158293.907
2026-02-22 16:00:00,1952.81,1954.67,1946.51,1951.56,74277.11
2026-02-22 17:00:00,1951.57,1952.72,1933.0,1939.23,207747.268
2026-02-22 18:00:00,1939.23,1943.32,1937.28,1942.11,56057.669
2026-02-22 19:00:00,1942.11,1944.99,1939.5,1942.81,38084.681
2026-02-22 20:00:00,1942.81,1945.0,1938.92,1940.02,38741.853
2026-02-22 21:00:00,1940.02,1951.33,1940.0,1949.44,53722.092
2026-02-22 22:00:00,1949.43,1959.86,1945.7,1957.31,90319.977
2026-02-22 23:00:00,1957.3,1960.0,1947.44,1957.01,98580.173
2026-02-23 00:00:00,1957.0,1957.58,1927.0,1928.14,179848.671
2026-02-23 01:00:00,1928.13,1928.13,1844.46,1854.93,1297595.097
2026-02-23 02:00:00,1854.93,1867.48,1849.41,1861.45,302849.106
2026-02-23 03:00:00,1861.45,1871.06,1853.73,1860.94,190690.288
2026-02-23 04:00:00,1860.93,1863.12,1852.0,1858.16,102566.392
2026-02-23 05:00:00,1858.15,1869.06,1858.0,1864.26,145701.607
2026-02-23 06:00:00,1864.26,1881.6,1862.33,1877.9,215566.788
2026-02-23 07:00:00,1877.91,1887.8,1875.5,1884.13,178547.522
2026-02-23 08:00:00,1884.13,1888.99,1875.6,1879.25,138087.962
2026-02-23 09:00:00,1879.25,1917.81,1879.25,1916.88,396456.326
2026-02-23 10:00:00,1916.88,1927.73,1911.34,1913.23,313485.581
2026-02-23 11:00:00,1913.23,1919.9,1910.19,1914.41,127871.133
2026-02-23 12:00:00,1914.4,1925.98,1904.6,1919.28,241519.911
2026-02-23 13:00:00,1919.29,1935.27,1917.79,1921.03,252123.376
2026-02-23 14:00:00,1921.02,1924.75,1894.08,1906.05,489059.56
2026-02-23 15:00:00,1906.07,1912.72,1891.42,1894.72,259094.549
2026-02-23 16:00:00,1894.73,1899.34,1880.23,1884.2,303440.227
2026-02-23 17:00:00,1884.2,1887.47,1836.06,1862.99,623086.199
2026-02-23 18:00:00,1862.99,1873.58,1852.86,1856.62,241062.291
2026-02-23 19:00:00,1856.63,1863.75,1845.7,1856.15,163600.413
2026-02-23 20:00:00,1856.16,1862.16,1846.0,1859.82,154320.255
2026-02-23 21:00:00,1859.82,1868.51,1857.53,1862.71,113542.903
2026-02-23 22:00:00,1862.7,1869.04,1858.63,1859.08,66982.11
2026-02-23 23:00:00,1859.08,1866.04,1849.65,1855.47,99725.017
2026-02-24 00:00:00,1855.47,1868.94,1854.45,1867.01,94476.597
2026-02-24 01:00:00,1867.0,1867.19,1810.46,1839.87,667736.36
2026-02-24 02:00:00,1839.87,1853.84,1836.04,1842.42,157697.716
2026-02-24 03:00:00,1842.43,1842.43,1821.77,1830.94,261520.506
2026-02-24 04:00:00,1830.94,1832.98,1812.52,1829.81,293519.136
2026-02-24 05:00:00,1829.81,1839.85,1813.0,1825.28,254604.52
2026-02-24 06:00:00,1825.27,1830.9,1816.83,1819.97,129587.436
2026-02-24 07:00:00,1819.97,1831.27,1813.98,1824.63,169940.825
2026-02-24 08:00:00,1824.63,1835.55,1817.5,1830.44,151587.513
2026-02-24 09:00:00,1830.44,1833.57,1813.16,1826.16,177189.845
2026-02-24 10:00:00,1826.16,1829.04,1819.58,1825.0,102699.699
2026-02-24 11:00:00,1825.0,1826.61,1817.1,1825.74,108157.326
2026-02-24 12:00:00,1825.75,1829.72,1820.08,1823.01,123856.759
2026-02-24 13:00:00,1823.02,1826.83,1796.0,1814.6,500429.561
2026-02-24 14:00:00,1814.6,1846.93,1802.04,1833.68,619024.454
2026-02-24 15:00:00,1833.68,1849.59,1826.91,1846.37,381419.798
2026-02-24 16:00:00,1846.36,1862.63,1837.01,1857.43,433477.221
2026-02-24 17:00:00,1857.42,1864.58,1848.17,1854.39,276789.741
2026-02-24 18:00:00,1854.39,1859.63,1843.74,1854.01,127514.29
2026-02-24 19:00:00,1854.01,1861.73,1845.57,1851.56,112762.387
2026-02-24 20:00:00,1851.56,1861.48,1848.39,1857.53,77711.309
2026-02-24 21:00:00,1857.53,1857.53,1843.83,1852.97,88232.196
2026-02-24 22:00:00,1852.97,1863.5,1851.75,1859.66,73487.598
2026-02-24 23:00:00,1859.67,1859.84,1850.54,1851.09,68442.392
2026-02-25 00:00:00,1851.1,1855.82,1845.7,1850.95,84223.894
2026-02-25 01:00:00,1850.95,1924.93,1849.51,1917.35,793898.299
2026-02-25 02:00:00,1917.35,1945.7,1917.15,1919.95,359496.307
2026-02-25 03:00:00,1919.94,1922.0,1902.43,1905.37,245100.602
2026-02-25 04:00:00,1905.38,1913.82,1893.69,1905.23,238052.675
2026-02-25 05:00:00,1905.22,1907.59,1877.06,1887.09,337138.929
2026-02-25 06:00:00,1887.09,1895.77,1883.82,1884.21,107409.783
2026-02-25 07:00:00,1884.22,1894.57,1881.29,1892.35,100753.911
2026-02-25 08:00:00,1892.36,1913.08,1889.24,1909.42,225116.908
2026-02-25 09:00:00,1909.42,1916.97,1906.5,1914.4,146784.074
2026-02-25 10:00:00,1914.4,1925.0,1909.6,1911.76,138027.115
2026-02-25 11:00:00,1911.75,1927.89,1906.51,1925.28,165279.907
2026-02-25 12:00:00,1925.27,1956.64,1921.23,1952.64,410397.246
2026-02-25 13:00:00,1952.65,1977.03,1951.5,1963.88,462620.582
2026-02-25 14:00:00,1963.87,2000.0,1960.8,1996.62,616717.048
2026-02-25 15:00:00,1996.61,2027.93,1985.51,2012.86,724223.683
2026-02-25 16:00:00,2012.85,2048.64,2012.14,2045.53,531529.883
2026-02-25 17:00:00,2045.53,2084.93,2043.22,2073.1,669086.511
2026-02-25 18:00:00,2073.1,2081.17,2056.12,2073.2,364511.769
2026-02-25 19:00:00,2073.21,2074.39,2058.0,2070.32,183362.998
2026-02-25 20:00:00,2070.34,2083.99,2057.25,2073.76,264677.707
2026-02-25 21:00:00,2073.75,2149.95,2064.71,2099.46,679825.91
2026-02-25 22:00:00,2099.45,2114.8,2073.0,2082.11,274577.433
2026-02-25 23:00:00,2082.1,2086.3,2033.18,2056.5,385593.138
2026-02-26 00:00:00,2056.51,2076.0,2046.32,2061.25,252196.604
2026-02-26 01:00:00,2061.26,2066.38,2048.41,2057.38,134591.383
2026-02-26 02:00:00,2057.38,2058.08,2037.83,2052.07,174977.204
2026-02-26 03:00:00,2052.07,2058.61,2046.16,2053.15,87265.474
2026-02-26 04:00:00,2053.15,2083.09,2050.7,2073.87,220435.134
2026-02-26 05:00:00,2073.87,2074.32,2055.41,2065.19,156425.366
2026-02-26 06:00:00,2065.18,2075.96,2058.26,2061.54,121675.346
2026-02-26 07:00:00,2061.55,2067.5,2050.5,2052.48,117137.483
2026-02-26 08:00:00,2052.49,2058.39,2043.47,2053.32,195654.142
2026-02-26 09:00:00,2053.33,2076.5,2051.71,2073.9,206037.073
2026-02-26 10:00:00,2073.9,2082.65,2061.1,2064.38,155288.487
2026-02-26 11:00:00,2064.37,2066.52,2052.29,2056.51,103331.869
2026-02-26 12:00:00,2056.52,2071.43,2054.01,2069.2,118373.832
2026-02-26 13:00:00,2069.2,2073.31,2060.07,2064.21,106095.503
2026-02-26 14:00:00,2064.21,2077.4,2032.52,2050.22,469616.243
2026-02-26 15:00:00,2050.22,2052.46,2010.38,2032.33,734430.623
2026-02-26 16:00:00,2032.33,2036.79,1975.8,1982.89,665349.259
2026-02-26 17:00:00,1982.88,1998.55,1981.2,1987.45,306175.634
2026-02-26 18:00:00,1987.44,2009.02,1973.49,2003.1,355298.565
2026-02-26 19:00:00,2003.11,2035.0,2002.45,2029.0,268926.118
2026-02-26 20:00:00,2029.0,2042.6,2020.07,2022.6,163579.465
2026-02-26 21:00:00,2022.6,2034.11,2016.7,2029.48,87133.887
2026-02-26 22:00:00,2029.49,2036.94,2026.19,2032.15,56316.317
2026-02-26 23:00:00,2032.14,2032.56,2023.03,2026.71,61594.831
2026-02-27 00:00:00,2026.7,2029.82,2007.36,2013.83,143808.157
2026-02-27 01:00:00,2013.83,2021.66,1999.2,2020.73,245314.837
2026-02-27 02:00:00,2020.72,2033.91,2018.16,2025.17,108490.27
2026-02-27 03:00:00,2025.17,2048.91,2018.31,2044.48,161090.033
2026-02-27 04:00:00,2044.48,2063.71,2036.09,2041.8,308828.787
2026-02-27 05:00:00,2041.79,2048.23,2037.62,2040.68,93106.208
2026-02-27 06:00:00,2040.68,2041.89,2027.19,2034.91,125541.576
2026-02-27 07:00:00,2034.91,2040.83,2021.0,2031.54,144932.222
2026-02-27 08:00:00,2031.54,2045.59,2027.16,2032.63,160210.167
2026-02-27 09:00:00,2032.63,2041.56,2006.88,2008.8,226994.388
2026-02-27 10:00:00,2008.81,2012.8,1977.29,1979.6,479946.631
2026-02-27 11:00:00,1979.59,1983.04,1951.48,1960.79,437767.461
2026-02-27 12:00:00,1960.79,1968.0,1945.75,1958.77,286360.332
2026-02-27 13:00:00,1958.77,1966.6,1936.0,1962.04,394520.78
2026-02-27 14:00:00,1962.03,1963.24,1938.69,1941.91,363512.669
2026-02-27 15:00:00,1941.9,1958.0,1939.43,1947.39,294500.83
2026-02-27 16:00:00,1947.39,1947.75,1923.1,1926.01,417922.743
2026-02-27 17:00:00,1926.0,1933.71,1906.0,1930.99,417850.213
2026-02-27 18:00:00,1930.99,1931.98,1914.61,1917.03,166030.547
2026-02-27 19:00:00,1917.02,1922.5,1910.92,1920.02,117293.315
2026-02-27 20:00:00,1920.02,1925.88,1919.23,1922.12,91794.231
2026-02-27 21:00:00,1922.11,1932.85,1915.81,1920.31,132581.58
2026-02-27 22:00:00,1920.31,1926.17,1885.0,1920.1,339410.646
2026-02-27 23:00:00,1920.11,1932.12,1918.67,1928.5,107469.617
2026-02-28 00:00:00,1928.51,1937.37,1923.17,1931.21,96001.949
2026-02-28 01:00:00,1931.21,1935.23,1916.77,1923.38,92794.327
2026-02-28 02:00:00,1923.38,1931.51,1921.03,1929.14,49049.478
2026-02-28 03:00:00,1929.15,1930.2,1919.19,1923.33,64685.426
2026-02-28 04:00:00,1923.33,1930.86,1912.2,1924.24,110487.774
2026-02-28 05:00:00,1924.24,1927.32,1913.13,1919.15,65864.857
2026-02-28 06:00:00,1919.16,1919.56,1834.06,1841.51,974056.219
2026-02-28 07:00:00,1841.51,1884.78,1834.11,1865.36,666267.612
2026-02-28 08:00:00,1865.37,1867.79,1846.97,1851.43,321706.512
2026-02-28 09:00:00,1851.43,1863.6,1843.19,1853.91,188492.533
2026-02-28 10:00:00,1853.91,1866.62,1847.85,1863.94,194635.147
2026-02-28 11:00:00,1863.94,1880.39,1860.3,1862.27,222739.721
2026-02-28 12:00:00,1862.28,1873.29,1861.01,1867.52,109558.373
2026-02-28 13:00:00,1867.52,1909.88,1864.0,1904.31,458461.772
2026-02-28 14:00:00,1904.31,1914.99,1882.12,1886.83,545478.856
2026-02-28 15:00:00,1886.82,1903.57,1871.82,1897.78,287923.744
2026-02-28 16:00:00,1897.77,1909.18,1890.5,1902.77,157606.836
2026-02-28 17:00:00,1902.77,1911.19,1884.13,1905.82,206707.281
2026-02-28 18:00:00,1905.82,1946.77,1900.18,1934.87,380654.772
2026-02-28 19:00:00,1934.86,1954.0,1918.86,1945.78,339481.406
2026-02-28 20:00:00,1945.78,1973.0,1936.69,1964.57,349031.449
2026-02-28 21:00:00,1964.58,1966.89,1943.4,1956.8,226932.669
2026-02-28 22:00:00,1956.79,1984.22,1954.28,1964.46,212686.574
2026-02-28 23:00:00,1964.46,1968.97,1955.31,1963.48,92682.211
2026-03-01 00:00:00,1963.48,1968.6,1953.47,1961.67,115090.953
2026-03-01 01:00:00,1961.66,2023.54,1942.42,2011.62,563191.965
2026-03-01 02:00:00,2011.62,2054.67,2007.52,2032.18,681088.44
2026-03-01 03:00:00,2032.17,2038.57,2015.18,2022.29,219534.319
2026-03-01 04:00:00,2022.29,2029.63,1997.11,2014.86,305471.825
2026-03-01 05:00:00,2014.86,2022.32,2008.13,2010.44,122705.076
2026-03-01 06:00:00,2010.44,2011.78,1988.21,1997.6,278164.127
2026-03-01 07:00:00,1997.59,2009.88,1992.0,2006.27,139279.534
2026-03-01 08:00:00,2006.26,2009.3,1980.2,1985.24,207151.134
2026-03-01 09:00:00,1985.24,1995.52,1974.08,1979.92,226835.253
2026-03-01 10:00:00,1979.91,1992.4,1971.02,1983.91,210244.153
2026-03-01 11:00:00,1983.91,1988.69,1980.89,1982.3,65095.847
2026-03-01 12:00:00,1982.3,1987.25,1975.14,1977.48,100749.279
2026-03-01 13:00:00,1977.48,2024.58,1967.34,2005.86,415420.445
2026-03-01 14:00:00,2005.86,2027.77,1992.4,1999.13,347940.191
2026-03-01 15:00:00,1999.13,2015.7,1991.0,1992.31,226795.865
2026-03-01 16:00:00,1992.3,2010.0,1958.08,1973.35,476266.441
2026-03-01 17:00:00,1973.35,1975.2,1950.85,1960.05,281835.683
2026-03-01 18:00:00,1960.05,1996.72,1959.73,1974.7,325345.485
2026-03-01 19:00:00,1974.7,1975.31,1942.65,1952.97,226946.072
2026-03-01 20:00:00,1952.96,1954.49,1905.91,1912.78,506090.327
2026-03-01 21:00:00,1912.77,1931.5,1911.12,1927.63,173414.418
2026-03-01 22:00:00,1927.64,1974.9,1913.4,1923.62,375738.763
2026-03-01 23:00:00,1923.63,1946.99,1917.41,1938.57,222889.201
2026-03-02 00:00:00,1938.58,1966.88,1936.33,1959.77,198384.105
2026-03-02 01:00:00,1959.77,1988.52,1958.49,1962.83,224975.176
2026-03-02 02:00:00,1962.83,1965.37,1938.24,1954.47,202517.254
2026-03-02 03:00:00,1954.47,1978.99,1946.79,1971.36,193021.051
2026-03-02 04:00:00,1971.36,1979.44,1967.33,1972.14,107739.687
2026-03-02 05:00:00,1972.13,1984.45,1960.1,1969.99,110018.348
2026-03-02 06:00:00,1970.0,1970.36,1936.12,1942.38,254864.525
2026-03-02 07:00:00,1942.37,1944.11,1924.14,1940.25,201092.503
2026-03-02 08:00:00,1940.27,1950.56,1916.0,1947.97,301323.887
2026-03-02 09:00:00,1947.96,1966.93,1945.66,1946.65,263445.342
2026-03-02 10:00:00,1946.64,1956.11,1942.04,1951.01,126011.626
2026-03-02 11:00:00,1951.0,1954.22,1934.38,1946.56,181018.724
2026-03-02 12:00:00,1946.55,1948.0,1928.65,1936.88,139154.912
2026-03-02 13:00:00,1936.88,1943.67,1921.03,1926.43,233957.682
2026-03-02 14:00:00,1926.43,1984.61,1919.77,1978.53,795224.035
2026-03-02 15:00:00,1978.52,2064.79,1973.0,2046.39,1267446.983
2026-03-02 16:00:00,2046.39,2089.0,2042.12,2063.35,807647.021
2026-03-02 17:00:00,2063.34,2065.39,2024.44,2040.12,407080.034
2026-03-02 18:00:00,2040.12,2040.3,2022.66,2028.33,200173.688
2026-03-02 19:00:00,2028.33,2049.57,2014.46,2042.44,235822.599
2026-03-02 20:00:00,2042.44,2058.58,2023.26,2034.17,300443.504
2026-03-02 21:00:00,2033.94,2047.54,2028.34,2042.12,104665.192
2026-03-02 22:00:00,2042.12,2058.0,2040.36,2052.99,112722.115
2026-03-02 23:00:00,2052.99,2054.71,2023.69,2026.69,153927.463
2026-03-03 00:00:00,2026.69,2038.4,2018.12,2034.52,164079.949
2026-03-03 01:00:00,2034.52,2041.22,2018.0,2018.87,148587.011
2026-03-03 02:00:00,2018.88,2021.78,1996.62,2012.68,295325.405
2026-03-03 03:00:00,2012.68,2014.6,2004.4,2007.69,101444.732
2026-03-03 04:00:00,2007.69,2013.0,1997.31,1998.74,101571.764
2026-03-03 05:00:00,1998.74,2019.26,1986.13,1992.46,325753.084
2026-03-03 06:00:00,1992.47,2002.47,1987.1,1998.27,138422.268
2026-03-03 07:00:00,1998.27,2002.84,1992.18,1995.27,120600.909
2026-03-03 08:00:00,1995.27,1999.7,1946.67,1952.11,559125.585
2026-03-03 09:00:00,1952.1,1967.97,1938.01,1950.21,532551.721
2026-03-03 10:00:00,1950.22,1962.99,1943.8,1956.77,229360.996
2026-03-03 11:00:00,1956.76,1965.87,1950.7,1960.09,177903.994
2026-03-03 12:00:00,1960.1,1989.18,1959.23,1966.34,336986.81
2026-03-03 13:00:00,1966.34,1967.47,1942.44,1950.99,286329.828
2026-03-03 14:00:00,1950.98,1976.51,1926.32,1941.87,629397.558
2026-03-03 15:00:00,1941.86,1972.0,1930.77,1968.09,444100.264
2026-03-03 16:00:00,1968.09,2013.33,1957.42,1983.08,896949.331
2026-03-03 17:00:00,1983.08,1984.88,1958.34,1979.55,333065.981
2026-03-03 18:00:00,1979.55,1999.93,1968.31,1987.39,249256.412
2026-03-03 19:00:00,1987.38,1993.74,1976.0,1985.14,173457.302
2026-03-03 20:00:00,1985.14,1988.88,1968.46,1977.32,110977.097
2026-03-03 21:00:00,1977.33,1977.55,1958.16,1967.37,121123.436
2026-03-03 22:00:00,1967.37,1987.34,1967.1,1982.38,106139.66
2026-03-03 23:00:00,1982.38,2000.98,1980.03,1981.85,154703.238
2026-03-04 00:00:00,1981.85,1985.86,1960.0,1975.54,180620.428
2026-03-04 01:00:00,1975.55,1997.99,1968.81,1980.76,163670.807
2026-03-04 02:00:00,1980.76,1981.91,1967.38,1978.09,101451.751
2026-03-04 03:00:00,1978.09,1979.37,1943.4,1959.59,309253.894
2026-03-04 04:00:00,1959.59,1963.5,1948.81,1959.14,134233.504
2026-03-04 05:00:00,1959.14,1977.05,1953.83,1970.08,144127.93
2026-03-04 06:00:00,1970.09,1985.6,1962.11,1979.25,155777.726
2026-03-04 07:00:00,1979.25,2010.0,1973.65,2005.72,288887.393
2026-03-04 08:00:00,2005.71,2066.63,1999.39,2063.26,760979.822
2026-03-04 09:00:00,2063.27,2089.62,2054.4,2074.45,767316.164
2026-03-04 10:00:00,2074.45,2093.0,2066.2,2071.72,358218.719
2026-03-04 11:00:00,2071.71,2077.97,2045.69,2054.18,344700.09
2026-03-04 12:00:00,2054.18,2058.81,2035.2,2053.31,283237.209
2026-03-04 13:00:00,2053.32,2068.0,2051.61,2063.47,255832.746
2026-03-04 14:00:00,2063.47,2109.92,2061.8,2079.06,780553.456
2026-03-04 15:00:00,2079.05,2165.5,2077.88,2149.3,917926.037
2026-03-04 16:00:00,2149.29,2165.88,2127.83,2141.24,567989.199
2026-03-04 17:00:00,2141.25,2155.72,2129.0,2144.83,311986.284
2026-03-04 18:00:00,2144.82,2163.93,2136.67,2161.99,233927.16
2026-03-04 19:00:00,2161.99,2199.47,2159.7,2176.46,553358.614
2026-03-04 20:00:00,2176.47,2178.69,2148.35,2148.51,206441.102
2026-03-04 21:00:00,2148.49,2154.77,2141.2,2148.62,132815.186
2026-03-04 22:00:00,2148.61,2162.9,2125.54,2130.97,165867.4
2026-03-04 23:00:00,2130.97,2135.98,2115.33,2125.98,157531.147
2026-03-05 00:00:00,2125.97,2134.4,2120.16,2126.85,133924.329
2026-03-05 01:00:00,2126.86,2141.57,2106.32,2112.63,227603.829
2026-03-05 02:00:00,2112.63,2133.39,2111.76,2120.86,168662.708
2026-03-05 03:00:00,2120.86,2125.0,2106.4,2119.11,147994.185
2026-03-05 04:00:00,2119.1,2144.37,2117.52,2136.28,236431.444
2026-03-05 05:00:00,2136.29,2138.37,2112.65,2118.51,169212.801
2026-03-05 06:00:00,2118.5,2129.9,2108.65,2127.11,144194.769
2026-03-05 07:00:00,2127.11,2132.57,2093.88,2104.3,229534.763
2026-03-05 08:00:00,2104.29,2117.52,2092.43,2116.7,234690.146
2026-03-05 09:00:00,2116.7,2137.65,2115.31,2124.65,227378.642
2026-03-05 10:00:00,2124.65,2163.0,2119.23,2155.08,314335.37
2026-03-05 11:00:00,2155.08,2158.61,2132.57,2136.76,198327.798
2026-03-05 12:00:00,2136.76,2142.38,2121.87,2137.04,195241.677
2026-03-05 13:00:00,2137.04,2138.64,2107.93,2116.43,284595.028
2026-03-05 14:00:00,2116.42,2131.41,2095.01,2118.15,412886.457
2026-03-05 15:00:00,2118.16,2120.76,2066.31,2086.09,705045.685
2026-03-05 16:00:00,2086.1,2086.59,2055.55,2079.17,512230.984
2026-03-05 17:00:00,2079.17,2093.96,2053.3,2058.84,331071.534
2026-03-05 18:00:00,2058.85,2077.58,2056.69,2075.79,158792.997
2026-03-05 19:00:00,2075.78,2092.44,2071.17,2073.61,188502.226
2026-03-05 20:00:00,2073.6,2098.0,2069.1,2091.42,172804.002
2026-03-05 21:00:00,2091.42,2099.3,2073.53,2079.73,120794.572
2026-03-05 22:00:00,2079.72,2084.34,2076.51,2079.2,48023.491
2026-03-05 23:00:00,2079.21,2083.59,2066.77,2072.18,73157.567
2026-03-06 00:00:00,2072.17,2079.56,2066.5,2074.36,62882.922
2026-03-06 01:00:00,2074.35,2091.0,2060.6,2086.7,195073.918
2026-03-06 02:00:00,2086.7,2092.39,2078.7,2082.64,93205.623
2026-03-06 03:00:00,2082.63,2087.92,2074.1,2082.88,93075.151
2026-03-06 04:00:00,2082.88,2085.16,2058.0,2070.02,157802.818
2026-03-06 05:00:00,2070.02,2073.37,2058.0,2067.63,136662.109
2026-03-06 06:00:00,2067.62,2079.65,2062.01,2073.12,113756.979
2026-03-06 07:00:00,2073.12,2086.57,2067.24,2081.79,132488.539
2026-03-06 08:00:00,2081.79,2081.79,2073.11,2074.91,97770.3
2026-03-06 09:00:00,2074.91,2076.41,2044.12,2058.71,320520.499
2026-03-06 10:00:00,2058.71,2068.32,2057.34,2062.05,138337.379
2026-03-06 11:00:00,2062.06,2066.3,2048.66,2050.02,130780.97
2026-03-06 12:00:00,2050.03,2054.41,2036.71,2047.58,292633.149
2026-03-06 13:00:00,2047.59,2062.0,2017.09,2018.52,500376.008
2026-03-06 14:00:00,2018.54,2023.78,1970.2,1980.27,883080.156
2026-03-06 15:00:00,1980.27,1996.77,1963.92,1976.43,510211.894
2026-03-06 16:00:00,1976.42,1983.92,1965.26,1970.2,299660.717
2026-03-06 17:00:00,1970.19,1981.79,1954.25,1965.76,313698.542
2026-03-06 18:00:00,1965.75,1982.43,1965.43,1973.44,176666.824
2026-03-06 19:00:00,1973.44,1991.98,1973.44,1982.52,139374.815
2026-03-06 20:00:00,1982.53,1987.82,1968.3,1977.84,152652.117
2026-03-06 21:00:00,1977.83,1983.72,1970.58,1982.8,72360.797
2026-03-06 22:00:00,1982.79,1988.9,1980.36,1986.36,51432.986
2026-03-06 23:00:00,1986.37,1986.63,1975.77,1977.66,57502.342
2026-03-07 00:00:00,1977.66,1982.43,1975.76,1980.07,41328.7
2026-03-07 01:00:00,1980.07,1982.59,1975.14,1979.4,49488.212
2026-03-07 02:00:00,1979.41,1983.78,1971.4,1982.45,87711.492
2026-03-07 03:00:00,1982.46,1995.74,1978.7,1979.14,163432.856
2026-03-07 04:00:00,1979.15,1979.36,1961.66,1974.39,166031.655
2026-03-07 05:00:00,1974.39,1978.92,1971.02,1977.75,44071.234
2026-03-07 06:00:00,1977.76,1977.76,1967.78,1970.97,67230.762
2026-03-07 07:00:00,1970.96,1983.89,1966.01,1982.19,109555.233
2026-03-07 08:00:00,1982.18,1986.83,1973.84,1976.68,122576.524
2026-03-07 09:00:00,1976.67,1988.47,1974.01,1985.29,80951.097
2026-03-07 10:00:00,1985.3,1987.99,1981.98,1983.01,50123.722
2026-03-07 11:00:00,1983.01,1993.83,1981.02,1987.51,107468.87
2026-03-07 12:00:00,1987.52,1989.85,1978.4,1981.4,73461.709
2026-03-07 13:00:00,1981.4,1983.06,1976.63,1980.81,59595.925
2026-03-07 14:00:00,1980.8,1989.38,1969.2,1985.91,161991.197
2026-03-07 15:00:00,1985.91,1986.67,1975.0,1980.19,94050.45
2026-03-07 16:00:00,1980.19,1980.19,1973.5,1976.27,57677.905
2026-03-07 17:00:00,1976.26,1982.81,1974.88,1976.56,44386.212
2026-03-07 18:00:00,1976.56,1976.56,1964.44,1970.28,111067.849
2026-03-07 19:00:00,1970.29,1970.29,1946.87,1954.01,240199.487
2026-03-07 20:00:00,1954.01,1967.7,1953.64,1965.26,85585.539
2026-03-07 21:00:00,1965.26,1970.85,1962.6,1969.41,58445.762
2026-03-07 22:00:00,1969.41,1970.0,1957.31,1965.48,51314.319
2026-03-07 23:00:00,1965.48,1973.15,1964.25,1968.39,49916.372
2026-03-08 00:00:00,1968.39,1976.33,1965.49,1967.93,68150.968
2026-03-08 01:00:00,1967.93,1971.07,1962.1,1968.05,56240.674
2026-03-08 02:00:00,1968.05,1969.27,1934.33,1941.19,317550.059
2026-03-08 03:00:00,1941.19,1950.64,1940.1,1946.4,107418.916
2026-03-08 04:00:00,1946.4,1952.05,1927.58,1937.09,168480.657
2026-03-08 05:00:00,1937.09,1951.63,1936.79,1947.86,108116.937
2026-03-08 06:00:00,1947.86,1951.15,1941.68,1946.65,64351.56
2026-03-08 07:00:00,1946.66,1959.04,1945.9,1953.97,101435.196
2026-03-08 08:00:00,1953.97,1959.6,1947.85,1958.52,82882.736
2026-03-08 09:00:00,1958.53,1969.8,1955.51,1962.55,132382.114
2026-03-08 10:00:00,1962.55,1979.03,1962.1,1973.1,172554.578
2026-03-08 11:00:00,1973.11,1973.36,1942.7,1950.29,216275.247
2026-03-08 12:00:00,1950.28,1953.75,1923.37,1945.23,327097.566
2026-03-08 13:00:00,1945.24,1947.19,1922.86,1943.13,249521.495
2026-03-08 14:00:00,1943.13,1949.65,1936.24,1944.33,135950.263
2026-03-08 15:00:00,1944.32,1946.85,1936.07,1942.0,87222.681
2026-03-08 16:00:00,1942.01,1943.71,1933.0,1935.64,95326.642
2026-03-08 17:00:00,1935.65,1946.0,1931.64,1934.54,98873.329
2026-03-08 18:00:00,1934.54,1935.99,1926.73,1929.04,92688.193
2026-03-08 19:00:00,1929.03,1969.19,1926.73,1963.2,297034.584
2026-03-08 20:00:00,1963.21,1970.16,1952.16,1957.38,147230.08
2026-03-08 21:00:00,1957.38,1960.98,1941.43,1952.29,106252.465
2026-03-08 22:00:00,1952.29,1952.32,1906.63,1941.85,684065.76
2026-03-08 23:00:00,1941.86,1954.1,1934.22,1935.97,186418.755
2026-03-09 00:00:00,1935.98,1966.23,1928.2,1949.88,277689.649
2026-03-09 01:00:00,1949.88,1962.5,1941.4,1944.92,201059.136
2026-03-09 02:00:00,1944.92,1962.44,1937.02,1958.88,201026.772
2026-03-09 03:00:00,1958.88,2004.84,1958.21,1976.6,609506.362
2026-03-09 04:00:00,1976.6,1988.79,1972.21,1976.58,137531.874
2026-03-09 05:00:00,1976.58,2013.33,1975.0,2009.86,453804.347
2026-03-09 06:00:00,2009.86,2012.3,1982.08,1984.01,212764.054
2026-03-09 07:00:00,1984.01,1985.05,1962.27,1982.9,248495.365
2026-03-09 08:00:00,1982.9,1998.8,1977.69,1995.73,210527.43
2026-03-09 09:00:00,1995.74,2021.88,1985.51,2003.55,325788.578
2026-03-09 10:00:00,2003.55,2006.3,1991.49,1994.53,184534.284
2026-03-09 11:00:00,1994.52,1999.2,1980.0,1991.49,169068.142
2026-03-09 12:00:00,1991.49,2013.4,1991.42,2001.5,196469.205
2026-03-09 13:00:00,2001.5,2029.99,2000.02,2017.24,488875.955
2026-03-09 14:00:00,2017.24,2033.52,2006.97,2021.34,390464.504
2026-03-09 15:00:00,2021.33,2028.57,2012.0,2021.44,207392.685
2026-03-09 16:00:00,2021.45,2039.21,2017.56,2026.3,259101.653
2026-03-09 17:00:00,2026.3,2031.81,2004.17,2015.89,277025.875
2026-03-09 18:00:00,2015.88,2022.35,2004.85,2011.24,176779.59
2026-03-09 19:00:00,2011.23,2052.83,2008.8,2032.67,437153.57
2026-03-09 20:00:00,2032.66,2036.44,2017.44,2024.49,116804.393
2026-03-09 21:00:00,2024.5,2034.58,2020.8,2027.23,87813.157
2026-03-09 22:00:00,2027.23,2030.53,1998.0,2002.01,221482.698
2026-03-09 23:00:00,2002.0,2006.97,1988.18,1992.28,176807.628
2026-03-10 00:00:00,1992.28,2021.89,1990.23,2014.38,228435.816
2026-03-10 01:00:00,2014.37,2025.81,2005.63,2018.13,149764.985
2026-03-10 02:00:00,2018.12,2053.93,2012.79,2041.42,356924.133
2026-03-10 03:00:00,2041.41,2047.2,2021.51,2025.61,202080.279
2026-03-10 04:00:00,2025.61,2046.62,2025.32,2044.88,130461.735
2026-03-10 05:00:00,2044.88,2053.77,2038.83,2043.28,170768.282
2026-03-10 06:00:00,2043.28,2048.43,2035.33,2042.62,114824.427
2026-03-10 07:00:00,2042.62,2059.24,2039.09,2050.0,154373.679
2026-03-10 08:00:00,2050.0,2069.72,2050.0,2056.01,309532.306
2026-03-10 09:00:00,2056.02,2074.0,2054.3,2066.92,167556.635
2026-03-10 10:00:00,2066.92,2068.07,2054.49,2061.68,146015.482
2026-03-10 11:00:00,2061.68,2067.39,2053.94,2060.77,128624.375
2026-03-10 12:00:00,2060.77,2061.25,2046.07,2048.99,175888.326
2026-03-10 13:00:00,2048.99,2059.58,2023.07,2032.59,482761.245
2026-03-10 14:00:00,2032.6,2079.92,2007.77,2074.4,777777.246
2026-03-10 15:00:00,2074.41,2085.0,2057.77,2078.42,541840.801
2026-03-10 16:00:00,2078.42,2088.0,2068.11,2079.56,255755.867
2026-03-10 17:00:00,2079.55,2084.28,2057.14,2070.69,299401.676
2026-03-10 18:00:00,2070.7,2072.3,2034.52,2038.88,494290.43
2026-03-10 19:00:00,2038.88,2043.47,2025.55,2035.84,244921.883
2026-03-10 20:00:00,2035.84,2046.71,2034.28,2041.57,103988.803
2026-03-10 21:00:00,2041.58,2048.0,2015.78,2028.11,180396.826
2026-03-10 22:00:00,2028.1,2031.85,2019.6,2026.3,108531.953
2026-03-10 23:00:00,2026.29,2036.24,2026.19,2035.39,78996.581
2026-03-11 00:00:00,2035.38,2041.0,2027.2,2036.97,112267.452
2026-03-11 01:00:00,2036.96,2040.0,2027.41,2034.98,83915.003
2026-03-11 02:00:00,2034.99,2038.29,2017.48,2026.0,175079.512
2026-03-11 03:00:00,2026.01,2028.53,2017.04,2020.28,72367.996
2026-03-11 04:00:00,2020.28,2041.0,2017.22,2037.96,167550.794
2026-03-11 05:00:00,2037.96,2040.38,2010.0,2013.26,209660.317
2026-03-11 06:00:00,2013.26,2024.87,2012.52,2023.26,104442.452
2026-03-11 07:00:00,2023.27,2024.83,2005.9,2011.61,148291.716
2026-03-11 08:00:00,2011.59,2024.91,2008.5,2022.72,153798.033
2026-03-11 09:00:00,2022.73,2027.08,2013.0,2016.96,91691.443
2026-03-11 10:00:00,2016.96,2030.92,2016.25,2027.81,83853.484
2026-03-11 11:00:00,2027.81,2033.54,2015.0,2016.96,123173.128
2026-03-11 12:00:00,2016.97,2035.0,2011.51,2022.06,203937.958
2026-03-11 13:00:00,2022.06,2081.68,2020.69,2049.88,784168.827
2026-03-11 14:00:00,2049.87,2077.42,2042.1,2061.88,455460.231
2026-03-11 15:00:00,2061.88,2064.67,2028.84,2048.84,392854.228
2026-03-11 16:00:00,2048.85,2072.0,2045.14,2066.0,242938.053
2026-03-11 17:00:00,2066.0,2084.98,2056.38,2067.11,344827.331
2026-03-11 18:00:00,2067.11,2078.91,2063.13,2075.51,137827.48
2026-03-11 19:00:00,2075.5,2077.0,2067.3,2075.13,92465.601
2026-03-11 20:00:00,2075.13,2075.36,2064.61,2067.49,66469.865
2026-03-11 21:00:00,2067.48,2073.96,2062.3,2072.07,57355.871
2026-03-11 22:00:00,2072.07,2083.85,2057.75,2060.73,141074.115
2026-03-11 23:00:00,2060.72,2064.0,2044.12,2050.99,144591.92
2026-03-12 00:00:00,2050.98,2057.37,2046.94,2054.61,75038.178
2026-03-12 01:00:00,2054.61,2055.19,2041.53,2045.41,107012.291
2026-03-12 02:00:00,2045.41,2047.22,2020.51,2023.48,253574.927
2026-03-12 03:00:00,2023.48,2033.9,2016.17,2022.07,235506.217
2026-03-12 04:00:00,2022.07,2028.74,2020.0,2021.82,98895.314
2026-03-12 05:00:00,2021.83,2026.89,2018.17,2025.79,96979.148
2026-03-12 06:00:00,2025.8,2030.8,2023.5,2029.3,81784.098
2026-03-12 07:00:00,2029.3,2041.92,2024.56,2039.71,158832.793
2026-03-12 08:00:00,2039.72,2052.08,2037.26,2046.71,194883.773
2026-03-12 09:00:00,2046.72,2064.92,2036.75,2054.57,253521.538
2026-03-12 10:00:00,2054.58,2074.68,2051.49,2069.1,228137.912
2026-03-12 11:00:00,2069.1,2075.65,2056.46,2061.77,232025.648
2026-03-12 12:00:00,2061.77,2069.99,2056.49,2064.28,157005.172
2026-03-12 13:00:00,2064.29,2080.7,2050.15,2064.54,451932.786
2026-03-12 14:00:00,2064.54,2094.57,2036.18,2044.3,854560.161
2026-03-12 15:00:00,2044.29,2081.73,2037.69,2071.4,440371.625
2026-03-12 16:00:00,2071.39,2077.47,2055.2,2068.77,305854.949
2026-03-12 17:00:00,2068.76,2074.4,2054.0,2057.27,170936.531
2026-03-12 18:00:00,2057.27,2060.8,2045.45,2047.78,173968.428
2026-03-12 19:00:00,2047.77,2072.55,2044.0,2068.63,196469.285
2026-03-12 20:00:00,2068.61,2072.74,2058.98,2061.44,88619.023
2026-03-12 21:00:00,2061.44,2068.61,2056.42,2061.95,64487.584
2026-03-12 22:00:00,2061.96,2066.75,2054.4,2064.46,101809.599
2026-03-12 23:00:00,2064.46,2093.53,2063.81,2072.6,367022.469
2026-03-13 00:00:00,2072.6,2148.0,2069.1,2118.16,836950.687
2026-03-13 01:00:00,2118.16,2129.73,2109.71,2123.99,196864.746
2026-03-13 02:00:00,2124.0,2126.57,2100.49,2104.78,216039.92
2026-03-13 03:00:00,2104.78,2123.45,2100.73,2117.77,167694.899
2026-03-13 04:00:00,2117.78,2119.2,2108.5,2110.65,78732.858
2026-03-13 05:00:00,2110.65,2114.66,2102.38,2109.54,97706.092
2026-03-13 06:00:00,2109.53,2112.2,2088.52,2094.99,237785.564
2026-03-13 07:00:00,2094.99,2104.62,2091.52,2098.45,159448.424
2026-03-13 08:00:00,2098.44,2117.0,2090.09,2098.98,240068.797
2026-03-13 09:00:00,2098.97,2117.0,2095.13,2112.6,157275.141
2026-03-13 10:00:00,2112.59,2133.0,2111.65,2125.87,288808.458
2026-03-13 11:00:00,2125.88,2129.4,2117.09,2120.02,132218.861
2026-03-13 12:00:00,2120.01,2154.74,2119.3,2145.23,403505.46
2026-03-13 13:00:00,2145.23,2205.58,2140.67,2184.54,1007307.728
2026-03-13 14:00:00,2184.54,2209.49,2144.55,2150.39,879387.375
2026-03-13 15:00:00,2150.4,2165.36,2124.06,2127.0,660476.862
2026-03-13 16:00:00,2127.01,2142.83,2110.5,2132.9,516661.056
2026-03-13 17:00:00,2132.89,2140.22,2088.44,2102.02,589299.474
2026-03-13 18:00:00,2102.02,2107.89,2089.56,2099.87,266270.889
2026-03-13 19:00:00,2099.88,2104.98,2095.0,2101.72,122719.714
2026-03-13 20:00:00,2101.73,2113.25,2100.03,2110.5,99442.831
2026-03-13 21:00:00,2110.51,2116.39,2099.05,2102.01,102516.599
2026-03-13 22:00:00,2102.01,2103.94,2077.03,2088.0,242745.715
2026-03-13 23:00:00,2088.01,2092.94,2084.33,2091.01,69184.7
2026-03-14 00:00:00,2091.0,2094.2,2082.0,2084.36,94149.371
2026-03-14 01:00:00,2084.36,2094.99,2080.06,2091.57,111732.796
2026-03-14 02:00:00,2091.57,2094.8,2088.54,2091.44,63047.781
2026-03-14 03:00:00,2091.44,2103.62,2091.3,2100.0,112836.019
2026-03-14 04:00:00,2100.0,2105.75,2086.25,2089.31,165007.319
2026-03-14 05:00:00,2089.3,2093.54,2084.34,2091.3,98981.563
2026-03-14 06:00:00,2091.3,2091.3,2067.13,2077.16,216539.397
2026-03-14 07:00:00,2077.16,2079.43,2074.11,2076.3,75277.145
2026-03-14 08:00:00,2076.3,2080.22,2071.48,2073.2,86502.47
2026-03-14 09:00:00,2073.19,2076.83,2062.47,2066.11,124344.554
2026-03-14 10:00:00,2066.11,2067.88,2060.09,2065.01,103675.175
2026-03-14 11:00:00,2065.01,2075.58,2064.48,2072.65,107288.956
2026-03-14 12:00:00,2072.65,2077.3,2068.34,2074.33,92509.25
2026-03-14 13:00:00,2074.33,2079.55,2071.66,2077.22,65611.396
2026-03-14 14:00:00,2077.23,2079.49,2068.43,2069.82,71788.481
2026-03-14 15:00:00,2069.83,2076.91,2068.74,2073.55,64808.476
2026-03-14 16:00:00,2073.55,2077.58,2067.58,2076.35,67556.669
2026-03-14 17:00:00,2076.36,2077.31,2072.01,2073.97,41347.396
2026-03-14 18:00:00,2073.97,2076.97,2071.7,2075.73,23890.433
2026-03-14 19:00:00,2075.74,2078.44,2073.64,2076.25,26284.607
2026-03-14 20:00:00,2076.25,2087.4,2074.79,2084.59,81541.258
2026-03-14 21:00:00,2084.6,2087.99,2080.18,2085.65,47599.054
2026-03-14 22:00:00,2085.65,2087.21,2080.39,2083.48,35712.918
2026-03-14 23:00:00,2083.49,2098.58,2082.9,2095.27,169793.24
2026-03-15 00:00:00,2095.28,2095.76,2084.06,2086.83,85877.076
2026-03-15 01:00:00,2086.82,2090.3,2081.59,2087.2,52554.164
2026-03-15 02:00:00,2087.2,2107.0,2087.2,2100.82,184277.054
2026-03-15 03:00:00,2100.81,2104.2,2092.33,2095.17,83145.025
2026-03-15 04:00:00,2095.17,2103.58,2095.0,2103.58,63243.283
2026-03-15 05:00:00,2103.58,2116.35,2100.88,2106.89,193782.965
2026-03-15 06:00:00,2106.89,2110.32,2102.01,2106.81,61200.117
2026-03-15 07:00:00,2106.82,2112.97,2102.56,2104.97,68884.348
2026-03-15 08:00:00,2104.97,2112.29,2104.97,2111.81,58333.147
2026-03-15 09:00:00,2111.81,2123.25,2111.7,2116.2,176204.211
2026-03-15 10:00:00,2116.21,2120.57,2113.13,2117.87,59527.264
2026-03-15 11:00:00,2117.86,2120.46,2113.67,2118.6,55928.534
2026-03-15 12:00:00,2118.61,2118.96,2106.65,2108.64,103204.6
2026-03-15 13:00:00,2108.64,2112.16,2085.1,2096.36,351882.962
2026-03-15 14:00:00,2096.35,2098.3,2085.52,2096.04,115495.023
2026-03-15 15:00:00,2096.05,2096.25,2088.91,2092.93,57742.935
2026-03-15 16:00:00,2092.93,2097.94,2087.65,2090.59,87846.932
2026-03-15 17:00:00,2090.6,2117.62,2090.05,2109.65,144964.084
2026-03-15 18:00:00,2109.65,2112.83,2092.65,2098.05,130721.276
2026-03-15 19:00:00,2098.06,2113.35,2095.16,2112.33,112055.991
2026-03-15 20:00:00,2112.32,2139.0,2108.91,2128.0,230006.544
2026-03-15 21:00:00,2128.01,2144.0,2122.4,2138.41,140204.061
2026-03-15 22:00:00,2138.42,2192.15,2124.1,2183.73,656377.575
2026-03-15 23:00:00,2183.74,2202.87,2165.24,2177.73,624195.138
2026-03-16 00:00:00,2177.73,2186.9,2163.32,2170.39,190948.976
2026-03-16 01:00:00,2170.4,2189.98,2163.56,2184.99,181944.904
2026-03-16 02:00:00,2184.99,2188.45,2169.0,2179.63,147967.942
2026-03-16 03:00:00,2179.63,2253.6,2176.37,2235.13,991553.409
2026-03-16 04:00:00,2235.14,2279.97,2235.13,2262.25,683730.533
2026-03-16 05:00:00,2262.25,2288.0,2255.61,2279.41,496273.464
2026-03-16 06:00:00,2279.42,2280.78,2260.0,2261.01,245093.014
2026-03-16 07:00:00,2261.01,2268.43,2244.68,2248.43,269076.966
2026-03-16 08:00:00,2248.44,2258.37,2233.0,2242.6,270287.574
2026-03-16 09:00:00,2242.6,2265.0,2238.37,2259.24,206733.743
2026-03-16 10:00:00,2259.23,2277.88,2255.17,2277.12,306714.955
2026-03-16 11:00:00,2277.12,2279.68,2264.8,2268.81,200661.269
2026-03-16 12:00:00,2268.82,2302.99,2268.67,2278.19,696406.964
2026-03-16 13:00:00,2278.19,2308.0,2270.52,2287.56,658784.034
2026-03-16 14:00:00,2287.56,2303.96,2253.51,2286.84,704233.039
2026-03-16 15:00:00,2286.83,2298.5,2268.62,2272.42,312491.326
2026-03-16 16:00:00,2272.41,2299.79,2268.62,2296.07,282094.589
2026-03-16 17:00:00,2296.08,2321.46,2292.19,2313.44,409639.038
2026-03-16 18:00:00,2313.44,2345.0,2312.67,2320.66,570963.21
2026-03-16 19:00:00,2320.65,2347.99,2317.15,2329.98,267631.126
2026-03-16 20:00:00,2329.98,2346.85,2322.37,2344.11,142260.738
2026-03-16 21:00:00,2344.11,2376.05,2342.38,2359.63,393485.89
2026-03-16 22:00:00,2359.63,2385.78,2353.97,2356.69,304849.153
2026-03-16 23:00:00,2356.69,2361.01,2328.85,2351.66,296528.674
2026-03-17 00:00:00,2351.66,2377.0,2339.0,2356.55,453717.525
2026-03-17 01:00:00,2356.54,2375.94,2345.57,2359.83,319160.202
2026-03-17 02:00:00,2359.83,2360.67,2343.39,2349.96,175292.87
2026-03-17 03:00:00,2349.96,2354.85,2306.87,2319.11,561598.169
2026-03-17 04:00:00,2319.12,2329.0,2292.57,2310.27,428905.121
2026-03-17 05:00:00,2310.27,2317.69,2296.67,2306.3,179559.702
2026-03-17 06:00:00,2306.29,2324.54,2297.21,2314.25,193162.132
2026-03-17 07:00:00,2314.26,2337.5,2314.21,2326.75,181336.733
2026-03-17 08:00:00,2326.74,2334.73,2314.1,2319.52,171350.764
2026-03-17 09:00:00,2319.52,2328.87,2305.0,2314.67,261142.338
2026-03-17 10:00:00,2314.67,2315.99,2301.04,2311.87,166088.999
2026-03-17 11:00:00,2311.87,2332.22,2310.56,2325.75,187098.981
2026-03-17 12:00:00,2325.75,2334.43,2311.72,2314.63,185179.697
2026-03-17 13:00:00,2314.62,2345.19,2312.31,2327.6,368883.221
2026-03-17 14:00:00,2327.6,2347.82,2316.88,2342.33,271713.186
2026-03-17 15:00:00,2342.34,2356.66,2303.0,2314.69,458417.061
2026-03-17 16:00:00,2314.68,2335.81,2311.07,2325.72,204472.356
2026-03-17 17:00:00,2325.71,2341.83,2319.07,2338.93,143196.383
2026-03-17 18:00:00,2338.93,2341.66,2327.01,2331.96,109652.947
2026-03-17 19:00:00,2331.96,2338.99,2315.61,2319.1,122695.101
2026-03-17 20:00:00,2319.09,2329.15,2316.26,2326.66,84197.153
2026-03-17 21:00:00,2326.66,2345.0,2326.65,2337.16,97284.919
2026-03-17 22:00:00,2337.16,2341.09,2317.2,2328.41,84841.134
2026-03-17 23:00:00,2328.41,2332.15,2315.51,2316.45,86004.697
2026-03-18 00:00:00,2316.45,2324.77,2305.6,2323.27,153864.583
2026-03-18 01:00:00,2323.27,2334.15,2321.71,2323.81,110568.412
2026-03-18 02:00:00,2323.82,2340.93,2323.3,2330.04,110257.13
2026-03-18 03:00:00,2330.05,2349.99,2327.11,2339.6,190329.584
2026-03-18 04:00:00,2339.61,2341.0,2325.12,2326.33,99591.689
2026-03-18 05:00:00,2326.32,2329.99,2312.88,2317.52,174736.383
2026-03-18 06:00:00,2317.53,2330.55,2317.13,2321.52,135748.766
2026-03-18 07:00:00,2321.53,2322.45,2310.07,2316.6,113764.921
2026-03-18 08:00:00,2316.6,2324.75,2316.09,2321.61,75006.225
2026-03-18 09:00:00,2321.62,2332.98,2320.32,2328.12,98014.49
2026-03-18 10:00:00,2328.12,2330.88,2305.08,2311.68,191917.993
2026-03-18 11:00:00,2311.68,2318.43,2262.01,2268.1,871709.877
2026-03-18 12:00:00,2268.11,2269.74,2234.1,2236.48,676849.691
2026-03-18 13:00:00,2236.49,2243.87,2221.23,2234.66,505111.427
2026-03-18 14:00:00,2234.65,2236.19,2185.0,2189.1,772502.224
2026-03-18 15:00:00,2189.09,2194.98,2168.0,2186.25,726857.103
2026-03-18 16:00:00,2186.25,2190.0,2163.03,2180.0,373791.507
2026-03-18 17:00:00,2180.01,2210.65,2175.83,2202.59,359420.871
2026-03-18 18:00:00,2202.59,2219.0,2174.55,2180.26,479021.705
2026-03-18 19:00:00,2180.26,2196.15,2176.3,2184.91,173762.454
2026-03-18 20:00:00,2184.9,2195.14,2150.7,2186.41,382310.938
2026-03-18 21:00:00,2186.41,2205.9,2184.54,2201.55,127886.39
2026-03-18 22:00:00,2201.55,2202.48,2185.59,2193.43,100605.204
2026-03-18 23:00:00,2193.44,2205.9,2187.88,2201.95,121372.858
2026-03-19 00:00:00,2201.96,2208.15,2189.41,2192.11,128020.583
2026-03-19 01:00:00,2192.1,2200.89,2186.12,2195.69,96256.622
2026-03-19 02:00:00,2195.7,2203.87,2187.58,2195.59,87466.988
2026-03-19 03:00:00,2195.6,2232.64,2195.6,2210.87,361734.706
2026-03-19 04:00:00,2210.86,2212.0,2188.59,2192.49,172452.755
2026-03-19 05:00:00,2192.49,2197.56,2185.3,2188.01,100216.414
2026-03-19 06:00:00,2188.01,2194.8,2176.61,2179.73,202254.388
2026-03-19 07:00:00,2179.72,2181.51,2141.79,2165.27,655742.152
2026-03-19 08:00:00,2165.27,2169.96,2156.84,2159.64,182592.05
2026-03-19 09:00:00,2159.63,2189.8,2159.43,2188.22,304665.209
2026-03-19 10:00:00,2188.22,2191.99,2171.28,2171.72,142188.541
2026-03-19 11:00:00,2171.73,2176.67,2164.55,2166.0,139041.585
2026-03-19 12:00:00,2165.99,2166.58,2128.45,2131.34,482819.319
2026-03-19 13:00:00,2131.35,2142.47,2106.9,2136.67,756038.785
2026-03-19 14:00:00,2136.68,2146.5,2101.0,2120.6,524967.847
2026-03-19 15:00:00,2120.6,2135.89,2098.02,2117.62,449763.997
2026-03-19 16:00:00,2117.63,2121.7,2105.28,2113.95,329547.826
2026-03-19 17:00:00,2113.96,2130.98,2103.43,2126.09,231286.325
2026-03-19 18:00:00,2126.09,2128.55,2113.01,2123.98,100790.734
2026-03-19 19:00:00,2123.98,2155.9,2123.67,2139.99,376687.132
2026-03-19 20:00:00,2139.99,2151.75,2138.18,2145.03,102671.384
2026-03-19 21:00:00,2145.03,2154.43,2143.34,2148.68,91777.743
2026-03-19 22:00:00,2148.68,2151.27,2131.13,2139.05,119076.124
2026-03-19 23:00:00,2139.05,2146.36,2129.37,2136.56,94649.699
2026-03-20 00:00:00,2136.56,2148.0,2133.35,2144.5,92451.144
2026-03-20 01:00:00,2144.51,2159.67,2143.63,2149.76,133021.299
2026-03-20 02:00:00,2149.76,2150.71,2131.07,2143.31,135866.488
2026-03-20 03:00:00,2143.31,2156.0,2142.17,2150.2,94761.501
2026-03-20 04:00:00,2150.2,2158.53,2138.01,2147.27,127562.668
2026-03-20 05:00:00,2147.27,2151.69,2136.15,2139.33,104940.981
2026-03-20 06:00:00,2139.32,2140.8,2130.42,2135.65,108137.558
2026-03-20 07:00:00,2135.65,2152.6,2120.04,2149.3,281373.948
2026-03-20 08:00:00,2149.3,2175.64,2145.13,2162.74,331691.87
2026-03-20 09:00:00,2162.74,2162.91,2133.65,2140.18,241111.398
2026-03-20 10:00:00,2140.18,2150.29,2130.23,2147.09,171332.754
2026-03-20 11:00:00,2147.09,2157.67,2133.23,2140.37,184080.741
2026-03-20 12:00:00,2140.36,2151.99,2133.92,2139.96,142561.527
2026-03-20 13:00:00,2139.96,2152.0,2121.93,2126.27,356678.968
2026-03-20 14:00:00,2126.26,2148.0,2114.2,2128.15,537858.479
2026-03-20 15:00:00,2128.15,2137.88,2119.11,2133.09,224351.734
2026-03-20 16:00:00,2133.09,2144.0,2129.48,2136.32,147566.028
2026-03-20 17:00:00,2136.33,2140.25,2118.31,2135.91,202766.731
2026-03-20 18:00:00,2135.92,2136.71,2116.36,2122.39,181326.101
2026-03-20 19:00:00,2122.4,2133.93,2116.28,2132.1,150155.849
2026-03-20 20:00:00,2132.1,2135.99,2122.9,2132.1,106954.324
2026-03-20 21:00:00,2132.09,2157.61,2129.59,2146.7,190853.808
2026-03-20 22:00:00,2146.69,2167.53,2146.69,2153.52,144083.681
2026-03-20 23:00:00,2153.52,2154.68,2141.89,2145.08,73684.071
2026-03-21 00:00:00,2145.08,2155.78,2142.88,2152.46,75087.142
2026-03-21 01:00:00,2152.46,2159.0,2146.0,2146.62,66852.349
2026-03-21 02:00:00,2146.62,2155.54,2145.13,2154.08,43125.017
2026-03-21 03:00:00,2154.08,2155.0,2149.77,2152.41,29634.75
2026-03-21 04:00:00,2152.4,2157.41,2149.06,2150.82,61018.458
2026-03-21 05:00:00,2150.82,2156.94,2150.81,2152.14,41392.494
2026-03-21 06:00:00,2152.14,2155.25,2151.03,2154.6,31563.026
2026-03-21 07:00:00,2154.59,2160.71,2152.42,2154.4,56779.44
2026-03-21 08:00:00,2154.4,2156.17,2148.45,2153.0,61019.009
2026-03-21 09:00:00,2153.0,2158.0,2152.73,2157.5,53850.331
2026-03-21 10:00:00,2157.49,2158.16,2151.89,2153.19,47419.656
2026-03-21 11:00:00,2153.19,2156.92,2151.78,2156.53,37734.952
2026-03-21 12:00:00,2156.54,2159.86,2155.75,2156.97,51309.439
2026-03-21 13:00:00,2156.96,2159.0,2153.83,2154.89,36546.352
2026-03-21 14:00:00,2154.9,2168.0,2149.09,2151.08,162658.546
2026-03-21 15:00:00,2151.08,2156.87,2145.0,2154.25,127940.903
2026-03-21 16:00:00,2154.25,2154.61,2143.27,2145.61,83258.363
2026-03-21 17:00:00,2145.6,2149.68,2140.15,2147.22,54925.151
2026-03-21 18:00:00,2147.22,2154.66,2146.47,2150.1,50956.164
2026-03-21 19:00:00,2150.11,2152.25,2148.07,2151.19,18769.311
2026-03-21 20:00:00,2151.19,2155.75,2149.4,2154.57,51397.235
2026-03-21 21:00:00,2154.57,2156.12,2151.1,2152.67,28353.91
2026-03-21 22:00:00,2152.66,2152.69,2148.24,2148.77,30030.645
2026-03-21 23:00:00,2148.78,2148.99,2068.78,2083.37,586445.903
2026-03-22 00:00:00,2083.37,2094.0,2045.57,2086.25,598103.935
2026-03-22 01:00:00,2086.25,2093.1,2080.55,2089.99,147864.534
2026-03-22 02:00:00,2089.99,2108.68,2086.6,2101.15,171769.69
2026-03-22 03:00:00,2101.16,2126.38,2096.98,2112.84,208578.162
2026-03-22 04:00:00,2112.83,2122.16,2105.22,2118.39,179646.951
2026-03-22 05:00:00,2118.39,2120.0,2111.36,2112.01,97740.764
2026-03-22 06:00:00,2112.02,2112.59,2106.5,2107.58,76199.774
2026-03-22 07:00:00,2107.57,2111.28,2091.39,2092.82,164555.287
2026-03-22 08:00:00,2092.82,2095.0,2072.78,2085.29,319960.994
2026-03-22 09:00:00,2085.28,2096.73,2078.03,2083.82,139591.788
2026-03-22 10:00:00,2083.82,2085.9,2075.78,2080.13,72169.219
2026-03-22 11:00:00,2080.12,2082.84,2065.21,2068.97,172972.332
2026-03-22 12:00:00,2068.96,2087.3,2066.87,2081.38,178681.394
2026-03-22 13:00:00,2081.38,2092.6,2070.83,2077.58,167062.81
2026-03-22 14:00:00,2077.58,2084.31,2070.47,2076.98,109558.74
2026-03-22 15:00:00,2076.97,2083.5,2074.58,2081.96,90044.67
2026-03-22 16:00:00,2081.97,2083.56,2076.6,2080.96,58679.586
2026-03-22 17:00:00,2080.96,2083.48,2076.18,2078.46,48369.673
2026-03-22 18:00:00,2078.46,2079.54,2054.29,2070.94,171307.229
2026-03-22 19:00:00,2070.93,2071.88,2053.01,2062.0,134263.178
2026-03-22 20:00:00,2062.0,2071.31,2054.73,2057.56,95643.006
2026-03-22 21:00:00,2057.55,2059.55,2024.11,2044.83,407089.49
2026-03-22 22:00:00,2044.83,2064.84,2031.14,2061.73,233540.645
2026-03-22 23:00:00,2061.74,2074.71,2050.01,2052.85,170972.447
2026-03-23 00:00:00,2052.86,2062.22,2034.38,2042.51,237689.047
2026-03-23 01:00:00,2042.51,2061.75,2038.4,2046.62,150855.009
2026-03-23 02:00:00,2046.63,2070.83,2045.55,2062.35,189359.86
2026-03-23 03:00:00,2062.35,2071.92,2050.64,2051.55,105153.818
2026-03-23 04:00:00,2051.55,2066.0,2049.54,2064.72,95688.605
2026-03-23 05:00:00,2064.71,2071.3,2059.62,2068.28,135910.505
2026-03-23 06:00:00,2068.27,2068.27,2026.59,2036.2,335242.567
2026-03-23 07:00:00,2036.2,2049.34,2021.58,2043.65,269882.237
2026-03-23 08:00:00,2043.65,2058.45,2042.3,2046.85,161903.927
2026-03-23 09:00:00,2046.85,2048.08,2027.57,2042.63,201602.83
2026-03-23 10:00:00,2042.63,2053.3,2039.13,2047.83,144610.331
2026-03-23 11:00:00,2047.84,2199.0,2047.84,2133.89,2331140.717
2026-03-23 12:00:00,2133.9,2147.38,2105.39,2143.0,785428.735
2026-03-23 13:00:00,2143.0,2188.77,2139.06,2184.74,636024.952
2026-03-23 14:00:00,2184.74,2192.54,2168.0,2180.37,447210.211
2026-03-23 15:00:00,2180.37,2187.7,2123.04,2127.55,562456.193
2026-03-23 16:00:00,2127.54,2141.55,2116.0,2134.82,525471.479
2026-03-23 17:00:00,2134.82,2157.98,2123.13,2151.45,253333.554
2026-03-23 18:00:00,2151.45,2171.3,2144.13,2167.68,250995.64
2026-03-23 19:00:00,2167.68,2179.0,2148.66,2153.37,190016.091
2026-03-23 20:00:00,2153.36,2165.87,2149.49,2160.51,75906.311
2026-03-23 21:00:00,2160.52,2162.75,2153.52,2156.96,48597.2
2026-03-23 22:00:00,2156.96,2158.74,2142.51,2151.61,78680.826
2026-03-23 23:00:00,2151.6,2154.58,2139.06,2151.01,80348.653
2026-03-24 00:00:00,2151.0,2155.36,2127.62,2142.0,187200.506
2026-03-24 01:00:00,2142.0,2148.87,2122.78,2136.58,167419.431
2026-03-24 02:00:00,2136.58,2144.96,2131.11,2134.87,88593.388
2026-03-24 03:00:00,2134.87,2142.56,2129.41,2140.4,92262.474
2026-03-24 04:00:00,2140.41,2152.49,2130.7,2135.22,117002.719
2026-03-24 05:00:00,2135.23,2137.73,2127.82,2132.81,112204.333
2026-03-24 06:00:00,2132.81,2145.41,2130.67,2144.21,105347.056
2026-03-24 07:00:00,2144.2,2169.9,2143.0,2164.33,331928.725
2026-03-24 08:00:00,2164.34,2166.5,2151.05,2153.88,158419.034
2026-03-24 09:00:00,2153.87,2166.2,2146.01,2163.68,154258.937
2026-03-24 10:00:00,2163.68,2163.77,2154.0,2160.26,86071.361
2026-03-24 11:00:00,2160.26,2174.71,2150.63,2164.75,231796.155
2026-03-24 12:00:00,2164.74,2169.37,2157.5,2161.39,128078.69
2026-03-24 13:00:00,2161.39,2164.75,2129.0,2137.34,443396.549
2026-03-24 14:00:00,2137.34,2147.48,2117.71,2133.15,451874.732
2026-03-24 15:00:00,2133.15,2146.55,2130.06,2134.13,220225.294
2026-03-24 16:00:00,2134.13,2139.88,2120.0,2126.6,221317.523
2026-03-24 17:00:00,2126.59,2128.09,2102.0,2108.38,399023.422
2026-03-24 18:00:00,2108.38,2127.62,2103.52,2118.05,219472.769
2026-03-24 19:00:00,2118.05,2127.19,2113.23,2115.96,99074.916
2026-03-24 20:00:00,2115.96,2154.36,2114.7,2147.63,345529.417
2026-03-24 21:00:00,2147.63,2150.96,2139.01,2147.84,100745.395
2026-03-24 22:00:00,2147.84,2154.99,2139.11,2144.25,111538.38
2026-03-24 23:00:00,2144.25,2162.9,2141.66,2155.29,138612.89
2026-03-25 00:00:00,2155.3,2168.0,2142.66,2160.64,184969.582
2026-03-25 01:00:00,2160.64,2166.08,2155.5,2155.5,98373.07
2026-03-25 02:00:00,2155.51,2160.6,2152.34,2154.58,89765.608
2026-03-25 03:00:00,2154.58,2159.88,2145.12,2157.5,128597.518
2026-03-25 04:00:00,2157.49,2167.09,2155.57,2165.22,93910.378
2026-03-25 05:00:00,2165.23,2179.72,2163.32,2167.78,216750.681
2026-03-25 06:00:00,2167.78,2172.0,2161.58,2162.46,119123.834
2026-03-25 07:00:00,2162.46,2176.66,2158.15,2163.7,141570.341
2026-03-25 08:00:00,2163.71,2189.99,2163.03,2175.31,288745.255
2026-03-25 09:00:00,2175.31,2188.0,2173.78,2185.25,152129.864
2026-03-25 10:00:00,2185.25,2187.51,2180.0,2184.02,116122.339
2026-03-25 11:00:00,2184.02,2200.11,2177.07,2185.01,348336.077
2026-03-25 12:00:00,2185.01,2194.29,2163.33,2182.26,475493.426
2026-03-25 13:00:00,2182.27,2197.3,2178.2,2183.3,264735.634
2026-03-25 14:00:00,2183.31,2187.17,2172.06,2173.13,207866.811
2026-03-25 15:00:00,2173.14,2176.0,2145.59,2161.67,397346.478
2026-03-25 16:00:00,2161.68,2187.63,2155.08,2173.0,315478.203
2026-03-25 17:00:00,2173.01,2175.55,2159.19,2163.09,125917.447
2026-03-25 18:00:00,2163.08,2172.72,2156.46,2161.5,99480.089
2026-03-25 19:00:00,2161.5,2176.33,2158.57,2171.73,107353.814
2026-03-25 20:00:00,2171.73,2172.1,2158.01,2165.77,61984.272
2026-03-25 21:00:00,2165.78,2168.75,2160.04,2163.01,44867.337
2026-03-25 22:00:00,2163.0,2184.99,2160.63,2173.29,116225.144
2026-03-25 23:00:00,2173.29,2176.36,2163.63,2168.0,72350.852
2026-03-26 00:00:00,2168.0,2171.32,2161.21,2165.23,82764.894
2026-03-26 01:00:00,2165.23,2168.4,2158.89,2163.7,80463.969
2026-03-26 02:00:00,2163.7,2164.8,2142.15,2149.06,203806.127
2026-03-26 03:00:00,2149.05,2154.9,2143.73,2152.15,104283.217
2026-03-26 04:00:00,2152.15,2153.52,2146.55,2148.45,64312.573
2026-03-26 05:00:00,2148.44,2149.91,2111.67,2118.63,486293.386
2026-03-26 06:00:00,2118.63,2123.88,2110.72,2120.7,190829.22
2026-03-26 07:00:00,2120.71,2123.66,2112.0,2122.37,135744.753
2026-03-26 08:00:00,2122.36,2126.24,2113.0,2118.61,136320.341
2026-03-26 09:00:00,2118.61,2120.89,2073.0,2081.29,612128.371
2026-03-26 10:00:00,2081.29,2082.39,2070.6,2077.38,212962.88
2026-03-26 11:00:00,2077.38,2080.32,2061.0,2067.33,266141.239
2026-03-26 12:00:00,2067.34,2074.3,2064.57,2072.13,148024.681
2026-03-26 13:00:00,2072.13,2093.64,2068.13,2080.07,428217.385
2026-03-26 14:00:00,2080.08,2084.85,2066.0,2075.05,245028.962
2026-03-26 15:00:00,2075.04,2077.12,2050.54,2069.43,392503.857
2026-03-26 16:00:00,2069.43,2070.0,2058.61,2060.12,127490.223
2026-03-26 17:00:00,2060.11,2070.0,2042.43,2048.22,228079.875
2026-03-26 18:00:00,2048.22,2054.91,2033.22,2045.82,319219.306
2026-03-26 19:00:00,2045.82,2053.0,2038.19,2047.86,163518.578
2026-03-26 20:00:00,2047.85,2080.25,2045.17,2063.83,465012.76
2026-03-26 21:00:00,2063.83,2077.99,2058.81,2067.08,136165.748
2026-03-26 22:00:00,2067.08,2072.06,2053.4,2064.67,120740.271
2026-03-26 23:00:00,2064.66,2068.63,2054.54,2059.17,95861.835
2026-03-27 00:00:00,2059.18,2066.73,2055.5,2064.11,98699.583
2026-03-27 01:00:00,2064.1,2073.84,2062.03,2073.18,89821.727
2026-03-27 02:00:00,2073.19,2076.43,2065.77,2067.12,81434.003
2026-03-27 03:00:00,2067.11,2068.0,2058.06,2060.45,84974.442
2026-03-27 04:00:00,2060.44,2060.99,2041.32,2052.13,261249.067
2026-03-27 05:00:00,2052.12,2065.58,2050.91,2060.18,102683.384
2026-03-27 06:00:00,2060.18,2067.11,2057.32,2061.4,83849.646
2026-03-27 07:00:00,2061.4,2071.59,2058.77,2064.95,165318.422
2026-03-27 08:00:00,2064.94,2068.6,2032.1,2046.5,395149.178
2026-03-27 09:00:00,2046.51,2051.11,2033.04,2039.89,178501.161
2026-03-27 10:00:00,2039.9,2043.72,1981.35,1989.7,771981.863
2026-03-27 11:00:00,1989.69,1997.04,1980.28,1990.24,309886.841
2026-03-27 12:00:00,1990.24,1992.13,1980.23,1987.71,221427.624
2026-03-27 13:00:00,1987.71,1995.9,1966.2,1977.94,423533.93
2026-03-27 14:00:00,1977.94,1988.71,1970.4,1988.15,345069.888
2026-03-27 15:00:00,1988.15,2009.46,1982.11,1990.12,448212.997
2026-03-27 16:00:00,1990.11,1991.66,1979.0,1985.89,234040.337
2026-03-27 17:00:00,1985.89,1996.88,1974.0,1976.49,198299.252
2026-03-27 18:00:00,1976.5,1985.8,1973.37,1983.23,121189.061
2026-03-27 19:00:00,1983.23,1996.55,1977.6,1990.28,143426.492
2026-03-27 20:00:00,1990.28,1995.37,1978.09,1985.06,110672.721
2026-03-27 21:00:00,1985.07,1990.43,1983.32,1984.7,39369.022
2026-03-27 22:00:00,1984.71,1986.3,1980.64,1984.4,33430.662
2026-03-27 23:00:00,1984.39,1992.92,1977.9,1991.58,81101.014
2026-03-28 00:00:00,1991.57,1994.3,1988.39,1991.51,50658.896
2026-03-28 01:00:00,1991.51,1991.75,1983.48,1989.22,59701.215
2026-03-28 02:00:00,1989.21,1992.8,1981.52,1986.22,68204.219
2026-03-28 03:00:00,1986.21,1990.2,1985.66,1987.95,37557.964
2026-03-28 04:00:00,1987.95,1991.37,1986.0,1989.59,37154.678
2026-03-28 05:00:00,1989.6,1993.95,1986.87,1993.04,60330.096
2026-03-28 06:00:00,1993.04,2006.09,1992.09,1999.86,155559.951
2026-03-28 07:00:00,1999.86,2007.63,1999.43,2005.94,70484.21
2026-03-28 08:00:00,2005.95,2007.46,1997.05,1998.19,80931.269
2026-03-28 09:00:00,1998.2,1999.0,1994.48,1998.47,68497.819
2026-03-28 10:00:00,1998.48,2003.72,1991.2,1995.68,100744.629
2026-03-28 11:00:00,1995.68,1999.63,1994.53,1996.41,45018.313
2026-03-28 12:00:00,1996.41,2003.48,1991.23,1998.75,118127.025
2026-03-28 13:00:00,1998.75,2049.36,1998.47,2025.5,496070.992
2026-03-28 14:00:00,2025.49,2028.34,2015.2,2019.75,173856.213
2026-03-28 15:00:00,2019.75,2038.81,2017.43,2025.79,234435.081
2026-03-28 16:00:00,2025.8,2028.97,2020.01,2023.48,82709.044
2026-03-28 17:00:00,2023.48,2026.15,2014.57,2019.85,85580.824
2026-03-28 18:00:00,2019.85,2023.99,2019.27,2020.55,33569.231
2026-03-28 19:00:00,2020.56,2021.63,2016.09,2019.52,27229.069
2026-03-28 20:00:00,2019.52,2025.42,2019.52,2023.49,42176.014
2026-03-28 21:00:00,2023.48,2024.58,2005.81,2008.63,80688.887
2026-03-28 22:00:00,2008.62,2012.77,2004.01,2010.92,59256.871
2026-03-28 23:00:00,2010.93,2010.93,1988.16,1993.48,208513.418
2026-03-29 00:00:00,1993.48,1999.46,1990.53,1998.01,83013.676
2026-03-29 01:00:00,1998.01,2006.86,1996.5,2003.97,90871.862
2026-03-29 02:00:00,2003.98,2009.82,2001.33,2008.19,75034.093
2026-03-29 03:00:00,2008.19,2019.0,2005.94,2010.14,111018.78
2026-03-29 04:00:00,2010.14,2011.89,2002.8,2004.96,50781.077
2026-03-29 05:00:00,2004.96,2006.31,1996.26,2004.13,85005.365
2026-03-29 06:00:00,2004.13,2007.45,1998.76,2003.59,48855.732
2026-03-29 07:00:00,2003.6,2009.48,1999.0,2005.0,46118.036
2026-03-29 08:00:00,2005.0,2006.5,2001.49,2003.2,29350.144
2026-03-29 09:00:00,2003.2,2004.5,1993.59,1998.06,88473.225
2026-03-29 10:00:00,1998.06,1998.06,1990.4,1994.89,87776.751
2026-03-29 11:00:00,1994.88,2007.29,1993.86,2002.65,95157.716
2026-03-29 12:00:00,2002.65,2003.98,1996.23,2000.64,47882.911
2026-03-29 13:00:00,2000.64,2001.09,1982.21,1986.12,222816.285
2026-03-29 14:00:00,1986.12,2001.53,1982.83,1993.13,148842.636
2026-03-29 15:00:00,1993.12,1998.85,1985.47,1991.8,114479.802
2026-03-29 16:00:00,1991.8,2003.2,1990.88,1996.74,97835.844
2026-03-29 17:00:00,1996.73,1999.33,1986.5,1994.29,85982.807
2026-03-29 18:00:00,1994.3,2001.0,1990.39,1996.48,64693.471
2026-03-29 19:00:00,1996.47,1999.5,1993.34,1995.04,31371.877
2026-03-29 20:00:00,1995.05,2008.99,1994.79,2001.57,78460.275
2026-03-29 21:00:00,2001.57,2006.85,2000.4,2005.31,47287.978
2026-03-29 22:00:00,2005.32,2005.42,1936.54,1972.83,671644.1
2026-03-29 23:00:00,1972.83,1993.8,1972.27,1983.44,329758.772
2026-03-30 00:00:00,1983.45,2023.28,1978.7,1996.43,417147.91
2026-03-30 01:00:00,1996.43,2015.6,1996.09,2009.62,158282.853
2026-03-30 02:00:00,2009.63,2043.26,2006.5,2028.88,402913.288
2026-03-30 03:00:00,2028.88,2041.0,2026.24,2034.97,152978.29
2026-03-30 04:00:00,2034.97,2051.84,2034.97,2047.26,218669.606
2026-03-30 05:00:00,2047.25,2058.27,2043.16,2046.82,208221.665
2026-03-30 06:00:00,2046.83,2051.17,2040.08,2041.5,129797.094
2026-03-30 07:00:00,2041.5,2067.78,2040.5,2058.7,236228.617
2026-03-30 08:00:00,2058.69,2075.0,2057.29,2061.41,226879.849
2026-03-30 09:00:00,2061.42,2062.3,2052.92,2054.26,114646.433
2026-03-30 10:00:00,2054.26,2057.81,2046.4,2057.1,106014.829
2026-03-30 11:00:00,2057.1,2086.99,2056.83,2070.4,321781.501
2026-03-30 12:00:00,2070.4,2078.01,2068.04,2073.72,134138.138
2026-03-30 13:00:00,2073.72,2084.82,2056.77,2059.96,347321.158
2026-03-30 14:00:00,2059.95,2075.48,2042.88,2070.52,415877.667
2026-03-30 15:00:00,2070.53,2078.78,2060.68,2073.4,226449.899
2026-03-30 16:00:00,2073.39,2074.0,2057.24,2065.07,141257.344
2026-03-30 17:00:00,2065.07,2071.47,2030.3,2040.67,378942.546
2026-03-30 18:00:00,2040.66,2043.18,2026.53,2031.55,219081.887
2026-03-30 19:00:00,2031.54,2031.76,2012.14,2022.69,279102.44
2026-03-30 20:00:00,2022.69,2026.8,2019.84,2022.27,94807.558
2026-03-30 21:00:00,2022.27,2049.21,2020.0,2034.82,252606.848
2026-03-30 22:00:00,2034.82,2043.55,2028.45,2032.22,92208.663
2026-03-30 23:00:00,2032.22,2032.25,2012.59,2025.69,182618.885
2026-03-31 00:00:00,2025.69,2040.71,2015.25,2035.78,226176.897
2026-03-31 01:00:00,2035.78,2093.0,2031.08,2072.2,562352.817
2026-03-31 02:00:00,2072.2,2082.5,2066.47,2072.08,136195.911
2026-03-31 03:00:00,2072.08,2075.89,2061.0,2065.92,114451.16
2026-03-31 04:00:00,2065.91,2071.42,2056.0,2059.91,129123.245
2026-03-31 05:00:00,2059.9,2068.38,2053.74,2063.39,107401.904
2026-03-31 06:00:00,2063.39,2064.0,2053.88,2061.29,98256.86
2026-03-31 07:00:00,2061.29,2062.0,2040.88,2055.0,193885.346
2026-03-31 08:00:00,2054.99,2058.66,2034.42,2038.89,182127.237
2026-03-31 09:00:00,2038.88,2043.62,2011.25,2017.28,363231.511
2026-03-31 10:00:00,2017.27,2029.3,2015.85,2025.26,153091.646
2026-03-31 11:00:00,2025.26,2043.57,2021.68,2040.23,268405.017
2026-03-31 12:00:00,2040.23,2057.19,2033.89,2046.78,288288.775
2026-03-31 13:00:00,2046.78,2079.36,2046.78,2074.36,313868.104
2026-03-31 14:00:00,2074.35,2091.49,2036.3,2045.2,762770.76
2026-03-31 15:00:00,2045.2,2077.38,2044.58,2053.66,473120.183
2026-03-31 16:00:00,2053.66,2108.07,2053.31,2090.41,639259.388
2026-03-31 17:00:00,2090.4,2124.51,2087.56,2092.52,660029.276
2026-03-31 18:00:00,2092.51,2114.71,2092.45,2098.86,217756.178
2026-03-31 19:00:00,2098.85,2103.42,2090.87,2095.68,128520.724
2026-03-31 20:00:00,2095.68,2109.48,2095.09,2106.6,99069.806
2026-03-31 21:00:00,2106.59,2108.88,2091.8,2101.5,93450.106
2026-03-31 22:00:00,2101.49,2103.44,2087.0,2095.7,111988.349
2026-03-31 23:00:00,2095.71,2107.93,2091.92,2104.49,107965.119
2026-04-01 00:00:00,2104.48,2117.44,2095.6,2113.91,153874.151
2026-04-01 01:00:00,2113.92,2115.0,2090.0,2092.01,124528.327
2026-04-01 02:00:00,2092.0,2095.48,2081.19,2087.58,134461.873
2026-04-01 03:00:00,2087.57,2106.73,2087.57,2101.87,132636.136
2026-04-01 04:00:00,2101.87,2115.71,2099.18,2110.39,128311.648
2026-04-01 05:00:00,2110.38,2135.6,2105.27,2121.65,281392.904
2026-04-01 06:00:00,2121.65,2156.47,2121.61,2150.27,429722.522
2026-04-01 07:00:00,2150.27,2157.99,2129.11,2130.13,281799.028
2026-04-01 08:00:00,2130.13,2142.76,2124.43,2136.02,233415.099
2026-04-01 09:00:00,2136.03,2139.5,2127.06,2135.49,131765.141
2026-04-01 10:00:00,2135.5,2136.94,2125.17,2131.58,85696.141
2026-04-01 11:00:00,2131.58,2139.0,2129.58,2134.18,95413.439
2026-04-01 12:00:00,2134.18,2149.37,2120.84,2129.89,278942.971
2026-04-01 13:00:00,2129.89,2134.22,2107.53,2118.58,452244.598
2026-04-01 14:00:00,2118.57,2129.84,2112.83,2125.97,202264.277
2026-04-01 15:00:00,2125.98,2137.67,2121.0,2133.93,167713.203
2026-04-01 16:00:00,2133.93,2152.15,2123.65,2144.99,244868.652
2026-04-01 17:00:00,2145.0,2167.2,2132.3,2135.86,354345.495
2026-04-01 18:00:00,2135.86,2136.84,2122.23,2128.12,165725.716
2026-04-01 19:00:00,2128.13,2144.0,2126.83,2140.24,117558.032
2026-04-01 20:00:00,2140.25,2146.78,2129.2,2142.46,103059.41
2026-04-01 21:00:00,2142.46,2164.47,2141.81,2155.57,167811.627
2026-04-01 22:00:00,2155.56,2157.57,2136.43,2138.74,177213.657
2026-04-01 23:00:00,2138.75,2144.84,2133.92,2138.8,81349.759
2026-04-02 00:00:00,2138.8,2158.42,2134.58,2154.58,170787.537
2026-04-02 01:00:00,2154.58,2154.84,2088.0,2098.56,888468.612
2026-04-02 02:00:00,2098.56,2098.56,2062.37,2072.78,512737.807
2026-04-02 03:00:00,2072.78,2075.49,2044.0,2054.73,379274.366
2026-04-02 04:00:00,2054.73,2057.42,2040.28,2043.49,208664.936
2026-04-02 05:00:00,2043.49,2050.42,2037.23,2049.01,219097.339
2026-04-02 06:00:00,2049.01,2052.68,2044.09,2048.7,133780.964
2026-04-02 07:00:00,2048.69,2055.74,2042.89,2054.8,134215.854
2026-04-02 08:00:00,2054.79,2054.79,2044.11,2045.08,92330.732
2026-04-02 09:00:00,2045.08,2046.91,2038.19,2042.82,122792.715
2026-04-02 10:00:00,2042.82,2043.82,2030.63,2037.68,139424.752
2026-04-02 11:00:00,2037.68,2039.3,2022.0,2032.04,181082.252
2026-04-02 12:00:00,2032.03,2032.39,2023.08,2025.89,159132.508
2026-04-02 13:00:00,2025.9,2041.7,2015.55,2037.69,403349.713
2026-04-02 14:00:00,2037.69,2072.0,2031.55,2062.6,641759.488
2026-04-02 15:00:00,2062.6,2066.86,2047.17,2058.46,300763.513
2026-04-02 16:00:00,2058.45,2076.0,2051.01,2061.94,185961.106
2026-04-02 17:00:00,2061.93,2070.97,2042.39,2046.0,231326.733
2026-04-02 18:00:00,2046.01,2063.0,2042.18,2057.41,148192.653
2026-04-02 19:00:00,2057.42,2065.88,2053.64,2064.39,83003.184
2026-04-02 20:00:00,2064.4,2073.41,2059.63,2067.29,136958.848
2026-04-02 21:00:00,2067.29,2069.86,2054.85,2062.23,105359.502
2026-04-02 22:00:00,2062.23,2063.8,2052.26,2059.08,85078.877
2026-04-02 23:00:00,2059.07,2061.0,2052.59,2055.96,101416.402
2026-04-03 00:00:00,2055.97,2058.71,2048.52,2052.06,64518.336
2026-04-03 01:00:00,2052.06,2061.88,2044.0,2049.43,147551.677
2026-04-03 02:00:00,2049.44,2059.17,2038.35,2051.43,183280.975
2026-04-03 03:00:00,2051.42,2056.4,2049.0,2053.0,83170.477
2026-04-03 04:00:00,2053.01,2057.0,2047.57,2053.64,53603.495
2026-04-03 05:00:00,2053.64,2063.99,2046.16,2056.16,100920.9
2026-04-03 06:00:00,2056.16,2066.0,2053.78,2062.66,78388.302
2026-04-03 07:00:00,2062.67,2074.6,2061.11,2064.98,125236.688
2026-04-03 08:00:00,2064.98,2071.14,2057.16,2059.85,96548.669
2026-04-03 09:00:00,2059.85,2063.15,2055.68,2060.07,52943.531
2026-04-03 10:00:00,2060.06,2060.07,2052.02,2058.68,67414.227
2026-04-03 11:00:00,2058.69,2064.05,2056.74,2061.87,58113.659
2026-04-03 12:00:00,2061.88,2084.02,2043.6,2049.05,296346.96
2026-04-03 13:00:00,2049.04,2050.21,2040.26,2047.21,174635.401
2026-04-03 14:00:00,2047.21,2056.6,2044.25,2053.35,114951.665
2026-04-03 15:00:00,2053.35,2056.85,2048.09,2050.31,64887.757
2026-04-03 16:00:00,2050.31,2055.9,2048.58,2053.7,60569.833
2026-04-03 17:00:00,2053.7,2054.5,2042.4,2049.21,72234.171
2026-04-03 18:00:00,2049.2,2052.5,2046.85,2048.2,44888.027
2026-04-03 19:00:00,2048.2,2053.28,2044.2,2051.43,37560.728
2026-04-03 20:00:00,2051.42,2054.1,2050.83,2051.7,29165.979
2026-04-03 21:00:00,2051.71,2060.99,2051.63,2057.25,59104.131
2026-04-03 22:00:00,2057.26,2058.72,2048.54,2051.09,38447.258
2026-04-03 23:00:00,2051.09,2053.36,2048.37,2052.92,33226.951
2026-04-04 00:00:00,2052.93,2053.0,2050.47,2051.25,21777.976
2026-04-04 01:00:00,2051.25,2052.93,2048.62,2050.52,22801.701
2026-04-04 02:00:00,2050.53,2052.7,2046.87,2049.32,33138.435
2026-04-04 03:00:00,2049.32,2051.39,2048.7,2049.21,19474.531
2026-04-04 04:00:00,2049.21,2050.76,2047.51,2050.14,21001.286
2026-04-04 05:00:00,2050.13,2054.22,2049.53,2052.77,39852.391
2026-04-04 06:00:00,2052.78,2057.5,2051.96,2055.51,45203.075
2026-04-04 07:00:00,2055.51,2056.13,2050.52,2052.72,38445.655
2026-04-04 08:00:00,2052.73,2054.5,2048.36,2049.45,35102.459
