datetime,open,high,low,close,volume
2018-01-01 00:00:00,720.03,739.8,720.03,731.76,11889.39468
2018-01-01 04:00:00,731.87,740.0,726.73,733.98,5414.30493
2018-01-01 08:00:00,733.01,737.99,716.8,734.5,8739.23361
2018-01-01 12:00:00,734.99,763.55,730.01,751.99,9492.34734
2018-01-01 16:00:00,751.77,759.0,730.58,741.01,8939.36851
2018-01-01 20:00:00,741.01,752.27,724.15,748.8,11284.08664
2018-01-02 00:00:00,748.27,749.98,733.0,746.23,7757.00362
2018-01-02 04:00:00,746.23,762.62,744.39,754.99,7697.21913
2018-01-02 08:00:00,754.99,899.5,749.06,826.92,34941.91503
2018-01-02 12:00:00,827.0,857.0,817.0,847.6,15578.17102
2018-01-02 16:00:00,847.6,853.97,825.11,849.1,12119.95908
2018-01-02 20:00:00,849.57,866.65,835.83,865.56,16398.96539
2018-01-03 00:00:00,865.56,878.0,810.0,850.97,22615.78318
2018-01-03 04:00:00,850.94,869.41,831.0,855.28,11602.98985
2018-01-03 08:00:00,855.13,884.98,850.03,853.07,13726.00053
2018-01-03 12:00:00,854.16,879.53,853.12,876.02,13431.15532
2018-01-03 16:00:00,876.03,877.66,820.0,863.02,18973.02167
2018-01-03 20:00:00,863.3,876.0,810.0,876.0,13362.3231
2018-01-04 00:00:00,876.0,945.0,859.84,917.64,16569.8271
2018-01-04 04:00:00,917.64,950.01,904.04,934.03,12979.12916
2018-01-04 08:00:00,934.03,935.19,900.02,927.57,13290.75778
2018-01-04 12:00:00,927.18,945.0,917.03,938.29,11534.09014
2018-01-04 16:00:00,936.81,949.99,890.01,949.99,19592.0857
2018-01-04 20:00:00,949.99,1009.72,919.5,989.95,24304.07256
2018-01-05 00:00:00,989.95,998.0,945.0,951.0,19056.87628
2018-01-05 04:00:00,951.0,975.0,910.0,940.0,15116.59138
2018-01-05 08:00:00,940.0,1004.37,930.1,1003.01,16021.62237
2018-01-05 12:00:00,1003.01,1045.0,1000.0,1030.0,16918.14479
2018-01-05 16:00:00,1029.12,1030.0,970.96,995.98,20181.22733
2018-01-05 20:00:00,995.9,999.99,974.0,981.5,14520.13088
2018-01-06 00:00:00,981.11,988.29,931.0,970.8,16282.63811
2018-01-06 04:00:00,970.81,987.0,930.0,959.3,13450.25282
2018-01-06 08:00:00,958.0,985.0,950.0,962.61,15815.24063
2018-01-06 12:00:00,962.68,999.7,956.19,992.02,10995.07248
2018-01-06 16:00:00,993.73,1005.0,991.21,998.0,10948.52065
2018-01-06 20:00:00,1001.73,1010.0,980.0,1007.52,15712.4248
2018-01-07 00:00:00,1007.52,1017.56,986.0,1011.05,10584.66666
2018-01-07 04:00:00,1011.5,1013.76,989.25,1004.11,7898.35373
2018-01-07 08:00:00,1003.71,1059.47,999.9,1057.36,11405.41503
2018-01-07 12:00:00,1058.99,1095.9,1038.34,1085.77,13597.7149
2018-01-07 16:00:00,1085.77,1094.88,1073.0,1080.2,8595.26962
2018-01-07 20:00:00,1081.27,1099.0,1064.1,1097.48,9849.93374
2018-01-08 00:00:00,1097.48,1116.24,1068.0,1100.95,14205.95898
2018-01-08 04:00:00,1100.95,1125.0,1080.38,1123.09,7624.5273
2018-01-08 08:00:00,1123.09,1225.0,1117.98,1208.55,22416.13888
2018-01-08 12:00:00,1208.55,1239.18,1180.52,1198.05,17174.39546
2018-01-08 16:00:00,1198.05,1203.17,1050.0,1142.3,29026.74092
2018-01-08 20:00:00,1142.32,1156.0,910.0,1059.93,51464.87983
2018-01-09 00:00:00,1059.92,1162.0,1055.0,1155.02,24027.23568
2018-01-09 04:00:00,1155.21,1161.1,1094.01,1133.18,14722.15721
2018-01-09 08:00:00,1133.18,1211.98,1104.85,1200.21,22752.47041
2018-01-09 12:00:00,1202.45,1220.0,1160.0,1212.0,16364.07227
2018-01-09 16:00:00,1212.0,1260.0,1144.44,1218.98,22947.12833
2018-01-09 20:00:00,1218.97,1225.0,1132.57,1200.02,23049.2658
2018-01-10 00:00:00,1201.51,1223.0,1197.0,1205.0,10695.95584
2018-01-10 04:00:00,1205.0,1326.5,1203.21,1291.0,22893.99419
2018-01-10 08:00:00,1291.0,1391.95,1226.68,1350.0,25326.43014
2018-01-10 12:00:00,1350.0,1440.0,1311.01,1311.01,39132.84843
2018-01-10 16:00:00,1316.59,1349.0,1230.0,1338.11,38490.67604
2018-01-10 20:00:00,1337.01,1380.0,1285.21,1348.99,21863.70336
2018-01-11 00:00:00,1348.85,1362.3,1258.0,1296.04,19193.97002
2018-01-11 04:00:00,1299.28,1315.0,1201.1,1247.0,16177.38491
2018-01-11 08:00:00,1249.03,1332.49,1119.0,1160.0,31241.79122
2018-01-11 12:00:00,1160.17,1245.0,1021.0,1227.97,76295.11376
2018-01-11 16:00:00,1227.97,1249.99,1146.57,1190.3,23483.5849
2018-01-11 20:00:00,1190.3,1249.9,1178.8,1225.0,25841.61411
2018-01-12 00:00:00,1221.01,1248.8,1162.8,1176.99,16035.42985
2018-01-12 04:00:00,1176.01,1196.39,1074.99,1138.93,21648.76003
2018-01-12 08:00:00,1136.45,1221.41,1069.01,1221.4,23129.03497
2018-01-12 12:00:00,1221.4,1241.0,1184.12,1220.0,16943.44504
2018-01-12 16:00:00,1220.06,1231.24,1176.0,1220.0,12916.63695
2018-01-12 20:00:00,1218.13,1288.5,1201.8,1216.0,18866.15836
2018-01-13 00:00:00,1214.7,1258.0,1200.01,1253.06,13141.99967
2018-01-13 04:00:00,1253.06,1280.0,1231.0,1253.87,8766.19762
2018-01-13 08:00:00,1253.87,1290.0,1252.0,1282.1,12585.76781
2018-01-13 12:00:00,1282.1,1336.98,1276.36,1330.57,12127.99793
2018-01-13 16:00:00,1330.56,1338.0,1305.0,1337.1,9237.5974
2018-01-13 20:00:00,1337.01,1368.89,1330.0,1357.0,14693.95573
2018-01-14 00:00:00,1357.0,1427.01,1351.4,1385.52,16802.98774
2018-01-14 04:00:00,1385.64,1420.0,1366.0,1388.02,10445.1254
2018-01-14 08:00:00,1388.1,1391.89,1352.0,1373.4,9191.07936
2018-01-14 12:00:00,1373.3,1378.8,1305.21,1336.87,16528.50669
2018-01-14 16:00:00,1336.87,1357.9,1286.0,1302.0,15938.30617
2018-01-14 20:00:00,1302.0,1315.0,1220.89,1250.0,31078.30839
2018-01-15 00:00:00,1252.47,1323.95,1230.0,1293.57,16548.82119
2018-01-15 04:00:00,1293.5,1355.61,1290.66,1347.0,9106.17405
2018-01-15 08:00:00,1347.99,1383.13,1297.9,1316.77,15483.31509
2018-01-15 12:00:00,1316.12,1345.0,1300.0,1300.0,9901.86557
2018-01-15 16:00:00,1300.19,1329.95,1260.02,1290.02,14442.84916
2018-01-15 20:00:00,1293.46,1329.98,1270.0,1310.0,14520.83426
2018-01-16 00:00:00,1310.0,1316.0,1285.0,1301.95,7229.4578
2018-01-16 04:00:00,1301.94,1307.0,1258.12,1271.0,7658.38288
2018-01-16 08:00:00,1268.67,1275.01,1178.0,1218.83,28007.124
2018-01-16 12:00:00,1220.0,1232.99,1130.11,1140.19,14553.5199
2018-01-16 16:00:00,1134.01,1156.26,947.0,1138.02,95912.24928
2018-01-16 20:00:00,1138.0,1143.42,1010.0,1119.99,45624.06434
2018-01-17 00:00:00,1119.96,1119.96,961.81,1023.7,46723.57364
2018-01-17 04:00:00,1023.69,1063.0,780.0,1000.0,113068.83393
2018-01-17 08:00:00,999.99,1075.51,865.0,938.99,82175.23126
2018-01-17 12:00:00,935.01,991.36,885.0,967.01,48196.71431
2018-01-17 16:00:00,967.01,969.17,843.48,859.96,52784.59648
2018-01-17 20:00:00,857.05,895.0,755.0,782.97,78522.89889
2018-01-18 00:00:00,776.02,935.0,775.0,905.02,75281.60356
2018-01-18 04:00:00,911.99,1070.0,891.0,1000.0,99372.62876
2018-01-18 08:00:00,1000.0,1058.59,958.0,982.09,69162.15602
2018-01-18 12:00:00,982.09,1025.0,924.21,934.0,53659.87388
2018-01-18 16:00:00,935.0,1035.51,933.0,1023.0,34590.81287
2018-01-18 20:00:00,1023.0,1075.2,1007.0,1070.0,47451.86543
2018-01-19 00:00:00,1070.0,1070.0,985.01,1050.94,45405.36399
2018-01-19 04:00:00,1050.94,1069.0,960.0,994.0,44275.63988
2018-01-19 08:00:00,993.3,1043.95,941.0,982.76,43091.68654
2018-01-19 12:00:00,982.75,1021.3,960.08,1003.0,26432.85377
2018-01-19 16:00:00,1003.0,1056.97,995.03,1053.91,28372.13171
2018-01-19 20:00:00,1053.89,1079.0,1024.0,1037.9,31577.90102
2018-01-20 00:00:00,1037.9,1059.59,1004.13,1016.06,25379.38514
2018-01-20 04:00:00,1016.0,1035.3,1007.11,1032.5,13100.15435
2018-01-20 08:00:00,1032.5,1071.99,1031.0,1065.0,18279.6462
2018-01-20 12:00:00,1065.0,1135.08,1051.0,1127.13,40038.27726
2018-01-20 16:00:00,1127.96,1141.34,1101.02,1102.12,20191.34376
2018-01-20 20:00:00,1102.4,1135.0,1081.0,1131.47,16508.9701
2018-01-21 00:00:00,1131.47,1165.4,1129.62,1147.0,19195.13247
2018-01-21 04:00:00,1147.0,1160.0,1127.97,1152.75,9139.21383
2018-01-21 08:00:00,1150.37,1152.69,1093.0,1117.12,22252.52629
2018-01-21 12:00:00,1117.12,1119.99,1016.0,1053.4,43471.89213
2018-01-21 16:00:00,1054.71,1110.0,1040.11,1110.0,28181.89203
2018-01-21 20:00:00,1109.08,1118.0,1045.0,1045.87,26828.03108
2018-01-22 00:00:00,1045.41,1049.0,1004.0,1036.86,34070.89956
2018-01-22 04:00:00,1036.84,1049.24,998.0,1049.0,20225.7668
2018-01-22 08:00:00,1049.0,1073.29,1020.0,1050.0,22007.81687
2018-01-22 12:00:00,1051.91,1074.99,1042.1,1073.88,18047.22058
2018-01-22 16:00:00,1074.69,1090.15,1035.0,1036.89,20062.86575
2018-01-22 20:00:00,1035.54,1047.01,934.95,951.0,60900.61003
2018-01-23 00:00:00,951.0,994.0,940.0,975.28,29387.34585
2018-01-23 04:00:00,973.02,998.94,908.0,993.0,34806.66094
2018-01-23 08:00:00,993.0,1012.16,972.0,998.44,18732.70126
2018-01-23 12:00:00,998.44,1006.49,931.23,946.66,28463.99258
2018-01-23 16:00:00,946.02,974.99,909.0,932.5,24005.13009
2018-01-23 20:00:00,933.86,991.03,917.01,987.5,27747.05138
2018-01-24 00:00:00,987.53,1030.0,975.0,980.44,40160.02244
2018-01-24 04:00:00,980.45,1014.0,971.8,980.0,21050.74183
2018-01-24 08:00:00,981.2,989.89,953.09,984.42,20509.46016
2018-01-24 12:00:00,985.85,1008.0,960.0,1000.01,21751.08126
2018-01-24 16:00:00,1000.09,1022.72,986.15,1015.0,20859.22367
2018-01-24 20:00:00,1015.0,1074.0,1007.01,1016.01,38049.85753
2018-01-25 00:00:00,1017.54,1040.0,1004.0,1035.95,19795.46577
2018-01-25 04:00:00,1036.86,1064.99,1026.3,1061.0,13292.70631
2018-01-25 08:00:00,1060.34,1115.0,1051.08,1108.51,28646.88158
2018-01-25 12:00:00,1109.0,1109.0,1075.02,1079.6,22873.26013
2018-01-25 16:00:00,1079.59,1086.99,1045.9,1058.0,20595.92592
2018-01-25 20:00:00,1059.49,1066.23,1030.26,1037.71,22949.45581
2018-01-26 00:00:00,1035.5,1069.98,1035.04,1065.0,13324.46323
2018-01-26 04:00:00,1064.5,1084.0,1050.5,1056.52,11025.94828
2018-01-26 08:00:00,1055.29,1082.0,1053.0,1072.8,12610.31352
2018-01-26 12:00:00,1071.19,1075.0,1036.88,1038.0,14131.59623
2018-01-26 16:00:00,1038.0,1038.88,986.0,1008.21,55015.05519
2018-01-26 20:00:00,1008.99,1064.0,1003.39,1063.6,29310.49361
2018-01-27 00:00:00,1063.75,1080.0,1032.37,1036.74,23512.25051
2018-01-27 04:00:00,1036.0,1055.0,1032.0,1051.03,10533.92894
2018-01-27 08:00:00,1051.03,1062.0,1032.2,1046.23,11532.13854
2018-01-27 12:00:00,1045.81,1079.8,1043.0,1071.02,17038.46107
2018-01-27 16:00:00,1071.02,1085.0,1051.13,1065.77,16233.68608
2018-01-27 20:00:00,1064.0,1097.06,1060.02,1095.0,12836.82389
2018-01-28 00:00:00,1095.0,1120.05,1085.3,1108.47,23688.93365
2018-01-28 04:00:00,1108.47,1127.99,1103.15,1118.99,15564.29516
2018-01-28 08:00:00,1118.99,1139.8,1112.0,1138.75,13976.03324
2018-01-28 12:00:00,1138.75,1207.12,1138.05,1182.97,32728.47767
2018-01-28 16:00:00,1182.97,1265.0,1170.01,1264.28,33001.27364
2018-01-28 20:00:00,1264.11,1277.0,1208.0,1222.99,36164.9557
2018-01-29 00:00:00,1223.0,1245.87,1212.0,1235.22,14109.79208
2018-01-29 04:00:00,1235.22,1264.0,1230.83,1251.96,13530.20353
2018-01-29 08:00:00,1251.96,1258.89,1181.1,1207.66,30373.51352
2018-01-29 12:00:00,1207.59,1240.0,1181.66,1184.12,20776.13817
2018-01-29 16:00:00,1184.11,1213.0,1170.0,1184.88,21031.27574
2018-01-29 20:00:00,1185.4,1208.0,1176.1,1202.98,14540.69393
2018-01-30 00:00:00,1202.98,1205.21,1175.0,1177.5,9519.95878
2018-01-30 04:00:00,1177.5,1186.0,1161.65,1177.01,9051.18794
2018-01-30 08:00:00,1177.01,1180.95,1120.0,1136.37,21074.16435
2018-01-30 12:00:00,1137.96,1178.92,1130.08,1174.96,14730.37261
2018-01-30 16:00:00,1174.05,1186.85,1156.0,1169.89,12918.61121
2018-01-30 20:00:00,1167.16,1175.0,1101.0,1112.09,26607.01368
2018-01-31 00:00:00,1112.5,1133.01,1051.0,1112.11,51675.82377
2018-01-31 04:00:00,1112.1,1120.99,1071.25,1085.5,28272.56842
2018-01-31 08:00:00,1084.63,1099.0,1029.0,1080.67,34331.8859
2018-01-31 12:00:00,1080.7,1117.0,1051.91,1112.0,19236.92848
2018-01-31 16:00:00,1111.77,1118.09,1075.0,1111.91,12669.86176
2018-01-31 20:00:00,1111.91,1135.0,1085.0,1102.0,15305.06601
2018-02-01 00:00:00,1102.02,1123.17,1086.0,1104.79,11194.2727
2018-02-01 04:00:00,1104.79,1126.0,1101.89,1124.81,7634.02298
2018-02-01 08:00:00,1125.96,1164.99,1120.56,1140.0,20066.06007
2018-02-01 12:00:00,1140.0,1164.42,1130.18,1137.1,13351.74173
2018-02-01 16:00:00,1137.1,1137.17,1090.5,1116.0,36615.96414
2018-02-01 20:00:00,1116.0,1162.36,1071.0,1079.05,39273.49293
2018-02-02 00:00:00,1079.07,1088.96,1005.02,1012.03,48599.8688
2018-02-02 04:00:00,1012.03,1065.0,981.0,1041.94,45448.16285
2018-02-02 08:00:00,1041.89,1047.2,960.0,977.97,42885.62624
2018-02-02 12:00:00,977.54,987.11,901.11,931.94,45716.7466
2018-02-02 16:00:00,932.01,932.5,845.0,847.01,51502.89945
2018-02-02 20:00:00,847.01,988.42,783.67,972.5,145159.23305
2018-02-03 00:00:00,973.27,985.97,871.0,900.0,62809.20643
2018-02-03 04:00:00,901.35,938.68,883.0,922.3,29301.51697
2018-02-03 08:00:00,923.67,930.0,851.0,864.0,30872.40967
2018-02-03 12:00:00,863.83,936.78,851.22,924.59,27808.91332
2018-02-03 16:00:00,923.3,972.97,905.96,971.44,27661.31187
2018-02-03 20:00:00,971.44,998.0,947.01,958.69,36988.63112
2018-02-04 00:00:00,958.6,988.0,941.8,983.53,22237.20328
2018-02-04 04:00:00,982.34,990.0,951.0,971.0,14469.41203
2018-02-04 08:00:00,971.0,975.0,936.0,964.81,15011.7277
2018-02-04 12:00:00,965.0,972.0,950.0,953.33,11835.61062
2018-02-04 16:00:00,953.1,955.52,885.03,886.67,30450.73417
2018-02-04 20:00:00,886.67,905.0,853.06,859.0,41428.54585
2018-02-05 00:00:00,859.0,887.0,837.32,841.06,33326.13387
2018-02-05 04:00:00,841.06,859.87,789.0,823.56,54393.27939
2018-02-05 08:00:00,821.6,843.99,802.11,835.52,32660.26466
2018-02-05 12:00:00,835.52,862.47,810.2,819.96,23759.61106
2018-02-05 16:00:00,819.96,827.73,761.5,764.43,42270.82995
2018-02-05 20:00:00,763.01,789.99,707.0,731.41,65267.26757
2018-02-06 00:00:00,731.9,749.41,634.94,645.01,84241.16616
2018-02-06 04:00:00,645.01,765.2,635.31,697.92,117317.38959
2018-02-06 08:00:00,697.93,724.0,611.26,623.66,91645.52474
2018-02-06 12:00:00,623.59,644.54,570.1,579.94,138255.13509
2018-02-06 16:00:00,579.93,680.0,576.12,633.96,117712.71989
2018-02-06 20:00:00,633.96,760.09,620.0,742.36,133791.46003
2018-02-07 00:00:00,742.34,762.5,678.11,754.34,91069.88631
2018-02-07 04:00:00,754.34,798.0,745.0,779.25,76469.69434
2018-02-07 08:00:00,779.99,792.12,715.5,721.82,55537.4496
2018-02-07 12:00:00,721.81,775.93,714.18,771.0,44376.87366
2018-02-07 16:00:00,771.01,840.0,763.51,820.42,74513.31897
2018-02-07 20:00:00,821.42,847.21,805.76,817.0,71568.96628
2018-02-08 00:00:00,816.77,849.0,789.82,821.5,52303.42794
2018-02-08 04:00:00,821.5,833.0,747.95,754.0,58103.40765
2018-02-08 08:00:00,753.19,786.93,751.0,781.66,10516.2619
2018-02-09 16:00:00,781.66,843.0,781.66,834.0,17579.47185
2018-02-09 20:00:00,833.15,862.0,823.99,845.38,30018.10659
2018-02-10 00:00:00,845.02,882.2,843.29,872.44,25462.94565
2018-02-10 04:00:00,872.21,882.0,850.12,877.0,22387.1488
2018-02-10 08:00:00,876.3,900.0,867.55,891.22,33024.91285
2018-02-10 12:00:00,891.87,911.2,878.19,897.02,27666.93678
2018-02-10 16:00:00,897.26,897.26,851.03,869.73,47103.55384
2018-02-10 20:00:00,870.0,884.98,825.0,829.21,36958.12125
2018-02-11 00:00:00,829.97,848.0,800.0,840.67,42202.58759
2018-02-11 04:00:00,840.72,854.99,810.02,851.15,27861.95537
2018-02-11 08:00:00,851.15,851.93,794.01,796.58,33965.00941
2018-02-11 12:00:00,796.97,816.0,778.52,783.7,33355.17166
2018-02-11 16:00:00,783.69,823.0,768.28,819.44,39452.91477
2018-02-11 20:00:00,818.5,851.88,814.1,850.7,35813.33109
2018-02-12 00:00:00,851.03,857.0,821.6,831.44,27886.40072
2018-02-12 04:00:00,831.35,841.64,805.0,808.99,18850.58035
2018-02-12 08:00:00,808.58,851.75,807.46,845.35,30153.84583
2018-02-12 12:00:00,845.35,851.96,830.0,846.0,18434.86074
2018-02-12 16:00:00,846.0,874.0,845.93,855.92,32829.25893
2018-02-12 20:00:00,855.92,870.5,840.26,857.0,24749.66305
2018-02-13 00:00:00,857.0,868.81,853.16,867.74,16628.43879
2018-02-13 04:00:00,867.74,877.56,856.31,866.66,20790.86387
2018-02-13 08:00:00,866.39,871.0,843.01,855.93,22312.41256
2018-02-13 12:00:00,856.0,862.66,836.82,842.55,18524.34866
2018-02-13 16:00:00,842.55,843.74,820.0,834.91,26683.88945
2018-02-13 20:00:00,835.0,853.0,829.17,836.26,18254.26541
2018-02-14 00:00:00,836.25,848.0,835.62,843.27,12233.07339
2018-02-14 04:00:00,843.79,852.53,833.64,841.57,12297.9459
2018-02-14 08:00:00,841.57,855.0,841.3,853.33,12633.33105
2018-02-14 12:00:00,852.56,870.0,852.5,869.9,17599.22792
2018-02-14 16:00:00,869.99,875.0,856.42,874.5,14368.9219
2018-02-14 20:00:00,874.37,903.99,874.37,903.06,48582.31335
2018-02-15 00:00:00,903.16,919.95,895.16,904.44,35658.43767
2018-02-15 04:00:00,904.48,924.99,900.0,919.09,21500.62369
2018-02-15 08:00:00,919.09,932.0,902.31,927.39,27662.38335
2018-02-15 12:00:00,927.39,939.0,924.0,938.71,18514.42974
2018-02-15 16:00:00,938.71,946.66,895.59,908.5,43437.72194
2018-02-15 20:00:00,908.5,939.13,908.0,933.98,20662.36643
2018-02-16 00:00:00,933.98,939.94,918.98,925.6,25132.49874
2018-02-16 04:00:00,925.6,934.04,915.2,924.55,20228.38504
2018-02-16 08:00:00,924.55,948.48,923.3,934.57,22707.16975
2018-02-16 12:00:00,934.6,935.99,902.13,902.21,24409.85893
2018-02-16 16:00:00,903.49,929.0,901.36,921.78,19553.73551
2018-02-16 20:00:00,922.24,937.98,917.04,931.99,17849.66426
2018-02-17 00:00:00,931.99,940.0,920.1,935.63,18355.55413
2018-02-17 04:00:00,934.84,943.98,928.86,938.67,12664.18091
2018-02-17 08:00:00,938.6,960.0,933.48,956.41,21481.54426
2018-02-17 12:00:00,957.12,968.49,952.69,964.57,19908.61439
2018-02-17 16:00:00,964.55,968.68,949.0,955.39,21595.89245
2018-02-17 20:00:00,955.07,974.0,954.26,963.22,23027.57001
2018-02-18 00:00:00,963.25,970.0,956.0,960.35,12560.58166
2018-02-18 04:00:00,960.35,973.0,956.02,969.99,11516.83341
2018-02-18 08:00:00,969.99,978.5,948.0,952.2,25220.7304
2018-02-18 12:00:00,952.14,956.31,911.57,935.23,41503.0273
2018-02-18 16:00:00,935.23,936.4,897.0,929.18,34078.15463
2018-02-18 20:00:00,929.18,948.79,918.02,933.19,22845.87473
2018-02-19 00:00:00,932.38,945.44,920.0,944.64,18803.36798
2018-02-19 04:00:00,944.17,945.0,907.75,911.0,17678.64014
2018-02-19 08:00:00,911.0,933.5,906.04,921.43,15087.82063
2018-02-19 12:00:00,921.43,946.18,916.01,944.49,13579.9656
2018-02-19 16:00:00,944.29,951.0,935.43,945.31,14367.0225
2018-02-19 20:00:00,945.48,956.22,939.64,953.02,13468.68406
2018-02-20 00:00:00,953.03,956.0,936.01,942.59,13984.78501
2018-02-20 04:00:00,942.59,945.96,932.12,938.11,9611.21754
2018-02-20 08:00:00,939.17,953.98,938.13,945.06,14742.81276
2018-02-20 12:00:00,945.11,961.0,942.99,950.0,17020.05271
2018-02-20 16:00:00,950.0,952.65,927.1,936.52,20341.46688
2018-02-20 20:00:00,936.52,946.09,932.5,939.91,13416.81376
2018-02-21 00:00:00,939.46,942.0,920.0,922.22,17009.88073
2018-02-21 04:00:00,923.29,923.61,873.0,882.99,37525.64818
2018-02-21 08:00:00,882.99,908.88,856.51,883.06,48875.86027
2018-02-21 12:00:00,883.06,893.81,864.41,889.94,24748.52763
2018-02-21 16:00:00,889.95,895.0,872.76,884.75,16454.32592
2018-02-21 20:00:00,884.72,894.23,831.22,838.0,32964.44089
2018-02-22 00:00:00,838.01,848.0,817.42,826.18,31930.06949
2018-02-22 04:00:00,826.18,847.87,812.87,835.89,21227.32731
2018-02-22 08:00:00,836.35,861.01,827.0,853.31,17372.44824
2018-02-22 12:00:00,853.31,871.96,841.91,849.74,17477.40084
2018-02-22 16:00:00,849.14,853.91,811.04,827.62,25164.39111
2018-02-22 20:00:00,827.42,833.89,788.66,809.74,42433.45199
2018-02-23 00:00:00,809.73,815.39,786.6,811.01,19455.39934
2018-02-23 04:00:00,810.34,820.0,797.0,801.49,15658.75961
2018-02-23 08:00:00,801.47,839.5,785.99,836.07,27758.85352
2018-02-23 12:00:00,836.07,847.86,813.53,837.83,26377.75261
2018-02-23 16:00:00,837.83,875.2,837.78,870.32,29924.23993
2018-02-23 20:00:00,870.62,885.0,859.14,865.1,26515.51563
2018-02-24 00:00:00,865.1,865.12,830.0,838.73,25358.11681
2018-02-24 04:00:00,838.74,859.39,823.29,851.6,18572.93488
2018-02-24 08:00:00,851.59,875.0,845.0,866.02,17896.98176
2018-02-24 12:00:00,866.02,873.29,831.32,846.75,18763.51688
2018-02-24 16:00:00,846.75,851.73,819.19,828.02,18108.95666
2018-02-24 20:00:00,828.04,839.67,821.16,830.37,12671.88474
2018-02-25 00:00:00,829.46,836.0,815.0,821.02,9670.13013
2018-02-25 04:00:00,821.0,836.57,805.0,833.94,12200.10923
2018-02-25 08:00:00,833.92,842.55,820.62,832.0,9375.92582
2018-02-25 12:00:00,832.0,849.5,828.53,840.95,10959.41379
2018-02-25 16:00:00,840.95,846.06,830.5,837.6,8882.52722
2018-02-25 20:00:00,836.44,839.0,813.18,823.33,12631.41194
2018-02-26 00:00:00,823.71,837.9,820.1,832.5,9300.34056
2018-02-26 04:00:00,833.55,846.98,830.72,841.19,8281.64541
2018-02-26 08:00:00,841.46,856.33,837.59,845.0,10020.03105
2018-02-26 12:00:00,845.01,855.07,833.0,842.18,8845.67136
2018-02-26 16:00:00,842.0,865.9,835.05,861.13,12431.83255
2018-02-26 20:00:00,861.0,882.0,852.0,875.05,22975.58759
2018-02-27 00:00:00,875.05,880.0,857.0,864.02,11598.59203
2018-02-27 04:00:00,864.02,874.74,858.0,867.98,9039.75102
2018-02-27 08:00:00,867.98,875.0,860.69,869.4,9972.17268
2018-02-27 12:00:00,869.05,895.0,866.75,890.89,11667.21753
2018-02-27 16:00:00,890.86,897.49,873.64,885.17,14826.15132
2018-02-27 20:00:00,885.95,890.77,864.21,873.07,12683.69029
2018-02-28 00:00:00,872.75,882.31,868.16,878.39,7911.24381
2018-02-28 04:00:00,878.57,886.0,870.0,870.11,6427.20862
2018-02-28 08:00:00,871.84,889.97,870.0,886.21,8695.84224
2018-02-28 12:00:00,886.21,891.0,870.02,874.03,12273.12299
2018-02-28 16:00:00,874.99,879.9,858.99,864.53,10490.05507
2018-02-28 20:00:00,864.53,874.8,854.71,869.19,9805.90283
2018-03-01 00:00:00,869.19,872.0,862.0,869.6,5135.20058
2018-03-01 04:00:00,869.6,875.0,850.3,853.5,7220.32838
2018-03-01 08:00:00,853.5,861.93,848.65,855.24,6790.53076
2018-03-01 12:00:00,855.23,868.0,855.22,866.0,5655.22082
2018-03-01 16:00:00,866.0,874.62,865.48,869.07,8719.41449
2018-03-01 20:00:00,869.12,873.55,863.0,866.18,8117.4125
2018-03-02 00:00:00,866.18,879.96,864.21,874.0,8182.31439
2018-03-02 04:00:00,874.08,879.89,864.87,870.63,6320.11207
2018-03-02 08:00:00,870.63,876.22,866.3,873.11,7525.95819
2018-03-02 12:00:00,873.12,874.86,866.0,868.32,8261.65286
2018-03-02 16:00:00,868.65,872.6,856.03,859.66,7090.79326
2018-03-02 20:00:00,859.66,866.0,850.0,854.77,7125.27698
2018-03-03 00:00:00,855.0,858.56,850.0,853.29,3551.68108
2018-03-03 04:00:00,852.7,863.61,851.29,856.28,5880.89769
2018-03-03 08:00:00,856.27,870.78,856.22,864.54,7132.05408
2018-03-03 12:00:00,863.88,866.79,860.0,860.0,6499.26751
2018-03-03 16:00:00,860.01,866.0,857.13,861.75,4620.56429
2018-03-03 20:00:00,861.9,869.61,859.14,861.17,6337.92966
2018-03-04 00:00:00,861.17,866.36,860.02,861.58,5367.8905
2018-03-04 04:00:00,861.8,864.0,852.3,856.02,4212.58816
2018-03-04 08:00:00,856.51,857.75,844.16,844.98,5021.79698
2018-03-04 12:00:00,844.98,849.27,836.24,839.97,7369.48014
2018-03-04 16:00:00,840.06,851.25,838.0,849.22,4036.11074
2018-03-04 20:00:00,849.22,859.66,848.61,857.65,3984.74935
2018-03-05 00:00:00,857.65,867.64,857.5,864.33,4929.33905
2018-03-05 04:00:00,864.33,868.0,861.0,866.66,4393.54203
2018-03-05 08:00:00,866.61,868.77,863.27,867.08,4136.1481
2018-03-05 12:00:00,867.99,870.0,863.11,867.8,6269.76548
2018-03-05 16:00:00,867.3,869.7,861.3,869.14,4289.93728
2018-03-05 20:00:00,869.0,871.75,858.01,861.2,5957.29787
2018-03-06 00:00:00,860.8,863.98,855.5,858.99,5509.9049
2018-03-06 04:00:00,858.92,860.31,847.2,849.84,4404.7445
2018-03-06 08:00:00,849.81,849.82,837.31,846.1,7797.63531
2018-03-06 12:00:00,846.1,853.18,843.25,847.5,4555.21618
2018-03-06 16:00:00,847.5,849.84,826.24,832.32,9529.42306
2018-03-06 20:00:00,832.35,835.26,819.0,830.0,8761.46733
2018-03-07 00:00:00,830.08,831.78,803.01,811.6,10412.01838
2018-03-07 04:00:00,810.81,822.0,804.19,813.11,7602.30857
2018-03-07 08:00:00,813.31,826.2,809.0,811.65,5931.6242
2018-03-07 12:00:00,811.65,814.42,777.9,786.0,14297.667
2018-03-07 16:00:00,785.9,791.99,775.0,790.97,8792.93964
2018-03-07 20:00:00,790.98,796.19,781.0,785.71,11148.57391
2018-03-08 00:00:00,786.23,788.0,718.4,740.36,53463.00532
2018-03-08 04:00:00,740.0,769.0,733.45,749.9,15379.47373
2018-03-08 08:00:00,749.02,761.59,730.0,732.22,14247.75393
2018-03-08 12:00:00,731.99,757.6,730.88,756.15,9819.23295
2018-03-08 16:00:00,756.37,772.07,752.7,760.79,7765.60731
2018-03-08 20:00:00,760.28,761.36,730.0,749.7,11205.71229
2018-03-09 00:00:00,750.53,750.99,695.24,711.0,22841.09488
2018-03-09 04:00:00,710.76,712.98,684.0,695.46,10433.37683
2018-03-09 08:00:00,695.48,705.0,661.1,677.93,16547.43128
2018-03-09 12:00:00,677.93,680.0,640.0,669.84,28762.65559
2018-03-09 16:00:00,669.68,685.5,651.0,684.76,16224.19855
2018-03-09 20:00:00,684.76,711.0,682.05,694.25,16891.23877
2018-03-10 00:00:00,695.18,703.86,676.26,684.99,17657.34625
2018-03-10 04:00:00,685.09,727.92,682.54,723.71,20462.50259
2018-03-10 08:00:00,723.65,745.0,720.0,728.65,16379.74632
2018-03-10 12:00:00,728.68,742.99,722.5,729.19,9069.71258
2018-03-10 16:00:00,729.26,734.25,716.0,730.65,7553.53527
2018-03-10 20:00:00,730.65,739.0,718.69,731.02,7317.01226
2018-03-11 00:00:00,731.02,734.99,700.0,711.7,10749.1291
2018-03-11 04:00:00,710.68,711.44,673.06,680.58,11943.54419
2018-03-11 08:00:00,680.58,683.36,659.15,677.47,16833.99853
2018-03-11 12:00:00,676.14,697.67,674.46,688.49,10188.70313
2018-03-11 16:00:00,688.49,709.99,677.95,705.46,9892.62704
2018-03-11 20:00:00,705.13,721.51,697.29,697.97,13193.94547
2018-03-12 00:00:00,698.0,735.0,698.0,729.2,13765.44607
2018-03-12 04:00:00,729.2,730.26,715.0,720.85,10092.63845
2018-03-12 08:00:00,721.0,730.19,711.25,716.65,8992.58985
2018-03-12 12:00:00,715.51,731.0,713.06,727.0,6410.58488
2018-03-12 16:00:00,727.0,740.5,721.81,736.24,9455.88735
2018-03-12 20:00:00,736.98,737.99,690.1,694.72,16461.20428
2018-03-13 00:00:00,693.48,706.03,676.6,682.54,17076.53785
2018-03-13 04:00:00,682.52,701.35,676.31,697.11,9336.05567
2018-03-13 08:00:00,696.52,704.67,683.9,696.0,6698.86029
2018-03-13 12:00:00,695.56,713.76,693.0,701.49,10317.66495
2018-03-13 16:00:00,701.69,708.5,684.1,694.55,8035.33273
2018-03-13 20:00:00,694.55,697.95,681.0,687.69,14116.32908
2018-03-14 00:00:00,687.67,697.79,680.0,683.99,9512.59371
2018-03-14 04:00:00,683.61,693.3,680.0,689.94,7054.40239
2018-03-14 08:00:00,690.16,703.54,689.1,698.08,7988.11104
2018-03-14 12:00:00,698.08,699.0,687.29,689.7,6206.2312
2018-03-14 16:00:00,688.79,692.99,655.5,656.08,15694.17191
2018-03-14 20:00:00,656.65,664.0,648.22,654.4,13005.88057
2018-03-15 00:00:00,654.1,654.4,613.2,616.8,22191.01738
2018-03-15 04:00:00,617.48,618.51,585.0,610.1,24818.84205
2018-03-15 08:00:00,610.1,620.0,570.5,580.0,22897.69837
2018-03-15 12:00:00,580.78,594.35,570.0,591.39,17150.58174
2018-03-15 16:00:00,591.41,620.53,583.91,617.77,17767.53997
2018-03-15 20:00:00,617.76,621.12,587.56,600.0,18008.82754
2018-03-16 00:00:00,600.0,608.54,587.51,600.95,10857.49738
2018-03-16 04:00:00,600.97,615.2,599.72,608.83,7744.57953
2018-03-16 08:00:00,608.83,614.9,584.15,598.01,12615.36579
2018-03-16 12:00:00,597.34,613.72,596.74,608.0,7391.74823
2018-03-16 16:00:00,608.1,611.71,595.0,603.0,9623.12838
2018-03-16 20:00:00,603.0,625.3,598.0,621.8,17569.35308
2018-03-17 00:00:00,622.0,624.0,614.91,619.71,8507.24589
2018-03-17 04:00:00,619.5,620.49,597.3,599.05,9013.36857
2018-03-17 08:00:00,599.03,606.0,591.07,598.38,8846.97778
2018-03-17 12:00:00,598.38,603.5,593.11,600.37,4490.57264
2018-03-17 16:00:00,600.33,609.26,596.0,597.54,5199.88943
2018-03-17 20:00:00,596.93,598.26,573.98,575.0,16361.64653
2018-03-18 00:00:00,575.5,577.2,547.28,551.67,16689.14364
2018-03-18 04:00:00,551.92,567.0,544.0,546.95,16434.22918
2018-03-18 08:00:00,547.98,548.95,509.0,519.0,29319.24447
2018-03-18 12:00:00,518.98,525.0,507.0,516.41,15108.05022
2018-03-18 16:00:00,516.57,523.0,495.0,517.52,21413.0793
2018-03-18 20:00:00,517.52,518.8,455.0,461.0,65242.36924
2018-03-19 00:00:00,461.52,509.51,450.0,486.4,49802.75216
2018-03-19 04:00:00,486.4,560.0,485.58,537.0,67931.73061
2018-03-19 08:00:00,537.39,558.5,519.16,527.55,41662.30139
2018-03-19 12:00:00,526.9,549.0,526.37,547.01,17455.4365
2018-03-19 16:00:00,547.01,552.0,515.8,538.1,31537.01541
2018-03-19 20:00:00,537.98,557.0,523.17,550.3,35013.8135
2018-03-20 00:00:00,550.4,560.0,527.19,536.43,35781.13071
2018-03-20 04:00:00,536.42,557.77,536.05,556.88,23349.07311
2018-03-20 08:00:00,556.88,556.96,542.1,554.0,21920.6138
2018-03-20 12:00:00,554.0,554.0,525.25,527.07,21623.58575
2018-03-20 16:00:00,527.65,534.05,515.0,532.98,20439.98425
2018-03-20 20:00:00,532.98,541.11,526.4,534.0,17234.47591
2018-03-21 00:00:00,534.08,562.0,534.01,561.0,32545.45654
2018-03-21 04:00:00,561.0,567.87,549.72,557.0,21662.79924
2018-03-21 08:00:00,557.0,572.01,552.9,569.98,15595.11079
2018-03-21 12:00:00,569.94,590.52,569.57,570.99,29494.32568
2018-03-21 16:00:00,570.51,583.2,566.24,579.52,13594.74034
2018-03-21 20:00:00,580.19,584.41,570.0,574.73,15184.8629
2018-03-22 00:00:00,575.0,577.48,545.11,559.3,30835.5912
2018-03-22 04:00:00,559.68,565.0,550.64,559.17,12314.5423
2018-03-22 08:00:00,559.15,578.6,557.93,569.58,14718.14023
2018-03-22 12:00:00,569.33,573.07,557.55,563.01,12010.53707
2018-03-22 16:00:00,563.38,568.49,533.41,535.99,29685.66901
2018-03-22 20:00:00,536.39,544.65,516.0,531.01,27946.84199
2018-03-23 00:00:00,531.02,538.91,525.88,531.64,16666.29981
2018-03-23 04:00:00,531.65,543.94,523.27,539.92,10078.71105
2018-03-23 08:00:00,539.78,543.0,509.2,515.2,22277.36189
2018-03-23 12:00:00,515.2,525.59,511.01,513.0,19205.84309
2018-03-23 16:00:00,513.22,525.52,512.1,524.01,12937.94061
2018-03-23 20:00:00,524.63,532.98,506.71,525.76,25626.38166
2018-03-24 00:00:00,526.5,530.0,519.1,526.29,15296.55148
2018-03-24 04:00:00,526.61,544.72,522.01,543.03,11071.98873
2018-03-24 08:00:00,543.2,545.99,534.4,539.28,15096.8087
2018-03-24 12:00:00,539.75,545.0,535.52,541.99,13893.33909
2018-03-24 16:00:00,541.99,542.1,524.13,526.6,15662.74966
2018-03-24 20:00:00,526.62,543.0,524.4,539.14,15128.70352
2018-03-25 00:00:00,539.46,540.0,533.0,536.54,10219.64441
2018-03-25 04:00:00,536.59,540.0,518.63,520.22,17709.54407
2018-03-25 08:00:00,521.17,523.79,513.82,521.49,13110.30426
2018-03-25 12:00:00,521.49,523.9,514.01,517.68,8615.08654
2018-03-25 16:00:00,518.0,522.6,512.0,515.32,10514.70334
2018-03-25 20:00:00,515.0,526.93,513.08,515.56,13663.25708
2018-03-26 00:00:00,516.11,529.68,515.27,526.99,12236.63954
2018-03-26 04:00:00,527.21,536.0,518.61,523.74,13763.18054
2018-03-26 08:00:00,523.95,527.67,517.0,520.8,9962.68003
2018-03-26 12:00:00,520.79,523.52,516.01,517.0,8285.95716
2018-03-26 16:00:00,517.0,519.39,480.2,485.32,32499.99655
2018-03-26 20:00:00,485.32,496.0,471.62,482.21,42102.75346
2018-03-27 00:00:00,482.21,487.01,465.56,473.34,29479.34346
2018-03-27 04:00:00,473.69,497.85,470.0,485.0,28753.50622
2018-03-27 08:00:00,485.0,491.55,458.47,463.06,20899.05982
2018-03-27 12:00:00,463.06,469.0,450.33,464.85,32023.86471
2018-03-27 16:00:00,464.71,468.0,452.1,458.22,19056.72531
2018-03-27 20:00:00,458.19,473.0,446.0,467.96,34181.67232
2018-03-28 00:00:00,467.97,472.0,452.0,457.0,18164.48558
2018-03-28 04:00:00,456.9,463.07,446.0,448.5,13862.95268
2018-03-28 08:00:00,448.5,451.3,440.14,450.0,20463.93875
2018-03-28 12:00:00,450.0,460.3,445.56,452.5,12789.04434
2018-03-28 16:00:00,452.51,466.0,448.0,460.55,17845.83981
2018-03-28 20:00:00,460.7,462.55,444.87,446.34,18685.42435
2018-03-29 00:00:00,446.35,452.36,445.03,446.51,10005.59341
2018-03-29 04:00:00,446.51,451.76,442.05,446.67,10105.63819
2018-03-29 08:00:00,446.07,449.43,440.16,440.87,10226.15711
2018-03-29 12:00:00,440.86,440.86,412.44,414.46,39306.71275
2018-03-29 16:00:00,414.46,421.0,405.12,408.41,31795.44146
2018-03-29 20:00:00,408.48,415.0,396.11,406.65,44286.24548
2018-03-30 00:00:00,407.0,418.68,399.0,399.5,31720.65341
2018-03-30 04:00:00,399.5,403.31,380.0,384.0,68006.73295
2018-03-30 08:00:00,383.87,387.7,366.03,377.19,73271.96885
2018-03-30 12:00:00,377.19,409.87,366.0,405.64,69973.08113
2018-03-30 16:00:00,405.7,412.04,386.0,391.4,40649.52366
2018-03-30 20:00:00,391.58,396.7,371.0,382.5,37970.50308
2018-03-31 00:00:00,382.5,387.3,370.0,381.3,42315.88618
2018-03-31 04:00:00,381.02,395.67,377.4,392.43,28073.83147
2018-03-31 08:00:00,392.4,419.4,392.14,405.83,43708.51372
2018-03-31 12:00:00,405.16,412.0,388.52,392.06,29648.01217
2018-03-31 16:00:00,392.06,409.7,391.36,402.09,27659.80123
2018-03-31 20:00:00,402.09,410.0,395.5,402.46,26762.14688
2018-04-01 00:00:00,402.46,409.7,395.29,398.73,21723.81029
2018-04-01 04:00:00,398.74,399.68,389.65,393.92,18331.3097
2018-04-01 08:00:00,393.93,399.91,391.78,392.81,9441.57726
2018-04-01 12:00:00,393.33,395.19,374.01,377.29,18605.70952
2018-04-01 16:00:00,377.28,383.0,371.7,374.65,22190.69993
2018-04-01 20:00:00,374.97,377.72,356.9,360.4,40474.3382
2018-04-02 00:00:00,360.15,388.0,358.89,383.43,45538.80194
2018-04-02 04:00:00,383.43,386.63,374.87,378.58,14242.86737
2018-04-02 08:00:00,378.58,386.58,375.05,383.0,22536.02721
2018-04-02 12:00:00,383.0,391.0,376.53,388.95,18892.01242
2018-04-02 16:00:00,388.44,394.87,387.2,391.79,19568.4872
2018-04-02 20:00:00,391.55,392.0,380.54,389.51,19772.37679
2018-04-03 00:00:00,389.7,390.78,380.58,382.12,16050.67851
2018-04-03 04:00:00,382.13,385.45,375.0,385.05,16422.55978
2018-04-03 08:00:00,385.0,391.5,380.13,390.92,19804.2813
2018-04-03 12:00:00,390.93,402.5,390.61,400.85,27681.23854
2018-04-03 16:00:00,400.86,404.74,395.5,397.52,21179.31486
2018-04-03 20:00:00,397.86,406.49,397.19,403.7,21568.54483
2018-04-04 00:00:00,403.8,419.08,402.53,413.13,28209.44424
2018-04-04 04:00:00,413.17,418.0,410.0,415.01,19454.73188
2018-04-04 08:00:00,415.0,416.5,397.81,402.08,23493.81229
2018-04-04 12:00:00,402.08,407.24,398.65,403.13,13706.71328
2018-04-04 16:00:00,403.12,404.95,380.15,385.07,33946.9604
2018-04-04 20:00:00,384.65,388.0,370.0,371.1,31218.02276
2018-04-05 00:00:00,371.17,383.79,371.01,381.08,23675.46282
2018-04-05 04:00:00,381.08,385.33,373.34,378.16,14557.42513
2018-04-05 08:00:00,378.15,380.0,365.61,379.0,22616.1188
2018-04-05 12:00:00,379.0,384.0,375.0,379.25,22407.13423
2018-04-05 16:00:00,379.28,384.32,377.0,379.76,17494.48822
2018-04-05 20:00:00,379.75,387.03,371.47,377.79,27894.71206
2018-04-06 00:00:00,377.89,380.25,373.32,376.11,17306.02311
2018-04-06 04:00:00,376.07,385.0,374.05,381.22,12595.58233
2018-04-06 08:00:00,381.56,385.91,376.01,378.04,12565.19957
2018-04-06 12:00:00,377.8,382.04,365.5,368.23,22300.42083
2018-04-06 16:00:00,368.5,371.77,362.54,368.53,15482.8739
2018-04-06 20:00:00,368.7,369.0,364.66,366.24,8998.10584
2018-04-07 00:00:00,366.24,371.68,364.7,370.3,9969.96094
2018-04-07 04:00:00,370.38,370.61,365.04,368.89,5142.13033
2018-04-07 08:00:00,368.89,382.53,368.28,381.5,14326.86737
2018-04-07 12:00:00,381.63,382.72,379.45,382.05,8649.21346
2018-04-07 16:00:00,382.06,385.27,380.31,381.76,9605.38248
2018-04-07 20:00:00,381.76,388.55,375.5,388.05,13927.72718
2018-04-08 00:00:00,388.06,394.75,386.0,389.07,16623.49577
2018-04-08 04:00:00,389.08,393.95,382.63,384.51,8330.74222
2018-04-08 08:00:00,384.51,389.81,384.0,389.42,6832.66384
2018-04-08 12:00:00,389.4,393.94,385.75,389.69,7114.50727
2018-04-08 16:00:00,389.68,400.58,389.55,400.58,10254.14358
2018-04-08 20:00:00,400.51,404.05,397.03,401.0,16550.065
2018-04-09 00:00:00,401.0,401.46,394.5,399.39,10458.85043
2018-04-09 04:00:00,399.78,402.05,395.96,400.4,6185.29924
2018-04-09 08:00:00,400.4,413.9,400.29,411.82,26426.28377
2018-04-09 12:00:00,411.28,419.0,407.51,418.81,18675.9786
2018-04-09 16:00:00,418.81,431.99,394.0,395.69,57359.20795
2018-04-09 20:00:00,395.19,399.37,387.1,397.06,23497.615
2018-04-10 00:00:00,397.09,403.66,392.35,393.98,12002.49309
2018-04-10 04:00:00,393.98,399.69,389.2,399.44,13691.92572
2018-04-10 08:00:00,399.25,400.87,395.0,400.87,8030.66854
2018-04-10 12:00:00,400.86,404.07,393.5,396.09,15038.04254
2018-04-10 16:00:00,396.09,398.9,391.4,396.0,14977.3544
2018-04-10 20:00:00,396.0,407.8,395.45,406.52,13237.17261
2018-04-11 00:00:00,406.52,411.99,404.8,411.55,14213.31061
2018-04-11 04:00:00,411.55,418.68,407.7,416.07,15897.74735
2018-04-11 08:00:00,415.53,420.0,411.81,413.0,16823.05777
2018-04-11 12:00:00,413.0,419.77,412.77,416.5,12215.12875
2018-04-11 16:00:00,416.14,418.6,410.38,414.53,11184.42443
2018-04-11 20:00:00,414.58,425.0,413.8,420.56,20727.62428
2018-04-12 00:00:00,420.32,424.33,418.63,422.0,12085.3456
2018-04-12 04:00:00,422.0,433.54,419.0,429.52,13671.10544
2018-04-12 08:00:00,429.9,439.41,427.64,437.17,26121.50438
2018-04-12 12:00:00,437.17,437.44,412.88,422.22,31467.39773
2018-04-12 16:00:00,422.84,476.73,420.61,460.32,63284.25895
2018-04-12 20:00:00,460.31,470.44,453.98,464.51,53892.03877
2018-04-13 00:00:00,464.54,469.9,451.15,464.1,27559.20319
2018-04-13 04:00:00,464.1,499.0,463.0,495.67,47441.98014
2018-04-13 08:00:00,494.3,503.2,480.22,490.1,40691.29823
2018-04-13 12:00:00,490.5,520.0,483.0,511.0,30118.45444
2018-04-13 16:00:00,510.63,525.81,500.01,517.8,62772.73143
2018-04-13 20:00:00,517.8,530.0,506.69,516.89,47033.96046
2018-04-14 00:00:00,516.89,519.8,507.03,510.99,21155.47198
2018-04-14 04:00:00,510.75,511.22,483.0,495.11,49980.17128
2018-04-14 08:00:00,494.69,513.33,486.26,508.24,33036.71317
2018-04-14 12:00:00,507.88,515.0,498.57,511.96,20062.32731
2018-04-14 16:00:00,511.96,514.99,491.61,496.21,21454.25563
2018-04-14 20:00:00,496.22,497.36,485.58,493.3,20357.12182
2018-04-15 00:00:00,493.5,504.91,491.23,504.0,12984.92942
2018-04-15 04:00:00,504.0,510.98,499.46,502.68,13387.98645
2018-04-15 08:00:00,502.68,518.9,502.51,511.99,25030.81764
2018-04-15 12:00:00,511.4,516.31,508.22,509.5,11070.16212
2018-04-15 16:00:00,509.81,527.15,508.99,521.69,24961.51551
2018-04-15 20:00:00,521.7,529.9,520.0,521.5,23207.5581
2018-04-16 00:00:00,521.5,529.0,520.45,524.82,12656.71495
2018-04-16 04:00:00,524.51,535.0,522.88,533.88,11812.38563
2018-04-16 08:00:00,533.88,538.0,510.0,516.66,34214.46616
2018-04-16 12:00:00,516.63,517.62,505.01,514.35,25738.34301
2018-04-16 16:00:00,514.31,517.5,508.94,512.65,15404.43838
2018-04-16 20:00:00,512.66,512.74,497.31,503.78,29601.22834
2018-04-17 00:00:00,504.0,510.85,500.0,503.53,14592.11699
2018-04-17 04:00:00,503.55,514.04,502.01,511.46,10808.93261
2018-04-17 08:00:00,512.09,512.82,504.0,508.69,14750.27877
2018-04-17 12:00:00,508.5,516.1,503.73,514.28,13864.3351
2018-04-17 16:00:00,515.17,520.49,512.88,517.93,16061.24016
2018-04-17 20:00:00,517.93,521.2,512.86,513.99,15144.5568
2018-04-18 00:00:00,513.99,517.5,500.45,503.11,21916.34615
2018-04-18 04:00:00,503.14,514.69,500.02,502.56,14805.20684
2018-04-18 08:00:00,502.56,510.79,501.12,507.95,8378.19724
2018-04-18 12:00:00,507.59,517.21,504.08,515.6,13697.12968
2018-04-18 16:00:00,515.51,517.0,512.2,516.8,10994.63569
2018-04-18 20:00:00,516.8,518.0,507.1,510.05,13409.04533
2018-04-19 00:00:00,511.0,518.2,510.23,517.81,10207.71938
2018-04-19 04:00:00,517.26,526.99,516.14,526.09,16475.22519
2018-04-19 08:00:00,526.49,539.4,521.03,535.87,22063.66537
2018-04-19 12:00:00,535.59,538.5,528.2,531.46,19299.58111
2018-04-19 16:00:00,531.5,536.94,529.02,536.28,11753.58506
2018-04-19 20:00:00,536.51,548.37,534.0,547.45,17879.83851
2018-04-20 00:00:00,547.45,565.0,546.9,557.72,24583.95452
2018-04-20 04:00:00,557.41,571.61,553.02,568.14,16655.14871
2018-04-20 08:00:00,568.14,587.74,567.2,573.48,33892.68458
2018-04-20 12:00:00,573.7,577.17,556.5,570.49,28838.87166
2018-04-20 16:00:00,570.49,591.52,567.2,590.0,24009.1945
2018-04-20 20:00:00,590.01,596.53,580.5,586.0,24582.09855
2018-04-21 00:00:00,585.73,595.5,583.61,593.07,12293.94895
2018-04-21 04:00:00,593.02,622.17,588.0,617.09,36592.24127
2018-04-21 08:00:00,616.8,618.0,598.3,608.49,24426.95086
2018-04-21 12:00:00,608.49,624.5,607.0,613.58,23150.28929
2018-04-21 16:00:00,613.5,615.43,570.23,586.59,57255.16505
2018-04-21 20:00:00,586.59,611.33,584.0,608.4,27698.7406
2018-04-22 00:00:00,608.86,613.99,598.65,608.99,16083.41481
2018-04-22 04:00:00,609.0,609.79,596.64,604.87,10750.39292
2018-04-22 08:00:00,604.87,606.0,589.0,600.14,17037.36423
2018-04-22 12:00:00,600.22,612.49,599.0,611.8,10671.2213
2018-04-22 16:00:00,611.8,633.56,611.03,625.14,26165.67594
2018-04-22 20:00:00,625.2,641.0,614.31,634.46,29324.77629
2018-04-23 00:00:00,634.46,643.49,630.0,636.58,16984.70386
2018-04-23 04:00:00,636.97,643.0,616.5,620.92,19943.63118
2018-04-23 08:00:00,620.67,636.99,618.02,634.9,11846.82585
2018-04-23 12:00:00,634.9,642.16,630.0,640.86,11823.47597
2018-04-23 16:00:00,641.1,642.0,630.42,637.36,15391.27247
2018-04-23 20:00:00,637.45,649.11,637.03,645.23,17823.29887
2018-04-24 00:00:00,645.79,647.37,632.27,637.0,13903.89874
2018-04-24 04:00:00,637.0,645.29,634.0,645.09,6686.93603
2018-04-24 08:00:00,644.58,673.2,643.76,669.07,31087.69471
2018-04-24 12:00:00,669.06,685.29,663.0,678.13,26460.75609
2018-04-24 16:00:00,678.71,693.0,677.46,688.29,15867.8598
2018-04-24 20:00:00,688.35,712.99,686.08,699.89,48373.85505
2018-04-25 00:00:00,699.89,710.0,693.27,709.94,25575.74613
2018-04-25 04:00:00,709.81,710.0,700.1,701.58,24071.75794
2018-04-25 08:00:00,701.16,703.3,652.0,654.0,61358.59299
2018-04-25 12:00:00,654.0,669.0,624.0,661.2,67160.89082
2018-04-25 16:00:00,661.2,663.46,600.1,629.04,67190.24568
2018-04-25 20:00:00,629.07,639.99,593.83,622.9,74047.50443
2018-04-26 00:00:00,622.9,638.13,606.0,628.46,34591.06611
2018-04-26 04:00:00,628.84,649.36,606.5,618.0,37091.20425
2018-04-26 08:00:00,617.73,625.59,600.0,618.39,37748.98805
2018-04-26 12:00:00,618.39,638.0,616.06,632.47,30281.63749
2018-04-26 16:00:00,632.5,638.0,617.01,633.23,23667.19294
2018-04-26 20:00:00,633.23,639.99,623.09,628.6,21643.73266
2018-04-27 00:00:00,628.6,638.0,623.77,630.46,12470.47479
2018-04-27 04:00:00,631.0,666.19,630.29,661.51,29941.98222
2018-04-27 08:00:00,661.51,663.99,640.0,648.61,20647.5383
2018-04-27 12:00:00,649.59,659.7,635.73,657.99,15751.24352
2018-04-27 16:00:00,657.97,686.82,656.57,680.34,26949.70408
2018-04-27 20:00:00,680.34,686.81,665.0,674.47,25233.90324
2018-04-28 00:00:00,674.47,684.15,658.18,659.0,17954.86805
2018-04-28 04:00:00,659.0,663.75,639.41,643.46,28266.2267
2018-04-28 08:00:00,643.41,671.0,638.76,667.42,18250.72367
2018-04-28 12:00:00,667.99,675.6,664.0,670.0,15080.86038
2018-04-28 16:00:00,670.0,687.51,662.5,677.96,25257.92808
2018-04-28 20:00:00,677.96,694.9,675.2,687.54,26808.36399
2018-04-29 00:00:00,687.53,689.99,677.54,687.07,14240.20402
2018-04-29 04:00:00,687.07,689.95,673.46,682.86,13490.28323
2018-04-29 08:00:00,683.5,700.49,682.84,695.4,20148.02976
2018-04-29 12:00:00,695.4,697.86,689.15,692.43,14441.68712
2018-04-29 16:00:00,692.0,694.43,665.28,674.23,34883.53095
2018-04-29 20:00:00,675.07,687.48,669.0,682.3,19827.81751
2018-04-30 00:00:00,682.3,684.19,671.16,680.62,10886.39663
2018-04-30 04:00:00,679.95,691.8,677.6,690.85,9832.77672
2018-04-30 08:00:00,690.85,695.3,675.5,677.16,17630.48665
2018-04-30 12:00:00,677.17,689.14,673.18,677.61,20801.5572
2018-04-30 16:00:00,677.61,694.0,674.05,686.65,18206.51825
2018-04-30 20:00:00,687.52,692.54,678.0,684.01,18247.92156
2018-05-01 00:00:00,684.6,687.99,677.0,679.97,13538.64173
2018-05-01 04:00:00,680.01,681.13,662.2,670.78,24069.79181
2018-05-01 08:00:00,670.78,671.2,627.58,641.86,49058.72925
2018-05-01 12:00:00,641.2,665.67,640.21,661.57,16065.69199
2018-05-01 16:00:00,661.79,675.0,657.64,659.69,15591.58531
2018-05-01 20:00:00,659.09,661.47,642.92,649.28,22489.22159
2018-05-02 00:00:00,649.97,665.04,649.34,662.62,13880.54399
2018-05-02 04:00:00,662.65,675.6,661.57,672.0,16037.89462
2018-05-02 08:00:00,671.99,679.5,663.0,674.49,15790.73287
2018-05-02 12:00:00,674.1,688.12,674.0,683.53,15780.48498
2018-05-02 16:00:00,683.52,686.68,676.68,683.12,11231.73751
2018-05-02 20:00:00,683.0,684.5,669.0,683.49,18414.89839
2018-05-03 00:00:00,683.0,684.19,672.23,678.45,9857.40197
2018-05-03 04:00:00,678.39,691.99,675.0,688.56,15110.24758
2018-05-03 08:00:00,688.55,724.5,685.39,717.99,35666.03764
2018-05-03 12:00:00,717.99,732.26,707.37,722.6,38964.00053
2018-05-03 16:00:00,722.99,726.29,711.01,722.55,18131.59083
2018-05-03 20:00:00,722.2,758.7,722.2,748.67,58349.35043
2018-05-04 00:00:00,748.67,777.68,748.0,762.23,46945.39211
2018-05-04 04:00:00,762.83,792.08,754.0,779.0,31362.83746
2018-05-04 08:00:00,779.0,782.79,756.91,770.7,34360.71745
2018-05-04 12:00:00,770.99,787.0,770.71,784.82,19464.83166
2018-05-04 16:00:00,784.82,810.0,784.59,802.01,45679.81379
2018-05-04 20:00:00,802.27,807.5,762.6,774.64,40926.31998
2018-05-05 00:00:00,775.16,786.2,765.7,783.01,25340.21787
2018-05-05 04:00:00,783.01,795.0,781.0,785.99,14152.5014
2018-05-05 08:00:00,785.8,806.0,781.56,805.3,20015.17546
2018-05-05 12:00:00,805.96,817.0,802.39,807.59,21615.37858
2018-05-05 16:00:00,807.59,823.2,806.2,817.8,19993.5732
2018-05-05 20:00:00,818.19,832.66,817.31,820.01,26779.90468
2018-05-06 00:00:00,820.01,826.03,807.0,812.67,22711.98718
2018-05-06 04:00:00,812.67,821.21,799.61,819.5,17515.16854
2018-05-06 08:00:00,819.5,839.99,818.62,828.15,22411.66797
2018-05-06 12:00:00,828.15,831.21,776.26,800.39,45356.38196
2018-05-06 16:00:00,800.39,800.4,770.0,774.07,30900.22023
2018-05-06 20:00:00,774.05,785.46,752.49,774.97,36986.48799
2018-05-07 00:00:00,775.0,795.29,774.66,780.4,19404.42975
2018-05-07 04:00:00,780.4,796.83,776.52,794.3,11811.97212
2018-05-07 08:00:00,794.3,799.14,741.23,758.87,46788.74567
2018-05-07 12:00:00,758.81,762.97,730.0,738.02,34711.81459
2018-05-07 16:00:00,736.98,752.0,705.46,733.0,69503.13341
2018-05-07 20:00:00,733.0,743.85,701.0,729.84,59271.5621
2018-05-08 00:00:00,729.84,761.95,725.51,758.0,42000.30503
2018-05-08 04:00:00,758.0,766.87,735.12,752.49,31961.50248
2018-05-08 08:00:00,753.0,777.0,752.49,771.5,27725.40043
2018-05-08 12:00:00,771.55,773.0,747.23,761.07,19968.56924
2018-05-08 16:00:00,761.07,762.24,727.98,728.01,30746.09557
2018-05-08 20:00:00,728.01,742.91,720.02,737.47,27084.55724
2018-05-09 00:00:00,737.47,751.71,725.76,750.7,17496.41736
2018-05-09 04:00:00,750.28,759.05,739.44,748.99,12085.15637
2018-05-09 08:00:00,748.99,750.75,715.68,719.71,22669.35011
2018-05-09 12:00:00,720.0,726.9,710.26,718.22,20713.38189
2018-05-09 16:00:00,718.27,748.8,718.21,743.96,21569.18741
2018-05-09 20:00:00,743.49,752.08,741.1,748.67,15412.55326
2018-05-10 00:00:00,748.51,760.74,744.5,750.09,20461.34049
2018-05-10 04:00:00,749.51,757.5,743.96,751.75,11527.56442
2018-05-10 08:00:00,752.4,759.98,751.0,757.19,11123.58116
2018-05-10 12:00:00,757.01,769.88,753.15,764.0,20109.45085
2018-05-10 16:00:00,763.3,766.89,758.0,760.84,10501.10248
2018-05-10 20:00:00,760.83,766.93,757.2,762.33,13458.64895
2018-05-11 00:00:00,762.98,765.6,733.33,737.6,29290.1789
2018-05-11 04:00:00,736.89,742.0,720.0,722.52,17536.33699
2018-05-11 08:00:00,722.52,732.5,714.79,730.0,22958.70898
2018-05-11 12:00:00,730.0,737.23,683.0,692.53,44312.83897
2018-05-11 16:00:00,692.53,713.0,676.19,678.0,47449.45848
2018-05-11 20:00:00,677.6,690.58,666.73,682.2,55303.74881
2018-05-12 00:00:00,681.43,694.8,676.36,688.97,23532.3751
2018-05-12 04:00:00,688.97,692.06,663.0,676.96,23396.41957
2018-05-12 08:00:00,676.96,687.0,672.91,675.45,11623.63134
2018-05-12 12:00:00,675.45,680.01,633.2,653.58,42368.16113
2018-05-12 16:00:00,653.57,689.31,637.0,677.13,37412.62623
2018-05-12 20:00:00,677.07,690.0,652.0,659.6,40181.6233
2018-05-13 00:00:00,659.66,683.49,651.04,681.34,20059.5751
2018-05-13 04:00:00,680.72,690.2,667.05,684.11,15155.45777
2018-05-13 08:00:00,684.56,689.11,666.31,679.96,10567.5924
2018-05-13 12:00:00,679.45,686.95,667.02,683.67,11260.13825
2018-05-13 16:00:00,683.67,700.69,678.16,695.01,27926.84382
2018-05-13 20:00:00,695.84,729.34,694.82,727.01,32274.98161
2018-05-14 00:00:00,727.5,740.0,715.3,728.64,36537.0503
2018-05-14 04:00:00,728.64,742.0,725.61,729.08,17455.78569
2018-05-14 08:00:00,729.08,733.99,693.0,696.0,33123.87243
2018-05-14 12:00:00,696.0,706.19,687.0,703.78,29533.40515
2018-05-14 16:00:00,703.08,716.87,697.11,713.34,23080.23935
2018-05-14 20:00:00,713.33,741.0,686.0,733.25,58362.44615
2018-05-15 00:00:00,733.83,738.23,726.22,733.8,19219.97753
2018-05-15 04:00:00,733.8,743.9,717.0,727.49,20146.98179
2018-05-15 08:00:00,727.49,736.48,720.0,728.55,13051.64154
2018-05-15 12:00:00,728.55,737.0,725.49,735.03,13587.88341
2018-05-15 16:00:00,735.07,740.0,722.0,732.51,28587.36414
2018-05-15 20:00:00,732.51,735.85,707.75,717.98,32861.60442
2018-05-16 00:00:00,718.03,728.2,705.0,713.77,22697.95301
2018-05-16 04:00:00,713.55,715.39,695.0,704.91,16404.77211
2018-05-16 08:00:00,704.91,709.0,673.52,678.51,30306.2033
2018-05-16 12:00:00,679.03,694.49,678.51,690.01,17351.97613
2018-05-16 16:00:00,690.73,712.84,684.2,704.66,17475.18336
2018-05-16 20:00:00,704.66,708.28,678.01,697.36,25147.95107
2018-05-17 00:00:00,697.36,703.49,689.03,694.05,17183.87514
2018-05-17 04:00:00,693.13,707.5,691.75,706.29,11437.27995
2018-05-17 08:00:00,706.8,719.25,705.7,709.69,20653.09206
2018-05-17 12:00:00,709.7,714.15,695.0,698.7,17524.16403
2018-05-17 16:00:00,698.69,705.04,696.45,700.95,13214.85325
2018-05-17 20:00:00,701.71,708.56,695.72,706.01,11907.63823
2018-05-18 00:00:00,706.46,707.86,678.0,683.7,19102.57451
2018-05-18 04:00:00,684.36,690.65,662.0,667.62,24321.06167
2018-05-18 08:00:00,667.62,675.0,656.0,669.9,26082.32473
2018-05-18 12:00:00,669.2,682.0,667.27,677.74,19431.40793
2018-05-18 16:00:00,677.78,685.68,674.99,680.56,15779.25952
2018-05-18 20:00:00,680.78,683.98,667.89,676.95,16690.84365
2018-05-19 00:00:00,676.95,692.0,671.7,689.19,16805.3948
2018-05-19 04:00:00,689.89,694.9,683.84,692.6,11752.43244
2018-05-19 08:00:00,693.26,696.0,682.46,692.03,11266.55514
2018-05-19 12:00:00,692.0,694.48,682.31,684.58,10021.81313
2018-05-19 16:00:00,684.63,709.16,682.75,709.16,13868.37507
2018-05-19 20:00:00,709.16,717.8,701.79,706.92,26841.34607
2018-05-20 00:00:00,706.92,707.55,696.3,703.66,13260.31518
2018-05-20 04:00:00,704.0,704.81,684.0,697.0,13570.45182
2018-05-20 08:00:00,697.0,708.56,688.4,701.92,14198.5555
2018-05-20 12:00:00,701.88,709.77,701.13,707.59,9355.00991
2018-05-20 16:00:00,707.58,718.2,703.7,712.5,16742.75236
2018-05-20 20:00:00,713.13,715.98,706.98,714.35,13861.27105
2018-05-21 00:00:00,714.34,729.88,714.02,720.48,20432.99511
2018-05-21 04:00:00,720.48,724.38,710.0,716.16,11414.15697
2018-05-21 08:00:00,716.16,719.14,704.39,712.72,15248.24502
2018-05-21 12:00:00,712.05,720.46,711.5,717.36,15604.0534
2018-05-21 16:00:00,717.36,718.44,705.0,709.52,16174.09593
2018-05-21 20:00:00,709.52,711.5,695.25,701.0,20397.94874
2018-05-22 00:00:00,701.0,701.0,688.0,695.81,17483.46129
2018-05-22 04:00:00,695.08,701.09,693.08,696.7,11177.35013
2018-05-22 08:00:00,697.1,699.6,682.2,688.56,15408.91242
2018-05-22 12:00:00,688.76,699.0,684.15,694.27,11629.7675
2018-05-22 16:00:00,694.27,695.37,681.13,683.67,14338.92828
2018-05-22 20:00:00,683.7,688.0,677.0,680.04,16066.99749
2018-05-23 00:00:00,680.43,682.71,662.0,666.66,16522.75827
2018-05-23 04:00:00,666.2,666.2,637.32,640.99,33092.21294
2018-05-23 08:00:00,640.86,669.0,625.65,642.19,37471.48448
2018-05-23 12:00:00,642.19,644.0,619.0,621.09,26214.97515
2018-05-23 16:00:00,621.2,629.5,610.0,620.99,35821.99589
2018-05-23 20:00:00,620.4,629.54,592.39,598.63,35362.11977
2018-05-24 00:00:00,598.57,599.97,560.0,591.46,82503.14714
2018-05-24 04:00:00,591.46,598.5,568.0,577.19,39726.04853
2018-05-24 08:00:00,577.19,599.14,576.39,595.92,31233.68989
2018-05-24 12:00:00,595.92,612.1,587.65,590.4,29846.40482
2018-05-24 16:00:00,590.4,591.68,550.0,564.76,55080.27044
2018-05-24 20:00:00,565.0,595.94,555.01,595.62,31641.73224
2018-05-25 00:00:00,595.04,597.94,577.5,596.1,28369.22044
2018-05-25 04:00:00,595.82,604.46,583.11,602.18,19683.30714
2018-05-25 08:00:00,602.08,606.98,588.01,602.2,18985.40653
2018-05-25 12:00:00,602.6,617.46,582.41,593.25,27510.85322
2018-05-25 16:00:00,593.23,600.0,584.25,597.57,21603.89321
2018-05-25 20:00:00,597.57,607.05,591.2,598.99,17720.98061
2018-05-26 00:00:00,598.99,599.71,575.4,580.84,17852.28038
2018-05-26 04:00:00,580.4,586.05,568.7,585.55,14402.84878
2018-05-26 08:00:00,585.56,590.0,578.32,586.14,11890.82416
2018-05-26 12:00:00,586.53,606.29,580.59,598.48,15199.77813
2018-05-26 16:00:00,598.96,603.92,592.98,599.58,12103.46003
2018-05-26 20:00:00,599.59,604.95,595.01,604.0,12158.77262
2018-05-27 00:00:00,604.0,605.2,597.2,600.51,11392.72175
2018-05-27 04:00:00,600.51,607.62,582.1,586.0,14908.56863
2018-05-27 08:00:00,586.03,587.04,575.6,581.36,15165.35223
2018-05-27 12:00:00,581.35,592.0,578.96,586.53,11524.74047
2018-05-27 16:00:00,586.69,587.89,572.01,575.83,21937.17941
2018-05-27 20:00:00,575.78,577.0,564.05,571.97,18259.82688
2018-05-28 00:00:00,572.4,573.49,557.43,560.48,16299.44308
2018-05-28 04:00:00,560.04,573.42,558.5,570.4,13910.72506
2018-05-28 08:00:00,570.81,576.2,567.64,570.07,14034.79657
2018-05-28 12:00:00,571.16,572.69,523.61,534.39,49098.02917
2018-05-28 16:00:00,534.39,538.0,525.42,529.36,21713.39053
2018-05-28 20:00:00,529.64,541.38,520.7,530.26,26289.87997
2018-05-29 00:00:00,530.26,533.0,520.26,526.2,15468.69946
2018-05-29 04:00:00,526.2,528.37,506.11,511.5,26593.03708
2018-05-29 08:00:00,511.5,526.0,510.0,525.22,25275.43507
2018-05-29 12:00:00,525.48,529.16,513.58,523.24,24421.47422
2018-05-29 16:00:00,523.25,556.47,517.55,552.9,40340.93974
2018-05-29 20:00:00,553.69,572.25,548.04,555.03,48093.73739
2018-05-30 00:00:00,555.2,572.55,554.44,564.96,26029.22844
2018-05-30 04:00:00,564.96,573.43,557.32,567.36,24922.02302
2018-05-30 08:00:00,567.09,585.83,563.5,568.97,27294.51073
2018-05-30 12:00:00,568.93,573.99,555.28,565.58,25173.86728
2018-05-30 16:00:00,565.58,576.27,558.15,570.82,14123.26717
2018-05-30 20:00:00,571.0,573.02,542.56,548.78,28005.05145
2018-05-31 00:00:00,548.77,552.0,541.2,549.0,16490.96158
2018-05-31 04:00:00,548.55,563.0,545.24,557.19,11044.61189
2018-05-31 08:00:00,557.87,567.0,552.98,562.61,15239.46491
2018-05-31 12:00:00,563.05,578.8,561.6,572.81,20405.25754
2018-05-31 16:00:00,572.81,576.55,566.01,574.93,13581.94381
2018-05-31 20:00:00,574.46,579.0,568.6,576.33,16704.7556
2018-06-01 00:00:00,576.37,586.73,573.0,575.47,16120.05695
2018-06-01 04:00:00,575.47,586.1,568.0,577.81,18050.04395
2018-06-01 08:00:00,577.81,582.98,568.9,573.47,14646.79759
2018-06-01 12:00:00,573.47,586.7,569.01,583.11,14758.51161
2018-06-01 16:00:00,583.11,590.26,570.13,570.63,15906.40871
2018-06-01 20:00:00,570.14,589.66,570.0,576.31,14676.15682
2018-06-02 00:00:00,576.05,578.98,564.93,572.23,13993.4774
2018-06-02 04:00:00,572.23,582.15,566.0,579.0,9859.48949
2018-06-02 08:00:00,579.0,582.8,572.9,577.92,7500.40103
2018-06-02 12:00:00,577.92,589.99,576.46,587.8,15733.27694
2018-06-02 16:00:00,587.79,598.0,587.0,592.73,22605.38281
2018-06-02 20:00:00,592.73,597.1,589.0,590.89,14330.89873
2018-06-03 00:00:00,590.89,599.17,587.01,598.46,12914.56946
2018-06-03 04:00:00,598.42,599.0,590.0,590.85,7173.61822
2018-06-03 08:00:00,590.85,597.07,590.1,593.66,7496.30848
2018-06-03 12:00:00,593.66,607.32,592.0,606.93,12520.29979
2018-06-03 16:00:00,606.93,628.81,606.12,619.93,25810.57815
2018-06-03 20:00:00,620.0,626.47,616.24,623.01,14561.46535
2018-06-04 00:00:00,623.59,625.44,606.95,616.77,18021.28913
2018-06-04 04:00:00,616.24,621.0,612.88,619.66,5713.39145
2018-06-04 08:00:00,619.66,625.47,614.34,618.3,10812.08426
2018-06-04 12:00:00,618.86,619.95,601.35,606.94,21128.3283
2018-06-04 16:00:00,606.6,609.0,591.2,592.32,21407.11496
2018-06-04 20:00:00,592.46,598.38,580.5,586.5,22112.52514
2018-06-05 00:00:00,586.5,593.28,580.15,591.5,11688.59446
2018-06-05 04:00:00,591.5,599.96,585.62,591.02,9190.79795
2018-06-05 08:00:00,591.02,599.0,576.81,582.16,16599.1081
2018-06-05 12:00:00,582.17,589.0,576.08,586.4,13205.52734
2018-06-05 16:00:00,586.75,609.0,570.36,587.02,17569.01485
2018-06-05 20:00:00,587.76,601.0,583.0,600.12,10818.94709
2018-06-06 00:00:00,600.14,614.0,600.0,607.24,22293.9521
2018-06-06 04:00:00,607.24,611.74,603.0,609.05,8567.19403
2018-06-06 08:00:00,609.29,611.98,603.29,606.11,8354.5243
2018-06-06 12:00:00,605.63,613.35,598.41,606.68,15811.10691
2018-06-06 16:00:00,606.63,607.7,600.05,606.01,9768.36107
2018-06-06 20:00:00,606.01,612.67,603.5,611.31,9995.00276
2018-06-07 00:00:00,611.3,611.43,593.4,598.26,15142.30825
2018-06-07 04:00:00,598.27,610.0,594.23,607.4,11081.61788
2018-06-07 08:00:00,606.68,618.0,606.59,614.73,12653.1777
2018-06-07 12:00:00,614.73,615.69,605.08,609.58,10264.36431
2018-06-07 16:00:00,609.18,613.12,606.25,607.6,10470.39568
2018-06-07 20:00:00,608.14,611.16,602.57,605.9,10204.72322
2018-06-08 00:00:00,605.9,611.5,604.27,606.52,7197.47616
2018-06-08 04:00:00,606.52,607.0,598.24,605.16,9384.05173
2018-06-08 08:00:00,605.2,608.45,601.25,601.25,9749.79828
2018-06-08 12:00:00,601.25,606.65,598.31,600.13,8593.59453
2018-06-08 16:00:00,600.92,604.24,595.1,596.56,10929.09724
2018-06-08 20:00:00,596.56,600.57,593.33,599.93,9195.71269
2018-06-09 00:00:00,599.93,602.94,595.64,597.79,7109.22469
2018-06-09 04:00:00,597.51,602.77,596.53,598.68,3650.58012
2018-06-09 08:00:00,599.29,608.97,598.51,606.13,7704.32865
2018-06-09 12:00:00,606.15,608.27,604.75,604.98,5141.95502
2018-06-09 16:00:00,605.37,607.2,601.56,605.1,6077.58677
2018-06-09 20:00:00,605.39,605.98,596.1,602.32,7343.74697
2018-06-10 00:00:00,602.32,603.41,597.45,599.67,6694.4084
2018-06-10 04:00:00,599.61,601.35,591.0,592.87,5946.03949
2018-06-10 08:00:00,592.44,592.87,566.87,568.98,27965.25145
2018-06-10 12:00:00,568.98,574.77,557.31,559.5,16596.83494
2018-06-10 16:00:00,559.5,568.39,558.58,567.06,16465.95212
2018-06-10 20:00:00,566.67,571.18,560.23,567.44,12566.66932
2018-06-11 00:00:00,567.08,567.5,523.68,538.16,65155.43067
2018-06-11 04:00:00,538.52,538.7,501.13,524.11,51600.44579
2018-06-11 08:00:00,524.64,534.36,509.0,531.46,25793.714
2018-06-11 12:00:00,531.46,535.51,516.33,516.59,23750.37049
2018-06-11 16:00:00,516.59,534.37,515.68,533.54,25868.44386
2018-06-11 20:00:00,533.54,534.0,508.66,512.56,25978.95678
2018-06-12 00:00:00,512.56,525.0,509.01,519.0,26197.0869
2018-06-12 04:00:00,519.01,534.2,514.31,531.69,18224.50616
2018-06-12 08:00:00,531.08,533.27,520.0,525.0,22280.21249
2018-06-12 12:00:00,524.95,534.08,524.61,529.54,19922.99202
2018-06-12 16:00:00,529.53,538.88,527.19,531.87,20409.25131
2018-06-12 20:00:00,532.34,532.9,519.0,524.66,21886.70202
2018-06-13 00:00:00,524.67,524.86,483.5,491.34,40914.08252
2018-06-13 04:00:00,491.7,496.5,482.0,493.0,32809.90776
2018-06-13 08:00:00,493.0,501.97,490.73,497.77,16438.46481
2018-06-13 12:00:00,497.76,499.5,488.41,489.99,20083.16676
2018-06-13 16:00:00,489.99,490.5,461.0,476.01,48362.63522
2018-06-13 20:00:00,476.0,480.99,460.24,462.78,29643.61506
2018-06-14 00:00:00,463.17,479.89,449.06,468.16,52432.15732
2018-06-14 04:00:00,467.85,477.97,463.86,475.47,14882.155
2018-06-14 08:00:00,475.47,495.24,468.67,486.32,34672.04473
2018-06-14 12:00:00,486.32,490.0,479.68,482.74,18329.90547
2018-06-14 16:00:00,482.74,490.5,482.74,487.95,19692.68915
2018-06-14 20:00:00,487.95,488.2,460.0,463.83,26436.973
2018-06-15 00:00:00,463.91,529.0,463.82,519.65,86003.19022
2018-06-15 04:00:00,519.65,525.3,511.1,519.29,20958.27073
2018-06-15 08:00:00,519.3,521.0,510.12,512.93,17459.93484
2018-06-15 12:00:00,512.64,513.83,501.0,504.93,21230.15206
2018-06-15 16:00:00,504.68,507.94,489.39,495.64,35505.7573
2018-06-15 20:00:00,495.63,505.12,485.5,503.83,33427.83153
2018-06-16 00:00:00,503.83,512.04,494.19,495.94,28393.02233
2018-06-16 04:00:00,495.94,496.7,481.62,487.48,24515.83801
2018-06-16 08:00:00,487.47,495.0,484.0,491.08,19870.18369
2018-06-16 12:00:00,491.66,500.49,490.7,497.4,20899.04667
2018-06-16 16:00:00,497.05,502.98,493.36,497.46,20001.56178
2018-06-16 20:00:00,497.46,499.5,483.72,486.06,26334.0234
2018-06-17 00:00:00,486.42,503.28,483.96,497.09,27589.57309
2018-06-17 04:00:00,497.1,502.95,494.0,496.74,16401.0631
2018-06-17 08:00:00,496.45,507.6,496.17,506.67,20866.26398
2018-06-17 12:00:00,506.76,507.6,500.08,501.12,17569.12828
2018-06-17 16:00:00,501.31,507.12,498.0,500.95,20727.32023
2018-06-17 20:00:00,500.89,502.97,494.12,502.13,20959.51386
2018-06-18 00:00:00,502.12,503.45,498.52,501.32,18866.67838
2018-06-18 04:00:00,501.5,502.09,492.7,497.14,18328.02748
2018-06-18 08:00:00,497.15,497.83,487.27,493.62,21449.34683
2018-06-18 12:00:00,493.93,495.44,491.06,494.74,16435.48899
2018-06-18 16:00:00,494.73,499.94,489.53,492.67,19940.98202
2018-06-18 20:00:00,492.42,498.62,492.41,496.47,22598.86012
2018-06-19 00:00:00,496.78,524.48,496.49,514.59,46210.86298
2018-06-19 04:00:00,514.59,519.94,514.59,517.95,17191.14178
2018-06-19 08:00:00,517.77,521.11,513.88,515.19,12207.66754
2018-06-19 12:00:00,515.18,520.0,514.0,519.26,18885.13679
2018-06-19 16:00:00,519.27,542.0,510.01,534.0,35674.22165
2018-06-19 20:00:00,533.66,548.2,532.05,534.59,35234.55731
2018-06-20 00:00:00,534.79,538.0,527.0,537.22,24302.16386
2018-06-20 04:00:00,537.83,539.07,529.27,537.97,21844.63349
2018-06-20 08:00:00,537.68,538.89,516.0,519.93,40986.65924
2018-06-20 12:00:00,519.39,525.48,515.08,525.25,19817.75595
2018-06-20 16:00:00,525.25,530.0,519.62,523.3,14919.12577
2018-06-20 20:00:00,523.31,541.02,518.06,535.29,29662.87399
2018-06-21 00:00:00,535.42,542.02,534.27,534.82,10138.71554
2018-06-21 04:00:00,535.31,536.86,531.41,536.49,8366.91191
2018-06-21 08:00:00,536.34,544.98,534.67,542.56,13887.44736
2018-06-21 12:00:00,542.56,544.0,536.5,540.5,10919.57802
2018-06-21 16:00:00,540.5,541.03,528.0,536.18,18676.65518
2018-06-21 20:00:00,536.24,536.32,525.55,528.61,17801.38577
2018-06-22 00:00:00,528.61,529.27,521.11,524.39,11960.95127
2018-06-22 04:00:00,524.01,528.1,523.2,526.18,6616.88784
2018-06-22 08:00:00,526.32,526.44,510.48,516.19,17024.04585
2018-06-22 12:00:00,516.23,517.16,496.0,499.55,25404.59607
2018-06-22 16:00:00,500.04,503.76,483.5,486.99,41613.02849
2018-06-22 20:00:00,486.92,487.3,461.3,473.5,53070.14466
2018-06-23 00:00:00,473.82,482.66,467.49,476.19,24445.03919
2018-06-23 04:00:00,475.59,476.13,450.0,462.09,51102.68011
2018-06-23 08:00:00,462.4,475.09,460.06,466.14,20726.24693
2018-06-23 12:00:00,466.38,471.0,455.0,467.98,18634.48515
2018-06-23 16:00:00,467.98,477.0,463.51,472.59,18851.60417
2018-06-23 20:00:00,472.61,472.89,462.83,467.46,15265.20397
2018-06-24 00:00:00,467.46,475.94,467.11,474.53,10866.5677
2018-06-24 04:00:00,474.53,481.0,472.0,473.41,10121.16042
2018-06-24 08:00:00,473.4,475.81,460.0,464.54,18096.8634
2018-06-24 12:00:00,464.22,464.78,432.0,436.9,48286.82239
2018-06-24 16:00:00,436.71,446.0,432.66,440.34,26178.49802
2018-06-24 20:00:00,440.72,442.0,419.53,421.07,30389.75153
2018-06-25 00:00:00,421.73,462.96,420.52,454.29,56447.69282
2018-06-25 04:00:00,454.3,461.7,448.0,454.41,18864.47263
2018-06-25 08:00:00,454.29,456.85,444.37,449.75,16492.45664
2018-06-25 12:00:00,449.77,454.46,448.21,449.16,13042.1836
2018-06-25 16:00:00,449.16,467.93,448.51,465.4,20089.50528
2018-06-25 20:00:00,465.22,474.47,452.91,465.46,45414.31184
2018-06-26 00:00:00,465.46,470.1,456.0,460.0,19985.45683
2018-06-26 04:00:00,459.86,463.8,457.38,458.7,7918.20231
2018-06-26 08:00:00,459.04,460.81,452.07,455.92,9200.14356
2018-06-26 20:00:00,455.39,455.95,440.51,446.72,32728.06125
2018-06-27 00:00:00,446.1,450.0,437.21,437.82,17836.56359
2018-06-27 04:00:00,438.0,449.4,429.0,429.34,24238.33136
2018-06-27 08:00:00,429.81,434.01,425.46,427.21,17668.44555
2018-06-27 12:00:00,427.21,434.88,426.56,431.86,20368.77709
2018-06-27 16:00:00,432.14,442.2,431.0,434.13,21684.58178
2018-06-27 20:00:00,434.2,435.69,420.19,431.36,17524.85011
2018-06-28 00:00:00,431.67,437.93,429.21,436.77,10632.22532
2018-06-28 04:00:00,436.76,445.95,433.42,441.64,11277.48452
2018-06-28 08:00:00,441.36,443.96,430.5,432.6,15459.38967
2018-06-28 12:00:00,432.71,435.28,430.0,435.21,18787.39104
2018-06-28 16:00:00,435.28,436.36,431.54,435.88,9674.76374
2018-06-28 20:00:00,435.88,440.0,432.17,435.4,16740.28554
2018-06-29 00:00:00,435.4,439.77,433.54,435.98,10888.96831
2018-06-29 04:00:00,435.97,437.58,416.45,420.22,40758.76884
2018-06-29 08:00:00,420.48,425.19,419.34,421.81,17225.13733
2018-06-29 12:00:00,421.81,422.19,406.47,415.89,30331.02277
2018-06-29 16:00:00,415.59,419.0,409.11,410.81,16425.34593
2018-06-29 20:00:00,411.14,415.79,404.48,414.79,32581.0575
2018-06-30 00:00:00,414.45,415.0,407.0,409.85,21837.11818
2018-06-30 04:00:00,409.85,442.0,409.23,434.77,41095.62771
2018-06-30 08:00:00,434.77,463.15,434.51,446.52,52989.99555
2018-06-30 12:00:00,446.78,453.11,446.54,451.66,26865.9783
2018-06-30 16:00:00,451.66,460.0,450.2,453.54,25541.38934
2018-06-30 20:00:00,453.32,459.0,443.5,448.5,25477.25779
2018-07-01 00:00:00,448.87,449.42,441.0,443.81,14725.13136
2018-07-01 04:00:00,443.98,456.0,441.05,454.09,11569.45008
2018-07-01 08:00:00,454.2,457.0,446.17,450.89,18660.3327
2018-07-01 12:00:00,450.64,456.99,449.3,454.6,11884.42045
2018-07-01 16:00:00,454.58,457.77,452.35,454.83,9015.91936
2018-07-01 20:00:00,455.0,455.27,443.73,450.26,20999.82421
2018-07-02 00:00:00,450.02,450.84,447.06,448.88,27290.65479
2018-07-02 04:00:00,449.47,455.8,448.45,452.1,23375.47695
2018-07-02 08:00:00,452.14,453.45,448.6,450.65,21044.31307
2018-07-02 12:00:00,451.15,453.08,444.16,452.24,24267.63706
2018-07-02 16:00:00,451.52,454.0,447.9,450.67,29648.47956
2018-07-02 20:00:00,450.7,478.0,449.24,474.43,54584.8404
2018-07-03 00:00:00,474.43,481.2,470.01,476.98,31179.67219
2018-07-03 04:00:00,476.98,481.83,474.0,476.25,21860.1679
2018-07-03 08:00:00,476.32,483.63,472.1,480.14,24123.5121
2018-07-03 12:00:00,480.5,486.98,477.38,478.95,28009.29909
2018-07-03 16:00:00,479.37,479.51,462.7,472.38,40143.62293
2018-07-03 20:00:00,472.39,472.5,465.34,468.94,28965.69533
2018-07-04 00:00:00,469.18,471.66,462.5,468.83,29060.44682
2018-07-04 04:00:00,468.81,471.31,457.0,461.82,36651.97851
2018-07-04 08:00:00,461.78,464.32,458.02,460.63,2287.1044
2018-07-04 16:00:00,460.92,468.34,458.44,466.49,20291.13924
2018-07-04 20:00:00,466.66,482.7,466.45,473.45,33282.74252
2018-07-05 00:00:00,473.21,476.0,470.01,473.93,20949.87451
2018-07-05 04:00:00,473.93,475.67,462.96,467.38,25075.34132
2018-07-05 08:00:00,467.19,476.6,461.54,470.57,28468.59412
2018-07-05 12:00:00,470.8,475.72,469.13,472.03,22510.3838
2018-07-05 16:00:00,472.02,480.0,469.52,472.81,18166.83527
2018-07-05 20:00:00,472.81,477.5,464.39,471.96,25800.59684
2018-07-06 00:00:00,471.96,474.77,458.8,462.75,22041.65635
2018-07-06 04:00:00,462.68,470.56,461.43,467.87,8817.94192
2018-07-06 08:00:00,467.79,470.51,465.3,468.0,10151.47509
2018-07-06 12:00:00,468.0,468.71,451.29,456.99,27356.77102
2018-07-06 16:00:00,456.99,464.07,455.65,463.22,22370.89939
2018-07-06 20:00:00,463.03,470.56,463.03,467.93,18605.10417
2018-07-07 00:00:00,467.94,476.0,465.98,469.16,14992.19789
2018-07-07 04:00:00,468.94,471.32,465.1,470.47,6952.20046
2018-07-07 08:00:00,470.48,471.32,465.33,467.66,6298.21324
2018-07-07 12:00:00,467.76,472.86,467.08,470.25,9778.92735
2018-07-07 16:00:00,470.25,471.0,466.93,470.7,7487.31118
2018-07-07 20:00:00,470.69,472.4,461.5,467.6,14388.33981
2018-07-08 00:00:00,467.2,470.0,464.87,465.97,17667.74782
2018-07-08 04:00:00,465.93,487.99,463.56,485.57,28009.41442
2018-07-08 08:00:00,485.57,492.89,482.22,482.64,33906.5809
2018-07-08 12:00:00,482.65,485.63,482.05,484.71,17740.68446
2018-07-08 16:00:00,484.71,486.5,484.19,486.03,19139.40878
2018-07-08 20:00:00,486.09,495.98,484.1,490.17,28071.5313
2018-07-09 00:00:00,490.35,492.3,488.33,491.51,19710.95226
2018-07-09 04:00:00,491.61,492.14,485.55,486.77,26133.97856
2018-07-09 08:00:00,486.55,488.98,478.67,482.77,19429.72207
2018-07-09 12:00:00,482.77,485.59,479.54,483.64,9432.15413
2018-07-09 16:00:00,483.88,484.5,478.67,482.52,11075.91899
2018-07-09 20:00:00,482.51,484.01,479.07,480.24,14294.62479
2018-07-10 00:00:00,480.27,480.35,473.01,477.14,16104.04679
2018-07-10 04:00:00,477.13,484.0,468.2,471.71,19195.67432
2018-07-10 08:00:00,471.73,473.23,450.0,458.95,34391.59071
2018-07-10 12:00:00,458.5,464.0,452.95,456.6,25248.21325
2018-07-10 16:00:00,456.73,459.51,427.69,435.18,50306.15777
2018-07-10 20:00:00,435.09,441.97,431.2,440.71,31147.71327
2018-07-11 00:00:00,440.46,444.42,433.22,438.02,16721.31866
2018-07-11 04:00:00,438.02,442.33,428.92,432.48,15825.98254
2018-07-11 08:00:00,432.55,440.99,430.99,432.15,16605.89941
2018-07-11 12:00:00,432.15,438.93,424.2,435.71,32789.26108
2018-07-11 16:00:00,435.94,452.69,435.67,443.98,36530.8419
2018-07-11 20:00:00,443.95,446.24,438.86,439.64,27352.13452
2018-07-12 00:00:00,439.79,439.99,432.16,436.17,24322.40447
2018-07-12 04:00:00,436.19,445.42,435.66,444.99,21422.05588
2018-07-12 08:00:00,444.99,445.36,437.2,441.16,28924.89787
2018-07-12 12:00:00,441.19,441.57,429.0,432.14,36525.37408
2018-07-12 16:00:00,432.01,436.42,426.5,429.43,32553.99706
2018-07-12 20:00:00,429.51,433.0,427.47,430.03,24755.36902
2018-07-13 00:00:00,430.23,434.53,426.01,428.14,26133.33572
2018-07-13 04:00:00,428.01,431.76,416.94,431.14,32984.10549
2018-07-13 08:00:00,431.14,438.56,429.11,438.2,32656.15709
2018-07-13 12:00:00,438.2,439.53,433.66,437.4,21977.27975
2018-07-13 16:00:00,437.4,438.35,436.46,437.58,19931.51618
2018-07-13 20:00:00,437.57,442.47,435.64,438.46,27583.43084
2018-07-14 00:00:00,438.66,441.82,428.49,429.39,24792.86985
2018-07-14 04:00:00,429.33,434.07,424.62,432.46,23379.07161
2018-07-14 08:00:00,432.43,436.78,429.03,430.55,24666.58703
2018-07-14 12:00:00,430.63,434.0,430.15,432.42,15303.76444
2018-07-14 16:00:00,432.34,432.93,428.26,432.58,16161.09491
2018-07-14 20:00:00,432.65,436.74,432.48,436.39,22231.22392
2018-07-15 00:00:00,436.4,439.24,431.13,434.92,27383.67646
2018-07-15 04:00:00,434.91,440.0,430.3,433.19,16507.34721
2018-07-15 08:00:00,433.2,433.98,430.52,433.5,16253.06356
2018-07-15 12:00:00,433.41,437.48,433.12,436.71,28411.02339
2018-07-15 16:00:00,436.66,448.45,436.16,447.09,22227.49532
2018-07-15 20:00:00,447.08,452.99,443.65,452.96,31359.27665
2018-07-16 00:00:00,452.86,455.0,448.0,450.19,25239.81968
2018-07-16 04:00:00,450.09,453.65,447.66,449.78,16924.59188
2018-07-16 08:00:00,449.79,451.77,444.03,447.58,18770.79936
2018-07-16 12:00:00,447.67,456.23,446.25,452.82,25189.11206
2018-07-16 16:00:00,452.87,477.68,451.84,473.58,42812.99
2018-07-16 20:00:00,473.5,476.99,470.1,473.6,35166.45169
2018-07-17 00:00:00,473.65,480.0,471.97,477.88,27925.65087
2018-07-17 04:00:00,478.22,480.57,473.87,478.49,22575.70945
2018-07-17 08:00:00,478.49,481.03,475.56,479.95,25005.24978
2018-07-17 12:00:00,479.92,482.38,470.22,473.99,27632.28354
2018-07-17 16:00:00,473.82,475.99,465.53,466.67,25774.6248
2018-07-17 20:00:00,467.04,473.78,465.29,473.16,33733.75409
2018-07-18 00:00:00,472.98,512.0,470.06,498.47,71916.33983
2018-07-18 04:00:00,498.47,504.63,497.95,498.76,31255.81557
2018-07-18 08:00:00,498.89,515.47,498.39,505.04,37044.69118
2018-07-18 12:00:00,505.1,506.58,500.59,504.11,34841.67841
2018-07-18 16:00:00,504.11,504.5,494.21,497.87,35248.06777
2018-07-18 20:00:00,497.88,501.0,488.5,493.99,41440.29999
2018-07-19 00:00:00,493.96,499.5,481.0,483.35,43549.1916
2018-07-19 04:00:00,483.72,483.73,468.01,479.41,44013.87815
2018-07-19 08:00:00,479.4,479.49,469.02,474.27,28944.66429
2018-07-19 12:00:00,474.12,478.69,473.58,476.39,25091.84439
2018-07-19 16:00:00,476.26,481.17,475.0,479.89,24047.45304
2018-07-19 20:00:00,480.27,484.15,465.79,468.43,42054.32623
2018-07-20 00:00:00,468.43,472.89,462.57,467.85,31890.05024
2018-07-20 04:00:00,467.46,478.18,466.0,468.57,19279.72886
2018-07-20 08:00:00,468.7,469.01,458.59,466.59,27308.75312
2018-07-20 12:00:00,466.59,466.98,451.93,459.76,29571.97266
2018-07-20 16:00:00,459.76,469.48,459.0,465.16,29610.34505
2018-07-20 20:00:00,465.42,466.18,457.18,458.24,22069.72564
2018-07-21 00:00:00,457.92,471.02,444.51,445.71,38197.60252
2018-07-21 04:00:00,445.51,450.33,440.0,449.04,14114.98345
2018-07-21 08:00:00,449.04,455.53,441.18,454.7,15976.72858
2018-07-21 12:00:00,454.7,464.51,452.38,459.6,13955.74768
2018-07-21 16:00:00,459.6,463.54,450.28,457.05,13281.26615
2018-07-21 20:00:00,457.05,467.43,454.99,466.2,10924.40475
2018-07-22 00:00:00,466.0,468.97,461.79,465.98,12770.41941
2018-07-22 04:00:00,465.98,468.97,460.23,460.23,7351.0741
2018-07-22 08:00:00,460.23,467.26,455.48,460.67,9707.76641
2018-07-22 12:00:00,460.84,464.44,459.6,461.1,6353.41092
2018-07-22 16:00:00,461.1,464.96,460.77,463.9,7916.33544
2018-07-22 20:00:00,463.89,472.2,462.96,468.61,16658.20894
2018-07-23 00:00:00,468.78,469.77,460.88,464.0,9537.24321
2018-07-23 04:00:00,464.08,467.06,454.19,457.47,10511.93103
2018-07-23 08:00:00,457.47,468.47,455.0,465.98,13672.32132
2018-07-23 12:00:00,465.83,469.82,464.26,465.61,13792.19471
2018-07-23 16:00:00,465.61,466.23,458.84,462.7,25458.39421
2018-07-23 20:00:00,462.48,464.98,460.19,463.49,15676.86941
2018-07-24 00:00:00,463.44,464.97,450.16,451.27,24491.40132
2018-07-24 04:00:00,451.27,452.96,447.11,450.05,13470.27984
2018-07-24 08:00:00,450.05,454.4,448.47,450.86,17434.86261
2018-07-24 12:00:00,451.03,477.0,450.24,472.33,44193.66105
2018-07-24 16:00:00,472.34,476.88,466.32,475.18,24553.15243
2018-07-24 20:00:00,475.7,484.27,468.05,474.91,44066.55677
2018-07-25 00:00:00,474.84,478.97,471.0,476.27,16220.73776
2018-07-25 04:00:00,476.19,481.0,471.49,479.28,11817.78838
2018-07-25 08:00:00,479.24,485.39,475.2,480.12,20303.58383
2018-07-25 12:00:00,480.13,485.77,476.61,477.65,31341.78059
2018-07-25 16:00:00,477.65,477.87,467.18,469.04,34365.44987
2018-07-25 20:00:00,469.53,472.86,464.0,467.8,32604.85539
2018-07-26 00:00:00,467.8,474.6,466.36,474.23,28962.04703
2018-07-26 04:00:00,474.25,478.91,471.01,472.1,22897.83265
2018-07-26 08:00:00,472.11,477.17,471.98,476.07,21136.08611
2018-07-26 12:00:00,476.29,485.0,475.77,480.37,29159.66231
2018-07-26 16:00:00,480.37,483.9,476.4,477.83,30155.37506
2018-07-26 20:00:00,478.0,478.73,474.0,475.56,29361.74472
2018-07-27 00:00:00,475.57,480.0,473.0,478.32,28963.83944
2018-07-27 04:00:00,478.27,480.0,460.0,462.64,35199.51156
2018-07-27 08:00:00,462.17,465.96,461.63,463.24,29775.00239
2018-07-27 12:00:00,463.59,465.72,457.82,460.86,29673.68468
2018-07-27 16:00:00,460.9,467.12,460.64,462.62,33737.3776
2018-07-27 20:00:00,462.62,469.12,455.84,466.51,40544.05323
2018-07-28 00:00:00,466.54,470.18,465.37,467.36,36017.23574
2018-07-28 04:00:00,467.36,474.0,466.61,470.09,28557.43847
2018-07-28 08:00:00,470.09,472.0,467.28,468.99,23143.69248
2018-07-28 12:00:00,468.84,471.12,468.3,469.79,24825.72545
2018-07-28 16:00:00,469.9,471.74,466.32,467.54,26366.01347
2018-07-28 20:00:00,467.54,468.39,460.82,463.17,30609.55639
2018-07-29 00:00:00,463.17,466.4,463.15,465.34,32343.04947
2018-07-29 04:00:00,465.33,469.45,463.42,469.29,19574.55635
2018-07-29 08:00:00,468.44,472.0,465.01,466.57,24204.9712
2018-07-29 12:00:00,466.29,467.13,463.81,464.32,22206.49142
2018-07-29 16:00:00,464.48,465.71,461.6,464.65,25631.99453
2018-07-29 20:00:00,464.73,467.72,463.21,467.29,28816.49688
2018-07-30 00:00:00,467.29,467.5,463.91,466.54,21823.48893
2018-07-30 04:00:00,466.54,469.84,464.1,466.4,16064.12038
2018-07-30 08:00:00,466.4,469.79,459.33,464.72,32440.20574
2018-07-30 12:00:00,464.8,465.28,462.0,463.99,22341.33048
2018-07-30 16:00:00,464.27,464.78,459.5,461.33,34176.3077
2018-07-30 20:00:00,461.6,462.68,455.22,456.32,28969.64424
2018-07-31 00:00:00,456.32,456.7,446.1,454.17,37658.15841
2018-07-31 04:00:00,454.22,458.39,451.26,456.23,23996.14758
2018-07-31 08:00:00,456.19,457.3,450.48,450.8,25538.44423
2018-07-31 12:00:00,450.79,452.35,449.0,449.61,28802.76178
2018-07-31 16:00:00,449.65,449.66,431.9,437.7,47679.34323
2018-07-31 20:00:00,438.25,438.47,427.3,430.0,49368.70115
2018-08-01 00:00:00,430.0,436.0,428.64,434.96,33410.46923
2018-08-01 04:00:00,434.84,434.94,427.0,432.22,30113.85267
2018-08-01 08:00:00,432.2,434.99,411.62,417.62,37687.01598
2018-08-01 12:00:00,417.47,422.64,414.29,421.51,35901.46785
2018-08-01 16:00:00,421.5,427.46,420.48,424.64,30567.82839
2018-08-01 20:00:00,424.23,425.72,420.7,421.29,34760.38557
2018-08-02 00:00:00,421.36,422.72,416.25,420.02,28529.60948
2018-08-02 04:00:00,420.02,421.97,406.55,420.41,42123.77713
2018-08-02 08:00:00,420.37,425.52,419.82,421.59,32410.61294
2018-08-02 12:00:00,421.23,422.13,418.22,421.46,22722.86812
2018-08-02 16:00:00,421.46,421.73,412.85,414.7,28839.21971
2018-08-02 20:00:00,414.96,415.72,408.73,411.91,38317.618
2018-08-03 00:00:00,411.89,415.52,407.43,409.16,36116.57259
2018-08-03 04:00:00,409.16,412.51,408.69,410.62,20014.21536
2018-08-03 08:00:00,410.62,411.09,396.61,401.26,32116.17704
2018-08-03 12:00:00,401.25,409.13,397.31,408.94,37133.40721
2018-08-03 16:00:00,409.02,411.96,406.48,410.4,26767.80724
2018-08-03 20:00:00,410.4,416.1,409.0,414.64,40379.63222
2018-08-04 00:00:00,414.38,420.01,410.99,413.5,32503.61217
2018-08-04 04:00:00,413.36,419.0,413.36,417.52,32255.97566
2018-08-04 08:00:00,417.58,419.53,414.8,418.15,26437.92412
2018-08-04 12:00:00,418.23,418.48,415.31,417.25,22058.63087
2018-08-04 16:00:00,417.39,418.66,412.02,414.07,28766.69855
2018-08-04 20:00:00,414.2,414.38,401.86,404.19,43983.46518
2018-08-05 00:00:00,404.02,409.36,402.97,405.65,39356.32386
2018-08-05 04:00:00,405.72,407.43,404.18,407.21,18895.53257
2018-08-05 08:00:00,407.21,409.46,400.16,409.28,22998.1852
2018-08-05 12:00:00,409.28,409.47,402.19,403.53,28977.16194
2018-08-05 16:00:00,403.49,409.0,402.68,406.44,22978.78028
2018-08-05 20:00:00,406.48,408.5,402.88,405.78,24196.45331
2018-08-06 00:00:00,405.79,406.91,404.01,406.38,30633.13492
2018-08-06 04:00:00,406.49,413.24,406.36,408.79,29130.05641
2018-08-06 08:00:00,408.77,413.28,407.89,410.8,28384.96153
2018-08-06 12:00:00,410.79,412.47,407.0,408.86,27442.70733
2018-08-06 16:00:00,408.78,409.07,405.46,407.59,29074.25779
2018-08-06 20:00:00,407.59,409.5,402.0,406.24,26229.90395
2018-08-07 00:00:00,406.24,406.25,397.08,404.03,24348.64392
2018-08-07 04:00:00,404.09,407.29,400.05,405.28,31015.95013
2018-08-07 08:00:00,405.19,407.13,402.97,404.99,22334.14458
2018-08-07 12:00:00,405.08,410.23,404.55,408.22,30203.84501
2018-08-07 16:00:00,408.22,412.76,407.95,410.0,30431.12841
2018-08-07 20:00:00,410.1,410.24,407.31,409.05,28356.74083
2018-08-08 00:00:00,408.87,409.95,393.33,394.56,40121.75389
2018-08-08 04:00:00,394.84,395.14,369.19,378.21,56258.49806
2018-08-08 08:00:00,378.2,380.42,370.56,376.23,35218.21307
2018-08-08 12:00:00,376.24,376.38,367.17,368.15,50072.69283
2018-08-08 16:00:00,368.13,370.0,360.73,368.83,45172.7009
2018-08-08 20:00:00,368.83,369.85,355.5,367.12,48399.33194
2018-08-09 00:00:00,367.04,368.06,347.25,363.01,64372.01074
2018-08-09 04:00:00,363.01,363.15,349.57,355.48,31812.1584
2018-08-09 08:00:00,355.48,360.99,354.63,358.58,27918.56863
2018-08-09 12:00:00,358.62,363.4,357.87,359.53,37552.51612
2018-08-09 16:00:00,359.54,360.55,356.85,357.63,41609.79815
2018-08-09 20:00:00,357.63,368.25,350.51,362.41,62428.62656
2018-08-10 00:00:00,362.49,364.8,361.02,362.42,40045.55377
2018-08-10 04:00:00,362.02,369.9,361.55,363.3,34713.14244
2018-08-10 08:00:00,363.21,365.87,356.92,359.82,40049.13966
2018-08-10 12:00:00,359.82,362.0,357.22,361.14,37233.30581
2018-08-10 16:00:00,361.14,361.51,353.5,356.99,38001.91118
2018-08-10 20:00:00,356.99,363.65,356.05,360.34,41812.24802
2018-08-11 00:00:00,360.35,360.44,354.51,355.4,32736.36466
2018-08-11 04:00:00,355.3,355.49,325.95,331.81,74441.16445
2018-08-11 08:00:00,331.88,332.98,316.84,318.86,47677.98309
2018-08-11 12:00:00,318.86,321.5,311.0,315.55,57854.72438
2018-08-11 16:00:00,315.56,318.76,312.3,314.21,44832.815
2018-08-11 20:00:00,314.24,314.81,305.0,308.81,55133.82555
2018-08-12 00:00:00,308.79,327.0,304.45,322.44,78556.87918
2018-08-12 04:00:00,322.45,330.5,316.8,317.69,51578.44523
2018-08-12 08:00:00,317.49,323.5,313.42,321.99,49252.26061
2018-08-12 12:00:00,321.89,327.13,320.55,325.16,18634.18949
2018-08-12 16:00:00,325.2,325.35,318.0,322.14,15291.57534
2018-08-12 20:00:00,322.14,323.79,315.75,322.09,18851.1359
2018-08-13 00:00:00,322.09,326.33,316.0,320.41,22045.80597
2018-08-13 04:00:00,320.27,321.76,316.92,317.89,11449.83263
2018-08-13 08:00:00,317.96,320.3,317.91,319.61,29872.3857
2018-08-13 12:00:00,319.63,320.98,313.43,317.37,42518.91736
2018-08-13 16:00:00,317.59,321.99,317.09,318.55,52090.09601
2018-08-13 20:00:00,318.63,319.84,298.0,300.4,67584.52471
2018-08-14 00:00:00,300.4,302.7,284.24,288.7,91059.2998
2018-08-14 04:00:00,288.64,289.95,280.68,283.81,24587.99856
2018-08-14 08:00:00,283.81,283.81,250.0,267.05,123329.19546
2018-08-14 12:00:00,267.2,271.99,261.08,269.22,83398.9076
2018-08-14 16:00:00,269.22,269.39,259.23,260.74,68708.4706
2018-08-14 20:00:00,260.8,267.83,252.0,259.56,79217.62221
2018-08-15 00:00:00,259.71,263.01,253.35,260.61,60613.36425
2018-08-15 04:00:00,260.62,280.34,257.86,278.41,69906.81529
2018-08-15 08:00:00,278.47,291.64,277.19,285.37,87101.20215
2018-08-15 12:00:00,285.39,287.25,278.15,283.99,65074.9078
2018-08-15 16:00:00,283.93,288.26,279.0,283.91,54872.58136
2018-08-15 20:00:00,283.88,296.08,281.25,293.52,70793.19028
2018-08-16 00:00:00,293.58,304.45,286.76,287.98,87002.0901
2018-08-16 04:00:00,288.0,292.19,276.3,281.12,73776.66987
2018-08-16 08:00:00,281.46,285.83,277.55,281.58,52400.51895
2018-08-16 12:00:00,281.58,293.0,281.13,289.19,40400.83673
2018-08-16 16:00:00,289.27,298.6,288.07,295.22,55434.74907
2018-08-16 20:00:00,295.31,298.45,285.28,291.32,45131.3337
2018-08-17 00:00:00,291.44,294.19,288.78,291.49,19313.34469
2018-08-17 04:00:00,291.32,292.08,281.11,287.17,22984.47196
2018-08-17 08:00:00,286.84,299.65,285.0,296.93,35927.38896
2018-08-17 12:00:00,296.92,302.78,295.47,302.01,60052.19939
2018-08-17 16:00:00,301.95,304.95,296.29,298.8,53589.50323
2018-08-17 20:00:00,298.79,301.1,291.98,295.57,56040.90122
2018-08-18 00:00:00,295.72,308.0,295.59,302.14,75055.8999
2018-08-18 04:00:00,302.14,318.0,299.53,317.51,61890.56798
2018-08-18 08:00:00,317.51,321.33,305.7,312.55,67045.91545
2018-08-18 12:00:00,312.58,313.54,303.0,306.0,49934.51287
2018-08-18 16:00:00,306.03,313.65,305.9,310.93,46060.31562
2018-08-18 20:00:00,310.88,312.0,285.0,290.47,100906.84987
2018-08-19 00:00:00,290.47,291.0,281.79,290.31,68978.11429
2018-08-19 04:00:00,290.32,300.43,284.68,294.11,51095.68019
2018-08-19 08:00:00,294.1,295.94,288.2,291.01,42085.16143
2018-08-19 12:00:00,291.0,297.48,288.74,292.96,42601.74232
2018-08-19 16:00:00,292.88,303.62,292.4,301.77,42887.17488
2018-08-19 20:00:00,301.76,307.4,296.39,300.51,57131.79289
2018-08-20 00:00:00,300.59,301.5,292.0,295.98,61451.05911
2018-08-20 04:00:00,295.99,303.5,294.57,299.42,42326.51778
2018-08-20 08:00:00,299.3,304.04,298.92,300.15,42142.85189
2018-08-20 12:00:00,300.19,300.85,295.0,296.76,33694.55515
2018-08-20 16:00:00,296.57,297.15,286.3,290.79,31522.5659
2018-08-20 20:00:00,290.74,292.63,282.0,286.37,32271.83919
2018-08-21 00:00:00,286.41,291.9,285.0,285.0,20976.69214
2018-08-21 04:00:00,285.18,286.48,269.5,270.51,58545.28509
2018-08-21 08:00:00,270.51,277.0,269.7,276.49,22115.17129
2018-08-21 12:00:00,276.37,280.5,274.1,279.1,17886.29202
2018-08-21 16:00:00,279.11,285.9,279.11,280.99,34027.80515
2018-08-21 20:00:00,281.02,282.0,272.3,275.31,60170.54712
2018-08-22 00:00:00,275.24,278.65,271.0,277.13,47705.64974
2018-08-22 04:00:00,277.06,282.0,275.14,281.21,42796.11139
2018-08-22 08:00:00,281.09,298.89,277.0,291.37,99735.59095
2018-08-22 12:00:00,291.38,292.69,282.17,282.97,58164.55381
2018-08-22 16:00:00,282.97,286.13,281.4,285.16,47072.21465
2018-08-22 20:00:00,285.1,285.7,275.41,275.61,46608.27727
2018-08-23 00:00:00,275.79,277.64,268.43,271.8,70606.00306
2018-08-23 04:00:00,271.82,272.94,259.5,270.8,81750.14329
2018-08-23 08:00:00,270.68,275.8,268.77,271.54,54820.32767
2018-08-23 12:00:00,271.66,274.82,269.35,273.6,36806.14963
2018-08-23 16:00:00,273.77,274.5,267.55,268.81,41217.4333
2018-08-23 20:00:00,268.82,275.0,268.38,271.96,46456.7852
2018-08-24 00:00:00,271.9,280.3,270.35,273.58,56073.13613
2018-08-24 04:00:00,273.59,278.67,271.43,275.99,41930.77716
2018-08-24 08:00:00,276.06,276.7,272.73,274.33,49247.54026
2018-08-24 12:00:00,274.34,277.12,272.71,276.13,39200.16756
2018-08-24 16:00:00,276.18,278.47,272.72,276.02,55878.67611
2018-08-24 20:00:00,275.97,277.27,270.22,272.0,41500.51136
2018-08-25 00:00:00,272.0,281.7,271.82,279.35,51982.85354
2018-08-25 04:00:00,279.29,283.1,279.07,281.19,34040.4649
2018-08-25 08:00:00,281.05,282.71,279.31,279.45,46536.91821
2018-08-25 12:00:00,279.42,280.2,275.99,276.62,42656.19029
2018-08-25 16:00:00,276.64,279.72,276.51,278.66,36590.36061
2018-08-25 20:00:00,278.66,281.0,276.96,280.09,42718.19382
2018-08-26 00:00:00,280.01,281.0,278.15,279.08,41062.77357
2018-08-26 04:00:00,279.02,280.5,277.1,277.55,43811.05827
2018-08-26 08:00:00,277.54,277.91,270.0,271.5,41062.16737
2018-08-26 12:00:00,271.5,273.0,268.69,272.53,39121.81107
2018-08-26 16:00:00,272.55,275.78,271.3,274.77,37764.60975
2018-08-26 20:00:00,274.87,276.23,273.23,273.45,33898.56346
2018-08-27 00:00:00,273.63,274.64,271.13,273.51,34312.57606
2018-08-27 04:00:00,273.51,274.9,271.73,274.29,46366.22199
2018-08-27 08:00:00,274.17,274.6,271.59,272.14,40183.62912
2018-08-27 12:00:00,272.19,279.51,272.02,276.63,62931.58219
2018-08-27 16:00:00,276.63,277.2,275.08,276.04,38992.19718
2018-08-27 20:00:00,276.1,278.77,274.05,277.28,35032.44549
2018-08-28 00:00:00,277.23,278.51,276.27,277.99,44205.31157
2018-08-28 04:00:00,277.95,288.15,276.02,287.71,59675.48172
2018-08-28 08:00:00,287.71,288.0,282.66,283.53,48337.25615
2018-08-28 12:00:00,283.53,286.1,283.51,285.39,48780.75156
2018-08-28 16:00:00,285.39,289.03,284.49,288.33,46546.42586
2018-08-28 20:00:00,288.33,292.44,286.4,288.59,55723.0832
2018-08-29 00:00:00,288.53,294.73,286.39,293.14,55569.66614
2018-08-29 04:00:00,293.13,298.0,292.21,295.44,63366.1068
2018-08-29 08:00:00,295.44,297.0,289.94,291.39,48177.6048
2018-08-29 12:00:00,291.33,293.79,290.34,292.56,51210.66384
2018-08-29 16:00:00,292.56,296.28,291.14,294.75,57627.39814
2018-08-29 20:00:00,294.84,296.37,283.55,286.51,62551.00459
2018-08-30 00:00:00,286.65,289.9,283.86,287.8,61686.41122
2018-08-30 04:00:00,287.79,292.06,287.24,288.4,43022.39065
2018-08-30 08:00:00,288.35,291.0,284.26,286.95,39182.33914
2018-08-30 12:00:00,286.87,287.25,281.0,283.17,58579.11106
2018-08-30 16:00:00,283.16,283.55,275.6,276.97,62580.92751
2018-08-30 20:00:00,276.99,279.82,274.55,278.48,51722.50347
2018-08-31 00:00:00,278.56,279.47,271.88,275.23,57147.09246
2018-08-31 04:00:00,275.13,287.0,274.29,283.89,67781.17049
2018-08-31 08:00:00,283.9,284.27,278.01,281.03,49542.92297
2018-08-31 12:00:00,280.98,282.9,278.77,278.81,45685.06168
2018-08-31 16:00:00,278.8,281.84,278.5,280.99,43309.15011
2018-08-31 20:00:00,281.01,289.0,276.59,278.23,65256.40661
2018-09-01 00:00:00,278.23,284.5,277.82,283.45,54338.80941
2018-09-01 04:00:00,283.45,285.09,281.11,281.41,44531.0196
2018-09-01 08:00:00,281.46,289.19,281.34,288.43,36110.94083
2018-09-01 12:00:00,288.43,289.23,284.04,286.54,36710.27141
2018-09-01 16:00:00,286.6,289.69,286.23,286.39,33996.81806
2018-09-01 20:00:00,286.39,298.15,284.28,295.54,80231.46623
2018-09-02 00:00:00,295.55,302.0,294.85,301.46,82197.95489
2018-09-02 04:00:00,301.44,301.64,294.0,295.71,25696.98868
2018-09-02 08:00:00,295.8,298.29,290.96,296.56,25073.23107
2018-09-02 12:00:00,296.56,298.84,295.5,296.82,21457.56094
2018-09-02 16:00:00,296.84,299.33,289.1,290.56,45960.70154
2018-09-02 20:00:00,290.59,293.68,288.87,291.51,24237.25846
2018-09-03 00:00:00,291.51,297.0,290.24,294.35,24741.60045
2018-09-03 04:00:00,294.2,296.0,291.93,295.41,11829.70866
2018-09-03 08:00:00,295.51,296.62,291.27,292.43,31666.2022
2018-09-03 12:00:00,292.49,292.62,287.51,289.87,37151.91847
2018-09-03 16:00:00,289.76,290.28,285.99,286.9,43942.64846
2018-09-03 20:00:00,286.9,290.8,286.36,289.69,51678.92932
2018-09-04 00:00:00,289.7,293.36,287.51,292.54,54250.44618
2018-09-04 04:00:00,292.57,292.8,288.1,289.09,56063.55599
2018-09-04 08:00:00,289.09,291.56,288.23,288.31,51065.62061
2018-09-04 12:00:00,288.31,288.43,283.04,287.55,58592.92157
2018-09-04 16:00:00,287.55,289.13,283.5,288.77,53887.76785
2018-09-04 20:00:00,288.77,292.64,287.5,289.33,59154.47804
2018-09-05 00:00:00,289.33,289.82,283.0,283.8,55713.09228
2018-09-05 04:00:00,283.81,286.9,283.1,285.3,51688.30965
2018-09-05 08:00:00,285.18,287.62,284.0,284.71,52456.76919
2018-09-05 12:00:00,284.67,285.29,283.33,283.6,35225.13327
2018-09-05 16:00:00,283.61,285.0,251.3,257.68,129906.88181
2018-09-05 20:00:00,257.55,261.57,253.27,255.91,97598.68614
2018-09-06 00:00:00,255.89,256.87,238.88,243.38,131660.71358
2018-09-06 04:00:00,243.38,246.9,227.0,228.53,81886.13561
2018-09-06 08:00:00,228.28,233.19,212.0,227.86,162718.5374
2018-09-06 12:00:00,227.78,229.57,222.03,227.58,91505.51118
2018-09-06 16:00:00,227.51,230.0,220.5,225.93,80544.27047
2018-09-06 20:00:00,225.93,232.45,222.52,226.6,80745.55002
2018-09-07 00:00:00,226.41,228.05,218.13,226.02,83349.69741
2018-09-07 04:00:00,226.0,231.57,223.88,229.7,54133.29919
2018-09-07 08:00:00,229.73,234.69,226.91,230.29,57757.13339
2018-09-07 12:00:00,230.3,231.8,224.8,225.7,67609.66713
2018-09-07 16:00:00,225.77,226.02,213.5,218.23,83472.73013
2018-09-07 20:00:00,218.3,223.8,214.57,215.79,79863.35167
2018-09-08 00:00:00,215.89,221.0,215.0,216.45,85551.27105
2018-09-08 04:00:00,216.46,219.0,214.0,215.22,24125.66404
2018-09-08 08:00:00,215.19,220.2,215.08,217.11,27353.43218
2018-09-08 12:00:00,216.98,217.97,215.03,217.32,20096.15674
2018-09-08 16:00:00,217.32,219.83,216.7,217.78,23878.54987
2018-09-08 20:00:00,217.78,218.16,215.0,216.35,26192.29635
2018-09-09 00:00:00,216.42,216.64,198.0,199.7,123418.29698
2018-09-09 04:00:00,199.61,199.99,190.01,196.71,97921.11692
2018-09-09 08:00:00,196.87,197.34,185.02,189.1,84299.59048
2018-09-09 12:00:00,189.19,191.89,188.02,190.0,34366.7377
2018-09-09 16:00:00,190.02,207.0,189.73,201.99,118084.76023
2018-09-09 20:00:00,202.04,208.6,200.5,201.42,75694.06779
2018-09-10 00:00:00,201.45,203.13,196.75,202.16,54814.13497
2018-09-10 04:00:00,202.16,202.84,191.8,195.81,61995.73475
2018-09-10 08:00:00,196.13,203.42,195.95,199.3,71219.02541
2018-09-10 12:00:00,199.28,200.51,196.0,198.98,68166.42048
2018-09-10 16:00:00,198.95,199.21,192.0,196.97,67065.36865
2018-09-10 20:00:00,196.98,197.09,192.67,194.94,55984.55954
2018-09-11 00:00:00,194.99,196.5,187.1,195.49,89416.48635
2018-09-11 04:00:00,195.37,197.98,192.6,197.15,66638.0062
2018-09-11 08:00:00,197.22,200.2,192.0,195.38,87112.49639
2018-09-11 12:00:00,195.47,196.42,191.4,193.59,56565.95929
2018-09-11 16:00:00,193.63,194.89,189.18,190.71,51219.80519
2018-09-11 20:00:00,190.66,192.0,183.0,184.32,94218.74771
2018-09-12 00:00:00,184.32,185.8,176.16,182.68,104962.29325
2018-09-12 04:00:00,182.72,187.12,180.06,185.18,82666.49033
2018-09-12 08:00:00,185.14,185.22,174.3,176.9,84749.18556
2018-09-12 12:00:00,176.9,178.05,167.64,170.81,92000.62748
2018-09-12 16:00:00,170.92,175.26,167.32,170.82,103586.05109
2018-09-12 20:00:00,170.65,174.52,170.54,171.65,67902.3796
2018-09-13 00:00:00,171.59,182.2,169.45,180.14,105111.45042
2018-09-13 04:00:00,180.0,184.9,179.0,183.12,50698.0975
2018-09-13 08:00:00,183.17,192.74,183.15,189.5,101568.26636
2018-09-13 12:00:00,189.53,191.23,186.0,186.59,67892.24471
2018-09-13 16:00:00,186.59,195.36,186.56,195.13,120312.10886
2018-09-13 20:00:00,195.14,208.06,195.14,202.68,190088.31036
2018-09-14 00:00:00,202.68,212.07,200.8,202.72,155448.30936
2018-09-14 04:00:00,202.69,215.0,200.35,210.68,104194.10086
2018-09-14 08:00:00,210.91,224.2,207.61,218.57,149837.46204
2018-09-14 12:00:00,218.57,224.0,210.21,212.82,118019.72117
2018-09-14 16:00:00,212.81,214.0,202.94,208.36,166995.67075
2018-09-14 20:00:00,208.33,209.27,202.6,208.13,129725.84592
2018-09-15 00:00:00,208.14,220.62,208.12,218.98,154927.34832
2018-09-15 04:00:00,218.98,221.62,208.33,208.82,114439.77753
2018-09-15 08:00:00,208.55,216.13,207.64,213.62,85475.95346
2018-09-15 12:00:00,213.63,216.58,210.75,213.68,39053.1369
2018-09-15 16:00:00,213.83,219.79,213.64,216.95,72718.78976
2018-09-15 20:00:00,216.95,227.4,216.0,224.04,131898.22387
2018-09-16 00:00:00,224.12,227.42,221.94,224.11,69978.26972
2018-09-16 04:00:00,224.14,224.22,218.7,221.29,41922.15562
2018-09-16 08:00:00,221.62,222.64,213.3,214.72,78215.73869
2018-09-16 12:00:00,214.72,216.57,208.1,214.02,117449.09065
2018-09-16 16:00:00,214.04,221.33,213.28,219.37,87173.18856
2018-09-16 20:00:00,219.37,220.7,214.9,217.55,47573.28601
2018-09-17 00:00:00,217.55,223.01,214.1,222.13,54883.30197
2018-09-17 04:00:00,222.13,223.5,218.52,220.17,40243.97121
2018-09-17 08:00:00,220.24,225.0,220.24,223.02,57013.55512
2018-09-17 12:00:00,222.89,223.14,216.6,218.27,105874.69565
2018-09-17 16:00:00,218.28,222.0,213.21,219.14,122688.74351
2018-09-17 20:00:00,219.16,219.2,202.65,206.31,203293.9162
2018-09-18 00:00:00,206.28,208.71,195.36,197.62,180975.41364
2018-09-18 04:00:00,197.6,198.44,192.4,196.16,155174.45033
2018-09-18 08:00:00,196.25,198.2,193.47,194.7,100475.49347
2018-09-18 12:00:00,194.76,201.1,194.5,200.21,84661.96013
2018-09-18 16:00:00,200.22,200.87,195.15,199.75,103225.32972
2018-09-18 20:00:00,199.7,215.47,198.23,211.47,189028.21609
2018-09-19 00:00:00,211.5,213.98,205.61,206.88,61622.49013
2018-09-19 04:00:00,206.87,211.84,205.1,208.17,45352.6606
2018-09-19 08:00:00,208.42,214.84,207.51,212.55,59264.09614
2018-09-19 12:00:00,212.57,213.26,209.46,211.57,30379.39065
2018-09-19 16:00:00,211.6,212.7,204.12,205.36,65034.77449
2018-09-19 20:00:00,205.28,211.41,203.0,209.66,60008.81281
2018-09-20 00:00:00,209.53,212.99,197.58,209.4,210837.67569
2018-09-20 04:00:00,209.49,213.4,208.12,209.79,70575.71661
2018-09-20 08:00:00,209.79,211.64,208.28,209.03,51764.08703
2018-09-20 12:00:00,209.05,209.7,207.0,209.18,61447.38334
2018-09-20 16:00:00,209.18,213.19,207.35,212.49,77292.24574
2018-09-20 20:00:00,212.56,215.0,208.84,210.4,121857.19184
2018-09-21 00:00:00,210.43,211.5,207.86,210.4,67022.69141
2018-09-21 04:00:00,210.36,226.68,205.56,224.0,194248.643
2018-09-21 08:00:00,224.0,226.38,220.66,222.74,90511.4788
2018-09-21 12:00:00,222.75,227.58,221.0,226.29,106541.71953
2018-09-21 16:00:00,226.29,231.0,223.43,227.9,155665.99207
2018-09-21 20:00:00,227.95,232.1,223.02,226.19,159648.69712
2018-09-22 00:00:00,226.19,252.11,226.06,247.05,195339.25484
2018-09-22 04:00:00,246.9,250.27,237.09,247.73,133321.98712
2018-09-22 08:00:00,247.67,255.13,238.0,241.68,145841.35855
2018-09-22 12:00:00,241.76,244.19,240.0,240.87,69206.26418
2018-09-22 16:00:00,240.87,241.13,232.7,236.29,82794.14023
2018-09-22 20:00:00,236.22,242.87,235.71,239.5,50181.68352
2018-09-23 00:00:00,239.5,245.87,238.02,242.21,52445.08262
2018-09-23 04:00:00,242.33,244.0,238.04,241.01,23272.2112
2018-09-23 08:00:00,241.01,241.71,237.0,239.46,41322.18103
2018-09-23 12:00:00,239.37,242.75,238.63,240.21,30011.6723
2018-09-23 16:00:00,240.33,249.73,240.21,246.17,60191.76223
2018-09-23 20:00:00,246.11,247.4,239.63,241.68,56994.68513
2018-09-24 00:00:00,241.68,245.11,240.5,243.09,23841.10371
2018-09-24 04:00:00,243.2,245.6,240.0,244.5,22852.74477
2018-09-24 08:00:00,244.54,246.2,242.77,244.86,56879.62305
2018-09-24 12:00:00,244.88,245.23,231.0,236.05,76794.81773
2018-09-24 16:00:00,236.06,236.28,229.09,232.94,77674.16149
2018-09-24 20:00:00,233.13,236.4,231.1,233.15,44506.49498
2018-09-25 00:00:00,233.03,237.29,232.91,233.7,40221.14249
2018-09-25 04:00:00,233.77,235.47,225.3,228.06,54062.91076
2018-09-25 08:00:00,228.06,228.1,218.51,221.67,115515.8316
2018-09-25 12:00:00,221.74,222.89,207.4,208.97,126679.70089
2018-09-25 16:00:00,208.95,213.69,203.61,207.02,149338.61226
2018-09-25 20:00:00,207.05,212.52,206.84,210.18,102226.47791
2018-09-26 00:00:00,210.13,213.3,205.93,209.8,100104.93758
2018-09-26 04:00:00,209.79,219.64,209.68,219.62,116785.14946
2018-09-26 08:00:00,219.5,219.9,207.5,209.27,94268.19533
2018-09-26 12:00:00,209.27,215.57,208.52,214.2,96588.74351
2018-09-26 16:00:00,214.2,217.43,210.79,217.05,96138.93534
2018-09-26 20:00:00,217.02,223.6,211.65,220.08,138664.23484
2018-09-27 00:00:00,220.18,221.99,216.36,217.1,104886.30715
2018-09-27 04:00:00,217.03,220.05,213.0,214.42,83207.86126
2018-09-27 08:00:00,214.38,219.88,213.88,217.88,80329.67862
2018-09-27 12:00:00,217.85,218.5,213.0,213.49,61510.03268
2018-09-27 16:00:00,213.47,217.0,205.01,215.92,94058.49863
2018-09-27 20:00:00,215.89,221.16,215.68,217.0,119020.26802
2018-09-28 00:00:00,216.99,229.0,216.99,228.6,101735.88948
2018-09-28 04:00:00,228.62,234.0,226.75,229.13,125620.07344
2018-09-28 08:00:00,229.1,232.0,228.19,229.2,82690.57663
2018-09-28 12:00:00,229.22,234.42,228.0,230.6,125181.17023
2018-09-28 16:00:00,230.53,230.6,220.12,223.93,130429.66758
2018-09-28 20:00:00,223.96,227.51,221.25,226.18,92700.52067
2018-09-29 00:00:00,226.19,226.9,215.53,222.51,111803.73733
2018-09-29 04:00:00,222.51,222.84,218.46,221.84,75628.95244
2018-09-29 08:00:00,221.89,221.98,215.55,217.16,69682.99072
2018-09-29 12:00:00,217.16,221.18,214.18,220.89,98687.15612
2018-09-29 16:00:00,221.09,237.77,220.78,232.39,208227.32712
2018-09-29 20:00:00,232.4,234.23,227.31,232.24,85637.73103
2018-09-30 00:00:00,232.1,234.7,228.4,232.66,74004.67759
2018-09-30 04:00:00,232.69,236.63,229.25,231.62,67761.07328
2018-09-30 08:00:00,231.62,233.71,228.21,231.24,44574.81401
2018-09-30 12:00:00,231.35,233.73,228.78,232.22,70898.67956
2018-09-30 16:00:00,232.19,239.0,231.5,236.05,82731.55431
2018-09-30 20:00:00,236.07,238.32,232.01,233.54,90436.04732
2018-10-01 00:00:00,233.47,235.19,231.6,232.97,73379.01335
2018-10-01 04:00:00,233.0,235.42,226.5,232.94,70175.33229
2018-10-01 08:00:00,233.04,235.88,232.54,232.94,34691.2075
2018-10-01 12:00:00,232.94,233.5,229.36,229.65,34234.33819
2018-10-01 16:00:00,229.64,232.73,227.68,229.27,69827.57837
2018-10-01 20:00:00,229.26,230.98,224.46,227.7,45799.69675
2018-10-02 00:00:00,227.7,231.26,225.5,229.86,80494.05498
2018-10-02 04:00:00,229.85,232.2,229.0,231.61,57853.58549
2018-10-02 08:00:00,231.62,232.51,228.57,230.41,64574.04804
2018-10-02 12:00:00,230.43,231.8,229.51,230.26,48598.68703
2018-10-02 16:00:00,230.35,230.75,227.77,228.13,68954.00118
2018-10-02 20:00:00,228.16,229.62,225.9,227.75,83949.66028
2018-10-03 00:00:00,227.67,227.8,223.37,226.51,78057.27294
2018-10-03 04:00:00,226.54,228.5,225.38,225.69,57171.6576
2018-10-03 08:00:00,225.7,226.43,216.51,218.72,91527.41593
2018-10-03 12:00:00,218.72,220.97,217.4,218.4,47022.01816
2018-10-03 16:00:00,218.5,222.21,216.65,220.79,34955.36578
2018-10-03 20:00:00,220.76,224.1,218.23,221.59,38868.15851
2018-10-04 00:00:00,221.6,222.68,217.11,218.25,30998.2998
2018-10-04 04:00:00,218.23,221.98,216.52,220.77,32238.00403
2018-10-04 08:00:00,220.67,227.16,219.49,225.26,50780.31491
2018-10-04 12:00:00,225.15,226.72,222.53,223.21,21649.97811
2018-10-04 16:00:00,223.15,225.29,222.69,223.04,17753.96585
2018-10-04 20:00:00,223.04,225.44,223.0,224.54,17311.70712
2018-10-05 00:00:00,224.55,225.72,223.01,224.4,23336.72162
2018-10-05 04:00:00,224.3,224.64,220.25,222.66,27304.74206
2018-10-05 08:00:00,222.66,225.0,219.35,221.01,31987.23817
2018-10-05 12:00:00,221.12,223.0,220.67,221.22,16188.54656
2018-10-05 16:00:00,221.22,224.14,220.85,223.47,19229.30122
2018-10-05 20:00:00,223.46,225.7,223.01,224.63,18265.66209
2018-10-06 00:00:00,224.62,225.71,222.52,223.66,13870.64956
2018-10-06 04:00:00,223.81,231.75,223.18,228.37,38188.96026
2018-10-06 08:00:00,228.36,228.86,225.64,226.67,26683.03549
2018-10-06 12:00:00,226.67,228.22,226.64,227.69,8351.6959
2018-10-06 16:00:00,227.69,228.75,224.26,225.27,23798.11586
2018-10-06 20:00:00,225.27,226.19,223.15,225.27,21119.6599
2018-10-07 00:00:00,225.28,225.74,223.79,224.63,13390.30825
2018-10-07 04:00:00,224.63,225.81,224.0,225.4,6914.7543
2018-10-07 08:00:00,225.39,225.95,224.74,225.94,6593.87438
2018-10-07 12:00:00,225.9,226.86,223.57,223.97,8374.69375
2018-10-07 16:00:00,223.98,224.0,221.48,222.57,18594.38642
2018-10-07 20:00:00,222.47,224.36,221.68,223.49,8862.08669
2018-10-08 00:00:00,223.41,225.68,222.76,223.93,12711.70291
2018-10-08 04:00:00,223.94,227.75,223.64,226.14,19596.92838
2018-10-08 08:00:00,226.26,227.12,225.21,225.28,25783.44511
2018-10-08 12:00:00,225.28,225.86,224.21,224.98,62461.69201
2018-10-08 16:00:00,224.99,227.52,224.54,226.33,20361.22695
2018-10-08 20:00:00,226.32,232.7,226.32,229.51,66834.59527
2018-10-09 00:00:00,229.59,231.6,229.25,231.29,20244.33919
2018-10-09 04:00:00,231.29,231.88,229.5,230.01,15304.12349
2018-10-09 08:00:00,230.01,230.72,228.55,229.86,17594.06685
2018-10-09 12:00:00,229.78,231.02,229.68,230.86,13558.85815
2018-10-09 16:00:00,230.85,230.98,227.31,227.95,24795.07157
2018-10-09 20:00:00,227.94,228.56,226.56,228.41,24462.58404
2018-10-10 00:00:00,228.49,229.67,227.73,228.85,12560.59434
2018-10-10 04:00:00,228.87,229.29,228.09,228.4,7275.00935
2018-10-10 08:00:00,228.4,228.78,225.23,226.5,20818.28568
2018-10-10 12:00:00,226.5,226.8,224.05,226.0,29555.64826
2018-10-10 16:00:00,226.0,226.79,225.5,226.34,19318.04101
2018-10-10 20:00:00,226.27,227.3,224.77,225.11,21022.79063
2018-10-11 00:00:00,224.89,227.9,224.76,226.85,22443.29627
2018-10-11 04:00:00,226.85,227.16,225.92,226.74,9590.15227
2018-10-11 08:00:00,226.7,226.91,202.0,205.76,163224.30859
2018-10-11 12:00:00,205.62,207.3,196.0,200.53,92207.24161
2018-10-11 16:00:00,200.52,203.12,198.3,198.91,54549.16841
2018-10-11 20:00:00,198.84,204.07,195.3,201.0,80606.96138
2018-10-12 00:00:00,201.0,204.05,200.86,201.74,28194.04125
2018-10-12 04:00:00,201.66,201.86,189.01,191.58,78477.10747
2018-10-12 08:00:00,191.55,197.0,190.04,196.73,60039.52374
2018-10-12 12:00:00,196.67,201.87,195.34,199.23,56836.43704
2018-10-12 16:00:00,199.08,199.46,196.2,197.27,28349.65187
2018-10-12 20:00:00,197.38,201.16,197.2,199.5,32973.7707
2018-10-13 00:00:00,199.5,199.96,196.65,198.25,22055.82404
2018-10-13 04:00:00,198.25,198.81,195.83,196.96,16193.18481
2018-10-13 08:00:00,196.96,200.44,196.27,198.31,19662.07485
2018-10-13 12:00:00,198.19,200.58,197.41,200.11,14300.05636
2018-10-13 16:00:00,200.06,202.78,199.53,201.85,20795.82744
2018-10-13 20:00:00,201.85,202.08,199.65,201.08,21030.43164
2018-10-14 00:00:00,201.16,201.89,199.8,200.91,11265.02609
2018-10-14 04:00:00,200.98,201.99,200.0,201.3,20162.10982
2018-10-14 08:00:00,201.39,202.37,199.91,201.96,13081.25956
2018-10-14 12:00:00,201.94,203.56,201.72,202.5,14773.82432
2018-10-14 16:00:00,202.5,203.19,201.1,201.66,10122.02907
2018-10-14 20:00:00,201.66,203.01,201.27,202.15,13779.06564
2018-10-15 00:00:00,202.06,202.88,201.0,202.63,14388.64337
2018-10-15 04:00:00,202.7,202.89,194.33,197.01,44409.37165
2018-10-15 08:00:00,196.84,198.4,194.6,197.43,76873.05479
2018-10-15 12:00:00,197.44,239.0,196.99,216.8,416410.09589
2018-10-15 16:00:00,216.94,225.0,213.28,221.75,209601.94538
2018-10-15 20:00:00,221.85,223.83,215.33,216.7,120951.3962
2018-10-16 00:00:00,216.7,218.79,210.32,210.45,96265.97582
2018-10-16 04:00:00,210.45,215.7,209.13,214.39,53755.27962
2018-10-16 08:00:00,214.39,214.4,211.55,212.35,20454.4749
2018-10-16 12:00:00,212.4,219.95,212.15,216.04,39060.62001
2018-10-16 16:00:00,216.08,216.3,213.0,215.37,25368.72567
2018-10-16 20:00:00,215.37,215.45,213.14,213.67,21789.30559
2018-10-17 00:00:00,213.67,214.82,212.0,213.62,20574.88739
2018-10-17 04:00:00,213.62,216.5,212.13,215.09,18732.08481
2018-10-17 08:00:00,215.2,216.56,214.09,216.32,20783.26533
2018-10-17 12:00:00,216.28,216.99,214.02,214.22,19272.06661
2018-10-17 16:00:00,214.15,215.7,210.0,212.56,28820.78104
2018-10-17 20:00:00,212.56,214.9,211.52,213.77,64523.10733
2018-10-18 00:00:00,213.77,214.0,212.54,212.58,9245.00218
2018-10-18 04:00:00,212.58,214.08,211.8,212.85,11124.62775
2018-10-18 08:00:00,212.9,215.3,212.1,214.0,13648.1354
2018-10-18 12:00:00,214.22,214.53,212.27,213.05,30657.67359
2018-10-18 16:00:00,213.05,213.4,210.81,211.31,27425.78465
2018-10-18 20:00:00,211.34,212.34,207.22,209.68,28336.72242
2018-10-19 00:00:00,209.8,209.99,205.05,206.39,30325.19896
2018-10-19 04:00:00,206.39,207.39,203.53,206.24,19836.08595
2018-10-19 08:00:00,206.25,207.96,205.29,206.36,34549.29665
2018-10-19 12:00:00,206.35,206.96,204.45,204.65,21405.69848
2018-10-19 16:00:00,204.66,208.0,204.66,206.22,40317.85883
2018-10-19 20:00:00,206.24,206.63,204.52,205.9,52878.1804
2018-10-20 00:00:00,205.9,207.3,205.02,205.38,57113.45217
2018-10-20 04:00:00,205.38,205.73,204.21,205.0,48395.99984
2018-10-20 08:00:00,205.1,206.38,203.57,205.8,12601.03473
2018-10-20 12:00:00,205.7,209.69,205.5,207.93,21513.44145
2018-10-20 16:00:00,207.93,208.78,207.63,208.67,9527.9609
2018-10-20 20:00:00,208.64,209.39,207.2,207.55,9293.86268
2018-10-21 00:00:00,207.53,208.68,207.02,208.31,5634.27474
2018-10-21 04:00:00,208.35,208.92,207.77,207.91,3806.1223
2018-10-21 08:00:00,207.91,211.99,207.81,209.65,18174.71339
2018-10-21 12:00:00,209.65,210.33,209.36,209.8,6803.38773
2018-10-21 16:00:00,209.88,210.32,208.68,208.82,6480.90825
2018-10-21 20:00:00,208.82,210.81,208.56,210.35,32833.12729
2018-10-22 00:00:00,210.35,210.68,208.0,208.68,8752.76073
2018-10-22 04:00:00,208.68,209.02,206.74,207.49,10232.46389
2018-10-22 08:00:00,207.46,208.57,205.0,207.43,31973.72517
2018-10-22 12:00:00,207.45,209.3,207.3,207.99,53593.97092
2018-10-22 16:00:00,208.03,208.3,206.42,207.8,54546.40771
2018-10-22 20:00:00,207.82,207.85,205.0,206.09,28418.32005
2018-10-23 00:00:00,206.07,206.82,205.2,205.73,19071.3676
2018-10-23 04:00:00,205.82,207.23,205.74,206.67,18443.10818
2018-10-23 08:00:00,206.67,207.8,205.61,206.07,13329.99996
2018-10-23 12:00:00,206.07,206.7,205.49,205.65,16592.96977
2018-10-23 16:00:00,205.7,205.92,202.14,203.71,29752.43554
2018-10-23 20:00:00,203.71,205.46,203.2,203.95,16498.1154
2018-10-24 00:00:00,203.94,207.45,203.9,206.63,18332.5388
2018-10-24 04:00:00,206.67,207.18,205.63,205.85,18246.98193
2018-10-24 08:00:00,205.85,206.9,205.66,206.51,16740.14272
2018-10-24 12:00:00,206.52,207.77,206.16,207.14,18531.64498
2018-10-24 16:00:00,207.14,207.33,206.37,206.8,12281.6858
2018-10-24 20:00:00,206.8,207.95,205.7,205.7,11624.45786
2018-10-25 00:00:00,205.7,206.57,204.73,205.98,19514.30818
2018-10-25 04:00:00,205.98,206.65,204.74,205.35,18436.58744
2018-10-25 08:00:00,205.35,205.94,202.88,203.96,21854.51688
2018-10-25 12:00:00,203.93,204.61,203.26,204.21,9847.14797
2018-10-25 16:00:00,204.24,205.45,204.0,204.3,16051.23576
2018-10-25 20:00:00,204.32,205.2,204.01,204.18,9964.38475
2018-10-26 00:00:00,204.17,205.0,203.51,204.54,10603.87674
2018-10-26 04:00:00,204.54,205.11,203.68,203.93,9090.41007
2018-10-26 08:00:00,203.84,204.65,203.55,203.8,11731.73521
2018-10-26 12:00:00,203.73,204.49,203.0,203.54,15331.83206
2018-10-26 16:00:00,203.53,209.0,203.22,206.0,34819.02551
2018-10-26 20:00:00,205.97,206.27,203.5,204.26,18593.20775
2018-10-27 00:00:00,204.27,204.99,203.93,204.37,6368.64402
2018-10-27 04:00:00,204.37,205.3,204.28,204.92,4299.38836
2018-10-27 08:00:00,204.92,205.86,204.88,205.32,7130.84553
2018-10-27 12:00:00,205.35,205.8,205.0,205.23,7068.15595
2018-10-27 16:00:00,205.21,206.15,204.41,204.93,10407.433
2018-10-27 20:00:00,204.94,205.41,203.2,203.7,11973.02068
2018-10-28 00:00:00,203.72,204.73,203.09,204.14,8741.8749
2018-10-28 04:00:00,204.14,204.5,203.5,204.45,4914.35323
2018-10-28 08:00:00,204.45,204.66,203.93,204.47,4977.67041
2018-10-28 12:00:00,204.5,205.0,203.8,204.22,7601.08504
2018-10-28 16:00:00,204.22,204.6,203.88,204.3,5739.36588
2018-10-28 20:00:00,204.29,205.94,204.16,204.9,12502.77333
2018-10-29 00:00:00,204.81,205.35,203.65,204.2,6277.50571
2018-10-29 04:00:00,204.22,205.72,203.62,204.99,7296.4332
2018-10-29 08:00:00,204.99,205.49,204.72,204.89,7702.50288
2018-10-29 12:00:00,204.86,205.43,204.68,205.25,8531.3045
2018-10-29 16:00:00,205.25,205.49,202.5,203.53,21880.23291
2018-10-29 20:00:00,203.46,203.62,195.28,198.41,59192.38496
2018-10-30 00:00:00,198.56,198.57,195.66,196.4,12183.65044
2018-10-30 04:00:00,196.46,197.42,195.54,196.96,8791.74703
2018-10-30 08:00:00,196.95,198.16,196.71,197.57,8639.00023
2018-10-30 12:00:00,197.54,198.6,197.25,197.86,13089.64157
2018-10-30 16:00:00,197.87,197.87,196.7,197.63,16960.16033
2018-10-30 20:00:00,197.6,198.32,197.17,197.36,13941.98638
2018-10-31 00:00:00,197.36,197.39,195.99,196.11,17198.61068
2018-10-31 04:00:00,196.13,198.34,195.91,197.27,13804.41544
2018-10-31 08:00:00,197.24,197.73,196.92,197.2,10355.71114
2018-10-31 12:00:00,197.2,197.52,196.46,196.84,10645.92134
2018-10-31 16:00:00,196.84,197.23,195.68,196.86,16124.15784
2018-10-31 20:00:00,196.91,201.45,193.01,199.36,45968.87482
2018-11-01 00:00:00,199.6,199.73,197.57,198.49,22601.93955
2018-11-01 04:00:00,198.5,199.5,198.28,198.73,9043.09955
2018-11-01 08:00:00,198.7,199.11,197.88,198.34,13075.61706
2018-11-01 12:00:00,198.37,199.51,198.0,199.17,15408.141
2018-11-01 16:00:00,199.17,199.4,198.13,198.47,14008.69857
2018-11-01 20:00:00,198.44,199.01,198.19,198.55,10487.60443
2018-11-02 00:00:00,198.54,199.11,198.26,198.72,12058.47416
2018-11-02 04:00:00,198.71,200.95,198.55,199.96,21059.45107
2018-11-02 08:00:00,199.93,202.3,199.82,200.85,17596.08033
2018-11-02 12:00:00,200.86,201.1,199.84,200.68,9897.69296
2018-11-02 16:00:00,200.69,200.69,199.34,200.59,15546.31097
2018-11-02 20:00:00,200.56,203.74,200.0,202.21,26552.47919
2018-11-03 00:00:00,202.22,203.13,201.57,202.58,16794.53245
2018-11-03 04:00:00,202.59,202.96,201.89,202.35,10736.13223
2018-11-03 08:00:00,202.31,202.69,201.03,201.3,12930.73981
2018-11-03 12:00:00,201.31,201.68,200.69,201.07,8767.25354
2018-11-03 16:00:00,201.01,201.53,198.59,199.97,22363.87061
2018-11-03 20:00:00,199.97,200.41,199.2,199.92,10765.48943
2018-11-04 00:00:00,199.91,200.18,199.55,199.98,5778.9238
2018-11-04 04:00:00,199.97,201.05,199.87,200.31,11478.65213
2018-11-04 08:00:00,200.27,200.37,199.41,199.49,10903.92579
2018-11-04 12:00:00,199.49,203.37,199.0,201.57,23378.20096
2018-11-04 16:00:00,201.59,202.36,200.1,201.88,13311.96332
2018-11-04 20:00:00,201.91,207.47,201.55,205.84,28098.03805
2018-11-05 00:00:00,205.74,218.76,204.86,213.66,85859.36728
2018-11-05 04:00:00,213.66,214.15,210.0,212.11,20983.1262
2018-11-05 08:00:00,212.13,212.46,208.45,208.95,19665.57212
2018-11-05 12:00:00,208.91,210.85,208.55,210.46,15159.88701
2018-11-05 16:00:00,210.46,210.55,208.12,209.06,28950.75344
2018-11-05 20:00:00,209.04,213.39,208.93,211.49,36966.80897
2018-11-06 00:00:00,211.52,211.68,207.62,208.53,24245.54439
2018-11-06 04:00:00,208.52,211.41,208.2,210.66,16443.57467
2018-11-06 08:00:00,210.64,211.0,209.11,209.36,14431.75783
2018-11-06 12:00:00,209.32,212.79,209.15,211.54,24112.28553
2018-11-06 16:00:00,211.49,216.96,211.37,213.07,51644.85896
2018-11-06 20:00:00,213.05,218.55,212.84,217.34,45341.01946
2018-11-07 00:00:00,217.34,217.6,214.6,214.97,25519.5973
2018-11-07 04:00:00,214.92,221.25,214.91,220.74,36747.97619
2018-11-07 08:00:00,220.77,224.8,220.12,221.74,54082.65684
2018-11-07 12:00:00,221.82,222.12,218.16,220.7,29902.50964
2018-11-07 16:00:00,220.68,224.37,219.87,221.77,43673.38701
2018-11-07 20:00:00,221.64,222.8,217.01,218.18,45330.05984
2018-11-08 00:00:00,218.18,220.9,217.78,218.71,19513.01916
2018-11-08 04:00:00,218.71,219.73,218.1,219.07,12429.40171
2018-11-08 08:00:00,219.06,220.78,213.83,214.15,46927.47409
2018-11-08 12:00:00,214.14,216.2,213.78,215.61,28707.63414
2018-11-08 16:00:00,215.61,216.65,215.15,215.51,24907.13249
2018-11-08 20:00:00,215.45,218.18,214.73,215.2,27060.19021
2018-11-09 00:00:00,215.11,215.27,213.0,214.62,36013.0674
2018-11-09 04:00:00,214.58,216.04,212.49,212.79,26212.99617
2018-11-09 08:00:00,212.79,214.38,212.71,214.16,22149.06673
2018-11-09 12:00:00,214.12,215.0,213.76,214.77,21621.7394
2018-11-09 16:00:00,214.77,215.51,210.95,211.5,39327.27977
2018-11-09 20:00:00,211.52,212.34,209.51,211.11,30051.70086
2018-11-10 00:00:00,211.13,211.95,210.48,211.15,16070.55382
2018-11-10 04:00:00,211.15,211.62,209.1,210.77,22995.60628
2018-11-10 08:00:00,210.78,212.01,210.5,211.54,17407.21779
2018-11-10 12:00:00,211.53,213.65,211.53,212.62,24658.97918
2018-11-10 16:00:00,212.64,213.1,211.8,213.02,16855.39248
2018-11-10 20:00:00,212.99,215.0,212.87,213.97,29244.67355
2018-11-11 00:00:00,213.97,215.55,213.85,214.33,22779.5656
2018-11-11 04:00:00,214.38,215.07,209.02,213.25,20438.65033
2018-11-11 08:00:00,213.27,213.98,211.72,212.41,22236.25162
2018-11-11 12:00:00,212.4,213.24,212.04,213.11,12359.70029
2018-11-11 16:00:00,213.11,213.99,212.11,212.33,19561.14958
2018-11-11 20:00:00,212.34,212.97,209.68,210.4,28438.61448
2018-11-12 00:00:00,210.49,211.99,209.0,211.38,30130.88213
2018-11-12 04:00:00,211.4,213.73,210.69,212.54,23542.21346
2018-11-12 08:00:00,212.6,214.22,212.58,212.92,22759.42881
2018-11-12 12:00:00,212.93,213.31,211.37,211.59,10447.05157
2018-11-12 16:00:00,211.61,212.82,210.9,212.51,25627.72749
2018-11-12 20:00:00,212.49,213.85,212.49,213.32,17500.53677
2018-11-13 00:00:00,213.3,213.5,211.93,212.76,12833.34228
2018-11-13 04:00:00,212.75,213.32,211.0,212.89,10795.88511
2018-11-13 08:00:00,212.91,213.35,209.53,211.7,22531.08136
2018-11-13 12:00:00,211.73,212.57,210.72,211.67,12999.61398
2018-11-13 16:00:00,211.65,212.34,209.75,211.49,21845.7736
2018-11-13 20:00:00,211.49,212.42,210.37,212.19,18242.54922
2018-11-14 00:00:00,212.12,213.8,209.2,209.98,23982.63388
2018-11-14 04:00:00,209.98,211.1,209.5,209.84,14864.71504
2018-11-14 08:00:00,209.84,210.3,208.88,210.26,9896.16004
2018-11-14 16:00:00,210.28,210.28,202.38,204.52,33407.84431
2018-11-14 20:00:00,204.57,205.39,189.79,191.49,79264.13503
2018-11-15 00:00:00,191.44,194.89,176.16,185.55,217306.09856
2018-11-15 04:00:00,185.54,188.28,176.58,187.43,94801.93038
2018-11-15 08:00:00,187.43,190.0,179.08,181.8,73613.34569
2018-11-15 12:00:00,181.88,184.56,176.5,183.77,63520.53604
2018-11-15 16:00:00,183.63,184.68,175.0,177.88,78349.39375
2018-11-15 20:00:00,177.89,182.5,170.99,180.76,113472.89745
2018-11-16 00:00:00,180.77,184.5,177.0,183.56,84788.80672
2018-11-16 04:00:00,183.48,184.8,179.3,184.35,38671.12819
2018-11-16 08:00:00,184.35,185.0,180.62,183.24,39251.99469
2018-11-16 12:00:00,183.28,183.31,180.21,181.23,33036.47165
2018-11-16 16:00:00,181.23,182.94,176.51,180.33,63427.39082
2018-11-16 20:00:00,180.31,180.91,178.21,178.7,34819.78102
2018-11-17 00:00:00,178.71,180.64,177.28,177.4,26685.43442
2018-11-17 04:00:00,177.41,178.5,173.0,176.89,44489.27503
2018-11-17 08:00:00,176.93,177.82,174.0,174.4,28573.20815
2018-11-17 12:00:00,174.4,177.91,173.94,177.66,25899.07982
2018-11-17 16:00:00,177.78,177.8,174.86,176.35,23125.71416
2018-11-17 20:00:00,176.34,176.8,174.51,174.57,28904.91449
2018-11-18 00:00:00,174.57,177.29,174.44,175.85,25611.58733
2018-11-18 04:00:00,175.91,176.69,175.5,176.2,12690.20591
2018-11-18 08:00:00,176.2,179.59,176.1,178.66,27822.93517
2018-11-18 12:00:00,178.68,179.4,178.0,178.14,19749.29952
2018-11-18 16:00:00,178.15,178.4,176.15,176.89,20844.7801
2018-11-18 20:00:00,176.87,177.82,176.63,177.29,17142.38868
2018-11-19 00:00:00,177.28,182.94,176.8,179.84,36811.12984
2018-11-19 04:00:00,179.81,179.89,176.7,178.97,19365.78932
2018-11-19 08:00:00,179.04,179.33,169.5,172.02,59640.62905
2018-11-19 12:00:00,172.01,172.75,161.62,162.6,85483.9493
2018-11-19 16:00:00,162.75,162.78,152.0,157.56,153136.41832
2018-11-19 20:00:00,157.56,158.9,152.5,156.96,90858.31484
2018-11-20 00:00:00,156.96,158.0,151.35,156.08,92528.37969
2018-11-20 04:00:00,156.11,157.47,146.47,150.81,115142.14796
2018-11-20 08:00:00,150.76,154.7,149.49,151.15,58376.59393
2018-11-20 12:00:00,151.15,152.35,137.0,138.28,169058.44952
2018-11-20 16:00:00,138.25,141.29,126.95,134.62,255993.46793
2018-11-20 20:00:00,134.61,149.72,133.0,149.22,171889.13507
2018-11-21 00:00:00,149.23,151.14,138.8,140.37,133637.75319
2018-11-21 04:00:00,140.34,140.4,128.88,133.82,207596.88757
2018-11-21 08:00:00,133.68,138.68,127.15,137.25,169491.85942
2018-11-21 12:00:00,137.22,139.1,131.3,136.63,116909.2451
2018-11-21 16:00:00,136.62,142.01,135.51,136.15,166491.38143
2018-11-21 20:00:00,136.09,142.0,134.6,137.75,105163.35139
2018-11-22 00:00:00,137.78,139.0,133.29,134.07,75594.43732
2018-11-22 04:00:00,134.02,139.54,132.84,138.23,85307.51086
2018-11-22 08:00:00,138.36,140.4,136.97,138.4,50834.70554
2018-11-22 12:00:00,138.39,138.84,136.11,136.96,40330.39551
2018-11-22 16:00:00,136.95,137.24,133.05,134.55,58800.88788
2018-11-22 20:00:00,134.57,134.58,130.1,133.34,70423.06926
2018-11-23 00:00:00,133.36,134.03,129.5,131.21,41526.88897
2018-11-23 04:00:00,131.21,133.31,125.64,126.63,72758.12469
2018-11-23 08:00:00,126.58,128.9,118.56,124.67,164332.54513
2018-11-23 12:00:00,124.79,128.09,122.71,126.09,79534.41581
2018-11-23 16:00:00,126.13,128.77,124.26,125.47,58012.85147
2018-11-23 20:00:00,125.47,125.92,121.7,124.09,77137.01036
2018-11-24 00:00:00,124.1,124.19,120.25,123.05,76277.74711
2018-11-24 04:00:00,123.06,126.38,121.97,125.02,49057.67398
2018-11-24 08:00:00,125.0,130.81,124.9,127.32,78785.11625
2018-11-24 12:00:00,127.32,128.31,123.55,124.29,39222.65473
2018-11-24 16:00:00,124.31,125.86,122.96,123.57,48618.97881
2018-11-24 20:00:00,123.61,125.46,122.58,124.18,43704.23548
2018-11-25 00:00:00,124.17,124.2,120.95,121.82,50943.0505
2018-11-25 04:00:00,121.79,122.67,112.32,114.89,210047.53187
2018-11-25 08:00:00,114.83,116.13,106.51,107.0,134522.96031
2018-11-25 12:00:00,107.02,110.23,106.0,109.33,116873.18789
2018-11-25 16:00:00,109.35,118.0,102.95,112.24,202673.61349
2018-11-25 20:00:00,112.27,115.5,111.0,112.08,108648.63807
2018-11-26 00:00:00,112.08,115.68,108.61,113.01,112823.34701
2018-11-26 04:00:00,113.08,122.35,112.83,118.67,160691.56575
2018-11-26 08:00:00,118.65,121.5,115.8,117.84,86837.96331
2018-11-26 12:00:00,117.85,120.7,114.93,117.59,96129.05936
2018-11-26 16:00:00,117.55,117.74,114.49,116.87,101882.42154
2018-11-26 20:00:00,116.87,117.04,110.0,110.79,111265.34252
2018-11-27 00:00:00,110.78,114.17,107.11,111.88,150532.6712
2018-11-27 04:00:00,111.88,112.14,106.41,110.68,132844.28078
2018-11-27 08:00:00,110.66,110.82,106.24,107.39,73764.99639
2018-11-27 12:00:00,107.4,111.07,106.5,108.96,72683.43386
2018-11-27 16:00:00,108.97,109.03,102.36,104.93,117193.18227
2018-11-27 20:00:00,104.92,108.92,104.2,106.36,86478.31431
2018-11-28 00:00:00,106.36,109.9,105.51,108.7,78275.80823
2018-11-28 04:00:00,108.7,114.31,107.7,111.43,95628.6711
2018-11-28 08:00:00,111.38,114.2,111.37,113.53,77696.56342
2018-11-28 12:00:00,113.52,117.89,112.77,117.34,110456.30409
2018-11-28 16:00:00,117.33,117.89,114.45,115.77,63721.27089
2018-11-28 20:00:00,115.77,121.82,114.81,120.31,122572.90244
2018-11-29 00:00:00,120.23,125.5,118.14,124.01,107151.35107
2018-11-29 04:00:00,124.08,126.8,120.18,122.9,96954.34933
2018-11-29 08:00:00,122.88,123.84,116.69,117.04,70630.42113
2018-11-29 12:00:00,117.11,120.92,115.99,119.0,67506.89749
2018-11-29 16:00:00,119.03,124.0,118.71,121.77,96428.97289
2018-11-29 20:00:00,121.69,122.73,116.62,118.0,96477.37112
2018-11-30 00:00:00,118.04,121.18,117.0,118.09,71659.80564
2018-11-30 04:00:00,118.07,118.86,114.78,117.98,76073.92787
2018-11-30 08:00:00,117.99,120.26,115.4,118.64,66176.93822
2018-11-30 12:00:00,118.64,119.94,116.69,117.26,61098.72145
2018-11-30 16:00:00,117.29,118.78,112.34,113.9,100394.93141
2018-11-30 20:00:00,113.87,115.19,112.01,113.89,84736.34593
2018-12-01 00:00:00,113.92,115.82,113.57,114.77,45027.41427
2018-12-01 04:00:00,114.78,114.96,111.09,113.73,61159.28401
2018-12-01 08:00:00,113.71,114.42,112.78,113.26,31782.72518
2018-12-01 12:00:00,113.25,113.35,111.35,112.35,36954.37378
2018-12-01 16:00:00,112.34,120.8,112.25,119.13,98141.79953
2018-12-01 20:00:00,119.16,120.49,117.22,118.94,76146.93487
2018-12-02 00:00:00,118.96,120.17,118.28,119.77,42407.65935
2018-12-02 04:00:00,119.73,119.89,117.17,118.1,44725.57471
2018-12-02 08:00:00,118.09,120.73,117.8,118.14,54033.75674
2018-12-02 12:00:00,118.18,118.6,116.3,117.52,38983.77997
2018-12-02 16:00:00,117.52,118.78,116.0,116.77,54666.59111
2018-12-02 20:00:00,116.75,118.21,116.31,117.51,45735.24653
2018-12-03 00:00:00,117.47,117.77,116.11,117.06,42243.68415
2018-12-03 04:00:00,117.09,118.66,116.0,116.57,37994.563
2018-12-03 08:00:00,116.63,116.96,112.67,114.0,69228.53446
2018-12-03 12:00:00,113.99,114.48,109.95,113.42,53973.23752
2018-12-03 16:00:00,113.42,114.65,112.67,113.56,32543.86835
2018-12-03 20:00:00,113.58,114.5,107.33,108.0,76322.22666
2018-12-04 00:00:00,108.0,108.62,106.7,107.72,50002.40224
2018-12-04 04:00:00,107.72,110.38,107.13,108.76,42375.76401
2018-12-04 08:00:00,108.76,110.1,106.93,108.47,56614.28367
2018-12-04 12:00:00,108.47,112.35,106.0,112.35,70892.40082
2018-12-04 16:00:00,112.33,113.2,110.5,111.24,44416.605
2018-12-04 20:00:00,111.25,113.2,110.59,112.17,45975.23924
2018-12-05 00:00:00,112.2,112.41,110.11,110.7,32020.13235
2018-12-05 04:00:00,110.7,110.8,109.02,109.94,25402.34522
2018-12-05 08:00:00,109.92,110.58,107.0,107.52,46630.21206
2018-12-05 12:00:00,107.49,108.67,106.31,107.14,43504.5637
2018-12-05 16:00:00,107.13,108.97,106.0,108.81,44228.63222
2018-12-05 20:00:00,108.74,109.22,106.87,107.08,38748.39405
2018-12-06 00:00:00,107.07,107.19,103.0,103.83,124339.69125
2018-12-06 04:00:00,103.83,104.66,102.38,102.71,56620.03913
2018-12-06 08:00:00,102.73,104.1,101.03,102.1,75699.03441
2018-12-06 12:00:00,102.1,104.68,95.97,103.23,123915.57375
2018-12-06 16:00:00,103.23,104.0,99.3,100.67,51555.54789
2018-12-06 20:00:00,100.69,102.62,97.0,98.36,148990.78323
2018-12-07 00:00:00,98.36,98.75,95.32,98.17,94693.35493
2018-12-07 04:00:00,98.14,98.19,90.2,91.0,91284.29622
2018-12-07 08:00:00,91.18,94.5,82.66,84.8,244032.68646
2018-12-07 12:00:00,84.8,89.0,84.07,86.25,170805.03184
2018-12-07 16:00:00,86.27,87.3,83.55,85.79,98546.35604
2018-12-07 20:00:00,85.79,88.34,84.5,85.03,110391.11878
2018-12-08 00:00:00,85.05,96.9,82.07,96.65,256009.25028
2018-12-08 04:00:00,96.68,96.9,90.32,93.05,150289.14127
2018-12-08 08:00:00,93.06,98.0,92.96,94.67,124644.34858
2018-12-08 12:00:00,94.69,95.3,91.04,91.73,103394.28233
2018-12-08 16:00:00,91.73,91.77,88.06,89.69,103135.96866
2018-12-08 20:00:00,89.7,90.47,85.0,88.26,121145.22964
2018-12-09 00:00:00,88.27,90.94,87.39,88.03,99003.29175
2018-12-09 04:00:00,88.07,93.6,84.55,90.38,146894.00433
2018-12-09 08:00:00,90.39,92.29,90.16,90.48,77465.63041
2018-12-09 12:00:00,90.48,92.0,89.01,90.08,55118.81644
2018-12-09 16:00:00,90.18,91.41,88.63,90.64,57091.54422
2018-12-09 20:00:00,90.67,96.7,90.13,95.54,133849.47764
2018-12-10 00:00:00,95.52,98.7,94.44,96.34,125073.72827
2018-12-10 04:00:00,96.34,96.55,92.65,93.26,71920.16325
2018-12-10 08:00:00,93.26,95.21,91.47,92.85,66841.21157
2018-12-10 12:00:00,92.82,92.94,90.04,91.61,58632.05318
2018-12-10 16:00:00,91.59,92.62,90.3,91.81,64659.66003
2018-12-10 20:00:00,91.79,92.2,88.53,89.07,88101.60998
2018-12-11 00:00:00,89.06,91.69,88.11,88.72,84313.11911
2018-12-11 04:00:00,88.68,90.38,88.4,89.91,46025.37542
2018-12-11 08:00:00,89.88,90.0,88.6,89.43,35296.59865
2018-12-11 12:00:00,89.45,91.65,88.88,89.71,59625.33184
2018-12-11 16:00:00,89.71,90.72,86.6,87.44,89622.63787
2018-12-11 20:00:00,87.43,88.37,86.34,86.64,62955.89632
2018-12-12 00:00:00,86.65,87.94,85.83,87.12,45164.22668
2018-12-12 04:00:00,87.11,89.43,86.97,87.76,47327.1511
2018-12-12 08:00:00,87.77,88.47,86.63,87.32,35696.24939
2018-12-12 12:00:00,87.31,89.5,86.96,88.88,50792.21352
2018-12-12 16:00:00,88.88,91.16,88.3,89.6,61600.08644
2018-12-12 20:00:00,89.58,91.2,88.87,90.39,61699.42691
2018-12-13 00:00:00,90.4,91.31,89.53,90.06,44572.68518
2018-12-13 04:00:00,90.05,90.95,88.85,89.41,31075.37885
2018-12-13 08:00:00,89.39,89.75,88.2,88.84,34726.80649
2018-12-13 12:00:00,88.82,89.01,87.77,89.0,38558.48061
2018-12-13 16:00:00,88.99,89.79,88.6,88.74,42476.64992
2018-12-13 20:00:00,88.73,90.68,88.73,90.45,48813.06099
2018-12-14 00:00:00,90.45,90.71,86.23,86.97,51950.16278
2018-12-14 04:00:00,86.97,87.36,84.71,86.34,114693.14004
2018-12-14 08:00:00,86.35,87.25,85.0,86.15,51625.35313
2018-12-14 12:00:00,86.15,86.87,85.99,86.11,31491.58106
2018-12-14 16:00:00,86.12,86.63,85.04,85.6,41680.32953
2018-12-14 20:00:00,85.61,86.5,85.19,85.53,44628.50283
2018-12-15 00:00:00,85.55,85.76,83.38,83.97,78939.21015
2018-12-15 04:00:00,83.98,85.0,82.2,83.82,69638.75757
2018-12-15 08:00:00,83.82,85.0,83.33,84.81,31497.37213
2018-12-15 12:00:00,84.8,85.0,83.98,84.29,27991.77257
2018-12-15 16:00:00,84.29,84.47,82.7,83.67,44458.66065
2018-12-15 20:00:00,83.67,83.96,81.79,82.17,40970.28366
2018-12-16 00:00:00,82.16,83.68,81.85,83.08,33976.02724
2018-12-16 04:00:00,83.08,84.7,82.89,83.76,38466.5415
2018-12-16 08:00:00,83.75,87.63,83.73,86.99,76751.18682
2018-12-16 12:00:00,86.99,87.64,85.78,86.11,33647.82819
2018-12-16 16:00:00,86.11,86.86,85.43,86.74,27929.92746
2018-12-16 20:00:00,86.75,87.41,85.28,86.2,42983.03871
2018-12-17 00:00:00,86.19,86.81,85.58,86.43,27956.91546
2018-12-17 04:00:00,86.43,86.46,84.23,84.67,32097.86641
2018-12-17 08:00:00,84.68,85.63,84.4,85.12,29297.09963
2018-12-17 12:00:00,85.13,86.57,84.89,86.32,39649.7965
2018-12-17 16:00:00,86.33,86.88,85.6,86.1,28885.41251
2018-12-17 20:00:00,86.1,91.05,86.09,89.83,129112.84398
2018-12-18 00:00:00,89.8,97.0,89.8,95.41,157308.16406
2018-12-18 04:00:00,95.44,96.5,92.88,94.02,87998.9172
2018-12-18 08:00:00,94.03,95.78,93.04,94.83,74354.00236
2018-12-18 12:00:00,94.78,94.84,92.36,93.57,51533.25572
2018-12-18 16:00:00,93.56,93.78,91.34,93.39,88536.75061
2018-12-18 20:00:00,93.39,96.28,92.29,93.82,115469.17929
2018-12-19 00:00:00,93.82,95.28,92.89,93.76,59841.22723
2018-12-19 04:00:00,93.77,101.3,92.68,100.39,140212.37654
2018-12-19 08:00:00,100.39,104.47,98.89,102.64,177739.84786
2018-12-19 12:00:00,102.64,102.97,99.8,100.73,112187.27887
2018-12-19 16:00:00,100.72,104.4,100.22,103.91,108412.52735
2018-12-19 20:00:00,103.91,107.55,101.2,101.93,210753.44979
2018-12-20 00:00:00,101.91,104.95,101.43,102.65,108945.53834
2018-12-20 04:00:00,102.64,103.27,97.75,98.74,109709.94875
2018-12-20 08:00:00,98.73,101.89,97.88,100.02,66484.10972
2018-12-20 12:00:00,100.01,101.31,99.13,101.02,60391.56126
2018-12-20 16:00:00,101.02,109.43,101.01,106.78,216522.89722
2018-12-20 20:00:00,106.79,109.06,105.74,107.69,141615.93879
2018-12-21 00:00:00,107.68,116.0,107.07,111.66,250749.2731
2018-12-21 04:00:00,111.69,114.7,107.85,114.05,123848.79196
2018-12-21 08:00:00,113.71,118.0,110.67,113.27,170802.89384
2018-12-21 12:00:00,113.29,113.52,109.0,112.83,79654.44553
2018-12-21 16:00:00,112.82,115.11,111.53,114.61,85608.74841
2018-12-21 20:00:00,114.6,116.49,110.16,110.96,119734.50071
2018-12-22 00:00:00,110.96,112.5,106.38,106.7,117253.92008
2018-12-22 04:00:00,106.67,108.8,104.76,107.69,92994.20929
2018-12-22 08:00:00,107.67,108.9,106.0,106.81,50677.07078
2018-12-22 12:00:00,106.8,108.2,105.38,107.69,37745.1813
2018-12-22 16:00:00,107.65,113.43,107.01,111.17,91600.74936
2018-12-22 20:00:00,111.16,111.73,108.71,111.0,70736.57606
2018-12-23 00:00:00,111.0,112.45,108.5,112.06,68081.15988
2018-12-23 04:00:00,112.05,115.5,110.77,115.2,86832.09379
2018-12-23 08:00:00,115.18,129.51,114.91,127.57,291019.65821
2018-12-23 12:00:00,127.71,130.33,125.16,127.47,190769.3654
2018-12-23 16:00:00,127.47,131.94,126.31,129.45,150435.50347
2018-12-23 20:00:00,129.45,130.15,123.05,125.54,139557.30377
2018-12-24 00:00:00,125.54,128.9,123.95,127.38,85426.15226
2018-12-24 04:00:00,127.41,130.7,126.23,129.03,78886.12179
2018-12-24 08:00:00,129.03,150.14,128.8,148.3,356086.00382
2018-12-24 12:00:00,148.29,149.8,143.34,145.8,168235.59716
2018-12-24 16:00:00,145.78,147.0,140.03,143.1,128894.18242
2018-12-24 20:00:00,143.1,157.67,141.89,144.25,247707.25698
2018-12-25 00:00:00,144.26,147.92,131.07,136.61,249149.1177
2018-12-25 04:00:00,136.61,144.26,135.16,138.03,169537.65842
2018-12-25 08:00:00,138.01,139.26,122.72,123.61,289402.98414
2018-12-25 12:00:00,123.61,129.85,123.33,127.26,152225.51207
2018-12-25 16:00:00,127.25,130.97,122.84,126.07,138948.03763
2018-12-25 20:00:00,126.03,127.14,119.68,121.71,190414.77671
2018-12-26 00:00:00,121.7,129.01,121.7,127.59,153982.66046
2018-12-26 04:00:00,127.67,130.78,125.1,127.6,151190.15708
2018-12-26 08:00:00,127.61,135.32,125.72,131.9,208943.8391
2018-12-26 12:00:00,131.9,133.5,128.39,130.12,98152.70486
2018-12-26 16:00:00,130.13,130.31,124.25,126.47,120245.68984
2018-12-26 20:00:00,126.54,129.2,122.51,124.35,133610.27236
2018-12-27 00:00:00,124.32,129.7,123.29,128.4,134417.68673
2018-12-27 04:00:00,128.4,131.12,125.74,129.35,99463.86312
2018-12-27 08:00:00,129.35,131.09,124.8,125.04,110726.12224
2018-12-27 12:00:00,125.0,126.48,120.3,122.82,125926.07997
2018-12-27 16:00:00,122.81,125.24,122.11,123.6,77860.04552
2018-12-27 20:00:00,123.61,124.99,121.32,122.3,73006.36727
2018-12-28 00:00:00,122.3,123.9,113.5,114.1,204835.77127
2018-12-28 04:00:00,114.14,115.84,111.22,113.8,159823.51484
2018-12-28 08:00:00,113.75,115.0,111.87,113.29,69549.72017
2018-12-28 12:00:00,113.32,116.66,112.05,115.6,76831.25589
2018-12-28 16:00:00,115.58,118.23,115.0,117.23,91610.10733
2018-12-28 20:00:00,117.25,127.32,112.81,126.62,192956.65881
2018-12-29 00:00:00,126.66,136.66,126.66,133.25,330656.13521
2018-12-29 04:00:00,133.23,136.49,131.01,135.3,132850.3131
2018-12-29 08:00:00,135.3,139.11,132.87,133.02,144719.74317
2018-12-29 12:00:00,133.08,136.76,132.35,136.08,103272.69797
2018-12-29 16:00:00,136.08,138.08,128.5,132.33,185874.76487
2018-12-29 20:00:00,132.33,137.61,130.93,135.94,126689.95856
2018-12-30 00:00:00,135.93,136.0,130.24,132.92,132366.32648
2018-12-30 04:00:00,132.9,145.42,132.0,132.89,313731.00739
2018-12-30 08:00:00,133.0,134.73,127.03,131.84,179327.61786
2018-12-30 12:00:00,131.83,134.1,131.2,132.76,62354.33041
2018-12-30 16:00:00,132.76,138.4,131.58,135.62,162838.68593
2018-12-30 20:00:00,135.63,137.9,132.84,135.71,108307.58851
2018-12-31 00:00:00,135.73,139.0,133.46,136.08,88340.76328
