datetime,open,high,low,close,volume
2023-01-01 00:00:00,9.968,10.074,9.894,9.957,6257394.0
2023-01-01 04:00:00,9.957,9.978,9.678,9.782,6980165.0
2023-01-01 08:00:00,9.782,9.975,9.693,9.915,6620756.0
2023-01-01 12:00:00,9.916,9.955,9.781,9.848,5560360.0
2023-01-01 16:00:00,9.849,10.04,9.821,9.945,5321564.0
2023-01-01 20:00:00,9.945,10.048,9.926,9.977,3249086.0
2023-01-02 00:00:00,9.977,10.008,9.796,9.977,4806347.0
2023-01-02 04:00:00,9.977,12.067,9.927,11.083,25770360.0
2023-01-02 08:00:00,11.084,11.36,10.832,11.007,22513470.0
2023-01-02 12:00:00,11.008,11.234,10.998,11.108,12477363.0
2023-01-02 16:00:00,11.107,11.5,11.07,11.244,6595546.0
2023-01-02 20:00:00,11.244,11.406,11.172,11.259,7292118.0
2023-01-03 00:00:00,11.259,11.324,11.0,11.199,8853691.0
2023-01-03 04:00:00,11.2,11.939,11.189,11.881,24310975.0
2023-01-03 08:00:00,11.881,11.98,11.668,11.81,13421336.0
2023-01-03 12:00:00,11.81,12.889,11.75,12.819,51413308.0
2023-01-03 16:00:00,12.819,13.879,12.641,12.896,53919105.0
2023-01-03 20:00:00,12.896,13.482,12.895,13.326,20495002.0
2023-01-04 00:00:00,13.326,14.0,13.175,13.435,38505138.0
2023-01-04 04:00:00,13.436,14.2,13.21,14.109,31930693.0
2023-01-04 08:00:00,14.109,14.111,13.525,13.629,23924013.0
2023-01-04 12:00:00,13.629,13.723,13.15,13.352,25136297.0
2023-01-04 16:00:00,13.352,13.632,13.044,13.177,21334734.0
2023-01-04 20:00:00,13.178,13.585,12.813,13.405,16850560.0
2023-01-05 00:00:00,13.404,13.42,13.031,13.209,10712623.0
2023-01-05 04:00:00,13.208,13.482,13.117,13.237,9553716.0
2023-01-05 08:00:00,13.237,13.31,12.927,13.255,11955360.0
2023-01-05 12:00:00,13.255,13.395,13.027,13.291,12219410.0
2023-01-05 16:00:00,13.291,13.47,13.048,13.388,8893668.0
2023-01-05 20:00:00,13.388,13.781,13.33,13.418,16089278.0
2023-01-06 00:00:00,13.417,13.559,13.133,13.186,10655060.0
2023-01-06 04:00:00,13.187,13.24,13.01,13.109,8667043.0
2023-01-06 08:00:00,13.109,13.232,12.833,12.984,11166632.0
2023-01-06 12:00:00,12.984,13.189,12.644,13.173,18717317.0
2023-01-06 16:00:00,13.173,13.419,13.045,13.353,10810047.0
2023-01-06 20:00:00,13.355,13.585,13.149,13.483,6933349.0
2023-01-07 00:00:00,13.484,13.49,13.263,13.315,4757674.0
2023-01-07 04:00:00,13.315,13.325,13.192,13.288,3156052.0
2023-01-07 08:00:00,13.288,13.315,13.12,13.137,3641897.0
2023-01-07 12:00:00,13.138,13.273,13.125,13.257,3540194.0
2023-01-07 16:00:00,13.256,13.267,13.164,13.212,1754587.0
2023-01-07 20:00:00,13.212,13.239,13.01,13.087,2828988.0
2023-01-08 00:00:00,13.086,13.399,12.834,13.361,11582790.0
2023-01-08 04:00:00,13.36,13.428,13.248,13.317,3588362.0
2023-01-08 08:00:00,13.317,13.78,13.26,13.496,10537867.0
2023-01-08 12:00:00,13.497,13.934,13.423,13.86,11462118.0
2023-01-08 16:00:00,13.859,13.89,13.445,13.529,9241252.0
2023-01-08 20:00:00,13.528,15.489,13.509,14.465,15710288.0
2023-01-09 00:00:00,14.464,16.78,14.256,16.048,40931532.0
2023-01-09 04:00:00,16.049,16.544,15.924,16.348,18050532.0
2023-01-09 08:00:00,16.348,16.836,16.085,16.362,15550219.0
2023-01-09 12:00:00,16.361,17.5,16.0,17.13,26329652.0
2023-01-09 16:00:00,17.129,17.364,16.232,16.288,18959005.0
2023-01-09 20:00:00,16.288,16.684,16.013,16.253,12408940.0
2023-01-10 00:00:00,16.253,16.586,15.567,15.969,14201882.0
2023-01-10 04:00:00,15.968,16.3,15.863,15.893,12585526.0
2023-01-10 08:00:00,15.893,16.352,15.819,16.021,10124547.0
2023-01-10 12:00:00,16.02,16.489,15.805,16.231,15568674.0
2023-01-10 16:00:00,16.232,16.464,16.02,16.381,7265116.0
2023-01-10 20:00:00,16.38,16.718,16.127,16.191,7949261.0
2023-01-11 00:00:00,16.191,16.323,15.855,16.006,7962013.0
2023-01-11 04:00:00,16.005,16.15,15.813,16.094,6956243.0
2023-01-11 08:00:00,16.094,16.128,15.936,16.024,3559129.0
2023-01-11 12:00:00,16.024,16.024,15.302,15.413,11973161.0
2023-01-11 16:00:00,15.413,16.127,15.27,15.999,10531235.0
2023-01-11 20:00:00,16.0,16.597,15.732,16.355,10245223.0
2023-01-12 00:00:00,16.354,17.0,16.127,16.418,13057302.0
2023-01-12 04:00:00,16.418,16.494,16.151,16.235,4584295.0
2023-01-12 08:00:00,16.236,16.239,15.892,16.065,5636867.0
2023-01-12 12:00:00,16.064,16.498,15.4,15.948,22144312.0
2023-01-12 16:00:00,15.947,16.79,15.888,16.533,15129609.0
2023-01-12 20:00:00,16.534,16.7,16.293,16.584,8299100.0
2023-01-13 00:00:00,16.584,16.84,16.237,16.698,6062326.0
2023-01-13 04:00:00,16.697,17.34,16.689,16.89,13603245.0
2023-01-13 08:00:00,16.889,17.097,16.52,16.646,9136016.0
2023-01-13 12:00:00,16.646,16.85,16.439,16.789,7812135.0
2023-01-13 16:00:00,16.788,17.22,16.488,17.177,8494044.0
2023-01-13 20:00:00,17.176,18.658,17.017,18.289,21325901.0
2023-01-14 00:00:00,18.289,22.879,18.191,21.964,44476162.0
2023-01-14 04:00:00,21.963,24.8,21.8,23.577,34380856.0
2023-01-14 08:00:00,23.577,23.94,21.325,22.395,34314636.0
2023-01-14 12:00:00,22.396,23.68,21.73,22.337,23663811.0
2023-01-14 16:00:00,22.335,23.43,22.142,23.073,17881495.0
2023-01-14 20:00:00,23.074,24.848,22.47,24.283,16226028.0
2023-01-15 00:00:00,24.284,25.2,22.5,23.09,22196743.0
2023-01-15 04:00:00,23.087,23.2,22.14,22.657,9316790.0
2023-01-15 08:00:00,22.657,23.121,22.0,22.904,12704886.0
2023-01-15 12:00:00,22.905,23.907,22.718,23.696,16460215.0
2023-01-15 16:00:00,23.696,23.811,22.94,23.39,13062458.0
2023-01-15 20:00:00,23.389,23.437,22.473,22.903,7350622.0
2023-01-16 00:00:00,22.903,24.28,22.45,23.239,12710657.0
2023-01-16 04:00:00,23.24,25.18,23.031,24.276,15918875.0
2023-01-16 08:00:00,24.279,24.289,22.875,23.4,15217866.0
2023-01-16 12:00:00,23.4,23.555,22.23,23.081,15098202.0
2023-01-16 16:00:00,23.081,23.86,22.861,23.562,11688205.0
2023-01-16 20:00:00,23.563,24.3,23.303,23.601,9231997.0
2023-01-17 00:00:00,23.6,23.857,22.77,23.192,10219127.0
2023-01-17 04:00:00,23.192,23.83,23.133,23.427,8259615.0
2023-01-17 08:00:00,23.427,24.0,23.369,23.758,7292357.0
2023-01-17 12:00:00,23.759,23.97,23.11,23.267,13272148.0
2023-01-17 16:00:00,23.268,23.576,23.028,23.441,6813498.0
2023-01-17 20:00:00,23.441,23.7,22.66,22.855,7648201.0
2023-01-18 00:00:00,22.858,23.339,22.613,23.054,9059564.0
2023-01-18 04:00:00,23.052,23.327,22.85,22.989,4240737.0
2023-01-18 08:00:00,22.989,22.994,22.08,22.533,8830435.0
2023-01-18 12:00:00,22.533,23.674,20.645,21.781,19083020.0
2023-01-18 16:00:00,21.781,22.3,20.31,21.781,31846115.0
2023-01-18 20:00:00,21.782,21.879,20.7,20.804,13073495.0
2023-01-19 00:00:00,20.804,21.536,20.78,21.35,8489632.0
2023-01-19 04:00:00,21.347,21.788,21.264,21.306,5449376.0
2023-01-19 08:00:00,21.308,21.513,20.792,20.939,6768279.0
2023-01-19 12:00:00,20.937,21.186,20.4,21.053,13694996.0
2023-01-19 16:00:00,21.052,21.743,20.847,21.638,9636025.0
2023-01-19 20:00:00,21.639,21.879,21.302,21.408,5971851.0
2023-01-20 00:00:00,21.408,21.628,21.02,21.334,6195337.0
2023-01-20 04:00:00,21.334,21.414,20.913,21.07,5314494.0
2023-01-20 08:00:00,21.07,21.249,20.955,21.132,4020593.0
2023-01-20 12:00:00,21.132,21.55,21.073,21.42,7236762.0
2023-01-20 16:00:00,21.419,23.4,21.4,23.275,18089876.0
2023-01-20 20:00:00,23.276,25.875,23.267,25.513,28045553.0
2023-01-21 00:00:00,25.513,25.9,24.264,24.863,14785080.0
2023-01-21 04:00:00,24.862,25.748,24.722,25.545,9011686.0
2023-01-21 08:00:00,25.544,26.687,24.267,25.194,21200542.0
2023-01-21 12:00:00,25.194,25.64,25.04,25.227,10860157.0
2023-01-21 16:00:00,25.23,26.117,25.112,25.635,11085185.0
2023-01-21 20:00:00,25.634,25.7,24.5,24.564,7275774.0
2023-01-22 00:00:00,24.564,25.329,24.394,25.002,7973237.0
2023-01-22 04:00:00,25.003,25.47,24.933,25.135,4983471.0
2023-01-22 08:00:00,25.136,25.336,24.767,24.905,5507847.0
2023-01-22 12:00:00,24.905,25.44,24.636,24.961,8791666.0
2023-01-22 16:00:00,24.962,25.285,24.699,24.916,5702417.0
2023-01-22 20:00:00,24.916,24.936,23.5,24.195,10878829.0
2023-01-23 00:00:00,24.196,24.943,24.06,24.534,6535656.0
2023-01-23 04:00:00,24.534,24.81,24.325,24.489,3692932.0
2023-01-23 08:00:00,24.486,24.836,24.142,24.637,5001479.0
2023-01-23 12:00:00,24.636,24.722,23.7,24.175,12034559.0
2023-01-23 16:00:00,24.175,24.78,23.962,24.183,7716784.0
2023-01-23 20:00:00,24.183,24.55,24.035,24.347,3248404.0
2023-01-24 00:00:00,24.346,25.3,24.056,25.014,7357006.0
2023-01-24 04:00:00,25.014,25.035,24.65,24.791,3302975.0
2023-01-24 08:00:00,24.791,24.962,24.271,24.469,5447461.0
2023-01-24 12:00:00,24.474,24.59,23.862,24.489,6925399.0
2023-01-24 16:00:00,24.49,24.549,24.06,24.468,4129339.0
2023-01-24 20:00:00,24.468,24.515,22.11,22.77,12998487.0
2023-01-25 00:00:00,22.77,22.988,22.187,22.916,7620777.0
2023-01-25 04:00:00,22.917,23.407,22.851,23.252,4741723.0
2023-01-25 08:00:00,23.253,23.389,22.96,23.127,4866238.0
2023-01-25 12:00:00,23.128,24.573,22.69,23.315,17847424.0
2023-01-25 16:00:00,23.314,23.8,23.209,23.731,6336616.0
2023-01-25 20:00:00,23.73,25.452,23.71,24.534,15545103.0
2023-01-26 00:00:00,24.535,25.251,24.429,24.803,6021714.0
2023-01-26 04:00:00,24.803,24.963,24.25,24.353,5079745.0
2023-01-26 08:00:00,24.352,24.593,24.088,24.329,4135232.0
2023-01-26 12:00:00,24.328,25.163,24.07,24.253,11422538.0
2023-01-26 16:00:00,24.251,24.742,23.7,24.468,6987897.0
2023-01-26 20:00:00,24.469,24.628,24.205,24.345,3300812.0
2023-01-27 00:00:00,24.345,24.54,23.242,23.726,5838528.0
2023-01-27 04:00:00,23.725,24.047,23.663,24.021,2733735.0
2023-01-27 08:00:00,24.023,24.038,23.564,23.7,3209803.0
2023-01-27 12:00:00,23.7,24.219,23.31,23.827,8218489.0
2023-01-27 16:00:00,23.826,24.609,23.808,24.491,5382139.0
2023-01-27 20:00:00,24.492,24.994,24.027,24.441,6336370.0
2023-01-28 00:00:00,24.441,24.906,24.294,24.519,4516002.0
2023-01-28 04:00:00,24.52,25.3,24.181,24.367,5112477.0
2023-01-28 08:00:00,24.366,24.486,24.195,24.323,2794891.0
2023-01-28 12:00:00,24.323,24.33,23.7,24.163,6376383.0
2023-01-28 16:00:00,24.163,24.225,23.919,24.127,2401624.0
2023-01-28 20:00:00,24.127,24.141,23.75,24.002,2454824.0
2023-01-29 00:00:00,24.002,24.704,23.71,24.133,6291485.0
2023-01-29 04:00:00,24.134,24.186,24.015,24.145,1572843.0
2023-01-29 08:00:00,24.145,24.552,24.062,24.361,3296651.0
2023-01-29 12:00:00,24.362,24.815,24.207,24.702,5665002.0
2023-01-29 16:00:00,24.702,26.629,24.462,26.346,22347197.0
2023-01-29 20:00:00,26.347,26.869,25.955,26.09,9410896.0
2023-01-30 00:00:00,26.09,26.334,25.235,25.47,7525616.0
2023-01-30 04:00:00,25.47,25.632,25.261,25.394,4294958.0
2023-01-30 08:00:00,25.395,25.554,23.742,24.011,14048343.0
2023-01-30 12:00:00,24.011,24.744,23.841,24.388,8976743.0
2023-01-30 16:00:00,24.385,24.648,22.91,23.597,10119602.0
2023-01-30 20:00:00,23.595,23.989,23.323,23.957,5029760.0
2023-01-31 00:00:00,23.957,24.288,23.647,24.008,5122209.0
2023-01-31 04:00:00,24.008,24.14,23.649,24.118,3980132.0
2023-01-31 08:00:00,24.118,24.15,23.481,23.75,4471435.0
2023-01-31 12:00:00,23.749,24.368,23.629,24.09,7426627.0
2023-01-31 16:00:00,24.09,24.494,24.004,24.189,4520688.0
2023-01-31 20:00:00,24.191,24.25,23.575,23.913,5312922.0
2023-02-01 00:00:00,23.912,24.033,23.652,23.865,2977916.0
2023-02-01 04:00:00,23.865,24.02,23.4,23.55,3657117.0
2023-02-01 08:00:00,23.55,23.632,23.145,23.541,4310073.0
2023-02-01 12:00:00,23.541,23.679,22.7,22.814,7372401.0
2023-02-01 16:00:00,22.813,24.45,22.45,24.216,15060877.0
2023-02-01 20:00:00,24.218,25.248,24.1,25.011,13450142.0
2023-02-02 00:00:00,25.014,25.798,24.955,25.308,8572415.0
2023-02-02 04:00:00,25.308,25.44,24.756,24.867,4250416.0
2023-02-02 08:00:00,24.869,25.098,24.818,25.014,2966561.0
2023-02-02 12:00:00,25.015,25.285,24.59,25.025,8554262.0
2023-02-02 16:00:00,25.025,26.173,24.863,25.064,11396353.0
2023-02-02 20:00:00,25.065,25.279,24.005,24.315,8010117.0
2023-02-03 00:00:00,24.32,24.5,24.0,24.321,4546704.0
2023-02-03 04:00:00,24.321,24.53,24.232,24.307,2927212.0
2023-02-03 08:00:00,24.309,24.52,24.08,24.478,3321357.0
2023-02-03 12:00:00,24.477,25.072,23.97,24.846,10525026.0
2023-02-03 16:00:00,24.846,25.038,24.354,24.374,5431757.0
2023-02-03 20:00:00,24.374,24.815,24.226,24.683,3065344.0
2023-02-04 00:00:00,24.683,24.82,24.418,24.459,2041969.0
2023-02-04 04:00:00,24.459,24.528,24.279,24.498,1690193.0
2023-02-04 08:00:00,24.499,24.595,24.405,24.577,1616417.0
2023-02-04 12:00:00,24.578,24.943,24.532,24.705,3256831.0
2023-02-04 16:00:00,24.707,24.809,24.506,24.655,2624433.0
2023-02-04 20:00:00,24.655,24.751,24.144,24.318,2585589.0
2023-02-05 00:00:00,24.318,24.419,24.021,24.282,3032657.0
2023-02-05 04:00:00,24.281,24.46,24.225,24.335,1563968.0
2023-02-05 08:00:00,24.337,24.44,24.13,24.187,1928222.0
2023-02-05 12:00:00,24.187,24.22,23.153,23.618,8727731.0
2023-02-05 16:00:00,23.617,23.69,23.17,23.347,5562036.0
2023-02-05 20:00:00,23.346,23.662,23.0,23.464,3960485.0
2023-02-06 00:00:00,23.465,23.717,23.227,23.371,2389143.0
2023-02-06 04:00:00,23.371,23.455,22.82,23.345,3515947.0
2023-02-06 08:00:00,23.345,23.398,23.04,23.321,2584352.0
2023-02-06 12:00:00,23.321,23.507,22.801,23.477,6181605.0
2023-02-06 16:00:00,23.476,23.6,23.143,23.365,4773444.0
2023-02-06 20:00:00,23.364,23.364,22.471,22.635,4981090.0
2023-02-07 00:00:00,22.637,23.157,22.526,23.06,3187008.0
2023-02-07 04:00:00,23.061,23.346,23.024,23.195,2278421.0
2023-02-07 08:00:00,23.196,23.448,23.08,23.333,3037136.0
2023-02-07 12:00:00,23.332,23.416,22.921,23.01,3664314.0
2023-02-07 16:00:00,23.01,23.85,22.55,23.26,11326717.0
2023-02-07 20:00:00,23.26,23.953,23.131,23.817,4871253.0
2023-02-08 00:00:00,23.817,24.24,23.784,23.88,3870494.0
2023-02-08 04:00:00,23.88,23.97,23.569,23.758,2268638.0
2023-02-08 08:00:00,23.758,23.774,23.52,23.726,2282072.0
2023-02-08 12:00:00,23.724,23.962,23.267,23.285,6829044.0
2023-02-08 16:00:00,23.285,23.466,22.781,23.083,8048320.0
2023-02-08 20:00:00,23.082,23.265,22.857,23.21,2833771.0
2023-02-09 00:00:00,23.209,23.345,21.835,22.33,8436777.0
2023-02-09 04:00:00,22.33,22.888,22.164,22.754,4203085.0
2023-02-09 08:00:00,22.753,22.985,22.716,22.788,3429764.0
2023-02-09 12:00:00,22.787,22.97,22.56,22.646,5636375.0
2023-02-09 16:00:00,22.647,22.696,21.422,21.8,9722610.0
2023-02-09 20:00:00,21.799,21.799,19.99,20.482,12445193.0
2023-02-10 00:00:00,20.482,20.882,20.265,20.775,6131192.0
2023-02-10 04:00:00,20.774,21.075,20.495,21.072,5038302.0
2023-02-10 08:00:00,21.071,21.171,20.6,20.683,4815886.0
2023-02-10 12:00:00,20.684,20.989,20.406,20.706,7573207.0
2023-02-10 16:00:00,20.705,20.99,20.502,20.874,5485076.0
2023-02-10 20:00:00,20.874,20.898,19.66,20.088,8228599.0
2023-02-11 00:00:00,20.087,20.481,20.078,20.391,3090191.0
2023-02-11 04:00:00,20.391,20.407,20.2,20.325,1789301.0
2023-02-11 08:00:00,20.325,20.372,20.213,20.308,1557463.0
2023-02-11 12:00:00,20.306,20.599,20.261,20.496,3273044.0
2023-02-11 16:00:00,20.495,20.5,20.24,20.365,2102371.0
2023-02-11 20:00:00,20.366,20.888,20.312,20.782,2688245.0
2023-02-12 00:00:00,20.783,20.798,20.604,20.643,1526761.0
2023-02-12 04:00:00,20.644,20.999,20.615,20.82,1850872.0
2023-02-12 08:00:00,20.819,21.065,20.809,21.033,2693433.0
2023-02-12 12:00:00,21.034,21.587,20.753,21.409,5931997.0
2023-02-12 16:00:00,21.41,22.529,21.359,22.027,8146446.0
2023-02-12 20:00:00,22.026,22.194,21.08,21.483,7944772.0
2023-02-13 00:00:00,21.484,21.595,20.448,20.903,8323413.0
2023-02-13 04:00:00,20.902,21.312,20.841,21.159,4125387.0
2023-02-13 08:00:00,21.159,21.178,20.03,20.447,9423179.0
2023-02-13 12:00:00,20.447,20.696,20.346,20.353,5560155.0
2023-02-13 16:00:00,20.354,20.522,19.72,20.419,9225561.0
2023-02-13 20:00:00,20.419,20.84,20.212,20.748,4089155.0
2023-02-14 00:00:00,20.748,21.079,20.639,20.806,4127925.0
2023-02-14 04:00:00,20.807,21.08,20.745,21.033,2763538.0
2023-02-14 08:00:00,21.033,21.602,20.75,21.341,7044859.0
2023-02-14 12:00:00,21.341,22.373,20.866,21.888,20815541.0
2023-02-14 16:00:00,21.889,22.067,21.624,22.01,8694166.0
2023-02-14 20:00:00,22.009,22.05,21.522,21.836,4102983.0
2023-02-15 00:00:00,21.836,21.924,21.443,21.599,3224745.0
2023-02-15 04:00:00,21.598,21.671,21.462,21.517,2288352.0
2023-02-15 08:00:00,21.518,22.215,21.448,22.097,4594194.0
2023-02-15 12:00:00,22.097,22.745,22.095,22.411,9278176.0
2023-02-15 16:00:00,22.411,23.018,22.254,22.991,6859528.0
2023-02-15 20:00:00,22.992,23.996,22.917,23.862,10476896.0
2023-02-16 00:00:00,23.862,24.14,23.55,23.814,5716762.0
2023-02-16 04:00:00,23.814,23.997,23.55,23.728,3619041.0
2023-02-16 08:00:00,23.727,23.925,23.494,23.584,3062821.0
2023-02-16 12:00:00,23.584,23.88,23.074,23.86,8716084.0
2023-02-16 16:00:00,23.86,24.16,23.359,23.6,7992066.0
2023-02-16 20:00:00,23.599,23.619,22.203,22.257,9460919.0
2023-02-17 00:00:00,22.257,22.799,22.024,22.676,4211649.0
2023-02-17 04:00:00,22.677,22.818,22.517,22.538,2770403.0
2023-02-17 08:00:00,22.538,22.726,22.461,22.596,2623396.0
2023-02-17 12:00:00,22.595,22.986,22.435,22.786,6488861.0
2023-02-17 16:00:00,22.783,23.496,22.575,23.468,5730556.0
2023-02-17 20:00:00,23.469,23.558,22.714,23.146,5224712.0
2023-02-18 00:00:00,23.147,23.644,23.144,23.361,2631094.0
2023-02-18 04:00:00,23.36,23.499,23.125,23.232,1653869.0
2023-02-18 08:00:00,23.232,23.278,22.931,23.059,2469562.0
2023-02-18 12:00:00,23.06,23.569,23.005,23.428,2989646.0
2023-02-18 16:00:00,23.429,23.942,23.406,23.494,4369752.0
2023-02-18 20:00:00,23.494,23.69,23.268,23.464,2277440.0
2023-02-19 00:00:00,23.464,23.608,23.207,23.309,1895918.0
2023-02-19 04:00:00,23.31,24.03,23.272,23.544,3947990.0
2023-02-19 08:00:00,23.544,23.726,23.469,23.696,2480607.0
2023-02-19 12:00:00,23.696,25.327,23.696,25.3,11326291.0
2023-02-19 16:00:00,25.3,25.406,24.0,24.658,12401253.0
2023-02-19 20:00:00,24.66,25.68,24.036,24.853,10144825.0
2023-02-20 00:00:00,24.851,26.358,24.1,26.178,14235984.0
2023-02-20 04:00:00,26.179,27.15,25.867,26.506,14869260.0
2023-02-20 08:00:00,26.505,26.705,26.051,26.398,9111692.0
2023-02-20 12:00:00,26.398,26.736,26.138,26.563,8052774.0
2023-02-20 16:00:00,26.563,26.601,25.555,26.35,8670080.0
2023-02-20 20:00:00,26.35,26.392,25.917,26.291,4040270.0
2023-02-21 00:00:00,26.29,26.648,25.795,26.147,6841970.0
2023-02-21 04:00:00,26.148,26.334,25.728,26.043,4161790.0
2023-02-21 08:00:00,26.043,26.273,24.899,25.076,9911816.0
2023-02-21 12:00:00,25.075,25.397,24.755,25.065,6954462.0
2023-02-21 16:00:00,25.066,25.525,24.704,25.266,6380963.0
2023-02-21 20:00:00,25.266,25.495,24.5,24.983,5382800.0
2023-02-22 00:00:00,24.983,25.266,23.82,24.45,7797841.0
2023-02-22 04:00:00,24.45,24.488,23.409,23.81,6813652.0
2023-02-22 08:00:00,23.81,23.827,23.2,23.559,7107036.0
2023-02-22 12:00:00,23.56,23.8,23.24,23.655,7332623.0
2023-02-22 16:00:00,23.653,24.15,23.4,23.778,6900451.0
2023-02-22 20:00:00,23.776,24.336,23.454,24.145,4020923.0
2023-02-23 00:00:00,24.144,24.685,23.95,24.444,4760259.0
2023-02-23 04:00:00,24.444,24.566,24.226,24.477,2775324.0
2023-02-23 08:00:00,24.478,24.63,23.59,23.745,5271750.0
2023-02-23 12:00:00,23.745,24.383,23.597,23.865,6497571.0
2023-02-23 16:00:00,23.864,24.067,23.594,24.023,3802632.0
2023-02-23 20:00:00,24.023,24.208,23.669,23.909,2429408.0
2023-02-24 00:00:00,23.909,24.123,23.674,23.777,2819384.0
2023-02-24 04:00:00,23.777,24.098,23.733,23.973,2411351.0
2023-02-24 08:00:00,23.973,24.072,23.5,23.77,3240040.0
2023-02-24 12:00:00,23.771,24.02,22.873,23.035,7535871.0
2023-02-24 16:00:00,23.035,23.05,22.483,23.034,7610151.0
2023-02-24 20:00:00,23.034,23.342,22.436,23.06,3845132.0
2023-02-25 00:00:00,23.058,23.327,22.917,22.943,2243865.0
2023-02-25 04:00:00,22.943,23.171,22.808,22.95,2105761.0
2023-02-25 08:00:00,22.949,23.044,22.608,22.777,2967854.0
2023-02-25 12:00:00,22.776,22.802,21.992,22.331,5576754.0
2023-02-25 16:00:00,22.33,22.499,21.603,21.897,5293108.0
2023-02-25 20:00:00,21.897,22.487,21.4,22.359,5492301.0
2023-02-26 00:00:00,22.36,22.728,22.201,22.643,2517379.0
2023-02-26 04:00:00,22.644,22.834,22.483,22.791,1706531.0
2023-02-26 08:00:00,22.79,22.96,22.612,22.834,2325083.0
2023-02-26 12:00:00,22.834,22.961,22.535,22.922,3030579.0
2023-02-26 16:00:00,22.922,23.388,22.672,23.348,3878385.0
2023-02-26 20:00:00,23.35,23.52,22.95,23.238,3767111.0
2023-02-27 00:00:00,23.238,23.261,22.965,23.019,2223939.0
2023-02-27 04:00:00,23.017,23.038,22.751,22.873,2566525.0
2023-02-27 08:00:00,22.873,22.958,22.612,22.768,2691623.0
2023-02-27 12:00:00,22.768,23.4,22.65,23.05,6620233.0
2023-02-27 16:00:00,23.049,23.132,22.309,22.52,5089595.0
2023-02-27 20:00:00,22.52,22.789,22.338,22.665,2543900.0
2023-02-28 00:00:00,22.665,22.74,22.41,22.61,1959874.0
2023-02-28 04:00:00,22.611,22.612,22.057,22.079,2610011.0
2023-02-28 08:00:00,22.08,22.313,22.038,22.184,2366343.0
2023-02-28 12:00:00,22.185,22.596,22.184,22.529,3857321.0
2023-02-28 16:00:00,22.528,22.696,22.152,22.192,2993453.0
2023-02-28 20:00:00,22.191,22.243,21.733,21.875,4299844.0
2023-03-01 00:00:00,21.877,22.396,21.639,22.315,3289809.0
2023-03-01 04:00:00,22.315,22.67,22.286,22.579,2842760.0
2023-03-01 08:00:00,22.58,22.904,22.524,22.68,2899827.0
2023-03-01 12:00:00,22.68,22.857,22.517,22.659,3631334.0
2023-03-01 16:00:00,22.659,22.664,22.101,22.149,3104049.0
2023-03-01 20:00:00,22.149,22.542,22.106,22.499,2397464.0
2023-03-02 00:00:00,22.502,22.656,21.885,22.039,3115227.0
2023-03-02 04:00:00,22.038,22.172,21.837,21.972,1846141.0
2023-03-02 08:00:00,21.971,22.099,21.884,22.066,2023375.0
2023-03-02 12:00:00,22.066,22.085,21.654,21.821,4414537.0
2023-03-02 16:00:00,21.819,22.148,21.689,22.073,2694072.0
2023-03-02 20:00:00,22.071,22.145,21.907,21.991,1854247.0
2023-03-03 00:00:00,21.991,22.003,20.291,20.85,8586735.0
2023-03-03 04:00:00,20.849,21.237,20.803,21.049,2858168.0
2023-03-03 08:00:00,21.048,21.218,21.047,21.133,2049517.0
2023-03-03 12:00:00,21.133,21.441,20.985,21.256,4635621.0
2023-03-03 16:00:00,21.255,21.451,21.15,21.421,2590107.0
2023-03-03 20:00:00,21.423,21.533,21.154,21.404,2347478.0
2023-03-04 00:00:00,21.405,21.62,21.287,21.318,1761131.0
2023-03-04 04:00:00,21.317,21.364,21.008,21.163,1746069.0
2023-03-04 08:00:00,21.163,21.244,21.066,21.152,1178456.0
2023-03-04 12:00:00,21.152,21.187,20.915,20.948,1634829.0
2023-03-04 16:00:00,20.95,21.036,20.565,20.674,2193360.0
2023-03-04 20:00:00,20.675,20.992,20.175,20.977,4513585.0
2023-03-05 00:00:00,20.976,21.727,20.917,21.325,5850316.0
2023-03-05 04:00:00,21.325,21.438,21.209,21.295,1445299.0
2023-03-05 08:00:00,21.295,21.371,21.131,21.191,1604218.0
2023-03-05 12:00:00,21.19,21.349,21.144,21.262,2358144.0
2023-03-05 16:00:00,21.261,21.316,21.0,21.093,1802934.0
2023-03-05 20:00:00,21.092,21.334,20.821,20.96,2674369.0
2023-03-06 00:00:00,20.96,21.08,20.65,20.91,3258951.0
2023-03-06 04:00:00,20.909,20.948,20.575,20.743,1984417.0
2023-03-06 08:00:00,20.743,20.776,20.6,20.681,1811217.0
2023-03-06 12:00:00,20.681,21.082,20.526,21.044,3540215.0
2023-03-06 16:00:00,21.044,21.18,20.735,20.75,3185114.0
2023-03-06 20:00:00,20.752,20.76,20.436,20.622,2853747.0
2023-03-07 00:00:00,20.621,20.958,20.424,20.786,2679183.0
2023-03-07 04:00:00,20.786,20.846,20.667,20.695,1327577.0
2023-03-07 08:00:00,20.696,20.728,20.251,20.3,2934433.0
2023-03-07 12:00:00,20.302,20.64,19.866,20.41,8258841.0
2023-03-07 16:00:00,20.411,20.499,19.92,20.001,4849976.0
2023-03-07 20:00:00,20.001,20.277,19.682,20.233,4590334.0
2023-03-08 00:00:00,20.233,20.385,19.781,19.989,3129673.0
2023-03-08 04:00:00,19.989,20.051,19.114,19.181,5748407.0
2023-03-08 08:00:00,19.18,19.525,19.141,19.323,3564976.0
2023-03-08 12:00:00,19.322,19.377,18.615,19.212,11723561.0
2023-03-08 16:00:00,19.212,19.396,18.456,18.658,7594704.0
2023-03-08 20:00:00,18.657,18.95,18.1,18.413,8918489.0
2023-03-09 00:00:00,18.412,18.664,18.349,18.577,3871706.0
2023-03-09 04:00:00,18.576,18.773,18.459,18.485,3010880.0
2023-03-09 08:00:00,18.484,18.609,18.224,18.535,5101986.0
2023-03-09 12:00:00,18.535,18.677,18.131,18.349,8410464.0
2023-03-09 16:00:00,18.35,18.393,17.454,17.718,13156020.0
2023-03-09 20:00:00,17.719,17.733,16.628,17.318,14958370.0
2023-03-10 00:00:00,17.317,17.341,16.77,17.146,7613444.0
2023-03-10 04:00:00,17.146,17.183,16.586,16.977,6851064.0
2023-03-10 08:00:00,16.977,17.019,15.993,16.685,13044766.0
2023-03-10 12:00:00,16.685,17.919,16.588,17.648,20781670.0
2023-03-10 16:00:00,17.647,17.959,17.41,17.763,10192344.0
2023-03-10 20:00:00,17.764,18.344,17.436,18.15,7915820.0
2023-03-11 00:00:00,18.151,18.859,18.019,18.17,8837873.0
2023-03-11 04:00:00,18.167,18.261,16.951,17.053,9306581.0
2023-03-11 08:00:00,17.054,17.75,16.927,17.39,9249913.0
2023-03-11 12:00:00,17.39,17.519,17.054,17.131,5248641.0
2023-03-11 16:00:00,17.132,17.94,16.97,17.92,7261878.0
2023-03-11 20:00:00,17.92,18.2,17.825,18.061,5434307.0
2023-03-12 00:00:00,18.059,18.128,17.773,17.919,3274179.0
2023-03-12 04:00:00,17.92,18.085,17.7,17.829,2730340.0
2023-03-12 08:00:00,17.83,18.277,17.786,18.115,3585993.0
2023-03-12 12:00:00,18.114,18.132,17.72,17.827,4772408.0
2023-03-12 16:00:00,17.827,18.837,17.759,18.379,10132207.0
2023-03-12 20:00:00,18.381,20.7,18.371,20.193,14056338.0
2023-03-13 00:00:00,20.193,20.589,19.451,19.542,7690835.0
2023-03-13 04:00:00,19.542,19.835,19.514,19.726,3687533.0
2023-03-13 08:00:00,19.726,19.775,18.9,19.216,7220170.0
2023-03-13 12:00:00,19.214,21.418,18.872,20.717,19713620.0
2023-03-13 16:00:00,20.717,20.98,20.321,20.521,7410439.0
2023-03-13 20:00:00,20.52,20.634,20.15,20.399,3416303.0
2023-03-14 00:00:00,20.403,20.497,20.146,20.419,3858689.0
2023-03-14 04:00:00,20.419,20.678,19.929,20.006,4280929.0
2023-03-14 08:00:00,20.006,20.229,19.758,20.118,4705598.0
2023-03-14 12:00:00,20.117,22.152,20.028,21.924,18025622.0
2023-03-14 16:00:00,21.923,22.039,20.28,20.921,11545400.0
2023-03-14 20:00:00,20.921,21.053,20.245,20.87,6538578.0
2023-03-15 00:00:00,20.869,21.238,20.601,21.057,4466509.0
2023-03-15 04:00:00,21.058,21.473,20.982,21.236,4117076.0
2023-03-15 08:00:00,21.234,21.252,20.179,20.588,6517122.0
2023-03-15 12:00:00,20.588,21.173,19.02,19.237,14434631.0
2023-03-15 16:00:00,19.237,19.436,18.633,19.089,12146211.0
2023-03-15 20:00:00,19.092,19.473,18.993,19.24,4042051.0
2023-03-16 00:00:00,19.239,19.471,18.869,19.313,4155020.0
2023-03-16 04:00:00,19.312,19.617,19.047,19.496,4263821.0
2023-03-16 08:00:00,19.495,19.85,19.25,19.643,4895101.0
2023-03-16 12:00:00,19.645,19.71,19.018,19.572,6836698.0
2023-03-16 16:00:00,19.574,19.91,19.265,19.759,4770659.0
2023-03-16 20:00:00,19.76,19.768,19.251,19.662,3131659.0
2023-03-17 00:00:00,19.662,20.263,19.405,19.982,5029536.0
2023-03-17 04:00:00,19.984,20.259,19.872,19.992,3689382.0
2023-03-17 08:00:00,19.992,20.72,19.912,20.661,5093634.0
2023-03-17 12:00:00,20.664,20.676,19.8,20.025,6820411.0
2023-03-17 16:00:00,20.025,20.62,19.895,20.521,4591953.0
2023-03-17 20:00:00,20.524,21.696,20.297,21.598,8618345.0
2023-03-18 00:00:00,21.598,23.0,21.266,22.664,10591610.0
2023-03-18 04:00:00,22.666,22.879,22.145,22.197,3827729.0
2023-03-18 08:00:00,22.196,22.528,21.802,22.503,4458913.0
2023-03-18 12:00:00,22.504,22.534,21.44,21.84,6623015.0
2023-03-18 16:00:00,21.841,22.432,21.23,21.947,6326629.0
2023-03-18 20:00:00,21.947,22.191,21.054,21.213,4248851.0
2023-03-19 00:00:00,21.212,21.864,21.209,21.825,3041632.0
2023-03-19 04:00:00,21.822,21.93,21.308,21.561,2699590.0
2023-03-19 08:00:00,21.562,21.78,21.233,21.701,4111198.0
2023-03-19 12:00:00,21.701,22.134,21.486,22.0,4671413.0
2023-03-19 16:00:00,22.001,22.439,21.971,22.187,5738379.0
2023-03-19 20:00:00,22.185,22.299,21.69,21.864,5053901.0
2023-03-20 00:00:00,21.864,23.0,21.587,21.708,10138028.0
2023-03-20 04:00:00,21.708,23.186,21.334,23.106,9610646.0
2023-03-20 08:00:00,23.105,23.6,22.909,23.314,10327166.0
2023-03-20 12:00:00,23.314,23.91,22.923,23.156,11178416.0
2023-03-20 16:00:00,23.157,23.44,21.82,22.126,12719962.0
2023-03-20 20:00:00,22.126,22.78,22.003,22.121,5628962.0
2023-03-21 00:00:00,22.121,22.751,21.996,22.435,5829001.0
2023-03-21 04:00:00,22.434,22.637,21.687,21.92,4897111.0
2023-03-21 08:00:00,21.92,22.52,21.516,22.434,7257237.0
2023-03-21 12:00:00,22.433,23.333,22.342,22.909,9729825.0
2023-03-21 16:00:00,22.909,23.2,22.107,22.52,7135473.0
2023-03-21 20:00:00,22.521,22.667,22.224,22.526,3759526.0
2023-03-22 00:00:00,22.523,22.53,22.001,22.302,3174805.0
2023-03-22 04:00:00,22.298,22.549,22.209,22.307,2617917.0
2023-03-22 08:00:00,22.308,22.704,22.095,22.473,4466828.0
2023-03-22 12:00:00,22.473,23.094,22.31,22.624,5636181.0
2023-03-22 16:00:00,22.625,22.969,20.918,21.089,13499059.0
2023-03-22 20:00:00,21.089,21.837,20.952,21.404,6102326.0
2023-03-23 00:00:00,21.403,21.587,21.08,21.259,2849182.0
2023-03-23 04:00:00,21.259,21.723,21.179,21.691,2356528.0
2023-03-23 08:00:00,21.69,21.791,21.558,21.744,2583644.0
2023-03-23 12:00:00,21.745,22.745,21.365,22.392,7394329.0
2023-03-23 16:00:00,22.392,22.75,21.695,22.079,6800706.0
2023-03-23 20:00:00,22.081,22.246,21.882,22.157,2268501.0
2023-03-24 00:00:00,22.158,22.268,22.008,22.078,1552685.0
2023-03-24 04:00:00,22.076,22.135,21.871,21.985,1829185.0
2023-03-24 08:00:00,21.983,22.018,21.001,21.402,4421896.0
2023-03-24 12:00:00,21.393,21.751,20.96,21.181,5351791.0
2023-03-24 16:00:00,21.18,21.309,20.26,20.742,6529302.0
2023-03-24 20:00:00,20.743,20.791,20.322,20.649,3124306.0
2023-03-25 00:00:00,20.649,20.898,20.606,20.712,1609463.0
2023-03-25 04:00:00,20.713,20.798,20.488,20.598,1215344.0
2023-03-25 08:00:00,20.598,20.697,20.39,20.648,1719521.0
2023-03-25 12:00:00,20.649,20.966,20.549,20.858,2825495.0
2023-03-25 16:00:00,20.859,20.908,20.074,20.133,3197033.0
2023-03-25 20:00:00,20.132,20.443,20.102,20.394,1754363.0
2023-03-26 00:00:00,20.395,20.75,20.27,20.669,1652893.0
2023-03-26 04:00:00,20.669,20.873,20.619,20.761,1235711.0
2023-03-26 08:00:00,20.761,20.958,20.688,20.829,1943846.0
2023-03-26 12:00:00,20.829,21.127,20.729,20.802,2843750.0
2023-03-26 16:00:00,20.802,21.0,20.635,20.911,1769009.0
2023-03-26 20:00:00,20.911,21.09,20.743,20.931,1522137.0
2023-03-27 00:00:00,20.929,20.978,20.55,20.699,1883676.0
2023-03-27 04:00:00,20.698,20.733,20.358,20.435,2076367.0
2023-03-27 08:00:00,20.436,20.65,20.335,20.606,1957013.0
2023-03-27 12:00:00,20.607,20.707,19.297,19.765,6974865.0
2023-03-27 16:00:00,19.765,19.95,19.579,19.675,3678201.0
2023-03-27 20:00:00,19.676,19.939,19.566,19.887,2036635.0
2023-03-28 00:00:00,19.887,19.995,19.595,19.712,2157171.0
2023-03-28 04:00:00,19.711,20.069,19.7,19.87,2118921.0
2023-03-28 08:00:00,19.869,20.182,19.6,20.086,3009966.0
2023-03-28 12:00:00,20.086,20.389,19.817,20.231,4297393.0
2023-03-28 16:00:00,20.23,20.898,20.021,20.69,4753364.0
2023-03-28 20:00:00,20.69,20.738,20.2,20.439,2839498.0
2023-03-29 00:00:00,20.44,20.855,20.412,20.646,2163503.0
2023-03-29 04:00:00,20.647,21.287,20.617,21.202,3599698.0
2023-03-29 08:00:00,21.202,21.55,21.101,21.205,3417934.0
2023-03-29 12:00:00,21.206,21.343,20.939,21.226,3798993.0
2023-03-29 16:00:00,21.226,21.239,20.939,21.17,2195362.0
2023-03-29 20:00:00,21.171,21.321,20.894,21.086,2008248.0
2023-03-30 00:00:00,21.087,21.661,20.5,21.043,5914169.0
2023-03-30 04:00:00,21.042,21.215,20.839,21.007,2369318.0
2023-03-30 08:00:00,21.008,21.045,20.5,20.666,3245081.0
2023-03-30 12:00:00,20.666,20.696,20.394,20.521,3758436.0
2023-03-30 16:00:00,20.521,20.521,20.129,20.48,3771309.0
2023-03-30 20:00:00,20.48,20.708,20.361,20.543,1826492.0
2023-03-31 00:00:00,20.542,20.74,20.425,20.513,1991805.0
2023-03-31 04:00:00,20.513,20.612,20.01,20.288,2553768.0
2023-03-31 08:00:00,20.289,20.414,20.207,20.31,1845363.0
2023-03-31 12:00:00,20.311,20.985,20.206,20.858,4601785.0
2023-03-31 16:00:00,20.857,21.008,20.68,20.973,2536977.0
2023-03-31 20:00:00,20.973,21.486,20.821,21.161,2458680.0
2023-04-01 00:00:00,21.16,21.344,20.907,21.017,1945365.0
2023-04-01 04:00:00,21.017,21.272,20.826,21.007,1621252.0
2023-04-01 08:00:00,21.008,21.111,20.916,21.016,1308661.0
2023-04-01 12:00:00,21.015,21.09,20.85,20.952,1535379.0
2023-04-01 16:00:00,20.954,21.038,20.73,20.936,1681613.0
2023-04-01 20:00:00,20.935,21.224,20.932,21.079,1335628.0
2023-04-02 00:00:00,21.079,21.146,20.868,21.018,1031515.0
2023-04-02 04:00:00,21.017,21.306,20.912,21.17,1229103.0
2023-04-02 08:00:00,21.171,21.2,20.958,20.986,1105867.0
2023-04-02 12:00:00,20.986,20.996,20.4,20.57,3115645.0
2023-04-02 16:00:00,20.571,20.662,20.201,20.335,2189971.0
2023-04-02 20:00:00,20.335,20.57,20.258,20.509,1449075.0
2023-04-03 00:00:00,20.509,20.565,19.937,20.026,2588361.0
2023-04-03 04:00:00,20.026,20.258,19.977,20.254,1416632.0
2023-04-03 08:00:00,20.254,20.577,20.238,20.394,2677842.0
2023-04-03 12:00:00,20.393,20.599,20.057,20.306,2584610.0
2023-04-03 16:00:00,20.306,20.949,20.134,20.891,4310268.0
2023-04-03 20:00:00,20.891,20.989,20.04,20.444,4444032.0
2023-04-04 00:00:00,20.445,20.567,20.273,20.406,1296754.0
2023-04-04 04:00:00,20.405,20.633,20.311,20.515,1383610.0
2023-04-04 08:00:00,20.517,21.006,20.455,20.967,2858893.0
2023-04-04 12:00:00,20.967,21.269,20.664,20.851,3857345.0
2023-04-04 16:00:00,20.85,21.007,20.743,20.941,1628779.0
2023-04-04 20:00:00,20.941,21.084,20.808,20.905,1325474.0
2023-04-05 00:00:00,20.904,21.34,20.82,21.131,2688163.0
2023-04-05 04:00:00,21.129,21.3,21.105,21.187,1303441.0
2023-04-05 08:00:00,21.188,21.275,21.068,21.182,1175321.0
2023-04-05 12:00:00,21.183,21.247,20.532,20.793,4832375.0
2023-04-05 16:00:00,20.794,20.973,20.625,20.906,2124143.0
2023-04-05 20:00:00,20.907,21.044,20.805,20.957,1124058.0
2023-04-06 00:00:00,20.957,20.987,20.508,20.816,1857784.0
2023-04-06 04:00:00,20.816,20.825,20.61,20.628,997674.0
2023-04-06 08:00:00,20.627,20.747,20.345,20.679,2071602.0
2023-04-06 12:00:00,20.679,20.812,20.445,20.728,2160861.0
2023-04-06 16:00:00,20.728,20.86,20.601,20.705,1280668.0
2023-04-06 20:00:00,20.705,20.778,20.511,20.608,1106323.0
2023-04-07 00:00:00,20.609,20.771,20.371,20.546,1472203.0
2023-04-07 04:00:00,20.545,20.554,20.218,20.271,1585647.0
2023-04-07 08:00:00,20.272,20.43,20.195,20.31,1233625.0
2023-04-07 12:00:00,20.31,20.646,20.263,20.526,1652899.0
2023-04-07 16:00:00,20.527,20.562,20.41,20.48,769151.0
2023-04-07 20:00:00,20.48,20.522,20.324,20.433,777637.0
2023-04-08 00:00:00,20.434,20.485,20.25,20.472,923285.0
2023-04-08 04:00:00,20.472,20.726,20.427,20.601,1208342.0
2023-04-08 08:00:00,20.6,20.638,20.519,20.562,604156.0
2023-04-08 12:00:00,20.561,20.568,20.307,20.441,953935.0
2023-04-08 16:00:00,20.44,20.444,20.05,20.186,1696654.0
2023-04-08 20:00:00,20.187,20.226,19.821,20.025,1591875.0
2023-04-09 00:00:00,20.024,20.236,20.005,20.099,988711.0
2023-04-09 04:00:00,20.098,20.248,19.847,20.0,1282523.0
2023-04-09 08:00:00,19.999,20.19,19.934,20.18,855561.0
2023-04-09 12:00:00,20.182,20.32,20.0,20.112,1229986.0
2023-04-09 16:00:00,20.112,20.425,20.054,20.274,1634168.0
2023-04-09 20:00:00,20.275,20.439,20.189,20.278,1303184.0
2023-04-10 00:00:00,20.277,20.34,20.11,20.257,1007325.0
2023-04-10 04:00:00,20.257,20.342,20.164,20.239,605580.0
2023-04-10 08:00:00,20.239,20.373,20.21,20.276,811697.0
2023-04-10 12:00:00,20.276,20.295,20.063,20.21,1529605.0
2023-04-10 16:00:00,20.211,20.713,20.161,20.678,3113844.0
2023-04-10 20:00:00,20.679,20.95,20.527,20.893,2417108.0
2023-04-11 00:00:00,20.892,21.299,20.819,21.263,3163363.0
2023-04-11 04:00:00,21.264,22.688,21.206,22.468,12432111.0
2023-04-11 08:00:00,22.468,22.616,22.207,22.233,6595419.0
2023-04-11 12:00:00,22.233,23.491,22.129,23.306,17113553.0
2023-04-11 16:00:00,23.306,23.7,23.025,23.433,14667491.0
2023-04-11 20:00:00,23.436,23.492,22.801,22.999,8575863.0
2023-04-12 00:00:00,22.999,23.557,22.311,22.557,17501291.0
2023-04-12 04:00:00,22.556,24.1,22.502,23.683,16427397.0
2023-04-12 08:00:00,23.683,23.902,23.268,23.483,11290747.0
2023-04-12 12:00:00,23.483,24.492,23.239,23.592,25724545.0
2023-04-12 16:00:00,23.591,24.394,23.522,23.881,14903981.0
2023-04-12 20:00:00,23.882,24.17,23.6,23.798,6170423.0
2023-04-13 00:00:00,23.798,24.121,23.635,23.989,7454819.0
2023-04-13 04:00:00,23.99,24.29,23.85,24.109,6535091.0
2023-04-13 08:00:00,24.109,24.6,23.897,24.309,10411617.0
2023-04-13 12:00:00,24.31,25.29,24.248,24.612,14231741.0
2023-04-13 16:00:00,24.611,24.894,24.374,24.742,5349623.0
2023-04-13 20:00:00,24.742,24.789,24.3,24.424,3685615.0
2023-04-14 00:00:00,24.423,25.369,24.2,25.092,10824656.0
2023-04-14 04:00:00,25.092,25.5,24.853,24.914,7439961.0
2023-04-14 08:00:00,24.915,25.137,24.81,25.023,3848348.0
2023-04-14 12:00:00,25.023,25.1,23.801,23.845,10351031.0
2023-04-14 16:00:00,23.845,24.75,23.725,24.54,6788390.0
2023-04-14 20:00:00,24.539,25.0,24.429,24.721,3762709.0
2023-04-15 00:00:00,24.72,24.809,24.151,24.264,3189705.0
2023-04-15 04:00:00,24.267,24.516,24.01,24.413,2449592.0
2023-04-15 08:00:00,24.413,24.531,24.22,24.37,2308075.0
2023-04-15 12:00:00,24.37,24.53,24.156,24.351,2795202.0
2023-04-15 16:00:00,24.35,24.427,23.847,24.053,3466295.0
2023-04-15 20:00:00,24.053,24.159,23.811,24.057,2113761.0
2023-04-16 00:00:00,24.057,24.514,23.824,24.343,3345546.0
2023-04-16 04:00:00,24.343,24.47,24.201,24.26,1722417.0
2023-04-16 08:00:00,24.26,24.359,23.964,24.072,2080061.0
2023-04-16 12:00:00,24.072,24.384,24.0,24.326,2279938.0
2023-04-16 16:00:00,24.326,24.857,24.21,24.549,3562591.0
2023-04-16 20:00:00,24.55,25.538,24.327,25.352,8346791.0
2023-04-17 00:00:00,25.352,26.067,24.8,25.832,11044345.0
2023-04-17 04:00:00,25.832,26.0,25.101,25.145,5298929.0
2023-04-17 08:00:00,25.145,25.39,24.681,24.926,5571040.0
2023-04-17 12:00:00,24.925,25.48,24.303,24.543,10023796.0
2023-04-17 16:00:00,24.543,24.908,24.353,24.745,3792408.0
2023-04-17 20:00:00,24.745,24.798,24.46,24.59,1977245.0
2023-04-18 00:00:00,24.59,24.685,24.0,24.435,3795832.0
2023-04-18 04:00:00,24.434,25.167,24.355,25.097,4235019.0
2023-04-18 08:00:00,25.099,25.46,24.866,25.365,4476264.0
2023-04-18 12:00:00,25.363,25.414,24.825,24.944,4853388.0
2023-04-18 16:00:00,24.943,25.021,24.428,24.684,4048856.0
2023-04-18 20:00:00,24.684,24.927,24.583,24.829,2229218.0
2023-04-19 00:00:00,24.829,24.995,24.534,24.624,2038455.0
2023-04-19 04:00:00,24.623,24.785,24.252,24.358,3322487.0
2023-04-19 08:00:00,24.358,24.359,21.517,23.198,15683529.0
2023-04-19 12:00:00,23.197,23.55,22.911,23.325,5438177.0
2023-04-19 16:00:00,23.326,23.49,22.794,22.983,4594923.0
2023-04-19 20:00:00,22.982,23.159,22.104,22.655,5269033.0
2023-04-20 00:00:00,22.654,23.094,22.355,22.852,3780968.0
2023-04-20 04:00:00,22.853,23.067,22.555,22.607,3726485.0
2023-04-20 08:00:00,22.606,22.873,22.21,22.331,4133444.0
2023-04-20 12:00:00,22.332,23.18,22.043,22.114,7555913.0
2023-04-20 16:00:00,22.116,22.42,21.6,21.771,9135233.0
2023-04-20 20:00:00,21.77,22.29,21.68,22.184,2866776.0
2023-04-21 00:00:00,22.185,22.4,21.968,22.298,2683430.0
2023-04-21 04:00:00,22.299,22.346,21.811,22.253,3560482.0
2023-04-21 08:00:00,22.253,22.382,21.917,22.019,3262325.0
2023-04-21 12:00:00,22.018,22.3,21.769,21.866,4478892.0
2023-04-21 16:00:00,21.866,21.937,20.809,21.2,7384434.0
2023-04-21 20:00:00,21.199,21.42,20.966,21.247,3301903.0
2023-04-22 00:00:00,21.246,21.391,21.033,21.372,1719894.0
2023-04-22 04:00:00,21.371,21.489,21.211,21.27,1334065.0
2023-04-22 08:00:00,21.27,21.383,21.2,21.355,1168555.0
2023-04-22 12:00:00,21.355,21.721,21.349,21.72,2611891.0
2023-04-22 16:00:00,21.721,21.928,21.608,21.753,2780808.0
2023-04-22 20:00:00,21.752,21.99,21.673,21.782,1640413.0
2023-04-23 00:00:00,21.783,21.795,21.42,21.707,1946935.0
2023-04-23 04:00:00,21.708,22.145,21.67,22.069,2423441.0
2023-04-23 08:00:00,22.072,22.2,21.91,22.128,2884762.0
2023-04-23 12:00:00,22.129,22.245,21.456,21.641,4057111.0
2023-04-23 16:00:00,21.64,21.683,20.9,21.178,4950295.0
2023-04-23 20:00:00,21.178,21.548,21.075,21.461,2059139.0
2023-04-24 00:00:00,21.461,22.0,21.25,21.711,3537049.0
2023-04-24 04:00:00,21.712,21.774,21.15,21.281,2975283.0
2023-04-24 08:00:00,21.281,21.729,21.119,21.726,3320370.0
2023-04-24 12:00:00,21.725,21.979,21.283,21.343,4440695.0
2023-04-24 16:00:00,21.344,21.549,20.974,21.319,4176253.0
2023-04-24 20:00:00,21.319,21.465,21.25,21.373,1710869.0
2023-04-25 00:00:00,21.377,21.457,20.8,20.873,2994545.0
2023-04-25 04:00:00,20.873,21.144,20.826,20.879,2248575.0
2023-04-25 08:00:00,20.878,21.049,20.714,20.998,3520482.0
2023-04-25 12:00:00,20.999,21.163,20.726,20.861,4173884.0
2023-04-25 16:00:00,20.861,21.282,20.754,21.154,3826716.0
2023-04-25 20:00:00,21.156,21.959,21.147,21.924,4855943.0
2023-04-26 00:00:00,21.923,22.063,21.722,21.799,2271097.0
2023-04-26 04:00:00,21.799,22.178,21.795,21.914,2243414.0
2023-04-26 08:00:00,21.915,22.625,21.909,22.447,5093509.0
2023-04-26 12:00:00,22.446,22.977,22.44,22.669,6357500.0
2023-04-26 16:00:00,22.67,22.83,20.687,21.069,9059327.0
2023-04-26 20:00:00,21.069,21.516,20.291,21.256,9281386.0
2023-04-27 00:00:00,21.256,22.082,21.155,21.614,6355401.0
2023-04-27 04:00:00,21.613,21.993,21.5,21.66,2904797.0
2023-04-27 08:00:00,21.659,21.764,21.511,21.635,2453137.0
2023-04-27 12:00:00,21.635,22.445,21.285,22.24,6972700.0
2023-04-27 16:00:00,22.241,22.541,22.014,22.315,4674555.0
2023-04-27 20:00:00,22.317,22.486,22.099,22.326,3003613.0
2023-04-28 00:00:00,22.325,22.672,22.182,22.304,2707222.0
2023-04-28 04:00:00,22.304,22.66,22.294,22.601,2175217.0
2023-04-28 08:00:00,22.601,22.866,22.327,22.479,4028527.0
2023-04-28 12:00:00,22.478,22.743,22.135,22.372,5604548.0
2023-04-28 16:00:00,22.372,23.45,22.365,23.296,11556353.0
2023-04-28 20:00:00,23.299,23.498,23.114,23.331,3942612.0
2023-04-29 00:00:00,23.33,23.477,23.188,23.292,2754990.0
2023-04-29 04:00:00,23.292,23.397,23.11,23.256,1956045.0
2023-04-29 08:00:00,23.257,23.346,23.164,23.28,2436617.0
2023-04-29 12:00:00,23.279,23.901,23.223,23.344,6805737.0
2023-04-29 16:00:00,23.344,23.385,22.83,23.286,3602696.0
2023-04-29 20:00:00,23.286,23.291,22.918,23.175,2614729.0
2023-04-30 00:00:00,23.175,23.198,22.961,23.139,1701024.0
2023-04-30 04:00:00,23.14,23.476,23.062,23.412,2463816.0
2023-04-30 08:00:00,23.413,23.733,23.409,23.488,4091487.0
2023-04-30 12:00:00,23.489,24.0,23.325,23.665,5248241.0
2023-04-30 16:00:00,23.667,23.867,23.021,23.175,4885706.0
2023-04-30 20:00:00,23.173,23.223,22.65,22.729,3869367.0
2023-05-01 00:00:00,22.728,22.88,21.74,22.177,6405998.0
2023-05-01 04:00:00,22.177,22.363,21.994,22.313,2765823.0
2023-05-01 08:00:00,22.312,22.342,22.137,22.204,1989493.0
2023-05-01 12:00:00,22.202,22.302,21.721,21.872,5273341.0
2023-05-01 16:00:00,21.873,21.981,21.506,21.736,5285167.0
2023-05-01 20:00:00,21.735,22.064,21.589,21.939,2599581.0
2023-05-02 00:00:00,21.939,22.015,21.726,21.86,1833310.0
2023-05-02 04:00:00,21.86,22.0,21.734,21.891,1361526.0
2023-05-02 08:00:00,21.89,21.99,21.78,21.976,1905190.0
2023-05-02 12:00:00,21.976,22.292,21.75,22.178,5631251.0
2023-05-02 16:00:00,22.176,22.37,22.086,22.28,2517849.0
2023-05-02 20:00:00,22.282,22.33,22.15,22.244,1779097.0
2023-05-03 00:00:00,22.243,22.261,21.743,21.875,2862087.0
2023-05-03 04:00:00,21.875,21.997,21.58,21.736,3005389.0
2023-05-03 08:00:00,21.735,21.834,21.326,21.393,3153899.0
2023-05-03 12:00:00,21.392,21.483,21.22,21.318,5487145.0
2023-05-03 16:00:00,21.318,21.7,21.253,21.394,6697627.0
2023-05-03 20:00:00,21.392,22.297,21.378,22.227,5433398.0
2023-05-04 00:00:00,22.227,22.473,22.128,22.222,3757745.0
2023-05-04 04:00:00,22.222,22.338,22.097,22.108,2449260.0
2023-05-04 08:00:00,22.108,22.451,22.08,22.239,2906514.0
2023-05-04 12:00:00,22.238,22.318,21.753,21.796,5380844.0
2023-05-04 16:00:00,21.797,21.912,21.61,21.747,3394445.0
2023-05-04 20:00:00,21.747,21.787,21.616,21.726,1776446.0
2023-05-05 00:00:00,21.726,22.111,21.66,21.887,3468981.0
2023-05-05 04:00:00,21.887,21.997,21.635,21.776,2437688.0
2023-05-05 08:00:00,21.776,22.04,21.761,22.009,2058289.0
2023-05-05 12:00:00,22.01,22.481,21.5,22.309,7222022.0
2023-05-05 16:00:00,22.308,22.94,22.308,22.861,7824612.0
2023-05-05 20:00:00,22.861,23.073,22.763,22.813,3327235.0
2023-05-06 00:00:00,22.813,23.233,22.631,22.719,4801606.0
2023-05-06 04:00:00,22.718,22.795,22.54,22.629,2556618.0
2023-05-06 08:00:00,22.63,22.667,22.42,22.651,3117748.0
2023-05-06 12:00:00,22.653,22.68,21.51,21.763,8150489.0
2023-05-06 16:00:00,21.763,22.164,21.719,21.971,2972864.0
2023-05-06 20:00:00,21.968,22.011,21.811,21.908,1347988.0
2023-05-07 00:00:00,21.909,22.022,21.7,21.863,2192168.0
2023-05-07 04:00:00,21.864,22.063,21.861,22.042,1258393.0
2023-05-07 08:00:00,22.043,22.242,21.923,22.087,2287477.0
2023-05-07 12:00:00,22.087,22.547,22.087,22.446,3525008.0
2023-05-07 16:00:00,22.446,22.778,22.375,22.431,5060908.0
2023-05-07 20:00:00,22.431,22.55,21.643,21.659,4671039.0
2023-05-08 00:00:00,21.659,21.816,20.6,21.291,7353457.0
2023-05-08 04:00:00,21.291,21.422,20.867,21.211,3912874.0
2023-05-08 08:00:00,21.211,21.309,21.028,21.253,3947440.0
2023-05-08 12:00:00,21.253,21.386,21.063,21.144,4673133.0
2023-05-08 16:00:00,21.145,21.184,19.838,20.382,9264926.0
2023-05-08 20:00:00,20.381,20.737,20.301,20.615,3017550.0
2023-05-09 00:00:00,20.616,20.789,20.5,20.619,2325594.0
2023-05-09 04:00:00,20.619,20.706,20.403,20.672,2333570.0
2023-05-09 08:00:00,20.673,20.805,20.504,20.797,2474003.0
2023-05-09 12:00:00,20.798,20.981,20.467,20.538,4500256.0
2023-05-09 16:00:00,20.539,20.836,20.399,20.608,3601146.0
2023-05-09 20:00:00,20.608,20.722,20.417,20.648,1936524.0
2023-05-10 00:00:00,20.649,20.875,20.596,20.688,2124790.0
2023-05-10 04:00:00,20.686,20.81,20.525,20.539,1925885.0
2023-05-10 08:00:00,20.539,20.748,20.47,20.73,2161317.0
2023-05-10 12:00:00,20.732,21.294,20.635,21.074,7311993.0
2023-05-10 16:00:00,21.074,21.18,19.626,20.96,9129762.0
2023-05-10 20:00:00,20.961,21.284,20.749,20.909,4113157.0
2023-05-11 00:00:00,20.909,20.922,20.511,20.537,3017474.0
2023-05-11 04:00:00,20.537,20.685,20.518,20.582,2041369.0
2023-05-11 08:00:00,20.581,20.636,20.3,20.49,2703289.0
2023-05-11 12:00:00,20.492,20.78,19.868,20.151,7257843.0
2023-05-11 16:00:00,20.151,20.184,19.65,19.995,5802882.0
2023-05-11 20:00:00,19.998,20.313,19.955,20.163,2495101.0
2023-05-12 00:00:00,20.164,20.271,19.816,19.981,3175078.0
2023-05-12 04:00:00,19.981,20.208,19.79,20.082,3483725.0
2023-05-12 08:00:00,20.083,20.349,20.044,20.269,2459436.0
2023-05-12 12:00:00,20.269,20.931,20.259,20.282,4923659.0
2023-05-12 16:00:00,20.283,20.56,19.89,20.481,4722281.0
2023-05-12 20:00:00,20.481,20.938,20.407,20.898,3800213.0
2023-05-13 00:00:00,20.898,21.184,20.792,21.143,2940894.0
2023-05-13 04:00:00,21.143,21.234,20.977,21.205,2391333.0
2023-05-13 08:00:00,21.205,21.29,21.023,21.068,2044574.0
2023-05-13 12:00:00,21.068,21.13,20.759,20.858,2512708.0
2023-05-13 16:00:00,20.856,21.13,20.779,20.93,2432025.0
2023-05-13 20:00:00,20.93,21.01,20.825,20.832,1282835.0
2023-05-14 00:00:00,20.832,20.984,20.611,20.939,2791884.0
2023-05-14 04:00:00,20.938,21.179,20.905,21.082,1838978.0
2023-05-14 08:00:00,21.085,21.111,20.937,20.958,1209969.0
2023-05-14 12:00:00,20.959,21.29,20.843,21.171,2813563.0
2023-05-14 16:00:00,21.171,21.19,20.851,20.91,1788090.0
2023-05-14 20:00:00,20.91,20.978,20.807,20.917,1276658.0
2023-05-15 00:00:00,20.915,21.288,20.589,21.218,4525237.0
2023-05-15 04:00:00,21.218,21.497,21.09,21.38,3526158.0
2023-05-15 08:00:00,21.38,21.518,21.255,21.276,2277266.0
2023-05-15 12:00:00,21.276,21.446,21.173,21.37,2908023.0
2023-05-15 16:00:00,21.371,21.485,21.095,21.157,2833303.0
2023-05-15 20:00:00,21.157,21.159,20.912,20.971,2108700.0
2023-05-16 00:00:00,20.971,21.121,20.647,20.862,3079652.0
2023-05-16 04:00:00,20.863,21.06,20.749,21.033,1640441.0
2023-05-16 08:00:00,21.032,21.1,20.796,20.869,1825878.0
2023-05-16 12:00:00,20.869,20.891,20.629,20.773,3030261.0
2023-05-16 16:00:00,20.774,20.82,20.454,20.491,2633182.0
2023-05-16 20:00:00,20.491,20.732,20.427,20.669,2822412.0
2023-05-17 00:00:00,20.669,21.07,20.573,20.954,2951172.0
2023-05-17 04:00:00,20.954,20.995,20.531,20.557,2421081.0
2023-05-17 08:00:00,20.557,20.678,20.451,20.515,2752230.0
2023-05-17 12:00:00,20.514,20.725,20.412,20.582,3178227.0
2023-05-17 16:00:00,20.582,21.137,20.532,21.024,4946060.0
2023-05-17 20:00:00,21.024,21.2,20.931,21.047,2774626.0
2023-05-18 00:00:00,21.048,21.085,20.866,21.032,1901817.0
2023-05-18 04:00:00,21.032,21.045,20.743,20.918,2221204.0
2023-05-18 08:00:00,20.917,20.949,20.736,20.823,1918413.0
2023-05-18 12:00:00,20.823,20.831,20.45,20.512,3901397.0
2023-05-18 16:00:00,20.512,20.591,20.053,20.329,4812088.0
2023-05-18 20:00:00,20.329,20.511,20.27,20.329,1850377.0
2023-05-19 00:00:00,20.329,20.41,20.271,20.328,1307665.0
2023-05-19 04:00:00,20.329,20.465,20.294,20.422,1211000.0
2023-05-19 08:00:00,20.423,20.514,20.362,20.445,1199790.0
2023-05-19 12:00:00,20.446,20.586,20.202,20.403,3150308.0
2023-05-19 16:00:00,20.403,20.5,20.308,20.365,1643671.0
2023-05-19 20:00:00,20.364,20.393,20.317,20.343,807847.0
2023-05-20 00:00:00,20.343,20.358,20.134,20.27,1330881.0
2023-05-20 04:00:00,20.27,20.28,20.058,20.16,1322375.0
2023-05-20 08:00:00,20.159,20.242,20.156,20.206,836410.0
2023-05-20 12:00:00,20.206,20.311,20.168,20.268,903234.0
2023-05-20 16:00:00,20.268,20.346,20.189,20.28,1423436.0
2023-05-20 20:00:00,20.281,20.303,20.205,20.264,794787.0
2023-05-21 00:00:00,20.265,20.389,20.214,20.235,1139402.0
2023-05-21 04:00:00,20.235,20.29,20.221,20.28,589803.0
2023-05-21 08:00:00,20.28,20.33,20.08,20.137,1566329.0
2023-05-21 12:00:00,20.136,20.184,19.8,19.919,3339340.0
2023-05-21 16:00:00,19.919,19.995,19.815,19.975,2069978.0
2023-05-21 20:00:00,19.976,20.053,19.3,19.605,3892388.0
2023-05-22 00:00:00,19.604,19.667,19.266,19.528,2828159.0
2023-05-22 04:00:00,19.528,19.78,19.516,19.683,2075454.0
2023-05-22 08:00:00,19.683,19.915,19.681,19.865,2598007.0
2023-05-22 12:00:00,19.865,20.026,19.561,19.66,4029483.0
2023-05-22 16:00:00,19.66,19.758,19.569,19.682,2025691.0
2023-05-22 20:00:00,19.683,19.74,19.501,19.514,1650024.0
2023-05-23 00:00:00,19.514,20.17,19.402,20.038,4500449.0
2023-05-23 04:00:00,20.038,20.099,19.71,19.836,2861393.0
2023-05-23 08:00:00,19.836,19.927,19.734,19.915,1856980.0
2023-05-23 12:00:00,19.916,20.057,19.8,19.996,3299978.0
2023-05-23 16:00:00,19.996,20.145,19.871,20.023,3299213.0
2023-05-23 20:00:00,20.024,20.114,19.971,20.024,1644434.0
2023-05-24 00:00:00,20.024,20.068,19.429,19.545,4333581.0
2023-05-24 04:00:00,19.546,19.588,19.36,19.41,3698048.0
2023-05-24 08:00:00,19.41,19.552,19.301,19.413,2817320.0
2023-05-24 12:00:00,19.412,19.476,18.53,19.159,8689177.0
2023-05-24 16:00:00,19.16,19.288,19.03,19.186,3487847.0
2023-05-24 20:00:00,19.185,19.363,19.138,19.201,2152129.0
2023-05-25 00:00:00,19.202,19.392,18.755,19.357,3738988.0
2023-05-25 04:00:00,19.357,19.469,19.26,19.265,2089647.0
2023-05-25 08:00:00,19.266,19.416,19.231,19.379,1667973.0
2023-05-25 12:00:00,19.379,19.615,19.178,19.229,3256177.0
2023-05-25 16:00:00,19.229,19.429,19.189,19.313,2199920.0
2023-05-25 20:00:00,19.313,19.332,19.203,19.243,1110856.0
2023-05-26 00:00:00,19.244,19.361,19.165,19.281,1570946.0
2023-05-26 04:00:00,19.282,19.31,19.075,19.301,1896364.0
2023-05-26 08:00:00,19.301,19.35,19.243,19.292,1496359.0
2023-05-26 12:00:00,19.294,19.552,19.205,19.42,3081293.0
2023-05-26 16:00:00,19.42,19.484,19.289,19.459,1771894.0
2023-05-26 20:00:00,19.459,19.489,19.342,19.349,902817.0
2023-05-27 00:00:00,19.35,19.492,19.324,19.47,865856.0
2023-05-27 04:00:00,19.471,19.647,19.437,19.524,1421251.0
2023-05-27 08:00:00,19.525,19.539,19.43,19.476,990070.0
2023-05-27 12:00:00,19.476,19.608,19.4,19.604,1734563.0
2023-05-27 16:00:00,19.605,19.67,19.51,19.661,1678259.0
2023-05-27 20:00:00,19.661,20.535,19.655,20.415,6776106.0
2023-05-28 00:00:00,20.415,20.8,20.279,20.473,5190832.0
2023-05-28 04:00:00,20.474,20.545,20.409,20.479,1807481.0
2023-05-28 08:00:00,20.48,20.671,20.39,20.515,2514289.0
2023-05-28 12:00:00,20.515,20.673,20.413,20.501,2071507.0
2023-05-28 16:00:00,20.501,20.986,20.461,20.76,4076489.0
2023-05-28 20:00:00,20.76,21.187,20.713,20.797,4268806.0
2023-05-29 00:00:00,20.798,20.971,20.616,20.701,2844710.0
2023-05-29 04:00:00,20.701,20.772,20.538,20.729,2003804.0
2023-05-29 08:00:00,20.729,20.779,20.602,20.743,1384766.0
2023-05-29 12:00:00,20.742,20.781,20.42,20.481,2695106.0
2023-05-29 16:00:00,20.481,20.584,20.265,20.496,3952126.0
2023-05-29 20:00:00,20.495,20.69,20.43,20.575,1457078.0
2023-05-30 00:00:00,20.575,21.169,20.455,20.862,4203308.0
2023-05-30 04:00:00,20.862,20.916,20.655,20.738,2083483.0
2023-05-30 08:00:00,20.738,21.38,20.738,21.275,3856448.0
2023-05-30 12:00:00,21.275,21.378,20.88,20.957,5504460.0
2023-05-30 16:00:00,20.956,21.39,20.792,21.348,4308188.0
2023-05-30 20:00:00,21.348,21.39,21.12,21.244,1957075.0
2023-05-31 00:00:00,21.245,21.329,20.941,21.09,2043659.0
2023-05-31 04:00:00,21.091,21.132,20.492,20.709,4341341.0
2023-05-31 08:00:00,20.711,20.8,20.519,20.613,2267623.0
2023-05-31 12:00:00,20.612,20.701,20.32,20.473,3114667.0
2023-05-31 16:00:00,20.474,20.728,20.445,20.632,1756286.0
2023-05-31 20:00:00,20.633,20.83,20.614,20.809,1329729.0
2023-06-01 00:00:00,20.81,20.971,20.411,20.69,3062363.0
2023-06-01 04:00:00,20.692,20.738,20.544,20.611,1632299.0
2023-06-01 08:00:00,20.611,20.729,20.581,20.708,1318473.0
2023-06-01 12:00:00,20.708,20.895,20.612,20.686,2522363.0
2023-06-01 16:00:00,20.687,20.862,20.5,20.672,2687611.0
2023-06-01 20:00:00,20.672,20.716,20.392,20.486,1394640.0
2023-06-02 00:00:00,20.486,20.776,20.289,20.756,2228165.0
2023-06-02 04:00:00,20.756,21.137,20.705,20.988,2636865.0
2023-06-02 08:00:00,20.987,21.29,20.984,21.246,2271737.0
2023-06-02 12:00:00,21.245,21.287,20.947,21.186,3529561.0
2023-06-02 16:00:00,21.185,21.378,21.063,21.297,2032313.0
2023-06-02 20:00:00,21.297,21.359,21.178,21.247,1316728.0
2023-06-03 00:00:00,21.246,21.301,21.067,21.12,1035835.0
2023-06-03 04:00:00,21.121,21.181,21.024,21.172,1156993.0
2023-06-03 08:00:00,21.172,21.232,21.081,21.166,1098649.0
2023-06-03 12:00:00,21.165,21.246,21.08,21.238,1224329.0
2023-06-03 16:00:00,21.239,21.34,21.026,21.053,1770925.0
2023-06-03 20:00:00,21.052,21.186,20.95,21.183,995252.0
2023-06-04 00:00:00,21.184,21.308,21.026,21.254,1039754.0
2023-06-04 04:00:00,21.254,21.84,21.215,21.607,3250543.0
2023-06-04 08:00:00,21.609,21.724,21.473,21.694,1703342.0
2023-06-04 12:00:00,21.694,22.149,21.675,22.04,4590048.0
2023-06-04 16:00:00,22.04,22.297,21.895,22.186,3542092.0
2023-06-04 20:00:00,22.187,22.287,21.77,21.814,3269794.0
2023-06-05 00:00:00,21.814,22.047,21.502,21.531,3994402.0
2023-06-05 04:00:00,21.531,21.69,21.404,21.649,2931473.0
2023-06-05 08:00:00,21.649,21.682,21.496,21.593,1932910.0
2023-06-05 12:00:00,21.593,21.594,19.85,19.94,8304020.0
2023-06-05 16:00:00,19.94,20.614,19.114,20.017,12043829.0
2023-06-05 20:00:00,20.017,20.117,19.653,19.997,2435084.0
2023-06-06 00:00:00,19.997,20.02,19.694,19.98,1765016.0
2023-06-06 04:00:00,19.982,20.105,19.901,20.085,1776336.0
2023-06-06 08:00:00,20.086,20.112,19.817,19.874,1774138.0
2023-06-06 12:00:00,19.875,20.13,19.229,19.935,10121461.0
2023-06-06 16:00:00,19.934,20.654,19.901,20.569,5826287.0
2023-06-06 20:00:00,20.573,20.698,20.221,20.379,3188196.0
2023-06-07 00:00:00,20.38,20.523,20.001,20.145,2945438.0
2023-06-07 04:00:00,20.144,20.237,19.955,19.998,1512225.0
2023-06-07 08:00:00,19.999,20.092,19.55,19.937,3738086.0
2023-06-07 12:00:00,19.938,19.958,19.21,19.307,5946470.0
2023-06-07 16:00:00,19.308,19.308,18.58,18.963,7703938.0
2023-06-07 20:00:00,18.964,18.979,18.499,18.627,4071868.0
2023-06-08 00:00:00,18.627,18.87,18.212,18.458,3765564.0
2023-06-08 04:00:00,18.457,18.76,18.376,18.638,3361663.0
2023-06-08 08:00:00,18.638,18.813,18.537,18.766,2828344.0
2023-06-08 12:00:00,18.767,18.992,18.7,18.896,4442873.0
2023-06-08 16:00:00,18.896,18.911,18.546,18.847,2685836.0
2023-06-08 20:00:00,18.846,19.112,18.806,18.873,2317838.0
2023-06-09 00:00:00,18.873,18.91,18.578,18.755,2672788.0
2023-06-09 04:00:00,18.754,18.799,18.458,18.581,2376311.0
2023-06-09 08:00:00,18.58,19.378,18.54,19.258,4956689.0
2023-06-09 12:00:00,19.258,19.32,18.47,18.668,6855816.0
2023-06-09 16:00:00,18.668,18.669,17.193,17.382,14133484.0
2023-06-09 20:00:00,17.383,17.744,17.095,17.384,9572468.0
2023-06-10 00:00:00,17.385,17.418,15.928,16.28,18507576.0
2023-06-10 04:00:00,16.279,16.464,12.6,14.393,54682941.0
2023-06-10 08:00:00,14.393,15.086,14.212,14.895,17938818.0
2023-06-10 12:00:00,14.894,14.906,14.4,14.768,14133551.0
2023-06-10 16:00:00,14.766,15.864,14.5,15.314,24119724.0
2023-06-10 20:00:00,15.314,15.87,15.177,15.605,9328755.0
2023-06-11 00:00:00,15.606,15.777,15.351,15.547,6557323.0
2023-06-11 04:00:00,15.547,15.722,15.249,15.381,7056720.0
2023-06-11 08:00:00,15.381,15.704,15.28,15.518,7034725.0
2023-06-11 12:00:00,15.517,15.675,15.101,15.211,7453586.0
2023-06-11 16:00:00,15.212,16.18,15.125,15.977,11769272.0
2023-06-11 20:00:00,15.977,16.15,15.348,15.534,7735125.0
2023-06-12 00:00:00,15.535,15.594,14.9,15.086,9379674.0
2023-06-12 04:00:00,15.087,15.3,14.976,15.074,5679084.0
2023-06-12 08:00:00,15.074,15.703,15.007,15.401,8635198.0
2023-06-12 12:00:00,15.402,15.47,15.125,15.199,6274679.0
2023-06-12 16:00:00,15.199,15.321,14.708,14.95,10857811.0
2023-06-12 20:00:00,14.949,15.395,14.892,15.183,5869088.0
2023-06-13 00:00:00,15.183,15.523,14.994,15.331,6221065.0
2023-06-13 04:00:00,15.33,15.508,15.115,15.412,4436121.0
2023-06-13 08:00:00,15.413,15.691,15.339,15.628,7620495.0
2023-06-13 12:00:00,15.629,16.0,14.751,14.79,16220541.0
2023-06-13 16:00:00,14.79,15.165,14.763,14.956,6815239.0
2023-06-13 20:00:00,14.956,15.078,14.85,15.025,3872666.0
2023-06-14 00:00:00,15.026,15.29,14.9,15.227,4317319.0
2023-06-14 04:00:00,15.227,15.257,14.99,15.043,3811451.0
2023-06-14 08:00:00,15.044,15.24,15.025,15.195,3164269.0
2023-06-14 12:00:00,15.195,15.287,14.98,15.092,4606779.0
2023-06-14 16:00:00,15.092,15.372,14.88,15.077,9956070.0
2023-06-14 20:00:00,15.078,15.124,13.97,14.476,13135590.0
2023-06-15 00:00:00,14.476,15.089,14.397,14.915,5665469.0
2023-06-15 04:00:00,14.915,14.928,14.619,14.81,6220249.0
2023-06-15 08:00:00,14.811,14.914,14.429,14.658,7303014.0
2023-06-15 12:00:00,14.658,14.807,14.346,14.471,7484047.0
2023-06-15 16:00:00,14.472,14.812,14.161,14.752,10447937.0
2023-06-15 20:00:00,14.752,15.069,14.587,14.766,6189397.0
2023-06-16 00:00:00,14.767,14.864,14.62,14.788,2734947.0
2023-06-16 04:00:00,14.789,14.979,14.771,14.846,2761316.0
2023-06-16 08:00:00,14.847,14.943,14.51,14.561,4641214.0
2023-06-16 12:00:00,14.56,15.094,14.315,15.001,8838557.0
2023-06-16 16:00:00,15.001,15.475,14.882,15.27,8916375.0
2023-06-16 20:00:00,15.271,15.432,15.214,15.306,3195367.0
2023-06-17 00:00:00,15.307,15.42,15.154,15.416,2807174.0
2023-06-17 04:00:00,15.417,16.211,15.354,15.847,8654087.0
2023-06-17 08:00:00,15.847,15.936,15.705,15.761,3535066.0
2023-06-17 12:00:00,15.762,15.912,15.545,15.647,4244075.0
2023-06-17 16:00:00,15.647,15.785,15.608,15.646,2610706.0
2023-06-17 20:00:00,15.645,15.758,15.577,15.633,1845656.0
2023-06-18 00:00:00,15.633,15.653,15.405,15.577,2635494.0
2023-06-18 04:00:00,15.576,15.694,15.466,15.576,2572737.0
2023-06-18 08:00:00,15.576,15.74,15.491,15.713,2337558.0
2023-06-18 12:00:00,15.713,15.787,15.602,15.706,2419844.0
2023-06-18 16:00:00,15.706,15.842,15.671,15.804,1885112.0
2023-06-18 20:00:00,15.804,15.83,15.25,15.43,5204765.0
2023-06-19 00:00:00,15.429,15.581,15.32,15.484,2302426.0
2023-06-19 04:00:00,15.484,15.535,15.389,15.464,1879742.0
2023-06-19 08:00:00,15.466,15.563,15.4,15.552,1850471.0
2023-06-19 12:00:00,15.551,15.697,15.442,15.554,3891913.0
2023-06-19 16:00:00,15.555,15.989,15.419,15.849,8490297.0
2023-06-19 20:00:00,15.849,16.154,15.781,16.1,4278382.0
2023-06-20 00:00:00,16.1,16.316,16.0,16.021,5118271.0
2023-06-20 04:00:00,16.02,16.12,15.903,15.968,2454121.0
2023-06-20 08:00:00,15.968,15.975,15.78,15.915,2548530.0
2023-06-20 12:00:00,15.915,16.09,15.715,15.939,5538526.0
2023-06-20 16:00:00,15.939,16.497,15.84,16.345,9781154.0
2023-06-20 20:00:00,16.344,16.682,16.264,16.632,4876897.0
2023-06-21 00:00:00,16.632,17.221,16.551,16.755,7053044.0
2023-06-21 04:00:00,16.755,16.957,16.702,16.816,4147496.0
2023-06-21 08:00:00,16.817,16.88,16.62,16.776,3903055.0
2023-06-21 12:00:00,16.775,17.089,16.511,16.883,7028772.0
2023-06-21 16:00:00,16.883,17.307,16.802,17.122,8624089.0
2023-06-21 20:00:00,17.124,17.395,16.954,17.22,4524340.0
2023-06-22 00:00:00,17.221,17.737,17.155,17.525,4635445.0
2023-06-22 04:00:00,17.524,17.55,17.13,17.365,3545415.0
2023-06-22 08:00:00,17.365,17.393,16.538,16.844,6529193.0
2023-06-22 12:00:00,16.844,17.166,16.621,16.887,5914552.0
2023-06-22 16:00:00,16.888,17.103,16.788,16.929,3926797.0
2023-06-22 20:00:00,16.929,16.948,16.56,16.62,2897628.0
2023-06-23 00:00:00,16.619,16.79,16.504,16.776,2810558.0
2023-06-23 04:00:00,16.777,16.858,16.674,16.766,2160399.0
2023-06-23 08:00:00,16.766,16.833,16.527,16.585,3525300.0
2023-06-23 12:00:00,16.584,17.051,16.129,16.961,9850184.0
2023-06-23 16:00:00,16.961,17.29,16.832,17.113,9009858.0
2023-06-23 20:00:00,17.113,17.526,16.905,17.129,5993815.0
2023-06-24 00:00:00,17.129,17.535,17.033,17.36,5223593.0
2023-06-24 04:00:00,17.36,17.417,17.005,17.064,2693199.0
2023-06-24 08:00:00,17.06,17.316,17.055,17.2,2310579.0
2023-06-24 12:00:00,17.201,17.388,16.4,16.614,6157290.0
2023-06-24 16:00:00,16.612,16.785,16.376,16.677,4405161.0
2023-06-24 20:00:00,16.676,16.687,16.32,16.634,2507746.0
2023-06-25 00:00:00,16.633,16.985,16.555,16.974,2745772.0
2023-06-25 04:00:00,16.976,17.36,16.918,17.26,4595824.0
2023-06-25 08:00:00,17.262,17.376,16.996,17.239,3912880.0
2023-06-25 12:00:00,17.238,17.292,16.75,17.104,5154083.0
2023-06-25 16:00:00,17.103,17.274,16.874,16.978,4153850.0
2023-06-25 20:00:00,16.979,17.099,16.781,16.947,2360435.0
2023-06-26 00:00:00,16.949,16.957,16.514,16.742,4129542.0
2023-06-26 04:00:00,16.741,17.054,16.597,16.92,3195271.0
2023-06-26 08:00:00,16.919,16.97,16.707,16.918,3151315.0
2023-06-26 12:00:00,16.918,17.115,16.725,16.813,4473619.0
2023-06-26 16:00:00,16.812,16.812,16.072,16.299,7049885.0
2023-06-26 20:00:00,16.299,16.322,15.888,16.264,4130990.0
2023-06-27 00:00:00,16.265,16.488,16.121,16.482,3161718.0
2023-06-27 04:00:00,16.482,16.733,16.34,16.733,3169735.0
2023-06-27 08:00:00,16.732,16.77,16.5,16.682,3359419.0
2023-06-27 12:00:00,16.681,16.83,16.321,16.392,5171175.0
2023-06-27 16:00:00,16.392,16.815,16.332,16.716,3530295.0
2023-06-27 20:00:00,16.716,16.938,16.482,16.621,4174581.0
2023-06-28 00:00:00,16.624,16.649,16.112,16.393,5806684.0
2023-06-28 04:00:00,16.393,16.393,15.744,15.956,5754011.0
2023-06-28 08:00:00,15.955,16.22,15.899,16.198,2924096.0
2023-06-28 12:00:00,16.197,16.523,16.074,16.319,6083770.0
2023-06-28 16:00:00,16.319,16.398,15.473,15.893,6475846.0
2023-06-28 20:00:00,15.893,16.09,15.765,15.967,3349862.0
2023-06-29 00:00:00,15.968,16.194,15.857,16.029,2861603.0
2023-06-29 04:00:00,16.029,16.346,15.993,16.249,2910538.0
2023-06-29 08:00:00,16.25,18.283,16.234,18.044,25842010.0
2023-06-29 12:00:00,18.045,18.232,17.25,17.664,19738844.0
2023-06-29 16:00:00,17.663,17.805,17.51,17.725,8947591.0
2023-06-29 20:00:00,17.72,18.068,17.426,17.988,8216860.0
2023-06-30 00:00:00,17.988,19.085,17.85,18.951,21908987.0
2023-06-30 04:00:00,18.95,19.061,18.403,18.782,12197600.0
2023-06-30 08:00:00,18.781,19.019,18.572,18.865,8746394.0
2023-06-30 12:00:00,18.865,19.6,16.991,18.27,26301207.0
2023-06-30 16:00:00,18.27,20.038,18.152,19.091,19675213.0
2023-06-30 20:00:00,19.09,19.348,18.823,18.858,5205974.0
2023-07-01 00:00:00,18.858,19.008,18.155,18.306,7494772.0
2023-07-01 04:00:00,18.307,18.467,17.9,18.43,7403708.0
2023-07-01 08:00:00,18.431,18.498,18.186,18.328,4749766.0
2023-07-01 12:00:00,18.328,18.555,18.241,18.422,4240507.0
2023-07-01 16:00:00,18.422,18.479,18.248,18.319,2663769.0
2023-07-01 20:00:00,18.32,18.729,18.319,18.677,2118619.0
2023-07-02 00:00:00,18.676,18.914,18.434,18.764,7602011.0
2023-07-02 04:00:00,18.764,19.491,18.545,19.209,9421458.0
2023-07-02 08:00:00,19.208,19.404,18.997,19.033,6013938.0
2023-07-02 12:00:00,19.034,19.4,18.85,19.282,8745724.0
2023-07-02 16:00:00,19.282,19.494,19.068,19.36,6716607.0
2023-07-02 20:00:00,19.36,19.75,19.224,19.453,5507871.0
2023-07-03 00:00:00,19.454,19.658,19.166,19.57,4107296.0
2023-07-03 04:00:00,19.571,19.576,19.214,19.429,3281752.0
2023-07-03 08:00:00,19.429,19.499,19.3,19.465,3290725.0
2023-07-03 12:00:00,19.466,19.496,18.931,19.28,7543544.0
2023-07-03 16:00:00,19.282,19.347,19.011,19.274,4472614.0
2023-07-03 20:00:00,19.275,19.312,18.85,19.251,4060683.0
2023-07-04 00:00:00,19.252,19.498,19.211,19.285,3880931.0
2023-07-04 04:00:00,19.286,19.31,19.05,19.091,2881735.0
2023-07-04 08:00:00,19.09,19.252,19.061,19.239,2625908.0
2023-07-04 12:00:00,19.24,19.95,19.204,19.851,8744274.0
2023-07-04 16:00:00,19.851,19.863,19.257,19.498,7419061.0
2023-07-04 20:00:00,19.498,19.576,19.087,19.13,3185731.0
2023-07-05 00:00:00,19.13,19.295,19.096,19.284,2293589.0
2023-07-05 04:00:00,19.284,19.375,19.188,19.309,2093864.0
2023-07-05 08:00:00,19.31,19.322,18.151,18.695,7475477.0
2023-07-05 12:00:00,18.695,18.891,18.43,18.575,5803724.0
2023-07-05 16:00:00,18.575,18.877,18.501,18.59,3376562.0
2023-07-05 20:00:00,18.59,19.024,18.528,18.981,2457781.0
2023-07-06 00:00:00,18.982,19.75,18.936,19.454,9020959.0
2023-07-06 04:00:00,19.455,19.74,19.328,19.586,5376305.0
2023-07-06 08:00:00,19.585,20.35,19.536,19.89,12791561.0
2023-07-06 12:00:00,19.888,19.912,18.803,19.689,18437269.0
2023-07-06 16:00:00,19.689,20.95,19.488,20.885,20928931.0
2023-07-06 20:00:00,20.884,20.98,19.55,19.592,15094383.0
2023-07-07 00:00:00,19.592,20.532,19.405,20.197,12602542.0
2023-07-07 04:00:00,20.196,20.287,19.285,19.436,10585261.0
2023-07-07 08:00:00,19.436,20.359,19.259,20.149,12554396.0
2023-07-07 12:00:00,20.15,21.74,20.15,21.213,32488245.0
2023-07-07 16:00:00,21.214,21.539,21.02,21.418,15803328.0
2023-07-07 20:00:00,21.417,21.982,21.115,21.484,9100890.0
2023-07-08 00:00:00,21.485,21.999,21.406,21.681,11119883.0
2023-07-08 04:00:00,21.682,22.234,21.315,21.971,10674846.0
2023-07-08 08:00:00,21.972,22.468,21.8,21.929,19738763.0
2023-07-08 12:00:00,21.929,21.992,21.362,21.518,11635615.0
2023-07-08 16:00:00,21.518,22.0,21.379,21.616,10969631.0
2023-07-08 20:00:00,21.617,21.99,21.4,21.807,5761259.0
2023-07-09 00:00:00,21.807,22.392,21.513,21.663,10387202.0
2023-07-09 04:00:00,21.663,21.872,21.375,21.546,5855693.0
2023-07-09 08:00:00,21.546,21.894,21.48,21.596,5917487.0
2023-07-09 12:00:00,21.596,21.839,21.083,21.25,10226547.0
2023-07-09 16:00:00,21.25,21.393,21.16,21.283,4035117.0
2023-07-09 20:00:00,21.284,21.467,21.0,21.314,5068367.0
2023-07-10 00:00:00,21.315,21.362,20.763,21.244,9124232.0
2023-07-10 04:00:00,21.245,21.27,20.542,20.723,6259232.0
2023-07-10 08:00:00,20.724,20.873,20.434,20.781,8089943.0
2023-07-10 12:00:00,20.781,21.3,20.656,21.138,8472737.0
2023-07-10 16:00:00,21.138,21.619,20.907,21.568,8196998.0
2023-07-10 20:00:00,21.568,21.788,21.062,21.286,10620106.0
2023-07-11 00:00:00,21.286,21.793,21.187,21.725,6919653.0
2023-07-11 04:00:00,21.726,22.28,21.686,22.1,9490862.0
2023-07-11 08:00:00,22.1,22.146,21.824,22.033,6822538.0
2023-07-11 12:00:00,22.031,22.38,21.859,22.138,14691577.0
2023-07-11 16:00:00,22.139,22.188,21.883,21.963,6164216.0
2023-07-11 20:00:00,21.964,22.098,21.718,22.05,4508118.0
2023-07-12 00:00:00,22.049,22.272,21.888,21.903,5307391.0
2023-07-12 04:00:00,21.903,22.15,21.843,22.013,4244327.0
2023-07-12 08:00:00,22.012,22.174,21.927,22.111,3851505.0
2023-07-12 12:00:00,22.111,23.059,21.97,22.403,19518327.0
2023-07-12 16:00:00,22.403,22.456,21.738,21.84,9229233.0
2023-07-12 20:00:00,21.84,22.128,21.756,21.928,4596036.0
2023-07-13 00:00:00,21.928,22.016,21.537,21.648,6048645.0
2023-07-13 04:00:00,21.649,21.94,21.349,21.751,6883093.0
2023-07-13 08:00:00,21.75,22.501,21.711,22.406,8561156.0
2023-07-13 12:00:00,22.407,25.767,22.034,24.094,26405299.0
2023-07-13 16:00:00,24.094,26.887,24.093,26.214,40172861.0
2023-07-13 20:00:00,26.213,26.234,25.365,26.018,10369197.0
2023-07-14 00:00:00,26.018,33.579,25.616,28.571,37078777.0
2023-07-14 04:00:00,28.571,28.944,28.255,28.74,11171026.0
2023-07-14 08:00:00,28.738,29.8,27.654,28.077,17757070.0
2023-07-14 12:00:00,28.077,28.369,27.386,28.191,11881359.0
2023-07-14 16:00:00,28.191,28.27,25.525,26.079,22978288.0
2023-07-14 20:00:00,26.078,26.908,25.22,26.671,12404066.0
2023-07-15 00:00:00,26.67,27.97,26.424,27.155,14886333.0
2023-07-15 04:00:00,27.155,28.937,27.112,28.717,13087000.0
2023-07-15 08:00:00,28.717,29.111,28.446,28.932,12238110.0
2023-07-15 12:00:00,28.93,29.043,27.258,27.561,13457597.0
2023-07-15 16:00:00,27.56,28.2,27.04,27.886,11579015.0
2023-07-15 20:00:00,27.886,27.897,27.205,27.459,6082057.0
2023-07-16 00:00:00,27.46,27.944,26.379,27.018,11972525.0
2023-07-16 04:00:00,27.019,27.942,27.014,27.698,6059381.0
2023-07-16 08:00:00,27.697,28.341,27.643,28.062,7689684.0
2023-07-16 12:00:00,28.066,28.708,27.9,28.099,8957912.0
2023-07-16 16:00:00,28.097,28.134,27.3,27.36,6452481.0
2023-07-16 20:00:00,27.359,27.77,27.06,27.404,5887738.0
2023-07-17 00:00:00,27.403,28.437,27.217,28.012,8451195.0
2023-07-17 04:00:00,28.012,28.488,27.374,27.634,6611058.0
2023-07-17 08:00:00,27.634,27.636,26.5,27.125,11133183.0
2023-07-17 12:00:00,27.125,27.386,26.392,27.009,10318470.0
2023-07-17 16:00:00,27.009,27.259,25.5,26.167,15345908.0
2023-07-17 20:00:00,26.168,26.979,26.143,26.79,7683818.0
2023-07-18 00:00:00,26.79,27.098,26.428,26.555,5136064.0
2023-07-18 04:00:00,26.556,26.615,25.656,25.716,6938052.0
2023-07-18 08:00:00,25.715,26.125,24.82,25.018,13696624.0
2023-07-18 12:00:00,25.019,25.7,24.751,25.512,13140203.0
2023-07-18 16:00:00,25.512,25.79,24.8,25.292,9847564.0
2023-07-18 20:00:00,25.291,25.572,25.025,25.544,4412441.0
2023-07-19 00:00:00,25.543,26.589,25.34,26.396,8119412.0
2023-07-19 04:00:00,26.397,26.52,26.061,26.199,5360304.0
2023-07-19 08:00:00,26.199,26.499,25.67,26.473,6936810.0
2023-07-19 12:00:00,26.473,26.733,25.82,26.346,10648150.0
2023-07-19 16:00:00,26.346,26.903,26.173,26.756,9129223.0
2023-07-19 20:00:00,26.757,26.984,26.236,26.298,6067089.0
2023-07-20 00:00:00,26.3,26.807,26.122,26.484,4442812.0
2023-07-20 04:00:00,26.483,26.942,26.288,26.854,5064682.0
2023-07-20 08:00:00,26.854,27.386,26.791,27.143,7073514.0
2023-07-20 12:00:00,27.143,27.234,25.56,25.673,11836802.0
2023-07-20 16:00:00,25.673,25.758,25.173,25.391,7938902.0
2023-07-20 20:00:00,25.392,25.663,25.0,25.365,4868167.0
2023-07-21 00:00:00,25.365,25.618,25.065,25.471,4926029.0
2023-07-21 04:00:00,25.471,25.49,25.1,25.168,3932958.0
2023-07-21 08:00:00,25.168,25.472,25.029,25.268,4744626.0
2023-07-21 12:00:00,25.269,25.598,25.233,25.292,6765656.0
2023-07-21 16:00:00,25.293,25.996,25.158,25.782,7607389.0
2023-07-21 20:00:00,25.783,25.894,25.436,25.493,3651719.0
2023-07-22 00:00:00,25.494,25.965,25.437,25.831,3369367.0
2023-07-22 04:00:00,25.83,25.857,25.572,25.763,2465593.0
2023-07-22 08:00:00,25.762,25.886,25.371,25.594,3561883.0
2023-07-22 12:00:00,25.594,25.75,25.492,25.679,2557752.0
2023-07-22 16:00:00,25.68,25.732,25.186,25.286,3649726.0
2023-07-22 20:00:00,25.285,25.372,23.95,24.512,6799456.0
2023-07-23 00:00:00,24.512,24.795,24.128,24.697,4448562.0
2023-07-23 04:00:00,24.697,24.896,24.614,24.677,2985251.0
2023-07-23 08:00:00,24.679,24.844,24.616,24.654,2228408.0
2023-07-23 12:00:00,24.653,24.703,24.504,24.674,2380341.0
2023-07-23 16:00:00,24.674,25.249,24.67,24.891,5535155.0
2023-07-23 20:00:00,24.891,24.992,24.511,24.752,2951298.0
2023-07-24 00:00:00,24.752,24.832,24.21,24.329,3864319.0
2023-07-24 04:00:00,24.33,24.679,24.047,24.569,3502882.0
2023-07-24 08:00:00,24.569,24.626,22.76,23.617,9028132.0
2023-07-24 12:00:00,23.616,23.669,22.814,23.206,8879254.0
2023-07-24 16:00:00,23.204,23.5,23.049,23.292,4940664.0
2023-07-24 20:00:00,23.291,23.595,23.226,23.354,2919919.0
2023-07-25 00:00:00,23.353,23.515,23.125,23.364,3036510.0
2023-07-25 04:00:00,23.364,23.379,22.944,23.085,3178372.0
2023-07-25 08:00:00,23.084,23.39,23.017,23.167,3512210.0
2023-07-25 12:00:00,23.166,23.58,22.7,23.193,8768101.0
2023-07-25 16:00:00,23.192,23.46,23.063,23.156,4136052.0
2023-07-25 20:00:00,23.155,23.352,23.104,23.264,2227915.0
2023-07-26 00:00:00,23.264,23.687,23.158,23.499,4829362.0
2023-07-26 04:00:00,23.499,23.619,23.35,23.461,2934862.0
2023-07-26 08:00:00,23.46,23.97,23.428,23.812,5581654.0
2023-07-26 12:00:00,23.811,24.985,23.796,24.893,13843022.0
2023-07-26 16:00:00,24.893,25.722,24.495,25.36,17377480.0
2023-07-26 20:00:00,25.359,25.588,25.05,25.163,7506068.0
2023-07-27 00:00:00,25.164,25.5,24.65,24.914,8117862.0
2023-07-27 04:00:00,24.913,25.34,24.913,25.0,4710994.0
2023-07-27 08:00:00,24.995,25.481,24.912,25.378,5851123.0
2023-07-27 12:00:00,25.378,25.654,25.025,25.142,10280873.0
2023-07-27 16:00:00,25.145,25.327,24.7,24.938,7555079.0
2023-07-27 20:00:00,24.939,25.237,24.748,25.08,3646112.0
2023-07-28 00:00:00,25.079,25.395,24.803,24.92,3733182.0
2023-07-28 04:00:00,24.92,25.013,24.541,24.617,3990162.0
2023-07-28 08:00:00,24.615,24.833,24.518,24.63,3369337.0
2023-07-28 12:00:00,24.63,25.555,24.625,25.217,8374406.0
2023-07-28 16:00:00,25.218,25.411,24.824,25.032,5462002.0
2023-07-28 20:00:00,25.031,25.116,24.789,24.798,2332745.0
2023-07-29 00:00:00,24.799,25.208,24.724,25.127,3065350.0
2023-07-29 04:00:00,25.127,25.246,25.024,25.062,2189787.0
2023-07-29 08:00:00,25.062,25.171,24.92,24.955,2976124.0
2023-07-29 12:00:00,24.955,25.195,24.9,25.064,2763042.0
2023-07-29 16:00:00,25.065,25.345,25.019,25.204,3268072.0
2023-07-29 20:00:00,25.205,25.378,25.125,25.159,1942855.0
2023-07-30 00:00:00,25.159,25.2,25.011,25.022,1894624.0
2023-07-30 04:00:00,25.022,25.114,24.811,24.917,2369953.0
2023-07-30 08:00:00,24.917,25.049,24.816,24.967,2526623.0
2023-07-30 12:00:00,24.967,25.095,24.706,24.88,4425229.0
2023-07-30 16:00:00,24.88,25.0,23.691,24.239,5683968.0
2023-07-30 20:00:00,24.239,24.323,23.396,24.236,6178075.0
2023-07-31 00:00:00,24.236,24.769,24.101,24.63,4419675.0
2023-07-31 04:00:00,24.631,24.676,24.356,24.485,2893877.0
2023-07-31 08:00:00,24.484,24.583,24.32,24.456,2485312.0
2023-07-31 12:00:00,24.456,24.675,23.891,23.924,6334553.0
2023-07-31 16:00:00,23.923,24.15,23.5,23.665,5248190.0
2023-07-31 20:00:00,23.664,23.924,23.544,23.716,4315862.0
2023-08-01 00:00:00,23.717,23.979,22.6,23.39,7758010.0
2023-08-01 04:00:00,23.391,23.643,23.257,23.468,3499967.0
2023-08-01 08:00:00,23.467,23.623,23.289,23.331,3135628.0
2023-08-01 12:00:00,23.332,23.47,22.738,23.26,6611965.0
2023-08-01 16:00:00,23.261,23.791,23.168,23.605,5311125.0
2023-08-01 20:00:00,23.605,24.07,23.454,24.045,3860069.0
2023-08-02 00:00:00,24.045,24.276,23.634,23.656,6072485.0
2023-08-02 04:00:00,23.656,23.803,23.567,23.624,2987608.0
2023-08-02 08:00:00,23.623,23.7,23.402,23.67,3441284.0
2023-08-02 12:00:00,23.67,23.71,23.09,23.244,6783958.0
2023-08-02 16:00:00,23.245,23.322,22.743,23.167,6912076.0
2023-08-02 20:00:00,23.167,23.315,23.001,23.135,2527257.0
2023-08-03 00:00:00,23.135,23.386,23.057,23.241,2897299.0
2023-08-03 04:00:00,23.241,23.276,22.44,22.698,6081213.0
2023-08-03 08:00:00,22.698,22.838,22.402,22.733,5311854.0
2023-08-03 12:00:00,22.733,23.1,22.592,22.788,5962271.0
2023-08-03 16:00:00,22.788,23.064,22.685,22.875,4409900.0
2023-08-03 20:00:00,22.874,23.1,22.443,22.634,4591023.0
2023-08-04 00:00:00,22.634,22.776,22.458,22.736,4470396.0
2023-08-04 04:00:00,22.735,23.013,22.64,22.962,4247037.0
2023-08-04 08:00:00,22.96,23.061,22.82,22.902,3047434.0
2023-08-04 12:00:00,22.901,23.55,22.849,23.346,9047290.0
2023-08-04 16:00:00,23.346,23.458,22.75,22.933,6927815.0
2023-08-04 20:00:00,22.933,23.03,22.432,22.792,5189270.0
2023-08-05 00:00:00,22.791,22.824,22.46,22.717,3846106.0
2023-08-05 04:00:00,22.717,22.86,22.546,22.755,2177920.0
2023-08-05 08:00:00,22.755,22.934,22.7,22.777,2034898.0
2023-08-05 12:00:00,22.778,22.8,22.471,22.584,4074551.0
2023-08-05 16:00:00,22.583,22.68,22.17,22.584,4536316.0
2023-08-05 20:00:00,22.583,22.692,22.473,22.641,1658395.0
2023-08-06 00:00:00,22.642,22.9,22.57,22.828,2592937.0
2023-08-06 04:00:00,22.828,23.12,22.817,23.006,3608445.0
2023-08-06 08:00:00,23.006,23.47,22.975,23.206,5165950.0
2023-08-06 12:00:00,23.205,23.257,22.844,23.018,3460682.0
2023-08-06 16:00:00,23.017,23.279,22.91,23.202,2953066.0
2023-08-06 20:00:00,23.202,23.392,23.045,23.182,3165896.0
2023-08-07 00:00:00,23.183,23.671,23.015,23.288,4857220.0
2023-08-07 04:00:00,23.289,23.413,22.963,23.144,3012654.0
2023-08-07 08:00:00,23.145,23.154,23.01,23.091,2329255.0
2023-08-07 12:00:00,23.092,23.161,22.635,22.754,6288142.0
2023-08-07 16:00:00,22.754,23.069,22.25,22.959,7912436.0
2023-08-07 20:00:00,22.96,23.112,22.906,23.108,2008198.0
2023-08-08 00:00:00,23.107,23.223,23.007,23.141,2484060.0
2023-08-08 04:00:00,23.141,23.381,23.088,23.228,3478304.0
2023-08-08 08:00:00,23.228,23.378,23.151,23.375,2903469.0
2023-08-08 12:00:00,23.374,23.9,23.175,23.719,8903995.0
2023-08-08 16:00:00,23.72,24.787,23.698,24.571,13245435.0
2023-08-08 20:00:00,24.571,24.648,24.044,24.205,7202768.0
2023-08-09 00:00:00,24.205,24.476,24.136,24.296,3781285.0
2023-08-09 04:00:00,24.296,24.615,24.248,24.555,3732539.0
2023-08-09 08:00:00,24.554,24.99,24.518,24.847,6708556.0
2023-08-09 12:00:00,24.847,24.978,24.41,24.551,9414423.0
2023-08-09 16:00:00,24.552,24.608,24.222,24.296,4740520.0
2023-08-09 20:00:00,24.298,24.475,24.092,24.375,3199947.0
2023-08-10 00:00:00,24.374,24.536,24.201,24.234,2876079.0
2023-08-10 04:00:00,24.235,24.385,24.121,24.317,2707653.0
2023-08-10 08:00:00,24.316,24.496,24.235,24.396,2756328.0
2023-08-10 12:00:00,24.397,24.885,24.352,24.549,8221552.0
2023-08-10 16:00:00,24.548,24.624,24.35,24.585,3311570.0
2023-08-10 20:00:00,24.583,24.735,24.541,24.614,2584737.0
2023-08-11 00:00:00,24.615,24.932,24.613,24.68,4004659.0
2023-08-11 04:00:00,24.679,24.84,24.462,24.49,2805276.0
2023-08-11 08:00:00,24.489,24.571,24.376,24.529,2728521.0
2023-08-11 12:00:00,24.529,24.868,24.387,24.541,5647359.0
2023-08-11 16:00:00,24.545,24.66,24.34,24.449,3282141.0
2023-08-11 20:00:00,24.449,24.637,24.37,24.613,2338545.0
2023-08-12 00:00:00,24.613,24.76,24.383,24.465,2453519.0
2023-08-12 04:00:00,24.465,24.56,24.413,24.534,1718544.0
2023-08-12 08:00:00,24.534,24.555,24.44,24.547,1283772.0
2023-08-12 12:00:00,24.548,24.703,24.491,24.655,2124964.0
2023-08-12 16:00:00,24.656,24.839,24.618,24.728,2968614.0
2023-08-12 20:00:00,24.728,25.3,24.703,24.902,3761103.0
2023-08-13 00:00:00,24.903,24.944,24.671,24.881,2302198.0
2023-08-13 04:00:00,24.881,24.894,24.632,24.759,1640810.0
2023-08-13 08:00:00,24.759,24.864,24.66,24.694,1761473.0
2023-08-13 12:00:00,24.693,24.763,24.451,24.58,3293421.0
2023-08-13 16:00:00,24.58,24.686,24.368,24.645,3167229.0
2023-08-13 20:00:00,24.645,24.668,24.207,24.216,3128206.0
2023-08-14 00:00:00,24.217,24.423,24.044,24.384,4228392.0
2023-08-14 04:00:00,24.385,24.508,24.364,24.407,1698227.0
2023-08-14 08:00:00,24.407,24.58,24.397,24.498,2137606.0
2023-08-14 12:00:00,24.498,24.88,24.307,24.803,4470667.0
2023-08-14 16:00:00,24.803,25.29,24.516,24.817,8837868.0
2023-08-14 20:00:00,24.817,25.222,24.751,25.175,3793555.0
2023-08-15 00:00:00,25.176,25.5,24.874,24.982,5107346.0
2023-08-15 04:00:00,24.982,25.057,24.706,24.872,3600222.0
2023-08-15 08:00:00,24.872,25.044,24.722,24.826,3899710.0
2023-08-15 12:00:00,24.826,24.988,24.62,24.711,5038039.0
2023-08-15 16:00:00,24.712,24.832,23.477,24.037,8813569.0
2023-08-15 20:00:00,24.036,24.156,23.722,23.889,4510827.0
2023-08-16 00:00:00,23.888,24.012,23.609,23.673,3647424.0
2023-08-16 04:00:00,23.676,23.767,23.336,23.438,4696715.0
2023-08-16 08:00:00,23.439,23.575,23.2,23.496,4254203.0
2023-08-16 12:00:00,23.496,23.498,22.904,23.07,8217318.0
2023-08-16 16:00:00,23.069,23.621,22.849,23.328,7017400.0
2023-08-16 20:00:00,23.328,23.397,22.3,22.811,8945936.0
2023-08-17 00:00:00,22.812,23.426,22.411,23.303,6757488.0
2023-08-17 04:00:00,23.302,23.386,23.194,23.25,2523418.0
2023-08-17 08:00:00,23.25,23.298,22.974,23.084,3034484.0
2023-08-17 12:00:00,23.084,23.426,22.468,22.851,10227773.0
2023-08-17 16:00:00,22.852,23.318,22.6,23.078,7021069.0
2023-08-17 20:00:00,23.079,23.11,19.63,21.661,21619484.0
2023-08-18 00:00:00,21.664,22.027,21.291,21.542,6219884.0
2023-08-18 04:00:00,21.542,22.188,21.38,22.077,5248520.0
2023-08-18 08:00:00,22.076,22.168,21.791,22.004,3804915.0
2023-08-18 12:00:00,22.005,22.046,21.558,21.601,5306345.0
2023-08-18 16:00:00,21.602,21.745,20.811,21.276,10172759.0
2023-08-18 20:00:00,21.276,21.499,21.22,21.336,3621070.0
2023-08-19 00:00:00,21.335,21.654,21.276,21.416,2914397.0
2023-08-19 04:00:00,21.415,21.841,21.356,21.806,2966720.0
2023-08-19 08:00:00,21.805,21.873,21.575,21.63,2512726.0
2023-08-19 12:00:00,21.63,21.989,21.614,21.96,3167681.0
2023-08-19 16:00:00,21.954,22.17,21.775,21.871,4117685.0
2023-08-19 20:00:00,21.866,21.9,21.695,21.88,1873693.0
2023-08-20 00:00:00,21.88,21.95,21.725,21.801,1675077.0
2023-08-20 04:00:00,21.8,21.81,21.55,21.736,1887702.0
2023-08-20 08:00:00,21.736,22.016,21.635,21.954,2540735.0
2023-08-20 12:00:00,21.954,21.966,21.655,21.787,2765293.0
2023-08-20 16:00:00,21.786,21.87,21.512,21.784,2400677.0
2023-08-20 20:00:00,21.784,21.946,21.704,21.76,1795595.0
2023-08-21 00:00:00,21.762,21.767,21.32,21.391,3278557.0
2023-08-21 04:00:00,21.392,21.693,21.267,21.333,2977828.0
2023-08-21 08:00:00,21.332,21.352,20.904,21.225,5346197.0
2023-08-21 12:00:00,21.224,21.404,20.2,20.708,8902977.0
2023-08-21 16:00:00,20.707,21.379,20.648,21.278,5339728.0
2023-08-21 20:00:00,21.278,21.407,21.179,21.187,2507540.0
2023-08-22 00:00:00,21.186,21.263,21.019,21.095,1648758.0
2023-08-22 04:00:00,21.095,21.176,20.95,21.161,2545355.0
2023-08-22 08:00:00,21.162,21.196,20.916,20.926,2252985.0
2023-08-22 12:00:00,20.925,21.062,20.54,20.683,5822520.0
2023-08-22 16:00:00,20.682,20.718,19.964,20.048,11984235.0
2023-08-22 20:00:00,20.048,20.69,19.2,20.572,9196300.0
2023-08-23 00:00:00,20.571,20.755,20.452,20.577,3568682.0
2023-08-23 04:00:00,20.577,20.888,20.472,20.742,3686788.0
2023-08-23 08:00:00,20.741,20.924,20.603,20.621,2915694.0
2023-08-23 12:00:00,20.621,21.0,20.283,20.901,6354169.0
2023-08-23 16:00:00,20.901,21.675,20.882,21.481,9348145.0
2023-08-23 20:00:00,21.48,21.821,21.245,21.717,4944602.0
2023-08-24 00:00:00,21.718,21.798,21.581,21.746,2447165.0
2023-08-24 04:00:00,21.745,21.999,21.656,21.727,3555583.0
2023-08-24 08:00:00,21.727,21.9,21.611,21.768,2779938.0
2023-08-24 12:00:00,21.768,21.773,21.001,21.036,8663736.0
2023-08-24 16:00:00,21.036,21.202,20.668,20.914,6074158.0
2023-08-24 20:00:00,20.914,21.077,20.652,21.039,3372333.0
2023-08-25 00:00:00,21.039,21.043,20.45,20.721,3786214.0
2023-08-25 04:00:00,20.722,20.752,20.407,20.549,3382798.0
2023-08-25 08:00:00,20.55,20.755,20.536,20.663,2373075.0
2023-08-25 12:00:00,20.664,20.889,20.229,20.332,9173706.0
2023-08-25 16:00:00,20.332,20.453,20.077,20.229,5249789.0
2023-08-25 20:00:00,20.229,20.418,20.177,20.409,2212216.0
2023-08-26 00:00:00,20.408,20.415,20.2,20.386,1698674.0
2023-08-26 04:00:00,20.385,20.434,20.186,20.303,1962335.0
2023-08-26 08:00:00,20.302,20.34,20.225,20.284,1671469.0
2023-08-26 12:00:00,20.284,20.384,20.173,20.362,1989931.0
2023-08-26 16:00:00,20.361,20.378,20.182,20.332,2074199.0
2023-08-26 20:00:00,20.332,20.362,20.222,20.272,882437.0
2023-08-27 00:00:00,20.273,20.378,20.232,20.276,1407347.0
2023-08-27 04:00:00,20.277,20.42,20.271,20.369,1291068.0
2023-08-27 08:00:00,20.368,20.72,20.355,20.57,3815852.0
2023-08-27 12:00:00,20.569,20.916,20.54,20.741,3494857.0
2023-08-27 16:00:00,20.741,20.789,20.535,20.764,2766335.0
2023-08-27 20:00:00,20.764,20.826,20.611,20.779,1532517.0
2023-08-28 00:00:00,20.778,20.778,20.416,20.471,2967561.0
2023-08-28 04:00:00,20.47,20.494,20.19,20.379,3111719.0
2023-08-28 08:00:00,20.38,20.388,20.005,20.355,3454814.0
2023-08-28 12:00:00,20.354,20.785,20.33,20.529,6107258.0
2023-08-28 16:00:00,20.528,20.683,20.351,20.464,3411764.0
2023-08-28 20:00:00,20.464,20.635,20.355,20.549,2009512.0
2023-08-29 00:00:00,20.549,20.759,20.42,20.484,2385743.0
2023-08-29 04:00:00,20.484,20.516,20.207,20.252,2880293.0
2023-08-29 08:00:00,20.251,20.328,20.102,20.138,3375002.0
2023-08-29 12:00:00,20.137,22.063,20.1,21.324,19255113.0
2023-08-29 16:00:00,21.322,21.968,21.181,21.572,8760749.0
2023-08-29 20:00:00,21.572,21.958,21.571,21.772,4693523.0
2023-08-30 00:00:00,21.772,21.988,21.454,21.625,3840456.0
2023-08-30 04:00:00,21.625,21.738,21.533,21.63,2155675.0
2023-08-30 08:00:00,21.63,21.705,21.357,21.408,2970041.0
2023-08-30 12:00:00,21.407,21.514,20.651,20.826,9262697.0
2023-08-30 16:00:00,20.827,20.847,20.578,20.669,4273142.0
2023-08-30 20:00:00,20.67,20.88,20.652,20.807,1839140.0
2023-08-31 00:00:00,20.807,20.808,20.598,20.638,1912360.0
2023-08-31 04:00:00,20.638,20.827,20.62,20.758,1850676.0
2023-08-31 08:00:00,20.758,21.092,20.659,20.877,3410735.0
2023-08-31 12:00:00,20.877,20.884,20.15,20.319,6708818.0
2023-08-31 16:00:00,20.318,20.325,19.356,19.818,11455039.0
2023-08-31 20:00:00,19.817,19.836,19.411,19.72,4365100.0
2023-09-01 00:00:00,19.721,19.916,19.681,19.869,2194183.0
2023-09-01 04:00:00,19.868,19.925,19.759,19.793,2860830.0
2023-09-01 08:00:00,19.792,19.901,19.717,19.832,1932251.0
2023-09-01 12:00:00,19.833,19.924,19.232,19.389,7231722.0
2023-09-01 16:00:00,19.389,19.55,19.009,19.274,8546937.0
2023-09-01 20:00:00,19.275,19.514,19.2,19.315,2774524.0
2023-09-02 00:00:00,19.316,19.584,19.296,19.556,2180556.0
2023-09-02 04:00:00,19.556,19.647,19.432,19.558,2020379.0
2023-09-02 08:00:00,19.559,19.656,19.48,19.558,2011700.0
2023-09-02 12:00:00,19.559,19.7,19.352,19.546,3147707.0
2023-09-02 16:00:00,19.545,19.591,19.114,19.389,3469097.0
2023-09-02 20:00:00,19.389,19.542,19.354,19.48,1489671.0
2023-09-03 00:00:00,19.481,19.65,19.443,19.62,1499006.0
2023-09-03 04:00:00,19.62,19.632,19.455,19.516,1194236.0
2023-09-03 08:00:00,19.517,19.53,19.314,19.413,1631736.0
2023-09-03 12:00:00,19.414,19.557,19.272,19.321,2332948.0
2023-09-03 16:00:00,19.322,19.569,19.21,19.475,2352119.0
2023-09-03 20:00:00,19.474,19.627,19.413,19.555,1790689.0
2023-09-04 00:00:00,19.554,20.035,19.536,19.735,3928351.0
2023-09-04 04:00:00,19.736,19.85,19.592,19.764,2544832.0
2023-09-04 08:00:00,19.764,19.876,19.572,19.576,2464517.0
2023-09-04 12:00:00,19.576,19.638,19.214,19.398,5326887.0
2023-09-04 16:00:00,19.398,19.537,19.32,19.421,2177859.0
2023-09-04 20:00:00,19.422,19.524,19.138,19.514,2838999.0
2023-09-05 00:00:00,19.514,19.555,19.018,19.211,3814101.0
2023-09-05 04:00:00,19.211,19.465,19.201,19.395,2776746.0
2023-09-05 08:00:00,19.395,19.622,19.244,19.537,4504690.0
2023-09-05 12:00:00,19.537,20.6,19.481,20.383,16529668.0
2023-09-05 16:00:00,20.384,20.57,20.157,20.23,6259526.0
2023-09-05 20:00:00,20.229,20.348,20.056,20.257,3265802.0
2023-09-06 00:00:00,20.257,20.38,20.073,20.136,3719218.0
2023-09-06 04:00:00,20.135,20.154,19.661,19.719,5286089.0
2023-09-06 08:00:00,19.718,19.862,19.693,19.741,3158043.0
2023-09-06 12:00:00,19.74,19.82,19.1,19.377,8804745.0
2023-09-06 16:00:00,19.377,19.91,19.105,19.466,9192821.0
2023-09-06 20:00:00,19.466,19.656,19.462,19.62,2182094.0
2023-09-07 00:00:00,19.619,19.796,19.555,19.75,3242634.0
2023-09-07 04:00:00,19.751,19.814,19.532,19.54,2961926.0
2023-09-07 08:00:00,19.541,19.587,19.35,19.393,2877691.0
2023-09-07 12:00:00,19.393,19.627,19.312,19.512,4097005.0
2023-09-07 16:00:00,19.512,19.747,19.51,19.651,3927143.0
2023-09-07 20:00:00,19.65,19.992,19.602,19.9,5380675.0
2023-09-08 00:00:00,19.901,20.28,19.819,20.004,3974634.0
2023-09-08 04:00:00,20.004,20.072,19.812,19.9,3150947.0
2023-09-08 08:00:00,19.899,19.905,19.341,19.53,6192634.0
2023-09-08 12:00:00,19.531,19.692,19.486,19.522,3069795.0
2023-09-08 16:00:00,19.521,19.572,19.369,19.558,2595622.0
2023-09-08 20:00:00,19.557,19.64,19.466,19.596,1298540.0
2023-09-09 00:00:00,19.597,19.599,19.452,19.515,1118610.0
2023-09-09 04:00:00,19.515,19.571,19.448,19.457,1377615.0
2023-09-09 08:00:00,19.456,19.564,19.436,19.551,1359846.0
2023-09-09 12:00:00,19.552,19.573,19.455,19.509,1649881.0
2023-09-09 16:00:00,19.508,19.557,19.352,19.43,1830717.0
2023-09-09 20:00:00,19.431,19.522,19.407,19.425,989675.0
2023-09-10 00:00:00,19.425,19.426,19.174,19.192,3344870.0
2023-09-10 04:00:00,19.192,19.192,17.766,18.516,14958480.0
2023-09-10 08:00:00,18.515,18.515,18.215,18.318,5161070.0
2023-09-10 12:00:00,18.317,18.446,17.733,18.185,10663283.0
2023-09-10 16:00:00,18.185,18.257,17.8,18.168,9951569.0
2023-09-10 20:00:00,18.167,18.599,18.116,18.219,7773831.0
2023-09-11 00:00:00,18.22,18.444,17.954,18.33,7295201.0
2023-09-11 04:00:00,18.33,18.417,18.137,18.19,4864206.0
2023-09-11 08:00:00,18.191,18.214,17.32,17.648,14915179.0
2023-09-11 12:00:00,17.648,18.008,17.333,17.827,19785655.0
2023-09-11 16:00:00,17.827,17.99,17.404,17.501,8538478.0
2023-09-11 20:00:00,17.501,17.75,17.405,17.715,5317521.0
2023-09-12 00:00:00,17.716,18.531,17.554,18.176,12067257.0
2023-09-12 04:00:00,18.175,18.284,17.85,17.966,8026157.0
2023-09-12 08:00:00,17.966,18.84,17.917,18.3,11395636.0
2023-09-12 12:00:00,18.299,18.394,17.9,17.989,12376616.0
2023-09-12 16:00:00,17.99,18.31,17.678,17.924,10603126.0
2023-09-12 20:00:00,17.924,18.045,17.852,17.904,3104299.0
2023-09-13 00:00:00,17.903,18.166,17.766,17.823,4627925.0
2023-09-13 04:00:00,17.824,18.599,17.676,17.884,9940237.0
2023-09-13 08:00:00,17.883,18.28,17.85,18.173,8234282.0
2023-09-13 12:00:00,18.173,18.544,17.934,18.34,12061143.0
2023-09-13 16:00:00,18.34,18.53,17.859,18.337,17745389.0
2023-09-13 20:00:00,18.337,18.498,18.236,18.389,4612761.0
2023-09-14 00:00:00,18.39,19.335,18.372,18.921,15359630.0
2023-09-14 04:00:00,18.921,18.93,18.596,18.775,5965765.0
2023-09-14 08:00:00,18.774,18.896,18.515,18.831,6625994.0
2023-09-14 12:00:00,18.831,19.184,18.728,18.966,10705757.0
2023-09-14 16:00:00,18.966,19.124,18.848,19.037,6901833.0
2023-09-14 20:00:00,19.038,19.09,18.763,18.835,3511662.0
2023-09-15 00:00:00,18.835,19.2,18.704,19.13,4231079.0
2023-09-15 04:00:00,19.131,19.283,19.012,19.075,4181440.0
2023-09-15 08:00:00,19.075,19.24,18.978,18.997,4267988.0
2023-09-15 12:00:00,18.997,19.05,18.714,18.877,5722137.0
2023-09-15 16:00:00,18.877,18.912,18.543,18.718,4674642.0
2023-09-15 20:00:00,18.717,19.495,18.662,19.136,6648310.0
2023-09-16 00:00:00,19.137,19.459,19.037,19.2,5175705.0
2023-09-16 04:00:00,19.2,19.367,19.05,19.093,3385391.0
2023-09-16 08:00:00,19.092,19.262,19.016,19.14,2972094.0
2023-09-16 12:00:00,19.139,19.182,18.846,18.951,3759236.0
2023-09-16 16:00:00,18.951,19.126,18.91,18.944,2299602.0
2023-09-16 20:00:00,18.945,19.14,18.934,19.112,1693821.0
2023-09-17 00:00:00,19.111,19.126,18.712,19.018,3898459.0
2023-09-17 04:00:00,19.017,19.05,18.881,18.895,1886720.0
2023-09-17 08:00:00,18.895,19.095,18.86,19.016,2020661.0
2023-09-17 12:00:00,19.017,19.067,18.942,18.968,1597530.0
2023-09-17 16:00:00,18.966,18.983,18.727,18.876,3154926.0
2023-09-17 20:00:00,18.876,18.879,18.6,18.798,3167225.0
2023-09-18 00:00:00,18.799,19.284,18.56,19.195,6540266.0
2023-09-18 04:00:00,19.195,19.3,18.983,19.112,4948501.0
2023-09-18 08:00:00,19.111,19.749,19.075,19.579,8574092.0
2023-09-18 12:00:00,19.579,20.15,19.513,19.94,9864858.0
2023-09-18 16:00:00,19.94,20.045,19.494,19.767,9684280.0
2023-09-18 20:00:00,19.767,19.89,19.582,19.628,3148007.0
2023-09-19 00:00:00,19.627,19.977,19.553,19.956,3459096.0
2023-09-19 04:00:00,19.957,19.97,19.73,19.787,2631168.0
2023-09-19 08:00:00,19.787,20.444,19.758,20.207,8520672.0
2023-09-19 12:00:00,20.208,20.217,19.794,20.123,7506692.0
2023-09-19 16:00:00,20.122,20.152,19.814,19.917,5182983.0
2023-09-19 20:00:00,19.918,20.08,19.825,20.019,2345178.0
2023-09-20 00:00:00,20.018,20.238,19.834,19.9,3304698.0
2023-09-20 04:00:00,19.899,19.963,19.776,19.944,2978220.0
2023-09-20 08:00:00,19.944,20.158,19.85,20.047,4815927.0
2023-09-20 12:00:00,20.048,20.38,19.873,20.189,7011868.0
2023-09-20 16:00:00,20.189,20.547,19.848,20.104,9090993.0
2023-09-20 20:00:00,20.103,20.45,20.08,20.278,3603549.0
2023-09-21 00:00:00,20.277,20.288,19.907,20.175,3231590.0
2023-09-21 04:00:00,20.174,20.18,19.74,19.901,3902268.0
2023-09-21 08:00:00,19.901,19.95,19.476,19.588,6852391.0
2023-09-21 12:00:00,19.588,19.651,19.273,19.599,7267246.0
2023-09-21 16:00:00,19.598,19.699,19.52,19.614,2765049.0
2023-09-21 20:00:00,19.615,19.624,19.41,19.442,2377939.0
2023-09-22 00:00:00,19.443,19.674,19.21,19.655,4184659.0
2023-09-22 04:00:00,19.656,19.724,19.53,19.629,2551095.0
2023-09-22 08:00:00,19.629,19.804,19.582,19.674,2976466.0
2023-09-22 12:00:00,19.674,19.7,19.444,19.453,3308077.0
2023-09-22 16:00:00,19.452,19.496,19.289,19.348,4308581.0
2023-09-22 20:00:00,19.348,19.48,19.13,19.417,3023225.0
2023-09-23 00:00:00,19.416,19.576,19.274,19.371,2507886.0
2023-09-23 04:00:00,19.37,19.53,19.307,19.511,1548587.0
2023-09-23 08:00:00,19.51,19.527,19.428,19.508,1414601.0
2023-09-23 12:00:00,19.509,19.518,19.29,19.309,2074605.0
2023-09-23 16:00:00,19.309,19.48,19.28,19.458,1849876.0
2023-09-23 20:00:00,19.458,19.477,19.373,19.472,1264590.0
2023-09-24 00:00:00,19.472,19.65,19.445,19.56,2285111.0
2023-09-24 04:00:00,19.56,19.637,19.48,19.611,1374011.0
2023-09-24 08:00:00,19.611,19.671,19.525,19.59,1412671.0
2023-09-24 12:00:00,19.59,19.64,19.424,19.51,2229499.0
2023-09-24 16:00:00,19.509,19.649,19.416,19.453,3376008.0
2023-09-24 20:00:00,19.452,19.52,19.17,19.351,2986834.0
2023-09-25 00:00:00,19.35,19.6,19.058,19.469,4437434.0
2023-09-25 04:00:00,19.47,19.541,19.326,19.479,2151047.0
2023-09-25 08:00:00,19.478,19.575,19.385,19.531,2547752.0
2023-09-25 12:00:00,19.532,19.666,19.434,19.559,4155898.0
2023-09-25 16:00:00,19.56,19.73,19.455,19.508,3672636.0
2023-09-25 20:00:00,19.51,19.564,19.343,19.381,1611236.0
2023-09-26 00:00:00,19.38,19.521,19.276,19.436,2574219.0
2023-09-26 04:00:00,19.436,19.469,19.29,19.318,2867426.0
2023-09-26 08:00:00,19.318,19.427,19.228,19.376,2696126.0
2023-09-26 12:00:00,19.377,19.396,19.116,19.158,3690307.0
2023-09-26 16:00:00,19.157,19.293,19.112,19.228,2241187.0
2023-09-26 20:00:00,19.227,19.258,18.812,19.016,3531375.0
2023-09-27 00:00:00,19.016,19.127,18.922,19.022,2203226.0
2023-09-27 04:00:00,19.021,19.039,18.885,18.939,1717604.0
2023-09-27 08:00:00,18.938,19.474,18.853,19.392,6800866.0
2023-09-27 12:00:00,19.392,19.45,18.755,18.934,7666699.0
2023-09-27 16:00:00,18.933,19.018,18.716,18.966,3355188.0
2023-09-27 20:00:00,18.966,19.149,18.863,19.12,1897909.0
2023-09-28 00:00:00,19.12,19.429,19.085,19.197,3593924.0
2023-09-28 04:00:00,19.197,19.275,19.162,19.219,1741162.0
2023-09-28 08:00:00,19.218,19.319,19.104,19.159,2570325.0
2023-09-28 12:00:00,19.159,19.622,19.138,19.594,5422843.0
2023-09-28 16:00:00,19.596,19.717,19.415,19.7,4669051.0
2023-09-28 20:00:00,19.701,19.982,19.562,19.948,3510653.0
2023-09-29 00:00:00,19.948,20.325,19.831,20.196,5390972.0
2023-09-29 04:00:00,20.195,20.35,20.042,20.265,3874097.0
2023-09-29 08:00:00,20.266,20.296,20.026,20.071,3050643.0
2023-09-29 12:00:00,20.071,20.457,20.004,20.322,6760924.0
2023-09-29 16:00:00,20.322,20.34,20.066,20.234,2801265.0
2023-09-29 20:00:00,20.234,20.345,20.19,20.26,1670659.0
2023-09-30 00:00:00,20.259,20.439,20.185,20.211,1729799.0
2023-09-30 04:00:00,20.211,20.34,20.055,20.304,1868063.0
2023-09-30 08:00:00,20.305,20.382,20.24,20.271,2029436.0
2023-09-30 12:00:00,20.27,21.647,20.265,21.415,16733620.0
2023-09-30 16:00:00,21.414,21.797,21.244,21.384,8773229.0
2023-09-30 20:00:00,21.384,21.444,21.22,21.348,2385297.0
2023-10-01 00:00:00,21.347,21.419,21.118,21.194,3149407.0
2023-10-01 04:00:00,21.195,21.397,21.148,21.35,2406776.0
2023-10-01 08:00:00,21.35,24.4,21.338,22.955,19336319.0
2023-10-01 12:00:00,22.953,23.428,22.813,23.084,10783991.0
2023-10-01 16:00:00,23.084,23.088,22.431,22.714,7506621.0
2023-10-01 20:00:00,22.713,24.506,22.571,23.873,16084833.0
2023-10-02 00:00:00,23.873,24.333,23.564,24.084,8474692.0
2023-10-02 04:00:00,24.084,24.83,23.928,24.322,10862909.0
2023-10-02 08:00:00,24.322,24.512,23.75,23.825,9255471.0
2023-10-02 12:00:00,23.823,24.473,23.568,24.047,15106852.0
2023-10-02 16:00:00,24.046,24.294,22.826,23.82,15372738.0
2023-10-02 20:00:00,23.815,23.824,22.881,23.366,8386035.0
2023-10-03 00:00:00,23.366,23.756,23.29,23.645,4731348.0
2023-10-03 04:00:00,23.645,24.249,23.47,23.81,7182767.0
2023-10-03 08:00:00,23.81,24.458,23.76,23.908,10867848.0
2023-10-03 12:00:00,23.908,24.777,23.737,23.978,20073370.0
2023-10-03 16:00:00,23.978,24.323,23.416,23.514,10186835.0
2023-10-03 20:00:00,23.515,23.742,23.165,23.594,7968514.0
2023-10-04 00:00:00,23.595,23.645,22.767,23.095,12467935.0
2023-10-04 04:00:00,23.094,23.234,22.759,23.151,5759994.0
2023-10-04 08:00:00,23.151,23.85,23.091,23.568,8274316.0
2023-10-04 12:00:00,23.567,23.635,22.627,22.684,10792426.0
2023-10-04 16:00:00,22.686,23.278,22.543,22.912,9566025.0
2023-10-04 20:00:00,22.913,23.299,22.844,23.106,3158442.0
2023-10-05 00:00:00,23.106,23.75,23.026,23.218,6579331.0
2023-10-05 04:00:00,23.217,23.47,22.826,22.995,4952116.0
2023-10-05 08:00:00,22.996,23.345,22.879,23.207,4705616.0
2023-10-05 12:00:00,23.207,23.593,22.552,22.79,12631392.0
2023-10-05 16:00:00,22.789,23.04,22.483,22.782,9479232.0
2023-10-05 20:00:00,22.778,22.86,22.597,22.682,3354835.0
2023-10-06 00:00:00,22.681,23.346,22.648,23.169,5151646.0
2023-10-06 04:00:00,23.17,23.445,22.932,23.316,5341569.0
2023-10-06 08:00:00,23.315,23.562,23.071,23.169,7027295.0
2023-10-06 12:00:00,23.17,23.664,22.666,23.487,13173041.0
2023-10-06 16:00:00,23.487,23.749,23.315,23.415,6648901.0
2023-10-06 20:00:00,23.415,23.78,23.29,23.391,4061960.0
2023-10-07 00:00:00,23.391,23.73,23.323,23.663,3902187.0
2023-10-07 04:00:00,23.663,24.208,23.452,23.505,6708383.0
2023-10-07 08:00:00,23.506,23.813,23.342,23.467,5306278.0
2023-10-07 12:00:00,23.467,23.568,23.28,23.334,4026732.0
2023-10-07 16:00:00,23.334,23.438,23.064,23.117,3581071.0
2023-10-07 20:00:00,23.117,23.339,23.097,23.279,1716727.0
2023-10-08 00:00:00,23.279,23.642,23.15,23.512,3592053.0
2023-10-08 04:00:00,23.513,23.539,23.176,23.318,2980142.0
2023-10-08 08:00:00,23.317,23.52,23.131,23.215,4076864.0
2023-10-08 12:00:00,23.215,23.485,23.046,23.472,4482347.0
2023-10-08 16:00:00,23.472,23.55,23.248,23.313,3553439.0
2023-10-08 20:00:00,23.312,23.473,23.151,23.204,2381327.0
2023-10-09 00:00:00,23.204,23.314,23.066,23.238,3432075.0
2023-10-09 04:00:00,23.238,23.364,22.835,22.972,3861915.0
2023-10-09 08:00:00,22.973,22.998,21.82,22.165,11339085.0
2023-10-09 12:00:00,22.165,22.374,22.063,22.187,5095573.0
2023-10-09 16:00:00,22.187,22.419,21.5,22.185,10779930.0
2023-10-09 20:00:00,22.186,22.237,21.971,22.077,2484071.0
2023-10-10 00:00:00,22.078,22.245,21.871,22.133,3741120.0
2023-10-10 04:00:00,22.134,22.386,22.029,22.304,2482284.0
2023-10-10 08:00:00,22.305,22.437,22.097,22.117,4109848.0
2023-10-10 12:00:00,22.117,22.477,21.911,21.97,7331203.0
2023-10-10 16:00:00,21.97,22.063,21.676,22.014,6040935.0
2023-10-10 20:00:00,22.013,22.193,21.782,22.107,2710663.0
2023-10-11 00:00:00,22.106,22.28,21.705,21.962,5475976.0
2023-10-11 04:00:00,21.962,22.35,21.938,21.996,4733797.0
2023-10-11 08:00:00,21.998,22.4,21.979,22.13,5040649.0
2023-10-11 12:00:00,22.13,22.322,21.8,21.98,6704981.0
2023-10-11 16:00:00,21.981,22.022,21.612,21.892,6300515.0
2023-10-11 20:00:00,21.893,22.02,21.73,21.998,2566377.0
2023-10-12 00:00:00,21.998,22.045,21.464,21.695,4405201.0
2023-10-12 04:00:00,21.695,21.833,21.629,21.639,2569238.0
2023-10-12 08:00:00,21.638,21.652,21.08,21.491,7773967.0
2023-10-12 12:00:00,21.491,21.522,21.224,21.27,5108646.0
2023-10-12 16:00:00,21.271,21.357,20.82,21.2,7307629.0
2023-10-12 20:00:00,21.198,21.338,21.115,21.274,2248713.0
2023-10-13 00:00:00,21.274,21.465,21.11,21.12,2563561.0
2023-10-13 04:00:00,21.12,21.452,21.103,21.377,2412488.0
2023-10-13 08:00:00,21.377,21.575,21.29,21.465,3201147.0
2023-10-13 12:00:00,21.465,21.6,21.337,21.408,4408317.0
2023-10-13 16:00:00,21.407,21.594,21.4,21.563,2442804.0
2023-10-13 20:00:00,21.562,22.196,21.548,21.829,8685348.0
2023-10-14 00:00:00,21.828,22.057,21.78,22.014,2920050.0
2023-10-14 04:00:00,22.015,22.116,21.92,22.046,2889211.0
2023-10-14 08:00:00,22.047,22.368,21.896,21.966,4378445.0
2023-10-14 12:00:00,21.965,22.088,21.833,22.069,2784729.0
2023-10-14 16:00:00,22.068,22.085,21.96,22.033,1503645.0
2023-10-14 20:00:00,22.03,22.031,21.911,21.983,1246662.0
2023-10-15 00:00:00,21.982,22.171,21.812,21.923,2540143.0
2023-10-15 04:00:00,21.923,21.958,21.854,21.926,1341022.0
2023-10-15 08:00:00,21.927,22.01,21.802,21.857,2450368.0
2023-10-15 12:00:00,21.857,21.928,21.64,21.72,3353095.0
2023-10-15 16:00:00,21.72,21.976,21.69,21.9,2535928.0
2023-10-15 20:00:00,21.901,22.1,21.809,21.918,3389912.0
2023-10-16 00:00:00,21.918,22.22,21.876,22.093,2929665.0
2023-10-16 04:00:00,22.092,22.844,22.088,22.808,7805058.0
2023-10-16 08:00:00,22.809,23.155,22.62,23.131,6417030.0
2023-10-16 12:00:00,23.132,25.048,22.892,23.15,25954877.0
2023-10-16 16:00:00,23.151,24.126,23.132,23.85,8468179.0
2023-10-16 20:00:00,23.851,24.198,23.635,23.939,6311208.0
2023-10-17 00:00:00,23.939,24.337,23.756,23.989,6476765.0
2023-10-17 04:00:00,23.989,24.22,23.73,24.071,6302082.0
2023-10-17 08:00:00,24.071,24.566,24.026,24.07,9971293.0
2023-10-17 12:00:00,24.071,24.177,23.38,23.884,11359343.0
2023-10-17 16:00:00,23.884,24.389,23.709,24.162,7378135.0
2023-10-17 20:00:00,24.163,24.244,23.882,23.93,3130616.0
2023-10-18 00:00:00,23.93,24.097,23.78,24.03,4188912.0
2023-10-18 04:00:00,24.031,24.433,23.863,23.885,6389106.0
2023-10-18 08:00:00,23.885,24.14,23.762,23.794,4362765.0
2023-10-18 12:00:00,23.795,23.91,23.605,23.677,5066298.0
2023-10-18 16:00:00,23.678,23.783,23.552,23.687,3837088.0
2023-10-18 20:00:00,23.687,23.727,23.345,23.408,4525994.0
2023-10-19 00:00:00,23.408,23.56,23.068,23.44,4417814.0
2023-10-19 04:00:00,23.439,23.879,23.429,23.831,3928097.0
2023-10-19 08:00:00,23.832,24.291,23.675,24.259,6773430.0
2023-10-19 12:00:00,24.259,24.878,24.052,24.749,11975426.0
2023-10-19 16:00:00,24.748,25.963,24.651,25.137,17112570.0
2023-10-19 20:00:00,25.138,25.238,24.71,24.91,5388438.0
2023-10-20 00:00:00,24.909,25.701,24.712,25.644,9138713.0
2023-10-20 04:00:00,25.643,26.49,25.552,26.22,13408513.0
2023-10-20 08:00:00,26.22,27.52,26.204,26.876,21438197.0
2023-10-20 12:00:00,26.873,27.133,26.54,26.873,11672842.0
2023-10-20 16:00:00,26.873,27.038,26.283,26.874,9014052.0
2023-10-20 20:00:00,26.874,27.355,26.704,27.01,5079888.0
2023-10-21 00:00:00,27.01,27.114,26.628,26.801,5013880.0
2023-10-21 04:00:00,26.801,28.733,26.643,28.049,11351825.0
2023-10-21 08:00:00,28.049,30.0,27.819,29.513,17332394.0
2023-10-21 12:00:00,29.513,29.661,28.6,29.015,13833598.0
2023-10-21 16:00:00,29.014,29.92,28.855,29.472,12249437.0
2023-10-21 20:00:00,29.473,30.368,29.196,29.312,12324332.0
2023-10-22 00:00:00,29.312,29.939,29.14,29.708,7276325.0
2023-10-22 04:00:00,29.708,29.995,27.91,28.795,11621911.0
2023-10-22 08:00:00,28.794,29.047,28.051,28.326,9144763.0
2023-10-22 12:00:00,28.326,28.875,28.278,28.418,6314751.0
2023-10-22 16:00:00,28.418,29.16,28.382,28.679,4736241.0
2023-10-22 20:00:00,28.68,29.35,28.655,29.031,5319951.0
2023-10-23 00:00:00,29.03,30.751,28.72,30.648,16850282.0
2023-10-23 04:00:00,30.648,31.374,29.835,30.104,15935168.0
2023-10-23 08:00:00,30.103,30.336,29.31,29.69,10287665.0
2023-10-23 12:00:00,29.691,29.864,28.775,28.966,11634816.0
2023-10-23 16:00:00,28.966,29.997,28.858,29.891,13381673.0
2023-10-23 20:00:00,29.891,32.929,29.72,31.902,23938335.0
2023-10-24 00:00:00,31.902,32.585,31.255,31.38,17731739.0
2023-10-24 04:00:00,31.38,31.78,30.63,31.237,8844639.0
2023-10-24 08:00:00,31.237,31.986,31.158,31.833,7256143.0
2023-10-24 12:00:00,31.834,32.622,30.39,30.894,19681194.0
2023-10-24 16:00:00,30.894,31.205,30.013,30.496,11270956.0
2023-10-24 20:00:00,30.495,30.789,29.454,30.157,10527060.0
2023-10-25 00:00:00,30.157,32.235,29.972,31.038,10855593.0
2023-10-25 04:00:00,31.038,31.872,30.632,30.952,6571257.0
2023-10-25 08:00:00,30.953,32.301,30.759,32.202,9260352.0
2023-10-25 12:00:00,32.2,33.96,32.192,33.378,18708068.0
2023-10-25 16:00:00,33.378,33.567,32.299,32.769,11497582.0
2023-10-25 20:00:00,32.77,33.076,31.843,32.446,6151682.0
2023-10-26 00:00:00,32.445,32.806,31.701,32.757,6482275.0
2023-10-26 04:00:00,32.757,33.288,32.002,32.837,6248994.0
2023-10-26 08:00:00,32.837,32.988,31.567,31.82,8865100.0
2023-10-26 12:00:00,31.821,32.393,30.885,31.297,10644790.0
2023-10-26 16:00:00,31.297,31.709,30.712,31.547,7076232.0
2023-10-26 20:00:00,31.549,33.25,31.463,32.77,7376460.0
2023-10-27 00:00:00,32.771,32.867,31.814,32.39,6453083.0
2023-10-27 04:00:00,32.391,32.906,32.121,32.359,4846401.0
2023-10-27 08:00:00,32.359,33.135,32.162,32.585,6242028.0
2023-10-27 12:00:00,32.585,33.422,31.9,32.2,11552414.0
2023-10-27 16:00:00,32.197,32.525,31.05,31.926,8816118.0
2023-10-27 20:00:00,31.927,32.277,31.455,31.739,3616262.0
2023-10-28 00:00:00,31.739,32.39,31.641,32.356,3044977.0
2023-10-28 04:00:00,32.357,32.493,32.066,32.29,2637340.0
2023-10-28 08:00:00,32.288,32.532,32.066,32.194,3216992.0
2023-10-28 12:00:00,32.195,32.229,31.582,32.027,4176388.0
2023-10-28 16:00:00,32.027,32.098,31.43,31.579,3142915.0
2023-10-28 20:00:00,31.578,31.975,31.298,31.614,2495670.0
2023-10-29 00:00:00,31.615,31.84,31.238,31.564,2762390.0
2023-10-29 04:00:00,31.563,32.36,31.49,32.271,3906768.0
2023-10-29 08:00:00,32.271,32.365,32.117,32.25,2944970.0
2023-10-29 12:00:00,32.251,32.704,32.174,32.616,4780687.0
2023-10-29 16:00:00,32.616,33.2,32.512,32.992,4800890.0
2023-10-29 20:00:00,32.994,33.033,32.51,32.826,2741580.0
2023-10-30 00:00:00,32.828,33.098,32.511,32.733,3650556.0
2023-10-30 04:00:00,32.733,32.98,32.256,32.52,3605350.0
2023-10-30 08:00:00,32.522,35.409,32.452,34.951,15172994.0
2023-10-30 12:00:00,34.95,35.395,34.526,35.046,7993727.0
2023-10-30 16:00:00,35.047,35.053,34.224,34.903,6009211.0
2023-10-30 20:00:00,34.899,35.037,34.48,34.958,2912158.0
2023-10-31 00:00:00,34.958,36.48,34.832,35.797,10367459.0
2023-10-31 04:00:00,35.797,36.634,35.558,35.71,7310597.0
2023-10-31 08:00:00,35.711,36.977,35.568,36.551,8852024.0
2023-10-31 12:00:00,36.552,36.664,35.568,36.093,9383578.0
2023-10-31 16:00:00,36.093,36.447,35.806,36.243,4734648.0
2023-10-31 20:00:00,36.243,38.619,36.225,38.372,11179633.0
2023-11-01 00:00:00,38.373,38.789,37.853,38.256,9467771.0
2023-11-01 04:00:00,38.257,39.504,37.759,38.431,8498379.0
2023-11-01 08:00:00,38.432,39.78,37.95,39.249,16247726.0
2023-11-01 12:00:00,39.248,41.999,38.8,40.594,32331388.0
2023-11-01 16:00:00,40.593,46.8,40.278,42.052,43598255.0
2023-11-01 20:00:00,42.052,43.777,40.618,41.204,18856317.0
2023-11-02 00:00:00,41.203,42.882,41.144,42.581,9898289.0
2023-11-02 04:00:00,42.581,43.419,41.13,43.092,10487878.0
2023-11-02 08:00:00,43.092,44.559,42.532,44.434,12397783.0
2023-11-02 12:00:00,44.434,44.494,39.947,40.041,24234507.0
2023-11-02 16:00:00,40.045,41.554,38.646,41.389,24232703.0
2023-11-02 20:00:00,41.389,42.13,39.524,40.251,12644853.0
2023-11-03 00:00:00,40.248,40.27,37.991,38.91,14806321.0
2023-11-03 04:00:00,38.91,39.125,37.917,39.056,8027142.0
2023-11-03 08:00:00,39.056,39.77,38.1,39.179,12285664.0
2023-11-03 12:00:00,39.18,40.315,38.813,39.817,12240093.0
2023-11-03 16:00:00,39.816,40.1,38.522,39.19,8396904.0
2023-11-03 20:00:00,39.19,39.943,39.055,39.497,4486096.0
2023-11-04 00:00:00,39.497,41.237,39.035,41.11,7451710.0
2023-11-04 04:00:00,41.109,42.076,40.41,41.689,9125045.0
2023-11-04 08:00:00,41.69,42.785,41.3,41.546,8637160.0
2023-11-04 12:00:00,41.544,42.209,40.811,41.278,7251525.0
2023-11-04 16:00:00,41.278,41.89,41.009,41.381,4345735.0
2023-11-04 20:00:00,41.382,42.731,41.292,42.422,4809691.0
2023-11-05 00:00:00,42.422,42.896,41.692,42.525,5313065.0
2023-11-05 04:00:00,42.525,42.549,41.41,41.571,4109924.0
2023-11-05 08:00:00,41.572,41.823,41.103,41.677,4099389.0
2023-11-05 12:00:00,41.676,41.9,40.44,40.737,5941409.0
2023-11-05 16:00:00,40.737,41.636,40.654,40.79,3668135.0
2023-11-05 20:00:00,40.789,41.573,40.0,41.167,4022689.0
2023-11-06 00:00:00,41.167,41.871,40.881,41.118,3906951.0
2023-11-06 04:00:00,41.122,41.248,39.656,39.939,6183780.0
2023-11-06 08:00:00,39.94,40.739,39.692,40.343,4386679.0
2023-11-06 12:00:00,40.345,40.757,39.9,40.248,5450371.0
2023-11-06 16:00:00,40.246,40.55,39.88,40.507,4296727.0
2023-11-06 20:00:00,40.507,42.241,40.041,42.181,6096067.0
2023-11-07 00:00:00,42.18,42.329,40.087,40.839,7792055.0
2023-11-07 04:00:00,40.839,41.73,40.676,41.596,4037692.0
2023-11-07 08:00:00,41.596,41.797,40.504,41.125,6484699.0
2023-11-07 12:00:00,41.124,42.155,40.747,41.219,9715168.0
2023-11-07 16:00:00,41.218,44.404,41.039,43.897,16769915.0
2023-11-07 20:00:00,43.898,45.0,42.809,42.976,8289865.0
2023-11-08 00:00:00,42.976,43.549,42.27,43.377,5106108.0
2023-11-08 04:00:00,43.378,43.797,43.022,43.485,3776206.0
2023-11-08 08:00:00,43.485,43.913,43.12,43.323,3755785.0
2023-11-08 12:00:00,43.322,43.613,42.284,42.77,6238774.0
2023-11-08 16:00:00,42.768,43.654,42.548,43.106,4953035.0
2023-11-08 20:00:00,43.106,43.555,42.62,43.142,5219500.0
2023-11-09 00:00:00,43.138,44.176,42.5,44.118,7153562.0
2023-11-09 04:00:00,44.12,44.651,43.796,43.904,5932619.0
2023-11-09 08:00:00,43.903,47.529,43.89,47.148,15166741.0
2023-11-09 12:00:00,47.148,49.0,45.733,46.452,20559281.0
2023-11-09 16:00:00,46.451,46.877,40.912,44.417,22308990.0
2023-11-09 20:00:00,44.42,45.759,43.034,45.305,7802911.0
2023-11-10 00:00:00,45.305,48.0,45.055,47.42,8532842.0
2023-11-10 04:00:00,47.42,48.999,46.831,47.602,8107468.0
2023-11-10 08:00:00,47.601,51.3,46.6,50.735,14943105.0
2023-11-10 12:00:00,50.735,52.026,48.646,51.151,14513306.0
2023-11-10 16:00:00,50.914,54.999,50.651,54.1,16576093.0
2023-11-10 20:00:00,54.1,57.573,53.039,56.679,14081294.0
2023-11-11 00:00:00,56.679,57.813,54.517,55.851,14516983.0
2023-11-11 04:00:00,55.851,56.036,53.538,54.3,9564401.0
2023-11-11 08:00:00,54.3,55.93,53.785,55.279,7838277.0
2023-11-11 12:00:00,55.286,64.036,55.06,60.984,30979370.0
2023-11-11 16:00:00,60.984,62.624,58.193,60.566,15450096.0
2023-11-11 20:00:00,60.565,60.566,55.4,56.409,13978753.0
2023-11-12 00:00:00,56.409,57.979,54.48,57.422,12892864.0
2023-11-12 04:00:00,57.424,61.943,56.51,61.146,12914866.0
2023-11-12 08:00:00,61.142,61.555,58.401,60.023,10403799.0
2023-11-12 12:00:00,60.023,60.445,57.68,58.697,9645389.0
2023-11-12 16:00:00,58.697,58.83,55.533,56.095,8877973.0
2023-11-12 20:00:00,56.094,57.63,55.61,56.315,6225858.0
2023-11-13 00:00:00,56.315,59.5,55.074,57.04,10189536.0
2023-11-13 04:00:00,57.041,59.625,56.664,58.286,7909416.0
2023-11-13 08:00:00,58.285,59.743,56.512,57.069,7808935.0
2023-11-13 12:00:00,57.069,59.959,54.198,55.682,20299876.0
2023-11-13 16:00:00,55.682,56.989,52.054,54.712,12896263.0
2023-11-13 20:00:00,54.726,54.739,51.554,51.662,9855864.0
2023-11-14 00:00:00,51.661,54.865,51.166,54.069,9362021.0
2023-11-14 04:00:00,54.067,55.507,53.801,55.181,4658509.0
2023-11-14 08:00:00,55.182,55.88,52.01,52.71,8439195.0
2023-11-14 12:00:00,52.711,58.191,52.042,56.269,21642073.0
2023-11-14 16:00:00,56.269,57.097,52.1,55.134,15282506.0
2023-11-14 20:00:00,55.132,57.51,54.824,56.849,7898238.0
2023-11-15 00:00:00,56.842,57.999,56.16,56.299,5664291.0
2023-11-15 04:00:00,56.3,59.794,56.273,59.186,7036596.0
2023-11-15 08:00:00,59.19,63.726,58.716,63.044,12588842.0
2023-11-15 12:00:00,63.042,63.914,61.366,62.491,13464628.0
2023-11-15 16:00:00,62.491,65.884,60.705,65.391,15832065.0
2023-11-15 20:00:00,65.389,67.228,64.241,65.506,10200943.0
2023-11-16 00:00:00,65.506,66.83,64.502,65.916,7024185.0
2023-11-16 04:00:00,65.915,68.356,64.757,65.733,8426867.0
2023-11-16 08:00:00,65.732,66.13,63.256,64.082,10607586.0
2023-11-16 12:00:00,64.075,64.799,60.368,61.647,14493593.0
2023-11-16 16:00:00,61.649,62.89,58.919,62.37,11539230.0
2023-11-16 20:00:00,62.377,62.899,56.4,57.842,14534458.0
2023-11-17 00:00:00,57.842,60.618,57.605,58.934,10162608.0
2023-11-17 04:00:00,58.934,59.972,57.991,58.177,6002284.0
2023-11-17 08:00:00,58.179,59.082,56.45,58.175,8925644.0
2023-11-17 12:00:00,58.167,59.684,54.093,55.053,15241962.0
2023-11-17 16:00:00,55.053,58.738,54.365,57.585,12083113.0
2023-11-17 20:00:00,57.576,59.523,57.486,58.49,5264854.0
2023-11-18 00:00:00,58.498,58.619,56.3,56.737,4897768.0
2023-11-18 04:00:00,56.734,57.494,54.7,56.372,6163781.0
2023-11-18 08:00:00,56.37,57.699,56.058,57.012,4455141.0
2023-11-18 12:00:00,57.013,58.388,55.505,57.993,8231366.0
2023-11-18 16:00:00,57.993,59.4,57.522,59.05,7387270.0
2023-11-18 20:00:00,59.049,59.341,57.996,58.581,4029240.0
2023-11-19 00:00:00,58.581,58.584,56.576,58.252,4622280.0
2023-11-19 04:00:00,58.253,60.958,57.752,60.455,5891899.0
2023-11-19 08:00:00,60.457,61.8,59.42,59.876,8142241.0
2023-11-19 12:00:00,59.877,60.369,59.087,59.999,6017936.0
2023-11-19 16:00:00,60.002,61.317,59.4,61.196,5108676.0
2023-11-19 20:00:00,61.196,62.151,60.113,61.099,5727287.0
2023-11-20 00:00:00,61.099,61.358,59.76,59.964,4894836.0
2023-11-20 04:00:00,59.964,60.231,59.131,59.931,3972981.0
2023-11-20 08:00:00,59.93,61.164,59.31,60.084,5571798.0
2023-11-20 12:00:00,60.084,60.686,56.971,59.008,10746191.0
2023-11-20 16:00:00,59.001,59.427,56.5,57.564,11096829.0
2023-11-20 20:00:00,57.564,57.818,55.961,56.603,5964219.0
2023-11-21 00:00:00,56.603,57.411,55.111,56.027,6110502.0
2023-11-21 04:00:00,56.027,56.5,55.311,55.399,3330292.0
2023-11-21 08:00:00,55.399,57.19,55.377,56.299,5002484.0
2023-11-21 12:00:00,56.301,56.68,52.7,55.13,14716171.0
2023-11-21 16:00:00,55.129,56.257,52.349,54.835,14342466.0
2023-11-21 20:00:00,54.841,55.799,51.2,51.682,10600577.0
2023-11-22 00:00:00,51.684,54.444,51.479,54.351,5813555.0
2023-11-22 04:00:00,54.351,55.29,53.915,54.652,4220275.0
2023-11-22 08:00:00,54.654,55.25,54.356,54.53,4103628.0
2023-11-22 12:00:00,54.538,55.798,54.035,54.944,7463037.0
2023-11-22 16:00:00,54.945,57.68,54.41,57.313,7874538.0
2023-11-22 20:00:00,57.313,58.923,56.924,57.579,6910325.0
2023-11-23 00:00:00,57.575,58.497,57.021,57.657,4526802.0
2023-11-23 04:00:00,57.657,58.582,57.523,57.823,3474819.0
2023-11-23 08:00:00,57.823,59.019,57.189,57.969,5430662.0
2023-11-23 12:00:00,57.972,59.688,56.455,56.64,8942447.0
2023-11-23 16:00:00,56.64,57.343,56.121,56.374,3913944.0
2023-11-23 20:00:00,56.373,57.137,56.306,56.537,2689224.0
2023-11-24 00:00:00,56.539,57.632,56.196,57.277,3139505.0
2023-11-24 04:00:00,57.277,57.456,56.662,57.359,2036214.0
2023-11-24 08:00:00,57.362,58.84,57.1,58.057,5881870.0
2023-11-24 12:00:00,58.06,58.55,57.2,58.158,5461835.0
2023-11-24 16:00:00,58.16,58.464,56.803,57.166,4615131.0
2023-11-24 20:00:00,57.165,57.618,56.424,56.869,2427641.0
2023-11-25 00:00:00,56.869,59.869,55.63,58.85,8182210.0
2023-11-25 04:00:00,58.851,59.015,58.423,58.622,2371449.0
2023-11-25 08:00:00,58.623,58.857,57.351,57.825,3347009.0
2023-11-25 12:00:00,57.825,58.766,57.708,58.546,2856118.0
2023-11-25 16:00:00,58.546,59.738,58.33,59.054,3558327.0
2023-11-25 20:00:00,59.054,59.314,58.615,58.83,1679178.0
2023-11-26 00:00:00,58.83,59.064,58.001,58.345,2147896.0
2023-11-26 04:00:00,58.344,58.674,58.168,58.428,1537214.0
2023-11-26 08:00:00,58.43,58.638,57.75,57.865,2228370.0
2023-11-26 12:00:00,57.869,58.125,56.663,57.106,4971690.0
2023-11-26 16:00:00,57.101,57.299,56.1,57.197,4252341.0
2023-11-26 20:00:00,57.2,58.759,57.0,57.593,4056560.0
2023-11-27 00:00:00,57.593,58.11,56.151,56.6,3535336.0
2023-11-27 04:00:00,56.601,57.35,55.5,55.921,4411733.0
2023-11-27 08:00:00,55.927,56.28,54.7,55.026,5731838.0
2023-11-27 12:00:00,55.025,55.218,53.9,53.962,6083228.0
2023-11-27 16:00:00,53.962,55.137,53.412,54.124,5588379.0
2023-11-27 20:00:00,54.124,55.143,53.668,55.03,3437176.0
2023-11-28 00:00:00,55.03,55.396,54.609,54.934,2466341.0
2023-11-28 04:00:00,54.933,55.3,53.923,55.057,4302235.0
2023-11-28 08:00:00,55.057,56.349,54.65,56.163,4307013.0
2023-11-28 12:00:00,56.164,56.399,55.426,56.07,4849101.0
2023-11-28 16:00:00,56.068,58.422,55.937,58.03,8687058.0
2023-11-28 20:00:00,58.029,58.67,57.568,58.183,3864513.0
2023-11-29 00:00:00,58.184,58.876,57.744,58.529,3561633.0
2023-11-29 04:00:00,58.529,59.657,58.201,59.371,4315007.0
2023-11-29 08:00:00,59.371,61.799,59.367,60.648,9600334.0
2023-11-29 12:00:00,60.648,61.66,59.112,60.066,8254125.0
2023-11-29 16:00:00,60.066,60.396,58.877,60.063,4853324.0
2023-11-29 20:00:00,60.063,60.259,58.55,59.324,3988346.0
2023-11-30 00:00:00,59.324,60.732,58.738,60.401,4077790.0
2023-11-30 04:00:00,60.401,61.294,59.622,59.99,4092034.0
2023-11-30 08:00:00,59.99,60.95,59.236,60.776,3846842.0
2023-11-30 12:00:00,60.775,61.762,59.146,59.578,7960424.0
2023-11-30 16:00:00,59.578,59.99,58.902,59.984,3476937.0
2023-11-30 20:00:00,59.98,60.163,58.953,59.309,2672971.0
2023-12-01 00:00:00,59.309,61.099,58.585,60.788,5644753.0
2023-12-01 04:00:00,60.788,61.309,60.225,60.881,4135970.0
2023-12-01 08:00:00,60.881,61.937,60.674,61.05,5412653.0
2023-12-01 12:00:00,61.051,61.198,59.756,60.147,4827643.0
2023-12-01 16:00:00,60.147,61.116,59.863,60.506,5797405.0
2023-12-01 20:00:00,60.506,60.747,59.587,59.75,2763906.0
2023-12-02 00:00:00,59.749,61.204,59.67,61.054,3090313.0
2023-12-02 04:00:00,61.054,62.7,60.833,62.055,5108646.0
2023-12-02 08:00:00,62.055,62.55,61.654,62.183,3498991.0
2023-12-02 12:00:00,62.182,62.622,61.456,61.912,4048496.0
2023-12-02 16:00:00,61.911,63.499,61.4,63.012,5305948.0
2023-12-02 20:00:00,63.011,63.954,62.736,63.684,4018554.0
2023-12-03 00:00:00,63.684,65.622,63.542,64.157,6897696.0
2023-12-03 04:00:00,64.157,64.332,63.52,63.986,2661327.0
2023-12-03 08:00:00,63.986,64.179,63.05,63.572,3108763.0
2023-12-03 12:00:00,63.572,63.66,62.446,63.034,4878373.0
2023-12-03 16:00:00,63.033,63.083,62.234,62.971,2491831.0
2023-12-03 20:00:00,62.97,64.156,62.518,63.015,4758421.0
2023-12-04 00:00:00,63.02,64.999,62.941,64.292,4925107.0
2023-12-04 04:00:00,64.291,65.34,63.603,63.774,5749030.0
2023-12-04 08:00:00,63.774,64.414,59.0,62.123,10767491.0
2023-12-04 12:00:00,62.118,62.288,59.904,60.577,8110023.0
2023-12-04 16:00:00,60.577,61.372,60.357,61.066,3219016.0
2023-12-04 20:00:00,61.066,62.11,60.666,61.671,3732601.0
2023-12-05 00:00:00,61.671,62.222,59.62,60.64,5253256.0
2023-12-05 04:00:00,60.637,60.7,59.104,59.698,4542709.0
2023-12-05 08:00:00,59.699,60.463,59.444,60.19,3241682.0
2023-12-05 12:00:00,60.19,61.722,60.003,60.999,4889917.0
2023-12-05 16:00:00,60.998,62.661,60.388,61.437,7658144.0
2023-12-05 20:00:00,61.437,61.7,60.22,61.061,3561902.0
2023-12-06 00:00:00,61.058,64.55,61.048,64.423,10662928.0
2023-12-06 04:00:00,64.424,64.733,62.611,63.427,6332690.0
2023-12-06 08:00:00,63.427,66.797,61.849,63.051,13833346.0
2023-12-06 12:00:00,63.051,63.756,62.401,62.672,5661713.0
2023-12-06 16:00:00,62.674,64.488,62.54,64.468,4453016.0
2023-12-06 20:00:00,64.467,64.666,61.456,61.878,5589769.0
2023-12-07 00:00:00,61.878,64.009,61.657,62.953,3648298.0
2023-12-07 04:00:00,62.953,63.883,62.863,63.385,2583217.0
2023-12-07 08:00:00,63.386,64.41,61.696,64.289,8739830.0
2023-12-07 12:00:00,64.288,66.311,63.65,65.917,9206327.0
2023-12-07 16:00:00,65.918,67.735,64.526,64.837,8712419.0
2023-12-07 20:00:00,64.837,69.546,64.687,67.806,9726330.0
2023-12-08 00:00:00,67.807,72.41,67.806,71.541,9162656.0
2023-12-08 04:00:00,71.541,73.0,70.877,71.435,8294470.0
2023-12-08 08:00:00,71.436,73.933,70.532,73.015,7356500.0
2023-12-08 12:00:00,73.015,74.5,71.716,72.071,8147318.0
2023-12-08 16:00:00,72.072,74.294,72.033,72.329,5899274.0
2023-12-08 20:00:00,72.329,75.46,72.303,74.98,5074564.0
2023-12-09 00:00:00,74.979,75.6,73.001,74.217,4354542.0
2023-12-09 04:00:00,74.217,77.879,73.661,76.984,6770559.0
2023-12-09 08:00:00,76.978,77.696,74.55,77.207,7980169.0
2023-12-09 12:00:00,77.206,77.575,75.07,75.612,5919201.0
2023-12-09 16:00:00,75.613,75.902,72.77,74.152,6017770.0
2023-12-09 20:00:00,74.151,74.447,71.472,72.368,4507444.0
2023-12-10 00:00:00,72.37,74.055,72.244,73.081,3193676.0
2023-12-10 04:00:00,73.081,73.699,71.7,72.524,3083481.0
2023-12-10 08:00:00,72.524,72.844,70.728,71.496,4896739.0
2023-12-10 12:00:00,71.497,74.695,71.411,73.767,5056795.0
2023-12-10 16:00:00,73.761,74.157,72.192,73.545,3571367.0
2023-12-10 20:00:00,73.546,74.961,73.375,74.907,3987859.0
2023-12-11 00:00:00,74.904,75.024,63.501,70.888,15065241.0
2023-12-11 04:00:00,70.888,71.22,67.934,68.522,6828101.0
2023-12-11 08:00:00,68.519,70.014,67.805,69.676,4652909.0
2023-12-11 12:00:00,69.67,69.863,66.936,69.272,7893399.0
2023-12-11 16:00:00,69.276,70.96,68.0,69.375,10410532.0
2023-12-11 20:00:00,69.376,70.687,67.765,70.286,5087519.0
2023-12-12 00:00:00,70.282,72.479,70.27,71.232,5196858.0
2023-12-12 04:00:00,71.232,71.82,69.622,71.791,3851105.0
2023-12-12 08:00:00,71.79,72.278,70.53,70.659,3482412.0
2023-12-12 12:00:00,70.66,71.855,68.267,68.514,7567725.0
2023-12-12 16:00:00,68.514,68.85,65.789,67.675,7814429.0
2023-12-12 20:00:00,67.675,69.14,66.922,68.644,3562296.0
2023-12-13 00:00:00,68.635,68.823,65.11,65.517,6138575.0
2023-12-13 04:00:00,65.518,66.289,63.64,64.924,5551740.0
2023-12-13 08:00:00,64.924,66.722,64.816,65.444,3419229.0
2023-12-13 12:00:00,65.445,68.208,65.154,67.581,4896876.0
2023-12-13 16:00:00,67.581,70.582,66.808,70.335,5466125.0
2023-12-13 20:00:00,70.334,72.666,70.08,70.668,6092363.0
2023-12-14 00:00:00,70.669,71.096,69.68,70.122,2965507.0
2023-12-14 04:00:00,70.13,71.946,69.728,71.573,3332535.0
2023-12-14 08:00:00,71.57,73.78,71.08,73.523,4533354.0
2023-12-14 12:00:00,73.527,73.858,67.0,71.66,9982975.0
2023-12-14 16:00:00,71.66,74.552,71.657,73.302,6660897.0
2023-12-14 20:00:00,73.296,76.315,72.691,75.751,5142196.0
2023-12-15 00:00:00,75.751,75.933,74.1,74.455,3605143.0
2023-12-15 04:00:00,74.458,77.167,74.39,76.663,5207970.0
2023-12-15 08:00:00,76.664,79.398,76.237,79.182,6287802.0
2023-12-15 12:00:00,79.182,79.679,75.254,76.097,8794211.0
2023-12-15 16:00:00,76.097,77.495,73.614,76.957,6982462.0
2023-12-15 20:00:00,76.956,77.273,72.166,72.552,4806115.0
2023-12-16 00:00:00,72.558,74.437,71.22,74.225,4873907.0
2023-12-16 04:00:00,74.224,74.6,73.663,74.392,1956790.0
2023-12-16 08:00:00,74.392,75.162,73.778,75.132,2400633.0
2023-12-16 12:00:00,75.133,77.24,74.892,77.174,4847633.0
2023-12-16 16:00:00,77.174,77.239,73.813,74.21,4194460.0
2023-12-16 20:00:00,74.211,74.628,72.801,73.737,3285598.0
2023-12-17 00:00:00,73.736,74.164,72.597,73.573,2742089.0
2023-12-17 04:00:00,73.573,74.335,72.045,72.388,3137838.0
2023-12-17 08:00:00,72.387,73.35,71.755,73.104,2756148.0
2023-12-17 12:00:00,73.1,73.338,71.389,72.716,4045782.0
2023-12-17 16:00:00,72.721,75.149,72.28,73.588,4807577.0
2023-12-17 20:00:00,73.589,74.238,70.551,70.902,3530826.0
2023-12-18 00:00:00,70.902,71.986,68.6,69.931,5194561.0
2023-12-18 04:00:00,69.929,70.218,68.69,68.957,3158443.0
2023-12-18 08:00:00,68.952,69.977,66.851,69.021,7063820.0
2023-12-18 12:00:00,69.021,71.857,68.247,70.76,6126155.0
2023-12-18 16:00:00,70.76,72.704,70.427,72.324,3611112.0
2023-12-18 20:00:00,72.321,75.515,71.643,74.429,5242103.0
2023-12-19 00:00:00,74.428,76.074,73.832,75.287,4045258.0
2023-12-19 04:00:00,75.287,76.384,75.016,75.728,3347105.0
2023-12-19 08:00:00,75.728,76.121,74.517,74.676,3426705.0
2023-12-19 12:00:00,74.676,75.189,72.85,73.727,4900850.0
2023-12-19 16:00:00,73.727,74.422,71.8,74.272,4726874.0
2023-12-19 20:00:00,74.276,75.5,72.303,73.04,4191635.0
2023-12-20 00:00:00,73.03,75.239,72.982,74.98,4416080.0
2023-12-20 04:00:00,74.98,76.283,74.347,76.12,4243158.0
2023-12-20 08:00:00,76.12,78.725,75.532,77.12,6587234.0
2023-12-20 12:00:00,77.121,81.388,76.389,80.756,8729862.0
2023-12-20 16:00:00,80.756,84.19,79.132,81.16,10656128.0
2023-12-20 20:00:00,81.16,82.498,79.3,82.243,7458900.0
2023-12-21 00:00:00,82.243,84.83,81.05,83.424,6634987.0
2023-12-21 04:00:00,83.417,87.2,83.06,86.835,5890784.0
2023-12-21 08:00:00,86.829,88.481,85.183,87.091,6556774.0
2023-12-21 12:00:00,87.09,88.89,85.615,87.56,7654905.0
2023-12-21 16:00:00,87.561,95.817,87.534,92.964,14324975.0
2023-12-21 20:00:00,92.964,95.623,91.316,93.927,5715341.0
2023-12-22 00:00:00,93.929,99.733,93.134,97.807,11381910.0
2023-12-22 04:00:00,97.808,99.5,92.4,93.929,9814570.0
2023-12-22 08:00:00,93.929,95.308,90.512,93.833,8449893.0
2023-12-22 12:00:00,93.833,96.848,92.064,96.335,6847819.0
2023-12-22 16:00:00,96.335,97.778,93.43,96.931,6942074.0
2023-12-22 20:00:00,96.935,98.5,95.816,97.962,3813722.0
2023-12-23 00:00:00,97.962,98.3,93.371,93.792,5698035.0
2023-12-23 04:00:00,93.793,96.6,92.88,95.448,3503556.0
2023-12-23 08:00:00,95.448,96.499,94.75,95.958,2877099.0
2023-12-23 12:00:00,95.957,97.645,95.301,96.83,3813093.0
2023-12-23 16:00:00,96.831,103.86,96.153,102.977,10844345.0
2023-12-23 20:00:00,102.978,110.388,101.581,107.965,10997482.0
2023-12-24 00:00:00,107.966,118.7,107.35,116.333,12940120.0
2023-12-24 04:00:00,116.328,118.36,110.33,114.565,10272954.0
2023-12-24 08:00:00,114.565,114.857,107.7,110.453,8976861.0
2023-12-24 12:00:00,110.453,114.5,109.136,113.625,6880950.0
2023-12-24 16:00:00,113.633,117.0,112.149,115.233,8058337.0
2023-12-24 20:00:00,115.23,115.592,109.558,112.571,8025691.0
2023-12-25 00:00:00,112.572,113.2,108.0,112.102,5801662.0
2023-12-25 04:00:00,112.111,114.579,111.629,113.029,3957085.0
2023-12-25 08:00:00,113.028,113.768,109.625,111.872,4573974.0
2023-12-25 12:00:00,111.857,124.378,110.406,123.176,14361014.0
2023-12-25 16:00:00,123.175,126.938,121.2,121.426,11203822.0
2023-12-25 20:00:00,121.427,121.846,116.568,120.942,8381638.0
2023-12-26 00:00:00,120.947,121.457,116.611,119.467,4695143.0
2023-12-26 04:00:00,119.466,120.8,110.77,113.414,10459499.0
2023-12-26 08:00:00,113.413,116.357,111.22,114.839,6082859.0
2023-12-26 12:00:00,114.853,117.249,110.44,110.708,7859953.0
2023-12-26 16:00:00,110.708,113.183,102.33,106.708,16497793.0
2023-12-26 20:00:00,106.706,113.212,106.24,112.543,6517022.0
2023-12-27 00:00:00,112.533,113.656,108.0,108.679,5992061.0
2023-12-27 04:00:00,108.673,112.839,108.514,111.515,4090302.0
2023-12-27 08:00:00,111.507,115.5,111.017,112.883,6166562.0
2023-12-27 12:00:00,112.883,113.367,106.4,107.99,10265221.0
2023-12-27 16:00:00,107.968,110.553,104.832,109.119,8729839.0
2023-12-27 20:00:00,109.112,111.139,106.514,107.095,4326950.0
2023-12-28 00:00:00,107.089,109.826,103.108,104.664,6119346.0
2023-12-28 04:00:00,104.666,106.622,102.297,105.984,6215781.0
2023-12-28 08:00:00,105.991,106.361,103.3,104.987,5255943.0
2023-12-28 12:00:00,105.0,105.247,97.32,99.802,15108564.0
2023-12-28 16:00:00,99.798,101.8,98.54,101.208,6561545.0
2023-12-28 20:00:00,101.206,104.047,98.774,101.913,5704983.0
2023-12-29 00:00:00,101.914,106.037,99.514,104.968,8258675.0
2023-12-29 04:00:00,104.969,108.738,104.199,105.252,6274880.0
2023-12-29 08:00:00,105.253,110.198,105.058,107.707,6627995.0
2023-12-29 12:00:00,107.702,109.977,104.449,106.064,7559791.0
2023-12-29 16:00:00,106.064,108.237,102.761,105.914,9082135.0
2023-12-29 20:00:00,105.916,106.429,102.727,106.225,3884688.0
2023-12-30 00:00:00,106.235,107.651,102.967,103.643,3487121.0
2023-12-30 04:00:00,103.64,104.986,103.202,103.552,2673186.0
2023-12-30 08:00:00,103.553,103.585,100.698,102.239,4520404.0
2023-12-30 12:00:00,102.245,104.5,102.167,104.334,4168007.0
2023-12-30 16:00:00,104.326,105.0,102.654,103.36,3325802.0
2023-12-30 20:00:00,103.36,104.402,101.268,101.971,2605943.0
2023-12-31 00:00:00,101.974,103.1,99.635,100.743,3191518.0
2023-12-31 04:00:00,100.734,105.0,100.532,104.069,3409096.0
2023-12-31 08:00:00,104.07,105.338,103.5,104.376,2645958.0
2023-12-31 12:00:00,104.364,105.3,102.168,102.576,3620205.0
2023-12-31 16:00:00,102.577,104.63,102.401,103.893,2142875.0
2023-12-31 20:00:00,103.892,105.2,99.791,101.778,3951099.0
