datetime,open,high,low,close,volume
2020-09-14 07:00:00,3.2002,4.91,3.2002,3.3666,426044.0
2020-09-14 08:00:00,3.3663,3.565,3.3,3.3298,754888.0
2020-09-14 09:00:00,3.3298,3.3567,3.2161,3.2755,361947.0
2020-09-14 10:00:00,3.2753,3.3873,3.25,3.3673,317777.0
2020-09-14 11:00:00,3.3686,3.46,3.32,3.3799,301402.0
2020-09-14 12:00:00,3.3748,3.49,3.3607,3.4677,219601.0
2020-09-14 13:00:00,3.4687,3.4898,3.377,3.4485,293807.0
2020-09-14 14:00:00,3.4501,3.4866,3.3026,3.3452,290974.0
2020-09-14 15:00:00,3.3452,3.4145,3.3301,3.3795,234340.0
2020-09-14 16:00:00,3.3803,3.4228,3.3431,3.3653,198375.0
2020-09-14 17:00:00,3.3648,3.3795,3.3056,3.3249,186089.0
2020-09-14 18:00:00,3.3247,3.3463,3.25,3.2824,202412.0
2020-09-14 19:00:00,3.2878,3.36,3.2224,3.3009,290472.0
2020-09-14 20:00:00,3.3012,3.3471,3.24,3.2522,193821.0
2020-09-14 21:00:00,3.2505,3.2847,3.244,3.2695,171710.0
2020-09-14 22:00:00,3.2694,3.3009,3.2555,3.2718,176172.0
2020-09-14 23:00:00,3.2718,3.3,3.2526,3.2661,168340.0
2020-09-15 00:00:00,3.2629,3.2965,3.244,3.2662,129941.0
2020-09-15 01:00:00,3.2668,3.3096,3.2566,3.2727,156221.0
2020-09-15 02:00:00,3.2726,3.3258,3.2577,3.296,171676.0
2020-09-15 03:00:00,3.2953,3.3035,3.2446,3.255,174153.0
2020-09-15 04:00:00,3.2563,3.2758,3.2444,3.2555,155386.0
2020-09-15 05:00:00,3.2555,3.271,3.2306,3.2572,173380.0
2020-09-15 06:00:00,3.2577,3.2577,3.1993,3.2337,173126.0
2020-09-15 07:00:00,3.2336,3.2527,3.1449,3.1807,223933.0
2020-09-15 08:00:00,3.1807,3.1911,3.125,3.1532,184093.0
2020-09-15 09:00:00,3.152,3.2376,3.126,3.221,183983.0
2020-09-15 10:00:00,3.2208,3.2468,3.1726,3.2386,163643.0
2020-09-15 11:00:00,3.2381,3.2398,3.1828,3.2371,160421.0
2020-09-15 12:00:00,3.2385,3.3149,3.2356,3.2914,206596.0
2020-09-15 13:00:00,3.2914,3.306,3.1969,3.2176,171355.0
2020-09-15 14:00:00,3.2186,3.23,2.96,3.0476,267500.0
2020-09-15 15:00:00,3.0474,3.1224,3.0237,3.0758,216968.0
2020-09-15 16:00:00,3.0761,3.1177,3.0597,3.1007,163662.0
2020-09-15 17:00:00,3.1007,3.1126,3.0666,3.1006,155553.0
2020-09-15 18:00:00,3.0999,3.1063,3.0456,3.0683,153994.0
2020-09-15 19:00:00,3.0691,3.0731,3.019,3.0389,165934.0
2020-09-15 20:00:00,3.0383,3.1192,3.021,3.0363,181120.0
2020-09-15 21:00:00,3.0356,3.0431,3.0035,3.0234,164894.0
2020-09-15 22:00:00,3.0233,3.0376,2.9523,2.9815,231347.0
2020-09-15 23:00:00,2.9808,2.9935,2.9001,2.9332,189426.0
2020-09-16 00:00:00,2.9299,2.9299,2.5011,2.5585,401330.0
2020-09-16 01:00:00,2.5573,2.7556,2.5573,2.7444,253687.0
2020-09-16 02:00:00,2.7442,2.7642,2.67,2.753,179451.0
2020-09-16 03:00:00,2.7548,2.7752,2.6677,2.6918,187005.0
2020-09-16 04:00:00,2.6915,2.7165,2.665,2.6805,174532.0
2020-09-16 05:00:00,2.6841,2.7615,2.645,2.65,206734.0
2020-09-16 06:00:00,2.65,2.718,2.6106,2.7096,228660.0
2020-09-16 07:00:00,2.7104,2.7527,2.6441,2.737,245350.0
2020-09-16 08:00:00,2.7431,2.7507,2.642,2.6738,220758.0
2020-09-16 09:00:00,2.6707,2.7146,2.6338,2.6666,193406.0
2020-09-16 10:00:00,2.6703,2.682,2.5627,2.5627,222096.0
2020-09-16 11:00:00,2.5627,2.6378,2.5102,2.587,298291.0
2020-09-16 12:00:00,2.5811,2.6186,2.5616,2.572,240989.0
2020-09-16 13:00:00,2.5723,2.5832,2.5414,2.5564,227938.0
2020-09-16 14:00:00,2.5525,2.5759,2.4316,2.455,344705.0
2020-09-16 15:00:00,2.455,2.5802,2.453,2.5341,388781.0
2020-09-16 16:00:00,2.5362,2.6654,2.5347,2.608,280157.0
2020-09-16 17:00:00,2.6089,2.6211,2.5094,2.5308,204872.0
2020-09-16 18:00:00,2.5312,2.5828,2.4901,2.5383,226080.0
2020-09-16 19:00:00,2.5381,2.5466,2.5101,2.5302,189846.0
2020-09-16 20:00:00,2.5239,2.5662,2.5115,2.5405,188322.0
2020-09-16 21:00:00,2.5411,2.5642,2.5285,2.553,177059.0
2020-09-16 22:00:00,2.5529,2.5655,2.5372,2.5468,181670.0
2020-09-16 23:00:00,2.5472,2.5739,2.4844,2.5395,236409.0
2020-09-17 00:00:00,2.54,2.6218,2.5134,2.6168,269546.0
2020-09-17 01:00:00,2.6114,2.7,2.605,2.625,292146.0
2020-09-17 02:00:00,2.6255,2.6345,2.5573,2.5818,212480.0
2020-09-17 03:00:00,2.5818,2.6231,2.4696,2.4836,281860.0
2020-09-17 04:00:00,2.4836,2.5195,2.4677,2.5027,225453.0
2020-09-17 05:00:00,2.5031,2.587,2.4983,2.5663,215171.0
2020-09-17 06:00:00,2.5666,2.6025,2.4974,2.5052,245407.0
2020-09-17 07:00:00,2.5052,2.5396,2.4933,2.5296,193595.0
2020-09-17 08:00:00,2.5296,2.5794,2.45,2.4533,271282.0
2020-09-17 09:00:00,2.452,2.5053,2.3912,2.4895,345682.0
2020-09-17 10:00:00,2.4895,2.5461,2.3569,2.4861,419270.0
2020-09-17 11:00:00,2.4874,2.553,2.4725,2.5396,210357.0
2020-09-17 12:00:00,2.5395,2.5601,2.5056,2.5246,199231.0
2020-09-17 13:00:00,2.5247,2.6855,2.5209,2.5694,488445.0
2020-09-17 14:00:00,2.5694,2.62,2.5342,2.5765,260158.0
2020-09-17 15:00:00,2.5741,2.63,2.5741,2.6094,215092.0
2020-09-17 16:00:00,2.61,2.6806,2.6004,2.6642,255685.0
2020-09-17 17:00:00,2.6636,2.7728,2.6458,2.724,319273.0
2020-09-17 18:00:00,2.7226,2.7424,2.6868,2.7405,216726.0
2020-09-17 19:00:00,2.7418,2.7813,2.7282,2.7698,183313.0
2020-09-17 20:00:00,2.7688,2.8074,2.727,2.8029,239592.0
2020-09-17 21:00:00,2.8074,2.936,2.8074,2.9239,371610.0
2020-09-17 22:00:00,2.9248,2.9313,2.7798,2.808,285131.0
2020-09-17 23:00:00,2.8089,2.9268,2.8089,2.8855,282833.0
2020-09-18 00:00:00,2.8821,2.9604,2.8126,2.8235,294788.0
2020-09-18 01:00:00,2.8237,2.8352,2.724,2.761,293355.0
2020-09-18 02:00:00,2.7615,2.8621,2.7498,2.831,228869.0
2020-09-18 03:00:00,2.8319,2.8988,2.8222,2.8813,205614.0
2020-09-18 04:00:00,2.8825,2.8856,2.7942,2.838,210994.0
2020-09-18 05:00:00,2.8381,2.897,2.8233,2.8853,201102.0
2020-09-18 06:00:00,2.887,2.9972,2.8621,2.9645,300338.0
2020-09-18 07:00:00,2.9643,2.9733,2.9264,2.951,224735.0
2020-09-18 08:00:00,2.9519,2.9718,2.911,2.9562,202355.0
2020-09-18 09:00:00,2.9579,2.995,2.908,2.9887,233163.0
2020-09-18 10:00:00,2.9889,3.11,2.982,3.0331,442658.0
2020-09-18 11:00:00,3.0321,3.15,3.0213,3.0668,301454.0
2020-09-18 12:00:00,3.0668,3.13,3.0645,3.0824,253796.0
2020-09-18 13:00:00,3.0824,3.1331,3.0186,3.0242,267144.0
2020-09-18 14:00:00,3.024,3.0622,2.9462,3.031,374030.0
2020-09-18 15:00:00,3.0325,3.0325,2.7989,2.8959,448869.0
2020-09-18 16:00:00,2.9047,2.9973,2.8343,2.9306,265373.0
2020-09-18 17:00:00,2.93,2.9682,2.8212,2.8417,248454.0
2020-09-18 18:00:00,2.8429,2.9287,2.8004,2.9273,237259.0
2020-09-18 19:00:00,2.9272,3.1217,2.9099,3.1152,236529.0
2020-09-18 20:00:00,3.1161,3.1337,3.0242,3.0922,251788.0
2020-09-18 21:00:00,3.0922,3.1414,3.0724,3.1355,198847.0
2020-09-18 22:00:00,3.1406,3.1438,3.0763,3.1293,187653.0
2020-09-18 23:00:00,3.1292,3.13,3.0276,3.108,201629.0
2020-09-19 00:00:00,3.108,3.1107,3.0647,3.0919,165465.0
2020-09-19 01:00:00,3.0915,3.2431,3.082,3.1804,369529.0
2020-09-19 02:00:00,3.1809,3.2509,3.135,3.1682,263596.0
2020-09-19 03:00:00,3.168,3.1759,3.0712,3.1087,206535.0
2020-09-19 04:00:00,3.1088,3.134,3.0622,3.1053,199491.0
2020-09-19 05:00:00,3.1054,3.1213,3.065,3.1103,169105.0
2020-09-19 06:00:00,3.1053,3.1524,3.0722,3.1111,241983.0
2020-09-19 07:00:00,3.1113,3.1621,3.0767,3.0778,240496.0
2020-09-19 08:00:00,3.078,3.1365,3.0267,3.0779,242645.0
2020-09-19 09:00:00,3.0782,3.1116,3.0505,3.051,168331.0
2020-09-19 10:00:00,3.0526,3.0551,2.955,3.0038,259726.0
2020-09-19 11:00:00,3.0039,3.0438,2.9956,3.0428,207814.0
2020-09-19 12:00:00,3.0424,3.0518,2.9865,3.0024,180836.0
2020-09-19 13:00:00,3.0028,3.05,2.9846,3.0465,184433.0
2020-09-19 14:00:00,3.0467,3.1536,2.9936,3.0006,294327.0
2020-09-19 15:00:00,3.0005,3.0305,2.9902,3.012,170014.0
2020-09-19 16:00:00,3.012,3.1064,3.0035,3.0348,231745.0
2020-09-19 17:00:00,3.0343,3.1441,3.0309,3.1203,186628.0
2020-09-19 18:00:00,3.1208,3.1326,2.9942,3.0503,217216.0
2020-09-19 19:00:00,3.0508,3.0573,3.0104,3.0151,170438.0
2020-09-19 20:00:00,3.0147,3.073,3.0138,3.0482,163151.0
2020-09-19 21:00:00,3.05,3.054,3.0175,3.0441,160414.0
2020-09-19 22:00:00,3.0442,3.0462,2.9616,3.0002,172609.0
2020-09-19 23:00:00,3.0005,3.0228,2.984,3.0193,137887.0
2020-09-20 00:00:00,3.0159,3.0173,2.9837,3.0019,122744.0
2020-09-20 01:00:00,3.0009,3.0035,2.8593,2.8838,246401.0
2020-09-20 02:00:00,2.8837,2.9271,2.8473,2.8904,180160.0
2020-09-20 03:00:00,2.89,2.945,2.8754,2.9114,178344.0
2020-09-20 04:00:00,2.9122,2.9345,2.8886,2.9266,164014.0
2020-09-20 05:00:00,2.9265,2.9274,2.9046,2.9117,150860.0
2020-09-20 06:00:00,2.913,2.955,2.9006,2.9455,159184.0
2020-09-20 07:00:00,2.9447,2.966,2.934,2.9473,164905.0
2020-09-20 08:00:00,2.9478,2.966,2.9386,2.9395,145003.0
2020-09-20 09:00:00,2.9398,2.9799,2.91,2.9771,185081.0
2020-09-20 10:00:00,2.9767,2.98,2.9429,2.9687,173294.0
2020-09-20 11:00:00,2.9688,2.975,2.9442,2.9616,156082.0
2020-09-20 12:00:00,2.9626,2.9678,2.8651,2.8736,207617.0
2020-09-20 13:00:00,2.8731,2.8753,2.7526,2.8561,280158.0
2020-09-20 14:00:00,2.8563,2.8563,2.7981,2.8008,174313.0
2020-09-20 15:00:00,2.801,2.87,2.7809,2.8076,212329.0
2020-09-20 16:00:00,2.807,2.8165,2.6876,2.81,273702.0
2020-09-20 17:00:00,2.8085,2.8386,2.8018,2.83,160664.0
2020-09-20 18:00:00,2.8305,2.8328,2.7639,2.8033,169368.0
2020-09-20 19:00:00,2.8041,2.8296,2.7772,2.7796,176893.0
2020-09-20 20:00:00,2.7795,2.787,2.7309,2.7337,168067.0
2020-09-20 21:00:00,2.731,2.77,2.6972,2.7607,188364.0
2020-09-20 22:00:00,2.7606,2.8039,2.76,2.7971,186880.0
2020-09-20 23:00:00,2.7979,2.8907,2.794,2.8635,206356.0
2020-09-21 00:00:00,2.8567,2.925,2.8242,2.9088,199044.0
2020-09-21 01:00:00,2.9065,2.9742,2.9022,2.9222,243410.0
2020-09-21 02:00:00,2.9207,2.95,2.9019,2.9247,173247.0
2020-09-21 03:00:00,2.925,3.0197,2.9052,2.9924,271541.0
2020-09-21 04:00:00,2.9912,3.03,2.9071,2.9141,313431.0
2020-09-21 05:00:00,2.9143,2.9379,2.8806,2.9331,190319.0
2020-09-21 06:00:00,2.9329,2.9543,2.8618,2.8655,180979.0
2020-09-21 07:00:00,2.867,2.8929,2.7235,2.7265,254792.0
2020-09-21 08:00:00,2.7265,2.7653,2.5961,2.6732,404242.0
2020-09-21 09:00:00,2.6704,2.6704,2.4896,2.5,393422.0
2020-09-21 10:00:00,2.504,2.6471,2.4576,2.6157,401928.0
2020-09-21 11:00:00,2.6166,2.6415,2.5283,2.6142,300754.0
2020-09-21 12:00:00,2.615,2.6705,2.5,2.6685,316733.0
2020-09-21 13:00:00,2.67,2.7034,2.6283,2.6961,283239.0
2020-09-21 14:00:00,2.6936,2.7324,2.5209,2.6302,466939.0
2020-09-21 15:00:00,2.6296,2.7022,2.5831,2.6825,250201.0
2020-09-21 16:00:00,2.682,2.7139,2.6473,2.6834,188161.0
2020-09-21 17:00:00,2.6837,2.7248,2.6667,2.7116,182010.0
2020-09-21 18:00:00,2.7117,2.7781,2.7105,2.7739,192748.0
2020-09-21 19:00:00,2.7745,2.84,2.7745,2.8332,251647.0
2020-09-21 20:00:00,2.8339,2.8618,2.7957,2.8097,201486.0
2020-09-21 21:00:00,2.8097,2.8801,2.8002,2.8113,244265.0
2020-09-21 22:00:00,2.8113,2.8388,2.741,2.7937,213028.0
2020-09-21 23:00:00,2.7934,2.8155,2.7511,2.7539,182138.0
2020-09-22 00:00:00,2.7544,2.9,2.7184,2.8369,333396.0
2020-09-22 01:00:00,2.8371,2.8514,2.796,2.8373,174691.0
2020-09-22 02:00:00,2.8359,2.95,2.8342,2.95,221631.0
2020-09-22 03:00:00,2.9499,2.964,2.8819,2.8965,298523.0
2020-09-22 04:00:00,2.8963,2.9813,2.8835,2.8941,378169.0
2020-09-22 05:00:00,2.895,2.9403,2.8168,2.9012,433860.0
2020-09-22 06:00:00,2.8998,2.9377,2.77,2.7998,414726.0
2020-09-22 07:00:00,2.7919,2.82,2.6094,2.6677,411475.0
2020-09-22 08:00:00,2.6677,2.885,2.6675,2.7689,766725.0
2020-09-22 09:00:00,2.7632,2.7869,2.7172,2.7767,286627.0
2020-09-22 10:00:00,2.7826,2.8061,2.753,2.7909,238133.0
2020-09-22 11:00:00,2.7907,2.8777,2.74,2.8096,353902.0
2020-09-22 12:00:00,2.8095,2.89,2.7812,2.8625,325378.0
2020-09-22 13:00:00,2.8628,2.9287,2.8307,2.9037,460455.0
2020-09-22 14:00:00,2.903,3.01,2.8121,2.837,917460.0
2020-09-22 15:00:00,2.8369,2.9067,2.82,2.8967,482942.0
2020-09-22 16:00:00,2.8973,2.9987,2.8953,2.9397,443130.0
2020-09-22 17:00:00,2.9376,2.9935,2.8858,2.9384,468493.0
2020-09-22 18:00:00,2.9387,2.953,2.9254,2.9311,237204.0
2020-09-22 19:00:00,2.9316,2.96,2.9179,2.9517,219068.0
2020-09-22 20:00:00,2.9516,2.9765,2.9,2.9467,255343.0
2020-09-22 21:00:00,2.9476,2.9831,2.8661,2.9653,238380.0
2020-09-22 22:00:00,2.965,2.9877,2.8888,2.8953,315300.0
2020-09-22 23:00:00,2.8956,2.9513,2.8887,2.9183,267895.0
2020-09-23 00:00:00,2.9196,3.0935,2.9196,3.0682,718195.0
2020-09-23 01:00:00,3.065,3.0661,3.0005,3.0291,235234.0
2020-09-23 02:00:00,3.0287,3.0366,2.8276,2.9795,618545.0
2020-09-23 03:00:00,2.9794,2.9878,2.832,2.841,360945.0
2020-09-23 04:00:00,2.8406,2.8636,2.7491,2.8009,466823.0
2020-09-23 05:00:00,2.801,2.9121,2.7696,2.8708,263984.0
2020-09-23 06:00:00,2.8709,2.8709,2.8075,2.8355,198882.0
2020-09-23 07:00:00,2.8359,2.8967,2.7387,2.7804,428434.0
2020-09-23 08:00:00,2.7801,2.8272,2.7205,2.818,368724.0
2020-09-23 09:00:00,2.8187,2.8872,2.8112,2.8654,234787.0
2020-09-23 10:00:00,2.8658,2.9205,2.8488,2.9089,240232.0
2020-09-23 11:00:00,2.9087,2.9527,2.9015,2.9298,237045.0
2020-09-23 12:00:00,2.9301,3.0,2.9016,2.9601,246556.0
2020-09-23 13:00:00,2.9598,2.9783,2.9321,2.9389,202481.0
2020-09-23 14:00:00,2.9389,2.9428,2.8569,2.8698,276582.0
2020-09-23 15:00:00,2.8699,2.9353,2.8697,2.9083,220880.0
2020-09-23 16:00:00,2.9069,2.9691,2.8907,2.9625,199833.0
2020-09-23 17:00:00,2.9628,3.0162,2.9267,2.9345,300675.0
2020-09-23 18:00:00,2.9345,2.961,2.8891,2.8938,222305.0
2020-09-23 19:00:00,2.8926,2.9114,2.7615,2.7881,357481.0
2020-09-23 20:00:00,2.7923,2.8353,2.6863,2.7921,295850.0
2020-09-23 21:00:00,2.7921,2.8458,2.7743,2.8057,207141.0
2020-09-23 22:00:00,2.8058,2.8414,2.7781,2.8399,195216.0
2020-09-23 23:00:00,2.8368,2.8519,2.803,2.8313,194951.0
2020-09-24 00:00:00,2.835,2.8965,2.7607,2.89,255271.0
2020-09-24 01:00:00,2.8959,2.9393,2.8758,2.9037,286628.0
2020-09-24 02:00:00,2.9013,2.9545,2.8874,2.8934,213462.0
2020-09-24 03:00:00,2.893,2.9867,2.893,2.9525,255323.0
2020-09-24 04:00:00,2.9524,2.9831,2.8809,2.8952,267093.0
2020-09-24 05:00:00,2.8951,2.9416,2.8933,2.9209,195722.0
2020-09-24 06:00:00,2.921,2.9524,2.9172,2.9395,191533.0
2020-09-24 07:00:00,2.9393,3.0547,2.939,3.0398,381638.0
2020-09-24 08:00:00,3.0355,3.044,2.96,2.9971,263975.0
2020-09-24 09:00:00,2.9972,3.0203,2.9099,2.9929,314081.0
2020-09-24 10:00:00,2.9918,3.0157,2.9525,2.9991,291618.0
2020-09-24 11:00:00,2.9963,3.0288,2.98,3.0094,253863.0
2020-09-24 12:00:00,3.0098,3.0168,2.9431,2.9537,239010.0
2020-09-24 13:00:00,2.9537,2.972,2.8885,2.9411,231611.0
2020-09-24 14:00:00,2.9411,2.9697,2.9275,2.9695,208471.0
2020-09-24 15:00:00,2.9645,3.0281,2.957,3.0222,225984.0
2020-09-24 16:00:00,3.0226,3.1459,3.0142,3.1374,419765.0
2020-09-24 17:00:00,3.1374,3.2357,3.1178,3.1654,443733.0
2020-09-24 18:00:00,3.1664,3.194,3.1321,3.1545,222746.0
2020-09-24 19:00:00,3.1589,3.1746,3.1137,3.1681,226415.0
2020-09-24 20:00:00,3.1655,3.2538,3.1409,3.1537,350868.0
2020-09-24 21:00:00,3.1538,3.1789,3.1167,3.1282,205859.0
2020-09-24 22:00:00,3.1271,3.2112,3.1233,3.1491,287073.0
2020-09-24 23:00:00,3.1516,3.1772,3.0424,3.1392,332869.0
2020-09-25 00:00:00,3.1314,3.1819,3.1156,3.1467,174758.0
2020-09-25 01:00:00,3.1436,3.176,3.0658,3.0658,194957.0
2020-09-25 02:00:00,3.0701,3.0981,3.0044,3.0137,315559.0
2020-09-25 03:00:00,3.0145,3.065,3.0055,3.0089,284073.0
2020-09-25 04:00:00,3.0088,3.0479,3.0014,3.0368,168673.0
2020-09-25 05:00:00,3.037,3.045,2.9925,3.0076,225813.0
2020-09-25 06:00:00,3.0074,3.0146,2.9379,2.9963,312266.0
2020-09-25 07:00:00,2.9958,3.0066,2.9854,2.9968,200394.0
2020-09-25 08:00:00,2.9972,2.9978,2.9238,2.9416,252336.0
2020-09-25 09:00:00,2.9425,2.9639,2.898,2.9164,256151.0
2020-09-25 10:00:00,2.9167,3.047,2.9099,3.001,329006.0
2020-09-25 11:00:00,3.0014,3.0469,2.9608,3.0239,318708.0
2020-09-25 12:00:00,3.028,3.0811,3.02,3.0751,331354.0
2020-09-25 13:00:00,3.0746,3.1,3.0153,3.0398,267371.0
2020-09-25 14:00:00,3.0394,3.099,2.9695,3.0861,304439.0
2020-09-25 15:00:00,3.0888,3.1442,3.0623,3.1319,277944.0
2020-09-25 16:00:00,3.129,3.1741,3.1146,3.1402,249552.0
2020-09-25 17:00:00,3.14,3.1707,3.1122,3.1519,212508.0
2020-09-25 18:00:00,3.1518,3.175,3.1404,3.1661,179599.0
2020-09-25 19:00:00,3.1657,3.2368,3.1657,3.2128,198282.0
2020-09-25 20:00:00,3.2126,3.2698,3.1968,3.2022,255786.0
2020-09-25 21:00:00,3.2028,3.237,3.1633,3.2351,207229.0
2020-09-25 22:00:00,3.2352,3.2388,3.1709,3.1825,201879.0
2020-09-25 23:00:00,3.1852,3.2266,3.1659,3.1821,207107.0
2020-09-26 00:00:00,3.1871,3.2091,3.0971,3.1041,246866.0
2020-09-26 01:00:00,3.1027,3.1312,3.084,3.0952,217012.0
2020-09-26 02:00:00,3.0954,3.1123,3.067,3.0994,216023.0
2020-09-26 03:00:00,3.0993,3.1609,3.0963,3.1178,240996.0
2020-09-26 04:00:00,3.1179,3.1696,3.1038,3.1567,202088.0
2020-09-26 05:00:00,3.1529,3.249,3.1509,3.1632,246189.0
2020-09-26 06:00:00,3.1628,3.2138,3.1553,3.175,220215.0
2020-09-26 07:00:00,3.1766,3.1806,3.1174,3.1268,192309.0
2020-09-26 08:00:00,3.1267,3.1445,3.1162,3.1266,156682.0
2020-09-26 09:00:00,3.1267,3.1542,3.1224,3.1462,148126.0
2020-09-26 10:00:00,3.1459,3.1463,3.0688,3.1142,215887.0
2020-09-26 11:00:00,3.1154,3.1437,3.1077,3.1426,156123.0
2020-09-26 12:00:00,3.1415,3.1419,3.0755,3.078,205424.0
2020-09-26 13:00:00,3.079,3.079,3.0252,3.0362,274170.0
2020-09-26 14:00:00,3.0347,3.1222,3.017,3.1046,223575.0
2020-09-26 15:00:00,3.105,3.1562,3.0946,3.1318,198968.0
2020-09-26 16:00:00,3.1326,3.1487,3.0916,3.1406,207210.0
2020-09-26 17:00:00,3.1401,3.1465,3.0945,3.1187,211621.0
2020-09-26 18:00:00,3.12,3.1395,3.0628,3.0692,242805.0
2020-09-26 19:00:00,3.0695,3.0778,3.0248,3.0644,221543.0
2020-09-26 20:00:00,3.0644,3.0759,3.046,3.0609,180486.0
2020-09-26 21:00:00,3.0609,3.1126,3.0579,3.0767,216578.0
2020-09-26 22:00:00,3.0762,3.1152,3.0519,3.1102,221489.0
2020-09-26 23:00:00,3.1093,3.1373,3.1065,3.1262,171423.0
2020-09-27 00:00:00,3.1275,3.184,3.1207,3.1563,158037.0
2020-09-27 01:00:00,3.1563,3.1728,3.1305,3.1368,163750.0
2020-09-27 02:00:00,3.1339,3.1412,3.1213,3.1298,181436.0
2020-09-27 03:00:00,3.1296,3.143,3.1219,3.1314,160316.0
2020-09-27 04:00:00,3.1321,3.1495,3.1261,3.1446,147274.0
2020-09-27 05:00:00,3.1443,3.1482,3.1261,3.1402,151824.0
2020-09-27 06:00:00,3.1419,3.1439,3.0282,3.0602,295625.0
2020-09-27 07:00:00,3.0604,3.0827,3.0515,3.0633,204447.0
2020-09-27 08:00:00,3.0636,3.0636,2.977,3.0459,308715.0
2020-09-27 09:00:00,3.0456,3.0456,3.0,3.0063,183173.0
2020-09-27 10:00:00,3.0079,3.0636,3.0037,3.0468,191973.0
2020-09-27 11:00:00,3.0461,3.052,3.0389,3.0446,89519.0
2020-09-27 12:00:00,3.0444,3.0811,3.0245,3.0786,179382.0
2020-09-27 13:00:00,3.0805,3.1086,3.071,3.0914,142973.0
2020-09-27 14:00:00,3.0916,3.1003,3.072,3.0864,157552.0
2020-09-27 15:00:00,3.0862,3.146,3.0632,3.133,194975.0
2020-09-27 16:00:00,3.133,3.1452,3.109,3.1292,231134.0
2020-09-27 17:00:00,3.1286,3.1314,3.114,3.1234,182873.0
2020-09-27 18:00:00,3.1241,3.1663,3.1124,3.1224,233473.0
2020-09-27 19:00:00,3.1221,3.1471,3.0962,3.1269,228960.0
2020-09-27 20:00:00,3.1266,3.1334,3.1122,3.1239,198180.0
2020-09-27 21:00:00,3.1234,3.1269,3.084,3.1029,193734.0
2020-09-27 22:00:00,3.1027,3.1775,3.1027,3.1601,257220.0
2020-09-27 23:00:00,3.1608,3.1883,3.1442,3.1617,247594.0
2020-09-28 00:00:00,3.1596,3.2105,3.1316,3.1581,271564.0
2020-09-28 01:00:00,3.1598,3.1876,3.1516,3.1826,190581.0
2020-09-28 02:00:00,3.1863,3.2116,3.1507,3.1532,241335.0
2020-09-28 03:00:00,3.1532,3.1542,3.0965,3.1092,226394.0
2020-09-28 04:00:00,3.1099,3.1206,3.1006,3.1135,157536.0
2020-09-28 05:00:00,3.1137,3.1295,3.1,3.1064,152399.0
2020-09-28 06:00:00,3.105,3.112,3.0402,3.0437,253228.0
2020-09-28 07:00:00,3.0436,3.0775,3.0219,3.0638,211595.0
2020-09-28 08:00:00,3.0638,3.0879,3.0517,3.0699,188163.0
2020-09-28 09:00:00,3.0698,3.0818,3.0427,3.0509,177148.0
2020-09-28 10:00:00,3.0508,3.0615,3.0346,3.0546,171813.0
2020-09-28 11:00:00,3.0543,3.0708,3.025,3.039,178817.0
2020-09-28 12:00:00,3.0389,3.0822,3.01,3.0546,216401.0
2020-09-28 13:00:00,3.0591,3.0676,3.0307,3.041,222680.0
2020-09-28 14:00:00,3.0409,3.0663,3.0379,3.0528,154212.0
2020-09-28 15:00:00,3.0529,3.0813,3.0483,3.0795,171329.0
2020-09-28 16:00:00,3.0796,3.0876,3.0632,3.0706,161416.0
2020-09-28 17:00:00,3.0706,3.0759,3.0246,3.0442,203099.0
2020-09-28 18:00:00,3.0435,3.047,3.0137,3.04,218603.0
2020-09-28 19:00:00,3.0404,3.0414,2.9875,3.006,215223.0
2020-09-28 20:00:00,3.0084,3.0161,3.0021,3.0067,170940.0
2020-09-28 21:00:00,3.0067,3.0086,2.9617,2.9845,197389.0
2020-09-28 22:00:00,2.9847,2.9962,2.95,2.9606,219778.0
2020-09-28 23:00:00,2.957,2.9683,2.8909,2.9564,383043.0
2020-09-29 00:00:00,2.956,3.0156,2.9382,2.9983,184619.0
2020-09-29 01:00:00,2.9981,3.0083,2.9168,2.9216,213358.0
2020-09-29 02:00:00,2.9213,2.941,2.9115,2.9188,180179.0
2020-09-29 03:00:00,2.9189,2.9471,2.9141,2.9371,146016.0
2020-09-29 04:00:00,2.9371,2.9528,2.9357,2.9407,145903.0
2020-09-29 05:00:00,2.9407,2.9447,2.9209,2.9218,149370.0
2020-09-29 06:00:00,2.9221,2.9928,2.9114,2.9874,178337.0
2020-09-29 07:00:00,2.9877,3.0072,2.9785,2.9878,187159.0
2020-09-29 08:00:00,2.9881,2.9946,2.9367,2.9559,174134.0
2020-09-29 09:00:00,2.9552,2.9945,2.9491,2.9768,221592.0
2020-09-29 10:00:00,2.9764,3.0069,2.9744,2.9954,154502.0
2020-09-29 11:00:00,2.9955,3.0038,2.9881,2.9908,155895.0
2020-09-29 12:00:00,2.9935,2.9988,2.9669,2.9837,181430.0
2020-09-29 13:00:00,2.9837,2.9979,2.9426,2.986,214735.0
2020-09-29 14:00:00,2.9861,3.02,2.9861,3.0062,186635.0
2020-09-29 15:00:00,3.0061,3.0207,2.9848,2.9856,159836.0
2020-09-29 16:00:00,2.9855,2.9883,2.9082,2.9223,258449.0
2020-09-29 17:00:00,2.9223,2.9589,2.9017,2.9466,204652.0
2020-09-29 18:00:00,2.9467,2.966,2.943,2.9523,177027.0
2020-09-29 19:00:00,2.9527,2.9645,2.874,2.8933,262465.0
2020-09-29 20:00:00,2.8931,2.9263,2.8931,2.9231,187837.0
2020-09-29 21:00:00,2.9228,2.9247,2.9021,2.9172,140220.0
2020-09-29 22:00:00,2.9174,2.9359,2.9126,2.9359,173132.0
2020-09-29 23:00:00,2.9358,2.97,2.934,2.9517,193452.0
2020-09-30 00:00:00,2.95,2.9533,2.9168,2.9224,143362.0
2020-09-30 01:00:00,2.9226,2.9301,2.8981,2.9263,187930.0
2020-09-30 02:00:00,2.9253,2.968,2.913,2.9656,190279.0
2020-09-30 03:00:00,2.9669,2.9677,2.9424,2.9512,155542.0
2020-09-30 04:00:00,2.9528,2.9777,2.9282,2.9772,168708.0
2020-09-30 05:00:00,2.977,2.989,2.9347,2.9347,174714.0
2020-09-30 06:00:00,2.9364,2.9601,2.9301,2.938,155610.0
2020-09-30 07:00:00,2.9393,2.9597,2.9194,2.9233,146868.0
2020-09-30 08:00:00,2.924,2.9288,2.9029,2.9102,159608.0
2020-09-30 09:00:00,2.9103,2.9159,2.8834,2.9101,188269.0
2020-09-30 10:00:00,2.9101,2.9264,2.9045,2.9145,148283.0
2020-09-30 11:00:00,2.9144,2.9149,2.8487,2.8505,184835.0
2020-09-30 12:00:00,2.8487,2.8721,2.8285,2.862,177881.0
2020-09-30 13:00:00,2.862,2.8851,2.8603,2.8828,148170.0
2020-09-30 14:00:00,2.8826,2.9043,2.8695,2.8733,169488.0
2020-09-30 15:00:00,2.873,2.8945,2.8679,2.8911,161126.0
2020-09-30 16:00:00,2.891,2.9109,2.8779,2.9021,169437.0
2020-09-30 17:00:00,2.9028,2.9138,2.8683,2.873,167041.0
2020-09-30 18:00:00,2.8728,2.8775,2.834,2.8525,191558.0
2020-09-30 19:00:00,2.8524,2.8549,2.835,2.8501,158231.0
2020-09-30 20:00:00,2.8499,2.8558,2.837,2.8527,148269.0
2020-09-30 21:00:00,2.8525,2.8655,2.8523,2.8628,151694.0
2020-09-30 22:00:00,2.863,2.8945,2.8618,2.8934,147448.0
2020-09-30 23:00:00,2.8934,2.9014,2.8881,2.9004,157482.0
2020-10-01 00:00:00,2.9008,2.9189,2.8943,2.9178,150768.0
2020-10-01 01:00:00,2.9169,2.9403,2.9169,2.9364,166595.0
2020-10-01 02:00:00,2.9367,2.9478,2.9266,2.9314,161236.0
2020-10-01 03:00:00,2.9319,2.9386,2.9096,2.9226,177440.0
2020-10-01 04:00:00,2.9225,2.9437,2.9223,2.9358,157250.0
2020-10-01 05:00:00,2.9357,2.98,2.9336,2.9745,172256.0
2020-10-01 06:00:00,2.9744,2.9888,2.9661,2.9722,167663.0
2020-10-01 07:00:00,2.9737,2.9782,2.9615,2.9709,158751.0
2020-10-01 08:00:00,2.971,2.9968,2.957,2.9752,187172.0
2020-10-01 09:00:00,2.9752,2.9929,2.9743,2.9906,171405.0
2020-10-01 10:00:00,2.9899,2.9942,2.9743,2.9794,160793.0
2020-10-01 11:00:00,2.9793,2.9833,2.9401,2.958,202269.0
2020-10-01 12:00:00,2.9577,2.959,2.9401,2.9556,162603.0
2020-10-01 13:00:00,2.9559,2.9559,2.9293,2.936,163810.0
2020-10-01 14:00:00,2.9338,2.9381,2.8943,2.9183,191547.0
2020-10-01 15:00:00,2.9181,2.9242,2.8449,2.8538,236408.0
2020-10-01 16:00:00,2.8551,2.8551,2.7,2.7294,523408.0
2020-10-01 17:00:00,2.7293,2.7421,2.679,2.6808,263095.0
2020-10-01 18:00:00,2.6798,2.7607,2.6546,2.741,297047.0
2020-10-01 19:00:00,2.7399,2.7779,2.7374,2.7625,228607.0
2020-10-01 20:00:00,2.762,2.7692,2.7365,2.7627,174290.0
2020-10-01 21:00:00,2.763,2.8217,2.7626,2.8043,184599.0
2020-10-01 22:00:00,2.8043,2.8537,2.7956,2.8484,205157.0
2020-10-01 23:00:00,2.8485,2.8765,2.838,2.8701,188516.0
2020-10-02 00:00:00,2.8694,2.8694,2.8337,2.8402,132687.0
2020-10-02 01:00:00,2.8402,2.8851,2.8165,2.8214,191300.0
2020-10-02 02:00:00,2.8223,2.8615,2.8218,2.8364,174314.0
2020-10-02 03:00:00,2.8365,2.8672,2.8356,2.8672,156956.0
2020-10-02 04:00:00,2.8672,2.8768,2.8394,2.8424,157699.0
2020-10-02 05:00:00,2.8424,2.8424,2.6559,2.6722,429924.0
2020-10-02 06:00:00,2.6716,2.6949,2.6364,2.6585,281512.0
2020-10-02 07:00:00,2.6571,2.6816,2.6527,2.6662,209844.0
2020-10-02 08:00:00,2.6661,2.6747,2.5991,2.6182,252327.0
2020-10-02 09:00:00,2.6188,2.6344,2.5132,2.5166,317635.0
2020-10-02 10:00:00,2.5166,2.5249,2.4224,2.5088,430522.0
2020-10-02 11:00:00,2.509,2.5341,2.4672,2.4777,246084.0
2020-10-02 12:00:00,2.4797,2.5321,2.4724,2.5238,218642.0
2020-10-02 13:00:00,2.5306,2.5574,2.4513,2.5481,277770.0
2020-10-02 14:00:00,2.5483,2.6598,2.5482,2.6355,371836.0
2020-10-02 15:00:00,2.636,2.6447,2.605,2.6118,192538.0
2020-10-02 16:00:00,2.6117,2.665,2.5852,2.6623,236059.0
2020-10-02 17:00:00,2.663,2.6688,2.647,2.6622,177303.0
2020-10-02 18:00:00,2.6613,2.674,2.6283,2.6561,190794.0
2020-10-02 19:00:00,2.6564,2.6564,2.6063,2.6088,169174.0
2020-10-02 20:00:00,2.6095,2.64,2.6052,2.64,174443.0
2020-10-02 21:00:00,2.6396,2.6574,2.5527,2.5733,245104.0
2020-10-02 22:00:00,2.5734,2.634,2.572,2.6044,182841.0
2020-10-02 23:00:00,2.6042,2.6352,2.6042,2.6236,165549.0
2020-10-03 00:00:00,2.6271,2.6316,2.6064,2.6181,141857.0
2020-10-03 01:00:00,2.6198,2.6402,2.6148,2.6315,174270.0
2020-10-03 02:00:00,2.6316,2.6442,2.6135,2.6332,166575.0
2020-10-03 03:00:00,2.633,2.6492,2.6233,2.6413,168384.0
2020-10-03 04:00:00,2.64,2.6495,2.6278,2.6421,156645.0
2020-10-03 05:00:00,2.6412,2.6426,2.6266,2.6316,153871.0
2020-10-03 06:00:00,2.6316,2.638,2.6089,2.6342,164922.0
2020-10-03 07:00:00,2.6343,2.6422,2.6253,2.6349,152053.0
2020-10-03 08:00:00,2.6352,2.6482,2.61,2.6123,162622.0
2020-10-03 09:00:00,2.612,2.6293,2.61,2.6223,166285.0
2020-10-03 10:00:00,2.6223,2.6517,2.6168,2.6397,173141.0
2020-10-03 11:00:00,2.6393,2.6667,2.633,2.6656,194554.0
2020-10-03 12:00:00,2.6654,2.6689,2.645,2.6517,168409.0
2020-10-03 13:00:00,2.6528,2.6574,2.6409,2.6489,152057.0
2020-10-03 14:00:00,2.6493,2.6517,2.6329,2.6371,165973.0
2020-10-03 15:00:00,2.6374,2.6471,2.6329,2.6373,162215.0
2020-10-03 16:00:00,2.6365,2.664,2.6345,2.65,171780.0
2020-10-03 17:00:00,2.649,2.6529,2.6329,2.6466,156834.0
2020-10-03 18:00:00,2.6472,2.666,2.6355,2.6581,165527.0
2020-10-03 19:00:00,2.6592,2.6661,2.6439,2.6544,152933.0
2020-10-03 20:00:00,2.6538,2.6605,2.6187,2.6208,160783.0
2020-10-03 21:00:00,2.6194,2.6276,2.5655,2.5915,298111.0
2020-10-03 22:00:00,2.5915,2.5916,2.5326,2.5787,254019.0
2020-10-03 23:00:00,2.5795,2.5806,2.5403,2.5454,166520.0
2020-10-04 00:00:00,2.5447,2.5447,2.5085,2.5309,172771.0
2020-10-04 01:00:00,2.531,2.534,2.4754,2.4859,210071.0
2020-10-04 02:00:00,2.4859,2.5176,2.4476,2.5068,210736.0
2020-10-04 03:00:00,2.5068,2.5554,2.4997,2.5027,229562.0
2020-10-04 04:00:00,2.5028,2.5345,2.5012,2.518,162837.0
2020-10-04 05:00:00,2.52,2.537,2.5104,2.511,176681.0
2020-10-04 06:00:00,2.5109,2.5481,2.5086,2.5392,171527.0
2020-10-04 07:00:00,2.5392,2.557,2.5319,2.5541,164075.0
2020-10-04 08:00:00,2.554,2.5909,2.5519,2.5653,228754.0
2020-10-04 09:00:00,2.5653,2.5659,2.5408,2.5587,185369.0
2020-10-04 10:00:00,2.5609,2.562,2.5278,2.5385,184562.0
2020-10-04 11:00:00,2.5377,2.5547,2.5145,2.5376,190320.0
2020-10-04 12:00:00,2.5367,2.5397,2.4974,2.5315,178692.0
2020-10-04 13:00:00,2.532,2.5462,2.5208,2.5296,153278.0
2020-10-04 14:00:00,2.5293,2.5309,2.5022,2.5083,167052.0
2020-10-04 15:00:00,2.5083,2.5264,2.4548,2.4556,199011.0
2020-10-04 16:00:00,2.4596,2.4603,2.4266,2.4367,230274.0
2020-10-04 17:00:00,2.4367,2.4621,2.4347,2.4468,201155.0
2020-10-04 18:00:00,2.4474,2.4908,2.4462,2.4614,247046.0
2020-10-04 19:00:00,2.4617,2.4938,2.4595,2.4781,203404.0
2020-10-04 20:00:00,2.4798,2.5061,2.478,2.4867,205172.0
2020-10-04 21:00:00,2.4866,2.5057,2.485,2.5004,166963.0
2020-10-04 22:00:00,2.5006,2.5178,2.4868,2.5051,186532.0
2020-10-04 23:00:00,2.5049,2.5314,2.498,2.5236,215822.0
2020-10-05 00:00:00,2.5244,2.5642,2.5191,2.5469,162723.0
2020-10-05 01:00:00,2.5451,2.5717,2.5378,2.558,187869.0
2020-10-05 02:00:00,2.5575,2.5666,2.5416,2.5512,189152.0
2020-10-05 03:00:00,2.5514,2.5542,2.5134,2.52,170275.0
2020-10-05 04:00:00,2.5199,2.5199,2.4986,2.5014,163344.0
2020-10-05 05:00:00,2.5019,2.5269,2.4984,2.5264,165404.0
2020-10-05 06:00:00,2.5265,2.527,2.4721,2.4815,178887.0
2020-10-05 07:00:00,2.481,2.5002,2.4561,2.4905,177410.0
2020-10-05 08:00:00,2.4903,2.4993,2.4682,2.4711,164571.0
2020-10-05 09:00:00,2.4709,2.5018,2.4661,2.4944,166102.0
2020-10-05 10:00:00,2.4943,2.5257,2.4798,2.5213,185098.0
2020-10-05 11:00:00,2.5206,2.5416,2.512,2.5264,159643.0
2020-10-05 12:00:00,2.5257,2.5981,2.5204,2.5911,209542.0
2020-10-05 13:00:00,2.5914,2.6233,2.585,2.6154,229025.0
2020-10-05 14:00:00,2.6161,2.6291,2.59,2.6038,218344.0
2020-10-05 15:00:00,2.6041,2.6194,2.5993,2.6159,166951.0
2020-10-05 16:00:00,2.6165,2.6623,2.6165,2.6582,263117.0
2020-10-05 17:00:00,2.66,2.661,2.6216,2.6254,194659.0
2020-10-05 18:00:00,2.6257,2.6396,2.6009,2.622,189192.0
2020-10-05 19:00:00,2.6219,2.6372,2.6157,2.6184,170759.0
2020-10-05 20:00:00,2.6215,2.6364,2.6096,2.6208,172480.0
2020-10-05 21:00:00,2.6206,2.649,2.6175,2.6449,165296.0
2020-10-05 22:00:00,2.645,2.6727,2.6446,2.6532,192200.0
2020-10-05 23:00:00,2.6531,2.677,2.6374,2.6495,179420.0
2020-10-06 00:00:00,2.6517,2.661,2.6222,2.6287,129766.0
2020-10-06 01:00:00,2.6288,2.6349,2.603,2.6094,162198.0
2020-10-06 02:00:00,2.6093,2.6339,2.6071,2.6113,153908.0
2020-10-06 03:00:00,2.6108,2.6133,2.5929,2.5938,170331.0
2020-10-06 04:00:00,2.594,2.6082,2.5925,2.5963,156455.0
2020-10-06 05:00:00,2.5959,2.5966,2.57,2.578,180390.0
2020-10-06 06:00:00,2.5758,2.578,2.5541,2.5661,172460.0
2020-10-06 07:00:00,2.5655,2.5775,2.5201,2.5314,176590.0
2020-10-06 08:00:00,2.5316,2.545,2.5108,2.5408,172410.0
2020-10-06 09:00:00,2.541,2.5539,2.5307,2.5471,151393.0
2020-10-06 10:00:00,2.5467,2.5499,2.4657,2.4668,196975.0
2020-10-06 11:00:00,2.4656,2.4693,2.3629,2.3962,418815.0
2020-10-06 12:00:00,2.3958,2.4424,2.388,2.4071,239672.0
2020-10-06 13:00:00,2.4068,2.4438,2.3965,2.4079,189328.0
2020-10-06 14:00:00,2.4057,2.4491,2.3845,2.397,328180.0
2020-10-06 15:00:00,2.397,2.4711,2.3437,2.4373,349746.0
2020-10-06 16:00:00,2.4369,2.4403,2.3997,2.4071,198059.0
2020-10-06 17:00:00,2.4066,2.4148,2.3394,2.346,257903.0
2020-10-06 18:00:00,2.3453,2.3737,2.3273,2.3326,305860.0
2020-10-06 19:00:00,2.3285,2.3339,2.2635,2.2713,279911.0
2020-10-06 20:00:00,2.271,2.2795,2.1976,2.2017,324388.0
2020-10-06 21:00:00,2.2036,2.2115,2.1701,2.1939,261460.0
2020-10-06 22:00:00,2.1939,2.2063,2.1477,2.1518,210255.0
2020-10-06 23:00:00,2.1519,2.1834,2.1346,2.1732,248554.0
2020-10-07 00:00:00,2.1725,2.1751,2.1034,2.1115,217417.0
2020-10-07 01:00:00,2.1127,2.1674,2.0854,2.1658,347252.0
2020-10-07 02:00:00,2.1658,2.2149,2.1636,2.1813,291719.0
2020-10-07 03:00:00,2.1832,2.2073,2.145,2.1875,303708.0
2020-10-07 04:00:00,2.186,2.2042,2.1654,2.1904,282246.0
2020-10-07 05:00:00,2.1905,2.284,2.1714,2.2708,279287.0
2020-10-07 06:00:00,2.2697,2.3053,2.2572,2.3006,226527.0
2020-10-07 07:00:00,2.3013,2.3053,2.2344,2.2613,274150.0
2020-10-07 08:00:00,2.2612,2.2644,2.2066,2.2151,221205.0
2020-10-07 09:00:00,2.2152,2.2393,2.1782,2.2128,266562.0
2020-10-07 10:00:00,2.2105,2.2438,2.1786,2.2056,245785.0
2020-10-07 11:00:00,2.2044,2.231,2.1821,2.2121,209711.0
2020-10-07 12:00:00,2.2121,2.2858,2.2121,2.2723,216333.0
2020-10-07 13:00:00,2.2707,2.2871,2.2525,2.2537,190065.0
2020-10-07 14:00:00,2.2548,2.2551,2.2248,2.2492,179687.0
2020-10-07 15:00:00,2.2499,2.2792,2.2249,2.261,228230.0
2020-10-07 16:00:00,2.2606,2.2606,2.2156,2.24,208482.0
2020-10-07 17:00:00,2.2401,2.2569,2.2131,2.2438,192143.0
2020-10-07 18:00:00,2.2445,2.4,2.2438,2.3173,1016334.0
2020-10-07 19:00:00,2.3171,2.3518,2.3129,2.3314,340551.0
2020-10-07 20:00:00,2.3316,2.3428,2.3148,2.33,200317.0
2020-10-07 21:00:00,2.3269,2.3302,2.2668,2.2774,267366.0
2020-10-07 22:00:00,2.2781,2.2805,2.252,2.2773,236757.0
2020-10-07 23:00:00,2.2774,2.3101,2.2736,2.3027,185583.0
2020-10-08 00:00:00,2.3036,2.3098,2.2587,2.2638,173404.0
2020-10-08 01:00:00,2.2631,2.2767,2.2238,2.2465,223397.0
2020-10-08 02:00:00,2.2464,2.26,2.2208,2.2494,182134.0
2020-10-08 03:00:00,2.2493,2.2672,2.2401,2.243,169042.0
2020-10-08 04:00:00,2.2423,2.2433,2.1947,2.2098,223715.0
2020-10-08 05:00:00,2.2097,2.2097,2.118,2.1272,382991.0
2020-10-08 06:00:00,2.1273,2.1409,2.0625,2.0647,453927.0
2020-10-08 07:00:00,2.0658,2.1085,2.0117,2.0859,673917.0
2020-10-08 08:00:00,2.0828,2.1426,2.0641,2.0735,524626.0
2020-10-08 09:00:00,2.0736,2.1486,2.0588,2.1433,328381.0
2020-10-08 10:00:00,2.1438,2.2109,2.1322,2.1847,396200.0
2020-10-08 11:00:00,2.1846,2.1916,2.1651,2.1684,275156.0
2020-10-08 12:00:00,2.1686,2.2669,2.1518,2.2633,388992.0
2020-10-08 13:00:00,2.2634,2.3421,2.2385,2.3128,870176.0
2020-10-08 14:00:00,2.3147,2.3888,2.2889,2.3751,563323.0
2020-10-08 15:00:00,2.375,2.4301,2.3562,2.4271,368106.0
2020-10-08 16:00:00,2.4301,2.4629,2.3701,2.3751,462796.0
2020-10-08 17:00:00,2.3755,2.3961,2.3169,2.3229,282085.0
2020-10-08 18:00:00,2.3232,2.37,2.2906,2.3493,313482.0
2020-10-08 19:00:00,2.3502,2.3569,2.3236,2.3279,241092.0
2020-10-08 20:00:00,2.3274,2.3497,2.316,2.3314,196692.0
2020-10-08 21:00:00,2.3319,2.3706,2.3281,2.353,208656.0
2020-10-08 22:00:00,2.353,2.3834,2.353,2.3709,235667.0
2020-10-08 23:00:00,2.3703,2.3854,2.3536,2.3716,247463.0
2020-10-09 00:00:00,2.3717,2.3789,2.3101,2.324,345657.0
2020-10-09 01:00:00,2.3272,2.3479,2.3189,2.3477,192059.0
2020-10-09 02:00:00,2.3478,2.3732,2.3403,2.3715,217507.0
2020-10-09 03:00:00,2.3718,2.4235,2.3477,2.3845,249282.0
2020-10-09 04:00:00,2.3845,2.3914,2.355,2.3648,290363.0
2020-10-09 05:00:00,2.3656,2.4145,2.3628,2.3813,238130.0
2020-10-09 06:00:00,2.3807,2.3832,2.3237,2.3418,319048.0
2020-10-09 07:00:00,2.3424,2.4121,2.3413,2.4106,385346.0
2020-10-09 08:00:00,2.4106,2.5333,2.4023,2.5317,680329.0
2020-10-09 09:00:00,2.5314,2.5373,2.4881,2.5202,369225.0
2020-10-09 10:00:00,2.5204,2.6276,2.5019,2.5912,420832.0
2020-10-09 11:00:00,2.5912,2.6156,2.5385,2.5493,356929.0
2020-10-09 12:00:00,2.5504,2.6289,2.5377,2.5891,326508.0
2020-10-09 13:00:00,2.5881,2.5984,2.552,2.584,204847.0
2020-10-09 14:00:00,2.5839,2.5995,2.5657,2.5946,200001.0
2020-10-09 15:00:00,2.5976,2.6084,2.5763,2.5956,218032.0
2020-10-09 16:00:00,2.5957,2.6141,2.5657,2.569,256695.0
2020-10-09 17:00:00,2.569,2.5875,2.5445,2.5474,201580.0
2020-10-09 18:00:00,2.5473,2.5538,2.4748,2.5079,270516.0
2020-10-09 19:00:00,2.5076,2.5109,2.47,2.4901,191351.0
2020-10-09 20:00:00,2.49,2.52,2.4898,2.5168,181071.0
2020-10-09 21:00:00,2.5169,2.5567,2.503,2.5566,161513.0
2020-10-09 22:00:00,2.5563,2.56,2.5346,2.5468,173770.0
2020-10-09 23:00:00,2.5469,2.5785,2.534,2.5363,211805.0
2020-10-10 00:00:00,2.5356,2.5598,2.528,2.5535,176440.0
2020-10-10 01:00:00,2.5545,2.5555,2.528,2.5438,160047.0
2020-10-10 02:00:00,2.5438,2.598,2.535,2.5859,324821.0
2020-10-10 03:00:00,2.5879,2.611,2.575,2.5812,228055.0
2020-10-10 04:00:00,2.5811,2.5817,2.5342,2.5379,208925.0
2020-10-10 05:00:00,2.5382,2.5401,2.4737,2.4897,240870.0
2020-10-10 06:00:00,2.4899,2.53,2.486,2.5237,244470.0
2020-10-10 07:00:00,2.5227,2.5406,2.515,2.5359,171323.0
2020-10-10 08:00:00,2.536,2.5729,2.5249,2.5695,199132.0
2020-10-10 09:00:00,2.5684,2.5835,2.5435,2.5531,279645.0
2020-10-10 10:00:00,2.553,2.553,2.4922,2.5123,266302.0
2020-10-10 11:00:00,2.5123,2.5309,2.4791,2.5003,228414.0
2020-10-10 12:00:00,2.5008,2.523,2.47,2.512,268162.0
2020-10-10 13:00:00,2.5122,2.5522,2.5055,2.5274,241534.0
2020-10-10 14:00:00,2.528,2.528,2.5041,2.5181,192085.0
2020-10-10 15:00:00,2.5183,2.5479,2.488,2.5065,245101.0
2020-10-10 16:00:00,2.5064,2.5172,2.4455,2.4621,331231.0
2020-10-10 17:00:00,2.4609,2.488,2.44,2.4451,214795.0
2020-10-10 18:00:00,2.4449,2.4654,2.4403,2.4607,189614.0
2020-10-10 19:00:00,2.4607,2.4623,2.4435,2.4505,163531.0
2020-10-10 20:00:00,2.4506,2.4714,2.44,2.4602,205886.0
2020-10-10 21:00:00,2.4604,2.4742,2.4318,2.4687,215907.0
2020-10-10 22:00:00,2.4694,2.4744,2.4574,2.4603,179886.0
2020-10-10 23:00:00,2.4609,2.462,2.3907,2.407,311310.0
2020-10-11 00:00:00,2.4065,2.4143,2.3602,2.3844,240643.0
2020-10-11 01:00:00,2.3847,2.4228,2.3834,2.4089,206306.0
2020-10-11 02:00:00,2.407,2.4178,2.3707,2.3752,194446.0
2020-10-11 03:00:00,2.3761,2.383,2.3378,2.3488,212913.0
2020-10-11 04:00:00,2.3491,2.383,2.3421,2.3589,250153.0
2020-10-11 05:00:00,2.359,2.3816,2.3533,2.3678,204578.0
2020-10-11 06:00:00,2.3682,2.3846,2.3645,2.3795,175730.0
2020-10-11 07:00:00,2.3796,2.3965,2.3781,2.3907,204433.0
2020-10-11 08:00:00,2.3901,2.422,2.3715,2.4182,208316.0
2020-10-11 09:00:00,2.4186,2.4231,2.3983,2.4211,180712.0
2020-10-11 10:00:00,2.4213,2.4532,2.4054,2.4407,247312.0
2020-10-11 11:00:00,2.4398,2.46,2.4302,2.4539,236585.0
2020-10-11 12:00:00,2.4538,2.4609,2.3864,2.3922,261939.0
2020-10-11 13:00:00,2.3911,2.4266,2.3792,2.4091,207309.0
2020-10-11 14:00:00,2.4094,2.4537,2.4025,2.4068,226687.0
2020-10-11 15:00:00,2.4068,2.4408,2.4034,2.4213,188276.0
2020-10-11 16:00:00,2.4209,2.4337,2.381,2.4258,218708.0
2020-10-11 17:00:00,2.4269,2.4522,2.4247,2.4455,179666.0
2020-10-11 18:00:00,2.4454,2.4516,2.4349,2.4491,175480.0
2020-10-11 19:00:00,2.4488,2.455,2.4228,2.4267,187045.0
2020-10-11 20:00:00,2.4266,2.4288,2.4101,2.4101,163984.0
2020-10-11 21:00:00,2.4105,2.4282,2.3951,2.4219,170165.0
2020-10-11 22:00:00,2.4203,2.4267,2.3982,2.4111,167936.0
2020-10-11 23:00:00,2.4127,2.4329,2.4082,2.4257,195222.0
2020-10-12 00:00:00,2.4269,2.4318,2.4171,2.4285,124397.0
2020-10-12 01:00:00,2.4312,2.4475,2.4196,2.4462,192461.0
2020-10-12 02:00:00,2.4462,2.4845,2.442,2.4823,182386.0
2020-10-12 03:00:00,2.4824,2.5055,2.4816,2.4982,195480.0
2020-10-12 04:00:00,2.4988,2.499,2.4771,2.4921,183269.0
2020-10-12 05:00:00,2.4922,2.596,2.49,2.5569,404564.0
2020-10-12 06:00:00,2.5573,2.5613,2.5034,2.5272,253523.0
2020-10-12 07:00:00,2.525,2.5968,2.5046,2.5773,339086.0
2020-10-12 08:00:00,2.5775,2.5897,2.5655,2.5751,212518.0
2020-10-12 09:00:00,2.5738,2.59,2.5341,2.5599,236598.0
2020-10-12 10:00:00,2.5601,2.563,2.4563,2.4742,352077.0
2020-10-12 11:00:00,2.4743,2.4943,2.4523,2.4753,230120.0
2020-10-12 12:00:00,2.4748,2.5007,2.4692,2.4976,224966.0
2020-10-12 13:00:00,2.4969,2.5614,2.4912,2.541,330990.0
2020-10-12 14:00:00,2.5411,2.5543,2.5337,2.5519,188580.0
2020-10-12 15:00:00,2.5539,2.5714,2.5277,2.5414,238818.0
2020-10-12 16:00:00,2.5418,2.5987,2.5417,2.5955,301715.0
2020-10-12 17:00:00,2.5959,2.6247,2.569,2.6215,294685.0
2020-10-12 18:00:00,2.6216,2.6608,2.6181,2.6289,350685.0
2020-10-12 19:00:00,2.629,2.6443,2.6225,2.6303,198402.0
2020-10-12 20:00:00,2.6309,2.6949,2.624,2.6873,291927.0
2020-10-12 21:00:00,2.6878,2.7096,2.6822,2.6909,261601.0
2020-10-12 22:00:00,2.691,2.6947,2.5816,2.6155,517796.0
2020-10-12 23:00:00,2.6154,2.6174,2.5581,2.5825,276228.0
2020-10-13 00:00:00,2.582,2.5889,2.5393,2.5505,217958.0
2020-10-13 01:00:00,2.55,2.5504,2.4801,2.513,440631.0
2020-10-13 02:00:00,2.5135,2.5164,2.489,2.491,217635.0
2020-10-13 03:00:00,2.4911,2.4936,2.4369,2.4728,363421.0
2020-10-13 04:00:00,2.4745,2.4889,2.4622,2.4832,224424.0
2020-10-13 05:00:00,2.4832,2.5408,2.478,2.5287,262706.0
2020-10-13 06:00:00,2.5276,2.5287,2.4713,2.4852,255538.0
2020-10-13 07:00:00,2.4851,2.4961,2.4516,2.4866,222076.0
2020-10-13 08:00:00,2.4871,2.5358,2.475,2.5004,277433.0
2020-10-13 09:00:00,2.5004,2.5019,2.4818,2.4875,164690.0
2020-10-13 10:00:00,2.4875,2.5154,2.4467,2.5091,250160.0
2020-10-13 11:00:00,2.5089,2.5289,2.5017,2.512,187016.0
2020-10-13 12:00:00,2.5119,2.563,2.5032,2.5234,385560.0
2020-10-13 13:00:00,2.5235,2.5252,2.4512,2.4636,438129.0
2020-10-13 14:00:00,2.4631,2.4731,2.3873,2.4155,558111.0
2020-10-13 15:00:00,2.4156,2.45,2.4093,2.4268,233998.0
2020-10-13 16:00:00,2.4266,2.4279,2.374,2.4017,287814.0
2020-10-13 17:00:00,2.4018,2.404,2.3357,2.3481,249502.0
2020-10-13 18:00:00,2.348,2.3703,2.3355,2.3648,248337.0
2020-10-13 19:00:00,2.3647,2.4341,2.3579,2.3654,443016.0
2020-10-13 20:00:00,2.365,2.4022,2.3504,2.4005,242832.0
2020-10-13 21:00:00,2.4004,2.4299,2.3814,2.3946,316969.0
2020-10-13 22:00:00,2.3949,2.4081,2.3879,2.3994,207442.0
2020-10-13 23:00:00,2.3997,2.4184,2.3944,2.4048,188414.0
2020-10-14 00:00:00,2.4053,2.4464,2.4032,2.4356,210461.0
2020-10-14 01:00:00,2.436,2.4438,2.4062,2.4161,212348.0
2020-10-14 02:00:00,2.4164,2.4206,2.4009,2.4039,171819.0
2020-10-14 03:00:00,2.4043,2.408,2.3833,2.386,239846.0
2020-10-14 04:00:00,2.386,2.3865,2.3582,2.3792,207491.0
2020-10-14 05:00:00,2.3791,2.3995,2.3729,2.3873,231263.0
2020-10-14 06:00:00,2.3874,2.3935,2.3719,2.3869,153234.0
2020-10-14 07:00:00,2.3871,2.3917,2.371,2.383,154284.0
2020-10-14 08:00:00,2.3832,2.4005,2.3809,2.3961,166788.0
2020-10-14 09:00:00,2.3936,2.3981,2.3731,2.3785,145943.0
2020-10-14 10:00:00,2.3784,2.382,2.3433,2.3469,222220.0
2020-10-14 11:00:00,2.3471,2.3794,2.345,2.3462,190175.0
2020-10-14 12:00:00,2.3481,2.3607,2.308,2.3587,312918.0
2020-10-14 13:00:00,2.3586,2.3965,2.3517,2.3916,242676.0
2020-10-14 14:00:00,2.3922,2.3984,2.3272,2.344,266387.0
2020-10-14 15:00:00,2.3453,2.3507,2.2505,2.2641,327815.0
2020-10-14 16:00:00,2.2641,2.276,2.2456,2.2527,241373.0
2020-10-14 17:00:00,2.2531,2.26,2.2337,2.2514,210936.0
2020-10-14 18:00:00,2.2512,2.2651,2.2394,2.2592,187436.0
2020-10-14 19:00:00,2.2619,2.2743,2.2519,2.2582,169281.0
2020-10-14 20:00:00,2.2568,2.283,2.2503,2.2805,149186.0
2020-10-14 21:00:00,2.2812,2.2876,2.2616,2.2666,162452.0
2020-10-14 22:00:00,2.2652,2.276,2.2635,2.2727,170413.0
2020-10-14 23:00:00,2.2727,2.3198,2.2725,2.3087,244022.0
2020-10-15 00:00:00,2.3102,2.3102,2.2568,2.2624,146978.0
2020-10-15 01:00:00,2.2627,2.2648,2.239,2.2527,192107.0
2020-10-15 02:00:00,2.2528,2.2572,2.2352,2.2377,185672.0
2020-10-15 03:00:00,2.2357,2.2576,2.2332,2.254,159550.0
2020-10-15 04:00:00,2.2541,2.2617,2.232,2.2547,156082.0
2020-10-15 05:00:00,2.2544,2.2718,2.2541,2.2643,160914.0
2020-10-15 06:00:00,2.2653,2.2842,2.2544,2.2808,163114.0
2020-10-15 07:00:00,2.2801,2.3443,2.2754,2.32,311272.0
2020-10-15 08:00:00,2.32,2.3342,2.28,2.282,239011.0
2020-10-15 09:00:00,2.2819,2.282,2.1928,2.235,335425.0
2020-10-15 10:00:00,2.2363,2.2622,2.2336,2.253,171661.0
2020-10-15 11:00:00,2.2541,2.2551,2.2416,2.2455,176442.0
2020-10-15 12:00:00,2.2448,2.2847,2.2259,2.2759,225330.0
2020-10-15 13:00:00,2.2758,2.296,2.271,2.2873,202256.0
2020-10-15 14:00:00,2.2873,2.2881,2.262,2.2762,184459.0
2020-10-15 15:00:00,2.2765,2.297,2.2717,2.2923,170868.0
2020-10-15 16:00:00,2.2927,2.3014,2.2481,2.2539,190947.0
2020-10-15 17:00:00,2.2537,2.2936,2.2536,2.2861,169383.0
2020-10-15 18:00:00,2.2865,2.2942,2.2809,2.2833,160444.0
2020-10-15 19:00:00,2.283,2.3012,2.283,2.2981,171461.0
2020-10-15 20:00:00,2.2969,2.305,2.2864,2.2966,175208.0
2020-10-15 21:00:00,2.2968,2.3004,2.2694,2.2735,160902.0
2020-10-15 22:00:00,2.2736,2.2779,2.2679,2.2701,163093.0
2020-10-15 23:00:00,2.2693,2.2784,2.2621,2.267,151895.0
2020-10-16 00:00:00,2.2668,2.2708,2.2322,2.2401,144368.0
2020-10-16 01:00:00,2.2382,2.2588,2.2375,2.2518,169205.0
2020-10-16 02:00:00,2.2526,2.2528,2.2382,2.2452,142714.0
2020-10-16 03:00:00,2.2451,2.2518,2.2126,2.2235,180750.0
2020-10-16 04:00:00,2.2236,2.2238,2.103,2.1531,516865.0
2020-10-16 05:00:00,2.1529,2.2053,2.1495,2.1877,241253.0
2020-10-16 06:00:00,2.1881,2.1943,2.1557,2.1602,181513.0
2020-10-16 07:00:00,2.1605,2.1639,2.1279,2.1335,216175.0
2020-10-16 08:00:00,2.1336,2.165,2.1321,2.1612,216581.0
2020-10-16 09:00:00,2.161,2.178,2.1403,2.148,247492.0
2020-10-16 10:00:00,2.1479,2.19,2.1477,2.1695,195268.0
2020-10-16 11:00:00,2.1694,2.1918,2.1655,2.1785,180014.0
2020-10-16 12:00:00,2.1785,2.1797,2.1616,2.1652,146554.0
2020-10-16 13:00:00,2.165,2.1895,2.1462,2.156,214103.0
2020-10-16 14:00:00,2.1562,2.1868,2.1562,2.1631,189622.0
2020-10-16 15:00:00,2.1631,2.1998,2.1592,2.1972,201279.0
2020-10-16 16:00:00,2.1972,2.2534,2.1604,2.2065,1004663.0
2020-10-16 17:00:00,2.2062,2.2121,2.1674,2.1818,220751.0
2020-10-16 18:00:00,2.1817,2.2093,2.1756,2.1907,215784.0
2020-10-16 19:00:00,2.1907,2.1933,2.1543,2.1564,166588.0
2020-10-16 20:00:00,2.1544,2.1678,2.1413,2.1429,199097.0
2020-10-16 21:00:00,2.143,2.1667,2.1429,2.1563,141882.0
2020-10-16 22:00:00,2.1566,2.2027,2.147,2.1709,251324.0
2020-10-16 23:00:00,2.1705,2.1727,2.1367,2.1404,208512.0
2020-10-17 00:00:00,2.1401,2.1607,2.11,2.1501,227479.0
2020-10-17 01:00:00,2.1505,2.1776,2.1433,2.1638,165173.0
2020-10-17 02:00:00,2.1635,2.1899,2.1611,2.1893,164082.0
2020-10-17 03:00:00,2.1889,2.2085,2.1799,2.2073,190197.0
2020-10-17 04:00:00,2.2073,2.2271,2.1995,2.2213,190080.0
2020-10-17 05:00:00,2.2221,2.2425,2.2075,2.2211,198560.0
2020-10-17 06:00:00,2.2213,2.2313,2.2002,2.2108,195591.0
2020-10-17 07:00:00,2.2116,2.2319,2.2014,2.223,175390.0
2020-10-17 08:00:00,2.2228,2.2337,2.2095,2.2126,169786.0
2020-10-17 09:00:00,2.2125,2.2223,2.2035,2.212,159525.0
2020-10-17 10:00:00,2.2123,2.2203,2.2085,2.2178,143403.0
2020-10-17 11:00:00,2.2192,2.2278,2.212,2.219,158491.0
2020-10-17 12:00:00,2.2188,2.2255,2.2111,2.2208,159481.0
2020-10-17 13:00:00,2.2208,2.2268,2.1765,2.1831,221130.0
2020-10-17 14:00:00,2.1835,2.2001,2.1602,2.196,203292.0
2020-10-17 15:00:00,2.196,2.2151,2.1669,2.1771,182775.0
2020-10-17 16:00:00,2.1772,2.1814,2.1627,2.1709,158255.0
2020-10-17 17:00:00,2.171,2.179,2.1647,2.1778,148664.0
2020-10-17 18:00:00,2.178,2.1816,2.1709,2.1812,159731.0
2020-10-17 19:00:00,2.1813,2.1839,2.1775,2.181,147700.0
2020-10-17 20:00:00,2.1809,2.1903,2.175,2.1868,160359.0
2020-10-17 21:00:00,2.1869,2.1973,2.1848,2.1857,157969.0
2020-10-17 22:00:00,2.1853,2.1918,2.1796,2.1871,148944.0
2020-10-17 23:00:00,2.1871,2.2078,2.1846,2.2062,150665.0
2020-10-18 00:00:00,2.2069,2.2168,2.1962,2.2096,146084.0
2020-10-18 01:00:00,2.2111,2.225,2.2082,2.225,151501.0
2020-10-18 02:00:00,2.2248,2.2299,2.2161,2.2195,159181.0
2020-10-18 03:00:00,2.2195,2.2206,2.2069,2.2113,153933.0
2020-10-18 04:00:00,2.2116,2.2216,2.2093,2.213,142680.0
2020-10-18 05:00:00,2.2132,2.2219,2.2091,2.2142,152064.0
2020-10-18 06:00:00,2.2118,2.2468,2.2112,2.2358,183886.0
2020-10-18 07:00:00,2.2357,2.2432,2.2278,2.2417,155727.0
2020-10-18 08:00:00,2.2415,2.2494,2.219,2.2255,168874.0
2020-10-18 09:00:00,2.2254,2.2311,2.2174,2.2193,158301.0
2020-10-18 10:00:00,2.2198,2.2259,2.1939,2.2024,169722.0
2020-10-18 11:00:00,2.2022,2.2101,2.1992,2.2058,147198.0
2020-10-18 12:00:00,2.2041,2.2116,2.2015,2.2029,130009.0
2020-10-18 13:00:00,2.2041,2.2199,2.2029,2.2124,170484.0
2020-10-18 14:00:00,2.2122,2.2435,2.2106,2.2271,187624.0
2020-10-18 15:00:00,2.2268,2.2388,2.2248,2.2359,135734.0
2020-10-18 16:00:00,2.2335,2.2455,2.2335,2.2407,154164.0
2020-10-18 17:00:00,2.2411,2.2649,2.219,2.2532,206557.0
2020-10-18 18:00:00,2.2532,2.255,2.2439,2.2465,158687.0
2020-10-18 19:00:00,2.2464,2.2484,2.233,2.2342,155847.0
2020-10-18 20:00:00,2.2344,2.2414,2.2266,2.2346,143460.0
2020-10-18 21:00:00,2.2348,2.2369,2.183,2.1903,228880.0
2020-10-18 22:00:00,2.1902,2.1976,2.1804,2.1916,161881.0
2020-10-18 23:00:00,2.191,2.2219,2.1895,2.2186,185113.0
2020-10-19 00:00:00,2.2167,2.2206,2.1496,2.1585,175626.0
2020-10-19 01:00:00,2.1586,2.1803,2.1549,2.1691,176259.0
2020-10-19 02:00:00,2.1688,2.1827,2.1608,2.1657,151408.0
2020-10-19 03:00:00,2.1656,2.166,2.11,2.1143,232351.0
2020-10-19 04:00:00,2.1144,2.1238,2.0818,2.0934,342180.0
2020-10-19 05:00:00,2.0932,2.1063,2.0828,2.1008,177171.0
2020-10-19 06:00:00,2.1007,2.121,2.1,2.1116,211544.0
2020-10-19 07:00:00,2.1116,2.1139,2.1006,2.1073,172003.0
2020-10-19 08:00:00,2.1073,2.1076,2.0512,2.062,245339.0
2020-10-19 09:00:00,2.0621,2.0688,2.0541,2.0672,176857.0
2020-10-19 10:00:00,2.0668,2.0908,2.0636,2.0891,185522.0
2020-10-19 11:00:00,2.0892,2.0899,2.0652,2.0653,204447.0
2020-10-19 12:00:00,2.0673,2.0857,2.0585,2.0834,191543.0
2020-10-19 13:00:00,2.0835,2.1181,2.0832,2.105,322753.0
2020-10-19 14:00:00,2.1048,2.1052,2.0811,2.096,196484.0
2020-10-19 15:00:00,2.0959,2.1125,2.0906,2.1083,211717.0
2020-10-19 16:00:00,2.1065,2.1113,2.0971,2.102,199874.0
2020-10-19 17:00:00,2.102,2.1032,2.0855,2.0867,148970.0
2020-10-19 18:00:00,2.0874,2.0919,2.07,2.0719,157824.0
2020-10-19 19:00:00,2.0715,2.0964,2.0661,2.0956,183473.0
2020-10-19 20:00:00,2.0955,2.1113,2.09,2.1059,191668.0
2020-10-19 21:00:00,2.1063,2.1091,2.0768,2.0786,160981.0
2020-10-19 22:00:00,2.0786,2.0804,2.052,2.0525,265666.0
2020-10-19 23:00:00,2.0524,2.0578,2.051,2.0578,152778.0
2020-10-20 00:00:00,2.0576,2.0578,2.0521,2.0549,126833.0
2020-10-20 01:00:00,2.0549,2.0622,2.0373,2.0457,221221.0
2020-10-20 02:00:00,2.0439,2.1083,2.038,2.0697,403524.0
2020-10-20 03:00:00,2.0699,2.0699,2.0586,2.0636,142193.0
2020-10-20 04:00:00,2.0636,2.0656,2.0411,2.0442,160567.0
2020-10-20 05:00:00,2.0436,2.05,2.0376,2.0482,164788.0
2020-10-20 06:00:00,2.0483,2.0583,2.0446,2.0561,174032.0
2020-10-20 07:00:00,2.0548,2.0575,1.9583,1.9786,457139.0
2020-10-20 08:00:00,1.9785,1.9817,1.932,1.9665,312306.0
2020-10-20 09:00:00,1.9654,1.9662,1.9532,1.9568,160896.0
2020-10-20 10:00:00,1.956,1.9567,1.9011,1.9039,282349.0
2020-10-20 11:00:00,1.9023,1.9044,1.8457,1.8507,366606.0
2020-10-20 12:00:00,1.851,1.9722,1.8466,1.9555,583631.0
2020-10-20 13:00:00,1.9569,1.9592,1.8796,1.9168,359046.0
2020-10-20 14:00:00,1.9174,1.9235,1.8898,1.89,192191.0
2020-10-20 15:00:00,1.8898,1.9016,1.8554,1.8967,301924.0
2020-10-20 16:00:00,1.8965,1.9181,1.8686,1.8967,339485.0
2020-10-20 17:00:00,1.8972,1.9,1.8706,1.8747,182668.0
2020-10-20 18:00:00,1.8743,1.902,1.8709,1.8976,187933.0
2020-10-20 19:00:00,1.8963,1.9014,1.8804,1.891,168146.0
2020-10-20 20:00:00,1.8909,1.94,1.886,1.9387,236114.0
2020-10-20 21:00:00,1.9387,1.9396,1.8824,1.8985,227435.0
2020-10-20 22:00:00,1.8985,1.9025,1.883,1.8932,146968.0
2020-10-20 23:00:00,1.8932,1.8982,1.8778,1.8905,154372.0
2020-10-21 00:00:00,1.8885,1.9087,1.884,1.9012,169311.0
2020-10-21 01:00:00,1.9013,1.9038,1.8919,1.8973,152720.0
2020-10-21 02:00:00,1.8958,1.923,1.8958,1.911,213708.0
2020-10-21 03:00:00,1.909,1.98,1.9035,1.9768,269729.0
2020-10-21 04:00:00,1.9775,1.9825,1.9411,1.9688,236260.0
2020-10-21 05:00:00,1.9685,1.9715,1.9494,1.953,176366.0
2020-10-21 06:00:00,1.953,1.9946,1.95,1.955,254431.0
2020-10-21 07:00:00,1.955,1.959,1.9201,1.9317,219464.0
2020-10-21 08:00:00,1.9329,1.9376,1.9166,1.92,170584.0
2020-10-21 09:00:00,1.9196,1.9327,1.9177,1.9291,153450.0
2020-10-21 10:00:00,1.9274,1.935,1.9253,1.929,141151.0
2020-10-21 11:00:00,1.9292,1.9427,1.9212,1.9248,176433.0
2020-10-21 12:00:00,1.9222,1.9267,1.8939,1.896,243174.0
2020-10-21 13:00:00,1.8965,1.9621,1.8913,1.9518,288656.0
2020-10-21 14:00:00,1.9512,1.9711,1.9185,1.9668,340124.0
2020-10-21 15:00:00,1.9697,2.1098,1.9644,1.9904,1978000.0
2020-10-21 16:00:00,1.9912,2.0081,1.9552,1.9652,694808.0
2020-10-21 17:00:00,1.9654,1.979,1.956,1.9615,259109.0
2020-10-21 18:00:00,1.961,1.965,1.9271,1.9428,496098.0
2020-10-21 19:00:00,1.9425,2.004,1.9076,1.9138,755868.0
2020-10-21 20:00:00,1.9138,1.9282,1.88,1.8954,454875.0
2020-10-21 21:00:00,1.8954,1.8962,1.8474,1.8714,520093.0
2020-10-21 22:00:00,1.871,1.92,1.8575,1.9092,921068.0
2020-10-21 23:00:00,1.9089,1.942,1.8673,1.8933,822709.0
2020-10-22 00:00:00,1.8933,1.929,1.8629,1.9127,589686.0
2020-10-22 01:00:00,1.9107,1.9315,1.9061,1.9279,186668.0
2020-10-22 02:00:00,1.9277,1.9396,1.8905,1.9336,455626.0
2020-10-22 03:00:00,1.9336,1.949,1.9239,1.9449,178141.0
2020-10-22 04:00:00,1.9455,1.969,1.9431,1.9684,215849.0
2020-10-22 05:00:00,1.9684,1.9928,1.9596,1.9874,234784.0
2020-10-22 06:00:00,1.9875,1.9903,1.9497,1.9606,278245.0
2020-10-22 07:00:00,1.9595,1.9817,1.9576,1.9802,197126.0
2020-10-22 08:00:00,1.9771,2.0169,1.9771,2.0029,286846.0
2020-10-22 09:00:00,2.0033,2.0071,1.98,1.9943,246130.0
2020-10-22 10:00:00,1.9927,2.0029,1.9831,2.0022,192110.0
2020-10-22 11:00:00,2.0017,2.0756,2.0003,2.0707,417924.0
2020-10-22 12:00:00,2.0716,2.0719,2.0206,2.0619,312137.0
2020-10-22 13:00:00,2.0611,2.0794,2.0605,2.0702,207053.0
2020-10-22 14:00:00,2.0716,2.0729,2.0433,2.0704,256822.0
2020-10-22 15:00:00,2.0688,2.0905,2.0502,2.0532,262876.0
2020-10-22 16:00:00,2.0519,2.0699,2.0235,2.0405,245171.0
2020-10-22 17:00:00,2.039,2.0584,2.025,2.0413,183374.0
2020-10-22 18:00:00,2.0427,2.0575,2.0319,2.0342,179047.0
2020-10-22 19:00:00,2.035,2.0424,2.0108,2.0111,170691.0
2020-10-22 20:00:00,2.0118,2.0281,2.0058,2.0172,168189.0
2020-10-22 21:00:00,2.0182,2.0186,1.9683,1.9935,259477.0
2020-10-22 22:00:00,1.9935,1.9971,1.9724,1.9724,177396.0
2020-10-22 23:00:00,1.9736,1.975,1.9414,1.9619,241701.0
2020-10-23 00:00:00,1.962,1.962,1.9145,1.9282,282543.0
2020-10-23 01:00:00,1.928,1.9569,1.9247,1.95,180088.0
2020-10-23 02:00:00,1.95,1.9731,1.95,1.9655,177375.0
2020-10-23 03:00:00,1.9652,1.97,1.9454,1.9505,146578.0
2020-10-23 04:00:00,1.9505,1.9607,1.9423,1.9545,199964.0
2020-10-23 05:00:00,1.9545,1.9938,1.9545,1.9888,260604.0
2020-10-23 06:00:00,1.9885,1.99,1.9186,1.932,343545.0
2020-10-23 07:00:00,1.9318,1.9372,1.9244,1.9274,162258.0
2020-10-23 08:00:00,1.9292,1.9467,1.923,1.9376,168290.0
2020-10-23 09:00:00,1.9378,1.9448,1.9352,1.9419,158861.0
2020-10-23 10:00:00,1.9414,1.969,1.9414,1.9652,204101.0
2020-10-23 11:00:00,1.9653,1.9717,1.9505,1.9563,207560.0
2020-10-23 12:00:00,1.956,1.9702,1.95,1.9701,155330.0
2020-10-23 13:00:00,1.9701,1.9904,1.968,1.9849,201862.0
2020-10-23 14:00:00,1.9848,1.9854,1.9487,1.9487,222756.0
2020-10-23 15:00:00,1.9499,1.9637,1.9235,1.9275,306428.0
2020-10-23 16:00:00,1.9275,1.9277,1.8502,1.8907,769671.0
2020-10-23 17:00:00,1.8896,1.9094,1.8872,1.9072,222337.0
2020-10-23 18:00:00,1.9071,1.9189,1.9036,1.9143,161592.0
2020-10-23 19:00:00,1.9141,1.9362,1.9118,1.9356,166968.0
2020-10-23 20:00:00,1.9354,1.96,1.9287,1.9535,236709.0
2020-10-23 21:00:00,1.9549,1.9665,1.9529,1.957,169594.0
2020-10-23 22:00:00,1.9572,1.9639,1.9529,1.9623,152689.0
2020-10-23 23:00:00,1.9623,1.9712,1.9531,1.9645,197016.0
2020-10-24 00:00:00,1.9666,1.9715,1.916,1.931,219967.0
2020-10-24 01:00:00,1.9311,1.951,1.9284,1.949,136733.0
2020-10-24 02:00:00,1.9488,1.9581,1.9455,1.9564,132182.0
2020-10-24 03:00:00,1.9565,1.9606,1.9332,1.9378,144588.0
2020-10-24 04:00:00,1.9378,1.9624,1.9362,1.9455,156800.0
2020-10-24 05:00:00,1.946,1.948,1.9313,1.9369,154913.0
2020-10-24 06:00:00,1.9375,1.9395,1.9186,1.9209,165513.0
2020-10-24 07:00:00,1.9208,1.9252,1.9114,1.9126,170507.0
2020-10-24 08:00:00,1.9125,1.9211,1.9032,1.9122,185898.0
2020-10-24 09:00:00,1.9122,1.9265,1.9042,1.9246,148850.0
2020-10-24 10:00:00,1.9242,1.9383,1.9196,1.9362,144583.0
2020-10-24 11:00:00,1.936,1.9368,1.9266,1.934,124878.0
2020-10-24 12:00:00,1.9341,1.9341,1.9209,1.9274,143767.0
2020-10-24 13:00:00,1.9277,1.9537,1.9256,1.9448,166834.0
2020-10-24 14:00:00,1.9455,1.9664,1.9196,1.9521,264443.0
2020-10-24 15:00:00,1.9519,1.9566,1.9313,1.9357,185512.0
2020-10-24 16:00:00,1.9359,1.938,1.9206,1.9352,154843.0
2020-10-24 17:00:00,1.9354,1.9734,1.935,1.9625,221796.0
2020-10-24 18:00:00,1.9628,1.9644,1.9401,1.9456,171688.0
2020-10-24 19:00:00,1.9466,1.9496,1.9347,1.9429,132585.0
2020-10-24 20:00:00,1.9428,1.9428,1.9082,1.9113,210233.0
2020-10-24 21:00:00,1.9113,1.9125,1.88,1.8904,187280.0
2020-10-24 22:00:00,1.8913,1.9098,1.8836,1.9079,210191.0
2020-10-24 23:00:00,1.9079,1.9203,1.9055,1.9196,124471.0
2020-10-25 00:00:00,1.9179,1.9204,1.8953,1.9133,183143.0
2020-10-25 01:00:00,1.9132,1.9144,1.894,1.9005,243457.0
2020-10-25 02:00:00,1.9015,1.9101,1.8924,1.9091,169351.0
2020-10-25 03:00:00,1.909,1.9281,1.9077,1.9155,267036.0
2020-10-25 04:00:00,1.9155,1.9271,1.911,1.9209,175785.0
2020-10-25 05:00:00,1.9197,1.9253,1.8454,1.8594,518567.0
2020-10-25 06:00:00,1.8592,1.8865,1.8498,1.8732,263565.0
2020-10-25 07:00:00,1.8732,1.8843,1.8711,1.8829,152581.0
2020-10-25 08:00:00,1.8828,1.8945,1.8756,1.8918,254994.0
2020-10-25 09:00:00,1.8918,1.894,1.8816,1.8887,158359.0
2020-10-25 10:00:00,1.8889,1.8961,1.8716,1.8927,194565.0
2020-10-25 11:00:00,1.8925,1.8935,1.87,1.8799,214710.0
2020-10-25 12:00:00,1.88,1.8896,1.8762,1.8821,155071.0
2020-10-25 13:00:00,1.8821,1.8869,1.8688,1.8714,160991.0
2020-10-25 14:00:00,1.8703,1.8955,1.8688,1.8838,258731.0
2020-10-25 15:00:00,1.8828,1.8903,1.8311,1.8436,383328.0
2020-10-25 16:00:00,1.8433,1.8686,1.8109,1.8411,380557.0
2020-10-25 17:00:00,1.8411,1.855,1.837,1.8379,152110.0
2020-10-25 18:00:00,1.8379,1.8424,1.822,1.8281,185644.0
2020-10-25 19:00:00,1.8273,1.8322,1.8267,1.829,147252.0
2020-10-25 20:00:00,1.8294,1.8385,1.8012,1.8025,264190.0
2020-10-25 21:00:00,1.8034,1.8044,1.7629,1.7832,412142.0
2020-10-25 22:00:00,1.7848,1.7865,1.7628,1.7797,268131.0
2020-10-25 23:00:00,1.7796,1.7986,1.7778,1.7937,176057.0
2020-10-26 00:00:00,1.7946,1.8237,1.7753,1.8117,271410.0
2020-10-26 01:00:00,1.8113,1.8222,1.8039,1.8145,232765.0
2020-10-26 02:00:00,1.815,1.8246,1.8144,1.8239,144410.0
2020-10-26 03:00:00,1.8238,1.8344,1.8221,1.8308,167909.0
2020-10-26 04:00:00,1.8314,1.8424,1.8271,1.8288,217863.0
2020-10-26 05:00:00,1.8277,1.8385,1.8262,1.8345,170454.0
2020-10-26 06:00:00,1.834,1.8477,1.8293,1.8451,173068.0
2020-10-26 07:00:00,1.8455,1.8499,1.8333,1.8358,190704.0
2020-10-26 08:00:00,1.8383,1.8483,1.8071,1.8406,332256.0
2020-10-26 09:00:00,1.8412,1.8449,1.8327,1.8429,140502.0
2020-10-26 10:00:00,1.8431,1.8444,1.8279,1.8417,166806.0
2020-10-26 11:00:00,1.8406,1.853,1.8368,1.8437,184555.0
2020-10-26 12:00:00,1.8426,1.8584,1.8335,1.8377,221349.0
2020-10-26 13:00:00,1.8397,1.8723,1.8283,1.8649,329111.0
2020-10-26 14:00:00,1.8655,1.8682,1.8401,1.8475,197201.0
2020-10-26 15:00:00,1.8472,1.8472,1.7676,1.783,431006.0
2020-10-26 16:00:00,1.7834,1.7853,1.6257,1.6438,1192693.0
2020-10-26 17:00:00,1.6419,1.6696,1.6162,1.6439,460499.0
2020-10-26 18:00:00,1.6451,1.6721,1.6281,1.6486,255663.0
2020-10-26 19:00:00,1.6486,1.667,1.6431,1.6662,230221.0
2020-10-26 20:00:00,1.6646,1.67,1.6478,1.6544,179056.0
2020-10-26 21:00:00,1.6545,1.6866,1.6535,1.6766,229928.0
2020-10-26 22:00:00,1.6762,1.6899,1.6696,1.684,204282.0
2020-10-26 23:00:00,1.684,1.7026,1.6766,1.6786,210550.0
2020-10-27 00:00:00,1.6777,1.7064,1.6764,1.7033,168964.0
2020-10-27 01:00:00,1.7041,1.7083,1.6981,1.7047,173758.0
2020-10-27 02:00:00,1.7049,1.7176,1.6809,1.6838,229542.0
2020-10-27 03:00:00,1.6814,1.6917,1.665,1.6698,224542.0
2020-10-27 04:00:00,1.6698,1.6994,1.6698,1.6944,178546.0
2020-10-27 05:00:00,1.6942,1.6979,1.6728,1.6804,177368.0
2020-10-27 06:00:00,1.6807,1.6913,1.6699,1.6858,232938.0
2020-10-27 07:00:00,1.6857,1.6897,1.6534,1.6583,264301.0
2020-10-27 08:00:00,1.6594,1.6606,1.5928,1.621,587486.0
2020-10-27 09:00:00,1.621,1.6606,1.6188,1.6582,476256.0
2020-10-27 10:00:00,1.6585,1.6939,1.6513,1.6859,392867.0
2020-10-27 11:00:00,1.6838,1.6975,1.6643,1.6851,491555.0
2020-10-27 12:00:00,1.6842,1.7347,1.6795,1.7256,391456.0
2020-10-27 13:00:00,1.7258,1.7334,1.6858,1.7024,364293.0
2020-10-27 14:00:00,1.7022,1.7189,1.689,1.704,280736.0
2020-10-27 15:00:00,1.7038,1.7542,1.7035,1.735,511972.0
2020-10-27 16:00:00,1.7349,1.7506,1.7231,1.7489,305541.0
2020-10-27 17:00:00,1.7475,1.7532,1.7153,1.7179,264149.0
2020-10-27 18:00:00,1.718,1.7258,1.6801,1.6958,340629.0
2020-10-27 19:00:00,1.6962,1.6985,1.6873,1.6949,183526.0
2020-10-27 20:00:00,1.695,1.6974,1.6728,1.6854,215098.0
2020-10-27 21:00:00,1.6856,1.7061,1.6838,1.691,186852.0
2020-10-27 22:00:00,1.6921,1.7127,1.6847,1.7097,183731.0
2020-10-27 23:00:00,1.7097,1.7254,1.6976,1.7135,221830.0
2020-10-28 00:00:00,1.7131,1.7287,1.6924,1.7115,279039.0
2020-10-28 01:00:00,1.7114,1.7224,1.6817,1.6822,275751.0
2020-10-28 02:00:00,1.6825,1.6841,1.6136,1.6172,373648.0
2020-10-28 03:00:00,1.6175,1.6178,1.5672,1.5794,501643.0
2020-10-28 04:00:00,1.5794,1.5989,1.5755,1.5955,305331.0
2020-10-28 05:00:00,1.5958,1.5976,1.574,1.5873,231270.0
2020-10-28 06:00:00,1.5868,1.597,1.5743,1.5746,166073.0
2020-10-28 07:00:00,1.5744,1.5755,1.5202,1.5466,537204.0
2020-10-28 08:00:00,1.5466,1.5938,1.4555,1.5875,1833190.0
2020-10-28 09:00:00,1.5871,1.6017,1.5742,1.5811,288066.0
2020-10-28 10:00:00,1.5811,1.589,1.5564,1.5774,299125.0
2020-10-28 11:00:00,1.5754,1.5769,1.5365,1.557,425041.0
2020-10-28 12:00:00,1.5568,1.6195,1.5501,1.6171,393759.0
2020-10-28 13:00:00,1.6166,1.635,1.5752,1.5759,325664.0
2020-10-28 14:00:00,1.5759,1.5932,1.5265,1.5416,511797.0
2020-10-28 15:00:00,1.5416,1.5576,1.5329,1.5524,222786.0
2020-10-28 16:00:00,1.5524,1.5528,1.5061,1.5223,329231.0
2020-10-28 17:00:00,1.523,1.5235,1.4942,1.5191,329789.0
2020-10-28 18:00:00,1.5191,1.5265,1.514,1.5193,181346.0
2020-10-28 19:00:00,1.52,1.5249,1.4976,1.5011,229979.0
2020-10-28 20:00:00,1.5013,1.5148,1.48,1.4976,362616.0
2020-10-28 21:00:00,1.4965,1.4985,1.4662,1.4856,280606.0
2020-10-28 22:00:00,1.4855,1.5489,1.4855,1.5202,919495.0
2020-10-28 23:00:00,1.5201,1.5421,1.4908,1.5196,639691.0
2020-10-29 00:00:00,1.5195,1.5527,1.5172,1.5371,305120.0
2020-10-29 01:00:00,1.537,1.555,1.5312,1.5517,212944.0
2020-10-29 02:00:00,1.5527,1.5531,1.54,1.5498,178158.0
2020-10-29 03:00:00,1.5512,1.5762,1.5402,1.5761,217950.0
2020-10-29 04:00:00,1.5749,1.5773,1.5354,1.5393,259855.0
2020-10-29 05:00:00,1.5393,1.55,1.5371,1.5493,169217.0
2020-10-29 06:00:00,1.549,1.5574,1.5438,1.5478,201503.0
2020-10-29 07:00:00,1.5479,1.553,1.5211,1.5242,220576.0
2020-10-29 08:00:00,1.5242,1.5361,1.5158,1.5277,193738.0
2020-10-29 09:00:00,1.5271,1.537,1.5192,1.5332,225715.0
2020-10-29 10:00:00,1.5332,1.5363,1.5055,1.5104,213962.0
2020-10-29 11:00:00,1.5101,1.5162,1.4951,1.4954,166579.0
2020-10-29 12:00:00,1.4954,1.5,1.4534,1.4919,348938.0
2020-10-29 13:00:00,1.4916,1.5209,1.4892,1.5166,198524.0
2020-10-29 14:00:00,1.5172,1.528,1.502,1.5074,327254.0
2020-10-29 15:00:00,1.5071,1.5154,1.4889,1.4931,253860.0
2020-10-29 16:00:00,1.4933,1.4933,1.472,1.482,227484.0
2020-10-29 17:00:00,1.482,1.4897,1.4711,1.4767,238913.0
2020-10-29 18:00:00,1.4764,1.4948,1.4697,1.4873,215592.0
2020-10-29 19:00:00,1.4872,1.4878,1.4726,1.4726,195251.0
2020-10-29 20:00:00,1.4724,1.4859,1.4651,1.4848,191426.0
2020-10-29 21:00:00,1.4845,1.4905,1.4721,1.4893,123259.0
2020-10-29 22:00:00,1.4895,1.4915,1.416,1.4178,973902.0
2020-10-29 23:00:00,1.4181,1.4372,1.4146,1.4325,481745.0
2020-10-30 00:00:00,1.4321,1.4584,1.4124,1.4501,400465.0
2020-10-30 01:00:00,1.4492,1.4586,1.4235,1.4237,278978.0
2020-10-30 02:00:00,1.4235,1.4248,1.3902,1.3917,328121.0
2020-10-30 03:00:00,1.3909,1.428,1.3894,1.399,403374.0
2020-10-30 04:00:00,1.3991,1.417,1.3963,1.3976,298170.0
2020-10-30 05:00:00,1.3975,1.4108,1.3564,1.3618,412018.0
2020-10-30 06:00:00,1.361,1.3923,1.3606,1.3851,259985.0
2020-10-30 07:00:00,1.3856,1.387,1.3379,1.3745,505385.0
2020-10-30 08:00:00,1.3743,1.3984,1.37,1.3759,287027.0
2020-10-30 09:00:00,1.3759,1.3759,1.3406,1.3496,521266.0
2020-10-30 10:00:00,1.3493,1.3683,1.344,1.3678,267321.0
2020-10-30 11:00:00,1.367,1.3811,1.3639,1.3785,173365.0
2020-10-30 12:00:00,1.3787,1.4238,1.3737,1.419,291594.0
2020-10-30 13:00:00,1.4189,1.42,1.3822,1.391,302929.0
2020-10-30 14:00:00,1.391,1.4184,1.3888,1.408,302039.0
2020-10-30 15:00:00,1.408,1.4489,1.4077,1.445,438824.0
2020-10-30 16:00:00,1.4448,1.4448,1.4247,1.4305,221074.0
2020-10-30 17:00:00,1.4307,1.4529,1.4306,1.4476,196777.0
2020-10-30 18:00:00,1.4485,1.4626,1.446,1.462,184130.0
2020-10-30 19:00:00,1.4625,1.4677,1.4528,1.4619,177293.0
2020-10-30 20:00:00,1.4605,1.4663,1.4545,1.4638,189948.0
2020-10-30 21:00:00,1.4629,1.4666,1.4471,1.4497,226955.0
2020-10-30 22:00:00,1.4497,1.4563,1.4418,1.4421,214989.0
2020-10-30 23:00:00,1.442,1.4443,1.4348,1.4378,155987.0
2020-10-31 00:00:00,1.4367,1.438,1.4269,1.4357,144849.0
2020-10-31 01:00:00,1.436,1.4527,1.436,1.4519,161047.0
2020-10-31 02:00:00,1.4519,1.48,1.4519,1.4794,344200.0
2020-10-31 03:00:00,1.4793,1.4842,1.4645,1.4835,226377.0
2020-10-31 04:00:00,1.4842,1.4961,1.4727,1.4799,259279.0
2020-10-31 05:00:00,1.4799,1.5035,1.4796,1.4906,320582.0
2020-10-31 06:00:00,1.4905,1.5172,1.4843,1.5137,456416.0
2020-10-31 07:00:00,1.5137,1.5159,1.4962,1.5032,208672.0
2020-10-31 08:00:00,1.5034,1.5126,1.502,1.5022,256296.0
2020-10-31 09:00:00,1.502,1.5129,1.502,1.506,280282.0
2020-10-31 10:00:00,1.5053,1.5145,1.4605,1.4835,477320.0
2020-10-31 11:00:00,1.4835,1.49,1.475,1.4774,192077.0
2020-10-31 12:00:00,1.4774,1.4842,1.471,1.483,174139.0
2020-10-31 13:00:00,1.483,1.495,1.4802,1.4946,192199.0
2020-10-31 14:00:00,1.4946,1.4949,1.4861,1.4923,203627.0
2020-10-31 15:00:00,1.492,1.5215,1.4864,1.5173,289358.0
2020-10-31 16:00:00,1.5176,1.5335,1.5167,1.5257,300065.0
2020-10-31 17:00:00,1.5257,1.5268,1.5149,1.5192,173806.0
2020-10-31 18:00:00,1.5192,1.5192,1.4944,1.4955,251757.0
2020-10-31 19:00:00,1.4955,1.523,1.4923,1.5203,184629.0
2020-10-31 20:00:00,1.5198,1.5418,1.5168,1.5417,217597.0
2020-10-31 21:00:00,1.5417,1.5501,1.5332,1.5356,236036.0
2020-10-31 22:00:00,1.535,1.5418,1.53,1.5392,183091.0
2020-10-31 23:00:00,1.5392,1.5475,1.5253,1.5472,228895.0
2020-11-01 00:00:00,1.5474,1.579,1.5393,1.5526,416474.0
2020-11-01 01:00:00,1.5526,1.5692,1.5497,1.5612,209304.0
2020-11-01 02:00:00,1.5599,1.5676,1.55,1.5541,220431.0
2020-11-01 03:00:00,1.5541,1.5543,1.5311,1.54,253999.0
2020-11-01 04:00:00,1.54,1.54,1.526,1.5317,177087.0
2020-11-01 05:00:00,1.5314,1.5487,1.5234,1.541,174704.0
2020-11-01 06:00:00,1.541,1.5426,1.5228,1.5383,171994.0
2020-11-01 07:00:00,1.5383,1.554,1.5377,1.5533,188235.0
2020-11-01 08:00:00,1.5518,1.5539,1.5348,1.5366,192323.0
2020-11-01 09:00:00,1.5365,1.545,1.5132,1.5163,262465.0
2020-11-01 10:00:00,1.5162,1.5389,1.5152,1.5378,191809.0
2020-11-01 11:00:00,1.537,1.553,1.524,1.5341,214911.0
2020-11-01 12:00:00,1.5344,1.5522,1.5263,1.5507,209232.0
2020-11-01 13:00:00,1.5508,1.5524,1.5412,1.5425,185023.0
2020-11-01 14:00:00,1.5427,1.5465,1.5363,1.541,160184.0
2020-11-01 15:00:00,1.541,1.5758,1.5397,1.5668,244546.0
2020-11-01 16:00:00,1.5664,1.6173,1.5652,1.5904,481788.0
2020-11-01 17:00:00,1.5909,1.5987,1.5755,1.5965,208051.0
2020-11-01 18:00:00,1.5966,1.606,1.588,1.6041,148040.0
2020-11-01 19:00:00,1.6044,1.6254,1.5934,1.5959,266709.0
2020-11-01 20:00:00,1.596,1.6426,1.5958,1.6245,309481.0
2020-11-01 21:00:00,1.6246,1.6465,1.6211,1.6301,214945.0
2020-11-01 22:00:00,1.6303,1.6412,1.5888,1.6058,245305.0
2020-11-01 23:00:00,1.6061,1.6108,1.5968,1.6076,167736.0
2020-11-02 00:00:00,1.6062,1.6322,1.6062,1.6294,193192.0
2020-11-02 01:00:00,1.6296,1.6352,1.624,1.6285,147569.0
2020-11-02 02:00:00,1.6282,1.6426,1.6022,1.6113,228810.0
2020-11-02 03:00:00,1.6114,1.6134,1.5849,1.5929,184096.0
2020-11-02 04:00:00,1.5929,1.5978,1.5766,1.5879,185149.0
2020-11-02 05:00:00,1.5877,1.5908,1.5813,1.5842,139715.0
2020-11-02 06:00:00,1.5847,1.5996,1.5812,1.5964,144321.0
2020-11-02 07:00:00,1.596,1.6035,1.593,1.597,162301.0
2020-11-02 08:00:00,1.5972,1.5978,1.5145,1.519,521766.0
2020-11-02 09:00:00,1.5178,1.5283,1.5047,1.5211,323893.0
2020-11-02 10:00:00,1.5217,1.5217,1.4961,1.4966,232958.0
2020-11-02 11:00:00,1.4969,1.5013,1.4823,1.4871,282434.0
2020-11-02 12:00:00,1.4869,1.493,1.4644,1.4746,396284.0
2020-11-02 13:00:00,1.4748,1.5,1.4722,1.4863,226094.0
2020-11-02 14:00:00,1.4863,1.4971,1.4683,1.4935,223013.0
2020-11-02 15:00:00,1.4941,1.4986,1.4852,1.4895,207973.0
2020-11-02 16:00:00,1.49,1.49,1.4708,1.4771,241428.0
2020-11-02 17:00:00,1.4768,1.4817,1.4714,1.4732,169166.0
2020-11-02 18:00:00,1.4743,1.4752,1.4679,1.4708,176768.0
2020-11-02 19:00:00,1.4708,1.4813,1.4704,1.4791,143537.0
2020-11-02 20:00:00,1.4785,1.4939,1.4784,1.4898,223013.0
2020-11-02 21:00:00,1.4899,1.4919,1.4789,1.4889,204806.0
2020-11-02 22:00:00,1.4897,1.4904,1.4709,1.4806,170181.0
2020-11-02 23:00:00,1.4795,1.4841,1.471,1.4741,164960.0
2020-11-03 00:00:00,1.4729,1.4775,1.4645,1.4756,159165.0
2020-11-03 01:00:00,1.4765,1.4857,1.4743,1.4794,177439.0
2020-11-03 02:00:00,1.4795,1.4826,1.45,1.4537,269685.0
2020-11-03 03:00:00,1.4534,1.4628,1.4303,1.4411,432825.0
2020-11-03 04:00:00,1.4411,1.4437,1.424,1.4346,291904.0
2020-11-03 05:00:00,1.4339,1.4453,1.4284,1.4304,186447.0
2020-11-03 06:00:00,1.4303,1.4562,1.4203,1.4467,221995.0
2020-11-03 07:00:00,1.4469,1.4517,1.4386,1.4513,175738.0
2020-11-03 08:00:00,1.4513,1.4624,1.4436,1.4554,185375.0
2020-11-03 09:00:00,1.4551,1.4681,1.4433,1.4479,325572.0
2020-11-03 10:00:00,1.4484,1.4633,1.4299,1.4583,196817.0
2020-11-03 11:00:00,1.4582,1.4586,1.4434,1.447,185179.0
2020-11-03 12:00:00,1.4471,1.4528,1.4204,1.4448,343508.0
2020-11-03 13:00:00,1.4448,1.4747,1.4388,1.463,316372.0
2020-11-03 14:00:00,1.4628,1.4726,1.4586,1.4704,176405.0
2020-11-03 15:00:00,1.4693,1.4725,1.4385,1.4395,254799.0
2020-11-03 16:00:00,1.4391,1.4446,1.4272,1.4393,205996.0
2020-11-03 17:00:00,1.4408,1.4427,1.4283,1.4317,157110.0
2020-11-03 18:00:00,1.4317,1.4379,1.4205,1.4223,183432.0
2020-11-03 19:00:00,1.4222,1.4406,1.4222,1.4364,175411.0
2020-11-03 20:00:00,1.4369,1.4377,1.4265,1.4285,199457.0
2020-11-03 21:00:00,1.4285,1.4324,1.4243,1.4243,123691.0
2020-11-03 22:00:00,1.4244,1.434,1.4122,1.424,200325.0
2020-11-03 23:00:00,1.4246,1.4409,1.4109,1.4131,325570.0
2020-11-04 00:00:00,1.4149,1.4166,1.364,1.366,369862.0
2020-11-04 01:00:00,1.3662,1.3811,1.3521,1.3674,382874.0
2020-11-04 02:00:00,1.3678,1.3687,1.3459,1.3546,213932.0
2020-11-04 03:00:00,1.3546,1.3738,1.3519,1.3537,257447.0
2020-11-04 04:00:00,1.3536,1.3662,1.3488,1.3645,181122.0
2020-11-04 05:00:00,1.364,1.3684,1.3462,1.3496,217716.0
2020-11-04 06:00:00,1.3498,1.3697,1.3477,1.3688,252405.0
2020-11-04 07:00:00,1.3684,1.369,1.3432,1.3532,316579.0
2020-11-04 08:00:00,1.3537,1.3633,1.345,1.3572,199210.0
2020-11-04 09:00:00,1.357,1.3705,1.3552,1.363,246398.0
2020-11-04 10:00:00,1.3632,1.4001,1.3584,1.3679,459933.0
2020-11-04 11:00:00,1.368,1.3836,1.3571,1.3603,257828.0
2020-11-04 12:00:00,1.3616,1.369,1.3529,1.363,191374.0
2020-11-04 13:00:00,1.3634,1.3655,1.35,1.3542,210994.0
2020-11-04 14:00:00,1.354,1.3542,1.3013,1.3038,420595.0
2020-11-04 15:00:00,1.3039,1.3284,1.2928,1.2979,335052.0
2020-11-04 16:00:00,1.2974,1.3581,1.2737,1.3408,1128276.0
2020-11-04 17:00:00,1.3408,1.3969,1.3396,1.3852,607511.0
2020-11-04 18:00:00,1.3855,1.408,1.3854,1.3949,270775.0
2020-11-04 19:00:00,1.3955,1.3972,1.3861,1.3881,174964.0
2020-11-04 20:00:00,1.3892,1.3952,1.3812,1.3915,237341.0
2020-11-04 21:00:00,1.3927,1.4037,1.3888,1.3911,165574.0
2020-11-04 22:00:00,1.3909,1.4102,1.3892,1.3973,193788.0
2020-11-04 23:00:00,1.3973,1.3997,1.3892,1.391,180129.0
2020-11-05 00:00:00,1.3912,1.4023,1.39,1.3995,153465.0
2020-11-05 01:00:00,1.3993,1.4071,1.3971,1.3993,169411.0
2020-11-05 02:00:00,1.3992,1.408,1.3919,1.4035,163407.0
2020-11-05 03:00:00,1.4034,1.4058,1.3985,1.4025,153160.0
2020-11-05 04:00:00,1.4024,1.4266,1.4003,1.4109,268223.0
2020-11-05 05:00:00,1.4105,1.4116,1.4039,1.4081,134514.0
2020-11-05 06:00:00,1.4077,1.4158,1.406,1.4121,186288.0
2020-11-05 07:00:00,1.4122,1.4267,1.411,1.4217,296308.0
2020-11-05 08:00:00,1.4205,1.4233,1.3624,1.3645,443347.0
2020-11-05 09:00:00,1.3645,1.3655,1.3473,1.35,204986.0
2020-11-05 10:00:00,1.3497,1.3526,1.3464,1.3497,205167.0
2020-11-05 11:00:00,1.3497,1.3544,1.3391,1.3405,250624.0
2020-11-05 12:00:00,1.3407,1.3437,1.317,1.3201,304961.0
2020-11-05 13:00:00,1.3199,1.3463,1.302,1.3323,452227.0
2020-11-05 14:00:00,1.3324,1.4525,1.3295,1.4496,1013919.0
2020-11-05 15:00:00,1.4498,1.489,1.4295,1.4322,577431.0
2020-11-05 16:00:00,1.4326,1.4766,1.4208,1.4347,566451.0
2020-11-05 17:00:00,1.4347,1.4469,1.405,1.4111,336712.0
2020-11-05 18:00:00,1.4111,1.431,1.406,1.4219,281897.0
2020-11-05 19:00:00,1.4222,1.4247,1.4125,1.4215,168116.0
2020-11-05 20:00:00,1.4216,1.4217,1.4061,1.4082,199299.0
2020-11-05 21:00:00,1.4081,1.4129,1.3904,1.3959,242277.0
2020-11-05 22:00:00,1.396,1.4163,1.3897,1.3975,235022.0
2020-11-05 23:00:00,1.3976,1.4084,1.3926,1.4011,259944.0
2020-11-06 00:00:00,1.4015,1.4548,1.3954,1.4521,396547.0
2020-11-06 01:00:00,1.4522,1.5494,1.4488,1.5266,680049.0
2020-11-06 02:00:00,1.5264,1.5483,1.5019,1.5054,374606.0
2020-11-06 03:00:00,1.5052,1.5467,1.498,1.5361,313742.0
2020-11-06 04:00:00,1.5364,1.6106,1.5341,1.5703,515006.0
2020-11-06 05:00:00,1.5696,1.575,1.5608,1.5677,234414.0
2020-11-06 06:00:00,1.5675,1.6308,1.5602,1.6016,728144.0
2020-11-06 07:00:00,1.6015,1.6439,1.5961,1.6368,386540.0
2020-11-06 08:00:00,1.6368,1.6458,1.6012,1.6174,433313.0
2020-11-06 09:00:00,1.6187,1.669,1.6025,1.6604,476498.0
2020-11-06 10:00:00,1.6608,1.7434,1.6574,1.7426,843922.0
2020-11-06 11:00:00,1.7423,1.7549,1.7045,1.715,723247.0
2020-11-06 12:00:00,1.7154,1.7176,1.664,1.6988,384661.0
2020-11-06 13:00:00,1.6985,1.7449,1.6942,1.7389,390690.0
2020-11-06 14:00:00,1.7401,1.7909,1.7261,1.7471,834989.0
2020-11-06 15:00:00,1.7483,1.758,1.6917,1.6952,639437.0
2020-11-06 16:00:00,1.6963,1.737,1.6946,1.7066,474570.0
2020-11-06 17:00:00,1.7066,1.8125,1.7034,1.7942,1403142.0
2020-11-06 18:00:00,1.7954,1.8606,1.7867,1.8049,1001806.0
2020-11-06 19:00:00,1.8048,1.8847,1.7861,1.8007,1134146.0
2020-11-06 20:00:00,1.8026,1.8365,1.74,1.8192,1018058.0
2020-11-06 21:00:00,1.8192,1.8787,1.8177,1.8677,960594.0
2020-11-06 22:00:00,1.8674,1.8932,1.8255,1.8869,714802.0
2020-11-06 23:00:00,1.8869,1.9474,1.8842,1.8998,785277.0
2020-11-07 00:00:00,1.8978,2.0967,1.8963,2.052,2625826.0
2020-11-07 01:00:00,2.0536,2.3139,2.043,2.233,2718235.0
2020-11-07 02:00:00,2.2329,2.3715,2.0932,2.1011,2656762.0
2020-11-07 03:00:00,2.1014,2.2538,2.0896,2.1425,1658174.0
2020-11-07 04:00:00,2.1424,2.259,2.1102,2.2454,931880.0
2020-11-07 05:00:00,2.246,2.2999,2.1732,2.2811,1228687.0
2020-11-07 06:00:00,2.2827,2.2918,2.1998,2.2192,983124.0
2020-11-07 07:00:00,2.2193,2.2451,2.1711,2.2129,726076.0
2020-11-07 08:00:00,2.2132,2.25,2.1517,2.2398,874451.0
2020-11-07 09:00:00,2.2389,2.3267,2.2232,2.2537,1106234.0
2020-11-07 10:00:00,2.2537,2.2921,2.2202,2.2893,613645.0
2020-11-07 11:00:00,2.2892,2.46,2.2612,2.3997,1352235.0
2020-11-07 12:00:00,2.4005,2.4469,2.3386,2.4393,907453.0
2020-11-07 13:00:00,2.4424,2.5,2.3,2.3579,1829624.0
2020-11-07 14:00:00,2.3623,2.3692,2.0931,2.1147,2363529.0
2020-11-07 15:00:00,2.112,2.1809,1.9058,2.172,3437611.0
2020-11-07 16:00:00,2.172,2.2383,1.9941,2.1914,2330241.0
2020-11-07 17:00:00,2.192,2.2243,2.0553,2.0617,1203061.0
2020-11-07 18:00:00,2.062,2.1084,1.864,1.9128,1729341.0
2020-11-07 19:00:00,1.9058,1.9801,1.8324,1.8944,1702021.0
2020-11-07 20:00:00,1.8939,2.1101,1.8331,2.0785,1435157.0
2020-11-07 21:00:00,2.0757,2.0779,1.9231,1.9726,920678.0
2020-11-07 22:00:00,1.9741,2.0574,1.9017,2.02,638005.0
2020-11-07 23:00:00,2.0207,2.1176,2.0093,2.0283,735685.0
2020-11-08 00:00:00,2.0304,2.1134,1.9703,2.0857,790379.0
2020-11-08 01:00:00,2.0825,2.1718,2.0172,2.1561,798810.0
2020-11-08 02:00:00,2.1579,2.1986,2.08,2.0944,933058.0
2020-11-08 03:00:00,2.0942,2.1151,2.0504,2.0516,396355.0
2020-11-08 04:00:00,2.05,2.0743,1.9832,1.993,519790.0
2020-11-08 05:00:00,1.993,2.0473,1.9905,2.0337,683479.0
2020-11-08 06:00:00,2.0339,2.0603,1.9773,2.0083,620887.0
2020-11-08 07:00:00,2.0085,2.0569,1.9814,1.9909,474663.0
2020-11-08 08:00:00,1.992,2.0245,1.965,1.968,606418.0
2020-11-08 09:00:00,1.9675,2.0599,1.9675,2.0471,548859.0
2020-11-08 10:00:00,2.0472,2.1678,1.9955,2.1158,1552623.0
2020-11-08 11:00:00,2.117,2.18,2.0707,2.1666,813768.0
2020-11-08 12:00:00,2.1654,2.2193,2.1076,2.157,966935.0
2020-11-08 13:00:00,2.1592,2.1691,2.0772,2.1305,689687.0
2020-11-08 14:00:00,2.1356,2.2,2.0956,2.2,905065.0
2020-11-08 15:00:00,2.197,2.2768,2.1756,2.2426,1280828.0
2020-11-08 16:00:00,2.2469,2.2663,2.184,2.212,806248.0
2020-11-08 17:00:00,2.2114,2.2445,2.1862,2.2348,559053.0
2020-11-08 18:00:00,2.2341,2.2868,2.1918,2.2126,697097.0
2020-11-08 19:00:00,2.2126,2.2451,2.12,2.1439,643415.0
2020-11-08 20:00:00,2.1435,2.1786,2.1093,2.1238,378108.0
2020-11-08 21:00:00,2.1225,2.1456,2.0444,2.0808,487497.0
2020-11-08 22:00:00,2.0787,2.1384,2.0711,2.1256,404988.0
2020-11-08 23:00:00,2.1253,2.1858,2.1122,2.1571,355025.0
2020-11-09 00:00:00,2.1571,2.2024,2.1278,2.172,560626.0
2020-11-09 01:00:00,2.1728,2.1991,2.1328,2.1461,285471.0
2020-11-09 02:00:00,2.1446,2.1575,2.1014,2.1078,351922.0
2020-11-09 03:00:00,2.1052,2.1232,2.077,2.1027,412784.0
2020-11-09 04:00:00,2.1016,2.1123,2.05,2.0627,1221833.0
2020-11-09 05:00:00,2.0598,2.09,2.0506,2.0726,675980.0
2020-11-09 06:00:00,2.0727,2.09,2.0521,2.064,521308.0
2020-11-09 07:00:00,2.063,2.0983,2.0355,2.0428,528430.0
2020-11-09 08:00:00,2.0428,2.1,2.022,2.0736,701939.0
2020-11-09 09:00:00,2.073,2.115,2.0644,2.0956,576439.0
2020-11-09 10:00:00,2.0947,2.1835,2.0941,2.1752,542355.0
2020-11-09 11:00:00,2.1762,2.19,2.1269,2.1647,690426.0
2020-11-09 12:00:00,2.1659,2.1743,2.0943,2.1263,820804.0
2020-11-09 13:00:00,2.1263,2.1291,2.0303,2.0421,706565.0
2020-11-09 14:00:00,2.0411,2.0665,1.9875,1.9979,1032264.0
2020-11-09 15:00:00,2.0003,2.0238,1.9649,1.981,804493.0
2020-11-09 16:00:00,1.9827,2.0453,1.9517,2.0386,921411.0
2020-11-09 17:00:00,2.0379,2.0599,2.0067,2.0521,477878.0
2020-11-09 18:00:00,2.0492,2.0538,2.0277,2.0401,285570.0
2020-11-09 19:00:00,2.0406,2.065,2.0258,2.0566,370854.0
2020-11-09 20:00:00,2.0566,2.0797,2.0321,2.0567,291438.0
2020-11-09 21:00:00,2.0579,2.0686,2.0384,2.0505,241476.0
2020-11-09 22:00:00,2.0492,2.0558,1.9999,2.0176,244412.0
2020-11-09 23:00:00,2.0174,2.0407,2.011,2.0393,193425.0
2020-11-10 00:00:00,2.0417,2.0485,2.0088,2.0286,220131.0
2020-11-10 01:00:00,2.032,2.0933,2.0202,2.0901,267886.0
2020-11-10 02:00:00,2.0904,2.1105,2.0896,2.0986,284619.0
2020-11-10 03:00:00,2.098,2.147,2.0754,2.1419,344368.0
2020-11-10 04:00:00,2.1416,2.155,2.109,2.1338,297830.0
2020-11-10 05:00:00,2.1341,2.1581,2.1337,2.1428,279727.0
2020-11-10 06:00:00,2.143,2.1535,2.09,2.1039,303482.0
2020-11-10 07:00:00,2.1036,2.1398,2.1014,2.133,243099.0
2020-11-10 08:00:00,2.1342,2.2095,2.1342,2.1959,474954.0
2020-11-10 09:00:00,2.1968,2.2372,2.1916,2.2357,332707.0
2020-11-10 10:00:00,2.2375,2.2455,2.166,2.1705,399314.0
2020-11-10 11:00:00,2.1694,2.1861,2.1059,2.1396,638782.0
2020-11-10 12:00:00,2.1395,2.1852,2.1304,2.1759,391439.0
2020-11-10 13:00:00,2.1763,2.2048,2.14,2.2004,377306.0
2020-11-10 14:00:00,2.2019,2.24,2.1931,2.207,514890.0
2020-11-10 15:00:00,2.2064,2.2147,2.1382,2.1845,476631.0
2020-11-10 16:00:00,2.1849,2.2554,2.1844,2.2465,460479.0
2020-11-10 17:00:00,2.2463,2.3,2.2319,2.2564,582431.0
2020-11-10 18:00:00,2.2556,2.2567,2.2,2.2296,336519.0
2020-11-10 19:00:00,2.2296,2.2517,2.2246,2.2488,216777.0
2020-11-10 20:00:00,2.2475,2.2976,2.2448,2.2714,333218.0
2020-11-10 21:00:00,2.2721,2.286,2.2455,2.2658,310026.0
2020-11-10 22:00:00,2.266,2.3306,2.2571,2.3086,351894.0
2020-11-10 23:00:00,2.3094,2.3241,2.2435,2.2652,523481.0
2020-11-11 00:00:00,2.2659,2.3041,2.262,2.2883,301797.0
2020-11-11 01:00:00,2.2894,2.2948,2.2493,2.2652,209936.0
2020-11-11 02:00:00,2.2656,2.2874,2.2509,2.2845,281140.0
2020-11-11 03:00:00,2.2844,2.3025,2.26,2.2674,246824.0
2020-11-11 04:00:00,2.2687,2.2832,2.2031,2.2056,342064.0
2020-11-11 05:00:00,2.2058,2.2136,2.18,2.1835,263756.0
2020-11-11 06:00:00,2.1833,2.2142,2.1821,2.191,239928.0
2020-11-11 07:00:00,2.1924,2.2314,2.1906,2.2188,202570.0
2020-11-11 08:00:00,2.2192,2.2192,2.185,2.1951,196161.0
2020-11-11 09:00:00,2.1937,2.2244,2.1281,2.1674,302097.0
2020-11-11 10:00:00,2.1673,2.191,2.1523,2.1894,252014.0
2020-11-11 11:00:00,2.1888,2.1922,2.1078,2.1092,306601.0
2020-11-11 12:00:00,2.1113,2.1332,2.1011,2.1128,273067.0
2020-11-11 13:00:00,2.1128,2.1225,2.0816,2.0886,317653.0
2020-11-11 14:00:00,2.0883,2.1287,2.0817,2.1187,312255.0
2020-11-11 15:00:00,2.1189,2.1353,2.1081,2.1164,246265.0
2020-11-11 16:00:00,2.1173,2.164,2.1172,2.1433,401835.0
2020-11-11 17:00:00,2.1432,2.157,2.1051,2.1298,317517.0
2020-11-11 18:00:00,2.1309,2.131,2.0908,2.0971,272354.0
2020-11-11 19:00:00,2.0969,2.1073,2.0141,2.0414,652635.0
2020-11-11 20:00:00,2.04,2.042,1.9674,2.0259,498060.0
2020-11-11 21:00:00,2.0263,2.0454,2.011,2.0407,256862.0
2020-11-11 22:00:00,2.0399,2.0436,2.0146,2.0255,236478.0
2020-11-11 23:00:00,2.0254,2.0267,1.995,2.003,271718.0
2020-11-12 00:00:00,2.0012,2.0069,1.9143,1.9757,478870.0
2020-11-12 01:00:00,1.9759,2.0002,1.9648,1.9973,319947.0
2020-11-12 02:00:00,1.9966,2.0536,1.9927,2.0517,265901.0
2020-11-12 03:00:00,2.0511,2.0584,1.9985,2.0064,375970.0
2020-11-12 04:00:00,2.0063,2.0447,2.0016,2.0443,213645.0
2020-11-12 05:00:00,2.0446,2.0618,2.0274,2.0309,261874.0
2020-11-12 06:00:00,2.0306,2.0574,2.0264,2.0532,203036.0
2020-11-12 07:00:00,2.0531,2.054,2.0395,2.0432,204565.0
2020-11-12 08:00:00,2.0431,2.053,2.0177,2.0217,249652.0
2020-11-12 09:00:00,2.0213,2.0393,2.0123,2.0175,234779.0
2020-11-12 10:00:00,2.0178,2.0286,1.9474,1.9532,419446.0
2020-11-12 11:00:00,1.9529,1.9866,1.9405,1.9689,255657.0
2020-11-12 12:00:00,1.9689,1.9939,1.9631,1.9833,209672.0
2020-11-12 13:00:00,1.9833,1.9869,1.959,1.9629,218338.0
2020-11-12 14:00:00,1.9639,1.9827,1.9013,1.906,353353.0
2020-11-12 15:00:00,1.9058,1.9312,1.9,1.9082,327946.0
2020-11-12 16:00:00,1.9079,1.9089,1.8562,1.8584,354823.0
2020-11-12 17:00:00,1.8585,1.8768,1.8272,1.8291,352643.0
2020-11-12 18:00:00,1.828,1.8725,1.8265,1.8548,324094.0
2020-11-12 19:00:00,1.8554,1.8712,1.8533,1.8659,237027.0
2020-11-12 20:00:00,1.8655,1.8847,1.8634,1.8655,257888.0
2020-11-12 21:00:00,1.8672,1.8732,1.8526,1.8593,232666.0
2020-11-12 22:00:00,1.8588,1.8905,1.8532,1.8758,253761.0
2020-11-12 23:00:00,1.8762,1.909,1.8687,1.9083,243204.0
2020-11-13 00:00:00,1.9082,1.9182,1.9,1.907,186880.0
2020-11-13 01:00:00,1.9072,1.9743,1.9049,1.9496,412702.0
2020-11-13 02:00:00,1.9498,1.9597,1.9275,1.9527,262882.0
2020-11-13 03:00:00,1.9529,1.9787,1.9524,1.9591,239068.0
2020-11-13 04:00:00,1.9594,1.9626,1.9466,1.95,175138.0
2020-11-13 05:00:00,1.9506,1.9516,1.9173,1.9476,261132.0
2020-11-13 06:00:00,1.9477,1.9722,1.9438,1.962,222491.0
2020-11-13 07:00:00,1.9602,1.9621,1.9434,1.955,230882.0
2020-11-13 08:00:00,1.9544,2.0058,1.9392,2.0021,343741.0
2020-11-13 09:00:00,2.0018,2.0521,1.9945,2.0174,444757.0
2020-11-13 10:00:00,2.0171,2.0291,1.9642,1.9872,309723.0
2020-11-13 11:00:00,1.9874,2.0143,1.975,2.0084,229467.0
2020-11-13 12:00:00,2.0085,2.0306,1.9935,2.0023,279751.0
2020-11-13 13:00:00,2.0027,2.0415,1.9893,2.0384,242955.0
2020-11-13 14:00:00,2.0375,2.0651,2.0118,2.0642,350067.0
2020-11-13 15:00:00,2.0635,2.0821,2.022,2.035,324009.0
2020-11-13 16:00:00,2.0344,2.0687,1.9662,2.0002,557223.0
2020-11-13 17:00:00,1.9998,2.005,1.98,1.9985,285630.0
2020-11-13 18:00:00,1.9986,2.0162,1.9949,2.0086,253193.0
2020-11-13 19:00:00,2.0079,2.0189,1.9974,2.0123,204093.0
2020-11-13 20:00:00,2.0128,2.0132,1.9912,1.9938,185032.0
2020-11-13 21:00:00,1.9936,2.0404,1.9936,2.0317,304109.0
2020-11-13 22:00:00,2.0314,2.0596,2.0081,2.0409,348278.0
2020-11-13 23:00:00,2.0416,2.0504,2.0072,2.0191,272180.0
2020-11-14 00:00:00,2.0182,2.0381,1.9942,2.0157,217981.0
2020-11-14 01:00:00,2.0144,2.0162,1.9938,1.9998,223444.0
2020-11-14 02:00:00,2.0017,2.014,1.9921,1.9996,214081.0
2020-11-14 03:00:00,1.9997,2.035,1.993,2.021,265267.0
2020-11-14 04:00:00,2.0213,2.0272,1.9727,1.9763,263184.0
2020-11-14 05:00:00,1.9757,1.9993,1.9504,1.9733,363007.0
2020-11-14 06:00:00,1.973,1.991,1.9567,1.9688,220915.0
2020-11-14 07:00:00,1.9684,1.976,1.9473,1.9606,193932.0
2020-11-14 08:00:00,1.9604,1.9691,1.9106,1.923,327549.0
2020-11-14 09:00:00,1.923,1.9235,1.8783,1.8808,326254.0
2020-11-14 10:00:00,1.8823,1.9171,1.8749,1.8835,328017.0
2020-11-14 11:00:00,1.8824,1.9145,1.8771,1.904,243824.0
2020-11-14 12:00:00,1.9034,1.9224,1.8893,1.919,247836.0
2020-11-14 13:00:00,1.9188,1.9482,1.9125,1.9257,290940.0
2020-11-14 14:00:00,1.9263,1.9565,1.9205,1.9512,284728.0
2020-11-14 15:00:00,1.952,1.9594,1.9158,1.918,300200.0
2020-11-14 16:00:00,1.9181,1.9568,1.8924,1.8962,380270.0
2020-11-14 17:00:00,1.8955,1.941,1.8785,1.933,318571.0
2020-11-14 18:00:00,1.9322,1.9488,1.9277,1.943,253392.0
2020-11-14 19:00:00,1.9422,1.96,1.9332,1.9378,240516.0
2020-11-14 20:00:00,1.9379,1.9519,1.9312,1.9453,234652.0
2020-11-14 21:00:00,1.9435,1.9464,1.9233,1.9317,199371.0
2020-11-14 22:00:00,1.9336,1.9391,1.9159,1.9311,206847.0
2020-11-14 23:00:00,1.931,1.9394,1.9122,1.92,207638.0
2020-11-15 00:00:00,1.9206,1.9627,1.9131,1.9519,252317.0
2020-11-15 01:00:00,1.9521,1.9688,1.9318,1.9546,287778.0
2020-11-15 02:00:00,1.9553,1.9737,1.9389,1.9736,259287.0
2020-11-15 03:00:00,1.9732,1.9784,1.9534,1.9708,262422.0
2020-11-15 04:00:00,1.9703,1.9796,1.9605,1.971,220074.0
2020-11-15 05:00:00,1.9712,2.017,1.9712,2.0164,266042.0
2020-11-15 06:00:00,2.016,2.0576,1.9989,2.042,398187.0
2020-11-15 07:00:00,2.0414,2.0992,2.0281,2.0977,436099.0
2020-11-15 08:00:00,2.0977,2.1636,2.0925,2.1178,656245.0
2020-11-15 09:00:00,2.1178,2.1366,2.0669,2.105,506566.0
2020-11-15 10:00:00,2.105,2.2059,2.1018,2.1729,1249460.0
2020-11-15 11:00:00,2.1731,2.183,2.1196,2.1256,730874.0
2020-11-15 12:00:00,2.1254,2.175,2.1077,2.1432,527301.0
2020-11-15 13:00:00,2.1422,2.1749,2.1109,2.1719,434183.0
2020-11-15 14:00:00,2.172,2.1948,2.1557,2.1711,450418.0
2020-11-15 15:00:00,2.1715,2.2025,2.1558,2.2003,381147.0
2020-11-15 16:00:00,2.2008,2.2252,2.1317,2.1495,651391.0
2020-11-15 17:00:00,2.149,2.154,2.031,2.0651,1087764.0
2020-11-15 18:00:00,2.0644,2.0749,2.032,2.0658,478806.0
2020-11-15 19:00:00,2.0653,2.0808,2.03,2.0328,378266.0
2020-11-15 20:00:00,2.0334,2.0474,1.9981,2.0086,479335.0
2020-11-15 21:00:00,2.009,2.0245,1.9962,2.0011,363797.0
2020-11-15 22:00:00,2.0011,2.0363,1.931,2.0263,557814.0
2020-11-15 23:00:00,2.0299,2.0564,2.0217,2.0431,343936.0
2020-11-16 00:00:00,2.0421,2.0636,1.9859,2.0614,434515.0
2020-11-16 01:00:00,2.0613,2.16,2.0613,2.1387,692504.0
2020-11-16 02:00:00,2.1371,2.1585,2.1208,2.1237,448117.0
2020-11-16 03:00:00,2.1239,2.1599,2.1201,2.1531,332912.0
2020-11-16 04:00:00,2.1537,2.2668,2.1533,2.2185,826532.0
2020-11-16 05:00:00,2.2179,2.2519,2.217,2.2456,358301.0
2020-11-16 06:00:00,2.246,2.2645,2.216,2.2516,492179.0
2020-11-16 07:00:00,2.2526,2.2559,2.1845,2.1919,430297.0
2020-11-16 08:00:00,2.193,2.3501,2.1765,2.3146,764799.0
2020-11-16 09:00:00,2.3146,2.3471,2.2584,2.3399,627921.0
2020-11-16 10:00:00,2.3397,2.3568,2.2707,2.3146,523104.0
2020-11-16 11:00:00,2.3146,2.326,2.2739,2.2739,489702.0
2020-11-16 12:00:00,2.2733,2.317,2.2679,2.2939,357869.0
2020-11-16 13:00:00,2.2938,2.372,2.28,2.3339,714250.0
2020-11-16 14:00:00,2.335,2.3611,2.2518,2.2799,696634.0
2020-11-16 15:00:00,2.2803,2.3072,2.2762,2.2877,328647.0
2020-11-16 16:00:00,2.288,2.3044,2.1822,2.2076,592330.0
2020-11-16 17:00:00,2.206,2.2928,2.206,2.2668,468602.0
2020-11-16 18:00:00,2.2667,2.3069,2.2623,2.2767,409350.0
2020-11-16 19:00:00,2.277,2.2791,2.2318,2.244,268572.0
2020-11-16 20:00:00,2.2447,2.2702,2.2395,2.2457,245138.0
2020-11-16 21:00:00,2.2457,2.2739,2.2241,2.2279,326738.0
2020-11-16 22:00:00,2.2317,2.2777,2.2269,2.2599,258711.0
2020-11-16 23:00:00,2.2602,2.2904,2.2543,2.268,278735.0
2020-11-17 00:00:00,2.2681,2.3333,2.2624,2.3328,395004.0
2020-11-17 01:00:00,2.3328,2.3328,2.278,2.2903,285083.0
2020-11-17 02:00:00,2.2889,2.3147,2.2842,2.297,239151.0
2020-11-17 03:00:00,2.2969,2.3128,2.2888,2.3035,202844.0
2020-11-17 04:00:00,2.3025,2.3303,2.2981,2.3279,254119.0
2020-11-17 05:00:00,2.328,2.3281,2.2373,2.258,385950.0
2020-11-17 06:00:00,2.2588,2.2825,2.257,2.2691,311761.0
2020-11-17 07:00:00,2.2691,2.2793,2.2443,2.2502,238377.0
2020-11-17 08:00:00,2.2509,2.2741,2.2484,2.271,209045.0
2020-11-17 09:00:00,2.2706,2.2785,2.194,2.2235,423289.0
2020-11-17 10:00:00,2.223,2.255,2.22,2.2398,256830.0
2020-11-17 11:00:00,2.2395,2.2403,2.199,2.226,313191.0
2020-11-17 12:00:00,2.226,2.2605,2.2093,2.2427,343014.0
2020-11-17 13:00:00,2.243,2.2582,2.1637,2.1867,711721.0
2020-11-17 14:00:00,2.1868,2.3431,2.1834,2.2674,1685173.0
2020-11-17 15:00:00,2.2674,2.2758,2.1441,2.171,1060218.0
2020-11-17 16:00:00,2.17,2.1781,2.14,2.146,467529.0
2020-11-17 17:00:00,2.145,2.1676,2.1263,2.1515,423090.0
2020-11-17 18:00:00,2.1499,2.1681,2.1441,2.1626,362711.0
2020-11-17 19:00:00,2.1624,2.2557,2.1548,2.2395,421945.0
2020-11-17 20:00:00,2.2407,2.243,2.2043,2.2306,360483.0
2020-11-17 21:00:00,2.2307,2.2447,2.1922,2.2023,299794.0
2020-11-17 22:00:00,2.2036,2.2058,2.1646,2.1998,261234.0
2020-11-17 23:00:00,2.1994,2.2257,2.1896,2.207,359667.0
2020-11-18 00:00:00,2.2041,2.2246,2.193,2.213,349831.0
2020-11-18 01:00:00,2.2119,2.2158,2.1928,2.2064,278828.0
2020-11-18 02:00:00,2.2052,2.2083,2.1841,2.2002,286652.0
2020-11-18 03:00:00,2.2012,2.2016,2.1778,2.1899,323811.0
2020-11-18 04:00:00,2.19,2.201,2.1151,2.146,650065.0
2020-11-18 05:00:00,2.146,2.1859,2.0011,2.0874,1094991.0
2020-11-18 06:00:00,2.0876,2.1224,2.0755,2.1067,578262.0
2020-11-18 07:00:00,2.107,2.1343,2.0914,2.1251,375473.0
2020-11-18 08:00:00,2.1259,2.1438,2.1201,2.1273,248420.0
2020-11-18 09:00:00,2.1269,2.1294,2.0852,2.0977,319946.0
2020-11-18 10:00:00,2.0977,2.1158,2.084,2.1131,270703.0
2020-11-18 11:00:00,2.1129,2.1129,2.0772,2.0796,395251.0
2020-11-18 12:00:00,2.0813,2.0813,2.0305,2.038,452886.0
2020-11-18 13:00:00,2.0407,2.0533,1.9977,2.0272,441611.0
2020-11-18 14:00:00,2.0302,2.0601,2.0159,2.0303,396818.0
2020-11-18 15:00:00,2.0317,2.0773,2.004,2.0622,518453.0
2020-11-18 16:00:00,2.0618,2.1011,2.0392,2.0918,384993.0
2020-11-18 17:00:00,2.0888,2.1283,2.0786,2.1213,340760.0
2020-11-18 18:00:00,2.1223,2.1304,2.0936,2.1031,322463.0
2020-11-18 19:00:00,2.1009,2.125,2.0854,2.0976,279876.0
2020-11-18 20:00:00,2.0982,2.1058,2.0727,2.0891,315267.0
2020-11-18 21:00:00,2.0892,2.11,2.0774,2.1021,317751.0
2020-11-18 22:00:00,2.103,2.1366,2.0973,2.1285,311769.0
2020-11-18 23:00:00,2.1286,2.1321,2.1122,2.1166,246026.0
2020-11-19 00:00:00,2.1151,2.1265,2.0559,2.105,280133.0
2020-11-19 01:00:00,2.1054,2.1152,2.0948,2.1072,253815.0
2020-11-19 02:00:00,2.1069,2.1144,2.0788,2.0905,224825.0
2020-11-19 03:00:00,2.0905,2.1013,2.0552,2.0587,241069.0
2020-11-19 04:00:00,2.0591,2.0741,2.0349,2.0705,371199.0
2020-11-19 05:00:00,2.0704,2.085,2.063,2.079,265091.0
2020-11-19 06:00:00,2.0787,2.0833,2.0601,2.0694,252599.0
2020-11-19 07:00:00,2.0694,2.0721,2.0513,2.0582,279368.0
2020-11-19 08:00:00,2.0582,2.0668,2.0146,2.0302,521186.0
2020-11-19 09:00:00,2.0305,2.0468,2.0156,2.0258,327654.0
2020-11-19 10:00:00,2.0275,2.0504,2.0125,2.0454,312082.0
2020-11-19 11:00:00,2.0457,2.0723,2.0391,2.0623,319697.0
2020-11-19 12:00:00,2.0633,2.1861,2.0584,2.1531,784825.0
2020-11-19 13:00:00,2.1529,2.1883,2.1068,2.1203,517187.0
2020-11-19 14:00:00,2.1189,2.1539,2.1076,2.1456,358783.0
2020-11-19 15:00:00,2.1456,2.1594,2.1252,2.1505,268042.0
2020-11-19 16:00:00,2.1486,2.1725,2.125,2.171,311748.0
2020-11-19 17:00:00,2.1711,2.1786,2.1501,2.1566,225896.0
2020-11-19 18:00:00,2.1567,2.169,2.1267,2.1398,304478.0
2020-11-19 19:00:00,2.1389,2.1459,2.1001,2.1064,316457.0
2020-11-19 20:00:00,2.1073,2.1256,2.101,2.1163,232066.0
2020-11-19 21:00:00,2.1165,2.1334,2.0558,2.0716,368563.0
2020-11-19 22:00:00,2.0701,2.0761,2.0287,2.0371,377266.0
2020-11-19 23:00:00,2.0365,2.0806,2.03,2.0797,303439.0
2020-11-20 00:00:00,2.0802,2.0963,2.0659,2.0754,222286.0
2020-11-20 01:00:00,2.0752,2.1042,2.0623,2.1035,252279.0
2020-11-20 02:00:00,2.1036,2.1129,2.0515,2.0738,382101.0
2020-11-20 03:00:00,2.0731,2.1095,2.0728,2.1069,336567.0
2020-11-20 04:00:00,2.106,2.1293,2.0843,2.0923,354998.0
2020-11-20 05:00:00,2.0923,2.1105,2.0893,2.1096,220802.0
2020-11-20 06:00:00,2.1096,2.1483,2.1042,2.1447,311481.0
2020-11-20 07:00:00,2.1448,2.1721,2.1143,2.1721,342196.0
2020-11-20 08:00:00,2.1722,2.1947,2.1583,2.1922,284832.0
2020-11-20 09:00:00,2.1921,2.2031,2.1573,2.1751,438051.0
2020-11-20 10:00:00,2.175,2.2133,2.1733,2.2054,266640.0
2020-11-20 11:00:00,2.2054,2.2098,2.1639,2.1834,438318.0
2020-11-20 12:00:00,2.1824,2.2445,2.1573,2.226,843639.0
2020-11-20 13:00:00,2.2265,2.2426,2.2052,2.2187,358240.0
2020-11-20 14:00:00,2.22,2.2319,2.1627,2.1864,483120.0
2020-11-20 15:00:00,2.1861,2.1904,2.131,2.1542,496729.0
2020-11-20 16:00:00,2.154,2.1679,2.1338,2.1465,293534.0
2020-11-20 17:00:00,2.1466,2.1708,2.1434,2.1668,268459.0
2020-11-20 18:00:00,2.1658,2.1676,2.1253,2.1457,323922.0
2020-11-20 19:00:00,2.1452,2.149,2.1227,2.14,286794.0
2020-11-20 20:00:00,2.14,2.1587,2.1352,2.1452,280899.0
2020-11-20 21:00:00,2.1447,2.1478,2.1249,2.138,308122.0
2020-11-20 22:00:00,2.1388,2.1436,2.0788,2.1416,486276.0
2020-11-20 23:00:00,2.1414,2.1499,2.0961,2.1052,340827.0
2020-11-21 00:00:00,2.1079,2.1508,2.106,2.1229,308176.0
2020-11-21 01:00:00,2.1227,2.1363,2.1075,2.1111,307707.0
2020-11-21 02:00:00,2.1107,2.1257,2.0654,2.0721,433280.0
2020-11-21 03:00:00,2.0728,2.0879,2.0578,2.0656,277056.0
2020-11-21 04:00:00,2.0652,2.0726,2.0313,2.0674,304385.0
2020-11-21 05:00:00,2.0664,2.0987,2.0649,2.0977,190515.0
2020-11-21 06:00:00,2.0972,2.1289,2.0944,2.127,263847.0
2020-11-21 07:00:00,2.1272,2.1682,2.1259,2.1666,252393.0
2020-11-21 08:00:00,2.1666,2.2044,2.1652,2.1997,426191.0
2020-11-21 09:00:00,2.1996,2.2453,2.1996,2.2121,1050655.0
2020-11-21 10:00:00,2.2113,2.24,2.1858,2.1983,698096.0
2020-11-21 11:00:00,2.2001,2.2145,2.145,2.1665,626693.0
2020-11-21 12:00:00,2.1665,2.1995,2.14,2.1818,569490.0
2020-11-21 13:00:00,2.1816,2.2758,2.1801,2.2286,784229.0
2020-11-21 14:00:00,2.2281,2.3609,2.2281,2.3579,885337.0
2020-11-21 15:00:00,2.3581,2.4122,2.3157,2.4015,853392.0
2020-11-21 16:00:00,2.4022,2.4131,2.3133,2.3218,945360.0
2020-11-21 17:00:00,2.321,2.4288,2.269,2.4216,1217454.0
2020-11-21 18:00:00,2.4225,2.5204,2.398,2.4622,1559445.0
2020-11-21 19:00:00,2.4606,2.47,2.407,2.4521,684207.0
2020-11-21 20:00:00,2.4549,2.455,2.3828,2.3963,514771.0
2020-11-21 21:00:00,2.3956,2.4357,2.3381,2.4256,468122.0
2020-11-21 22:00:00,2.4255,2.4284,2.3027,2.3348,574783.0
2020-11-21 23:00:00,2.3349,2.4131,2.3349,2.3991,400539.0
2020-11-22 00:00:00,2.4013,2.4287,2.2511,2.2804,623859.0
2020-11-22 01:00:00,2.2845,2.3304,2.12,2.1786,1307170.0
2020-11-22 02:00:00,2.1787,2.248,2.1543,2.2407,423572.0
2020-11-22 03:00:00,2.2418,2.2426,2.1877,2.2176,295452.0
2020-11-22 04:00:00,2.2176,2.2196,2.1495,2.1861,365825.0
2020-11-22 05:00:00,2.1863,2.1972,2.145,2.1615,257687.0
2020-11-22 06:00:00,2.1592,2.1806,2.121,2.1787,399141.0
2020-11-22 07:00:00,2.1775,2.2093,2.1,2.2048,368801.0
2020-11-22 08:00:00,2.2045,2.2092,2.1123,2.1158,317478.0
2020-11-22 09:00:00,2.1184,2.246,2.1039,2.2327,370118.0
2020-11-22 10:00:00,2.2331,2.2331,2.1338,2.1694,400778.0
2020-11-22 11:00:00,2.1695,2.1828,2.0302,2.097,719318.0
2020-11-22 12:00:00,2.1009,2.1355,2.0755,2.1067,495126.0
2020-11-22 13:00:00,2.1075,2.1822,2.0925,2.1776,418945.0
2020-11-22 14:00:00,2.1764,2.212,2.1509,2.1639,469532.0
2020-11-22 15:00:00,2.1623,2.1876,2.149,2.1701,367330.0
2020-11-22 16:00:00,2.1693,2.2187,2.1268,2.2133,542296.0
2020-11-22 17:00:00,2.2135,2.2387,2.2031,2.237,369630.0
2020-11-22 18:00:00,2.2361,2.2816,2.2168,2.2397,632066.0
2020-11-22 19:00:00,2.2413,2.2735,2.233,2.2716,331759.0
2020-11-22 20:00:00,2.2715,2.2806,2.2104,2.2105,466107.0
2020-11-22 21:00:00,2.2134,2.2509,2.1797,2.2265,307090.0
2020-11-22 22:00:00,2.2266,2.2495,2.2091,2.2187,288484.0
2020-11-22 23:00:00,2.2195,2.2203,2.1258,2.1502,598082.0
2020-11-23 00:00:00,2.1488,2.1835,2.1201,2.1322,405723.0
2020-11-23 01:00:00,2.1318,2.1685,2.1045,2.1586,330865.0
2020-11-23 02:00:00,2.159,2.1895,2.1549,2.1704,262865.0
2020-11-23 03:00:00,2.1704,2.24,2.1602,2.2198,399846.0
2020-11-23 04:00:00,2.2192,2.2722,2.2122,2.2716,435243.0
2020-11-23 05:00:00,2.2721,2.3151,2.2625,2.2782,381880.0
2020-11-23 06:00:00,2.2769,2.3154,2.2699,2.3119,453518.0
2020-11-23 07:00:00,2.312,2.315,2.2585,2.2687,557051.0
2020-11-23 08:00:00,2.267,2.2988,2.2585,2.2783,370344.0
2020-11-23 09:00:00,2.2784,2.3554,2.2771,2.347,435110.0
2020-11-23 10:00:00,2.3481,2.3611,2.3161,2.359,366152.0
2020-11-23 11:00:00,2.3595,2.3609,2.2843,2.2878,554527.0
2020-11-23 12:00:00,2.29,2.3218,2.2511,2.3106,403232.0
2020-11-23 13:00:00,2.3108,2.3196,2.2372,2.2998,585567.0
2020-11-23 14:00:00,2.3019,2.3121,2.2569,2.2786,429762.0
2020-11-23 15:00:00,2.2827,2.2838,2.1815,2.1996,755812.0
2020-11-23 16:00:00,2.1991,2.2711,2.15,2.2589,739861.0
2020-11-23 17:00:00,2.2572,2.2654,2.2144,2.2363,447946.0
2020-11-23 18:00:00,2.2367,2.2455,2.204,2.2119,274642.0
2020-11-23 19:00:00,2.212,2.234,2.1901,2.2323,268229.0
2020-11-23 20:00:00,2.2326,2.2367,2.2152,2.232,211170.0
2020-11-23 21:00:00,2.2311,2.2836,2.2181,2.2793,463512.0
2020-11-23 22:00:00,2.2805,2.3298,2.2723,2.3202,481827.0
2020-11-23 23:00:00,2.3202,2.3219,2.2655,2.2826,388626.0
2020-11-24 00:00:00,2.2839,2.3235,2.2183,2.3166,689083.0
2020-11-24 01:00:00,2.3167,2.3823,2.285,2.3723,790387.0
2020-11-24 02:00:00,2.3715,2.39,2.31,2.3845,983281.0
2020-11-24 03:00:00,2.3845,2.45,2.3682,2.396,604308.0
2020-11-24 04:00:00,2.3946,2.4593,2.374,2.4429,476336.0
2020-11-24 05:00:00,2.4423,2.4652,2.3734,2.4144,727537.0
2020-11-24 06:00:00,2.4164,2.4164,2.1882,2.2928,1884454.0
2020-11-24 07:00:00,2.2917,2.3853,2.2915,2.3686,748697.0
2020-11-24 08:00:00,2.3682,2.484,2.3682,2.453,698784.0
2020-11-24 09:00:00,2.4529,2.456,2.26,2.2716,1143343.0
2020-11-24 10:00:00,2.2721,2.2801,2.1476,2.2742,1101183.0
2020-11-24 11:00:00,2.276,2.2783,2.2076,2.2236,474494.0
2020-11-24 12:00:00,2.2237,2.2551,2.1323,2.1619,589382.0
2020-11-24 13:00:00,2.1619,2.2452,2.1601,2.2304,430258.0
2020-11-24 14:00:00,2.2298,2.2495,2.1701,2.1959,371808.0
2020-11-24 15:00:00,2.1956,2.2413,2.1794,2.2349,344749.0
2020-11-24 16:00:00,2.2375,2.2522,2.1836,2.2276,610666.0
2020-11-24 17:00:00,2.228,2.2567,2.2193,2.2326,448600.0
2020-11-24 18:00:00,2.2335,2.2527,2.2141,2.2369,314779.0
2020-11-24 19:00:00,2.2367,2.2888,2.2251,2.2638,363180.0
2020-11-24 20:00:00,2.2661,2.2934,2.2186,2.2458,645136.0
2020-11-24 21:00:00,2.2444,2.2864,2.215,2.2702,458209.0
2020-11-24 22:00:00,2.27,2.3029,2.2382,2.2518,262875.0
2020-11-24 23:00:00,2.2518,2.2925,2.2368,2.2894,285876.0
2020-11-25 00:00:00,2.2896,2.3387,2.2374,2.3213,526483.0
2020-11-25 01:00:00,2.3219,2.38,2.3043,2.3791,492321.0
2020-11-25 02:00:00,2.3792,2.3795,2.2165,2.2392,836481.0
2020-11-25 03:00:00,2.2391,2.2604,2.1686,2.1959,460218.0
2020-11-25 04:00:00,2.1959,2.2443,2.1772,2.1929,396807.0
2020-11-25 05:00:00,2.193,2.2336,2.1815,2.2249,351790.0
2020-11-25 06:00:00,2.2243,2.2577,2.2194,2.2402,447369.0
2020-11-25 07:00:00,2.2405,2.2693,2.2256,2.252,261933.0
2020-11-25 08:00:00,2.25,2.2775,2.2289,2.2648,374096.0
2020-11-25 09:00:00,2.2634,2.3004,2.2473,2.2817,298942.0
2020-11-25 10:00:00,2.2816,2.3454,2.2664,2.3376,596297.0
2020-11-25 11:00:00,2.3392,2.3615,2.2919,2.3058,518102.0
2020-11-25 12:00:00,2.3059,2.3628,2.29,2.3615,553049.0
2020-11-25 13:00:00,2.3603,2.44,2.3,2.3328,1760942.0
2020-11-25 14:00:00,2.3327,2.4738,2.2973,2.4493,951362.0
2020-11-25 15:00:00,2.4489,2.4521,2.3922,2.4164,839236.0
2020-11-25 16:00:00,2.4163,2.478,2.3707,2.4497,1865539.0
2020-11-25 17:00:00,2.4476,2.4856,2.3872,2.4191,946069.0
2020-11-25 18:00:00,2.4191,2.4747,2.4044,2.474,607418.0
2020-11-25 19:00:00,2.474,2.4808,2.4054,2.4149,652988.0
2020-11-25 20:00:00,2.4147,2.44,2.2828,2.3374,929775.0
2020-11-25 21:00:00,2.3364,2.36,2.295,2.3123,502858.0
2020-11-25 22:00:00,2.312,2.324,2.1887,2.2436,698528.0
2020-11-25 23:00:00,2.2429,2.293,2.1736,2.2673,752840.0
2020-11-26 00:00:00,2.2651,2.3097,2.2374,2.2885,604997.0
2020-11-26 01:00:00,2.2886,2.2998,2.2201,2.2363,490400.0
2020-11-26 02:00:00,2.2367,2.2394,2.1,2.1451,1110725.0
2020-11-26 03:00:00,2.1424,2.1433,1.7712,1.9243,2093516.0
2020-11-26 04:00:00,1.9191,1.9488,1.8342,1.8883,915986.0
2020-11-26 05:00:00,1.8878,1.9273,1.8603,1.9025,732816.0
2020-11-26 06:00:00,1.8983,1.9233,1.852,1.909,631889.0
2020-11-26 07:00:00,1.9088,1.9132,1.8066,1.8338,888650.0
2020-11-26 08:00:00,1.8331,1.8331,1.712,1.771,1178967.0
2020-11-26 09:00:00,1.7724,1.8368,1.7621,1.8262,490447.0
2020-11-26 10:00:00,1.8261,1.8557,1.8089,1.8513,362525.0
2020-11-26 11:00:00,1.8514,1.8908,1.8226,1.8371,732633.0
2020-11-26 12:00:00,1.837,1.8696,1.8145,1.8649,476929.0
2020-11-26 13:00:00,1.8647,1.8675,1.8208,1.8221,435014.0
2020-11-26 14:00:00,1.8226,1.8386,1.791,1.7912,476962.0
2020-11-26 15:00:00,1.7934,1.8419,1.7884,1.8242,431895.0
2020-11-26 16:00:00,1.823,1.8363,1.7805,1.793,616171.0
2020-11-26 17:00:00,1.7936,1.7936,1.724,1.7536,1041682.0
2020-11-26 18:00:00,1.7519,1.789,1.7336,1.762,433404.0
2020-11-26 19:00:00,1.7623,1.8,1.7284,1.7907,447828.0
2020-11-26 20:00:00,1.79,1.8837,1.79,1.8723,503317.0
2020-11-26 21:00:00,1.8728,1.9032,1.8441,1.8501,444931.0
2020-11-26 22:00:00,1.8501,1.9074,1.84,1.9034,291497.0
2020-11-26 23:00:00,1.904,1.905,1.8643,1.9032,301552.0
2020-11-27 00:00:00,1.902,1.9535,1.8816,1.9427,419121.0
2020-11-27 01:00:00,1.9424,1.9484,1.92,1.9371,384983.0
2020-11-27 02:00:00,1.9359,1.9547,1.8878,1.9047,378708.0
2020-11-27 03:00:00,1.9038,1.9492,1.8867,1.9429,433902.0
2020-11-27 04:00:00,1.9436,1.9615,1.9265,1.928,302251.0
2020-11-27 05:00:00,1.928,1.9485,1.9275,1.9478,255120.0
2020-11-27 06:00:00,1.9474,1.9621,1.941,1.9493,261682.0
2020-11-27 07:00:00,1.9491,1.9499,1.9016,1.9107,271411.0
2020-11-27 08:00:00,1.9084,1.9208,1.8038,1.8432,564838.0
2020-11-27 09:00:00,1.8437,1.8657,1.7925,1.8056,404768.0
2020-11-27 10:00:00,1.8056,1.8577,1.8047,1.8545,272643.0
2020-11-27 11:00:00,1.8548,1.8549,1.8058,1.8201,268072.0
2020-11-27 12:00:00,1.8195,1.8624,1.8185,1.8601,230863.0
2020-11-27 13:00:00,1.8601,1.8863,1.852,1.8798,248785.0
2020-11-27 14:00:00,1.8799,1.9285,1.8452,1.8508,721274.0
2020-11-27 15:00:00,1.8506,1.8603,1.7725,1.7786,606889.0
2020-11-27 16:00:00,1.7765,1.8273,1.7643,1.8233,338604.0
2020-11-27 17:00:00,1.8234,1.8234,1.8013,1.8074,247354.0
2020-11-27 18:00:00,1.8065,1.8279,1.8022,1.8212,229398.0
2020-11-27 19:00:00,1.8212,1.8288,1.8022,1.81,192391.0
2020-11-27 20:00:00,1.8093,1.8577,1.801,1.8559,223516.0
2020-11-27 21:00:00,1.8558,1.8565,1.8136,1.8303,313972.0
2020-11-27 22:00:00,1.8303,1.841,1.8199,1.8217,212760.0
2020-11-27 23:00:00,1.8229,1.8573,1.8229,1.8558,224750.0
2020-11-28 00:00:00,1.8551,1.8601,1.8311,1.859,179730.0
2020-11-28 01:00:00,1.8594,1.8707,1.8515,1.8595,202831.0
2020-11-28 02:00:00,1.8598,1.8598,1.8363,1.838,210395.0
2020-11-28 03:00:00,1.8379,1.8547,1.8269,1.839,250611.0
2020-11-28 04:00:00,1.8386,1.8632,1.8237,1.8364,331171.0
2020-11-28 05:00:00,1.8364,1.8467,1.8169,1.8355,232708.0
2020-11-28 06:00:00,1.8352,1.8365,1.8208,1.8307,196096.0
2020-11-28 07:00:00,1.8311,1.8387,1.8279,1.8301,182692.0
2020-11-28 08:00:00,1.8306,1.8387,1.8054,1.8082,203709.0
2020-11-28 09:00:00,1.8083,1.8472,1.7912,1.8392,341998.0
2020-11-28 10:00:00,1.8403,1.855,1.8347,1.8509,256377.0
2020-11-28 11:00:00,1.8512,1.8642,1.8402,1.8593,205583.0
2020-11-28 12:00:00,1.8593,1.8734,1.8489,1.8538,261343.0
2020-11-28 13:00:00,1.854,1.928,1.8522,1.9173,374905.0
2020-11-28 14:00:00,1.9175,1.9222,1.8901,1.9033,376363.0
2020-11-28 15:00:00,1.9036,1.9259,1.9014,1.9244,291638.0
2020-11-28 16:00:00,1.9245,1.9382,1.9089,1.9172,367567.0
2020-11-28 17:00:00,1.9162,1.922,1.8915,1.9155,271667.0
2020-11-28 18:00:00,1.915,1.9262,1.8933,1.9068,253933.0
2020-11-28 19:00:00,1.907,1.915,1.8928,1.9114,220194.0
2020-11-28 20:00:00,1.9111,1.9115,1.8542,1.8624,249929.0
2020-11-28 21:00:00,1.8621,1.8858,1.8596,1.8797,231782.0
2020-11-28 22:00:00,1.8796,1.8904,1.8725,1.8803,196040.0
2020-11-28 23:00:00,1.8803,1.8952,1.8736,1.8821,210550.0
2020-11-29 00:00:00,1.8813,1.889,1.8588,1.8689,243953.0
2020-11-29 01:00:00,1.8693,1.8705,1.8459,1.8485,217027.0
2020-11-29 02:00:00,1.8485,1.8787,1.8439,1.8773,213615.0
2020-11-29 03:00:00,1.877,1.891,1.8746,1.8842,191692.0
2020-11-29 04:00:00,1.8839,1.8849,1.8635,1.8655,175616.0
2020-11-29 05:00:00,1.8655,1.873,1.8628,1.8682,158331.0
2020-11-29 06:00:00,1.8682,1.8689,1.8526,1.8619,177985.0
2020-11-29 07:00:00,1.8608,1.8907,1.8583,1.888,251820.0
2020-11-29 08:00:00,1.8878,1.9321,1.8845,1.9231,280456.0
2020-11-29 09:00:00,1.9238,1.9417,1.921,1.9398,234795.0
2020-11-29 10:00:00,1.9398,1.9409,1.9264,1.936,238395.0
2020-11-29 11:00:00,1.936,1.9418,1.9114,1.9206,268314.0
2020-11-29 12:00:00,1.9206,1.9243,1.8903,1.9015,214487.0
2020-11-29 13:00:00,1.9016,1.9177,1.9002,1.9177,174771.0
2020-11-29 14:00:00,1.9181,1.9324,1.9103,1.9114,216877.0
2020-11-29 15:00:00,1.9112,1.9157,1.8961,1.91,180352.0
2020-11-29 16:00:00,1.91,1.9135,1.8846,1.8922,305347.0
2020-11-29 17:00:00,1.8917,1.9,1.8872,1.8879,209730.0
2020-11-29 18:00:00,1.8878,1.8887,1.87,1.8847,203939.0
2020-11-29 19:00:00,1.8839,1.8875,1.8628,1.868,223815.0
2020-11-29 20:00:00,1.8679,1.8962,1.8674,1.8906,211310.0
2020-11-29 21:00:00,1.8922,1.92,1.8917,1.9096,220207.0
2020-11-29 22:00:00,1.9085,1.9108,1.8813,1.8921,196230.0
2020-11-29 23:00:00,1.8921,1.9123,1.8921,1.9093,191712.0
2020-11-30 00:00:00,1.9101,1.9639,1.9101,1.9617,278137.0
2020-11-30 01:00:00,1.9618,1.9766,1.9541,1.9719,341970.0
2020-11-30 02:00:00,1.9721,1.9766,1.9569,1.9596,245964.0
2020-11-30 03:00:00,1.9594,1.9721,1.9544,1.9639,235154.0
2020-11-30 04:00:00,1.9641,1.9667,1.944,1.9527,268155.0
2020-11-30 05:00:00,1.9526,1.9645,1.944,1.9458,175837.0
2020-11-30 06:00:00,1.9453,1.9578,1.9373,1.9448,59059.0
2020-11-30 07:00:00,1.9457,1.9482,1.9369,1.9443,232103.0
2020-11-30 08:00:00,1.9444,1.9444,1.8979,1.9171,342493.0
2020-11-30 09:00:00,1.9173,1.937,1.8989,1.9289,229014.0
2020-11-30 10:00:00,1.9291,1.9525,1.9243,1.9444,264687.0
2020-11-30 11:00:00,1.9442,1.958,1.9442,1.956,218974.0
2020-11-30 12:00:00,1.9568,1.9827,1.9557,1.9771,311251.0
2020-11-30 13:00:00,1.9769,1.9848,1.9331,1.9697,537386.0
2020-11-30 14:00:00,1.9718,2.015,1.9636,1.9705,501613.0
2020-11-30 15:00:00,1.9711,1.9861,1.9412,1.9534,365870.0
2020-11-30 16:00:00,1.9527,2.012,1.9499,1.9745,464324.0
2020-11-30 17:00:00,1.9743,1.9944,1.9598,1.9768,258255.0
2020-11-30 18:00:00,1.9768,1.99,1.9639,1.9678,235534.0
2020-11-30 19:00:00,1.9679,1.9856,1.9546,1.9632,241877.0
2020-11-30 20:00:00,1.963,1.9685,1.943,1.9671,228609.0
2020-11-30 21:00:00,1.9669,1.9735,1.9593,1.9673,202626.0
2020-11-30 22:00:00,1.9677,1.9731,1.9542,1.9719,164956.0
2020-11-30 23:00:00,1.9713,1.9806,1.9526,1.959,308345.0
2020-12-01 00:00:00,1.9594,1.9617,1.9376,1.9437,197022.0
2020-12-01 01:00:00,1.9435,1.9493,1.9232,1.9437,249263.0
2020-12-01 02:00:00,1.9437,1.9812,1.9434,1.9802,223358.0
2020-12-01 03:00:00,1.9803,1.9888,1.9645,1.9678,282466.0
2020-12-01 04:00:00,1.9662,1.9837,1.9646,1.9741,197379.0
2020-12-01 05:00:00,1.9741,2.0509,1.9682,2.0506,559745.0
2020-12-01 06:00:00,2.0505,2.0828,2.0273,2.0698,635875.0
2020-12-01 07:00:00,2.0699,2.1334,2.0504,2.1186,371923.0
2020-12-01 08:00:00,2.1194,2.1221,2.0804,2.0905,439231.0
2020-12-01 09:00:00,2.0912,2.1004,2.0766,2.0912,221669.0
2020-12-01 10:00:00,2.0911,2.1077,2.0657,2.0802,307932.0
2020-12-01 11:00:00,2.0792,2.0967,2.02,2.0609,574828.0
2020-12-01 12:00:00,2.0619,2.0748,1.9335,1.9575,805571.0
2020-12-01 13:00:00,1.9581,1.9711,1.9032,1.9541,646287.0
2020-12-01 14:00:00,1.9538,2.0086,1.9361,1.9983,407749.0
2020-12-01 15:00:00,1.9982,2.0845,1.9895,2.0428,772674.0
2020-12-01 16:00:00,2.0427,2.0609,1.9797,1.9958,604992.0
2020-12-01 17:00:00,1.9949,2.0145,1.9604,2.0128,331223.0
2020-12-01 18:00:00,2.0138,2.0138,1.9569,1.9721,396511.0
2020-12-01 19:00:00,1.972,2.0061,1.9695,2.0013,283472.0
2020-12-01 20:00:00,2.0013,2.0053,1.9788,1.9944,222313.0
2020-12-01 21:00:00,1.9947,2.0215,1.989,2.0124,250798.0
2020-12-01 22:00:00,2.0125,2.0364,1.9926,1.9949,267906.0
2020-12-01 23:00:00,1.9943,1.9994,1.9631,1.9695,230446.0
2020-12-02 00:00:00,1.9681,2.0288,1.9252,2.0279,337303.0
2020-12-02 01:00:00,2.0279,2.0783,2.0115,2.0775,375692.0
2020-12-02 02:00:00,2.0777,2.0799,2.0251,2.0268,350347.0
2020-12-02 03:00:00,2.0265,2.0457,2.0034,2.02,274679.0
2020-12-02 04:00:00,2.0199,2.032,1.984,2.0086,349524.0
2020-12-02 05:00:00,2.0089,2.0196,1.9892,2.014,253035.0
2020-12-02 06:00:00,2.0138,2.0528,2.0072,2.0451,280179.0
2020-12-02 07:00:00,2.0446,2.063,2.034,2.0592,258523.0
2020-12-02 08:00:00,2.059,2.0662,2.0387,2.0465,260715.0
2020-12-02 09:00:00,2.0459,2.0589,2.0367,2.052,236039.0
2020-12-02 10:00:00,2.0518,2.0641,2.0344,2.0534,218457.0
2020-12-02 11:00:00,2.0535,2.093,2.049,2.0783,409675.0
2020-12-02 12:00:00,2.0787,2.079,2.0324,2.0673,469264.0
2020-12-02 13:00:00,2.0672,2.111,2.0624,2.1076,331443.0
2020-12-02 14:00:00,2.1076,2.1235,2.0833,2.0882,348429.0
2020-12-02 15:00:00,2.0876,2.1379,2.0592,2.1153,912152.0
2020-12-02 16:00:00,2.1167,2.1291,2.0915,2.0973,493271.0
2020-12-02 17:00:00,2.0974,2.1773,2.0969,2.152,551349.0
2020-12-02 18:00:00,2.1516,2.2047,2.1488,2.1583,604271.0
2020-12-02 19:00:00,2.1572,2.1754,2.1286,2.1365,340069.0
2020-12-02 20:00:00,2.1359,2.1359,2.091,2.1141,422582.0
2020-12-02 21:00:00,2.1141,2.1302,2.1113,2.1222,216333.0
2020-12-02 22:00:00,2.1218,2.1327,2.0985,2.1036,243726.0
2020-12-02 23:00:00,2.1037,2.1285,2.1019,2.116,254779.0
2020-12-03 00:00:00,2.1152,2.1306,2.1079,2.1238,237088.0
2020-12-03 01:00:00,2.1239,2.1251,2.0705,2.0804,331942.0
2020-12-03 02:00:00,2.0802,2.1227,2.0802,2.1205,258998.0
2020-12-03 03:00:00,2.1224,2.1444,2.1153,2.1389,241596.0
2020-12-03 04:00:00,2.1384,2.1512,2.125,2.1453,318350.0
2020-12-03 05:00:00,2.1452,2.1868,2.1399,2.1428,502759.0
2020-12-03 06:00:00,2.143,2.2223,2.143,2.1561,1361103.0
2020-12-03 07:00:00,2.1559,2.189,2.1236,2.1802,528585.0
2020-12-03 08:00:00,2.1801,2.2073,2.1798,2.1922,398258.0
2020-12-03 09:00:00,2.1904,2.2001,2.1729,2.1953,257168.0
2020-12-03 10:00:00,2.1952,2.211,2.1839,2.2086,235110.0
2020-12-03 11:00:00,2.206,2.2177,2.1787,2.2031,351748.0
2020-12-03 12:00:00,2.203,2.2184,2.1257,2.1513,703230.0
2020-12-03 13:00:00,2.1513,2.1718,2.1308,2.1335,273264.0
2020-12-03 14:00:00,2.1334,2.1557,2.1257,2.1398,306186.0
2020-12-03 15:00:00,2.1399,2.1404,2.1094,2.1127,387185.0
2020-12-03 16:00:00,2.1125,2.1199,2.0841,2.1,399008.0
2020-12-03 17:00:00,2.0997,2.1127,2.0866,2.1102,252663.0
2020-12-03 18:00:00,2.1102,2.1394,2.1062,2.1222,409417.0
2020-12-03 19:00:00,2.1223,2.1243,2.1064,2.114,202709.0
2020-12-03 20:00:00,2.1141,2.1172,2.097,2.0976,195739.0
2020-12-03 21:00:00,2.0976,2.1202,2.0972,2.1082,170213.0
2020-12-03 22:00:00,2.1083,2.1173,2.1042,2.1155,166664.0
2020-12-03 23:00:00,2.1143,2.1164,2.0875,2.0989,218423.0
2020-12-04 00:00:00,2.0985,2.1129,2.0957,2.1045,148773.0
2020-12-04 01:00:00,2.1046,2.1073,2.0763,2.081,207348.0
2020-12-04 02:00:00,2.0804,2.0887,2.0354,2.0391,327423.0
2020-12-04 03:00:00,2.0385,2.0485,2.0012,2.0094,333563.0
2020-12-04 04:00:00,2.0092,2.0488,2.0007,2.0479,299565.0
2020-12-04 05:00:00,2.048,2.0617,2.0457,2.0529,259337.0
2020-12-04 06:00:00,2.053,2.0737,2.0504,2.0577,207225.0
2020-12-04 07:00:00,2.0574,2.0574,2.032,2.0415,278943.0
2020-12-04 08:00:00,2.0411,2.0777,2.0383,2.0662,243375.0
2020-12-04 09:00:00,2.0659,2.0747,2.0555,2.0594,191326.0
2020-12-04 10:00:00,2.0594,2.0602,1.9516,1.9798,599005.0
2020-12-04 11:00:00,1.9785,2.0066,1.9394,1.943,346342.0
2020-12-04 12:00:00,1.9424,1.9819,1.926,1.9803,410499.0
2020-12-04 13:00:00,1.9802,1.9802,1.956,1.9671,221533.0
2020-12-04 14:00:00,1.9671,1.9822,1.943,1.9769,296611.0
2020-12-04 15:00:00,1.9769,1.9803,1.9602,1.967,289204.0
2020-12-04 16:00:00,1.966,1.9662,1.9283,1.9514,360528.0
2020-12-04 17:00:00,1.9513,1.9589,1.941,1.9524,199329.0
2020-12-04 18:00:00,1.9522,1.9611,1.9376,1.952,276271.0
2020-12-04 19:00:00,1.9513,1.952,1.933,1.9424,201393.0
2020-12-04 20:00:00,1.9431,1.9439,1.9177,1.9257,226737.0
2020-12-04 21:00:00,1.9259,1.9307,1.8884,1.8999,304967.0
2020-12-04 22:00:00,1.8999,1.9138,1.8256,1.8468,576995.0
2020-12-04 23:00:00,1.8478,1.8768,1.8446,1.8463,242226.0
2020-12-05 00:00:00,1.8449,1.8633,1.8158,1.8479,332150.0
2020-12-05 01:00:00,1.8481,1.8641,1.8344,1.836,259712.0
2020-12-05 02:00:00,1.8355,1.8699,1.8355,1.8582,217569.0
2020-12-05 03:00:00,1.8579,1.8694,1.8465,1.8634,185918.0
2020-12-05 04:00:00,1.8646,1.8734,1.8567,1.8656,236691.0
2020-12-05 05:00:00,1.8657,1.8814,1.8626,1.8778,240643.0
2020-12-05 06:00:00,1.878,1.898,1.877,1.8939,196329.0
2020-12-05 07:00:00,1.8938,1.8972,1.8831,1.8869,193696.0
2020-12-05 08:00:00,1.8866,1.9216,1.8866,1.9206,243521.0
2020-12-05 09:00:00,1.9207,1.9337,1.9162,1.9267,250138.0
2020-12-05 10:00:00,1.9259,1.9308,1.9099,1.919,232488.0
2020-12-05 11:00:00,1.9191,1.9206,1.8907,1.9095,254989.0
2020-12-05 12:00:00,1.9094,1.9218,1.8967,1.9126,210761.0
2020-12-05 13:00:00,1.9108,1.9146,1.8848,1.893,183494.0
2020-12-05 14:00:00,1.8927,1.9295,1.8925,1.9262,209098.0
2020-12-05 15:00:00,1.9261,1.9424,1.9244,1.9331,234318.0
2020-12-05 16:00:00,1.9334,1.9629,1.9249,1.9538,294871.0
2020-12-05 17:00:00,1.9553,1.959,1.9485,1.9549,169896.0
2020-12-05 18:00:00,1.9552,1.9579,1.9333,1.935,224492.0
2020-12-05 19:00:00,1.9348,1.9714,1.9325,1.9707,210981.0
2020-12-05 20:00:00,1.9708,1.9734,1.9478,1.9558,194054.0
2020-12-05 21:00:00,1.9565,1.9656,1.9485,1.9495,187993.0
2020-12-05 22:00:00,1.951,1.956,1.9456,1.9556,137961.0
2020-12-05 23:00:00,1.9556,1.9816,1.9502,1.9776,193189.0
2020-12-06 00:00:00,1.9776,1.9899,1.9606,1.9689,154756.0
2020-12-06 01:00:00,1.9691,1.9703,1.9538,1.9565,147954.0
2020-12-06 02:00:00,1.9555,1.9565,1.932,1.9368,164190.0
2020-12-06 03:00:00,1.9368,1.9432,1.9192,1.9209,183649.0
2020-12-06 04:00:00,1.9198,1.9227,1.9142,1.9181,158943.0
2020-12-06 05:00:00,1.918,1.922,1.9015,1.9104,184744.0
2020-12-06 06:00:00,1.9104,1.9189,1.9058,1.9133,123627.0
2020-12-06 07:00:00,1.9128,1.9348,1.9128,1.9343,140168.0
2020-12-06 08:00:00,1.9341,1.938,1.8919,1.8945,211630.0
2020-12-06 09:00:00,1.8953,1.9037,1.8467,1.8662,377436.0
2020-12-06 10:00:00,1.8663,1.875,1.8535,1.8691,214901.0
2020-12-06 11:00:00,1.869,1.8819,1.8543,1.8767,176601.0
2020-12-06 12:00:00,1.8769,1.877,1.8491,1.8506,173238.0
2020-12-06 13:00:00,1.8509,1.8516,1.8097,1.8257,393442.0
2020-12-06 14:00:00,1.826,1.8475,1.8195,1.8453,262884.0
2020-12-06 15:00:00,1.8454,1.8537,1.831,1.8448,253494.0
2020-12-06 16:00:00,1.8437,1.86,1.8344,1.8375,267649.0
2020-12-06 17:00:00,1.8379,1.8536,1.8315,1.8426,219170.0
2020-12-06 18:00:00,1.8426,1.8489,1.8357,1.841,203524.0
2020-12-06 19:00:00,1.8412,1.8515,1.834,1.8476,226958.0
2020-12-06 20:00:00,1.8476,1.8575,1.8448,1.8528,189605.0
2020-12-06 21:00:00,1.8525,1.8555,1.8442,1.8522,174458.0
2020-12-06 22:00:00,1.8526,1.8579,1.8377,1.8495,224282.0
2020-12-06 23:00:00,1.8504,1.8606,1.8427,1.8515,261307.0
2020-12-07 00:00:00,1.8517,1.8549,1.8461,1.8512,156008.0
2020-12-07 01:00:00,1.852,1.8536,1.8386,1.8457,159600.0
2020-12-07 02:00:00,1.8463,1.8496,1.8385,1.8429,153036.0
2020-12-07 03:00:00,1.842,1.8462,1.838,1.8424,134121.0
2020-12-07 04:00:00,1.8428,1.8485,1.838,1.846,159914.0
2020-12-07 05:00:00,1.8459,1.8572,1.8459,1.8517,170497.0
2020-12-07 06:00:00,1.8517,1.8581,1.8511,1.8554,126874.0
2020-12-07 07:00:00,1.8548,1.8585,1.8531,1.8542,119192.0
2020-12-07 08:00:00,1.8542,1.8547,1.8431,1.8476,175723.0
2020-12-07 09:00:00,1.8469,1.849,1.842,1.8427,151192.0
2020-12-07 10:00:00,1.8426,1.8431,1.8221,1.8244,209825.0
2020-12-07 11:00:00,1.8242,1.8404,1.8237,1.8265,177306.0
2020-12-07 12:00:00,1.8277,1.8762,1.826,1.8679,302597.0
2020-12-07 13:00:00,1.8684,1.8716,1.8616,1.8671,175637.0
2020-12-07 14:00:00,1.8671,1.8811,1.8583,1.8712,259783.0
2020-12-07 15:00:00,1.8706,1.8958,1.8693,1.8913,216765.0
2020-12-07 16:00:00,1.8914,1.9006,1.8849,1.8882,220595.0
2020-12-07 17:00:00,1.8881,1.8935,1.8726,1.8758,234562.0
2020-12-07 18:00:00,1.8759,1.8805,1.8189,1.8218,332116.0
2020-12-07 19:00:00,1.8216,1.8383,1.814,1.8192,285129.0
2020-12-07 20:00:00,1.8184,1.8268,1.81,1.8192,227071.0
2020-12-07 21:00:00,1.8192,1.832,1.816,1.8246,154356.0
2020-12-07 22:00:00,1.8248,1.835,1.824,1.8293,164782.0
2020-12-07 23:00:00,1.8293,1.8341,1.8211,1.8299,156637.0
2020-12-08 00:00:00,1.8287,1.8322,1.8135,1.8259,168212.0
2020-12-08 01:00:00,1.8263,1.8277,1.8123,1.8198,165949.0
2020-12-08 02:00:00,1.8197,1.8227,1.8131,1.8144,138896.0
2020-12-08 03:00:00,1.8155,1.8165,1.7823,1.792,276876.0
2020-12-08 04:00:00,1.7921,1.7951,1.7826,1.79,224951.0
2020-12-08 05:00:00,1.79,1.8162,1.7899,1.8152,199444.0
2020-12-08 06:00:00,1.8151,1.8159,1.7988,1.802,228582.0
2020-12-08 07:00:00,1.8022,1.8058,1.7917,1.7951,253257.0
2020-12-08 08:00:00,1.7954,1.7993,1.7016,1.7354,837520.0
2020-12-08 09:00:00,1.7363,1.7521,1.6685,1.676,725979.0
2020-12-08 10:00:00,1.6759,1.6951,1.652,1.6855,440346.0
2020-12-08 11:00:00,1.6855,1.6938,1.6703,1.6795,255553.0
2020-12-08 12:00:00,1.6795,1.6943,1.6584,1.683,383741.0
2020-12-08 13:00:00,1.6833,1.7156,1.6827,1.713,275195.0
2020-12-08 14:00:00,1.7131,1.7154,1.7,1.7042,201900.0
2020-12-08 15:00:00,1.7043,1.7093,1.6955,1.7077,196664.0
2020-12-08 16:00:00,1.7083,1.7518,1.6979,1.7276,378879.0
2020-12-08 17:00:00,1.7278,1.7604,1.7237,1.7585,242073.0
2020-12-08 18:00:00,1.7585,1.7622,1.733,1.7332,222700.0
2020-12-08 19:00:00,1.7323,1.7544,1.7287,1.7337,222880.0
2020-12-08 20:00:00,1.7336,1.7337,1.6671,1.68,395178.0
2020-12-08 21:00:00,1.6803,1.7065,1.672,1.703,330622.0
2020-12-08 22:00:00,1.7029,1.7166,1.6497,1.6497,259174.0
2020-12-08 23:00:00,1.6497,1.6825,1.6271,1.6617,449208.0
2020-12-09 00:00:00,1.6617,1.6657,1.6422,1.6451,187220.0
2020-12-09 01:00:00,1.6451,1.6717,1.637,1.6604,261084.0
2020-12-09 02:00:00,1.6606,1.6679,1.65,1.6621,236160.0
2020-12-09 03:00:00,1.6627,1.6634,1.6429,1.6595,193012.0
2020-12-09 04:00:00,1.6592,1.662,1.6254,1.6277,187727.0
2020-12-09 05:00:00,1.6269,1.6375,1.6162,1.6254,274808.0
2020-12-09 06:00:00,1.6259,1.6456,1.6253,1.6446,180549.0
2020-12-09 07:00:00,1.6448,1.6477,1.5513,1.553,470407.0
2020-12-09 08:00:00,1.553,1.565,1.4969,1.5538,678696.0
2020-12-09 09:00:00,1.5537,1.5896,1.55,1.584,316901.0
2020-12-09 10:00:00,1.5838,1.6065,1.5667,1.6059,299906.0
2020-12-09 11:00:00,1.6056,1.6305,1.6031,1.6236,297528.0
2020-12-09 12:00:00,1.6235,1.6376,1.607,1.6164,221721.0
2020-12-09 13:00:00,1.6165,1.6486,1.6033,1.6458,281166.0
2020-12-09 14:00:00,1.6456,1.6519,1.6328,1.6503,254997.0
2020-12-09 15:00:00,1.6498,1.651,1.6267,1.6466,274110.0
2020-12-09 16:00:00,1.6475,1.6486,1.6105,1.6315,321170.0
2020-12-09 17:00:00,1.6315,1.646,1.6148,1.6178,304376.0
2020-12-09 18:00:00,1.6177,1.6284,1.5954,1.5996,357652.0
2020-12-09 19:00:00,1.5996,1.6224,1.5995,1.6103,334410.0
2020-12-09 20:00:00,1.6108,1.6398,1.61,1.6317,296673.0
2020-12-09 21:00:00,1.6314,1.6532,1.6268,1.646,305706.0
2020-12-09 22:00:00,1.6461,1.6697,1.6449,1.6645,260829.0
2020-12-09 23:00:00,1.6647,1.6724,1.65,1.6553,220205.0
2020-12-10 00:00:00,1.6552,1.6644,1.6367,1.6452,169467.0
2020-12-10 01:00:00,1.6438,1.6503,1.6338,1.6423,176121.0
2020-12-10 02:00:00,1.6422,1.6478,1.6246,1.6293,176010.0
2020-12-10 03:00:00,1.6297,1.6322,1.6159,1.618,195102.0
2020-12-10 04:00:00,1.6182,1.6287,1.6159,1.6204,162142.0
2020-12-10 05:00:00,1.6207,1.6226,1.598,1.6043,194269.0
2020-12-10 06:00:00,1.6041,1.609,1.582,1.5833,231717.0
2020-12-10 07:00:00,1.5834,1.5942,1.58,1.5896,223207.0
2020-12-10 08:00:00,1.5896,1.6246,1.5881,1.6229,262518.0
2020-12-10 09:00:00,1.6236,1.6388,1.5979,1.5987,316724.0
2020-12-10 10:00:00,1.5987,1.6137,1.5629,1.5663,293994.0
2020-12-10 11:00:00,1.5665,1.581,1.5492,1.5726,409510.0
2020-12-10 12:00:00,1.5713,1.5975,1.5656,1.569,279903.0
2020-12-10 13:00:00,1.5689,1.5958,1.5423,1.5939,450709.0
2020-12-10 14:00:00,1.5939,1.5971,1.559,1.5598,291892.0
2020-12-10 15:00:00,1.5599,1.5733,1.5409,1.5693,324413.0
2020-12-10 16:00:00,1.5691,1.6199,1.5591,1.6101,743587.0
2020-12-10 17:00:00,1.6095,1.6133,1.5977,1.6121,262955.0
2020-12-10 18:00:00,1.6123,1.6145,1.606,1.607,195200.0
2020-12-10 19:00:00,1.6062,1.615,1.6,1.6134,207137.0
2020-12-10 20:00:00,1.6135,1.6212,1.6099,1.6143,257218.0
2020-12-10 21:00:00,1.6146,1.6171,1.5836,1.5884,310066.0
2020-12-10 22:00:00,1.588,1.599,1.5783,1.5819,192440.0
2020-12-10 23:00:00,1.5814,1.5902,1.5672,1.5686,205949.0
2020-12-11 00:00:00,1.5686,1.5778,1.4988,1.5111,395606.0
2020-12-11 01:00:00,1.5115,1.5242,1.4963,1.5084,349591.0
2020-12-11 02:00:00,1.5085,1.5134,1.4977,1.5,244567.0
2020-12-11 03:00:00,1.5,1.5173,1.4952,1.5121,219217.0
2020-12-11 04:00:00,1.5133,1.5204,1.4978,1.5013,197660.0
2020-12-11 05:00:00,1.5006,1.5076,1.4867,1.4963,271183.0
2020-12-11 06:00:00,1.4959,1.5067,1.4884,1.4993,227425.0
2020-12-11 07:00:00,1.4995,1.5041,1.476,1.503,258072.0
2020-12-11 08:00:00,1.5019,1.5237,1.4899,1.4984,300745.0
2020-12-11 09:00:00,1.4974,1.4984,1.4684,1.4781,274727.0
2020-12-11 10:00:00,1.4779,1.4959,1.4521,1.4702,391009.0
2020-12-11 11:00:00,1.4704,1.4713,1.4466,1.4504,395873.0
2020-12-11 12:00:00,1.4508,1.4722,1.4316,1.4697,380087.0
2020-12-11 13:00:00,1.4695,1.4874,1.4658,1.4808,262413.0
2020-12-11 14:00:00,1.4809,1.4939,1.4741,1.4929,216188.0
2020-12-11 15:00:00,1.4931,1.4973,1.4839,1.4934,182003.0
2020-12-11 16:00:00,1.4933,1.4933,1.463,1.4662,216448.0
2020-12-11 17:00:00,1.4655,1.4714,1.4517,1.469,235355.0
2020-12-11 18:00:00,1.4697,1.4789,1.4633,1.4742,209764.0
2020-12-11 19:00:00,1.4746,1.4867,1.4701,1.4743,194701.0
2020-12-11 20:00:00,1.475,1.4994,1.4658,1.4857,343658.0
2020-12-11 21:00:00,1.4855,1.488,1.4633,1.4823,290094.0
2020-12-11 22:00:00,1.4826,1.4951,1.4671,1.4847,244148.0
2020-12-11 23:00:00,1.4841,1.485,1.4363,1.4406,297436.0
2020-12-12 00:00:00,1.4394,1.5174,1.4362,1.5128,339673.0
2020-12-12 01:00:00,1.5136,1.5157,1.4985,1.5024,277583.0
2020-12-12 02:00:00,1.5023,1.508,1.4887,1.4949,290414.0
2020-12-12 03:00:00,1.4939,1.4953,1.4785,1.485,297725.0
2020-12-12 04:00:00,1.485,1.4983,1.4764,1.4918,280317.0
2020-12-12 05:00:00,1.492,1.513,1.492,1.5006,324938.0
2020-12-12 06:00:00,1.5007,1.509,1.4833,1.488,331522.0
2020-12-12 07:00:00,1.488,1.504,1.4864,1.503,225942.0
2020-12-12 08:00:00,1.5018,1.5057,1.4915,1.4986,302409.0
2020-12-12 09:00:00,1.4986,1.5131,1.4986,1.5127,268408.0
2020-12-12 10:00:00,1.5124,1.5171,1.4987,1.5114,271294.0
2020-12-12 11:00:00,1.5116,1.5279,1.5099,1.5258,379784.0
2020-12-12 12:00:00,1.526,1.5337,1.5231,1.5295,333991.0
2020-12-12 13:00:00,1.5295,1.5315,1.5,1.509,356475.0
2020-12-12 14:00:00,1.5089,1.5154,1.476,1.4833,410055.0
2020-12-12 15:00:00,1.4832,1.4836,1.4625,1.4754,392054.0
2020-12-12 16:00:00,1.4744,1.4847,1.471,1.4778,280315.0
2020-12-12 17:00:00,1.4778,1.4894,1.4655,1.4883,226181.0
2020-12-12 18:00:00,1.4883,1.4998,1.4856,1.4995,283214.0
2020-12-12 19:00:00,1.4998,1.51,1.4975,1.5059,259228.0
2020-12-12 20:00:00,1.506,1.5124,1.5026,1.5079,198197.0
2020-12-12 21:00:00,1.5079,1.5112,1.5002,1.5048,170330.0
2020-12-12 22:00:00,1.5045,1.5067,1.4899,1.4958,197410.0
2020-12-12 23:00:00,1.4965,1.4982,1.4835,1.4886,196035.0
2020-12-13 00:00:00,1.4879,1.4961,1.4716,1.4784,222290.0
2020-12-13 01:00:00,1.4782,1.4826,1.4733,1.4777,177403.0
2020-12-13 02:00:00,1.4776,1.4787,1.4687,1.4733,186417.0
2020-12-13 03:00:00,1.4732,1.4753,1.4647,1.4673,127301.0
2020-12-13 04:00:00,1.4677,1.4681,1.454,1.4652,192527.0
2020-12-13 05:00:00,1.4653,1.469,1.4623,1.4679,137339.0
2020-12-13 06:00:00,1.4683,1.4887,1.4675,1.4859,204299.0
2020-12-13 07:00:00,1.4868,1.5191,1.4856,1.5175,308655.0
2020-12-13 08:00:00,1.5181,1.53,1.5156,1.5238,324475.0
2020-12-13 09:00:00,1.5238,1.5294,1.5151,1.5292,168559.0
2020-12-13 10:00:00,1.5295,1.5538,1.5286,1.5493,587854.0
2020-12-13 11:00:00,1.5493,1.5618,1.5377,1.5542,374866.0
2020-12-13 12:00:00,1.5547,1.65,1.548,1.6166,2121191.0
2020-12-13 13:00:00,1.6162,1.6269,1.6,1.6187,717916.0
2020-12-13 14:00:00,1.6183,1.6183,1.5657,1.5898,917324.0
2020-12-13 15:00:00,1.5895,1.5977,1.5588,1.5839,451233.0
2020-12-13 16:00:00,1.5842,1.6142,1.5842,1.6093,487447.0
2020-12-13 17:00:00,1.6092,1.6093,1.5908,1.6038,218048.0
2020-12-13 18:00:00,1.604,1.6047,1.59,1.592,160787.0
2020-12-13 19:00:00,1.592,1.5963,1.5827,1.5843,252078.0
2020-12-13 20:00:00,1.5837,1.5848,1.5655,1.5737,219110.0
2020-12-13 21:00:00,1.5738,1.5843,1.5732,1.5817,205102.0
2020-12-13 22:00:00,1.5822,1.5828,1.54,1.5533,339801.0
2020-12-13 23:00:00,1.5531,1.5679,1.5517,1.5636,196335.0
2020-12-14 00:00:00,1.564,1.5662,1.535,1.5478,269415.0
2020-12-14 01:00:00,1.5476,1.5635,1.5401,1.5613,224265.0
2020-12-14 02:00:00,1.5617,1.5855,1.5575,1.5823,264636.0
2020-12-14 03:00:00,1.5822,1.5966,1.5812,1.5923,242309.0
2020-12-14 04:00:00,1.5923,1.5959,1.57,1.5819,277736.0
2020-12-14 05:00:00,1.5822,1.5939,1.5742,1.5842,217775.0
2020-12-14 06:00:00,1.5841,1.5951,1.583,1.5936,178646.0
2020-12-14 07:00:00,1.5931,1.5948,1.5774,1.5885,242353.0
2020-12-14 08:00:00,1.5882,1.62,1.5862,1.6036,556986.0
2020-12-14 09:00:00,1.6035,1.6244,1.6027,1.6144,352076.0
2020-12-14 10:00:00,1.6141,1.6157,1.5569,1.5695,550091.0
2020-12-14 11:00:00,1.5702,1.5866,1.5333,1.5446,637450.0
2020-12-14 12:00:00,1.5457,1.5667,1.5198,1.5318,521329.0
2020-12-14 13:00:00,1.5316,1.549,1.5204,1.5484,274467.0
2020-12-14 14:00:00,1.5481,1.5633,1.543,1.5575,258942.0
2020-12-14 15:00:00,1.5578,1.5797,1.5563,1.5615,339658.0
2020-12-14 16:00:00,1.5616,1.5641,1.5379,1.5439,275310.0
2020-12-14 17:00:00,1.5433,1.5547,1.543,1.5475,197656.0
2020-12-14 18:00:00,1.5486,1.5611,1.542,1.5506,255522.0
2020-12-14 19:00:00,1.5507,1.5532,1.5431,1.5469,180649.0
2020-12-14 20:00:00,1.5465,1.5505,1.5361,1.5478,214818.0
2020-12-14 21:00:00,1.5476,1.57,1.5396,1.57,262840.0
2020-12-14 22:00:00,1.5701,1.585,1.5653,1.5822,328791.0
2020-12-14 23:00:00,1.5823,1.6057,1.566,1.5936,567174.0
2020-12-15 00:00:00,1.5927,1.6044,1.5905,1.5964,273708.0
2020-12-15 01:00:00,1.5963,1.599,1.5858,1.5916,202262.0
2020-12-15 02:00:00,1.5921,1.659,1.5898,1.6569,1013893.0
2020-12-15 03:00:00,1.6569,1.7639,1.6557,1.7319,1569884.0
2020-12-15 04:00:00,1.7306,1.7314,1.6631,1.6641,804358.0
2020-12-15 05:00:00,1.6661,1.7222,1.651,1.713,1219297.0
2020-12-15 06:00:00,1.713,1.7285,1.6807,1.7039,918273.0
2020-12-15 07:00:00,1.7035,1.7284,1.7004,1.7262,341390.0
2020-12-15 08:00:00,1.7257,1.7282,1.7005,1.7229,412036.0
2020-12-15 09:00:00,1.7228,1.7242,1.666,1.7164,619911.0
2020-12-15 10:00:00,1.7161,1.8,1.6967,1.7768,1106228.0
2020-12-15 11:00:00,1.7762,1.8012,1.7621,1.7711,1116392.0
2020-12-15 12:00:00,1.7706,1.7836,1.7401,1.7521,570402.0
2020-12-15 13:00:00,1.7522,1.777,1.7412,1.753,609197.0
2020-12-15 14:00:00,1.7531,1.7676,1.7114,1.7297,788535.0
2020-12-15 15:00:00,1.7299,1.7404,1.71,1.7247,454667.0
2020-12-15 16:00:00,1.7252,1.7404,1.695,1.7083,613363.0
2020-12-15 17:00:00,1.7081,1.7399,1.7066,1.7369,301899.0
2020-12-15 18:00:00,1.737,1.7578,1.713,1.7196,593615.0
2020-12-15 19:00:00,1.7196,1.7491,1.7193,1.7463,512058.0
2020-12-15 20:00:00,1.7469,1.7478,1.7237,1.733,352506.0
2020-12-15 21:00:00,1.7336,1.7372,1.7021,1.7111,346546.0
2020-12-15 22:00:00,1.7111,1.7296,1.7084,1.7245,269451.0
2020-12-15 23:00:00,1.7246,1.7557,1.7087,1.7534,320324.0
2020-12-16 00:00:00,1.7534,1.7549,1.6515,1.6696,1058674.0
2020-12-16 01:00:00,1.6687,1.6757,1.623,1.6417,704767.0
2020-12-16 02:00:00,1.642,1.6532,1.6414,1.6444,244328.0
2020-12-16 03:00:00,1.6445,1.6459,1.6,1.6247,453296.0
2020-12-16 04:00:00,1.6246,1.6465,1.6184,1.6435,312210.0
2020-12-16 05:00:00,1.6429,1.6591,1.6337,1.6421,333075.0
2020-12-16 06:00:00,1.6421,1.6873,1.6421,1.6824,356331.0
2020-12-16 07:00:00,1.6825,1.6839,1.6524,1.6566,268106.0
2020-12-16 08:00:00,1.6575,1.6821,1.6439,1.6707,310080.0
2020-12-16 09:00:00,1.6705,1.6802,1.6534,1.6762,508307.0
2020-12-16 10:00:00,1.6762,1.6812,1.6546,1.6571,411998.0
2020-12-16 11:00:00,1.6569,1.6603,1.6288,1.6364,559426.0
2020-12-16 12:00:00,1.6373,1.6393,1.6144,1.6306,384331.0
2020-12-16 13:00:00,1.6295,1.673,1.6211,1.6701,643567.0
2020-12-16 14:00:00,1.6692,1.6991,1.6618,1.6928,707037.0
2020-12-16 15:00:00,1.6942,1.7682,1.6876,1.7379,2104092.0
2020-12-16 16:00:00,1.738,1.7541,1.7302,1.7417,538978.0
2020-12-16 17:00:00,1.7418,1.7516,1.6903,1.7089,785125.0
2020-12-16 18:00:00,1.7094,1.7258,1.6879,1.7015,532455.0
2020-12-16 19:00:00,1.7013,1.7222,1.6911,1.7063,420589.0
2020-12-16 20:00:00,1.7068,1.7388,1.7025,1.7176,464625.0
2020-12-16 21:00:00,1.7177,1.7274,1.7026,1.7075,418379.0
2020-12-16 22:00:00,1.7097,1.7523,1.709,1.7457,432346.0
2020-12-16 23:00:00,1.7457,1.7986,1.7341,1.7869,790234.0
2020-12-17 00:00:00,1.7865,1.8167,1.7483,1.7753,999790.0
2020-12-17 01:00:00,1.774,1.7886,1.752,1.7603,411779.0
2020-12-17 02:00:00,1.7615,1.7722,1.7333,1.7387,460219.0
2020-12-17 03:00:00,1.7392,1.747,1.6931,1.7151,848880.0
2020-12-17 04:00:00,1.7153,1.7248,1.6846,1.6879,334057.0
2020-12-17 05:00:00,1.6863,1.7121,1.6862,1.7049,294794.0
2020-12-17 06:00:00,1.7046,1.706,1.6842,1.6965,455431.0
2020-12-17 07:00:00,1.6963,1.744,1.6937,1.7418,386102.0
2020-12-17 08:00:00,1.7416,1.744,1.707,1.7104,380542.0
2020-12-17 09:00:00,1.7105,1.74,1.669,1.7308,752763.0
2020-12-17 10:00:00,1.7302,1.8048,1.7181,1.7879,885164.0
2020-12-17 11:00:00,1.7876,1.7877,1.7305,1.7413,502576.0
2020-12-17 12:00:00,1.741,1.7541,1.7219,1.7316,390287.0
2020-12-17 13:00:00,1.7317,1.7435,1.71,1.7185,423000.0
2020-12-17 14:00:00,1.7185,1.7561,1.7133,1.7435,315739.0
2020-12-17 15:00:00,1.7422,1.7505,1.734,1.7416,279279.0
2020-12-17 16:00:00,1.7417,1.7638,1.7355,1.7375,512048.0
2020-12-17 17:00:00,1.7378,1.7441,1.6868,1.6918,484436.0
2020-12-17 18:00:00,1.6907,1.7228,1.6571,1.6984,630864.0
2020-12-17 19:00:00,1.6986,1.7088,1.6689,1.6737,436019.0
2020-12-17 20:00:00,1.6741,1.7024,1.66,1.6918,486341.0
2020-12-17 21:00:00,1.6904,1.6913,1.6382,1.6688,463674.0
2020-12-17 22:00:00,1.6691,1.6875,1.663,1.6842,248747.0
2020-12-17 23:00:00,1.684,1.6853,1.6618,1.6808,235957.0
2020-12-18 00:00:00,1.68,1.6815,1.6317,1.647,395646.0
2020-12-18 01:00:00,1.647,1.6757,1.634,1.6693,374509.0
2020-12-18 02:00:00,1.6692,1.6844,1.6684,1.6743,245321.0
2020-12-18 03:00:00,1.6742,1.6789,1.654,1.6682,310367.0
2020-12-18 04:00:00,1.6682,1.6718,1.6504,1.656,264572.0
2020-12-18 05:00:00,1.6557,1.6756,1.6527,1.672,250263.0
2020-12-18 06:00:00,1.6717,1.6863,1.6659,1.6832,201840.0
2020-12-18 07:00:00,1.6832,1.688,1.6702,1.6848,192299.0
2020-12-18 08:00:00,1.6857,1.6986,1.6762,1.6907,355668.0
2020-12-18 09:00:00,1.6904,1.7022,1.6808,1.7001,272999.0
2020-12-18 10:00:00,1.6998,1.7104,1.6834,1.6966,285053.0
2020-12-18 11:00:00,1.6966,1.6979,1.67,1.6812,315816.0
2020-12-18 12:00:00,1.6809,1.6859,1.6607,1.6837,280553.0
2020-12-18 13:00:00,1.683,1.6925,1.6551,1.6567,381134.0
2020-12-18 14:00:00,1.6574,1.6709,1.6424,1.6552,327028.0
2020-12-18 15:00:00,1.6552,1.6576,1.6405,1.6468,230224.0
2020-12-18 16:00:00,1.648,1.66,1.6393,1.6502,233149.0
2020-12-18 17:00:00,1.652,1.6864,1.6506,1.6831,407179.0
2020-12-18 18:00:00,1.6831,1.6847,1.6638,1.6751,292943.0
2020-12-18 19:00:00,1.675,1.6763,1.658,1.6696,216897.0
2020-12-18 20:00:00,1.6696,1.6779,1.662,1.6749,197837.0
2020-12-18 21:00:00,1.6734,1.6854,1.6709,1.6793,264290.0
2020-12-18 22:00:00,1.6788,1.6912,1.6701,1.6855,206985.0
2020-12-18 23:00:00,1.6855,1.7027,1.6819,1.7003,229683.0
2020-12-19 00:00:00,1.701,1.72,1.6972,1.716,196988.0
2020-12-19 01:00:00,1.716,1.7295,1.7102,1.7268,310945.0
2020-12-19 02:00:00,1.727,1.7479,1.7225,1.7435,317841.0
2020-12-19 03:00:00,1.7435,1.7519,1.7425,1.7476,302648.0
2020-12-19 04:00:00,1.7476,1.7495,1.73,1.734,248645.0
2020-12-19 05:00:00,1.7344,1.7369,1.7197,1.7307,226359.0
2020-12-19 06:00:00,1.731,1.7321,1.6961,1.6992,380608.0
2020-12-19 07:00:00,1.6993,1.7208,1.6936,1.716,410988.0
2020-12-19 08:00:00,1.7162,1.725,1.7108,1.7215,283506.0
2020-12-19 09:00:00,1.7215,1.7365,1.7192,1.726,381345.0
2020-12-19 10:00:00,1.7258,1.7348,1.7191,1.7338,222699.0
2020-12-19 11:00:00,1.7338,1.768,1.7323,1.7497,551083.0
2020-12-19 12:00:00,1.749,1.7586,1.7364,1.7438,354399.0
2020-12-19 13:00:00,1.7434,1.7695,1.7377,1.7438,664962.0
2020-12-19 14:00:00,1.7442,1.7468,1.6777,1.7031,726863.0
2020-12-19 15:00:00,1.7034,1.7079,1.6918,1.7021,336449.0
2020-12-19 16:00:00,1.7018,1.7185,1.6773,1.681,395303.0
2020-12-19 17:00:00,1.6808,1.6979,1.6805,1.6878,247264.0
2020-12-19 18:00:00,1.6874,1.6909,1.6759,1.6815,210102.0
2020-12-19 19:00:00,1.681,1.6875,1.6754,1.6851,227151.0
2020-12-19 20:00:00,1.6858,1.6891,1.6833,1.6849,154965.0
2020-12-19 21:00:00,1.6845,1.6859,1.6782,1.6843,116143.0
2020-12-19 22:00:00,1.6844,1.6865,1.6778,1.6851,140695.0
2020-12-19 23:00:00,1.686,1.6904,1.6562,1.6683,349356.0
2020-12-20 00:00:00,1.6673,1.6688,1.6342,1.6427,358413.0
2020-12-20 01:00:00,1.6432,1.65,1.638,1.6433,187147.0
2020-12-20 02:00:00,1.6432,1.6572,1.6413,1.6479,158776.0
2020-12-20 03:00:00,1.6476,1.6514,1.6382,1.641,147760.0
2020-12-20 04:00:00,1.641,1.6429,1.6069,1.6393,301160.0
2020-12-20 05:00:00,1.6393,1.6585,1.6341,1.6547,153244.0
2020-12-20 06:00:00,1.6541,1.6644,1.644,1.6561,160231.0
2020-12-20 07:00:00,1.6563,1.6671,1.6545,1.6667,181864.0
2020-12-20 08:00:00,1.6673,1.68,1.6644,1.6793,236195.0
2020-12-20 09:00:00,1.6792,1.6888,1.6718,1.6778,178544.0
2020-12-20 10:00:00,1.6777,1.678,1.6483,1.6505,198122.0
2020-12-20 11:00:00,1.6505,1.669,1.6496,1.6662,179490.0
2020-12-20 12:00:00,1.6667,1.6667,1.6318,1.6351,232557.0
2020-12-20 13:00:00,1.635,1.6458,1.625,1.6383,258779.0
2020-12-20 14:00:00,1.6381,1.6523,1.6359,1.6505,168195.0
2020-12-20 15:00:00,1.6499,1.6621,1.6445,1.6468,193892.0
2020-12-20 16:00:00,1.6468,1.6514,1.6361,1.6407,192447.0
2020-12-20 17:00:00,1.6402,1.6437,1.6211,1.6224,181344.0
2020-12-20 18:00:00,1.6228,1.6237,1.6,1.6063,312921.0
2020-12-20 19:00:00,1.6063,1.6102,1.561,1.5651,379297.0
2020-12-20 20:00:00,1.5651,1.6074,1.5648,1.6,417346.0
2020-12-20 21:00:00,1.6002,1.6097,1.5511,1.5515,399678.0
2020-12-20 22:00:00,1.5525,1.5606,1.5178,1.5566,459656.0
2020-12-20 23:00:00,1.5575,1.5708,1.5525,1.5638,214867.0
2020-12-21 00:00:00,1.565,1.5761,1.5367,1.5726,320937.0
2020-12-21 01:00:00,1.5725,1.5966,1.5709,1.5875,198529.0
2020-12-21 02:00:00,1.5877,1.5987,1.5864,1.5902,147470.0
2020-12-21 03:00:00,1.5902,1.6137,1.5879,1.6136,260637.0
2020-12-21 04:00:00,1.6134,1.6198,1.5997,1.6027,237325.0
2020-12-21 05:00:00,1.6026,1.6046,1.574,1.5803,195884.0
2020-12-21 06:00:00,1.5806,1.59,1.5586,1.5896,216395.0
2020-12-21 07:00:00,1.5893,1.6098,1.5846,1.6017,165403.0
2020-12-21 08:00:00,1.6014,1.604,1.5565,1.5572,236387.0
2020-12-21 09:00:00,1.5577,1.5644,1.54,1.5556,344898.0
2020-12-21 10:00:00,1.5559,1.5628,1.5052,1.5162,645267.0
2020-12-21 11:00:00,1.516,1.5289,1.514,1.515,224092.0
2020-12-21 12:00:00,1.5148,1.5197,1.4916,1.5195,386475.0
2020-12-21 13:00:00,1.5208,1.5332,1.5169,1.5263,197288.0
2020-12-21 14:00:00,1.5264,1.5434,1.5226,1.54,73881.0
2020-12-21 15:00:00,1.5398,1.5409,1.5296,1.536,158775.0
2020-12-21 16:00:00,1.536,1.55,1.5279,1.5396,145132.0
2020-12-21 17:00:00,1.5396,1.5396,1.5146,1.5258,180216.0
2020-12-21 18:00:00,1.5265,1.545,1.5197,1.5431,233484.0
2020-12-21 19:00:00,1.5433,1.552,1.53,1.5316,272713.0
2020-12-21 20:00:00,1.5332,1.5455,1.5258,1.5327,226705.0
2020-12-21 21:00:00,1.5326,1.5556,1.5263,1.553,225066.0
2020-12-21 22:00:00,1.5527,1.56,1.5467,1.5541,203563.0
2020-12-21 23:00:00,1.5557,1.5587,1.5321,1.5347,243006.0
2020-12-22 00:00:00,1.5353,1.5523,1.5196,1.5197,215038.0
2020-12-22 01:00:00,1.5197,1.5351,1.5132,1.5225,238182.0
2020-12-22 02:00:00,1.5226,1.5563,1.52,1.5528,222829.0
2020-12-22 03:00:00,1.5526,1.5594,1.5475,1.5482,191779.0
2020-12-22 04:00:00,1.5491,1.5626,1.549,1.5551,204825.0
2020-12-22 05:00:00,1.5555,1.5559,1.5124,1.5147,289422.0
2020-12-22 06:00:00,1.5156,1.5256,1.5011,1.5147,234965.0
2020-12-22 07:00:00,1.5147,1.5362,1.5062,1.5147,362857.0
2020-12-22 08:00:00,1.5146,1.5241,1.4696,1.4952,504234.0
2020-12-22 09:00:00,1.4951,1.5161,1.4891,1.5146,254887.0
2020-12-22 10:00:00,1.5152,1.5185,1.4752,1.4816,305686.0
2020-12-22 11:00:00,1.4802,1.5317,1.4796,1.5192,690135.0
2020-12-22 12:00:00,1.5189,1.5282,1.5105,1.5188,327617.0
2020-12-22 13:00:00,1.5185,1.5531,1.5122,1.5501,553102.0
2020-12-22 14:00:00,1.55,1.5719,1.5489,1.5591,569336.0
2020-12-22 15:00:00,1.5591,1.5722,1.5489,1.5504,309144.0
2020-12-22 16:00:00,1.5507,1.5597,1.5187,1.5276,357862.0
2020-12-22 17:00:00,1.5275,1.5317,1.5176,1.525,172493.0
2020-12-22 18:00:00,1.5252,1.5301,1.5168,1.5272,234430.0
2020-12-22 19:00:00,1.5278,1.534,1.5187,1.5317,172980.0
2020-12-22 20:00:00,1.5324,1.5463,1.5051,1.5063,312336.0
2020-12-22 21:00:00,1.5067,1.5109,1.4789,1.4804,339319.0
2020-12-22 22:00:00,1.4819,1.4901,1.47,1.4843,166153.0
2020-12-22 23:00:00,1.4847,1.5009,1.4759,1.4905,257316.0
2020-12-23 00:00:00,1.4903,1.5082,1.488,1.5072,228972.0
2020-12-23 01:00:00,1.5077,1.5133,1.4806,1.4836,231991.0
2020-12-23 02:00:00,1.4829,1.4896,1.4548,1.455,347182.0
2020-12-23 03:00:00,1.4554,1.4677,1.4547,1.4629,302988.0
2020-12-23 04:00:00,1.4624,1.4629,1.4355,1.4386,338882.0
2020-12-23 05:00:00,1.4386,1.4428,1.3804,1.391,678098.0
2020-12-23 06:00:00,1.3911,1.3975,1.3838,1.3888,345088.0
2020-12-23 07:00:00,1.3886,1.402,1.3734,1.3971,413035.0
2020-12-23 08:00:00,1.3971,1.4123,1.3901,1.3923,281657.0
2020-12-23 09:00:00,1.3926,1.4142,1.3817,1.4035,606967.0
2020-12-23 10:00:00,1.4036,1.4038,1.3467,1.351,470061.0
2020-12-23 11:00:00,1.3508,1.3513,1.2809,1.3176,1155091.0
2020-12-23 12:00:00,1.3172,1.385,1.3138,1.3688,599055.0
2020-12-23 13:00:00,1.3688,1.3693,1.32,1.3317,628317.0
2020-12-23 14:00:00,1.3316,1.3404,1.3225,1.3368,322589.0
2020-12-23 15:00:00,1.3368,1.3368,1.2879,1.2952,756879.0
2020-12-23 16:00:00,1.2942,1.3108,1.2768,1.2806,496855.0
2020-12-23 17:00:00,1.2799,1.3055,1.2799,1.2838,448596.0
2020-12-23 18:00:00,1.2835,1.303,1.2833,1.3005,289851.0
2020-12-23 19:00:00,1.3004,1.3063,1.2946,1.3001,282485.0
2020-12-23 20:00:00,1.3003,1.3065,1.2601,1.261,548155.0
2020-12-23 21:00:00,1.261,1.2666,1.2359,1.2403,793027.0
2020-12-23 22:00:00,1.2404,1.2409,1.069,1.1805,2881778.0
2020-12-23 23:00:00,1.1806,1.2254,1.1796,1.1975,720718.0
2020-12-24 00:00:00,1.1975,1.2137,1.1574,1.2018,2039097.0
2020-12-24 01:00:00,1.2012,1.2849,1.1952,1.2827,1059920.0
2020-12-24 02:00:00,1.2834,1.2848,1.2396,1.2437,596192.0
2020-12-24 03:00:00,1.2437,1.2571,1.2298,1.2519,453527.0
2020-12-24 04:00:00,1.2528,1.2762,1.2406,1.2707,572532.0
2020-12-24 05:00:00,1.2704,1.2879,1.2527,1.2741,345132.0
2020-12-24 06:00:00,1.2748,1.286,1.2234,1.2346,586490.0
2020-12-24 07:00:00,1.2337,1.2712,1.2213,1.27,514120.0
2020-12-24 08:00:00,1.27,1.2927,1.262,1.2878,434971.0
2020-12-24 09:00:00,1.2881,1.3001,1.2768,1.294,389684.0
2020-12-24 10:00:00,1.2945,1.2963,1.2634,1.2654,374491.0
2020-12-24 11:00:00,1.2652,1.2884,1.2513,1.2854,399586.0
2020-12-24 12:00:00,1.2854,1.3002,1.2683,1.2801,333658.0
2020-12-24 13:00:00,1.28,1.3195,1.28,1.3135,641538.0
2020-12-24 14:00:00,1.3135,1.3183,1.2943,1.2965,379866.0
2020-12-24 15:00:00,1.2965,1.3123,1.2915,1.31,230575.0
2020-12-24 16:00:00,1.31,1.325,1.3009,1.3016,314532.0
2020-12-24 17:00:00,1.3018,1.3121,1.2908,1.3099,213774.0
2020-12-24 18:00:00,1.31,1.3157,1.3052,1.3155,200877.0
2020-12-24 19:00:00,1.3155,1.3246,1.3059,1.3189,250216.0
2020-12-24 20:00:00,1.3188,1.325,1.3088,1.3212,198583.0
2020-12-24 21:00:00,1.3215,1.3487,1.3207,1.34,241310.0
2020-12-24 22:00:00,1.3408,1.3859,1.3392,1.3845,556543.0
2020-12-24 23:00:00,1.3851,1.3851,1.3501,1.3638,398794.0
2020-12-25 00:00:00,1.3654,1.3689,1.3444,1.3658,288679.0
2020-12-25 01:00:00,1.3657,1.38,1.3574,1.379,302632.0
2020-12-25 02:00:00,1.3789,1.4138,1.3783,1.4137,421992.0
2020-12-25 03:00:00,1.4125,1.4514,1.4041,1.4223,730014.0
2020-12-25 04:00:00,1.4224,1.4362,1.4206,1.4319,179703.0
2020-12-25 05:00:00,1.4327,1.4328,1.4035,1.4096,376090.0
2020-12-25 06:00:00,1.4095,1.4164,1.3961,1.4147,271420.0
2020-12-25 07:00:00,1.4147,1.4205,1.4023,1.4183,222134.0
2020-12-25 08:00:00,1.4187,1.4439,1.4183,1.4338,275828.0
2020-12-25 09:00:00,1.4337,1.4409,1.4242,1.433,275246.0
2020-12-25 10:00:00,1.4342,1.4466,1.4094,1.4167,493600.0
2020-12-25 11:00:00,1.417,1.4211,1.398,1.4062,340860.0
2020-12-25 12:00:00,1.4065,1.4207,1.3981,1.3985,282582.0
2020-12-25 13:00:00,1.399,1.4079,1.3923,1.4057,260901.0
2020-12-25 14:00:00,1.4052,1.406,1.3793,1.3923,480371.0
2020-12-25 15:00:00,1.392,1.4032,1.3677,1.3771,299665.0
2020-12-25 16:00:00,1.376,1.4111,1.3598,1.3698,590370.0
2020-12-25 17:00:00,1.3705,1.3778,1.3552,1.3706,523351.0
2020-12-25 18:00:00,1.3704,1.4112,1.3559,1.4084,475970.0
2020-12-25 19:00:00,1.4088,1.4286,1.3957,1.422,439294.0
2020-12-25 20:00:00,1.4214,1.4358,1.4182,1.4327,249950.0
2020-12-25 21:00:00,1.4327,1.4418,1.426,1.4286,327622.0
2020-12-25 22:00:00,1.4292,1.4366,1.42,1.436,247736.0
2020-12-25 23:00:00,1.4361,1.4457,1.4226,1.4448,236836.0
2020-12-26 00:00:00,1.4447,1.4463,1.4356,1.4425,146269.0
2020-12-26 01:00:00,1.4412,1.4412,1.4318,1.4346,174124.0
2020-12-26 02:00:00,1.4347,1.4381,1.4222,1.4228,171885.0
2020-12-26 03:00:00,1.4226,1.4344,1.4217,1.4237,196873.0
2020-12-26 04:00:00,1.4237,1.4251,1.4116,1.4122,181569.0
2020-12-26 05:00:00,1.412,1.4148,1.4014,1.4038,163510.0
2020-12-26 06:00:00,1.4038,1.4059,1.3951,1.4041,147497.0
2020-12-26 07:00:00,1.404,1.4055,1.365,1.3751,256202.0
2020-12-26 08:00:00,1.3746,1.3943,1.3726,1.3874,272285.0
2020-12-26 09:00:00,1.387,1.3909,1.3635,1.3732,198955.0
2020-12-26 10:00:00,1.373,1.3744,1.3415,1.3464,258549.0
2020-12-26 11:00:00,1.3466,1.3791,1.3375,1.3747,317888.0
2020-12-26 12:00:00,1.3744,1.3801,1.3526,1.363,219028.0
2020-12-26 13:00:00,1.3623,1.369,1.3456,1.3509,176239.0
2020-12-26 14:00:00,1.3511,1.3746,1.3434,1.3648,385423.0
2020-12-26 15:00:00,1.3654,1.3669,1.3362,1.3584,349415.0
2020-12-26 16:00:00,1.3582,1.3941,1.3406,1.3859,560276.0
2020-12-26 17:00:00,1.3859,1.387,1.3685,1.3743,229088.0
2020-12-26 18:00:00,1.3746,1.3796,1.3581,1.3625,292101.0
2020-12-26 19:00:00,1.3623,1.3649,1.3464,1.349,226950.0
2020-12-26 20:00:00,1.3487,1.3544,1.3402,1.3426,241571.0
2020-12-26 21:00:00,1.3428,1.3524,1.3391,1.3451,246665.0
2020-12-26 22:00:00,1.3454,1.3458,1.3069,1.3209,559588.0
2020-12-26 23:00:00,1.3208,1.3284,1.3158,1.3215,229834.0
2020-12-27 00:00:00,1.3209,1.3339,1.3059,1.3103,405474.0
2020-12-27 01:00:00,1.3104,1.3175,1.2922,1.3049,461639.0
2020-12-27 02:00:00,1.3048,1.333,1.3026,1.3165,377671.0
2020-12-27 03:00:00,1.3172,1.326,1.3116,1.315,201660.0
2020-12-27 04:00:00,1.3141,1.3176,1.3083,1.3109,167747.0
2020-12-27 05:00:00,1.3109,1.3161,1.306,1.3115,181128.0
2020-12-27 06:00:00,1.3117,1.3205,1.3064,1.307,335408.0
2020-12-27 07:00:00,1.307,1.3172,1.3026,1.3052,199701.0
2020-12-27 08:00:00,1.3052,1.3075,1.2839,1.2848,361396.0
2020-12-27 09:00:00,1.2852,1.3047,1.281,1.2888,331178.0
2020-12-27 10:00:00,1.2891,1.2924,1.2792,1.2806,185797.0
2020-12-27 11:00:00,1.2802,1.3057,1.273,1.2949,800519.0
2020-12-27 12:00:00,1.2939,1.3147,1.2544,1.2996,1207733.0
2020-12-27 13:00:00,1.2997,1.3304,1.2964,1.3259,730136.0
2020-12-27 14:00:00,1.326,1.3776,1.3218,1.3709,1073159.0
2020-12-27 15:00:00,1.372,1.3992,1.3681,1.3972,805614.0
2020-12-27 16:00:00,1.3974,1.4148,1.3612,1.384,755374.0
2020-12-27 17:00:00,1.3838,1.3839,1.3581,1.3722,356709.0
2020-12-27 18:00:00,1.3723,1.3846,1.3391,1.3392,380847.0
2020-12-27 19:00:00,1.3387,1.3599,1.3375,1.3546,295012.0
2020-12-27 20:00:00,1.355,1.3552,1.29,1.293,450513.0
2020-12-27 21:00:00,1.2934,1.3102,1.2801,1.3082,453030.0
2020-12-27 22:00:00,1.3076,1.3153,1.2947,1.3135,273556.0
2020-12-27 23:00:00,1.3131,1.3333,1.299,1.3023,274394.0
2020-12-28 00:00:00,1.3027,1.3518,1.2857,1.3515,611954.0
2020-12-28 01:00:00,1.3514,1.3524,1.3258,1.3354,261885.0
2020-12-28 02:00:00,1.3352,1.3435,1.3197,1.3302,241137.0
2020-12-28 03:00:00,1.3302,1.3356,1.3247,1.3264,217877.0
2020-12-28 04:00:00,1.3257,1.3308,1.315,1.3153,232368.0
2020-12-28 05:00:00,1.3153,1.3273,1.3133,1.3227,200142.0
2020-12-28 06:00:00,1.3228,1.3249,1.317,1.3231,141040.0
2020-12-28 07:00:00,1.3228,1.3595,1.3227,1.35,540604.0
2020-12-28 08:00:00,1.3495,1.3837,1.3461,1.382,442922.0
2020-12-28 09:00:00,1.3813,1.3842,1.3665,1.3757,289984.0
2020-12-28 10:00:00,1.375,1.3813,1.365,1.3731,353379.0
2020-12-28 11:00:00,1.373,1.3824,1.3673,1.3815,330427.0
2020-12-28 12:00:00,1.3816,1.4129,1.3422,1.3564,965022.0
2020-12-28 13:00:00,1.3559,1.3692,1.3413,1.3668,292881.0
2020-12-28 14:00:00,1.3672,1.3854,1.3672,1.3844,220812.0
2020-12-28 15:00:00,1.3847,1.3941,1.3731,1.3902,444946.0
2020-12-28 16:00:00,1.3901,1.4214,1.3875,1.4214,500073.0
2020-12-28 17:00:00,1.4214,1.4366,1.4169,1.4348,289563.0
2020-12-28 18:00:00,1.4343,1.444,1.3951,1.4093,657371.0
2020-12-28 19:00:00,1.4093,1.4297,1.4093,1.4226,266764.0
2020-12-28 20:00:00,1.4226,1.4422,1.4209,1.4386,416267.0
2020-12-28 21:00:00,1.4388,1.5173,1.4386,1.4829,1354052.0
2020-12-28 22:00:00,1.4825,1.5222,1.4502,1.4878,1256131.0
2020-12-28 23:00:00,1.4873,1.5222,1.4823,1.5169,446906.0
2020-12-29 00:00:00,1.5165,1.5513,1.4637,1.472,1253574.0
2020-12-29 01:00:00,1.472,1.506,1.4458,1.5046,646605.0
2020-12-29 02:00:00,1.5047,1.506,1.4552,1.5027,596632.0
2020-12-29 03:00:00,1.5025,1.5033,1.4321,1.4407,618768.0
2020-12-29 04:00:00,1.4406,1.4844,1.4366,1.4809,487426.0
2020-12-29 05:00:00,1.4808,1.5545,1.4558,1.5541,957279.0
2020-12-29 06:00:00,1.5526,1.5533,1.5176,1.5343,567294.0
2020-12-29 07:00:00,1.5351,1.56,1.5272,1.542,951009.0
2020-12-29 08:00:00,1.542,1.555,1.52,1.5542,701209.0
2020-12-29 09:00:00,1.5545,1.6142,1.5449,1.5923,1704991.0
2020-12-29 10:00:00,1.5919,1.6491,1.5836,1.5971,2114122.0
2020-12-29 11:00:00,1.5973,1.608,1.5303,1.5734,2080681.0
2020-12-29 12:00:00,1.5731,1.5842,1.5386,1.5439,599761.0
2020-12-29 13:00:00,1.5441,1.606,1.544,1.5774,708282.0
2020-12-29 14:00:00,1.5771,1.6,1.5293,1.5976,1295974.0
2020-12-29 15:00:00,1.5986,1.6254,1.546,1.5552,1158206.0
2020-12-29 16:00:00,1.5541,1.5552,1.5141,1.5351,921833.0
2020-12-29 17:00:00,1.535,1.5376,1.5,1.5196,620245.0
2020-12-29 18:00:00,1.5196,1.548,1.5192,1.5402,441143.0
2020-12-29 19:00:00,1.5398,1.651,1.5393,1.6447,1212440.0
2020-12-29 20:00:00,1.6462,1.7149,1.63,1.6685,2007060.0
2020-12-29 21:00:00,1.6686,1.7293,1.6422,1.6473,1288272.0
2020-12-29 22:00:00,1.6472,1.6594,1.618,1.6271,585491.0
2020-12-29 23:00:00,1.6269,1.6825,1.6248,1.666,559044.0
2020-12-30 00:00:00,1.6661,1.686,1.6224,1.6467,507570.0
2020-12-30 01:00:00,1.6463,1.6541,1.6333,1.6346,275655.0
2020-12-30 02:00:00,1.6347,1.6373,1.6116,1.6209,381174.0
2020-12-30 03:00:00,1.6206,1.6542,1.6167,1.6308,338634.0
2020-12-30 04:00:00,1.6296,1.655,1.6106,1.6396,525451.0
2020-12-30 05:00:00,1.6396,1.6502,1.62,1.6206,302002.0
2020-12-30 06:00:00,1.6207,1.6233,1.5762,1.5948,498444.0
2020-12-30 07:00:00,1.5949,1.6055,1.5747,1.5764,366819.0
2020-12-30 08:00:00,1.576,1.59,1.543,1.5543,564729.0
2020-12-30 09:00:00,1.5545,1.625,1.5323,1.5964,701859.0
2020-12-30 10:00:00,1.5967,1.6186,1.588,1.5969,371182.0
2020-12-30 11:00:00,1.5967,1.5967,1.5535,1.5747,406142.0
2020-12-30 12:00:00,1.5735,1.5756,1.5521,1.5533,268066.0
2020-12-30 13:00:00,1.5533,1.5579,1.5339,1.5391,370546.0
2020-12-30 14:00:00,1.539,1.5801,1.539,1.5606,558673.0
2020-12-30 15:00:00,1.5602,1.5843,1.5555,1.5753,459314.0
2020-12-30 16:00:00,1.5753,1.5865,1.5515,1.5739,499910.0
2020-12-30 17:00:00,1.5739,1.5954,1.5525,1.5947,593695.0
2020-12-30 18:00:00,1.5955,1.6065,1.5556,1.5611,539143.0
2020-12-30 19:00:00,1.5617,1.5797,1.5504,1.5695,423619.0
2020-12-30 20:00:00,1.5697,1.572,1.5534,1.5673,356905.0
2020-12-30 21:00:00,1.5672,1.5719,1.5393,1.5529,394550.0
2020-12-30 22:00:00,1.5529,1.5651,1.5152,1.5215,438704.0
2020-12-30 23:00:00,1.5222,1.5399,1.5186,1.5304,380887.0
2020-12-31 00:00:00,1.5319,1.5382,1.474,1.4746,609467.0
2020-12-31 01:00:00,1.4744,1.4972,1.467,1.4741,593331.0
2020-12-31 02:00:00,1.4737,1.5,1.4731,1.4972,280990.0
2020-12-31 03:00:00,1.4974,1.4982,1.4753,1.4881,332060.0
2020-12-31 04:00:00,1.4884,1.5,1.4816,1.4997,242346.0
2020-12-31 05:00:00,1.4992,1.508,1.493,1.4953,273158.0
2020-12-31 06:00:00,1.4952,1.5147,1.4945,1.514,219575.0
2020-12-31 07:00:00,1.5135,1.5393,1.513,1.5225,406087.0
2020-12-31 08:00:00,1.5229,1.5319,1.5021,1.5202,418765.0
2020-12-31 09:00:00,1.5202,1.5345,1.4883,1.4964,664818.0
2020-12-31 10:00:00,1.4964,1.5046,1.486,1.4874,334256.0
2020-12-31 11:00:00,1.4861,1.5117,1.4722,1.4889,465504.0
2020-12-31 12:00:00,1.4893,1.5028,1.4483,1.4604,660416.0
2020-12-31 13:00:00,1.4606,1.4606,1.412,1.4592,971764.0
2020-12-31 14:00:00,1.4584,1.4586,1.4238,1.4384,483018.0
2020-12-31 15:00:00,1.4385,1.4569,1.435,1.4529,295082.0
2020-12-31 16:00:00,1.4533,1.5074,1.4465,1.4738,620895.0
2020-12-31 17:00:00,1.4743,1.5357,1.4722,1.5239,931886.0
2020-12-31 18:00:00,1.5239,1.5445,1.5071,1.5192,383711.0
2020-12-31 19:00:00,1.5188,1.5435,1.5185,1.541,292649.0
2020-12-31 20:00:00,1.5404,1.543,1.5175,1.5187,304556.0
2020-12-31 21:00:00,1.5186,1.5191,1.5062,1.514,255172.0
2020-12-31 22:00:00,1.513,1.5191,1.5017,1.5088,199200.0
2020-12-31 23:00:00,1.5081,1.5151,1.4833,1.504,459018.0
