datetime,open,high,low,close,volume
2026-01-01 00:00:00,124.58,125.19,124.52,125.07,297564.54
2026-01-01 01:00:00,125.07,125.75,124.8,124.92,620211.47
2026-01-01 02:00:00,124.92,125.18,124.72,125.12,318244.96
2026-01-01 03:00:00,125.11,125.35,124.94,125.14,206666.26
2026-01-01 04:00:00,125.13,125.2,124.73,124.89,249446.86
2026-01-01 05:00:00,124.88,125.25,124.88,125.23,176180.82
2026-01-01 06:00:00,125.24,125.26,124.81,124.83,127040.4
2026-01-01 07:00:00,124.82,124.94,124.14,124.19,417039.27
2026-01-01 08:00:00,124.19,124.67,124.08,124.64,376650.98
2026-01-01 09:00:00,124.64,125.05,124.54,124.96,403620.61
2026-01-01 10:00:00,124.95,125.22,124.88,124.96,292649.25
2026-01-01 11:00:00,124.96,125.16,124.7,125.16,260582.34
2026-01-01 12:00:00,125.16,125.22,124.92,124.95,272964.72
2026-01-01 13:00:00,124.94,125.07,124.64,124.68,302444.39
2026-01-01 14:00:00,124.67,124.87,124.34,124.67,371190.65
2026-01-01 15:00:00,124.66,125.19,124.52,124.9,534222.09
2026-01-01 16:00:00,124.9,124.96,124.2,124.41,531802.14
2026-01-01 17:00:00,124.4,125.62,124.25,125.13,1069090.49
2026-01-01 18:00:00,125.13,125.32,124.96,125.28,333041.01
2026-01-01 19:00:00,125.28,125.75,125.15,125.7,413421.94
2026-01-01 20:00:00,125.7,125.92,125.27,125.33,370715.82
2026-01-01 21:00:00,125.33,125.64,125.25,125.37,154002.79
2026-01-01 22:00:00,125.37,126.2,125.33,126.02,328232.4
2026-01-01 23:00:00,126.02,127.21,125.7,126.83,1110682.15
2026-01-02 00:00:00,126.84,127.1,126.38,126.75,666677.42
2026-01-02 01:00:00,126.75,126.91,126.01,126.16,487441.72
2026-01-02 02:00:00,126.16,126.65,125.81,126.54,445635.68
2026-01-02 03:00:00,126.53,127.99,126.39,127.51,1074723.44
2026-01-02 04:00:00,127.51,127.69,126.91,126.94,472621.19
2026-01-02 05:00:00,126.94,127.41,126.71,127.29,423245.64
2026-01-02 06:00:00,127.28,127.69,127.2,127.3,479512.3
2026-01-02 07:00:00,127.29,127.54,126.86,127.1,500209.79
2026-01-02 08:00:00,127.1,127.95,127.09,127.92,580795.12
2026-01-02 09:00:00,127.92,129.89,127.78,129.37,1979630.63
2026-01-02 10:00:00,129.37,129.98,128.84,128.91,1029746.14
2026-01-02 11:00:00,128.92,128.94,127.94,128.19,811974.18
2026-01-02 12:00:00,128.18,128.61,127.84,128.37,704361.05
2026-01-02 13:00:00,128.38,128.77,128.22,128.32,489672.63
2026-01-02 14:00:00,128.32,129.59,126.76,128.67,2544024.46
2026-01-02 15:00:00,128.68,129.49,127.35,128.94,1805662.1
2026-01-02 16:00:00,128.93,131.8,128.62,130.88,2630134.76
2026-01-02 17:00:00,130.87,132.3,130.65,131.39,1630549.29
2026-01-02 18:00:00,131.4,132.0,130.28,130.76,1158063.42
2026-01-02 19:00:00,130.75,131.75,130.59,131.59,639894.69
2026-01-02 20:00:00,131.6,132.11,130.76,131.07,770429.68
2026-01-02 21:00:00,131.07,132.1,131.07,131.85,412317.44
2026-01-02 22:00:00,131.85,133.29,131.83,132.57,954338.91
2026-01-02 23:00:00,132.57,132.69,131.85,132.24,488533.17
2026-01-03 00:00:00,132.24,132.89,132.18,132.46,442834.46
2026-01-03 01:00:00,132.47,132.92,132.29,132.58,285033.81
2026-01-03 02:00:00,132.59,133.04,132.02,132.8,444734.91
2026-01-03 03:00:00,132.8,133.13,132.11,132.77,554808.06
2026-01-03 04:00:00,132.78,132.85,132.13,132.29,330052.37
2026-01-03 05:00:00,132.3,132.48,131.55,131.84,492306.89
2026-01-03 06:00:00,131.85,132.25,131.0,131.12,564637.2
2026-01-03 07:00:00,131.12,131.35,129.52,130.05,1285064.84
2026-01-03 08:00:00,130.05,130.98,129.74,130.63,754275.73
2026-01-03 09:00:00,130.64,131.43,130.3,131.11,564705.7
2026-01-03 10:00:00,131.11,131.18,130.7,130.89,332718.73
2026-01-03 11:00:00,130.89,130.94,130.38,130.63,283717.24
2026-01-03 12:00:00,130.64,130.88,130.43,130.83,323723.73
2026-01-03 13:00:00,130.83,131.33,130.73,131.22,347987.54
2026-01-03 14:00:00,131.21,132.12,131.06,131.96,673150.49
2026-01-03 15:00:00,131.96,131.98,131.16,131.41,433015.97
2026-01-03 16:00:00,131.41,131.95,131.41,131.71,373916.09
2026-01-03 17:00:00,131.71,131.99,131.59,131.85,221473.48
2026-01-03 18:00:00,131.85,132.07,131.55,131.91,285678.19
2026-01-03 19:00:00,131.9,131.91,131.6,131.73,177848.61
2026-01-03 20:00:00,131.73,131.98,131.27,131.94,292466.49
2026-01-03 21:00:00,131.93,133.03,131.73,132.81,547531.73
2026-01-03 22:00:00,132.81,133.99,132.53,133.38,763309.2
2026-01-03 23:00:00,133.38,133.71,133.02,133.31,359353.15
2026-01-04 00:00:00,133.3,135.0,133.26,134.49,1236862.96
2026-01-04 01:00:00,134.49,134.7,133.35,133.9,744193.79
2026-01-04 02:00:00,133.9,133.96,133.4,133.65,320167.44
2026-01-04 03:00:00,133.65,134.67,133.59,134.56,626404.16
2026-01-04 04:00:00,134.55,134.8,134.16,134.23,460518.43
2026-01-04 05:00:00,134.24,134.55,134.2,134.5,211682.37
2026-01-04 06:00:00,134.5,134.97,133.62,133.71,789668.86
2026-01-04 07:00:00,133.71,134.08,133.52,133.75,427507.06
2026-01-04 08:00:00,133.75,134.12,133.1,134.05,678957.1
2026-01-04 09:00:00,134.04,134.54,133.78,134.27,508454.3
2026-01-04 10:00:00,134.26,134.82,134.16,134.62,568360.49
2026-01-04 11:00:00,134.62,134.62,134.08,134.32,379114.16
2026-01-04 12:00:00,134.33,134.84,134.12,134.27,492906.64
2026-01-04 13:00:00,134.27,134.49,133.67,134.47,515555.02
2026-01-04 14:00:00,134.46,134.93,134.15,134.9,674019.84
2026-01-04 15:00:00,134.89,135.32,134.21,134.83,853379.15
2026-01-04 16:00:00,134.83,135.5,134.68,135.06,656174.88
2026-01-04 17:00:00,135.06,135.31,134.74,134.77,355115.9
2026-01-04 18:00:00,134.77,134.82,133.62,134.13,742888.32
2026-01-04 19:00:00,134.13,134.14,133.03,133.51,851531.36
2026-01-04 20:00:00,133.51,134.2,133.32,133.97,379007.96
2026-01-04 21:00:00,133.97,134.54,133.64,133.87,345294.69
2026-01-04 22:00:00,133.86,134.38,133.72,134.1,241727.92
2026-01-04 23:00:00,134.1,134.81,133.58,134.04,639294.24
2026-01-05 00:00:00,134.05,135.79,133.93,135.49,1482335.29
2026-01-05 01:00:00,135.49,137.75,135.23,136.69,2215208.49
2026-01-05 02:00:00,136.7,137.18,135.62,136.81,993659.76
2026-01-05 03:00:00,136.82,137.29,136.51,136.58,740045.42
2026-01-05 04:00:00,136.58,136.74,134.88,135.63,1177157.63
2026-01-05 05:00:00,135.62,136.28,134.92,134.98,749822.93
2026-01-05 06:00:00,134.98,135.64,134.54,135.53,815122.36
2026-01-05 07:00:00,135.54,135.68,135.02,135.34,494825.29
2026-01-05 08:00:00,135.34,135.89,135.11,135.13,532535.55
2026-01-05 09:00:00,135.13,135.6,134.63,135.37,574230.16
2026-01-05 10:00:00,135.38,135.97,135.2,135.74,509091.14
2026-01-05 11:00:00,135.75,135.75,135.16,135.68,618404.19
2026-01-05 12:00:00,135.69,135.75,134.81,135.04,497505.0
2026-01-05 13:00:00,135.05,135.32,133.1,133.71,1898587.47
2026-01-05 14:00:00,133.71,135.57,133.09,134.93,3162405.84
2026-01-05 15:00:00,134.94,136.47,134.07,136.08,1995288.7
2026-01-05 16:00:00,136.08,136.26,134.92,135.35,1102125.32
2026-01-05 17:00:00,135.35,136.83,134.25,136.48,1229521.33
2026-01-05 18:00:00,136.49,137.55,135.64,137.33,1265461.27
2026-01-05 19:00:00,137.33,138.78,137.06,138.2,1746409.04
2026-01-05 20:00:00,138.2,139.83,137.69,137.82,1696905.96
2026-01-05 21:00:00,137.82,138.71,137.82,138.34,685739.28
2026-01-05 22:00:00,138.34,139.13,138.24,138.75,514855.6
2026-01-05 23:00:00,138.76,138.91,137.82,137.84,494717.52
2026-01-06 00:00:00,137.84,138.15,136.81,137.66,804371.62
2026-01-06 01:00:00,137.66,138.47,137.26,137.49,1024842.8
2026-01-06 02:00:00,137.5,137.95,137.24,137.53,625718.0
2026-01-06 03:00:00,137.54,138.57,137.49,138.31,606583.61
2026-01-06 04:00:00,138.32,138.94,138.13,138.38,579628.79
2026-01-06 05:00:00,138.37,140.09,138.0,139.5,1841383.81
2026-01-06 06:00:00,139.5,139.73,138.76,138.96,898716.71
2026-01-06 07:00:00,138.96,139.04,137.26,137.51,1270971.48
2026-01-06 08:00:00,137.52,138.06,137.31,137.52,586394.41
2026-01-06 09:00:00,137.52,138.35,137.42,137.72,588551.78
2026-01-06 10:00:00,137.72,138.05,137.3,137.65,589279.41
2026-01-06 11:00:00,137.66,139.64,137.55,139.44,1422680.46
2026-01-06 12:00:00,139.44,139.59,138.81,139.01,742568.49
2026-01-06 13:00:00,139.02,139.43,138.66,139.04,870560.4
2026-01-06 14:00:00,139.05,143.45,139.05,141.96,5043069.15
2026-01-06 15:00:00,141.95,143.16,141.06,141.56,2421196.9
2026-01-06 16:00:00,141.55,141.93,138.05,138.86,2798240.99
2026-01-06 17:00:00,138.85,139.13,136.33,136.45,2596087.03
2026-01-06 18:00:00,136.45,137.94,136.12,137.5,1512433.81
2026-01-06 19:00:00,137.5,138.01,137.21,137.45,534809.17
2026-01-06 20:00:00,137.45,139.14,137.42,138.89,899236.91
2026-01-06 21:00:00,138.89,141.96,138.57,140.17,2052621.23
2026-01-06 22:00:00,140.16,140.95,139.48,140.0,790204.74
2026-01-06 23:00:00,139.99,141.34,139.99,141.03,662565.67
2026-01-07 00:00:00,141.04,141.35,139.73,139.81,858238.21
2026-01-07 01:00:00,139.81,140.62,138.75,138.84,954390.59
2026-01-07 02:00:00,138.84,140.07,138.36,139.89,1082112.08
2026-01-07 03:00:00,139.9,140.5,139.29,139.52,628128.56
2026-01-07 04:00:00,139.52,139.66,138.65,138.7,424610.39
2026-01-07 05:00:00,138.7,139.27,138.06,138.43,842478.14
2026-01-07 06:00:00,138.43,139.01,138.39,138.7,367604.47
2026-01-07 07:00:00,138.7,139.36,138.7,139.31,501270.95
2026-01-07 08:00:00,139.31,139.74,138.96,139.32,852116.3
2026-01-07 09:00:00,139.32,139.41,136.42,136.78,2649960.87
2026-01-07 10:00:00,136.79,137.62,136.64,137.48,792105.04
2026-01-07 11:00:00,137.48,138.14,137.41,137.84,534825.96
2026-01-07 12:00:00,137.84,138.13,137.52,137.85,552810.07
2026-01-07 13:00:00,137.85,138.44,137.44,138.04,783768.54
2026-01-07 14:00:00,138.05,138.15,136.5,137.97,1785505.49
2026-01-07 15:00:00,137.98,138.03,135.17,135.61,2662955.07
2026-01-07 16:00:00,135.61,136.6,135.23,135.62,926695.46
2026-01-07 17:00:00,135.63,136.4,135.3,135.5,755706.04
2026-01-07 18:00:00,135.51,135.84,134.55,135.19,1163264.51
2026-01-07 19:00:00,135.18,135.94,134.33,135.68,784618.6
2026-01-07 20:00:00,135.68,135.95,134.93,135.74,523542.92
2026-01-07 21:00:00,135.74,136.28,135.62,136.11,345282.22
2026-01-07 22:00:00,136.1,136.76,135.68,136.4,500618.92
2026-01-07 23:00:00,136.4,137.07,135.78,136.32,1006668.49
2026-01-08 00:00:00,136.31,136.91,135.93,136.76,476406.84
2026-01-08 01:00:00,136.76,137.35,136.63,136.76,455773.44
2026-01-08 02:00:00,136.75,138.0,136.52,137.88,1786694.47
2026-01-08 03:00:00,137.89,138.3,136.51,136.68,744987.13
2026-01-08 04:00:00,136.68,138.29,136.36,137.61,911118.79
2026-01-08 05:00:00,137.61,138.04,136.44,136.56,773659.29
2026-01-08 06:00:00,136.57,136.7,134.63,134.77,1648365.93
2026-01-08 07:00:00,134.78,135.92,133.6,135.81,1595475.12
2026-01-08 08:00:00,135.82,136.17,134.97,135.04,679887.5
2026-01-08 09:00:00,135.05,135.45,134.26,134.4,826395.57
2026-01-08 10:00:00,134.4,135.37,133.85,135.01,988297.59
2026-01-08 11:00:00,135.01,135.25,134.19,134.72,665341.1
2026-01-08 12:00:00,134.71,134.76,133.63,134.05,902551.33
2026-01-08 13:00:00,134.05,134.55,133.65,134.4,687869.39
2026-01-08 14:00:00,134.39,134.42,132.5,133.94,2734981.38
2026-01-08 15:00:00,133.94,136.5,133.3,136.33,2296469.33
2026-01-08 16:00:00,136.32,138.14,136.15,138.12,2082127.62
2026-01-08 17:00:00,138.12,138.8,137.18,138.68,1646657.53
2026-01-08 18:00:00,138.68,139.07,137.85,138.05,1114853.28
2026-01-08 19:00:00,138.05,138.37,137.13,137.48,823987.04
2026-01-08 20:00:00,137.48,137.81,136.46,137.63,995685.42
2026-01-08 21:00:00,137.63,139.8,137.63,139.56,1374201.33
2026-01-08 22:00:00,139.55,140.0,138.25,138.78,1956388.41
2026-01-08 23:00:00,138.79,139.13,138.15,138.3,845832.64
2026-01-09 00:00:00,138.29,139.25,138.22,139.04,540416.3
2026-01-09 01:00:00,139.04,139.54,137.66,138.22,1039815.77
2026-01-09 02:00:00,138.22,139.48,138.13,138.9,705300.21
2026-01-09 03:00:00,138.91,141.14,138.85,140.73,1517740.83
2026-01-09 04:00:00,140.73,141.01,139.55,139.68,814510.69
2026-01-09 05:00:00,139.68,140.1,139.38,139.89,568730.85
2026-01-09 06:00:00,139.88,140.78,139.59,140.62,550498.89
2026-01-09 07:00:00,140.62,140.66,139.46,139.51,745161.38
2026-01-09 08:00:00,139.51,139.63,136.98,137.89,2020383.88
2026-01-09 09:00:00,137.89,139.04,137.83,138.4,1102463.26
2026-01-09 10:00:00,138.4,138.95,138.09,138.67,481628.01
2026-01-09 11:00:00,138.66,138.85,138.01,138.24,596581.16
2026-01-09 12:00:00,138.23,138.58,137.51,137.65,566351.28
2026-01-09 13:00:00,137.65,139.47,137.59,138.57,1409925.35
2026-01-09 14:00:00,138.57,138.59,136.38,136.8,1804862.29
2026-01-09 15:00:00,136.8,140.85,136.11,138.75,4037602.33
2026-01-09 16:00:00,138.76,140.21,138.64,139.89,1399589.53
2026-01-09 17:00:00,139.89,140.02,137.25,138.37,1602910.72
2026-01-09 18:00:00,138.37,138.4,135.7,136.76,1616570.75
2026-01-09 19:00:00,136.75,136.75,135.37,135.71,924632.83
2026-01-09 20:00:00,135.71,135.99,134.86,135.51,1255471.76
2026-01-09 21:00:00,135.51,136.37,135.32,135.9,621599.18
2026-01-09 22:00:00,135.9,136.15,135.47,136.09,296771.82
2026-01-09 23:00:00,136.09,136.41,135.67,135.88,533741.09
2026-01-10 00:00:00,135.89,136.06,135.6,135.8,275511.57
2026-01-10 01:00:00,135.8,136.41,135.68,136.37,355134.75
2026-01-10 02:00:00,136.37,136.62,135.82,136.3,415886.45
2026-01-10 03:00:00,136.3,136.32,135.83,136.05,263970.91
2026-01-10 04:00:00,136.05,136.1,135.66,135.78,282351.33
2026-01-10 05:00:00,135.78,136.28,135.71,135.85,210605.57
2026-01-10 06:00:00,135.85,136.12,135.68,135.91,261410.71
2026-01-10 07:00:00,135.9,136.19,135.87,136.0,187244.11
2026-01-10 08:00:00,136.01,136.29,135.91,136.15,185578.57
2026-01-10 09:00:00,136.14,136.56,136.01,136.53,276748.69
2026-01-10 10:00:00,136.54,136.97,136.3,136.93,561358.67
2026-01-10 11:00:00,136.93,136.93,136.3,136.5,356549.8
2026-01-10 12:00:00,136.51,136.99,136.47,136.54,429633.6
2026-01-10 13:00:00,136.54,136.56,136.0,136.26,426325.01
2026-01-10 14:00:00,136.26,136.4,135.93,136.09,332140.71
2026-01-10 15:00:00,136.09,136.47,136.0,136.35,289433.54
2026-01-10 16:00:00,136.36,136.59,136.09,136.35,215589.52
2026-01-10 17:00:00,136.35,136.65,136.06,136.09,320979.59
2026-01-10 18:00:00,136.1,136.28,135.84,136.1,305916.52
2026-01-10 19:00:00,136.1,136.2,135.92,136.17,149631.02
2026-01-10 20:00:00,136.17,136.22,135.93,136.03,135556.0
2026-01-10 21:00:00,136.03,136.04,135.66,135.7,253473.8
2026-01-10 22:00:00,135.69,135.87,135.3,135.5,317829.01
2026-01-10 23:00:00,135.49,136.0,135.43,135.78,204833.27
2026-01-11 00:00:00,135.79,136.39,135.68,136.33,321123.15
2026-01-11 01:00:00,136.34,136.43,136.03,136.24,156634.43
2026-01-11 02:00:00,136.23,136.4,135.89,135.96,211085.3
2026-01-11 03:00:00,135.96,136.28,135.79,136.21,257792.25
2026-01-11 04:00:00,136.21,136.35,135.92,136.14,220587.79
2026-01-11 05:00:00,136.14,136.39,135.94,136.23,279257.46
2026-01-11 06:00:00,136.23,136.36,135.83,136.11,309408.69
2026-01-11 07:00:00,136.1,136.21,135.92,136.13,110418.12
2026-01-11 08:00:00,136.13,136.86,136.04,136.7,506538.95
2026-01-11 09:00:00,136.7,136.75,136.27,136.39,316383.76
2026-01-11 10:00:00,136.4,136.66,136.2,136.49,211338.49
2026-01-11 11:00:00,136.48,136.71,136.41,136.49,154882.18
2026-01-11 12:00:00,136.5,137.23,136.43,137.01,385230.32
2026-01-11 13:00:00,137.0,137.28,136.86,137.17,424666.46
2026-01-11 14:00:00,137.18,139.41,137.16,139.16,1417694.8
2026-01-11 15:00:00,139.16,139.5,137.77,138.38,1811912.05
2026-01-11 16:00:00,138.38,141.65,138.38,139.98,3274438.14
2026-01-11 17:00:00,139.99,140.17,138.69,139.64,962456.81
2026-01-11 18:00:00,139.63,140.18,139.07,139.98,525126.1
2026-01-11 19:00:00,139.97,140.12,139.0,139.39,639127.45
2026-01-11 20:00:00,139.39,139.39,137.91,138.49,1034283.89
2026-01-11 21:00:00,138.5,138.92,137.93,138.66,497658.44
2026-01-11 22:00:00,138.65,138.66,137.62,138.19,451142.32
2026-01-11 23:00:00,138.18,139.74,137.47,139.65,1148244.35
2026-01-12 00:00:00,139.65,141.33,138.85,141.27,1685320.92
2026-01-12 01:00:00,141.26,141.9,140.63,141.0,1751921.28
2026-01-12 02:00:00,141.0,142.73,140.88,142.37,1310396.48
2026-01-12 03:00:00,142.38,144.4,142.35,142.49,2355576.34
2026-01-12 04:00:00,142.49,143.04,142.39,142.68,752758.89
2026-01-12 05:00:00,142.68,143.18,142.42,142.74,461634.62
2026-01-12 06:00:00,142.73,143.32,141.81,141.96,864816.81
2026-01-12 07:00:00,141.97,142.42,141.28,141.34,845581.56
2026-01-12 08:00:00,141.35,142.0,138.95,139.98,2332478.31
2026-01-12 09:00:00,139.99,140.19,139.06,139.5,1039698.25
2026-01-12 10:00:00,139.51,140.12,138.94,139.18,735283.51
2026-01-12 11:00:00,139.19,140.09,139.1,139.93,546287.43
2026-01-12 12:00:00,139.93,140.24,139.61,139.68,494445.22
2026-01-12 13:00:00,139.68,140.08,139.29,139.69,585552.57
2026-01-12 14:00:00,139.7,140.77,138.59,140.38,1968428.36
2026-01-12 15:00:00,140.38,142.7,139.98,142.55,2047994.59
2026-01-12 16:00:00,142.54,144.26,142.05,142.92,2657589.52
2026-01-12 17:00:00,142.93,143.69,141.1,141.89,1977320.01
2026-01-12 18:00:00,141.89,142.85,140.54,141.19,1980793.31
2026-01-12 19:00:00,141.18,141.46,140.56,140.94,787610.93
2026-01-12 20:00:00,140.94,141.81,139.9,140.15,883991.16
2026-01-12 21:00:00,140.14,140.16,138.23,138.73,1281816.03
2026-01-12 22:00:00,138.73,139.75,138.7,139.09,810428.88
2026-01-12 23:00:00,139.09,139.45,138.57,139.13,569304.49
2026-01-13 00:00:00,139.13,139.33,138.61,139.2,938160.13
2026-01-13 01:00:00,139.2,139.52,138.4,138.82,872473.55
2026-01-13 02:00:00,138.82,139.25,138.02,138.3,605444.32
2026-01-13 03:00:00,138.3,138.73,137.75,138.66,829635.45
2026-01-13 04:00:00,138.66,139.09,138.31,139.06,527636.8
2026-01-13 05:00:00,139.06,140.44,138.73,139.88,1670545.2
2026-01-13 06:00:00,139.88,140.69,139.76,140.55,751892.22
2026-01-13 07:00:00,140.55,140.62,139.88,139.88,614806.5
2026-01-13 08:00:00,139.88,141.82,139.87,141.53,941562.61
2026-01-13 09:00:00,141.53,143.09,141.19,141.87,2310490.68
2026-01-13 10:00:00,141.88,142.59,141.63,142.05,1058159.45
2026-01-13 11:00:00,142.06,142.25,141.48,141.8,813330.49
2026-01-13 12:00:00,141.79,142.33,141.33,142.2,566529.09
2026-01-13 13:00:00,142.2,143.5,141.75,142.39,2468030.06
2026-01-13 14:00:00,142.39,143.79,141.57,141.96,2748772.36
2026-01-13 15:00:00,141.96,143.46,141.1,143.41,2455860.44
2026-01-13 16:00:00,143.42,144.56,142.79,143.12,2291244.68
2026-01-13 17:00:00,143.11,143.61,142.33,142.83,1166770.74
2026-01-13 18:00:00,142.82,143.85,142.61,143.42,810781.86
2026-01-13 19:00:00,143.42,144.39,142.99,144.18,863386.63
2026-01-13 20:00:00,144.18,144.38,142.91,143.76,1041563.48
2026-01-13 21:00:00,143.76,144.25,143.3,143.34,616672.43
2026-01-13 22:00:00,143.33,148.8,143.33,146.92,3746290.97
2026-01-13 23:00:00,146.93,147.56,144.58,145.48,1841350.67
2026-01-14 00:00:00,145.47,145.85,144.29,145.03,1289391.68
2026-01-14 01:00:00,145.03,146.19,144.89,145.66,1078894.94
2026-01-14 02:00:00,145.66,146.56,145.28,145.46,690932.95
2026-01-14 03:00:00,145.45,146.32,145.06,146.22,734735.89
2026-01-14 04:00:00,146.21,146.41,144.75,144.87,1045160.12
2026-01-14 05:00:00,144.88,145.15,144.27,144.42,685251.97
2026-01-14 06:00:00,144.41,144.66,143.86,144.63,822977.43
2026-01-14 07:00:00,144.64,145.0,144.09,144.8,713387.55
2026-01-14 08:00:00,144.8,145.13,144.57,144.84,455843.93
2026-01-14 09:00:00,144.84,145.6,144.8,145.43,471032.78
2026-01-14 10:00:00,145.44,145.7,144.46,144.67,764613.86
2026-01-14 11:00:00,144.67,144.67,143.45,143.7,1061094.22
2026-01-14 12:00:00,143.69,144.7,143.3,144.49,755108.29
2026-01-14 13:00:00,144.48,144.85,143.98,144.16,708900.76
2026-01-14 14:00:00,144.16,147.53,144.15,146.58,2985040.19
2026-01-14 15:00:00,146.58,147.56,145.89,147.02,2180053.15
2026-01-14 16:00:00,147.02,148.4,146.78,147.04,2145125.95
2026-01-14 17:00:00,147.04,147.59,145.66,145.92,1208576.28
2026-01-14 18:00:00,145.92,147.4,145.26,146.29,1229621.79
2026-01-14 19:00:00,146.29,147.5,146.05,146.75,801735.11
2026-01-14 20:00:00,146.76,147.7,146.51,147.48,710614.68
2026-01-14 21:00:00,147.48,147.48,146.18,146.86,624646.97
2026-01-14 22:00:00,146.86,147.12,145.74,146.1,541224.55
2026-01-14 23:00:00,146.11,147.05,145.97,146.61,502731.93
2026-01-15 00:00:00,146.62,146.65,145.41,145.99,594979.46
2026-01-15 01:00:00,145.98,146.44,144.7,145.1,824875.89
2026-01-15 02:00:00,145.09,145.47,144.2,144.43,781332.7
2026-01-15 03:00:00,144.44,144.64,143.1,143.4,1296541.69
2026-01-15 04:00:00,143.41,144.4,143.2,144.39,788960.19
2026-01-15 05:00:00,144.39,144.77,144.22,144.51,462352.93
2026-01-15 06:00:00,144.51,144.8,144.0,144.14,505329.2
2026-01-15 07:00:00,144.14,145.22,144.02,144.93,555153.97
2026-01-15 08:00:00,144.94,145.18,144.0,144.8,629932.08
2026-01-15 09:00:00,144.8,145.95,144.4,145.56,914912.53
2026-01-15 10:00:00,145.57,145.62,145.14,145.34,402727.84
2026-01-15 11:00:00,145.34,145.61,144.72,144.76,446548.14
2026-01-15 12:00:00,144.76,144.99,144.21,144.8,692762.97
2026-01-15 13:00:00,144.81,145.28,144.42,145.11,742954.1
2026-01-15 14:00:00,145.11,145.57,143.14,143.85,1934658.03
2026-01-15 15:00:00,143.84,144.28,141.71,143.39,3121191.31
2026-01-15 16:00:00,143.39,143.96,142.71,143.46,1015140.68
2026-01-15 17:00:00,143.46,144.15,142.39,142.57,935949.56
2026-01-15 18:00:00,142.57,142.95,141.38,141.48,1277940.76
2026-01-15 19:00:00,141.47,141.78,140.77,141.44,1170785.47
2026-01-15 20:00:00,141.43,141.83,140.94,141.35,533691.99
2026-01-15 21:00:00,141.36,142.2,141.22,142.02,328141.15
2026-01-15 22:00:00,142.02,142.52,141.88,142.31,323180.57
2026-01-15 23:00:00,142.31,142.6,141.99,142.32,319496.11
2026-01-16 00:00:00,142.33,142.74,142.15,142.36,350269.32
2026-01-16 01:00:00,142.37,142.64,141.89,142.26,437904.9
2026-01-16 02:00:00,142.26,142.26,141.6,142.14,386285.19
2026-01-16 03:00:00,142.13,142.41,141.78,141.87,253476.12
2026-01-16 04:00:00,141.87,142.66,141.36,141.59,665546.6
2026-01-16 05:00:00,141.59,143.6,141.41,143.11,1027536.35
2026-01-16 06:00:00,143.12,143.3,142.65,143.24,402126.21
2026-01-16 07:00:00,143.24,143.26,142.51,142.86,421887.52
2026-01-16 08:00:00,142.86,143.38,142.83,143.08,426063.22
2026-01-16 09:00:00,143.07,143.4,142.79,142.99,393135.78
2026-01-16 10:00:00,142.98,143.1,142.63,143.01,359204.14
2026-01-16 11:00:00,143.02,143.49,142.71,143.08,527387.49
2026-01-16 12:00:00,143.07,143.8,143.04,143.62,535798.06
2026-01-16 13:00:00,143.62,143.62,142.59,143.0,448477.21
2026-01-16 14:00:00,143.0,143.68,142.74,142.96,625510.46
2026-01-16 15:00:00,142.96,143.62,140.17,140.68,2513576.24
2026-01-16 16:00:00,140.68,141.93,140.54,141.83,976057.16
2026-01-16 17:00:00,141.83,143.36,141.32,143.26,1219638.09
2026-01-16 18:00:00,143.26,144.15,142.91,143.47,943306.33
2026-01-16 19:00:00,143.46,144.45,142.93,144.13,921351.08
2026-01-16 20:00:00,144.14,144.97,143.41,144.9,741085.25
2026-01-16 21:00:00,144.9,145.5,144.64,144.99,780035.36
2026-01-16 22:00:00,144.99,145.09,144.5,144.86,457561.55
2026-01-16 23:00:00,144.87,145.15,144.68,144.85,282347.02
2026-01-17 00:00:00,144.84,144.95,144.14,144.28,424725.72
2026-01-17 01:00:00,144.27,144.75,144.17,144.58,257504.08
2026-01-17 02:00:00,144.59,144.61,144.18,144.53,202952.6
2026-01-17 03:00:00,144.53,144.56,144.16,144.3,147252.18
2026-01-17 04:00:00,144.29,144.45,144.13,144.27,168514.3
2026-01-17 05:00:00,144.27,144.3,143.85,143.89,288169.3
2026-01-17 06:00:00,143.89,144.03,143.68,143.77,252667.52
2026-01-17 07:00:00,143.76,143.9,143.54,143.56,201279.16
2026-01-17 08:00:00,143.56,144.21,143.53,144.15,264570.88
2026-01-17 09:00:00,144.15,144.58,143.92,144.39,291233.76
2026-01-17 10:00:00,144.39,144.56,143.85,143.88,389988.69
2026-01-17 11:00:00,143.88,144.13,143.18,143.92,661274.48
2026-01-17 12:00:00,143.92,144.0,143.57,143.69,271193.4
2026-01-17 13:00:00,143.68,143.98,143.5,143.91,511212.74
2026-01-17 14:00:00,143.91,144.22,143.65,143.83,366168.73
2026-01-17 15:00:00,143.83,144.29,143.61,144.25,453874.51
2026-01-17 16:00:00,144.24,144.26,143.52,143.8,482711.59
2026-01-17 17:00:00,143.79,144.19,143.74,143.99,207932.42
2026-01-17 18:00:00,143.99,144.22,143.9,144.2,147906.59
2026-01-17 19:00:00,144.19,144.46,144.02,144.2,240883.52
2026-01-17 20:00:00,144.19,144.51,144.12,144.42,124506.37
2026-01-17 21:00:00,144.42,144.51,144.14,144.18,126432.13
2026-01-17 22:00:00,144.17,144.18,143.4,143.69,341305.31
2026-01-17 23:00:00,143.68,143.96,143.56,143.64,205610.47
2026-01-18 00:00:00,143.65,143.92,143.01,143.19,533898.24
2026-01-18 01:00:00,143.18,143.39,141.89,142.7,1279731.02
2026-01-18 02:00:00,142.69,142.96,141.8,142.46,690494.34
2026-01-18 03:00:00,142.46,142.84,142.29,142.73,304253.7
2026-01-18 04:00:00,142.73,142.84,142.44,142.74,197029.1
2026-01-18 05:00:00,142.74,142.89,142.46,142.76,165167.21
2026-01-18 06:00:00,142.77,142.94,142.45,142.61,191421.27
2026-01-18 07:00:00,142.61,142.63,141.94,142.04,340487.45
2026-01-18 08:00:00,142.05,142.38,141.81,142.34,399065.12
2026-01-18 09:00:00,142.35,142.56,142.24,142.44,213201.36
2026-01-18 10:00:00,142.44,142.47,142.09,142.34,181242.48
2026-01-18 11:00:00,142.35,142.43,142.12,142.32,205277.94
2026-01-18 12:00:00,142.33,142.44,142.1,142.16,176593.56
2026-01-18 13:00:00,142.17,142.44,141.91,142.31,376410.62
2026-01-18 14:00:00,142.31,142.67,141.52,141.62,694089.26
2026-01-18 15:00:00,141.63,142.07,141.4,141.91,485234.47
2026-01-18 16:00:00,141.92,142.15,141.67,141.95,257001.83
2026-01-18 17:00:00,141.95,142.35,141.78,142.28,320137.96
2026-01-18 18:00:00,142.27,142.88,141.99,142.68,549164.67
2026-01-18 19:00:00,142.68,143.19,142.02,142.2,564833.42
2026-01-18 20:00:00,142.2,142.49,141.86,142.39,282169.17
2026-01-18 21:00:00,142.39,142.72,142.31,142.59,140071.61
2026-01-18 22:00:00,142.58,142.99,142.39,142.8,306876.67
2026-01-18 23:00:00,142.79,142.79,137.65,137.79,3793228.52
2026-01-19 00:00:00,137.79,137.79,129.82,133.72,8718793.61
2026-01-19 01:00:00,133.71,134.39,133.36,133.73,1099436.44
2026-01-19 02:00:00,133.73,134.04,133.4,133.75,624782.34
2026-01-19 03:00:00,133.74,134.06,133.53,133.85,566937.77
2026-01-19 04:00:00,133.85,134.0,133.46,133.62,364431.97
2026-01-19 05:00:00,133.62,133.93,133.26,133.29,913681.35
2026-01-19 06:00:00,133.28,133.37,132.64,133.21,797101.16
2026-01-19 07:00:00,133.21,133.52,133.12,133.39,392468.18
2026-01-19 08:00:00,133.39,133.99,133.2,133.8,731714.48
2026-01-19 09:00:00,133.8,134.0,133.47,133.66,493556.31
2026-01-19 10:00:00,133.67,133.79,133.45,133.73,284740.13
2026-01-19 11:00:00,133.73,134.32,133.56,134.05,543294.68
2026-01-19 12:00:00,134.05,134.14,133.64,134.07,575481.06
2026-01-19 13:00:00,134.07,134.08,133.52,133.67,426665.78
2026-01-19 14:00:00,133.67,133.73,133.2,133.44,530007.27
2026-01-19 15:00:00,133.44,133.87,133.35,133.47,589544.22
2026-01-19 16:00:00,133.48,134.6,133.4,134.39,641033.22
2026-01-19 17:00:00,134.39,134.46,134.0,134.21,504921.59
2026-01-19 18:00:00,134.2,134.35,133.81,134.19,293841.36
2026-01-19 19:00:00,134.18,134.65,134.16,134.38,240882.38
2026-01-19 20:00:00,134.37,135.1,134.37,134.62,449356.2
2026-01-19 21:00:00,134.61,134.91,134.0,134.03,313201.38
2026-01-19 22:00:00,134.02,134.15,132.7,132.89,844793.42
2026-01-19 23:00:00,132.89,133.88,132.69,133.38,748559.52
2026-01-20 00:00:00,133.38,133.9,133.0,133.67,606665.49
2026-01-20 01:00:00,133.66,134.23,133.22,133.8,418809.85
2026-01-20 02:00:00,133.81,134.1,133.28,133.79,441968.81
2026-01-20 03:00:00,133.78,134.6,133.43,134.21,776357.74
2026-01-20 04:00:00,134.2,134.21,133.13,133.34,768718.9
2026-01-20 05:00:00,133.35,133.48,132.33,132.97,1058725.08
2026-01-20 06:00:00,132.97,132.98,131.0,131.17,1962104.05
2026-01-20 07:00:00,131.16,131.7,130.51,130.56,995995.05
2026-01-20 08:00:00,130.57,130.73,128.27,129.03,3477529.52
2026-01-20 09:00:00,129.03,129.15,128.5,128.85,902134.68
2026-01-20 10:00:00,128.85,129.28,128.68,128.83,749252.59
2026-01-20 11:00:00,128.84,129.42,128.64,128.73,711308.22
2026-01-20 12:00:00,128.73,129.39,128.65,129.26,590335.74
2026-01-20 13:00:00,129.26,129.28,128.3,128.37,1085607.72
2026-01-20 14:00:00,128.36,129.73,127.75,128.79,2345202.97
2026-01-20 15:00:00,128.79,128.89,127.15,127.78,2612942.25
2026-01-20 16:00:00,127.77,128.52,126.2,127.0,2152761.52
2026-01-20 17:00:00,127.0,127.9,126.3,126.92,1373069.32
2026-01-20 18:00:00,126.92,127.67,126.79,126.93,807172.15
2026-01-20 19:00:00,126.92,127.49,126.54,127.18,609500.13
2026-01-20 20:00:00,127.18,128.03,126.93,127.77,981499.71
2026-01-20 21:00:00,127.77,127.9,126.87,126.87,391440.02
2026-01-20 22:00:00,126.88,127.42,124.25,126.03,1562923.98
2026-01-20 23:00:00,126.02,126.43,125.51,125.72,829773.38
2026-01-21 00:00:00,125.72,127.45,125.66,127.23,887798.45
2026-01-21 01:00:00,127.23,127.82,127.12,127.29,701172.9
2026-01-21 02:00:00,127.29,127.73,126.7,126.88,555601.98
2026-01-21 03:00:00,126.87,127.79,126.82,127.54,592207.86
2026-01-21 04:00:00,127.54,127.97,127.39,127.69,384603.47
2026-01-21 05:00:00,127.7,128.68,127.66,128.43,636354.52
2026-01-21 06:00:00,128.43,128.55,127.91,128.16,453328.85
2026-01-21 07:00:00,128.16,128.39,127.4,127.53,672538.03
2026-01-21 08:00:00,127.52,127.62,126.9,127.1,592365.8
2026-01-21 09:00:00,127.1,127.71,126.97,127.4,563551.4
2026-01-21 10:00:00,127.4,128.14,127.34,127.66,401750.24
2026-01-21 11:00:00,127.67,127.86,126.73,126.87,711510.4
2026-01-21 12:00:00,126.87,127.39,126.09,127.35,1594025.68
2026-01-21 13:00:00,127.35,127.58,126.74,127.04,796826.52
2026-01-21 14:00:00,127.04,129.69,126.9,129.47,2547843.95
2026-01-21 15:00:00,129.47,131.13,129.29,130.38,2311846.68
2026-01-21 16:00:00,130.37,130.39,125.42,125.52,3268540.57
2026-01-21 17:00:00,125.51,127.0,125.17,126.85,2192237.61
2026-01-21 18:00:00,126.86,127.81,126.28,127.55,1192182.1
2026-01-21 19:00:00,127.55,131.64,127.11,131.46,2760529.64
2026-01-21 20:00:00,131.46,131.6,129.97,131.09,1331140.12
2026-01-21 21:00:00,131.09,132.09,130.7,130.99,748340.0
2026-01-21 22:00:00,131.0,131.7,130.51,130.54,501256.64
2026-01-21 23:00:00,130.54,130.98,129.08,129.48,748497.25
2026-01-22 00:00:00,129.48,130.27,129.47,129.93,532231.44
2026-01-22 01:00:00,129.92,130.55,129.81,130.15,414820.64
2026-01-22 02:00:00,130.15,130.53,129.64,129.72,357353.21
2026-01-22 03:00:00,129.72,130.22,129.45,129.77,318799.95
2026-01-22 04:00:00,129.77,130.42,129.72,130.28,262441.27
2026-01-22 05:00:00,130.28,130.37,129.88,130.04,176677.84
2026-01-22 06:00:00,130.04,130.4,129.66,130.29,328424.94
2026-01-22 07:00:00,130.28,130.37,129.68,129.72,236192.93
2026-01-22 08:00:00,129.73,130.04,129.26,129.87,418900.65
2026-01-22 09:00:00,129.87,130.2,129.53,130.1,358711.47
2026-01-22 10:00:00,130.1,130.3,129.93,130.08,232407.15
2026-01-22 11:00:00,130.09,130.27,129.63,130.04,445684.82
2026-01-22 12:00:00,130.04,130.38,129.9,130.01,305790.45
2026-01-22 13:00:00,130.0,130.89,129.01,129.3,1147776.88
2026-01-22 14:00:00,129.29,129.46,127.76,127.83,1962113.49
2026-01-22 15:00:00,127.83,128.46,126.66,127.32,2068446.9
2026-01-22 16:00:00,127.32,128.24,126.82,127.81,1171428.32
2026-01-22 17:00:00,127.81,128.75,127.46,128.62,639498.3
2026-01-22 18:00:00,128.61,128.72,127.53,127.66,556472.02
2026-01-22 19:00:00,127.66,129.3,127.39,129.18,855635.09
2026-01-22 20:00:00,129.18,129.7,128.25,128.42,769675.65
2026-01-22 21:00:00,128.42,129.0,128.14,128.24,384303.26
2026-01-22 22:00:00,128.25,128.71,127.95,128.65,290221.67
2026-01-22 23:00:00,128.64,128.66,128.05,128.41,247279.64
2026-01-23 00:00:00,128.42,128.45,128.0,128.28,211221.84
2026-01-23 01:00:00,128.28,128.87,128.2,128.82,286302.91
2026-01-23 02:00:00,128.83,128.9,128.11,128.11,308158.58
2026-01-23 03:00:00,128.11,128.71,128.07,128.7,214812.1
2026-01-23 04:00:00,128.69,129.24,128.53,129.05,579467.59
2026-01-23 05:00:00,129.06,129.06,128.3,128.6,401782.38
2026-01-23 06:00:00,128.6,129.09,127.16,127.43,1019030.97
2026-01-23 07:00:00,127.43,128.03,127.43,127.84,449300.65
2026-01-23 08:00:00,127.84,127.93,126.87,127.04,530889.3
2026-01-23 09:00:00,127.04,127.32,126.84,127.0,417234.74
2026-01-23 10:00:00,127.0,127.42,126.94,127.21,350210.55
2026-01-23 11:00:00,127.21,127.68,127.15,127.45,294396.84
2026-01-23 12:00:00,127.46,127.46,127.08,127.11,273791.34
2026-01-23 13:00:00,127.11,127.35,126.65,126.77,495791.95
2026-01-23 14:00:00,126.77,127.31,125.22,126.04,1885474.6
2026-01-23 15:00:00,126.05,128.05,125.43,127.84,1447515.14
2026-01-23 16:00:00,127.85,129.12,127.37,128.38,1653664.14
2026-01-23 17:00:00,128.38,130.15,127.8,128.35,1570096.37
2026-01-23 18:00:00,128.36,129.51,128.18,128.98,862082.69
2026-01-23 19:00:00,128.98,129.06,127.59,128.01,1162493.2
2026-01-23 20:00:00,128.02,128.21,126.47,126.9,1120535.49
2026-01-23 21:00:00,126.9,127.5,126.82,127.06,318806.45
2026-01-23 22:00:00,127.07,127.82,127.04,127.6,235421.81
2026-01-23 23:00:00,127.6,127.6,127.18,127.36,196370.27
2026-01-24 00:00:00,127.37,127.68,127.3,127.32,193288.58
2026-01-24 01:00:00,127.33,127.49,127.22,127.48,136834.05
2026-01-24 02:00:00,127.48,127.72,127.41,127.64,186201.62
2026-01-24 03:00:00,127.65,128.05,127.52,127.82,267181.21
2026-01-24 04:00:00,127.82,128.04,127.62,127.77,171111.65
2026-01-24 05:00:00,127.78,127.82,127.56,127.73,102025.4
2026-01-24 06:00:00,127.73,127.76,127.46,127.58,93799.33
2026-01-24 07:00:00,127.57,127.61,127.0,127.05,299187.3
2026-01-24 08:00:00,127.06,127.34,126.93,127.3,228942.73
2026-01-24 09:00:00,127.3,127.31,126.94,127.05,172885.85
2026-01-24 10:00:00,127.05,127.2,126.86,127.13,173152.95
2026-01-24 11:00:00,127.13,127.34,127.05,127.12,169393.81
2026-01-24 12:00:00,127.12,127.32,127.02,127.24,154101.19
2026-01-24 13:00:00,127.25,127.25,126.86,126.87,192837.54
2026-01-24 14:00:00,126.86,127.21,126.75,127.11,300362.62
2026-01-24 15:00:00,127.11,127.34,126.72,126.78,260514.8
2026-01-24 16:00:00,126.77,127.06,126.56,126.93,294690.9
2026-01-24 17:00:00,126.94,127.21,126.88,127.18,175660.15
2026-01-24 18:00:00,127.18,127.39,127.1,127.3,168665.63
2026-01-24 19:00:00,127.31,127.43,127.16,127.22,177746.9
2026-01-24 20:00:00,127.21,127.42,127.19,127.21,90575.53
2026-01-24 21:00:00,127.22,127.27,127.02,127.08,121967.39
2026-01-24 22:00:00,127.09,127.65,127.07,127.55,226735.3
2026-01-24 23:00:00,127.56,127.68,127.1,127.13,160856.64
2026-01-25 00:00:00,127.13,127.39,126.75,127.26,237814.18
2026-01-25 01:00:00,127.26,127.35,126.88,127.08,152650.81
2026-01-25 02:00:00,127.08,127.36,126.87,126.97,167641.91
2026-01-25 03:00:00,126.97,127.06,126.25,126.55,403122.9
2026-01-25 04:00:00,126.56,126.93,126.44,126.7,222817.96
2026-01-25 05:00:00,126.7,126.88,126.55,126.86,133299.62
2026-01-25 06:00:00,126.87,126.87,126.35,126.64,183581.18
2026-01-25 07:00:00,126.64,126.65,126.27,126.41,142602.51
2026-01-25 08:00:00,126.41,126.76,125.9,126.15,410035.71
2026-01-25 09:00:00,126.15,126.85,126.04,126.65,315234.6
2026-01-25 10:00:00,126.65,127.16,126.57,126.89,304593.11
2026-01-25 11:00:00,126.89,126.92,126.5,126.71,187536.82
2026-01-25 12:00:00,126.71,126.99,126.52,126.98,277324.33
2026-01-25 13:00:00,126.98,127.08,126.42,126.9,240332.24
2026-01-25 14:00:00,126.91,126.94,125.6,126.03,687972.71
2026-01-25 15:00:00,126.02,126.26,125.38,125.51,579805.95
2026-01-25 16:00:00,125.51,125.51,122.0,122.69,4140535.62
2026-01-25 17:00:00,122.68,122.9,121.47,122.13,1394410.98
2026-01-25 18:00:00,122.13,122.23,120.56,121.58,1664713.6
2026-01-25 19:00:00,121.59,121.77,117.0,117.86,4361763.62
2026-01-25 20:00:00,117.87,118.61,117.33,118.24,2780740.29
2026-01-25 21:00:00,118.24,118.89,117.49,118.73,1831177.28
2026-01-25 22:00:00,118.74,118.74,117.81,118.32,523214.85
2026-01-25 23:00:00,118.33,119.37,117.46,118.76,1801769.48
2026-01-26 00:00:00,118.77,119.73,118.45,119.56,1075403.09
2026-01-26 01:00:00,119.56,122.72,119.49,122.31,1729494.23
2026-01-26 02:00:00,122.32,122.61,121.21,121.97,957290.19
2026-01-26 03:00:00,121.96,122.28,121.04,121.51,909835.48
2026-01-26 04:00:00,121.51,123.55,121.5,122.52,1045489.49
2026-01-26 05:00:00,122.52,122.82,122.35,122.41,299756.76
2026-01-26 06:00:00,122.41,122.72,122.12,122.4,363705.49
2026-01-26 07:00:00,122.41,122.96,122.15,122.84,431350.53
2026-01-26 08:00:00,122.85,123.54,122.2,122.64,772338.86
2026-01-26 09:00:00,122.65,122.68,121.71,121.88,685558.58
2026-01-26 10:00:00,121.87,122.64,121.85,122.4,499880.13
2026-01-26 11:00:00,122.39,122.64,122.35,122.46,249749.11
2026-01-26 12:00:00,122.46,122.91,122.29,122.62,372518.69
2026-01-26 13:00:00,122.62,123.23,122.46,123.08,471845.24
2026-01-26 14:00:00,123.09,124.25,122.59,123.72,1844902.07
2026-01-26 15:00:00,123.72,125.15,122.98,123.46,2036493.16
2026-01-26 16:00:00,123.45,124.84,123.11,124.24,1209758.6
2026-01-26 17:00:00,124.25,124.61,122.96,124.24,956089.57
2026-01-26 18:00:00,124.23,125.54,123.9,124.86,1501715.0
2026-01-26 19:00:00,124.85,125.09,124.12,124.26,554827.31
2026-01-26 20:00:00,124.26,124.4,123.37,123.63,531968.67
2026-01-26 21:00:00,123.63,124.75,123.46,124.48,601233.66
2026-01-26 22:00:00,124.47,124.83,124.19,124.46,261949.37
2026-01-26 23:00:00,124.47,124.83,124.07,124.18,452606.17
2026-01-27 00:00:00,124.17,124.34,123.81,124.03,352949.49
2026-01-27 01:00:00,124.02,124.52,123.66,124.28,434331.7
2026-01-27 02:00:00,124.29,125.08,124.24,124.98,596352.37
2026-01-27 03:00:00,124.98,125.13,124.33,124.44,409030.1
2026-01-27 04:00:00,124.45,125.09,124.19,124.36,363628.01
2026-01-27 05:00:00,124.37,124.46,124.08,124.42,265588.82
2026-01-27 06:00:00,124.42,124.68,123.94,124.15,250019.91
2026-01-27 07:00:00,124.14,124.59,124.04,124.46,303202.58
2026-01-27 08:00:00,124.45,124.73,124.0,124.02,433095.79
2026-01-27 09:00:00,124.01,124.02,123.51,123.69,604678.36
2026-01-27 10:00:00,123.69,124.08,123.63,123.66,304126.79
2026-01-27 11:00:00,123.65,124.23,123.56,124.08,300140.8
2026-01-27 12:00:00,124.08,124.29,123.77,123.84,330232.6
2026-01-27 13:00:00,123.84,123.87,123.06,123.13,589142.12
2026-01-27 14:00:00,123.13,124.46,123.12,123.59,1158686.34
2026-01-27 15:00:00,123.59,125.0,123.37,124.94,920453.4
2026-01-27 16:00:00,124.94,126.74,124.92,126.25,2289601.99
2026-01-27 17:00:00,126.24,126.28,123.47,123.98,1927289.79
2026-01-27 18:00:00,123.97,126.27,123.75,125.76,1125114.99
2026-01-27 19:00:00,125.76,126.23,125.34,125.79,714626.08
2026-01-27 20:00:00,125.79,127.48,125.67,127.31,1359068.93
2026-01-27 21:00:00,127.31,127.8,126.85,127.01,894614.1
2026-01-27 22:00:00,127.01,127.78,126.93,127.58,479407.68
2026-01-27 23:00:00,127.59,127.62,127.05,127.12,451012.95
2026-01-28 00:00:00,127.12,127.25,126.57,127.18,581154.73
2026-01-28 01:00:00,127.18,127.47,126.62,127.01,370719.32
2026-01-28 02:00:00,127.01,127.33,126.6,126.99,273183.59
2026-01-28 03:00:00,127.0,127.17,126.62,126.9,276168.27
2026-01-28 04:00:00,126.89,126.97,126.4,126.77,400706.79
2026-01-28 05:00:00,126.77,126.93,126.39,126.7,307008.31
2026-01-28 06:00:00,126.7,127.49,126.7,127.35,449199.68
2026-01-28 07:00:00,127.35,127.48,126.88,127.04,274248.83
2026-01-28 08:00:00,127.04,127.23,126.6,126.64,385350.08
2026-01-28 09:00:00,126.63,127.56,125.92,127.55,891306.04
2026-01-28 10:00:00,127.55,128.05,127.24,127.25,577791.8
2026-01-28 11:00:00,127.25,128.3,127.11,128.1,682801.16
2026-01-28 12:00:00,128.11,128.19,126.97,127.18,770598.26
2026-01-28 13:00:00,127.19,127.83,126.8,127.26,922164.19
2026-01-28 14:00:00,127.27,127.29,126.4,126.79,968049.06
2026-01-28 15:00:00,126.78,127.09,125.44,126.0,1187580.06
2026-01-28 16:00:00,126.01,126.59,125.51,126.02,712543.41
2026-01-28 17:00:00,126.02,126.99,125.17,126.47,815534.76
2026-01-28 18:00:00,126.47,126.5,125.62,126.03,595624.77
2026-01-28 19:00:00,126.03,126.66,125.23,125.93,1161746.3
2026-01-28 20:00:00,125.93,126.62,125.25,125.36,857377.96
2026-01-28 21:00:00,125.36,125.79,124.69,125.41,990999.41
2026-01-28 22:00:00,125.41,125.78,125.07,125.66,399694.55
2026-01-28 23:00:00,125.66,125.7,124.98,125.28,637552.03
2026-01-29 00:00:00,125.29,125.44,124.5,125.05,451229.24
2026-01-29 01:00:00,125.04,125.18,124.04,124.26,623225.72
2026-01-29 02:00:00,124.25,124.72,123.07,123.45,1255206.01
2026-01-29 03:00:00,123.45,123.69,122.58,122.99,875361.12
2026-01-29 04:00:00,122.99,123.45,122.41,123.35,571942.74
2026-01-29 05:00:00,123.36,123.75,123.07,123.16,474756.91
2026-01-29 06:00:00,123.16,123.66,123.01,123.61,311487.35
2026-01-29 07:00:00,123.62,123.93,123.57,123.71,281094.59
2026-01-29 08:00:00,123.72,123.86,123.09,123.2,498710.25
2026-01-29 09:00:00,123.2,123.31,122.9,122.95,294440.0
2026-01-29 10:00:00,122.96,123.24,122.84,123.16,228049.84
2026-01-29 11:00:00,123.16,123.23,122.61,122.69,587323.93
2026-01-29 12:00:00,122.69,123.12,122.36,122.78,537297.9
2026-01-29 13:00:00,122.78,123.1,122.61,122.85,405979.76
2026-01-29 14:00:00,122.85,123.02,120.25,120.3,2345907.87
2026-01-29 15:00:00,120.3,120.38,116.03,117.6,6829310.57
2026-01-29 16:00:00,117.6,118.91,116.57,118.86,2635891.48
2026-01-29 17:00:00,118.86,119.88,117.51,117.83,2179380.44
2026-01-29 18:00:00,117.84,118.1,115.29,115.69,3110741.08
2026-01-29 19:00:00,115.68,117.13,115.33,116.75,1840373.74
2026-01-29 20:00:00,116.75,117.39,116.46,116.86,1220722.92
2026-01-29 21:00:00,116.87,117.66,116.8,117.37,707973.16
2026-01-29 22:00:00,117.38,117.7,117.24,117.49,307579.5
2026-01-29 23:00:00,117.5,117.84,117.2,117.72,435023.17
2026-01-30 00:00:00,117.72,118.06,117.43,117.55,538600.55
2026-01-30 01:00:00,117.54,117.83,111.75,115.15,4456566.55
2026-01-30 02:00:00,115.15,115.32,112.7,114.06,2544329.06
2026-01-30 03:00:00,114.05,114.6,113.47,114.35,1019602.02
2026-01-30 04:00:00,114.34,115.76,114.2,115.49,994377.63
2026-01-30 05:00:00,115.49,116.03,115.36,115.39,579321.15
2026-01-30 06:00:00,115.39,115.4,112.89,113.8,1711685.84
2026-01-30 07:00:00,113.79,116.07,113.79,115.71,1457634.41
2026-01-30 08:00:00,115.72,116.12,115.09,115.31,787841.32
2026-01-30 09:00:00,115.31,115.99,114.58,115.3,1323942.94
2026-01-30 10:00:00,115.3,115.93,115.03,115.85,761619.68
2026-01-30 11:00:00,115.85,117.24,115.7,117.01,984632.46
2026-01-30 12:00:00,117.0,117.26,115.88,116.21,994704.01
2026-01-30 13:00:00,116.21,116.35,115.11,115.74,1289189.08
2026-01-30 14:00:00,115.74,117.6,115.72,116.28,1828703.71
2026-01-30 15:00:00,116.29,117.09,114.5,116.73,2472009.39
2026-01-30 16:00:00,116.72,117.95,116.13,117.07,1856993.41
2026-01-30 17:00:00,117.07,117.73,116.47,116.59,1114471.52
2026-01-30 18:00:00,116.58,118.56,114.26,118.04,3333127.83
2026-01-30 19:00:00,118.04,119.09,118.04,118.23,2009861.02
2026-01-30 20:00:00,118.23,118.39,116.32,116.92,1909618.4
2026-01-30 21:00:00,116.92,117.98,116.8,117.32,893919.7
2026-01-30 22:00:00,117.32,117.51,116.51,117.33,378303.46
2026-01-30 23:00:00,117.32,117.57,116.82,117.54,304770.4
2026-01-31 00:00:00,117.54,117.91,117.31,117.46,476518.52
2026-01-31 01:00:00,117.46,118.29,117.46,118.09,490115.36
2026-01-31 02:00:00,118.08,118.47,117.51,118.24,431909.4
2026-01-31 03:00:00,118.24,118.56,118.08,118.29,275830.18
2026-01-31 04:00:00,118.3,118.77,118.19,118.35,333438.63
2026-01-31 05:00:00,118.35,118.7,117.93,118.54,415598.74
2026-01-31 06:00:00,118.54,118.72,117.81,118.47,559723.87
2026-01-31 07:00:00,118.48,118.53,117.1,117.29,641704.24
2026-01-31 08:00:00,117.3,117.46,112.67,115.52,3055216.38
2026-01-31 09:00:00,115.52,116.77,115.3,116.28,935130.5
2026-01-31 10:00:00,116.28,116.86,115.96,116.7,379006.21
2026-01-31 11:00:00,116.7,116.71,115.88,115.96,435905.83
2026-01-31 12:00:00,115.97,116.12,114.95,115.12,793281.19
2026-01-31 13:00:00,115.12,115.16,113.53,114.1,1340301.25
2026-01-31 14:00:00,114.1,114.38,108.15,109.06,6865093.49
2026-01-31 15:00:00,109.06,110.14,108.3,108.57,2449931.22
2026-01-31 16:00:00,108.58,109.73,105.55,106.21,5027513.96
2026-01-31 17:00:00,106.21,106.64,100.1,103.26,7218301.59
2026-01-31 18:00:00,103.26,103.82,95.5,101.85,7436586.19
2026-01-31 19:00:00,101.85,103.36,101.38,101.65,3558242.17
2026-01-31 20:00:00,101.65,102.45,100.26,101.85,2298350.64
2026-01-31 21:00:00,101.85,103.64,101.19,103.33,2058344.54
2026-01-31 22:00:00,103.34,104.26,103.16,103.98,1012343.04
2026-01-31 23:00:00,103.97,106.4,103.72,105.45,1928135.67
2026-02-01 00:00:00,105.44,106.28,105.16,105.55,1031436.8
2026-02-01 01:00:00,105.55,105.67,104.1,104.9,1015976.6
2026-02-01 02:00:00,104.9,105.88,104.65,105.46,680937.11
2026-02-01 03:00:00,105.46,105.59,104.42,104.87,518482.57
2026-02-01 04:00:00,104.88,105.43,104.7,105.12,547902.97
2026-02-01 05:00:00,105.13,105.62,104.39,104.62,719755.33
2026-02-01 06:00:00,104.62,105.39,104.45,105.01,611770.39
2026-02-01 07:00:00,105.01,105.97,103.87,105.14,1298015.39
2026-02-01 08:00:00,105.14,105.99,104.75,105.46,791066.92
2026-02-01 09:00:00,105.46,105.86,104.89,105.73,691284.63
2026-02-01 10:00:00,105.72,105.8,103.44,103.7,1380637.05
2026-02-01 11:00:00,103.7,105.34,103.68,104.99,980254.89
2026-02-01 12:00:00,104.99,105.14,104.06,104.99,902677.62
2026-02-01 13:00:00,104.98,106.67,104.01,104.38,2173282.79
2026-02-01 14:00:00,104.38,104.76,101.66,102.87,3815560.87
2026-02-01 15:00:00,102.86,102.89,100.14,101.61,2668124.57
2026-02-01 16:00:00,101.62,102.82,100.85,101.63,1822180.0
2026-02-01 17:00:00,101.63,102.42,101.04,102.37,898254.45
2026-02-01 18:00:00,102.37,104.16,102.34,103.37,1684268.45
2026-02-01 19:00:00,103.36,103.68,101.45,101.88,882240.5
2026-02-01 20:00:00,101.87,102.8,100.11,101.52,1695423.31
2026-02-01 21:00:00,101.53,101.65,100.04,100.79,1501816.72
2026-02-01 22:00:00,100.79,102.81,100.74,101.72,1137072.72
2026-02-01 23:00:00,101.72,102.0,97.95,100.73,4805834.59
2026-02-02 00:00:00,100.73,102.87,99.57,102.21,2070385.93
2026-02-02 01:00:00,102.22,103.09,100.33,102.03,1856188.48
2026-02-02 02:00:00,102.03,102.67,100.48,100.68,1196180.77
2026-02-02 03:00:00,100.68,100.83,95.83,100.0,5708688.05
2026-02-02 04:00:00,100.01,101.75,98.58,100.26,2191033.83
2026-02-02 05:00:00,100.26,100.4,97.57,98.22,2359649.8
2026-02-02 06:00:00,98.22,101.39,97.0,100.67,3863320.65
2026-02-02 07:00:00,100.67,102.39,100.4,101.38,1863273.05
2026-02-02 08:00:00,101.39,102.42,101.33,101.65,1132445.27
2026-02-02 09:00:00,101.65,103.16,101.36,102.74,1352979.94
2026-02-02 10:00:00,102.73,103.39,102.56,102.84,853481.25
2026-02-02 11:00:00,102.85,103.37,102.58,102.73,641204.17
2026-02-02 12:00:00,102.73,103.7,102.72,103.24,904498.97
2026-02-02 13:00:00,103.23,103.64,102.76,103.25,894369.92
2026-02-02 14:00:00,103.26,105.11,102.29,103.92,3128764.04
2026-02-02 15:00:00,103.92,106.06,103.51,104.63,2364647.54
2026-02-02 16:00:00,104.62,105.71,104.2,104.93,1256892.46
2026-02-02 17:00:00,104.93,105.53,104.37,104.74,802876.75
2026-02-02 18:00:00,104.75,104.97,103.79,104.64,1105026.91
2026-02-02 19:00:00,104.64,104.76,103.43,103.83,769521.78
2026-02-02 20:00:00,103.83,104.2,103.25,103.77,951811.2
2026-02-02 21:00:00,103.78,104.92,103.72,104.75,576590.76
2026-02-02 22:00:00,104.76,105.13,104.5,104.94,358232.41
2026-02-02 23:00:00,104.95,105.0,104.34,104.48,366557.0
2026-02-03 00:00:00,104.47,104.6,103.62,104.09,765957.43
2026-02-03 01:00:00,104.1,104.33,103.47,104.31,512673.74
2026-02-03 02:00:00,104.32,104.34,102.26,102.35,1023798.39
2026-02-03 03:00:00,102.36,104.36,102.08,104.1,1274430.25
2026-02-03 04:00:00,104.09,105.06,103.79,104.62,660046.96
2026-02-03 05:00:00,104.63,104.68,103.58,103.65,512403.99
2026-02-03 06:00:00,103.65,104.02,102.88,103.9,726413.89
2026-02-03 07:00:00,103.91,104.85,103.68,104.62,575805.04
2026-02-03 08:00:00,104.62,104.95,103.99,104.03,833604.94
2026-02-03 09:00:00,104.03,104.14,102.43,103.03,1521989.23
2026-02-03 10:00:00,103.04,103.25,102.38,102.8,687352.29
2026-02-03 11:00:00,102.8,103.33,102.75,102.92,534039.24
2026-02-03 12:00:00,102.93,103.29,102.42,103.05,666079.98
2026-02-03 13:00:00,103.05,103.53,102.68,103.33,622811.94
2026-02-03 14:00:00,103.34,103.58,100.7,100.79,2049817.74
2026-02-03 15:00:00,100.78,102.73,100.3,102.52,3235872.8
2026-02-03 16:00:00,102.52,102.52,99.81,100.67,2123579.52
2026-02-03 17:00:00,100.67,100.93,98.94,99.04,2122517.05
2026-02-03 18:00:00,99.04,99.38,96.6,96.77,3485573.31
2026-02-03 19:00:00,96.77,100.03,96.63,98.95,3700289.01
2026-02-03 20:00:00,98.94,102.12,98.23,101.08,3274952.12
2026-02-03 21:00:00,101.09,101.76,99.89,100.14,1650981.42
2026-02-03 22:00:00,100.14,100.21,98.07,98.41,1234315.2
2026-02-03 23:00:00,98.41,98.53,97.11,97.81,1786707.83
2026-02-04 00:00:00,97.82,98.73,97.08,97.9,1206153.62
2026-02-04 01:00:00,97.9,99.6,97.9,99.04,1226127.04
2026-02-04 02:00:00,99.03,99.13,97.31,97.84,1025695.7
2026-02-04 03:00:00,97.83,99.58,97.81,99.04,1136160.39
2026-02-04 04:00:00,99.03,99.27,97.95,98.01,698174.04
2026-02-04 05:00:00,98.01,98.38,96.2,96.88,1656131.88
2026-02-04 06:00:00,96.88,98.69,96.61,98.13,1673718.39
2026-02-04 07:00:00,98.12,98.17,97.28,97.82,1021105.53
2026-02-04 08:00:00,97.83,97.88,96.69,97.64,1208095.81
2026-02-04 09:00:00,97.64,97.71,96.69,97.07,1102946.6
2026-02-04 10:00:00,97.07,97.23,96.7,96.96,654864.37
2026-02-04 11:00:00,96.97,97.01,94.5,96.03,4763604.01
2026-02-04 12:00:00,96.04,96.69,95.77,96.41,879602.93
2026-02-04 13:00:00,96.4,96.42,94.07,94.31,2308104.09
2026-02-04 14:00:00,94.3,94.97,92.81,93.02,4452825.93
2026-02-04 15:00:00,93.03,94.12,91.19,92.69,4976463.86
2026-02-04 16:00:00,92.69,93.03,90.87,91.89,3790882.26
2026-02-04 17:00:00,91.88,92.54,89.92,91.35,4358090.65
2026-02-04 18:00:00,91.35,93.19,90.24,92.24,3798679.92
2026-02-04 19:00:00,92.23,94.67,92.2,94.32,3896273.27
2026-02-04 20:00:00,94.32,94.46,92.94,93.19,1380417.85
2026-02-04 21:00:00,93.2,93.35,90.68,91.28,2552870.42
2026-02-04 22:00:00,91.27,92.85,89.19,90.78,3082797.95
2026-02-04 23:00:00,90.77,92.9,90.21,92.07,1903064.19
2026-02-05 00:00:00,92.07,92.72,91.33,91.69,975620.84
2026-02-05 01:00:00,91.7,92.88,90.48,91.89,2053528.5
2026-02-05 02:00:00,91.88,92.67,90.63,90.87,2010682.56
2026-02-05 03:00:00,90.86,91.66,90.13,91.1,1988632.22
2026-02-05 04:00:00,91.1,91.89,90.26,91.08,2162957.32
2026-02-05 05:00:00,91.08,92.07,89.85,91.13,3028691.75
2026-02-05 06:00:00,91.12,91.21,89.62,90.16,2104977.79
2026-02-05 07:00:00,90.16,91.63,90.1,90.5,1758266.95
2026-02-05 08:00:00,90.51,92.44,90.51,91.73,1499400.94
2026-02-05 09:00:00,91.74,93.4,91.7,92.47,1425461.93
2026-02-05 10:00:00,92.47,92.6,89.7,90.22,2302104.52
2026-02-05 11:00:00,90.23,90.75,88.61,89.92,3504436.26
2026-02-05 12:00:00,89.93,90.72,88.64,89.47,3224085.71
2026-02-05 13:00:00,89.46,90.0,88.14,88.44,2100937.68
2026-02-05 14:00:00,88.44,91.43,88.25,88.56,4337491.59
2026-02-05 15:00:00,88.57,88.96,83.36,84.55,10515115.39
2026-02-05 16:00:00,84.55,86.18,83.61,85.5,5049746.48
2026-02-05 17:00:00,85.49,85.66,82.34,82.64,5310450.21
2026-02-05 18:00:00,82.64,83.28,81.12,82.89,4529247.51
2026-02-05 19:00:00,82.9,83.27,81.35,81.63,2881346.02
2026-02-05 20:00:00,81.63,82.26,77.6,78.77,10167536.83
2026-02-05 21:00:00,78.78,81.14,78.29,78.93,4695034.07
2026-02-05 22:00:00,78.94,80.65,77.49,79.76,4298207.74
2026-02-05 23:00:00,79.77,81.57,78.01,78.29,3463688.1
2026-02-06 00:00:00,78.29,78.74,67.29,75.42,18817305.45
2026-02-06 01:00:00,75.42,79.67,75.4,79.48,5382571.76
2026-02-06 02:00:00,79.48,80.22,76.34,76.89,4830997.8
2026-02-06 03:00:00,76.89,77.35,75.68,76.66,2634863.89
2026-02-06 04:00:00,76.66,77.97,76.16,77.69,2091054.2
2026-02-06 05:00:00,77.68,81.56,77.51,81.06,3251935.66
2026-02-06 06:00:00,81.07,81.51,79.31,79.41,2742740.24
2026-02-06 07:00:00,79.41,80.55,78.67,79.5,2399367.12
2026-02-06 08:00:00,79.49,80.14,78.55,78.98,2182115.84
2026-02-06 09:00:00,78.97,81.58,78.84,81.22,2315731.36
2026-02-06 10:00:00,81.22,81.98,80.63,80.73,2055867.84
2026-02-06 11:00:00,80.73,81.66,80.36,81.26,1859468.69
2026-02-06 12:00:00,81.25,81.86,80.72,81.78,1349575.41
2026-02-06 13:00:00,81.78,83.75,81.58,83.01,3837850.57
2026-02-06 14:00:00,83.01,85.14,81.82,84.1,5083614.14
2026-02-06 15:00:00,84.11,84.98,83.31,84.4,3683094.5
2026-02-06 16:00:00,84.39,87.1,83.5,86.58,4440409.73
2026-02-06 17:00:00,86.57,88.59,86.02,86.58,3787426.63
2026-02-06 18:00:00,86.57,86.73,85.1,86.03,2810991.08
2026-02-06 19:00:00,86.03,87.35,85.41,86.97,1984889.98
2026-02-06 20:00:00,86.97,87.87,86.48,86.83,1873875.26
2026-02-06 21:00:00,86.83,88.13,86.5,87.97,1220345.21
2026-02-06 22:00:00,87.97,89.74,87.85,89.1,1648356.95
2026-02-06 23:00:00,89.09,89.53,87.25,87.42,1692742.74
2026-02-07 00:00:00,87.41,87.42,86.04,86.51,1993108.33
2026-02-07 01:00:00,86.51,87.43,85.84,87.06,1142680.08
2026-02-07 02:00:00,87.06,87.54,86.72,87.23,663029.84
2026-02-07 03:00:00,87.24,88.31,87.16,88.01,1044658.86
2026-02-07 04:00:00,88.01,88.97,87.21,87.65,1285392.74
2026-02-07 05:00:00,87.64,88.57,87.49,87.75,948662.11
2026-02-07 06:00:00,87.74,88.17,86.16,86.21,1101961.49
2026-02-07 07:00:00,86.21,86.59,84.15,85.24,4578018.92
2026-02-07 08:00:00,85.24,85.66,84.68,85.29,1308229.71
2026-02-07 09:00:00,85.3,85.67,84.75,85.19,941421.77
2026-02-07 10:00:00,85.18,85.46,84.44,84.94,901653.22
2026-02-07 11:00:00,84.93,85.16,84.52,84.85,814353.41
2026-02-07 12:00:00,84.85,87.15,84.78,86.16,2405119.08
2026-02-07 13:00:00,86.16,86.59,85.48,86.06,874864.61
2026-02-07 14:00:00,86.07,86.55,85.43,85.71,1013713.16
2026-02-07 15:00:00,85.71,86.91,85.59,86.52,1321513.19
2026-02-07 16:00:00,86.51,88.07,86.11,86.99,6317534.03
2026-02-07 17:00:00,87.0,87.67,86.42,87.58,789231.58
2026-02-07 18:00:00,87.57,89.15,87.38,88.65,1234263.76
2026-02-07 19:00:00,88.65,88.73,87.93,88.22,812568.05
2026-02-07 20:00:00,88.21,89.13,87.92,88.83,697746.61
2026-02-07 21:00:00,88.83,89.11,88.02,88.12,562586.99
2026-02-07 22:00:00,88.13,88.69,88.08,88.21,435263.71
2026-02-07 23:00:00,88.21,88.29,86.8,87.51,829647.79
2026-02-08 00:00:00,87.52,87.6,87.03,87.27,551983.92
2026-02-08 01:00:00,87.27,87.93,87.24,87.79,399947.65
2026-02-08 02:00:00,87.8,88.15,86.83,87.19,609105.22
2026-02-08 03:00:00,87.2,87.47,86.63,86.74,498116.4
2026-02-08 04:00:00,86.74,87.33,86.53,87.32,445988.42
2026-02-08 05:00:00,87.32,87.48,86.95,87.2,270493.3
2026-02-08 06:00:00,87.21,87.43,86.86,87.08,320560.34
2026-02-08 07:00:00,87.08,87.32,86.59,87.32,540540.07
2026-02-08 08:00:00,87.32,88.75,86.85,88.55,1434069.56
2026-02-08 09:00:00,88.54,88.93,87.45,87.52,984404.51
2026-02-08 10:00:00,87.52,88.05,86.34,86.81,1215882.3
2026-02-08 11:00:00,86.81,88.24,86.67,88.16,1183268.11
2026-02-08 12:00:00,88.17,88.32,87.6,88.07,818459.37
2026-02-08 13:00:00,88.07,88.82,87.67,88.5,1213953.5
2026-02-08 14:00:00,88.5,88.67,87.94,88.37,648813.74
2026-02-08 15:00:00,88.38,88.71,87.26,87.71,1259041.61
2026-02-08 16:00:00,87.71,87.85,85.68,86.14,1674416.27
2026-02-08 17:00:00,86.13,87.05,86.09,86.86,889354.42
2026-02-08 18:00:00,86.85,88.57,86.84,87.75,1179723.65
2026-02-08 19:00:00,87.75,88.54,87.73,88.34,648485.88
2026-02-08 20:00:00,88.34,88.35,86.69,86.84,920376.96
2026-02-08 21:00:00,86.85,87.29,86.17,86.54,737649.39
2026-02-08 22:00:00,86.55,87.2,86.37,87.07,440696.75
2026-02-08 23:00:00,87.07,89.09,86.0,86.92,2837603.83
2026-02-09 00:00:00,86.91,87.4,86.3,87.01,900255.81
2026-02-09 01:00:00,87.0,87.93,85.66,86.35,1561177.85
2026-02-09 02:00:00,86.35,87.84,86.13,86.96,1111447.27
2026-02-09 03:00:00,86.96,87.86,86.78,87.62,873802.89
2026-02-09 04:00:00,87.61,87.67,86.9,87.06,566632.07
2026-02-09 05:00:00,87.05,87.41,86.82,87.19,483930.55
2026-02-09 06:00:00,87.2,87.2,85.88,86.37,1033735.44
2026-02-09 07:00:00,86.37,86.51,85.12,85.43,1273730.84
2026-02-09 08:00:00,85.43,85.57,83.76,84.5,1936289.99
2026-02-09 09:00:00,84.5,84.86,83.88,84.27,1009128.43
2026-02-09 10:00:00,84.27,84.43,82.82,83.2,1961138.1
2026-02-09 11:00:00,83.19,83.68,83.18,83.43,826925.78
2026-02-09 12:00:00,83.44,84.33,83.39,84.01,880331.59
2026-02-09 13:00:00,84.0,84.58,83.69,83.73,899340.46
2026-02-09 14:00:00,83.72,85.21,83.51,84.9,2392014.09
2026-02-09 15:00:00,84.91,85.77,84.27,85.23,2024389.89
2026-02-09 16:00:00,85.23,86.86,84.75,86.04,1650878.33
2026-02-09 17:00:00,86.05,88.06,85.57,87.74,2307185.93
2026-02-09 18:00:00,87.73,88.66,87.01,87.46,2084385.37
2026-02-09 19:00:00,87.45,88.18,87.08,87.9,1161591.12
2026-02-09 20:00:00,87.89,88.28,87.12,87.7,851215.98
2026-02-09 21:00:00,87.7,87.84,86.45,87.27,868171.29
2026-02-09 22:00:00,87.27,87.53,86.9,87.05,477077.62
2026-02-09 23:00:00,87.06,87.36,86.59,86.71,360889.48
2026-02-10 00:00:00,86.71,86.88,86.25,86.36,439156.04
2026-02-10 01:00:00,86.36,87.44,86.32,87.22,550982.19
2026-02-10 02:00:00,87.22,87.28,86.36,86.62,439451.78
2026-02-10 03:00:00,86.62,86.81,85.2,85.8,1224973.27
2026-02-10 04:00:00,85.8,86.62,85.72,86.5,587827.34
2026-02-10 05:00:00,86.49,86.53,85.54,85.89,609133.57
2026-02-10 06:00:00,85.88,85.98,84.26,84.55,1393552.81
2026-02-10 07:00:00,84.56,85.07,84.36,84.59,970875.49
2026-02-10 08:00:00,84.58,84.84,84.11,84.59,1039381.9
2026-02-10 09:00:00,84.58,85.03,84.21,84.51,843604.91
2026-02-10 10:00:00,84.51,84.7,84.14,84.16,463511.34
2026-02-10 11:00:00,84.17,84.55,83.69,83.79,1050336.17
2026-02-10 12:00:00,83.78,84.32,83.58,83.89,867089.81
2026-02-10 13:00:00,83.89,84.72,83.61,84.59,1090018.65
2026-02-10 14:00:00,84.6,85.18,83.14,83.66,2782860.69
2026-02-10 15:00:00,83.66,84.49,83.37,84.24,1776972.9
2026-02-10 16:00:00,84.24,84.89,83.71,84.42,1238945.52
2026-02-10 17:00:00,84.41,85.1,84.14,84.87,856574.93
2026-02-10 18:00:00,84.87,84.93,82.66,82.89,1574138.22
2026-02-10 19:00:00,82.89,83.47,82.39,83.05,1051239.08
2026-02-10 20:00:00,83.04,83.19,82.25,82.6,1018269.65
2026-02-10 21:00:00,82.59,82.89,81.84,82.41,816674.51
2026-02-10 22:00:00,82.42,82.95,82.31,82.55,469570.76
2026-02-10 23:00:00,82.54,82.96,82.31,82.95,498636.62
2026-02-11 00:00:00,82.96,83.68,82.88,83.42,643102.29
2026-02-11 01:00:00,83.41,83.74,83.14,83.73,397232.45
2026-02-11 02:00:00,83.72,84.34,83.46,83.49,730535.89
2026-02-11 03:00:00,83.49,83.8,82.53,83.28,1029957.36
2026-02-11 04:00:00,83.27,83.49,81.63,81.92,1480901.24
2026-02-11 05:00:00,81.92,82.35,81.67,81.85,645246.28
2026-02-11 06:00:00,81.85,81.93,80.52,80.82,2198279.08
2026-02-11 07:00:00,80.83,81.33,80.23,80.96,1262591.27
2026-02-11 08:00:00,80.95,81.16,80.48,81.04,736899.91
2026-02-11 09:00:00,81.04,81.25,80.62,80.76,763305.16
2026-02-11 10:00:00,80.75,80.97,80.33,80.67,923365.48
2026-02-11 11:00:00,80.66,81.44,80.61,81.21,1078140.07
2026-02-11 12:00:00,81.2,81.42,80.9,81.13,967537.15
2026-02-11 13:00:00,81.14,81.82,80.58,81.61,1842101.02
2026-02-11 14:00:00,81.61,83.13,79.7,79.91,4369276.56
2026-02-11 15:00:00,79.9,80.29,78.52,79.65,3694784.51
2026-02-11 16:00:00,79.66,80.88,78.64,78.68,2209798.27
2026-02-11 17:00:00,78.67,79.99,77.92,78.96,2235151.7
2026-02-11 18:00:00,78.96,79.96,78.46,79.76,1362796.23
2026-02-11 19:00:00,79.75,80.34,79.25,79.67,1112578.69
2026-02-11 20:00:00,79.66,79.96,78.9,79.59,905788.51
2026-02-11 21:00:00,79.6,81.08,79.58,80.09,1454650.65
2026-02-11 22:00:00,80.1,80.18,79.39,79.44,548855.55
2026-02-11 23:00:00,79.45,79.69,78.59,79.25,1035737.39
2026-02-12 00:00:00,79.24,80.18,79.22,79.92,585395.86
2026-02-12 01:00:00,79.93,80.74,79.93,80.37,763211.8
2026-02-12 02:00:00,80.36,80.7,79.88,80.28,552878.01
2026-02-12 03:00:00,80.28,80.62,80.02,80.56,354547.54
2026-02-12 04:00:00,80.56,80.93,80.23,80.26,775350.82
2026-02-12 05:00:00,80.26,80.57,79.37,80.53,1075845.86
2026-02-12 06:00:00,80.54,80.96,80.32,80.53,628111.05
2026-02-12 07:00:00,80.52,80.88,80.24,80.72,510699.62
2026-02-12 08:00:00,80.72,80.88,80.26,80.7,513084.27
2026-02-12 09:00:00,80.71,81.86,80.51,81.74,1545239.37
2026-02-12 10:00:00,81.74,82.19,81.29,82.12,938453.26
2026-02-12 11:00:00,82.12,82.19,81.64,81.8,778742.6
2026-02-12 12:00:00,81.79,81.89,80.77,81.03,998906.79
2026-02-12 13:00:00,81.03,82.07,80.64,81.9,1305952.49
2026-02-12 14:00:00,81.9,81.93,80.95,81.09,1301285.09
2026-02-12 15:00:00,81.09,81.48,80.03,80.06,2012842.09
2026-02-12 16:00:00,80.06,80.17,78.12,78.27,3630818.07
2026-02-12 17:00:00,78.26,78.64,77.46,77.86,2374628.78
2026-02-12 18:00:00,77.86,78.44,77.14,77.56,1862357.4
2026-02-12 19:00:00,77.56,78.59,76.9,77.57,1916517.63
2026-02-12 20:00:00,77.57,77.88,76.54,76.86,1604209.58
2026-02-12 21:00:00,76.86,77.52,76.86,77.29,718520.17
2026-02-12 22:00:00,77.29,78.08,76.91,78.05,778562.95
2026-02-12 23:00:00,78.06,78.48,77.77,78.37,1001515.64
2026-02-13 00:00:00,78.37,78.69,77.49,77.99,926378.51
2026-02-13 01:00:00,77.99,78.8,77.97,78.56,758683.25
2026-02-13 02:00:00,78.56,79.28,78.39,79.09,762422.32
2026-02-13 03:00:00,79.1,79.44,78.76,79.0,585484.08
2026-02-13 04:00:00,79.01,79.23,78.4,78.47,542976.25
2026-02-13 05:00:00,78.47,78.72,78.12,78.25,576998.56
2026-02-13 06:00:00,78.24,78.63,77.79,78.58,710113.09
2026-02-13 07:00:00,78.58,79.22,78.48,78.93,878394.39
2026-02-13 08:00:00,78.93,79.87,78.8,79.67,885503.09
2026-02-13 09:00:00,79.67,79.92,79.36,79.82,686359.9
2026-02-13 10:00:00,79.82,80.58,79.71,80.29,1396847.78
2026-02-13 11:00:00,80.3,80.36,79.74,80.26,798417.77
2026-02-13 12:00:00,80.26,80.27,79.8,79.92,435549.51
2026-02-13 13:00:00,79.92,80.89,79.68,80.23,1452755.82
2026-02-13 14:00:00,80.23,81.93,79.8,81.3,2624276.67
2026-02-13 15:00:00,81.31,84.3,81.04,83.16,3860970.78
2026-02-13 16:00:00,83.16,84.99,82.87,84.17,2201574.97
2026-02-13 17:00:00,84.18,84.69,83.52,84.29,1348130.62
2026-02-13 18:00:00,84.3,85.57,84.07,85.35,1672358.39
2026-02-13 19:00:00,85.34,85.59,84.5,84.6,958308.02
2026-02-13 20:00:00,84.6,85.03,84.12,84.72,1105131.61
2026-02-13 21:00:00,84.73,85.16,84.52,84.8,662646.23
2026-02-13 22:00:00,84.8,84.88,84.41,84.62,335200.46
2026-02-13 23:00:00,84.62,84.62,84.04,84.29,419338.61
2026-02-14 00:00:00,84.28,85.04,84.17,84.88,647681.65
2026-02-14 01:00:00,84.88,85.15,84.72,84.94,416182.13
2026-02-14 02:00:00,84.94,84.96,84.54,84.85,341624.24
2026-02-14 03:00:00,84.84,85.25,84.77,85.0,347760.58
2026-02-14 04:00:00,85.0,85.05,84.73,84.76,255764.29
2026-02-14 05:00:00,84.76,84.98,84.56,84.57,248109.42
2026-02-14 06:00:00,84.56,84.9,84.28,84.79,418436.3
2026-02-14 07:00:00,84.79,85.22,84.71,85.12,386430.72
2026-02-14 08:00:00,85.13,86.37,85.1,86.15,1522660.74
2026-02-14 09:00:00,86.15,86.32,85.78,85.95,738531.86
2026-02-14 10:00:00,85.96,85.96,85.66,85.76,357762.0
2026-02-14 11:00:00,85.76,87.28,85.76,87.22,1728318.26
2026-02-14 12:00:00,87.22,87.26,86.2,86.36,1195849.52
2026-02-14 13:00:00,86.37,86.85,85.97,86.39,1138482.08
2026-02-14 14:00:00,86.39,87.49,86.32,87.2,1056052.14
2026-02-14 15:00:00,87.2,87.65,87.04,87.38,878558.94
2026-02-14 16:00:00,87.39,88.19,86.96,88.04,1598686.67
2026-02-14 17:00:00,88.04,88.42,87.76,87.97,900816.62
2026-02-14 18:00:00,87.98,88.24,87.71,87.95,565504.67
2026-02-14 19:00:00,87.94,88.27,87.48,88.13,531214.21
2026-02-14 20:00:00,88.14,88.38,87.61,88.08,656679.29
2026-02-14 21:00:00,88.08,88.45,87.22,88.0,1066404.96
2026-02-14 22:00:00,88.0,88.85,87.84,88.44,719509.58
2026-02-14 23:00:00,88.43,88.85,87.98,88.02,591118.01
2026-02-15 00:00:00,88.01,88.38,87.74,88.14,658837.56
2026-02-15 01:00:00,88.14,88.7,87.56,88.24,821369.12
2026-02-15 02:00:00,88.23,88.47,87.45,87.96,695417.69
2026-02-15 03:00:00,87.95,88.76,87.31,88.56,948781.44
2026-02-15 04:00:00,88.56,89.78,88.32,88.74,2131220.37
2026-02-15 05:00:00,88.73,90.03,88.69,89.61,1051157.29
2026-02-15 06:00:00,89.61,90.12,89.26,89.54,914372.61
2026-02-15 07:00:00,89.54,90.96,89.33,90.68,1325662.98
2026-02-15 08:00:00,90.68,91.19,89.15,89.6,1926662.69
2026-02-15 09:00:00,89.61,90.46,89.39,89.93,855295.54
2026-02-15 10:00:00,89.93,90.05,89.05,89.47,833454.21
2026-02-15 11:00:00,89.47,89.78,88.95,89.13,599263.02
2026-02-15 12:00:00,89.12,89.59,87.26,87.27,2196945.08
2026-02-15 13:00:00,87.28,88.34,86.78,86.93,2350465.82
2026-02-15 14:00:00,86.93,87.57,86.61,87.31,1214817.23
2026-02-15 15:00:00,87.31,87.63,86.88,87.36,820439.9
2026-02-15 16:00:00,87.36,87.62,86.61,87.51,982215.37
2026-02-15 17:00:00,87.51,87.85,85.67,86.37,1941175.14
2026-02-15 18:00:00,86.37,86.81,85.95,86.17,1190334.57
2026-02-15 19:00:00,86.16,86.31,85.14,85.29,1573350.83
2026-02-15 20:00:00,85.28,85.95,84.83,85.81,980584.26
2026-02-15 21:00:00,85.82,86.39,85.81,86.11,802622.02
2026-02-15 22:00:00,86.12,86.63,85.99,86.31,544908.85
2026-02-15 23:00:00,86.31,86.32,85.04,86.09,1039032.09
2026-02-16 00:00:00,86.09,86.47,85.58,86.12,619247.85
2026-02-16 01:00:00,86.13,86.59,85.33,85.72,805662.14
2026-02-16 02:00:00,85.72,86.17,85.18,85.34,681889.27
2026-02-16 03:00:00,85.35,85.52,84.71,85.11,714293.75
2026-02-16 04:00:00,85.1,85.78,85.05,85.75,551038.2
2026-02-16 05:00:00,85.76,85.86,84.4,84.65,914080.35
2026-02-16 06:00:00,84.65,85.17,84.47,85.0,551689.9
2026-02-16 07:00:00,85.01,85.47,84.76,85.01,537216.42
2026-02-16 08:00:00,85.02,85.45,84.99,85.32,590521.73
2026-02-16 09:00:00,85.33,86.2,85.32,85.93,904487.05
2026-02-16 10:00:00,85.93,85.98,85.56,85.69,461049.56
2026-02-16 11:00:00,85.69,85.92,84.4,85.46,1181451.93
2026-02-16 12:00:00,85.46,86.35,85.21,86.13,1601469.2
2026-02-16 13:00:00,86.13,86.88,83.79,84.1,3424855.36
2026-02-16 14:00:00,84.09,84.62,83.39,83.98,1946286.87
2026-02-16 15:00:00,83.99,84.5,82.51,83.16,2266769.63
2026-02-16 16:00:00,83.16,84.06,83.05,83.92,1710184.57
2026-02-16 17:00:00,83.91,84.75,83.82,84.45,1153261.15
2026-02-16 18:00:00,84.45,85.11,84.42,84.47,837858.2
2026-02-16 19:00:00,84.48,85.07,84.17,84.57,571398.84
2026-02-16 20:00:00,84.57,85.45,84.44,85.31,768702.23
2026-02-16 21:00:00,85.31,86.08,85.06,85.97,714617.14
2026-02-16 22:00:00,85.97,86.2,85.52,85.67,593230.56
2026-02-16 23:00:00,85.66,86.61,85.61,86.39,828034.05
2026-02-17 00:00:00,86.39,87.11,86.23,86.56,1021635.62
2026-02-17 01:00:00,86.56,87.03,86.07,86.12,730589.95
2026-02-17 02:00:00,86.13,87.66,85.72,87.26,1055883.0
2026-02-17 03:00:00,87.26,87.32,86.27,86.31,741295.5
2026-02-17 04:00:00,86.31,86.61,85.87,86.32,767781.53
2026-02-17 05:00:00,86.32,86.44,85.38,86.16,712869.47
2026-02-17 06:00:00,86.16,86.76,86.15,86.44,426792.16
2026-02-17 07:00:00,86.44,86.49,85.87,86.42,444311.82
2026-02-17 08:00:00,86.42,86.71,85.84,85.89,800438.94
2026-02-17 09:00:00,85.9,86.13,85.61,85.87,440333.91
2026-02-17 10:00:00,85.87,85.99,84.82,84.99,899705.7
2026-02-17 11:00:00,84.99,85.25,84.67,85.04,629555.81
2026-02-17 12:00:00,85.05,85.53,84.46,84.58,962431.23
2026-02-17 13:00:00,84.59,85.47,84.31,84.94,1324796.59
2026-02-17 14:00:00,84.93,85.42,82.93,83.2,2584088.98
2026-02-17 15:00:00,83.2,83.85,82.86,83.76,2250697.85
2026-02-17 16:00:00,83.75,85.43,83.66,84.13,2052912.36
2026-02-17 17:00:00,84.13,84.28,83.08,83.64,1118298.17
2026-02-17 18:00:00,83.65,85.39,83.5,85.07,1228565.22
2026-02-17 19:00:00,85.07,85.72,84.58,84.8,1070485.19
2026-02-17 20:00:00,84.8,85.22,84.47,84.94,816314.9
2026-02-17 21:00:00,84.93,85.39,84.78,85.17,406470.17
2026-02-17 22:00:00,85.17,85.39,84.91,84.98,214094.18
2026-02-17 23:00:00,84.98,85.29,84.84,85.02,441374.07
2026-02-18 00:00:00,85.02,85.44,84.75,84.82,514966.59
2026-02-18 01:00:00,84.82,84.94,83.87,84.21,646005.62
2026-02-18 02:00:00,84.2,84.95,84.18,84.61,397368.17
2026-02-18 03:00:00,84.62,85.41,84.49,85.27,430978.42
2026-02-18 04:00:00,85.27,85.5,84.92,85.1,359687.59
2026-02-18 05:00:00,85.1,85.21,84.7,84.85,267740.18
2026-02-18 06:00:00,84.84,85.26,84.75,84.87,292642.45
2026-02-18 07:00:00,84.87,85.38,84.63,85.22,442897.89
2026-02-18 08:00:00,85.22,86.04,85.17,85.42,963551.2
2026-02-18 09:00:00,85.42,85.7,85.25,85.26,373487.09
2026-02-18 10:00:00,85.27,85.34,84.12,84.22,915637.04
2026-02-18 11:00:00,84.21,84.22,82.74,82.8,2196459.62
2026-02-18 12:00:00,82.79,83.28,82.24,82.94,1671622.42
2026-02-18 13:00:00,82.94,83.21,82.23,82.54,1111194.03
2026-02-18 14:00:00,82.54,82.82,81.62,82.49,1917347.16
2026-02-18 15:00:00,82.49,83.97,82.45,82.95,2041394.42
2026-02-18 16:00:00,82.96,83.04,82.0,82.23,1387194.08
2026-02-18 17:00:00,82.23,82.95,82.03,82.12,776768.49
2026-02-18 18:00:00,82.13,82.31,80.74,81.23,1841022.0
2026-02-18 19:00:00,81.22,81.55,80.37,80.87,1565915.42
2026-02-18 20:00:00,80.87,81.55,80.79,81.27,874447.6
2026-02-18 21:00:00,81.27,81.59,80.92,81.21,634983.81
2026-02-18 22:00:00,81.22,81.5,80.99,81.41,313211.51
2026-02-18 23:00:00,81.42,81.59,81.18,81.55,305204.5
2026-02-19 00:00:00,81.54,81.68,81.18,81.44,316470.09
2026-02-19 01:00:00,81.44,81.99,81.44,81.82,421307.66
2026-02-19 02:00:00,81.83,82.02,81.25,81.6,571292.73
2026-02-19 03:00:00,81.59,81.9,81.37,81.71,264099.6
2026-02-19 04:00:00,81.72,82.0,81.43,81.46,449861.42
2026-02-19 05:00:00,81.45,81.93,81.32,81.83,512490.49
2026-02-19 06:00:00,81.83,82.45,81.77,82.32,545010.9
2026-02-19 07:00:00,82.31,82.63,81.95,82.34,591050.79
2026-02-19 08:00:00,82.34,82.35,81.51,81.67,652920.08
2026-02-19 09:00:00,81.68,81.96,81.06,81.14,746717.52
2026-02-19 10:00:00,81.15,81.79,80.86,81.48,994257.88
2026-02-19 11:00:00,81.49,81.86,81.06,81.2,468789.27
2026-02-19 12:00:00,81.2,81.28,80.63,80.76,1003418.86
2026-02-19 13:00:00,80.76,80.88,79.57,79.96,1826615.15
2026-02-19 14:00:00,79.97,81.29,79.9,80.74,1971232.25
2026-02-19 15:00:00,80.74,81.26,79.91,80.59,1241099.16
2026-02-19 16:00:00,80.58,80.92,79.86,80.76,1239793.63
2026-02-19 17:00:00,80.76,81.9,80.17,80.42,1584806.77
2026-02-19 18:00:00,80.43,82.02,80.33,81.95,1158439.46
2026-02-19 19:00:00,81.95,82.19,81.02,81.9,962930.56
2026-02-19 20:00:00,81.9,82.34,81.63,82.06,725162.83
2026-02-19 21:00:00,82.05,82.14,81.78,82.02,322242.45
2026-02-19 22:00:00,82.02,82.5,81.86,82.29,481318.57
2026-02-19 23:00:00,82.29,82.52,82.07,82.46,333561.6
2026-02-20 00:00:00,82.46,83.5,82.27,82.85,1122342.16
2026-02-20 01:00:00,82.85,83.1,82.64,82.97,486149.54
2026-02-20 02:00:00,82.97,83.27,82.75,82.86,564127.55
2026-02-20 03:00:00,82.87,83.32,82.79,82.97,431705.96
2026-02-20 04:00:00,82.98,83.05,82.32,82.63,671734.47
2026-02-20 05:00:00,82.63,83.71,82.45,83.23,872140.07
2026-02-20 06:00:00,83.22,83.69,83.09,83.66,516578.33
2026-02-20 07:00:00,83.66,83.88,83.34,83.38,606152.72
2026-02-20 08:00:00,83.39,83.76,83.24,83.59,396588.12
2026-02-20 09:00:00,83.58,84.45,83.58,84.16,1060560.58
2026-02-20 10:00:00,84.15,84.81,83.99,84.05,1017582.92
2026-02-20 11:00:00,84.05,84.21,83.29,83.52,1291483.96
2026-02-20 12:00:00,83.53,83.99,83.31,83.67,744560.75
2026-02-20 13:00:00,83.67,83.67,81.71,82.15,2573140.91
2026-02-20 14:00:00,82.16,83.35,82.07,83.02,1701036.88
2026-02-20 15:00:00,83.02,84.76,82.62,84.33,3584206.83
2026-02-20 16:00:00,84.32,84.92,83.68,84.45,1874028.36
2026-02-20 17:00:00,84.45,84.56,82.75,84.44,2382904.86
2026-02-20 18:00:00,84.45,85.44,83.9,85.21,1961711.51
2026-02-20 19:00:00,85.2,85.34,84.33,84.72,735375.68
2026-02-20 20:00:00,84.71,85.19,84.36,84.57,500128.0
2026-02-20 21:00:00,84.57,84.72,84.25,84.52,539466.6
2026-02-20 22:00:00,84.51,84.73,84.06,84.55,500093.79
2026-02-20 23:00:00,84.54,84.67,84.23,84.62,315878.71
2026-02-21 00:00:00,84.62,84.71,84.29,84.4,330932.73
2026-02-21 01:00:00,84.4,84.81,84.4,84.65,238236.43
2026-02-21 02:00:00,84.64,84.98,84.48,84.76,272963.05
2026-02-21 03:00:00,84.76,84.79,84.16,84.29,444080.33
2026-02-21 04:00:00,84.3,84.46,84.08,84.36,244360.55
2026-02-21 05:00:00,84.35,84.54,84.33,84.42,168450.46
2026-02-21 06:00:00,84.42,84.74,83.96,84.08,600933.1
2026-02-21 07:00:00,84.07,84.29,83.91,84.18,355101.39
2026-02-21 08:00:00,84.17,84.69,84.14,84.67,330980.56
2026-02-21 09:00:00,84.66,85.15,84.61,84.86,626424.05
2026-02-21 10:00:00,84.87,85.24,84.84,85.11,326325.57
2026-02-21 11:00:00,85.11,85.67,85.09,85.35,689059.9
2026-02-21 12:00:00,85.35,85.49,84.96,85.25,544309.84
2026-02-21 13:00:00,85.26,85.93,85.11,85.81,611907.68
2026-02-21 14:00:00,85.81,86.63,85.58,86.27,1455277.99
2026-02-21 15:00:00,86.27,86.68,86.13,86.52,719820.62
2026-02-21 16:00:00,86.52,86.62,85.8,86.1,869084.67
2026-02-21 17:00:00,86.09,86.42,85.77,86.19,779240.3
2026-02-21 18:00:00,86.19,86.67,86.13,86.53,495249.61
2026-02-21 19:00:00,86.53,86.64,86.13,86.17,348692.35
2026-02-21 20:00:00,86.16,86.17,85.21,85.41,800075.89
2026-02-21 21:00:00,85.42,85.8,85.35,85.79,396031.25
2026-02-21 22:00:00,85.79,85.85,85.32,85.4,316604.2
2026-02-21 23:00:00,85.41,85.51,85.07,85.12,504412.46
2026-02-22 00:00:00,85.12,85.18,84.71,85.01,582817.68
2026-02-22 01:00:00,85.01,85.38,85.0,85.28,456387.17
2026-02-22 02:00:00,85.28,85.56,84.8,84.9,484645.02
2026-02-22 03:00:00,84.91,85.11,84.62,85.03,470545.86
2026-02-22 04:00:00,85.03,85.3,84.91,85.1,238929.57
2026-02-22 05:00:00,85.1,85.16,84.73,84.93,273075.88
2026-02-22 06:00:00,84.92,85.28,84.89,85.24,308228.1
2026-02-22 07:00:00,85.24,85.5,85.09,85.19,495812.36
2026-02-22 08:00:00,85.19,85.21,84.81,84.91,374719.57
2026-02-22 09:00:00,84.91,85.14,84.88,84.97,203290.96
2026-02-22 10:00:00,84.97,85.25,84.94,85.16,241247.79
2026-02-22 11:00:00,85.17,85.43,85.09,85.2,275723.77
2026-02-22 12:00:00,85.2,85.26,84.27,84.4,964907.34
2026-02-22 13:00:00,84.4,84.59,83.62,83.94,1180889.09
2026-02-22 14:00:00,83.95,84.03,83.32,83.6,1140990.52
2026-02-22 15:00:00,83.6,83.68,82.94,83.44,1559849.95
2026-02-22 16:00:00,83.44,83.58,83.13,83.52,441868.66
2026-02-22 17:00:00,83.53,83.56,82.76,83.01,785830.25
2026-02-22 18:00:00,83.0,83.24,82.91,83.16,393500.79
2026-02-22 19:00:00,83.16,83.36,82.97,83.25,232251.96
2026-02-22 20:00:00,83.24,83.32,82.91,82.97,451927.27
2026-02-22 21:00:00,82.97,83.53,82.97,83.44,289012.19
2026-02-22 22:00:00,83.44,83.66,83.03,83.52,507598.24
2026-02-22 23:00:00,83.52,83.6,82.43,82.75,1152990.25
2026-02-23 00:00:00,82.75,82.81,81.26,81.34,1358483.17
2026-02-23 01:00:00,81.33,81.33,77.39,77.88,6426229.44
2026-02-23 02:00:00,77.88,78.37,77.45,77.79,1721771.38
2026-02-23 03:00:00,77.78,78.23,77.16,77.57,1545407.03
2026-02-23 04:00:00,77.58,77.66,77.06,77.29,937844.69
2026-02-23 05:00:00,77.3,77.98,77.25,77.74,1366222.64
2026-02-23 06:00:00,77.74,79.1,77.57,79.01,1906823.53
2026-02-23 07:00:00,79.0,79.63,78.83,79.32,1214368.59
2026-02-23 08:00:00,79.32,79.33,78.44,78.69,1201485.29
2026-02-23 09:00:00,78.69,80.48,78.69,80.4,1986515.49
2026-02-23 10:00:00,80.4,80.63,80.03,80.22,1051718.99
2026-02-23 11:00:00,80.22,80.5,79.9,79.99,714984.57
2026-02-23 12:00:00,79.99,80.93,79.81,80.65,1490843.06
2026-02-23 13:00:00,80.65,81.06,80.37,80.47,1320628.72
2026-02-23 14:00:00,80.47,80.76,79.36,80.09,2435669.86
2026-02-23 15:00:00,80.09,80.29,79.15,79.35,1640658.32
2026-02-23 16:00:00,79.36,79.76,78.61,78.92,2003221.99
2026-02-23 17:00:00,78.93,79.11,77.21,78.27,2432078.28
2026-02-23 18:00:00,78.28,79.26,78.0,78.57,1630953.09
2026-02-23 19:00:00,78.58,78.87,77.88,78.25,1110452.43
2026-02-23 20:00:00,78.24,78.5,77.8,78.26,937774.25
2026-02-23 21:00:00,78.26,78.69,78.13,78.33,716229.08
2026-02-23 22:00:00,78.33,78.87,78.2,78.21,717362.09
2026-02-23 23:00:00,78.21,78.5,77.57,77.87,668599.56
2026-02-24 00:00:00,77.86,78.49,77.85,78.41,662279.53
2026-02-24 01:00:00,78.4,78.42,75.68,77.63,3291013.22
2026-02-24 02:00:00,77.62,78.38,77.46,77.58,916891.98
2026-02-24 03:00:00,77.59,77.59,76.43,76.84,1359040.92
2026-02-24 04:00:00,76.84,77.04,76.06,76.8,1235165.01
2026-02-24 05:00:00,76.8,77.29,76.15,76.59,1175168.39
2026-02-24 06:00:00,76.58,76.89,76.33,76.55,570030.53
2026-02-24 07:00:00,76.55,77.19,76.45,76.79,771912.21
2026-02-24 08:00:00,76.8,77.15,76.43,76.98,660203.7
2026-02-24 09:00:00,76.97,77.09,75.87,76.61,995095.29
2026-02-24 10:00:00,76.61,76.79,76.35,76.71,440130.13
2026-02-24 11:00:00,76.71,76.86,76.44,76.71,396014.53
2026-02-24 12:00:00,76.71,77.01,76.45,76.54,619524.77
2026-02-24 13:00:00,76.55,76.75,75.99,76.52,1078039.78
2026-02-24 14:00:00,76.51,77.39,75.57,76.83,2636718.06
2026-02-24 15:00:00,76.84,77.45,76.55,77.25,1338868.42
2026-02-24 16:00:00,77.26,78.2,77.17,78.06,1729240.43
2026-02-24 17:00:00,78.07,78.45,77.74,77.93,1138179.8
2026-02-24 18:00:00,77.92,78.28,77.51,78.14,688056.46
2026-02-24 19:00:00,78.14,78.47,77.82,78.32,648260.91
2026-02-24 20:00:00,78.33,78.86,78.28,78.61,831433.85
2026-02-24 21:00:00,78.6,78.67,78.06,78.48,663208.55
2026-02-24 22:00:00,78.48,79.34,78.39,79.02,731907.28
2026-02-24 23:00:00,79.02,79.56,78.59,78.91,957007.55
2026-02-25 00:00:00,78.92,79.37,78.66,79.14,641745.89
2026-02-25 01:00:00,79.13,82.53,79.04,81.94,4217964.18
2026-02-25 02:00:00,81.95,82.97,81.93,82.41,1809415.86
2026-02-25 03:00:00,82.42,82.53,81.58,81.72,1185220.03
2026-02-25 04:00:00,81.71,82.41,81.24,81.93,1342531.46
2026-02-25 05:00:00,81.92,82.14,80.93,81.26,1416645.98
2026-02-25 06:00:00,81.25,81.85,81.11,81.53,784760.13
2026-02-25 07:00:00,81.53,82.38,81.45,82.13,927637.25
2026-02-25 08:00:00,82.14,82.52,81.88,82.44,964032.38
2026-02-25 09:00:00,82.45,82.66,82.18,82.49,819350.57
2026-02-25 10:00:00,82.49,82.93,82.41,82.51,760040.86
2026-02-25 11:00:00,82.51,83.38,82.26,83.33,1185040.51
2026-02-25 12:00:00,83.34,84.06,82.85,83.64,1722082.73
2026-02-25 13:00:00,83.64,84.4,83.29,83.78,1786056.98
2026-02-25 14:00:00,83.79,85.75,83.75,85.59,2699059.15
2026-02-25 15:00:00,85.59,86.43,84.95,85.92,2917760.96
2026-02-25 16:00:00,85.92,87.67,85.92,87.5,2892063.18
2026-02-25 17:00:00,87.51,88.92,87.35,88.52,2767251.06
2026-02-25 18:00:00,88.51,89.15,87.96,88.91,1770585.02
2026-02-25 19:00:00,88.9,89.6,88.31,89.39,1501134.62
2026-02-25 20:00:00,89.4,90.08,88.93,89.34,1722033.33
2026-02-25 21:00:00,89.33,92.09,89.33,89.81,2883574.91
2026-02-25 22:00:00,89.82,90.5,88.33,89.07,1575524.4
2026-02-25 23:00:00,89.06,89.32,87.05,88.01,2147775.14
2026-02-26 00:00:00,88.01,89.22,87.79,88.55,1775791.39
2026-02-26 01:00:00,88.56,89.13,88.17,88.39,755295.53
2026-02-26 02:00:00,88.39,88.44,87.51,88.16,1036878.75
2026-02-26 03:00:00,88.15,88.34,87.73,87.91,506794.72
2026-02-26 04:00:00,87.91,89.0,87.79,88.68,829598.97
2026-02-26 05:00:00,88.69,88.69,87.18,87.72,1071149.34
2026-02-26 06:00:00,87.73,87.97,87.32,87.59,537172.1
2026-02-26 07:00:00,87.59,87.84,87.17,87.21,618569.13
2026-02-26 08:00:00,87.21,87.83,87.2,87.24,735745.07
2026-02-26 09:00:00,87.24,88.64,87.15,88.27,1294360.32
2026-02-26 10:00:00,88.26,88.54,87.22,87.4,867833.53
2026-02-26 11:00:00,87.4,87.57,86.53,86.76,1080967.6
2026-02-26 12:00:00,86.76,87.74,86.66,87.63,678661.28
2026-02-26 13:00:00,87.62,88.04,87.42,87.57,595944.7
2026-02-26 14:00:00,87.58,88.22,86.23,86.97,2082352.44
2026-02-26 15:00:00,86.97,87.05,85.22,86.52,2950274.32
2026-02-26 16:00:00,86.52,86.71,84.25,84.53,2746885.34
2026-02-26 17:00:00,84.54,85.29,84.44,84.85,1405282.84
2026-02-26 18:00:00,84.84,85.66,84.4,85.33,1329631.17
2026-02-26 19:00:00,85.32,86.65,85.28,86.41,1377420.99
2026-02-26 20:00:00,86.42,86.83,85.79,85.98,744865.03
2026-02-26 21:00:00,85.97,86.26,85.68,85.89,495037.34
2026-02-26 22:00:00,85.9,86.21,85.73,86.08,275096.82
2026-02-26 23:00:00,86.08,86.11,85.71,85.86,319157.6
2026-02-27 00:00:00,85.86,86.0,85.14,85.8,752429.81
2026-02-27 01:00:00,85.8,86.11,85.25,86.09,961077.29
2026-02-27 02:00:00,86.09,86.75,85.89,86.52,576560.55
2026-02-27 03:00:00,86.52,87.77,86.3,87.57,926383.21
2026-02-27 04:00:00,87.57,88.26,87.41,87.49,1370939.44
2026-02-27 05:00:00,87.49,87.8,87.32,87.48,500341.68
2026-02-27 06:00:00,87.48,87.57,86.79,87.28,782371.44
2026-02-27 07:00:00,87.27,87.4,86.74,87.26,714801.96
2026-02-27 08:00:00,87.27,87.88,87.14,87.52,899249.29
2026-02-27 09:00:00,87.52,87.78,86.18,86.27,1035406.16
2026-02-27 10:00:00,86.26,86.45,84.5,84.65,1781115.68
2026-02-27 11:00:00,84.66,84.9,83.27,83.53,1916895.76
2026-02-27 12:00:00,83.52,83.71,82.56,83.05,1675399.83
2026-02-27 13:00:00,83.06,83.5,81.89,83.01,2748887.67
2026-02-27 14:00:00,83.01,83.31,82.03,82.32,1921458.88
2026-02-27 15:00:00,82.32,83.03,82.24,82.64,1528066.22
2026-02-27 16:00:00,82.63,82.64,81.24,81.29,1990173.07
2026-02-27 17:00:00,81.29,81.88,81.05,81.78,1502750.75
2026-02-27 18:00:00,81.78,81.99,81.35,81.45,873210.43
2026-02-27 19:00:00,81.45,81.69,81.08,81.52,528282.46
2026-02-27 20:00:00,81.52,81.84,81.17,81.41,813862.36
2026-02-27 21:00:00,81.41,81.79,80.81,81.17,854947.62
2026-02-27 22:00:00,81.16,81.56,80.26,81.38,1074371.05
2026-02-27 23:00:00,81.39,82.07,81.3,81.8,868734.68
2026-02-28 00:00:00,81.8,82.1,81.53,82.06,593992.68
2026-02-28 01:00:00,82.07,82.22,81.66,81.73,472456.19
2026-02-28 02:00:00,81.72,82.15,81.64,82.07,288857.55
2026-02-28 03:00:00,82.08,82.08,81.47,81.69,405773.79
2026-02-28 04:00:00,81.68,81.85,81.15,81.59,556507.65
2026-02-28 05:00:00,81.59,81.76,81.23,81.5,305479.48
2026-02-28 06:00:00,81.49,81.5,77.06,77.48,5409398.42
2026-02-28 07:00:00,77.48,79.64,77.06,78.63,3642919.91
2026-02-28 08:00:00,78.64,78.67,77.78,77.95,1339541.87
2026-02-28 09:00:00,77.94,78.66,77.67,78.34,1091045.54
2026-02-28 10:00:00,78.34,79.11,77.91,79.05,1361416.55
2026-02-28 11:00:00,79.04,79.53,78.58,78.71,1090404.13
2026-02-28 12:00:00,78.71,79.16,78.55,78.86,660914.51
2026-02-28 13:00:00,78.87,80.95,78.63,80.75,2646939.27
2026-02-28 14:00:00,80.75,81.46,79.96,80.19,2878427.86
2026-02-28 15:00:00,80.19,81.1,79.54,80.87,1584965.54
2026-02-28 16:00:00,80.86,81.29,80.43,81.02,970543.06
2026-02-28 17:00:00,81.01,81.48,80.52,81.33,748729.05
2026-02-28 18:00:00,81.32,82.87,81.03,82.29,1678723.02
2026-02-28 19:00:00,82.29,82.73,81.39,82.15,1735733.21
2026-02-28 20:00:00,82.15,85.0,81.9,84.83,2775661.69
2026-02-28 21:00:00,84.83,85.02,83.53,84.44,1561938.64
2026-02-28 22:00:00,84.44,85.63,84.2,84.25,1070480.07
2026-02-28 23:00:00,84.25,84.69,83.87,84.29,746698.85
2026-03-01 00:00:00,84.29,84.98,84.27,84.82,848678.89
2026-03-01 01:00:00,84.83,87.48,84.22,86.7,2453817.86
2026-03-01 02:00:00,86.7,88.88,86.69,87.92,2965944.71
2026-03-01 03:00:00,87.92,88.3,87.59,87.98,1067198.95
2026-03-01 04:00:00,87.99,88.23,86.83,87.5,1457454.08
2026-03-01 05:00:00,87.51,87.99,87.16,87.23,673374.61
2026-03-01 06:00:00,87.23,87.36,86.11,86.63,1440528.36
2026-03-01 07:00:00,86.63,86.86,86.23,86.58,639947.52
2026-03-01 08:00:00,86.59,86.79,85.01,85.17,1274315.28
2026-03-01 09:00:00,85.18,85.83,84.77,84.96,1348849.85
2026-03-01 10:00:00,84.96,85.63,84.67,85.18,1008455.63
2026-03-01 11:00:00,85.18,85.48,84.94,85.13,460051.91
2026-03-01 12:00:00,85.13,85.36,84.72,84.84,654620.77
2026-03-01 13:00:00,84.83,86.95,84.46,86.02,2149306.17
2026-03-01 14:00:00,86.03,86.86,85.37,85.75,1509617.49
2026-03-01 15:00:00,85.74,86.64,85.56,85.61,1133059.71
2026-03-01 16:00:00,85.61,86.05,83.51,83.96,2499321.11
2026-03-01 17:00:00,83.97,84.26,83.14,83.85,1816607.42
2026-03-01 18:00:00,83.85,84.99,83.8,83.89,1419989.39
2026-03-01 19:00:00,83.9,83.98,82.98,83.19,847167.85
2026-03-01 20:00:00,83.19,83.24,81.64,81.93,1805955.21
2026-03-01 21:00:00,81.93,82.98,81.88,82.89,947305.14
2026-03-01 22:00:00,82.9,84.17,82.32,82.68,1702756.06
2026-03-01 23:00:00,82.68,84.03,82.45,83.55,1223829.16
2026-03-02 00:00:00,83.55,85.19,83.43,84.95,1380719.13
2026-03-02 01:00:00,84.94,86.14,84.35,84.58,1371014.45
2026-03-02 02:00:00,84.59,84.74,83.41,84.11,1045307.76
2026-03-02 03:00:00,84.11,85.09,83.78,84.74,888994.62
2026-03-02 04:00:00,84.73,84.8,84.03,84.25,656636.45
2026-03-02 05:00:00,84.25,84.65,83.79,84.17,557559.86
2026-03-02 06:00:00,84.18,84.2,82.82,83.18,1195253.58
2026-03-02 07:00:00,83.19,83.25,82.32,82.9,975137.82
2026-03-02 08:00:00,82.9,83.6,82.3,83.4,1280919.12
2026-03-02 09:00:00,83.39,84.09,83.27,83.6,1098802.97
2026-03-02 10:00:00,83.6,84.08,83.31,83.85,929021.69
2026-03-02 11:00:00,83.85,84.28,83.41,83.85,836394.83
2026-03-02 12:00:00,83.84,84.11,83.52,83.64,598199.0
2026-03-02 13:00:00,83.63,83.8,82.85,83.03,1203103.35
2026-03-02 14:00:00,83.02,85.91,82.72,85.61,3413306.1
2026-03-02 15:00:00,85.6,88.96,85.41,88.74,5664800.2
2026-03-02 16:00:00,88.74,90.32,88.41,88.82,4017038.98
2026-03-02 17:00:00,88.81,88.96,86.36,87.57,2762170.99
2026-03-02 18:00:00,87.57,87.82,86.65,87.28,1281748.54
2026-03-02 19:00:00,87.27,87.75,86.78,87.62,1068399.75
2026-03-02 20:00:00,87.61,88.04,86.8,87.5,1290229.15
2026-03-02 21:00:00,87.5,87.71,87.09,87.49,868841.36
2026-03-02 22:00:00,87.49,88.19,87.18,87.98,639591.86
2026-03-02 23:00:00,87.99,88.04,86.27,86.59,1206970.07
2026-03-03 00:00:00,86.59,87.28,86.04,86.85,1205799.9
2026-03-03 01:00:00,86.86,87.13,86.08,86.1,592091.67
2026-03-03 02:00:00,86.1,86.3,85.16,86.15,1123846.67
2026-03-03 03:00:00,86.15,86.59,85.84,86.23,489858.61
2026-03-03 04:00:00,86.23,86.41,85.59,85.8,518271.78
2026-03-03 05:00:00,85.79,86.77,85.36,85.73,1278627.41
2026-03-03 06:00:00,85.74,85.94,85.34,85.78,710879.84
2026-03-03 07:00:00,85.78,86.26,85.33,85.53,918656.01
2026-03-03 08:00:00,85.52,85.73,83.88,84.2,1826683.65
2026-03-03 09:00:00,84.2,84.94,83.94,84.23,1562355.35
2026-03-03 10:00:00,84.24,84.52,83.63,83.86,1468400.82
2026-03-03 11:00:00,83.86,84.3,83.72,84.15,1373936.48
2026-03-03 12:00:00,84.15,85.32,84.06,84.37,1747027.9
2026-03-03 13:00:00,84.37,84.42,83.12,83.56,1303239.0
2026-03-03 14:00:00,83.56,84.39,82.4,83.2,2647893.55
2026-03-03 15:00:00,83.19,85.13,83.0,84.98,2450823.55
2026-03-03 16:00:00,84.97,87.31,84.27,85.34,4218539.89
2026-03-03 17:00:00,85.35,85.42,84.1,85.14,1633166.11
2026-03-03 18:00:00,85.13,85.99,84.46,85.35,1327071.23
2026-03-03 19:00:00,85.35,85.73,84.61,85.04,1303201.75
2026-03-03 20:00:00,85.04,85.42,84.61,84.81,774399.08
2026-03-03 21:00:00,84.8,85.13,84.13,85.08,662728.32
2026-03-03 22:00:00,85.08,86.61,85.06,86.24,995132.41
2026-03-03 23:00:00,86.23,87.43,86.14,86.92,1500606.93
2026-03-04 00:00:00,86.91,87.34,86.21,86.58,959260.14
2026-03-04 01:00:00,86.58,88.06,86.44,87.22,1492204.73
2026-03-04 02:00:00,87.23,87.44,86.49,87.02,823672.78
2026-03-04 03:00:00,87.01,87.02,85.12,85.71,1596098.02
2026-03-04 04:00:00,85.71,85.87,84.76,85.36,954521.65
2026-03-04 05:00:00,85.35,85.94,84.75,85.64,1122440.11
2026-03-04 06:00:00,85.63,86.0,84.92,85.56,968383.66
2026-03-04 07:00:00,85.56,87.49,85.45,87.38,1287939.65
2026-03-04 08:00:00,87.38,89.98,86.94,89.7,2693769.38
2026-03-04 09:00:00,89.69,91.48,89.18,90.5,3910698.36
2026-03-04 10:00:00,90.51,91.04,89.84,90.12,2394608.85
2026-03-04 11:00:00,90.12,90.62,89.36,89.73,1542305.04
2026-03-04 12:00:00,89.74,89.83,88.66,89.39,1530454.87
2026-03-04 13:00:00,89.39,90.14,89.26,89.94,1329710.96
2026-03-04 14:00:00,89.93,91.72,89.41,90.13,3318619.75
2026-03-04 15:00:00,90.12,93.12,90.09,92.88,3788559.24
2026-03-04 16:00:00,92.89,93.1,90.9,91.47,2532225.72
2026-03-04 17:00:00,91.47,92.19,90.57,91.49,1730330.36
2026-03-04 18:00:00,91.49,92.45,91.06,92.32,979910.74
2026-03-04 19:00:00,92.33,94.15,92.23,93.14,2309306.54
2026-03-04 20:00:00,93.13,93.73,92.64,92.81,1414915.52
2026-03-04 21:00:00,92.81,92.94,92.11,92.29,1002041.7
2026-03-04 22:00:00,92.3,92.83,91.13,91.28,958856.65
2026-03-04 23:00:00,91.28,91.4,90.24,90.82,1107731.23
2026-03-05 00:00:00,90.81,91.34,90.67,90.72,687281.37
2026-03-05 01:00:00,90.73,91.38,89.7,89.92,1581302.96
2026-03-05 02:00:00,89.92,90.64,89.89,90.13,767492.22
2026-03-05 03:00:00,90.14,90.49,89.55,89.98,714786.16
2026-03-05 04:00:00,89.98,90.69,89.83,90.35,742257.52
2026-03-05 05:00:00,90.36,90.58,89.97,90.12,569241.67
2026-03-05 06:00:00,90.13,90.96,89.63,90.81,831130.89
2026-03-05 07:00:00,90.82,91.25,89.65,90.11,1167653.14
2026-03-05 08:00:00,90.1,90.69,89.61,90.59,1039328.23
2026-03-05 09:00:00,90.6,91.88,90.56,91.13,1519430.58
2026-03-05 10:00:00,91.13,92.91,90.94,92.58,1573899.16
2026-03-05 11:00:00,92.59,92.72,91.58,91.76,952483.6
2026-03-05 12:00:00,91.77,92.15,91.22,91.92,1037401.06
2026-03-05 13:00:00,91.92,92.0,90.34,90.77,1503566.26
2026-03-05 14:00:00,90.76,91.44,89.77,90.96,2208188.65
2026-03-05 15:00:00,90.95,91.09,88.76,89.56,2754457.75
2026-03-05 16:00:00,89.56,89.58,87.85,88.9,2698984.73
2026-03-05 17:00:00,88.91,89.36,87.84,88.07,1451368.41
2026-03-05 18:00:00,88.07,88.86,87.96,88.77,756411.97
2026-03-05 19:00:00,88.76,89.35,88.62,88.68,864469.31
2026-03-05 20:00:00,88.69,89.53,88.5,89.17,1013858.04
2026-03-05 21:00:00,89.16,89.81,88.8,89.07,790031.0
2026-03-05 22:00:00,89.06,89.36,88.81,89.04,523575.96
2026-03-05 23:00:00,89.04,89.16,88.56,88.74,449515.96
2026-03-06 00:00:00,88.74,89.0,88.53,88.82,354849.89
2026-03-06 01:00:00,88.81,89.24,87.95,89.06,1068678.25
2026-03-06 02:00:00,89.07,89.26,88.15,88.31,1193652.36
2026-03-06 03:00:00,88.31,88.65,88.07,88.36,517482.6
2026-03-06 04:00:00,88.35,88.55,87.58,88.11,802151.58
2026-03-06 05:00:00,88.11,88.22,87.45,87.85,771486.15
2026-03-06 06:00:00,87.85,88.39,87.61,88.02,616358.19
2026-03-06 07:00:00,88.02,88.87,87.74,88.64,852627.19
2026-03-06 08:00:00,88.64,88.64,88.13,88.3,532562.58
2026-03-06 09:00:00,88.31,88.44,87.1,87.43,1245861.76
2026-03-06 10:00:00,87.43,87.91,87.34,87.64,584634.1
2026-03-06 11:00:00,87.64,87.95,87.05,87.21,781646.69
2026-03-06 12:00:00,87.21,87.23,85.84,86.43,2421150.74
2026-03-06 13:00:00,86.43,87.06,85.51,85.54,2275628.41
2026-03-06 14:00:00,85.53,85.69,83.89,84.27,3213714.47
2026-03-06 15:00:00,84.26,85.28,84.13,84.57,1981752.18
2026-03-06 16:00:00,84.57,84.95,84.02,84.28,1104736.43
2026-03-06 17:00:00,84.29,84.63,83.52,84.14,1411452.19
2026-03-06 18:00:00,84.14,85.57,84.11,85.2,1438738.66
2026-03-06 19:00:00,85.21,85.83,85.08,85.14,884854.8
2026-03-06 20:00:00,85.14,85.41,84.51,84.96,820683.18
2026-03-06 21:00:00,84.96,85.06,84.39,84.68,585262.43
2026-03-06 22:00:00,84.69,85.01,84.5,84.92,371029.87
2026-03-06 23:00:00,84.93,85.01,84.57,84.64,265010.7
2026-03-07 00:00:00,84.65,85.03,84.46,84.7,404382.62
2026-03-07 01:00:00,84.7,84.84,84.54,84.66,283996.15
2026-03-07 02:00:00,84.66,84.7,84.24,84.61,408606.94
2026-03-07 03:00:00,84.6,85.03,84.3,84.47,431938.46
2026-03-07 04:00:00,84.48,84.51,83.9,84.22,605141.91
2026-03-07 05:00:00,84.22,84.45,84.04,84.28,333091.36
2026-03-07 06:00:00,84.29,84.3,83.82,84.0,403701.58
2026-03-07 07:00:00,84.0,84.48,83.83,84.27,586796.71
2026-03-07 08:00:00,84.27,84.62,84.07,84.31,580375.31
2026-03-07 09:00:00,84.31,84.65,84.15,84.51,313718.58
2026-03-07 10:00:00,84.52,84.71,84.34,84.43,291829.68
2026-03-07 11:00:00,84.42,84.87,84.18,84.61,527542.43
2026-03-07 12:00:00,84.6,84.73,84.22,84.24,378003.98
2026-03-07 13:00:00,84.25,84.48,84.06,84.24,381200.93
2026-03-07 14:00:00,84.24,84.4,83.58,84.16,1055554.47
2026-03-07 15:00:00,84.17,84.19,83.26,83.69,864941.41
2026-03-07 16:00:00,83.69,83.75,83.44,83.53,391702.05
2026-03-07 17:00:00,83.53,84.03,83.49,83.56,484595.8
2026-03-07 18:00:00,83.57,83.58,82.85,83.32,761646.99
2026-03-07 19:00:00,83.33,83.33,82.22,82.47,1259939.38
2026-03-07 20:00:00,82.47,83.07,82.46,82.97,520755.62
2026-03-07 21:00:00,82.98,83.25,82.83,83.22,376427.33
2026-03-07 22:00:00,83.23,83.28,82.6,82.93,361649.74
2026-03-07 23:00:00,82.93,83.21,82.87,83.17,227694.18
2026-03-08 00:00:00,83.17,83.44,82.86,83.02,468974.8
2026-03-08 01:00:00,83.02,83.17,82.64,82.93,421190.47
2026-03-08 02:00:00,82.93,83.04,82.03,82.32,865325.45
2026-03-08 03:00:00,82.32,82.69,82.2,82.27,610558.45
2026-03-08 04:00:00,82.28,82.5,81.67,81.9,678679.94
2026-03-08 05:00:00,81.9,82.74,81.88,82.43,550739.82
2026-03-08 06:00:00,82.43,82.57,82.21,82.39,409864.6
2026-03-08 07:00:00,82.39,83.06,82.34,82.9,662088.39
2026-03-08 08:00:00,82.89,83.07,82.43,83.04,498281.97
2026-03-08 09:00:00,83.03,83.34,82.72,83.1,733170.13
2026-03-08 10:00:00,83.11,84.07,83.09,83.59,997322.75
2026-03-08 11:00:00,83.6,83.6,82.56,82.74,1057253.91
2026-03-08 12:00:00,82.75,82.95,81.54,82.25,1744143.49
2026-03-08 13:00:00,82.26,82.42,81.11,82.03,1708813.83
2026-03-08 14:00:00,82.02,82.33,81.89,82.25,726121.96
2026-03-08 15:00:00,82.25,82.36,81.77,81.99,578616.36
2026-03-08 16:00:00,81.99,82.11,81.29,81.46,751234.32
2026-03-08 17:00:00,81.46,81.94,81.31,81.63,625737.77
2026-03-08 18:00:00,81.63,81.76,81.23,81.54,487124.86
2026-03-08 19:00:00,81.55,82.62,81.44,82.44,937601.92
2026-03-08 20:00:00,82.43,82.93,82.05,82.27,661858.73
2026-03-08 21:00:00,82.27,82.38,81.65,82.2,551973.55
2026-03-08 22:00:00,82.19,82.47,80.18,81.96,3076430.25
2026-03-08 23:00:00,81.96,82.4,81.43,81.56,910735.95
2026-03-09 00:00:00,81.57,83.26,81.5,82.29,1346743.04
2026-03-09 01:00:00,82.29,82.87,81.82,82.05,943327.9
2026-03-09 02:00:00,82.05,82.9,81.6,82.62,1069215.45
2026-03-09 03:00:00,82.62,84.47,82.57,83.1,2081934.14
2026-03-09 04:00:00,83.1,83.83,83.02,83.15,709935.0
2026-03-09 05:00:00,83.15,84.58,83.07,84.24,1421657.51
2026-03-09 06:00:00,84.24,84.26,83.04,83.07,857768.59
2026-03-09 07:00:00,83.07,83.25,82.25,83.12,1211708.81
2026-03-09 08:00:00,83.12,83.81,82.87,83.67,917827.04
2026-03-09 09:00:00,83.68,84.56,83.26,83.97,1077347.31
2026-03-09 10:00:00,83.98,84.19,83.44,83.68,702046.64
2026-03-09 11:00:00,83.69,83.88,83.04,83.52,705159.08
2026-03-09 12:00:00,83.52,84.17,83.34,83.96,831150.07
2026-03-09 13:00:00,83.96,85.71,83.94,85.11,2377954.31
2026-03-09 14:00:00,85.1,85.7,84.51,85.25,1932076.89
2026-03-09 15:00:00,85.24,85.42,84.58,85.01,985892.52
2026-03-09 16:00:00,85.0,85.6,84.66,85.09,983267.64
2026-03-09 17:00:00,85.09,85.38,84.27,85.05,1409292.86
2026-03-09 18:00:00,85.04,85.54,84.43,85.15,1324953.23
2026-03-09 19:00:00,85.15,87.0,85.03,85.92,2452284.46
2026-03-09 20:00:00,85.93,86.14,85.25,85.77,787508.19
2026-03-09 21:00:00,85.76,86.32,85.63,85.97,772917.78
2026-03-09 22:00:00,85.96,86.27,85.52,85.67,834425.61
2026-03-09 23:00:00,85.67,85.95,84.78,84.91,708696.04
2026-03-10 00:00:00,84.91,85.93,84.79,85.52,1041499.98
2026-03-10 01:00:00,85.53,85.94,85.05,85.69,530957.62
2026-03-10 02:00:00,85.68,86.86,85.41,86.57,1353164.93
2026-03-10 03:00:00,86.57,86.71,85.45,85.52,965086.59
2026-03-10 04:00:00,85.51,86.62,85.34,86.51,1028789.9
2026-03-10 05:00:00,86.51,86.96,86.3,86.36,850199.8
2026-03-10 06:00:00,86.37,86.66,85.94,86.32,613773.52
2026-03-10 07:00:00,86.31,86.86,86.14,86.66,774621.72
2026-03-10 08:00:00,86.67,87.38,86.52,86.65,1585417.23
2026-03-10 09:00:00,86.65,87.46,86.59,87.17,976921.6
2026-03-10 10:00:00,87.18,87.65,86.75,87.04,709068.7
2026-03-10 11:00:00,87.04,87.15,86.57,86.75,619945.82
2026-03-10 12:00:00,86.75,86.79,86.23,86.64,731312.72
2026-03-10 13:00:00,86.63,87.25,85.7,86.01,1906835.33
2026-03-10 14:00:00,86.02,88.2,84.86,88.07,3055527.51
2026-03-10 15:00:00,88.06,88.58,87.23,88.31,2114313.7
2026-03-10 16:00:00,88.31,88.67,87.61,88.36,1551122.33
2026-03-10 17:00:00,88.35,88.78,87.58,87.9,1223685.28
2026-03-10 18:00:00,87.9,87.97,86.03,86.19,2084958.65
2026-03-10 19:00:00,86.18,86.42,85.59,85.97,1280548.03
2026-03-10 20:00:00,85.96,86.36,85.89,86.2,575158.84
2026-03-10 21:00:00,86.2,86.39,85.2,85.67,952197.34
2026-03-10 22:00:00,85.66,85.81,84.95,85.48,910810.8
2026-03-10 23:00:00,85.47,85.85,85.31,85.83,549275.65
2026-03-11 00:00:00,85.82,86.18,85.53,85.97,770940.4
2026-03-11 01:00:00,85.97,86.22,85.6,86.03,419763.42
2026-03-11 02:00:00,86.03,86.16,85.43,85.87,519181.92
2026-03-11 03:00:00,85.87,86.13,85.48,85.56,503618.55
2026-03-11 04:00:00,85.57,86.79,85.43,86.65,1136040.69
2026-03-11 05:00:00,86.65,86.83,85.54,85.66,1045028.17
2026-03-11 06:00:00,85.66,86.12,85.6,85.97,536071.86
2026-03-11 07:00:00,85.97,86.08,85.07,85.39,658562.47
2026-03-11 08:00:00,85.39,85.57,85.01,85.43,772510.61
2026-03-11 09:00:00,85.43,85.53,84.64,84.83,783106.19
2026-03-11 10:00:00,84.82,85.5,84.79,85.22,658328.95
2026-03-11 11:00:00,85.21,85.28,84.3,84.51,1191666.41
2026-03-11 12:00:00,84.5,85.66,84.3,85.14,1361319.53
2026-03-11 13:00:00,85.14,87.35,85.05,85.91,3341017.3
2026-03-11 14:00:00,85.9,87.12,85.68,86.49,1940322.47
2026-03-11 15:00:00,86.5,86.61,84.49,85.37,2028073.12
2026-03-11 16:00:00,85.37,86.56,85.24,86.39,1193533.68
2026-03-11 17:00:00,86.39,87.81,86.38,87.21,2304114.24
2026-03-11 18:00:00,87.21,88.06,87.1,87.76,1796234.34
2026-03-11 19:00:00,87.76,87.81,86.98,87.25,917919.52
2026-03-11 20:00:00,87.25,87.4,86.97,87.25,496885.95
2026-03-11 21:00:00,87.25,87.57,87.09,87.49,344725.91
2026-03-11 22:00:00,87.5,87.9,86.78,87.01,627089.41
2026-03-11 23:00:00,87.01,87.17,86.4,86.52,570144.58
2026-03-12 00:00:00,86.52,86.73,86.32,86.62,388214.23
2026-03-12 01:00:00,86.61,86.65,85.88,85.99,726214.08
2026-03-12 02:00:00,85.98,86.1,85.1,85.15,1196920.19
2026-03-12 03:00:00,85.14,85.36,84.63,84.94,1038139.69
2026-03-12 04:00:00,84.94,85.35,84.82,85.04,802832.63
2026-03-12 05:00:00,85.03,85.26,84.82,85.08,443046.66
2026-03-12 06:00:00,85.08,85.36,84.91,85.32,418214.54
2026-03-12 07:00:00,85.32,85.86,84.93,85.77,935502.06
2026-03-12 08:00:00,85.77,86.13,85.34,85.9,906424.8
2026-03-12 09:00:00,85.9,86.67,85.4,86.15,831572.38
2026-03-12 10:00:00,86.15,87.02,85.98,86.72,1210388.47
2026-03-12 11:00:00,86.71,87.1,86.58,86.75,912199.71
2026-03-12 12:00:00,86.75,87.46,86.51,87.2,1252744.87
2026-03-12 13:00:00,87.21,87.66,86.3,86.7,2022282.92
2026-03-12 14:00:00,86.7,87.63,85.13,85.47,2531754.15
2026-03-12 15:00:00,85.48,86.98,85.03,86.53,2026174.95
2026-03-12 16:00:00,86.52,87.05,85.73,86.77,1613294.05
2026-03-12 17:00:00,86.76,86.96,86.27,86.56,892278.64
2026-03-12 18:00:00,86.55,86.77,85.75,85.82,755561.6
2026-03-12 19:00:00,85.82,86.92,85.61,86.75,804080.22
2026-03-12 20:00:00,86.75,86.92,86.37,86.41,525059.82
2026-03-12 21:00:00,86.41,86.66,86.11,86.49,341259.02
2026-03-12 22:00:00,86.49,86.57,85.9,86.24,489130.57
2026-03-12 23:00:00,86.25,87.18,86.22,86.8,881513.74
2026-03-13 00:00:00,86.79,91.15,86.66,89.75,5177718.27
2026-03-13 01:00:00,89.74,90.72,89.73,90.45,1453839.24
2026-03-13 02:00:00,90.45,90.56,88.89,89.05,1154901.11
2026-03-13 03:00:00,89.05,89.95,88.84,89.66,1018953.95
2026-03-13 04:00:00,89.66,89.71,89.16,89.3,442214.7
2026-03-13 05:00:00,89.3,89.43,88.85,89.04,765628.97
2026-03-13 06:00:00,89.04,89.19,88.21,88.38,910066.43
2026-03-13 07:00:00,88.37,88.93,88.1,88.62,1042887.59
2026-03-13 08:00:00,88.62,89.62,88.27,89.1,1105410.15
2026-03-13 09:00:00,89.09,89.6,88.72,89.47,704213.64
2026-03-13 10:00:00,89.46,90.26,89.41,90.14,1351585.57
2026-03-13 11:00:00,90.14,90.41,89.92,90.27,843904.58
2026-03-13 12:00:00,90.27,91.36,90.08,90.94,1387433.37
2026-03-13 13:00:00,90.95,92.29,90.88,91.83,2969288.65
2026-03-13 14:00:00,91.82,93.38,90.42,90.67,4058854.03
2026-03-13 15:00:00,90.66,91.21,89.24,89.42,2357088.68
2026-03-13 16:00:00,89.43,89.91,88.76,89.55,1791749.7
2026-03-13 17:00:00,89.56,90.14,88.52,88.82,1526137.26
2026-03-13 18:00:00,88.83,89.08,88.3,88.77,1194861.7
2026-03-13 19:00:00,88.76,89.0,88.3,88.86,919401.37
2026-03-13 20:00:00,88.86,89.06,88.48,88.84,683066.53
2026-03-13 21:00:00,88.84,89.09,88.24,88.53,509743.73
2026-03-13 22:00:00,88.52,88.61,87.68,87.97,960928.26
2026-03-13 23:00:00,87.96,88.21,87.75,88.12,385291.1
2026-03-14 00:00:00,88.11,88.33,87.79,87.89,489478.88
2026-03-14 01:00:00,87.88,88.33,87.75,88.19,439669.85
2026-03-14 02:00:00,88.19,88.28,87.93,88.18,236784.34
2026-03-14 03:00:00,88.18,88.57,88.17,88.35,450142.49
2026-03-14 04:00:00,88.35,88.66,88.16,88.2,461409.08
2026-03-14 05:00:00,88.2,88.35,87.83,88.03,553314.35
2026-03-14 06:00:00,88.02,88.05,86.87,87.2,1117172.4
2026-03-14 07:00:00,87.2,87.38,87.11,87.27,366247.24
2026-03-14 08:00:00,87.27,87.51,87.01,87.08,410260.54
2026-03-14 09:00:00,87.09,87.26,86.56,86.78,605017.16
2026-03-14 10:00:00,86.79,86.88,86.41,86.6,582525.49
2026-03-14 11:00:00,86.61,86.96,86.58,86.9,484615.4
2026-03-14 12:00:00,86.9,87.07,86.74,87.04,516965.0
2026-03-14 13:00:00,87.05,87.31,86.96,87.04,470622.97
2026-03-14 14:00:00,87.04,87.18,86.57,86.66,501222.51
2026-03-14 15:00:00,86.65,86.87,86.57,86.67,299611.17
2026-03-14 16:00:00,86.67,87.07,86.57,87.01,370203.82
2026-03-14 17:00:00,87.01,87.04,86.77,86.82,221405.09
2026-03-14 18:00:00,86.82,87.06,86.73,86.98,207747.06
2026-03-14 19:00:00,86.97,87.03,86.84,86.95,171697.32
2026-03-14 20:00:00,86.96,87.1,86.82,87.02,209036.54
2026-03-14 21:00:00,87.02,87.29,86.8,87.22,220991.0
2026-03-14 22:00:00,87.22,87.41,87.15,87.25,268532.07
2026-03-14 23:00:00,87.26,88.12,87.25,87.99,817996.88
2026-03-15 00:00:00,88.0,88.16,87.62,87.7,455938.67
2026-03-15 01:00:00,87.7,87.86,87.51,87.62,376521.98
2026-03-15 02:00:00,87.63,88.59,87.63,88.24,892847.27
2026-03-15 03:00:00,88.24,88.38,87.64,87.79,487114.56
2026-03-15 04:00:00,87.8,88.28,87.79,88.27,494747.33
2026-03-15 05:00:00,88.27,88.59,88.05,88.25,596018.25
2026-03-15 06:00:00,88.25,88.54,88.07,88.31,425928.94
2026-03-15 07:00:00,88.31,88.49,88.06,88.17,292238.07
2026-03-15 08:00:00,88.18,88.48,88.09,88.43,317494.12
2026-03-15 09:00:00,88.44,88.83,88.36,88.49,581167.72
2026-03-15 10:00:00,88.49,88.66,88.33,88.42,237607.88
2026-03-15 11:00:00,88.43,88.63,88.18,88.51,387119.1
2026-03-15 12:00:00,88.51,88.52,88.13,88.22,321118.45
2026-03-15 13:00:00,88.23,88.35,87.31,87.8,1174839.1
2026-03-15 14:00:00,87.8,87.96,87.51,87.93,497417.94
2026-03-15 15:00:00,87.93,88.08,87.71,87.86,281935.91
2026-03-15 16:00:00,87.86,88.0,87.41,87.5,455607.2
2026-03-15 17:00:00,87.51,88.77,87.45,88.37,674857.96
2026-03-15 18:00:00,88.38,88.65,87.78,87.85,648107.38
2026-03-15 19:00:00,87.86,88.24,87.75,88.14,348858.85
2026-03-15 20:00:00,88.13,88.99,87.92,88.7,671571.34
2026-03-15 21:00:00,88.7,90.26,88.5,89.97,1611512.03
2026-03-15 22:00:00,89.97,92.93,89.8,92.63,3295637.59
2026-03-15 23:00:00,92.62,93.23,91.56,92.28,2219387.52
2026-03-16 00:00:00,92.28,93.09,91.85,91.99,1422431.88
2026-03-16 01:00:00,91.99,92.23,91.47,92.09,942085.39
2026-03-16 02:00:00,92.08,92.26,91.15,91.45,745967.0
2026-03-16 03:00:00,91.46,93.97,91.24,93.14,2787186.67
2026-03-16 04:00:00,93.14,94.27,92.91,93.6,1817365.87
2026-03-16 05:00:00,93.61,94.33,93.16,94.01,1807872.43
2026-03-16 06:00:00,94.0,94.01,93.11,93.37,1001840.08
2026-03-16 07:00:00,93.38,93.84,93.29,93.54,793848.09
2026-03-16 08:00:00,93.54,93.99,92.54,92.84,1234533.02
2026-03-16 09:00:00,92.83,93.43,92.69,93.26,719605.82
2026-03-16 10:00:00,93.27,93.92,93.22,93.87,762831.73
2026-03-16 11:00:00,93.86,93.94,93.48,93.71,537949.69
2026-03-16 12:00:00,93.71,94.16,93.29,93.73,1227708.51
2026-03-16 13:00:00,93.73,95.08,93.37,93.62,2769246.94
2026-03-16 14:00:00,93.62,94.48,92.32,93.58,2725153.54
2026-03-16 15:00:00,93.57,94.32,93.0,93.14,1328738.37
2026-03-16 16:00:00,93.13,94.03,93.07,93.76,863782.2
2026-03-16 17:00:00,93.76,94.39,93.63,94.04,793536.85
2026-03-16 18:00:00,94.04,95.08,94.0,94.34,1350328.34
2026-03-16 19:00:00,94.34,95.45,94.13,95.18,1258387.16
2026-03-16 20:00:00,95.17,95.94,95.02,95.72,1058481.16
2026-03-16 21:00:00,95.73,96.87,95.44,96.13,1260229.77
2026-03-16 22:00:00,96.12,97.65,96.1,96.32,1579894.77
2026-03-16 23:00:00,96.33,96.42,95.37,96.14,1045089.5
2026-03-17 00:00:00,96.14,96.91,95.09,95.47,1566343.84
2026-03-17 01:00:00,95.47,96.06,94.9,95.66,1056363.26
2026-03-17 02:00:00,95.66,95.72,94.81,95.09,680730.47
2026-03-17 03:00:00,95.08,95.24,93.66,94.02,1326086.05
2026-03-17 04:00:00,94.02,94.23,93.11,93.74,1102125.14
2026-03-17 05:00:00,93.75,94.06,93.3,93.75,758750.84
2026-03-17 06:00:00,93.75,94.27,93.42,93.85,589867.14
2026-03-17 07:00:00,93.85,94.6,93.81,94.38,597904.12
2026-03-17 08:00:00,94.38,94.92,94.22,94.36,627261.65
2026-03-17 09:00:00,94.35,95.05,93.65,93.86,1062076.01
2026-03-17 10:00:00,93.85,94.02,93.2,93.52,867052.06
2026-03-17 11:00:00,93.51,93.86,93.33,93.59,704755.19
2026-03-17 12:00:00,93.59,94.03,93.1,93.37,724293.36
2026-03-17 13:00:00,93.36,94.55,93.28,93.75,1464295.6
2026-03-17 14:00:00,93.75,94.64,93.43,94.45,1108156.16
2026-03-17 15:00:00,94.45,95.1,93.19,93.76,1554235.52
2026-03-17 16:00:00,93.77,94.75,93.66,94.34,940356.05
2026-03-17 17:00:00,94.35,94.69,94.08,94.51,575684.96
2026-03-17 18:00:00,94.51,95.6,94.39,95.28,1123405.07
2026-03-17 19:00:00,95.28,95.52,94.53,94.6,765146.38
2026-03-17 20:00:00,94.59,95.0,94.35,94.84,470574.54
2026-03-17 21:00:00,94.84,95.41,94.79,95.21,390109.8
2026-03-17 22:00:00,95.21,95.57,94.52,95.26,946287.82
2026-03-17 23:00:00,95.27,95.39,94.54,94.57,491421.01
2026-03-18 00:00:00,94.57,94.89,94.04,94.49,676947.5
2026-03-18 01:00:00,94.49,94.88,94.25,94.37,418173.81
2026-03-18 02:00:00,94.36,95.18,94.33,94.87,470164.5
2026-03-18 03:00:00,94.87,95.63,94.76,94.99,612199.96
2026-03-18 04:00:00,95.0,95.07,93.92,94.07,935126.04
2026-03-18 05:00:00,94.07,94.36,93.66,93.87,859908.47
2026-03-18 06:00:00,93.87,94.6,93.85,94.17,498730.79
2026-03-18 07:00:00,94.17,94.24,93.76,93.89,376608.24
2026-03-18 08:00:00,93.89,94.2,93.89,93.97,357479.9
2026-03-18 09:00:00,93.97,94.38,93.88,94.21,356790.96
2026-03-18 10:00:00,94.21,94.38,93.44,93.79,670817.86
2026-03-18 11:00:00,93.79,94.03,91.75,91.95,3032071.97
2026-03-18 12:00:00,91.96,92.0,90.25,90.36,2816504.57
2026-03-18 13:00:00,90.37,90.7,89.82,90.25,2074048.46
2026-03-18 14:00:00,90.26,90.34,88.79,88.91,2440521.04
2026-03-18 15:00:00,88.91,89.4,88.51,89.31,1903186.25
2026-03-18 16:00:00,89.31,89.31,88.57,88.91,1153417.11
2026-03-18 17:00:00,88.91,90.3,88.77,89.87,1294732.62
2026-03-18 18:00:00,89.86,90.81,89.32,89.53,1689687.64
2026-03-18 19:00:00,89.52,90.02,89.38,89.65,664892.13
2026-03-18 20:00:00,89.66,90.08,88.92,89.93,855215.61
2026-03-18 21:00:00,89.93,90.58,89.87,90.4,511367.71
2026-03-18 22:00:00,90.4,90.42,89.88,89.97,560300.24
2026-03-18 23:00:00,89.97,90.12,89.62,90.02,410366.97
2026-03-19 00:00:00,90.02,90.26,89.76,90.06,418301.0
2026-03-19 01:00:00,90.05,90.35,89.87,90.12,415943.47
2026-03-19 02:00:00,90.13,90.35,89.73,89.93,388066.27
2026-03-19 03:00:00,89.94,91.37,89.86,90.69,1637218.99
2026-03-19 04:00:00,90.69,90.69,89.68,89.86,1226190.03
2026-03-19 05:00:00,89.86,90.07,89.61,89.71,503735.75
2026-03-19 06:00:00,89.71,90.09,89.47,89.82,985917.31
2026-03-19 07:00:00,89.82,90.01,88.57,89.37,2281023.28
2026-03-19 08:00:00,89.37,89.59,89.04,89.32,660194.92
2026-03-19 09:00:00,89.32,90.36,89.13,90.16,1159251.66
2026-03-19 10:00:00,90.15,90.46,89.73,89.78,713589.41
2026-03-19 11:00:00,89.78,90.01,89.44,89.58,480843.27
2026-03-19 12:00:00,89.59,89.59,87.97,88.08,1734239.04
2026-03-19 13:00:00,88.07,88.71,87.49,88.45,2364263.65
2026-03-19 14:00:00,88.46,88.89,87.37,88.16,1501023.17
2026-03-19 15:00:00,88.16,88.72,87.1,87.58,1680932.8
2026-03-19 16:00:00,87.57,87.77,86.79,87.63,1238298.12
2026-03-19 17:00:00,87.63,88.32,87.02,88.09,1018613.57
2026-03-19 18:00:00,88.1,88.29,87.61,88.09,517133.5
2026-03-19 19:00:00,88.08,89.22,88.08,88.68,1363433.28
2026-03-19 20:00:00,88.67,89.17,88.62,88.94,330243.39
2026-03-19 21:00:00,88.94,89.28,88.81,89.07,347816.01
2026-03-19 22:00:00,89.07,89.13,88.31,88.72,511905.0
2026-03-19 23:00:00,88.71,89.14,88.55,88.84,578127.8
2026-03-20 00:00:00,88.84,89.39,88.8,89.37,516328.78
2026-03-20 01:00:00,89.37,89.76,89.28,89.42,615675.06
2026-03-20 02:00:00,89.43,89.56,88.83,89.26,507630.14
2026-03-20 03:00:00,89.26,89.68,89.19,89.53,371769.03
2026-03-20 04:00:00,89.53,89.72,88.68,89.22,614545.35
2026-03-20 05:00:00,89.23,89.48,88.81,89.31,642177.8
2026-03-20 06:00:00,89.3,89.31,88.87,89.04,449291.32
2026-03-20 07:00:00,89.03,89.45,88.44,89.31,727011.47
2026-03-20 08:00:00,89.32,90.43,89.25,89.73,1166747.05
2026-03-20 09:00:00,89.72,89.73,88.56,88.9,997070.68
2026-03-20 10:00:00,88.91,89.44,88.54,89.26,621964.27
2026-03-20 11:00:00,89.25,89.53,88.81,89.08,510126.22
2026-03-20 12:00:00,89.08,89.47,88.97,89.08,468460.41
2026-03-20 13:00:00,89.09,89.59,88.56,88.76,1196673.62
2026-03-20 14:00:00,88.76,89.7,88.43,88.88,1657391.37
2026-03-20 15:00:00,88.87,89.3,88.56,88.9,978576.55
2026-03-20 16:00:00,88.9,89.18,88.57,88.87,543712.32
2026-03-20 17:00:00,88.87,89.0,88.07,88.85,817626.37
2026-03-20 18:00:00,88.85,88.97,88.11,88.52,656023.3
2026-03-20 19:00:00,88.52,89.02,88.17,88.95,583688.97
2026-03-20 20:00:00,88.95,89.32,88.6,88.95,580909.34
2026-03-20 21:00:00,88.95,89.99,88.86,89.53,686982.53
2026-03-20 22:00:00,89.53,90.22,89.53,90.05,623304.68
2026-03-20 23:00:00,90.05,90.1,89.67,89.8,389521.69
2026-03-21 00:00:00,89.81,90.22,89.78,89.98,359777.65
2026-03-21 01:00:00,89.98,90.31,89.68,89.83,397911.32
2026-03-21 02:00:00,89.83,90.68,89.71,90.42,542960.57
2026-03-21 03:00:00,90.42,90.57,90.27,90.41,280481.9
2026-03-21 04:00:00,90.41,90.78,90.11,90.23,625985.33
2026-03-21 05:00:00,90.23,90.47,89.9,89.92,443734.04
2026-03-21 06:00:00,89.91,90.28,89.88,90.12,283802.65
2026-03-21 07:00:00,90.11,90.36,89.88,90.1,288120.11
2026-03-21 08:00:00,90.1,90.1,89.76,89.96,284407.54
2026-03-21 09:00:00,89.96,90.35,89.93,90.15,417556.12
2026-03-21 10:00:00,90.14,90.2,89.83,89.93,216213.02
2026-03-21 11:00:00,89.92,89.98,89.78,89.91,213396.87
2026-03-21 12:00:00,89.9,90.15,89.83,90.12,245720.95
2026-03-21 13:00:00,90.12,90.23,89.9,89.97,287559.6
2026-03-21 14:00:00,89.96,90.36,89.58,89.6,645625.78
2026-03-21 15:00:00,89.6,89.88,89.31,89.78,584691.54
2026-03-21 16:00:00,89.77,89.95,89.5,89.62,400985.67
2026-03-21 17:00:00,89.63,89.65,89.3,89.5,304051.74
2026-03-21 18:00:00,89.5,89.9,89.5,89.72,232715.85
2026-03-21 19:00:00,89.72,89.86,89.64,89.73,134972.34
2026-03-21 20:00:00,89.74,90.36,89.72,90.1,432304.27
2026-03-21 21:00:00,90.11,90.17,89.87,89.93,189151.59
2026-03-21 22:00:00,89.93,90.02,89.74,89.82,193817.69
2026-03-21 23:00:00,89.82,89.84,87.0,87.5,2128954.0
2026-03-22 00:00:00,87.5,87.72,86.18,87.26,2725095.63
2026-03-22 01:00:00,87.26,87.66,86.9,87.39,904173.96
2026-03-22 02:00:00,87.39,88.43,87.36,88.11,829039.79
2026-03-22 03:00:00,88.11,89.11,87.69,88.61,1221670.56
2026-03-22 04:00:00,88.6,89.14,88.51,88.96,881462.7
2026-03-22 05:00:00,88.96,88.96,88.39,88.42,500512.3
2026-03-22 06:00:00,88.42,88.42,88.07,88.14,377236.97
2026-03-22 07:00:00,88.14,88.28,87.61,87.65,477139.73
2026-03-22 08:00:00,87.65,87.69,86.79,87.32,1205823.93
2026-03-22 09:00:00,87.31,87.62,87.11,87.26,485423.85
2026-03-22 10:00:00,87.26,87.44,87.15,87.26,303552.75
2026-03-22 11:00:00,87.26,87.4,86.77,86.79,619638.8
2026-03-22 12:00:00,86.79,87.41,86.75,87.21,592475.09
2026-03-22 13:00:00,87.22,87.68,86.95,87.26,535567.95
2026-03-22 14:00:00,87.27,87.55,86.98,87.16,349476.85
2026-03-22 15:00:00,87.15,87.54,87.12,87.53,398927.59
2026-03-22 16:00:00,87.53,87.66,87.21,87.43,505666.93
2026-03-22 17:00:00,87.43,87.51,87.15,87.21,276012.56
2026-03-22 18:00:00,87.21,87.27,86.4,86.95,629422.09
2026-03-22 19:00:00,86.96,86.98,86.51,86.83,416058.74
2026-03-22 20:00:00,86.83,87.15,86.48,86.55,403794.19
2026-03-22 21:00:00,86.54,86.6,85.04,85.94,1880211.88
2026-03-22 22:00:00,85.94,86.74,85.44,86.69,1220960.55
2026-03-22 23:00:00,86.7,86.99,85.94,86.15,645623.89
2026-03-23 00:00:00,86.15,86.58,85.37,85.83,915516.66
2026-03-23 01:00:00,85.84,86.57,85.68,86.03,586715.54
2026-03-23 02:00:00,86.04,86.96,86.0,86.65,601930.64
2026-03-23 03:00:00,86.66,87.19,86.33,86.37,577669.88
2026-03-23 04:00:00,86.37,86.89,86.26,86.88,438879.54
2026-03-23 05:00:00,86.88,87.32,86.8,87.12,873308.41
2026-03-23 06:00:00,87.12,87.12,85.38,85.67,1099118.42
2026-03-23 07:00:00,85.68,86.18,85.0,85.94,1561426.64
2026-03-23 08:00:00,85.94,86.42,85.79,85.9,730646.8
2026-03-23 09:00:00,85.89,85.98,85.12,85.72,804806.11
2026-03-23 10:00:00,85.72,86.29,85.6,86.01,694762.58
2026-03-23 11:00:00,86.02,91.93,85.99,88.74,9209343.99
2026-03-23 12:00:00,88.74,90.45,88.28,90.17,2511786.5
2026-03-23 13:00:00,90.18,91.45,89.83,91.31,2232256.29
2026-03-23 14:00:00,91.31,91.69,91.02,91.48,1863714.53
2026-03-23 15:00:00,91.48,92.24,89.76,89.91,2852779.35
2026-03-23 16:00:00,89.9,90.41,89.35,90.29,1753258.33
2026-03-23 17:00:00,90.29,91.35,89.64,91.21,1645973.33
2026-03-23 18:00:00,91.21,91.77,90.87,91.56,991966.52
2026-03-23 19:00:00,91.57,91.86,91.2,91.34,873577.73
2026-03-23 20:00:00,91.34,92.0,91.2,91.74,573917.05
2026-03-23 21:00:00,91.75,91.93,91.47,91.59,351227.2
2026-03-23 22:00:00,91.59,91.89,91.15,91.47,775362.05
2026-03-23 23:00:00,91.48,91.54,90.93,91.4,572141.85
2026-03-24 00:00:00,91.4,91.63,90.56,90.95,753964.25
2026-03-24 01:00:00,90.95,91.02,90.1,90.37,618601.26
2026-03-24 02:00:00,90.36,90.73,90.06,90.1,545079.17
2026-03-24 03:00:00,90.1,90.31,89.91,90.29,621145.82
2026-03-24 04:00:00,90.3,90.79,90.08,90.3,522300.76
2026-03-24 05:00:00,90.29,90.36,89.93,90.06,662474.06
2026-03-24 06:00:00,90.07,90.49,90.0,90.41,527538.97
2026-03-24 07:00:00,90.41,91.86,90.34,91.67,1296932.42
2026-03-24 08:00:00,91.68,91.92,91.22,91.53,1124669.71
2026-03-24 09:00:00,91.54,92.12,91.08,92.08,1147486.08
2026-03-24 10:00:00,92.07,92.2,91.68,91.79,935110.97
2026-03-24 11:00:00,91.79,92.13,91.29,91.71,1073312.84
2026-03-24 12:00:00,91.71,91.81,91.29,91.52,514283.82
2026-03-24 13:00:00,91.52,91.7,89.45,89.81,3205733.39
2026-03-24 14:00:00,89.81,90.17,88.62,89.5,3349225.91
2026-03-24 15:00:00,89.51,90.25,89.44,89.67,1285744.2
2026-03-24 16:00:00,89.68,89.92,89.0,89.21,1006160.03
2026-03-24 17:00:00,89.22,89.33,88.65,89.11,1069476.33
2026-03-24 18:00:00,89.12,89.63,88.81,88.84,903764.52
2026-03-24 19:00:00,88.84,89.24,88.35,88.46,950681.44
2026-03-24 20:00:00,88.46,90.2,88.43,89.98,1608375.85
2026-03-24 21:00:00,89.98,90.57,89.64,90.32,603695.79
2026-03-24 22:00:00,90.32,90.73,90.02,90.26,579735.54
2026-03-24 23:00:00,90.26,91.1,90.17,90.75,925555.32
2026-03-25 00:00:00,90.76,91.58,90.67,91.27,844531.66
2026-03-25 01:00:00,91.27,91.43,90.88,90.9,546855.58
2026-03-25 02:00:00,90.91,91.47,90.77,91.09,550043.7
2026-03-25 03:00:00,91.09,91.9,90.74,91.66,1044485.94
2026-03-25 04:00:00,91.66,92.08,91.54,92.02,675404.05
2026-03-25 05:00:00,92.02,92.95,91.93,92.38,1320765.57
2026-03-25 06:00:00,92.38,92.87,92.23,92.34,835994.85
2026-03-25 07:00:00,92.34,92.47,91.71,91.77,758679.62
2026-03-25 08:00:00,91.78,92.71,91.78,92.32,963860.63
2026-03-25 09:00:00,92.31,92.63,92.09,92.52,612288.61
2026-03-25 10:00:00,92.52,92.68,92.34,92.61,461186.23
2026-03-25 11:00:00,92.6,93.46,92.41,92.94,1467506.63
2026-03-25 12:00:00,92.95,93.4,92.3,92.99,1258833.89
2026-03-25 13:00:00,93.0,93.38,92.64,92.68,831015.94
2026-03-25 14:00:00,92.68,92.87,91.86,91.91,1360751.34
2026-03-25 15:00:00,91.92,92.04,90.96,91.72,1619029.5
2026-03-25 16:00:00,91.72,92.72,91.55,92.18,1128086.72
2026-03-25 17:00:00,92.17,92.33,91.55,91.67,641692.19
2026-03-25 18:00:00,91.68,92.15,91.41,91.65,520967.57
2026-03-25 19:00:00,91.65,91.95,91.35,91.72,454440.11
2026-03-25 20:00:00,91.72,91.74,91.05,91.45,586745.53
2026-03-25 21:00:00,91.45,91.59,91.11,91.22,345104.22
2026-03-25 22:00:00,91.22,91.9,90.98,91.69,844613.08
2026-03-25 23:00:00,91.69,91.8,91.42,91.65,341400.4
2026-03-26 00:00:00,91.65,91.92,91.44,91.64,474752.84
2026-03-26 01:00:00,91.64,91.91,91.53,91.76,351803.52
2026-03-26 02:00:00,91.76,91.79,90.6,90.89,836805.0
2026-03-26 03:00:00,90.89,91.1,90.53,91.01,596997.83
2026-03-26 04:00:00,91.02,91.02,90.61,90.76,338427.17
2026-03-26 05:00:00,90.75,90.79,89.04,89.18,2181533.01
2026-03-26 06:00:00,89.17,89.24,88.81,88.99,1466963.82
2026-03-26 07:00:00,88.99,89.33,88.72,89.04,1081714.05
2026-03-26 08:00:00,89.03,89.04,88.58,88.81,731548.71
2026-03-26 09:00:00,88.81,88.97,87.66,88.05,1505666.57
2026-03-26 10:00:00,88.05,88.27,87.69,87.88,838481.3
2026-03-26 11:00:00,87.88,88.06,87.37,87.51,1011673.18
2026-03-26 12:00:00,87.51,87.75,87.31,87.51,795749.8
2026-03-26 13:00:00,87.51,88.19,87.25,87.86,1916351.15
2026-03-26 14:00:00,87.86,88.12,87.07,87.48,1063822.78
2026-03-26 15:00:00,87.47,87.76,86.66,87.47,1739809.35
2026-03-26 16:00:00,87.47,87.68,87.0,87.15,981562.42
2026-03-26 17:00:00,87.15,87.44,86.47,86.58,1048148.83
2026-03-26 18:00:00,86.58,86.77,85.66,85.99,2050649.56
2026-03-26 19:00:00,85.98,86.01,85.37,85.41,996415.94
2026-03-26 20:00:00,85.41,87.13,85.37,86.28,2427953.68
2026-03-26 21:00:00,86.28,87.09,86.14,86.76,711628.16
2026-03-26 22:00:00,86.75,86.83,86.16,86.76,516511.06
2026-03-26 23:00:00,86.75,86.9,86.16,86.47,820573.86
2026-03-27 00:00:00,86.47,86.74,86.11,86.5,541308.05
2026-03-27 01:00:00,86.49,86.85,86.39,86.82,398406.71
2026-03-27 02:00:00,86.83,86.99,86.46,86.63,318232.68
2026-03-27 03:00:00,86.64,86.73,86.28,86.36,326195.62
2026-03-27 04:00:00,86.37,86.38,85.68,86.1,898663.04
2026-03-27 05:00:00,86.11,86.73,85.87,86.04,758070.13
2026-03-27 06:00:00,86.03,86.34,85.83,86.0,469887.75
2026-03-27 07:00:00,86.0,86.3,85.63,85.86,697257.7
2026-03-27 08:00:00,85.87,86.07,84.3,85.05,2301994.26
2026-03-27 09:00:00,85.05,85.2,84.35,85.01,921172.32
2026-03-27 10:00:00,85.02,85.1,82.55,82.93,3388859.22
2026-03-27 11:00:00,82.93,83.55,82.56,83.3,1332947.29
2026-03-27 12:00:00,83.31,83.37,82.95,83.02,1107509.59
2026-03-27 13:00:00,83.02,83.5,82.34,82.87,1682377.11
2026-03-27 14:00:00,82.86,83.28,82.53,83.11,1300637.6
2026-03-27 15:00:00,83.11,83.94,82.89,83.24,1920367.55
2026-03-27 16:00:00,83.25,83.28,82.56,82.95,1203775.78
2026-03-27 17:00:00,82.95,83.36,82.02,82.17,1403246.68
2026-03-27 18:00:00,82.17,82.45,81.76,82.32,1048660.86
2026-03-27 19:00:00,82.33,82.84,81.99,82.73,841207.91
2026-03-27 20:00:00,82.73,82.91,82.3,82.71,464136.92
2026-03-27 21:00:00,82.72,82.98,82.62,82.68,290612.21
2026-03-27 22:00:00,82.68,82.78,82.46,82.66,224607.76
2026-03-27 23:00:00,82.67,83.06,82.33,83.03,378924.43
2026-03-28 00:00:00,83.03,83.03,82.67,82.78,384864.94
2026-03-28 01:00:00,82.79,82.81,82.19,82.6,510490.63
2026-03-28 02:00:00,82.6,82.85,82.31,82.52,322527.01
2026-03-28 03:00:00,82.52,82.67,82.45,82.54,240721.89
2026-03-28 04:00:00,82.54,82.73,82.34,82.51,496481.25
2026-03-28 05:00:00,82.51,82.73,82.31,82.7,472355.81
2026-03-28 06:00:00,82.7,83.22,82.59,83.11,691624.31
2026-03-28 07:00:00,83.11,83.61,83.1,83.54,576659.75
2026-03-28 08:00:00,83.55,83.67,83.3,83.34,554478.47
2026-03-28 09:00:00,83.33,83.34,82.86,82.99,539313.23
2026-03-28 10:00:00,83.0,83.29,82.65,82.97,630668.52
2026-03-28 11:00:00,82.97,83.03,82.85,82.89,305904.98
2026-03-28 12:00:00,82.89,83.16,82.53,82.64,581205.61
2026-03-28 13:00:00,82.64,84.09,82.63,83.3,1701980.78
2026-03-28 14:00:00,83.31,83.47,82.92,83.17,1002245.89
2026-03-28 15:00:00,83.16,84.35,83.12,83.75,1681743.92
2026-03-28 16:00:00,83.75,83.89,83.41,83.48,524164.44
2026-03-28 17:00:00,83.49,83.68,83.07,83.24,502784.49
2026-03-28 18:00:00,83.23,83.46,83.22,83.31,224048.5
2026-03-28 19:00:00,83.3,83.37,82.95,83.22,327555.71
2026-03-28 20:00:00,83.22,83.45,83.21,83.34,260923.2
2026-03-28 21:00:00,83.33,83.37,82.27,82.62,907507.73
2026-03-28 22:00:00,82.62,82.85,82.4,82.74,388619.53
2026-03-28 23:00:00,82.73,82.73,81.6,82.0,1009206.49
2026-03-29 00:00:00,82.01,82.21,81.79,82.14,569400.2
2026-03-29 01:00:00,82.14,82.45,82.01,82.4,549923.18
2026-03-29 02:00:00,82.4,82.79,82.34,82.71,407703.33
2026-03-29 03:00:00,82.7,83.19,82.62,82.93,536909.66
2026-03-29 04:00:00,82.93,82.97,82.64,82.72,234080.66
2026-03-29 05:00:00,82.72,82.82,82.34,82.64,484734.35
2026-03-29 06:00:00,82.64,82.77,82.24,82.42,453023.12
2026-03-29 07:00:00,82.42,82.58,82.16,82.38,314464.27
2026-03-29 08:00:00,82.39,82.56,82.28,82.4,261667.22
2026-03-29 09:00:00,82.4,82.49,82.07,82.3,302866.66
2026-03-29 10:00:00,82.29,82.29,81.92,82.07,517411.06
2026-03-29 11:00:00,82.06,82.79,82.06,82.52,684947.07
2026-03-29 12:00:00,82.52,82.59,82.17,82.38,301035.74
2026-03-29 13:00:00,82.38,82.42,81.62,81.86,907595.11
2026-03-29 14:00:00,81.87,82.38,81.64,81.88,762382.2
2026-03-29 15:00:00,81.88,82.09,81.21,81.76,1048444.4
2026-03-29 16:00:00,81.75,82.08,81.55,81.63,497674.34
2026-03-29 17:00:00,81.64,81.79,81.06,81.5,928831.84
2026-03-29 18:00:00,81.51,81.88,81.33,81.75,655438.56
2026-03-29 19:00:00,81.74,81.83,81.48,81.56,360090.39
2026-03-29 20:00:00,81.55,82.18,81.54,81.87,467384.31
2026-03-29 21:00:00,81.88,82.17,81.77,82.1,350052.66
2026-03-29 22:00:00,82.1,82.11,78.77,80.85,3675283.05
2026-03-29 23:00:00,80.86,81.65,80.81,81.34,1446577.08
2026-03-30 00:00:00,81.34,82.95,81.06,81.82,1917122.05
2026-03-30 01:00:00,81.83,82.84,81.82,82.66,831478.97
2026-03-30 02:00:00,82.66,83.91,82.42,83.29,1374763.64
2026-03-30 03:00:00,83.3,83.5,82.87,83.24,868982.68
2026-03-30 04:00:00,83.24,83.83,83.2,83.73,831937.29
2026-03-30 05:00:00,83.73,84.15,83.43,83.59,1205750.74
2026-03-30 06:00:00,83.59,83.84,83.36,83.43,493356.59
2026-03-30 07:00:00,83.42,84.25,83.27,83.98,843072.51
2026-03-30 08:00:00,83.98,84.98,83.95,84.48,1646499.14
2026-03-30 09:00:00,84.48,84.48,84.07,84.09,556513.24
2026-03-30 10:00:00,84.1,84.18,83.45,83.88,901199.39
2026-03-30 11:00:00,83.88,84.65,83.81,84.21,920864.85
2026-03-30 12:00:00,84.21,84.57,84.08,84.45,660465.45
2026-03-30 13:00:00,84.46,84.95,83.88,83.96,1374200.85
2026-03-30 14:00:00,83.96,84.6,83.6,84.33,1823895.49
2026-03-30 15:00:00,84.34,84.71,83.81,84.45,994173.79
2026-03-30 16:00:00,84.45,84.49,83.86,84.16,757348.92
2026-03-30 17:00:00,84.16,84.36,83.03,83.2,1326875.34
2026-03-30 18:00:00,83.2,83.39,82.38,82.63,1342662.16
2026-03-30 19:00:00,82.63,82.64,81.9,82.32,1559750.65
2026-03-30 20:00:00,82.32,82.85,82.29,82.73,697786.43
2026-03-30 21:00:00,82.73,83.66,82.63,83.09,1141050.96
2026-03-30 22:00:00,83.1,83.45,82.59,82.76,671518.41
2026-03-30 23:00:00,82.77,82.77,82.08,82.51,731581.64
2026-03-31 00:00:00,82.51,82.91,82.09,82.68,961784.27
2026-03-31 01:00:00,82.69,84.6,82.55,83.79,1886459.99
2026-03-31 02:00:00,83.8,84.05,83.53,83.78,534686.93
2026-03-31 03:00:00,83.78,83.89,83.21,83.57,432777.96
2026-03-31 04:00:00,83.57,83.88,83.24,83.28,586190.15
2026-03-31 05:00:00,83.29,83.73,82.85,83.73,760431.83
2026-03-31 06:00:00,83.73,83.78,83.01,83.36,735444.67
2026-03-31 07:00:00,83.37,83.39,82.64,83.05,854205.04
2026-03-31 08:00:00,83.06,83.32,82.18,82.19,1008122.72
2026-03-31 09:00:00,82.2,82.42,79.89,80.5,3525481.32
2026-03-31 10:00:00,80.49,80.89,80.26,80.4,1770104.95
2026-03-31 11:00:00,80.4,80.92,80.18,80.78,2152969.5
2026-03-31 12:00:00,80.79,81.04,80.34,80.72,1261140.74
2026-03-31 13:00:00,80.73,82.0,80.69,81.8,1769143.1
2026-03-31 14:00:00,81.79,82.55,80.33,80.57,3072419.4
2026-03-31 15:00:00,80.58,81.64,80.57,80.83,1978906.5
2026-03-31 16:00:00,80.83,82.88,80.82,82.34,2246018.8
2026-03-31 17:00:00,82.34,83.45,82.14,82.34,2229088.12
2026-03-31 18:00:00,82.34,83.07,82.33,82.84,810344.91
2026-03-31 19:00:00,82.84,82.93,82.41,82.67,628930.94
2026-03-31 20:00:00,82.67,83.37,82.57,83.14,697393.45
2026-03-31 21:00:00,83.14,83.15,82.58,82.82,517226.41
2026-03-31 22:00:00,82.82,82.87,82.27,82.72,502433.75
2026-03-31 23:00:00,82.72,83.23,82.62,83.15,496243.25
2026-04-01 00:00:00,83.16,83.58,82.8,83.36,671836.22
2026-04-01 01:00:00,83.37,83.43,82.66,82.68,656286.72
2026-04-01 02:00:00,82.68,82.86,82.41,82.6,466994.41
2026-04-01 03:00:00,82.6,83.46,82.6,83.39,614922.68
2026-04-01 04:00:00,83.38,83.82,83.21,83.71,645693.0
2026-04-01 05:00:00,83.71,84.28,83.31,84.09,1132362.09
2026-04-01 06:00:00,84.08,84.68,83.99,84.4,1207634.09
2026-04-01 07:00:00,84.4,84.7,83.76,83.8,1079315.42
2026-04-01 08:00:00,83.8,84.03,83.35,83.58,1023461.79
2026-04-01 09:00:00,83.59,83.72,83.09,83.34,738644.86
2026-04-01 10:00:00,83.33,83.44,83.01,83.32,559487.93
2026-04-01 11:00:00,83.32,83.53,83.11,83.31,456498.05
2026-04-01 12:00:00,83.3,83.69,82.73,82.98,1485399.47
2026-04-01 13:00:00,82.99,83.4,82.33,82.64,1435628.07
2026-04-01 14:00:00,82.63,83.53,82.47,83.34,1087882.84
2026-04-01 15:00:00,83.34,83.85,83.04,83.58,827070.81
2026-04-01 16:00:00,83.58,85.29,82.9,85.18,2880954.18
2026-04-01 17:00:00,85.19,86.59,84.14,84.38,4405742.09
2026-04-01 18:00:00,84.38,84.43,83.49,83.59,1786636.78
2026-04-01 19:00:00,83.59,84.37,83.58,83.79,957578.28
2026-04-01 20:00:00,83.8,83.85,82.26,82.54,1763642.03
2026-04-01 21:00:00,82.54,83.16,81.34,81.82,1608816.86
2026-04-01 22:00:00,81.81,81.91,80.72,81.12,2042051.17
2026-04-01 23:00:00,81.12,81.42,80.93,81.14,865041.98
2026-04-02 00:00:00,81.14,81.72,80.87,81.56,1082233.43
2026-04-02 01:00:00,81.56,81.57,78.91,79.27,4552558.26
2026-04-02 02:00:00,79.27,79.28,78.22,78.81,2221532.49
2026-04-02 03:00:00,78.81,79.35,78.61,78.94,1427706.94
2026-04-02 04:00:00,78.94,79.15,78.68,78.77,1186117.92
2026-04-02 05:00:00,78.77,79.43,78.55,79.21,1230552.01
2026-04-02 06:00:00,79.21,79.38,78.89,79.06,699276.16
2026-04-02 07:00:00,79.06,79.63,78.95,79.59,840361.21
2026-04-02 08:00:00,79.59,79.59,78.98,79.07,742284.07
2026-04-02 09:00:00,79.06,79.32,78.86,79.22,635028.76
2026-04-02 10:00:00,79.21,79.27,78.74,78.84,645659.0
2026-04-02 11:00:00,78.84,78.94,78.11,78.27,1060918.02
2026-04-02 12:00:00,78.28,78.55,77.83,77.93,1367982.19
2026-04-02 13:00:00,77.93,78.22,76.63,77.69,3105615.12
2026-04-02 14:00:00,77.7,79.67,77.46,79.02,3603570.35
2026-04-02 15:00:00,79.03,79.21,78.23,79.01,1572214.73
2026-04-02 16:00:00,79.01,79.86,78.67,79.39,1235111.05
2026-04-02 17:00:00,79.38,79.64,78.51,78.56,1330174.51
2026-04-02 18:00:00,78.56,79.25,78.38,79.1,995353.27
2026-04-02 19:00:00,79.1,79.22,78.65,78.95,564428.26
2026-04-02 20:00:00,78.95,79.33,78.73,79.14,499424.56
2026-04-02 21:00:00,79.13,79.2,78.58,78.93,399679.51
2026-04-02 22:00:00,78.93,79.1,78.68,78.94,266156.32
2026-04-02 23:00:00,78.93,79.12,78.74,78.91,319526.36
2026-04-03 00:00:00,78.91,79.36,78.83,79.18,404530.96
2026-04-03 01:00:00,79.18,79.77,78.93,79.13,864289.51
2026-04-03 02:00:00,79.13,79.56,78.8,79.32,924942.49
2026-04-03 03:00:00,79.32,79.4,78.96,78.97,529277.9
2026-04-03 04:00:00,78.96,79.5,78.95,79.27,640150.26
2026-04-03 05:00:00,79.27,79.62,79.01,79.27,479232.08
2026-04-03 06:00:00,79.27,79.67,79.15,79.6,514443.27
2026-04-03 07:00:00,79.6,80.15,79.39,79.9,839590.49
2026-04-03 08:00:00,79.9,80.09,79.58,79.71,641556.9
2026-04-03 09:00:00,79.72,80.18,79.64,79.92,627548.28
2026-04-03 10:00:00,79.92,80.14,79.65,80.12,686052.26
2026-04-03 11:00:00,80.11,80.43,79.84,80.13,768117.52
2026-04-03 12:00:00,80.12,80.9,79.14,79.29,1581660.63
2026-04-03 13:00:00,79.29,79.59,79.11,79.57,852436.55
2026-04-03 14:00:00,79.57,80.33,79.39,80.2,839340.39
2026-04-03 15:00:00,80.21,80.64,80.1,80.3,927303.02
2026-04-03 16:00:00,80.3,80.64,80.19,80.52,662557.4
2026-04-03 17:00:00,80.52,80.52,79.85,80.14,575422.18
2026-04-03 18:00:00,80.14,80.41,80.03,80.09,346430.96
2026-04-03 19:00:00,80.08,80.26,79.82,80.16,468238.83
2026-04-03 20:00:00,80.16,80.28,80.11,80.15,194381.91
2026-04-03 21:00:00,80.15,80.65,80.07,80.35,466086.13
2026-04-03 22:00:00,80.36,80.46,79.9,80.11,396948.64
2026-04-03 23:00:00,80.11,80.5,80.07,80.35,350560.02
2026-04-04 00:00:00,80.35,80.37,80.09,80.19,223771.13
2026-04-04 01:00:00,80.19,80.29,79.97,80.1,270317.57
2026-04-04 02:00:00,80.09,80.24,80.01,80.13,270269.74
2026-04-04 03:00:00,80.14,80.23,80.11,80.13,139029.97
2026-04-04 04:00:00,80.12,80.27,80.1,80.21,143319.43
2026-04-04 05:00:00,80.2,80.23,80.06,80.15,265466.15
2026-04-04 06:00:00,80.15,80.5,80.09,80.42,194689.05
2026-04-04 07:00:00,80.42,80.43,80.16,80.27,165606.46
2026-04-04 08:00:00,80.26,80.35,79.87,79.93,279852.76
2026-04-04 09:00:00,79.92,80.05,79.85,79.98,262972.87
2026-04-04 10:00:00,79.98,80.25,79.96,80.19,328320.86
2026-04-04 11:00:00,80.18,80.24,79.97,80.14,260462.47
2026-04-04 12:00:00,80.15,80.21,79.95,80.05,237683.41
2026-04-04 13:00:00,80.04,80.19,79.86,79.98,373892.28
2026-04-04 14:00:00,79.97,80.35,79.53,80.32,961483.76
2026-04-04 15:00:00,80.32,81.64,80.24,81.05,2759838.03
2026-04-04 16:00:00,81.05,81.3,80.63,80.71,1169868.25
2026-04-04 17:00:00,80.7,80.99,80.56,80.88,448126.69
2026-04-04 18:00:00,80.89,81.09,80.66,80.8,592241.95
2026-04-04 19:00:00,80.8,81.28,80.69,80.8,831850.22
2026-04-04 20:00:00,80.8,80.82,80.56,80.75,330468.36
2026-04-04 21:00:00,80.76,80.99,80.71,80.88,370629.56
2026-04-04 22:00:00,80.88,81.02,80.82,80.96,267815.2
2026-04-04 23:00:00,80.95,80.95,80.65,80.79,226551.08
2026-04-05 00:00:00,80.79,80.81,80.45,80.65,365089.06
2026-04-05 01:00:00,80.65,80.75,80.43,80.46,265104.45
2026-04-05 02:00:00,80.45,80.61,80.28,80.54,363674.48
2026-04-05 03:00:00,80.53,80.57,80.35,80.51,145485.33
2026-04-05 04:00:00,80.5,80.52,80.22,80.27,313704.33
2026-04-05 05:00:00,80.27,80.37,80.08,80.24,399972.19
2026-04-05 06:00:00,80.25,80.33,79.3,79.55,1565823.07
2026-04-05 07:00:00,79.55,79.84,79.47,79.55,559286.54
2026-04-05 08:00:00,79.54,79.66,79.47,79.56,359813.16
2026-04-05 09:00:00,79.57,79.83,79.57,79.78,335001.06
2026-04-05 10:00:00,79.79,80.2,79.73,79.79,423503.51
2026-04-05 11:00:00,79.8,79.88,79.7,79.86,304565.75
2026-04-05 12:00:00,79.87,79.92,78.72,78.95,1434047.94
2026-04-05 13:00:00,78.95,79.23,78.45,79.16,1222935.14
2026-04-05 14:00:00,79.16,79.44,79.1,79.25,468914.18
2026-04-05 15:00:00,79.24,80.31,78.93,79.55,1724117.48
2026-04-05 16:00:00,79.56,79.77,79.34,79.41,525952.51
2026-04-05 17:00:00,79.42,79.89,79.32,79.85,458813.33
2026-04-05 18:00:00,79.84,80.09,79.66,79.91,373138.16
2026-04-05 19:00:00,79.9,80.19,79.48,79.77,460339.39
2026-04-05 20:00:00,79.77,80.18,79.76,80.13,391314.77
2026-04-05 21:00:00,80.12,80.15,79.44,79.69,549876.58
2026-04-05 22:00:00,79.69,80.67,79.04,80.53,1412390.81
2026-04-05 23:00:00,80.53,82.11,80.42,81.85,2316571.44
2026-04-06 00:00:00,81.86,82.95,81.86,82.3,2389856.93
2026-04-06 01:00:00,82.3,82.4,81.63,81.67,935401.35
2026-04-06 02:00:00,81.67,82.79,81.62,82.38,960573.76
2026-04-06 03:00:00,82.38,82.46,81.9,82.07,604022.53
2026-04-06 04:00:00,82.07,82.37,81.75,81.96,634241.9
2026-04-06 05:00:00,81.97,82.05,81.8,81.86,378258.8
2026-04-06 06:00:00,81.86,82.11,80.91,81.45,1337835.8
2026-04-06 07:00:00,81.45,81.94,81.25,81.77,885756.72
2026-04-06 08:00:00,81.76,82.23,81.65,81.94,656724.34
2026-04-06 09:00:00,81.94,83.18,81.83,82.43,1623521.48
2026-04-06 10:00:00,82.43,82.86,82.43,82.63,674101.65
2026-04-06 11:00:00,82.62,82.63,82.28,82.39,428770.37
2026-04-06 12:00:00,82.4,82.49,82.15,82.25,488322.87
2026-04-06 13:00:00,82.25,82.64,82.12,82.43,657021.55
2026-04-06 14:00:00,82.42,82.8,81.67,82.19,1420997.32
2026-04-06 15:00:00,82.19,82.42,81.95,82.24,803504.82
2026-04-06 16:00:00,82.25,82.45,81.53,81.56,754218.44
2026-04-06 17:00:00,81.56,81.75,81.13,81.6,1071444.51
2026-04-06 18:00:00,81.61,82.19,81.5,81.83,571146.26
2026-04-06 19:00:00,81.84,81.92,81.51,81.86,398346.15
2026-04-06 20:00:00,81.86,82.1,81.75,81.93,266925.91
2026-04-06 21:00:00,81.94,81.94,81.33,81.42,289682.01
2026-04-06 22:00:00,81.42,81.47,80.09,80.11,1126640.5
2026-04-06 23:00:00,80.12,80.21,79.52,79.96,1894405.23
2026-04-07 00:00:00,79.96,80.17,79.54,79.82,1128357.6
2026-04-07 01:00:00,79.83,80.08,79.3,79.46,883261.13
2026-04-07 02:00:00,79.45,79.85,79.4,79.67,683377.64
2026-04-07 03:00:00,79.66,79.84,79.63,79.73,336538.13
2026-04-07 04:00:00,79.73,80.11,79.6,79.86,457862.05
2026-04-07 05:00:00,79.86,79.91,79.39,79.54,718660.86
2026-04-07 06:00:00,79.54,79.6,79.23,79.48,602491.01
2026-04-07 07:00:00,79.49,79.9,79.39,79.81,540410.93
2026-04-07 08:00:00,79.82,80.32,79.75,80.1,1027464.19
2026-04-07 09:00:00,80.09,80.55,80.09,80.34,750530.87
2026-04-07 10:00:00,80.34,80.41,79.16,79.33,1492668.6
2026-04-07 11:00:00,79.32,79.51,78.83,79.17,1411438.4
2026-04-07 12:00:00,79.17,79.34,78.58,79.09,1698384.41
2026-04-07 13:00:00,79.1,79.2,78.78,78.83,761539.69
2026-04-07 14:00:00,78.83,79.03,78.3,78.54,1292512.08
2026-04-07 15:00:00,78.53,78.95,78.32,78.82,910261.17
2026-04-07 16:00:00,78.82,79.16,78.6,78.85,691748.33
2026-04-07 17:00:00,78.85,81.0,78.79,80.03,3199508.84
2026-04-07 18:00:00,80.04,80.17,79.47,79.89,1052036.95
2026-04-07 19:00:00,79.89,81.84,79.84,81.58,2731115.43
2026-04-07 20:00:00,81.58,82.38,81.58,81.9,2067635.5
2026-04-07 21:00:00,81.91,83.35,81.84,82.88,2342775.45
2026-04-07 22:00:00,82.89,85.23,82.89,85.22,3802925.12
2026-04-07 23:00:00,85.22,87.19,85.07,85.54,5139700.6
2026-04-08 00:00:00,85.53,85.89,84.23,84.74,1998884.9
2026-04-08 01:00:00,84.75,84.96,84.42,84.66,949022.22
2026-04-08 02:00:00,84.67,84.95,84.37,84.57,843594.75
2026-04-08 03:00:00,84.58,84.66,84.34,84.53,527202.16
2026-04-08 04:00:00,84.54,85.01,84.44,84.47,1080279.27
2026-04-08 05:00:00,84.47,84.73,84.12,84.19,693118.8
2026-04-08 06:00:00,84.18,84.7,83.85,84.52,781100.37
2026-04-08 07:00:00,84.53,84.69,84.17,84.47,598715.86
2026-04-08 08:00:00,84.48,84.85,84.4,84.83,489750.97
2026-04-08 09:00:00,84.83,84.95,84.5,84.64,461965.6
2026-04-08 10:00:00,84.63,84.77,84.45,84.48,320928.39
2026-04-08 11:00:00,84.47,84.82,84.11,84.42,1049627.14
2026-04-08 12:00:00,84.42,84.65,84.06,84.51,657491.39
2026-04-08 13:00:00,84.5,84.96,83.86,84.0,2007619.84
2026-04-08 14:00:00,84.0,84.12,82.47,82.87,2688384.57
2026-04-08 15:00:00,82.87,83.43,82.75,83.29,1287093.22
2026-04-08 16:00:00,83.29,83.59,83.0,83.45,585589.86
2026-04-08 17:00:00,83.46,84.17,83.25,83.93,887021.64
2026-04-08 18:00:00,83.94,83.99,82.76,82.89,916408.99
2026-04-08 19:00:00,82.89,83.19,82.74,83.15,572744.37
2026-04-08 20:00:00,83.15,83.34,82.97,83.23,372630.79
2026-04-08 21:00:00,83.24,83.58,83.14,83.36,309897.83
2026-04-08 22:00:00,83.36,83.41,82.53,82.58,541103.5
2026-04-08 23:00:00,82.57,82.99,82.17,82.52,1007481.72
2026-04-09 00:00:00,82.52,82.63,82.01,82.16,768532.27
2026-04-09 01:00:00,82.15,82.28,81.65,82.18,1141364.43
2026-04-09 02:00:00,82.17,82.41,82.02,82.09,504561.92
2026-04-09 03:00:00,82.09,82.14,81.85,81.97,568580.81
2026-04-09 04:00:00,81.97,82.0,81.78,81.8,350264.79
2026-04-09 05:00:00,81.8,82.29,81.7,82.11,498440.74
2026-04-09 06:00:00,82.12,82.31,81.79,82.13,505246.58
2026-04-09 07:00:00,82.13,82.44,82.13,82.23,387531.36
2026-04-09 08:00:00,82.24,82.61,82.1,82.43,503931.44
2026-04-09 09:00:00,82.42,82.64,82.08,82.55,713500.71
2026-04-09 10:00:00,82.55,82.62,82.32,82.53,396123.87
2026-04-09 11:00:00,82.53,82.68,81.98,82.14,755978.09
2026-04-09 12:00:00,82.13,82.33,81.93,82.23,669242.85
2026-04-09 13:00:00,82.24,82.39,81.51,81.83,1035684.53
2026-04-09 14:00:00,81.82,82.28,81.36,82.14,1124951.45
2026-04-09 15:00:00,82.14,83.89,81.86,83.69,2661386.3
2026-04-09 16:00:00,83.7,84.21,82.87,83.64,1876754.13
2026-04-09 17:00:00,83.64,84.65,83.62,84.62,1852249.77
2026-04-09 18:00:00,84.62,84.67,83.33,83.81,1744883.23
2026-04-09 19:00:00,83.8,84.28,83.38,84.12,979861.31
2026-04-09 20:00:00,84.11,84.5,84.05,84.22,555660.34
2026-04-09 21:00:00,84.22,84.71,84.1,84.22,609109.62
2026-04-09 22:00:00,84.23,85.93,83.91,83.95,2038331.01
2026-04-09 23:00:00,83.95,84.02,83.1,83.29,1112777.55
2026-04-10 00:00:00,83.29,83.33,82.84,83.08,800990.68
2026-04-10 01:00:00,83.07,83.74,82.75,83.11,1087511.68
2026-04-10 02:00:00,83.12,83.41,83.0,83.22,455578.9
2026-04-10 03:00:00,83.22,83.23,82.63,82.84,705527.87
2026-04-10 04:00:00,82.84,83.48,82.84,83.31,527025.7
2026-04-10 05:00:00,83.3,83.55,83.05,83.36,541724.74
2026-04-10 06:00:00,83.36,83.43,83.06,83.15,439877.66
2026-04-10 07:00:00,83.16,83.23,82.82,82.92,463437.61
2026-04-10 08:00:00,82.93,83.08,82.66,82.87,820203.58
2026-04-10 09:00:00,82.87,83.55,82.86,83.49,757968.56
2026-04-10 10:00:00,83.5,83.5,83.06,83.25,534027.57
2026-04-10 11:00:00,83.26,83.73,83.25,83.48,898638.25
2026-04-10 12:00:00,83.49,84.39,83.31,84.07,1420882.63
2026-04-10 13:00:00,84.08,84.35,83.53,84.22,1086566.02
2026-04-10 14:00:00,84.22,85.2,84.14,85.06,1762108.66
2026-04-10 15:00:00,85.05,85.57,84.01,84.2,1619691.76
2026-04-10 16:00:00,84.2,84.88,84.08,84.81,896417.95
2026-04-10 17:00:00,84.81,84.86,84.41,84.82,505705.78
2026-04-10 18:00:00,84.83,85.24,84.57,85.18,570616.72
2026-04-10 19:00:00,85.17,85.44,85.06,85.41,704294.44
2026-04-10 20:00:00,85.41,85.66,85.01,85.4,670965.67
2026-04-10 21:00:00,85.41,85.41,84.92,85.19,418822.11
2026-04-10 22:00:00,85.2,85.24,84.6,84.84,434414.57
2026-04-10 23:00:00,84.83,84.92,84.7,84.78,234337.26
2026-04-11 00:00:00,84.78,84.81,84.47,84.64,289216.78
2026-04-11 01:00:00,84.63,84.69,84.34,84.63,338118.95
2026-04-11 02:00:00,84.63,84.89,84.54,84.77,283849.26
2026-04-11 03:00:00,84.76,84.85,84.22,84.35,424635.98
2026-04-11 04:00:00,84.35,84.57,84.16,84.33,450006.26
2026-04-11 05:00:00,84.32,84.36,84.02,84.04,532164.15
2026-04-11 06:00:00,84.04,84.11,83.82,84.07,443166.1
2026-04-11 07:00:00,84.08,84.31,84.03,84.23,252830.94
2026-04-11 08:00:00,84.23,84.38,84.1,84.1,323679.01
2026-04-11 09:00:00,84.1,84.76,84.09,84.45,664239.57
2026-04-11 10:00:00,84.45,84.47,83.9,83.99,478844.9
2026-04-11 11:00:00,83.99,84.22,83.75,84.18,513951.03
2026-04-11 12:00:00,84.18,84.48,84.01,84.18,388928.09
2026-04-11 13:00:00,84.18,84.27,83.78,84.06,509003.19
2026-04-11 14:00:00,84.05,84.39,83.98,84.33,357548.53
2026-04-11 15:00:00,84.34,84.84,84.2,84.63,632151.98
2026-04-11 16:00:00,84.62,85.35,84.56,84.93,758914.54
2026-04-11 17:00:00,84.94,84.97,84.64,84.76,430557.6
2026-04-11 18:00:00,84.76,85.78,84.58,85.45,1025678.69
2026-04-11 19:00:00,85.45,86.23,85.37,85.99,1251173.72
2026-04-11 20:00:00,85.99,86.06,85.08,85.38,763655.78
2026-04-11 21:00:00,85.37,85.51,85.15,85.3,316811.31
2026-04-11 22:00:00,85.29,86.14,85.01,85.24,1214747.59
2026-04-11 23:00:00,85.23,85.24,84.45,84.89,617584.23
2026-04-12 00:00:00,84.89,84.97,84.67,84.85,364455.12
2026-04-12 01:00:00,84.86,84.93,81.98,82.24,3209629.81
2026-04-12 02:00:00,82.25,82.95,81.83,82.61,1575852.59
2026-04-12 03:00:00,82.61,82.74,82.26,82.27,647238.93
2026-04-12 04:00:00,82.27,82.42,82.1,82.16,491043.03
2026-04-12 05:00:00,82.16,82.42,82.01,82.34,555734.88
2026-04-12 06:00:00,82.34,82.44,82.15,82.2,548920.3
2026-04-12 07:00:00,82.2,82.4,82.17,82.23,265429.19
2026-04-12 08:00:00,82.24,82.25,82.09,82.23,287426.08
2026-04-12 09:00:00,82.24,82.36,82.08,82.15,281384.4
2026-04-12 10:00:00,82.16,82.29,81.88,81.98,467421.34
2026-04-12 11:00:00,81.99,82.33,81.89,82.15,506529.49
2026-04-12 12:00:00,82.15,82.5,81.82,81.97,947029.37
2026-04-12 13:00:00,81.97,82.19,81.71,81.86,847453.33
2026-04-12 14:00:00,81.85,82.06,81.24,81.51,1616902.09
2026-04-12 15:00:00,81.51,81.78,81.25,81.55,735453.6
2026-04-12 16:00:00,81.54,81.84,81.48,81.82,357792.01
2026-04-12 17:00:00,81.83,82.26,81.69,82.14,592929.88
2026-04-12 18:00:00,82.14,82.29,81.98,82.07,447593.3
2026-04-12 19:00:00,82.07,82.27,81.86,81.93,260061.31
2026-04-12 20:00:00,81.93,82.85,81.88,82.64,758394.72
2026-04-12 21:00:00,82.64,82.86,82.39,82.76,590155.71
2026-04-12 22:00:00,82.76,82.78,81.32,81.95,1648604.4
2026-04-12 23:00:00,81.94,81.94,81.23,81.49,665832.22
2026-04-13 00:00:00,81.48,82.19,81.35,82.1,700753.12
2026-04-13 01:00:00,82.1,82.31,81.92,82.28,547450.84
2026-04-13 02:00:00,82.28,82.4,81.83,81.88,597238.9
2026-04-13 03:00:00,81.89,82.04,81.68,81.86,341293.78
2026-04-13 04:00:00,81.87,82.21,81.8,81.86,426501.61
2026-04-13 05:00:00,81.87,81.95,81.48,81.79,480760.05
2026-04-13 06:00:00,81.8,82.58,81.77,82.31,935983.8
2026-04-13 07:00:00,82.31,82.36,81.81,82.12,590005.67
2026-04-13 08:00:00,82.12,82.25,81.67,81.82,814021.19
2026-04-13 09:00:00,81.82,82.17,81.74,81.82,604960.35
2026-04-13 10:00:00,81.82,81.93,81.61,81.7,346868.41
2026-04-13 11:00:00,81.71,82.01,81.65,81.82,479239.18
2026-04-13 12:00:00,81.82,82.77,81.77,82.5,1424934.54
2026-04-13 13:00:00,82.51,83.65,82.25,83.58,2191058.21
2026-04-13 14:00:00,83.58,83.79,82.73,83.73,2109419.02
2026-04-13 15:00:00,83.73,83.95,82.31,82.62,1796802.17
2026-04-13 16:00:00,82.62,83.6,82.31,83.32,1560628.09
2026-04-13 17:00:00,83.33,83.82,82.96,83.03,922156.42
2026-04-13 18:00:00,83.02,83.25,82.54,83.19,942499.53
2026-04-13 19:00:00,83.18,84.23,83.06,84.07,1606539.69
2026-04-13 20:00:00,84.07,84.35,83.77,83.89,1175329.96
2026-04-13 21:00:00,83.9,84.14,83.79,83.92,526377.89
2026-04-13 22:00:00,83.91,86.47,83.91,86.2,3112554.19
2026-04-13 23:00:00,86.2,86.8,85.88,86.5,2126060.59
2026-04-14 00:00:00,86.49,86.73,85.7,85.88,1542907.77
2026-04-14 01:00:00,85.89,86.1,85.65,85.94,831453.2
2026-04-14 02:00:00,85.93,86.41,85.84,86.2,890888.99
2026-04-14 03:00:00,86.2,86.25,85.96,86.03,429520.25
2026-04-14 04:00:00,86.03,86.04,85.54,85.88,655108.68
2026-04-14 05:00:00,85.88,85.9,85.4,85.48,493175.57
2026-04-14 06:00:00,85.49,86.06,85.48,85.92,674339.98
2026-04-14 07:00:00,85.92,86.17,85.76,85.87,856899.57
2026-04-14 08:00:00,85.86,86.35,85.68,86.09,694944.5
2026-04-14 09:00:00,86.09,86.22,85.93,86.05,352993.64
2026-04-14 10:00:00,86.06,86.52,85.96,85.99,671169.47
2026-04-14 11:00:00,85.99,86.07,85.56,85.75,925096.72
2026-04-14 12:00:00,85.74,86.0,85.55,85.92,631545.57
2026-04-14 13:00:00,85.92,87.4,85.87,87.28,2054724.76
2026-04-14 14:00:00,87.28,87.64,85.95,85.95,2650942.16
2026-04-14 15:00:00,85.96,86.28,85.17,85.92,2131005.27
2026-04-14 16:00:00,85.92,86.13,84.7,84.99,1654142.09
2026-04-14 17:00:00,84.99,85.42,84.66,85.2,1200637.32
2026-04-14 18:00:00,85.21,85.39,83.83,84.05,1333418.09
2026-04-14 19:00:00,84.04,84.28,83.66,83.91,1185055.74
2026-04-14 20:00:00,83.91,84.11,83.36,83.57,874720.69
2026-04-14 21:00:00,83.56,83.92,83.49,83.76,359745.77
2026-04-14 22:00:00,83.76,83.89,83.26,83.46,779870.57
2026-04-14 23:00:00,83.47,84.0,83.42,83.66,604573.76
2026-04-15 00:00:00,83.66,84.01,83.48,83.72,1080023.05
2026-04-15 01:00:00,83.72,83.98,83.51,83.85,610059.72
2026-04-15 02:00:00,83.85,83.97,83.07,83.35,752677.36
2026-04-15 03:00:00,83.35,83.47,83.23,83.4,292142.51
2026-04-15 04:00:00,83.4,83.62,83.26,83.55,401589.72
2026-04-15 05:00:00,83.56,83.74,82.88,83.07,1060485.83
2026-04-15 06:00:00,83.07,83.09,82.75,82.94,605349.7
2026-04-15 07:00:00,82.95,83.17,82.6,82.88,885015.85
2026-04-15 08:00:00,82.88,83.23,82.68,83.08,744312.12
2026-04-15 09:00:00,83.07,83.19,82.82,83.11,548007.62
2026-04-15 10:00:00,83.11,83.65,82.85,83.1,1123595.42
2026-04-15 11:00:00,83.11,83.65,83.0,83.54,727369.84
2026-04-15 12:00:00,83.55,83.84,83.32,83.67,654221.52
2026-04-15 13:00:00,83.66,83.77,83.14,83.59,954192.68
2026-04-15 14:00:00,83.59,84.47,83.36,84.27,1609352.82
2026-04-15 15:00:00,84.27,84.44,83.44,83.94,1485424.28
2026-04-15 16:00:00,83.95,84.67,83.86,84.51,1276832.7
2026-04-15 17:00:00,84.5,85.12,84.4,84.66,1370589.33
2026-04-15 18:00:00,84.66,85.03,84.55,84.98,522677.61
2026-04-15 19:00:00,84.99,85.81,84.9,85.48,1095593.33
2026-04-15 20:00:00,85.48,85.54,84.59,84.77,786810.65
2026-04-15 21:00:00,84.77,84.87,84.16,84.75,576937.47
2026-04-15 22:00:00,84.74,85.59,84.7,84.98,759885.21
2026-04-15 23:00:00,84.99,85.0,84.56,84.85,533977.77
2026-04-16 00:00:00,84.86,85.03,84.45,84.89,514288.55
2026-04-16 01:00:00,84.9,84.91,84.42,84.82,331901.35
2026-04-16 02:00:00,84.81,85.56,84.67,85.07,782039.96
2026-04-16 03:00:00,85.07,85.48,85.04,85.26,495610.43
2026-04-16 04:00:00,85.25,85.53,84.93,85.2,480936.24
2026-04-16 05:00:00,85.19,85.5,85.0,85.36,336046.18
2026-04-16 06:00:00,85.37,85.5,85.12,85.43,299939.25
2026-04-16 07:00:00,85.43,85.61,85.03,85.15,542957.58
2026-04-16 08:00:00,85.16,85.27,84.85,84.99,632359.07
2026-04-16 09:00:00,85.0,85.47,84.91,85.14,816701.17
2026-04-16 10:00:00,85.15,85.21,84.56,85.01,1128701.21
2026-04-16 11:00:00,85.01,85.14,84.89,85.02,394559.07
2026-04-16 12:00:00,85.03,85.47,85.01,85.34,562683.98
2026-04-16 13:00:00,85.34,86.25,83.7,84.74,3179759.17
2026-04-16 14:00:00,84.74,85.67,83.99,85.35,2081697.77
2026-04-16 15:00:00,85.34,87.11,85.24,86.57,2814815.4
2026-04-16 16:00:00,86.58,87.07,85.58,85.9,1869845.52
2026-04-16 17:00:00,85.89,86.76,85.66,86.61,1406198.78
2026-04-16 18:00:00,86.61,89.05,86.46,88.96,3868853.14
2026-04-16 19:00:00,88.97,90.14,88.59,90.07,2528197.0
2026-04-16 20:00:00,90.06,90.58,89.21,89.55,2436908.1
2026-04-16 21:00:00,89.55,89.74,88.68,88.9,1209873.95
2026-04-16 22:00:00,88.9,89.43,88.83,88.97,654645.85
2026-04-16 23:00:00,88.96,89.19,88.78,89.03,482939.76
2026-04-17 00:00:00,89.02,89.15,88.54,88.77,618209.84
2026-04-17 01:00:00,88.78,88.98,87.86,88.2,969701.66
2026-04-17 02:00:00,88.21,88.33,87.5,87.82,873598.16
2026-04-17 03:00:00,87.83,87.93,87.43,87.67,716818.66
2026-04-17 04:00:00,87.67,88.25,87.64,87.94,712452.81
2026-04-17 05:00:00,87.94,87.95,87.34,87.36,762338.33
2026-04-17 06:00:00,87.36,88.05,87.3,87.96,580866.51
2026-04-17 07:00:00,87.96,88.44,87.93,88.09,785830.4
2026-04-17 08:00:00,88.1,89.05,88.07,88.91,1140719.17
2026-04-17 09:00:00,88.9,89.48,88.24,88.65,1697292.2
2026-04-17 10:00:00,88.66,88.69,87.26,87.62,1829905.02
2026-04-17 11:00:00,87.62,88.27,87.57,88.15,763540.9
2026-04-17 12:00:00,88.16,88.87,87.85,88.82,1098796.25
2026-04-17 13:00:00,88.83,90.48,88.51,90.09,4675390.57
2026-04-17 14:00:00,90.09,90.71,89.57,89.97,2697860.03
2026-04-17 15:00:00,89.97,90.14,89.39,89.91,1670863.19
2026-04-17 16:00:00,89.91,90.58,89.85,90.39,1284125.13
2026-04-17 17:00:00,90.39,90.39,89.04,89.7,1516240.77
2026-04-17 18:00:00,89.69,89.8,88.84,89.12,1047138.71
2026-04-17 19:00:00,89.12,89.46,88.86,89.18,577555.55
2026-04-17 20:00:00,89.17,89.33,88.45,88.95,908047.02
2026-04-17 21:00:00,88.94,89.23,88.74,89.08,431665.52
2026-04-17 22:00:00,89.08,89.43,88.89,89.17,470519.55
2026-04-17 23:00:00,89.16,89.17,88.42,88.71,523001.5
2026-04-18 00:00:00,88.71,89.1,88.61,88.91,344791.39
2026-04-18 01:00:00,88.92,89.11,88.63,88.8,365262.77
2026-04-18 02:00:00,88.81,89.05,88.61,88.86,270418.27
2026-04-18 03:00:00,88.87,88.87,88.17,88.27,497841.51
2026-04-18 04:00:00,88.27,88.5,88.18,88.3,540963.38
2026-04-18 05:00:00,88.31,88.6,88.1,88.34,486255.25
2026-04-18 06:00:00,88.35,88.56,88.25,88.44,282049.39
2026-04-18 07:00:00,88.44,88.5,88.25,88.39,281155.55
2026-04-18 08:00:00,88.4,88.45,87.04,87.5,1789877.47
2026-04-18 09:00:00,87.49,87.63,87.07,87.56,828297.54
2026-04-18 10:00:00,87.57,87.6,86.71,86.92,1272143.22
2026-04-18 11:00:00,86.91,86.92,86.22,86.49,1120074.29
2026-04-18 12:00:00,86.48,86.91,86.45,86.84,794556.82
2026-04-18 13:00:00,86.85,86.92,86.35,86.69,641692.04
2026-04-18 14:00:00,86.7,86.82,86.38,86.77,510558.23
2026-04-18 15:00:00,86.78,86.92,86.5,86.7,412695.98
2026-04-18 16:00:00,86.7,86.93,86.41,86.64,572523.94
2026-04-18 17:00:00,86.64,86.79,86.45,86.69,337772.35
2026-04-18 18:00:00,86.69,86.7,85.71,85.9,1419714.0
2026-04-18 19:00:00,85.9,86.24,85.88,86.07,370235.27
2026-04-18 20:00:00,86.06,86.27,85.95,86.12,281978.56
2026-04-18 21:00:00,86.12,86.22,85.98,86.16,182552.31
2026-04-18 22:00:00,86.16,86.32,85.86,86.24,408800.66
2026-04-18 23:00:00,86.24,86.42,86.08,86.11,290663.13
2026-04-19 00:00:00,86.1,86.33,85.8,85.97,464146.86
2026-04-19 01:00:00,85.97,86.18,85.54,85.7,521084.06
2026-04-19 02:00:00,85.7,85.82,85.18,85.47,817941.18
2026-04-19 03:00:00,85.48,85.75,85.25,85.55,302937.56
2026-04-19 04:00:00,85.55,85.92,85.09,85.53,724267.98
2026-04-19 05:00:00,85.52,85.74,85.35,85.43,455262.95
2026-04-19 06:00:00,85.44,85.62,85.07,85.4,534437.8
2026-04-19 07:00:00,85.39,85.39,84.28,84.82,1576648.38
2026-04-19 08:00:00,84.81,85.1,84.56,84.74,656051.78
2026-04-19 09:00:00,84.75,84.99,84.52,84.55,531243.03
2026-04-19 10:00:00,84.54,84.86,84.38,84.73,466735.08
2026-04-19 11:00:00,84.74,85.67,84.71,85.54,981889.12
2026-04-19 12:00:00,85.55,85.92,85.49,85.74,907494.71
2026-04-19 13:00:00,85.75,86.89,85.7,86.27,1776006.66
2026-04-19 14:00:00,86.28,87.08,85.9,86.48,1447038.13
2026-04-19 15:00:00,86.48,86.63,85.52,86.32,1138311.74
2026-04-19 16:00:00,86.31,86.46,85.68,85.82,718049.63
2026-04-19 17:00:00,85.82,85.95,84.94,85.08,1066991.39
2026-04-19 18:00:00,85.09,85.26,84.82,85.06,694121.17
2026-04-19 19:00:00,85.06,85.52,85.06,85.28,473581.74
2026-04-19 20:00:00,85.27,85.31,84.68,84.9,689896.28
2026-04-19 21:00:00,84.9,85.2,84.47,84.65,433312.83
2026-04-19 22:00:00,84.65,84.65,82.77,83.71,3006273.72
2026-04-19 23:00:00,83.71,83.72,83.27,83.41,645030.62
2026-04-20 00:00:00,83.42,84.17,83.27,83.93,859797.44
2026-04-20 01:00:00,83.93,84.51,83.89,84.3,674350.93
2026-04-20 02:00:00,84.29,84.35,83.66,84.16,537988.63
2026-04-20 03:00:00,84.16,84.58,84.07,84.53,458788.14
2026-04-20 04:00:00,84.53,84.58,84.2,84.53,323597.74
2026-04-20 05:00:00,84.53,84.55,83.7,83.82,650827.35
2026-04-20 06:00:00,83.83,84.72,83.73,84.42,792237.9
2026-04-20 07:00:00,84.42,85.74,84.4,84.69,1671001.86
2026-04-20 08:00:00,84.7,85.1,84.51,84.63,818272.59
2026-04-20 09:00:00,84.63,85.2,84.58,85.04,607962.99
2026-04-20 10:00:00,85.04,85.37,84.76,84.8,546606.03
2026-04-20 11:00:00,84.8,85.34,84.71,85.0,521203.7
2026-04-20 12:00:00,85.01,85.51,84.77,85.27,967922.02
2026-04-20 13:00:00,85.27,85.49,84.82,85.26,1148673.51
2026-04-20 14:00:00,85.27,85.8,84.46,84.74,1826345.0
2026-04-20 15:00:00,84.73,85.85,84.35,85.82,1628688.68
2026-04-20 16:00:00,85.82,85.86,85.21,85.26,836649.38
2026-04-20 17:00:00,85.27,86.1,85.21,85.66,944812.73
2026-04-20 18:00:00,85.66,86.19,85.66,86.02,1077104.9
2026-04-20 19:00:00,86.03,86.06,85.71,85.75,518868.61
2026-04-20 20:00:00,85.75,86.14,85.61,85.91,518018.2
2026-04-20 21:00:00,85.91,86.18,85.53,85.76,544819.54
2026-04-20 22:00:00,85.76,86.03,85.55,85.66,349447.62
2026-04-20 23:00:00,85.67,85.67,85.17,85.24,507176.69
2026-04-21 00:00:00,85.25,85.75,85.21,85.63,434747.7
2026-04-21 01:00:00,85.64,85.79,85.31,85.39,340369.51
2026-04-21 02:00:00,85.39,85.42,85.14,85.24,317377.27
2026-04-21 03:00:00,85.24,85.48,84.95,85.14,868824.47
2026-04-21 04:00:00,85.13,85.43,84.97,85.39,532938.07
2026-04-21 05:00:00,85.39,85.8,85.37,85.63,562421.92
2026-04-21 06:00:00,85.63,85.91,85.13,85.63,703909.41
2026-04-21 07:00:00,85.63,85.93,85.36,85.65,569026.12
2026-04-21 08:00:00,85.66,86.47,85.58,85.75,746386.8
2026-04-21 09:00:00,85.76,85.85,85.46,85.85,486638.89
2026-04-21 10:00:00,85.85,86.28,85.79,86.11,523822.09
2026-04-21 11:00:00,86.1,86.13,85.66,85.79,616890.52
2026-04-21 12:00:00,85.79,85.99,85.12,85.48,1059130.47
2026-04-21 13:00:00,85.47,85.83,85.24,85.77,782869.72
2026-04-21 14:00:00,85.78,86.87,85.54,85.72,1725969.46
2026-04-21 15:00:00,85.73,86.25,85.34,86.0,1300323.81
2026-04-21 16:00:00,86.0,86.24,85.6,85.63,863065.86
2026-04-21 17:00:00,85.63,85.77,84.65,85.28,1612263.15
2026-04-21 18:00:00,85.28,85.36,84.69,85.21,794836.53
2026-04-21 19:00:00,85.21,85.69,84.26,84.53,1299494.65
2026-04-21 20:00:00,84.52,85.72,84.4,85.37,1052973.33
2026-04-21 21:00:00,85.37,85.53,84.95,85.1,303760.32
2026-04-21 22:00:00,85.1,85.41,84.94,85.31,447392.08
2026-04-21 23:00:00,85.32,86.11,85.3,86.0,742593.92
2026-04-22 00:00:00,86.01,86.48,85.97,86.47,911145.88
2026-04-22 01:00:00,86.47,86.51,86.05,86.22,533663.88
2026-04-22 02:00:00,86.22,87.54,86.16,87.39,1747610.1
2026-04-22 03:00:00,87.38,87.86,87.08,87.21,939562.05
2026-04-22 04:00:00,87.22,87.31,86.93,87.03,541226.79
2026-04-22 05:00:00,87.04,88.33,86.97,88.0,2064954.84
2026-04-22 06:00:00,88.0,88.17,87.77,87.91,983503.53
2026-04-22 07:00:00,87.92,88.25,87.66,88.04,855608.7
2026-04-22 08:00:00,88.04,88.32,87.57,87.96,994794.15
2026-04-22 09:00:00,87.97,88.88,87.81,88.28,1215188.97
2026-04-22 10:00:00,88.27,88.4,88.1,88.3,351587.16
2026-04-22 11:00:00,88.29,88.55,88.12,88.29,441853.33
2026-04-22 12:00:00,88.29,88.65,88.18,88.55,717237.59
2026-04-22 13:00:00,88.56,89.16,88.39,89.07,1384997.4
2026-04-22 14:00:00,89.07,89.29,88.45,88.69,1492790.33
2026-04-22 15:00:00,88.69,88.76,87.98,88.13,1756563.08
2026-04-22 16:00:00,88.12,88.42,87.48,87.63,1143922.43
2026-04-22 17:00:00,87.62,87.99,87.59,87.8,616229.52
2026-04-22 18:00:00,87.8,88.34,87.75,87.78,560210.89
2026-04-22 19:00:00,87.78,87.8,87.05,87.34,1080517.1
2026-04-22 20:00:00,87.34,87.45,87.04,87.1,346893.01
2026-04-22 21:00:00,87.1,87.66,87.08,87.55,318139.77
2026-04-22 22:00:00,87.55,87.69,87.25,87.38,343105.02
2026-04-22 23:00:00,87.38,87.43,86.75,86.83,559714.29
2026-04-23 00:00:00,86.83,87.11,85.91,86.82,1629584.84
2026-04-23 01:00:00,86.83,86.83,86.08,86.39,770019.91
2026-04-23 02:00:00,86.4,86.4,85.67,85.89,916802.22
2026-04-23 03:00:00,85.89,86.05,85.42,85.72,658610.26
2026-04-23 04:00:00,85.73,85.96,85.59,85.91,532440.44
2026-04-23 05:00:00,85.91,86.07,85.45,85.84,769172.62
2026-04-23 06:00:00,85.83,86.18,85.78,86.15,792013.88
2026-04-23 07:00:00,86.14,86.18,85.8,85.85,495838.15
2026-04-23 08:00:00,85.85,85.89,85.5,85.66,708371.92
2026-04-23 09:00:00,85.66,85.66,85.2,85.47,701619.35
2026-04-23 10:00:00,85.47,85.57,85.13,85.38,560680.57
2026-04-23 11:00:00,85.38,85.89,85.32,85.76,691762.95
2026-04-23 12:00:00,85.76,86.06,85.66,85.92,736150.7
2026-04-23 13:00:00,85.92,85.99,85.52,85.72,781943.27
2026-04-23 14:00:00,85.72,86.15,85.5,86.0,904859.78
2026-04-23 15:00:00,86.01,86.61,85.75,86.3,1947431.86
2026-04-23 16:00:00,86.31,86.38,85.72,85.75,811170.68
2026-04-23 17:00:00,85.76,85.82,84.42,85.28,2805700.74
2026-04-23 18:00:00,85.29,85.62,85.18,85.21,1006569.37
2026-04-23 19:00:00,85.21,85.52,85.08,85.24,814606.4
2026-04-23 20:00:00,85.23,85.8,85.22,85.54,608189.35
2026-04-23 21:00:00,85.53,85.96,85.45,85.74,355649.25
2026-04-23 22:00:00,85.74,86.21,85.73,85.91,490433.45
2026-04-23 23:00:00,85.91,86.15,85.55,86.08,384825.87
2026-04-24 00:00:00,86.08,86.32,85.99,86.16,441578.9
2026-04-24 01:00:00,86.15,86.28,85.76,86.23,404474.86
2026-04-24 02:00:00,86.23,86.32,85.71,85.83,357755.48
2026-04-24 03:00:00,85.82,85.9,85.33,85.63,713212.76
2026-04-24 04:00:00,85.64,85.66,85.13,85.26,632211.41
2026-04-24 05:00:00,85.25,85.79,85.1,85.64,896522.34
2026-04-24 06:00:00,85.65,85.69,85.28,85.38,415018.93
2026-04-24 07:00:00,85.38,85.57,85.29,85.45,398935.52
2026-04-24 08:00:00,85.45,85.7,85.23,85.3,648097.07
2026-04-24 09:00:00,85.3,85.44,84.79,85.42,798255.01
2026-04-24 10:00:00,85.42,85.72,85.12,85.65,486237.44
2026-04-24 11:00:00,85.65,86.24,85.65,86.14,1146846.75
2026-04-24 12:00:00,86.14,86.75,86.01,86.3,1544618.16
2026-04-24 13:00:00,86.3,86.55,85.79,86.04,778006.51
2026-04-24 14:00:00,86.03,86.18,85.6,85.99,889565.0
2026-04-24 15:00:00,85.99,86.53,85.46,86.46,961757.22
2026-04-24 16:00:00,86.47,86.56,86.03,86.29,570079.22
2026-04-24 17:00:00,86.29,86.51,86.07,86.44,466109.98
2026-04-24 18:00:00,86.44,86.5,85.87,86.32,479429.18
2026-04-24 19:00:00,86.31,86.49,86.19,86.29,400736.68
2026-04-24 20:00:00,86.28,86.92,86.18,86.83,888696.81
2026-04-24 21:00:00,86.83,86.92,86.32,86.4,484412.04
2026-04-24 22:00:00,86.4,86.41,86.02,86.14,460268.25
2026-04-24 23:00:00,86.14,86.26,86.1,86.13,167687.68
2026-04-25 00:00:00,86.13,86.23,85.98,86.19,225198.34
2026-04-25 01:00:00,86.2,86.32,86.09,86.24,185596.47
2026-04-25 02:00:00,86.23,86.36,86.11,86.24,166464.02
2026-04-25 03:00:00,86.24,86.45,86.22,86.42,140263.83
2026-04-25 04:00:00,86.41,86.49,86.24,86.28,153762.8
2026-04-25 05:00:00,86.29,86.29,86.07,86.16,220816.52
2026-04-25 06:00:00,86.17,86.63,86.16,86.4,361296.28
2026-04-25 07:00:00,86.4,86.48,86.2,86.31,446625.16
2026-04-25 08:00:00,86.31,86.77,86.23,86.57,470191.59
2026-04-25 09:00:00,86.58,86.75,86.51,86.53,266365.95
2026-04-25 10:00:00,86.53,86.68,86.51,86.57,187827.12
2026-04-25 11:00:00,86.57,86.58,86.19,86.3,525470.97
2026-04-25 12:00:00,86.3,86.38,86.18,86.34,263154.41
2026-04-25 13:00:00,86.33,86.63,86.33,86.55,254635.53
2026-04-25 14:00:00,86.55,86.61,86.39,86.39,223290.16
2026-04-25 15:00:00,86.39,86.58,86.08,86.17,424538.47
2026-04-25 16:00:00,86.18,86.27,85.55,85.84,804826.09
2026-04-25 17:00:00,85.84,85.84,85.5,85.51,439137.15
2026-04-25 18:00:00,85.5,85.8,85.48,85.64,525504.38
2026-04-25 19:00:00,85.64,85.68,85.52,85.62,253292.26
2026-04-25 20:00:00,85.63,85.88,85.55,85.86,218226.82
2026-04-25 21:00:00,85.86,86.09,85.68,85.85,324442.44
2026-04-25 22:00:00,85.86,86.13,85.81,86.05,186516.61
2026-04-25 23:00:00,86.06,86.13,85.98,86.13,131507.72
2026-04-26 00:00:00,86.13,86.16,85.87,85.97,238711.89
2026-04-26 01:00:00,85.96,86.07,85.91,85.92,152568.61
2026-04-26 02:00:00,85.92,86.35,85.91,86.34,302119.49
2026-04-26 03:00:00,86.34,86.44,85.78,85.88,579039.44
