datetime,open,high,low,close,volume
2026-01-01 00:00:00,124.58,124.95,124.52,124.82,95163.28
2026-01-01 00:15:00,124.82,125.1,124.72,125.07,76948.87
2026-01-01 00:30:00,125.07,125.19,124.96,125.0,62932.52
2026-01-01 00:45:00,125.01,125.17,124.97,125.07,62519.87
2026-01-01 01:00:00,125.07,125.59,125.06,125.58,166916.57
2026-01-01 01:15:00,125.59,125.75,125.29,125.34,148532.66
2026-01-01 01:30:00,125.35,125.49,125.01,125.38,183953.64
2026-01-01 01:45:00,125.38,125.41,124.8,124.92,120808.6
2026-01-01 02:00:00,124.92,125.13,124.8,124.97,68456.67
2026-01-01 02:15:00,124.97,125.03,124.72,124.8,76288.21
2026-01-01 02:30:00,124.8,125.18,124.75,125.01,130125.4
2026-01-01 02:45:00,125.0,125.16,124.95,125.12,43374.68
2026-01-01 03:00:00,125.11,125.21,125.06,125.19,42058.33
2026-01-01 03:15:00,125.19,125.28,125.09,125.13,32410.65
2026-01-01 03:30:00,125.13,125.35,125.03,125.33,39687.35
2026-01-01 03:45:00,125.34,125.34,124.94,125.14,92509.93
2026-01-01 04:00:00,125.13,125.2,124.91,124.94,64666.76
2026-01-01 04:15:00,124.94,125.11,124.83,125.04,81798.56
2026-01-01 04:30:00,125.03,125.08,124.73,124.75,68607.85
2026-01-01 04:45:00,124.75,124.94,124.74,124.89,34373.69
2026-01-01 05:00:00,124.88,125.04,124.88,124.94,43625.01
2026-01-01 05:15:00,124.95,125.04,124.89,125.02,31761.05
2026-01-01 05:30:00,125.03,125.21,124.93,125.16,64984.65
2026-01-01 05:45:00,125.17,125.25,125.12,125.23,35810.11
2026-01-01 06:00:00,125.24,125.26,125.06,125.16,40147.93
2026-01-01 06:15:00,125.15,125.19,124.99,125.04,21529.57
2026-01-01 06:30:00,125.03,125.04,124.91,124.93,25588.57
2026-01-01 06:45:00,124.92,124.95,124.81,124.83,39774.33
2026-01-01 07:00:00,124.82,124.94,124.75,124.79,63868.47
2026-01-01 07:15:00,124.79,124.85,124.43,124.48,119973.17
2026-01-01 07:30:00,124.48,124.67,124.46,124.5,66012.08
2026-01-01 07:45:00,124.5,124.51,124.14,124.19,167185.55
2026-01-01 08:00:00,124.19,124.44,124.08,124.32,164677.03
2026-01-01 08:15:00,124.33,124.55,124.32,124.51,92743.56
2026-01-01 08:30:00,124.5,124.61,124.49,124.55,71947.68
2026-01-01 08:45:00,124.54,124.67,124.51,124.64,47282.71
2026-01-01 09:00:00,124.64,124.89,124.54,124.61,135757.4
2026-01-01 09:15:00,124.61,124.91,124.6,124.83,92664.61
2026-01-01 09:30:00,124.83,125.04,124.82,125.01,74535.53
2026-01-01 09:45:00,125.01,125.05,124.83,124.96,100663.07
2026-01-01 10:00:00,124.95,125.22,124.92,125.17,111082.79
2026-01-01 10:15:00,125.17,125.18,124.97,125.08,65363.76
2026-01-01 10:30:00,125.08,125.2,124.96,124.99,60064.73
2026-01-01 10:45:00,124.98,124.99,124.88,124.96,56137.97
2026-01-01 11:00:00,124.96,125.11,124.94,125.02,41243.81
2026-01-01 11:15:00,125.01,125.14,124.8,124.83,59184.89
2026-01-01 11:30:00,124.83,124.95,124.7,124.89,94915.57
2026-01-01 11:45:00,124.88,125.16,124.88,125.16,65238.07
2026-01-01 12:00:00,125.16,125.22,124.98,125.04,111791.77
2026-01-01 12:15:00,125.04,125.12,124.94,125.02,52289.15
2026-01-01 12:30:00,125.02,125.06,124.92,125.04,50737.46
2026-01-01 12:45:00,125.03,125.12,124.94,124.95,58146.34
2026-01-01 13:00:00,124.94,124.96,124.79,124.83,70269.78
2026-01-01 13:15:00,124.82,125.04,124.82,124.99,90180.95
2026-01-01 13:30:00,124.99,125.07,124.86,124.87,45809.46
2026-01-01 13:45:00,124.86,124.89,124.64,124.68,96184.2
2026-01-01 14:00:00,124.67,124.87,124.59,124.73,95843.96
2026-01-01 14:15:00,124.73,124.74,124.34,124.44,125075.77
2026-01-01 14:30:00,124.44,124.75,124.36,124.61,84133.55
2026-01-01 14:45:00,124.61,124.78,124.53,124.67,66137.37
2026-01-01 15:00:00,124.66,124.77,124.53,124.59,66197.11
2026-01-01 15:15:00,124.58,124.95,124.57,124.85,95301.84
2026-01-01 15:30:00,124.85,125.02,124.52,124.81,197708.85
2026-01-01 15:45:00,124.81,125.19,124.75,124.9,175014.29
2026-01-01 16:00:00,124.9,124.96,124.56,124.57,122358.21
2026-01-01 16:15:00,124.57,124.61,124.2,124.52,238216.22
2026-01-01 16:30:00,124.52,124.69,124.45,124.48,97367.57
2026-01-01 16:45:00,124.47,124.53,124.29,124.41,73860.14
2026-01-01 17:00:00,124.4,124.66,124.25,124.6,94903.36
2026-01-01 17:15:00,124.61,125.06,124.6,124.92,212139.21
2026-01-01 17:30:00,124.92,125.62,124.92,125.14,568850.81
2026-01-01 17:45:00,125.14,125.36,124.95,125.13,193197.11
2026-01-01 18:00:00,125.13,125.32,124.96,125.14,130640.14
2026-01-01 18:15:00,125.14,125.3,124.97,125.08,70619.54
2026-01-01 18:30:00,125.07,125.25,125.02,125.21,56446.17
2026-01-01 18:45:00,125.2,125.3,125.12,125.28,75335.16
2026-01-01 19:00:00,125.28,125.43,125.15,125.17,111658.11
2026-01-01 19:15:00,125.16,125.3,125.15,125.26,31787.12
2026-01-01 19:30:00,125.25,125.63,125.2,125.59,143300.72
2026-01-01 19:45:00,125.59,125.75,125.51,125.7,126675.99
2026-01-01 20:00:00,125.7,125.92,125.54,125.65,157613.09
2026-01-01 20:15:00,125.66,125.77,125.56,125.64,76496.88
2026-01-01 20:30:00,125.63,125.63,125.35,125.36,90591.01
2026-01-01 20:45:00,125.35,125.41,125.27,125.33,46014.84
2026-01-01 21:00:00,125.33,125.63,125.29,125.53,49953.83
2026-01-01 21:15:00,125.54,125.64,125.52,125.56,27626.15
2026-01-01 21:30:00,125.56,125.56,125.32,125.33,38312.71
2026-01-01 21:45:00,125.32,125.42,125.25,125.37,38110.1
2026-01-01 22:00:00,125.37,125.69,125.36,125.53,75609.51
2026-01-01 22:15:00,125.53,125.56,125.39,125.55,39955.5
2026-01-01 22:30:00,125.56,125.8,125.33,125.71,74716.84
2026-01-01 22:45:00,125.71,126.2,125.65,126.02,137950.55
2026-01-01 23:00:00,126.02,126.26,125.7,126.16,238964.8
2026-01-01 23:15:00,126.15,126.99,126.15,126.8,398734.17
2026-01-01 23:30:00,126.8,127.1,126.8,127.06,285185.91
2026-01-01 23:45:00,127.05,127.21,126.73,126.83,187797.27
2026-01-02 00:00:00,126.84,127.1,126.43,126.59,311547.93
2026-01-02 00:15:00,126.59,126.82,126.5,126.65,116878.6
2026-01-02 00:30:00,126.65,126.92,126.38,126.46,146413.48
2026-01-02 00:45:00,126.46,126.84,126.42,126.75,91837.41
2026-01-02 01:00:00,126.75,126.91,126.53,126.67,125536.04
2026-01-02 01:15:00,126.67,126.67,126.23,126.27,158666.9
2026-01-02 01:30:00,126.28,126.3,126.01,126.13,119397.98
2026-01-02 01:45:00,126.13,126.26,126.01,126.16,83840.8
2026-01-02 02:00:00,126.16,126.17,125.86,125.98,123696.72
2026-01-02 02:15:00,125.98,126.08,125.81,125.94,87578.21
2026-01-02 02:30:00,125.93,126.21,125.92,126.11,103908.42
2026-01-02 02:45:00,126.11,126.65,126.1,126.54,130452.33
2026-01-02 03:00:00,126.53,127.6,126.39,127.38,385621.26
2026-01-02 03:15:00,127.37,127.46,127.05,127.16,182882.18
2026-01-02 03:30:00,127.17,127.99,127.13,127.62,295794.55
2026-01-02 03:45:00,127.62,127.86,127.36,127.51,210425.45
2026-01-02 04:00:00,127.51,127.69,127.23,127.27,154322.16
2026-01-02 04:15:00,127.27,127.37,126.91,127.02,145992.68
2026-01-02 04:30:00,127.03,127.23,126.96,127.06,92055.21
2026-01-02 04:45:00,127.06,127.2,126.91,126.94,80251.14
2026-01-02 05:00:00,126.94,127.03,126.83,126.94,86473.68
2026-01-02 05:15:00,126.94,127.17,126.73,126.74,132869.6
2026-01-02 05:30:00,126.74,126.99,126.71,126.98,78130.28
2026-01-02 05:45:00,126.97,127.41,126.97,127.29,125772.08
2026-01-02 06:00:00,127.28,127.45,127.23,127.31,120364.41
2026-01-02 06:15:00,127.32,127.42,127.27,127.38,62729.29
2026-01-02 06:30:00,127.39,127.69,127.23,127.4,172723.07
2026-01-02 06:45:00,127.41,127.64,127.2,127.3,123695.53
2026-01-02 07:00:00,127.29,127.52,127.28,127.43,100107.52
2026-01-02 07:15:00,127.43,127.54,127.09,127.13,116669.66
2026-01-02 07:30:00,127.14,127.17,126.86,126.92,172182.37
2026-01-02 07:45:00,126.92,127.15,126.92,127.1,111250.24
2026-01-02 08:00:00,127.1,127.5,127.09,127.46,147580.99
2026-01-02 08:15:00,127.45,127.68,127.33,127.57,127247.59
2026-01-02 08:30:00,127.57,127.88,127.46,127.79,187435.83
2026-01-02 08:45:00,127.78,127.95,127.74,127.92,118530.71
2026-01-02 09:00:00,127.92,129.18,127.78,128.69,716215.25
2026-01-02 09:15:00,128.69,128.85,128.35,128.39,314285.64
2026-01-02 09:30:00,128.39,128.68,128.26,128.67,144369.73
2026-01-02 09:45:00,128.67,129.89,128.52,129.37,804760.01
2026-01-02 10:00:00,129.37,129.98,129.28,129.5,429551.88
2026-01-02 10:15:00,129.51,129.57,128.94,128.95,287338.96
2026-01-02 10:30:00,128.96,129.12,128.92,129.04,173067.24
2026-01-02 10:45:00,129.05,129.22,128.84,128.91,139788.06
2026-01-02 11:00:00,128.92,128.94,128.45,128.54,201628.52
2026-01-02 11:15:00,128.55,128.56,128.27,128.35,217679.5
2026-01-02 11:30:00,128.36,128.47,128.0,128.18,192122.83
2026-01-02 11:45:00,128.17,128.25,127.94,128.19,200543.33
2026-01-02 12:00:00,128.18,128.24,127.98,128.17,164194.09
2026-01-02 12:15:00,128.17,128.27,127.84,128.02,185100.04
2026-01-02 12:30:00,128.03,128.54,127.94,128.49,236281.99
2026-01-02 12:45:00,128.49,128.61,128.35,128.37,118784.93
2026-01-02 13:00:00,128.38,128.49,128.22,128.35,105167.39
2026-01-02 13:15:00,128.36,128.77,128.25,128.54,175875.58
2026-01-02 13:30:00,128.54,128.59,128.24,128.46,108646.05
2026-01-02 13:45:00,128.46,128.57,128.23,128.32,99983.61
2026-01-02 14:00:00,128.32,128.64,127.88,128.0,185424.0
2026-01-02 14:15:00,127.99,128.0,127.08,127.62,595642.92
2026-01-02 14:30:00,127.62,128.52,126.76,128.31,853161.65
2026-01-02 14:45:00,128.31,129.59,127.93,128.67,909795.89
2026-01-02 15:00:00,128.68,129.09,128.19,128.35,424416.03
2026-01-02 15:15:00,128.35,128.74,127.35,128.21,579401.95
2026-01-02 15:30:00,128.2,129.4,128.09,129.29,445448.92
2026-01-02 15:45:00,129.28,129.49,128.7,128.94,356395.2
2026-01-02 16:00:00,128.93,129.77,128.62,129.76,390323.61
2026-01-02 16:15:00,129.76,130.88,129.65,130.18,845795.1
2026-01-02 16:30:00,130.19,131.8,130.16,130.66,1050152.22
2026-01-02 16:45:00,130.66,130.96,130.18,130.88,343863.83
2026-01-02 17:00:00,130.87,131.81,130.84,131.55,490369.85
2026-01-02 17:15:00,131.55,132.3,131.25,131.38,539122.06
2026-01-02 17:30:00,131.38,131.46,130.98,131.22,316123.87
2026-01-02 17:45:00,131.23,131.4,130.65,131.39,284933.51
2026-01-02 18:00:00,131.4,131.78,131.26,131.78,276622.97
2026-01-02 18:15:00,131.77,132.0,131.56,131.73,274434.73
2026-01-02 18:30:00,131.73,131.73,130.91,131.08,265371.92
2026-01-02 18:45:00,131.08,131.29,130.28,130.76,341633.8
2026-01-02 19:00:00,130.75,131.09,130.59,131.01,140010.27
2026-01-02 19:15:00,131.01,131.61,131.0,131.45,279810.53
2026-01-02 19:30:00,131.44,131.75,131.32,131.52,125989.63
2026-01-02 19:45:00,131.52,131.68,131.44,131.59,94084.26
2026-01-02 20:00:00,131.6,132.0,131.45,131.95,180912.98
2026-01-02 20:15:00,131.95,132.11,131.52,131.61,217741.03
2026-01-02 20:30:00,131.62,131.69,131.34,131.49,105527.28
2026-01-02 20:45:00,131.48,131.57,130.76,131.07,266248.39
2026-01-02 21:00:00,131.07,131.39,131.07,131.23,91368.43
2026-01-02 21:15:00,131.22,131.7,131.13,131.66,63450.36
2026-01-02 21:30:00,131.65,131.79,131.57,131.72,62724.0
2026-01-02 21:45:00,131.72,132.1,131.66,131.85,194774.65
2026-01-02 22:00:00,131.85,133.29,131.83,132.4,582021.45
2026-01-02 22:15:00,132.4,132.86,132.35,132.48,143830.44
2026-01-02 22:30:00,132.48,133.15,132.34,132.94,134350.18
2026-01-02 22:45:00,132.95,133.1,132.52,132.57,94136.84
2026-01-02 23:00:00,132.57,132.67,132.34,132.43,119891.09
2026-01-02 23:15:00,132.44,132.69,132.26,132.39,170208.98
2026-01-02 23:30:00,132.4,132.51,132.1,132.18,90251.11
2026-01-02 23:45:00,132.18,132.28,131.85,132.24,108181.99
2026-01-03 00:00:00,132.24,132.78,132.18,132.74,174378.32
2026-01-03 00:15:00,132.75,132.89,132.45,132.76,121523.15
2026-01-03 00:30:00,132.77,132.86,132.58,132.71,74235.99
2026-01-03 00:45:00,132.71,132.81,132.45,132.46,72697.0
2026-01-03 01:00:00,132.47,132.83,132.29,132.83,75907.65
2026-01-03 01:15:00,132.83,132.92,132.34,132.39,78847.33
2026-01-03 01:30:00,132.4,132.75,132.34,132.56,70963.81
2026-01-03 01:45:00,132.57,132.67,132.48,132.58,59315.02
2026-01-03 02:00:00,132.59,132.59,132.02,132.24,168625.84
2026-01-03 02:15:00,132.24,132.8,132.14,132.71,103636.56
2026-01-03 02:30:00,132.71,132.85,132.62,132.75,61064.13
2026-01-03 02:45:00,132.74,133.04,132.74,132.8,111408.38
2026-01-03 03:00:00,132.8,132.9,132.25,132.48,136691.1
2026-01-03 03:15:00,132.49,132.69,132.11,132.33,156476.9
2026-01-03 03:30:00,132.33,132.85,132.33,132.84,111865.16
2026-01-03 03:45:00,132.84,133.13,132.75,132.77,149774.9
2026-01-03 04:00:00,132.78,132.85,132.4,132.4,94377.87
2026-01-03 04:15:00,132.41,132.56,132.38,132.5,72960.75
2026-01-03 04:30:00,132.5,132.53,132.13,132.2,104931.2
2026-01-03 04:45:00,132.19,132.34,132.16,132.29,57782.55
2026-01-03 05:00:00,132.3,132.48,132.24,132.25,77741.24
2026-01-03 05:15:00,132.26,132.34,132.08,132.12,86516.82
2026-01-03 05:30:00,132.13,132.13,131.55,131.66,186627.66
2026-01-03 05:45:00,131.66,131.89,131.65,131.84,141421.17
2026-01-03 06:00:00,131.85,132.25,131.77,132.12,107558.96
2026-01-03 06:15:00,132.11,132.17,131.71,131.75,83415.59
2026-01-03 06:30:00,131.75,131.92,131.18,131.24,144568.92
2026-01-03 06:45:00,131.23,131.38,131.0,131.12,229093.73
2026-01-03 07:00:00,131.12,131.35,130.82,130.86,153057.76
2026-01-03 07:15:00,130.85,130.95,129.9,130.01,561138.7
2026-01-03 07:30:00,130.0,130.29,129.52,130.2,408187.76
2026-01-03 07:45:00,130.21,130.36,129.96,130.05,162680.62
2026-01-03 08:00:00,130.05,130.35,129.74,130.12,198643.79
2026-01-03 08:15:00,130.13,130.6,130.08,130.54,202595.6
2026-01-03 08:30:00,130.54,130.88,130.41,130.84,199561.96
2026-01-03 08:45:00,130.83,130.98,130.6,130.63,153474.38
2026-01-03 09:00:00,130.64,130.78,130.34,130.36,126655.84
2026-01-03 09:15:00,130.36,130.75,130.3,130.71,83064.51
2026-01-03 09:30:00,130.71,131.43,130.63,131.33,267828.25
2026-01-03 09:45:00,131.34,131.37,131.09,131.11,87157.1
2026-01-03 10:00:00,131.11,131.18,130.75,130.81,129832.53
2026-01-03 10:15:00,130.81,131.04,130.7,130.88,84223.66
2026-01-03 10:30:00,130.88,131.18,130.8,131.05,67000.95
2026-01-03 10:45:00,131.05,131.08,130.82,130.89,51661.59
2026-01-03 11:00:00,130.89,130.94,130.5,130.64,103976.73
2026-01-03 11:15:00,130.63,130.71,130.55,130.59,44724.6
2026-01-03 11:30:00,130.58,130.75,130.38,130.66,85833.15
2026-01-03 11:45:00,130.66,130.73,130.57,130.63,49182.76
2026-01-03 12:00:00,130.64,130.64,130.43,130.54,55667.18
2026-01-03 12:15:00,130.55,130.81,130.54,130.78,67472.67
2026-01-03 12:30:00,130.79,130.79,130.5,130.65,58238.33
2026-01-03 12:45:00,130.65,130.88,130.57,130.83,142345.55
2026-01-03 13:00:00,130.83,131.06,130.73,130.95,104830.57
2026-01-03 13:15:00,130.95,131.33,130.95,131.13,125771.34
2026-01-03 13:30:00,131.14,131.32,131.05,131.06,68783.06
2026-01-03 13:45:00,131.06,131.28,131.01,131.22,48602.57
2026-01-03 14:00:00,131.21,131.37,131.06,131.28,75739.43
2026-01-03 14:15:00,131.28,131.9,131.14,131.79,206503.9
2026-01-03 14:30:00,131.78,132.12,131.62,131.81,266942.27
2026-01-03 14:45:00,131.82,131.98,131.62,131.96,123964.89
2026-01-03 15:00:00,131.96,131.98,131.48,131.56,171077.93
2026-01-03 15:15:00,131.55,131.71,131.37,131.65,72008.3
2026-01-03 15:30:00,131.66,131.81,131.58,131.61,52127.15
2026-01-03 15:45:00,131.6,131.7,131.16,131.41,137802.59
2026-01-03 16:00:00,131.41,131.87,131.41,131.77,88365.15
2026-01-03 16:15:00,131.77,131.87,131.43,131.69,110634.11
2026-01-03 16:30:00,131.7,131.91,131.66,131.87,91221.02
2026-01-03 16:45:00,131.86,131.95,131.57,131.71,83695.81
2026-01-03 17:00:00,131.71,131.86,131.59,131.59,88450.2
2026-01-03 17:15:00,131.6,131.86,131.59,131.8,31139.1
2026-01-03 17:30:00,131.81,131.99,131.8,131.92,46943.98
2026-01-03 17:45:00,131.92,131.95,131.8,131.85,54940.2
2026-01-03 18:00:00,131.85,131.85,131.55,131.61,48688.67
2026-01-03 18:15:00,131.6,132.07,131.56,132.0,130174.85
2026-01-03 18:30:00,132.0,132.05,131.89,131.94,54171.54
2026-01-03 18:45:00,131.94,132.07,131.86,131.91,52643.13
2026-01-03 19:00:00,131.9,131.91,131.62,131.63,61930.58
2026-01-03 19:15:00,131.63,131.77,131.6,131.75,32005.68
2026-01-03 19:30:00,131.75,131.79,131.65,131.77,53033.79
2026-01-03 19:45:00,131.78,131.81,131.71,131.73,30878.56
2026-01-03 20:00:00,131.73,131.77,131.27,131.38,116751.92
2026-01-03 20:15:00,131.37,131.55,131.37,131.48,37376.73
2026-01-03 20:30:00,131.47,131.89,131.47,131.86,69551.83
2026-01-03 20:45:00,131.85,131.98,131.78,131.94,68786.01
2026-01-03 21:00:00,131.93,131.96,131.73,131.96,60419.28
2026-01-03 21:15:00,131.96,132.62,131.95,132.55,198593.55
2026-01-03 21:30:00,132.56,133.03,132.48,132.68,189064.18
2026-01-03 21:45:00,132.67,132.87,132.56,132.81,99454.72
2026-01-03 22:00:00,132.81,132.82,132.53,132.64,135292.56
2026-01-03 22:15:00,132.64,133.02,132.64,132.77,97895.61
2026-01-03 22:30:00,132.77,133.99,132.7,133.04,428000.87
2026-01-03 22:45:00,133.04,133.41,132.95,133.38,102120.16
2026-01-03 23:00:00,133.38,133.51,133.02,133.23,117030.74
2026-01-03 23:15:00,133.24,133.71,133.23,133.59,86987.66
2026-01-03 23:30:00,133.59,133.65,133.31,133.36,85480.82
2026-01-03 23:45:00,133.36,133.45,133.15,133.31,69853.93
2026-01-04 00:00:00,133.3,135.0,133.26,134.5,651114.95
2026-01-04 00:15:00,134.49,134.59,133.85,133.89,219306.28
2026-01-04 00:30:00,133.89,134.33,133.78,134.0,177540.63
2026-01-04 00:45:00,134.0,134.76,133.84,134.49,188901.1
2026-01-04 01:00:00,134.49,134.7,134.2,134.39,147496.79
2026-01-04 01:15:00,134.39,134.62,133.73,133.83,202319.64
2026-01-04 01:30:00,133.82,133.86,133.35,133.65,242311.04
2026-01-04 01:45:00,133.64,133.94,133.35,133.9,152066.32
2026-01-04 02:00:00,133.9,133.96,133.6,133.61,92234.07
2026-01-04 02:15:00,133.6,133.89,133.6,133.87,71706.88
2026-01-04 02:30:00,133.87,133.95,133.59,133.64,78752.53
2026-01-04 02:45:00,133.64,133.72,133.4,133.65,77473.96
2026-01-04 03:00:00,133.65,134.3,133.59,134.16,107964.8
2026-01-04 03:15:00,134.17,134.17,133.85,133.91,93704.32
2026-01-04 03:30:00,133.92,134.17,133.75,134.1,75913.08
2026-01-04 03:45:00,134.1,134.67,134.1,134.56,348821.96
2026-01-04 04:00:00,134.55,134.68,134.28,134.54,108221.91
2026-01-04 04:15:00,134.53,134.8,134.41,134.44,166361.19
2026-01-04 04:30:00,134.43,134.68,134.34,134.43,76958.79
2026-01-04 04:45:00,134.43,134.54,134.16,134.23,108976.54
2026-01-04 05:00:00,134.24,134.39,134.2,134.28,63085.3
2026-01-04 05:15:00,134.27,134.55,134.24,134.46,58363.31
2026-01-04 05:30:00,134.46,134.55,134.22,134.27,49347.54
2026-01-04 05:45:00,134.27,134.51,134.23,134.5,40886.22
2026-01-04 06:00:00,134.5,134.77,134.3,134.52,159214.36
2026-01-04 06:15:00,134.53,134.97,134.21,134.36,238674.62
2026-01-04 06:30:00,134.36,134.54,133.7,133.83,206619.27
2026-01-04 06:45:00,133.83,133.98,133.62,133.71,185160.61
2026-01-04 07:00:00,133.71,133.97,133.52,133.84,184273.95
2026-01-04 07:15:00,133.85,133.91,133.61,133.82,88453.11
2026-01-04 07:30:00,133.82,134.08,133.69,134.02,85802.74
2026-01-04 07:45:00,134.02,134.08,133.75,133.75,68977.26
2026-01-04 08:00:00,133.75,133.85,133.1,133.46,292568.69
2026-01-04 08:15:00,133.47,133.65,133.22,133.43,155148.73
2026-01-04 08:30:00,133.43,134.03,133.4,133.98,146227.11
2026-01-04 08:45:00,133.99,134.12,133.86,134.05,85012.57
2026-01-04 09:00:00,134.04,134.18,133.78,133.99,73858.47
2026-01-04 09:15:00,133.99,134.38,133.85,133.93,127126.84
2026-01-04 09:30:00,133.93,134.38,133.93,134.23,102005.53
2026-01-04 09:45:00,134.24,134.54,133.96,134.27,205463.46
2026-01-04 10:00:00,134.26,134.69,134.23,134.5,207288.44
2026-01-04 10:15:00,134.5,134.56,134.16,134.31,109710.72
2026-01-04 10:30:00,134.31,134.48,134.23,134.47,60074.84
2026-01-04 10:45:00,134.48,134.82,134.4,134.62,191286.49
2026-01-04 11:00:00,134.62,134.62,134.35,134.41,122667.21
2026-01-04 11:15:00,134.42,134.61,134.34,134.44,75935.43
2026-01-04 11:30:00,134.44,134.54,134.25,134.4,56881.48
2026-01-04 11:45:00,134.4,134.42,134.08,134.32,123630.04
2026-01-04 12:00:00,134.33,134.46,134.12,134.35,98021.8
2026-01-04 12:15:00,134.35,134.8,134.28,134.7,148697.7
2026-01-04 12:30:00,134.7,134.84,134.13,134.13,162906.29
2026-01-04 12:45:00,134.13,134.32,134.13,134.27,83280.85
2026-01-04 13:00:00,134.27,134.28,134.01,134.2,87475.59
2026-01-04 13:15:00,134.2,134.21,133.67,133.93,205884.31
2026-01-04 13:30:00,133.93,134.21,133.88,134.07,103876.54
2026-01-04 13:45:00,134.07,134.49,134.03,134.47,118318.58
2026-01-04 14:00:00,134.46,134.73,134.41,134.65,140879.04
2026-01-04 14:15:00,134.65,134.68,134.15,134.41,175704.13
2026-01-04 14:30:00,134.4,134.66,134.28,134.62,203258.8
2026-01-04 14:45:00,134.62,134.93,134.44,134.9,154177.87
2026-01-04 15:00:00,134.89,135.32,134.82,135.23,301342.54
2026-01-04 15:15:00,135.23,135.29,135.0,135.17,147407.25
2026-01-04 15:30:00,135.18,135.2,134.58,134.63,150691.7
2026-01-04 15:45:00,134.64,134.87,134.21,134.83,253937.66
2026-01-04 16:00:00,134.83,135.5,134.68,135.02,308224.57
2026-01-04 16:15:00,135.03,135.19,134.76,134.83,146055.49
2026-01-04 16:30:00,134.84,135.31,134.73,135.0,127835.53
2026-01-04 16:45:00,135.01,135.18,134.94,135.06,74059.29
2026-01-04 17:00:00,135.06,135.25,134.87,134.91,106067.52
2026-01-04 17:15:00,134.92,135.31,134.89,135.04,96091.25
2026-01-04 17:30:00,135.05,135.2,134.85,134.89,56683.71
2026-01-04 17:45:00,134.9,135.1,134.74,134.77,96273.42
2026-01-04 18:00:00,134.77,134.82,134.35,134.44,183344.78
2026-01-04 18:15:00,134.43,134.49,133.91,134.09,163371.2
2026-01-04 18:30:00,134.09,134.24,133.62,134.22,271986.08
2026-01-04 18:45:00,134.23,134.27,133.96,134.13,124186.26
2026-01-04 19:00:00,134.13,134.14,133.03,133.32,504337.94
2026-01-04 19:15:00,133.31,133.62,133.11,133.47,195474.84
2026-01-04 19:30:00,133.48,133.77,133.29,133.32,94262.63
2026-01-04 19:45:00,133.32,133.55,133.29,133.51,57455.95
2026-01-04 20:00:00,133.51,133.99,133.32,133.9,112290.97
2026-01-04 20:15:00,133.89,134.11,133.65,134.02,115159.36
2026-01-04 20:30:00,134.02,134.05,133.84,133.9,57500.19
2026-01-04 20:45:00,133.9,134.2,133.85,133.97,94057.44
2026-01-04 21:00:00,133.97,134.54,133.75,134.26,146201.48
2026-01-04 21:15:00,134.27,134.38,133.99,134.0,71440.61
2026-01-04 21:30:00,134.0,134.1,133.64,133.69,71451.19
2026-01-04 21:45:00,133.68,133.94,133.66,133.87,56201.41
2026-01-04 22:00:00,133.86,134.38,133.76,134.06,107983.73
2026-01-04 22:15:00,134.05,134.14,133.8,134.09,50859.57
2026-01-04 22:30:00,134.08,134.15,133.72,133.88,38971.94
2026-01-04 22:45:00,133.87,134.23,133.83,134.1,43912.68
2026-01-04 23:00:00,134.1,134.81,133.75,133.81,284162.79
2026-01-04 23:15:00,133.81,134.33,133.64,134.05,151396.88
2026-01-04 23:30:00,134.05,134.31,133.84,133.9,74032.57
2026-01-04 23:45:00,133.89,134.15,133.58,134.04,129702.0
2026-01-05 00:00:00,134.05,134.79,134.0,134.53,393451.89
2026-01-05 00:15:00,134.54,134.69,133.93,134.36,210745.17
2026-01-05 00:30:00,134.36,134.75,134.06,134.69,178152.45
2026-01-05 00:45:00,134.69,135.79,134.56,135.49,699985.78
2026-01-05 01:00:00,135.49,136.53,135.23,136.34,737404.86
2026-01-05 01:15:00,136.34,136.68,135.75,136.22,449007.29
2026-01-05 01:30:00,136.21,137.75,136.05,137.0,760192.69
2026-01-05 01:45:00,137.01,137.24,136.6,136.69,268603.65
2026-01-05 02:00:00,136.7,137.18,136.54,136.71,306387.68
2026-01-05 02:15:00,136.71,136.95,135.67,135.7,316814.36
2026-01-05 02:30:00,135.7,136.3,135.62,136.28,177209.92
2026-01-05 02:45:00,136.29,136.9,136.28,136.81,193247.8
2026-01-05 03:00:00,136.82,137.12,136.62,136.79,192678.97
2026-01-05 03:15:00,136.8,137.0,136.52,136.88,180032.07
2026-01-05 03:30:00,136.87,137.29,136.74,136.77,271414.61
2026-01-05 03:45:00,136.78,136.8,136.51,136.58,95919.77
2026-01-05 04:00:00,136.58,136.74,135.92,135.96,233910.39
2026-01-05 04:15:00,135.95,136.1,135.26,135.36,442614.39
2026-01-05 04:30:00,135.36,135.42,134.88,135.15,315445.04
2026-01-05 04:45:00,135.15,135.74,135.14,135.63,185187.81
2026-01-05 05:00:00,135.62,135.84,135.47,135.66,101634.32
2026-01-05 05:15:00,135.65,135.99,135.58,135.85,104760.31
2026-01-05 05:30:00,135.85,136.28,135.7,135.91,230826.56
2026-01-05 05:45:00,135.91,135.99,134.92,134.98,312601.74
2026-01-05 06:00:00,134.98,135.39,134.93,135.34,186594.87
2026-01-05 06:15:00,135.33,135.6,134.92,134.94,137377.83
2026-01-05 06:30:00,134.94,135.43,134.54,135.39,294925.39
2026-01-05 06:45:00,135.39,135.64,135.19,135.53,196224.27
2026-01-05 07:00:00,135.54,135.68,135.02,135.28,191051.46
2026-01-05 07:15:00,135.27,135.36,135.04,135.25,153325.19
2026-01-05 07:30:00,135.25,135.57,135.24,135.55,85171.71
2026-01-05 07:45:00,135.55,135.55,135.25,135.34,65276.93
2026-01-05 08:00:00,135.34,135.62,135.3,135.6,231457.64
2026-01-05 08:15:00,135.6,135.89,135.5,135.7,141909.24
2026-01-05 08:30:00,135.7,135.73,135.11,135.17,92077.77
2026-01-05 08:45:00,135.17,135.42,135.12,135.13,67090.9
2026-01-05 09:00:00,135.13,135.24,134.63,134.77,228965.38
2026-01-05 09:15:00,134.77,135.19,134.71,135.08,119861.48
2026-01-05 09:30:00,135.09,135.44,134.92,135.36,113847.14
2026-01-05 09:45:00,135.37,135.6,135.21,135.37,111556.16
2026-01-05 10:00:00,135.38,135.76,135.33,135.71,105231.14
2026-01-05 10:15:00,135.71,135.83,135.52,135.61,144037.1
2026-01-05 10:30:00,135.6,135.74,135.2,135.37,119031.24
2026-01-05 10:45:00,135.36,135.97,135.36,135.74,140791.66
2026-01-05 11:00:00,135.75,135.75,135.27,135.3,135185.51
2026-01-05 11:15:00,135.29,135.59,135.16,135.29,159419.81
2026-01-05 11:30:00,135.29,135.55,135.18,135.42,182043.55
2026-01-05 11:45:00,135.42,135.74,135.4,135.68,141755.32
2026-01-05 12:00:00,135.69,135.73,135.41,135.64,95639.18
2026-01-05 12:15:00,135.63,135.75,135.26,135.26,105560.55
2026-01-05 12:30:00,135.26,135.4,134.88,134.94,144208.62
2026-01-05 12:45:00,134.93,135.19,134.81,135.04,152096.65
2026-01-05 13:00:00,135.05,135.32,134.85,135.1,150240.51
2026-01-05 13:15:00,135.1,135.1,134.17,134.25,483271.5
2026-01-05 13:30:00,134.26,134.28,133.1,133.63,900067.13
2026-01-05 13:45:00,133.62,133.9,133.47,133.71,365008.33
2026-01-05 14:00:00,133.71,134.23,133.23,133.4,665154.24
2026-01-05 14:15:00,133.4,133.88,133.09,133.68,536152.05
2026-01-05 14:30:00,133.68,134.72,133.12,134.52,866797.93
2026-01-05 14:45:00,134.51,135.57,133.86,134.93,1094301.62
2026-01-05 15:00:00,134.94,135.15,134.07,134.57,513679.95
2026-01-05 15:15:00,134.58,135.2,134.33,134.87,403463.08
2026-01-05 15:30:00,134.87,136.43,134.72,136.02,665980.25
2026-01-05 15:45:00,136.02,136.47,135.8,136.08,412165.42
2026-01-05 16:00:00,136.08,136.26,135.44,135.69,385410.98
2026-01-05 16:15:00,135.68,136.07,134.92,135.45,300720.09
2026-01-05 16:30:00,135.46,135.64,135.1,135.26,213243.13
2026-01-05 16:45:00,135.26,135.48,134.92,135.35,202751.12
2026-01-05 17:00:00,135.35,135.51,135.03,135.27,104393.12
2026-01-05 17:15:00,135.27,135.32,134.25,134.54,320345.17
2026-01-05 17:30:00,134.54,135.78,134.54,135.56,280244.4
2026-01-05 17:45:00,135.57,136.83,135.56,136.48,524538.64
2026-01-05 18:00:00,136.49,136.62,136.01,136.31,301353.08
2026-01-05 18:15:00,136.31,136.37,135.64,136.12,215498.39
2026-01-05 18:30:00,136.11,136.7,136.06,136.63,232404.17
2026-01-05 18:45:00,136.63,137.55,136.62,137.33,516205.63
2026-01-05 19:00:00,137.33,137.67,137.06,137.47,329729.96
2026-01-05 19:15:00,137.47,138.46,137.18,138.14,635141.01
2026-01-05 19:30:00,138.14,138.78,137.99,138.18,515099.32
2026-01-05 19:45:00,138.18,138.54,138.0,138.2,266438.75
2026-01-05 20:00:00,138.2,139.16,138.02,139.03,474971.42
2026-01-05 20:15:00,139.02,139.83,138.61,139.65,397999.89
2026-01-05 20:30:00,139.65,139.65,138.29,138.41,375083.91
2026-01-05 20:45:00,138.42,138.56,137.69,137.82,448850.74
2026-01-05 21:00:00,137.82,138.33,137.82,138.05,229540.06
2026-01-05 21:15:00,138.04,138.42,137.93,137.94,207738.37
2026-01-05 21:30:00,137.94,138.71,137.84,138.48,175992.23
2026-01-05 21:45:00,138.48,138.52,138.22,138.34,72468.62
2026-01-05 22:00:00,138.34,138.59,138.24,138.59,106667.07
2026-01-05 22:15:00,138.59,138.92,138.46,138.54,166530.46
2026-01-05 22:30:00,138.54,139.13,138.46,138.94,116777.58
2026-01-05 22:45:00,138.94,139.04,138.35,138.75,124880.49
2026-01-05 23:00:00,138.76,138.91,138.43,138.5,97720.47
2026-01-05 23:15:00,138.51,138.74,138.26,138.47,142644.87
2026-01-05 23:30:00,138.47,138.6,138.03,138.28,147734.44
2026-01-05 23:45:00,138.28,138.34,137.82,137.84,106617.74
2026-01-06 00:00:00,137.84,138.15,137.27,137.3,247323.28
2026-01-06 00:15:00,137.29,137.99,137.22,137.95,160335.94
2026-01-06 00:30:00,137.94,137.98,136.81,137.04,237615.06
2026-01-06 00:45:00,137.03,137.69,136.94,137.66,159097.34
2026-01-06 01:00:00,137.66,138.27,137.42,137.7,275193.34
2026-01-06 01:15:00,137.7,138.47,137.69,138.32,251232.32
2026-01-06 01:30:00,138.32,138.36,137.58,137.67,203279.98
2026-01-06 01:45:00,137.67,138.08,137.26,137.49,295137.16
2026-01-06 02:00:00,137.5,137.88,137.24,137.57,241176.44
2026-01-06 02:15:00,137.57,137.95,137.42,137.63,130701.46
2026-01-06 02:30:00,137.64,137.78,137.32,137.53,122589.32
2026-01-06 02:45:00,137.53,137.69,137.36,137.53,131250.78
2026-01-06 03:00:00,137.54,137.95,137.49,137.93,94037.09
2026-01-06 03:15:00,137.93,138.11,137.54,137.82,199169.58
2026-01-06 03:30:00,137.83,138.57,137.81,138.21,219192.06
2026-01-06 03:45:00,138.22,138.48,138.16,138.31,94184.88
2026-01-06 04:00:00,138.32,138.7,138.13,138.56,115758.85
2026-01-06 04:15:00,138.56,138.89,138.39,138.56,261724.7
2026-01-06 04:30:00,138.56,138.94,138.49,138.54,115635.41
2026-01-06 04:45:00,138.54,138.65,138.33,138.38,86509.83
2026-01-06 05:00:00,138.37,138.48,138.0,138.09,211100.57
2026-01-06 05:15:00,138.08,138.66,138.08,138.6,359281.42
2026-01-06 05:30:00,138.6,139.27,138.59,138.79,416149.14
2026-01-06 05:45:00,138.78,140.09,138.54,139.5,854852.68
2026-01-06 06:00:00,139.5,139.73,139.23,139.24,211751.47
2026-01-06 06:15:00,139.24,139.28,138.76,139.02,235278.3
2026-01-06 06:30:00,139.02,139.56,138.86,139.45,233715.17
2026-01-06 06:45:00,139.45,139.56,138.91,138.96,217971.77
2026-01-06 07:00:00,138.96,139.04,138.57,138.58,192683.73
2026-01-06 07:15:00,138.59,138.73,137.67,137.84,433564.79
2026-01-06 07:30:00,137.84,137.9,137.42,137.6,334583.79
2026-01-06 07:45:00,137.6,137.78,137.26,137.51,310139.17
2026-01-06 08:00:00,137.52,138.06,137.51,137.83,256362.84
2026-01-06 08:15:00,137.82,137.95,137.6,137.76,139319.02
2026-01-06 08:30:00,137.75,137.78,137.53,137.61,82546.17
2026-01-06 08:45:00,137.6,137.76,137.31,137.52,108166.38
2026-01-06 09:00:00,137.52,138.08,137.42,137.98,185084.11
2026-01-06 09:15:00,137.98,138.3,137.98,138.06,211901.26
2026-01-06 09:30:00,138.06,138.24,137.98,138.23,68791.17
2026-01-06 09:45:00,138.23,138.35,137.68,137.72,122775.24
2026-01-06 10:00:00,137.72,138.03,137.3,137.86,338394.15
2026-01-06 10:15:00,137.85,137.93,137.56,137.87,83911.11
2026-01-06 10:30:00,137.87,138.03,137.8,137.96,61683.48
2026-01-06 10:45:00,137.97,138.05,137.58,137.65,105290.67
2026-01-06 11:00:00,137.66,138.83,137.55,138.54,433842.38
2026-01-06 11:15:00,138.54,138.93,138.33,138.84,279378.73
2026-01-06 11:30:00,138.84,139.47,138.64,139.08,376640.29
2026-01-06 11:45:00,139.09,139.64,138.95,139.44,332819.06
2026-01-06 12:00:00,139.44,139.59,139.17,139.32,189782.54
2026-01-06 12:15:00,139.31,139.43,139.08,139.19,123583.15
2026-01-06 12:30:00,139.18,139.29,138.94,139.0,294194.68
2026-01-06 12:45:00,138.99,139.09,138.81,139.01,135008.12
2026-01-06 13:00:00,139.02,139.35,138.67,139.35,342896.09
2026-01-06 13:15:00,139.34,139.43,138.91,139.06,204924.61
2026-01-06 13:30:00,139.06,139.12,138.78,138.85,87329.08
2026-01-06 13:45:00,138.86,139.37,138.66,139.04,235410.62
2026-01-06 14:00:00,139.05,140.97,139.05,140.94,985474.41
2026-01-06 14:15:00,140.93,143.45,140.79,142.69,2119328.46
2026-01-06 14:30:00,142.69,142.84,141.63,141.88,1018794.48
2026-01-06 14:45:00,141.89,142.36,141.01,141.96,919471.8
2026-01-06 15:00:00,141.95,142.27,141.39,141.92,436751.08
2026-01-06 15:15:00,141.93,143.11,141.93,143.03,695930.68
2026-01-06 15:30:00,143.02,143.16,141.22,141.84,750171.75
2026-01-06 15:45:00,141.84,142.31,141.06,141.56,538343.39
2026-01-06 16:00:00,141.55,141.93,140.46,140.66,601012.71
2026-01-06 16:15:00,140.66,140.8,139.29,139.39,773026.03
2026-01-06 16:30:00,139.39,139.73,138.05,138.52,811928.41
2026-01-06 16:45:00,138.53,139.09,138.14,138.86,612273.84
2026-01-06 17:00:00,138.85,139.13,138.39,138.41,348339.73
2026-01-06 17:15:00,138.42,138.6,137.72,138.31,676407.74
2026-01-06 17:30:00,138.32,138.73,137.74,138.05,348526.32
2026-01-06 17:45:00,138.04,138.04,136.33,136.45,1222813.24
2026-01-06 18:00:00,136.45,137.61,136.12,137.39,760608.14
2026-01-06 18:15:00,137.38,137.94,137.02,137.39,422187.47
2026-01-06 18:30:00,137.39,137.73,137.26,137.28,150617.63
2026-01-06 18:45:00,137.28,137.82,137.27,137.5,179020.57
2026-01-06 19:00:00,137.5,138.01,137.37,137.94,158374.06
2026-01-06 19:15:00,137.95,138.0,137.53,137.73,163612.03
2026-01-06 19:30:00,137.73,137.87,137.21,137.33,146690.56
2026-01-06 19:45:00,137.33,137.57,137.27,137.45,66132.52
2026-01-06 20:00:00,137.45,138.36,137.42,138.12,257189.67
2026-01-06 20:15:00,138.11,138.53,138.09,138.45,203069.73
2026-01-06 20:30:00,138.46,139.02,138.4,138.93,260646.62
2026-01-06 20:45:00,138.92,139.14,138.77,138.89,178330.89
2026-01-06 21:00:00,138.89,139.73,138.57,139.65,340807.93
2026-01-06 21:15:00,139.65,141.56,139.59,141.14,954155.87
2026-01-06 21:30:00,141.15,141.96,141.01,141.22,416027.99
2026-01-06 21:45:00,141.23,141.31,140.16,140.17,341629.44
2026-01-06 22:00:00,140.16,140.95,140.13,140.24,263289.13
2026-01-06 22:15:00,140.24,140.49,139.66,139.99,287120.73
2026-01-06 22:30:00,139.99,140.1,139.48,139.71,137050.58
2026-01-06 22:45:00,139.71,140.12,139.67,140.0,102744.3
2026-01-06 23:00:00,139.99,141.05,139.99,140.86,235153.01
2026-01-06 23:15:00,140.86,141.19,140.53,140.91,154401.68
2026-01-06 23:30:00,140.91,141.25,140.72,141.01,151311.09
2026-01-06 23:45:00,141.0,141.34,140.95,141.03,121699.89
2026-01-07 00:00:00,141.04,141.14,140.68,140.93,140657.01
2026-01-07 00:15:00,140.93,141.35,140.71,140.79,247846.77
2026-01-07 00:30:00,140.79,140.95,140.44,140.68,227549.86
2026-01-07 00:45:00,140.68,140.7,139.73,139.81,242184.57
2026-01-07 01:00:00,139.81,140.62,139.74,140.05,187974.13
2026-01-07 01:15:00,140.04,140.05,139.17,139.63,315431.98
2026-01-07 01:30:00,139.64,139.69,138.96,139.16,225167.49
2026-01-07 01:45:00,139.15,139.3,138.75,138.84,225816.99
2026-01-07 02:00:00,138.84,139.2,138.36,139.0,264005.15
2026-01-07 02:15:00,139.0,139.37,138.74,138.86,172570.48
2026-01-07 02:30:00,138.85,139.53,138.56,139.3,414211.95
2026-01-07 02:45:00,139.3,140.07,139.16,139.89,231324.5
2026-01-07 03:00:00,139.9,140.11,139.7,139.96,148777.75
2026-01-07 03:15:00,139.96,140.5,139.84,140.05,166153.83
2026-01-07 03:30:00,140.05,140.09,139.41,139.54,220363.49
2026-01-07 03:45:00,139.54,139.57,139.29,139.52,92833.49
2026-01-07 04:00:00,139.52,139.66,139.07,139.3,126962.69
2026-01-07 04:15:00,139.3,139.37,139.04,139.19,63701.33
2026-01-07 04:30:00,139.19,139.35,138.79,139.11,134234.38
2026-01-07 04:45:00,139.1,139.11,138.65,138.7,99711.99
2026-01-07 05:00:00,138.7,138.76,138.46,138.65,191614.09
2026-01-07 05:15:00,138.66,139.0,138.59,138.79,151681.05
2026-01-07 05:30:00,138.8,139.27,138.69,138.79,170933.97
2026-01-07 05:45:00,138.79,138.81,138.06,138.43,328249.03
2026-01-07 06:00:00,138.43,138.79,138.39,138.67,133582.17
2026-01-07 06:15:00,138.67,139.01,138.63,138.85,84845.02
2026-01-07 06:30:00,138.85,138.99,138.6,138.72,84507.2
2026-01-07 06:45:00,138.71,138.94,138.66,138.7,64670.08
2026-01-07 07:00:00,138.7,139.02,138.7,138.98,90757.64
2026-01-07 07:15:00,138.98,139.23,138.96,139.17,183900.73
2026-01-07 07:30:00,139.16,139.36,138.98,139.14,133952.24
2026-01-07 07:45:00,139.14,139.31,139.05,139.31,92660.34
2026-01-07 08:00:00,139.31,139.68,139.26,139.45,198193.72
2026-01-07 08:15:00,139.44,139.65,139.07,139.29,121658.86
2026-01-07 08:30:00,139.28,139.74,139.28,139.45,188041.34
2026-01-07 08:45:00,139.44,139.58,138.96,139.32,344222.38
2026-01-07 09:00:00,139.32,139.41,138.66,138.67,320658.56
2026-01-07 09:15:00,138.67,138.84,137.69,137.84,649641.68
2026-01-07 09:30:00,137.85,138.06,136.42,136.82,1182046.01
2026-01-07 09:45:00,136.82,137.09,136.52,136.78,497614.62
2026-01-07 10:00:00,136.79,137.26,136.64,137.23,351185.25
2026-01-07 10:15:00,137.24,137.32,137.02,137.16,149027.43
2026-01-07 10:30:00,137.17,137.6,137.12,137.46,188972.57
2026-01-07 10:45:00,137.47,137.62,137.39,137.48,102919.79
2026-01-07 11:00:00,137.48,138.0,137.41,137.95,160459.02
2026-01-07 11:15:00,137.95,138.02,137.79,137.88,106098.49
2026-01-07 11:30:00,137.88,138.14,137.72,137.9,127746.25
2026-01-07 11:45:00,137.91,137.98,137.64,137.84,140522.2
2026-01-07 12:00:00,137.84,138.13,137.56,137.59,188711.49
2026-01-07 12:15:00,137.59,137.87,137.52,137.7,100298.66
2026-01-07 12:30:00,137.69,137.84,137.52,137.72,159419.56
2026-01-07 12:45:00,137.72,137.93,137.71,137.85,104380.36
2026-01-07 13:00:00,137.85,138.05,137.44,137.52,214790.16
2026-01-07 13:15:00,137.53,138.24,137.45,138.06,182824.21
2026-01-07 13:30:00,138.06,138.44,138.0,138.14,244388.41
2026-01-07 13:45:00,138.14,138.24,137.8,138.04,141765.76
2026-01-07 14:00:00,138.05,138.11,136.9,137.21,564305.95
2026-01-07 14:15:00,137.21,137.35,136.76,137.18,278665.64
2026-01-07 14:30:00,137.17,137.96,136.5,137.48,613457.06
2026-01-07 14:45:00,137.48,138.15,137.33,137.97,329076.84
2026-01-07 15:00:00,137.98,138.03,136.31,136.72,676557.09
2026-01-07 15:15:00,136.73,136.74,135.3,135.67,1226169.62
2026-01-07 15:30:00,135.67,135.86,135.17,135.65,461906.13
2026-01-07 15:45:00,135.65,136.11,135.45,135.61,298322.23
2026-01-07 16:00:00,135.61,136.34,135.51,136.28,230409.82
2026-01-07 16:15:00,136.27,136.6,135.94,136.11,204270.59
2026-01-07 16:30:00,136.11,136.21,135.23,135.82,338231.39
2026-01-07 16:45:00,135.82,136.04,135.47,135.62,153783.66
2026-01-07 17:00:00,135.63,135.78,135.31,135.65,233626.62
2026-01-07 17:15:00,135.64,136.37,135.57,136.19,187395.67
2026-01-07 17:30:00,136.19,136.4,135.7,135.98,126141.28
2026-01-07 17:45:00,135.99,136.07,135.3,135.5,208542.47
2026-01-07 18:00:00,135.51,135.51,134.55,135.25,390282.54
2026-01-07 18:15:00,135.25,135.5,134.61,135.33,313979.46
2026-01-07 18:30:00,135.33,135.84,135.33,135.37,189158.96
2026-01-07 18:45:00,135.37,135.78,134.86,135.19,269843.55
2026-01-07 19:00:00,135.18,135.48,134.7,134.77,176634.56
2026-01-07 19:15:00,134.76,134.95,134.33,134.92,310141.32
2026-01-07 19:30:00,134.92,135.68,134.92,135.47,185677.91
2026-01-07 19:45:00,135.47,135.94,135.47,135.68,112164.81
2026-01-07 20:00:00,135.68,135.95,135.33,135.38,128670.13
2026-01-07 20:15:00,135.37,135.56,134.93,135.25,127186.66
2026-01-07 20:30:00,135.26,135.9,135.21,135.73,91805.29
2026-01-07 20:45:00,135.74,135.9,135.6,135.74,175880.84
2026-01-07 21:00:00,135.74,136.16,135.62,136.11,113757.64
2026-01-07 21:15:00,136.12,136.28,135.96,136.18,107411.88
2026-01-07 21:30:00,136.18,136.28,136.01,136.06,71827.22
2026-01-07 21:45:00,136.07,136.18,135.94,136.11,52285.48
2026-01-07 22:00:00,136.1,136.11,135.68,135.82,85003.84
2026-01-07 22:15:00,135.82,136.21,135.76,136.18,67202.42
2026-01-07 22:30:00,136.18,136.76,136.17,136.31,258542.21
2026-01-07 22:45:00,136.32,136.46,135.95,136.4,89870.45
2026-01-07 23:00:00,136.4,136.56,135.78,136.45,249610.31
2026-01-07 23:15:00,136.46,137.02,136.45,136.8,439403.46
2026-01-07 23:30:00,136.8,137.07,136.35,136.47,252833.46
2026-01-07 23:45:00,136.46,136.47,136.24,136.32,64821.26
2026-01-08 00:00:00,136.31,136.53,136.08,136.14,100726.95
2026-01-08 00:15:00,136.14,136.41,135.93,136.19,168320.47
2026-01-08 00:30:00,136.19,136.43,136.03,136.4,50287.61
2026-01-08 00:45:00,136.39,136.91,136.39,136.76,157071.81
2026-01-08 01:00:00,136.76,137.09,136.63,136.95,137672.56
2026-01-08 01:15:00,136.95,137.35,136.64,137.17,174275.76
2026-01-08 01:30:00,137.18,137.18,136.84,136.88,94010.64
2026-01-08 01:45:00,136.89,136.99,136.73,136.76,49814.48
2026-01-08 02:00:00,136.75,137.77,136.52,137.62,376827.11
2026-01-08 02:15:00,137.61,138.0,137.07,137.7,651224.72
2026-01-08 02:30:00,137.71,137.72,136.85,137.65,296580.56
2026-01-08 02:45:00,137.65,137.96,136.93,137.88,462062.08
2026-01-08 03:00:00,137.89,138.3,137.52,137.65,272111.54
2026-01-08 03:15:00,137.65,137.76,137.01,137.08,114325.27
2026-01-08 03:30:00,137.08,137.55,136.69,136.95,174141.85
2026-01-08 03:45:00,136.96,137.02,136.51,136.68,184408.47
2026-01-08 04:00:00,136.68,136.95,136.36,136.75,173926.04
2026-01-08 04:15:00,136.76,137.9,136.7,137.86,246912.65
2026-01-08 04:30:00,137.85,138.29,137.73,137.78,299314.22
2026-01-08 04:45:00,137.79,138.0,137.51,137.61,190965.88
2026-01-08 05:00:00,137.61,138.04,137.51,137.79,184561.0
2026-01-08 05:15:00,137.79,137.92,137.12,137.19,209695.62
2026-01-08 05:30:00,137.19,137.26,136.68,136.75,188489.99
2026-01-08 05:45:00,136.75,136.86,136.44,136.56,190912.68
2026-01-08 06:00:00,136.57,136.7,135.66,135.88,447932.98
2026-01-08 06:15:00,135.89,135.9,134.7,135.01,589511.5
2026-01-08 06:30:00,135.0,135.52,134.88,135.34,260348.22
2026-01-08 06:45:00,135.35,135.5,134.63,134.77,350573.23
2026-01-08 07:00:00,134.78,135.26,133.6,135.21,865759.52
2026-01-08 07:15:00,135.2,135.75,135.04,135.46,334928.86
2026-01-08 07:30:00,135.45,135.73,135.33,135.7,231604.51
2026-01-08 07:45:00,135.69,135.92,135.49,135.81,163182.23
2026-01-08 08:00:00,135.82,136.04,135.64,135.99,178856.26
2026-01-08 08:15:00,135.98,136.17,135.7,135.9,130997.67
2026-01-08 08:30:00,135.9,136.03,135.36,135.49,205837.44
2026-01-08 08:45:00,135.49,135.52,134.97,135.04,164196.13
2026-01-08 09:00:00,135.05,135.45,135.03,135.16,168185.08
2026-01-08 09:15:00,135.17,135.19,134.43,134.46,294853.53
2026-01-08 09:30:00,134.47,134.73,134.36,134.58,213394.53
2026-01-08 09:45:00,134.57,134.8,134.26,134.4,149962.43
2026-01-08 10:00:00,134.4,134.45,133.85,134.23,374365.77
2026-01-08 10:15:00,134.24,134.93,134.15,134.77,226782.05
2026-01-08 10:30:00,134.76,134.94,134.67,134.78,98494.73
2026-01-08 10:45:00,134.79,135.37,134.78,135.01,288655.04
2026-01-08 11:00:00,135.01,135.25,134.66,134.71,200995.17
2026-01-08 11:15:00,134.72,134.82,134.19,134.59,203066.22
2026-01-08 11:30:00,134.59,134.7,134.35,134.43,142894.11
2026-01-08 11:45:00,134.43,134.81,134.36,134.72,118385.6
2026-01-08 12:00:00,134.71,134.76,133.94,134.03,281310.33
2026-01-08 12:15:00,134.03,134.31,133.89,134.19,214982.24
2026-01-08 12:30:00,134.19,134.31,133.63,134.01,315802.96
2026-01-08 12:45:00,134.01,134.1,133.82,134.05,90455.8
2026-01-08 13:00:00,134.05,134.17,133.95,133.98,97606.45
2026-01-08 13:15:00,133.98,134.23,133.79,134.19,86867.25
2026-01-08 13:30:00,134.2,134.29,133.84,134.08,97430.8
2026-01-08 13:45:00,134.09,134.55,133.65,134.4,405964.89
2026-01-08 14:00:00,134.39,134.39,133.77,134.11,238479.29
2026-01-08 14:15:00,134.12,134.16,133.36,133.86,361656.57
2026-01-08 14:30:00,133.86,134.26,133.15,133.18,706935.28
2026-01-08 14:45:00,133.18,134.42,132.5,133.94,1427910.24
2026-01-08 15:00:00,133.94,135.21,133.3,135.0,779092.32
2026-01-08 15:15:00,135.0,135.57,134.86,135.39,594370.75
2026-01-08 15:30:00,135.39,135.68,134.71,135.2,327466.82
2026-01-08 15:45:00,135.19,136.5,135.07,136.33,595539.44
2026-01-08 16:00:00,136.32,137.04,136.15,136.65,653795.78
2026-01-08 16:15:00,136.65,137.1,136.29,136.81,431563.51
2026-01-08 16:30:00,136.8,137.47,136.3,137.33,412405.38
2026-01-08 16:45:00,137.32,138.14,137.29,138.12,584362.95
2026-01-08 17:00:00,138.12,138.67,137.71,137.76,710764.75
2026-01-08 17:15:00,137.77,137.97,137.18,137.38,335177.06
2026-01-08 17:30:00,137.39,138.07,137.39,137.9,217071.37
2026-01-08 17:45:00,137.9,138.8,137.87,138.68,383644.35
2026-01-08 18:00:00,138.68,138.94,138.13,138.16,360394.6
2026-01-08 18:15:00,138.16,138.87,138.07,138.84,229577.49
2026-01-08 18:30:00,138.84,139.07,138.11,138.18,326307.18
2026-01-08 18:45:00,138.18,138.39,137.85,138.05,198574.01
2026-01-08 19:00:00,138.05,138.37,137.73,137.78,183061.75
2026-01-08 19:15:00,137.78,137.78,137.13,137.47,268045.93
2026-01-08 19:30:00,137.48,138.3,137.46,137.94,140121.59
2026-01-08 19:45:00,137.95,138.01,137.3,137.48,232757.77
2026-01-08 20:00:00,137.48,137.49,136.57,136.95,427600.08
2026-01-08 20:15:00,136.96,137.02,136.46,136.72,202918.05
2026-01-08 20:30:00,136.72,137.32,136.69,137.21,147997.82
2026-01-08 20:45:00,137.2,137.81,137.12,137.63,217169.47
2026-01-08 21:00:00,137.63,138.25,137.63,138.07,174285.53
2026-01-08 21:15:00,138.06,138.13,137.78,137.97,114379.56
2026-01-08 21:30:00,137.97,138.96,137.91,138.85,409535.0
2026-01-08 21:45:00,138.84,139.8,138.7,139.56,676001.24
2026-01-08 22:00:00,139.55,139.99,139.45,139.92,559603.26
2026-01-08 22:15:00,139.92,140.0,139.38,139.47,531667.61
2026-01-08 22:30:00,139.46,139.53,138.25,138.57,674525.92
2026-01-08 22:45:00,138.57,138.96,138.56,138.78,190591.62
2026-01-08 23:00:00,138.79,139.13,138.59,138.63,220217.5
2026-01-08 23:15:00,138.62,138.76,138.46,138.66,124631.68
2026-01-08 23:30:00,138.67,139.01,138.23,138.78,276373.78
2026-01-08 23:45:00,138.77,138.77,138.15,138.3,224609.68
2026-01-09 00:00:00,138.29,138.66,138.27,138.54,144020.53
2026-01-09 00:15:00,138.54,138.79,138.22,138.51,112699.75
2026-01-09 00:30:00,138.5,139.03,138.5,138.96,122359.66
2026-01-09 00:45:00,138.96,139.25,138.89,139.04,161336.36
2026-01-09 01:00:00,139.04,139.2,138.84,138.87,104918.56
2026-01-09 01:15:00,138.86,139.5,138.13,139.3,324451.3
2026-01-09 01:30:00,139.31,139.54,137.66,137.78,450079.77
2026-01-09 01:45:00,137.78,138.37,137.78,138.22,160366.14
2026-01-09 02:00:00,138.22,139.4,138.13,139.15,341440.56
2026-01-09 02:15:00,139.15,139.48,139.06,139.08,140273.38
2026-01-09 02:30:00,139.07,139.25,138.83,139.03,121199.19
2026-01-09 02:45:00,139.03,139.13,138.77,138.9,102387.08
2026-01-09 03:00:00,138.91,139.79,138.85,139.72,219687.98
2026-01-09 03:15:00,139.71,140.17,139.15,139.36,370722.15
2026-01-09 03:30:00,139.35,140.06,139.28,139.88,188226.91
2026-01-09 03:45:00,139.89,141.14,139.86,140.73,739103.79
2026-01-09 04:00:00,140.73,141.01,140.26,140.36,270649.07
2026-01-09 04:15:00,140.37,140.52,140.23,140.25,126610.73
2026-01-09 04:30:00,140.25,140.38,139.64,139.65,272908.6
2026-01-09 04:45:00,139.66,139.9,139.55,139.68,144342.29
2026-01-09 05:00:00,139.68,140.1,139.65,139.91,175050.47
2026-01-09 05:15:00,139.91,140.07,139.44,139.53,201409.33
2026-01-09 05:30:00,139.54,139.68,139.38,139.51,92994.4
2026-01-09 05:45:00,139.52,139.94,139.51,139.89,99276.65
2026-01-09 06:00:00,139.88,139.95,139.67,139.67,90662.23
2026-01-09 06:15:00,139.67,139.99,139.59,139.61,76710.79
2026-01-09 06:30:00,139.62,140.09,139.59,140.02,92196.97
2026-01-09 06:45:00,140.01,140.78,139.98,140.62,290928.9
2026-01-09 07:00:00,140.62,140.66,140.16,140.2,121777.46
2026-01-09 07:15:00,140.2,140.49,140.04,140.49,149908.48
2026-01-09 07:30:00,140.49,140.6,140.05,140.1,194468.91
2026-01-09 07:45:00,140.09,140.09,139.46,139.51,279006.53
2026-01-09 08:00:00,139.51,139.63,138.55,138.81,644799.52
2026-01-09 08:15:00,138.82,139.08,138.61,138.66,199592.06
2026-01-09 08:30:00,138.67,138.79,138.17,138.19,301051.55
2026-01-09 08:45:00,138.2,138.3,136.98,137.89,874940.75
2026-01-09 09:00:00,137.89,139.01,137.83,138.57,572393.01
2026-01-09 09:15:00,138.58,139.04,138.22,139.04,263559.57
2026-01-09 09:30:00,139.03,139.03,138.7,138.74,135878.58
2026-01-09 09:45:00,138.74,138.74,138.4,138.4,130632.1
2026-01-09 10:00:00,138.4,138.89,138.09,138.86,227572.93
2026-01-09 10:15:00,138.85,138.95,138.59,138.68,81414.02
2026-01-09 10:30:00,138.68,138.76,138.48,138.62,107845.57
2026-01-09 10:45:00,138.62,138.84,138.58,138.67,64795.49
2026-01-09 11:00:00,138.66,138.85,138.11,138.44,195168.16
2026-01-09 11:15:00,138.44,138.67,138.33,138.48,111682.79
2026-01-09 11:30:00,138.49,138.7,138.01,138.22,181280.74
2026-01-09 11:45:00,138.23,138.5,138.1,138.24,108449.47
2026-01-09 12:00:00,138.23,138.58,138.08,138.09,107177.6
2026-01-09 12:15:00,138.08,138.14,137.89,137.99,123202.84
2026-01-09 12:30:00,138.0,138.15,137.58,137.63,202447.1
2026-01-09 12:45:00,137.64,137.84,137.51,137.65,133523.74
2026-01-09 13:00:00,137.65,138.57,137.59,138.22,478151.18
2026-01-09 13:15:00,138.23,138.68,138.1,138.48,266956.99
2026-01-09 13:30:00,138.47,139.47,137.96,138.5,515626.4
2026-01-09 13:45:00,138.5,138.8,138.13,138.57,149190.78
2026-01-09 14:00:00,138.57,138.59,137.12,137.34,471626.49
2026-01-09 14:15:00,137.34,138.01,137.21,137.77,259963.4
2026-01-09 14:30:00,137.78,138.07,136.88,136.98,473287.29
2026-01-09 14:45:00,136.99,137.12,136.38,136.8,599985.11
2026-01-09 15:00:00,136.8,137.2,136.11,136.91,548466.38
2026-01-09 15:15:00,136.92,140.17,136.78,139.81,1174229.48
2026-01-09 15:30:00,139.8,140.85,138.59,138.88,1601865.65
2026-01-09 15:45:00,138.87,139.59,138.01,138.75,713040.82
2026-01-09 16:00:00,138.76,140.17,138.64,140.02,541496.45
2026-01-09 16:15:00,140.02,140.21,139.36,139.62,465850.17
2026-01-09 16:30:00,139.62,139.84,139.07,139.58,215932.22
2026-01-09 16:45:00,139.58,140.06,139.39,139.89,176310.69
2026-01-09 17:00:00,139.89,140.02,139.05,139.19,250627.7
2026-01-09 17:15:00,139.2,139.22,137.61,137.69,592150.18
2026-01-09 17:30:00,137.68,137.96,137.25,137.59,425383.78
2026-01-09 17:45:00,137.59,138.55,137.49,138.37,334749.06
2026-01-09 18:00:00,138.37,138.4,137.65,137.7,228269.84
2026-01-09 18:15:00,137.71,137.71,136.0,136.12,676533.55
2026-01-09 18:30:00,136.12,136.66,135.7,136.44,489398.37
2026-01-09 18:45:00,136.44,136.88,136.31,136.76,222368.99
2026-01-09 19:00:00,136.75,136.75,135.86,135.93,262314.07
2026-01-09 19:15:00,135.94,135.99,135.45,135.72,281151.93
2026-01-09 19:30:00,135.73,136.0,135.37,135.73,226602.41
2026-01-09 19:45:00,135.72,136.2,135.68,135.71,154564.42
2026-01-09 20:00:00,135.71,135.73,134.86,135.3,685023.91
2026-01-09 20:15:00,135.31,135.92,135.27,135.54,206623.51
2026-01-09 20:30:00,135.55,135.99,135.11,135.26,184808.52
2026-01-09 20:45:00,135.25,135.8,135.24,135.51,179015.82
2026-01-09 21:00:00,135.51,135.89,135.32,135.76,129316.61
2026-01-09 21:15:00,135.77,136.24,135.65,136.16,174426.49
2026-01-09 21:30:00,136.15,136.37,135.77,136.04,188339.15
2026-01-09 21:45:00,136.03,136.06,135.72,135.9,129516.93
2026-01-09 22:00:00,135.9,136.06,135.49,135.67,95957.24
2026-01-09 22:15:00,135.66,135.85,135.47,135.84,63757.25
2026-01-09 22:30:00,135.85,136.12,135.77,135.78,100088.67
2026-01-09 22:45:00,135.78,136.15,135.78,136.09,36968.66
2026-01-09 23:00:00,136.09,136.28,135.94,136.03,111950.37
2026-01-09 23:15:00,136.04,136.19,135.84,136.06,56849.86
2026-01-09 23:30:00,136.05,136.41,135.72,135.91,242807.45
2026-01-09 23:45:00,135.92,136.21,135.67,135.88,122133.41
2026-01-10 00:00:00,135.89,135.98,135.67,135.67,80674.76
2026-01-10 00:15:00,135.68,135.95,135.6,135.92,71471.87
2026-01-10 00:30:00,135.93,136.06,135.83,135.91,86043.68
2026-01-10 00:45:00,135.9,135.9,135.68,135.8,37321.26
2026-01-10 01:00:00,135.8,136.06,135.68,136.0,66192.67
2026-01-10 01:15:00,136.01,136.21,135.84,135.99,78522.81
2026-01-10 01:30:00,135.99,136.22,135.99,136.15,77503.24
2026-01-10 01:45:00,136.16,136.41,136.06,136.37,132916.03
2026-01-10 02:00:00,136.37,136.51,136.31,136.47,116687.36
2026-01-10 02:15:00,136.48,136.62,136.29,136.36,96064.6
2026-01-10 02:30:00,136.37,136.37,135.82,135.96,144831.86
2026-01-10 02:45:00,135.97,136.34,135.96,136.3,58302.63
2026-01-10 03:00:00,136.3,136.32,135.83,135.93,70503.49
2026-01-10 03:15:00,135.94,136.14,135.92,136.1,42271.15
2026-01-10 03:30:00,136.09,136.14,135.83,135.88,103659.32
2026-01-10 03:45:00,135.88,136.21,135.85,136.05,47536.95
2026-01-10 04:00:00,136.05,136.1,135.66,135.72,134080.68
2026-01-10 04:15:00,135.72,135.92,135.7,135.79,60104.92
2026-01-10 04:30:00,135.79,135.85,135.66,135.81,37582.92
2026-01-10 04:45:00,135.82,135.91,135.71,135.78,50582.81
2026-01-10 05:00:00,135.78,136.0,135.71,135.93,39870.54
2026-01-10 05:15:00,135.93,136.0,135.88,135.99,29235.99
2026-01-10 05:30:00,135.99,136.28,135.9,136.14,94521.81
2026-01-10 05:45:00,136.13,136.17,135.84,135.85,46977.23
2026-01-10 06:00:00,135.85,136.0,135.71,135.93,94700.37
2026-01-10 06:15:00,135.93,135.94,135.68,135.92,83225.24
2026-01-10 06:30:00,135.93,136.06,135.86,136.01,42185.22
2026-01-10 06:45:00,136.01,136.12,135.89,135.91,41299.88
2026-01-10 07:00:00,135.9,136.19,135.9,136.05,69583.96
2026-01-10 07:15:00,136.06,136.13,135.93,136.01,38219.3
2026-01-10 07:30:00,136.02,136.11,135.87,135.93,51922.31
2026-01-10 07:45:00,135.94,136.07,135.91,136.0,27518.54
2026-01-10 08:00:00,136.01,136.15,135.91,136.14,54105.25
2026-01-10 08:15:00,136.14,136.29,135.97,136.02,68396.03
2026-01-10 08:30:00,136.02,136.02,135.91,135.99,28334.81
2026-01-10 08:45:00,136.0,136.15,135.99,136.15,34742.48
2026-01-10 09:00:00,136.14,136.25,136.03,136.07,56764.15
2026-01-10 09:15:00,136.06,136.15,136.01,136.12,31813.63
2026-01-10 09:30:00,136.12,136.25,136.06,136.2,45106.24
2026-01-10 09:45:00,136.19,136.56,136.16,136.53,143064.67
2026-01-10 10:00:00,136.54,136.62,136.37,136.57,96791.08
2026-01-10 10:15:00,136.57,136.58,136.3,136.41,106181.42
2026-01-10 10:30:00,136.42,136.82,136.38,136.74,141082.21
2026-01-10 10:45:00,136.75,136.97,136.74,136.93,217303.96
2026-01-10 11:00:00,136.93,136.93,136.65,136.81,134111.69
2026-01-10 11:15:00,136.82,136.84,136.58,136.6,46739.69
2026-01-10 11:30:00,136.61,136.68,136.43,136.52,75907.64
2026-01-10 11:45:00,136.52,136.54,136.3,136.5,99790.78
2026-01-10 12:00:00,136.51,136.76,136.5,136.66,104750.42
2026-01-10 12:15:00,136.66,136.99,136.66,136.74,144664.51
2026-01-10 12:30:00,136.74,136.74,136.47,136.5,130161.15
2026-01-10 12:45:00,136.49,136.65,136.47,136.54,50057.52
2026-01-10 13:00:00,136.54,136.56,136.17,136.24,103376.4
2026-01-10 13:15:00,136.23,136.48,136.0,136.23,228009.13
2026-01-10 13:30:00,136.24,136.36,136.21,136.32,50010.55
2026-01-10 13:45:00,136.32,136.42,136.26,136.26,44928.93
2026-01-10 14:00:00,136.26,136.33,136.03,136.26,124263.83
2026-01-10 14:15:00,136.25,136.4,136.19,136.25,50725.05
2026-01-10 14:30:00,136.24,136.25,136.03,136.03,65716.33
2026-01-10 14:45:00,136.03,136.12,135.93,136.09,91435.5
2026-01-10 15:00:00,136.09,136.26,136.07,136.16,64895.9
2026-01-10 15:15:00,136.15,136.18,136.0,136.02,50498.05
2026-01-10 15:30:00,136.02,136.47,136.02,136.39,118008.93
2026-01-10 15:45:00,136.38,136.47,136.26,136.35,56030.66
2026-01-10 16:00:00,136.36,136.44,136.23,136.3,40805.6
2026-01-10 16:15:00,136.3,136.33,136.09,136.26,62316.52
2026-01-10 16:30:00,136.25,136.59,136.2,136.53,70904.92
2026-01-10 16:45:00,136.54,136.54,136.29,136.35,41562.48
2026-01-10 17:00:00,136.35,136.56,136.35,136.56,66977.13
2026-01-10 17:15:00,136.55,136.65,136.51,136.54,70268.42
2026-01-10 17:30:00,136.55,136.55,136.37,136.41,58178.86
2026-01-10 17:45:00,136.41,136.41,136.06,136.09,125555.18
2026-01-10 18:00:00,136.1,136.21,135.84,136.0,160265.44
2026-01-10 18:15:00,136.01,136.19,135.93,136.17,71299.93
2026-01-10 18:30:00,136.18,136.28,136.15,136.16,40373.96
2026-01-10 18:45:00,136.16,136.17,136.09,136.1,33977.19
2026-01-10 19:00:00,136.1,136.14,135.92,135.99,43690.08
2026-01-10 19:15:00,135.99,136.12,135.97,136.09,41550.64
2026-01-10 19:30:00,136.09,136.12,135.96,136.1,31106.15
2026-01-10 19:45:00,136.1,136.2,135.95,136.17,33284.15
2026-01-10 20:00:00,136.17,136.22,136.1,136.14,39644.35
2026-01-10 20:15:00,136.14,136.14,135.97,135.97,23441.95
2026-01-10 20:30:00,135.98,136.13,135.93,135.97,40456.79
2026-01-10 20:45:00,135.97,136.05,135.94,136.03,32012.91
2026-01-10 21:00:00,136.03,136.03,135.75,135.85,91257.39
2026-01-10 21:15:00,135.85,136.04,135.84,135.93,46841.54
2026-01-10 21:30:00,135.92,135.99,135.66,135.77,73784.03
2026-01-10 21:45:00,135.77,135.83,135.66,135.7,41590.84
2026-01-10 22:00:00,135.69,135.7,135.3,135.41,131555.73
2026-01-10 22:15:00,135.41,135.5,135.33,135.46,59044.4
2026-01-10 22:30:00,135.45,135.87,135.45,135.79,79700.28
2026-01-10 22:45:00,135.8,135.8,135.37,135.5,47528.6
2026-01-10 23:00:00,135.49,135.75,135.43,135.59,78627.63
2026-01-10 23:15:00,135.58,135.78,135.58,135.77,34773.9
2026-01-10 23:30:00,135.78,135.97,135.73,135.93,50638.5
2026-01-10 23:45:00,135.93,136.0,135.74,135.78,40793.24
2026-01-11 00:00:00,135.79,136.24,135.68,136.19,98903.28
2026-01-11 00:15:00,136.19,136.39,135.9,136.22,148934.1
2026-01-11 00:30:00,136.22,136.24,136.0,136.09,41714.95
2026-01-11 00:45:00,136.1,136.37,136.09,136.33,31570.82
2026-01-11 01:00:00,136.34,136.43,136.26,136.31,40071.32
2026-01-11 01:15:00,136.32,136.32,136.11,136.16,33208.71
2026-01-11 01:30:00,136.17,136.3,136.03,136.27,47315.47
2026-01-11 01:45:00,136.27,136.31,136.14,136.24,36038.93
2026-01-11 02:00:00,136.23,136.33,136.11,136.29,42931.87
2026-01-11 02:15:00,136.29,136.4,136.19,136.2,37742.17
2026-01-11 02:30:00,136.21,136.29,136.03,136.28,40817.82
2026-01-11 02:45:00,136.28,136.29,135.89,135.96,89593.44
2026-01-11 03:00:00,135.96,135.97,135.79,135.91,87080.24
2026-01-11 03:15:00,135.91,136.09,135.85,135.88,63112.33
2026-01-11 03:30:00,135.88,136.06,135.86,136.05,40003.84
2026-01-11 03:45:00,136.05,136.28,136.05,136.21,67595.84
2026-01-11 04:00:00,136.21,136.35,136.15,136.22,79352.71
2026-01-11 04:15:00,136.22,136.27,135.92,136.0,68956.09
2026-01-11 04:30:00,135.99,136.25,135.98,136.09,44096.75
2026-01-11 04:45:00,136.09,136.16,136.07,136.14,28182.24
2026-01-11 05:00:00,136.14,136.16,136.0,136.0,24130.15
2026-01-11 05:15:00,136.0,136.09,135.94,136.08,30792.81
2026-01-11 05:30:00,136.09,136.22,136.08,136.12,36245.85
2026-01-11 05:45:00,136.12,136.39,136.03,136.23,188088.65
2026-01-11 06:00:00,136.23,136.36,136.15,136.25,106594.51
2026-01-11 06:15:00,136.26,136.27,135.83,135.92,117455.45
2026-01-11 06:30:00,135.93,136.03,135.9,135.94,40020.52
2026-01-11 06:45:00,135.94,136.14,135.93,136.11,45338.21
2026-01-11 07:00:00,136.1,136.21,135.97,136.01,42779.12
2026-01-11 07:15:00,136.0,136.08,135.92,136.03,32501.5
2026-01-11 07:30:00,136.03,136.09,136.0,136.03,17090.89
2026-01-11 07:45:00,136.03,136.15,136.0,136.13,18046.61
2026-01-11 08:00:00,136.13,136.2,136.04,136.1,39333.8
2026-01-11 08:15:00,136.11,136.25,136.08,136.21,51476.29
2026-01-11 08:30:00,136.21,136.73,136.14,136.65,238749.96
2026-01-11 08:45:00,136.65,136.86,136.51,136.7,176978.9
2026-01-11 09:00:00,136.7,136.74,136.39,136.48,111373.37
2026-01-11 09:15:00,136.49,136.75,136.48,136.67,69749.48
2026-01-11 09:30:00,136.67,136.71,136.27,136.37,100804.03
2026-01-11 09:45:00,136.37,136.45,136.35,136.39,34456.88
2026-01-11 10:00:00,136.4,136.5,136.2,136.42,65299.97
2026-01-11 10:15:00,136.42,136.43,136.33,136.36,31526.08
2026-01-11 10:30:00,136.37,136.65,136.34,136.47,63026.74
2026-01-11 10:45:00,136.48,136.66,136.45,136.49,51485.7
2026-01-11 11:00:00,136.48,136.58,136.44,136.51,28534.29
2026-01-11 11:15:00,136.5,136.64,136.44,136.63,48353.46
2026-01-11 11:30:00,136.63,136.71,136.6,136.61,43824.14
2026-01-11 11:45:00,136.61,136.62,136.41,136.49,34170.29
2026-01-11 12:00:00,136.5,136.55,136.43,136.55,30537.44
2026-01-11 12:15:00,136.55,136.77,136.44,136.68,95838.81
2026-01-11 12:30:00,136.68,136.88,136.62,136.87,64922.05
2026-01-11 12:45:00,136.88,137.23,136.8,137.01,193932.02
2026-01-11 13:00:00,137.0,137.28,136.93,137.22,132036.29
2026-01-11 13:15:00,137.21,137.25,137.02,137.16,108415.57
2026-01-11 13:30:00,137.16,137.18,136.91,136.92,107765.78
2026-01-11 13:45:00,136.92,137.22,136.86,137.17,76448.82
2026-01-11 14:00:00,137.18,137.62,137.16,137.6,204405.64
2026-01-11 14:15:00,137.6,137.89,137.39,137.88,237518.64
2026-01-11 14:30:00,137.89,138.19,137.67,138.09,414117.39
2026-01-11 14:45:00,138.1,139.41,137.94,139.16,561653.13
2026-01-11 15:00:00,139.16,139.5,138.29,138.41,944370.16
2026-01-11 15:15:00,138.42,138.98,138.31,138.74,275771.67
2026-01-11 15:30:00,138.74,138.94,138.1,138.13,232224.65
2026-01-11 15:45:00,138.13,138.4,137.77,138.38,359545.57
2026-01-11 16:00:00,138.38,138.87,138.38,138.51,218734.29
2026-01-11 16:15:00,138.51,140.73,138.44,140.21,1037783.0
2026-01-11 16:30:00,140.21,141.65,140.15,140.91,1220987.97
2026-01-11 16:45:00,140.92,141.2,139.6,139.98,796932.88
2026-01-11 17:00:00,139.99,140.17,139.68,139.87,233962.33
2026-01-11 17:15:00,139.87,139.87,139.11,139.46,292767.26
2026-01-11 17:30:00,139.46,139.46,138.69,139.43,313655.88
2026-01-11 17:45:00,139.43,139.84,139.33,139.64,122071.34
2026-01-11 18:00:00,139.63,139.71,139.07,139.15,137476.11
2026-01-11 18:15:00,139.15,139.56,139.07,139.49,90998.32
2026-01-11 18:30:00,139.49,139.79,139.4,139.74,151227.9
2026-01-11 18:45:00,139.74,140.18,139.7,139.98,145423.77
2026-01-11 19:00:00,139.97,140.12,139.77,140.09,77625.46
2026-01-11 19:15:00,140.08,140.1,139.64,139.82,84220.37
2026-01-11 19:30:00,139.81,139.82,139.31,139.4,90534.32
2026-01-11 19:45:00,139.4,139.93,139.0,139.39,386747.3
2026-01-11 20:00:00,139.39,139.39,138.6,138.76,283956.98
2026-01-11 20:15:00,138.76,138.76,137.93,138.16,390420.8
2026-01-11 20:30:00,138.15,138.46,137.91,138.12,146650.98
2026-01-11 20:45:00,138.11,138.69,138.07,138.49,213255.13
2026-01-11 21:00:00,138.5,138.5,137.93,138.17,264695.28
2026-01-11 21:15:00,138.17,138.42,138.05,138.41,81467.76
2026-01-11 21:30:00,138.41,138.58,138.12,138.21,60329.54
2026-01-11 21:45:00,138.2,138.92,138.2,138.66,91165.86
2026-01-11 22:00:00,138.65,138.66,137.62,137.9,211866.64
2026-01-11 22:15:00,137.91,138.42,137.7,138.35,119479.84
2026-01-11 22:30:00,138.35,138.54,137.96,138.45,67798.28
2026-01-11 22:45:00,138.46,138.55,138.11,138.19,51997.56
2026-01-11 23:00:00,138.18,138.93,137.47,138.93,356135.31
2026-01-11 23:15:00,138.92,139.74,138.86,139.23,461970.4
2026-01-11 23:30:00,139.23,139.46,138.76,139.4,152366.56
2026-01-11 23:45:00,139.4,139.72,139.28,139.65,177772.08
2026-01-12 00:00:00,139.65,139.66,138.85,139.18,257109.95
2026-01-12 00:15:00,139.17,140.81,139.13,140.6,529960.64
2026-01-12 00:30:00,140.6,141.04,139.89,140.19,458668.6
2026-01-12 00:45:00,140.19,141.33,139.82,141.27,439581.73
2026-01-12 01:00:00,141.26,141.87,140.79,141.47,691885.89
2026-01-12 01:15:00,141.46,141.9,141.04,141.82,328371.56
2026-01-12 01:30:00,141.83,141.86,140.63,141.36,492236.98
2026-01-12 01:45:00,141.35,141.46,140.92,141.0,239426.85
2026-01-12 02:00:00,141.0,141.81,140.88,141.81,260120.92
2026-01-12 02:15:00,141.8,142.73,141.71,142.08,600722.1
2026-01-12 02:30:00,142.09,142.19,141.72,142.01,173297.68
2026-01-12 02:45:00,142.02,142.69,142.01,142.37,276255.78
2026-01-12 03:00:00,142.38,144.21,142.35,143.94,852600.47
2026-01-12 03:15:00,143.94,144.4,143.41,143.48,535222.12
2026-01-12 03:30:00,143.49,143.59,142.59,142.77,586022.2
2026-01-12 03:45:00,142.77,143.07,142.41,142.49,381731.55
2026-01-12 04:00:00,142.49,143.04,142.39,142.81,389701.57
2026-01-12 04:15:00,142.81,142.99,142.42,142.58,130463.18
2026-01-12 04:30:00,142.58,142.98,142.53,142.86,152786.48
2026-01-12 04:45:00,142.85,143.0,142.68,142.68,79807.66
2026-01-12 05:00:00,142.68,142.85,142.42,142.63,151307.16
2026-01-12 05:15:00,142.64,142.95,142.54,142.92,66915.52
2026-01-12 05:30:00,142.92,143.18,142.66,142.75,158372.94
2026-01-12 05:45:00,142.76,142.78,142.6,142.74,85039.0
2026-01-12 06:00:00,142.73,143.32,142.56,143.13,190456.77
2026-01-12 06:15:00,143.12,143.28,142.33,142.42,223644.67
2026-01-12 06:30:00,142.41,142.43,141.94,142.18,254649.02
2026-01-12 06:45:00,142.19,142.19,141.81,141.96,196066.35
2026-01-12 07:00:00,141.97,142.42,141.85,142.18,178028.79
2026-01-12 07:15:00,142.18,142.31,141.77,141.99,155406.23
2026-01-12 07:30:00,141.98,141.98,141.56,141.78,239187.71
2026-01-12 07:45:00,141.78,141.8,141.28,141.34,272958.83
2026-01-12 08:00:00,141.35,141.76,141.1,141.55,306458.28
2026-01-12 08:15:00,141.55,142.0,141.38,141.59,228633.47
2026-01-12 08:30:00,141.59,141.6,139.5,139.51,1013553.8
2026-01-12 08:45:00,139.51,140.1,138.95,139.98,783832.76
2026-01-12 09:00:00,139.99,140.06,139.06,139.78,402490.39
2026-01-12 09:15:00,139.78,140.14,139.74,139.88,198170.92
2026-01-12 09:30:00,139.87,140.09,139.65,139.95,175807.84
2026-01-12 09:45:00,139.94,140.19,139.29,139.5,263229.1
2026-01-12 10:00:00,139.51,140.12,139.32,139.61,257992.76
2026-01-12 10:15:00,139.61,139.62,139.28,139.53,167383.27
2026-01-12 10:30:00,139.52,139.74,139.44,139.44,97450.65
2026-01-12 10:45:00,139.44,139.47,138.94,139.18,212456.83
2026-01-12 11:00:00,139.19,139.6,139.1,139.53,138896.03
2026-01-12 11:15:00,139.53,139.98,139.41,139.68,140428.01
2026-01-12 11:30:00,139.69,139.88,139.63,139.84,152346.3
2026-01-12 11:45:00,139.83,140.09,139.79,139.93,114617.09
2026-01-12 12:00:00,139.93,140.18,139.77,139.95,125796.81
2026-01-12 12:15:00,139.96,140.24,139.84,139.95,107900.57
2026-01-12 12:30:00,139.95,140.22,139.73,139.92,121391.2
2026-01-12 12:45:00,139.93,139.99,139.61,139.68,139356.64
2026-01-12 13:00:00,139.68,140.08,139.37,139.55,251933.16
2026-01-12 13:15:00,139.56,139.86,139.41,139.64,140417.55
2026-01-12 13:30:00,139.63,139.93,139.41,139.58,101812.8
2026-01-12 13:45:00,139.58,139.83,139.29,139.69,91389.06
2026-01-12 14:00:00,139.7,140.02,139.62,139.98,118161.75
2026-01-12 14:15:00,139.98,140.05,138.59,139.1,722683.17
2026-01-12 14:30:00,139.11,140.75,139.03,140.15,761689.39
2026-01-12 14:45:00,140.15,140.77,139.81,140.38,365894.05
2026-01-12 15:00:00,140.38,140.59,139.98,140.48,249822.57
2026-01-12 15:15:00,140.48,141.68,140.35,141.37,624419.85
2026-01-12 15:30:00,141.37,142.38,141.15,142.15,661690.96
2026-01-12 15:45:00,142.16,142.7,142.02,142.55,512061.21
2026-01-12 16:00:00,142.54,143.0,142.25,142.67,578347.84
2026-01-12 16:15:00,142.68,144.08,142.05,143.9,974920.8
2026-01-12 16:30:00,143.9,144.26,143.14,143.39,745394.58
2026-01-12 16:45:00,143.4,143.4,142.63,142.92,358926.3
2026-01-12 17:00:00,142.93,143.69,142.72,142.96,431552.97
2026-01-12 17:15:00,142.96,143.19,142.04,142.33,405181.86
2026-01-12 17:30:00,142.33,142.38,141.1,141.76,815673.15
2026-01-12 17:45:00,141.76,142.23,141.58,141.89,324912.03
2026-01-12 18:00:00,141.89,142.85,141.56,142.46,366571.07
2026-01-12 18:15:00,142.47,142.74,142.3,142.69,188731.0
2026-01-12 18:30:00,142.69,142.71,140.54,140.82,1012064.49
2026-01-12 18:45:00,140.82,141.36,140.75,141.19,413426.75
2026-01-12 19:00:00,141.18,141.35,140.56,141.09,266532.51
2026-01-12 19:15:00,141.1,141.46,140.61,140.83,223866.31
2026-01-12 19:30:00,140.82,141.16,140.77,141.01,124771.99
2026-01-12 19:45:00,141.01,141.33,140.81,140.94,172440.12
2026-01-12 20:00:00,140.94,141.81,140.86,141.3,237301.27
2026-01-12 20:15:00,141.3,141.31,140.79,140.95,129548.22
2026-01-12 20:30:00,140.94,140.96,140.25,140.31,226568.85
2026-01-12 20:45:00,140.3,140.51,139.9,140.15,290572.82
2026-01-12 21:00:00,140.14,140.16,139.63,139.99,261092.63
2026-01-12 21:15:00,139.98,140.0,139.47,139.55,189460.55
2026-01-12 21:30:00,139.55,139.64,139.15,139.31,215278.66
2026-01-12 21:45:00,139.32,139.32,138.23,138.73,615984.19
2026-01-12 22:00:00,138.73,139.66,138.7,139.47,335826.57
2026-01-12 22:15:00,139.46,139.75,139.16,139.24,269615.09
2026-01-12 22:30:00,139.23,139.53,139.14,139.41,142397.76
2026-01-12 22:45:00,139.41,139.42,139.07,139.09,62589.46
2026-01-12 23:00:00,139.09,139.3,138.62,138.8,232162.12
2026-01-12 23:15:00,138.79,139.33,138.57,139.26,144103.54
2026-01-12 23:30:00,139.26,139.45,139.13,139.27,122357.04
2026-01-12 23:45:00,139.27,139.27,139.13,139.13,70681.79
2026-01-13 00:00:00,139.13,139.33,138.78,138.91,248516.74
2026-01-13 00:15:00,138.9,139.33,138.81,139.05,368570.13
2026-01-13 00:30:00,139.05,139.26,138.61,138.87,182759.8
2026-01-13 00:45:00,138.87,139.29,138.87,139.2,138313.46
2026-01-13 01:00:00,139.2,139.49,139.1,139.41,143782.76
2026-01-13 01:15:00,139.41,139.52,139.02,139.08,205958.32
2026-01-13 01:30:00,139.08,139.14,138.4,138.55,378258.33
2026-01-13 01:45:00,138.55,139.01,138.52,138.82,144474.14
2026-01-13 02:00:00,138.82,139.25,138.6,138.78,186977.71
2026-01-13 02:15:00,138.78,138.97,138.64,138.64,94135.31
2026-01-13 02:30:00,138.65,138.77,138.02,138.25,215227.03
2026-01-13 02:45:00,138.24,138.58,138.19,138.3,109104.27
2026-01-13 03:00:00,138.3,138.45,137.75,138.04,413525.64
2026-01-13 03:15:00,138.04,138.73,138.04,138.51,184713.19
2026-01-13 03:30:00,138.51,138.58,138.27,138.42,127524.55
2026-01-13 03:45:00,138.42,138.71,138.3,138.66,103872.07
2026-01-13 04:00:00,138.66,138.82,138.54,138.79,118197.65
2026-01-13 04:15:00,138.79,138.93,138.45,138.63,151053.3
2026-01-13 04:30:00,138.63,138.72,138.31,138.69,136063.27
2026-01-13 04:45:00,138.68,139.09,138.63,139.06,122322.58
2026-01-13 05:00:00,139.06,139.64,138.73,139.62,526713.2
2026-01-13 05:15:00,139.63,140.44,139.34,139.93,659422.71
2026-01-13 05:30:00,139.93,140.03,139.42,139.62,259947.76
2026-01-13 05:45:00,139.63,140.22,139.59,139.88,224461.53
2026-01-13 06:00:00,139.88,140.17,139.76,140.04,208719.07
2026-01-13 06:15:00,140.03,140.5,139.94,140.19,230184.81
2026-01-13 06:30:00,140.2,140.6,140.12,140.17,153175.23
2026-01-13 06:45:00,140.17,140.69,140.17,140.55,159813.11
2026-01-13 07:00:00,140.55,140.62,140.32,140.37,122595.67
2026-01-13 07:15:00,140.37,140.5,140.1,140.27,256772.33
2026-01-13 07:30:00,140.27,140.36,139.96,140.07,115480.82
2026-01-13 07:45:00,140.07,140.21,139.88,139.88,119957.68
2026-01-13 08:00:00,139.88,140.43,139.87,140.34,120178.19
2026-01-13 08:15:00,140.34,140.85,140.27,140.57,223449.56
2026-01-13 08:30:00,140.57,141.34,140.53,141.25,292930.96
2026-01-13 08:45:00,141.26,141.82,141.21,141.53,305003.9
2026-01-13 09:00:00,141.53,142.0,141.45,141.96,368462.53
2026-01-13 09:15:00,141.96,143.09,141.66,142.31,966572.25
2026-01-13 09:30:00,142.3,142.42,141.19,141.46,674992.54
2026-01-13 09:45:00,141.47,141.99,141.42,141.87,300463.36
2026-01-13 10:00:00,141.88,142.59,141.63,142.15,415430.9
2026-01-13 10:15:00,142.15,142.35,141.97,142.18,168168.53
2026-01-13 10:30:00,142.18,142.36,141.95,141.97,211295.86
2026-01-13 10:45:00,141.97,142.25,141.67,142.05,263264.16
2026-01-13 11:00:00,142.06,142.1,141.75,141.79,224015.37
2026-01-13 11:15:00,141.8,142.04,141.48,141.69,221179.63
2026-01-13 11:30:00,141.68,142.25,141.59,141.89,282514.72
2026-01-13 11:45:00,141.9,142.05,141.76,141.8,85620.77
2026-01-13 12:00:00,141.79,141.99,141.39,141.45,164057.49
2026-01-13 12:15:00,141.45,142.09,141.33,141.92,144123.74
2026-01-13 12:30:00,141.93,142.17,141.9,142.0,99759.8
2026-01-13 12:45:00,142.0,142.33,141.96,142.2,158588.06
2026-01-13 13:00:00,142.2,142.2,141.81,141.91,152823.77
2026-01-13 13:15:00,141.91,142.27,141.75,142.19,161974.65
2026-01-13 13:30:00,142.19,143.5,141.99,142.75,1688642.93
2026-01-13 13:45:00,142.74,143.06,142.35,142.39,464588.71
2026-01-13 14:00:00,142.39,142.41,141.57,142.08,598088.46
2026-01-13 14:15:00,142.08,143.16,142.06,143.16,339275.4
2026-01-13 14:30:00,143.15,143.79,142.72,143.15,778940.32
2026-01-13 14:45:00,143.14,143.26,141.73,141.96,1032468.18
2026-01-13 15:00:00,141.96,142.16,141.1,142.06,729452.38
2026-01-13 15:15:00,142.06,142.07,141.13,141.7,442003.33
2026-01-13 15:30:00,141.7,143.22,141.64,142.75,687215.95
2026-01-13 15:45:00,142.74,143.46,142.21,143.41,597188.78
2026-01-13 16:00:00,143.42,143.95,142.9,142.91,652110.1
2026-01-13 16:15:00,142.9,144.14,142.79,143.59,751807.03
2026-01-13 16:30:00,143.58,144.56,143.35,143.6,558096.55
2026-01-13 16:45:00,143.61,143.89,143.05,143.12,329231.0
2026-01-13 17:00:00,143.11,143.61,142.81,142.97,357301.44
2026-01-13 17:15:00,142.96,143.16,142.33,142.94,395246.83
2026-01-13 17:30:00,142.94,143.07,142.47,142.78,253002.3
2026-01-13 17:45:00,142.77,142.99,142.62,142.83,161220.17
2026-01-13 18:00:00,142.82,143.43,142.61,143.36,223133.14
2026-01-13 18:15:00,143.36,143.57,143.06,143.19,255456.5
2026-01-13 18:30:00,143.2,143.58,143.07,143.17,135741.94
2026-01-13 18:45:00,143.16,143.85,143.08,143.42,196450.28
2026-01-13 19:00:00,143.42,143.51,142.99,143.2,119275.1
2026-01-13 19:15:00,143.19,143.78,143.04,143.64,154810.52
2026-01-13 19:30:00,143.63,144.04,143.53,143.65,261440.44
2026-01-13 19:45:00,143.65,144.39,143.64,144.18,327860.57
2026-01-13 20:00:00,144.18,144.38,143.81,144.1,304643.41
2026-01-13 20:15:00,144.09,144.24,143.54,143.71,183048.39
2026-01-13 20:30:00,143.7,143.74,142.91,143.24,323385.09
2026-01-13 20:45:00,143.25,143.87,143.1,143.76,230486.59
2026-01-13 21:00:00,143.76,144.06,143.5,143.94,218140.64
2026-01-13 21:15:00,143.94,144.25,143.83,143.87,180627.69
2026-01-13 21:30:00,143.86,143.96,143.41,143.5,131632.83
2026-01-13 21:45:00,143.5,143.6,143.3,143.34,86271.27
2026-01-13 22:00:00,143.33,148.8,143.33,147.06,2256865.59
2026-01-13 22:15:00,147.06,147.78,146.48,146.58,789958.94
2026-01-13 22:30:00,146.57,147.25,145.87,146.97,424775.17
2026-01-13 22:45:00,146.98,147.65,146.68,146.92,274691.27
2026-01-13 23:00:00,146.93,147.56,146.82,147.1,402519.38
2026-01-13 23:15:00,147.1,147.23,145.88,145.99,408708.1
2026-01-13 23:30:00,146.0,146.17,144.8,144.82,606845.21
2026-01-13 23:45:00,144.81,145.57,144.58,145.48,423277.98
2026-01-14 00:00:00,145.47,145.85,145.1,145.37,361524.91
2026-01-14 00:15:00,145.36,145.72,144.7,144.82,311526.22
2026-01-14 00:30:00,144.81,145.28,144.29,145.13,292268.4
2026-01-14 00:45:00,145.13,145.41,144.73,145.03,324072.15
2026-01-14 01:00:00,145.03,146.05,144.89,145.75,422209.32
2026-01-14 01:15:00,145.75,145.89,145.43,145.53,155304.65
2026-01-14 01:30:00,145.53,146.19,145.46,145.58,272535.05
2026-01-14 01:45:00,145.57,145.98,145.13,145.66,228845.92
2026-01-14 02:00:00,145.66,146.56,145.51,146.18,229144.7
2026-01-14 02:15:00,146.18,146.37,145.73,145.86,146691.17
2026-01-14 02:30:00,145.86,145.9,145.65,145.79,100569.26
2026-01-14 02:45:00,145.78,145.97,145.28,145.46,214527.82
2026-01-14 03:00:00,145.45,145.72,145.2,145.51,195856.35
2026-01-14 03:15:00,145.5,145.68,145.06,145.34,146745.81
2026-01-14 03:30:00,145.33,146.25,145.33,146.05,250423.13
2026-01-14 03:45:00,146.04,146.32,145.88,146.22,141710.6
2026-01-14 04:00:00,146.21,146.41,144.92,145.23,610793.11
2026-01-14 04:15:00,145.23,145.67,145.18,145.55,96683.62
2026-01-14 04:30:00,145.54,145.55,144.93,145.01,163126.32
2026-01-14 04:45:00,145.02,145.09,144.75,144.87,174557.07
2026-01-14 05:00:00,144.88,144.93,144.65,144.86,121595.92
2026-01-14 05:15:00,144.87,145.13,144.5,144.68,183971.86
2026-01-14 05:30:00,144.68,145.15,144.4,144.45,218421.8
2026-01-14 05:45:00,144.45,144.69,144.27,144.42,161262.39
2026-01-14 06:00:00,144.41,144.43,143.86,144.35,321109.93
2026-01-14 06:15:00,144.36,144.4,143.89,144.08,140844.71
2026-01-14 06:30:00,144.09,144.48,143.88,144.45,203262.86
2026-01-14 06:45:00,144.46,144.66,144.42,144.63,157759.93
2026-01-14 07:00:00,144.64,145.0,144.51,144.86,180628.1
2026-01-14 07:15:00,144.85,144.99,144.22,144.29,187874.26
2026-01-14 07:30:00,144.29,144.4,144.09,144.38,185558.01
2026-01-14 07:45:00,144.37,144.82,144.35,144.8,159327.18
2026-01-14 08:00:00,144.8,145.13,144.69,144.98,180364.67
2026-01-14 08:15:00,144.98,145.08,144.66,144.72,89165.85
2026-01-14 08:30:00,144.73,144.86,144.57,144.69,120662.9
2026-01-14 08:45:00,144.68,145.0,144.68,144.84,65650.51
2026-01-14 09:00:00,144.84,145.6,144.8,145.55,237680.09
2026-01-14 09:15:00,145.56,145.57,145.27,145.32,108167.33
2026-01-14 09:30:00,145.33,145.54,145.27,145.33,67845.9
2026-01-14 09:45:00,145.33,145.46,145.19,145.43,57339.46
2026-01-14 10:00:00,145.44,145.7,145.41,145.63,102022.77
2026-01-14 10:15:00,145.63,145.63,144.67,145.03,400924.57
2026-01-14 10:30:00,145.02,145.11,144.46,144.88,177362.84
2026-01-14 10:45:00,144.88,145.04,144.64,144.67,84303.68
2026-01-14 11:00:00,144.67,144.67,144.15,144.27,169003.11
2026-01-14 11:15:00,144.28,144.28,143.7,144.01,458855.89
2026-01-14 11:30:00,144.01,144.16,143.81,143.99,130514.1
2026-01-14 11:45:00,143.99,144.02,143.45,143.7,302721.12
2026-01-14 12:00:00,143.69,144.34,143.3,144.2,389002.86
2026-01-14 12:15:00,144.21,144.52,144.1,144.4,179177.94
2026-01-14 12:30:00,144.4,144.7,144.16,144.56,129579.5
2026-01-14 12:45:00,144.56,144.58,144.41,144.49,57347.99
2026-01-14 13:00:00,144.48,144.54,144.1,144.28,164183.8
2026-01-14 13:15:00,144.27,144.78,144.2,144.76,196370.36
2026-01-14 13:30:00,144.76,144.85,144.44,144.51,111770.2
2026-01-14 13:45:00,144.52,144.56,143.98,144.16,236576.4
2026-01-14 14:00:00,144.16,145.26,144.15,145.1,358232.62
2026-01-14 14:15:00,145.1,146.52,145.05,145.84,944897.25
2026-01-14 14:30:00,145.84,146.41,145.48,146.02,572349.42
2026-01-14 14:45:00,146.03,147.53,145.98,146.58,1109560.9
2026-01-14 15:00:00,146.58,147.56,145.89,147.25,1042752.98
2026-01-14 15:15:00,147.26,147.38,146.64,146.75,451499.25
2026-01-14 15:30:00,146.76,147.27,146.21,146.48,366051.02
2026-01-14 15:45:00,146.47,147.07,146.14,147.02,319749.9
2026-01-14 16:00:00,147.02,148.0,147.01,147.82,478163.39
2026-01-14 16:15:00,147.81,148.27,147.48,147.79,493165.8
2026-01-14 16:30:00,147.78,148.4,146.99,147.46,740499.03
2026-01-14 16:45:00,147.45,147.86,146.78,147.04,433297.73
2026-01-14 17:00:00,147.04,147.52,146.64,147.37,268737.25
2026-01-14 17:15:00,147.38,147.59,146.97,146.98,175194.25
2026-01-14 17:30:00,146.97,146.98,145.77,146.51,509837.44
2026-01-14 17:45:00,146.5,146.78,145.66,145.92,254807.34
2026-01-14 18:00:00,145.92,146.58,145.78,146.31,260803.97
2026-01-14 18:15:00,146.31,147.22,145.75,147.13,209541.86
2026-01-14 18:30:00,147.14,147.4,145.56,145.64,357672.54
2026-01-14 18:45:00,145.64,146.54,145.26,146.29,401603.42
2026-01-14 19:00:00,146.29,146.74,146.05,146.68,161239.65
2026-01-14 19:15:00,146.68,147.4,146.52,147.28,277443.97
2026-01-14 19:30:00,147.28,147.5,146.46,146.82,227795.35
2026-01-14 19:45:00,146.82,146.93,146.5,146.75,135256.14
2026-01-14 20:00:00,146.76,147.7,146.51,147.34,236079.62
2026-01-14 20:15:00,147.35,147.35,146.76,146.88,144532.04
2026-01-14 20:30:00,146.87,147.69,146.85,147.35,167599.27
2026-01-14 20:45:00,147.35,147.51,147.06,147.48,162403.75
2026-01-14 21:00:00,147.48,147.48,146.87,146.95,165761.3
2026-01-14 21:15:00,146.95,147.13,146.71,147.09,164342.9
2026-01-14 21:30:00,147.09,147.37,146.89,147.02,96730.4
2026-01-14 21:45:00,147.03,147.1,146.18,146.86,197812.37
2026-01-14 22:00:00,146.86,147.12,146.6,146.74,120500.84
2026-01-14 22:15:00,146.75,147.0,146.44,146.45,117410.06
2026-01-14 22:30:00,146.45,146.55,145.74,145.92,198554.83
2026-01-14 22:45:00,145.93,146.3,145.9,146.1,104758.82
2026-01-14 23:00:00,146.11,146.74,146.08,146.7,140271.01
2026-01-14 23:15:00,146.7,147.05,146.21,146.26,112230.05
2026-01-14 23:30:00,146.26,146.52,145.97,146.43,147310.11
2026-01-14 23:45:00,146.42,146.79,146.36,146.61,102920.76
2026-01-15 00:00:00,146.62,146.65,145.93,146.23,162587.1
2026-01-15 00:15:00,146.24,146.26,145.74,145.88,120782.35
2026-01-15 00:30:00,145.88,145.94,145.42,145.55,170555.77
2026-01-15 00:45:00,145.55,145.99,145.41,145.99,141054.24
2026-01-15 01:00:00,145.98,146.44,145.89,146.04,171795.7
2026-01-15 01:15:00,146.04,146.08,145.35,145.35,151293.46
2026-01-15 01:30:00,145.35,145.44,144.7,145.11,384932.84
2026-01-15 01:45:00,145.11,145.16,144.8,145.1,116853.89
2026-01-15 02:00:00,145.09,145.47,144.95,145.02,138763.53
2026-01-15 02:15:00,145.01,145.4,144.85,144.89,134206.0
2026-01-15 02:30:00,144.88,145.05,144.25,144.84,295482.76
2026-01-15 02:45:00,144.83,144.83,144.2,144.43,212880.41
2026-01-15 03:00:00,144.44,144.64,144.2,144.46,160229.15
2026-01-15 03:15:00,144.45,144.59,143.5,143.51,486606.31
2026-01-15 03:30:00,143.5,143.82,143.11,143.43,438690.85
2026-01-15 03:45:00,143.43,143.66,143.1,143.4,211015.38
2026-01-15 04:00:00,143.41,144.06,143.2,143.89,295843.78
2026-01-15 04:15:00,143.89,144.36,143.73,144.01,275068.73
2026-01-15 04:30:00,144.0,144.34,143.91,144.25,123176.3
2026-01-15 04:45:00,144.26,144.4,144.12,144.39,94871.38
2026-01-15 05:00:00,144.39,144.68,144.22,144.39,158177.74
2026-01-15 05:15:00,144.39,144.59,144.34,144.49,84915.61
2026-01-15 05:30:00,144.5,144.75,144.26,144.72,114796.31
2026-01-15 05:45:00,144.72,144.77,144.38,144.51,104463.27
2026-01-15 06:00:00,144.51,144.66,144.43,144.49,78265.83
2026-01-15 06:15:00,144.49,144.8,144.36,144.43,174788.62
2026-01-15 06:30:00,144.42,144.48,144.0,144.05,166918.38
2026-01-15 06:45:00,144.04,144.29,144.0,144.14,85356.37
2026-01-15 07:00:00,144.14,144.36,144.02,144.31,108295.62
2026-01-15 07:15:00,144.3,144.77,144.29,144.7,146353.59
2026-01-15 07:30:00,144.7,145.1,144.66,144.98,171197.29
2026-01-15 07:45:00,144.99,145.22,144.73,144.93,129307.47
2026-01-15 08:00:00,144.94,145.18,144.0,144.36,321028.45
2026-01-15 08:15:00,144.36,144.66,144.27,144.32,131451.63
2026-01-15 08:30:00,144.31,144.52,144.24,144.51,65497.62
2026-01-15 08:45:00,144.51,144.87,144.36,144.8,111954.38
2026-01-15 09:00:00,144.8,144.81,144.48,144.48,78454.0
2026-01-15 09:15:00,144.48,145.17,144.4,145.07,117409.67
2026-01-15 09:30:00,145.08,145.95,144.96,145.87,403716.37
2026-01-15 09:45:00,145.88,145.95,145.51,145.56,315332.49
2026-01-15 10:00:00,145.57,145.62,145.18,145.41,171414.62
2026-01-15 10:15:00,145.4,145.61,145.14,145.21,120516.6
2026-01-15 10:30:00,145.21,145.42,145.16,145.35,59416.11
2026-01-15 10:45:00,145.35,145.47,145.32,145.34,51380.51
2026-01-15 11:00:00,145.34,145.59,145.26,145.36,78454.15
2026-01-15 11:15:00,145.37,145.61,145.3,145.51,64518.16
2026-01-15 11:30:00,145.51,145.57,144.93,144.93,155127.64
2026-01-15 11:45:00,144.93,145.0,144.72,144.76,148448.19
2026-01-15 12:00:00,144.76,144.99,144.64,144.93,114936.49
2026-01-15 12:15:00,144.93,144.97,144.21,144.29,306638.88
2026-01-15 12:30:00,144.28,144.6,144.27,144.56,111893.62
2026-01-15 12:45:00,144.55,144.94,144.53,144.8,159293.98
2026-01-15 13:00:00,144.81,144.93,144.5,144.54,138047.86
2026-01-15 13:15:00,144.54,145.19,144.54,145.1,200676.74
2026-01-15 13:30:00,145.1,145.15,144.42,144.78,241198.63
2026-01-15 13:45:00,144.79,145.28,144.79,145.11,163030.87
2026-01-15 14:00:00,145.11,145.56,145.07,145.54,193747.0
2026-01-15 14:15:00,145.55,145.57,144.87,145.04,177810.4
2026-01-15 14:30:00,145.04,145.37,143.46,143.48,791024.79
2026-01-15 14:45:00,143.49,144.42,143.14,143.85,772075.84
2026-01-15 15:00:00,143.84,144.28,143.35,143.43,610078.11
2026-01-15 15:15:00,143.43,143.87,141.99,142.45,1029528.96
2026-01-15 15:30:00,142.46,142.75,141.76,142.41,608152.06
2026-01-15 15:45:00,142.41,143.48,141.71,143.39,873432.18
2026-01-15 16:00:00,143.39,143.62,142.77,142.97,391812.35
2026-01-15 16:15:00,142.97,143.49,142.89,142.97,202711.43
2026-01-15 16:30:00,142.97,143.67,142.71,143.55,212618.82
2026-01-15 16:45:00,143.56,143.96,143.43,143.46,207998.08
2026-01-15 17:00:00,143.46,143.74,142.95,143.03,182140.94
2026-01-15 17:15:00,143.03,143.51,142.89,143.5,131070.03
2026-01-15 17:30:00,143.5,144.15,143.41,143.91,260419.21
2026-01-15 17:45:00,143.91,144.02,142.39,142.57,362319.38
2026-01-15 18:00:00,142.57,142.95,141.93,142.2,342315.25
2026-01-15 18:15:00,142.2,142.5,141.86,142.44,277534.88
2026-01-15 18:30:00,142.43,142.6,141.38,141.95,382199.73
2026-01-15 18:45:00,141.95,142.01,141.38,141.48,275890.9
2026-01-15 19:00:00,141.47,141.69,140.77,141.39,524737.36
2026-01-15 19:15:00,141.39,141.72,141.0,141.25,196993.31
2026-01-15 19:30:00,141.26,141.69,140.89,141.21,233036.38
2026-01-15 19:45:00,141.2,141.78,141.19,141.44,216018.42
2026-01-15 20:00:00,141.43,141.83,141.29,141.58,135507.64
2026-01-15 20:15:00,141.58,141.65,141.04,141.15,128936.94
2026-01-15 20:30:00,141.15,141.66,141.13,141.3,115295.95
2026-01-15 20:45:00,141.3,141.5,140.94,141.35,153951.46
2026-01-15 21:00:00,141.36,141.67,141.22,141.55,92315.95
2026-01-15 21:15:00,141.55,141.88,141.55,141.84,75839.56
2026-01-15 21:30:00,141.84,142.06,141.76,142.05,95835.0
2026-01-15 21:45:00,142.06,142.2,141.87,142.02,64150.64
2026-01-15 22:00:00,142.02,142.3,141.88,142.09,79945.97
2026-01-15 22:15:00,142.09,142.39,141.94,142.3,76308.06
2026-01-15 22:30:00,142.31,142.52,142.17,142.23,104102.85
2026-01-15 22:45:00,142.23,142.39,142.11,142.31,62823.69
2026-01-15 23:00:00,142.31,142.38,141.99,142.24,91380.73
2026-01-15 23:15:00,142.24,142.6,142.18,142.26,116349.69
2026-01-15 23:30:00,142.25,142.26,142.01,142.1,62357.46
2026-01-15 23:45:00,142.11,142.35,142.1,142.32,49408.23
2026-01-16 00:00:00,142.33,142.45,142.15,142.34,90717.75
2026-01-16 00:15:00,142.33,142.61,142.33,142.41,71703.56
2026-01-16 00:30:00,142.41,142.74,142.35,142.7,104269.42
2026-01-16 00:45:00,142.7,142.72,142.34,142.36,83578.59
2026-01-16 01:00:00,142.37,142.41,141.89,142.0,165701.13
2026-01-16 01:15:00,142.0,142.18,141.93,142.17,139844.9
2026-01-16 01:30:00,142.17,142.64,142.17,142.27,84092.23
2026-01-16 01:45:00,142.26,142.48,142.23,142.26,48266.64
2026-01-16 02:00:00,142.26,142.26,141.78,141.85,128148.45
2026-01-16 02:15:00,141.85,142.24,141.6,142.23,138977.59
2026-01-16 02:30:00,142.22,142.23,141.83,141.99,77600.79
2026-01-16 02:45:00,141.98,142.15,141.92,142.14,41558.36
2026-01-16 03:00:00,142.13,142.41,142.08,142.33,66347.11
2026-01-16 03:15:00,142.33,142.33,142.1,142.19,50512.19
2026-01-16 03:30:00,142.19,142.19,141.9,142.07,86867.08
2026-01-16 03:45:00,142.06,142.07,141.78,141.87,49749.74
2026-01-16 04:00:00,141.87,142.03,141.81,141.89,79222.33
2026-01-16 04:15:00,141.89,142.66,141.88,142.23,184069.9
2026-01-16 04:30:00,142.23,142.34,141.7,141.89,210903.29
2026-01-16 04:45:00,141.88,141.97,141.36,141.59,191351.08
2026-01-16 05:00:00,141.59,141.86,141.41,141.71,116544.23
2026-01-16 05:15:00,141.7,141.86,141.6,141.79,68767.27
2026-01-16 05:30:00,141.8,142.6,141.78,142.55,166797.9
2026-01-16 05:45:00,142.54,143.6,142.47,143.11,675426.95
2026-01-16 06:00:00,143.12,143.22,142.7,142.73,136962.92
2026-01-16 06:15:00,142.72,143.0,142.65,142.95,91597.91
2026-01-16 06:30:00,142.96,143.23,142.94,143.2,81245.89
2026-01-16 06:45:00,143.19,143.3,143.13,143.24,92319.49
2026-01-16 07:00:00,143.24,143.26,143.05,143.21,94552.06
2026-01-16 07:15:00,143.21,143.21,142.77,142.79,93930.56
2026-01-16 07:30:00,142.8,142.81,142.51,142.57,131207.04
2026-01-16 07:45:00,142.57,142.88,142.56,142.86,102197.86
2026-01-16 08:00:00,142.86,143.27,142.83,143.19,107461.18
2026-01-16 08:15:00,143.2,143.33,143.1,143.27,83939.95
2026-01-16 08:30:00,143.26,143.38,142.96,143.22,116284.65
2026-01-16 08:45:00,143.22,143.26,142.95,143.08,118377.44
2026-01-16 09:00:00,143.07,143.4,142.96,143.2,177365.4
2026-01-16 09:15:00,143.19,143.19,142.79,143.04,88384.83
2026-01-16 09:30:00,143.03,143.09,142.9,143.08,53961.77
2026-01-16 09:45:00,143.09,143.25,142.92,142.99,73423.78
2026-01-16 10:00:00,142.98,143.09,142.81,142.99,55627.35
2026-01-16 10:15:00,142.99,143.01,142.77,142.85,52422.59
2026-01-16 10:30:00,142.84,142.85,142.63,142.84,115503.81
2026-01-16 10:45:00,142.84,143.1,142.83,143.01,135650.39
2026-01-16 11:00:00,143.02,143.1,142.71,142.75,112862.32
2026-01-16 11:15:00,142.75,143.13,142.75,143.07,99855.39
2026-01-16 11:30:00,143.06,143.49,142.79,142.79,179140.25
2026-01-16 11:45:00,142.8,143.17,142.72,143.08,135529.53
2026-01-16 12:00:00,143.07,143.47,143.04,143.36,127036.65
2026-01-16 12:15:00,143.36,143.8,143.21,143.74,189074.4
2026-01-16 12:30:00,143.73,143.78,143.51,143.68,125327.43
2026-01-16 12:45:00,143.69,143.69,143.29,143.62,94359.58
2026-01-16 13:00:00,143.62,143.62,143.24,143.39,100075.15
2026-01-16 13:15:00,143.38,143.48,143.1,143.23,107047.83
2026-01-16 13:30:00,143.22,143.32,142.59,142.87,187458.6
2026-01-16 13:45:00,142.86,143.07,142.83,143.0,53895.63
2026-01-16 14:00:00,143.0,143.23,142.96,142.99,62432.83
2026-01-16 14:15:00,142.99,143.53,142.75,143.52,125561.56
2026-01-16 14:30:00,143.52,143.68,142.87,142.96,253716.85
2026-01-16 14:45:00,142.96,143.55,142.74,142.96,183799.22
2026-01-16 15:00:00,142.96,143.62,142.63,143.39,266395.43
2026-01-16 15:15:00,143.4,143.41,141.89,141.97,554981.37
2026-01-16 15:30:00,141.97,142.18,140.57,140.82,1027316.79
2026-01-16 15:45:00,140.83,140.97,140.17,140.68,664882.65
2026-01-16 16:00:00,140.68,141.36,140.54,141.34,394609.6
2026-01-16 16:15:00,141.35,141.8,141.03,141.6,255014.38
2026-01-16 16:30:00,141.6,141.76,141.31,141.68,163506.28
2026-01-16 16:45:00,141.67,141.93,141.5,141.83,162926.9
2026-01-16 17:00:00,141.83,141.92,141.38,141.68,156408.64
2026-01-16 17:15:00,141.67,142.74,141.32,142.37,469011.01
2026-01-16 17:30:00,142.38,142.96,142.31,142.96,292789.4
2026-01-16 17:45:00,142.96,143.36,142.72,143.26,301429.04
2026-01-16 18:00:00,143.26,143.41,142.92,143.0,264946.58
2026-01-16 18:15:00,143.0,143.54,142.91,143.54,118228.63
2026-01-16 18:30:00,143.54,143.71,143.29,143.71,192424.51
2026-01-16 18:45:00,143.71,144.15,143.33,143.47,367706.61
2026-01-16 19:00:00,143.46,143.6,143.19,143.33,170045.27
2026-01-16 19:15:00,143.34,143.64,142.93,143.49,219900.2
2026-01-16 19:30:00,143.48,144.45,143.47,144.06,420089.29
2026-01-16 19:45:00,144.06,144.23,143.97,144.13,111316.32
2026-01-16 20:00:00,144.14,144.17,143.41,143.73,209149.3
2026-01-16 20:15:00,143.72,144.42,143.58,144.42,135628.89
2026-01-16 20:30:00,144.42,144.66,144.25,144.66,197996.19
2026-01-16 20:45:00,144.66,144.97,144.55,144.9,198310.87
2026-01-16 21:00:00,144.9,145.08,144.69,144.83,277706.82
2026-01-16 21:15:00,144.82,145.34,144.64,145.27,198105.13
2026-01-16 21:30:00,145.27,145.5,145.09,145.09,174975.4
2026-01-16 21:45:00,145.1,145.33,144.97,144.99,129248.01
2026-01-16 22:00:00,144.99,145.09,144.7,144.84,212679.3
2026-01-16 22:15:00,144.83,145.0,144.65,144.71,95697.44
2026-01-16 22:30:00,144.7,144.93,144.5,144.81,88921.37
2026-01-16 22:45:00,144.82,144.98,144.6,144.86,60263.44
2026-01-16 23:00:00,144.87,145.03,144.71,144.95,83952.15
2026-01-16 23:15:00,144.96,145.15,144.88,145.07,75273.2
2026-01-16 23:30:00,145.06,145.15,144.68,144.69,69009.85
2026-01-16 23:45:00,144.69,144.92,144.69,144.85,54111.82
2026-01-17 00:00:00,144.84,144.95,144.61,144.66,133222.07
2026-01-17 00:15:00,144.66,144.74,144.52,144.54,105890.94
2026-01-17 00:30:00,144.53,144.53,144.26,144.33,111396.64
2026-01-17 00:45:00,144.33,144.39,144.14,144.28,74216.07
2026-01-17 01:00:00,144.27,144.64,144.17,144.57,112551.62
2026-01-17 01:15:00,144.58,144.75,144.51,144.55,61204.61
2026-01-17 01:30:00,144.56,144.68,144.47,144.62,55515.18
2026-01-17 01:45:00,144.62,144.71,144.56,144.58,28232.67
2026-01-17 02:00:00,144.59,144.61,144.26,144.26,56229.16
2026-01-17 02:15:00,144.27,144.39,144.18,144.31,51596.62
2026-01-17 02:30:00,144.31,144.55,144.19,144.4,65874.46
2026-01-17 02:45:00,144.39,144.55,144.37,144.53,29252.36
2026-01-17 03:00:00,144.53,144.56,144.29,144.29,36195.95
2026-01-17 03:15:00,144.29,144.39,144.25,144.35,34735.3
2026-01-17 03:30:00,144.34,144.42,144.16,144.42,35858.74
2026-01-17 03:45:00,144.42,144.47,144.2,144.3,40462.19
2026-01-17 04:00:00,144.29,144.45,144.26,144.44,35907.24
2026-01-17 04:15:00,144.43,144.44,144.24,144.3,38273.56
2026-01-17 04:30:00,144.3,144.35,144.13,144.3,53928.09
2026-01-17 04:45:00,144.3,144.39,144.19,144.27,40405.41
2026-01-17 05:00:00,144.27,144.3,144.01,144.06,77306.36
2026-01-17 05:15:00,144.05,144.06,143.88,144.0,80382.91
2026-01-17 05:30:00,143.99,144.17,143.93,144.14,51632.27
2026-01-17 05:45:00,144.13,144.15,143.85,143.89,78847.76
2026-01-17 06:00:00,143.89,143.97,143.8,143.87,89035.89
2026-01-17 06:15:00,143.86,143.89,143.68,143.7,59324.26
2026-01-17 06:30:00,143.71,144.03,143.7,143.84,63341.38
2026-01-17 06:45:00,143.84,143.86,143.71,143.77,40965.99
2026-01-17 07:00:00,143.76,143.77,143.61,143.68,51982.71
2026-01-17 07:15:00,143.67,143.86,143.65,143.85,34768.26
2026-01-17 07:30:00,143.86,143.9,143.71,143.71,31836.02
2026-01-17 07:45:00,143.71,143.75,143.54,143.56,82692.17
2026-01-17 08:00:00,143.56,143.79,143.53,143.74,69758.24
2026-01-17 08:15:00,143.74,144.19,143.74,144.14,86903.05
2026-01-17 08:30:00,144.14,144.21,144.06,144.1,61025.33
2026-01-17 08:45:00,144.1,144.2,144.06,144.15,46884.26
2026-01-17 09:00:00,144.15,144.19,143.96,144.0,50689.64
2026-01-17 09:15:00,143.99,144.33,143.92,144.3,56539.09
2026-01-17 09:30:00,144.3,144.5,144.24,144.48,80321.22
2026-01-17 09:45:00,144.47,144.58,144.35,144.39,103683.81
2026-01-17 10:00:00,144.39,144.55,144.32,144.52,69450.39
2026-01-17 10:15:00,144.52,144.56,144.3,144.34,51026.26
2026-01-17 10:30:00,144.35,144.37,143.92,143.94,192893.72
2026-01-17 10:45:00,143.94,143.96,143.85,143.88,76618.32
2026-01-17 11:00:00,143.88,143.89,143.18,143.74,330428.89
2026-01-17 11:15:00,143.74,144.13,143.73,144.09,123098.11
2026-01-17 11:30:00,144.1,144.12,143.69,143.83,103760.62
2026-01-17 11:45:00,143.82,143.95,143.67,143.92,103986.86
2026-01-17 12:00:00,143.92,143.95,143.78,143.92,58081.45
2026-01-17 12:15:00,143.92,144.0,143.67,143.74,87805.03
2026-01-17 12:30:00,143.74,143.81,143.57,143.71,64301.81
2026-01-17 12:45:00,143.71,143.77,143.62,143.69,61005.11
2026-01-17 13:00:00,143.68,143.81,143.5,143.72,127776.07
2026-01-17 13:15:00,143.72,143.98,143.53,143.61,160471.74
2026-01-17 13:30:00,143.6,143.83,143.51,143.75,142138.55
2026-01-17 13:45:00,143.75,143.97,143.68,143.91,80826.38
2026-01-17 14:00:00,143.91,143.98,143.65,143.91,55475.65
2026-01-17 14:15:00,143.91,143.97,143.79,143.9,75130.16
2026-01-17 14:30:00,143.9,144.22,143.86,143.99,117078.67
2026-01-17 14:45:00,143.98,144.08,143.76,143.83,118484.25
2026-01-17 15:00:00,143.83,143.94,143.66,143.78,112736.04
2026-01-17 15:15:00,143.78,143.94,143.61,143.79,89534.08
2026-01-17 15:30:00,143.78,143.98,143.7,143.98,118929.47
2026-01-17 15:45:00,143.98,144.29,143.75,144.25,132674.92
2026-01-17 16:00:00,144.24,144.26,143.98,144.16,85868.71
2026-01-17 16:15:00,144.15,144.16,143.52,143.96,226884.15
2026-01-17 16:30:00,143.96,144.0,143.64,143.89,77394.84
2026-01-17 16:45:00,143.89,143.93,143.6,143.8,92563.89
2026-01-17 17:00:00,143.79,144.02,143.74,143.93,49005.44
2026-01-17 17:15:00,143.92,144.1,143.85,144.09,47847.12
2026-01-17 17:30:00,144.09,144.19,143.94,144.11,53921.11
2026-01-17 17:45:00,144.1,144.12,143.77,143.99,57158.75
2026-01-17 18:00:00,143.99,144.18,143.9,144.01,48945.4
2026-01-17 18:15:00,144.0,144.18,144.0,144.14,27450.4
2026-01-17 18:30:00,144.13,144.2,144.08,144.15,31261.62
2026-01-17 18:45:00,144.15,144.22,144.08,144.2,40249.17
2026-01-17 19:00:00,144.19,144.24,144.11,144.16,39352.68
2026-01-17 19:15:00,144.15,144.15,144.03,144.1,39200.65
2026-01-17 19:30:00,144.1,144.46,144.02,144.31,125798.69
2026-01-17 19:45:00,144.31,144.34,144.13,144.2,36531.5
2026-01-17 20:00:00,144.19,144.23,144.12,144.16,17869.49
2026-01-17 20:15:00,144.16,144.48,144.16,144.33,39319.33
2026-01-17 20:30:00,144.32,144.37,144.3,144.35,21407.49
2026-01-17 20:45:00,144.36,144.51,144.35,144.42,45910.06
2026-01-17 21:00:00,144.42,144.51,144.31,144.32,48311.27
2026-01-17 21:15:00,144.32,144.44,144.23,144.35,31755.72
2026-01-17 21:30:00,144.35,144.39,144.14,144.23,28047.66
2026-01-17 21:45:00,144.23,144.32,144.14,144.18,18317.48
2026-01-17 22:00:00,144.17,144.18,143.73,143.83,78114.38
2026-01-17 22:15:00,143.82,143.96,143.61,143.73,70291.06
2026-01-17 22:30:00,143.72,143.79,143.4,143.63,140735.92
2026-01-17 22:45:00,143.63,143.9,143.46,143.69,52163.95
2026-01-17 23:00:00,143.68,143.96,143.63,143.84,62668.0
2026-01-17 23:15:00,143.84,143.85,143.56,143.62,43788.85
2026-01-17 23:30:00,143.62,143.82,143.61,143.78,35632.32
2026-01-17 23:45:00,143.77,143.8,143.61,143.64,63521.3
2026-01-18 00:00:00,143.65,143.86,143.55,143.62,111181.81
2026-01-18 00:15:00,143.62,143.77,143.5,143.65,86516.18
2026-01-18 00:30:00,143.65,143.92,143.47,143.49,73857.0
2026-01-18 00:45:00,143.49,143.49,143.01,143.19,262343.25
2026-01-18 01:00:00,143.18,143.39,141.89,142.35,810935.7
2026-01-18 01:15:00,142.35,142.57,142.01,142.51,250512.54
2026-01-18 01:30:00,142.51,142.77,142.42,142.54,125639.27
2026-01-18 01:45:00,142.54,142.74,142.51,142.7,92643.51
2026-01-18 02:00:00,142.69,142.81,142.62,142.71,67545.03
2026-01-18 02:15:00,142.71,142.96,142.37,142.41,107275.94
2026-01-18 02:30:00,142.41,142.44,141.8,142.19,398332.99
2026-01-18 02:45:00,142.18,142.49,142.09,142.46,117340.38
2026-01-18 03:00:00,142.46,142.59,142.29,142.41,119654.09
2026-01-18 03:15:00,142.41,142.62,142.31,142.6,78363.32
2026-01-18 03:30:00,142.6,142.84,142.59,142.77,66142.32
2026-01-18 03:45:00,142.76,142.81,142.63,142.73,40093.97
2026-01-18 04:00:00,142.73,142.81,142.51,142.6,69965.5
2026-01-18 04:15:00,142.59,142.73,142.44,142.69,49147.77
2026-01-18 04:30:00,142.69,142.74,142.53,142.62,28403.94
2026-01-18 04:45:00,142.63,142.84,142.62,142.74,49511.89
2026-01-18 05:00:00,142.74,142.75,142.62,142.75,29631.06
2026-01-18 05:15:00,142.75,142.89,142.68,142.8,44618.39
2026-01-18 05:30:00,142.81,142.81,142.46,142.7,45471.8
2026-01-18 05:45:00,142.69,142.88,142.62,142.76,45445.96
2026-01-18 06:00:00,142.77,142.94,142.63,142.82,63736.68
2026-01-18 06:15:00,142.82,142.82,142.54,142.56,44547.38
2026-01-18 06:30:00,142.57,142.67,142.5,142.62,35361.61
2026-01-18 06:45:00,142.61,142.73,142.45,142.61,47775.6
2026-01-18 07:00:00,142.61,142.63,142.15,142.26,101037.98
2026-01-18 07:15:00,142.26,142.48,142.22,142.45,49955.62
2026-01-18 07:30:00,142.45,142.46,142.02,142.22,82274.81
2026-01-18 07:45:00,142.23,142.26,141.94,142.04,107219.04
2026-01-18 08:00:00,142.05,142.15,141.81,142.02,172465.48
2026-01-18 08:15:00,142.01,142.2,141.87,142.12,85786.27
2026-01-18 08:30:00,142.12,142.37,142.08,142.29,102707.7
2026-01-18 08:45:00,142.29,142.38,142.2,142.34,38105.67
2026-01-18 09:00:00,142.35,142.46,142.24,142.38,51571.46
2026-01-18 09:15:00,142.38,142.49,142.29,142.37,49432.23
2026-01-18 09:30:00,142.38,142.56,142.35,142.35,62347.16
2026-01-18 09:45:00,142.36,142.49,142.31,142.44,49850.51
2026-01-18 10:00:00,142.44,142.47,142.11,142.19,67726.13
2026-01-18 10:15:00,142.2,142.26,142.09,142.13,34700.81
2026-01-18 10:30:00,142.14,142.39,142.12,142.38,40747.5
2026-01-18 10:45:00,142.38,142.45,142.29,142.34,38068.04
2026-01-18 11:00:00,142.35,142.35,142.15,142.27,37220.05
2026-01-18 11:15:00,142.27,142.33,142.16,142.16,31348.98
2026-01-18 11:30:00,142.16,142.43,142.12,142.32,65291.45
2026-01-18 11:45:00,142.32,142.43,142.22,142.32,71417.46
2026-01-18 12:00:00,142.33,142.33,142.1,142.15,46187.67
2026-01-18 12:15:00,142.16,142.34,142.11,142.34,27918.4
2026-01-18 12:30:00,142.33,142.44,142.2,142.31,48919.05
2026-01-18 12:45:00,142.31,142.37,142.13,142.16,53568.44
2026-01-18 13:00:00,142.17,142.2,141.91,142.11,92819.45
2026-01-18 13:15:00,142.11,142.19,141.96,141.99,91847.26
2026-01-18 13:30:00,142.0,142.38,141.97,142.37,105514.17
2026-01-18 13:45:00,142.36,142.44,142.27,142.31,86229.74
2026-01-18 14:00:00,142.31,142.33,142.06,142.26,100416.6
2026-01-18 14:15:00,142.26,142.67,142.21,142.38,261635.51
2026-01-18 14:30:00,142.39,142.56,142.14,142.14,89255.23
2026-01-18 14:45:00,142.15,142.15,141.52,141.62,242781.92
2026-01-18 15:00:00,141.63,141.86,141.4,141.77,264128.14
2026-01-18 15:15:00,141.77,142.07,141.73,141.98,68414.44
2026-01-18 15:30:00,141.99,142.05,141.82,141.93,67366.51
2026-01-18 15:45:00,141.93,141.97,141.71,141.91,85325.38
2026-01-18 16:00:00,141.92,142.09,141.67,142.03,102175.37
2026-01-18 16:15:00,142.03,142.15,141.89,141.91,77464.1
2026-01-18 16:30:00,141.92,142.1,141.87,142.06,41533.85
2026-01-18 16:45:00,142.05,142.07,141.88,141.95,35828.51
2026-01-18 17:00:00,141.95,142.06,141.78,141.8,66907.3
2026-01-18 17:15:00,141.8,142.04,141.78,142.01,52335.98
2026-01-18 17:30:00,142.0,142.3,141.93,142.04,101624.38
2026-01-18 17:45:00,142.05,142.35,142.03,142.28,99270.3
2026-01-18 18:00:00,142.27,142.28,141.99,142.12,84438.12
2026-01-18 18:15:00,142.13,142.63,142.04,142.54,101165.91
2026-01-18 18:30:00,142.54,142.66,142.39,142.47,125536.5
2026-01-18 18:45:00,142.47,142.88,142.41,142.68,238024.14
2026-01-18 19:00:00,142.68,143.19,142.67,142.83,248034.15
2026-01-18 19:15:00,142.83,142.88,142.67,142.75,85433.16
2026-01-18 19:30:00,142.75,142.75,142.48,142.59,95241.73
2026-01-18 19:45:00,142.59,142.59,142.02,142.2,136124.38
2026-01-18 20:00:00,142.2,142.28,141.86,142.03,113964.85
2026-01-18 20:15:00,142.03,142.47,141.97,142.47,83072.28
2026-01-18 20:30:00,142.46,142.49,142.13,142.32,57041.08
2026-01-18 20:45:00,142.32,142.43,142.27,142.39,28090.96
2026-01-18 21:00:00,142.39,142.62,142.31,142.59,41048.68
2026-01-18 21:15:00,142.59,142.64,142.54,142.57,30508.93
2026-01-18 21:30:00,142.57,142.66,142.49,142.58,29569.69
2026-01-18 21:45:00,142.58,142.72,142.49,142.59,38944.31
2026-01-18 22:00:00,142.58,142.99,142.57,142.89,81176.37
2026-01-18 22:15:00,142.89,142.96,142.39,142.51,108540.77
2026-01-18 22:30:00,142.51,142.8,142.41,142.72,63162.91
2026-01-18 22:45:00,142.71,142.83,142.57,142.8,53996.62
2026-01-18 23:00:00,142.79,142.79,141.06,141.16,648301.13
2026-01-18 23:15:00,141.17,141.39,140.02,140.06,694723.35
2026-01-18 23:30:00,140.06,140.14,139.01,139.45,1200208.02
2026-01-18 23:45:00,139.45,139.45,137.65,137.79,1249996.02
2026-01-19 00:00:00,137.79,137.79,129.82,133.13,4455834.11
2026-01-19 00:15:00,133.13,134.39,132.46,133.96,2152246.93
2026-01-19 00:30:00,133.95,134.59,133.17,134.21,1653576.61
2026-01-19 00:45:00,134.21,134.23,133.43,133.72,457135.96
2026-01-19 01:00:00,133.71,134.39,133.47,134.04,393590.64
2026-01-19 01:15:00,134.04,134.23,133.6,133.66,248723.91
2026-01-19 01:30:00,133.66,134.15,133.48,133.74,188594.03
2026-01-19 01:45:00,133.74,133.93,133.36,133.73,268527.86
2026-01-19 02:00:00,133.73,133.93,133.4,133.56,239585.78
2026-01-19 02:15:00,133.55,134.04,133.49,133.71,169367.87
2026-01-19 02:30:00,133.71,133.95,133.63,133.84,122174.41
2026-01-19 02:45:00,133.84,133.9,133.62,133.75,93654.28
2026-01-19 03:00:00,133.74,134.06,133.63,133.95,200888.64
2026-01-19 03:15:00,133.95,134.04,133.53,133.71,178686.1
2026-01-19 03:30:00,133.71,133.93,133.65,133.75,100316.68
2026-01-19 03:45:00,133.75,133.91,133.72,133.85,87046.35
2026-01-19 04:00:00,133.85,134.0,133.6,133.76,101115.94
2026-01-19 04:15:00,133.76,133.77,133.46,133.69,109970.69
2026-01-19 04:30:00,133.68,133.82,133.57,133.69,81880.72
2026-01-19 04:45:00,133.69,133.8,133.57,133.62,71464.62
2026-01-19 05:00:00,133.62,133.74,133.39,133.43,108388.53
2026-01-19 05:15:00,133.43,133.5,133.3,133.48,138235.35
2026-01-19 05:30:00,133.48,133.93,133.35,133.4,417476.65
2026-01-19 05:45:00,133.4,133.5,133.26,133.29,249580.82
2026-01-19 06:00:00,133.28,133.37,133.09,133.2,128180.96
2026-01-19 06:15:00,133.2,133.27,132.76,132.91,355038.52
2026-01-19 06:30:00,132.91,133.04,132.64,132.89,164175.45
2026-01-19 06:45:00,132.89,133.25,132.89,133.21,149706.23
2026-01-19 07:00:00,133.21,133.35,133.12,133.3,85772.7
2026-01-19 07:15:00,133.31,133.45,133.23,133.36,79248.36
2026-01-19 07:30:00,133.36,133.5,133.27,133.36,126902.98
2026-01-19 07:45:00,133.35,133.52,133.29,133.39,100544.14
2026-01-19 08:00:00,133.39,133.46,133.2,133.29,111275.82
2026-01-19 08:15:00,133.29,133.99,133.26,133.6,318324.69
2026-01-19 08:30:00,133.59,133.93,133.45,133.76,186162.16
2026-01-19 08:45:00,133.77,133.92,133.72,133.8,115951.81
2026-01-19 09:00:00,133.8,133.82,133.47,133.5,136180.92
2026-01-19 09:15:00,133.51,133.93,133.5,133.83,174092.35
2026-01-19 09:30:00,133.83,134.0,133.55,133.64,120149.57
2026-01-19 09:45:00,133.65,133.8,133.55,133.66,63133.47
2026-01-19 10:00:00,133.67,133.71,133.45,133.69,86779.16
2026-01-19 10:15:00,133.69,133.79,133.52,133.56,92654.13
2026-01-19 10:30:00,133.56,133.75,133.47,133.72,53503.09
2026-01-19 10:45:00,133.71,133.76,133.56,133.73,51803.75
2026-01-19 11:00:00,133.73,133.75,133.56,133.65,56002.35
2026-01-19 11:15:00,133.65,134.04,133.57,133.89,211813.93
2026-01-19 11:30:00,133.89,134.15,133.81,134.15,147874.06
2026-01-19 11:45:00,134.14,134.32,133.98,134.05,127604.34
2026-01-19 12:00:00,134.05,134.05,133.64,133.75,205492.81
2026-01-19 12:15:00,133.76,133.92,133.65,133.79,108246.68
2026-01-19 12:30:00,133.8,134.14,133.79,134.07,111169.38
2026-01-19 12:45:00,134.06,134.14,133.82,134.07,150572.19
2026-01-19 13:00:00,134.07,134.08,133.81,133.86,84960.67
2026-01-19 13:15:00,133.86,133.92,133.52,133.64,180401.99
2026-01-19 13:30:00,133.63,134.02,133.62,133.85,114632.44
2026-01-19 13:45:00,133.85,133.96,133.63,133.67,46670.68
2026-01-19 14:00:00,133.67,133.71,133.2,133.36,195483.3
2026-01-19 14:15:00,133.36,133.63,133.31,133.49,105385.06
2026-01-19 14:30:00,133.49,133.73,133.3,133.37,149956.76
2026-01-19 14:45:00,133.37,133.62,133.28,133.44,79182.15
2026-01-19 15:00:00,133.44,133.79,133.36,133.55,174951.47
2026-01-19 15:15:00,133.55,133.86,133.39,133.74,169957.51
2026-01-19 15:30:00,133.75,133.87,133.35,133.42,182118.47
2026-01-19 15:45:00,133.42,133.54,133.39,133.47,62516.77
2026-01-19 16:00:00,133.48,133.72,133.4,133.54,103834.41
2026-01-19 16:15:00,133.54,133.88,133.5,133.71,95930.52
2026-01-19 16:30:00,133.72,134.1,133.67,133.99,171231.27
2026-01-19 16:45:00,133.99,134.6,133.98,134.39,270037.02
2026-01-19 17:00:00,134.39,134.46,134.0,134.18,144573.37
2026-01-19 17:15:00,134.18,134.41,134.12,134.33,109468.16
2026-01-19 17:30:00,134.33,134.34,134.0,134.12,80162.33
2026-01-19 17:45:00,134.12,134.28,134.04,134.21,170717.73
2026-01-19 18:00:00,134.2,134.29,133.81,133.88,115196.25
2026-01-19 18:15:00,133.88,133.99,133.81,133.94,61396.57
2026-01-19 18:30:00,133.94,134.33,133.9,134.27,61261.39
2026-01-19 18:45:00,134.27,134.35,134.06,134.19,55987.15
2026-01-19 19:00:00,134.18,134.41,134.16,134.33,49466.4
2026-01-19 19:15:00,134.33,134.65,134.3,134.41,92565.19
2026-01-19 19:30:00,134.41,134.55,134.17,134.51,64832.39
2026-01-19 19:45:00,134.5,134.51,134.31,134.38,34018.4
2026-01-19 20:00:00,134.37,134.55,134.37,134.46,50209.61
2026-01-19 20:15:00,134.45,135.1,134.44,135.01,239330.09
2026-01-19 20:30:00,135.01,135.07,134.65,134.65,98991.1
2026-01-19 20:45:00,134.65,134.7,134.48,134.62,60825.4
2026-01-19 21:00:00,134.61,134.91,134.38,134.45,125519.93
2026-01-19 21:15:00,134.46,134.46,134.15,134.26,92128.81
2026-01-19 21:30:00,134.25,134.34,134.08,134.2,48623.06
2026-01-19 21:45:00,134.2,134.21,134.0,134.03,46929.58
2026-01-19 22:00:00,134.02,134.15,133.43,133.77,258844.11
2026-01-19 22:15:00,133.77,134.1,133.77,133.9,105344.05
2026-01-19 22:30:00,133.9,133.94,132.7,133.27,380922.36
2026-01-19 22:45:00,133.26,133.53,132.88,132.89,99682.9
2026-01-19 23:00:00,132.89,133.39,132.69,133.12,348729.29
2026-01-19 23:15:00,133.12,133.55,132.83,133.44,159797.79
2026-01-19 23:30:00,133.44,133.88,133.4,133.57,156899.0
2026-01-19 23:45:00,133.56,133.64,133.3,133.38,83133.44
2026-01-20 00:00:00,133.38,133.81,133.29,133.56,182345.19
2026-01-20 00:15:00,133.56,133.58,133.0,133.21,157713.92
2026-01-20 00:30:00,133.21,133.9,133.2,133.81,164648.87
2026-01-20 00:45:00,133.82,133.89,133.52,133.67,101957.51
2026-01-20 01:00:00,133.66,133.83,133.22,133.56,107568.16
2026-01-20 01:15:00,133.56,134.23,133.47,134.21,133767.46
2026-01-20 01:30:00,134.2,134.2,133.7,133.76,90576.66
2026-01-20 01:45:00,133.75,134.03,133.72,133.8,86897.57
2026-01-20 02:00:00,133.81,133.86,133.32,133.43,125115.96
2026-01-20 02:15:00,133.43,133.62,133.28,133.53,83810.5
2026-01-20 02:30:00,133.54,134.02,133.54,133.85,120631.25
2026-01-20 02:45:00,133.84,134.1,133.68,133.79,112411.1
2026-01-20 03:00:00,133.78,133.91,133.49,133.6,66781.11
2026-01-20 03:15:00,133.59,133.74,133.43,133.6,138912.51
2026-01-20 03:30:00,133.61,134.17,133.46,134.15,345315.2
2026-01-20 03:45:00,134.15,134.6,134.08,134.21,225348.92
2026-01-20 04:00:00,134.2,134.21,133.65,133.7,208530.5
2026-01-20 04:15:00,133.7,133.7,133.23,133.53,384169.65
2026-01-20 04:30:00,133.54,133.67,133.34,133.38,52882.35
2026-01-20 04:45:00,133.37,133.51,133.13,133.34,123136.4
2026-01-20 05:00:00,133.35,133.48,132.33,132.57,597864.88
2026-01-20 05:15:00,132.57,133.11,132.48,133.03,217801.28
2026-01-20 05:30:00,133.03,133.26,132.76,132.9,116557.74
2026-01-20 05:45:00,132.89,133.32,132.89,132.97,126501.18
2026-01-20 06:00:00,132.97,132.98,132.44,132.52,179877.4
2026-01-20 06:15:00,132.51,132.56,131.01,131.98,1045005.63
2026-01-20 06:30:00,131.97,132.02,131.4,131.92,266735.94
2026-01-20 06:45:00,131.91,131.94,131.0,131.17,470485.08
2026-01-20 07:00:00,131.16,131.7,131.11,131.44,234938.3
2026-01-20 07:15:00,131.43,131.6,131.28,131.41,117223.6
2026-01-20 07:30:00,131.41,131.44,131.17,131.24,164325.74
2026-01-20 07:45:00,131.24,131.29,130.51,130.56,479507.41
2026-01-20 08:00:00,130.57,130.73,129.06,129.62,965898.49
2026-01-20 08:15:00,129.62,130.43,129.48,130.01,556816.02
2026-01-20 08:30:00,130.02,130.11,128.55,128.8,1282186.27
2026-01-20 08:45:00,128.8,129.09,128.27,129.03,672628.74
2026-01-20 09:00:00,129.03,129.15,128.65,128.9,256342.91
2026-01-20 09:15:00,128.91,129.01,128.76,128.91,227083.48
2026-01-20 09:30:00,128.92,128.99,128.5,128.55,210136.18
2026-01-20 09:45:00,128.55,129.02,128.53,128.85,208572.11
2026-01-20 10:00:00,128.85,129.28,128.68,129.2,211101.02
2026-01-20 10:15:00,129.21,129.27,128.9,129.24,183791.48
2026-01-20 10:30:00,129.25,129.28,128.95,129.11,132804.03
2026-01-20 10:45:00,129.12,129.23,128.7,128.83,221556.06
2026-01-20 11:00:00,128.84,129.42,128.82,129.01,184946.06
2026-01-20 11:15:00,129.02,129.12,128.69,128.98,270274.24
2026-01-20 11:30:00,128.99,128.99,128.64,128.81,168536.25
2026-01-20 11:45:00,128.81,128.88,128.68,128.73,87551.67
2026-01-20 12:00:00,128.73,129.34,128.65,129.28,273038.09
2026-01-20 12:15:00,129.27,129.39,129.02,129.22,147100.49
2026-01-20 12:30:00,129.22,129.36,129.06,129.22,92923.35
2026-01-20 12:45:00,129.22,129.32,129.15,129.26,77273.81
2026-01-20 13:00:00,129.26,129.28,128.48,128.53,351114.7
2026-01-20 13:15:00,128.53,128.8,128.48,128.64,208434.67
2026-01-20 13:30:00,128.65,129.05,128.32,128.68,264412.87
2026-01-20 13:45:00,128.68,128.76,128.3,128.37,261645.48
2026-01-20 14:00:00,128.36,128.95,128.32,128.86,161893.27
2026-01-20 14:15:00,128.87,128.87,127.75,128.6,601021.13
2026-01-20 14:30:00,128.6,129.73,128.23,129.16,814130.0
2026-01-20 14:45:00,129.16,129.16,127.98,128.79,768158.57
2026-01-20 15:00:00,128.79,128.89,127.15,128.15,1140252.37
2026-01-20 15:15:00,128.14,128.54,127.5,128.23,484946.31
2026-01-20 15:30:00,128.23,128.37,127.53,127.74,585572.92
2026-01-20 15:45:00,127.73,127.84,127.25,127.78,402170.65
2026-01-20 16:00:00,127.77,128.36,127.45,128.29,474522.96
2026-01-20 16:15:00,128.29,128.52,127.4,127.53,369115.83
2026-01-20 16:30:00,127.53,127.6,126.39,126.48,809264.64
2026-01-20 16:45:00,126.48,127.34,126.2,127.0,499858.09
2026-01-20 17:00:00,127.0,127.9,126.84,127.55,412972.03
2026-01-20 17:15:00,127.56,127.69,126.94,126.98,177495.64
2026-01-20 17:30:00,126.98,127.0,126.31,126.75,378040.34
2026-01-20 17:45:00,126.76,127.19,126.3,126.92,404561.31
2026-01-20 18:00:00,126.92,127.55,126.89,127.54,238239.98
2026-01-20 18:15:00,127.54,127.67,127.13,127.27,235590.95
2026-01-20 18:30:00,127.27,127.36,126.89,127.01,159199.04
2026-01-20 18:45:00,127.01,127.27,126.79,126.93,174142.18
2026-01-20 19:00:00,126.92,127.49,126.86,127.19,178910.39
2026-01-20 19:15:00,127.2,127.41,126.86,126.87,103093.4
2026-01-20 19:30:00,126.87,127.14,126.54,126.94,180965.47
2026-01-20 19:45:00,126.94,127.37,126.76,127.18,146530.87
2026-01-20 20:00:00,127.18,127.36,126.93,127.15,179348.64
2026-01-20 20:15:00,127.15,127.95,127.15,127.8,312535.32
2026-01-20 20:30:00,127.8,127.88,127.52,127.68,127381.75
2026-01-20 20:45:00,127.68,128.03,127.57,127.77,362234.0
2026-01-20 21:00:00,127.77,127.9,127.53,127.63,123492.43
2026-01-20 21:15:00,127.62,127.66,127.31,127.42,66586.47
2026-01-20 21:30:00,127.42,127.42,126.98,127.13,114046.63
2026-01-20 21:45:00,127.13,127.23,126.87,126.87,87314.49
2026-01-20 22:00:00,126.88,127.42,126.86,127.35,73185.06
2026-01-20 22:15:00,127.35,127.37,126.89,127.01,61144.48
2026-01-20 22:30:00,127.02,127.09,124.25,126.09,1163576.57
2026-01-20 22:45:00,126.1,126.37,125.84,126.03,265017.87
2026-01-20 23:00:00,126.02,126.25,125.72,126.13,282896.52
2026-01-20 23:15:00,126.14,126.33,125.74,126.01,238224.86
2026-01-20 23:30:00,126.01,126.43,126.01,126.05,143445.0
2026-01-20 23:45:00,126.06,126.11,125.51,125.72,165207.0
2026-01-21 00:00:00,125.72,126.26,125.7,125.9,169397.91
2026-01-21 00:15:00,125.91,126.28,125.66,126.21,128793.71
2026-01-21 00:30:00,126.21,127.11,126.13,126.85,288562.88
2026-01-21 00:45:00,126.84,127.45,126.82,127.23,301043.95
2026-01-21 01:00:00,127.23,127.62,127.16,127.49,165740.24
2026-01-21 01:15:00,127.48,127.61,127.23,127.58,130270.13
2026-01-21 01:30:00,127.58,127.82,127.19,127.33,298819.1
2026-01-21 01:45:00,127.32,127.48,127.12,127.29,106343.43
2026-01-21 02:00:00,127.29,127.69,127.29,127.66,114791.94
2026-01-21 02:15:00,127.66,127.73,127.07,127.12,116045.83
2026-01-21 02:30:00,127.13,127.16,126.7,126.98,179366.58
2026-01-21 02:45:00,126.98,127.2,126.74,126.88,145397.63
2026-01-21 03:00:00,126.87,127.1,126.82,127.05,86438.42
2026-01-21 03:15:00,127.05,127.5,127.01,127.45,189999.54
2026-01-21 03:30:00,127.46,127.79,127.4,127.72,142737.28
2026-01-21 03:45:00,127.73,127.73,127.35,127.54,173032.62
2026-01-21 04:00:00,127.54,127.71,127.41,127.43,136851.38
2026-01-21 04:15:00,127.43,127.84,127.39,127.8,106302.69
2026-01-21 04:30:00,127.81,127.97,127.66,127.95,69300.41
2026-01-21 04:45:00,127.95,127.96,127.65,127.69,72148.99
2026-01-21 05:00:00,127.7,127.99,127.66,127.95,75473.6
2026-01-21 05:15:00,127.94,128.12,127.79,127.9,98459.88
2026-01-21 05:30:00,127.9,128.67,127.9,128.49,275851.06
2026-01-21 05:45:00,128.48,128.68,128.33,128.43,186569.98
2026-01-21 06:00:00,128.43,128.44,128.12,128.24,102340.89
2026-01-21 06:15:00,128.25,128.55,128.13,128.41,117506.82
2026-01-21 06:30:00,128.41,128.49,128.2,128.22,103073.41
2026-01-21 06:45:00,128.22,128.22,127.91,128.16,130407.73
2026-01-21 07:00:00,128.16,128.39,128.0,128.13,172436.43
2026-01-21 07:15:00,128.14,128.35,128.08,128.34,115992.18
2026-01-21 07:30:00,128.35,128.35,127.62,127.72,166945.99
2026-01-21 07:45:00,127.73,127.73,127.4,127.53,217163.43
2026-01-21 08:00:00,127.52,127.59,127.26,127.34,161303.6
2026-01-21 08:15:00,127.34,127.62,127.31,127.33,106253.4
2026-01-21 08:30:00,127.33,127.38,126.9,127.02,203441.15
2026-01-21 08:45:00,127.02,127.31,126.91,127.1,121367.65
2026-01-21 09:00:00,127.1,127.28,126.97,127.11,170390.74
2026-01-21 09:15:00,127.12,127.71,127.09,127.55,150636.25
2026-01-21 09:30:00,127.56,127.6,127.29,127.5,134631.49
2026-01-21 09:45:00,127.5,127.64,127.26,127.4,107892.92
2026-01-21 10:00:00,127.4,127.87,127.34,127.76,138710.61
2026-01-21 10:15:00,127.77,127.8,127.49,127.62,55135.35
2026-01-21 10:30:00,127.62,128.14,127.54,127.9,156946.54
2026-01-21 10:45:00,127.91,127.91,127.65,127.66,50957.74
2026-01-21 11:00:00,127.67,127.67,127.36,127.6,121233.62
2026-01-21 11:15:00,127.6,127.86,127.55,127.63,51645.72
2026-01-21 11:30:00,127.63,127.7,127.32,127.51,132920.7
2026-01-21 11:45:00,127.51,127.71,126.73,126.87,405710.36
2026-01-21 12:00:00,126.87,127.27,126.09,126.53,575259.95
2026-01-21 12:15:00,126.53,127.11,126.32,126.71,445249.42
2026-01-21 12:30:00,126.7,127.38,126.43,127.06,448395.52
2026-01-21 12:45:00,127.06,127.39,126.93,127.35,125120.79
2026-01-21 13:00:00,127.35,127.58,127.2,127.46,179468.51
2026-01-21 13:15:00,127.46,127.52,126.86,127.09,227779.67
2026-01-21 13:30:00,127.08,127.4,126.91,127.06,130125.17
2026-01-21 13:45:00,127.05,127.54,126.74,127.04,259453.17
2026-01-21 14:00:00,127.04,129.17,126.9,128.78,897908.76
2026-01-21 14:15:00,128.77,128.92,128.34,128.69,570946.74
2026-01-21 14:30:00,128.69,129.44,128.59,128.97,636358.15
2026-01-21 14:45:00,128.98,129.69,128.67,129.47,442630.3
2026-01-21 15:00:00,129.47,130.25,129.29,130.06,634054.85
2026-01-21 15:15:00,130.06,131.13,129.63,129.67,856852.07
2026-01-21 15:30:00,129.68,130.1,129.32,130.09,546849.3
2026-01-21 15:45:00,130.1,130.62,129.8,130.38,274090.46
2026-01-21 16:00:00,130.37,130.39,129.35,129.36,320970.45
2026-01-21 16:15:00,129.37,129.5,128.23,128.81,619281.5
2026-01-21 16:30:00,128.81,128.88,126.34,126.47,1150433.0
2026-01-21 16:45:00,126.48,127.5,125.42,125.52,1177855.62
2026-01-21 17:00:00,125.51,126.74,125.31,125.39,783801.0
2026-01-21 17:15:00,125.39,126.26,125.17,126.19,621403.25
2026-01-21 17:30:00,126.19,126.86,125.46,126.48,451962.74
2026-01-21 17:45:00,126.48,127.0,126.29,126.85,335070.62
2026-01-21 18:00:00,126.86,127.44,126.28,127.18,316681.52
2026-01-21 18:15:00,127.18,127.32,126.68,127.0,450080.17
2026-01-21 18:30:00,127.0,127.35,126.9,126.99,157641.38
2026-01-21 18:45:00,126.99,127.81,126.92,127.55,267779.03
2026-01-21 19:00:00,127.55,127.87,127.11,127.35,204379.03
2026-01-21 19:15:00,127.35,129.57,127.27,129.4,627076.14
2026-01-21 19:30:00,129.4,131.11,129.08,131.01,1312038.82
2026-01-21 19:45:00,131.01,131.64,130.78,131.46,617035.65
2026-01-21 20:00:00,131.46,131.6,130.4,130.84,466913.55
2026-01-21 20:15:00,130.85,130.95,130.0,130.18,371072.36
2026-01-21 20:30:00,130.17,130.62,129.97,130.46,216282.14
2026-01-21 20:45:00,130.46,131.18,130.44,131.09,276872.07
2026-01-21 21:00:00,131.09,131.31,130.7,131.0,132347.92
2026-01-21 21:15:00,131.0,132.09,130.81,130.89,415134.48
2026-01-21 21:30:00,130.89,131.35,130.86,131.24,104693.7
2026-01-21 21:45:00,131.24,131.28,130.9,130.99,96163.9
2026-01-21 22:00:00,131.0,131.7,130.91,131.32,148986.06
2026-01-21 22:15:00,131.32,131.37,130.7,130.84,181580.58
2026-01-21 22:30:00,130.83,130.94,130.56,130.66,97854.57
2026-01-21 22:45:00,130.66,130.83,130.51,130.54,72835.43
2026-01-21 23:00:00,130.54,130.98,130.48,130.85,136978.18
2026-01-21 23:15:00,130.85,130.87,130.17,130.36,144861.56
2026-01-21 23:30:00,130.37,130.37,129.42,129.43,231671.58
2026-01-21 23:45:00,129.44,129.59,129.08,129.48,234985.93
2026-01-22 00:00:00,129.48,129.86,129.47,129.79,214275.61
2026-01-22 00:15:00,129.78,130.05,129.61,129.94,109701.15
2026-01-22 00:30:00,129.95,130.27,129.92,130.09,126873.84
2026-01-22 00:45:00,130.09,130.23,129.84,129.93,81380.84
2026-01-22 01:00:00,129.92,130.25,129.81,129.98,122087.53
2026-01-22 01:15:00,129.97,130.55,129.94,130.35,149768.65
2026-01-22 01:30:00,130.35,130.4,129.87,130.01,73690.48
2026-01-22 01:45:00,130.02,130.33,129.88,130.15,69273.98
2026-01-22 02:00:00,130.15,130.39,130.06,130.36,80565.4
2026-01-22 02:15:00,130.35,130.53,130.18,130.4,81345.03
2026-01-22 02:30:00,130.4,130.4,129.92,130.24,98664.19
2026-01-22 02:45:00,130.23,130.24,129.64,129.72,96778.59
2026-01-22 03:00:00,129.72,130.22,129.72,130.09,88288.36
2026-01-22 03:15:00,130.09,130.09,129.68,129.83,80187.9
2026-01-22 03:30:00,129.82,129.85,129.45,129.75,107116.8
2026-01-22 03:45:00,129.75,129.88,129.68,129.77,43206.89
2026-01-22 04:00:00,129.77,130.08,129.72,129.92,68867.26
2026-01-22 04:15:00,129.93,130.2,129.85,130.17,50234.89
2026-01-22 04:30:00,130.18,130.37,130.05,130.24,65583.65
2026-01-22 04:45:00,130.25,130.42,130.2,130.28,77755.47
2026-01-22 05:00:00,130.28,130.37,130.15,130.17,41556.97
2026-01-22 05:15:00,130.18,130.23,130.02,130.08,40094.03
2026-01-22 05:30:00,130.07,130.24,129.97,130.14,47027.24
2026-01-22 05:45:00,130.14,130.22,129.88,130.04,47999.6
2026-01-22 06:00:00,130.04,130.33,129.72,129.97,106361.54
2026-01-22 06:15:00,129.97,130.06,129.66,129.7,94514.62
2026-01-22 06:30:00,129.71,130.18,129.67,130.14,66710.32
2026-01-22 06:45:00,130.14,130.4,130.12,130.29,60838.46
2026-01-22 07:00:00,130.28,130.37,129.99,130.04,59559.48
2026-01-22 07:15:00,130.04,130.08,129.83,129.98,64596.87
2026-01-22 07:30:00,129.98,130.07,129.88,129.97,43459.08
2026-01-22 07:45:00,129.97,130.0,129.68,129.72,68577.5
2026-01-22 08:00:00,129.73,130.04,129.43,129.47,133681.78
2026-01-22 08:15:00,129.47,129.66,129.26,129.5,145135.82
2026-01-22 08:30:00,129.51,129.81,129.38,129.61,62881.51
2026-01-22 08:45:00,129.6,130.0,129.55,129.87,77201.54
2026-01-22 09:00:00,129.87,129.99,129.53,129.89,113635.37
2026-01-22 09:15:00,129.88,129.99,129.61,129.8,62887.01
2026-01-22 09:30:00,129.79,130.19,129.74,130.15,101329.42
2026-01-22 09:45:00,130.15,130.2,129.94,130.1,80859.67
2026-01-22 10:00:00,130.1,130.22,130.01,130.22,46012.49
2026-01-22 10:15:00,130.22,130.3,130.02,130.08,85177.07
2026-01-22 10:30:00,130.09,130.17,129.93,130.1,57721.43
2026-01-22 10:45:00,130.1,130.17,129.98,130.08,43496.16
2026-01-22 11:00:00,130.09,130.26,129.84,129.96,65721.89
2026-01-22 11:15:00,129.96,130.12,129.68,129.82,94574.85
2026-01-22 11:30:00,129.81,129.98,129.63,129.82,137741.62
2026-01-22 11:45:00,129.82,130.27,129.77,130.04,147646.46
2026-01-22 12:00:00,130.04,130.34,129.9,130.29,112840.58
2026-01-22 12:15:00,130.3,130.38,130.09,130.17,62140.89
2026-01-22 12:30:00,130.18,130.28,130.05,130.06,68389.6
2026-01-22 12:45:00,130.06,130.09,129.93,130.01,62419.38
2026-01-22 13:00:00,130.0,130.09,129.86,129.94,68719.04
2026-01-22 13:15:00,129.94,130.52,129.94,130.5,137090.18
2026-01-22 13:30:00,130.51,130.89,129.4,129.44,484965.48
2026-01-22 13:45:00,129.44,129.64,129.01,129.3,457002.18
2026-01-22 14:00:00,129.29,129.46,129.0,129.39,265853.74
2026-01-22 14:15:00,129.39,129.43,128.66,128.98,347500.93
2026-01-22 14:30:00,128.99,129.27,128.38,128.87,534108.21
2026-01-22 14:45:00,128.88,128.95,127.76,127.83,814650.61
2026-01-22 15:00:00,127.83,128.19,127.46,127.97,468052.55
2026-01-22 15:15:00,127.96,128.28,126.81,126.95,610735.63
2026-01-22 15:30:00,126.95,127.81,126.66,127.78,488435.23
2026-01-22 15:45:00,127.78,128.46,127.08,127.32,501223.49
2026-01-22 16:00:00,127.32,127.94,127.0,127.14,401639.46
2026-01-22 16:15:00,127.13,127.87,126.82,127.61,352450.14
2026-01-22 16:30:00,127.61,127.87,127.09,127.62,226460.01
2026-01-22 16:45:00,127.62,128.24,127.51,127.81,190878.71
2026-01-22 17:00:00,127.81,128.29,127.77,127.9,183352.01
2026-01-22 17:15:00,127.91,128.25,127.46,127.68,150002.26
2026-01-22 17:30:00,127.68,127.99,127.55,127.97,88223.65
2026-01-22 17:45:00,127.98,128.75,127.98,128.62,217920.38
2026-01-22 18:00:00,128.61,128.61,128.11,128.13,161938.7
2026-01-22 18:15:00,128.14,128.72,128.11,128.29,109270.92
2026-01-22 18:30:00,128.3,128.65,128.22,128.36,128965.74
2026-01-22 18:45:00,128.37,128.45,127.53,127.66,156296.66
2026-01-22 19:00:00,127.66,128.06,127.39,128.0,178590.76
2026-01-22 19:15:00,128.0,128.35,127.8,128.17,100918.41
2026-01-22 19:30:00,128.18,129.03,128.17,128.98,302167.85
2026-01-22 19:45:00,128.98,129.3,128.67,129.18,273958.07
2026-01-22 20:00:00,129.18,129.58,129.03,129.57,277018.37
2026-01-22 20:15:00,129.58,129.7,128.66,128.75,168110.33
2026-01-22 20:30:00,128.74,128.97,128.25,128.42,177960.27
2026-01-22 20:45:00,128.42,128.65,128.3,128.42,146586.68
2026-01-22 21:00:00,128.42,128.62,128.14,128.46,106039.28
2026-01-22 21:15:00,128.45,129.0,128.4,128.68,106336.65
2026-01-22 21:30:00,128.69,128.69,128.33,128.38,85014.94
2026-01-22 21:45:00,128.39,128.58,128.15,128.24,86912.39
2026-01-22 22:00:00,128.25,128.65,128.05,128.45,87782.85
2026-01-22 22:15:00,128.45,128.54,128.19,128.27,50071.12
2026-01-22 22:30:00,128.27,128.42,127.95,128.39,91639.73
2026-01-22 22:45:00,128.39,128.71,128.35,128.65,60727.97
2026-01-22 23:00:00,128.64,128.66,128.05,128.4,95601.18
2026-01-22 23:15:00,128.39,128.54,128.26,128.34,65854.86
2026-01-22 23:30:00,128.35,128.6,128.27,128.35,47276.06
2026-01-22 23:45:00,128.34,128.42,128.24,128.41,38547.54
2026-01-23 00:00:00,128.42,128.44,128.18,128.35,56545.7
2026-01-23 00:15:00,128.35,128.45,128.18,128.24,41428.94
2026-01-23 00:30:00,128.23,128.29,128.0,128.21,67074.61
2026-01-23 00:45:00,128.2,128.41,128.14,128.28,46172.59
2026-01-23 01:00:00,128.28,128.56,128.25,128.26,48313.03
2026-01-23 01:15:00,128.27,128.53,128.2,128.36,60291.53
2026-01-23 01:30:00,128.37,128.74,128.25,128.65,103684.14
2026-01-23 01:45:00,128.66,128.87,128.56,128.82,74014.21
2026-01-23 02:00:00,128.83,128.9,128.49,128.74,99182.08
2026-01-23 02:15:00,128.74,128.75,128.33,128.44,60551.23
2026-01-23 02:30:00,128.44,128.5,128.35,128.41,47192.34
2026-01-23 02:45:00,128.41,128.46,128.11,128.11,101232.93
2026-01-23 03:00:00,128.11,128.41,128.07,128.29,55721.35
2026-01-23 03:15:00,128.28,128.71,128.27,128.59,77382.87
2026-01-23 03:30:00,128.59,128.7,128.36,128.61,52881.17
2026-01-23 03:45:00,128.61,128.71,128.49,128.7,28826.71
2026-01-23 04:00:00,128.69,128.94,128.57,128.91,87021.9
2026-01-23 04:15:00,128.9,128.96,128.53,128.87,185336.53
2026-01-23 04:30:00,128.87,129.03,128.65,128.99,125757.02
2026-01-23 04:45:00,128.99,129.24,128.94,129.05,181352.14
2026-01-23 05:00:00,129.06,129.06,128.8,128.9,80701.77
2026-01-23 05:15:00,128.9,128.91,128.33,128.51,135541.09
2026-01-23 05:30:00,128.52,128.7,128.44,128.55,76679.16
2026-01-23 05:45:00,128.54,128.66,128.3,128.6,108860.36
2026-01-23 06:00:00,128.6,129.02,128.57,128.92,98994.98
2026-01-23 06:15:00,128.91,129.09,128.14,128.27,194461.14
2026-01-23 06:30:00,128.26,128.59,128.08,128.52,159217.1
2026-01-23 06:45:00,128.52,128.57,127.16,127.43,566357.75
2026-01-23 07:00:00,127.43,127.76,127.43,127.72,194500.12
2026-01-23 07:15:00,127.73,127.97,127.66,127.85,104073.61
2026-01-23 07:30:00,127.86,128.03,127.78,128.02,75327.45
2026-01-23 07:45:00,128.02,128.02,127.67,127.84,75399.47
2026-01-23 08:00:00,127.84,127.93,127.66,127.68,73192.1
2026-01-23 08:15:00,127.69,127.71,127.34,127.43,107866.99
2026-01-23 08:30:00,127.44,127.54,127.04,127.29,202505.02
2026-01-23 08:45:00,127.29,127.45,126.87,127.04,147325.19
2026-01-23 09:00:00,127.04,127.32,127.01,127.13,83839.5
2026-01-23 09:15:00,127.13,127.24,126.86,127.06,129483.94
2026-01-23 09:30:00,127.07,127.29,126.84,127.17,104654.98
2026-01-23 09:45:00,127.17,127.18,126.89,127.0,99256.32
2026-01-23 10:00:00,127.0,127.32,126.94,127.22,91536.2
2026-01-23 10:15:00,127.22,127.32,127.16,127.28,93902.66
2026-01-23 10:30:00,127.28,127.41,127.02,127.37,96441.07
2026-01-23 10:45:00,127.36,127.42,127.16,127.21,68330.62
2026-01-23 11:00:00,127.21,127.64,127.15,127.49,120371.94
2026-01-23 11:15:00,127.48,127.56,127.41,127.52,56750.6
2026-01-23 11:30:00,127.51,127.68,127.49,127.58,68596.06
2026-01-23 11:45:00,127.59,127.62,127.36,127.45,48678.24
2026-01-23 12:00:00,127.46,127.46,127.21,127.21,69386.49
2026-01-23 12:15:00,127.21,127.41,127.13,127.33,49035.8
2026-01-23 12:30:00,127.33,127.39,127.09,127.32,73179.96
2026-01-23 12:45:00,127.32,127.43,127.08,127.11,82189.09
2026-01-23 13:00:00,127.11,127.34,127.08,127.25,105411.37
2026-01-23 13:15:00,127.25,127.35,127.12,127.16,95625.69
2026-01-23 13:30:00,127.15,127.22,126.91,127.13,80713.57
2026-01-23 13:45:00,127.13,127.25,126.65,126.77,214041.32
2026-01-23 14:00:00,126.77,127.12,126.55,127.04,174078.3
2026-01-23 14:15:00,127.04,127.23,126.92,127.19,151089.41
2026-01-23 14:30:00,127.18,127.31,125.46,125.71,1001203.27
2026-01-23 14:45:00,125.71,126.23,125.22,126.04,559103.62
2026-01-23 15:00:00,126.05,126.33,125.68,125.81,326713.7
2026-01-23 15:15:00,125.81,126.74,125.43,126.4,409614.25
2026-01-23 15:30:00,126.4,127.09,126.35,126.96,262246.64
2026-01-23 15:45:00,126.97,128.05,126.96,127.84,448940.55
2026-01-23 16:00:00,127.85,128.74,127.69,128.4,557848.07
2026-01-23 16:15:00,128.4,128.5,127.54,127.73,337622.49
2026-01-23 16:30:00,127.72,128.92,127.37,128.62,467040.72
2026-01-23 16:45:00,128.61,129.12,128.3,128.38,291152.86
2026-01-23 17:00:00,128.38,128.39,127.8,128.14,252870.86
2026-01-23 17:15:00,128.15,129.75,128.15,129.74,478528.17
2026-01-23 17:30:00,129.74,130.15,129.24,129.44,515178.03
2026-01-23 17:45:00,129.44,129.73,128.35,128.35,323519.31
2026-01-23 18:00:00,128.36,129.27,128.18,128.71,376745.22
2026-01-23 18:15:00,128.71,129.01,128.51,128.98,115002.34
2026-01-23 18:30:00,128.98,129.51,128.95,129.09,220451.79
2026-01-23 18:45:00,129.09,129.2,128.83,128.98,149883.34
2026-01-23 19:00:00,128.98,129.0,128.4,128.67,206301.98
2026-01-23 19:15:00,128.67,129.06,127.9,128.4,428607.52
2026-01-23 19:30:00,128.4,128.41,127.59,128.07,392362.78
2026-01-23 19:45:00,128.08,128.18,127.74,128.01,135220.92
2026-01-23 20:00:00,128.02,128.21,127.58,128.04,182287.4
2026-01-23 20:15:00,128.03,128.11,127.55,127.62,125443.35
2026-01-23 20:30:00,127.62,127.62,126.72,127.03,464433.68
2026-01-23 20:45:00,127.03,127.33,126.47,126.9,348371.06
2026-01-23 21:00:00,126.9,127.43,126.82,127.37,140527.33
2026-01-23 21:15:00,127.37,127.5,127.07,127.34,71880.47
2026-01-23 21:30:00,127.34,127.4,127.04,127.16,62204.81
2026-01-23 21:45:00,127.15,127.29,127.06,127.06,44193.84
2026-01-23 22:00:00,127.07,127.68,127.04,127.41,81135.55
2026-01-23 22:15:00,127.41,127.66,127.3,127.57,47340.39
2026-01-23 22:30:00,127.56,127.82,127.49,127.57,82418.35
2026-01-23 22:45:00,127.58,127.68,127.41,127.6,24527.52
2026-01-23 23:00:00,127.6,127.6,127.26,127.49,64287.58
2026-01-23 23:15:00,127.49,127.58,127.23,127.36,46255.66
2026-01-23 23:30:00,127.36,127.48,127.23,127.24,33867.24
2026-01-23 23:45:00,127.23,127.49,127.18,127.36,51959.79
2026-01-24 00:00:00,127.37,127.68,127.3,127.35,71267.62
2026-01-24 00:15:00,127.35,127.55,127.31,127.35,51659.45
2026-01-24 00:30:00,127.35,127.61,127.34,127.45,37829.34
2026-01-24 00:45:00,127.45,127.5,127.32,127.32,32532.17
2026-01-24 01:00:00,127.33,127.36,127.22,127.33,32948.2
2026-01-24 01:15:00,127.32,127.49,127.3,127.47,30632.99
2026-01-24 01:30:00,127.47,127.49,127.22,127.45,39472.93
2026-01-24 01:45:00,127.44,127.48,127.36,127.48,33779.93
2026-01-24 02:00:00,127.48,127.58,127.42,127.52,53517.65
2026-01-24 02:15:00,127.53,127.62,127.43,127.43,36346.12
2026-01-24 02:30:00,127.44,127.72,127.41,127.64,64448.28
2026-01-24 02:45:00,127.64,127.66,127.5,127.64,31889.57
2026-01-24 03:00:00,127.65,127.93,127.52,127.89,88891.25
2026-01-24 03:15:00,127.89,128.05,127.7,128.04,72075.2
2026-01-24 03:30:00,128.05,128.05,127.75,127.95,63499.19
2026-01-24 03:45:00,127.95,127.96,127.71,127.82,42715.57
2026-01-24 04:00:00,127.82,128.04,127.75,127.94,48844.1
2026-01-24 04:15:00,127.94,127.97,127.71,127.72,52468.07
2026-01-24 04:30:00,127.72,127.84,127.66,127.77,38392.36
2026-01-24 04:45:00,127.76,127.79,127.62,127.77,31407.12
2026-01-24 05:00:00,127.78,127.82,127.67,127.7,27825.27
2026-01-24 05:15:00,127.7,127.8,127.7,127.75,15044.98
2026-01-24 05:30:00,127.75,127.8,127.57,127.6,36139.7
2026-01-24 05:45:00,127.6,127.74,127.56,127.73,23015.45
2026-01-24 06:00:00,127.73,127.76,127.57,127.69,26663.6
2026-01-24 06:15:00,127.7,127.7,127.46,127.5,27565.68
2026-01-24 06:30:00,127.5,127.66,127.5,127.62,25053.89
2026-01-24 06:45:00,127.62,127.63,127.55,127.58,14516.16
2026-01-24 07:00:00,127.57,127.61,127.51,127.55,25293.92
2026-01-24 07:15:00,127.54,127.55,127.1,127.2,126512.34
2026-01-24 07:30:00,127.19,127.26,127.0,127.15,105407.96
2026-01-24 07:45:00,127.14,127.27,127.05,127.05,41973.08
2026-01-24 08:00:00,127.06,127.1,126.93,127.03,68338.2
2026-01-24 08:15:00,127.03,127.11,126.98,127.04,35991.88
2026-01-24 08:30:00,127.05,127.24,127.04,127.24,63980.49
2026-01-24 08:45:00,127.23,127.34,127.2,127.3,60632.16
2026-01-24 09:00:00,127.3,127.31,127.12,127.22,41853.14
2026-01-24 09:15:00,127.23,127.23,127.04,127.08,39314.89
2026-01-24 09:30:00,127.08,127.1,126.98,127.05,38589.89
2026-01-24 09:45:00,127.06,127.08,126.94,127.05,53127.93
2026-01-24 10:00:00,127.05,127.07,126.96,126.97,40698.21
2026-01-24 10:15:00,126.97,127.04,126.86,127.02,59003.23
2026-01-24 10:30:00,127.01,127.16,127.0,127.14,37863.82
2026-01-24 10:45:00,127.15,127.2,127.11,127.13,35587.69
2026-01-24 11:00:00,127.13,127.22,127.1,127.2,38472.26
2026-01-24 11:15:00,127.2,127.34,127.19,127.24,51158.24
2026-01-24 11:30:00,127.24,127.25,127.17,127.2,26223.11
2026-01-24 11:45:00,127.2,127.25,127.05,127.12,53540.2
2026-01-24 12:00:00,127.12,127.2,127.05,127.06,38677.04
2026-01-24 12:15:00,127.07,127.15,127.02,127.14,32677.0
2026-01-24 12:30:00,127.15,127.32,127.08,127.29,50535.52
2026-01-24 12:45:00,127.28,127.32,127.22,127.24,32211.63
2026-01-24 13:00:00,127.25,127.25,127.07,127.09,52047.29
2026-01-24 13:15:00,127.09,127.1,126.96,127.01,59049.38
2026-01-24 13:30:00,127.01,127.12,127.0,127.08,24281.07
2026-01-24 13:45:00,127.09,127.2,126.86,126.87,57459.8
2026-01-24 14:00:00,126.86,127.14,126.75,127.06,162355.12
2026-01-24 14:15:00,127.06,127.06,126.87,127.0,47967.64
2026-01-24 14:30:00,126.99,127.21,126.99,127.11,52470.7
2026-01-24 14:45:00,127.12,127.16,127.07,127.11,37569.16
2026-01-24 15:00:00,127.11,127.32,127.1,127.31,54628.34
2026-01-24 15:15:00,127.32,127.34,127.06,127.09,52749.51
2026-01-24 15:30:00,127.1,127.17,126.86,126.89,69514.32
2026-01-24 15:45:00,126.88,126.95,126.72,126.78,83622.63
2026-01-24 16:00:00,126.77,126.94,126.6,126.76,133040.61
2026-01-24 16:15:00,126.76,126.87,126.56,126.86,72163.47
2026-01-24 16:30:00,126.86,126.88,126.68,126.75,36780.7
2026-01-24 16:45:00,126.75,127.06,126.72,126.93,52706.12
2026-01-24 17:00:00,126.94,127.04,126.88,127.01,50246.32
2026-01-24 17:15:00,127.02,127.17,126.97,127.15,47237.53
2026-01-24 17:30:00,127.15,127.21,127.07,127.12,52845.38
2026-01-24 17:45:00,127.13,127.18,127.08,127.18,25330.92
2026-01-24 18:00:00,127.18,127.21,127.11,127.19,42422.16
2026-01-24 18:15:00,127.2,127.25,127.1,127.19,32520.0
2026-01-24 18:30:00,127.2,127.39,127.18,127.27,53496.5
2026-01-24 18:45:00,127.27,127.33,127.24,127.3,40226.97
2026-01-24 19:00:00,127.31,127.4,127.21,127.26,59537.61
2026-01-24 19:15:00,127.27,127.27,127.16,127.22,35665.26
2026-01-24 19:30:00,127.22,127.43,127.19,127.36,33518.03
2026-01-24 19:45:00,127.36,127.42,127.21,127.22,49026.0
2026-01-24 20:00:00,127.21,127.34,127.21,127.33,28485.86
2026-01-24 20:15:00,127.33,127.42,127.33,127.35,24218.38
2026-01-24 20:30:00,127.35,127.37,127.27,127.27,19962.68
2026-01-24 20:45:00,127.27,127.28,127.19,127.21,17908.61
2026-01-24 21:00:00,127.22,127.22,127.07,127.16,42373.87
2026-01-24 21:15:00,127.17,127.27,127.14,127.21,33794.4
2026-01-24 21:30:00,127.21,127.21,127.09,127.14,27837.44
2026-01-24 21:45:00,127.15,127.15,127.02,127.08,17961.68
2026-01-24 22:00:00,127.09,127.46,127.07,127.4,73276.09
2026-01-24 22:15:00,127.4,127.48,127.32,127.33,41965.41
2026-01-24 22:30:00,127.33,127.5,127.21,127.27,46711.73
2026-01-24 22:45:00,127.27,127.65,127.26,127.55,64782.07
2026-01-24 23:00:00,127.56,127.68,127.4,127.46,51262.73
2026-01-24 23:15:00,127.47,127.48,127.32,127.41,28057.91
2026-01-24 23:30:00,127.4,127.41,127.13,127.14,30687.54
2026-01-24 23:45:00,127.14,127.21,127.1,127.13,50848.46
2026-01-25 00:00:00,127.13,127.39,127.11,127.25,51118.75
2026-01-25 00:15:00,127.25,127.32,126.97,127.01,66774.04
2026-01-25 00:30:00,127.0,127.1,126.75,127.04,87183.58
2026-01-25 00:45:00,127.05,127.3,126.98,127.26,32737.81
2026-01-25 01:00:00,127.26,127.35,127.14,127.19,37339.09
2026-01-25 01:15:00,127.19,127.21,127.04,127.04,27957.34
2026-01-25 01:30:00,127.05,127.05,126.88,126.89,58000.44
2026-01-25 01:45:00,126.89,127.08,126.89,127.08,29353.94
2026-01-25 02:00:00,127.08,127.36,127.05,127.26,68876.6
2026-01-25 02:15:00,127.25,127.26,127.03,127.08,25492.14
2026-01-25 02:30:00,127.09,127.26,126.94,126.94,30383.12
2026-01-25 02:45:00,126.94,127.04,126.87,126.97,42890.05
2026-01-25 03:00:00,126.97,127.06,126.87,126.9,50970.35
2026-01-25 03:15:00,126.9,126.91,126.66,126.67,104301.57
2026-01-25 03:30:00,126.67,126.68,126.25,126.48,191051.31
2026-01-25 03:45:00,126.47,126.61,126.36,126.55,56799.67
2026-01-25 04:00:00,126.56,126.75,126.5,126.54,79802.06
2026-01-25 04:15:00,126.54,126.7,126.44,126.69,62955.87
2026-01-25 04:30:00,126.69,126.93,126.69,126.79,53127.24
2026-01-25 04:45:00,126.79,126.83,126.7,126.7,26932.79
2026-01-25 05:00:00,126.7,126.76,126.65,126.73,26655.04
2026-01-25 05:15:00,126.74,126.74,126.55,126.69,32089.89
2026-01-25 05:30:00,126.7,126.71,126.56,126.6,45496.24
2026-01-25 05:45:00,126.6,126.88,126.59,126.86,29058.45
2026-01-25 06:00:00,126.87,126.87,126.42,126.44,61155.42
2026-01-25 06:15:00,126.44,126.61,126.35,126.55,50151.98
2026-01-25 06:30:00,126.55,126.76,126.48,126.66,54214.06
2026-01-25 06:45:00,126.67,126.7,126.6,126.64,18059.72
2026-01-25 07:00:00,126.64,126.65,126.41,126.41,34821.02
2026-01-25 07:15:00,126.41,126.53,126.27,126.5,62158.12
2026-01-25 07:30:00,126.5,126.57,126.42,126.51,22479.28
2026-01-25 07:45:00,126.51,126.52,126.35,126.41,23144.09
2026-01-25 08:00:00,126.41,126.7,126.39,126.69,47276.01
2026-01-25 08:15:00,126.7,126.76,126.6,126.6,41025.21
2026-01-25 08:30:00,126.6,126.62,126.02,126.31,162857.99
2026-01-25 08:45:00,126.3,126.3,125.9,126.15,158876.5
2026-01-25 09:00:00,126.15,126.33,126.04,126.27,70331.67
2026-01-25 09:15:00,126.28,126.52,126.27,126.42,55673.71
2026-01-25 09:30:00,126.42,126.85,126.39,126.82,98132.36
2026-01-25 09:45:00,126.81,126.82,126.55,126.65,91096.86
2026-01-25 10:00:00,126.65,126.77,126.57,126.71,60384.34
2026-01-25 10:15:00,126.72,127.11,126.69,127.11,116028.27
2026-01-25 10:30:00,127.1,127.16,126.87,127.02,71370.5
2026-01-25 10:45:00,127.02,127.05,126.84,126.89,56810.0
2026-01-25 11:00:00,126.89,126.89,126.65,126.68,70041.02
2026-01-25 11:15:00,126.68,126.92,126.68,126.87,31964.74
2026-01-25 11:30:00,126.87,126.91,126.63,126.67,35283.84
2026-01-25 11:45:00,126.67,126.76,126.5,126.71,50247.22
2026-01-25 12:00:00,126.71,126.79,126.56,126.78,76059.69
2026-01-25 12:15:00,126.78,126.89,126.52,126.7,88953.82
2026-01-25 12:30:00,126.7,126.89,126.63,126.87,42658.47
2026-01-25 12:45:00,126.87,126.99,126.8,126.98,69652.35
2026-01-25 13:00:00,126.98,127.08,126.75,126.77,71974.85
2026-01-25 13:15:00,126.78,126.92,126.5,126.51,51600.5
2026-01-25 13:30:00,126.52,126.73,126.42,126.71,64057.47
2026-01-25 13:45:00,126.72,126.98,126.71,126.9,52699.42
2026-01-25 14:00:00,126.91,126.94,126.46,126.51,73987.94
2026-01-25 14:15:00,126.51,126.62,125.6,125.84,355509.25
2026-01-25 14:30:00,125.84,126.0,125.63,125.86,157299.64
2026-01-25 14:45:00,125.86,126.1,125.7,126.03,101175.88
2026-01-25 15:00:00,126.02,126.15,125.86,125.96,105962.08
2026-01-25 15:15:00,125.95,126.26,125.78,126.19,143598.96
2026-01-25 15:30:00,126.19,126.2,125.78,125.82,88841.47
2026-01-25 15:45:00,125.82,125.83,125.38,125.51,241403.44
2026-01-25 16:00:00,125.51,125.51,122.0,122.63,2544375.85
2026-01-25 16:15:00,122.63,123.07,122.06,122.84,952432.83
2026-01-25 16:30:00,122.84,123.1,122.31,122.69,375485.95
2026-01-25 16:45:00,122.7,122.8,122.36,122.69,268240.99
2026-01-25 17:00:00,122.68,122.9,121.47,121.56,780220.46
2026-01-25 17:15:00,121.55,122.08,121.5,121.98,321566.12
2026-01-25 17:30:00,121.99,122.44,121.96,122.44,153984.86
2026-01-25 17:45:00,122.44,122.48,122.07,122.13,138639.54
2026-01-25 18:00:00,122.13,122.23,120.6,121.82,522107.65
2026-01-25 18:15:00,121.83,122.15,121.24,121.4,333069.16
2026-01-25 18:30:00,121.4,121.59,120.56,121.04,518742.11
2026-01-25 18:45:00,121.04,121.69,120.86,121.58,290794.68
2026-01-25 19:00:00,121.59,121.77,121.3,121.32,153269.76
2026-01-25 19:15:00,121.32,121.45,118.77,119.6,1703548.08
2026-01-25 19:30:00,119.6,120.25,119.13,119.89,631160.29
2026-01-25 19:45:00,119.89,119.98,117.0,117.86,1873785.49
2026-01-25 20:00:00,117.87,118.61,117.33,117.49,1137897.93
2026-01-25 20:15:00,117.5,118.44,117.35,118.32,483636.2
2026-01-25 20:30:00,118.32,118.39,117.45,117.84,582917.97
2026-01-25 20:45:00,117.85,118.48,117.55,118.24,576288.19
2026-01-25 21:00:00,118.24,118.81,117.82,118.12,819051.8
2026-01-25 21:15:00,118.13,118.37,117.85,118.29,450147.98
2026-01-25 21:30:00,118.28,118.37,117.49,118.05,303986.91
2026-01-25 21:45:00,118.04,118.89,118.04,118.73,257990.59
2026-01-25 22:00:00,118.74,118.74,118.24,118.51,133082.28
2026-01-25 22:15:00,118.52,118.57,117.81,118.08,161985.42
2026-01-25 22:30:00,118.09,118.6,117.93,118.55,121492.84
2026-01-25 22:45:00,118.55,118.6,117.98,118.32,106654.31
2026-01-25 23:00:00,118.33,119.17,117.46,118.74,1008955.05
2026-01-25 23:15:00,118.74,119.27,118.54,119.0,226970.51
2026-01-25 23:30:00,119.0,119.12,118.56,118.77,153259.13
2026-01-25 23:45:00,118.77,119.37,118.71,118.76,412584.79
2026-01-26 00:00:00,118.77,119.48,118.45,119.41,472874.47
2026-01-26 00:15:00,119.4,119.73,118.92,119.3,252216.5
2026-01-26 00:30:00,119.29,119.3,118.71,118.84,157459.63
2026-01-26 00:45:00,118.85,119.7,118.66,119.56,192852.49
2026-01-26 01:00:00,119.56,121.33,119.49,120.99,576418.15
2026-01-26 01:15:00,121.0,122.0,121.0,121.61,435065.0
2026-01-26 01:30:00,121.61,122.08,121.27,121.73,334012.96
2026-01-26 01:45:00,121.74,122.72,121.67,122.31,383998.12
2026-01-26 02:00:00,122.32,122.43,121.37,121.37,294962.46
2026-01-26 02:15:00,121.38,122.37,121.21,122.36,251908.18
2026-01-26 02:30:00,122.36,122.61,121.94,121.95,253203.14
2026-01-26 02:45:00,121.96,122.23,121.84,121.97,157216.41
2026-01-26 03:00:00,121.96,122.28,121.95,122.04,146305.01
2026-01-26 03:15:00,122.05,122.26,121.41,121.54,453079.34
2026-01-26 03:30:00,121.53,121.62,121.2,121.48,153654.63
2026-01-26 03:45:00,121.49,121.59,121.04,121.51,156796.5
2026-01-26 04:00:00,121.51,122.25,121.5,122.17,180892.65
2026-01-26 04:15:00,122.18,123.55,122.14,123.28,425713.81
2026-01-26 04:30:00,123.28,123.49,122.44,122.49,294754.17
2026-01-26 04:45:00,122.49,122.8,122.34,122.52,144128.86
2026-01-26 05:00:00,122.52,122.65,122.41,122.56,56785.14
2026-01-26 05:15:00,122.57,122.74,122.5,122.65,63684.03
2026-01-26 05:30:00,122.66,122.82,122.36,122.47,98278.03
2026-01-26 05:45:00,122.47,122.63,122.35,122.41,81009.56
2026-01-26 06:00:00,122.41,122.57,122.12,122.15,102528.26
2026-01-26 06:15:00,122.15,122.62,122.12,122.57,84346.48
2026-01-26 06:30:00,122.58,122.68,122.32,122.46,84503.74
2026-01-26 06:45:00,122.46,122.72,122.33,122.4,92327.01
2026-01-26 07:00:00,122.41,122.5,122.15,122.42,92218.86
2026-01-26 07:15:00,122.43,122.88,122.31,122.39,152480.95
2026-01-26 07:30:00,122.4,122.81,122.2,122.62,110624.59
2026-01-26 07:45:00,122.63,122.96,122.52,122.84,76026.13
2026-01-26 08:00:00,122.85,122.95,122.3,122.3,137876.96
2026-01-26 08:15:00,122.31,123.54,122.2,123.09,389709.15
2026-01-26 08:30:00,123.09,123.26,122.55,122.64,149194.78
2026-01-26 08:45:00,122.64,122.69,122.41,122.64,95557.97
2026-01-26 09:00:00,122.65,122.68,121.88,121.98,231731.93
2026-01-26 09:15:00,121.97,122.41,121.83,122.19,219665.32
2026-01-26 09:30:00,122.2,122.28,121.92,122.17,107261.95
2026-01-26 09:45:00,122.17,122.24,121.71,121.88,126899.38
2026-01-26 10:00:00,121.87,122.54,121.85,122.29,138523.66
2026-01-26 10:15:00,122.29,122.58,122.18,122.51,178538.71
2026-01-26 10:30:00,122.51,122.64,122.34,122.43,119176.44
2026-01-26 10:45:00,122.42,122.59,122.34,122.4,63641.32
2026-01-26 11:00:00,122.39,122.64,122.39,122.57,51726.62
2026-01-26 11:15:00,122.58,122.6,122.44,122.49,62492.25
2026-01-26 11:30:00,122.48,122.52,122.39,122.41,75890.64
2026-01-26 11:45:00,122.4,122.5,122.35,122.46,59639.6
2026-01-26 12:00:00,122.46,122.86,122.45,122.79,131643.14
2026-01-26 12:15:00,122.79,122.91,122.43,122.56,114936.63
2026-01-26 12:30:00,122.57,122.6,122.29,122.3,76821.15
2026-01-26 12:45:00,122.3,122.62,122.3,122.62,49117.77
2026-01-26 13:00:00,122.62,122.88,122.46,122.88,112406.94
2026-01-26 13:15:00,122.88,123.12,122.7,122.88,150355.94
2026-01-26 13:30:00,122.88,123.09,122.69,122.88,97184.45
2026-01-26 13:45:00,122.88,123.23,122.85,123.08,111897.91
2026-01-26 14:00:00,123.09,123.45,122.69,122.78,458261.35
2026-01-26 14:15:00,122.79,123.09,122.76,122.9,206602.97
2026-01-26 14:30:00,122.9,124.25,122.59,123.55,871031.0
2026-01-26 14:45:00,123.55,123.81,123.06,123.72,309006.75
2026-01-26 15:00:00,123.72,124.92,123.21,124.86,641034.42
2026-01-26 15:15:00,124.85,125.15,123.96,124.09,595908.79
2026-01-26 15:30:00,124.1,124.13,122.98,123.19,511926.65
2026-01-26 15:45:00,123.19,123.7,122.99,123.46,287623.3
2026-01-26 16:00:00,123.45,124.14,123.11,123.79,381150.0
2026-01-26 16:15:00,123.8,124.54,123.2,124.06,351067.69
2026-01-26 16:30:00,124.06,124.35,123.8,123.94,179382.09
2026-01-26 16:45:00,123.93,124.84,123.82,124.24,298158.82
2026-01-26 17:00:00,124.25,124.61,123.89,123.93,198025.1
2026-01-26 17:15:00,123.94,124.21,123.27,123.36,304982.34
2026-01-26 17:30:00,123.35,123.92,122.96,123.77,292456.27
2026-01-26 17:45:00,123.77,124.36,123.73,124.24,160625.86
2026-01-26 18:00:00,124.23,124.37,124.02,124.29,174301.91
2026-01-26 18:15:00,124.3,125.05,123.9,124.93,634407.81
2026-01-26 18:30:00,124.93,125.54,124.34,124.43,561319.36
2026-01-26 18:45:00,124.44,124.86,124.26,124.86,131685.92
2026-01-26 19:00:00,124.85,125.09,124.51,124.6,146294.87
2026-01-26 19:15:00,124.6,124.67,124.13,124.24,93543.8
2026-01-26 19:30:00,124.23,124.64,124.17,124.49,99042.62
2026-01-26 19:45:00,124.48,124.72,124.12,124.26,215946.02
2026-01-26 20:00:00,124.26,124.4,124.03,124.11,94335.58
2026-01-26 20:15:00,124.12,124.27,123.84,123.88,114414.43
2026-01-26 20:30:00,123.88,124.0,123.64,123.79,134870.52
2026-01-26 20:45:00,123.79,123.88,123.37,123.63,188348.14
2026-01-26 21:00:00,123.63,123.88,123.46,123.84,112604.45
2026-01-26 21:15:00,123.84,124.09,123.68,124.08,78976.42
2026-01-26 21:30:00,124.08,124.75,123.92,124.52,230588.28
2026-01-26 21:45:00,124.52,124.67,124.27,124.48,179064.51
2026-01-26 22:00:00,124.47,124.71,124.37,124.54,78255.56
2026-01-26 22:15:00,124.54,124.68,124.36,124.37,49069.76
2026-01-26 22:30:00,124.37,124.72,124.19,124.5,81574.57
2026-01-26 22:45:00,124.51,124.83,124.46,124.46,53049.48
2026-01-26 23:00:00,124.47,124.47,124.09,124.29,118929.59
2026-01-26 23:15:00,124.29,124.39,124.07,124.29,103198.81
2026-01-26 23:30:00,124.3,124.83,124.29,124.42,165923.8
2026-01-26 23:45:00,124.43,124.48,124.13,124.18,64553.97
2026-01-27 00:00:00,124.17,124.21,123.89,123.94,130487.78
2026-01-27 00:15:00,123.94,124.34,123.91,124.16,97139.93
2026-01-27 00:30:00,124.16,124.16,123.81,123.95,57033.14
2026-01-27 00:45:00,123.96,124.23,123.86,124.03,68288.64
2026-01-27 01:00:00,124.02,124.02,123.66,123.9,107043.88
2026-01-27 01:15:00,123.9,124.3,123.8,124.22,113032.0
2026-01-27 01:30:00,124.22,124.52,124.12,124.31,114996.6
2026-01-27 01:45:00,124.32,124.52,124.13,124.28,99259.22
2026-01-27 02:00:00,124.29,124.83,124.24,124.59,212387.68
2026-01-27 02:15:00,124.59,124.68,124.38,124.45,77303.61
2026-01-27 02:30:00,124.46,125.08,124.46,124.84,171450.13
2026-01-27 02:45:00,124.83,125.07,124.74,124.98,135210.95
2026-01-27 03:00:00,124.98,125.13,124.46,124.56,215948.99
2026-01-27 03:15:00,124.56,124.62,124.33,124.46,88478.17
2026-01-27 03:30:00,124.45,124.67,124.35,124.64,52586.0
2026-01-27 03:45:00,124.64,124.64,124.36,124.44,52016.94
2026-01-27 04:00:00,124.45,125.09,124.35,124.84,178795.38
2026-01-27 04:15:00,124.84,124.9,124.51,124.6,62133.2
2026-01-27 04:30:00,124.61,124.68,124.41,124.45,54740.7
2026-01-27 04:45:00,124.45,124.52,124.19,124.36,67958.73
2026-01-27 05:00:00,124.37,124.46,124.16,124.2,64252.53
2026-01-27 05:15:00,124.2,124.35,124.08,124.19,107564.29
2026-01-27 05:30:00,124.2,124.42,124.17,124.34,53388.75
2026-01-27 05:45:00,124.35,124.46,124.27,124.42,40383.25
2026-01-27 06:00:00,124.42,124.68,124.27,124.49,64683.58
2026-01-27 06:15:00,124.49,124.55,124.25,124.27,38333.43
2026-01-27 06:30:00,124.27,124.27,123.94,123.98,97409.35
2026-01-27 06:45:00,123.97,124.17,123.94,124.15,49593.55
2026-01-27 07:00:00,124.14,124.35,124.04,124.34,69883.14
2026-01-27 07:15:00,124.35,124.45,124.17,124.39,89747.59
2026-01-27 07:30:00,124.4,124.59,124.37,124.44,73069.37
2026-01-27 07:45:00,124.44,124.51,124.32,124.46,70502.48
2026-01-27 08:00:00,124.45,124.73,124.43,124.6,92099.45
2026-01-27 08:15:00,124.6,124.72,124.25,124.34,109440.88
2026-01-27 08:30:00,124.34,124.44,124.03,124.17,113620.27
2026-01-27 08:45:00,124.17,124.21,124.0,124.02,117935.19
2026-01-27 09:00:00,124.01,124.02,123.56,123.6,246655.37
2026-01-27 09:15:00,123.61,123.71,123.51,123.54,132128.65
2026-01-27 09:30:00,123.55,124.0,123.55,123.82,146171.4
2026-01-27 09:45:00,123.83,123.89,123.67,123.69,79722.94
2026-01-27 10:00:00,123.69,124.03,123.69,123.94,85392.33
2026-01-27 10:15:00,123.95,124.08,123.9,123.99,49978.75
2026-01-27 10:30:00,123.99,124.0,123.68,123.76,89782.0
2026-01-27 10:45:00,123.75,123.83,123.63,123.66,78973.71
2026-01-27 11:00:00,123.65,123.88,123.6,123.78,81671.59
2026-01-27 11:15:00,123.79,123.87,123.56,123.71,45198.12
2026-01-27 11:30:00,123.71,124.05,123.71,124.03,63103.48
2026-01-27 11:45:00,124.03,124.23,123.97,124.08,110167.61
2026-01-27 12:00:00,124.08,124.26,124.0,124.23,91071.04
2026-01-27 12:15:00,124.23,124.29,124.1,124.14,92401.79
2026-01-27 12:30:00,124.15,124.24,123.8,123.81,64771.65
2026-01-27 12:45:00,123.8,123.98,123.77,123.84,81988.12
2026-01-27 13:00:00,123.84,123.87,123.51,123.55,89887.33
2026-01-27 13:15:00,123.55,123.56,123.27,123.33,133031.91
2026-01-27 13:30:00,123.33,123.64,123.09,123.47,232176.08
2026-01-27 13:45:00,123.48,123.5,123.06,123.13,134046.8
2026-01-27 14:00:00,123.13,123.92,123.12,123.91,171411.17
2026-01-27 14:15:00,123.91,124.46,123.79,124.06,385633.48
2026-01-27 14:30:00,124.05,124.19,123.31,123.43,341082.03
2026-01-27 14:45:00,123.43,123.9,123.28,123.59,260559.66
2026-01-27 15:00:00,123.59,124.44,123.37,124.0,225613.55
2026-01-27 15:15:00,124.0,124.06,123.57,123.57,145065.09
2026-01-27 15:30:00,123.56,124.0,123.47,123.99,137728.27
2026-01-27 15:45:00,123.99,125.0,123.93,124.94,412046.49
2026-01-27 16:00:00,124.94,126.63,124.92,126.38,1018204.47
2026-01-27 16:15:00,126.37,126.73,125.45,125.65,596281.97
2026-01-27 16:30:00,125.65,126.71,125.64,126.57,469514.39
2026-01-27 16:45:00,126.56,126.74,126.04,126.25,205601.16
2026-01-27 17:00:00,126.24,126.28,124.69,124.78,572135.18
2026-01-27 17:15:00,124.77,124.79,123.79,124.42,680473.28
2026-01-27 17:30:00,124.43,124.67,123.52,123.63,434368.73
2026-01-27 17:45:00,123.63,124.02,123.47,123.98,240312.6
2026-01-27 18:00:00,123.97,124.53,123.75,124.38,268159.25
2026-01-27 18:15:00,124.37,124.7,124.35,124.48,147514.45
2026-01-27 18:30:00,124.48,124.97,124.38,124.87,233936.45
2026-01-27 18:45:00,124.86,126.27,124.86,125.76,475504.84
2026-01-27 19:00:00,125.76,125.85,125.34,125.7,256518.25
2026-01-27 19:15:00,125.7,125.91,125.54,125.78,154340.55
2026-01-27 19:30:00,125.78,126.23,125.48,126.14,167860.43
2026-01-27 19:45:00,126.14,126.14,125.64,125.79,135906.85
2026-01-27 20:00:00,125.79,126.4,125.67,126.33,246921.59
2026-01-27 20:15:00,126.33,127.32,126.17,127.24,588342.73
2026-01-27 20:30:00,127.23,127.25,126.56,126.69,219197.98
2026-01-27 20:45:00,126.69,127.48,126.66,127.31,304606.63
2026-01-27 21:00:00,127.31,127.8,127.11,127.69,379375.29
2026-01-27 21:15:00,127.69,127.79,127.23,127.26,252680.8
2026-01-27 21:30:00,127.26,127.35,126.98,127.1,147399.93
2026-01-27 21:45:00,127.11,127.22,126.85,127.01,115158.08
2026-01-27 22:00:00,127.01,127.46,127.0,127.19,132776.37
2026-01-27 22:15:00,127.19,127.3,126.93,127.06,95608.03
2026-01-27 22:30:00,127.07,127.65,127.01,127.52,92641.66
2026-01-27 22:45:00,127.52,127.78,127.36,127.58,158381.62
2026-01-27 23:00:00,127.59,127.62,127.22,127.44,135149.24
2026-01-27 23:15:00,127.44,127.46,127.2,127.46,96637.21
2026-01-27 23:30:00,127.46,127.55,127.22,127.33,115946.23
2026-01-27 23:45:00,127.34,127.5,127.05,127.12,103280.27
2026-01-28 00:00:00,127.12,127.24,126.87,127.0,184582.99
2026-01-28 00:15:00,127.01,127.15,126.75,126.84,117860.81
2026-01-28 00:30:00,126.85,126.88,126.57,126.7,127788.96
2026-01-28 00:45:00,126.71,127.25,126.62,127.18,150921.97
2026-01-28 01:00:00,127.18,127.47,127.02,127.12,135992.74
2026-01-28 01:15:00,127.12,127.3,126.82,126.87,88750.11
2026-01-28 01:30:00,126.88,126.99,126.62,126.9,82887.98
2026-01-28 01:45:00,126.9,127.2,126.79,127.01,63088.49
2026-01-28 02:00:00,127.01,127.1,126.6,126.93,90106.52
2026-01-28 02:15:00,126.92,127.27,126.85,127.15,48651.04
2026-01-28 02:30:00,127.15,127.33,126.89,126.9,78039.33
2026-01-28 02:45:00,126.9,127.02,126.81,126.99,56386.7
2026-01-28 03:00:00,127.0,127.17,126.8,126.84,76690.99
2026-01-28 03:15:00,126.85,126.98,126.62,126.97,78674.5
2026-01-28 03:30:00,126.97,127.15,126.81,126.9,68552.66
2026-01-28 03:45:00,126.89,127.0,126.74,126.9,52250.12
2026-01-28 04:00:00,126.89,126.97,126.52,126.64,91874.24
2026-01-28 04:15:00,126.64,126.64,126.4,126.51,139925.07
2026-01-28 04:30:00,126.51,126.95,126.48,126.67,98104.04
2026-01-28 04:45:00,126.66,126.79,126.6,126.77,70803.44
2026-01-28 05:00:00,126.77,126.93,126.57,126.58,114769.84
2026-01-28 05:15:00,126.58,126.64,126.39,126.41,76109.76
2026-01-28 05:30:00,126.41,126.77,126.4,126.59,65889.5
2026-01-28 05:45:00,126.59,126.8,126.52,126.7,50239.21
2026-01-28 06:00:00,126.7,127.14,126.7,127.0,151323.55
2026-01-28 06:15:00,127.0,127.14,126.83,126.96,74906.74
2026-01-28 06:30:00,126.96,127.23,126.78,126.87,80578.56
2026-01-28 06:45:00,126.87,127.49,126.78,127.35,142390.83
2026-01-28 07:00:00,127.35,127.41,127.07,127.15,67810.67
2026-01-28 07:15:00,127.15,127.48,127.15,127.45,69082.83
2026-01-28 07:30:00,127.44,127.44,126.95,127.22,90122.31
2026-01-28 07:45:00,127.21,127.25,126.88,127.04,47233.02
2026-01-28 08:00:00,127.04,127.23,126.96,127.04,60536.04
2026-01-28 08:15:00,127.04,127.21,126.88,126.97,93935.84
2026-01-28 08:30:00,126.96,127.03,126.67,126.76,124485.58
2026-01-28 08:45:00,126.76,126.84,126.6,126.64,106392.62
2026-01-28 09:00:00,126.63,126.79,126.5,126.55,82206.51
2026-01-28 09:15:00,126.55,126.63,125.92,126.34,310364.5
2026-01-28 09:30:00,126.35,127.49,126.34,127.26,337527.17
2026-01-28 09:45:00,127.25,127.56,127.14,127.55,161207.86
2026-01-28 10:00:00,127.55,127.72,127.28,127.7,197302.07
2026-01-28 10:15:00,127.71,128.05,127.31,127.32,220478.32
2026-01-28 10:30:00,127.31,127.64,127.31,127.42,86732.95
2026-01-28 10:45:00,127.41,127.46,127.24,127.25,73278.46
2026-01-28 11:00:00,127.25,127.37,127.17,127.19,99972.2
2026-01-28 11:15:00,127.19,127.38,127.17,127.34,64777.82
2026-01-28 11:30:00,127.34,127.52,127.11,127.51,108944.47
2026-01-28 11:45:00,127.5,128.3,127.43,128.1,409106.67
2026-01-28 12:00:00,128.11,128.19,127.53,127.57,281964.37
2026-01-28 12:15:00,127.56,127.7,127.15,127.29,228175.15
2026-01-28 12:30:00,127.29,127.43,127.07,127.19,123080.13
2026-01-28 12:45:00,127.2,127.35,126.97,127.18,137378.61
2026-01-28 13:00:00,127.19,127.45,127.08,127.14,219635.44
2026-01-28 13:15:00,127.15,127.35,126.8,127.27,242007.9
2026-01-28 13:30:00,127.26,127.83,127.06,127.59,337622.4
2026-01-28 13:45:00,127.59,127.73,127.13,127.26,122898.45
2026-01-28 14:00:00,127.27,127.29,126.88,126.89,123900.71
2026-01-28 14:15:00,126.89,126.94,126.48,126.78,221602.66
2026-01-28 14:30:00,126.77,127.26,126.48,126.7,346044.31
2026-01-28 14:45:00,126.69,126.91,126.4,126.79,276501.38
2026-01-28 15:00:00,126.78,127.09,125.73,125.76,430300.73
2026-01-28 15:15:00,125.75,126.24,125.44,125.99,430579.94
2026-01-28 15:30:00,126.0,126.23,125.69,126.15,191075.94
2026-01-28 15:45:00,126.15,126.33,125.75,126.0,135623.45
2026-01-28 16:00:00,126.01,126.06,125.6,125.62,204477.25
2026-01-28 16:15:00,125.62,126.47,125.58,126.45,157491.14
2026-01-28 16:30:00,126.45,126.59,125.51,125.76,199912.58
2026-01-28 16:45:00,125.76,126.32,125.74,126.02,150662.44
2026-01-28 17:00:00,126.02,126.34,125.94,126.1,103925.93
2026-01-28 17:15:00,126.11,126.2,125.75,125.87,79615.09
2026-01-28 17:30:00,125.87,126.51,125.17,126.28,355904.45
2026-01-28 17:45:00,126.28,126.99,126.15,126.47,276089.29
2026-01-28 18:00:00,126.47,126.5,125.83,126.24,244702.27
2026-01-28 18:15:00,126.25,126.34,125.75,125.81,118756.44
2026-01-28 18:30:00,125.82,125.98,125.67,125.86,95874.1
2026-01-28 18:45:00,125.86,126.07,125.62,126.03,136291.96
2026-01-28 19:00:00,126.03,126.66,125.73,125.9,473508.02
2026-01-28 19:15:00,125.9,126.27,125.68,125.9,135174.94
2026-01-28 19:30:00,125.9,126.19,125.23,125.43,326254.81
2026-01-28 19:45:00,125.43,126.38,125.42,125.93,226808.53
2026-01-28 20:00:00,125.93,126.32,125.8,126.08,182916.08
2026-01-28 20:15:00,126.09,126.62,125.75,126.37,208293.71
2026-01-28 20:30:00,126.36,126.4,125.64,125.71,178030.32
2026-01-28 20:45:00,125.71,125.76,125.25,125.36,288137.85
2026-01-28 21:00:00,125.36,125.53,124.69,125.36,550891.69
2026-01-28 21:15:00,125.36,125.64,125.24,125.46,89198.76
2026-01-28 21:30:00,125.46,125.6,124.96,125.55,233202.13
2026-01-28 21:45:00,125.55,125.79,125.3,125.41,117706.83
2026-01-28 22:00:00,125.41,125.63,125.26,125.29,96205.52
2026-01-28 22:15:00,125.29,125.52,125.07,125.51,105002.51
2026-01-28 22:30:00,125.52,125.74,125.5,125.72,64894.12
2026-01-28 22:45:00,125.71,125.78,125.52,125.66,133592.4
2026-01-28 23:00:00,125.66,125.7,125.33,125.37,206273.5
2026-01-28 23:15:00,125.36,125.62,125.21,125.22,88193.56
2026-01-28 23:30:00,125.22,125.33,124.98,125.12,160125.32
2026-01-28 23:45:00,125.12,125.32,125.05,125.28,182959.65
2026-01-29 00:00:00,125.29,125.44,124.99,125.08,106265.2
2026-01-29 00:15:00,125.08,125.11,124.82,124.91,92741.96
2026-01-29 00:30:00,124.9,125.0,124.56,124.61,144402.31
2026-01-29 00:45:00,124.62,125.07,124.5,125.05,107819.77
2026-01-29 01:00:00,125.04,125.18,124.84,124.91,84678.02
2026-01-29 01:15:00,124.91,124.92,124.04,124.56,248544.8
2026-01-29 01:30:00,124.56,124.73,124.43,124.61,143158.53
2026-01-29 01:45:00,124.61,124.74,124.1,124.26,146844.37
2026-01-29 02:00:00,124.25,124.72,124.1,124.43,170693.37
2026-01-29 02:15:00,124.43,124.51,124.09,124.39,112866.39
2026-01-29 02:30:00,124.39,124.4,123.14,123.61,615748.98
2026-01-29 02:45:00,123.62,123.66,123.07,123.45,355897.27
2026-01-29 03:00:00,123.45,123.69,123.14,123.42,200852.27
2026-01-29 03:15:00,123.42,123.48,122.65,122.79,363654.34
2026-01-29 03:30:00,122.78,123.15,122.58,123.15,195918.05
2026-01-29 03:45:00,123.16,123.22,122.92,122.99,114936.46
2026-01-29 04:00:00,122.99,123.09,122.53,122.61,162770.9
2026-01-29 04:15:00,122.62,122.91,122.41,122.86,164417.41
2026-01-29 04:30:00,122.87,123.21,122.85,123.2,112543.39
2026-01-29 04:45:00,123.2,123.45,123.2,123.35,132211.04
2026-01-29 05:00:00,123.36,123.74,123.3,123.48,153803.33
2026-01-29 05:15:00,123.48,123.7,123.46,123.6,92587.69
2026-01-29 05:30:00,123.61,123.75,123.5,123.5,105425.29
2026-01-29 05:45:00,123.51,123.53,123.07,123.16,122940.6
2026-01-29 06:00:00,123.16,123.29,123.01,123.13,92880.57
2026-01-29 06:15:00,123.14,123.4,123.13,123.39,60562.42
2026-01-29 06:30:00,123.39,123.66,123.39,123.59,94957.3
2026-01-29 06:45:00,123.6,123.62,123.32,123.61,63087.06
2026-01-29 07:00:00,123.62,123.86,123.61,123.7,80399.7
2026-01-29 07:15:00,123.7,123.87,123.57,123.68,57437.1
2026-01-29 07:30:00,123.68,123.9,123.62,123.86,67067.61
2026-01-29 07:45:00,123.87,123.93,123.62,123.71,76190.18
2026-01-29 08:00:00,123.72,123.73,123.24,123.25,132931.29
2026-01-29 08:15:00,123.25,123.86,123.15,123.78,147932.66
2026-01-29 08:30:00,123.77,123.8,123.19,123.3,108920.75
2026-01-29 08:45:00,123.29,123.42,123.09,123.2,108925.55
2026-01-29 09:00:00,123.2,123.31,123.0,123.02,71958.54
2026-01-29 09:15:00,123.02,123.13,122.9,123.04,92048.69
2026-01-29 09:30:00,123.05,123.29,122.98,123.14,62607.07
2026-01-29 09:45:00,123.15,123.17,122.95,122.95,67825.7
2026-01-29 10:00:00,122.96,123.19,122.84,123.06,69445.49
2026-01-29 10:15:00,123.06,123.24,123.05,123.2,61598.16
2026-01-29 10:30:00,123.19,123.2,123.03,123.07,42089.69
2026-01-29 10:45:00,123.07,123.24,122.96,123.16,54916.5
2026-01-29 11:00:00,123.16,123.23,122.67,123.02,146463.67
2026-01-29 11:15:00,123.02,123.03,122.67,122.73,139812.96
2026-01-29 11:30:00,122.72,122.98,122.67,122.76,148376.4
2026-01-29 11:45:00,122.75,122.88,122.61,122.69,152670.9
2026-01-29 12:00:00,122.69,122.98,122.69,122.88,141506.61
2026-01-29 12:15:00,122.89,122.97,122.7,122.8,67359.92
2026-01-29 12:30:00,122.81,123.12,122.36,122.6,229032.33
2026-01-29 12:45:00,122.61,122.82,122.51,122.78,99399.04
2026-01-29 13:00:00,122.78,123.1,122.76,122.91,134828.66
2026-01-29 13:15:00,122.92,123.06,122.81,123.04,104295.42
2026-01-29 13:30:00,123.04,123.04,122.76,122.83,88377.88
2026-01-29 13:45:00,122.84,122.87,122.61,122.85,78477.8
2026-01-29 14:00:00,122.85,123.02,122.71,122.73,100501.86
2026-01-29 14:15:00,122.73,122.98,122.4,122.42,215075.03
2026-01-29 14:30:00,122.42,122.75,120.93,121.17,1231945.73
2026-01-29 14:45:00,121.18,121.6,120.25,120.3,798385.25
2026-01-29 15:00:00,120.3,120.38,117.24,117.66,2550249.29
2026-01-29 15:15:00,117.66,118.75,117.38,118.46,1439574.7
2026-01-29 15:30:00,118.46,118.76,116.03,116.51,1877284.96
2026-01-29 15:45:00,116.52,117.92,116.33,117.6,962201.62
2026-01-29 16:00:00,117.6,117.88,116.57,117.85,859867.3
2026-01-29 16:15:00,117.86,118.3,117.22,117.3,659275.73
2026-01-29 16:30:00,117.31,118.2,117.28,117.92,483592.64
2026-01-29 16:45:00,117.91,118.91,117.84,118.86,633155.81
2026-01-29 17:00:00,118.86,119.32,118.54,119.07,520783.2
2026-01-29 17:15:00,119.07,119.88,118.81,119.0,578604.65
2026-01-29 17:30:00,118.99,119.08,118.24,118.4,448939.87
2026-01-29 17:45:00,118.4,118.44,117.51,117.83,631052.72
2026-01-29 18:00:00,117.84,118.1,117.62,117.94,369994.68
2026-01-29 18:15:00,117.94,118.04,116.68,116.92,849793.79
2026-01-29 18:30:00,116.92,117.11,116.25,116.85,773067.32
2026-01-29 18:45:00,116.85,116.85,115.29,115.69,1117885.29
2026-01-29 19:00:00,115.68,116.28,115.58,115.98,462395.13
2026-01-29 19:15:00,115.99,116.22,115.33,115.79,526188.8
2026-01-29 19:30:00,115.78,116.64,115.76,116.49,523201.53
2026-01-29 19:45:00,116.49,117.13,116.45,116.75,328588.28
2026-01-29 20:00:00,116.75,117.05,116.46,116.52,332648.74
2026-01-29 20:15:00,116.53,117.39,116.52,116.93,293616.06
2026-01-29 20:30:00,116.94,117.03,116.54,117.01,304325.65
2026-01-29 20:45:00,117.01,117.36,116.82,116.86,290132.47
2026-01-29 21:00:00,116.87,117.4,116.8,117.22,249647.59
2026-01-29 21:15:00,117.21,117.24,116.92,117.04,190559.58
2026-01-29 21:30:00,117.03,117.28,116.88,117.18,146043.47
2026-01-29 21:45:00,117.18,117.66,117.18,117.37,121722.52
2026-01-29 22:00:00,117.38,117.7,117.24,117.3,115036.95
2026-01-29 22:15:00,117.31,117.53,117.31,117.49,70327.35
2026-01-29 22:30:00,117.49,117.64,117.45,117.6,57879.65
2026-01-29 22:45:00,117.61,117.7,117.43,117.49,64335.55
2026-01-29 23:00:00,117.5,117.66,117.2,117.33,132547.48
2026-01-29 23:15:00,117.32,117.7,117.25,117.47,116689.85
2026-01-29 23:30:00,117.48,117.72,117.48,117.68,112215.08
2026-01-29 23:45:00,117.68,117.84,117.66,117.72,73570.76
2026-01-30 00:00:00,117.72,118.06,117.72,117.85,143134.85
2026-01-30 00:15:00,117.85,117.93,117.51,117.58,178004.1
2026-01-30 00:30:00,117.59,117.77,117.43,117.67,113137.67
2026-01-30 00:45:00,117.66,117.87,117.5,117.55,104323.93
2026-01-30 01:00:00,117.54,117.68,117.29,117.47,164286.31
2026-01-30 01:15:00,117.47,117.83,117.01,117.18,255687.4
2026-01-30 01:30:00,117.17,117.44,111.75,113.74,2746254.15
2026-01-30 01:45:00,113.74,115.37,113.33,115.15,1290338.69
2026-01-30 02:00:00,115.15,115.32,114.2,114.23,604161.84
2026-01-30 02:15:00,114.24,114.49,112.7,113.31,913526.04
2026-01-30 02:30:00,113.32,114.28,112.92,114.03,651602.56
2026-01-30 02:45:00,114.03,114.34,113.49,114.06,375038.62
2026-01-30 03:00:00,114.05,114.3,113.47,114.23,436838.06
2026-01-30 03:15:00,114.23,114.4,113.93,114.22,191981.12
2026-01-30 03:30:00,114.21,114.44,114.05,114.23,205288.58
2026-01-30 03:45:00,114.23,114.6,114.11,114.35,185494.26
2026-01-30 04:00:00,114.34,114.95,114.2,114.89,291043.59
2026-01-30 04:15:00,114.88,115.72,114.82,115.4,391804.63
2026-01-30 04:30:00,115.41,115.76,115.29,115.51,183384.85
2026-01-30 04:45:00,115.5,115.7,115.38,115.49,128144.56
2026-01-30 05:00:00,115.49,115.69,115.36,115.46,134616.71
2026-01-30 05:15:00,115.46,115.93,115.39,115.83,192985.55
2026-01-30 05:30:00,115.83,116.03,115.6,115.61,149197.0
2026-01-30 05:45:00,115.61,115.69,115.39,115.39,102521.89
2026-01-30 06:00:00,115.39,115.4,114.92,114.99,333862.2
2026-01-30 06:15:00,115.0,115.01,113.62,113.97,461996.56
2026-01-30 06:30:00,113.97,114.14,113.3,113.33,407354.27
2026-01-30 06:45:00,113.34,114.01,112.89,113.8,508472.81
2026-01-30 07:00:00,113.79,115.89,113.79,115.73,707524.76
2026-01-30 07:15:00,115.72,115.93,115.3,115.48,320691.61
2026-01-30 07:30:00,115.48,115.69,115.22,115.52,230782.67
2026-01-30 07:45:00,115.51,116.07,115.4,115.71,198635.37
2026-01-30 08:00:00,115.72,116.01,115.33,115.95,219394.84
2026-01-30 08:15:00,115.95,116.12,115.68,115.79,155049.29
2026-01-30 08:30:00,115.79,115.79,115.09,115.34,262197.29
2026-01-30 08:45:00,115.34,115.57,115.14,115.31,151199.9
2026-01-30 09:00:00,115.31,115.57,115.13,115.22,138240.55
2026-01-30 09:15:00,115.22,115.3,114.58,114.81,345405.1
2026-01-30 09:30:00,114.81,115.99,114.8,115.94,460326.17
2026-01-30 09:45:00,115.93,115.93,115.05,115.3,379971.12
2026-01-30 10:00:00,115.3,115.5,115.03,115.31,205970.83
2026-01-30 10:15:00,115.3,115.84,115.05,115.42,321069.97
2026-01-30 10:30:00,115.43,115.7,115.39,115.53,101207.0
2026-01-30 10:45:00,115.54,115.93,115.54,115.85,133371.88
2026-01-30 11:00:00,115.85,116.07,115.76,116.02,110767.64
2026-01-30 11:15:00,116.03,116.09,115.76,115.88,120336.0
2026-01-30 11:30:00,115.89,116.27,115.82,115.98,150506.87
2026-01-30 11:45:00,115.99,117.24,115.7,117.01,603021.95
2026-01-30 12:00:00,117.0,117.26,116.44,116.45,445239.33
2026-01-30 12:15:00,116.44,116.63,116.08,116.24,263610.25
2026-01-30 12:30:00,116.25,116.42,116.14,116.14,137155.16
2026-01-30 12:45:00,116.14,116.4,115.88,116.21,148699.27
2026-01-30 13:00:00,116.21,116.3,115.5,115.93,326223.52
2026-01-30 13:15:00,115.93,116.01,115.58,115.96,136175.92
2026-01-30 13:30:00,115.97,116.35,115.11,115.89,608410.18
2026-01-30 13:45:00,115.9,115.9,115.48,115.74,218379.46
2026-01-30 14:00:00,115.74,116.88,115.72,116.47,351092.37
2026-01-30 14:15:00,116.47,116.54,116.15,116.33,170636.68
2026-01-30 14:30:00,116.33,117.51,115.93,117.33,724234.49
2026-01-30 14:45:00,117.32,117.6,115.87,116.28,582740.17
2026-01-30 15:00:00,116.29,117.09,116.08,116.4,443031.57
2026-01-30 15:15:00,116.4,116.68,114.89,114.99,638344.69
2026-01-30 15:30:00,114.99,117.01,114.5,116.83,1007676.35
2026-01-30 15:45:00,116.82,116.91,116.41,116.73,382956.78
2026-01-30 16:00:00,116.72,117.28,116.31,117.11,426713.79
2026-01-30 16:15:00,117.11,117.74,116.13,117.29,544039.66
2026-01-30 16:30:00,117.29,117.95,116.92,117.71,605030.76
2026-01-30 16:45:00,117.72,117.72,116.82,117.07,281209.2
2026-01-30 17:00:00,117.07,117.11,116.5,116.62,370810.15
2026-01-30 17:15:00,116.63,117.73,116.57,117.46,322774.66
2026-01-30 17:30:00,117.47,117.5,116.6,116.92,257122.88
2026-01-30 17:45:00,116.93,117.07,116.47,116.59,163763.83
2026-01-30 18:00:00,116.58,116.86,115.7,115.95,367507.65
2026-01-30 18:15:00,115.95,115.99,114.26,115.56,1071129.0
2026-01-30 18:30:00,115.56,117.14,115.16,117.14,692293.56
2026-01-30 18:45:00,117.14,118.56,116.75,118.04,1202197.62
2026-01-30 19:00:00,118.04,119.05,118.04,118.57,901062.38
2026-01-30 19:15:00,118.57,119.09,118.41,118.6,427736.99
2026-01-30 19:30:00,118.6,119.03,118.17,118.6,401793.58
2026-01-30 19:45:00,118.6,119.0,118.21,118.23,279268.07
2026-01-30 20:00:00,118.23,118.39,117.58,117.87,501040.17
2026-01-30 20:15:00,117.87,118.12,117.01,117.52,490169.5
2026-01-30 20:30:00,117.51,117.8,116.32,117.11,620973.93
2026-01-30 20:45:00,117.11,117.35,116.68,116.92,297434.8
2026-01-30 21:00:00,116.92,117.49,116.9,117.41,256015.4
2026-01-30 21:15:00,117.41,117.98,117.35,117.39,280840.25
2026-01-30 21:30:00,117.38,117.69,116.8,117.0,147385.26
2026-01-30 21:45:00,116.99,117.63,116.99,117.32,209678.79
2026-01-30 22:00:00,117.32,117.51,116.91,116.92,117267.13
2026-01-30 22:15:00,116.92,117.01,116.51,116.6,108416.05
2026-01-30 22:30:00,116.6,117.21,116.6,117.01,92135.23
2026-01-30 22:45:00,117.01,117.33,117.0,117.33,60485.05
2026-01-30 23:00:00,117.32,117.32,116.87,117.03,101722.98
2026-01-30 23:15:00,117.03,117.27,116.82,117.01,72326.89
2026-01-30 23:30:00,117.0,117.42,116.92,117.36,61377.04
2026-01-30 23:45:00,117.35,117.57,117.33,117.54,69343.49
2026-01-31 00:00:00,117.54,117.68,117.31,117.63,119944.43
2026-01-31 00:15:00,117.64,117.79,117.49,117.74,112071.64
2026-01-31 00:30:00,117.74,117.91,117.55,117.83,107306.98
2026-01-31 00:45:00,117.83,117.84,117.38,117.46,137195.47
2026-01-31 01:00:00,117.46,118.09,117.46,118.06,149629.64
2026-01-31 01:15:00,118.06,118.29,117.97,118.04,132204.47
2026-01-31 01:30:00,118.04,118.22,117.77,118.12,132968.63
2026-01-31 01:45:00,118.12,118.17,117.96,118.09,75312.62
2026-01-31 02:00:00,118.08,118.09,117.64,117.93,125824.35
2026-01-31 02:15:00,117.93,117.99,117.51,117.68,93804.57
2026-01-31 02:30:00,117.68,118.45,117.62,118.43,128520.78
2026-01-31 02:45:00,118.43,118.47,118.21,118.24,83759.7
2026-01-31 03:00:00,118.24,118.49,118.16,118.41,69113.96
2026-01-31 03:15:00,118.41,118.56,118.2,118.21,75236.0
2026-01-31 03:30:00,118.2,118.36,118.1,118.27,65900.62
2026-01-31 03:45:00,118.27,118.33,118.08,118.29,65579.6
2026-01-31 04:00:00,118.3,118.69,118.23,118.65,105054.22
2026-01-31 04:15:00,118.66,118.77,118.45,118.6,74185.89
2026-01-31 04:30:00,118.59,118.64,118.39,118.41,79946.99
2026-01-31 04:45:00,118.41,118.44,118.19,118.35,74251.53
2026-01-31 05:00:00,118.35,118.4,117.93,118.19,111866.55
2026-01-31 05:15:00,118.19,118.22,117.98,118.18,95301.64
2026-01-31 05:30:00,118.19,118.7,118.18,118.45,119160.45
2026-01-31 05:45:00,118.46,118.64,118.38,118.54,89270.1
2026-01-31 06:00:00,118.54,118.69,118.35,118.62,69556.0
2026-01-31 06:15:00,118.63,118.72,117.81,117.87,186098.09
2026-01-31 06:30:00,117.87,118.2,117.85,118.2,135018.61
2026-01-31 06:45:00,118.2,118.51,118.06,118.47,169051.17
2026-01-31 07:00:00,118.48,118.53,118.07,118.16,100759.41
2026-01-31 07:15:00,118.17,118.19,117.9,118.03,97380.45
2026-01-31 07:30:00,118.02,118.06,117.1,117.26,302763.29
2026-01-31 07:45:00,117.25,117.42,117.16,117.29,140801.09
2026-01-31 08:00:00,117.3,117.46,116.72,116.88,263766.56
2026-01-31 08:15:00,116.88,116.89,112.67,115.61,1368750.06
2026-01-31 08:30:00,115.62,115.65,114.2,114.61,839250.79
2026-01-31 08:45:00,114.62,115.88,114.34,115.52,583448.97
2026-01-31 09:00:00,115.52,115.96,115.52,115.74,238569.32
2026-01-31 09:15:00,115.74,115.88,115.3,115.59,209627.54
2026-01-31 09:30:00,115.59,116.77,115.59,116.31,320491.26
2026-01-31 09:45:00,116.31,116.45,116.09,116.28,166442.38
2026-01-31 10:00:00,116.28,116.41,116.0,116.06,102600.44
2026-01-31 10:15:00,116.06,116.47,115.96,116.41,89598.91
2026-01-31 10:30:00,116.41,116.86,116.35,116.81,117645.21
2026-01-31 10:45:00,116.81,116.81,116.6,116.7,69161.65
2026-01-31 11:00:00,116.7,116.71,116.25,116.31,114093.21
2026-01-31 11:15:00,116.31,116.55,116.22,116.45,75357.12
2026-01-31 11:30:00,116.45,116.55,116.11,116.18,110767.43
2026-01-31 11:45:00,116.18,116.24,115.88,115.96,135688.07
2026-01-31 12:00:00,115.97,116.12,115.38,115.48,207502.45
2026-01-31 12:15:00,115.48,115.91,115.38,115.69,179434.94
2026-01-31 12:30:00,115.69,115.8,115.25,115.48,172672.0
2026-01-31 12:45:00,115.49,115.52,114.95,115.12,233671.8
2026-01-31 13:00:00,115.12,115.16,114.75,114.86,183110.94
2026-01-31 13:15:00,114.87,114.95,114.55,114.73,203395.17
2026-01-31 13:30:00,114.73,114.83,113.53,113.92,710606.07
2026-01-31 13:45:00,113.93,114.14,113.69,114.1,243189.07
2026-01-31 14:00:00,114.1,114.38,113.0,113.4,580372.26
2026-01-31 14:15:00,113.4,113.47,109.0,110.24,3039091.13
2026-01-31 14:30:00,110.24,110.47,108.32,108.55,2104770.81
2026-01-31 14:45:00,108.55,109.61,108.15,109.06,1140859.29
2026-01-31 15:00:00,109.06,110.14,108.64,109.59,958419.23
2026-01-31 15:15:00,109.6,109.72,108.82,109.3,534902.17
2026-01-31 15:30:00,109.31,109.71,108.9,109.12,441207.14
2026-01-31 15:45:00,109.13,109.39,108.3,108.57,515402.68
2026-01-31 16:00:00,108.58,108.81,107.19,108.28,1156550.87
2026-01-31 16:15:00,108.27,109.73,107.36,108.38,1401474.91
2026-01-31 16:30:00,108.39,108.59,107.5,107.55,629669.06
2026-01-31 16:45:00,107.56,107.65,105.55,106.21,1839819.12
2026-01-31 17:00:00,106.21,106.64,100.1,102.75,3929099.88
2026-01-31 17:15:00,102.76,104.37,102.73,103.91,1419655.33
2026-01-31 17:30:00,103.91,104.44,102.75,103.37,1026995.22
2026-01-31 17:45:00,103.36,103.79,102.33,103.26,842551.16
2026-01-31 18:00:00,103.26,103.82,102.86,103.11,566572.96
2026-01-31 18:15:00,103.11,103.51,102.31,103.41,716395.96
2026-01-31 18:30:00,103.41,103.69,95.5,100.2,3502449.59
2026-01-31 18:45:00,100.2,102.41,99.34,101.85,2651167.68
2026-01-31 19:00:00,101.85,103.35,101.75,102.9,1655321.87
2026-01-31 19:15:00,102.9,103.36,102.21,102.55,817712.19
2026-01-31 19:30:00,102.56,102.81,101.38,101.8,576376.15
2026-01-31 19:45:00,101.8,102.4,101.59,101.65,508831.96
2026-01-31 20:00:00,101.65,101.94,100.77,100.85,490412.05
2026-01-31 20:15:00,100.84,102.45,100.65,100.76,597530.69
2026-01-31 20:30:00,100.76,101.67,100.26,101.63,798531.07
2026-01-31 20:45:00,101.63,102.14,101.1,101.85,411876.83
2026-01-31 21:00:00,101.85,102.49,101.33,101.57,431992.65
2026-01-31 21:15:00,101.57,103.02,101.19,102.52,613321.19
2026-01-31 21:30:00,102.53,103.38,102.23,103.09,621821.41
2026-01-31 21:45:00,103.09,103.64,102.88,103.33,391209.29
2026-01-31 22:00:00,103.34,103.73,103.21,103.43,320409.33
2026-01-31 22:15:00,103.44,103.93,103.33,103.87,231228.38
2026-01-31 22:30:00,103.87,104.12,103.32,103.46,258016.9
2026-01-31 22:45:00,103.45,104.26,103.16,103.98,202688.43
2026-01-31 23:00:00,103.97,104.39,103.72,104.23,300269.59
2026-01-31 23:15:00,104.24,106.4,104.15,105.54,976542.87
2026-01-31 23:30:00,105.53,105.87,105.08,105.27,349964.65
2026-01-31 23:45:00,105.27,105.57,104.77,105.45,301358.56
2026-02-01 00:00:00,105.44,105.92,105.16,105.89,314676.55
2026-02-01 00:15:00,105.89,106.28,105.57,105.86,341649.25
2026-02-01 00:30:00,105.85,106.09,105.2,105.2,220950.12
2026-02-01 00:45:00,105.21,105.76,105.2,105.55,154160.88
2026-02-01 01:00:00,105.55,105.67,104.71,104.98,324156.2
2026-02-01 01:15:00,104.97,104.98,104.34,104.85,303393.54
2026-02-01 01:30:00,104.85,104.88,104.1,104.29,208489.51
2026-02-01 01:45:00,104.3,105.07,104.16,104.9,179937.35
2026-02-01 02:00:00,104.9,105.75,104.65,105.6,232852.56
2026-02-01 02:15:00,105.59,105.79,104.81,104.99,189601.86
2026-02-01 02:30:00,105.0,105.51,104.93,105.46,113325.65
2026-02-01 02:45:00,105.46,105.88,105.31,105.46,145157.04
2026-02-01 03:00:00,105.46,105.59,105.12,105.23,122182.64
2026-02-01 03:15:00,105.23,105.3,104.8,104.85,120581.99
2026-02-01 03:30:00,104.84,104.93,104.42,104.54,152343.43
2026-02-01 03:45:00,104.53,104.97,104.51,104.87,123374.51
2026-02-01 04:00:00,104.88,105.28,104.7,105.18,139384.74
2026-02-01 04:15:00,105.18,105.43,104.9,104.98,157504.71
2026-02-01 04:30:00,104.98,105.35,104.94,105.3,121868.78
2026-02-01 04:45:00,105.29,105.4,105.09,105.12,129144.74
2026-02-01 05:00:00,105.13,105.34,104.77,105.11,212208.24
2026-02-01 05:15:00,105.1,105.62,104.93,105.51,190518.69
2026-02-01 05:30:00,105.5,105.55,104.46,104.52,180921.18
2026-02-01 05:45:00,104.52,104.73,104.39,104.62,136107.22
2026-02-01 06:00:00,104.62,105.19,104.62,105.08,130337.79
2026-02-01 06:15:00,105.08,105.31,105.02,105.07,84379.73
2026-02-01 06:30:00,105.07,105.39,104.45,105.0,194913.52
2026-02-01 06:45:00,105.0,105.24,104.74,105.01,202139.35
2026-02-01 07:00:00,105.01,105.2,104.25,104.31,333914.67
2026-02-01 07:15:00,104.31,104.48,103.87,104.25,339695.1
2026-02-01 07:30:00,104.25,105.97,104.13,105.8,421077.91
2026-02-01 07:45:00,105.8,105.81,105.01,105.14,203327.71
2026-02-01 08:00:00,105.14,105.39,104.93,105.03,191004.12
2026-02-01 08:15:00,105.03,105.22,104.75,105.17,204743.33
2026-02-01 08:30:00,105.16,105.99,105.12,105.88,231827.92
2026-02-01 08:45:00,105.88,105.88,105.39,105.46,163491.55
2026-02-01 09:00:00,105.46,105.73,105.17,105.26,156959.76
2026-02-01 09:15:00,105.25,105.28,104.89,104.98,205156.58
2026-02-01 09:30:00,104.98,105.57,104.9,105.48,153586.26
2026-02-01 09:45:00,105.49,105.86,105.24,105.73,175582.03
2026-02-01 10:00:00,105.72,105.8,105.38,105.7,173672.25
2026-02-01 10:15:00,105.69,105.71,105.36,105.53,131300.91
2026-02-01 10:30:00,105.54,105.66,104.24,104.24,481913.85
2026-02-01 10:45:00,104.25,104.45,103.44,103.7,593750.04
2026-02-01 11:00:00,103.7,104.2,103.68,104.19,258690.61
2026-02-01 11:15:00,104.18,104.19,103.75,103.98,153300.66
2026-02-01 11:30:00,103.98,105.34,103.98,105.23,374964.96
2026-02-01 11:45:00,105.22,105.32,104.89,104.99,193298.66
2026-02-01 12:00:00,104.99,105.0,104.62,104.69,145208.8
2026-02-01 12:15:00,104.68,104.69,104.06,104.38,265172.63
2026-02-01 12:30:00,104.39,105.05,104.37,104.5,199838.58
2026-02-01 12:45:00,104.51,105.14,104.51,104.99,292457.61
2026-02-01 13:00:00,104.98,106.67,104.93,106.21,1047526.0
2026-02-01 13:15:00,106.21,106.24,105.18,105.46,332002.15
2026-02-01 13:30:00,105.45,105.48,104.8,105.03,282285.17
2026-02-01 13:45:00,105.03,105.18,104.01,104.38,511469.47
2026-02-01 14:00:00,104.38,104.76,104.02,104.19,353064.05
2026-02-01 14:15:00,104.19,104.31,102.96,103.14,838280.86
2026-02-01 14:30:00,103.14,103.42,101.66,102.35,1892230.3
2026-02-01 14:45:00,102.35,103.52,101.87,102.87,731985.66
2026-02-01 15:00:00,102.86,102.89,101.54,101.65,495127.1
2026-02-01 15:15:00,101.66,101.82,100.58,100.69,806324.79
2026-02-01 15:30:00,100.68,101.48,100.14,100.88,837367.24
2026-02-01 15:45:00,100.88,102.34,100.72,101.61,529305.44
2026-02-01 16:00:00,101.62,102.42,101.14,102.07,535963.73
2026-02-01 16:15:00,102.07,102.82,100.85,102.25,541325.32
2026-02-01 16:30:00,102.24,102.52,101.39,101.56,475488.43
2026-02-01 16:45:00,101.57,102.02,101.23,101.63,269402.52
2026-02-01 17:00:00,101.63,102.13,101.52,101.94,226567.06
2026-02-01 17:15:00,101.93,102.12,101.04,101.63,232154.71
2026-02-01 17:30:00,101.62,101.89,101.08,101.53,231050.19
2026-02-01 17:45:00,101.52,102.42,101.31,102.37,208482.49
2026-02-01 18:00:00,102.37,103.97,102.34,103.72,739954.55
2026-02-01 18:15:00,103.72,104.16,102.98,103.82,470385.47
2026-02-01 18:30:00,103.81,103.81,103.09,103.21,213008.67
2026-02-01 18:45:00,103.2,103.43,102.84,103.37,260919.76
2026-02-01 19:00:00,103.36,103.68,102.76,102.88,164576.45
2026-02-01 19:15:00,102.88,103.02,102.41,102.76,162533.25
2026-02-01 19:30:00,102.75,102.98,102.3,102.37,155886.18
2026-02-01 19:45:00,102.37,102.38,101.45,101.88,399244.62
2026-02-01 20:00:00,101.87,101.93,101.14,101.23,312536.95
2026-02-01 20:15:00,101.23,101.54,100.11,100.19,566174.65
2026-02-01 20:30:00,100.2,102.8,100.19,102.23,587008.17
2026-02-01 20:45:00,102.24,102.32,101.33,101.52,229703.54
2026-02-01 21:00:00,101.53,101.54,100.3,100.77,378032.45
2026-02-01 21:15:00,100.77,100.9,100.04,100.72,446043.58
2026-02-01 21:30:00,100.73,101.65,100.38,101.25,263016.71
2026-02-01 21:45:00,101.24,101.48,100.3,100.79,414723.98
2026-02-01 22:00:00,100.79,102.81,100.74,102.35,542373.86
2026-02-01 22:15:00,102.35,102.37,101.07,101.8,303445.06
2026-02-01 22:30:00,101.8,102.41,101.7,102.11,169341.11
2026-02-01 22:45:00,102.11,102.22,101.6,101.72,121912.69
2026-02-01 23:00:00,101.72,101.81,97.95,99.93,2450497.14
2026-02-01 23:15:00,99.92,100.76,98.71,100.5,1328762.9
2026-02-01 23:30:00,100.5,102.0,100.15,101.57,633028.87
2026-02-01 23:45:00,101.57,101.58,100.57,100.73,393545.68
2026-02-02 00:00:00,100.73,101.67,99.57,101.09,709336.72
2026-02-02 00:15:00,101.1,102.47,101.0,102.1,585065.86
2026-02-02 00:30:00,102.1,102.87,101.55,102.47,508256.37
2026-02-02 00:45:00,102.47,102.8,101.97,102.21,267726.98
2026-02-02 01:00:00,102.22,102.83,100.58,100.66,483407.5
2026-02-02 01:15:00,100.66,103.09,100.33,102.81,750696.5
2026-02-02 01:30:00,102.81,102.85,102.14,102.23,324245.11
2026-02-02 01:45:00,102.24,102.55,101.55,102.03,297839.37
2026-02-02 02:00:00,102.03,102.46,101.52,101.78,317944.85
2026-02-02 02:15:00,101.78,102.67,101.75,102.08,256485.79
2026-02-02 02:30:00,102.07,102.21,101.12,101.19,293960.0
2026-02-02 02:45:00,101.19,101.32,100.48,100.68,327790.13
2026-02-02 03:00:00,100.68,100.83,98.89,99.0,708058.21
2026-02-02 03:15:00,99.0,99.14,96.68,96.94,2099362.6
2026-02-02 03:30:00,96.94,97.48,95.83,97.05,1425569.56
2026-02-02 03:45:00,97.06,100.4,96.94,100.0,1475697.68
2026-02-02 04:00:00,100.01,100.1,98.58,98.85,587844.52
2026-02-02 04:15:00,98.85,101.29,98.77,101.23,776373.11
2026-02-02 04:30:00,101.22,101.75,100.85,100.88,529614.45
2026-02-02 04:45:00,100.87,100.91,100.12,100.26,297201.75
2026-02-02 05:00:00,100.26,100.4,99.37,99.57,410077.53
2026-02-02 05:15:00,99.57,99.67,98.02,98.47,718375.68
2026-02-02 05:30:00,98.47,98.87,97.57,98.03,676947.13
2026-02-02 05:45:00,98.02,98.87,97.74,98.22,554249.46
2026-02-02 06:00:00,98.22,98.73,97.0,98.57,688668.27
2026-02-02 06:15:00,98.57,99.95,98.35,99.09,699260.35
2026-02-02 06:30:00,99.08,101.39,97.43,100.62,1697890.01
2026-02-02 06:45:00,100.62,101.33,99.59,100.67,777502.02
2026-02-02 07:00:00,100.67,101.56,100.4,100.75,576031.47
2026-02-02 07:15:00,100.75,101.52,100.54,101.22,387845.02
2026-02-02 07:30:00,101.22,102.0,101.16,101.69,435781.55
2026-02-02 07:45:00,101.69,102.39,101.31,101.38,463615.01
2026-02-02 08:00:00,101.39,102.29,101.33,101.92,453446.48
2026-02-02 08:15:00,101.93,102.42,101.43,101.55,321212.9
2026-02-02 08:30:00,101.56,102.23,101.56,101.86,199500.24
2026-02-02 08:45:00,101.86,102.06,101.64,101.65,158285.65
2026-02-02 09:00:00,101.65,101.99,101.36,101.87,201714.48
2026-02-02 09:15:00,101.88,102.62,101.71,102.55,280697.31
2026-02-02 09:30:00,102.54,103.1,102.18,102.39,483732.61
2026-02-02 09:45:00,102.39,103.16,102.38,102.74,386835.54
2026-02-02 10:00:00,102.73,103.39,102.68,103.17,304929.28
2026-02-02 10:15:00,103.17,103.24,102.74,103.06,223975.35
2026-02-02 10:30:00,103.07,103.3,102.57,102.7,217959.74
2026-02-02 10:45:00,102.7,102.97,102.56,102.84,106616.88
2026-02-02 11:00:00,102.85,103.18,102.68,103.09,141240.17
2026-02-02 11:15:00,103.09,103.16,102.82,103.15,105839.82
2026-02-02 11:30:00,103.14,103.37,102.84,103.02,191716.65
2026-02-02 11:45:00,103.01,103.19,102.58,102.73,202407.53
2026-02-02 12:00:00,102.73,103.21,102.72,103.08,147675.62
2026-02-02 12:15:00,103.09,103.7,102.98,103.22,398295.98
2026-02-02 12:30:00,103.23,103.3,102.88,102.98,175517.82
2026-02-02 12:45:00,102.98,103.42,102.93,103.24,183009.55
2026-02-02 13:00:00,103.23,103.24,102.76,103.0,179319.74
2026-02-02 13:15:00,103.0,103.31,102.77,102.99,180236.44
2026-02-02 13:30:00,103.0,103.64,102.95,103.17,297970.29
2026-02-02 13:45:00,103.18,103.58,102.93,103.25,236843.45
2026-02-02 14:00:00,103.26,103.35,102.29,102.83,442383.77
2026-02-02 14:15:00,102.84,103.58,102.57,103.35,468043.43
2026-02-02 14:30:00,103.34,105.11,103.27,104.32,1658192.09
2026-02-02 14:45:00,104.32,104.74,103.8,103.92,560144.75
2026-02-02 15:00:00,103.92,104.99,103.51,104.7,540998.86
2026-02-02 15:15:00,104.7,105.8,104.44,105.11,818502.52
2026-02-02 15:30:00,105.11,106.06,104.84,105.51,543161.68
2026-02-02 15:45:00,105.52,105.66,104.31,104.63,461984.48
2026-02-02 16:00:00,104.62,105.04,104.2,104.95,392192.17
2026-02-02 16:15:00,104.95,105.43,104.8,105.28,298285.4
2026-02-02 16:30:00,105.28,105.71,104.96,105.42,336746.17
2026-02-02 16:45:00,105.42,105.44,104.69,104.93,229668.72
2026-02-02 17:00:00,104.93,105.48,104.82,105.3,245759.69
2026-02-02 17:15:00,105.3,105.53,104.94,105.08,162281.94
2026-02-02 17:30:00,105.07,105.36,104.41,104.54,222836.14
2026-02-02 17:45:00,104.55,104.92,104.37,104.74,171998.98
2026-02-02 18:00:00,104.75,104.79,104.1,104.16,283402.97
2026-02-02 18:15:00,104.15,104.3,103.79,103.98,408388.54
2026-02-02 18:30:00,103.98,104.97,103.96,104.26,249088.61
2026-02-02 18:45:00,104.26,104.81,104.25,104.64,164146.79
2026-02-02 19:00:00,104.64,104.76,104.16,104.41,165493.32
2026-02-02 19:15:00,104.4,104.5,103.93,104.11,124625.45
2026-02-02 19:30:00,104.11,104.19,103.73,103.92,181290.61
2026-02-02 19:45:00,103.92,104.11,103.43,103.83,298112.4
2026-02-02 20:00:00,103.83,104.2,103.52,103.76,221737.17
2026-02-02 20:15:00,103.77,104.03,103.5,103.61,141901.23
2026-02-02 20:30:00,103.61,103.7,103.25,103.45,219938.89
2026-02-02 20:45:00,103.44,104.07,103.29,103.77,368233.91
2026-02-02 21:00:00,103.78,104.69,103.72,104.56,275805.51
2026-02-02 21:15:00,104.57,104.7,104.31,104.46,78584.05
2026-02-02 21:30:00,104.46,104.92,104.44,104.68,136010.05
2026-02-02 21:45:00,104.68,104.89,104.67,104.75,86191.15
2026-02-02 22:00:00,104.76,105.13,104.75,104.89,142203.11
2026-02-02 22:15:00,104.88,104.93,104.5,104.82,99456.72
2026-02-02 22:30:00,104.83,105.04,104.74,104.96,52736.26
2026-02-02 22:45:00,104.96,105.02,104.72,104.94,63836.32
2026-02-02 23:00:00,104.95,105.0,104.61,104.79,99852.51
2026-02-02 23:15:00,104.79,104.86,104.34,104.41,83305.5
2026-02-02 23:30:00,104.42,104.76,104.35,104.6,106651.14
2026-02-02 23:45:00,104.61,104.66,104.34,104.48,76747.85
2026-02-03 00:00:00,104.47,104.6,103.62,103.97,258105.38
2026-02-03 00:15:00,103.97,104.31,103.82,104.22,157220.98
2026-02-03 00:30:00,104.23,104.23,103.62,103.98,206131.11
2026-02-03 00:45:00,103.99,104.2,103.63,104.09,144499.96
2026-02-03 01:00:00,104.1,104.24,103.68,103.85,125376.21
2026-02-03 01:15:00,103.86,104.09,103.47,103.84,155252.15
2026-02-03 01:30:00,103.84,103.98,103.5,103.97,108002.54
2026-02-03 01:45:00,103.97,104.33,103.9,104.31,124042.84
2026-02-03 02:00:00,104.32,104.34,103.1,103.32,277348.41
2026-02-03 02:15:00,103.32,103.7,103.24,103.4,130330.0
2026-02-03 02:30:00,103.4,103.44,102.8,103.09,283927.78
2026-02-03 02:45:00,103.08,103.11,102.26,102.35,332192.2
2026-02-03 03:00:00,102.36,102.82,102.08,102.69,437298.53
2026-02-03 03:15:00,102.68,102.99,102.11,102.96,255680.74
2026-02-03 03:30:00,102.96,103.88,102.87,103.76,310799.29
2026-02-03 03:45:00,103.76,104.36,103.68,104.1,270651.69
2026-02-03 04:00:00,104.09,104.44,103.79,104.36,159860.62
2026-02-03 04:15:00,104.37,104.45,103.98,103.99,124549.22
2026-02-03 04:30:00,103.98,105.0,103.98,104.99,223696.05
2026-02-03 04:45:00,104.99,105.06,104.55,104.62,151941.07
2026-02-03 05:00:00,104.63,104.68,103.84,103.9,158357.71
2026-02-03 05:15:00,103.91,104.05,103.61,103.93,158397.61
2026-02-03 05:30:00,103.93,104.14,103.84,103.96,79320.62
2026-02-03 05:45:00,103.95,104.14,103.58,103.65,116328.05
2026-02-03 06:00:00,103.65,103.75,102.88,103.03,287453.86
2026-02-03 06:15:00,103.02,104.0,102.97,103.78,248894.59
2026-02-03 06:30:00,103.78,104.02,103.66,103.74,118552.23
2026-02-03 06:45:00,103.73,104.02,103.62,103.9,71513.21
2026-02-03 07:00:00,103.91,104.47,103.68,104.16,152149.02
2026-02-03 07:15:00,104.16,104.28,103.93,104.14,95385.19
2026-02-03 07:30:00,104.15,104.85,104.09,104.57,226800.35
2026-02-03 07:45:00,104.57,104.79,104.52,104.62,101470.48
2026-02-03 08:00:00,104.62,104.7,104.12,104.19,202485.09
2026-02-03 08:15:00,104.18,104.95,104.06,104.78,247636.35
2026-02-03 08:30:00,104.78,104.84,104.51,104.73,188174.1
2026-02-03 08:45:00,104.74,104.74,103.99,104.03,195309.4
2026-02-03 09:00:00,104.03,104.14,103.0,103.05,458782.28
2026-02-03 09:15:00,103.05,103.23,102.43,102.56,615278.82
2026-02-03 09:30:00,102.57,103.37,102.49,103.22,293342.27
2026-02-03 09:45:00,103.21,103.32,102.97,103.03,154585.86
2026-02-03 10:00:00,103.04,103.25,102.73,102.79,205591.59
2026-02-03 10:15:00,102.79,103.08,102.52,102.96,214025.18
2026-02-03 10:30:00,102.97,102.97,102.38,102.67,172845.91
2026-02-03 10:45:00,102.66,102.85,102.6,102.8,94889.61
2026-02-03 11:00:00,102.8,103.12,102.75,103.0,119934.14
2026-02-03 11:15:00,103.0,103.17,102.87,102.96,126069.08
2026-02-03 11:30:00,102.96,103.31,102.84,103.07,171353.47
2026-02-03 11:45:00,103.08,103.33,102.9,102.92,116682.55
2026-02-03 12:00:00,102.93,103.17,102.42,102.89,299081.72
2026-02-03 12:15:00,102.89,103.2,102.72,103.1,123480.87
2026-02-03 12:30:00,103.09,103.19,102.82,103.03,102318.11
2026-02-03 12:45:00,103.04,103.29,102.97,103.05,141199.28
2026-02-03 13:00:00,103.05,103.38,102.82,103.12,141832.72
2026-02-03 13:15:00,103.12,103.22,102.68,103.06,220942.87
2026-02-03 13:30:00,103.07,103.3,102.88,102.93,123116.63
2026-02-03 13:45:00,102.94,103.53,102.88,103.33,136919.72
2026-02-03 14:00:00,103.34,103.58,103.09,103.14,142967.86
2026-02-03 14:15:00,103.14,103.28,102.73,103.14,245066.16
2026-02-03 14:30:00,103.13,103.22,101.52,101.94,898142.44
2026-02-03 14:45:00,101.94,102.27,100.7,100.79,763641.28
2026-02-03 15:00:00,100.78,101.61,100.42,100.5,856202.45
2026-02-03 15:15:00,100.5,102.73,100.3,102.0,1123073.33
2026-02-03 15:30:00,102.0,102.7,101.17,101.32,660612.84
2026-02-03 15:45:00,101.31,102.66,101.17,102.52,595984.18
2026-02-03 16:00:00,102.52,102.52,101.15,101.25,445995.45
2026-02-03 16:15:00,101.25,101.29,100.22,100.28,587903.32
2026-02-03 16:30:00,100.28,101.24,99.81,100.99,648750.81
2026-02-03 16:45:00,100.99,101.11,100.42,100.67,440929.94
2026-02-03 17:00:00,100.67,100.93,99.74,99.8,538126.23
2026-02-03 17:15:00,99.8,100.46,99.76,100.26,436758.88
2026-02-03 17:30:00,100.26,100.36,98.97,99.0,549179.28
2026-02-03 17:45:00,98.99,99.71,98.94,99.04,598452.66
2026-02-03 18:00:00,99.04,99.38,98.61,98.63,620823.51
2026-02-03 18:15:00,98.63,98.83,97.63,97.86,1249725.04
2026-02-03 18:30:00,97.86,98.15,97.22,97.5,725641.66
2026-02-03 18:45:00,97.49,97.71,96.6,96.77,889383.1
2026-02-03 19:00:00,96.77,99.26,96.63,98.97,1306828.77
2026-02-03 19:15:00,98.97,99.87,98.6,99.34,1069374.81
2026-02-03 19:30:00,99.34,100.03,98.98,99.09,697483.82
2026-02-03 19:45:00,99.1,99.26,98.36,98.95,626601.61
2026-02-03 20:00:00,98.94,99.13,98.3,98.43,416502.16
2026-02-03 20:15:00,98.42,100.29,98.23,100.03,723466.12
2026-02-03 20:30:00,100.03,102.12,100.01,100.81,1446483.85
2026-02-03 20:45:00,100.81,101.26,100.32,101.08,688499.99
2026-02-03 21:00:00,101.09,101.76,100.81,101.27,725622.32
2026-02-03 21:15:00,101.28,101.4,100.85,101.01,272024.27
2026-02-03 21:30:00,101.01,101.19,100.38,100.51,298765.62
2026-02-03 21:45:00,100.51,100.72,99.89,100.14,354569.21
2026-02-03 22:00:00,100.14,100.21,99.11,99.48,445000.89
2026-02-03 22:15:00,99.48,99.82,99.09,99.46,293024.67
2026-02-03 22:30:00,99.45,99.65,99.01,99.02,173265.87
2026-02-03 22:45:00,99.01,99.05,98.07,98.41,323023.77
2026-02-03 23:00:00,98.41,98.53,97.26,98.05,577817.79
2026-02-03 23:15:00,98.06,98.23,97.31,97.81,447767.11
2026-02-03 23:30:00,97.81,98.33,97.67,97.94,329473.47
2026-02-03 23:45:00,97.93,98.02,97.11,97.81,431649.46
2026-02-04 00:00:00,97.82,97.89,97.08,97.13,294897.16
2026-02-04 00:15:00,97.13,98.22,97.12,98.09,427145.67
2026-02-04 00:30:00,98.1,98.73,97.97,98.48,280386.96
2026-02-04 00:45:00,98.49,98.65,97.77,97.9,203723.83
2026-02-04 01:00:00,97.9,99.37,97.9,99.28,393059.82
2026-02-04 01:15:00,99.28,99.47,99.06,99.34,245548.29
2026-02-04 01:30:00,99.34,99.6,99.13,99.22,318382.27
2026-02-04 01:45:00,99.22,99.29,98.6,99.04,269136.66
2026-02-04 02:00:00,99.03,99.13,98.6,98.7,181139.04
2026-02-04 02:15:00,98.72,99.0,98.17,98.27,247059.17
2026-02-04 02:30:00,98.26,98.32,97.53,97.97,325817.18
2026-02-04 02:45:00,97.96,98.1,97.31,97.84,271680.31
2026-02-04 03:00:00,97.83,99.37,97.81,99.11,414091.76
2026-02-04 03:15:00,99.1,99.22,98.54,98.61,175914.82
2026-02-04 03:30:00,98.61,99.58,98.58,99.12,414002.24
2026-02-04 03:45:00,99.12,99.22,98.89,99.04,132151.57
2026-02-04 04:00:00,99.03,99.27,98.86,99.1,190953.13
2026-02-04 04:15:00,99.1,99.14,98.62,98.78,134862.97
2026-02-04 04:30:00,98.78,98.96,98.45,98.51,164656.08
2026-02-04 04:45:00,98.5,98.52,97.95,98.01,207701.86
2026-02-04 05:00:00,98.01,98.35,97.68,98.31,331253.41
2026-02-04 05:15:00,98.3,98.38,97.78,98.06,178184.13
2026-02-04 05:30:00,98.05,98.09,97.4,97.48,259689.99
2026-02-04 05:45:00,97.47,97.75,96.2,96.88,887004.35
2026-02-04 06:00:00,96.88,97.65,96.61,97.52,448595.96
2026-02-04 06:15:00,97.53,97.6,97.07,97.33,251210.27
2026-02-04 06:30:00,97.33,98.5,97.17,98.4,506746.57
2026-02-04 06:45:00,98.4,98.69,98.02,98.13,467165.59
2026-02-04 07:00:00,98.12,98.13,97.28,97.68,398540.98
2026-02-04 07:15:00,97.69,97.85,97.47,97.74,171127.0
2026-02-04 07:30:00,97.73,98.17,97.65,98.01,315594.42
2026-02-04 07:45:00,98.02,98.1,97.73,97.82,135843.13
2026-02-04 08:00:00,97.83,97.88,97.06,97.32,305032.39
2026-02-04 08:15:00,97.32,97.81,96.73,96.79,437142.7
2026-02-04 08:30:00,96.79,97.34,96.69,97.31,235385.59
2026-02-04 08:45:00,97.31,97.72,97.26,97.64,230535.13
2026-02-04 09:00:00,97.64,97.71,97.15,97.21,296811.62
2026-02-04 09:15:00,97.21,97.32,96.69,96.96,339673.61
2026-02-04 09:30:00,96.97,97.21,96.7,96.95,269029.15
2026-02-04 09:45:00,96.95,97.43,96.88,97.07,197432.22
2026-02-04 10:00:00,97.07,97.23,96.9,97.01,122832.98
2026-02-04 10:15:00,97.01,97.18,96.83,96.96,118930.06
2026-02-04 10:30:00,96.97,97.15,96.76,96.92,146157.28
2026-02-04 10:45:00,96.92,97.05,96.7,96.96,266944.05
2026-02-04 11:00:00,96.97,97.01,94.5,95.25,3028086.48
2026-02-04 11:15:00,95.25,96.69,95.22,96.2,934698.1
2026-02-04 11:30:00,96.2,96.9,95.98,96.18,499929.74
2026-02-04 11:45:00,96.18,96.32,95.84,96.03,300889.69
2026-02-04 12:00:00,96.04,96.25,95.8,96.02,189122.76
2026-02-04 12:15:00,96.02,96.69,95.77,95.88,398131.27
2026-02-04 12:30:00,95.88,96.42,95.83,96.26,183026.73
2026-02-04 12:45:00,96.26,96.5,96.15,96.41,109322.17
2026-02-04 13:00:00,96.4,96.42,96.01,96.2,213483.77
2026-02-04 13:15:00,96.21,96.3,95.51,95.69,339654.99
2026-02-04 13:30:00,95.7,95.9,94.65,94.75,799563.63
2026-02-04 13:45:00,94.76,95.16,94.07,94.31,955401.7
2026-02-04 14:00:00,94.3,94.78,93.64,94.25,872514.86
2026-02-04 14:15:00,94.24,94.55,93.92,94.25,389409.36
2026-02-04 14:30:00,94.25,94.97,93.04,94.4,1868818.15
2026-02-04 14:45:00,94.4,94.84,92.81,93.02,1322083.56
2026-02-04 15:00:00,93.03,93.83,92.11,93.64,1751767.35
2026-02-04 15:15:00,93.64,94.12,93.01,93.38,664682.18
2026-02-04 15:30:00,93.37,93.51,91.19,92.57,1777583.19
2026-02-04 15:45:00,92.58,92.94,92.07,92.69,782431.14
2026-02-04 16:00:00,92.69,93.03,91.85,92.37,905096.17
2026-02-04 16:15:00,92.38,92.86,91.53,92.69,1016191.55
2026-02-04 16:30:00,92.71,92.75,90.87,91.14,1070325.63
2026-02-04 16:45:00,91.14,92.1,90.93,91.89,799268.91
2026-02-04 17:00:00,91.88,92.32,91.02,92.1,952466.63
2026-02-04 17:15:00,92.1,92.54,90.43,90.5,1213096.34
2026-02-04 17:30:00,90.5,91.28,89.92,90.93,1416403.59
2026-02-04 17:45:00,90.92,91.61,90.63,91.35,776124.09
2026-02-04 18:00:00,91.35,91.4,90.24,90.61,837256.04
2026-02-04 18:15:00,90.61,92.2,90.25,91.68,822035.28
2026-02-04 18:30:00,91.68,93.19,91.32,92.95,1454302.11
2026-02-04 18:45:00,92.95,93.02,92.13,92.24,685086.49
2026-02-04 19:00:00,92.23,94.0,92.2,93.81,1540558.13
2026-02-04 19:15:00,93.8,94.37,93.22,93.29,909825.39
2026-02-04 19:30:00,93.3,94.12,93.25,94.02,543464.73
2026-02-04 19:45:00,94.01,94.67,93.85,94.32,902425.02
2026-02-04 20:00:00,94.32,94.46,93.49,93.59,554732.82
2026-02-04 20:15:00,93.6,94.15,93.24,93.28,337734.41
2026-02-04 20:30:00,93.29,93.45,92.99,93.2,238481.25
2026-02-04 20:45:00,93.2,93.37,92.94,93.19,249469.37
2026-02-04 21:00:00,93.2,93.35,92.28,92.72,627220.27
2026-02-04 21:15:00,92.72,92.84,91.45,91.97,660792.49
2026-02-04 21:30:00,91.97,92.44,91.33,91.5,467274.29
2026-02-04 21:45:00,91.5,91.54,90.68,91.28,797583.37
2026-02-04 22:00:00,91.27,91.38,89.19,90.38,1366731.68
2026-02-04 22:15:00,90.37,92.85,90.35,92.66,900655.89
2026-02-04 22:30:00,92.66,92.84,90.98,91.11,535856.75
2026-02-04 22:45:00,91.1,91.75,90.56,90.78,279553.63
2026-02-04 23:00:00,90.77,91.04,90.21,90.98,366967.42
2026-02-04 23:15:00,90.99,92.6,90.67,92.07,830122.97
2026-02-04 23:30:00,92.08,92.9,92.04,92.53,426986.16
2026-02-04 23:45:00,92.53,92.65,91.97,92.07,278987.64
2026-02-05 00:00:00,92.07,92.42,91.8,91.86,303158.21
2026-02-05 00:15:00,91.85,92.72,91.85,92.56,306443.17
2026-02-05 00:30:00,92.55,92.55,91.33,91.92,239424.18
2026-02-05 00:45:00,91.92,92.07,91.6,91.69,126595.28
2026-02-05 01:00:00,91.7,92.56,91.55,92.32,320438.09
2026-02-05 01:15:00,92.32,92.73,90.48,92.47,852438.39
2026-02-05 01:30:00,92.46,92.88,91.56,91.99,662447.99
2026-02-05 01:45:00,91.99,92.26,91.65,91.89,218204.03
2026-02-05 02:00:00,91.88,92.14,91.03,91.05,388505.46
2026-02-05 02:15:00,91.05,91.78,90.63,91.73,557636.16
2026-02-05 02:30:00,91.73,92.67,91.65,92.39,464795.33
2026-02-05 02:45:00,92.39,92.45,90.67,90.87,599745.61
2026-02-05 03:00:00,90.86,91.62,90.23,90.78,666424.15
2026-02-05 03:15:00,90.79,91.66,90.13,90.93,644921.78
2026-02-05 03:30:00,90.94,91.32,90.64,91.01,364729.98
2026-02-05 03:45:00,91.01,91.16,90.74,91.1,312556.31
2026-02-05 04:00:00,91.1,91.62,90.27,90.46,750512.95
2026-02-05 04:15:00,90.47,91.48,90.26,91.01,576062.65
2026-02-05 04:30:00,91.0,91.89,90.54,91.79,534604.89
2026-02-05 04:45:00,91.79,91.83,90.8,91.08,301776.83
2026-02-05 05:00:00,91.08,91.65,90.86,91.43,253383.76
2026-02-05 05:15:00,91.43,91.75,89.87,90.24,1231268.62
2026-02-05 05:30:00,90.25,92.07,89.85,91.78,1052744.75
2026-02-05 05:45:00,91.77,91.87,90.95,91.13,491294.62
2026-02-05 06:00:00,91.12,91.21,89.67,90.28,1067462.12
2026-02-05 06:15:00,90.28,90.51,89.7,89.88,385102.7
2026-02-05 06:30:00,89.88,90.43,89.82,90.16,322127.75
2026-02-05 06:45:00,90.17,90.45,89.62,90.16,330285.22
2026-02-05 07:00:00,90.16,91.62,90.1,90.76,855842.48
2026-02-05 07:15:00,90.77,91.63,90.54,91.42,393320.16
2026-02-05 07:30:00,91.42,91.46,90.82,91.15,253134.37
2026-02-05 07:45:00,91.16,91.26,90.32,90.5,255969.94
2026-02-05 08:00:00,90.51,91.33,90.51,91.09,335652.03
2026-02-05 08:15:00,91.08,91.97,90.79,91.68,474100.56
2026-02-05 08:30:00,91.67,92.44,91.64,91.93,455258.37
2026-02-05 08:45:00,91.93,92.2,91.67,91.73,234389.98
2026-02-05 09:00:00,91.74,93.04,91.7,92.84,600532.71
2026-02-05 09:15:00,92.84,93.4,92.63,92.76,379951.53
2026-02-05 09:30:00,92.76,92.83,92.19,92.34,282967.1
2026-02-05 09:45:00,92.34,92.67,92.2,92.47,162010.59
2026-02-05 10:00:00,92.47,92.57,91.66,91.99,331136.58
2026-02-05 10:15:00,91.99,92.6,91.99,92.4,226294.87
2026-02-05 10:30:00,92.41,92.42,91.5,91.54,332665.7
2026-02-05 10:45:00,91.53,91.63,89.7,90.22,1412007.37
2026-02-05 11:00:00,90.23,90.73,89.8,89.97,561840.79
2026-02-05 11:15:00,89.97,90.2,88.61,88.87,1294645.22
2026-02-05 11:30:00,88.87,90.75,88.77,90.29,1040619.4
2026-02-05 11:45:00,90.29,90.48,89.45,89.92,607330.85
2026-02-05 12:00:00,89.93,90.72,89.69,89.82,686183.3
2026-02-05 12:15:00,89.83,90.06,88.64,89.61,1361403.75
2026-02-05 12:30:00,89.62,89.95,88.95,89.26,638981.04
2026-02-05 12:45:00,89.26,89.78,88.74,89.47,537517.62
2026-02-05 13:00:00,89.46,90.0,89.06,89.1,433769.84
2026-02-05 13:15:00,89.09,89.14,88.27,88.4,744261.1
2026-02-05 13:30:00,88.41,88.98,88.18,88.4,500619.53
2026-02-05 13:45:00,88.4,88.72,88.14,88.44,422287.21
2026-02-05 14:00:00,88.44,90.03,88.43,89.42,1090167.74
2026-02-05 14:15:00,89.42,90.1,89.0,89.96,467017.36
2026-02-05 14:30:00,89.96,91.43,89.52,90.22,1536225.54
2026-02-05 14:45:00,90.23,90.77,88.25,88.56,1244080.95
2026-02-05 15:00:00,88.57,88.96,86.04,86.34,2369892.0
2026-02-05 15:15:00,86.34,87.22,84.01,84.17,3518595.4
2026-02-05 15:30:00,84.18,85.88,83.36,85.37,2841772.23
2026-02-05 15:45:00,85.38,85.84,84.13,84.55,1784855.76
2026-02-05 16:00:00,84.55,84.93,83.61,83.77,1286712.11
2026-02-05 16:15:00,83.77,85.9,83.68,85.5,1695234.4
2026-02-05 16:30:00,85.51,86.08,84.46,84.5,807810.78
2026-02-05 16:45:00,84.5,86.18,83.93,85.5,1259989.19
2026-02-05 17:00:00,85.49,85.66,83.66,84.02,1122595.95
2026-02-05 17:15:00,84.01,84.82,82.34,84.19,2159468.69
2026-02-05 17:30:00,84.18,84.45,82.86,83.55,1081459.77
2026-02-05 17:45:00,83.54,83.98,82.52,82.64,946925.8
2026-02-05 18:00:00,82.64,83.28,82.37,82.85,717546.29
2026-02-05 18:15:00,82.86,83.02,81.52,81.97,1725238.86
2026-02-05 18:30:00,81.97,82.21,81.12,81.42,1042714.55
2026-02-05 18:45:00,81.42,83.17,81.16,82.89,1043747.81
2026-02-05 19:00:00,82.9,83.27,82.16,82.54,737010.87
2026-02-05 19:15:00,82.53,83.07,81.64,82.13,768260.97
2026-02-05 19:30:00,82.12,82.71,81.85,81.96,710725.41
2026-02-05 19:45:00,81.95,82.11,81.35,81.63,665348.77
2026-02-05 20:00:00,81.63,82.26,81.18,81.22,940862.81
2026-02-05 20:15:00,81.23,81.27,77.73,78.64,5171008.22
2026-02-05 20:30:00,78.63,79.98,77.6,79.4,2347856.52
2026-02-05 20:45:00,79.4,79.65,77.79,78.77,1707809.28
2026-02-05 21:00:00,78.78,81.14,78.62,79.29,1822849.5
2026-02-05 21:15:00,79.29,80.55,78.55,80.19,1141430.25
2026-02-05 21:30:00,80.19,80.8,78.95,79.29,1008676.87
2026-02-05 21:45:00,79.29,79.71,78.29,78.93,722077.45
2026-02-05 22:00:00,78.94,79.97,78.1,79.31,1003248.57
2026-02-05 22:15:00,79.31,80.2,77.49,79.85,1961558.6
2026-02-05 22:30:00,79.85,80.55,79.13,79.92,918153.41
2026-02-05 22:45:00,79.91,80.65,79.38,79.76,415247.16
2026-02-05 23:00:00,79.77,81.57,79.5,81.03,950408.89
2026-02-05 23:15:00,81.03,81.2,79.37,79.93,780458.88
2026-02-05 23:30:00,79.93,80.33,78.56,78.77,947472.33
2026-02-05 23:45:00,78.77,78.99,78.01,78.29,785348.0
2026-02-06 00:00:00,78.29,78.74,71.37,72.3,4622680.46
2026-02-06 00:15:00,72.32,73.52,67.29,71.1,8643955.18
2026-02-06 00:30:00,71.09,75.83,70.88,74.96,3410581.06
2026-02-06 00:45:00,74.95,76.79,74.58,75.42,2140088.75
2026-02-06 01:00:00,75.42,77.39,75.4,76.42,1806680.38
2026-02-06 01:15:00,76.43,77.47,76.3,77.11,1181151.2
2026-02-06 01:30:00,77.12,78.48,76.88,78.17,1139502.63
2026-02-06 01:45:00,78.18,79.67,77.95,79.48,1255237.55
2026-02-06 02:00:00,79.48,80.22,77.72,77.94,1601857.65
2026-02-06 02:15:00,77.94,78.12,76.79,77.22,1330880.46
2026-02-06 02:30:00,77.22,78.14,76.97,77.7,1083179.27
2026-02-06 02:45:00,77.69,77.84,76.34,76.89,815080.42
2026-02-06 03:00:00,76.89,77.35,76.23,76.25,721874.75
2026-02-06 03:15:00,76.25,76.98,76.03,76.62,693699.41
2026-02-06 03:30:00,76.62,77.3,76.0,76.13,479982.18
2026-02-06 03:45:00,76.13,76.72,75.68,76.66,739307.55
2026-02-06 04:00:00,76.66,76.99,76.16,76.73,557691.75
2026-02-06 04:15:00,76.72,77.8,76.58,77.4,600820.38
2026-02-06 04:30:00,77.4,77.73,76.82,77.27,547466.33
2026-02-06 04:45:00,77.27,77.97,77.26,77.69,385075.74
2026-02-06 05:00:00,77.68,79.14,77.51,79.05,846313.0
2026-02-06 05:15:00,79.05,79.12,78.37,78.83,516067.73
2026-02-06 05:30:00,78.82,79.96,78.79,79.87,638172.46
2026-02-06 05:45:00,79.87,81.56,79.61,81.06,1251382.47
2026-02-06 06:00:00,81.07,81.51,80.75,80.81,888898.12
2026-02-06 06:15:00,80.8,80.9,79.88,80.26,707335.92
2026-02-06 06:30:00,80.26,80.48,79.42,79.74,622455.13
2026-02-06 06:45:00,79.75,80.04,79.31,79.41,524051.07
2026-02-06 07:00:00,79.41,79.48,78.67,79.22,689128.26
2026-02-06 07:15:00,79.22,79.44,78.81,79.43,486253.43
2026-02-06 07:30:00,79.42,80.55,79.32,79.85,750370.37
2026-02-06 07:45:00,79.85,80.12,79.19,79.5,473615.06
2026-02-06 08:00:00,79.49,80.14,78.96,79.64,514046.37
2026-02-06 08:15:00,79.65,79.76,78.85,79.17,644680.74
2026-02-06 08:30:00,79.18,79.28,78.55,78.87,676086.23
2026-02-06 08:45:00,78.86,79.44,78.77,78.98,347302.5
2026-02-06 09:00:00,78.97,79.51,78.84,79.32,450191.44
2026-02-06 09:15:00,79.32,80.09,79.06,80.03,715135.81
2026-02-06 09:30:00,80.03,80.98,79.97,80.94,608289.66
2026-02-06 09:45:00,80.94,81.58,80.55,81.22,542114.45
2026-02-06 10:00:00,81.22,81.47,80.63,80.98,602325.15
2026-02-06 10:15:00,80.98,81.98,80.98,81.43,652553.38
2026-02-06 10:30:00,81.42,81.74,80.96,81.29,418709.79
2026-02-06 10:45:00,81.3,81.41,80.65,80.73,382279.52
2026-02-06 11:00:00,80.73,81.02,80.36,81.01,360284.91
2026-02-06 11:15:00,81.0,81.16,80.74,80.96,399630.13
2026-02-06 11:30:00,80.96,81.66,80.84,81.14,615782.19
2026-02-06 11:45:00,81.14,81.4,80.9,81.26,483771.46
2026-02-06 12:00:00,81.25,81.25,80.72,81.2,351944.34
2026-02-06 12:15:00,81.21,81.86,80.99,81.56,372465.66
2026-02-06 12:30:00,81.55,81.73,81.1,81.37,351328.77
2026-02-06 12:45:00,81.36,81.85,81.35,81.78,273836.64
2026-02-06 13:00:00,81.78,82.75,81.58,82.72,1037014.27
2026-02-06 13:15:00,82.72,83.31,82.11,82.68,1136577.33
2026-02-06 13:30:00,82.68,83.6,82.31,83.36,914248.58
2026-02-06 13:45:00,83.36,83.75,82.96,83.01,750010.39
2026-02-06 14:00:00,83.01,83.14,82.26,82.62,754524.24
2026-02-06 14:15:00,82.62,82.71,81.82,82.47,724921.84
2026-02-06 14:30:00,82.47,84.34,82.38,84.26,2146808.12
2026-02-06 14:45:00,84.26,85.14,83.59,84.1,1457359.94
2026-02-06 15:00:00,84.11,84.73,83.5,83.5,1282650.26
2026-02-06 15:15:00,83.5,84.31,83.31,83.94,778594.78
2026-02-06 15:30:00,83.93,84.61,83.81,84.47,762047.24
2026-02-06 15:45:00,84.47,84.98,84.14,84.4,859802.22
2026-02-06 16:00:00,84.39,85.22,83.5,85.02,1147798.54
2026-02-06 16:15:00,85.02,86.4,84.8,85.98,1224183.36
2026-02-06 16:30:00,85.99,86.9,85.74,86.6,1085008.52
2026-02-06 16:45:00,86.6,87.1,86.04,86.58,983419.31
2026-02-06 17:00:00,86.57,87.34,86.02,86.62,771290.19
2026-02-06 17:15:00,86.63,87.97,86.49,87.88,983700.32
2026-02-06 17:30:00,87.88,88.59,86.96,87.0,1277003.59
2026-02-06 17:45:00,87.0,87.39,86.32,86.58,755432.53
2026-02-06 18:00:00,86.57,86.73,85.1,85.85,1215260.31
2026-02-06 18:15:00,85.85,85.92,85.25,85.56,624123.91
2026-02-06 18:30:00,85.57,86.71,85.49,86.38,588806.04
2026-02-06 18:45:00,86.38,86.66,85.95,86.03,382800.82
2026-02-06 19:00:00,86.03,86.39,85.54,85.75,406699.53
2026-02-06 19:15:00,85.74,86.52,85.41,86.24,499719.84
2026-02-06 19:30:00,86.25,86.83,86.08,86.65,474453.57
2026-02-06 19:45:00,86.65,87.35,86.56,86.97,604017.04
2026-02-06 20:00:00,86.97,87.07,86.48,86.71,305198.76
2026-02-06 20:15:00,86.71,87.24,86.61,87.1,332607.16
2026-02-06 20:30:00,87.1,87.87,86.95,87.27,635261.13
2026-02-06 20:45:00,87.27,87.58,86.73,86.83,600808.21
2026-02-06 21:00:00,86.83,87.29,86.5,87.03,377202.55
2026-02-06 21:15:00,87.03,88.0,86.96,87.84,432225.1
2026-02-06 21:30:00,87.83,87.87,87.36,87.78,191471.87
2026-02-06 21:45:00,87.78,88.13,87.7,87.97,219445.69
2026-02-06 22:00:00,87.97,88.75,87.85,88.31,536323.94
2026-02-06 22:15:00,88.32,89.0,88.23,88.73,423962.74
2026-02-06 22:30:00,88.72,89.74,88.65,89.14,490328.41
2026-02-06 22:45:00,89.14,89.59,88.9,89.1,197741.86
2026-02-06 23:00:00,89.09,89.53,88.31,88.41,460400.57
2026-02-06 23:15:00,88.42,88.42,87.25,87.65,653380.55
2026-02-06 23:30:00,87.66,88.42,87.63,87.7,341620.41
2026-02-06 23:45:00,87.7,87.86,87.35,87.42,237341.21
2026-02-07 00:00:00,87.41,87.42,86.27,86.92,782394.97
2026-02-07 00:15:00,86.92,87.03,86.04,86.27,495845.92
2026-02-07 00:30:00,86.27,86.59,86.12,86.16,365830.63
2026-02-07 00:45:00,86.16,86.99,86.15,86.51,349036.81
2026-02-07 01:00:00,86.51,86.66,85.84,85.95,342669.98
2026-02-07 01:15:00,85.95,86.5,85.92,86.34,220050.94
2026-02-07 01:30:00,86.34,86.88,86.21,86.65,239369.81
2026-02-07 01:45:00,86.64,87.43,86.57,87.06,340589.35
2026-02-07 02:00:00,87.06,87.2,86.74,87.05,223257.91
2026-02-07 02:15:00,87.04,87.48,86.9,87.32,124663.31
2026-02-07 02:30:00,87.33,87.54,87.08,87.22,133500.52
2026-02-07 02:45:00,87.22,87.3,86.72,87.23,181608.1
2026-02-07 03:00:00,87.24,88.19,87.16,88.02,410643.05
2026-02-07 03:15:00,88.02,88.31,87.74,88.16,236114.77
2026-02-07 03:30:00,88.15,88.25,87.81,88.11,198380.61
2026-02-07 03:45:00,88.1,88.12,87.7,88.01,199520.43
2026-02-07 04:00:00,88.01,88.74,87.81,88.61,383798.03
2026-02-07 04:15:00,88.6,88.97,88.03,88.16,432784.45
2026-02-07 04:30:00,88.17,88.59,87.21,87.37,317247.11
2026-02-07 04:45:00,87.37,87.68,87.35,87.65,151563.15
2026-02-07 05:00:00,87.64,88.22,87.58,88.1,162669.1
2026-02-07 05:15:00,88.1,88.57,87.81,87.9,301969.68
2026-02-07 05:30:00,87.9,88.23,87.66,87.91,263117.16
2026-02-07 05:45:00,87.91,88.03,87.49,87.75,220906.17
2026-02-07 06:00:00,87.74,88.17,87.63,87.86,185550.25
2026-02-07 06:15:00,87.85,87.95,87.48,87.77,154160.73
2026-02-07 06:30:00,87.76,87.97,87.45,87.52,120695.72
2026-02-07 06:45:00,87.52,87.57,86.16,86.21,641554.79
2026-02-07 07:00:00,86.21,86.59,84.77,84.81,1476687.58
2026-02-07 07:15:00,84.82,85.41,84.15,85.26,1588632.96
2026-02-07 07:30:00,85.27,86.36,84.63,85.92,1022267.54
2026-02-07 07:45:00,85.92,85.95,85.23,85.24,490430.84
2026-02-07 08:00:00,85.24,85.54,84.81,85.03,493463.77
2026-02-07 08:15:00,85.03,85.33,84.68,84.93,336816.91
2026-02-07 08:30:00,84.93,85.28,84.89,85.04,228894.7
2026-02-07 08:45:00,85.04,85.66,85.04,85.29,249054.33
2026-02-07 09:00:00,85.3,85.67,85.17,85.64,244851.98
2026-02-07 09:15:00,85.64,85.66,85.22,85.26,144301.42
2026-02-07 09:30:00,85.25,85.31,84.75,84.9,314170.3
2026-02-07 09:45:00,84.89,85.24,84.75,85.19,238098.07
2026-02-07 10:00:00,85.18,85.46,84.94,85.08,174530.45
2026-02-07 10:15:00,85.08,85.37,84.93,85.13,168778.42
2026-02-07 10:30:00,85.12,85.28,84.44,84.77,335721.76
2026-02-07 10:45:00,84.77,85.08,84.51,84.94,222622.59
2026-02-07 11:00:00,84.93,85.11,84.66,84.67,181893.73
2026-02-07 11:15:00,84.66,84.9,84.52,84.63,122880.89
2026-02-07 11:30:00,84.63,84.89,84.58,84.65,157255.64
2026-02-07 11:45:00,84.66,85.16,84.61,84.85,352323.15
2026-02-07 12:00:00,84.85,86.06,84.78,85.83,662056.01
2026-02-07 12:15:00,85.82,87.15,85.65,86.17,998900.68
2026-02-07 12:30:00,86.17,86.8,85.98,86.07,492190.01
2026-02-07 12:45:00,86.07,86.43,85.94,86.16,251972.38
2026-02-07 13:00:00,86.16,86.59,85.96,86.03,221926.26
2026-02-07 13:15:00,86.04,86.28,86.0,86.18,152092.6
2026-02-07 13:30:00,86.18,86.23,85.48,85.72,358989.71
2026-02-07 13:45:00,85.73,86.14,85.69,86.06,141856.04
2026-02-07 14:00:00,86.07,86.46,85.91,86.24,211365.89
2026-02-07 14:15:00,86.24,86.55,85.99,86.14,175436.75
2026-02-07 14:30:00,86.14,86.21,85.43,85.95,346644.53
2026-02-07 14:45:00,85.96,86.0,85.43,85.71,280265.99
2026-02-07 15:00:00,85.71,86.25,85.59,86.13,279143.82
2026-02-07 15:15:00,86.14,86.8,85.96,86.52,523850.75
2026-02-07 15:30:00,86.52,86.91,86.15,86.26,364385.4
2026-02-07 15:45:00,86.27,86.52,86.07,86.52,154133.22
2026-02-07 16:00:00,86.51,88.07,86.11,87.17,4339952.09
2026-02-07 16:15:00,87.18,87.86,86.63,86.78,1678187.34
2026-02-07 16:30:00,86.79,87.19,86.66,87.1,158962.86
2026-02-07 16:45:00,87.1,87.15,86.7,86.99,140431.74
2026-02-07 17:00:00,87.0,87.19,86.42,86.48,235532.08
2026-02-07 17:15:00,86.49,87.34,86.43,87.27,212079.99
2026-02-07 17:30:00,87.27,87.67,87.01,87.46,220858.79
2026-02-07 17:45:00,87.46,87.61,87.2,87.58,120760.72
2026-02-07 18:00:00,87.57,87.9,87.38,87.49,189484.02
2026-02-07 18:15:00,87.49,88.37,87.47,88.26,338347.75
2026-02-07 18:30:00,88.26,88.84,88.13,88.75,377827.33
2026-02-07 18:45:00,88.75,89.15,88.52,88.65,328604.66
2026-02-07 19:00:00,88.65,88.73,88.11,88.23,193785.14
2026-02-07 19:15:00,88.23,88.65,88.21,88.44,211749.36
2026-02-07 19:30:00,88.44,88.57,87.93,88.24,246489.3
2026-02-07 19:45:00,88.24,88.49,88.05,88.22,160544.25
2026-02-07 20:00:00,88.21,88.41,87.92,88.07,228759.76
2026-02-07 20:15:00,88.07,88.52,88.0,88.44,106455.37
2026-02-07 20:30:00,88.44,88.85,88.3,88.65,135981.0
2026-02-07 20:45:00,88.64,89.13,88.59,88.83,226550.48
2026-02-07 21:00:00,88.83,89.11,88.62,88.78,154052.61
2026-02-07 21:15:00,88.77,88.9,88.53,88.66,108343.0
2026-02-07 21:30:00,88.67,88.88,88.38,88.39,120461.82
2026-02-07 21:45:00,88.38,88.4,88.02,88.12,179729.56
2026-02-07 22:00:00,88.13,88.69,88.08,88.55,184207.43
2026-02-07 22:15:00,88.56,88.58,88.14,88.37,75971.29
2026-02-07 22:30:00,88.38,88.48,88.1,88.43,92504.98
2026-02-07 22:45:00,88.44,88.44,88.14,88.21,82580.01
2026-02-07 23:00:00,88.21,88.29,87.24,87.43,355839.07
2026-02-07 23:15:00,87.44,87.53,86.8,87.33,260570.17
2026-02-07 23:30:00,87.34,87.63,87.26,87.6,116890.55
2026-02-07 23:45:00,87.6,87.77,87.47,87.51,96348.0
2026-02-08 00:00:00,87.52,87.6,87.24,87.38,136819.73
2026-02-08 00:15:00,87.38,87.44,87.03,87.13,134105.06
2026-02-08 00:30:00,87.12,87.5,87.03,87.03,141294.58
2026-02-08 00:45:00,87.04,87.43,87.03,87.27,139764.55
2026-02-08 01:00:00,87.27,87.88,87.24,87.84,109425.47
2026-02-08 01:15:00,87.83,87.83,87.41,87.53,71095.83
2026-02-08 01:30:00,87.53,87.88,87.46,87.76,81582.3
2026-02-08 01:45:00,87.75,87.93,87.63,87.79,137844.05
2026-02-08 02:00:00,87.8,87.87,87.59,87.72,75709.19
2026-02-08 02:15:00,87.71,88.15,87.51,87.61,167099.53
2026-02-08 02:30:00,87.61,87.77,87.09,87.21,179471.96
2026-02-08 02:45:00,87.2,87.31,86.83,87.19,186824.54
2026-02-08 03:00:00,87.2,87.4,87.02,87.16,158042.59
2026-02-08 03:15:00,87.16,87.43,87.02,87.3,80928.3
2026-02-08 03:30:00,87.31,87.47,87.04,87.12,73814.54
2026-02-08 03:45:00,87.11,87.16,86.63,86.74,185330.97
2026-02-08 04:00:00,86.74,87.0,86.7,86.76,148882.61
2026-02-08 04:15:00,86.76,87.23,86.53,87.13,141874.1
2026-02-08 04:30:00,87.13,87.23,86.84,87.09,73461.7
2026-02-08 04:45:00,87.1,87.33,86.97,87.32,81770.01
2026-02-08 05:00:00,87.32,87.45,87.11,87.42,89172.84
2026-02-08 05:15:00,87.43,87.48,87.13,87.21,71137.09
2026-02-08 05:30:00,87.21,87.21,86.95,87.05,67085.74
2026-02-08 05:45:00,87.05,87.22,87.02,87.2,43097.63
2026-02-08 06:00:00,87.21,87.28,86.86,87.26,89341.06
2026-02-08 06:15:00,87.27,87.43,87.08,87.35,110915.64
2026-02-08 06:30:00,87.35,87.35,87.07,87.13,60778.84
2026-02-08 06:45:00,87.14,87.28,87.0,87.08,59524.8
2026-02-08 07:00:00,87.08,87.19,86.71,86.97,173989.09
2026-02-08 07:15:00,86.97,87.06,86.59,86.83,161186.73
2026-02-08 07:30:00,86.82,87.09,86.68,86.89,87207.29
2026-02-08 07:45:00,86.9,87.32,86.87,87.32,118156.96
2026-02-08 08:00:00,87.32,87.6,87.07,87.14,183201.09
2026-02-08 08:15:00,87.15,88.08,86.85,87.82,399996.84
2026-02-08 08:30:00,87.81,88.75,87.57,88.26,560692.33
2026-02-08 08:45:00,88.25,88.68,88.09,88.55,290179.3
2026-02-08 09:00:00,88.54,88.93,88.27,88.35,297241.83
2026-02-08 09:15:00,88.35,88.57,88.18,88.31,155703.93
2026-02-08 09:30:00,88.32,88.58,87.54,87.55,385390.7
2026-02-08 09:45:00,87.55,87.78,87.45,87.52,146068.05
2026-02-08 10:00:00,87.52,88.05,87.52,87.7,149451.87
2026-02-08 10:15:00,87.7,87.9,86.34,86.55,677154.96
2026-02-08 10:30:00,86.55,86.92,86.41,86.8,252356.14
2026-02-08 10:45:00,86.81,87.06,86.72,86.81,136919.33
2026-02-08 11:00:00,86.81,87.39,86.67,87.35,193982.68
2026-02-08 11:15:00,87.35,87.76,87.2,87.45,248043.04
2026-02-08 11:30:00,87.45,88.21,87.4,87.95,470866.89
2026-02-08 11:45:00,87.95,88.24,87.84,88.16,270375.5
2026-02-08 12:00:00,88.17,88.25,87.76,87.81,197570.97
2026-02-08 12:15:00,87.81,88.09,87.63,88.08,157038.53
2026-02-08 12:30:00,88.07,88.32,87.6,87.71,226685.0
2026-02-08 12:45:00,87.71,88.18,87.63,88.07,237164.87
2026-02-08 13:00:00,88.07,88.32,87.67,87.93,292335.16
2026-02-08 13:15:00,87.93,88.82,87.88,88.57,511634.15
2026-02-08 13:30:00,88.56,88.63,88.13,88.21,239276.12
2026-02-08 13:45:00,88.21,88.52,88.12,88.5,170708.07
2026-02-08 14:00:00,88.5,88.67,88.27,88.3,192282.61
2026-02-08 14:15:00,88.3,88.42,87.94,88.19,196339.96
2026-02-08 14:30:00,88.2,88.46,88.14,88.23,149396.77
2026-02-08 14:45:00,88.24,88.41,88.16,88.37,110794.4
2026-02-08 15:00:00,88.38,88.71,88.27,88.49,224559.23
2026-02-08 15:15:00,88.5,88.69,87.26,87.48,531106.69
2026-02-08 15:30:00,87.48,87.88,87.39,87.74,302783.66
2026-02-08 15:45:00,87.74,87.81,87.34,87.71,200592.03
2026-02-08 16:00:00,87.71,87.85,87.3,87.31,222381.3
2026-02-08 16:15:00,87.32,87.74,87.32,87.52,113108.39
2026-02-08 16:30:00,87.53,87.53,86.43,86.59,516815.32
2026-02-08 16:45:00,86.59,86.7,85.68,86.14,822111.26
2026-02-08 17:00:00,86.13,86.78,86.09,86.6,350952.93
2026-02-08 17:15:00,86.59,87.05,86.4,86.56,267888.36
2026-02-08 17:30:00,86.57,87.0,86.55,86.9,164808.82
2026-02-08 17:45:00,86.9,87.0,86.66,86.86,105704.31
2026-02-08 18:00:00,86.85,87.37,86.84,87.23,212026.11
2026-02-08 18:15:00,87.22,87.52,87.13,87.36,154509.35
2026-02-08 18:30:00,87.36,88.57,87.36,88.15,579242.15
2026-02-08 18:45:00,88.16,88.37,87.75,87.75,233946.04
2026-02-08 19:00:00,87.75,88.1,87.73,87.95,93627.58
2026-02-08 19:15:00,87.95,88.18,87.87,87.88,105727.0
2026-02-08 19:30:00,87.88,88.28,87.88,88.18,114383.8
2026-02-08 19:45:00,88.19,88.54,87.98,88.34,334747.5
2026-02-08 20:00:00,88.34,88.35,87.4,87.56,318142.03
2026-02-08 20:15:00,87.56,87.77,87.16,87.33,227580.43
2026-02-08 20:30:00,87.32,87.54,87.25,87.35,113448.88
2026-02-08 20:45:00,87.36,87.45,86.69,86.84,261205.62
2026-02-08 21:00:00,86.85,87.21,86.69,87.11,155985.87
2026-02-08 21:15:00,87.12,87.29,87.05,87.06,119857.55
2026-02-08 21:30:00,87.06,87.12,86.19,86.34,340161.71
2026-02-08 21:45:00,86.33,86.63,86.17,86.54,121644.26
2026-02-08 22:00:00,86.55,86.87,86.52,86.83,127387.81
2026-02-08 22:15:00,86.82,87.06,86.65,86.68,116115.99
2026-02-08 22:30:00,86.68,86.97,86.37,86.82,109999.24
2026-02-08 22:45:00,86.83,87.2,86.8,87.07,87193.71
2026-02-08 23:00:00,87.07,89.09,87.04,87.92,1146548.28
2026-02-08 23:15:00,87.91,88.15,86.42,86.58,784964.62
2026-02-08 23:30:00,86.58,86.83,86.0,86.75,562356.91
2026-02-08 23:45:00,86.76,87.52,86.68,86.92,343734.02
2026-02-09 00:00:00,86.91,87.13,86.46,87.04,316131.5
2026-02-09 00:15:00,87.05,87.4,86.61,86.87,233880.14
2026-02-09 00:30:00,86.86,87.02,86.3,86.56,206126.57
2026-02-09 00:45:00,86.55,87.09,86.34,87.01,144117.6
2026-02-09 01:00:00,87.0,87.26,86.59,86.79,153474.69
2026-02-09 01:15:00,86.79,87.93,86.61,87.38,356280.8
2026-02-09 01:30:00,87.38,87.43,85.66,86.19,674506.34
2026-02-09 01:45:00,86.19,86.53,85.83,86.35,376916.02
2026-02-09 02:00:00,86.35,86.81,86.13,86.47,243001.46
2026-02-09 02:15:00,86.47,86.64,86.37,86.6,90217.62
2026-02-09 02:30:00,86.61,87.84,86.5,87.52,573202.42
2026-02-09 02:45:00,87.51,87.57,86.91,86.96,205025.77
2026-02-09 03:00:00,86.96,87.24,86.78,86.87,182214.32
2026-02-09 03:15:00,86.88,87.26,86.86,87.08,172502.93
2026-02-09 03:30:00,87.08,87.85,87.08,87.6,333527.76
2026-02-09 03:45:00,87.6,87.86,87.4,87.62,185557.88
2026-02-09 04:00:00,87.61,87.67,87.16,87.2,130495.07
2026-02-09 04:15:00,87.21,87.58,87.16,87.51,158549.83
2026-02-09 04:30:00,87.51,87.51,86.9,87.06,191356.84
2026-02-09 04:45:00,87.06,87.17,86.91,87.06,86230.33
2026-02-09 05:00:00,87.05,87.18,86.82,86.88,178414.17
2026-02-09 05:15:00,86.89,87.12,86.84,87.04,101870.53
2026-02-09 05:30:00,87.05,87.41,87.01,87.13,112515.72
2026-02-09 05:45:00,87.13,87.33,86.96,87.19,91130.13
2026-02-09 06:00:00,87.2,87.2,86.45,86.6,323428.33
2026-02-09 06:15:00,86.6,86.6,85.88,86.03,463192.4
2026-02-09 06:30:00,86.02,86.38,85.97,86.3,145301.94
2026-02-09 06:45:00,86.31,86.49,86.23,86.37,101812.77
2026-02-09 07:00:00,86.37,86.51,85.95,86.39,221200.35
2026-02-09 07:15:00,86.4,86.5,86.23,86.3,93748.11
2026-02-09 07:30:00,86.3,86.38,85.27,85.37,712525.25
2026-02-09 07:45:00,85.36,85.53,85.12,85.43,246257.13
2026-02-09 08:00:00,85.43,85.57,85.22,85.37,283920.78
2026-02-09 08:15:00,85.38,85.42,84.61,84.68,543233.93
2026-02-09 08:30:00,84.68,84.7,83.76,84.49,827724.5
2026-02-09 08:45:00,84.49,84.73,84.3,84.5,281410.78
2026-02-09 09:00:00,84.5,84.86,84.49,84.49,245051.0
2026-02-09 09:15:00,84.49,84.63,84.25,84.52,229054.94
2026-02-09 09:30:00,84.51,84.59,83.97,84.06,259615.46
2026-02-09 09:45:00,84.05,84.27,83.88,84.27,275407.03
2026-02-09 10:00:00,84.27,84.43,83.98,84.09,265888.65
2026-02-09 10:15:00,84.08,84.14,83.52,83.68,478840.2
2026-02-09 10:30:00,83.69,83.74,82.85,82.99,893264.83
2026-02-09 10:45:00,82.99,83.32,82.82,83.2,323144.42
2026-02-09 11:00:00,83.19,83.68,83.19,83.26,332468.09
2026-02-09 11:15:00,83.26,83.58,83.18,83.43,181799.72
2026-02-09 11:30:00,83.44,83.63,83.3,83.39,167253.94
2026-02-09 11:45:00,83.39,83.51,83.21,83.43,145404.03
2026-02-09 12:00:00,83.44,83.97,83.39,83.85,346273.45
2026-02-09 12:15:00,83.86,83.86,83.69,83.77,112287.3
2026-02-09 12:30:00,83.77,84.33,83.71,84.26,226581.25
2026-02-09 12:45:00,84.26,84.3,83.85,84.01,195189.59
2026-02-09 13:00:00,84.0,84.58,83.85,84.41,258133.86
2026-02-09 13:15:00,84.42,84.54,84.16,84.42,158164.75
2026-02-09 13:30:00,84.41,84.41,84.01,84.09,173956.7
2026-02-09 13:45:00,84.1,84.2,83.69,83.73,309085.15
2026-02-09 14:00:00,83.72,84.05,83.51,83.8,417456.82
2026-02-09 14:15:00,83.8,84.14,83.56,83.88,334184.97
2026-02-09 14:30:00,83.87,85.21,83.55,84.55,1073313.72
2026-02-09 14:45:00,84.56,85.1,84.48,84.9,567058.58
2026-02-09 15:00:00,84.91,85.77,84.89,85.05,658835.55
2026-02-09 15:15:00,85.05,85.32,84.27,84.41,467371.63
2026-02-09 15:30:00,84.41,85.72,84.33,85.54,546561.71
2026-02-09 15:45:00,85.54,85.68,84.96,85.23,351621.0
2026-02-09 16:00:00,85.23,85.46,84.75,84.9,241599.9
2026-02-09 16:15:00,84.9,85.51,84.81,85.42,207238.08
2026-02-09 16:30:00,85.43,86.16,85.09,86.0,363616.35
2026-02-09 16:45:00,86.0,86.86,85.93,86.04,838424.0
2026-02-09 17:00:00,86.05,86.39,85.57,85.7,370197.16
2026-02-09 17:15:00,85.7,86.5,85.7,86.5,288186.8
2026-02-09 17:30:00,86.49,88.0,86.4,87.82,1190530.91
2026-02-09 17:45:00,87.81,88.06,87.41,87.74,458271.06
2026-02-09 18:00:00,87.73,88.66,87.65,87.98,806907.28
2026-02-09 18:15:00,87.98,88.29,87.01,87.31,615701.12
2026-02-09 18:30:00,87.31,87.85,87.15,87.68,358184.56
2026-02-09 18:45:00,87.67,87.95,87.17,87.46,303592.41
2026-02-09 19:00:00,87.45,87.53,87.08,87.42,255251.26
2026-02-09 19:15:00,87.43,87.69,87.14,87.46,333217.72
2026-02-09 19:30:00,87.46,88.18,87.4,87.9,385310.95
2026-02-09 19:45:00,87.9,88.06,87.61,87.9,187811.19
2026-02-09 20:00:00,87.89,88.28,87.59,87.93,250440.23
2026-02-09 20:15:00,87.93,87.94,87.12,87.26,279904.99
2026-02-09 20:30:00,87.26,87.7,87.15,87.67,135939.65
2026-02-09 20:45:00,87.66,87.92,87.52,87.7,184931.11
2026-02-09 21:00:00,87.7,87.84,87.35,87.36,115093.25
2026-02-09 21:15:00,87.36,87.44,87.15,87.22,97065.19
2026-02-09 21:30:00,87.22,87.29,86.5,86.74,369699.15
2026-02-09 21:45:00,86.73,87.6,86.45,87.27,286313.7
2026-02-09 22:00:00,87.27,87.53,87.12,87.43,194590.62
2026-02-09 22:15:00,87.42,87.49,87.01,87.14,148991.48
2026-02-09 22:30:00,87.14,87.23,86.93,87.08,83921.24
2026-02-09 22:45:00,87.08,87.26,86.9,87.05,49574.28
2026-02-09 23:00:00,87.06,87.36,86.89,87.06,89208.58
2026-02-09 23:15:00,87.06,87.13,86.8,86.89,111058.07
2026-02-09 23:30:00,86.88,87.16,86.82,87.02,70191.69
2026-02-09 23:45:00,87.01,87.01,86.59,86.71,90431.14
2026-02-10 00:00:00,86.71,86.85,86.48,86.82,118342.61
2026-02-10 00:15:00,86.82,86.88,86.34,86.52,128448.15
2026-02-10 00:30:00,86.51,86.68,86.27,86.36,96256.74
2026-02-10 00:45:00,86.35,86.54,86.25,86.36,96108.54
2026-02-10 01:00:00,86.36,87.08,86.32,86.97,188778.02
2026-02-10 01:15:00,86.97,87.44,86.88,87.28,150848.49
2026-02-10 01:30:00,87.28,87.44,86.98,87.29,125302.93
2026-02-10 01:45:00,87.3,87.43,87.09,87.22,86052.75
2026-02-10 02:00:00,87.22,87.28,86.89,86.94,124629.88
2026-02-10 02:15:00,86.94,87.17,86.67,86.7,91099.85
2026-02-10 02:30:00,86.7,86.75,86.43,86.46,109481.54
2026-02-10 02:45:00,86.45,86.71,86.36,86.62,114240.51
2026-02-10 03:00:00,86.62,86.81,86.1,86.31,193782.68
2026-02-10 03:15:00,86.32,86.36,85.68,85.79,421646.2
2026-02-10 03:30:00,85.78,85.78,85.2,85.47,434005.65
2026-02-10 03:45:00,85.47,85.89,85.41,85.8,175538.74
2026-02-10 04:00:00,85.8,86.35,85.72,86.32,262713.48
2026-02-10 04:15:00,86.31,86.45,86.16,86.38,150801.4
2026-02-10 04:30:00,86.37,86.52,86.17,86.29,88616.84
2026-02-10 04:45:00,86.29,86.62,86.22,86.5,85695.62
2026-02-10 05:00:00,86.49,86.52,86.26,86.48,78468.79
2026-02-10 05:15:00,86.48,86.49,86.0,86.04,110342.63
2026-02-10 05:30:00,86.04,86.53,85.83,85.95,189619.51
2026-02-10 05:45:00,85.94,85.99,85.54,85.89,230702.64
2026-02-10 06:00:00,85.88,85.98,85.57,85.64,183832.61
2026-02-10 06:15:00,85.64,85.73,85.22,85.37,225307.94
2026-02-10 06:30:00,85.37,85.54,85.03,85.1,232656.52
2026-02-10 06:45:00,85.1,85.14,84.26,84.55,751755.74
2026-02-10 07:00:00,84.56,85.07,84.52,84.76,402350.08
2026-02-10 07:15:00,84.76,84.77,84.42,84.72,277235.13
2026-02-10 07:30:00,84.71,84.84,84.47,84.53,143628.75
2026-02-10 07:45:00,84.53,84.64,84.36,84.59,147661.53
2026-02-10 08:00:00,84.58,84.84,84.36,84.41,269069.09
2026-02-10 08:15:00,84.42,84.78,84.11,84.42,335868.5
2026-02-10 08:30:00,84.42,84.67,84.21,84.56,233037.26
2026-02-10 08:45:00,84.55,84.69,84.46,84.59,201407.05
2026-02-10 09:00:00,84.58,84.96,84.54,84.83,314292.55
2026-02-10 09:15:00,84.84,85.03,84.73,84.75,186655.73
2026-02-10 09:30:00,84.75,84.77,84.55,84.7,148918.91
2026-02-10 09:45:00,84.71,84.78,84.21,84.51,193737.72
2026-02-10 10:00:00,84.51,84.7,84.36,84.49,121968.05
2026-02-10 10:15:00,84.5,84.68,84.23,84.48,136848.14
2026-02-10 10:30:00,84.48,84.49,84.17,84.23,121016.95
2026-02-10 10:45:00,84.24,84.31,84.14,84.16,83678.2
2026-02-10 11:00:00,84.17,84.4,84.02,84.22,231249.03
2026-02-10 11:15:00,84.23,84.34,84.15,84.34,110932.26
2026-02-10 11:30:00,84.34,84.55,83.73,84.0,388472.14
2026-02-10 11:45:00,83.99,84.18,83.69,83.79,319682.74
2026-02-10 12:00:00,83.78,84.2,83.74,84.01,307017.88
2026-02-10 12:15:00,84.02,84.21,83.96,84.12,124798.32
2026-02-10 12:30:00,84.13,84.32,83.82,83.86,191521.1
2026-02-10 12:45:00,83.85,84.01,83.58,83.89,243752.51
2026-02-10 13:00:00,83.89,83.99,83.61,83.98,238971.4
2026-02-10 13:15:00,83.98,84.26,83.85,84.17,244699.27
2026-02-10 13:30:00,84.17,84.72,83.99,84.65,426959.11
2026-02-10 13:45:00,84.66,84.7,84.37,84.59,179388.87
2026-02-10 14:00:00,84.6,84.61,84.33,84.51,151853.71
2026-02-10 14:15:00,84.52,85.18,84.03,84.18,659074.77
2026-02-10 14:30:00,84.18,84.73,83.17,83.62,1239805.73
2026-02-10 14:45:00,83.62,84.05,83.14,83.66,732126.48
2026-02-10 15:00:00,83.66,84.42,83.37,83.75,614197.18
2026-02-10 15:15:00,83.76,84.44,83.56,84.11,437686.5
2026-02-10 15:30:00,84.12,84.49,84.09,84.24,399529.84
2026-02-10 15:45:00,84.24,84.39,83.9,84.24,325559.38
2026-02-10 16:00:00,84.24,84.89,83.71,84.72,431026.02
2026-02-10 16:15:00,84.72,84.8,84.12,84.3,305788.76
2026-02-10 16:30:00,84.3,84.8,84.12,84.49,318834.33
2026-02-10 16:45:00,84.49,84.65,84.11,84.42,183296.41
2026-02-10 17:00:00,84.41,84.42,84.14,84.23,154029.69
2026-02-10 17:15:00,84.24,84.73,84.18,84.5,260346.96
2026-02-10 17:30:00,84.5,85.1,84.45,84.89,314915.15
2026-02-10 17:45:00,84.9,85.01,84.65,84.87,127283.13
2026-02-10 18:00:00,84.87,84.93,84.22,84.38,257049.76
2026-02-10 18:15:00,84.38,84.54,83.33,83.39,457424.22
2026-02-10 18:30:00,83.38,83.63,83.04,83.37,374812.69
2026-02-10 18:45:00,83.36,83.42,82.66,82.89,484851.55
2026-02-10 19:00:00,82.89,83.03,82.56,82.89,295672.06
2026-02-10 19:15:00,82.88,82.96,82.39,82.76,327481.95
2026-02-10 19:30:00,82.76,83.47,82.76,83.35,278057.35
2026-02-10 19:45:00,83.35,83.45,82.94,83.05,150027.72
2026-02-10 20:00:00,83.04,83.19,82.59,82.61,215766.94
2026-02-10 20:15:00,82.61,82.9,82.57,82.65,188047.14
2026-02-10 20:30:00,82.64,83.0,82.25,82.71,419505.74
2026-02-10 20:45:00,82.71,82.85,82.44,82.6,194949.83
2026-02-10 21:00:00,82.59,82.89,82.54,82.65,138325.43
2026-02-10 21:15:00,82.65,82.82,82.33,82.35,118444.18
2026-02-10 21:30:00,82.35,82.4,81.84,82.13,403990.84
2026-02-10 21:45:00,82.13,82.49,82.11,82.41,155914.06
2026-02-10 22:00:00,82.42,82.64,82.31,82.37,135672.79
2026-02-10 22:15:00,82.38,82.63,82.33,82.62,108098.49
2026-02-10 22:30:00,82.61,82.95,82.55,82.7,140632.74
2026-02-10 22:45:00,82.71,82.8,82.51,82.55,85166.74
2026-02-10 23:00:00,82.54,82.69,82.39,82.51,123004.46
2026-02-10 23:15:00,82.51,82.68,82.31,82.64,146002.11
2026-02-10 23:30:00,82.63,82.92,82.59,82.88,120973.74
2026-02-10 23:45:00,82.89,82.96,82.75,82.95,108656.31
2026-02-11 00:00:00,82.96,83.27,82.88,82.99,176735.01
2026-02-11 00:15:00,82.99,83.47,82.96,83.42,185637.56
2026-02-11 00:30:00,83.42,83.68,83.22,83.3,188181.04
2026-02-11 00:45:00,83.31,83.56,83.21,83.42,92548.68
2026-02-11 01:00:00,83.41,83.61,83.25,83.43,111288.45
2026-02-11 01:15:00,83.42,83.54,83.14,83.23,86232.99
2026-02-11 01:30:00,83.24,83.74,83.24,83.67,114606.43
2026-02-11 01:45:00,83.66,83.74,83.5,83.73,85104.58
2026-02-11 02:00:00,83.72,84.16,83.66,83.86,269133.05
2026-02-11 02:15:00,83.87,84.34,83.86,84.17,161542.21
2026-02-11 02:30:00,84.17,84.29,83.9,83.93,133493.97
2026-02-11 02:45:00,83.92,83.95,83.46,83.49,166366.66
2026-02-11 03:00:00,83.49,83.61,83.21,83.21,198531.53
2026-02-11 03:15:00,83.21,83.28,82.53,83.02,477403.52
2026-02-11 03:30:00,83.02,83.8,82.97,83.65,197989.31
2026-02-11 03:45:00,83.66,83.73,83.21,83.28,156033.0
2026-02-11 04:00:00,83.27,83.49,82.84,82.89,192702.62
2026-02-11 04:15:00,82.9,82.99,82.26,82.52,374113.5
2026-02-11 04:30:00,82.52,82.58,81.88,82.11,528547.54
2026-02-11 04:45:00,82.12,82.36,81.63,81.92,385537.58
2026-02-11 05:00:00,81.92,82.35,81.9,82.18,210921.36
2026-02-11 05:15:00,82.18,82.31,81.95,82.03,142819.62
2026-02-11 05:30:00,82.03,82.13,81.76,81.78,163602.5
2026-02-11 05:45:00,81.78,81.99,81.67,81.85,127902.8
2026-02-11 06:00:00,81.85,81.93,80.74,80.88,743386.84
2026-02-11 06:15:00,80.87,81.6,80.52,81.46,804411.38
2026-02-11 06:30:00,81.47,81.61,81.08,81.12,285653.59
2026-02-11 06:45:00,81.12,81.19,80.67,80.82,364827.27
2026-02-11 07:00:00,80.83,81.12,80.55,80.63,325525.02
2026-02-11 07:15:00,80.64,80.8,80.23,80.75,430271.83
2026-02-11 07:30:00,80.74,81.19,80.61,81.13,296905.12
2026-02-11 07:45:00,81.12,81.33,80.95,80.96,209889.3
2026-02-11 08:00:00,80.95,81.03,80.48,80.78,270119.75
2026-02-11 08:15:00,80.78,81.08,80.66,80.85,165983.7
2026-02-11 08:30:00,80.84,81.15,80.71,81.06,146727.02
2026-02-11 08:45:00,81.05,81.16,80.85,81.04,154069.44
2026-02-11 09:00:00,81.04,81.25,80.8,80.94,223376.9
2026-02-11 09:15:00,80.94,81.1,80.76,81.05,163126.11
2026-02-11 09:30:00,81.05,81.23,80.87,80.97,166491.32
2026-02-11 09:45:00,80.97,80.98,80.62,80.76,210310.83
2026-02-11 10:00:00,80.75,80.89,80.53,80.66,216122.27
2026-02-11 10:15:00,80.65,80.97,80.63,80.87,169885.15
2026-02-11 10:30:00,80.88,80.89,80.33,80.63,297977.98
2026-02-11 10:45:00,80.63,80.75,80.36,80.67,239380.08
2026-02-11 11:00:00,80.66,81.01,80.61,80.81,211915.05
2026-02-11 11:15:00,80.81,81.44,80.76,81.3,443497.95
2026-02-11 11:30:00,81.31,81.4,81.07,81.11,183494.95
2026-02-11 11:45:00,81.12,81.32,81.01,81.21,239232.12
2026-02-11 12:00:00,81.2,81.35,80.9,80.94,327379.73
2026-02-11 12:15:00,80.93,81.41,80.91,81.23,344156.72
2026-02-11 12:30:00,81.24,81.42,81.07,81.14,210046.2
2026-02-11 12:45:00,81.14,81.18,81.03,81.13,85954.5
2026-02-11 13:00:00,81.14,81.28,80.85,81.01,227868.19
2026-02-11 13:15:00,81.02,81.07,80.63,80.85,245889.02
2026-02-11 13:30:00,80.84,81.82,80.58,81.23,1017289.39
2026-02-11 13:45:00,81.23,81.77,80.86,81.61,351054.42
2026-02-11 14:00:00,81.61,83.13,81.55,82.82,1359271.27
2026-02-11 14:15:00,82.81,82.95,81.78,81.87,777144.0
2026-02-11 14:30:00,81.87,82.26,80.61,81.08,1085184.38
2026-02-11 14:45:00,81.08,81.29,79.7,79.91,1147676.91
2026-02-11 15:00:00,79.9,80.29,78.52,79.15,1598681.27
2026-02-11 15:15:00,79.15,79.86,78.89,79.33,926005.41
2026-02-11 15:30:00,79.33,80.18,79.25,80.07,676863.37
2026-02-11 15:45:00,80.08,80.22,79.3,79.65,493234.46
2026-02-11 16:00:00,79.66,80.7,79.5,80.65,585181.89
2026-02-11 16:15:00,80.65,80.88,79.95,79.97,397931.48
2026-02-11 16:30:00,79.97,80.13,79.0,79.11,720973.28
2026-02-11 16:45:00,79.11,79.28,78.64,78.68,505711.62
2026-02-11 17:00:00,78.67,78.81,77.92,78.71,888770.44
2026-02-11 17:15:00,78.71,79.8,78.71,79.78,622036.52
2026-02-11 17:30:00,79.78,79.99,79.33,79.38,402372.94
2026-02-11 17:45:00,79.38,79.53,78.95,78.96,321971.8
2026-02-11 18:00:00,78.96,79.09,78.46,78.82,349962.68
2026-02-11 18:15:00,78.81,79.88,78.8,79.61,427923.41
2026-02-11 18:30:00,79.61,79.85,79.34,79.71,315675.8
2026-02-11 18:45:00,79.71,79.96,79.63,79.76,269234.34
2026-02-11 19:00:00,79.75,80.34,79.58,80.09,436944.35
2026-02-11 19:15:00,80.08,80.2,79.52,79.54,282188.52
2026-02-11 19:30:00,79.54,80.03,79.25,79.91,248270.83
2026-02-11 19:45:00,79.92,80.02,79.59,79.67,145174.99
2026-02-11 20:00:00,79.66,79.84,79.35,79.75,189781.45
2026-02-11 20:15:00,79.75,79.96,78.97,79.0,265698.9
2026-02-11 20:30:00,78.99,79.43,78.9,79.33,178831.69
2026-02-11 20:45:00,79.32,79.84,79.27,79.59,271476.47
2026-02-11 21:00:00,79.6,80.24,79.58,80.11,260235.87
2026-02-11 21:15:00,80.1,81.0,79.85,80.58,528277.02
2026-02-11 21:30:00,80.59,81.08,80.23,80.31,529098.45
2026-02-11 21:45:00,80.31,80.38,80.08,80.09,137039.31
2026-02-11 22:00:00,80.1,80.18,79.68,79.85,179395.13
2026-02-11 22:15:00,79.85,79.98,79.62,79.76,129005.65
2026-02-11 22:30:00,79.77,80.12,79.63,79.92,126098.05
2026-02-11 22:45:00,79.93,79.98,79.39,79.44,114356.72
2026-02-11 23:00:00,79.45,79.69,79.19,79.33,244707.79
2026-02-11 23:15:00,79.33,79.48,78.59,79.05,434466.31
2026-02-11 23:30:00,79.05,79.6,79.02,79.59,187350.34
2026-02-11 23:45:00,79.58,79.6,79.1,79.25,169212.95
2026-02-12 00:00:00,79.24,79.73,79.22,79.71,176956.29
2026-02-12 00:15:00,79.71,79.86,79.53,79.74,140612.09
2026-02-12 00:30:00,79.74,80.18,79.69,79.97,151928.78
2026-02-12 00:45:00,79.96,80.11,79.85,79.92,115898.7
2026-02-12 01:00:00,79.93,80.36,79.93,80.34,163167.54
2026-02-12 01:15:00,80.34,80.48,80.02,80.37,180420.66
2026-02-12 01:30:00,80.37,80.74,80.24,80.53,309133.61
2026-02-12 01:45:00,80.54,80.56,80.25,80.37,110489.99
2026-02-12 02:00:00,80.36,80.49,79.94,80.0,166001.66
2026-02-12 02:15:00,80.0,80.19,79.88,80.19,109043.85
2026-02-12 02:30:00,80.18,80.7,80.15,80.44,172785.72
2026-02-12 02:45:00,80.44,80.45,80.24,80.28,105046.78
2026-02-12 03:00:00,80.28,80.44,80.15,80.34,77425.63
2026-02-12 03:15:00,80.34,80.39,80.02,80.15,114886.01
2026-02-12 03:30:00,80.15,80.51,80.13,80.44,81188.72
2026-02-12 03:45:00,80.44,80.62,80.31,80.56,81047.18
2026-02-12 04:00:00,80.56,80.93,80.36,80.71,371717.81
2026-02-12 04:15:00,80.72,80.85,80.41,80.44,166154.76
2026-02-12 04:30:00,80.44,80.78,80.28,80.63,144684.35
2026-02-12 04:45:00,80.63,80.71,80.23,80.26,92793.9
2026-02-12 05:00:00,80.26,80.35,79.71,79.75,213142.92
2026-02-12 05:15:00,79.75,80.18,79.37,80.15,507415.44
2026-02-12 05:30:00,80.15,80.53,80.09,80.46,190652.48
2026-02-12 05:45:00,80.47,80.57,80.31,80.53,164635.02
2026-02-12 06:00:00,80.54,80.75,80.32,80.64,205336.46
2026-02-12 06:15:00,80.64,80.96,80.51,80.83,175986.04
2026-02-12 06:30:00,80.82,80.9,80.57,80.65,156823.1
2026-02-12 06:45:00,80.64,80.74,80.45,80.53,89965.45
2026-02-12 07:00:00,80.52,80.55,80.24,80.32,125588.94
2026-02-12 07:15:00,80.31,80.84,80.24,80.78,174856.39
2026-02-12 07:30:00,80.77,80.88,80.68,80.68,108856.32
2026-02-12 07:45:00,80.69,80.77,80.61,80.72,101397.97
2026-02-12 08:00:00,80.72,80.88,80.55,80.64,132934.07
2026-02-12 08:15:00,80.64,80.64,80.26,80.37,146428.43
2026-02-12 08:30:00,80.37,80.63,80.27,80.5,166171.04
2026-02-12 08:45:00,80.49,80.73,80.47,80.7,67550.73
2026-02-12 09:00:00,80.71,81.28,80.51,81.23,479460.6
2026-02-12 09:15:00,81.24,81.72,81.04,81.64,438584.8
2026-02-12 09:30:00,81.64,81.82,81.46,81.62,354774.86
2026-02-12 09:45:00,81.61,81.86,81.38,81.74,272419.11
2026-02-12 10:00:00,81.74,81.95,81.48,81.56,238114.89
2026-02-12 10:15:00,81.55,81.74,81.29,81.63,235752.6
2026-02-12 10:30:00,81.64,81.86,81.48,81.61,152477.36
2026-02-12 10:45:00,81.62,82.19,81.47,82.12,312108.41
2026-02-12 11:00:00,82.12,82.17,81.64,81.73,290995.59
2026-02-12 11:15:00,81.72,82.13,81.64,82.08,187790.03
2026-02-12 11:30:00,82.08,82.19,81.74,81.8,179536.66
2026-02-12 11:45:00,81.8,81.9,81.71,81.8,120420.32
2026-02-12 12:00:00,81.79,81.89,81.44,81.58,322822.09
2026-02-12 12:15:00,81.57,81.6,81.33,81.44,181595.96
2026-02-12 12:30:00,81.44,81.44,81.1,81.15,201092.36
2026-02-12 12:45:00,81.15,81.28,80.77,81.03,293396.38
2026-02-12 13:00:00,81.03,81.15,80.82,80.98,279667.48
2026-02-12 13:15:00,80.98,81.18,80.64,80.89,295478.66
2026-02-12 13:30:00,80.89,81.61,80.85,81.53,436408.13
2026-02-12 13:45:00,81.54,82.07,81.34,81.9,294398.22
2026-02-12 14:00:00,81.9,81.93,81.23,81.3,277274.51
2026-02-12 14:15:00,81.31,81.49,81.13,81.39,163788.33
2026-02-12 14:30:00,81.38,81.71,80.96,81.08,414119.83
2026-02-12 14:45:00,81.08,81.56,80.95,81.09,446102.42
2026-02-12 15:00:00,81.09,81.46,80.05,80.65,790267.36
2026-02-12 15:15:00,80.66,81.36,80.6,81.31,357847.7
2026-02-12 15:30:00,81.32,81.48,80.15,80.63,511585.2
2026-02-12 15:45:00,80.63,80.9,80.03,80.06,353141.83
2026-02-12 16:00:00,80.06,80.17,78.93,78.96,950909.84
2026-02-12 16:15:00,78.96,79.33,78.17,78.31,919781.11
2026-02-12 16:30:00,78.32,79.49,78.13,78.96,992502.92
2026-02-12 16:45:00,78.97,79.13,78.12,78.27,767624.2
2026-02-12 17:00:00,78.26,78.64,77.46,77.78,1064742.56
2026-02-12 17:15:00,77.78,78.45,77.74,78.16,526019.65
2026-02-12 17:30:00,78.17,78.6,77.8,78.2,406054.86
2026-02-12 17:45:00,78.21,78.32,77.74,77.86,377811.71
2026-02-12 18:00:00,77.86,78.44,77.78,78.3,331625.69
2026-02-12 18:15:00,78.3,78.33,77.16,77.31,745007.73
2026-02-12 18:30:00,77.32,77.86,77.14,77.41,413815.71
2026-02-12 18:45:00,77.41,77.87,77.29,77.56,371908.27
2026-02-12 19:00:00,77.56,77.88,76.9,77.4,480429.56
2026-02-12 19:15:00,77.39,78.4,77.29,78.06,562153.8
2026-02-12 19:30:00,78.06,78.59,77.84,77.94,430843.47
2026-02-12 19:45:00,77.94,78.12,77.34,77.57,443090.8
2026-02-12 20:00:00,77.57,77.88,77.02,77.34,449575.77
2026-02-12 20:15:00,77.34,77.49,76.98,77.07,282559.9
2026-02-12 20:30:00,77.07,77.36,76.92,77.12,293655.29
2026-02-12 20:45:00,77.13,77.16,76.54,76.86,578418.62
2026-02-12 21:00:00,76.86,77.27,76.86,77.2,263523.35
2026-02-12 21:15:00,77.2,77.35,76.94,77.12,198219.13
2026-02-12 21:30:00,77.13,77.52,77.08,77.43,144258.66
2026-02-12 21:45:00,77.44,77.5,77.25,77.29,112519.03
2026-02-12 22:00:00,77.29,77.37,77.16,77.33,96130.07
2026-02-12 22:15:00,77.33,77.42,76.91,77.35,166123.65
2026-02-12 22:30:00,77.35,77.54,77.07,77.54,163395.66
2026-02-12 22:45:00,77.54,78.08,77.53,78.05,352913.57
2026-02-12 23:00:00,78.06,78.44,77.96,78.07,337121.91
2026-02-12 23:15:00,78.07,78.46,77.77,78.29,274225.01
2026-02-12 23:30:00,78.3,78.42,78.09,78.22,251180.83
2026-02-12 23:45:00,78.22,78.48,78.17,78.37,138987.89
2026-02-13 00:00:00,78.37,78.69,78.25,78.36,214846.11
2026-02-13 00:15:00,78.37,78.39,77.82,77.89,234560.92
2026-02-13 00:30:00,77.89,78.13,77.68,77.79,213512.39
2026-02-13 00:45:00,77.79,78.18,77.49,77.99,263459.09
2026-02-13 01:00:00,77.99,78.72,77.97,78.52,230087.61
2026-02-13 01:15:00,78.52,78.6,78.1,78.37,154742.49
2026-02-13 01:30:00,78.37,78.75,78.25,78.6,188567.34
2026-02-13 01:45:00,78.6,78.8,78.31,78.56,185285.81
2026-02-13 02:00:00,78.56,78.75,78.45,78.66,104100.04
2026-02-13 02:15:00,78.66,78.83,78.41,78.69,130245.0
2026-02-13 02:30:00,78.7,78.84,78.39,78.81,164297.05
2026-02-13 02:45:00,78.8,79.28,78.62,79.09,363780.23
2026-02-13 03:00:00,79.1,79.18,78.76,78.88,205597.39
2026-02-13 03:15:00,78.89,79.14,78.84,79.14,96429.83
2026-02-13 03:30:00,79.14,79.44,79.06,79.06,174667.71
2026-02-13 03:45:00,79.06,79.13,78.86,79.0,108789.15
2026-02-13 04:00:00,79.01,79.13,78.83,79.03,107122.96
2026-02-13 04:15:00,79.02,79.23,78.85,78.89,103623.43
2026-02-13 04:30:00,78.88,78.89,78.47,78.51,183619.19
2026-02-13 04:45:00,78.52,78.67,78.4,78.47,148610.67
2026-02-13 05:00:00,78.47,78.6,78.17,78.17,201771.94
2026-02-13 05:15:00,78.17,78.42,78.12,78.31,120073.74
2026-02-13 05:30:00,78.31,78.7,78.29,78.67,130860.11
2026-02-13 05:45:00,78.67,78.72,78.23,78.25,124292.77
2026-02-13 06:00:00,78.24,78.46,78.21,78.35,85851.32
2026-02-13 06:15:00,78.35,78.46,77.79,77.99,303225.56
2026-02-13 06:30:00,77.98,78.09,77.81,78.03,135518.71
2026-02-13 06:45:00,78.02,78.63,77.96,78.58,185517.5
2026-02-13 07:00:00,78.58,79.22,78.55,79.1,345904.43
2026-02-13 07:15:00,79.09,79.17,78.86,78.94,174347.62
2026-02-13 07:30:00,78.93,78.93,78.51,78.56,162280.57
2026-02-13 07:45:00,78.56,79.06,78.48,78.93,195861.77
2026-02-13 08:00:00,78.93,79.2,78.8,78.96,202430.42
2026-02-13 08:15:00,78.96,79.39,78.87,79.26,207593.12
2026-02-13 08:30:00,79.26,79.41,79.19,79.36,115693.05
2026-02-13 08:45:00,79.36,79.87,79.36,79.67,359786.5
2026-02-13 09:00:00,79.67,79.72,79.36,79.45,162752.29
2026-02-13 09:15:00,79.45,79.71,79.41,79.7,106172.42
2026-02-13 09:30:00,79.69,79.75,79.45,79.48,148337.22
2026-02-13 09:45:00,79.48,79.92,79.46,79.82,269097.97
2026-02-13 10:00:00,79.82,80.08,79.71,80.08,344742.16
2026-02-13 10:15:00,80.08,80.37,79.83,80.07,378621.28
2026-02-13 10:30:00,80.07,80.36,79.96,80.27,229602.14
2026-02-13 10:45:00,80.28,80.58,80.09,80.29,443882.2
2026-02-13 11:00:00,80.3,80.34,79.95,80.03,186348.31
2026-02-13 11:15:00,80.04,80.17,79.91,80.05,186771.72
2026-02-13 11:30:00,80.05,80.17,79.74,80.14,222343.46
2026-02-13 11:45:00,80.14,80.36,80.07,80.26,202954.28
2026-02-13 12:00:00,80.26,80.27,79.8,79.9,161304.81
2026-02-13 12:15:00,79.9,80.14,79.84,80.06,92095.18
2026-02-13 12:30:00,80.06,80.12,79.87,79.95,79846.43
2026-02-13 12:45:00,79.95,80.14,79.86,79.92,102303.09
2026-02-13 13:00:00,79.92,80.1,79.68,79.81,180250.69
2026-02-13 13:15:00,79.8,80.48,79.79,80.28,377883.67
2026-02-13 13:30:00,80.27,80.89,80.06,80.11,644402.19
2026-02-13 13:45:00,80.11,80.46,79.89,80.23,250219.27
2026-02-13 14:00:00,80.23,80.29,79.8,79.88,202718.04
2026-02-13 14:15:00,79.87,80.73,79.87,80.56,392114.78
2026-02-13 14:30:00,80.55,81.57,80.37,81.08,1191378.48
2026-02-13 14:45:00,81.07,81.93,81.06,81.3,838065.37
2026-02-13 15:00:00,81.31,82.63,81.04,82.26,939521.67
2026-02-13 15:15:00,82.27,83.65,81.96,83.6,1101725.08
2026-02-13 15:30:00,83.61,84.3,83.04,83.13,1262599.81
2026-02-13 15:45:00,83.14,83.32,82.84,83.16,557124.22
2026-02-13 16:00:00,83.16,84.08,82.87,83.73,750800.45
2026-02-13 16:15:00,83.73,84.07,83.38,84.07,347966.95
2026-02-13 16:30:00,84.06,84.99,83.91,84.45,795681.95
2026-02-13 16:45:00,84.46,84.6,84.11,84.17,307125.62
2026-02-13 17:00:00,84.18,84.2,83.52,84.11,495486.47
2026-02-13 17:15:00,84.11,84.49,83.99,84.33,380061.08
2026-02-13 17:30:00,84.33,84.69,84.3,84.34,268912.28
2026-02-13 17:45:00,84.33,84.5,84.1,84.29,203670.79
2026-02-13 18:00:00,84.3,84.85,84.07,84.47,505814.47
2026-02-13 18:15:00,84.47,84.76,84.27,84.62,226070.45
2026-02-13 18:30:00,84.62,85.42,84.54,85.14,477560.32
2026-02-13 18:45:00,85.14,85.57,85.07,85.35,462913.15
2026-02-13 19:00:00,85.34,85.59,85.12,85.26,214157.74
2026-02-13 19:15:00,85.26,85.36,84.72,84.74,231829.05
2026-02-13 19:30:00,84.75,84.86,84.5,84.59,319297.96
2026-02-13 19:45:00,84.59,84.93,84.56,84.6,193023.27
2026-02-13 20:00:00,84.6,84.67,84.25,84.28,344311.73
2026-02-13 20:15:00,84.28,84.7,84.12,84.5,254511.08
2026-02-13 20:30:00,84.5,84.74,84.33,84.68,195620.54
2026-02-13 20:45:00,84.68,85.03,84.58,84.72,310688.26
2026-02-13 21:00:00,84.73,85.16,84.63,85.05,342009.89
2026-02-13 21:15:00,85.04,85.05,84.77,84.79,126278.78
2026-02-13 21:30:00,84.8,84.86,84.67,84.77,103653.61
2026-02-13 21:45:00,84.76,84.81,84.52,84.8,90703.95
2026-02-13 22:00:00,84.8,84.88,84.43,84.43,137329.92
2026-02-13 22:15:00,84.43,84.72,84.41,84.65,89053.83
2026-02-13 22:30:00,84.65,84.7,84.43,84.58,65562.42
2026-02-13 22:45:00,84.58,84.68,84.46,84.62,43254.29
2026-02-13 23:00:00,84.62,84.62,84.28,84.33,107343.47
2026-02-13 23:15:00,84.33,84.48,84.18,84.24,98869.28
2026-02-13 23:30:00,84.25,84.4,84.04,84.16,116143.86
2026-02-13 23:45:00,84.17,84.36,84.14,84.29,96982.0
2026-02-14 00:00:00,84.28,84.35,84.17,84.34,101855.21
2026-02-14 00:15:00,84.34,84.46,84.27,84.42,92104.25
2026-02-14 00:30:00,84.42,84.92,84.39,84.89,266445.2
2026-02-14 00:45:00,84.89,85.04,84.77,84.88,187276.99
2026-02-14 01:00:00,84.88,84.9,84.72,84.89,124747.65
2026-02-14 01:15:00,84.88,85.15,84.75,84.86,137552.14
2026-02-14 01:30:00,84.86,85.01,84.75,84.89,102722.45
2026-02-14 01:45:00,84.89,85.03,84.88,84.94,51159.89
2026-02-14 02:00:00,84.94,84.96,84.78,84.93,74017.41
2026-02-14 02:15:00,84.93,84.95,84.61,84.66,123554.8
2026-02-14 02:30:00,84.65,84.87,84.54,84.83,95405.85
2026-02-14 02:45:00,84.83,84.89,84.75,84.85,48646.18
2026-02-14 03:00:00,84.84,85.0,84.77,84.99,86161.64
2026-02-14 03:15:00,84.99,85.0,84.8,84.93,56979.28
2026-02-14 03:30:00,84.92,85.25,84.92,85.01,159161.24
2026-02-14 03:45:00,85.0,85.09,84.91,85.0,45458.42
2026-02-14 04:00:00,85.0,85.03,84.83,84.9,63498.99
2026-02-14 04:15:00,84.9,84.97,84.76,84.97,91764.06
2026-02-14 04:30:00,84.97,85.05,84.85,84.91,50622.25
2026-02-14 04:45:00,84.9,84.91,84.73,84.76,49878.99
2026-02-14 05:00:00,84.76,84.91,84.65,84.88,67448.43
2026-02-14 05:15:00,84.87,84.98,84.84,84.9,42131.17
2026-02-14 05:30:00,84.9,84.96,84.7,84.76,58196.95
2026-02-14 05:45:00,84.76,84.84,84.56,84.57,80332.87
2026-02-14 06:00:00,84.56,84.64,84.28,84.48,178279.4
2026-02-14 06:15:00,84.47,84.72,84.47,84.67,115731.05
2026-02-14 06:30:00,84.68,84.77,84.61,84.69,51807.18
2026-02-14 06:45:00,84.69,84.9,84.65,84.79,72618.67
2026-02-14 07:00:00,84.79,84.88,84.73,84.8,51329.24
2026-02-14 07:15:00,84.79,84.9,84.71,84.89,58763.82
2026-02-14 07:30:00,84.89,85.03,84.8,84.99,101154.89
2026-02-14 07:45:00,84.98,85.22,84.9,85.12,175182.77
2026-02-14 08:00:00,85.13,86.13,85.1,85.52,564046.13
2026-02-14 08:15:00,85.52,85.81,85.38,85.42,193694.6
2026-02-14 08:30:00,85.42,86.12,85.4,86.0,310349.55
2026-02-14 08:45:00,86.01,86.37,85.8,86.15,454570.46
2026-02-14 09:00:00,86.15,86.32,85.94,86.04,312741.44
2026-02-14 09:15:00,86.03,86.29,85.78,85.83,242523.65
2026-02-14 09:30:00,85.83,86.01,85.8,85.92,96409.75
2026-02-14 09:45:00,85.92,86.06,85.91,85.95,86857.02
2026-02-14 10:00:00,85.96,85.96,85.66,85.85,131673.14
2026-02-14 10:15:00,85.85,85.93,85.68,85.77,62468.78
2026-02-14 10:30:00,85.78,85.96,85.76,85.77,75914.96
2026-02-14 10:45:00,85.76,85.84,85.67,85.76,87705.12
2026-02-14 11:00:00,85.76,86.65,85.76,86.58,328625.16
2026-02-14 11:15:00,86.57,87.11,86.38,86.74,684924.44
2026-02-14 11:30:00,86.74,86.84,86.5,86.72,239526.54
2026-02-14 11:45:00,86.73,87.28,86.66,87.22,475242.12
2026-02-14 12:00:00,87.22,87.26,87.01,87.19,247768.68
2026-02-14 12:15:00,87.19,87.22,86.9,87.0,202999.92
2026-02-14 12:30:00,87.0,87.01,86.42,86.51,356911.61
2026-02-14 12:45:00,86.51,86.64,86.2,86.36,388169.31
2026-02-14 13:00:00,86.37,86.85,86.23,86.7,406022.32
2026-02-14 13:15:00,86.7,86.72,85.98,86.01,383526.25
2026-02-14 13:30:00,86.01,86.38,85.97,86.34,187840.69
2026-02-14 13:45:00,86.34,86.63,86.21,86.39,161092.82
2026-02-14 14:00:00,86.39,86.77,86.32,86.74,161969.71
2026-02-14 14:15:00,86.75,86.98,86.5,86.74,255445.34
2026-02-14 14:30:00,86.73,87.13,86.72,86.96,284675.68
2026-02-14 14:45:00,86.96,87.49,86.89,87.2,353961.41
2026-02-14 15:00:00,87.2,87.45,87.04,87.18,279845.17
2026-02-14 15:15:00,87.19,87.65,87.1,87.37,314989.07
2026-02-14 15:30:00,87.37,87.5,87.1,87.31,161891.49
2026-02-14 15:45:00,87.31,87.48,87.2,87.38,121833.21
2026-02-14 16:00:00,87.39,87.48,87.21,87.36,146386.0
2026-02-14 16:15:00,87.36,87.47,86.96,87.31,340166.57
2026-02-14 16:30:00,87.3,87.95,87.07,87.85,661190.57
2026-02-14 16:45:00,87.85,88.19,87.74,88.04,450943.53
2026-02-14 17:00:00,88.04,88.14,87.76,88.01,244235.87
2026-02-14 17:15:00,88.02,88.42,87.9,88.2,296164.76
2026-02-14 17:30:00,88.2,88.32,87.79,87.98,216211.77
2026-02-14 17:45:00,87.99,88.07,87.79,87.97,144204.22
2026-02-14 18:00:00,87.98,88.15,87.88,87.93,123278.25
2026-02-14 18:15:00,87.94,88.08,87.71,87.86,151932.19
2026-02-14 18:30:00,87.85,88.16,87.79,88.03,180007.86
2026-02-14 18:45:00,88.03,88.24,87.9,87.95,110286.37
2026-02-14 19:00:00,87.94,87.98,87.67,87.8,144786.39
2026-02-14 19:15:00,87.8,88.0,87.48,87.9,186165.62
2026-02-14 19:30:00,87.89,88.1,87.88,88.05,66522.81
2026-02-14 19:45:00,88.04,88.27,87.97,88.13,133739.39
2026-02-14 20:00:00,88.14,88.38,87.76,87.83,275387.1
2026-02-14 20:15:00,87.83,88.01,87.61,87.79,143922.44
2026-02-14 20:30:00,87.78,87.94,87.61,87.89,99192.29
2026-02-14 20:45:00,87.89,88.12,87.86,88.08,138177.46
2026-02-14 21:00:00,88.08,88.45,88.0,88.15,319250.77
2026-02-14 21:15:00,88.15,88.25,87.69,87.73,203745.82
2026-02-14 21:30:00,87.73,87.78,87.22,87.6,362520.57
2026-02-14 21:45:00,87.61,88.03,87.61,88.0,180887.8
2026-02-14 22:00:00,88.0,88.24,87.91,88.21,149997.08
2026-02-14 22:15:00,88.21,88.22,87.84,88.02,94512.08
2026-02-14 22:30:00,88.03,88.85,88.02,88.53,341660.66
2026-02-14 22:45:00,88.53,88.72,88.4,88.44,133339.76
2026-02-14 23:00:00,88.43,88.78,88.3,88.75,172965.67
2026-02-14 23:15:00,88.74,88.85,88.15,88.36,201624.33
2026-02-14 23:30:00,88.36,88.55,88.02,88.17,138371.72
2026-02-14 23:45:00,88.18,88.28,87.98,88.02,78156.29
2026-02-15 00:00:00,88.01,88.19,87.74,87.87,187416.15
2026-02-15 00:15:00,87.87,88.38,87.86,88.06,232841.33
2026-02-15 00:30:00,88.05,88.14,87.77,87.81,134080.27
2026-02-15 00:45:00,87.8,88.29,87.76,88.14,104499.81
2026-02-15 01:00:00,88.14,88.7,88.07,88.38,236560.66
2026-02-15 01:15:00,88.38,88.47,87.61,87.75,222317.51
2026-02-15 01:30:00,87.75,87.94,87.56,87.68,220463.21
2026-02-15 01:45:00,87.69,88.28,87.57,88.24,142027.74
2026-02-15 02:00:00,88.23,88.47,87.91,88.11,207854.33
2026-02-15 02:15:00,88.11,88.25,87.71,87.86,122421.27
2026-02-15 02:30:00,87.86,88.1,87.45,87.98,272377.75
2026-02-15 02:45:00,87.99,88.2,87.87,87.96,92764.34
2026-02-15 03:00:00,87.95,88.22,87.94,88.02,95241.17
2026-02-15 03:15:00,88.02,88.18,87.86,87.87,68238.63
2026-02-15 03:30:00,87.86,88.0,87.31,87.49,412523.35
2026-02-15 03:45:00,87.5,88.76,87.49,88.56,372778.29
2026-02-15 04:00:00,88.56,89.6,88.51,89.42,900350.68
2026-02-15 04:15:00,89.42,89.78,88.32,88.38,639425.61
2026-02-15 04:30:00,88.38,88.89,88.34,88.75,312142.33
2026-02-15 04:45:00,88.76,89.13,88.54,88.74,279301.75
2026-02-15 05:00:00,88.73,89.16,88.69,88.97,182208.79
2026-02-15 05:15:00,88.98,89.4,88.9,89.33,215302.62
2026-02-15 05:30:00,89.33,89.74,89.21,89.68,237181.15
2026-02-15 05:45:00,89.67,90.03,89.56,89.61,416464.73
2026-02-15 06:00:00,89.61,89.82,89.37,89.55,287677.42
2026-02-15 06:15:00,89.55,89.99,89.44,89.67,186009.14
2026-02-15 06:30:00,89.67,90.12,89.61,89.74,196178.55
2026-02-15 06:45:00,89.74,89.89,89.26,89.54,244507.5
2026-02-15 07:00:00,89.54,89.88,89.33,89.79,142758.56
2026-02-15 07:15:00,89.78,90.1,89.73,89.77,216623.55
2026-02-15 07:30:00,89.77,90.96,89.63,90.41,647001.14
2026-02-15 07:45:00,90.42,90.88,90.36,90.68,319279.73
2026-02-15 08:00:00,90.68,91.19,90.46,90.66,582881.4
2026-02-15 08:15:00,90.66,90.89,89.93,89.93,439398.68
2026-02-15 08:30:00,89.94,90.0,89.15,89.46,614975.48
2026-02-15 08:45:00,89.46,89.74,89.21,89.6,289407.13
2026-02-15 09:00:00,89.61,90.46,89.39,90.22,367667.53
2026-02-15 09:15:00,90.23,90.46,90.03,90.25,159378.95
2026-02-15 09:30:00,90.24,90.4,89.93,90.06,165438.72
2026-02-15 09:45:00,90.06,90.16,89.72,89.93,162810.34
2026-02-15 10:00:00,89.93,90.05,89.25,89.31,336592.81
2026-02-15 10:15:00,89.3,89.45,89.05,89.35,223729.15
2026-02-15 10:30:00,89.36,89.48,89.07,89.4,155029.21
2026-02-15 10:45:00,89.4,89.65,89.34,89.47,118103.04
2026-02-15 11:00:00,89.47,89.78,89.33,89.51,115801.12
2026-02-15 11:15:00,89.51,89.6,89.2,89.31,123538.45
2026-02-15 11:30:00,89.32,89.35,89.12,89.22,128833.96
2026-02-15 11:45:00,89.21,89.3,88.95,89.13,231089.49
2026-02-15 12:00:00,89.12,89.24,88.92,89.21,329543.26
2026-02-15 12:15:00,89.22,89.59,89.08,89.38,249245.78
2026-02-15 12:30:00,89.37,89.5,88.96,89.03,217515.07
2026-02-15 12:45:00,89.03,89.03,87.26,87.27,1400640.97
2026-02-15 13:00:00,87.28,88.26,87.28,88.18,704776.91
2026-02-15 13:15:00,88.17,88.34,87.5,87.56,432581.55
2026-02-15 13:30:00,87.57,87.69,87.17,87.36,607249.91
2026-02-15 13:45:00,87.37,87.5,86.78,86.93,605857.45
2026-02-15 14:00:00,86.93,87.15,86.61,87.03,497951.5
2026-02-15 14:15:00,87.03,87.42,87.03,87.25,213564.31
2026-02-15 14:30:00,87.25,87.57,87.0,87.48,315994.44
2026-02-15 14:45:00,87.49,87.54,87.22,87.31,187306.98
2026-02-15 15:00:00,87.31,87.63,87.21,87.56,260936.28
2026-02-15 15:15:00,87.56,87.57,86.95,86.96,236383.82
2026-02-15 15:30:00,86.96,87.27,86.88,87.26,209173.8
2026-02-15 15:45:00,87.26,87.46,87.05,87.36,113946.0
2026-02-15 16:00:00,87.36,87.42,86.61,87.42,441319.07
2026-02-15 16:15:00,87.43,87.53,87.11,87.48,292486.77
2026-02-15 16:30:00,87.47,87.47,87.16,87.42,103845.85
2026-02-15 16:45:00,87.41,87.62,87.35,87.51,144563.68
2026-02-15 17:00:00,87.51,87.85,87.46,87.56,316099.94
2026-02-15 17:15:00,87.56,87.59,87.12,87.28,140176.13
2026-02-15 17:30:00,87.28,87.43,86.94,87.02,206391.29
2026-02-15 17:45:00,87.02,87.02,85.67,86.37,1278507.78
2026-02-15 18:00:00,86.37,86.58,85.95,86.46,345983.0
2026-02-15 18:15:00,86.46,86.81,86.34,86.36,182335.9
2026-02-15 18:30:00,86.36,86.52,86.0,86.44,406692.83
2026-02-15 18:45:00,86.45,86.49,85.95,86.17,255322.84
2026-02-15 19:00:00,86.16,86.31,85.47,85.8,588215.32
2026-02-15 19:15:00,85.8,86.18,85.66,85.97,382352.65
2026-02-15 19:30:00,85.97,86.0,85.14,85.27,410501.76
2026-02-15 19:45:00,85.27,85.52,85.22,85.29,192281.1
2026-02-15 20:00:00,85.28,85.49,84.83,85.41,470524.81
2026-02-15 20:15:00,85.4,85.66,85.1,85.65,218969.64
2026-02-15 20:30:00,85.65,85.95,85.48,85.73,158954.33
2026-02-15 20:45:00,85.72,85.9,85.53,85.81,132135.48
2026-02-15 21:00:00,85.82,86.24,85.81,86.09,277688.74
2026-02-15 21:15:00,86.1,86.19,85.94,86.17,196178.41
2026-02-15 21:30:00,86.18,86.39,85.91,85.99,182558.53
2026-02-15 21:45:00,85.99,86.2,85.87,86.11,146196.34
2026-02-15 22:00:00,86.12,86.57,85.99,86.34,215841.62
2026-02-15 22:15:00,86.35,86.62,86.21,86.49,109058.59
2026-02-15 22:30:00,86.49,86.63,86.36,86.48,153980.13
2026-02-15 22:45:00,86.48,86.59,86.28,86.31,66028.51
2026-02-15 23:00:00,86.31,86.32,85.11,85.38,481105.92
2026-02-15 23:15:00,85.37,85.67,85.04,85.62,281489.61
2026-02-15 23:30:00,85.62,86.06,85.62,85.83,198076.28
2026-02-15 23:45:00,85.83,86.12,85.83,86.09,78360.28
2026-02-16 00:00:00,86.09,86.47,85.93,86.06,208614.29
2026-02-16 00:15:00,86.07,86.32,85.58,85.86,211301.63
2026-02-16 00:30:00,85.85,86.32,85.77,85.77,123127.83
2026-02-16 00:45:00,85.78,86.21,85.72,86.12,76204.1
2026-02-16 01:00:00,86.13,86.59,86.04,86.22,217224.6
2026-02-16 01:15:00,86.22,86.35,85.75,85.95,139802.61
2026-02-16 01:30:00,85.96,86.14,85.33,85.49,329212.61
2026-02-16 01:45:00,85.49,85.78,85.48,85.72,119422.32
2026-02-16 02:00:00,85.72,86.17,85.6,86.08,190697.05
2026-02-16 02:15:00,86.07,86.16,85.62,85.67,119886.91
2026-02-16 02:30:00,85.68,85.89,85.57,85.73,75278.92
2026-02-16 02:45:00,85.73,85.81,85.18,85.34,296026.39
2026-02-16 03:00:00,85.35,85.52,85.28,85.35,92940.12
2026-02-16 03:15:00,85.36,85.45,84.71,84.87,304719.33
2026-02-16 03:30:00,84.88,85.12,84.79,85.1,231848.12
2026-02-16 03:45:00,85.1,85.18,84.99,85.11,84786.18
2026-02-16 04:00:00,85.1,85.42,85.05,85.33,184403.25
2026-02-16 04:15:00,85.33,85.57,85.23,85.42,115449.86
2026-02-16 04:30:00,85.41,85.49,85.2,85.25,102883.8
2026-02-16 04:45:00,85.24,85.78,85.18,85.75,148301.29
2026-02-16 05:00:00,85.76,85.86,84.97,85.03,340378.45
2026-02-16 05:15:00,85.03,85.14,84.73,84.91,169083.61
2026-02-16 05:30:00,84.91,84.98,84.4,84.59,262902.34
2026-02-16 05:45:00,84.59,84.72,84.52,84.65,141715.95
2026-02-16 06:00:00,84.65,84.85,84.62,84.7,153145.89
2026-02-16 06:15:00,84.7,84.8,84.47,84.78,185842.51
2026-02-16 06:30:00,84.78,85.17,84.72,85.02,159502.37
2026-02-16 06:45:00,85.02,85.1,84.95,85.0,53199.13
2026-02-16 07:00:00,85.01,85.26,84.76,85.22,110990.8
2026-02-16 07:15:00,85.22,85.47,85.08,85.32,142986.12
2026-02-16 07:30:00,85.32,85.39,84.98,85.08,101713.38
2026-02-16 07:45:00,85.09,85.37,84.89,85.01,181526.12
2026-02-16 08:00:00,85.02,85.28,84.99,85.03,192778.69
2026-02-16 08:15:00,85.04,85.45,85.01,85.39,98685.33
2026-02-16 08:30:00,85.39,85.41,85.16,85.28,155790.61
2026-02-16 08:45:00,85.29,85.43,85.21,85.32,143267.1
2026-02-16 09:00:00,85.33,85.8,85.32,85.67,266854.27
2026-02-16 09:15:00,85.66,86.03,85.51,85.98,229606.14
2026-02-16 09:30:00,85.98,86.2,85.72,86.07,276386.65
2026-02-16 09:45:00,86.06,86.12,85.84,85.93,131639.99
2026-02-16 10:00:00,85.93,85.98,85.77,85.94,91230.06
2026-02-16 10:15:00,85.94,85.95,85.56,85.63,120139.58
2026-02-16 10:30:00,85.64,85.81,85.6,85.71,144772.8
2026-02-16 10:45:00,85.7,85.87,85.65,85.69,104907.12
2026-02-16 11:00:00,85.69,85.92,84.85,84.95,360570.61
2026-02-16 11:15:00,84.96,85.27,84.4,85.25,481314.53
2026-02-16 11:30:00,85.25,85.35,85.1,85.17,170196.01
2026-02-16 11:45:00,85.17,85.77,85.16,85.46,169370.78
2026-02-16 12:00:00,85.46,85.61,85.34,85.44,111055.73
2026-02-16 12:15:00,85.45,86.33,85.21,86.23,486792.08
2026-02-16 12:30:00,86.23,86.35,85.82,86.26,353825.7
2026-02-16 12:45:00,86.25,86.35,85.85,86.13,649795.69
2026-02-16 13:00:00,86.13,86.88,86.07,86.23,784956.12
2026-02-16 13:15:00,86.24,86.46,84.65,84.94,855755.99
2026-02-16 13:30:00,84.93,85.14,84.12,84.44,1088414.07
2026-02-16 13:45:00,84.45,84.51,83.79,84.1,695729.18
2026-02-16 14:00:00,84.09,84.42,83.75,84.12,491443.02
2026-02-16 14:15:00,84.11,84.32,83.39,83.61,662932.67
2026-02-16 14:30:00,83.61,84.45,83.57,84.16,455184.41
2026-02-16 14:45:00,84.16,84.62,83.86,83.98,336726.77
2026-02-16 15:00:00,83.99,84.5,83.87,83.88,387925.29
2026-02-16 15:15:00,83.89,83.99,83.58,83.74,300274.47
2026-02-16 15:30:00,83.74,83.77,82.51,82.95,1241572.55
2026-02-16 15:45:00,82.96,83.31,82.81,83.16,336997.32
2026-02-16 16:00:00,83.16,83.93,83.05,83.71,558234.2
2026-02-16 16:15:00,83.7,83.94,83.4,83.76,325746.5
2026-02-16 16:30:00,83.75,83.96,83.27,83.92,555410.38
2026-02-16 16:45:00,83.94,84.06,83.77,83.92,270793.49
2026-02-16 17:00:00,83.91,84.39,83.87,84.08,333685.15
2026-02-16 17:15:00,84.08,84.73,83.82,84.61,338942.32
2026-02-16 17:30:00,84.6,84.75,84.37,84.52,256306.31
2026-02-16 17:45:00,84.51,84.53,84.25,84.45,224327.37
2026-02-16 18:00:00,84.45,84.73,84.45,84.7,222283.7
2026-02-16 18:15:00,84.69,85.11,84.62,84.76,251637.52
2026-02-16 18:30:00,84.76,84.83,84.57,84.6,89507.83
2026-02-16 18:45:00,84.61,84.8,84.42,84.47,274429.15
2026-02-16 19:00:00,84.48,84.66,84.44,84.54,121383.65
2026-02-16 19:15:00,84.54,84.86,84.17,84.63,201098.68
2026-02-16 19:30:00,84.64,85.07,84.59,84.8,166077.25
2026-02-16 19:45:00,84.81,84.84,84.56,84.57,82839.26
2026-02-16 20:00:00,84.57,84.66,84.44,84.56,77862.49
2026-02-16 20:15:00,84.55,85.13,84.44,84.99,206276.12
2026-02-16 20:30:00,84.99,85.16,84.87,85.09,232588.86
2026-02-16 20:45:00,85.08,85.45,85.02,85.31,251974.76
2026-02-16 21:00:00,85.31,85.49,85.06,85.48,146146.89
2026-02-16 21:15:00,85.49,85.79,85.31,85.52,236089.79
2026-02-16 21:30:00,85.51,85.69,85.41,85.64,139806.21
2026-02-16 21:45:00,85.64,86.08,85.45,85.97,192574.25
2026-02-16 22:00:00,85.97,86.2,85.84,85.88,215143.2
2026-02-16 22:15:00,85.89,85.97,85.64,85.77,139343.8
2026-02-16 22:30:00,85.77,86.11,85.65,86.0,134620.46
2026-02-16 22:45:00,86.0,86.0,85.52,85.67,104123.1
2026-02-16 23:00:00,85.66,86.09,85.61,86.07,185426.81
2026-02-16 23:15:00,86.07,86.41,85.99,86.19,243377.15
2026-02-16 23:30:00,86.19,86.36,86.03,86.16,228366.04
2026-02-16 23:45:00,86.17,86.61,86.17,86.39,170864.05
2026-02-17 00:00:00,86.39,86.63,86.24,86.52,233310.79
2026-02-17 00:15:00,86.53,86.69,86.23,86.53,188053.01
2026-02-17 00:30:00,86.53,86.72,86.33,86.56,209873.27
2026-02-17 00:45:00,86.56,87.11,86.42,86.56,390398.55
2026-02-17 01:00:00,86.56,86.99,86.47,86.9,231685.18
2026-02-17 01:15:00,86.9,87.03,86.67,86.7,125376.59
2026-02-17 01:30:00,86.7,86.94,86.56,86.72,116659.43
2026-02-17 01:45:00,86.72,86.86,86.07,86.12,256868.75
2026-02-17 02:00:00,86.13,87.21,85.72,86.85,438981.48
2026-02-17 02:15:00,86.84,87.39,86.82,87.14,263187.24
2026-02-17 02:30:00,87.14,87.35,87.01,87.27,124864.16
2026-02-17 02:45:00,87.27,87.66,87.24,87.26,228850.12
2026-02-17 03:00:00,87.26,87.32,86.81,86.88,288003.9
2026-02-17 03:15:00,86.87,86.95,86.59,86.82,187456.14
2026-02-17 03:30:00,86.81,86.81,86.43,86.51,115801.68
2026-02-17 03:45:00,86.5,86.53,86.27,86.31,150033.78
2026-02-17 04:00:00,86.31,86.41,85.97,86.3,201287.42
2026-02-17 04:15:00,86.31,86.61,86.11,86.48,205861.85
2026-02-17 04:30:00,86.48,86.49,85.87,86.29,189909.25
2026-02-17 04:45:00,86.29,86.5,86.12,86.32,170723.01
2026-02-17 05:00:00,86.32,86.44,86.1,86.15,62490.94
2026-02-17 05:15:00,86.15,86.17,85.74,85.92,188560.88
2026-02-17 05:30:00,85.91,86.07,85.38,86.05,356785.57
2026-02-17 05:45:00,86.06,86.27,86.04,86.16,105032.08
2026-02-17 06:00:00,86.16,86.54,86.15,86.38,148550.7
2026-02-17 06:15:00,86.38,86.76,86.35,86.58,101279.32
2026-02-17 06:30:00,86.58,86.72,86.41,86.64,101522.19
2026-02-17 06:45:00,86.63,86.69,86.43,86.44,75439.95
2026-02-17 07:00:00,86.44,86.46,86.03,86.07,117416.7
2026-02-17 07:15:00,86.07,86.23,85.9,85.97,97998.0
2026-02-17 07:30:00,85.96,86.47,85.87,86.34,108278.26
2026-02-17 07:45:00,86.34,86.49,86.23,86.42,120618.86
2026-02-17 08:00:00,86.42,86.71,86.4,86.47,236833.86
2026-02-17 08:15:00,86.47,86.52,86.26,86.27,88095.47
2026-02-17 08:30:00,86.27,86.41,85.93,86.08,320916.69
2026-02-17 08:45:00,86.08,86.15,85.84,85.89,154592.92
2026-02-17 09:00:00,85.9,86.13,85.67,85.79,153506.98
2026-02-17 09:15:00,85.78,85.91,85.65,85.85,100238.48
2026-02-17 09:30:00,85.84,85.89,85.61,85.76,80121.64
2026-02-17 09:45:00,85.75,86.0,85.75,85.87,106466.81
2026-02-17 10:00:00,85.87,85.99,85.65,85.71,87492.32
2026-02-17 10:15:00,85.72,85.72,85.05,85.06,363786.11
2026-02-17 10:30:00,85.05,85.2,84.87,85.02,293392.22
2026-02-17 10:45:00,85.03,85.08,84.82,84.99,155035.05
2026-02-17 11:00:00,84.99,85.25,84.71,84.97,240157.68
2026-02-17 11:15:00,84.96,85.07,84.67,85.06,174814.93
2026-02-17 11:30:00,85.06,85.07,84.85,84.93,82099.78
2026-02-17 11:45:00,84.94,85.11,84.8,85.04,132483.42
2026-02-17 12:00:00,85.05,85.42,84.98,85.24,240325.03
2026-02-17 12:15:00,85.24,85.36,85.1,85.27,92720.85
2026-02-17 12:30:00,85.27,85.53,85.08,85.09,174917.32
2026-02-17 12:45:00,85.09,85.14,84.46,84.58,454468.03
2026-02-17 13:00:00,84.59,84.97,84.31,84.85,384328.31
2026-02-17 13:15:00,84.85,85.34,84.68,84.93,436427.28
2026-02-17 13:30:00,84.93,85.02,84.67,84.98,140588.66
2026-02-17 13:45:00,84.97,85.47,84.88,84.94,363452.34
2026-02-17 14:00:00,84.93,85.42,84.64,85.06,338465.15
2026-02-17 14:15:00,85.06,85.13,84.93,84.93,154130.32
2026-02-17 14:30:00,84.94,85.32,83.55,83.78,950085.78
2026-02-17 14:45:00,83.78,83.82,82.93,83.2,1141407.73
2026-02-17 15:00:00,83.2,83.79,83.15,83.34,748746.59
2026-02-17 15:15:00,83.34,83.85,83.07,83.39,525374.02
2026-02-17 15:30:00,83.4,83.48,82.86,83.35,570496.59
2026-02-17 15:45:00,83.35,83.8,83.31,83.76,406080.65
2026-02-17 16:00:00,83.75,84.98,83.66,84.49,863463.12
2026-02-17 16:15:00,84.49,84.9,84.06,84.1,354643.59
2026-02-17 16:30:00,84.11,85.43,84.03,84.87,499468.9
2026-02-17 16:45:00,84.87,84.89,84.05,84.13,335336.75
2026-02-17 17:00:00,84.13,84.28,83.2,83.56,415126.54
2026-02-17 17:15:00,83.56,84.02,83.56,83.97,228295.15
2026-02-17 17:30:00,83.97,83.99,83.22,83.26,230879.37
2026-02-17 17:45:00,83.26,83.75,83.08,83.64,243997.11
2026-02-17 18:00:00,83.65,83.94,83.5,83.83,187042.8
2026-02-17 18:15:00,83.83,84.94,83.67,84.89,442288.66
2026-02-17 18:30:00,84.89,85.38,84.67,85.08,350173.3
2026-02-17 18:45:00,85.08,85.39,84.98,85.07,249060.46
2026-02-17 19:00:00,85.07,85.57,84.99,85.54,287999.05
2026-02-17 19:15:00,85.54,85.72,84.69,84.86,425057.45
2026-02-17 19:30:00,84.86,85.01,84.58,84.85,188663.05
2026-02-17 19:45:00,84.85,85.08,84.62,84.8,168765.64
2026-02-17 20:00:00,84.8,85.06,84.69,84.87,323181.25
2026-02-17 20:15:00,84.87,85.05,84.61,84.86,178944.75
2026-02-17 20:30:00,84.86,85.17,84.47,85.08,179028.12
2026-02-17 20:45:00,85.08,85.22,84.83,84.94,135160.78
2026-02-17 21:00:00,84.93,85.39,84.9,85.33,196649.59
2026-02-17 21:15:00,85.32,85.34,84.89,84.96,111232.43
2026-02-17 21:30:00,84.97,85.02,84.78,85.01,50049.68
2026-02-17 21:45:00,85.01,85.2,84.92,85.17,48538.47
2026-02-17 22:00:00,85.17,85.29,85.09,85.25,64379.08
2026-02-17 22:15:00,85.25,85.37,85.08,85.17,51269.0
2026-02-17 22:30:00,85.17,85.39,85.11,85.14,56537.11
2026-02-17 22:45:00,85.15,85.28,84.91,84.98,41908.99
2026-02-17 23:00:00,84.98,85.11,84.84,85.11,101217.4
2026-02-17 23:15:00,85.11,85.29,84.99,85.0,70880.01
2026-02-17 23:30:00,85.0,85.07,84.87,85.06,91638.05
2026-02-17 23:45:00,85.06,85.22,84.91,85.02,177638.61
2026-02-18 00:00:00,85.02,85.37,84.97,85.32,162054.89
2026-02-18 00:15:00,85.33,85.33,84.96,85.15,86592.63
2026-02-18 00:30:00,85.15,85.44,85.15,85.28,84920.25
2026-02-18 00:45:00,85.29,85.29,84.75,84.82,181398.82
2026-02-18 01:00:00,84.82,84.94,84.2,84.37,235599.17
2026-02-18 01:15:00,84.38,84.5,84.08,84.12,173305.43
2026-02-18 01:30:00,84.12,84.24,83.87,84.21,168192.7
2026-02-18 01:45:00,84.21,84.25,84.02,84.21,68908.32
2026-02-18 02:00:00,84.2,84.95,84.18,84.78,186525.52
2026-02-18 02:15:00,84.77,84.86,84.57,84.59,80879.32
2026-02-18 02:30:00,84.59,84.94,84.52,84.79,75231.9
2026-02-18 02:45:00,84.79,84.81,84.6,84.61,54731.43
2026-02-18 03:00:00,84.62,84.75,84.49,84.62,88024.46
2026-02-18 03:15:00,84.61,84.96,84.6,84.94,62178.89
2026-02-18 03:30:00,84.95,85.17,84.86,85.14,123182.77
2026-02-18 03:45:00,85.14,85.41,85.11,85.27,157592.3
2026-02-18 04:00:00,85.27,85.5,85.11,85.17,124017.38
2026-02-18 04:15:00,85.18,85.37,85.16,85.28,73788.84
2026-02-18 04:30:00,85.28,85.35,85.0,85.01,82272.87
2026-02-18 04:45:00,85.01,85.2,84.92,85.1,79608.5
2026-02-18 05:00:00,85.1,85.17,84.93,85.03,70907.48
2026-02-18 05:15:00,85.03,85.21,84.91,84.93,58788.18
2026-02-18 05:30:00,84.94,84.96,84.7,84.82,76197.5
2026-02-18 05:45:00,84.81,84.97,84.76,84.85,61847.02
2026-02-18 06:00:00,84.84,85.12,84.75,85.06,78759.32
2026-02-18 06:15:00,85.06,85.16,84.92,85.12,73010.79
2026-02-18 06:30:00,85.11,85.18,84.96,85.09,69243.98
2026-02-18 06:45:00,85.09,85.26,84.83,84.87,71628.36
2026-02-18 07:00:00,84.87,84.93,84.72,84.76,52539.55
2026-02-18 07:15:00,84.76,84.8,84.63,84.78,91276.27
2026-02-18 07:30:00,84.78,85.21,84.71,85.15,135748.93
2026-02-18 07:45:00,85.15,85.38,85.1,85.22,163333.14
2026-02-18 08:00:00,85.22,85.5,85.17,85.35,262984.37
2026-02-18 08:15:00,85.34,86.04,85.28,85.64,417924.95
2026-02-18 08:30:00,85.65,85.7,85.34,85.48,169110.62
2026-02-18 08:45:00,85.49,85.56,85.31,85.42,113531.26
2026-02-18 09:00:00,85.42,85.66,85.27,85.64,157248.6
2026-02-18 09:15:00,85.64,85.7,85.47,85.53,61607.04
2026-02-18 09:30:00,85.52,85.63,85.45,85.51,78237.37
2026-02-18 09:45:00,85.51,85.51,85.25,85.26,76394.08
2026-02-18 10:00:00,85.27,85.34,84.88,85.07,273920.3
2026-02-18 10:15:00,85.08,85.09,84.91,85.02,98020.56
2026-02-18 10:30:00,85.02,85.02,84.53,84.61,231724.62
2026-02-18 10:45:00,84.61,84.61,84.12,84.22,311971.56
2026-02-18 11:00:00,84.21,84.22,83.16,83.43,761903.97
2026-02-18 11:15:00,83.42,83.67,83.33,83.52,412586.62
2026-02-18 11:30:00,83.53,83.67,83.17,83.28,322839.44
2026-02-18 11:45:00,83.28,83.44,82.74,82.8,699129.59
2026-02-18 12:00:00,82.79,83.28,82.72,83.19,465983.06
2026-02-18 12:15:00,83.2,83.24,82.85,83.12,263732.68
2026-02-18 12:30:00,83.12,83.15,82.24,82.92,775344.95
2026-02-18 12:45:00,82.93,83.1,82.82,82.94,166561.73
2026-02-18 13:00:00,82.94,83.2,82.84,83.12,256631.64
2026-02-18 13:15:00,83.11,83.21,82.93,83.05,156936.32
2026-02-18 13:30:00,83.05,83.11,82.6,82.78,240765.73
2026-02-18 13:45:00,82.78,82.87,82.23,82.54,456860.34
2026-02-18 14:00:00,82.54,82.82,82.52,82.72,227044.28
2026-02-18 14:15:00,82.73,82.77,82.15,82.17,304908.41
2026-02-18 14:30:00,82.17,82.68,82.08,82.33,535489.81
2026-02-18 14:45:00,82.33,82.68,81.62,82.49,849904.66
2026-02-18 15:00:00,82.49,83.04,82.45,82.72,532722.16
2026-02-18 15:15:00,82.73,83.02,82.53,82.76,307573.79
2026-02-18 15:30:00,82.76,83.97,82.7,83.65,727938.84
2026-02-18 15:45:00,83.66,83.68,82.74,82.95,473159.63
2026-02-18 16:00:00,82.96,83.04,82.0,82.18,684174.43
2026-02-18 16:15:00,82.19,82.52,82.05,82.43,385518.06
2026-02-18 16:30:00,82.43,82.47,82.0,82.23,165652.78
2026-02-18 16:45:00,82.23,82.33,82.01,82.23,151848.81
2026-02-18 17:00:00,82.23,82.95,82.23,82.37,372965.7
2026-02-18 17:15:00,82.36,82.55,82.21,82.29,139232.26
2026-02-18 17:30:00,82.29,82.48,82.23,82.25,82029.31
2026-02-18 17:45:00,82.26,82.33,82.03,82.12,182541.22
2026-02-18 18:00:00,82.13,82.31,82.04,82.21,135892.57
2026-02-18 18:15:00,82.21,82.24,81.2,81.68,695137.31
2026-02-18 18:30:00,81.69,81.88,80.74,81.11,625428.36
2026-02-18 18:45:00,81.11,81.53,81.02,81.23,384563.76
2026-02-18 19:00:00,81.22,81.55,81.1,81.17,287649.16
2026-02-18 19:15:00,81.17,81.26,80.72,81.05,412167.4
2026-02-18 19:30:00,81.05,81.08,80.37,80.93,573692.23
2026-02-18 19:45:00,80.93,81.16,80.62,80.87,292406.63
2026-02-18 20:00:00,80.87,81.15,80.79,81.01,193891.74
2026-02-18 20:15:00,81.0,81.18,80.9,81.03,128454.02
2026-02-18 20:30:00,81.02,81.54,81.0,81.44,260555.17
2026-02-18 20:45:00,81.45,81.55,81.13,81.27,291546.67
2026-02-18 21:00:00,81.27,81.39,80.92,81.15,234403.58
2026-02-18 21:15:00,81.15,81.48,81.12,81.43,116466.28
2026-02-18 21:30:00,81.43,81.59,81.37,81.44,100941.89
2026-02-18 21:45:00,81.44,81.49,81.0,81.21,183172.06
2026-02-18 22:00:00,81.22,81.35,80.99,81.12,87740.45
2026-02-18 22:15:00,81.13,81.26,81.01,81.13,71619.78
2026-02-18 22:30:00,81.13,81.49,81.13,81.28,112320.15
2026-02-18 22:45:00,81.28,81.5,81.27,81.41,41531.13
2026-02-18 23:00:00,81.42,81.47,81.18,81.39,102634.03
2026-02-18 23:15:00,81.39,81.44,81.21,81.25,51494.86
2026-02-18 23:30:00,81.25,81.49,81.24,81.45,69356.96
2026-02-18 23:45:00,81.45,81.59,81.43,81.55,81718.65
2026-02-19 00:00:00,81.54,81.68,81.28,81.33,108802.63
2026-02-19 00:15:00,81.33,81.54,81.18,81.35,91200.48
2026-02-19 00:30:00,81.34,81.63,81.28,81.57,57466.32
2026-02-19 00:45:00,81.58,81.64,81.39,81.44,59000.66
2026-02-19 01:00:00,81.44,81.99,81.44,81.8,188561.39
2026-02-19 01:15:00,81.8,81.82,81.46,81.62,84992.7
2026-02-19 01:30:00,81.62,81.8,81.47,81.7,85556.15
2026-02-19 01:45:00,81.7,81.85,81.67,81.82,62197.42
2026-02-19 02:00:00,81.83,82.02,81.72,81.82,154876.66
2026-02-19 02:15:00,81.82,81.87,81.65,81.86,173451.11
2026-02-19 02:30:00,81.86,81.87,81.25,81.37,191409.47
2026-02-19 02:45:00,81.38,81.68,81.37,81.6,51555.49
2026-02-19 03:00:00,81.59,81.72,81.37,81.5,62669.53
2026-02-19 03:15:00,81.5,81.86,81.49,81.85,54113.87
2026-02-19 03:30:00,81.86,81.9,81.55,81.62,85814.46
2026-02-19 03:45:00,81.62,81.75,81.53,81.71,61501.74
2026-02-19 04:00:00,81.72,81.96,81.69,81.85,80023.52
2026-02-19 04:15:00,81.86,81.87,81.58,81.65,59280.09
2026-02-19 04:30:00,81.65,82.0,81.53,81.57,197384.09
2026-02-19 04:45:00,81.58,81.68,81.43,81.46,113173.72
2026-02-19 05:00:00,81.45,81.73,81.32,81.69,173638.99
2026-02-19 05:15:00,81.69,81.93,81.47,81.55,156132.86
2026-02-19 05:30:00,81.55,81.74,81.42,81.63,103168.47
2026-02-19 05:45:00,81.63,81.88,81.55,81.83,79550.17
2026-02-19 06:00:00,81.83,82.2,81.77,82.16,150590.73
2026-02-19 06:15:00,82.16,82.42,82.11,82.36,180330.58
2026-02-19 06:30:00,82.35,82.45,82.14,82.21,120021.39
2026-02-19 06:45:00,82.22,82.44,82.2,82.32,94068.2
2026-02-19 07:00:00,82.31,82.57,82.16,82.44,141236.1
2026-02-19 07:15:00,82.44,82.63,82.34,82.37,152458.8
2026-02-19 07:30:00,82.37,82.47,81.95,82.2,193229.76
2026-02-19 07:45:00,82.21,82.36,82.09,82.34,104126.13
2026-02-19 08:00:00,82.34,82.35,82.11,82.24,165199.64
2026-02-19 08:15:00,82.25,82.25,81.85,81.97,167820.04
2026-02-19 08:30:00,81.98,81.98,81.51,81.64,213050.96
2026-02-19 08:45:00,81.64,81.73,81.55,81.67,106849.44
2026-02-19 09:00:00,81.68,81.79,81.32,81.67,324142.74
2026-02-19 09:15:00,81.68,81.96,81.55,81.8,124502.59
2026-02-19 09:30:00,81.81,81.85,81.61,81.65,65874.78
2026-02-19 09:45:00,81.66,81.67,81.06,81.14,232197.41
2026-02-19 10:00:00,81.15,81.49,80.86,81.35,393715.82
2026-02-19 10:15:00,81.35,81.79,81.33,81.6,281011.8
2026-02-19 10:30:00,81.6,81.78,81.46,81.67,227976.64
2026-02-19 10:45:00,81.67,81.68,81.35,81.48,91553.62
2026-02-19 11:00:00,81.49,81.77,81.44,81.76,68469.18
2026-02-19 11:15:00,81.76,81.86,81.65,81.66,104836.0
2026-02-19 11:30:00,81.67,81.68,81.22,81.33,125225.54
2026-02-19 11:45:00,81.34,81.39,81.06,81.2,170258.55
2026-02-19 12:00:00,81.2,81.28,80.86,81.18,382398.99
2026-02-19 12:15:00,81.18,81.22,80.95,81.12,200825.75
2026-02-19 12:30:00,81.12,81.22,80.82,81.0,226758.38
2026-02-19 12:45:00,81.0,81.04,80.63,80.76,193435.74
2026-02-19 13:00:00,80.76,80.88,80.13,80.51,468894.14
2026-02-19 13:15:00,80.52,80.59,80.13,80.24,230244.35
2026-02-19 13:30:00,80.24,80.49,79.71,79.86,663796.82
2026-02-19 13:45:00,79.86,80.0,79.57,79.96,463679.84
2026-02-19 14:00:00,79.97,80.34,79.9,80.21,390509.54
2026-02-19 14:15:00,80.22,80.41,79.93,80.33,231222.24
2026-02-19 14:30:00,80.32,81.0,79.92,80.82,785755.52
2026-02-19 14:45:00,80.82,81.29,80.49,80.74,563744.95
2026-02-19 15:00:00,80.74,81.26,80.04,80.13,468733.57
2026-02-19 15:15:00,80.14,80.6,79.97,80.1,327881.78
2026-02-19 15:30:00,80.11,80.71,79.91,80.63,241195.51
2026-02-19 15:45:00,80.63,80.82,80.1,80.59,203288.3
2026-02-19 16:00:00,80.58,80.58,79.86,80.48,322450.04
2026-02-19 16:15:00,80.48,80.92,80.02,80.14,434523.96
2026-02-19 16:30:00,80.15,80.77,80.15,80.57,241150.54
2026-02-19 16:45:00,80.57,80.85,80.3,80.76,241669.09
2026-02-19 17:00:00,80.76,81.24,80.46,81.18,396167.02
2026-02-19 17:15:00,81.18,81.9,80.93,80.97,633025.56
2026-02-19 17:30:00,80.97,81.07,80.66,80.87,258171.07
2026-02-19 17:45:00,80.86,80.94,80.17,80.42,297443.12
2026-02-19 18:00:00,80.43,81.06,80.33,81.01,170296.41
2026-02-19 18:15:00,81.0,81.65,80.69,81.47,337693.09
2026-02-19 18:30:00,81.46,81.78,81.22,81.77,313451.74
2026-02-19 18:45:00,81.76,82.02,81.69,81.95,336998.22
2026-02-19 19:00:00,81.95,82.19,81.69,81.72,268314.69
2026-02-19 19:15:00,81.71,81.82,81.36,81.48,183958.22
2026-02-19 19:30:00,81.48,81.58,81.02,81.54,258862.97
2026-02-19 19:45:00,81.53,82.02,81.42,81.9,251794.68
2026-02-19 20:00:00,81.9,82.14,81.7,81.96,205640.85
2026-02-19 20:15:00,81.97,82.06,81.63,82.02,116592.96
2026-02-19 20:30:00,82.02,82.22,81.79,81.96,243908.07
2026-02-19 20:45:00,81.97,82.34,81.96,82.06,159020.95
2026-02-19 21:00:00,82.05,82.14,81.91,81.92,95648.06
2026-02-19 21:15:00,81.93,82.03,81.78,81.86,75680.55
2026-02-19 21:30:00,81.85,82.14,81.78,82.05,91089.59
2026-02-19 21:45:00,82.05,82.1,81.94,82.02,59824.25
2026-02-19 22:00:00,82.02,82.5,81.89,82.26,177043.86
2026-02-19 22:15:00,82.25,82.38,82.0,82.04,118808.97
2026-02-19 22:30:00,82.04,82.21,81.86,82.12,126349.17
2026-02-19 22:45:00,82.13,82.35,82.03,82.29,59116.57
2026-02-19 23:00:00,82.29,82.44,82.07,82.2,105421.9
2026-02-19 23:15:00,82.2,82.45,82.18,82.33,71248.4
2026-02-19 23:30:00,82.33,82.37,82.19,82.27,57071.13
2026-02-19 23:45:00,82.28,82.52,82.2,82.46,99820.17
2026-02-20 00:00:00,82.46,82.82,82.27,82.78,215363.1
2026-02-20 00:15:00,82.78,83.5,82.78,83.39,574065.14
2026-02-20 00:30:00,83.39,83.41,82.96,83.03,205144.68
2026-02-20 00:45:00,83.02,83.13,82.81,82.85,127769.24
2026-02-20 01:00:00,82.85,83.07,82.82,83.02,107400.37
2026-02-20 01:15:00,83.01,83.1,82.64,82.78,164449.81
2026-02-20 01:30:00,82.78,83.09,82.73,83.03,122877.17
2026-02-20 01:45:00,83.03,83.03,82.7,82.97,91422.19
2026-02-20 02:00:00,82.97,83.27,82.84,82.97,142951.41
2026-02-20 02:15:00,82.97,83.11,82.76,82.77,101113.6
2026-02-20 02:30:00,82.77,83.14,82.75,83.09,248629.0
2026-02-20 02:45:00,83.09,83.09,82.85,82.86,71433.54
2026-02-20 03:00:00,82.87,83.02,82.79,82.91,84684.49
2026-02-20 03:15:00,82.91,83.32,82.82,83.14,146565.6
2026-02-20 03:30:00,83.15,83.24,82.97,83.03,110241.26
2026-02-20 03:45:00,83.04,83.1,82.92,82.97,90214.61
2026-02-20 04:00:00,82.98,83.05,82.65,82.7,163923.86
2026-02-20 04:15:00,82.7,82.87,82.32,82.55,256124.77
2026-02-20 04:30:00,82.54,82.94,82.49,82.86,151095.6
2026-02-20 04:45:00,82.85,82.87,82.55,82.63,100590.24
2026-02-20 05:00:00,82.63,82.74,82.46,82.56,116876.01
2026-02-20 05:15:00,82.56,82.9,82.45,82.81,84551.54
2026-02-20 05:30:00,82.8,83.71,82.8,83.45,449020.28
2026-02-20 05:45:00,83.44,83.59,83.15,83.23,221692.24
2026-02-20 06:00:00,83.22,83.42,83.15,83.36,91544.51
2026-02-20 06:15:00,83.36,83.43,83.09,83.18,113277.91
2026-02-20 06:30:00,83.19,83.55,83.1,83.39,167404.25
2026-02-20 06:45:00,83.4,83.69,83.32,83.66,144351.66
2026-02-20 07:00:00,83.66,83.69,83.49,83.58,197196.72
2026-02-20 07:15:00,83.58,83.88,83.48,83.71,172451.82
2026-02-20 07:30:00,83.71,83.77,83.53,83.56,90337.71
2026-02-20 07:45:00,83.57,83.7,83.34,83.38,146166.47
2026-02-20 08:00:00,83.39,83.62,83.39,83.43,111574.89
2026-02-20 08:15:00,83.42,83.63,83.39,83.58,67958.63
2026-02-20 08:30:00,83.57,83.69,83.25,83.28,97583.97
2026-02-20 08:45:00,83.27,83.76,83.24,83.59,119470.63
2026-02-20 09:00:00,83.58,84.43,83.58,84.22,538933.42
2026-02-20 09:15:00,84.21,84.45,84.17,84.24,238438.42
2026-02-20 09:30:00,84.24,84.34,84.12,84.19,198272.98
2026-02-20 09:45:00,84.19,84.28,84.13,84.16,84915.76
2026-02-20 10:00:00,84.15,84.81,84.08,84.41,480568.44
2026-02-20 10:15:00,84.41,84.61,84.32,84.56,126712.55
2026-02-20 10:30:00,84.56,84.7,84.25,84.29,190833.64
2026-02-20 10:45:00,84.28,84.39,83.99,84.05,219468.29
2026-02-20 11:00:00,84.05,84.1,83.73,83.86,279154.84
2026-02-20 11:15:00,83.85,84.16,83.67,84.04,268665.17
2026-02-20 11:30:00,84.05,84.21,83.4,83.42,410368.36
2026-02-20 11:45:00,83.43,83.69,83.29,83.52,333295.59
2026-02-20 12:00:00,83.53,83.85,83.31,83.79,224820.41
2026-02-20 12:15:00,83.79,83.99,83.55,83.6,152252.83
2026-02-20 12:30:00,83.59,83.73,83.31,83.52,227510.97
2026-02-20 12:45:00,83.52,83.87,83.5,83.67,139976.54
2026-02-20 13:00:00,83.67,83.67,82.97,83.17,408558.5
2026-02-20 13:15:00,83.18,83.24,82.75,83.07,371672.34
2026-02-20 13:30:00,83.08,83.1,81.76,81.91,1191992.01
2026-02-20 13:45:00,81.91,82.24,81.71,82.15,600918.06
2026-02-20 14:00:00,82.16,82.56,82.07,82.38,329772.19
2026-02-20 14:15:00,82.38,82.78,82.19,82.63,341654.48
2026-02-20 14:30:00,82.64,83.35,82.46,82.99,722216.81
2026-02-20 14:45:00,83.0,83.07,82.66,83.02,307393.4
2026-02-20 15:00:00,83.02,84.76,83.0,83.14,1727474.24
2026-02-20 15:15:00,83.14,84.14,82.62,84.01,829093.95
2026-02-20 15:30:00,84.0,84.05,83.09,83.43,438657.72
2026-02-20 15:45:00,83.44,84.47,83.27,84.33,588980.92
2026-02-20 16:00:00,84.32,84.92,84.22,84.51,602634.83
2026-02-20 16:15:00,84.51,84.73,83.93,83.96,643655.27
2026-02-20 16:30:00,83.96,84.12,83.68,83.94,348545.88
2026-02-20 16:45:00,83.94,84.64,83.88,84.45,279192.38
2026-02-20 17:00:00,84.45,84.49,83.16,83.16,463519.74
2026-02-20 17:15:00,83.16,83.29,82.75,83.2,758823.49
2026-02-20 17:30:00,83.21,83.93,82.96,83.85,518026.13
2026-02-20 17:45:00,83.85,84.56,83.66,84.44,642535.5
2026-02-20 18:00:00,84.45,84.65,84.08,84.13,453253.47
2026-02-20 18:15:00,84.13,84.71,83.9,84.52,441402.9
2026-02-20 18:30:00,84.51,85.16,84.26,85.01,643147.7
2026-02-20 18:45:00,85.0,85.44,84.81,85.21,423907.44
2026-02-20 19:00:00,85.2,85.34,84.66,84.72,203902.32
2026-02-20 19:15:00,84.73,84.94,84.33,84.44,143858.9
2026-02-20 19:30:00,84.45,84.84,84.44,84.53,222393.1
2026-02-20 19:45:00,84.53,84.92,84.4,84.72,165221.36
2026-02-20 20:00:00,84.71,85.19,84.66,85.16,147602.62
2026-02-20 20:15:00,85.15,85.15,84.51,84.57,97656.91
2026-02-20 20:30:00,84.58,84.8,84.36,84.77,106954.21
2026-02-20 20:45:00,84.77,84.83,84.46,84.57,147914.26
2026-02-20 21:00:00,84.57,84.72,84.35,84.46,131259.44
2026-02-20 21:15:00,84.46,84.49,84.3,84.4,83199.51
2026-02-20 21:30:00,84.4,84.57,84.25,84.47,181888.31
2026-02-20 21:45:00,84.46,84.62,84.29,84.52,143119.34
2026-02-20 22:00:00,84.51,84.51,84.13,84.19,152090.53
2026-02-20 22:15:00,84.19,84.59,84.06,84.51,168727.64
2026-02-20 22:30:00,84.51,84.73,84.33,84.34,115594.75
2026-02-20 22:45:00,84.34,84.66,84.3,84.55,63680.87
2026-02-20 23:00:00,84.54,84.66,84.36,84.39,93946.06
2026-02-20 23:15:00,84.39,84.54,84.23,84.45,99406.34
2026-02-20 23:30:00,84.44,84.52,84.32,84.35,56462.01
2026-02-20 23:45:00,84.34,84.67,84.34,84.62,66064.3
2026-02-21 00:00:00,84.62,84.71,84.49,84.66,116752.8
2026-02-21 00:15:00,84.65,84.68,84.51,84.54,57948.85
2026-02-21 00:30:00,84.53,84.58,84.39,84.4,73266.03
2026-02-21 00:45:00,84.39,84.48,84.29,84.4,82965.05
2026-02-21 01:00:00,84.4,84.6,84.4,84.59,43082.53
2026-02-21 01:15:00,84.59,84.62,84.43,84.46,38788.93
2026-02-21 01:30:00,84.46,84.76,84.45,84.72,79951.41
2026-02-21 01:45:00,84.71,84.81,84.6,84.65,76413.56
2026-02-21 02:00:00,84.64,84.72,84.48,84.66,45454.21
2026-02-21 02:15:00,84.66,84.88,84.57,84.85,88336.08
2026-02-21 02:30:00,84.84,84.98,84.77,84.89,90586.81
2026-02-21 02:45:00,84.88,84.89,84.75,84.76,48585.95
2026-02-21 03:00:00,84.76,84.79,84.16,84.3,204681.11
2026-02-21 03:15:00,84.31,84.47,84.24,84.47,73831.43
2026-02-21 03:30:00,84.46,84.63,84.21,84.28,102882.68
2026-02-21 03:45:00,84.28,84.31,84.19,84.29,62685.11
2026-02-21 04:00:00,84.3,84.37,84.2,84.3,58117.4
2026-02-21 04:15:00,84.3,84.34,84.08,84.31,70036.03
2026-02-21 04:30:00,84.31,84.43,84.22,84.24,53856.54
2026-02-21 04:45:00,84.23,84.46,84.17,84.36,62350.58
2026-02-21 05:00:00,84.35,84.49,84.33,84.45,56233.21
2026-02-21 05:15:00,84.45,84.54,84.36,84.42,39149.94
2026-02-21 05:30:00,84.42,84.5,84.35,84.49,38633.61
2026-02-21 05:45:00,84.49,84.49,84.37,84.42,34433.7
2026-02-21 06:00:00,84.42,84.71,84.42,84.7,75783.57
2026-02-21 06:15:00,84.71,84.74,84.25,84.29,202246.13
2026-02-21 06:30:00,84.28,84.31,83.96,84.08,272593.64
2026-02-21 06:45:00,84.07,84.11,83.98,84.08,50309.76
2026-02-21 07:00:00,84.07,84.13,83.91,84.02,167560.5
2026-02-21 07:15:00,84.03,84.14,84.01,84.12,42410.27
2026-02-21 07:30:00,84.11,84.29,84.05,84.18,110062.9
2026-02-21 07:45:00,84.17,84.19,84.07,84.18,35067.72
2026-02-21 08:00:00,84.17,84.33,84.14,84.28,74692.16
2026-02-21 08:15:00,84.28,84.39,84.25,84.34,52489.84
2026-02-21 08:30:00,84.33,84.5,84.23,84.46,75297.45
2026-02-21 08:45:00,84.46,84.69,84.39,84.67,128501.11
2026-02-21 09:00:00,84.66,84.76,84.61,84.64,105578.47
2026-02-21 09:15:00,84.63,85.15,84.63,85.03,245178.36
2026-02-21 09:30:00,85.02,85.11,84.92,84.97,179809.18
2026-02-21 09:45:00,84.98,85.08,84.83,84.86,95858.04
2026-02-21 10:00:00,84.87,85.0,84.84,84.88,90092.67
2026-02-21 10:15:00,84.88,85.08,84.87,85.04,72821.61
2026-02-21 10:30:00,85.03,85.24,84.97,85.06,106106.45
2026-02-21 10:45:00,85.05,85.15,84.97,85.11,57304.84
2026-02-21 11:00:00,85.11,85.67,85.09,85.56,309920.94
2026-02-21 11:15:00,85.56,85.56,85.28,85.34,162393.45
2026-02-21 11:30:00,85.34,85.37,85.2,85.35,125337.41
2026-02-21 11:45:00,85.34,85.48,85.26,85.35,91408.1
2026-02-21 12:00:00,85.35,85.49,85.09,85.12,141152.2
2026-02-21 12:15:00,85.12,85.3,85.08,85.14,116921.41
2026-02-21 12:30:00,85.14,85.14,84.96,85.07,146152.02
2026-02-21 12:45:00,85.07,85.33,85.06,85.25,140084.21
2026-02-21 13:00:00,85.26,85.37,85.2,85.28,150602.39
2026-02-21 13:15:00,85.28,85.48,85.11,85.37,123928.21
2026-02-21 13:30:00,85.38,85.42,85.26,85.28,61641.12
2026-02-21 13:45:00,85.28,85.93,85.27,85.81,275735.96
2026-02-21 14:00:00,85.81,85.83,85.58,85.7,183468.21
2026-02-21 14:15:00,85.7,86.63,85.6,86.23,784751.5
2026-02-21 14:30:00,86.22,86.45,86.18,86.33,281345.5
2026-02-21 14:45:00,86.33,86.56,86.2,86.27,205712.78
2026-02-21 15:00:00,86.27,86.68,86.16,86.53,226091.16
2026-02-21 15:15:00,86.53,86.58,86.23,86.25,185273.21
2026-02-21 15:30:00,86.25,86.64,86.13,86.57,166508.88
2026-02-21 15:45:00,86.57,86.65,86.5,86.52,141947.37
2026-02-21 16:00:00,86.52,86.62,85.88,86.15,368793.32
2026-02-21 16:15:00,86.15,86.21,85.82,86.07,298759.28
2026-02-21 16:30:00,86.07,86.23,85.8,86.22,141563.77
2026-02-21 16:45:00,86.22,86.22,86.08,86.1,59968.3
2026-02-21 17:00:00,86.09,86.1,85.77,86.02,255383.96
2026-02-21 17:15:00,86.02,86.24,85.82,86.04,307321.26
2026-02-21 17:30:00,86.05,86.42,86.02,86.3,118744.6
2026-02-21 17:45:00,86.29,86.35,86.12,86.19,97790.48
2026-02-21 18:00:00,86.19,86.39,86.14,86.16,54627.76
2026-02-21 18:15:00,86.16,86.32,86.13,86.19,87636.11
2026-02-21 18:30:00,86.19,86.44,86.15,86.38,69451.84
2026-02-21 18:45:00,86.37,86.67,86.34,86.53,283533.9
2026-02-21 19:00:00,86.53,86.64,86.37,86.6,115594.79
2026-02-21 19:15:00,86.6,86.64,86.41,86.45,64634.82
2026-02-21 19:30:00,86.45,86.5,86.31,86.38,72402.87
2026-02-21 19:45:00,86.37,86.38,86.13,86.17,96059.87
2026-02-21 20:00:00,86.16,86.17,85.86,85.86,143883.97
2026-02-21 20:15:00,85.86,86.08,85.86,86.04,68688.01
2026-02-21 20:30:00,86.04,86.07,85.21,85.3,368001.38
2026-02-21 20:45:00,85.31,85.64,85.3,85.41,219502.53
2026-02-21 21:00:00,85.42,85.58,85.35,85.53,129102.11
2026-02-21 21:15:00,85.53,85.68,85.46,85.61,119282.72
2026-02-21 21:30:00,85.6,85.77,85.58,85.62,104135.69
2026-02-21 21:45:00,85.61,85.8,85.6,85.79,43510.73
2026-02-21 22:00:00,85.79,85.85,85.49,85.58,84374.67
2026-02-21 22:15:00,85.57,85.71,85.46,85.57,66855.82
2026-02-21 22:30:00,85.57,85.62,85.32,85.42,79427.49
2026-02-21 22:45:00,85.43,85.56,85.32,85.4,85946.22
2026-02-21 23:00:00,85.41,85.51,85.13,85.15,278590.39
2026-02-21 23:15:00,85.16,85.38,85.07,85.34,131907.66
2026-02-21 23:30:00,85.35,85.36,85.22,85.22,46680.13
2026-02-21 23:45:00,85.22,85.26,85.12,85.12,47234.28
2026-02-22 00:00:00,85.12,85.18,84.96,85.07,148146.55
2026-02-22 00:15:00,85.07,85.17,84.77,84.86,211251.89
2026-02-22 00:30:00,84.86,84.96,84.74,84.78,109610.43
2026-02-22 00:45:00,84.78,85.03,84.71,85.01,113808.81
2026-02-22 01:00:00,85.01,85.21,85.01,85.06,94196.36
2026-02-22 01:15:00,85.06,85.3,85.0,85.25,110847.67
2026-02-22 01:30:00,85.26,85.36,85.14,85.22,69412.83
2026-02-22 01:45:00,85.21,85.38,85.11,85.28,181930.31
2026-02-22 02:00:00,85.28,85.56,85.16,85.42,132523.44
2026-02-22 02:15:00,85.42,85.44,84.96,84.97,135472.13
2026-02-22 02:30:00,84.97,85.08,84.8,84.95,140751.51
2026-02-22 02:45:00,84.95,85.04,84.84,84.9,75897.94
2026-02-22 03:00:00,84.91,85.09,84.88,85.04,81964.28
2026-02-22 03:15:00,85.04,85.11,84.62,84.8,239604.47
2026-02-22 03:30:00,84.8,85.01,84.74,84.99,81667.46
2026-02-22 03:45:00,84.99,85.07,84.89,85.03,67309.65
2026-02-22 04:00:00,85.03,85.3,85.0,85.14,113687.32
2026-02-22 04:15:00,85.14,85.15,84.91,84.96,50195.29
2026-02-22 04:30:00,84.96,85.14,84.95,85.06,45403.71
2026-02-22 04:45:00,85.06,85.15,85.02,85.1,29643.25
2026-02-22 05:00:00,85.1,85.16,84.82,84.93,58753.49
2026-02-22 05:15:00,84.93,84.99,84.86,84.94,35277.69
2026-02-22 05:30:00,84.94,84.97,84.8,84.82,42178.86
2026-02-22 05:45:00,84.82,84.98,84.73,84.93,136865.84
2026-02-22 06:00:00,84.92,85.1,84.91,84.98,62070.07
2026-02-22 06:15:00,84.98,85.2,84.89,85.12,83329.73
2026-02-22 06:30:00,85.13,85.28,85.07,85.18,87735.73
2026-02-22 06:45:00,85.17,85.28,85.16,85.24,75092.57
2026-02-22 07:00:00,85.24,85.28,85.09,85.27,176619.1
2026-02-22 07:15:00,85.26,85.32,85.15,85.25,55325.29
2026-02-22 07:30:00,85.26,85.45,85.25,85.42,84525.26
2026-02-22 07:45:00,85.42,85.5,85.18,85.19,179342.71
2026-02-22 08:00:00,85.19,85.21,85.03,85.09,93469.18
2026-02-22 08:15:00,85.09,85.1,84.81,84.91,140697.8
2026-02-22 08:30:00,84.91,85.02,84.83,84.96,86654.28
2026-02-22 08:45:00,84.97,84.99,84.85,84.91,53898.31
2026-02-22 09:00:00,84.91,85.01,84.88,85.01,56208.95
2026-02-22 09:15:00,85.01,85.14,84.99,85.02,59439.06
2026-02-22 09:30:00,85.03,85.09,84.97,85.06,39676.6
2026-02-22 09:45:00,85.06,85.09,84.91,84.97,47966.35
2026-02-22 10:00:00,84.97,85.18,84.94,85.13,54375.08
2026-02-22 10:15:00,85.13,85.24,85.06,85.16,50712.52
2026-02-22 10:30:00,85.16,85.25,85.09,85.17,80022.37
2026-02-22 10:45:00,85.17,85.23,85.11,85.16,56137.82
2026-02-22 11:00:00,85.17,85.43,85.17,85.31,106836.17
2026-02-22 11:15:00,85.31,85.4,85.24,85.27,55041.06
2026-02-22 11:30:00,85.27,85.4,85.09,85.14,86898.51
2026-02-22 11:45:00,85.15,85.22,85.13,85.2,26948.03
2026-02-22 12:00:00,85.2,85.26,84.8,84.85,165239.88
2026-02-22 12:15:00,84.84,84.96,84.63,84.88,223235.92
2026-02-22 12:30:00,84.89,84.89,84.29,84.33,405261.24
2026-02-22 12:45:00,84.33,84.51,84.27,84.4,171170.3
2026-02-22 13:00:00,84.4,84.59,84.16,84.38,218428.98
2026-02-22 13:15:00,84.39,84.5,84.15,84.19,195063.93
2026-02-22 13:30:00,84.2,84.33,83.62,83.81,509413.53
2026-02-22 13:45:00,83.81,83.97,83.71,83.94,257982.65
2026-02-22 14:00:00,83.95,84.01,83.56,83.8,291705.57
2026-02-22 14:15:00,83.79,83.85,83.57,83.79,211598.27
2026-02-22 14:30:00,83.79,84.03,83.61,83.65,240825.37
2026-02-22 14:45:00,83.65,83.71,83.32,83.6,396861.31
2026-02-22 15:00:00,83.6,83.64,83.14,83.35,509787.97
2026-02-22 15:15:00,83.35,83.46,82.94,83.46,537467.12
2026-02-22 15:30:00,83.45,83.68,83.36,83.57,385807.57
2026-02-22 15:45:00,83.58,83.63,83.4,83.44,126787.29
2026-02-22 16:00:00,83.44,83.5,83.2,83.23,123689.92
2026-02-22 16:15:00,83.24,83.36,83.13,83.18,89192.2
2026-02-22 16:30:00,83.19,83.3,83.17,83.28,79147.67
2026-02-22 16:45:00,83.28,83.58,83.26,83.52,149838.87
2026-02-22 17:00:00,83.53,83.56,83.25,83.27,120378.27
2026-02-22 17:15:00,83.28,83.37,83.2,83.27,97047.74
2026-02-22 17:30:00,83.27,83.32,82.76,82.81,419984.48
2026-02-22 17:45:00,82.82,83.07,82.82,83.01,148419.76
2026-02-22 18:00:00,83.0,83.18,82.91,83.11,116991.42
2026-02-22 18:15:00,83.12,83.24,82.93,83.09,127167.29
2026-02-22 18:30:00,83.09,83.14,82.95,83.13,89523.76
2026-02-22 18:45:00,83.14,83.22,83.12,83.16,59818.32
2026-02-22 19:00:00,83.16,83.26,82.97,83.04,70152.96
2026-02-22 19:15:00,83.05,83.19,83.04,83.12,44020.02
2026-02-22 19:30:00,83.12,83.32,83.07,83.31,59129.4
2026-02-22 19:45:00,83.31,83.36,83.19,83.25,58949.58
2026-02-22 20:00:00,83.24,83.32,83.01,83.03,77710.03
2026-02-22 20:15:00,83.02,83.31,83.02,83.19,91331.94
2026-02-22 20:30:00,83.2,83.21,83.06,83.11,70412.45
2026-02-22 20:45:00,83.12,83.25,82.91,82.97,212472.85
2026-02-22 21:00:00,82.97,83.18,82.97,83.09,52337.86
2026-02-22 21:15:00,83.1,83.18,83.0,83.03,33687.21
2026-02-22 21:30:00,83.04,83.4,82.99,83.38,105847.1
2026-02-22 21:45:00,83.38,83.53,83.35,83.44,97140.02
2026-02-22 22:00:00,83.44,83.54,83.18,83.27,91529.82
2026-02-22 22:15:00,83.27,83.66,83.21,83.24,129992.29
2026-02-22 22:30:00,83.24,83.53,83.03,83.44,180772.73
2026-02-22 22:45:00,83.44,83.62,83.43,83.52,105303.4
2026-02-22 23:00:00,83.52,83.6,82.91,82.93,343648.66
2026-02-22 23:15:00,82.92,83.03,82.54,82.69,384368.34
2026-02-22 23:30:00,82.7,82.9,82.43,82.52,243210.32
2026-02-22 23:45:00,82.52,82.92,82.47,82.75,181762.93
2026-02-23 00:00:00,82.75,82.81,82.52,82.74,175827.28
2026-02-23 00:15:00,82.74,82.77,82.11,82.21,330710.34
2026-02-23 00:30:00,82.21,82.22,81.77,82.01,369968.09
2026-02-23 00:45:00,82.01,82.11,81.26,81.34,481977.46
2026-02-23 01:00:00,81.33,81.33,78.85,79.3,2734358.59
2026-02-23 01:15:00,79.3,79.31,77.92,78.43,1689919.21
2026-02-23 01:30:00,78.44,78.82,78.31,78.46,719547.37
2026-02-23 01:45:00,78.46,78.57,77.39,77.88,1282404.27
2026-02-23 02:00:00,77.88,78.37,77.73,78.13,593921.43
2026-02-23 02:15:00,78.12,78.18,77.52,77.89,403171.52
2026-02-23 02:30:00,77.89,78.11,77.72,77.86,345597.46
2026-02-23 02:45:00,77.86,77.93,77.45,77.79,379080.97
2026-02-23 03:00:00,77.78,78.23,77.68,77.93,428808.24
2026-02-23 03:15:00,77.93,77.95,77.16,77.39,513458.11
2026-02-23 03:30:00,77.4,77.79,77.39,77.75,332212.66
2026-02-23 03:45:00,77.74,77.92,77.56,77.57,270928.02
2026-02-23 04:00:00,77.58,77.65,77.23,77.59,365980.01
2026-02-23 04:15:00,77.59,77.66,77.32,77.44,162602.61
2026-02-23 04:30:00,77.44,77.55,77.06,77.23,287258.97
2026-02-23 04:45:00,77.23,77.32,77.18,77.29,122003.1
2026-02-23 05:00:00,77.3,77.78,77.25,77.63,462882.12
2026-02-23 05:15:00,77.62,77.87,77.51,77.75,336542.98
2026-02-23 05:30:00,77.74,77.98,77.71,77.89,204932.64
2026-02-23 05:45:00,77.9,77.98,77.36,77.74,361864.9
2026-02-23 06:00:00,77.74,78.48,77.57,78.39,543980.78
2026-02-23 06:15:00,78.38,78.6,78.3,78.42,436998.35
2026-02-23 06:30:00,78.42,78.9,78.35,78.72,463766.08
2026-02-23 06:45:00,78.73,79.1,78.68,79.01,462078.32
2026-02-23 07:00:00,79.0,79.31,78.93,79.12,353578.35
2026-02-23 07:15:00,79.12,79.21,78.9,79.03,252326.04
2026-02-23 07:30:00,79.02,79.63,78.83,79.41,405893.41
2026-02-23 07:45:00,79.4,79.46,79.27,79.32,202570.79
2026-02-23 08:00:00,79.32,79.33,78.83,79.02,411415.57
2026-02-23 08:15:00,79.02,79.07,78.61,78.73,308854.67
2026-02-23 08:30:00,78.73,78.83,78.53,78.57,195429.85
2026-02-23 08:45:00,78.58,78.75,78.44,78.69,285785.2
2026-02-23 09:00:00,78.69,78.94,78.69,78.89,222161.89
2026-02-23 09:15:00,78.88,79.1,78.72,79.04,179375.51
2026-02-23 09:30:00,79.04,80.3,78.98,80.03,1082988.22
2026-02-23 09:45:00,80.03,80.48,80.03,80.4,501989.87
2026-02-23 10:00:00,80.4,80.63,80.09,80.13,362945.78
2026-02-23 10:15:00,80.13,80.51,80.03,80.34,298678.74
2026-02-23 10:30:00,80.33,80.44,80.2,80.3,212079.35
2026-02-23 10:45:00,80.31,80.33,80.05,80.22,178015.12
2026-02-23 11:00:00,80.22,80.36,80.12,80.34,130726.4
2026-02-23 11:15:00,80.33,80.5,80.23,80.33,165859.77
2026-02-23 11:30:00,80.32,80.34,80.03,80.07,177618.26
2026-02-23 11:45:00,80.07,80.13,79.9,79.99,240780.14
2026-02-23 12:00:00,79.99,80.19,79.88,80.08,167552.45
2026-02-23 12:15:00,80.08,80.14,79.94,80.09,137521.29
2026-02-23 12:30:00,80.08,80.93,79.81,80.71,804306.64
2026-02-23 12:45:00,80.72,80.84,80.43,80.65,381462.68
2026-02-23 13:00:00,80.65,80.7,80.42,80.55,192976.11
2026-02-23 13:15:00,80.54,80.69,80.37,80.61,296468.04
2026-02-23 13:30:00,80.61,80.99,80.53,80.97,325235.51
2026-02-23 13:45:00,80.98,81.06,80.38,80.47,505949.06
2026-02-23 14:00:00,80.47,80.76,80.43,80.67,234906.72
2026-02-23 14:15:00,80.67,80.67,80.12,80.2,343826.17
2026-02-23 14:30:00,80.19,80.68,79.36,79.97,1084222.28
2026-02-23 14:45:00,79.97,80.48,79.72,80.09,772714.69
2026-02-23 15:00:00,80.09,80.29,79.61,79.85,499327.09
2026-02-23 15:15:00,79.85,80.22,79.59,79.64,373419.72
2026-02-23 15:30:00,79.64,79.88,79.46,79.66,338045.41
2026-02-23 15:45:00,79.66,79.8,79.15,79.35,429866.1
2026-02-23 16:00:00,79.36,79.39,78.61,78.8,809294.07
2026-02-23 16:15:00,78.8,79.73,78.78,79.62,494578.53
2026-02-23 16:30:00,79.62,79.76,78.99,79.19,434758.08
2026-02-23 16:45:00,79.19,79.24,78.77,78.92,264591.31
2026-02-23 17:00:00,78.93,79.11,78.46,78.53,338848.1
2026-02-23 17:15:00,78.52,78.79,78.19,78.21,583131.09
2026-02-23 17:30:00,78.2,78.28,77.58,77.75,764083.8
2026-02-23 17:45:00,77.76,78.28,77.21,78.27,746015.29
2026-02-23 18:00:00,78.28,78.52,78.0,78.31,486934.56
2026-02-23 18:15:00,78.31,78.53,78.07,78.48,374444.55
2026-02-23 18:30:00,78.49,79.26,78.37,78.99,520738.18
2026-02-23 18:45:00,78.99,78.99,78.42,78.57,248835.8
2026-02-23 19:00:00,78.58,78.87,78.42,78.7,232298.61
2026-02-23 19:15:00,78.7,78.79,78.25,78.28,222768.66
2026-02-23 19:30:00,78.29,78.47,77.88,78.27,333499.53
2026-02-23 19:45:00,78.27,78.39,77.93,78.25,321885.63
2026-02-23 20:00:00,78.24,78.42,77.93,77.98,202615.88
2026-02-23 20:15:00,77.97,78.24,77.8,77.93,265306.67
2026-02-23 20:30:00,77.93,78.4,77.92,78.32,185329.61
2026-02-23 20:45:00,78.33,78.5,78.18,78.26,284522.09
2026-02-23 21:00:00,78.26,78.56,78.13,78.51,265727.99
2026-02-23 21:15:00,78.51,78.59,78.35,78.41,109576.08
2026-02-23 21:30:00,78.41,78.69,78.19,78.36,197085.58
2026-02-23 21:45:00,78.35,78.51,78.21,78.33,143839.43
2026-02-23 22:00:00,78.33,78.86,78.3,78.78,281061.1
2026-02-23 22:15:00,78.78,78.87,78.68,78.81,150111.91
2026-02-23 22:30:00,78.8,78.86,78.62,78.72,133021.39
2026-02-23 22:45:00,78.73,78.81,78.2,78.21,153167.69
2026-02-23 23:00:00,78.21,78.5,78.21,78.42,136467.01
2026-02-23 23:15:00,78.41,78.46,78.08,78.15,153754.9
2026-02-23 23:30:00,78.16,78.2,77.75,77.78,174421.57
2026-02-23 23:45:00,77.78,77.92,77.57,77.87,203956.08
2026-02-24 00:00:00,77.86,78.3,77.85,78.27,228650.07
2026-02-24 00:15:00,78.27,78.34,78.07,78.18,141070.03
2026-02-24 00:30:00,78.18,78.43,78.09,78.37,155341.18
2026-02-24 00:45:00,78.38,78.49,78.21,78.41,137218.25
2026-02-24 01:00:00,78.4,78.42,77.35,77.4,443196.11
2026-02-24 01:15:00,77.41,78.07,75.68,77.84,2175779.37
2026-02-24 01:30:00,77.83,78.26,77.42,77.67,456487.4
2026-02-24 01:45:00,77.68,77.86,77.32,77.63,215550.34
2026-02-24 02:00:00,77.62,78.0,77.46,77.9,247300.79
2026-02-24 02:15:00,77.9,78.11,77.63,78.03,219886.32
2026-02-24 02:30:00,78.03,78.38,77.59,77.62,279632.49
2026-02-24 02:45:00,77.63,77.7,77.46,77.58,170072.38
2026-02-24 03:00:00,77.59,77.59,76.75,76.99,496409.23
2026-02-24 03:15:00,76.99,77.19,76.78,76.9,196042.17
2026-02-24 03:30:00,76.9,76.99,76.63,76.77,351173.75
2026-02-24 03:45:00,76.77,77.02,76.43,76.84,315415.77
2026-02-24 04:00:00,76.84,77.04,76.15,76.17,394374.5
2026-02-24 04:15:00,76.18,76.93,76.06,76.74,503636.15
2026-02-24 04:30:00,76.75,76.8,76.28,76.71,191847.93
2026-02-24 04:45:00,76.71,76.82,76.6,76.8,145306.43
2026-02-24 05:00:00,76.8,77.29,76.66,77.15,317585.29
2026-02-24 05:15:00,77.16,77.16,76.15,76.47,476226.07
2026-02-24 05:30:00,76.46,76.72,76.27,76.42,241819.83
2026-02-24 05:45:00,76.41,76.67,76.36,76.59,139537.2
2026-02-24 06:00:00,76.58,76.78,76.33,76.52,138325.74
2026-02-24 06:15:00,76.52,76.88,76.51,76.75,151968.39
2026-02-24 06:30:00,76.75,76.89,76.63,76.77,106327.43
2026-02-24 06:45:00,76.78,76.85,76.39,76.55,173408.97
2026-02-24 07:00:00,76.55,77.15,76.45,77.09,289418.82
2026-02-24 07:15:00,77.08,77.19,76.81,77.13,235934.1
2026-02-24 07:30:00,77.13,77.15,76.64,76.68,119441.88
2026-02-24 07:45:00,76.69,76.82,76.55,76.79,127117.41
2026-02-24 08:00:00,76.8,76.81,76.43,76.63,234868.33
2026-02-24 08:15:00,76.63,76.97,76.5,76.87,126786.46
2026-02-24 08:30:00,76.87,77.1,76.84,76.96,166245.79
2026-02-24 08:45:00,76.97,77.15,76.94,76.98,132303.12
2026-02-24 09:00:00,76.97,77.09,76.75,76.91,144836.68
2026-02-24 09:15:00,76.9,76.95,76.41,76.52,273049.12
2026-02-24 09:30:00,76.52,76.59,75.87,76.54,425077.89
2026-02-24 09:45:00,76.54,76.7,76.36,76.61,152131.6
2026-02-24 10:00:00,76.61,76.73,76.4,76.59,97761.67
2026-02-24 10:15:00,76.59,76.77,76.49,76.59,100323.49
2026-02-24 10:30:00,76.59,76.73,76.35,76.48,131165.72
2026-02-24 10:45:00,76.48,76.79,76.43,76.71,110879.25
2026-02-24 11:00:00,76.71,76.86,76.64,76.68,104974.58
2026-02-24 11:15:00,76.67,76.76,76.59,76.64,78996.81
2026-02-24 11:30:00,76.63,76.71,76.44,76.6,124256.0
2026-02-24 11:45:00,76.59,76.75,76.56,76.71,87787.14
2026-02-24 12:00:00,76.71,76.9,76.53,76.84,175553.22
2026-02-24 12:15:00,76.85,77.01,76.69,76.97,171386.46
2026-02-24 12:30:00,76.96,77.0,76.51,76.59,154445.52
2026-02-24 12:45:00,76.59,76.74,76.45,76.54,118139.57
2026-02-24 13:00:00,76.55,76.75,76.43,76.72,165068.53
2026-02-24 13:15:00,76.71,76.75,76.37,76.41,190316.88
2026-02-24 13:30:00,76.41,76.75,75.99,76.44,554864.21
2026-02-24 13:45:00,76.45,76.7,76.38,76.52,167790.16
2026-02-24 14:00:00,76.51,76.6,76.27,76.39,263058.08
2026-02-24 14:15:00,76.38,76.46,76.1,76.27,293021.87
2026-02-24 14:30:00,76.27,76.98,75.57,76.74,1293776.2
2026-02-24 14:45:00,76.74,77.39,76.6,76.83,786861.91
2026-02-24 15:00:00,76.84,77.17,76.55,77.13,443421.22
2026-02-24 15:15:00,77.13,77.45,76.98,77.33,475055.48
2026-02-24 15:30:00,77.34,77.39,76.88,77.08,248649.97
2026-02-24 15:45:00,77.07,77.29,76.97,77.25,171741.75
2026-02-24 16:00:00,77.26,78.2,77.17,77.87,820031.03
2026-02-24 16:15:00,77.87,78.04,77.71,77.77,258496.42
2026-02-24 16:30:00,77.77,77.99,77.32,77.75,395945.61
2026-02-24 16:45:00,77.76,78.15,77.38,78.06,254767.37
2026-02-24 17:00:00,78.07,78.45,77.97,78.38,507134.45
2026-02-24 17:15:00,78.37,78.42,78.05,78.07,244039.19
2026-02-24 17:30:00,78.08,78.16,77.92,77.94,156832.79
2026-02-24 17:45:00,77.95,78.05,77.74,77.93,230173.37
2026-02-24 18:00:00,77.92,78.28,77.51,77.59,240416.77
2026-02-24 18:15:00,77.59,78.12,77.52,77.95,164107.33
2026-02-24 18:30:00,77.96,78.28,77.89,78.14,180962.4
2026-02-24 18:45:00,78.14,78.26,78.1,78.14,102569.96
2026-02-24 19:00:00,78.14,78.47,77.9,77.95,223942.41
2026-02-24 19:15:00,77.95,78.38,77.82,78.17,183935.31
2026-02-24 19:30:00,78.18,78.35,78.09,78.3,96245.82
2026-02-24 19:45:00,78.31,78.36,78.09,78.32,144137.37
2026-02-24 20:00:00,78.33,78.68,78.28,78.52,407819.06
2026-02-24 20:15:00,78.51,78.79,78.49,78.71,162153.42
2026-02-24 20:30:00,78.71,78.86,78.52,78.75,148357.8
2026-02-24 20:45:00,78.75,78.79,78.54,78.61,113103.57
2026-02-24 21:00:00,78.6,78.62,78.14,78.42,239151.3
2026-02-24 21:15:00,78.42,78.5,78.06,78.22,199562.57
2026-02-24 21:30:00,78.22,78.4,78.12,78.27,82904.2
2026-02-24 21:45:00,78.27,78.67,78.15,78.48,141590.48
2026-02-24 22:00:00,78.48,79.34,78.39,79.21,398343.72
2026-02-24 22:15:00,79.2,79.23,78.84,78.98,125028.36
2026-02-24 22:30:00,78.98,79.04,78.74,78.84,100727.25
2026-02-24 22:45:00,78.85,79.06,78.71,79.02,107807.95
2026-02-24 23:00:00,79.02,79.1,78.59,79.05,213132.64
2026-02-24 23:15:00,79.05,79.39,79.0,79.38,222044.85
2026-02-24 23:30:00,79.39,79.56,79.32,79.4,215534.55
2026-02-24 23:45:00,79.4,79.44,78.83,78.91,306295.51
2026-02-25 00:00:00,78.92,78.98,78.74,78.79,216369.97
2026-02-25 00:15:00,78.78,78.97,78.66,78.72,116394.2
2026-02-25 00:30:00,78.71,79.26,78.69,79.2,170598.51
2026-02-25 00:45:00,79.2,79.37,79.08,79.14,138383.21
2026-02-25 01:00:00,79.13,81.88,79.04,81.3,1796312.04
2026-02-25 01:15:00,81.29,82.53,81.07,81.94,1402990.92
2026-02-25 01:30:00,81.94,82.31,81.55,81.62,633955.79
2026-02-25 01:45:00,81.61,82.14,81.58,81.94,384705.43
2026-02-25 02:00:00,81.95,82.97,81.93,82.66,776111.2
2026-02-25 02:15:00,82.66,82.7,82.29,82.36,368914.35
2026-02-25 02:30:00,82.36,82.47,81.98,82.2,281915.21
2026-02-25 02:45:00,82.2,82.65,82.19,82.41,382475.1
2026-02-25 03:00:00,82.42,82.53,82.15,82.2,218720.88
2026-02-25 03:15:00,82.2,82.24,81.68,81.78,430733.94
2026-02-25 03:30:00,81.77,81.95,81.58,81.75,310958.69
2026-02-25 03:45:00,81.75,82.03,81.6,81.72,224806.52
2026-02-25 04:00:00,81.71,81.94,81.24,81.86,531724.51
2026-02-25 04:15:00,81.86,82.2,81.7,82.19,279323.26
2026-02-25 04:30:00,82.19,82.41,82.12,82.35,223749.86
2026-02-25 04:45:00,82.35,82.35,81.88,81.93,307733.83
2026-02-25 05:00:00,81.92,82.14,81.82,81.86,181364.78
2026-02-25 05:15:00,81.86,81.93,81.42,81.47,399088.8
2026-02-25 05:30:00,81.48,81.57,80.93,81.14,603043.11
2026-02-25 05:45:00,81.15,81.38,81.05,81.26,233149.29
2026-02-25 06:00:00,81.25,81.36,81.17,81.22,145548.71
2026-02-25 06:15:00,81.22,81.85,81.11,81.66,273700.61
2026-02-25 06:30:00,81.66,81.8,81.57,81.74,132576.35
2026-02-25 06:45:00,81.74,81.75,81.39,81.53,232934.46
2026-02-25 07:00:00,81.53,81.94,81.45,81.84,175342.42
2026-02-25 07:15:00,81.83,82.38,81.77,82.14,420443.04
2026-02-25 07:30:00,82.14,82.38,81.93,82.02,224606.3
2026-02-25 07:45:00,82.02,82.17,81.92,82.13,107245.49
2026-02-25 08:00:00,82.14,82.2,81.88,81.97,152096.95
2026-02-25 08:15:00,81.98,82.46,81.92,82.34,301721.87
2026-02-25 08:30:00,82.35,82.52,82.25,82.25,249682.34
2026-02-25 08:45:00,82.25,82.45,82.17,82.44,260531.22
2026-02-25 09:00:00,82.45,82.66,82.33,82.46,287546.61
2026-02-25 09:15:00,82.46,82.59,82.34,82.4,175796.09
2026-02-25 09:30:00,82.39,82.41,82.18,82.28,218934.03
2026-02-25 09:45:00,82.28,82.6,82.27,82.49,137073.84
2026-02-25 10:00:00,82.49,82.78,82.46,82.78,253079.93
2026-02-25 10:15:00,82.77,82.93,82.52,82.57,252235.41
2026-02-25 10:30:00,82.56,82.71,82.51,82.66,103119.3
2026-02-25 10:45:00,82.66,82.83,82.41,82.51,151606.22
2026-02-25 11:00:00,82.51,82.6,82.26,82.49,253313.84
2026-02-25 11:15:00,82.48,82.89,82.41,82.83,232139.19
2026-02-25 11:30:00,82.82,83.17,82.78,82.96,385755.62
2026-02-25 11:45:00,82.97,83.38,82.92,83.33,313831.86
2026-02-25 12:00:00,83.34,83.34,82.92,82.93,282762.76
2026-02-25 12:15:00,82.93,83.46,82.85,83.28,385976.31
2026-02-25 12:30:00,83.27,83.48,83.19,83.44,212090.0
2026-02-25 12:45:00,83.44,84.06,83.4,83.64,841253.66
2026-02-25 13:00:00,83.64,83.89,83.29,83.53,589160.96
2026-02-25 13:15:00,83.54,83.89,83.42,83.78,251569.12
2026-02-25 13:30:00,83.77,84.19,83.68,83.97,427763.29
2026-02-25 13:45:00,83.97,84.4,83.7,83.78,517563.61
2026-02-25 14:00:00,83.79,84.36,83.75,84.13,405591.58
2026-02-25 14:15:00,84.12,84.63,84.05,84.34,535927.35
2026-02-25 14:30:00,84.33,84.59,83.92,84.44,659968.97
2026-02-25 14:45:00,84.44,85.75,84.42,85.59,1097571.25
2026-02-25 15:00:00,85.59,86.02,84.95,85.18,1111039.26
2026-02-25 15:15:00,85.17,85.68,85.06,85.38,505997.05
2026-02-25 15:30:00,85.38,86.16,85.2,86.07,603766.34
2026-02-25 15:45:00,86.06,86.43,85.76,85.92,696958.31
2026-02-25 16:00:00,85.92,86.47,85.92,86.19,621490.8
2026-02-25 16:15:00,86.19,87.61,86.12,87.15,1278164.65
2026-02-25 16:30:00,87.15,87.44,86.9,87.24,497013.66
2026-02-25 16:45:00,87.24,87.67,87.23,87.5,495394.07
2026-02-25 17:00:00,87.51,88.58,87.35,88.28,1199646.88
2026-02-25 17:15:00,88.28,88.44,87.85,88.27,556747.83
2026-02-25 17:30:00,88.28,88.76,87.98,88.65,555926.83
2026-02-25 17:45:00,88.66,88.92,88.3,88.52,454929.52
2026-02-25 18:00:00,88.51,88.6,87.96,88.44,563661.22
2026-02-25 18:15:00,88.44,88.93,88.1,88.77,428559.1
2026-02-25 18:30:00,88.78,89.15,88.51,88.95,526519.71
2026-02-25 18:45:00,88.96,89.05,88.7,88.91,251844.99
2026-02-25 19:00:00,88.9,89.0,88.31,88.7,473237.34
2026-02-25 19:15:00,88.69,89.37,88.64,88.98,433090.41
2026-02-25 19:30:00,88.98,89.2,88.75,89.07,251642.03
2026-02-25 19:45:00,89.07,89.6,89.06,89.39,343164.84
2026-02-25 20:00:00,89.4,89.59,89.01,89.02,326879.79
2026-02-25 20:15:00,89.01,89.22,88.95,88.99,270933.85
2026-02-25 20:30:00,89.0,89.82,88.93,89.73,509445.85
2026-02-25 20:45:00,89.74,90.08,89.27,89.34,614773.84
2026-02-25 21:00:00,89.33,89.85,89.33,89.52,231754.71
2026-02-25 21:15:00,89.52,89.9,89.43,89.62,241028.07
2026-02-25 21:30:00,89.62,92.09,89.55,90.46,1901191.39
2026-02-25 21:45:00,90.45,90.49,89.57,89.81,509600.74
2026-02-25 22:00:00,89.82,90.5,89.82,90.29,299708.0
2026-02-25 22:15:00,90.29,90.36,89.63,89.72,264631.01
2026-02-25 22:30:00,89.73,90.07,88.71,88.88,533313.84
2026-02-25 22:45:00,88.87,89.28,88.33,89.07,477871.55
2026-02-25 23:00:00,89.06,89.32,88.58,89.04,418640.2
2026-02-25 23:15:00,89.03,89.04,88.37,88.41,313509.28
2026-02-25 23:30:00,88.42,88.47,87.05,87.14,843396.94
2026-02-25 23:45:00,87.15,88.06,87.06,88.01,572228.72
2026-02-26 00:00:00,88.01,88.79,87.79,88.6,637409.97
2026-02-26 00:15:00,88.6,89.22,88.57,88.92,487044.93
2026-02-26 00:30:00,88.91,89.2,88.14,88.53,440410.27
2026-02-26 00:45:00,88.53,88.63,88.24,88.55,210926.22
2026-02-26 01:00:00,88.56,89.13,88.34,88.96,222260.58
2026-02-26 01:15:00,88.97,89.02,88.51,88.69,183974.5
2026-02-26 01:30:00,88.68,88.93,88.17,88.45,184078.61
2026-02-26 01:45:00,88.44,88.63,88.23,88.39,164981.84
2026-02-26 02:00:00,88.39,88.44,87.51,87.59,391353.74
2026-02-26 02:15:00,87.59,88.19,87.55,87.61,260333.24
2026-02-26 02:30:00,87.61,88.21,87.61,88.15,227740.69
2026-02-26 02:45:00,88.15,88.36,88.05,88.16,157451.08
2026-02-26 03:00:00,88.15,88.34,87.77,87.91,168128.52
2026-02-26 03:15:00,87.92,88.03,87.73,87.85,109731.73
2026-02-26 03:30:00,87.84,88.13,87.76,88.0,134524.69
2026-02-26 03:45:00,87.99,88.22,87.88,87.91,94409.78
2026-02-26 04:00:00,87.91,88.55,87.79,88.32,227107.69
2026-02-26 04:15:00,88.31,88.52,88.11,88.33,160557.75
2026-02-26 04:30:00,88.33,89.0,88.3,88.77,304332.89
2026-02-26 04:45:00,88.77,88.88,88.65,88.68,137600.64
2026-02-26 05:00:00,88.69,88.69,87.32,87.62,418491.47
2026-02-26 05:15:00,87.61,87.65,87.18,87.48,421291.04
2026-02-26 05:30:00,87.48,87.82,87.3,87.8,139651.28
2026-02-26 05:45:00,87.79,87.88,87.6,87.72,91715.55
2026-02-26 06:00:00,87.73,87.97,87.43,87.74,145181.93
2026-02-26 06:15:00,87.74,87.92,87.56,87.56,113108.55
2026-02-26 06:30:00,87.55,87.71,87.32,87.52,171653.52
2026-02-26 06:45:00,87.52,87.67,87.47,87.59,107228.1
2026-02-26 07:00:00,87.59,87.82,87.57,87.66,135338.42
2026-02-26 07:15:00,87.66,87.84,87.51,87.68,87617.51
2026-02-26 07:30:00,87.68,87.72,87.24,87.45,207409.89
2026-02-26 07:45:00,87.44,87.53,87.17,87.21,188203.31
2026-02-26 08:00:00,87.21,87.51,87.2,87.47,163764.14
2026-02-26 08:15:00,87.48,87.83,87.28,87.52,309594.91
2026-02-26 08:30:00,87.53,87.69,87.32,87.42,114969.07
2026-02-26 08:45:00,87.42,87.59,87.22,87.24,147416.95
2026-02-26 09:00:00,87.24,88.64,87.15,88.31,634816.05
2026-02-26 09:15:00,88.32,88.33,87.83,87.91,211440.13
2026-02-26 09:30:00,87.9,88.4,87.83,88.23,249736.9
2026-02-26 09:45:00,88.24,88.38,88.15,88.27,198367.24
2026-02-26 10:00:00,88.26,88.54,87.92,87.94,236657.64
2026-02-26 10:15:00,87.93,87.96,87.58,87.6,249812.22
2026-02-26 10:30:00,87.6,87.7,87.37,87.62,221220.12
2026-02-26 10:45:00,87.62,87.66,87.22,87.4,160143.55
2026-02-26 11:00:00,87.4,87.57,87.24,87.28,152799.69
2026-02-26 11:15:00,87.28,87.31,86.6,86.81,596103.81
2026-02-26 11:30:00,86.81,86.97,86.77,86.85,106660.84
2026-02-26 11:45:00,86.84,86.87,86.53,86.76,225403.26
2026-02-26 12:00:00,86.76,87.11,86.66,87.05,211106.65
2026-02-26 12:15:00,87.06,87.43,87.01,87.29,186833.9
2026-02-26 12:30:00,87.3,87.62,87.21,87.4,153960.08
2026-02-26 12:45:00,87.4,87.74,87.31,87.63,126760.65
2026-02-26 13:00:00,87.62,87.8,87.45,87.66,139661.52
2026-02-26 13:15:00,87.65,87.78,87.47,87.73,126242.81
2026-02-26 13:30:00,87.73,87.79,87.42,87.74,120322.8
2026-02-26 13:45:00,87.74,88.04,87.42,87.57,209717.57
2026-02-26 14:00:00,87.58,88.0,87.21,87.88,310061.97
2026-02-26 14:15:00,87.87,87.91,87.54,87.73,144693.53
2026-02-26 14:30:00,87.73,88.22,87.08,87.28,649621.04
2026-02-26 14:45:00,87.27,87.31,86.23,86.97,977975.9
2026-02-26 15:00:00,86.97,87.05,86.19,86.52,471152.66
2026-02-26 15:15:00,86.53,86.54,85.5,85.75,1172436.63
2026-02-26 15:30:00,85.74,86.78,85.22,86.4,923580.64
2026-02-26 15:45:00,86.39,86.85,86.12,86.52,383104.39
2026-02-26 16:00:00,86.52,86.71,85.96,86.19,372411.53
2026-02-26 16:15:00,86.18,86.7,86.1,86.51,345499.87
2026-02-26 16:30:00,86.5,86.56,85.36,85.49,611999.84
2026-02-26 16:45:00,85.49,85.53,84.25,84.53,1416974.1
2026-02-26 17:00:00,84.54,85.29,84.44,85.07,735523.33
2026-02-26 17:15:00,85.07,85.24,84.85,85.05,219631.54
2026-02-26 17:30:00,85.04,85.25,84.73,85.05,234798.19
2026-02-26 17:45:00,85.04,85.1,84.81,84.85,215329.78
2026-02-26 18:00:00,84.84,85.05,84.4,84.66,369445.44
2026-02-26 18:15:00,84.66,85.05,84.52,84.72,240849.57
2026-02-26 18:30:00,84.72,85.66,84.7,85.44,572341.81
2026-02-26 18:45:00,85.44,85.5,85.25,85.33,146994.35
2026-02-26 19:00:00,85.32,86.52,85.28,85.88,687348.15
2026-02-26 19:15:00,85.88,86.29,85.88,86.01,205711.25
2026-02-26 19:30:00,86.0,86.21,85.74,85.91,190831.1
2026-02-26 19:45:00,85.91,86.65,85.91,86.41,293530.49
2026-02-26 20:00:00,86.42,86.83,86.32,86.48,237804.37
2026-02-26 20:15:00,86.49,86.71,86.31,86.34,189111.1
2026-02-26 20:30:00,86.35,86.38,85.99,86.13,130793.2
2026-02-26 20:45:00,86.13,86.22,85.79,85.98,187156.36
2026-02-26 21:00:00,85.97,86.2,85.68,86.07,188137.13
2026-02-26 21:15:00,86.08,86.22,85.95,86.2,109830.34
2026-02-26 21:30:00,86.21,86.26,85.86,86.08,82865.35
2026-02-26 21:45:00,86.08,86.2,85.86,85.89,114204.52
2026-02-26 22:00:00,85.9,86.15,85.84,86.04,53179.13
2026-02-26 22:15:00,86.03,86.06,85.73,85.89,63275.15
2026-02-26 22:30:00,85.89,86.19,85.85,86.15,96392.66
2026-02-26 22:45:00,86.14,86.21,85.94,86.08,62249.88
2026-02-26 23:00:00,86.08,86.11,85.75,85.96,81438.62
2026-02-26 23:15:00,85.97,86.07,85.82,85.95,61823.55
2026-02-26 23:30:00,85.95,86.02,85.72,85.74,91688.99
2026-02-26 23:45:00,85.75,85.95,85.71,85.86,84206.44
2026-02-27 00:00:00,85.86,86.0,85.67,85.8,119004.84
2026-02-27 00:15:00,85.79,85.87,85.47,85.68,158297.18
2026-02-27 00:30:00,85.67,85.68,85.31,85.34,211884.84
2026-02-27 00:45:00,85.34,85.81,85.14,85.8,263242.95
2026-02-27 01:00:00,85.8,85.84,85.25,85.41,177294.01
2026-02-27 01:15:00,85.4,85.73,85.25,85.57,274850.31
2026-02-27 01:30:00,85.56,86.05,85.47,85.72,282627.83
2026-02-27 01:45:00,85.72,86.11,85.63,86.09,226305.14
2026-02-27 02:00:00,86.09,86.36,86.01,86.05,147177.69
2026-02-27 02:15:00,86.05,86.38,85.89,86.24,144597.88
2026-02-27 02:30:00,86.25,86.75,86.24,86.63,181061.83
2026-02-27 02:45:00,86.62,86.7,86.48,86.52,103723.15
2026-02-27 03:00:00,86.52,86.62,86.32,86.38,125644.96
2026-02-27 03:15:00,86.38,86.53,86.3,86.32,59303.27
2026-02-27 03:30:00,86.32,87.15,86.3,87.13,270663.04
2026-02-27 03:45:00,87.13,87.77,86.97,87.57,470771.94
2026-02-27 04:00:00,87.57,87.96,87.41,87.84,566472.52
2026-02-27 04:15:00,87.85,88.26,87.82,87.92,380425.76
2026-02-27 04:30:00,87.92,87.94,87.45,87.55,253255.03
2026-02-27 04:45:00,87.55,87.83,87.42,87.49,170786.13
2026-02-27 05:00:00,87.49,87.75,87.47,87.68,94832.99
2026-02-27 05:15:00,87.68,87.79,87.32,87.46,133815.47
2026-02-27 05:30:00,87.47,87.8,87.46,87.68,103886.23
2026-02-27 05:45:00,87.69,87.7,87.33,87.48,167806.99
2026-02-27 06:00:00,87.48,87.57,87.16,87.24,147456.1
2026-02-27 06:15:00,87.24,87.24,86.79,87.04,292053.6
2026-02-27 06:30:00,87.04,87.4,86.96,87.26,207805.57
2026-02-27 06:45:00,87.26,87.49,87.2,87.28,135056.17
2026-02-27 07:00:00,87.27,87.38,87.05,87.2,115152.88
2026-02-27 07:15:00,87.19,87.19,86.92,87.0,135484.12
2026-02-27 07:30:00,87.0,87.13,86.74,86.98,223135.95
2026-02-27 07:45:00,86.97,87.4,86.95,87.26,241029.01
2026-02-27 08:00:00,87.27,87.88,87.24,87.64,333490.72
2026-02-27 08:15:00,87.64,87.73,87.48,87.61,145405.36
2026-02-27 08:30:00,87.62,87.83,87.14,87.5,321075.09
2026-02-27 08:45:00,87.51,87.66,87.37,87.52,99278.12
2026-02-27 09:00:00,87.52,87.74,87.46,87.73,108137.28
2026-02-27 09:15:00,87.72,87.78,87.29,87.37,268293.81
2026-02-27 09:30:00,87.37,87.45,86.65,86.69,221674.36
2026-02-27 09:45:00,86.68,86.69,86.18,86.27,437300.71
2026-02-27 10:00:00,86.26,86.45,85.3,85.37,588998.3
2026-02-27 10:15:00,85.36,85.7,85.03,85.15,550740.32
2026-02-27 10:30:00,85.15,85.48,85.12,85.26,211052.08
2026-02-27 10:45:00,85.26,85.33,84.5,84.65,430324.98
2026-02-27 11:00:00,84.66,84.9,84.65,84.75,247270.97
2026-02-27 11:15:00,84.75,84.76,84.16,84.42,397880.29
2026-02-27 11:30:00,84.41,84.45,83.35,83.42,832120.69
2026-02-27 11:45:00,83.43,83.76,83.27,83.53,439623.81
2026-02-27 12:00:00,83.52,83.71,83.16,83.36,332637.28
2026-02-27 12:15:00,83.37,83.6,83.07,83.24,414633.64
2026-02-27 12:30:00,83.24,83.31,82.71,82.8,490760.88
2026-02-27 12:45:00,82.8,83.09,82.56,83.05,437368.03
2026-02-27 13:00:00,83.06,83.5,82.89,83.03,515295.75
2026-02-27 13:15:00,83.02,83.16,82.66,82.87,302366.2
2026-02-27 13:30:00,82.87,82.9,81.89,82.52,1230881.14
2026-02-27 13:45:00,82.52,83.25,82.41,83.01,700344.58
2026-02-27 14:00:00,83.01,83.09,82.79,83.07,206921.87
2026-02-27 14:15:00,83.07,83.07,82.32,82.62,379649.31
2026-02-27 14:30:00,82.62,83.31,82.45,82.59,630349.47
2026-02-27 14:45:00,82.58,82.63,82.03,82.32,704538.23
2026-02-27 15:00:00,82.32,83.03,82.24,82.72,625199.19
2026-02-27 15:15:00,82.72,82.99,82.48,82.79,358131.19
2026-02-27 15:30:00,82.8,82.82,82.37,82.65,252795.46
2026-02-27 15:45:00,82.65,82.97,82.53,82.64,291940.38
2026-02-27 16:00:00,82.63,82.64,81.96,82.06,616092.69
2026-02-27 16:15:00,82.06,82.35,81.92,82.18,327278.04
2026-02-27 16:30:00,82.18,82.25,81.43,81.54,508129.66
2026-02-27 16:45:00,81.54,81.74,81.24,81.29,538672.68
2026-02-27 17:00:00,81.29,81.74,81.28,81.51,344591.24
2026-02-27 17:15:00,81.52,81.6,81.18,81.28,290087.96
2026-02-27 17:30:00,81.28,81.6,81.05,81.4,516364.12
2026-02-27 17:45:00,81.4,81.88,81.27,81.78,351707.43
2026-02-27 18:00:00,81.78,81.93,81.49,81.6,259179.21
2026-02-27 18:15:00,81.6,81.78,81.35,81.74,224388.28
2026-02-27 18:30:00,81.75,81.99,81.68,81.78,199278.0
2026-02-27 18:45:00,81.77,81.79,81.37,81.45,190364.94
2026-02-27 19:00:00,81.45,81.55,81.08,81.34,216930.49
2026-02-27 19:15:00,81.34,81.69,81.26,81.51,131316.15
2026-02-27 19:30:00,81.51,81.57,81.24,81.32,86080.65
2026-02-27 19:45:00,81.33,81.58,81.32,81.52,93955.17
2026-02-27 20:00:00,81.52,81.84,81.48,81.79,208430.7
2026-02-27 20:15:00,81.79,81.83,81.62,81.64,119450.97
2026-02-27 20:30:00,81.65,81.72,81.5,81.56,128708.2
2026-02-27 20:45:00,81.57,81.64,81.17,81.41,357272.49
2026-02-27 21:00:00,81.41,81.79,81.34,81.61,231303.9
2026-02-27 21:15:00,81.61,81.69,81.41,81.52,118392.23
2026-02-27 21:30:00,81.53,81.54,81.25,81.36,168694.68
2026-02-27 21:45:00,81.37,81.42,80.81,81.17,336556.81
2026-02-27 22:00:00,81.16,81.29,81.08,81.22,120182.46
2026-02-27 22:15:00,81.22,81.35,80.98,81.08,125184.57
2026-02-27 22:30:00,81.08,81.56,80.26,81.5,667713.86
2026-02-27 22:45:00,81.5,81.55,81.11,81.38,161290.16
2026-02-27 23:00:00,81.39,81.65,81.3,81.38,175203.82
2026-02-27 23:15:00,81.39,81.69,81.36,81.64,161101.48
2026-02-27 23:30:00,81.64,81.97,81.57,81.65,290396.41
2026-02-27 23:45:00,81.66,82.07,81.62,81.8,242032.97
2026-02-28 00:00:00,81.8,82.05,81.73,82.04,172266.66
2026-02-28 00:15:00,82.04,82.06,81.53,81.62,200194.12
2026-02-28 00:30:00,81.62,82.08,81.56,82.01,134030.27
2026-02-28 00:45:00,82.02,82.1,81.9,82.06,87501.63
2026-02-28 01:00:00,82.07,82.22,81.91,82.03,171109.28
2026-02-28 01:15:00,82.02,82.18,81.87,81.91,126230.2
2026-02-28 01:30:00,81.91,81.95,81.66,81.77,110692.06
2026-02-28 01:45:00,81.78,81.91,81.71,81.73,64424.65
2026-02-28 02:00:00,81.72,81.94,81.64,81.84,71600.6
2026-02-28 02:15:00,81.85,82.15,81.84,82.0,91158.76
2026-02-28 02:30:00,82.0,82.12,81.96,82.06,59594.78
2026-02-28 02:45:00,82.06,82.14,82.01,82.07,66503.41
2026-02-28 03:00:00,82.08,82.08,81.88,81.89,64471.86
2026-02-28 03:15:00,81.9,82.03,81.85,81.89,56225.19
2026-02-28 03:30:00,81.89,81.91,81.47,81.51,223852.51
2026-02-28 03:45:00,81.52,81.76,81.52,81.69,61224.23
2026-02-28 04:00:00,81.68,81.8,81.56,81.77,87768.45
2026-02-28 04:15:00,81.78,81.85,81.5,81.52,147400.61
2026-02-28 04:30:00,81.52,81.65,81.15,81.64,256389.93
2026-02-28 04:45:00,81.63,81.73,81.53,81.59,64948.66
2026-02-28 05:00:00,81.59,81.75,81.54,81.74,57534.05
2026-02-28 05:15:00,81.73,81.76,81.54,81.55,45767.96
2026-02-28 05:30:00,81.54,81.54,81.23,81.33,134266.46
2026-02-28 05:45:00,81.32,81.52,81.32,81.5,67911.01
2026-02-28 06:00:00,81.49,81.5,81.05,81.16,122814.91
2026-02-28 06:15:00,81.17,81.2,79.07,79.65,2255297.15
2026-02-28 06:30:00,79.65,79.68,77.94,78.89,1754907.58
2026-02-28 06:45:00,78.9,78.9,77.06,77.48,1276378.78
2026-02-28 07:00:00,77.48,78.72,77.06,78.48,1533851.09
2026-02-28 07:15:00,78.47,78.66,77.77,77.95,491046.87
2026-02-28 07:30:00,77.94,79.64,77.82,79.14,1202676.22
2026-02-28 07:45:00,79.14,79.15,78.57,78.63,415345.73
2026-02-28 08:00:00,78.64,78.67,78.22,78.27,485925.12
2026-02-28 08:15:00,78.28,78.54,77.89,78.22,386258.58
2026-02-28 08:30:00,78.22,78.46,78.04,78.16,206810.56
2026-02-28 08:45:00,78.15,78.2,77.78,77.95,260547.61
2026-02-28 09:00:00,77.94,78.33,77.67,78.22,332219.37
2026-02-28 09:15:00,78.22,78.66,78.02,78.53,390105.64
2026-02-28 09:30:00,78.54,78.55,78.1,78.32,209855.04
2026-02-28 09:45:00,78.33,78.48,78.1,78.34,158865.49
2026-02-28 10:00:00,78.34,78.38,77.91,78.05,289720.2
2026-02-28 10:15:00,78.05,78.56,77.97,78.41,255712.66
2026-02-28 10:30:00,78.41,79.11,78.39,78.76,575399.37
2026-02-28 10:45:00,78.75,79.11,78.74,79.05,240584.32
2026-02-28 11:00:00,79.04,79.46,78.99,79.23,348836.94
2026-02-28 11:15:00,79.23,79.4,79.07,79.34,183666.68
2026-02-28 11:30:00,79.33,79.53,78.83,78.93,297182.78
2026-02-28 11:45:00,78.93,79.08,78.58,78.71,260717.73
2026-02-28 12:00:00,78.71,79.09,78.63,78.95,303147.5
2026-02-28 12:15:00,78.95,79.16,78.88,78.96,134740.83
2026-02-28 12:30:00,78.97,79.06,78.88,78.93,80468.51
2026-02-28 12:45:00,78.94,78.99,78.55,78.86,142557.67
2026-02-28 13:00:00,78.87,79.11,78.73,79.1,163233.58
2026-02-28 13:15:00,79.11,79.34,78.79,78.83,210475.79
2026-02-28 13:30:00,78.83,79.08,78.63,79.08,185907.95
2026-02-28 13:45:00,79.08,80.95,79.07,80.75,2087321.95
2026-02-28 14:00:00,80.75,81.46,80.27,80.4,1202410.94
2026-02-28 14:15:00,80.4,80.7,80.2,80.56,410256.44
2026-02-28 14:30:00,80.57,81.32,80.31,81.08,524490.35
2026-02-28 14:45:00,81.09,81.23,79.96,80.19,741270.13
2026-02-28 15:00:00,80.19,80.61,79.54,79.64,517908.43
2026-02-28 15:15:00,79.63,81.1,79.63,80.72,629085.55
2026-02-28 15:30:00,80.73,81.0,80.5,80.75,298953.3
2026-02-28 15:45:00,80.75,80.88,80.57,80.87,139018.26
2026-02-28 16:00:00,80.86,80.99,80.43,80.83,210800.66
2026-02-28 16:15:00,80.84,80.96,80.59,80.89,191142.36
2026-02-28 16:30:00,80.9,81.29,80.58,81.2,376753.38
2026-02-28 16:45:00,81.21,81.26,80.79,81.02,191846.66
2026-02-28 17:00:00,81.01,81.05,80.81,80.97,176287.87
2026-02-28 17:15:00,80.98,81.1,80.82,81.09,130099.24
2026-02-28 17:30:00,81.08,81.24,80.52,80.71,197055.13
2026-02-28 17:45:00,80.71,81.48,80.62,81.33,245286.81
2026-02-28 18:00:00,81.32,81.45,81.11,81.15,217122.35
2026-02-28 18:15:00,81.15,81.28,81.03,81.1,105052.74
2026-02-28 18:30:00,81.1,82.36,81.1,82.07,686719.28
2026-02-28 18:45:00,82.06,82.87,81.97,82.29,669828.65
2026-02-28 19:00:00,82.29,82.35,81.54,81.77,395892.75
2026-02-28 19:15:00,81.78,81.95,81.39,81.47,245981.0
2026-02-28 19:30:00,81.46,82.73,81.45,82.15,757612.6
2026-02-28 19:45:00,82.16,82.5,81.93,82.15,336246.86
2026-02-28 20:00:00,82.15,82.76,81.9,82.66,267514.29
2026-02-28 20:15:00,82.65,83.7,82.48,83.36,907256.57
2026-02-28 20:30:00,83.35,84.14,83.07,83.76,662589.91
2026-02-28 20:45:00,83.75,85.0,83.74,84.83,938300.92
2026-02-28 21:00:00,84.83,84.98,83.53,84.06,583978.58
2026-02-28 21:15:00,84.07,84.39,83.69,84.1,292786.05
2026-02-28 21:30:00,84.1,85.02,84.02,84.44,426379.15
2026-02-28 21:45:00,84.44,84.72,84.1,84.44,258794.86
2026-02-28 22:00:00,84.44,84.85,84.41,84.56,214969.6
2026-02-28 22:15:00,84.55,84.93,84.42,84.64,177164.81
2026-02-28 22:30:00,84.64,85.63,84.5,84.85,470294.8
2026-02-28 22:45:00,84.84,84.93,84.2,84.25,208050.86
2026-02-28 23:00:00,84.25,84.69,84.18,84.21,238533.45
2026-02-28 23:15:00,84.21,84.4,84.09,84.12,145474.89
2026-02-28 23:30:00,84.12,84.33,83.87,84.07,215990.7
2026-02-28 23:45:00,84.06,84.43,84.06,84.29,146699.81
2026-03-01 00:00:00,84.29,84.74,84.29,84.65,264454.62
2026-03-01 00:15:00,84.64,84.84,84.4,84.43,192408.77
2026-03-01 00:30:00,84.42,84.66,84.27,84.52,224484.92
2026-03-01 00:45:00,84.52,84.98,84.44,84.82,167330.58
2026-03-01 01:00:00,84.83,84.88,84.28,84.47,393810.36
2026-03-01 01:15:00,84.48,84.94,84.22,84.76,280681.19
2026-03-01 01:30:00,84.77,85.56,84.61,85.23,387700.22
2026-03-01 01:45:00,85.22,87.48,85.19,86.7,1391626.09
2026-03-01 02:00:00,86.7,88.49,86.69,88.1,1609893.52
2026-03-01 02:15:00,88.11,88.61,87.61,88.17,499090.41
2026-03-01 02:30:00,88.17,88.88,87.81,88.61,480616.15
2026-03-01 02:45:00,88.61,88.62,87.72,87.92,376344.63
2026-03-01 03:00:00,87.92,88.16,87.83,87.89,262176.42
2026-03-01 03:15:00,87.89,88.18,87.66,88.11,266010.02
2026-03-01 03:30:00,88.12,88.3,87.9,88.03,195887.01
2026-03-01 03:45:00,88.03,88.23,87.59,87.98,343125.5
2026-03-01 04:00:00,87.99,88.23,87.49,87.51,343010.53
2026-03-01 04:15:00,87.52,87.79,86.83,87.65,730412.38
2026-03-01 04:30:00,87.65,87.78,87.47,87.67,205847.5
2026-03-01 04:45:00,87.67,87.81,87.41,87.5,178183.67
2026-03-01 05:00:00,87.51,87.89,87.44,87.6,206159.01
2026-03-01 05:15:00,87.6,87.99,87.6,87.8,140196.1
2026-03-01 05:30:00,87.79,87.88,87.46,87.48,123052.53
2026-03-01 05:45:00,87.48,87.6,87.16,87.23,203966.97
2026-03-01 06:00:00,87.23,87.36,86.26,86.61,601540.13
2026-03-01 06:15:00,86.6,86.93,86.55,86.71,231104.09
2026-03-01 06:30:00,86.72,86.79,86.18,86.36,377896.51
2026-03-01 06:45:00,86.36,86.77,86.11,86.63,229987.63
2026-03-01 07:00:00,86.63,86.86,86.38,86.7,189352.46
2026-03-01 07:15:00,86.7,86.83,86.38,86.45,121932.05
2026-03-01 07:30:00,86.45,86.77,86.23,86.59,249345.73
2026-03-01 07:45:00,86.59,86.69,86.48,86.58,79317.28
2026-03-01 08:00:00,86.59,86.79,86.17,86.65,209851.46
2026-03-01 08:15:00,86.66,86.7,86.36,86.49,117579.37
2026-03-01 08:30:00,86.49,86.51,86.27,86.31,119814.41
2026-03-01 08:45:00,86.31,86.35,85.01,85.17,827070.04
2026-03-01 09:00:00,85.18,85.48,84.87,85.4,360930.42
2026-03-01 09:15:00,85.4,85.83,85.31,85.51,346718.86
2026-03-01 09:30:00,85.51,85.58,84.83,84.96,414320.26
2026-03-01 09:45:00,84.96,85.06,84.77,84.96,226880.31
2026-03-01 10:00:00,84.96,85.28,84.67,85.21,382269.85
2026-03-01 10:15:00,85.22,85.3,85.02,85.23,154422.31
2026-03-01 10:30:00,85.23,85.63,85.06,85.08,283636.23
2026-03-01 10:45:00,85.08,85.27,84.94,85.18,188127.24
2026-03-01 11:00:00,85.18,85.41,85.18,85.31,111337.8
2026-03-01 11:15:00,85.31,85.48,85.18,85.19,152177.69
2026-03-01 11:30:00,85.2,85.34,84.94,85.08,104894.57
2026-03-01 11:45:00,85.07,85.24,85.06,85.13,91641.85
2026-03-01 12:00:00,85.13,85.29,85.07,85.18,102200.72
2026-03-01 12:15:00,85.18,85.36,84.99,85.02,136761.16
2026-03-01 12:30:00,85.03,85.25,84.72,85.16,225450.05
2026-03-01 12:45:00,85.15,85.15,84.76,84.84,190208.84
2026-03-01 13:00:00,84.83,85.02,84.59,84.88,183063.93
2026-03-01 13:15:00,84.88,85.03,84.46,84.73,296869.48
2026-03-01 13:30:00,84.72,84.95,84.59,84.88,134241.57
2026-03-01 13:45:00,84.87,86.95,84.81,86.02,1535131.19
2026-03-01 14:00:00,86.03,86.86,85.88,86.36,673735.13
2026-03-01 14:15:00,86.36,86.49,85.63,85.77,333758.11
2026-03-01 14:30:00,85.76,86.15,85.37,85.57,321015.48
2026-03-01 14:45:00,85.57,85.88,85.52,85.75,181108.77
2026-03-01 15:00:00,85.74,86.36,85.71,86.31,288797.03
2026-03-01 15:15:00,86.32,86.46,86.02,86.12,339835.07
2026-03-01 15:30:00,86.11,86.64,86.1,86.48,206149.85
2026-03-01 15:45:00,86.47,86.47,85.56,85.61,298277.76
2026-03-01 16:00:00,85.61,86.05,85.22,85.75,528038.77
2026-03-01 16:15:00,85.75,86.03,85.44,85.89,339034.73
2026-03-01 16:30:00,85.88,85.95,85.53,85.54,142847.16
2026-03-01 16:45:00,85.54,85.57,83.51,83.96,1489400.45
2026-03-01 17:00:00,83.97,84.26,83.66,84.04,483274.26
2026-03-01 17:15:00,84.05,84.09,83.14,83.66,637024.57
2026-03-01 17:30:00,83.65,84.14,83.52,83.97,296126.91
2026-03-01 17:45:00,83.96,84.26,83.83,83.85,400181.68
2026-03-01 18:00:00,83.85,84.99,83.84,84.42,670873.91
2026-03-01 18:15:00,84.42,84.73,84.15,84.22,260067.38
2026-03-01 18:30:00,84.21,84.43,84.07,84.27,199926.67
2026-03-01 18:45:00,84.28,84.37,83.8,83.89,289121.43
2026-03-01 19:00:00,83.9,83.98,83.54,83.57,187316.3
2026-03-01 19:15:00,83.58,83.67,83.29,83.36,198929.0
2026-03-01 19:30:00,83.36,83.65,83.03,83.07,258446.36
2026-03-01 19:45:00,83.07,83.34,82.98,83.19,202476.19
2026-03-01 20:00:00,83.19,83.24,82.34,82.43,582551.05
2026-03-01 20:15:00,82.43,82.56,82.21,82.26,309133.82
2026-03-01 20:30:00,82.27,82.39,81.64,81.85,602440.1
2026-03-01 20:45:00,81.84,82.11,81.73,81.93,311830.24
2026-03-01 21:00:00,81.93,82.48,81.88,82.45,349283.58
2026-03-01 21:15:00,82.46,82.87,82.38,82.8,288376.98
2026-03-01 21:30:00,82.8,82.98,82.67,82.84,162643.61
2026-03-01 21:45:00,82.85,82.98,82.77,82.89,147000.97
2026-03-01 22:00:00,82.9,84.17,82.73,83.38,634747.94
2026-03-01 22:15:00,83.38,83.58,82.91,83.19,506470.48
2026-03-01 22:30:00,83.2,83.37,82.32,82.87,391572.79
2026-03-01 22:45:00,82.87,83.01,82.49,82.68,169964.85
2026-03-01 23:00:00,82.68,84.03,82.45,83.52,673404.43
2026-03-01 23:15:00,83.53,83.81,83.35,83.39,308207.53
2026-03-01 23:30:00,83.38,83.78,83.3,83.65,139646.25
2026-03-01 23:45:00,83.65,83.85,83.39,83.55,102570.95
2026-03-02 00:00:00,83.55,84.2,83.43,83.83,276374.84
2026-03-02 00:15:00,83.84,84.01,83.52,83.84,235336.57
2026-03-02 00:30:00,83.83,84.95,83.82,84.9,381726.7
2026-03-02 00:45:00,84.9,85.19,84.52,84.95,487281.02
2026-03-02 01:00:00,84.94,86.14,84.81,85.77,616823.74
2026-03-02 01:15:00,85.77,85.9,84.73,84.83,355763.84
2026-03-02 01:30:00,84.83,85.04,84.69,84.72,183224.41
2026-03-02 01:45:00,84.72,84.8,84.35,84.58,215202.46
2026-03-02 02:00:00,84.59,84.74,83.41,83.74,464956.56
2026-03-02 02:15:00,83.74,84.2,83.71,84.08,215607.97
2026-03-02 02:30:00,84.08,84.56,83.96,84.21,234395.51
2026-03-02 02:45:00,84.2,84.39,83.95,84.11,130347.72
2026-03-02 03:00:00,84.11,84.59,83.78,84.45,287513.1
2026-03-02 03:15:00,84.45,84.95,84.32,84.82,241996.43
2026-03-02 03:30:00,84.81,85.09,84.65,84.84,193978.79
2026-03-02 03:45:00,84.84,85.07,84.63,84.74,165506.3
2026-03-02 04:00:00,84.73,84.8,84.39,84.53,179079.88
2026-03-02 04:15:00,84.54,84.67,84.18,84.65,158138.87
2026-03-02 04:30:00,84.65,84.7,84.25,84.36,143726.37
2026-03-02 04:45:00,84.35,84.35,84.03,84.25,175691.33
2026-03-02 05:00:00,84.25,84.3,83.79,84.03,158634.76
2026-03-02 05:15:00,84.03,84.29,83.98,84.19,102802.22
2026-03-02 05:30:00,84.19,84.65,84.18,84.57,181676.69
2026-03-02 05:45:00,84.56,84.58,84.07,84.17,114446.19
2026-03-02 06:00:00,84.18,84.2,83.74,83.88,173437.46
2026-03-02 06:15:00,83.88,83.96,82.82,83.32,604915.18
2026-03-02 06:30:00,83.33,83.56,83.09,83.28,251365.72
2026-03-02 06:45:00,83.27,83.3,82.9,83.18,165535.22
2026-03-02 07:00:00,83.19,83.25,82.38,82.58,371732.57
2026-03-02 07:15:00,82.58,82.88,82.32,82.72,217163.47
2026-03-02 07:30:00,82.72,83.14,82.7,83.12,239972.89
2026-03-02 07:45:00,83.12,83.18,82.82,82.9,146268.89
2026-03-02 08:00:00,82.9,83.09,82.34,83.09,323834.06
2026-03-02 08:15:00,83.09,83.15,82.3,82.48,410089.56
2026-03-02 08:30:00,82.47,83.09,82.47,82.95,197690.92
2026-03-02 08:45:00,82.95,83.6,82.88,83.4,349304.58
2026-03-02 09:00:00,83.39,83.82,83.27,83.76,339173.35
2026-03-02 09:15:00,83.75,84.09,83.67,83.76,348282.91
2026-03-02 09:30:00,83.77,83.97,83.64,83.82,233212.72
2026-03-02 09:45:00,83.81,83.87,83.57,83.6,178133.99
2026-03-02 10:00:00,83.6,83.89,83.31,83.43,297487.66
2026-03-02 10:15:00,83.44,83.81,83.31,83.77,296670.53
2026-03-02 10:30:00,83.77,84.08,83.6,83.83,224613.15
2026-03-02 10:45:00,83.82,83.9,83.63,83.85,110250.35
2026-03-02 11:00:00,83.85,83.88,83.41,83.58,208706.22
2026-03-02 11:15:00,83.57,84.16,83.43,83.66,315862.66
2026-03-02 11:30:00,83.66,84.16,83.6,83.94,162516.45
2026-03-02 11:45:00,83.94,84.28,83.78,83.85,149309.5
2026-03-02 12:00:00,83.84,84.11,83.72,84.04,138552.55
2026-03-02 12:15:00,84.04,84.05,83.63,83.7,181101.61
2026-03-02 12:30:00,83.69,83.81,83.52,83.66,159405.32
2026-03-02 12:45:00,83.66,83.83,83.54,83.64,119139.52
2026-03-02 13:00:00,83.63,83.72,83.03,83.24,313493.13
2026-03-02 13:15:00,83.24,83.8,83.08,83.32,304553.34
2026-03-02 13:30:00,83.33,83.55,83.03,83.22,303830.34
2026-03-02 13:45:00,83.22,83.3,82.85,83.03,281226.54
2026-03-02 14:00:00,83.02,83.34,82.72,83.26,232632.76
2026-03-02 14:15:00,83.25,83.38,82.79,83.16,251215.91
2026-03-02 14:30:00,83.17,84.78,83.1,84.74,1513785.73
2026-03-02 14:45:00,84.73,85.91,84.33,85.61,1415671.7
2026-03-02 15:00:00,85.6,87.91,85.41,87.78,1709746.6
2026-03-02 15:15:00,87.77,88.25,87.3,87.59,1352333.83
2026-03-02 15:30:00,87.59,88.91,87.17,88.73,1219601.27
2026-03-02 15:45:00,88.73,88.96,87.8,88.74,1383118.5
2026-03-02 16:00:00,88.74,89.96,88.53,89.62,1382925.06
2026-03-02 16:15:00,89.61,89.99,89.12,89.15,751780.43
2026-03-02 16:30:00,89.16,90.03,88.41,89.92,1103831.11
2026-03-02 16:45:00,89.92,90.32,88.76,88.82,778502.38
2026-03-02 17:00:00,88.81,88.96,88.24,88.36,500592.07
2026-03-02 17:15:00,88.36,88.6,87.56,87.89,641032.67
2026-03-02 17:30:00,87.89,88.05,86.55,86.61,777257.39
2026-03-02 17:45:00,86.62,87.6,86.36,87.57,843288.86
2026-03-02 18:00:00,87.57,87.58,86.65,87.52,495236.61
2026-03-02 18:15:00,87.52,87.59,87.2,87.36,215632.88
2026-03-02 18:30:00,87.36,87.82,87.16,87.57,295704.2
2026-03-02 18:45:00,87.56,87.8,87.06,87.28,275174.85
2026-03-02 19:00:00,87.27,87.45,86.78,87.14,491240.18
2026-03-02 19:15:00,87.14,87.59,87.12,87.27,195922.44
2026-03-02 19:30:00,87.28,87.75,87.14,87.22,230710.49
2026-03-02 19:45:00,87.23,87.75,87.22,87.62,150526.64
2026-03-02 20:00:00,87.61,88.04,86.8,87.18,528197.32
2026-03-02 20:15:00,87.17,87.7,87.05,87.44,279937.53
2026-03-02 20:30:00,87.44,87.79,87.3,87.77,160796.29
2026-03-02 20:45:00,87.76,88.01,87.48,87.5,321298.01
2026-03-02 21:00:00,87.5,87.58,87.09,87.46,374852.57
2026-03-02 21:15:00,87.47,87.53,87.21,87.51,95287.06
2026-03-02 21:30:00,87.51,87.66,87.42,87.62,149937.72
2026-03-02 21:45:00,87.62,87.71,87.4,87.49,248764.01
2026-03-02 22:00:00,87.49,87.87,87.42,87.49,142457.8
2026-03-02 22:15:00,87.49,87.92,87.18,87.77,221063.92
2026-03-02 22:30:00,87.77,88.19,87.73,88.06,198681.9
2026-03-02 22:45:00,88.07,88.08,87.77,87.98,77388.24
2026-03-02 23:00:00,87.99,88.04,87.27,87.28,239543.07
2026-03-02 23:15:00,87.28,87.5,86.75,86.87,327023.54
2026-03-02 23:30:00,86.88,87.0,86.27,86.44,503024.93
2026-03-02 23:45:00,86.44,86.75,86.36,86.59,137378.53
2026-03-03 00:00:00,86.59,86.97,86.2,86.45,393235.36
2026-03-03 00:15:00,86.45,86.61,86.04,86.42,320199.34
2026-03-03 00:30:00,86.42,87.28,86.16,87.17,357912.36
2026-03-03 00:45:00,87.17,87.21,86.54,86.85,134452.84
2026-03-03 01:00:00,86.86,87.13,86.56,86.87,126332.13
2026-03-03 01:15:00,86.88,86.94,86.47,86.54,116905.3
2026-03-03 01:30:00,86.54,86.88,86.2,86.65,177963.06
2026-03-03 01:45:00,86.64,86.67,86.08,86.1,170891.18
2026-03-03 02:00:00,86.1,86.13,85.44,85.46,474624.57
2026-03-03 02:15:00,85.47,85.89,85.16,85.83,341151.07
2026-03-03 02:30:00,85.83,86.07,85.63,85.9,151305.77
2026-03-03 02:45:00,85.89,86.3,85.84,86.15,156765.26
2026-03-03 03:00:00,86.15,86.27,85.84,86.19,136125.28
2026-03-03 03:15:00,86.2,86.27,85.89,86.08,98682.03
2026-03-03 03:30:00,86.08,86.59,86.03,86.53,181377.16
2026-03-03 03:45:00,86.52,86.53,86.19,86.23,73674.14
2026-03-03 04:00:00,86.23,86.39,86.05,86.2,134764.85
2026-03-03 04:15:00,86.2,86.41,86.02,86.09,83532.46
2026-03-03 04:30:00,86.09,86.28,85.74,85.86,132236.01
2026-03-03 04:45:00,85.87,85.88,85.59,85.8,167738.46
2026-03-03 05:00:00,85.79,86.35,85.57,86.34,257001.16
2026-03-03 05:15:00,86.33,86.77,86.27,86.31,498773.34
2026-03-03 05:30:00,86.31,86.34,85.78,85.88,176313.1
2026-03-03 05:45:00,85.88,85.97,85.36,85.73,346539.81
2026-03-03 06:00:00,85.74,85.88,85.6,85.79,188953.62
2026-03-03 06:15:00,85.79,85.79,85.5,85.66,159626.79
2026-03-03 06:30:00,85.66,85.74,85.34,85.6,182912.75
2026-03-03 06:45:00,85.6,85.94,85.34,85.78,179386.68
2026-03-03 07:00:00,85.78,86.12,85.59,86.06,307680.52
2026-03-03 07:15:00,86.05,86.26,85.77,85.91,210940.94
2026-03-03 07:30:00,85.92,85.93,85.47,85.68,267665.85
2026-03-03 07:45:00,85.67,85.71,85.33,85.53,132368.7
2026-03-03 08:00:00,85.52,85.73,85.1,85.15,242674.78
2026-03-03 08:15:00,85.15,85.38,84.8,84.91,423571.1
2026-03-03 08:30:00,84.91,84.93,84.25,84.31,545066.79
2026-03-03 08:45:00,84.32,84.33,83.88,84.2,615370.98
2026-03-03 09:00:00,84.2,84.93,84.1,84.75,593522.93
2026-03-03 09:15:00,84.75,84.94,84.19,84.31,347678.19
2026-03-03 09:30:00,84.31,84.66,83.94,84.34,444831.29
2026-03-03 09:45:00,84.34,84.36,84.08,84.23,176322.94
2026-03-03 10:00:00,84.24,84.25,83.63,83.84,429154.78
2026-03-03 10:15:00,83.84,84.24,83.66,83.97,257379.15
2026-03-03 10:30:00,83.97,84.22,83.8,84.19,195474.59
2026-03-03 10:45:00,84.2,84.52,83.64,83.86,586392.3
2026-03-03 11:00:00,83.86,84.29,83.75,84.01,491373.8
2026-03-03 11:15:00,84.01,84.27,83.72,84.02,261275.99
2026-03-03 11:30:00,84.03,84.16,83.75,84.08,402423.21
2026-03-03 11:45:00,84.07,84.3,84.07,84.15,218863.48
2026-03-03 12:00:00,84.15,85.32,84.1,84.9,837137.94
2026-03-03 12:15:00,84.91,85.1,84.69,85.04,289592.92
2026-03-03 12:30:00,85.05,85.1,84.16,84.38,413973.31
2026-03-03 12:45:00,84.37,84.48,84.06,84.37,206323.73
2026-03-03 13:00:00,84.37,84.42,83.69,83.74,337900.89
2026-03-03 13:15:00,83.74,84.09,83.72,84.0,180181.65
2026-03-03 13:30:00,84.0,84.01,83.32,83.44,388540.55
2026-03-03 13:45:00,83.43,83.63,83.12,83.56,396615.91
2026-03-03 14:00:00,83.56,84.04,83.35,83.84,396599.51
2026-03-03 14:15:00,83.84,84.25,83.66,83.75,292060.4
2026-03-03 14:30:00,83.75,84.39,82.86,82.93,1095055.14
2026-03-03 14:45:00,82.92,83.68,82.4,83.2,864178.5
2026-03-03 15:00:00,83.19,83.63,83.05,83.6,622453.15
2026-03-03 15:15:00,83.59,83.85,83.0,83.39,428045.33
2026-03-03 15:30:00,83.38,85.13,83.36,84.48,910650.49
2026-03-03 15:45:00,84.49,85.08,84.48,84.98,489674.58
2026-03-03 16:00:00,84.97,86.39,84.8,86.24,1078854.35
2026-03-03 16:15:00,86.23,87.31,86.0,86.83,1063467.3
2026-03-03 16:30:00,86.82,86.83,84.27,84.87,1344076.48
2026-03-03 16:45:00,84.87,85.78,84.84,85.34,732141.76
2026-03-03 17:00:00,85.35,85.42,84.1,84.68,774476.32
2026-03-03 17:15:00,84.69,85.03,84.34,84.91,311968.93
2026-03-03 17:30:00,84.9,84.92,84.2,84.76,274319.21
2026-03-03 17:45:00,84.76,85.38,84.59,85.14,272401.65
2026-03-03 18:00:00,85.13,85.39,84.46,84.67,303454.69
2026-03-03 18:15:00,84.67,85.75,84.67,85.39,333205.57
2026-03-03 18:30:00,85.4,85.99,85.32,85.58,500557.26
2026-03-03 18:45:00,85.58,85.61,85.15,85.35,189853.71
2026-03-03 19:00:00,85.35,85.39,84.61,85.0,294182.87
2026-03-03 19:15:00,85.0,85.63,84.86,85.19,410961.35
2026-03-03 19:30:00,85.2,85.73,84.69,85.36,361293.74
2026-03-03 19:45:00,85.36,85.51,84.91,85.04,236763.79
2026-03-03 20:00:00,85.04,85.24,84.75,84.75,153984.22
2026-03-03 20:15:00,84.74,85.08,84.71,84.87,131198.42
2026-03-03 20:30:00,84.87,85.42,84.75,85.15,187728.67
2026-03-03 20:45:00,85.15,85.21,84.61,84.81,301487.77
2026-03-03 21:00:00,84.8,84.83,84.23,84.5,208180.39
2026-03-03 21:15:00,84.49,84.62,84.13,84.36,160007.81
2026-03-03 21:30:00,84.36,84.91,84.3,84.71,173725.35
2026-03-03 21:45:00,84.71,85.13,84.66,85.08,120814.77
2026-03-03 22:00:00,85.08,85.92,85.06,85.65,325478.76
2026-03-03 22:15:00,85.64,86.17,85.56,85.82,270136.18
2026-03-03 22:30:00,85.81,86.61,85.75,86.53,293732.99
2026-03-03 22:45:00,86.53,86.54,86.09,86.24,105784.48
2026-03-03 23:00:00,86.23,87.43,86.14,87.04,522152.52
2026-03-03 23:15:00,87.04,87.35,86.87,86.98,333163.8
2026-03-03 23:30:00,86.98,87.34,86.54,87.19,389146.24
2026-03-03 23:45:00,87.19,87.33,86.8,86.92,256144.37
2026-03-04 00:00:00,86.91,87.16,86.71,87.03,250327.6
2026-03-04 00:15:00,87.03,87.34,86.91,86.93,230533.57
2026-03-04 00:30:00,86.94,87.0,86.21,86.33,304051.15
2026-03-04 00:45:00,86.33,86.95,86.33,86.58,174347.82
2026-03-04 01:00:00,86.58,87.59,86.56,86.88,453172.66
2026-03-04 01:15:00,86.87,87.18,86.44,86.99,233277.98
2026-03-04 01:30:00,86.98,88.06,86.86,87.64,578403.46
2026-03-04 01:45:00,87.65,87.73,87.16,87.22,227350.63
2026-03-04 02:00:00,87.23,87.34,86.8,87.11,258166.4
2026-03-04 02:15:00,87.1,87.44,86.65,86.71,220544.68
2026-03-04 02:30:00,86.71,86.9,86.49,86.73,197388.92
2026-03-04 02:45:00,86.74,87.29,86.67,87.02,147572.78
2026-03-04 03:00:00,87.01,87.02,86.44,86.75,246620.45
2026-03-04 03:15:00,86.76,86.96,86.1,86.14,240850.14
2026-03-04 03:30:00,86.13,86.2,85.15,85.42,870027.81
2026-03-04 03:45:00,85.43,85.75,85.12,85.71,238599.62
2026-03-04 04:00:00,85.71,85.87,85.23,85.41,256719.96
2026-03-04 04:15:00,85.4,85.48,84.91,85.0,248039.37
2026-03-04 04:30:00,85.0,85.3,84.76,85.28,209942.55
2026-03-04 04:45:00,85.28,85.53,85.14,85.36,239819.77
2026-03-04 05:00:00,85.35,85.41,84.99,85.35,216988.13
2026-03-04 05:15:00,85.36,85.73,84.89,85.15,298915.27
2026-03-04 05:30:00,85.15,85.91,84.75,85.71,376770.62
2026-03-04 05:45:00,85.72,85.94,85.54,85.64,229766.09
2026-03-04 06:00:00,85.63,85.64,84.96,85.13,267319.41
2026-03-04 06:15:00,85.13,85.21,84.92,85.13,140461.61
2026-03-04 06:30:00,85.14,86.0,85.14,85.86,321043.35
2026-03-04 06:45:00,85.85,85.89,85.21,85.56,239559.29
2026-03-04 07:00:00,85.56,85.83,85.45,85.66,124980.94
2026-03-04 07:15:00,85.65,86.27,85.59,86.26,152562.09
2026-03-04 07:30:00,86.26,86.73,86.15,86.7,322568.94
2026-03-04 07:45:00,86.69,87.49,86.51,87.38,687827.68
2026-03-04 08:00:00,87.38,87.76,87.07,87.2,469401.86
2026-03-04 08:15:00,87.21,87.31,86.94,87.11,351973.77
2026-03-04 08:30:00,87.1,87.95,87.1,87.9,343138.46
2026-03-04 08:45:00,87.91,89.98,87.9,89.7,1529255.29
2026-03-04 09:00:00,89.69,89.98,89.18,89.58,858678.53
2026-03-04 09:15:00,89.58,90.28,89.54,90.05,848609.12
2026-03-04 09:30:00,90.06,91.48,90.02,90.78,1361768.23
2026-03-04 09:45:00,90.77,91.16,90.26,90.5,841642.48
2026-03-04 10:00:00,90.51,91.04,90.32,90.56,665630.78
2026-03-04 10:15:00,90.56,90.69,89.84,90.35,683366.21
2026-03-04 10:30:00,90.36,90.65,90.05,90.19,562116.48
2026-03-04 10:45:00,90.19,90.46,89.93,90.12,483495.38
2026-03-04 11:00:00,90.12,90.47,90.01,90.42,320133.96
2026-03-04 11:15:00,90.43,90.62,89.95,90.1,406016.29
2026-03-04 11:30:00,90.1,90.24,89.36,89.67,584786.4
2026-03-04 11:45:00,89.66,89.91,89.57,89.73,231368.39
2026-03-04 12:00:00,89.74,89.83,89.49,89.63,199440.72
2026-03-04 12:15:00,89.63,89.67,88.72,88.76,512175.97
2026-03-04 12:30:00,88.76,89.31,88.66,89.16,389239.12
2026-03-04 12:45:00,89.15,89.58,88.93,89.39,429599.06
2026-03-04 13:00:00,89.39,90.14,89.26,89.61,572801.97
2026-03-04 13:15:00,89.61,89.8,89.43,89.63,229020.15
2026-03-04 13:30:00,89.64,89.93,89.41,89.74,319110.21
2026-03-04 13:45:00,89.74,90.06,89.67,89.94,208778.63
2026-03-04 14:00:00,89.93,90.47,89.81,90.07,405710.0
2026-03-04 14:15:00,90.08,90.47,89.76,90.11,435755.87
2026-03-04 14:30:00,90.11,91.72,89.6,89.64,1726235.01
2026-03-04 14:45:00,89.64,90.39,89.41,90.13,750918.87
2026-03-04 15:00:00,90.12,91.11,90.09,90.64,845784.04
2026-03-04 15:15:00,90.64,92.69,90.6,92.59,1187685.76
2026-03-04 15:30:00,92.58,92.76,91.76,91.98,841642.49
2026-03-04 15:45:00,91.98,93.12,91.9,92.88,913446.95
2026-03-04 16:00:00,92.89,93.1,91.53,91.55,1023795.35
2026-03-04 16:15:00,91.55,91.81,90.9,91.49,794586.15
2026-03-04 16:30:00,91.49,91.92,91.3,91.47,399731.01
2026-03-04 16:45:00,91.46,91.78,91.28,91.47,314113.21
2026-03-04 17:00:00,91.47,92.19,91.31,91.96,386056.76
2026-03-04 17:15:00,91.97,92.15,90.57,91.07,852338.42
2026-03-04 17:30:00,91.08,91.56,91.08,91.4,259109.54
2026-03-04 17:45:00,91.4,91.84,91.37,91.49,232825.64
2026-03-04 18:00:00,91.49,91.83,91.06,91.42,272939.58
2026-03-04 18:15:00,91.41,92.0,91.37,91.9,227804.55
2026-03-04 18:30:00,91.9,92.04,91.6,92.0,212010.73
2026-03-04 18:45:00,91.99,92.45,91.92,92.32,267155.88
2026-03-04 19:00:00,92.33,92.88,92.23,92.82,570606.76
2026-03-04 19:15:00,92.81,93.37,92.46,92.59,552976.99
2026-03-04 19:30:00,92.58,94.15,92.47,93.76,899702.37
2026-03-04 19:45:00,93.77,93.78,93.11,93.14,286020.42
2026-03-04 20:00:00,93.13,93.41,92.77,93.0,339566.23
2026-03-04 20:15:00,93.01,93.63,93.0,93.47,274509.96
2026-03-04 20:30:00,93.46,93.73,93.08,93.62,269009.0
2026-03-04 20:45:00,93.62,93.67,92.64,92.81,531830.33
2026-03-04 21:00:00,92.81,92.94,92.43,92.54,472838.26
2026-03-04 21:15:00,92.53,92.68,92.28,92.54,247548.11
2026-03-04 21:30:00,92.53,92.58,92.19,92.28,134203.33
2026-03-04 21:45:00,92.27,92.54,92.11,92.29,147452.0
2026-03-04 22:00:00,92.3,92.83,92.3,92.41,317184.37
2026-03-04 22:15:00,92.41,92.53,92.08,92.09,134544.68
2026-03-04 22:30:00,92.1,92.1,91.41,91.52,321976.02
2026-03-04 22:45:00,91.52,91.59,91.13,91.28,185151.58
2026-03-04 23:00:00,91.28,91.4,91.07,91.23,151559.85
2026-03-04 23:15:00,91.23,91.31,90.5,90.67,389604.54
2026-03-04 23:30:00,90.67,91.05,90.24,91.02,321708.38
2026-03-04 23:45:00,91.02,91.24,90.64,90.82,244858.46
2026-03-05 00:00:00,90.81,91.07,90.73,90.98,155212.9
2026-03-05 00:15:00,90.97,91.34,90.76,90.92,199419.63
2026-03-05 00:30:00,90.91,91.33,90.81,91.11,174557.77
2026-03-05 00:45:00,91.11,91.25,90.67,90.72,158091.07
2026-03-05 01:00:00,90.73,91.38,90.47,91.15,264798.78
2026-03-05 01:15:00,91.16,91.24,90.25,90.48,391555.31
2026-03-05 01:30:00,90.47,90.49,89.72,89.96,618135.94
2026-03-05 01:45:00,89.96,89.98,89.7,89.92,306812.93
2026-03-05 02:00:00,89.92,90.64,89.89,90.25,406981.89
2026-03-05 02:15:00,90.25,90.52,90.24,90.34,133731.85
2026-03-05 02:30:00,90.33,90.35,89.95,90.04,125867.78
2026-03-05 02:45:00,90.04,90.31,89.99,90.13,100910.7
2026-03-05 03:00:00,90.14,90.49,90.07,90.17,123022.99
2026-03-05 03:15:00,90.18,90.3,89.96,90.02,118965.93
2026-03-05 03:30:00,90.02,90.03,89.55,89.69,277418.1
2026-03-05 03:45:00,89.68,90.15,89.66,89.98,195379.14
2026-03-05 04:00:00,89.98,90.28,89.83,90.04,155285.2
2026-03-05 04:15:00,90.05,90.31,89.89,90.27,165095.86
2026-03-05 04:30:00,90.27,90.49,89.93,90.45,185125.43
2026-03-05 04:45:00,90.45,90.69,90.18,90.35,236751.03
2026-03-05 05:00:00,90.36,90.57,90.26,90.56,123856.96
2026-03-05 05:15:00,90.57,90.58,89.97,90.1,232422.21
2026-03-05 05:30:00,90.11,90.32,89.97,90.08,120522.38
2026-03-05 05:45:00,90.08,90.22,90.0,90.12,92440.12
2026-03-05 06:00:00,90.13,90.19,89.63,89.9,273402.23
2026-03-05 06:15:00,89.9,90.46,89.84,90.36,198362.71
2026-03-05 06:30:00,90.36,90.49,90.18,90.39,96673.01
2026-03-05 06:45:00,90.4,90.96,90.37,90.81,262692.94
2026-03-05 07:00:00,90.82,91.21,90.72,91.03,272559.94
2026-03-05 07:15:00,91.02,91.25,90.94,90.98,189609.48
2026-03-05 07:30:00,90.98,90.99,90.44,90.53,239796.96
2026-03-05 07:45:00,90.54,90.56,89.65,90.11,465686.76
2026-03-05 08:00:00,90.1,90.17,89.78,89.9,225087.95
2026-03-05 08:15:00,89.89,90.18,89.61,89.81,274630.98
2026-03-05 08:30:00,89.81,90.38,89.74,90.32,268840.05
2026-03-05 08:45:00,90.32,90.69,90.24,90.59,270769.25
2026-03-05 09:00:00,90.6,91.56,90.56,91.22,548021.72
2026-03-05 09:15:00,91.23,91.53,90.99,91.29,328585.29
2026-03-05 09:30:00,91.29,91.88,91.11,91.21,415978.03
2026-03-05 09:45:00,91.22,91.36,90.96,91.13,226845.54
2026-03-05 10:00:00,91.13,91.37,90.94,91.28,167555.37
2026-03-05 10:15:00,91.29,92.39,91.2,92.17,506217.97
2026-03-05 10:30:00,92.17,92.75,92.03,92.28,534651.96
2026-03-05 10:45:00,92.28,92.91,92.19,92.58,365473.86
2026-03-05 11:00:00,92.59,92.72,92.12,92.3,305488.56
2026-03-05 11:15:00,92.3,92.33,91.93,92.25,226473.27
2026-03-05 11:30:00,92.25,92.29,91.58,91.62,253701.85
2026-03-05 11:45:00,91.61,91.88,91.59,91.76,166819.92
2026-03-05 12:00:00,91.77,91.84,91.27,91.62,316855.35
2026-03-05 12:15:00,91.63,91.75,91.22,91.45,245960.85
2026-03-05 12:30:00,91.46,91.87,91.32,91.79,210349.47
2026-03-05 12:45:00,91.79,92.15,91.76,91.92,264235.39
2026-03-05 13:00:00,91.92,92.0,91.31,91.42,249918.1
2026-03-05 13:15:00,91.41,91.63,90.82,91.19,468585.31
2026-03-05 13:30:00,91.19,91.23,90.34,90.83,494207.78
2026-03-05 13:45:00,90.84,91.14,90.53,90.77,290855.07
2026-03-05 14:00:00,90.76,91.06,90.59,90.96,245582.97
2026-03-05 14:15:00,90.96,90.99,90.56,90.76,208274.02
2026-03-05 14:30:00,90.76,91.44,89.77,89.8,1038050.64
2026-03-05 14:45:00,89.81,91.32,89.78,90.96,716281.02
2026-03-05 15:00:00,90.95,91.09,89.34,89.74,873487.43
2026-03-05 15:15:00,89.74,89.86,88.92,89.03,794649.14
2026-03-05 15:30:00,89.04,89.83,88.76,89.39,713417.72
2026-03-05 15:45:00,89.4,89.79,89.2,89.56,372903.46
2026-03-05 16:00:00,89.56,89.58,87.85,88.18,1598369.62
2026-03-05 16:15:00,88.17,88.57,87.9,88.38,536514.43
2026-03-05 16:30:00,88.38,89.08,88.34,88.8,399634.25
2026-03-05 16:45:00,88.8,88.96,88.7,88.9,164466.43
2026-03-05 17:00:00,88.91,89.36,88.45,88.67,552821.14
2026-03-05 17:15:00,88.67,88.7,88.3,88.35,220608.58
2026-03-05 17:30:00,88.35,88.59,87.94,88.31,325191.49
2026-03-05 17:45:00,88.31,88.37,87.84,88.07,352747.2
2026-03-05 18:00:00,88.07,88.37,87.96,88.31,205026.96
2026-03-05 18:15:00,88.3,88.48,88.05,88.11,171980.67
2026-03-05 18:30:00,88.11,88.79,88.09,88.64,237644.97
2026-03-05 18:45:00,88.63,88.86,88.47,88.77,141759.37
2026-03-05 19:00:00,88.76,89.31,88.75,89.24,342763.26
2026-03-05 19:15:00,89.23,89.35,88.78,88.96,231547.66
2026-03-05 19:30:00,88.96,89.05,88.67,88.88,152401.3
2026-03-05 19:45:00,88.88,89.05,88.62,88.68,137757.09
2026-03-05 20:00:00,88.69,89.15,88.5,89.05,246524.09
2026-03-05 20:15:00,89.06,89.46,89.01,89.18,267011.32
2026-03-05 20:30:00,89.18,89.53,89.13,89.2,221564.14
2026-03-05 20:45:00,89.21,89.29,88.94,89.17,278758.49
2026-03-05 21:00:00,89.16,89.45,89.16,89.38,148937.47
2026-03-05 21:15:00,89.38,89.77,89.34,89.73,205751.55
2026-03-05 21:30:00,89.72,89.81,88.92,89.05,261725.64
2026-03-05 21:45:00,89.05,89.22,88.8,89.07,173616.34
2026-03-05 22:00:00,89.06,89.27,88.89,89.03,196623.12
2026-03-05 22:15:00,89.02,89.08,88.81,88.95,106732.96
2026-03-05 22:30:00,88.94,89.32,88.94,89.16,174536.1
2026-03-05 22:45:00,89.17,89.36,89.04,89.04,45683.78
2026-03-05 23:00:00,89.04,89.16,88.89,88.95,105525.85
2026-03-05 23:15:00,88.95,89.15,88.92,89.05,76190.92
2026-03-05 23:30:00,89.05,89.06,88.61,88.79,136198.01
2026-03-05 23:45:00,88.78,88.83,88.56,88.74,131601.18
2026-03-06 00:00:00,88.74,89.0,88.71,88.94,123909.05
2026-03-06 00:15:00,88.94,88.97,88.67,88.79,85869.76
2026-03-06 00:30:00,88.78,88.84,88.66,88.71,67666.61
2026-03-06 00:45:00,88.71,88.89,88.53,88.82,77404.47
2026-03-06 01:00:00,88.81,88.9,88.51,88.57,171861.3
2026-03-06 01:15:00,88.57,88.72,87.95,88.12,399232.67
2026-03-06 01:30:00,88.12,89.24,88.12,89.08,331400.66
2026-03-06 01:45:00,89.09,89.2,88.87,89.06,166183.62
2026-03-06 02:00:00,89.07,89.22,88.89,89.19,142009.51
2026-03-06 02:15:00,89.2,89.26,88.2,88.56,544072.13
2026-03-06 02:30:00,88.55,88.69,88.15,88.64,318881.32
2026-03-06 02:45:00,88.65,88.68,88.2,88.31,188689.4
2026-03-06 03:00:00,88.31,88.55,88.07,88.2,163282.56
2026-03-06 03:15:00,88.2,88.65,88.14,88.45,143018.76
2026-03-06 03:30:00,88.45,88.55,88.23,88.3,104356.79
2026-03-06 03:45:00,88.29,88.46,88.24,88.36,106824.49
2026-03-06 04:00:00,88.35,88.49,88.2,88.28,129330.14
2026-03-06 04:15:00,88.28,88.55,88.25,88.39,148983.91
2026-03-06 04:30:00,88.38,88.51,87.58,87.99,400826.69
2026-03-06 04:45:00,88.0,88.16,87.86,88.11,123010.84
2026-03-06 05:00:00,88.11,88.12,87.77,87.99,171014.26
2026-03-06 05:15:00,87.99,88.22,87.7,87.85,141594.98
2026-03-06 05:30:00,87.86,87.91,87.46,87.51,271804.9
2026-03-06 05:45:00,87.51,87.99,87.45,87.85,187072.01
2026-03-06 06:00:00,87.85,87.88,87.63,87.68,92187.71
2026-03-06 06:15:00,87.68,87.93,87.61,87.78,110629.66
2026-03-06 06:30:00,87.79,88.18,87.77,88.15,216500.55
2026-03-06 06:45:00,88.16,88.39,87.99,88.02,197040.27
2026-03-06 07:00:00,88.02,88.21,87.74,87.96,162103.66
2026-03-06 07:15:00,87.97,88.73,87.9,88.61,312500.03
2026-03-06 07:30:00,88.62,88.68,88.45,88.65,198416.43
2026-03-06 07:45:00,88.65,88.87,88.58,88.64,179607.07
2026-03-06 08:00:00,88.64,88.64,88.28,88.34,144221.06
2026-03-06 08:15:00,88.33,88.47,88.27,88.36,93146.96
2026-03-06 08:30:00,88.35,88.52,88.23,88.37,128790.99
2026-03-06 08:45:00,88.37,88.52,88.13,88.3,166403.57
2026-03-06 09:00:00,88.31,88.44,87.55,87.74,438741.52
2026-03-06 09:15:00,87.74,87.77,87.26,87.27,359309.61
2026-03-06 09:30:00,87.28,87.41,87.1,87.38,260219.2
2026-03-06 09:45:00,87.39,87.55,87.18,87.43,187591.43
2026-03-06 10:00:00,87.43,87.74,87.34,87.71,149039.07
2026-03-06 10:15:00,87.72,87.85,87.6,87.85,155941.28
2026-03-06 10:30:00,87.84,87.86,87.51,87.6,136030.21
2026-03-06 10:45:00,87.6,87.91,87.45,87.64,143623.54
2026-03-06 11:00:00,87.64,87.95,87.46,87.84,191187.56
2026-03-06 11:15:00,87.83,87.84,87.63,87.79,74023.63
2026-03-06 11:30:00,87.79,87.83,87.39,87.47,100928.31
2026-03-06 11:45:00,87.46,87.49,87.05,87.21,415507.19
2026-03-06 12:00:00,87.21,87.23,86.23,86.58,837996.11
2026-03-06 12:15:00,86.58,87.07,86.56,86.77,408895.64
2026-03-06 12:30:00,86.77,86.85,86.11,86.19,544204.21
2026-03-06 12:45:00,86.19,86.61,85.84,86.43,630054.78
2026-03-06 13:00:00,86.43,86.66,86.4,86.51,288534.68
2026-03-06 13:15:00,86.52,86.83,86.24,86.42,288046.9
2026-03-06 13:30:00,86.42,87.06,85.89,86.73,827482.81
2026-03-06 13:45:00,86.73,86.78,85.51,85.54,871564.02
2026-03-06 14:00:00,85.53,85.69,84.82,85.11,1113884.75
2026-03-06 14:15:00,85.1,85.3,84.89,85.12,389352.9
2026-03-06 14:30:00,85.12,85.34,84.18,84.67,1059333.89
2026-03-06 14:45:00,84.68,84.93,83.89,84.27,651142.93
2026-03-06 15:00:00,84.26,84.68,84.13,84.58,493218.16
2026-03-06 15:15:00,84.58,85.28,84.57,84.88,655171.07
2026-03-06 15:30:00,84.88,85.22,84.69,84.73,399605.73
2026-03-06 15:45:00,84.73,84.77,84.15,84.57,433757.22
2026-03-06 16:00:00,84.57,84.95,84.19,84.35,315570.06
2026-03-06 16:15:00,84.36,84.65,84.32,84.58,243282.63
2026-03-06 16:30:00,84.58,84.92,84.38,84.6,224244.62
2026-03-06 16:45:00,84.61,84.69,84.02,84.28,321639.12
2026-03-06 17:00:00,84.29,84.53,84.15,84.33,237927.39
2026-03-06 17:15:00,84.32,84.63,84.08,84.25,279741.91
2026-03-06 17:30:00,84.25,84.31,83.52,83.8,618714.65
2026-03-06 17:45:00,83.81,84.24,83.8,84.14,275068.24
2026-03-06 18:00:00,84.14,84.78,84.11,84.74,342682.04
2026-03-06 18:15:00,84.74,84.82,84.58,84.75,189356.96
2026-03-06 18:30:00,84.75,85.28,84.72,85.28,369571.44
2026-03-06 18:45:00,85.28,85.57,85.17,85.2,537128.22
2026-03-06 19:00:00,85.21,85.54,85.15,85.52,181003.15
2026-03-06 19:15:00,85.52,85.83,85.35,85.54,351867.62
2026-03-06 19:30:00,85.54,85.54,85.25,85.25,186896.95
2026-03-06 19:45:00,85.25,85.28,85.08,85.14,165087.08
2026-03-06 20:00:00,85.14,85.41,84.97,85.04,175931.87
2026-03-06 20:15:00,85.03,85.05,84.65,84.67,208821.44
2026-03-06 20:30:00,84.66,85.02,84.51,84.89,208779.62
2026-03-06 20:45:00,84.89,85.08,84.87,84.96,227150.25
2026-03-06 21:00:00,84.96,85.06,84.79,84.83,106625.94
2026-03-06 21:15:00,84.82,84.85,84.4,84.51,240347.85
2026-03-06 21:30:00,84.51,84.63,84.39,84.57,119515.74
2026-03-06 21:45:00,84.57,84.73,84.53,84.68,118772.9
2026-03-06 22:00:00,84.69,84.75,84.5,84.54,152520.57
2026-03-06 22:15:00,84.55,84.76,84.52,84.69,84656.55
2026-03-06 22:30:00,84.7,84.94,84.59,84.83,77349.13
2026-03-06 22:45:00,84.84,85.01,84.83,84.92,56503.62
2026-03-06 23:00:00,84.93,84.98,84.84,84.97,72698.97
2026-03-06 23:15:00,84.97,85.01,84.88,84.95,42550.94
2026-03-06 23:30:00,84.95,84.96,84.59,84.68,97556.47
2026-03-06 23:45:00,84.69,84.71,84.57,84.64,52204.32
2026-03-07 00:00:00,84.65,84.92,84.46,84.73,199090.52
2026-03-07 00:15:00,84.73,84.91,84.69,84.85,76125.58
2026-03-07 00:30:00,84.85,85.03,84.66,84.66,93165.15
2026-03-07 00:45:00,84.66,84.76,84.66,84.7,36001.37
2026-03-07 01:00:00,84.7,84.84,84.58,84.76,80915.03
2026-03-07 01:15:00,84.76,84.76,84.54,84.6,73347.23
2026-03-07 01:30:00,84.61,84.74,84.54,84.74,68368.13
2026-03-07 01:45:00,84.73,84.81,84.63,84.66,61365.76
2026-03-07 02:00:00,84.66,84.7,84.56,84.63,44866.17
2026-03-07 02:15:00,84.63,84.67,84.4,84.4,65442.61
2026-03-07 02:30:00,84.41,84.51,84.24,84.42,166964.52
2026-03-07 02:45:00,84.42,84.63,84.33,84.61,131333.64
2026-03-07 03:00:00,84.6,85.03,84.6,85.0,150149.05
2026-03-07 03:15:00,85.0,85.0,84.53,84.58,94742.21
2026-03-07 03:30:00,84.58,84.64,84.43,84.48,92128.79
2026-03-07 03:45:00,84.48,84.53,84.3,84.47,94918.41
2026-03-07 04:00:00,84.48,84.51,83.9,84.06,339063.14
2026-03-07 04:15:00,84.06,84.32,84.06,84.23,94843.68
2026-03-07 04:30:00,84.23,84.37,84.13,84.3,80390.35
2026-03-07 04:45:00,84.29,84.34,84.18,84.22,90844.74
2026-03-07 05:00:00,84.22,84.29,84.13,84.21,77279.0
2026-03-07 05:15:00,84.21,84.36,84.1,84.33,91141.83
2026-03-07 05:30:00,84.34,84.37,84.04,84.37,97922.12
2026-03-07 05:45:00,84.37,84.45,84.25,84.28,66748.41
2026-03-07 06:00:00,84.29,84.3,84.05,84.07,94967.02
2026-03-07 06:15:00,84.08,84.22,84.05,84.15,86833.42
2026-03-07 06:30:00,84.14,84.21,83.92,84.17,92160.41
2026-03-07 06:45:00,84.16,84.19,83.82,84.0,129740.73
2026-03-07 07:00:00,84.0,84.14,83.83,84.12,216672.25
2026-03-07 07:15:00,84.11,84.17,83.97,84.11,78830.78
2026-03-07 07:30:00,84.11,84.19,83.93,84.18,108120.46
2026-03-07 07:45:00,84.18,84.48,84.17,84.27,183173.22
2026-03-07 08:00:00,84.27,84.27,84.07,84.17,93716.21
2026-03-07 08:15:00,84.16,84.44,84.16,84.35,173402.9
2026-03-07 08:30:00,84.34,84.62,84.33,84.43,230058.56
2026-03-07 08:45:00,84.43,84.5,84.2,84.31,83197.64
2026-03-07 09:00:00,84.31,84.51,84.15,84.49,87298.96
2026-03-07 09:15:00,84.48,84.65,84.44,84.5,123845.9
2026-03-07 09:30:00,84.49,84.59,84.4,84.46,57742.22
2026-03-07 09:45:00,84.47,84.59,84.41,84.51,44831.5
2026-03-07 10:00:00,84.52,84.71,84.47,84.7,94391.92
2026-03-07 10:15:00,84.7,84.7,84.49,84.57,63529.58
2026-03-07 10:30:00,84.56,84.63,84.51,84.57,40621.75
2026-03-07 10:45:00,84.56,84.61,84.34,84.43,93286.43
2026-03-07 11:00:00,84.42,84.79,84.18,84.78,168272.68
2026-03-07 11:15:00,84.79,84.87,84.62,84.67,197461.69
2026-03-07 11:30:00,84.67,84.77,84.6,84.76,105379.6
2026-03-07 11:45:00,84.76,84.77,84.59,84.61,56428.46
2026-03-07 12:00:00,84.6,84.73,84.52,84.53,64972.97
2026-03-07 12:15:00,84.53,84.66,84.52,84.59,60510.91
2026-03-07 12:30:00,84.59,84.63,84.38,84.39,85614.54
2026-03-07 12:45:00,84.4,84.44,84.22,84.24,166905.56
2026-03-07 13:00:00,84.25,84.44,84.23,84.41,147398.04
2026-03-07 13:15:00,84.41,84.48,84.31,84.38,62494.99
2026-03-07 13:30:00,84.39,84.48,84.06,84.17,112042.32
2026-03-07 13:45:00,84.18,84.34,84.14,84.24,59265.58
2026-03-07 14:00:00,84.24,84.25,83.58,83.8,450362.55
2026-03-07 14:15:00,83.8,83.89,83.74,83.81,147486.53
2026-03-07 14:30:00,83.8,84.4,83.78,84.15,341551.47
2026-03-07 14:45:00,84.15,84.23,84.04,84.16,116153.92
2026-03-07 15:00:00,84.17,84.17,83.91,84.03,202323.16
2026-03-07 15:15:00,84.04,84.19,83.92,83.97,107960.36
2026-03-07 15:30:00,83.98,84.1,83.26,83.5,411413.38
2026-03-07 15:45:00,83.5,83.78,83.4,83.69,143244.51
2026-03-07 16:00:00,83.69,83.75,83.54,83.71,110203.88
2026-03-07 16:15:00,83.72,83.73,83.48,83.55,105775.36
2026-03-07 16:30:00,83.56,83.64,83.44,83.56,89373.51
2026-03-07 16:45:00,83.55,83.6,83.47,83.53,86349.3
2026-03-07 17:00:00,83.53,83.84,83.52,83.81,156216.26
2026-03-07 17:15:00,83.8,84.03,83.77,83.93,136852.56
2026-03-07 17:30:00,83.94,83.97,83.87,83.92,58099.1
2026-03-07 17:45:00,83.92,83.92,83.49,83.56,133427.88
2026-03-07 18:00:00,83.57,83.58,82.85,83.26,516302.78
2026-03-07 18:15:00,83.26,83.42,83.18,83.39,124628.34
2026-03-07 18:30:00,83.4,83.4,83.17,83.37,73993.0
2026-03-07 18:45:00,83.38,83.4,83.32,83.32,46722.87
2026-03-07 19:00:00,83.33,83.33,82.94,83.06,223075.31
2026-03-07 19:15:00,83.06,83.14,82.62,82.74,375367.59
2026-03-07 19:30:00,82.74,83.01,82.69,82.9,186685.68
2026-03-07 19:45:00,82.89,82.91,82.22,82.47,474810.8
2026-03-07 20:00:00,82.47,82.9,82.46,82.81,180855.88
2026-03-07 20:15:00,82.82,82.9,82.69,82.82,97278.04
2026-03-07 20:30:00,82.83,83.07,82.78,82.95,115335.31
2026-03-07 20:45:00,82.96,83.03,82.83,82.97,127286.39
2026-03-07 21:00:00,82.98,83.09,82.83,82.97,107750.49
2026-03-07 21:15:00,82.96,83.13,82.94,83.12,73719.39
2026-03-07 21:30:00,83.12,83.13,82.86,83.04,106396.89
2026-03-07 21:45:00,83.03,83.25,82.92,83.22,88560.56
2026-03-07 22:00:00,83.23,83.28,83.0,83.01,99292.11
2026-03-07 22:15:00,83.02,83.17,82.94,82.97,79346.54
2026-03-07 22:30:00,82.98,83.04,82.6,82.94,136663.58
2026-03-07 22:45:00,82.94,83.08,82.85,82.93,46347.51
2026-03-07 23:00:00,82.93,83.19,82.87,83.09,71223.67
2026-03-07 23:15:00,83.09,83.21,83.06,83.1,68593.95
2026-03-07 23:30:00,83.1,83.18,83.06,83.12,48810.37
2026-03-07 23:45:00,83.13,83.18,83.07,83.17,39066.19
2026-03-08 00:00:00,83.17,83.44,83.16,83.29,149823.9
2026-03-08 00:15:00,83.28,83.39,83.09,83.12,115602.79
2026-03-08 00:30:00,83.13,83.18,82.91,83.01,107907.45
2026-03-08 00:45:00,83.02,83.08,82.86,83.02,95640.66
2026-03-08 01:00:00,83.02,83.12,82.77,83.06,113448.43
2026-03-08 01:15:00,83.06,83.17,82.92,82.93,72885.77
2026-03-08 01:30:00,82.94,82.98,82.64,82.97,172232.56
2026-03-08 01:45:00,82.97,83.08,82.91,82.93,62623.71
2026-03-08 02:00:00,82.93,82.93,82.71,82.93,70615.37
2026-03-08 02:15:00,82.92,83.02,82.67,82.7,99960.11
2026-03-08 02:30:00,82.71,83.04,82.47,83.01,202699.05
2026-03-08 02:45:00,83.0,83.02,82.03,82.32,492050.92
2026-03-08 03:00:00,82.32,82.52,82.2,82.5,253546.54
2026-03-08 03:15:00,82.49,82.69,82.49,82.6,135910.14
2026-03-08 03:30:00,82.6,82.62,82.33,82.41,150057.59
2026-03-08 03:45:00,82.4,82.41,82.27,82.27,71044.18
2026-03-08 04:00:00,82.28,82.5,82.19,82.35,144228.1
2026-03-08 04:15:00,82.35,82.46,82.29,82.39,62921.91
2026-03-08 04:30:00,82.39,82.41,82.16,82.28,99610.45
2026-03-08 04:45:00,82.28,82.3,81.67,81.9,371919.48
2026-03-08 05:00:00,81.9,82.31,81.88,82.27,172536.94
2026-03-08 05:15:00,82.26,82.71,82.23,82.62,189992.85
2026-03-08 05:30:00,82.62,82.74,82.47,82.54,106275.09
2026-03-08 05:45:00,82.54,82.63,82.41,82.43,81934.94
2026-03-08 06:00:00,82.43,82.57,82.24,82.25,83020.01
2026-03-08 06:15:00,82.26,82.46,82.25,82.32,74870.21
2026-03-08 06:30:00,82.32,82.49,82.23,82.4,108945.23
2026-03-08 06:45:00,82.41,82.53,82.21,82.39,143029.15
2026-03-08 07:00:00,82.39,82.88,82.34,82.82,236229.07
2026-03-08 07:15:00,82.83,83.06,82.7,82.79,244807.29
2026-03-08 07:30:00,82.8,82.93,82.73,82.88,100456.09
2026-03-08 07:45:00,82.88,82.94,82.71,82.9,80595.94
2026-03-08 08:00:00,82.89,82.93,82.67,82.68,96616.19
2026-03-08 08:15:00,82.68,82.71,82.43,82.65,163456.69
2026-03-08 08:30:00,82.66,83.02,82.58,82.95,124466.46
2026-03-08 08:45:00,82.95,83.07,82.88,83.04,113742.63
2026-03-08 09:00:00,83.03,83.23,82.72,83.1,219646.84
2026-03-08 09:15:00,83.11,83.34,83.01,83.27,245703.31
2026-03-08 09:30:00,83.27,83.3,83.05,83.14,173951.76
2026-03-08 09:45:00,83.13,83.19,83.06,83.1,93868.22
2026-03-08 10:00:00,83.11,83.41,83.09,83.37,128592.74
2026-03-08 10:15:00,83.38,84.07,83.33,83.86,558284.88
2026-03-08 10:30:00,83.85,83.88,83.68,83.73,178390.42
2026-03-08 10:45:00,83.73,83.74,83.56,83.59,132054.71
2026-03-08 11:00:00,83.6,83.6,82.56,82.86,542677.8
2026-03-08 11:15:00,82.87,83.1,82.85,82.99,149729.98
2026-03-08 11:30:00,82.99,83.17,82.62,82.72,231531.13
2026-03-08 11:45:00,82.72,82.84,82.58,82.74,133315.0
2026-03-08 12:00:00,82.75,82.95,81.94,82.0,465061.74
2026-03-08 12:15:00,82.0,82.75,81.54,82.69,742972.26
2026-03-08 12:30:00,82.69,82.69,82.31,82.42,321567.1
2026-03-08 12:45:00,82.42,82.42,82.17,82.25,214542.39
2026-03-08 13:00:00,82.26,82.42,81.61,81.66,318561.64
2026-03-08 13:15:00,81.65,81.89,81.11,81.66,746112.3
2026-03-08 13:30:00,81.67,81.7,81.3,81.62,290612.3
2026-03-08 13:45:00,81.63,82.14,81.59,82.03,353527.59
2026-03-08 14:00:00,82.02,82.33,81.91,82.09,205813.59
2026-03-08 14:15:00,82.09,82.31,81.97,82.02,202643.77
2026-03-08 14:30:00,82.03,82.32,81.89,81.98,178203.73
2026-03-08 14:45:00,81.98,82.3,81.9,82.25,139460.87
2026-03-08 15:00:00,82.25,82.36,81.96,82.23,160866.3
2026-03-08 15:15:00,82.23,82.24,81.86,81.91,142324.58
2026-03-08 15:30:00,81.9,82.05,81.82,81.87,148895.54
2026-03-08 15:45:00,81.87,82.09,81.77,81.99,126529.94
2026-03-08 16:00:00,81.99,82.11,81.83,81.87,92446.29
2026-03-08 16:15:00,81.88,81.93,81.65,81.79,152847.18
2026-03-08 16:30:00,81.79,81.79,81.38,81.69,317644.23
2026-03-08 16:45:00,81.69,81.69,81.29,81.46,188296.62
2026-03-08 17:00:00,81.46,81.94,81.37,81.76,251813.28
2026-03-08 17:15:00,81.76,81.8,81.46,81.5,134304.97
2026-03-08 17:30:00,81.5,81.62,81.31,81.5,124057.18
2026-03-08 17:45:00,81.5,81.67,81.43,81.63,115562.34
2026-03-08 18:00:00,81.63,81.67,81.38,81.45,97749.38
2026-03-08 18:15:00,81.44,81.72,81.23,81.62,151613.03
2026-03-08 18:30:00,81.62,81.76,81.44,81.51,154571.32
2026-03-08 18:45:00,81.51,81.64,81.43,81.54,83191.13
2026-03-08 19:00:00,81.55,82.08,81.44,81.91,205778.12
2026-03-08 19:15:00,81.91,82.45,81.88,82.23,306765.16
2026-03-08 19:30:00,82.24,82.53,82.15,82.51,266426.83
2026-03-08 19:45:00,82.5,82.62,82.23,82.44,158631.81
2026-03-08 20:00:00,82.43,82.45,82.06,82.07,143003.56
2026-03-08 20:15:00,82.06,82.35,82.05,82.13,84084.36
2026-03-08 20:30:00,82.13,82.93,82.12,82.63,268994.94
2026-03-08 20:45:00,82.62,82.69,82.16,82.27,165775.87
2026-03-08 21:00:00,82.27,82.38,81.65,81.77,271933.16
2026-03-08 21:15:00,81.78,82.05,81.72,81.95,114887.66
2026-03-08 21:30:00,81.95,82.23,81.9,82.15,86424.62
2026-03-08 21:45:00,82.15,82.2,82.03,82.2,78728.11
2026-03-08 22:00:00,82.19,82.19,80.18,81.22,1556239.49
2026-03-08 22:15:00,81.21,81.45,80.71,81.27,531450.12
2026-03-08 22:30:00,81.26,81.99,80.96,81.78,412385.64
2026-03-08 22:45:00,81.77,82.47,81.77,81.96,576355.0
2026-03-08 23:00:00,81.96,82.4,81.79,82.12,304932.88
2026-03-08 23:15:00,82.13,82.32,81.94,82.11,178168.37
2026-03-08 23:30:00,82.1,82.2,81.64,81.66,188132.11
2026-03-08 23:45:00,81.66,81.87,81.43,81.56,239502.59
2026-03-09 00:00:00,81.57,82.34,81.5,82.17,252522.04
2026-03-09 00:15:00,82.16,82.4,81.58,82.15,359371.31
2026-03-09 00:30:00,82.15,83.26,82.14,82.6,561041.14
2026-03-09 00:45:00,82.6,82.72,82.18,82.29,173808.55
2026-03-09 01:00:00,82.29,82.37,81.82,82.19,222490.21
2026-03-09 01:15:00,82.2,82.87,82.14,82.52,354854.44
2026-03-09 01:30:00,82.51,82.8,82.17,82.64,208524.99
2026-03-09 01:45:00,82.64,82.72,82.03,82.05,157458.26
2026-03-09 02:00:00,82.05,82.3,81.79,81.97,265696.77
2026-03-09 02:15:00,81.97,81.97,81.6,81.87,249121.14
2026-03-09 02:30:00,81.86,82.8,81.83,82.78,374271.21
2026-03-09 02:45:00,82.78,82.9,82.61,82.62,180126.33
2026-03-09 03:00:00,82.62,84.32,82.57,84.19,931433.04
2026-03-09 03:15:00,84.2,84.47,83.28,83.54,675439.57
2026-03-09 03:30:00,83.54,83.69,83.05,83.09,249189.41
2026-03-09 03:45:00,83.09,83.24,82.86,83.1,225872.12
2026-03-09 04:00:00,83.1,83.37,83.04,83.11,146104.52
2026-03-09 04:15:00,83.11,83.72,83.02,83.67,182320.54
2026-03-09 04:30:00,83.66,83.76,83.42,83.66,171464.42
2026-03-09 04:45:00,83.67,83.83,83.1,83.15,210045.52
2026-03-09 05:00:00,83.15,83.39,83.07,83.26,111679.79
2026-03-09 05:15:00,83.26,83.62,83.17,83.46,135452.81
2026-03-09 05:30:00,83.47,84.43,83.4,84.24,622313.86
2026-03-09 05:45:00,84.25,84.58,83.98,84.24,552211.05
2026-03-09 06:00:00,84.24,84.26,83.91,83.95,263012.45
2026-03-09 06:15:00,83.95,84.23,83.64,83.71,199256.69
2026-03-09 06:30:00,83.71,83.78,83.15,83.28,220769.21
2026-03-09 06:45:00,83.27,83.34,83.04,83.07,174730.24
2026-03-09 07:00:00,83.07,83.09,82.58,82.75,364227.06
2026-03-09 07:15:00,82.74,82.95,82.25,82.87,435380.31
2026-03-09 07:30:00,82.87,83.23,82.83,83.06,287861.14
2026-03-09 07:45:00,83.06,83.25,82.95,83.12,124240.3
2026-03-09 08:00:00,83.12,83.28,82.87,83.21,245766.88
2026-03-09 08:15:00,83.21,83.77,82.99,83.69,305466.26
2026-03-09 08:30:00,83.69,83.81,83.27,83.49,247836.37
2026-03-09 08:45:00,83.5,83.76,83.44,83.67,118757.53
2026-03-09 09:00:00,83.68,83.72,83.26,83.71,145062.71
2026-03-09 09:15:00,83.72,84.08,83.63,83.98,190755.63
2026-03-09 09:30:00,83.99,84.56,83.79,84.37,438348.77
2026-03-09 09:45:00,84.38,84.49,83.78,83.97,303180.2
2026-03-09 10:00:00,83.98,84.19,83.83,83.91,211917.03
2026-03-09 10:15:00,83.91,83.98,83.69,83.77,147711.52
2026-03-09 10:30:00,83.78,83.95,83.53,83.6,201549.73
2026-03-09 10:45:00,83.61,83.74,83.44,83.68,140868.36
2026-03-09 11:00:00,83.69,83.88,83.63,83.72,115028.23
2026-03-09 11:15:00,83.72,83.74,83.04,83.17,299268.09
2026-03-09 11:30:00,83.18,83.64,83.13,83.59,159309.5
2026-03-09 11:45:00,83.6,83.75,83.43,83.52,131553.26
2026-03-09 12:00:00,83.52,83.74,83.51,83.69,96936.61
2026-03-09 12:15:00,83.68,83.95,83.34,83.89,287649.24
2026-03-09 12:30:00,83.9,84.17,83.69,83.85,294710.7
2026-03-09 12:45:00,83.86,84.08,83.79,83.96,151853.52
2026-03-09 13:00:00,83.96,84.5,83.94,84.37,302486.68
2026-03-09 13:15:00,84.37,84.97,84.07,84.97,539774.9
2026-03-09 13:30:00,84.96,85.57,84.63,85.47,864767.24
2026-03-09 13:45:00,85.47,85.71,84.94,85.11,670925.49
2026-03-09 14:00:00,85.1,85.51,84.51,84.75,549242.85
2026-03-09 14:15:00,84.75,85.49,84.71,85.0,469615.83
2026-03-09 14:30:00,85.0,85.7,84.86,85.57,576944.65
2026-03-09 14:45:00,85.58,85.62,85.14,85.25,336273.56
2026-03-09 15:00:00,85.24,85.42,84.86,85.26,283059.64
2026-03-09 15:15:00,85.27,85.41,85.0,85.12,164757.06
2026-03-09 15:30:00,85.13,85.28,84.58,84.76,306234.72
2026-03-09 15:45:00,84.77,85.31,84.72,85.01,231841.1
2026-03-09 16:00:00,85.0,85.24,84.83,84.87,216240.22
2026-03-09 16:15:00,84.87,85.24,84.66,85.07,285932.63
2026-03-09 16:30:00,85.08,85.35,84.74,85.2,304456.26
2026-03-09 16:45:00,85.2,85.6,84.95,85.09,176638.53
2026-03-09 17:00:00,85.09,85.27,84.9,85.12,115173.7
2026-03-09 17:15:00,85.12,85.25,84.7,84.8,401124.74
2026-03-09 17:30:00,84.81,84.99,84.27,84.45,384621.59
2026-03-09 17:45:00,84.44,85.38,84.44,85.05,508372.83
2026-03-09 18:00:00,85.04,85.07,84.43,84.72,294622.68
2026-03-09 18:15:00,84.71,85.39,84.67,85.35,431350.94
2026-03-09 18:30:00,85.35,85.54,85.22,85.3,424534.41
2026-03-09 18:45:00,85.3,85.39,85.03,85.15,174445.2
2026-03-09 19:00:00,85.15,85.33,85.04,85.06,177180.41
2026-03-09 19:15:00,85.05,86.89,85.03,86.83,1079648.77
2026-03-09 19:30:00,86.82,87.0,86.0,86.26,907616.32
2026-03-09 19:45:00,86.25,86.37,85.81,85.92,287838.96
2026-03-09 20:00:00,85.93,86.14,85.53,85.74,280881.14
2026-03-09 20:15:00,85.73,85.89,85.68,85.81,120184.52
2026-03-09 20:30:00,85.8,85.82,85.27,85.42,187880.1
2026-03-09 20:45:00,85.42,85.87,85.25,85.77,198562.43
2026-03-09 21:00:00,85.76,86.32,85.73,86.22,371832.96
2026-03-09 21:15:00,86.22,86.24,85.89,86.0,201787.28
2026-03-09 21:30:00,85.99,86.04,85.63,85.97,122788.14
2026-03-09 21:45:00,85.97,86.15,85.87,85.97,76509.4
2026-03-09 22:00:00,85.96,86.14,85.8,86.13,164518.55
2026-03-09 22:15:00,86.13,86.27,86.0,86.2,143267.43
2026-03-09 22:30:00,86.2,86.26,85.58,85.82,322001.21
2026-03-09 22:45:00,85.83,85.87,85.52,85.67,204638.42
2026-03-09 23:00:00,85.67,85.95,85.47,85.67,191954.06
2026-03-09 23:15:00,85.66,85.68,85.19,85.23,143103.79
2026-03-09 23:30:00,85.24,85.32,85.05,85.15,135875.33
2026-03-09 23:45:00,85.14,85.14,84.78,84.91,237762.86
2026-03-10 00:00:00,84.91,85.09,84.79,84.84,181799.7
2026-03-10 00:15:00,84.84,85.62,84.83,85.57,381763.53
2026-03-10 00:30:00,85.58,85.86,85.42,85.75,196704.64
2026-03-10 00:45:00,85.76,85.93,85.43,85.52,281232.11
2026-03-10 01:00:00,85.53,85.72,85.33,85.61,95497.86
2026-03-10 01:15:00,85.61,85.69,85.22,85.26,111835.87
2026-03-10 01:30:00,85.26,85.49,85.05,85.19,139168.67
2026-03-10 01:45:00,85.2,85.94,85.15,85.69,184455.22
2026-03-10 02:00:00,85.68,85.8,85.41,85.62,129112.61
2026-03-10 02:15:00,85.61,85.83,85.51,85.67,91802.57
2026-03-10 02:30:00,85.66,86.85,85.65,86.62,782386.35
2026-03-10 02:45:00,86.62,86.86,86.4,86.57,349863.4
2026-03-10 03:00:00,86.57,86.71,86.3,86.6,203416.15
2026-03-10 03:15:00,86.59,86.67,86.43,86.47,127574.43
2026-03-10 03:30:00,86.48,86.5,86.01,86.03,201057.08
2026-03-10 03:45:00,86.03,86.04,85.45,85.52,433038.93
2026-03-10 04:00:00,85.51,85.79,85.44,85.53,297466.7
2026-03-10 04:15:00,85.53,85.86,85.34,85.76,309630.1
2026-03-10 04:30:00,85.76,86.31,85.74,86.14,217034.38
2026-03-10 04:45:00,86.14,86.62,86.09,86.51,204658.72
2026-03-10 05:00:00,86.51,86.88,86.41,86.64,298637.18
2026-03-10 05:15:00,86.63,86.96,86.53,86.66,270645.15
2026-03-10 05:30:00,86.66,86.78,86.33,86.37,189940.13
2026-03-10 05:45:00,86.37,86.42,86.3,86.36,90977.34
2026-03-10 06:00:00,86.37,86.39,86.14,86.21,117010.59
2026-03-10 06:15:00,86.22,86.63,85.94,86.6,253482.9
2026-03-10 06:30:00,86.6,86.66,86.28,86.34,129026.61
2026-03-10 06:45:00,86.34,86.39,86.2,86.32,114253.42
2026-03-10 07:00:00,86.31,86.64,86.14,86.41,288655.14
2026-03-10 07:15:00,86.41,86.86,86.36,86.6,183979.93
2026-03-10 07:30:00,86.61,86.84,86.51,86.62,169691.32
2026-03-10 07:45:00,86.61,86.69,86.45,86.66,132295.33
2026-03-10 08:00:00,86.67,87.38,86.61,87.02,546420.24
2026-03-10 08:15:00,87.03,87.15,86.72,86.98,370737.36
2026-03-10 08:30:00,86.98,87.25,86.65,87.1,433480.69
2026-03-10 08:45:00,87.1,87.1,86.52,86.65,234778.94
2026-03-10 09:00:00,86.65,86.92,86.59,86.81,144384.16
2026-03-10 09:15:00,86.82,87.46,86.66,87.21,446798.12
2026-03-10 09:30:00,87.21,87.38,87.09,87.23,240052.55
2026-03-10 09:45:00,87.24,87.28,87.03,87.17,145686.77
2026-03-10 10:00:00,87.18,87.65,87.09,87.14,302363.89
2026-03-10 10:15:00,87.14,87.15,86.94,87.04,126928.36
2026-03-10 10:30:00,87.04,87.22,86.75,86.9,175248.01
2026-03-10 10:45:00,86.9,87.2,86.82,87.04,104528.44
2026-03-10 11:00:00,87.04,87.15,86.64,86.66,183790.86
2026-03-10 11:15:00,86.67,86.95,86.57,86.81,167533.37
2026-03-10 11:30:00,86.82,86.84,86.57,86.65,96609.97
2026-03-10 11:45:00,86.66,86.94,86.59,86.75,172011.62
2026-03-10 12:00:00,86.75,86.79,86.31,86.42,277278.31
2026-03-10 12:15:00,86.43,86.6,86.35,86.4,138690.43
2026-03-10 12:30:00,86.4,86.58,86.23,86.51,199740.95
2026-03-10 12:45:00,86.52,86.69,86.48,86.64,115603.03
2026-03-10 13:00:00,86.63,87.06,86.63,86.98,248212.42
2026-03-10 13:15:00,86.99,87.25,86.91,87.13,207170.61
2026-03-10 13:30:00,87.13,87.23,85.7,86.06,1026738.54
2026-03-10 13:45:00,86.06,86.56,85.85,86.01,424713.76
2026-03-10 14:00:00,86.02,86.22,85.13,85.14,769347.4
2026-03-10 14:15:00,85.14,85.93,84.86,85.72,595693.28
2026-03-10 14:30:00,85.71,86.73,85.7,86.65,535160.81
2026-03-10 14:45:00,86.66,88.2,86.59,88.07,1155326.02
2026-03-10 15:00:00,88.06,88.58,87.38,87.55,978996.82
2026-03-10 15:15:00,87.55,87.98,87.23,87.73,374363.23
2026-03-10 15:30:00,87.73,88.21,87.54,87.74,412915.72
2026-03-10 15:45:00,87.74,88.31,87.56,88.31,348037.93
2026-03-10 16:00:00,88.31,88.43,87.61,87.82,452533.44
2026-03-10 16:15:00,87.81,88.65,87.77,88.45,551708.82
2026-03-10 16:30:00,88.45,88.63,88.26,88.56,350684.9
2026-03-10 16:45:00,88.57,88.67,88.23,88.36,196195.17
2026-03-10 17:00:00,88.35,88.78,88.28,88.37,295784.38
2026-03-10 17:15:00,88.38,88.63,88.09,88.22,207933.82
2026-03-10 17:30:00,88.21,88.55,87.58,87.83,476556.96
2026-03-10 17:45:00,87.82,88.17,87.61,87.9,243410.12
2026-03-10 18:00:00,87.9,87.97,87.0,87.01,373503.43
2026-03-10 18:15:00,87.0,87.3,86.4,86.6,810761.1
2026-03-10 18:30:00,86.6,86.97,86.15,86.19,534277.02
2026-03-10 18:45:00,86.18,86.52,86.03,86.19,366417.1
2026-03-10 19:00:00,86.18,86.38,85.78,86.02,333934.16
2026-03-10 19:15:00,86.02,86.42,85.78,85.85,376513.31
2026-03-10 19:30:00,85.85,86.21,85.59,86.08,409426.31
2026-03-10 19:45:00,86.07,86.13,85.84,85.97,160674.25
2026-03-10 20:00:00,85.96,86.3,85.89,86.03,191966.93
2026-03-10 20:15:00,86.02,86.35,85.94,86.31,132173.72
2026-03-10 20:30:00,86.3,86.36,85.99,86.14,196242.33
2026-03-10 20:45:00,86.13,86.21,86.05,86.2,54775.86
2026-03-10 21:00:00,86.2,86.39,85.89,85.94,144715.4
2026-03-10 21:15:00,85.94,86.05,85.86,85.89,171077.97
2026-03-10 21:30:00,85.9,86.02,85.33,85.55,492528.29
2026-03-10 21:45:00,85.55,85.75,85.2,85.67,143875.68
2026-03-10 22:00:00,85.66,85.81,85.05,85.27,370350.24
2026-03-10 22:15:00,85.26,85.74,84.95,85.47,368472.65
2026-03-10 22:30:00,85.47,85.52,85.24,85.46,100520.96
2026-03-10 22:45:00,85.46,85.59,85.41,85.48,71466.95
2026-03-10 23:00:00,85.47,85.7,85.47,85.66,92143.3
2026-03-10 23:15:00,85.65,85.75,85.4,85.45,157105.13
2026-03-10 23:30:00,85.45,85.66,85.31,85.65,153121.53
2026-03-10 23:45:00,85.64,85.85,85.51,85.83,146905.69
2026-03-11 00:00:00,85.82,86.12,85.53,86.02,237847.85
2026-03-11 00:15:00,86.01,86.06,85.57,85.89,291024.04
2026-03-11 00:30:00,85.9,85.9,85.55,85.59,108866.39
2026-03-11 00:45:00,85.6,86.18,85.6,85.97,133202.12
2026-03-11 01:00:00,85.97,86.22,85.93,86.04,148348.23
2026-03-11 01:15:00,86.05,86.15,85.8,86.0,99014.82
2026-03-11 01:30:00,86.0,86.03,85.6,85.83,96709.66
2026-03-11 01:45:00,85.83,86.13,85.77,86.03,75690.71
2026-03-11 02:00:00,86.03,86.16,85.93,85.93,90787.33
2026-03-11 02:15:00,85.94,86.04,85.88,85.98,69972.93
2026-03-11 02:30:00,85.98,85.99,85.43,85.63,189821.91
2026-03-11 02:45:00,85.63,85.88,85.46,85.87,168599.75
2026-03-11 03:00:00,85.87,86.13,85.68,85.74,247190.48
2026-03-11 03:15:00,85.73,85.75,85.48,85.51,99135.55
2026-03-11 03:30:00,85.5,85.72,85.49,85.62,78818.15
2026-03-11 03:45:00,85.63,85.65,85.5,85.56,78474.37
2026-03-11 04:00:00,85.57,85.66,85.43,85.65,110452.07
2026-03-11 04:15:00,85.65,86.27,85.61,86.07,271497.61
2026-03-11 04:30:00,86.07,86.59,86.04,86.35,478588.83
2026-03-11 04:45:00,86.35,86.79,86.33,86.65,275502.18
2026-03-11 05:00:00,86.65,86.83,86.36,86.38,227253.14
2026-03-11 05:15:00,86.37,86.39,86.12,86.21,187889.52
2026-03-11 05:30:00,86.2,86.21,85.54,85.82,424534.44
2026-03-11 05:45:00,85.81,85.96,85.63,85.66,205351.07
2026-03-11 06:00:00,85.66,85.85,85.6,85.81,171952.95
2026-03-11 06:15:00,85.81,85.98,85.74,85.92,117860.06
2026-03-11 06:30:00,85.93,86.12,85.86,85.87,135531.05
2026-03-11 06:45:00,85.88,86.1,85.71,85.97,110727.8
2026-03-11 07:00:00,85.97,86.08,85.91,85.97,85179.03
2026-03-11 07:15:00,85.98,86.0,85.78,85.83,65542.72
2026-03-11 07:30:00,85.82,85.83,85.07,85.26,332495.55
2026-03-11 07:45:00,85.27,85.51,85.25,85.39,175345.17
2026-03-11 08:00:00,85.39,85.57,85.21,85.33,215070.07
2026-03-11 08:15:00,85.34,85.36,85.01,85.05,171073.61
2026-03-11 08:30:00,85.05,85.56,85.04,85.41,240117.68
2026-03-11 08:45:00,85.41,85.49,85.12,85.43,146249.25
2026-03-11 09:00:00,85.43,85.43,85.2,85.21,74557.01
2026-03-11 09:15:00,85.22,85.4,85.17,85.2,75923.54
2026-03-11 09:30:00,85.2,85.37,84.93,85.26,173394.4
2026-03-11 09:45:00,85.26,85.53,84.64,84.83,459231.24
2026-03-11 10:00:00,84.82,85.03,84.79,85.02,190360.39
2026-03-11 10:15:00,85.02,85.17,84.92,85.08,112471.22
2026-03-11 10:30:00,85.09,85.5,85.05,85.44,216398.17
2026-03-11 10:45:00,85.44,85.48,85.2,85.22,139099.17
2026-03-11 11:00:00,85.21,85.28,84.9,85.2,280956.15
2026-03-11 11:15:00,85.2,85.26,84.83,84.92,114703.12
2026-03-11 11:30:00,84.92,85.08,84.37,84.57,394736.93
2026-03-11 11:45:00,84.57,84.7,84.3,84.51,401270.21
2026-03-11 12:00:00,84.5,84.82,84.3,84.68,415323.17
2026-03-11 12:15:00,84.68,85.15,84.68,85.1,276973.29
2026-03-11 12:30:00,85.1,85.66,84.73,84.98,538397.39
2026-03-11 12:45:00,84.97,85.24,84.87,85.14,130625.68
2026-03-11 13:00:00,85.14,86.13,85.05,85.97,402048.36
2026-03-11 13:15:00,85.97,86.46,85.83,86.17,653562.15
2026-03-11 13:30:00,86.18,87.35,86.17,86.21,1176373.12
2026-03-11 13:45:00,86.21,86.49,85.35,85.91,1109033.67
2026-03-11 14:00:00,85.9,86.6,85.68,86.01,670393.2
2026-03-11 14:15:00,86.01,86.66,85.92,86.58,388668.14
2026-03-11 14:30:00,86.57,87.01,86.25,86.87,513219.83
2026-03-11 14:45:00,86.87,87.12,86.34,86.49,368041.3
2026-03-11 15:00:00,86.5,86.61,85.55,85.7,560984.53
2026-03-11 15:15:00,85.71,85.97,85.54,85.55,360836.19
2026-03-11 15:30:00,85.56,85.58,84.49,84.9,755888.79
2026-03-11 15:45:00,84.91,85.47,84.7,85.37,350363.61
2026-03-11 16:00:00,85.37,85.87,85.24,85.79,429922.62
2026-03-11 16:15:00,85.8,86.09,85.6,85.86,232751.03
2026-03-11 16:30:00,85.86,86.46,85.82,86.41,314546.04
2026-03-11 16:45:00,86.41,86.56,86.18,86.39,216313.99
2026-03-11 17:00:00,86.39,86.96,86.38,86.57,365478.92
2026-03-11 17:15:00,86.58,87.8,86.56,87.62,733321.17
2026-03-11 17:30:00,87.63,87.81,86.68,87.23,765169.28
2026-03-11 17:45:00,87.23,87.53,86.77,87.21,440144.87
2026-03-11 18:00:00,87.21,87.84,87.19,87.76,659053.52
2026-03-11 18:15:00,87.76,87.98,87.44,87.58,498914.4
2026-03-11 18:30:00,87.58,87.68,87.1,87.28,300167.69
2026-03-11 18:45:00,87.27,88.06,87.16,87.76,338098.73
2026-03-11 19:00:00,87.76,87.81,87.17,87.29,314801.72
2026-03-11 19:15:00,87.29,87.36,87.1,87.18,140254.65
2026-03-11 19:30:00,87.18,87.66,87.08,87.26,203050.42
2026-03-11 19:45:00,87.27,87.31,86.98,87.25,259812.73
2026-03-11 20:00:00,87.25,87.25,86.97,87.09,162282.38
2026-03-11 20:15:00,87.09,87.23,86.97,87.05,103767.25
2026-03-11 20:30:00,87.04,87.31,86.98,87.28,122991.81
2026-03-11 20:45:00,87.27,87.4,87.11,87.25,107844.51
2026-03-11 21:00:00,87.25,87.51,87.16,87.17,133800.43
2026-03-11 21:15:00,87.18,87.31,87.09,87.15,70778.6
2026-03-11 21:30:00,87.14,87.46,87.14,87.35,79736.17
2026-03-11 21:45:00,87.35,87.57,87.35,87.49,60410.71
2026-03-11 22:00:00,87.5,87.9,87.34,87.73,184272.83
2026-03-11 22:15:00,87.72,87.73,87.08,87.11,137565.33
2026-03-11 22:30:00,87.12,87.17,86.87,86.98,186061.11
2026-03-11 22:45:00,86.99,87.19,86.78,87.01,119190.14
2026-03-11 23:00:00,87.01,87.17,86.94,87.03,90519.91
2026-03-11 23:15:00,87.03,87.04,86.81,86.85,133047.23
2026-03-11 23:30:00,86.84,86.86,86.58,86.64,169966.02
2026-03-11 23:45:00,86.64,86.73,86.4,86.52,176611.42
2026-03-12 00:00:00,86.52,86.66,86.39,86.54,142926.54
2026-03-12 00:15:00,86.55,86.73,86.38,86.53,97763.99
2026-03-12 00:30:00,86.53,86.73,86.32,86.64,93997.89
2026-03-12 00:45:00,86.64,86.72,86.54,86.62,53525.81
2026-03-12 01:00:00,86.61,86.65,86.06,86.2,227999.38
2026-03-12 01:15:00,86.19,86.38,86.14,86.31,86201.71
2026-03-12 01:30:00,86.32,86.38,86.04,86.14,183453.16
2026-03-12 01:45:00,86.14,86.2,85.88,85.99,228559.83
2026-03-12 02:00:00,85.98,86.1,85.85,86.01,153471.02
2026-03-12 02:15:00,86.0,86.04,85.62,85.73,276942.04
2026-03-12 02:30:00,85.73,85.89,85.42,85.55,403449.17
2026-03-12 02:45:00,85.55,85.62,85.1,85.15,363057.96
2026-03-12 03:00:00,85.14,85.31,85.09,85.16,227664.19
2026-03-12 03:15:00,85.15,85.36,85.07,85.17,200965.41
2026-03-12 03:30:00,85.16,85.36,85.11,85.17,191912.83
2026-03-12 03:45:00,85.16,85.17,84.63,84.94,417597.26
2026-03-12 04:00:00,84.94,85.35,84.87,85.01,303449.52
2026-03-12 04:15:00,85.01,85.22,84.93,84.97,201196.7
2026-03-12 04:30:00,84.97,85.16,84.82,85.05,190102.37
2026-03-12 04:45:00,85.04,85.08,84.94,85.04,108084.04
2026-03-12 05:00:00,85.03,85.26,84.98,85.04,120275.18
2026-03-12 05:15:00,85.04,85.07,84.82,84.86,112599.76
2026-03-12 05:30:00,84.85,85.22,84.83,85.16,144420.23
2026-03-12 05:45:00,85.15,85.17,84.96,85.08,65751.49
2026-03-12 06:00:00,85.08,85.12,84.91,85.06,81800.54
2026-03-12 06:15:00,85.06,85.23,85.0,85.18,139273.75
2026-03-12 06:30:00,85.18,85.32,85.08,85.24,115599.44
2026-03-12 06:45:00,85.25,85.36,85.16,85.32,81540.81
2026-03-12 07:00:00,85.32,85.48,84.93,85.15,343299.75
2026-03-12 07:15:00,85.16,85.5,85.15,85.47,159634.54
2026-03-12 07:30:00,85.47,85.76,85.43,85.71,256549.65
2026-03-12 07:45:00,85.71,85.86,85.65,85.77,176018.12
2026-03-12 08:00:00,85.77,86.0,85.34,85.51,450908.17
2026-03-12 08:15:00,85.52,86.13,85.48,85.78,276244.32
2026-03-12 08:30:00,85.77,85.92,85.66,85.86,103104.54
2026-03-12 08:45:00,85.86,85.96,85.74,85.9,76167.77
2026-03-12 09:00:00,85.9,85.9,85.54,85.59,102240.64
2026-03-12 09:15:00,85.6,85.66,85.4,85.6,184996.65
2026-03-12 09:30:00,85.6,86.51,85.58,86.43,267505.92
2026-03-12 09:45:00,86.43,86.67,85.82,86.15,276829.17
2026-03-12 10:00:00,86.15,86.33,85.98,86.11,142297.01
2026-03-12 10:15:00,86.11,86.65,86.07,86.61,221599.61
2026-03-12 10:30:00,86.62,87.02,86.43,86.81,524906.88
2026-03-12 10:45:00,86.81,86.96,86.57,86.72,321584.97
2026-03-12 11:00:00,86.71,86.85,86.63,86.66,170648.25
2026-03-12 11:15:00,86.66,86.99,86.58,86.78,198948.92
2026-03-12 11:30:00,86.77,86.99,86.74,86.94,145020.71
2026-03-12 11:45:00,86.95,87.1,86.63,86.75,397581.83
2026-03-12 12:00:00,86.75,87.02,86.51,86.83,319959.28
2026-03-12 12:15:00,86.82,87.44,86.78,87.14,411605.76
2026-03-12 12:30:00,87.14,87.22,86.98,87.14,190886.84
2026-03-12 12:45:00,87.14,87.46,87.09,87.2,330292.99
2026-03-12 13:00:00,87.21,87.59,87.19,87.25,263353.64
2026-03-12 13:15:00,87.26,87.29,86.67,86.9,600245.13
2026-03-12 13:30:00,86.9,87.66,86.77,86.91,573602.03
2026-03-12 13:45:00,86.91,87.05,86.3,86.7,585082.12
2026-03-12 14:00:00,86.7,87.28,86.68,87.21,322102.08
2026-03-12 14:15:00,87.22,87.63,86.36,86.39,727070.21
2026-03-12 14:30:00,86.39,86.43,85.34,85.6,912875.29
2026-03-12 14:45:00,85.6,85.83,85.13,85.47,569706.57
2026-03-12 15:00:00,85.48,85.78,85.03,85.55,529682.17
2026-03-12 15:15:00,85.54,86.52,85.33,86.37,538076.35
2026-03-12 15:30:00,86.36,86.95,86.15,86.75,654585.45
2026-03-12 15:45:00,86.74,86.98,86.39,86.53,303830.98
2026-03-12 16:00:00,86.52,86.91,85.73,86.09,544838.76
2026-03-12 16:15:00,86.09,86.93,86.06,86.14,370505.96
2026-03-12 16:30:00,86.13,86.87,86.02,86.78,305892.3
2026-03-12 16:45:00,86.77,87.05,86.49,86.77,392057.03
2026-03-12 17:00:00,86.76,86.87,86.5,86.74,245802.5
2026-03-12 17:15:00,86.73,86.77,86.27,86.45,217982.09
2026-03-12 17:30:00,86.45,86.87,86.39,86.81,170732.7
2026-03-12 17:45:00,86.82,86.96,86.35,86.56,257761.35
2026-03-12 18:00:00,86.55,86.77,86.29,86.46,213559.9
2026-03-12 18:15:00,86.46,86.58,85.91,86.1,216751.82
2026-03-12 18:30:00,86.09,86.25,85.91,86.01,157813.49
2026-03-12 18:45:00,86.01,86.07,85.75,85.82,167436.39
2026-03-12 19:00:00,85.82,86.06,85.61,85.78,176751.66
2026-03-12 19:15:00,85.78,86.44,85.78,86.42,251046.02
2026-03-12 19:30:00,86.43,86.72,86.41,86.65,212192.59
2026-03-12 19:45:00,86.64,86.92,86.59,86.75,164089.95
2026-03-12 20:00:00,86.75,86.92,86.55,86.66,170277.38
2026-03-12 20:15:00,86.66,86.89,86.46,86.64,180112.28
2026-03-12 20:30:00,86.64,86.64,86.37,86.41,116741.01
2026-03-12 20:45:00,86.41,86.61,86.37,86.41,57929.15
2026-03-12 21:00:00,86.41,86.66,86.39,86.52,69850.48
2026-03-12 21:15:00,86.53,86.56,86.29,86.31,88955.18
2026-03-12 21:30:00,86.3,86.33,86.11,86.25,105674.74
2026-03-12 21:45:00,86.24,86.63,86.19,86.49,76778.62
2026-03-12 22:00:00,86.49,86.57,86.36,86.44,84158.03
2026-03-12 22:15:00,86.43,86.45,86.1,86.22,136956.56
2026-03-12 22:30:00,86.21,86.27,86.07,86.09,126413.17
2026-03-12 22:45:00,86.09,86.28,85.9,86.24,141602.81
2026-03-12 23:00:00,86.25,86.94,86.22,86.89,330914.98
2026-03-12 23:15:00,86.9,87.18,86.8,86.89,264950.86
2026-03-12 23:30:00,86.89,86.97,86.81,86.94,95473.05
2026-03-12 23:45:00,86.95,87.0,86.73,86.8,190174.85
2026-03-13 00:00:00,86.79,87.6,86.66,87.6,352973.37
2026-03-13 00:15:00,87.6,90.45,87.58,89.73,2827108.64
2026-03-13 00:30:00,89.72,91.15,89.72,89.96,1372060.45
2026-03-13 00:45:00,89.96,90.15,89.47,89.75,625575.81
2026-03-13 01:00:00,89.74,90.19,89.73,89.98,356933.63
2026-03-13 01:15:00,89.97,90.41,89.79,90.3,419230.39
2026-03-13 01:30:00,90.3,90.72,89.78,90.58,488440.36
2026-03-13 01:45:00,90.58,90.63,90.35,90.45,189234.86
2026-03-13 02:00:00,90.45,90.56,90.09,90.14,239142.7
2026-03-13 02:15:00,90.14,90.25,89.85,89.87,204567.33
2026-03-13 02:30:00,89.87,89.89,89.13,89.2,416150.34
2026-03-13 02:45:00,89.2,89.35,88.89,89.05,295040.74
2026-03-13 03:00:00,89.05,89.49,89.04,89.26,246256.68
2026-03-13 03:15:00,89.26,89.6,89.12,89.13,182651.46
2026-03-13 03:30:00,89.13,89.41,88.84,89.25,198713.6
2026-03-13 03:45:00,89.24,89.95,89.22,89.66,391332.21
2026-03-13 04:00:00,89.66,89.71,89.35,89.41,149473.05
2026-03-13 04:15:00,89.4,89.46,89.16,89.21,114104.01
2026-03-13 04:30:00,89.21,89.46,89.16,89.38,104695.61
2026-03-13 04:45:00,89.39,89.45,89.2,89.3,73942.03
2026-03-13 05:00:00,89.3,89.32,88.89,88.93,234328.64
2026-03-13 05:15:00,88.93,89.2,88.89,89.09,127873.19
2026-03-13 05:30:00,89.09,89.43,88.87,89.0,251781.68
2026-03-13 05:45:00,89.01,89.16,88.85,89.04,151645.46
2026-03-13 06:00:00,89.04,89.19,88.84,89.01,133856.01
2026-03-13 06:15:00,89.0,89.13,88.4,88.44,280072.14
2026-03-13 06:30:00,88.45,88.62,88.21,88.46,277563.17
2026-03-13 06:45:00,88.45,88.59,88.29,88.38,218575.11
2026-03-13 07:00:00,88.37,88.76,88.1,88.64,435496.32
2026-03-13 07:15:00,88.64,88.93,88.56,88.77,170506.93
2026-03-13 07:30:00,88.76,88.85,88.19,88.45,301592.42
2026-03-13 07:45:00,88.45,88.73,88.39,88.62,135291.92
2026-03-13 08:00:00,88.62,88.66,88.27,88.43,151209.2
2026-03-13 08:15:00,88.43,88.85,88.39,88.73,142483.13
2026-03-13 08:30:00,88.74,89.62,88.73,89.22,586692.28
2026-03-13 08:45:00,89.22,89.27,88.91,89.1,225025.54
2026-03-13 09:00:00,89.09,89.36,89.06,89.13,182041.23
2026-03-13 09:15:00,89.12,89.19,88.72,89.1,171620.18
2026-03-13 09:30:00,89.11,89.4,89.03,89.27,143105.28
2026-03-13 09:45:00,89.26,89.6,89.21,89.47,207446.95
2026-03-13 10:00:00,89.46,89.86,89.41,89.69,328307.0
2026-03-13 10:15:00,89.69,89.95,89.52,89.71,281031.06
2026-03-13 10:30:00,89.71,90.04,89.62,89.86,341526.05
2026-03-13 10:45:00,89.87,90.26,89.83,90.14,400721.46
2026-03-13 11:00:00,90.14,90.26,90.03,90.12,237381.65
2026-03-13 11:15:00,90.12,90.31,89.92,90.11,209990.97
2026-03-13 11:30:00,90.11,90.19,89.93,90.07,129667.62
2026-03-13 11:45:00,90.07,90.41,89.92,90.27,266864.34
2026-03-13 12:00:00,90.27,90.62,90.24,90.34,279997.47
2026-03-13 12:15:00,90.33,90.57,90.08,90.23,189891.08
2026-03-13 12:30:00,90.23,90.69,90.19,90.27,237140.01
2026-03-13 12:45:00,90.28,91.36,90.28,90.94,680404.81
2026-03-13 13:00:00,90.95,91.49,90.88,91.25,358034.62
2026-03-13 13:15:00,91.24,92.1,91.04,91.38,1251437.92
2026-03-13 13:30:00,91.38,92.03,91.1,92.01,715093.36
2026-03-13 13:45:00,92.01,92.29,91.69,91.83,644722.75
2026-03-13 14:00:00,91.82,93.38,91.82,92.42,1376324.35
2026-03-13 14:15:00,92.41,92.95,92.26,92.55,594450.0
2026-03-13 14:30:00,92.54,92.8,91.6,91.69,664041.08
2026-03-13 14:45:00,91.68,91.69,90.42,90.67,1424038.6
2026-03-13 15:00:00,90.66,90.95,90.22,90.83,604675.44
2026-03-13 15:15:00,90.83,91.21,90.41,90.43,424793.59
2026-03-13 15:30:00,90.43,90.6,89.41,89.74,749176.99
2026-03-13 15:45:00,89.74,90.17,89.24,89.42,578442.66
2026-03-13 16:00:00,89.43,89.83,89.16,89.59,550978.54
2026-03-13 16:15:00,89.59,89.66,88.76,89.24,588145.42
2026-03-13 16:30:00,89.23,89.67,89.22,89.59,316730.19
2026-03-13 16:45:00,89.58,89.91,89.46,89.55,335895.55
2026-03-13 17:00:00,89.56,89.89,89.47,89.89,214196.36
2026-03-13 17:15:00,89.89,90.14,89.13,89.26,441874.42
2026-03-13 17:30:00,89.26,89.43,88.7,88.89,349255.83
2026-03-13 17:45:00,88.89,88.99,88.52,88.82,520810.65
2026-03-13 18:00:00,88.83,88.95,88.44,88.91,454577.92
2026-03-13 18:15:00,88.91,88.98,88.3,88.89,444416.58
2026-03-13 18:30:00,88.89,89.08,88.84,88.96,174764.23
2026-03-13 18:45:00,88.95,88.96,88.64,88.77,121102.97
2026-03-13 19:00:00,88.76,88.82,88.3,88.7,374025.14
2026-03-13 19:15:00,88.71,88.93,88.58,88.67,167500.39
2026-03-13 19:30:00,88.68,88.88,88.51,88.77,141360.68
2026-03-13 19:45:00,88.78,89.0,88.73,88.86,236515.16
2026-03-13 20:00:00,88.86,88.97,88.48,88.92,317211.11
2026-03-13 20:15:00,88.91,89.04,88.78,88.85,122244.7
2026-03-13 20:30:00,88.86,88.98,88.82,88.9,51232.33
2026-03-13 20:45:00,88.9,89.06,88.71,88.84,192378.39
2026-03-13 21:00:00,88.84,89.09,88.84,88.93,111575.87
2026-03-13 21:15:00,88.94,88.94,88.42,88.51,152079.79
2026-03-13 21:30:00,88.5,88.72,88.24,88.6,188690.05
2026-03-13 21:45:00,88.59,88.71,88.49,88.53,57398.02
2026-03-13 22:00:00,88.52,88.61,87.84,88.16,416159.74
2026-03-13 22:15:00,88.16,88.17,87.77,87.84,231443.9
2026-03-13 22:30:00,87.84,88.01,87.68,87.84,197273.07
2026-03-13 22:45:00,87.84,88.04,87.77,87.97,116051.55
2026-03-13 23:00:00,87.96,88.03,87.75,87.99,105956.7
2026-03-13 23:15:00,88.0,88.21,87.98,88.07,145020.34
2026-03-13 23:30:00,88.07,88.15,88.0,88.08,72384.98
2026-03-13 23:45:00,88.08,88.15,87.98,88.12,61929.08
2026-03-14 00:00:00,88.11,88.2,87.9,88.19,143076.06
2026-03-14 00:15:00,88.19,88.26,88.03,88.21,98701.2
2026-03-14 00:30:00,88.21,88.33,87.83,87.83,122723.93
2026-03-14 00:45:00,87.84,87.97,87.79,87.89,124977.69
2026-03-14 01:00:00,87.88,88.11,87.86,87.95,110835.97
2026-03-14 01:15:00,87.94,88.14,87.91,88.04,54623.83
2026-03-14 01:30:00,88.05,88.23,87.75,88.16,178077.6
2026-03-14 01:45:00,88.17,88.33,88.16,88.19,96132.45
2026-03-14 02:00:00,88.19,88.25,88.08,88.15,57183.57
2026-03-14 02:15:00,88.16,88.21,88.02,88.08,47819.46
2026-03-14 02:30:00,88.09,88.1,87.93,88.0,56638.17
2026-03-14 02:45:00,88.0,88.28,87.96,88.18,75143.14
2026-03-14 03:00:00,88.18,88.48,88.17,88.41,122449.87
2026-03-14 03:15:00,88.41,88.54,88.23,88.38,142069.75
2026-03-14 03:30:00,88.39,88.57,88.35,88.45,126582.23
2026-03-14 03:45:00,88.45,88.48,88.29,88.35,59040.64
2026-03-14 04:00:00,88.35,88.53,88.33,88.47,69989.95
2026-03-14 04:15:00,88.47,88.53,88.27,88.49,150192.06
2026-03-14 04:30:00,88.48,88.66,88.39,88.58,100066.97
2026-03-14 04:45:00,88.58,88.62,88.16,88.2,141160.1
2026-03-14 05:00:00,88.2,88.29,88.06,88.25,112106.36
2026-03-14 05:15:00,88.26,88.35,88.11,88.23,102559.43
2026-03-14 05:30:00,88.24,88.26,87.83,87.96,272851.13
2026-03-14 05:45:00,87.96,88.05,87.89,88.03,65797.43
2026-03-14 06:00:00,88.02,88.05,87.91,87.97,62051.43
2026-03-14 06:15:00,87.98,87.98,87.42,87.5,346860.95
2026-03-14 06:30:00,87.51,87.51,86.87,87.07,525368.84
2026-03-14 06:45:00,87.07,87.34,87.01,87.2,182891.18
2026-03-14 07:00:00,87.2,87.38,87.13,87.28,152828.67
2026-03-14 07:15:00,87.29,87.32,87.11,87.31,66356.32
2026-03-14 07:30:00,87.31,87.37,87.13,87.23,78405.79
2026-03-14 07:45:00,87.23,87.32,87.17,87.27,68656.46
2026-03-14 08:00:00,87.27,87.43,87.19,87.41,77415.9
2026-03-14 08:15:00,87.42,87.51,87.22,87.37,135250.01
2026-03-14 08:30:00,87.37,87.39,87.11,87.14,88822.26
2026-03-14 08:45:00,87.14,87.18,87.01,87.08,108772.37
2026-03-14 09:00:00,87.09,87.26,87.04,87.23,105479.83
2026-03-14 09:15:00,87.23,87.24,87.07,87.14,64765.76
2026-03-14 09:30:00,87.15,87.16,86.94,87.06,88060.99
2026-03-14 09:45:00,87.07,87.07,86.56,86.78,346710.58
2026-03-14 10:00:00,86.79,86.88,86.64,86.82,94507.2
2026-03-14 10:15:00,86.81,86.82,86.62,86.7,86106.86
2026-03-14 10:30:00,86.71,86.71,86.41,86.53,311798.44
2026-03-14 10:45:00,86.54,86.71,86.51,86.6,90112.99
2026-03-14 11:00:00,86.61,86.8,86.58,86.74,115899.16
2026-03-14 11:15:00,86.75,86.91,86.65,86.85,118039.48
2026-03-14 11:30:00,86.86,86.86,86.69,86.83,93945.49
2026-03-14 11:45:00,86.84,86.96,86.8,86.9,156731.27
2026-03-14 12:00:00,86.9,87.02,86.81,86.94,197180.7
2026-03-14 12:15:00,86.94,87.03,86.86,86.95,67819.72
2026-03-14 12:30:00,86.95,86.98,86.74,86.83,149172.84
2026-03-14 12:45:00,86.82,87.07,86.82,87.04,102791.74
2026-03-14 13:00:00,87.05,87.12,86.96,87.05,77108.53
2026-03-14 13:15:00,87.06,87.31,87.05,87.26,201306.45
2026-03-14 13:30:00,87.26,87.3,87.16,87.21,86927.43
2026-03-14 13:45:00,87.2,87.2,86.99,87.04,105280.56
2026-03-14 14:00:00,87.04,87.18,86.67,86.75,187394.54
2026-03-14 14:15:00,86.75,87.0,86.75,86.99,83130.37
2026-03-14 14:30:00,87.0,87.02,86.57,86.6,121005.76
2026-03-14 14:45:00,86.6,86.79,86.6,86.66,109691.84
2026-03-14 15:00:00,86.65,86.84,86.57,86.78,106049.49
2026-03-14 15:15:00,86.79,86.87,86.76,86.81,42973.38
2026-03-14 15:30:00,86.81,86.82,86.6,86.66,92542.2
2026-03-14 15:45:00,86.65,86.79,86.62,86.67,58046.1
2026-03-14 16:00:00,86.67,86.76,86.57,86.72,130107.57
2026-03-14 16:15:00,86.72,86.93,86.71,86.87,75483.72
2026-03-14 16:30:00,86.86,87.03,86.86,86.9,81940.61
2026-03-14 16:45:00,86.91,87.07,86.84,87.01,82671.92
2026-03-14 17:00:00,87.01,87.04,86.9,86.98,81325.68
2026-03-14 17:15:00,86.98,87.01,86.91,86.99,42966.27
2026-03-14 17:30:00,86.99,87.01,86.85,86.9,52369.09
2026-03-14 17:45:00,86.91,86.93,86.77,86.82,44744.05
2026-03-14 18:00:00,86.82,86.87,86.73,86.8,56826.82
2026-03-14 18:15:00,86.8,86.9,86.73,86.87,54270.46
2026-03-14 18:30:00,86.87,86.99,86.86,86.93,45206.99
2026-03-14 18:45:00,86.94,87.06,86.91,86.98,51442.79
2026-03-14 19:00:00,86.97,86.98,86.84,86.91,68588.27
2026-03-14 19:15:00,86.91,87.03,86.89,86.91,32401.34
2026-03-14 19:30:00,86.91,87.03,86.86,86.98,40211.85
2026-03-14 19:45:00,86.99,87.01,86.89,86.95,30495.86
2026-03-14 20:00:00,86.96,86.97,86.82,86.86,48273.75
2026-03-14 20:15:00,86.86,86.95,86.82,86.85,32834.48
2026-03-14 20:30:00,86.85,87.05,86.83,87.02,45803.14
2026-03-14 20:45:00,87.02,87.1,86.97,87.02,82125.17
2026-03-14 21:00:00,87.02,87.02,86.8,86.86,65249.26
2026-03-14 21:15:00,86.87,86.99,86.86,86.93,30153.83
2026-03-14 21:30:00,86.94,87.1,86.91,87.05,31229.35
2026-03-14 21:45:00,87.06,87.29,87.05,87.22,94358.56
2026-03-14 22:00:00,87.22,87.41,87.15,87.25,123530.59
2026-03-14 22:15:00,87.24,87.36,87.19,87.25,65804.51
2026-03-14 22:30:00,87.25,87.34,87.24,87.3,36699.1
2026-03-14 22:45:00,87.3,87.31,87.17,87.25,42497.87
2026-03-14 23:00:00,87.26,88.08,87.25,87.84,437952.08
2026-03-14 23:15:00,87.85,87.92,87.62,87.88,121276.77
2026-03-14 23:30:00,87.88,88.12,87.83,88.03,146643.72
2026-03-14 23:45:00,88.03,88.12,87.88,87.99,112124.31
2026-03-15 00:00:00,88.0,88.08,87.84,88.01,137487.44
2026-03-15 00:15:00,88.01,88.16,87.76,87.9,138772.11
2026-03-15 00:30:00,87.9,88.0,87.72,87.91,79470.19
2026-03-15 00:45:00,87.91,87.91,87.62,87.7,100208.93
2026-03-15 01:00:00,87.7,87.85,87.53,87.73,97297.41
2026-03-15 01:15:00,87.74,87.86,87.62,87.75,70519.44
2026-03-15 01:30:00,87.75,87.76,87.51,87.59,133033.64
2026-03-15 01:45:00,87.59,87.73,87.53,87.62,75671.49
2026-03-15 02:00:00,87.63,88.26,87.63,88.1,249995.75
2026-03-15 02:15:00,88.11,88.2,88.01,88.1,106889.59
2026-03-15 02:30:00,88.11,88.27,87.9,88.26,195621.69
2026-03-15 02:45:00,88.26,88.59,88.13,88.24,340340.24
2026-03-15 03:00:00,88.24,88.38,88.09,88.16,107649.11
2026-03-15 03:15:00,88.16,88.18,87.84,87.84,142822.68
2026-03-15 03:30:00,87.84,87.96,87.71,87.74,139501.45
2026-03-15 03:45:00,87.74,87.81,87.64,87.79,97141.32
2026-03-15 04:00:00,87.8,88.19,87.79,88.14,165000.9
2026-03-15 04:15:00,88.14,88.23,87.94,87.97,154005.7
2026-03-15 04:30:00,87.97,88.18,87.89,88.17,93043.1
2026-03-15 04:45:00,88.18,88.28,88.06,88.27,82697.63
2026-03-15 05:00:00,88.27,88.28,88.05,88.12,72562.14
2026-03-15 05:15:00,88.12,88.59,88.06,88.28,273315.09
2026-03-15 05:30:00,88.29,88.57,88.23,88.43,128735.35
2026-03-15 05:45:00,88.43,88.47,88.24,88.25,121405.67
2026-03-15 06:00:00,88.25,88.46,88.25,88.39,64066.79
2026-03-15 06:15:00,88.4,88.54,88.3,88.33,148002.06
2026-03-15 06:30:00,88.32,88.33,88.07,88.19,155892.64
2026-03-15 06:45:00,88.18,88.33,88.18,88.31,57967.45
2026-03-15 07:00:00,88.31,88.49,88.2,88.37,111244.13
2026-03-15 07:15:00,88.37,88.45,88.32,88.36,54447.42
2026-03-15 07:30:00,88.36,88.36,88.14,88.14,68349.05
2026-03-15 07:45:00,88.14,88.19,88.06,88.17,58197.47
2026-03-15 08:00:00,88.18,88.33,88.09,88.25,101372.64
2026-03-15 08:15:00,88.26,88.42,88.24,88.28,71953.33
2026-03-15 08:30:00,88.29,88.31,88.2,88.3,55367.3
2026-03-15 08:45:00,88.31,88.48,88.31,88.43,88800.85
2026-03-15 09:00:00,88.44,88.83,88.43,88.7,321875.8
2026-03-15 09:15:00,88.71,88.8,88.55,88.57,109300.57
2026-03-15 09:30:00,88.57,88.61,88.42,88.45,86450.22
2026-03-15 09:45:00,88.46,88.55,88.36,88.49,63541.13
2026-03-15 10:00:00,88.49,88.56,88.33,88.5,84141.18
2026-03-15 10:15:00,88.5,88.66,88.46,88.52,49170.28
2026-03-15 10:30:00,88.52,88.55,88.42,88.48,44561.04
2026-03-15 10:45:00,88.48,88.5,88.38,88.42,59735.38
2026-03-15 11:00:00,88.43,88.43,88.24,88.32,129028.47
2026-03-15 11:15:00,88.31,88.4,88.18,88.22,89530.69
2026-03-15 11:30:00,88.22,88.37,88.22,88.34,64400.61
2026-03-15 11:45:00,88.35,88.63,88.33,88.51,104159.33
2026-03-15 12:00:00,88.51,88.52,88.21,88.28,101499.79
2026-03-15 12:15:00,88.28,88.39,88.21,88.37,53627.9
2026-03-15 12:30:00,88.37,88.41,88.13,88.16,90278.7
2026-03-15 12:45:00,88.16,88.3,88.15,88.22,75712.06
2026-03-15 13:00:00,88.23,88.35,87.56,87.8,405646.51
2026-03-15 13:15:00,87.79,87.94,87.56,87.84,280100.48
2026-03-15 13:30:00,87.84,87.94,87.31,87.54,330031.95
2026-03-15 13:45:00,87.54,87.82,87.44,87.8,159060.16
2026-03-15 14:00:00,87.8,87.87,87.64,87.78,137619.79
2026-03-15 14:15:00,87.79,87.79,87.54,87.68,105232.63
2026-03-15 14:30:00,87.68,87.94,87.51,87.83,151817.71
2026-03-15 14:45:00,87.83,87.96,87.73,87.93,102747.81
2026-03-15 15:00:00,87.93,88.02,87.82,87.89,74013.12
2026-03-15 15:15:00,87.89,88.08,87.79,87.82,90730.77
2026-03-15 15:30:00,87.81,87.98,87.71,87.9,69184.84
2026-03-15 15:45:00,87.89,88.0,87.84,87.86,48007.18
2026-03-15 16:00:00,87.86,88.0,87.75,87.96,107075.91
2026-03-15 16:15:00,87.95,88.0,87.54,87.66,152298.85
2026-03-15 16:30:00,87.66,87.77,87.51,87.66,102962.81
2026-03-15 16:45:00,87.66,87.73,87.41,87.5,93269.63
2026-03-15 17:00:00,87.51,87.76,87.45,87.69,92622.86
2026-03-15 17:15:00,87.68,87.87,87.65,87.76,64013.81
2026-03-15 17:30:00,87.76,87.91,87.72,87.89,65727.57
2026-03-15 17:45:00,87.88,88.77,87.82,88.37,452493.72
2026-03-15 18:00:00,88.38,88.58,88.35,88.49,167292.63
2026-03-15 18:15:00,88.5,88.6,88.42,88.49,100644.02
2026-03-15 18:30:00,88.5,88.65,88.42,88.51,71766.02
2026-03-15 18:45:00,88.51,88.54,87.78,87.85,308404.71
2026-03-15 19:00:00,87.86,88.12,87.75,88.08,151041.42
2026-03-15 19:15:00,88.07,88.24,87.92,88.17,85080.37
2026-03-15 19:30:00,88.16,88.21,88.03,88.07,57295.12
2026-03-15 19:45:00,88.07,88.19,87.94,88.14,55441.94
2026-03-15 20:00:00,88.13,88.19,87.99,88.02,57620.34
2026-03-15 20:15:00,88.02,88.13,87.92,88.07,87701.64
2026-03-15 20:30:00,88.08,88.99,88.08,88.78,403577.56
2026-03-15 20:45:00,88.78,88.87,88.66,88.7,122671.8
2026-03-15 21:00:00,88.7,88.88,88.5,88.55,165275.4
2026-03-15 21:15:00,88.56,88.94,88.55,88.79,175550.99
2026-03-15 21:30:00,88.79,90.12,88.78,89.71,965247.53
2026-03-15 21:45:00,89.71,90.26,89.69,89.97,305438.11
2026-03-15 22:00:00,89.97,90.97,89.8,90.07,889982.61
2026-03-15 22:15:00,90.07,90.47,89.91,90.39,313356.83
2026-03-15 22:30:00,90.39,92.58,90.37,91.98,1368618.99
2026-03-15 22:45:00,91.97,92.93,91.95,92.63,723679.16
2026-03-15 23:00:00,92.62,93.23,92.45,92.67,894818.18
2026-03-15 23:15:00,92.66,93.03,91.74,91.78,662668.24
2026-03-15 23:30:00,91.77,92.26,91.56,92.25,434766.11
2026-03-15 23:45:00,92.24,92.4,91.92,92.28,227134.99
2026-03-16 00:00:00,92.28,93.09,92.28,92.32,810789.69
2026-03-16 00:15:00,92.32,92.69,91.92,91.95,257355.44
2026-03-16 00:30:00,91.95,92.38,91.85,92.04,223751.49
2026-03-16 00:45:00,92.04,92.27,91.97,91.99,130535.26
2026-03-16 01:00:00,91.99,92.14,91.52,91.56,323095.01
2026-03-16 01:15:00,91.57,92.14,91.47,91.95,265781.35
2026-03-16 01:30:00,91.95,91.95,91.53,91.72,164360.28
2026-03-16 01:45:00,91.73,92.23,91.68,92.09,188848.75
2026-03-16 02:00:00,92.08,92.26,91.85,91.96,157110.38
2026-03-16 02:15:00,91.96,92.04,91.15,91.3,268481.93
2026-03-16 02:30:00,91.29,91.49,91.15,91.38,155745.77
2026-03-16 02:45:00,91.39,91.63,91.37,91.45,164628.92
2026-03-16 03:00:00,91.46,91.59,91.24,91.5,170614.73
2026-03-16 03:15:00,91.5,92.3,91.39,92.09,375595.44
2026-03-16 03:30:00,92.1,93.97,92.09,93.25,1777666.52
2026-03-16 03:45:00,93.25,93.47,92.95,93.14,463309.98
2026-03-16 04:00:00,93.14,93.57,93.14,93.33,321073.84
2026-03-16 04:15:00,93.33,93.73,92.91,93.02,406038.74
2026-03-16 04:30:00,93.02,93.29,92.93,93.08,330249.63
2026-03-16 04:45:00,93.09,94.27,93.04,93.6,760003.66
2026-03-16 05:00:00,93.61,94.02,93.16,93.64,601028.09
2026-03-16 05:15:00,93.65,94.15,93.53,94.1,439050.97
2026-03-16 05:30:00,94.11,94.19,93.7,94.06,341646.5
2026-03-16 05:45:00,94.06,94.33,93.84,94.01,426146.87
2026-03-16 06:00:00,94.0,94.01,93.11,93.29,456203.54
2026-03-16 06:15:00,93.3,93.78,93.26,93.41,282947.37
2026-03-16 06:30:00,93.41,93.66,93.39,93.6,142551.29
2026-03-16 06:45:00,93.6,93.64,93.36,93.37,120137.88
2026-03-16 07:00:00,93.38,93.77,93.3,93.67,176582.66
2026-03-16 07:15:00,93.67,93.84,93.42,93.74,189405.15
2026-03-16 07:30:00,93.74,93.82,93.29,93.51,236092.37
2026-03-16 07:45:00,93.51,93.66,93.39,93.54,191767.91
2026-03-16 08:00:00,93.54,93.99,93.53,93.55,276409.08
2026-03-16 08:15:00,93.56,93.7,93.24,93.28,228245.45
2026-03-16 08:30:00,93.28,93.32,92.58,92.64,474981.45
2026-03-16 08:45:00,92.64,93.01,92.54,92.84,254897.04
2026-03-16 09:00:00,92.83,93.0,92.69,92.91,144362.85
2026-03-16 09:15:00,92.92,93.39,92.81,93.09,231523.14
2026-03-16 09:30:00,93.08,93.25,93.02,93.06,174139.92
2026-03-16 09:45:00,93.05,93.43,93.05,93.26,169579.91
2026-03-16 10:00:00,93.27,93.63,93.22,93.46,175680.86
2026-03-16 10:15:00,93.46,93.72,93.4,93.5,155316.07
2026-03-16 10:30:00,93.5,93.51,93.26,93.39,143724.64
2026-03-16 10:45:00,93.39,93.92,93.33,93.87,288110.16
2026-03-16 11:00:00,93.86,93.94,93.7,93.73,188910.5
2026-03-16 11:15:00,93.72,93.87,93.48,93.56,153115.09
2026-03-16 11:30:00,93.55,93.78,93.49,93.78,99263.88
2026-03-16 11:45:00,93.78,93.93,93.66,93.71,96660.22
2026-03-16 12:00:00,93.71,94.16,93.29,93.71,372129.52
2026-03-16 12:15:00,93.7,94.13,93.6,93.97,378125.16
2026-03-16 12:30:00,93.97,94.15,93.67,93.76,353131.15
2026-03-16 12:45:00,93.76,93.88,93.64,93.73,124322.68
2026-03-16 13:00:00,93.73,93.98,93.49,93.83,220795.99
2026-03-16 13:15:00,93.83,94.12,93.67,94.06,208211.06
2026-03-16 13:30:00,94.07,95.08,93.71,93.92,1535669.23
2026-03-16 13:45:00,93.93,94.52,93.37,93.62,804570.66
2026-03-16 14:00:00,93.62,94.48,93.5,94.32,511859.14
2026-03-16 14:15:00,94.31,94.48,93.17,93.19,568488.84
2026-03-16 14:30:00,93.19,93.2,92.32,92.62,1085187.4
2026-03-16 14:45:00,92.61,93.59,92.53,93.58,559618.16
2026-03-16 15:00:00,93.57,93.93,93.0,93.64,457543.86
2026-03-16 15:15:00,93.63,94.07,93.51,94.04,305656.27
2026-03-16 15:30:00,94.04,94.32,93.58,93.66,286966.22
2026-03-16 15:45:00,93.65,93.9,93.03,93.14,278572.02
2026-03-16 16:00:00,93.13,93.61,93.07,93.13,259118.23
2026-03-16 16:15:00,93.12,93.43,93.08,93.29,175940.17
2026-03-16 16:30:00,93.28,93.81,93.12,93.71,167612.87
2026-03-16 16:45:00,93.72,94.03,93.39,93.76,261110.93
2026-03-16 17:00:00,93.76,94.01,93.65,93.92,196814.39
2026-03-16 17:15:00,93.91,94.18,93.63,93.66,184939.1
2026-03-16 17:30:00,93.66,94.17,93.66,94.09,186266.72
2026-03-16 17:45:00,94.08,94.39,93.79,94.04,225516.64
2026-03-16 18:00:00,94.04,94.84,94.0,94.54,452800.85
2026-03-16 18:15:00,94.55,95.08,94.5,94.72,391023.36
2026-03-16 18:30:00,94.73,95.03,94.4,94.7,315047.08
2026-03-16 18:45:00,94.7,94.71,94.26,94.34,191457.05
2026-03-16 19:00:00,94.34,95.44,94.13,95.13,473702.89
2026-03-16 19:15:00,95.12,95.39,94.71,95.07,298236.97
2026-03-16 19:30:00,95.07,95.28,94.95,95.02,141887.97
2026-03-16 19:45:00,95.03,95.45,94.65,95.18,344559.33
2026-03-16 20:00:00,95.17,95.36,95.02,95.31,162998.74
2026-03-16 20:15:00,95.31,95.89,95.27,95.66,383302.29
2026-03-16 20:30:00,95.65,95.94,95.48,95.51,290641.45
2026-03-16 20:45:00,95.51,95.92,95.42,95.72,221538.68
2026-03-16 21:00:00,95.73,96.14,95.44,95.84,351510.2
2026-03-16 21:15:00,95.83,96.1,95.61,95.75,194692.88
2026-03-16 21:30:00,95.76,96.87,95.67,96.38,492791.4
2026-03-16 21:45:00,96.37,96.79,96.12,96.13,221235.29
2026-03-16 22:00:00,96.12,97.65,96.1,97.24,686625.48
2026-03-16 22:15:00,97.25,97.33,96.14,96.44,454280.16
2026-03-16 22:30:00,96.45,96.73,96.41,96.66,181578.74
2026-03-16 22:45:00,96.67,96.86,96.15,96.32,257410.39
2026-03-16 23:00:00,96.33,96.33,95.37,95.64,523523.2
2026-03-16 23:15:00,95.63,95.94,95.55,95.92,167134.27
2026-03-16 23:30:00,95.91,96.3,95.86,96.27,193179.23
2026-03-16 23:45:00,96.28,96.42,95.93,96.14,161252.8
2026-03-17 00:00:00,96.14,96.91,95.67,96.68,507891.83
2026-03-17 00:15:00,96.69,96.75,95.27,95.7,509417.88
2026-03-17 00:30:00,95.7,96.05,95.28,95.45,266874.52
2026-03-17 00:45:00,95.44,95.66,95.09,95.47,282159.61
2026-03-17 01:00:00,95.47,96.06,94.9,95.79,460074.87
2026-03-17 01:15:00,95.78,95.85,95.31,95.7,216824.82
2026-03-17 01:30:00,95.71,96.0,95.22,95.56,249352.03
2026-03-17 01:45:00,95.55,95.73,95.28,95.66,130111.54
2026-03-17 02:00:00,95.66,95.72,94.96,95.15,193440.31
2026-03-17 02:15:00,95.15,95.23,94.87,94.99,143111.13
2026-03-17 02:30:00,94.98,95.55,94.81,95.43,204830.5
2026-03-17 02:45:00,95.42,95.55,95.06,95.09,139348.53
2026-03-17 03:00:00,95.08,95.24,94.73,94.75,193785.08
2026-03-17 03:15:00,94.75,94.88,94.47,94.62,199218.25
2026-03-17 03:30:00,94.61,94.64,93.87,94.0,562482.08
2026-03-17 03:45:00,94.0,94.11,93.66,94.02,370600.64
2026-03-17 04:00:00,94.02,94.23,93.95,94.13,235187.67
2026-03-17 04:15:00,94.13,94.17,93.46,93.73,263805.59
2026-03-17 04:30:00,93.72,93.85,93.11,93.42,426054.38
2026-03-17 04:45:00,93.41,93.82,93.38,93.74,177077.5
2026-03-17 05:00:00,93.75,93.94,93.5,93.74,214081.02
2026-03-17 05:15:00,93.74,94.03,93.73,93.96,156848.78
2026-03-17 05:30:00,93.96,94.06,93.39,93.43,191387.46
2026-03-17 05:45:00,93.43,93.87,93.3,93.75,196433.58
2026-03-17 06:00:00,93.75,94.08,93.42,94.01,204489.04
2026-03-17 06:15:00,94.01,94.27,93.91,94.13,172082.09
2026-03-17 06:30:00,94.13,94.19,93.79,93.83,126237.07
2026-03-17 06:45:00,93.84,93.97,93.73,93.85,87058.94
2026-03-17 07:00:00,93.85,94.27,93.81,94.23,165649.26
2026-03-17 07:15:00,94.24,94.6,94.23,94.48,239981.84
2026-03-17 07:30:00,94.49,94.59,94.37,94.47,111873.69
2026-03-17 07:45:00,94.47,94.55,94.3,94.38,80399.33
2026-03-17 08:00:00,94.38,94.78,94.32,94.43,235060.17
2026-03-17 08:15:00,94.43,94.66,94.22,94.55,108787.92
2026-03-17 08:30:00,94.55,94.83,94.42,94.78,118026.76
2026-03-17 08:45:00,94.78,94.92,94.24,94.36,165386.8
2026-03-17 09:00:00,94.35,94.45,94.01,94.13,202353.49
2026-03-17 09:15:00,94.13,95.05,94.07,94.68,392216.42
2026-03-17 09:30:00,94.69,94.78,94.45,94.6,129130.59
2026-03-17 09:45:00,94.6,94.6,93.65,93.86,338375.51
2026-03-17 10:00:00,93.85,94.02,93.54,93.82,234213.59
2026-03-17 10:15:00,93.81,93.83,93.47,93.64,237367.75
2026-03-17 10:30:00,93.63,93.69,93.4,93.52,164854.33
2026-03-17 10:45:00,93.52,93.59,93.2,93.52,230616.39
2026-03-17 11:00:00,93.51,93.71,93.33,93.7,246142.08
2026-03-17 11:15:00,93.7,93.85,93.52,93.73,234739.47
2026-03-17 11:30:00,93.73,93.79,93.59,93.75,104815.29
2026-03-17 11:45:00,93.74,93.86,93.52,93.59,119058.35
2026-03-17 12:00:00,93.59,94.03,93.56,93.81,142229.16
2026-03-17 12:15:00,93.82,94.03,93.24,93.4,211952.19
2026-03-17 12:30:00,93.4,93.61,93.1,93.48,239143.89
2026-03-17 12:45:00,93.48,93.48,93.2,93.37,130968.12
2026-03-17 13:00:00,93.36,93.67,93.28,93.67,175399.07
2026-03-17 13:15:00,93.66,93.72,93.46,93.58,115983.12
2026-03-17 13:30:00,93.57,94.55,93.5,93.88,687426.99
2026-03-17 13:45:00,93.87,94.03,93.34,93.75,485486.42
2026-03-17 14:00:00,93.75,94.25,93.43,94.08,321016.39
2026-03-17 14:15:00,94.09,94.26,93.77,94.16,215842.0
2026-03-17 14:30:00,94.16,94.64,94.12,94.39,323471.37
2026-03-17 14:45:00,94.39,94.56,94.03,94.45,247826.4
2026-03-17 15:00:00,94.45,95.1,93.84,93.85,686835.48
2026-03-17 15:15:00,93.85,94.2,93.6,93.77,318704.03
2026-03-17 15:30:00,93.77,93.96,93.19,93.52,357330.75
2026-03-17 15:45:00,93.51,93.86,93.36,93.76,191365.26
2026-03-17 16:00:00,93.77,94.18,93.66,94.0,218219.04
2026-03-17 16:15:00,93.99,94.75,93.98,94.47,368751.5
2026-03-17 16:30:00,94.47,94.56,94.13,94.35,262911.28
2026-03-17 16:45:00,94.35,94.47,94.1,94.34,90474.23
2026-03-17 17:00:00,94.35,94.69,94.08,94.29,139558.61
2026-03-17 17:15:00,94.3,94.66,94.17,94.29,177130.69
2026-03-17 17:30:00,94.29,94.51,94.15,94.32,114025.21
2026-03-17 17:45:00,94.32,94.62,94.21,94.51,144970.45
2026-03-17 18:00:00,94.51,95.0,94.39,94.87,256290.08
2026-03-17 18:15:00,94.87,95.13,94.82,94.91,302241.25
2026-03-17 18:30:00,94.9,95.6,94.88,95.29,353523.13
2026-03-17 18:45:00,95.28,95.42,94.84,95.28,211350.61
2026-03-17 19:00:00,95.28,95.52,95.24,95.27,201641.23
2026-03-17 19:15:00,95.28,95.39,94.87,95.02,158504.58
2026-03-17 19:30:00,95.02,95.15,94.79,94.92,140796.18
2026-03-17 19:45:00,94.92,94.96,94.53,94.6,264204.39
2026-03-17 20:00:00,94.59,94.74,94.35,94.4,187306.09
2026-03-17 20:15:00,94.39,95.0,94.39,94.88,150427.96
2026-03-17 20:30:00,94.88,94.9,94.62,94.72,83843.61
2026-03-17 20:45:00,94.72,94.94,94.7,94.84,48996.88
2026-03-17 21:00:00,94.84,95.41,94.79,95.21,133052.94
2026-03-17 21:15:00,95.2,95.2,95.03,95.06,69318.78
2026-03-17 21:30:00,95.07,95.33,94.89,95.3,117789.01
2026-03-17 21:45:00,95.3,95.31,95.07,95.21,69949.07
2026-03-17 22:00:00,95.21,95.49,95.07,95.4,190051.73
2026-03-17 22:15:00,95.4,95.57,95.17,95.18,160678.47
2026-03-17 22:30:00,95.17,95.19,94.52,94.84,314211.21
2026-03-17 22:45:00,94.84,95.47,94.74,95.26,281346.41
2026-03-17 23:00:00,95.27,95.39,95.14,95.25,85135.71
2026-03-17 23:15:00,95.26,95.27,94.82,94.95,143724.51
2026-03-17 23:30:00,94.95,94.95,94.61,94.65,142094.05
2026-03-17 23:45:00,94.66,94.84,94.54,94.57,120466.74
2026-03-18 00:00:00,94.57,94.89,94.46,94.63,161030.21
2026-03-18 00:15:00,94.63,94.69,94.07,94.3,227232.98
2026-03-18 00:30:00,94.29,94.35,94.04,94.35,175479.4
2026-03-18 00:45:00,94.35,94.65,94.34,94.49,113204.91
2026-03-18 01:00:00,94.49,94.73,94.41,94.55,94915.69
2026-03-18 01:15:00,94.55,94.76,94.45,94.68,73277.46
2026-03-18 01:30:00,94.69,94.88,94.57,94.66,132477.92
2026-03-18 01:45:00,94.67,94.76,94.25,94.37,117502.74
2026-03-18 02:00:00,94.36,94.95,94.33,94.86,141663.49
2026-03-18 02:15:00,94.85,94.91,94.59,94.68,79645.0
2026-03-18 02:30:00,94.68,95.13,94.64,95.06,142147.18
2026-03-18 02:45:00,95.05,95.18,94.85,94.87,106708.83
2026-03-18 03:00:00,94.87,95.0,94.76,94.84,77187.69
2026-03-18 03:15:00,94.84,95.48,94.83,95.33,187328.26
2026-03-18 03:30:00,95.33,95.63,95.12,95.22,215499.51
2026-03-18 03:45:00,95.21,95.26,94.97,94.99,132184.5
2026-03-18 04:00:00,95.0,95.07,94.71,94.76,134961.47
2026-03-18 04:15:00,94.76,94.77,94.23,94.28,341164.09
2026-03-18 04:30:00,94.27,94.32,93.92,94.1,313946.61
2026-03-18 04:45:00,94.1,94.19,94.03,94.07,145053.87
2026-03-18 05:00:00,94.07,94.36,93.72,94.29,458154.03
2026-03-18 05:15:00,94.29,94.31,93.98,94.06,94557.2
2026-03-18 05:30:00,94.06,94.24,93.91,94.01,93583.15
2026-03-18 05:45:00,94.02,94.13,93.66,93.87,213614.09
2026-03-18 06:00:00,93.87,94.18,93.85,94.17,109705.43
2026-03-18 06:15:00,94.18,94.6,94.07,94.38,233670.12
2026-03-18 06:30:00,94.39,94.53,94.14,94.26,109587.56
2026-03-18 06:45:00,94.27,94.38,94.15,94.17,45767.68
2026-03-18 07:00:00,94.17,94.24,93.93,94.16,111915.27
2026-03-18 07:15:00,94.16,94.2,93.85,93.9,86672.66
2026-03-18 07:30:00,93.91,93.98,93.79,93.82,101153.15
2026-03-18 07:45:00,93.82,94.05,93.76,93.89,76867.16
2026-03-18 08:00:00,93.89,94.2,93.89,94.04,111488.63
2026-03-18 08:15:00,94.05,94.2,93.97,94.11,94095.57
2026-03-18 08:30:00,94.12,94.19,93.98,94.14,88850.64
2026-03-18 08:45:00,94.14,94.15,93.92,93.97,63045.06
2026-03-18 09:00:00,93.97,94.3,93.88,94.22,116498.03
2026-03-18 09:15:00,94.22,94.37,94.13,94.18,98348.69
2026-03-18 09:30:00,94.17,94.38,94.15,94.24,85568.7
2026-03-18 09:45:00,94.25,94.3,94.07,94.21,56375.54
2026-03-18 10:00:00,94.21,94.38,94.01,94.29,98128.44
2026-03-18 10:15:00,94.29,94.31,94.2,94.28,49492.84
2026-03-18 10:30:00,94.29,94.37,93.53,93.61,254109.65
2026-03-18 10:45:00,93.62,93.82,93.44,93.79,269086.93
2026-03-18 11:00:00,93.79,94.03,93.36,93.79,214566.68
2026-03-18 11:15:00,93.8,93.96,93.25,93.3,261006.22
2026-03-18 11:30:00,93.3,93.4,91.75,92.2,2073983.51
2026-03-18 11:45:00,92.2,92.2,91.77,91.95,482515.56
2026-03-18 12:00:00,91.96,92.0,91.46,91.85,640086.31
2026-03-18 12:15:00,91.85,91.96,91.44,91.65,365178.41
2026-03-18 12:30:00,91.64,91.65,90.25,90.52,1405408.15
2026-03-18 12:45:00,90.52,90.69,90.29,90.36,405831.7
2026-03-18 13:00:00,90.37,90.57,89.82,90.38,857738.69
2026-03-18 13:15:00,90.37,90.68,90.1,90.63,292353.6
2026-03-18 13:30:00,90.63,90.7,90.19,90.33,571581.84
2026-03-18 13:45:00,90.33,90.57,89.97,90.25,352374.33
2026-03-18 14:00:00,90.26,90.34,89.72,89.77,474708.21
2026-03-18 14:15:00,89.78,90.02,89.41,89.54,506954.4
2026-03-18 14:30:00,89.53,89.71,89.16,89.25,603754.35
2026-03-18 14:45:00,89.24,89.45,88.79,88.91,855104.08
2026-03-18 15:00:00,88.91,89.31,88.51,88.78,777702.0
2026-03-18 15:15:00,88.77,89.29,88.71,89.11,537590.91
2026-03-18 15:30:00,89.12,89.34,89.04,89.19,284977.52
2026-03-18 15:45:00,89.2,89.4,88.98,89.31,302915.82
2026-03-18 16:00:00,89.31,89.31,88.72,88.9,517418.18
2026-03-18 16:15:00,88.9,88.98,88.68,88.85,174825.8
2026-03-18 16:30:00,88.85,89.03,88.57,88.97,233131.8
2026-03-18 16:45:00,88.97,89.18,88.79,88.91,228041.33
2026-03-18 17:00:00,88.91,89.03,88.77,88.95,123321.0
2026-03-18 17:15:00,88.94,89.54,88.92,89.44,303189.97
2026-03-18 17:30:00,89.44,90.3,89.23,89.96,547737.57
2026-03-18 17:45:00,89.96,90.29,89.78,89.87,320484.08
2026-03-18 18:00:00,89.86,90.81,89.86,90.51,709516.49
2026-03-18 18:15:00,90.51,90.51,89.76,90.03,363609.36
2026-03-18 18:30:00,90.02,90.32,89.87,90.0,196962.98
2026-03-18 18:45:00,90.0,90.01,89.32,89.53,419598.81
2026-03-18 19:00:00,89.52,89.94,89.49,89.75,179115.35
2026-03-18 19:15:00,89.75,90.02,89.61,89.79,143991.34
2026-03-18 19:30:00,89.8,89.93,89.55,89.65,101472.61
2026-03-18 19:45:00,89.66,89.73,89.38,89.65,240312.83
2026-03-18 20:00:00,89.66,89.75,88.92,89.35,376205.46
2026-03-18 20:15:00,89.35,89.53,89.29,89.45,139443.69
2026-03-18 20:30:00,89.46,89.97,89.44,89.8,213974.52
2026-03-18 20:45:00,89.8,90.08,89.7,89.93,125591.94
2026-03-18 21:00:00,89.93,90.38,89.87,90.16,156620.39
2026-03-18 21:15:00,90.17,90.35,90.1,90.21,133417.09
2026-03-18 21:30:00,90.21,90.58,90.16,90.35,126777.23
2026-03-18 21:45:00,90.35,90.54,90.25,90.4,94553.0
2026-03-18 22:00:00,90.4,90.42,89.93,90.16,182403.69
2026-03-18 22:15:00,90.16,90.41,90.07,90.23,122607.18
2026-03-18 22:30:00,90.23,90.39,89.97,90.06,157381.56
2026-03-18 22:45:00,90.06,90.09,89.88,89.97,97907.81
2026-03-18 23:00:00,89.97,90.04,89.73,89.74,119806.88
2026-03-18 23:15:00,89.74,89.92,89.62,89.88,86828.54
2026-03-18 23:30:00,89.88,90.12,89.88,89.96,113245.06
2026-03-18 23:45:00,89.95,90.07,89.83,90.02,90486.49
2026-03-19 00:00:00,90.02,90.13,89.76,90.03,135377.49
2026-03-19 00:15:00,90.03,90.26,89.85,90.22,91680.95
2026-03-19 00:30:00,90.23,90.23,89.84,90.0,104471.09
2026-03-19 00:45:00,90.0,90.19,89.96,90.06,86771.47
2026-03-19 01:00:00,90.05,90.21,89.87,90.02,104628.97
2026-03-19 01:15:00,90.01,90.18,89.93,90.15,93198.24
2026-03-19 01:30:00,90.15,90.33,90.01,90.27,102754.43
2026-03-19 01:45:00,90.27,90.35,90.12,90.12,115361.83
2026-03-19 02:00:00,90.13,90.25,89.73,90.22,157013.95
2026-03-19 02:15:00,90.23,90.35,90.15,90.3,63233.15
2026-03-19 02:30:00,90.3,90.31,90.14,90.23,70541.01
2026-03-19 02:45:00,90.24,90.24,89.87,89.93,97278.16
2026-03-19 03:00:00,89.94,90.25,89.86,90.19,143674.3
2026-03-19 03:15:00,90.2,91.37,90.18,91.2,774940.51
2026-03-19 03:30:00,91.2,91.31,90.76,90.87,457387.31
2026-03-19 03:45:00,90.87,91.05,90.67,90.69,261216.87
2026-03-19 04:00:00,90.69,90.69,89.97,90.18,527615.13
2026-03-19 04:15:00,90.18,90.2,89.68,89.89,391743.89
2026-03-19 04:30:00,89.88,89.94,89.7,89.91,199441.11
2026-03-19 04:45:00,89.9,90.0,89.76,89.86,107389.9
2026-03-19 05:00:00,89.86,89.99,89.76,89.85,129384.52
2026-03-19 05:15:00,89.85,90.07,89.66,89.75,126140.48
2026-03-19 05:30:00,89.75,89.96,89.67,89.77,123912.14
2026-03-19 05:45:00,89.77,89.84,89.61,89.71,124298.61
2026-03-19 06:00:00,89.71,90.0,89.47,89.79,331041.48
2026-03-19 06:15:00,89.78,90.09,89.77,89.85,239465.48
2026-03-19 06:30:00,89.84,89.97,89.52,89.91,263243.85
2026-03-19 06:45:00,89.91,89.99,89.73,89.82,152166.5
2026-03-19 07:00:00,89.82,90.01,89.37,89.41,553265.15
2026-03-19 07:15:00,89.42,89.48,88.57,89.04,1094261.86
2026-03-19 07:30:00,89.04,89.89,88.97,89.6,415813.36
2026-03-19 07:45:00,89.6,89.64,89.31,89.37,217682.91
2026-03-19 08:00:00,89.37,89.59,89.28,89.4,180735.5
2026-03-19 08:15:00,89.4,89.59,89.07,89.13,175531.04
2026-03-19 08:30:00,89.13,89.56,89.04,89.37,204520.43
2026-03-19 08:45:00,89.37,89.49,89.21,89.32,99407.95
2026-03-19 09:00:00,89.32,89.56,89.13,89.28,139769.96
2026-03-19 09:15:00,89.28,90.02,89.2,89.58,364909.27
2026-03-19 09:30:00,89.57,89.92,89.55,89.84,229284.34
2026-03-19 09:45:00,89.83,90.36,89.82,90.16,425288.09
2026-03-19 10:00:00,90.15,90.2,90.0,90.12,175441.67
2026-03-19 10:15:00,90.11,90.46,90.01,90.17,242613.63
2026-03-19 10:30:00,90.17,90.22,89.79,89.87,173936.8
2026-03-19 10:45:00,89.86,89.99,89.73,89.78,121597.31
2026-03-19 11:00:00,89.78,90.01,89.74,89.82,136372.04
2026-03-19 11:15:00,89.82,89.94,89.75,89.9,70306.1
2026-03-19 11:30:00,89.89,89.97,89.44,89.5,166016.4
2026-03-19 11:45:00,89.5,89.65,89.48,89.58,108148.73
2026-03-19 12:00:00,89.59,89.59,89.17,89.33,367105.35
2026-03-19 12:15:00,89.32,89.36,88.89,88.99,333523.72
2026-03-19 12:30:00,88.99,89.06,88.78,88.79,245554.4
2026-03-19 12:45:00,88.78,88.79,87.97,88.08,788055.57
2026-03-19 13:00:00,88.07,88.28,87.55,87.62,766187.81
2026-03-19 13:15:00,87.61,88.41,87.58,87.95,426002.83
2026-03-19 13:30:00,87.94,88.71,87.49,88.47,716109.18
2026-03-19 13:45:00,88.47,88.68,88.06,88.45,455963.83
2026-03-19 14:00:00,88.46,88.89,87.97,87.99,424862.04
2026-03-19 14:15:00,87.99,88.11,87.51,87.54,331639.15
2026-03-19 14:30:00,87.54,87.82,87.37,87.69,398399.99
2026-03-19 14:45:00,87.69,88.32,87.54,88.16,346121.99
2026-03-19 15:00:00,88.16,88.72,88.09,88.41,282091.46
2026-03-19 15:15:00,88.4,88.59,87.61,87.78,299152.4
2026-03-19 15:30:00,87.78,87.95,87.41,87.42,404792.19
2026-03-19 15:45:00,87.43,87.78,87.1,87.58,694896.75
2026-03-19 16:00:00,87.57,87.65,87.22,87.33,415444.73
2026-03-19 16:15:00,87.33,87.62,86.79,87.43,441241.4
2026-03-19 16:30:00,87.44,87.77,87.12,87.61,223348.33
2026-03-19 16:45:00,87.61,87.68,87.28,87.63,158263.66
2026-03-19 17:00:00,87.63,87.69,87.07,87.16,249666.96
2026-03-19 17:15:00,87.17,88.05,87.02,87.89,393088.19
2026-03-19 17:30:00,87.89,88.08,87.53,87.65,151093.39
2026-03-19 17:45:00,87.66,88.32,87.61,88.09,224765.03
2026-03-19 18:00:00,88.1,88.29,87.97,88.14,160637.53
2026-03-19 18:15:00,88.15,88.2,87.75,87.78,183996.37
2026-03-19 18:30:00,87.78,87.93,87.72,87.77,66918.23
2026-03-19 18:45:00,87.77,88.14,87.61,88.09,105581.37
2026-03-19 19:00:00,88.08,89.22,88.08,88.9,679452.29
2026-03-19 19:15:00,88.89,89.19,88.62,88.78,267706.42
2026-03-19 19:30:00,88.79,89.05,88.48,88.97,162392.53
2026-03-19 19:45:00,88.97,89.06,88.62,88.68,253882.04
2026-03-19 20:00:00,88.67,88.91,88.62,88.77,77525.0
2026-03-19 20:15:00,88.77,89.0,88.72,88.75,77990.89
2026-03-19 20:30:00,88.76,89.17,88.73,88.94,105953.08
2026-03-19 20:45:00,88.95,89.05,88.88,88.94,68774.42
2026-03-19 21:00:00,88.94,89.28,88.91,89.19,133620.18
2026-03-19 21:15:00,89.2,89.2,88.91,88.97,85013.62
2026-03-19 21:30:00,88.98,89.05,88.81,89.01,73988.0
2026-03-19 21:45:00,89.01,89.19,88.96,89.07,55194.21
2026-03-19 22:00:00,89.07,89.13,88.85,89.07,83739.53
2026-03-19 22:15:00,89.07,89.11,88.96,88.99,54214.11
2026-03-19 22:30:00,89.0,89.0,88.31,88.51,291968.62
2026-03-19 22:45:00,88.51,88.73,88.45,88.72,81982.74
2026-03-19 23:00:00,88.71,89.14,88.71,89.01,238204.91
2026-03-19 23:15:00,89.02,89.09,88.79,88.98,162868.97
2026-03-19 23:30:00,88.99,89.05,88.55,88.69,104077.05
2026-03-19 23:45:00,88.69,88.94,88.62,88.84,72976.87
2026-03-20 00:00:00,88.84,89.39,88.8,89.27,184104.99
2026-03-20 00:15:00,89.27,89.35,88.87,89.13,145503.87
2026-03-20 00:30:00,89.12,89.35,89.09,89.22,98805.45
2026-03-20 00:45:00,89.23,89.38,89.15,89.37,87914.47
2026-03-20 01:00:00,89.37,89.71,89.29,89.53,207567.03
2026-03-20 01:15:00,89.52,89.58,89.28,89.4,170485.1
2026-03-20 01:30:00,89.41,89.76,89.36,89.6,129529.51
2026-03-20 01:45:00,89.6,89.67,89.38,89.42,108093.42
2026-03-20 02:00:00,89.43,89.56,89.31,89.33,81864.1
2026-03-20 02:15:00,89.34,89.34,88.96,89.07,148606.95
2026-03-20 02:30:00,89.07,89.23,88.83,89.17,143997.42
2026-03-20 02:45:00,89.17,89.45,89.02,89.26,133161.67
2026-03-20 03:00:00,89.26,89.37,89.19,89.28,56709.65
2026-03-20 03:15:00,89.27,89.53,89.26,89.52,66222.49
2026-03-20 03:30:00,89.52,89.68,89.32,89.37,143503.93
2026-03-20 03:45:00,89.37,89.65,89.31,89.53,105332.96
2026-03-20 04:00:00,89.53,89.72,89.43,89.65,91417.96
2026-03-20 04:15:00,89.64,89.65,89.39,89.59,72225.63
2026-03-20 04:30:00,89.58,89.6,88.68,88.79,277461.06
2026-03-20 04:45:00,88.78,89.35,88.75,89.22,173440.7
2026-03-20 05:00:00,89.23,89.34,89.03,89.3,96444.83
2026-03-20 05:15:00,89.31,89.37,88.92,89.0,123585.32
2026-03-20 05:30:00,89.0,89.47,88.81,89.38,220659.88
2026-03-20 05:45:00,89.37,89.48,89.23,89.31,201487.77
2026-03-20 06:00:00,89.3,89.31,89.05,89.17,91729.75
2026-03-20 06:15:00,89.17,89.18,88.88,89.11,181390.2
2026-03-20 06:30:00,89.13,89.17,88.87,89.09,104503.37
2026-03-20 06:45:00,89.09,89.2,88.99,89.04,71668.0
2026-03-20 07:00:00,89.03,89.03,88.44,88.58,309006.42
2026-03-20 07:15:00,88.59,89.04,88.56,88.84,93604.33
2026-03-20 07:30:00,88.84,89.44,88.77,89.43,214804.94
2026-03-20 07:45:00,89.43,89.45,89.26,89.31,109595.78
2026-03-20 08:00:00,89.32,90.43,89.25,90.16,687053.06
2026-03-20 08:15:00,90.16,90.19,89.8,89.81,233791.08
2026-03-20 08:30:00,89.81,89.84,89.59,89.69,150313.72
2026-03-20 08:45:00,89.7,89.84,89.61,89.73,95589.19
2026-03-20 09:00:00,89.72,89.73,89.26,89.27,155206.76
2026-03-20 09:15:00,89.26,89.27,88.56,88.69,415440.7
2026-03-20 09:30:00,88.7,89.04,88.69,88.99,245852.0
2026-03-20 09:45:00,88.99,88.99,88.64,88.9,180571.22
2026-03-20 10:00:00,88.91,88.94,88.6,88.71,178524.7
2026-03-20 10:15:00,88.7,88.91,88.54,88.76,125144.46
2026-03-20 10:30:00,88.76,89.44,88.73,89.24,198469.28
2026-03-20 10:45:00,89.25,89.39,89.22,89.26,119825.83
2026-03-20 11:00:00,89.25,89.53,89.18,89.51,138950.27
2026-03-20 11:15:00,89.51,89.51,89.21,89.34,119703.32
2026-03-20 11:30:00,89.33,89.39,88.81,89.0,163930.36
2026-03-20 11:45:00,89.0,89.11,88.84,89.08,87542.27
2026-03-20 12:00:00,89.08,89.47,89.08,89.31,127638.39
2026-03-20 12:15:00,89.31,89.34,89.1,89.21,85182.95
2026-03-20 12:30:00,89.21,89.28,88.97,89.21,124206.78
2026-03-20 12:45:00,89.22,89.27,89.03,89.08,131432.29
2026-03-20 13:00:00,89.09,89.48,89.02,89.17,230366.57
2026-03-20 13:15:00,89.17,89.59,89.13,89.36,121364.95
2026-03-20 13:30:00,89.36,89.4,88.56,89.21,510017.19
2026-03-20 13:45:00,89.22,89.33,88.62,88.76,334924.91
2026-03-20 14:00:00,88.76,89.09,88.43,88.58,445306.37
2026-03-20 14:15:00,88.58,89.35,88.47,89.26,588830.85
2026-03-20 14:30:00,89.25,89.7,89.24,89.26,388232.17
2026-03-20 14:45:00,89.26,89.44,88.85,88.88,235021.98
2026-03-20 15:00:00,88.87,89.08,88.56,88.95,321548.67
2026-03-20 15:15:00,88.96,89.3,88.58,88.95,312596.23
2026-03-20 15:30:00,88.95,89.24,88.83,88.96,180105.33
2026-03-20 15:45:00,88.96,89.09,88.66,88.9,164326.32
2026-03-20 16:00:00,88.9,89.12,88.8,88.96,134641.09
2026-03-20 16:15:00,88.96,89.18,88.75,89.03,136403.65
2026-03-20 16:30:00,89.03,89.03,88.69,88.86,132823.61
2026-03-20 16:45:00,88.86,89.0,88.57,88.87,139843.97
2026-03-20 17:00:00,88.87,89.0,88.62,88.82,134422.76
2026-03-20 17:15:00,88.83,88.9,88.61,88.62,120576.59
2026-03-20 17:30:00,88.63,88.69,88.07,88.24,338406.51
2026-03-20 17:45:00,88.24,88.96,88.1,88.85,224220.51
2026-03-20 18:00:00,88.85,88.97,88.69,88.8,153848.78
2026-03-20 18:15:00,88.81,88.87,88.48,88.54,173352.0
2026-03-20 18:30:00,88.54,88.57,88.11,88.34,202363.79
2026-03-20 18:45:00,88.35,88.69,88.32,88.52,126458.73
2026-03-20 19:00:00,88.52,88.73,88.4,88.63,111195.87
2026-03-20 19:15:00,88.62,88.65,88.34,88.55,94230.59
2026-03-20 19:30:00,88.55,88.78,88.17,88.77,164850.04
2026-03-20 19:45:00,88.76,89.02,88.6,88.95,213412.47
2026-03-20 20:00:00,88.95,89.32,88.92,89.2,232186.16
2026-03-20 20:15:00,89.2,89.2,88.83,88.86,116881.19
2026-03-20 20:30:00,88.87,88.88,88.6,88.73,140905.87
2026-03-20 20:45:00,88.73,89.08,88.71,88.95,90936.12
2026-03-20 21:00:00,88.95,89.25,88.86,89.2,107608.84
2026-03-20 21:15:00,89.19,89.85,89.14,89.75,321325.65
2026-03-20 21:30:00,89.75,89.99,89.37,89.45,195243.2
2026-03-20 21:45:00,89.45,89.66,89.44,89.53,62804.84
2026-03-20 22:00:00,89.53,90.22,89.53,89.97,290227.51
2026-03-20 22:15:00,89.98,90.09,89.85,89.87,108949.0
2026-03-20 22:30:00,89.88,89.95,89.77,89.92,98586.9
2026-03-20 22:45:00,89.92,90.2,89.86,90.05,125541.27
2026-03-20 23:00:00,90.05,90.1,89.8,89.81,161478.2
2026-03-20 23:15:00,89.81,90.01,89.67,89.86,88532.59
2026-03-20 23:30:00,89.85,89.91,89.75,89.81,85055.56
2026-03-20 23:45:00,89.8,89.95,89.74,89.8,54455.34
2026-03-21 00:00:00,89.81,89.95,89.78,89.85,82844.59
2026-03-21 00:15:00,89.86,90.22,89.82,89.96,134454.36
2026-03-21 00:30:00,89.95,90.02,89.84,89.89,51441.98
2026-03-21 00:45:00,89.88,90.05,89.81,89.98,91036.72
2026-03-21 01:00:00,89.98,90.31,89.95,90.03,129259.56
2026-03-21 01:15:00,90.03,90.09,89.92,89.96,48630.48
2026-03-21 01:30:00,89.96,90.06,89.77,89.79,67940.48
2026-03-21 01:45:00,89.79,89.9,89.68,89.83,152080.8
2026-03-21 02:00:00,89.83,89.94,89.71,89.85,96939.48
2026-03-21 02:15:00,89.86,90.17,89.85,90.12,70111.78
2026-03-21 02:30:00,90.11,90.22,89.95,90.22,62946.41
2026-03-21 02:45:00,90.22,90.68,90.2,90.42,312962.9
2026-03-21 03:00:00,90.42,90.57,90.27,90.47,116762.36
2026-03-21 03:15:00,90.47,90.52,90.28,90.41,65534.84
2026-03-21 03:30:00,90.41,90.42,90.31,90.32,61206.41
2026-03-21 03:45:00,90.32,90.44,90.29,90.41,36978.29
2026-03-21 04:00:00,90.41,90.78,90.41,90.51,292328.52
2026-03-21 04:15:00,90.52,90.6,90.43,90.55,113789.98
2026-03-21 04:30:00,90.54,90.54,90.11,90.12,153462.47
2026-03-21 04:45:00,90.12,90.26,90.11,90.23,66404.36
2026-03-21 05:00:00,90.23,90.4,90.2,90.24,57277.44
2026-03-21 05:15:00,90.24,90.42,90.24,90.38,47176.65
2026-03-21 05:30:00,90.37,90.47,90.09,90.14,110152.66
2026-03-21 05:45:00,90.13,90.15,89.9,89.92,229127.29
2026-03-21 06:00:00,89.91,90.12,89.88,90.03,121523.52
2026-03-21 06:15:00,90.02,90.28,90.0,90.24,71763.94
2026-03-21 06:30:00,90.24,90.27,90.11,90.15,43117.73
2026-03-21 06:45:00,90.16,90.16,90.08,90.12,47397.46
2026-03-21 07:00:00,90.11,90.21,90.08,90.2,34012.37
2026-03-21 07:15:00,90.2,90.36,90.17,90.35,89612.98
2026-03-21 07:30:00,90.35,90.35,90.07,90.08,78259.71
2026-03-21 07:45:00,90.07,90.1,89.88,90.1,86235.05
2026-03-21 08:00:00,90.1,90.1,89.96,89.97,52683.01
2026-03-21 08:15:00,89.98,89.99,89.81,89.83,109470.41
2026-03-21 08:30:00,89.83,89.93,89.76,89.93,72654.01
2026-03-21 08:45:00,89.93,89.99,89.86,89.96,49600.11
2026-03-21 09:00:00,89.96,90.15,89.93,90.15,112164.01
2026-03-21 09:15:00,90.15,90.15,90.02,90.09,78685.13
2026-03-21 09:30:00,90.09,90.28,90.07,90.24,97996.85
2026-03-21 09:45:00,90.24,90.35,90.12,90.15,128710.13
2026-03-21 10:00:00,90.14,90.2,90.01,90.15,59497.62
2026-03-21 10:15:00,90.15,90.16,89.9,89.96,71129.99
2026-03-21 10:30:00,89.95,90.06,89.88,89.94,50840.28
2026-03-21 10:45:00,89.94,89.94,89.83,89.93,34745.13
2026-03-21 11:00:00,89.92,89.96,89.81,89.82,66873.39
2026-03-21 11:15:00,89.82,89.98,89.81,89.94,52915.25
2026-03-21 11:30:00,89.93,89.95,89.78,89.93,53649.51
2026-03-21 11:45:00,89.93,89.94,89.84,89.91,39958.72
2026-03-21 12:00:00,89.9,90.02,89.83,89.94,70751.99
2026-03-21 12:15:00,89.93,90.07,89.87,90.06,68852.62
2026-03-21 12:30:00,90.06,90.15,89.97,90.11,58464.77
2026-03-21 12:45:00,90.11,90.14,90.04,90.12,47651.57
2026-03-21 13:00:00,90.12,90.16,89.99,90.05,57262.91
2026-03-21 13:15:00,90.05,90.23,90.04,90.13,79926.8
2026-03-21 13:30:00,90.12,90.23,90.02,90.03,68525.06
2026-03-21 13:45:00,90.03,90.03,89.9,89.97,81844.83
2026-03-21 14:00:00,89.96,90.36,89.94,90.28,172694.86
2026-03-21 14:15:00,90.28,90.35,90.12,90.16,104387.88
2026-03-21 14:30:00,90.15,90.3,90.08,90.12,68978.93
2026-03-21 14:45:00,90.12,90.12,89.58,89.6,299564.11
2026-03-21 15:00:00,89.6,89.71,89.44,89.63,221996.39
2026-03-21 15:15:00,89.63,89.68,89.31,89.64,172756.66
2026-03-21 15:30:00,89.65,89.88,89.6,89.69,132893.13
2026-03-21 15:45:00,89.68,89.81,89.66,89.78,57045.36
2026-03-21 16:00:00,89.77,89.87,89.72,89.83,92299.24
2026-03-21 16:15:00,89.83,89.95,89.5,89.61,121746.57
2026-03-21 16:30:00,89.61,89.75,89.57,89.67,124062.96
2026-03-21 16:45:00,89.66,89.81,89.53,89.62,62876.9
2026-03-21 17:00:00,89.63,89.65,89.3,89.48,130762.12
2026-03-21 17:15:00,89.49,89.65,89.42,89.52,81682.8
2026-03-21 17:30:00,89.53,89.61,89.48,89.58,50460.91
2026-03-21 17:45:00,89.58,89.63,89.47,89.5,41145.91
2026-03-21 18:00:00,89.5,89.59,89.5,89.56,46522.45
2026-03-21 18:15:00,89.56,89.69,89.53,89.56,57590.39
2026-03-21 18:30:00,89.56,89.9,89.55,89.84,84153.47
2026-03-21 18:45:00,89.85,89.85,89.66,89.72,44449.54
2026-03-21 19:00:00,89.72,89.85,89.71,89.83,40398.77
2026-03-21 19:15:00,89.83,89.86,89.77,89.8,31589.64
2026-03-21 19:30:00,89.81,89.82,89.64,89.72,39390.8
2026-03-21 19:45:00,89.73,89.79,89.7,89.73,23593.13
2026-03-21 20:00:00,89.74,89.88,89.72,89.83,36307.28
2026-03-21 20:15:00,89.83,89.98,89.73,89.96,59107.37
2026-03-21 20:30:00,89.97,90.36,89.96,90.07,297340.69
2026-03-21 20:45:00,90.07,90.16,90.05,90.1,39548.93
2026-03-21 21:00:00,90.11,90.17,89.87,89.92,77100.69
2026-03-21 21:15:00,89.93,90.07,89.91,90.01,59444.52
2026-03-21 21:30:00,90.01,90.04,89.93,89.94,32214.8
2026-03-21 21:45:00,89.94,90.03,89.9,89.93,20391.58
2026-03-21 22:00:00,89.93,89.98,89.74,89.9,97636.55
2026-03-21 22:15:00,89.89,89.93,89.83,89.83,26661.1
2026-03-21 22:30:00,89.83,90.02,89.81,89.86,36971.34
2026-03-21 22:45:00,89.87,89.89,89.78,89.82,32548.7
2026-03-21 23:00:00,89.82,89.84,89.6,89.65,71413.44
2026-03-21 23:15:00,89.65,89.77,89.6,89.65,55487.28
2026-03-21 23:30:00,89.64,89.8,89.6,89.74,49562.46
2026-03-21 23:45:00,89.74,89.75,87.0,87.5,1952490.82
2026-03-22 00:00:00,87.5,87.52,86.18,86.73,1622972.74
2026-03-22 00:15:00,86.74,87.36,86.63,87.2,430325.8
2026-03-22 00:30:00,87.21,87.72,87.21,87.47,390055.91
2026-03-22 00:45:00,87.47,87.66,86.98,87.26,281741.18
2026-03-22 01:00:00,87.26,87.66,87.02,87.29,344700.34
2026-03-22 01:15:00,87.3,87.53,87.15,87.33,174863.0
2026-03-22 01:30:00,87.32,87.36,86.9,87.02,243879.21
2026-03-22 01:45:00,87.01,87.43,87.01,87.39,140731.41
2026-03-22 02:00:00,87.39,87.64,87.36,87.53,198932.97
2026-03-22 02:15:00,87.54,88.43,87.46,88.28,327409.58
2026-03-22 02:30:00,88.27,88.3,87.95,88.07,186897.52
2026-03-22 02:45:00,88.07,88.27,88.0,88.11,115799.72
2026-03-22 03:00:00,88.11,88.11,87.69,88.02,241796.06
2026-03-22 03:15:00,88.03,88.77,88.0,88.64,314536.21
2026-03-22 03:30:00,88.64,89.11,88.49,88.65,530876.76
2026-03-22 03:45:00,88.64,88.65,88.48,88.61,134461.53
2026-03-22 04:00:00,88.6,88.97,88.54,88.87,238680.92
2026-03-22 04:15:00,88.86,89.14,88.55,88.74,242082.97
2026-03-22 04:30:00,88.74,89.06,88.51,88.9,308288.34
2026-03-22 04:45:00,88.89,89.08,88.86,88.96,92410.47
2026-03-22 05:00:00,88.96,88.96,88.68,88.69,114356.25
2026-03-22 05:15:00,88.69,88.77,88.46,88.5,209592.04
2026-03-22 05:30:00,88.5,88.59,88.44,88.45,99681.85
2026-03-22 05:45:00,88.45,88.57,88.39,88.42,76882.16
2026-03-22 06:00:00,88.42,88.42,88.18,88.22,145584.83
2026-03-22 06:15:00,88.22,88.27,88.07,88.24,95043.88
2026-03-22 06:30:00,88.23,88.33,88.13,88.25,80570.66
2026-03-22 06:45:00,88.24,88.25,88.1,88.14,56037.6
2026-03-22 07:00:00,88.14,88.28,88.04,88.13,89582.53
2026-03-22 07:15:00,88.13,88.27,88.13,88.21,48221.81
2026-03-22 07:30:00,88.21,88.22,87.76,87.84,187832.34
2026-03-22 07:45:00,87.85,87.99,87.61,87.65,151503.05
2026-03-22 08:00:00,87.65,87.69,87.27,87.46,351901.45
2026-03-22 08:15:00,87.45,87.47,86.79,86.96,520919.03
2026-03-22 08:30:00,86.96,87.28,86.93,87.18,187340.76
2026-03-22 08:45:00,87.19,87.37,87.11,87.32,145662.69
2026-03-22 09:00:00,87.31,87.56,87.27,87.52,128582.04
2026-03-22 09:15:00,87.53,87.62,87.11,87.14,222262.58
2026-03-22 09:30:00,87.15,87.4,87.12,87.32,70846.24
2026-03-22 09:45:00,87.33,87.38,87.17,87.26,63732.99
2026-03-22 10:00:00,87.26,87.4,87.17,87.31,80258.44
2026-03-22 10:15:00,87.3,87.44,87.18,87.36,77423.41
2026-03-22 10:30:00,87.36,87.44,87.15,87.33,83534.34
2026-03-22 10:45:00,87.32,87.38,87.19,87.26,62336.56
2026-03-22 11:00:00,87.26,87.37,87.15,87.29,76769.42
2026-03-22 11:15:00,87.28,87.4,86.98,87.1,197157.6
2026-03-22 11:30:00,87.1,87.25,86.88,87.18,133054.47
2026-03-22 11:45:00,87.19,87.24,86.77,86.79,212657.31
2026-03-22 12:00:00,86.79,86.98,86.75,86.9,174652.72
2026-03-22 12:15:00,86.9,87.41,86.89,87.27,234452.28
2026-03-22 12:30:00,87.28,87.3,87.15,87.15,80963.33
2026-03-22 12:45:00,87.15,87.29,87.06,87.21,102406.76
2026-03-22 13:00:00,87.22,87.68,87.17,87.43,241290.18
2026-03-22 13:15:00,87.43,87.55,87.27,87.38,89986.74
2026-03-22 13:30:00,87.39,87.48,86.95,87.07,119977.86
2026-03-22 13:45:00,87.07,87.33,87.0,87.26,84313.17
2026-03-22 14:00:00,87.27,87.36,86.98,87.31,90963.84
2026-03-22 14:15:00,87.32,87.55,87.24,87.37,104464.53
2026-03-22 14:30:00,87.38,87.49,87.29,87.34,59362.69
2026-03-22 14:45:00,87.34,87.34,87.05,87.16,94685.79
2026-03-22 15:00:00,87.15,87.44,87.14,87.29,120782.06
2026-03-22 15:15:00,87.29,87.41,87.14,87.27,103021.69
2026-03-22 15:30:00,87.27,87.32,87.12,87.3,67793.67
2026-03-22 15:45:00,87.31,87.54,87.25,87.53,107330.17
2026-03-22 16:00:00,87.53,87.58,87.4,87.57,127432.54
2026-03-22 16:15:00,87.57,87.66,87.29,87.31,221304.77
2026-03-22 16:30:00,87.32,87.38,87.21,87.3,75428.31
2026-03-22 16:45:00,87.3,87.51,87.29,87.43,81501.31
2026-03-22 17:00:00,87.43,87.47,87.27,87.47,64051.3
2026-03-22 17:15:00,87.47,87.51,87.31,87.37,76826.12
2026-03-22 17:30:00,87.36,87.41,87.15,87.22,82677.46
2026-03-22 17:45:00,87.22,87.31,87.2,87.21,52457.68
2026-03-22 18:00:00,87.21,87.27,87.06,87.26,83195.03
2026-03-22 18:15:00,87.26,87.27,87.13,87.19,48168.25
2026-03-22 18:30:00,87.18,87.27,86.4,86.76,370516.36
2026-03-22 18:45:00,86.76,87.02,86.72,86.95,127542.45
2026-03-22 19:00:00,86.96,86.97,86.61,86.68,119581.46
2026-03-22 19:15:00,86.68,86.76,86.59,86.62,87040.79
2026-03-22 19:30:00,86.62,86.98,86.51,86.92,132622.14
2026-03-22 19:45:00,86.92,86.97,86.7,86.83,76814.35
2026-03-22 20:00:00,86.83,87.07,86.83,87.01,85316.93
2026-03-22 20:15:00,87.01,87.15,86.85,86.91,80118.21
2026-03-22 20:30:00,86.9,86.92,86.65,86.85,62866.81
2026-03-22 20:45:00,86.84,86.84,86.48,86.55,175492.24
2026-03-22 21:00:00,86.54,86.6,85.37,85.83,967245.11
2026-03-22 21:15:00,85.83,85.98,85.04,85.91,628257.41
2026-03-22 21:30:00,85.91,85.99,85.59,85.83,173634.75
2026-03-22 21:45:00,85.82,85.94,85.63,85.94,111074.61
2026-03-22 22:00:00,85.94,86.51,85.44,85.76,581846.22
2026-03-22 22:15:00,85.76,86.67,85.61,86.46,350233.18
2026-03-22 22:30:00,86.46,86.62,86.2,86.25,167670.2
2026-03-22 22:45:00,86.25,86.74,86.25,86.69,121210.95
2026-03-22 23:00:00,86.7,86.99,86.49,86.78,181328.73
2026-03-22 23:15:00,86.78,86.83,86.41,86.49,159583.07
2026-03-22 23:30:00,86.49,86.62,86.38,86.46,105194.14
2026-03-22 23:45:00,86.46,86.46,85.94,86.15,199517.95
2026-03-23 00:00:00,86.15,86.58,85.97,86.3,238947.94
2026-03-23 00:15:00,86.3,86.47,86.07,86.21,128256.67
2026-03-23 00:30:00,86.22,86.25,85.37,85.94,392406.89
2026-03-23 00:45:00,85.93,86.19,85.74,85.83,155905.16
2026-03-23 01:00:00,85.84,86.37,85.68,86.15,147855.12
2026-03-23 01:15:00,86.16,86.57,86.15,86.4,180493.77
2026-03-23 01:30:00,86.4,86.48,86.18,86.26,108893.46
2026-03-23 01:45:00,86.27,86.38,86.01,86.03,149473.19
2026-03-23 02:00:00,86.04,86.45,86.0,86.05,120165.37
2026-03-23 02:15:00,86.04,86.87,86.0,86.81,190770.56
2026-03-23 02:30:00,86.8,86.96,86.59,86.61,190988.3
2026-03-23 02:45:00,86.61,86.7,86.47,86.65,100006.41
2026-03-23 03:00:00,86.66,87.19,86.65,86.69,273339.17
2026-03-23 03:15:00,86.69,86.81,86.5,86.55,98132.79
2026-03-23 03:30:00,86.55,86.59,86.36,86.49,108406.12
2026-03-23 03:45:00,86.5,86.57,86.33,86.37,97791.8
2026-03-23 04:00:00,86.37,86.54,86.32,86.41,91529.33
2026-03-23 04:15:00,86.4,86.52,86.26,86.46,85667.73
2026-03-23 04:30:00,86.47,86.75,86.44,86.54,122727.43
2026-03-23 04:45:00,86.55,86.89,86.54,86.88,138955.05
2026-03-23 05:00:00,86.88,87.24,86.87,87.21,270884.56
2026-03-23 05:15:00,87.21,87.32,87.0,87.04,201254.32
2026-03-23 05:30:00,87.04,87.22,86.82,86.9,253267.74
2026-03-23 05:45:00,86.9,87.23,86.8,87.12,147901.79
2026-03-23 06:00:00,87.12,87.12,86.48,86.53,165985.22
2026-03-23 06:15:00,86.53,86.66,86.37,86.56,130620.34
2026-03-23 06:30:00,86.56,86.57,85.5,85.62,499200.1
2026-03-23 06:45:00,85.62,85.83,85.38,85.67,303312.76
2026-03-23 07:00:00,85.68,85.7,85.0,85.55,669119.86
2026-03-23 07:15:00,85.55,85.63,85.03,85.31,265253.94
2026-03-23 07:30:00,85.3,86.12,85.24,86.08,359060.0
2026-03-23 07:45:00,86.08,86.18,85.87,85.94,267992.84
2026-03-23 08:00:00,85.94,86.4,85.9,86.34,257631.62
2026-03-23 08:15:00,86.34,86.42,86.05,86.18,189116.17
2026-03-23 08:30:00,86.17,86.41,85.98,86.09,133282.94
2026-03-23 08:45:00,86.08,86.21,85.79,85.9,150616.07
2026-03-23 09:00:00,85.89,85.98,85.55,85.72,195258.31
2026-03-23 09:15:00,85.72,85.88,85.57,85.79,151973.69
2026-03-23 09:30:00,85.79,85.8,85.12,85.45,331536.09
2026-03-23 09:45:00,85.44,85.72,85.44,85.72,126038.02
2026-03-23 10:00:00,85.72,86.29,85.6,86.06,345337.15
2026-03-23 10:15:00,86.06,86.14,85.82,85.92,135243.63
2026-03-23 10:30:00,85.93,85.98,85.73,85.85,85397.43
2026-03-23 10:45:00,85.85,86.1,85.67,86.01,128784.37
2026-03-23 11:00:00,86.02,91.93,85.99,90.71,5169337.86
2026-03-23 11:15:00,90.72,91.48,89.59,90.3,2087958.67
2026-03-23 11:30:00,90.29,90.91,89.66,89.88,898199.27
2026-03-23 11:45:00,89.88,89.97,88.67,88.74,1053848.19
2026-03-23 12:00:00,88.74,89.33,88.28,89.06,1026469.66
2026-03-23 12:15:00,89.06,89.76,89.01,89.59,415872.38
2026-03-23 12:30:00,89.58,90.41,89.31,90.26,722271.03
2026-03-23 12:45:00,90.25,90.45,90.05,90.17,347173.43
2026-03-23 13:00:00,90.18,90.47,89.85,89.94,365237.25
2026-03-23 13:15:00,89.95,90.35,89.95,90.13,249042.95
2026-03-23 13:30:00,90.13,91.2,89.83,90.87,761471.43
2026-03-23 13:45:00,90.87,91.45,90.65,91.31,856504.66
2026-03-23 14:00:00,91.31,91.66,91.07,91.17,541264.65
2026-03-23 14:15:00,91.18,91.69,91.16,91.46,530601.29
2026-03-23 14:30:00,91.46,91.65,91.18,91.39,375157.56
2026-03-23 14:45:00,91.39,91.59,91.02,91.48,416691.03
2026-03-23 15:00:00,91.48,92.24,91.46,91.68,746504.54
2026-03-23 15:15:00,91.67,91.76,91.03,91.1,493963.83
2026-03-23 15:30:00,91.1,91.18,90.32,90.46,653996.64
2026-03-23 15:45:00,90.46,90.82,89.76,89.91,958314.34
2026-03-23 16:00:00,89.9,90.38,89.89,90.27,609308.93
2026-03-23 16:15:00,90.26,90.39,89.46,89.51,422459.74
2026-03-23 16:30:00,89.51,90.03,89.35,89.96,396339.92
2026-03-23 16:45:00,89.97,90.41,89.93,90.29,325149.74
2026-03-23 17:00:00,90.29,90.54,90.1,90.21,346716.29
2026-03-23 17:15:00,90.21,90.24,89.64,89.95,322537.49
2026-03-23 17:30:00,89.94,91.08,89.92,90.88,651700.37
2026-03-23 17:45:00,90.87,91.35,90.83,91.21,325019.18
2026-03-23 18:00:00,91.21,91.37,90.87,91.05,225797.33
2026-03-23 18:15:00,91.06,91.29,90.95,91.22,212266.43
2026-03-23 18:30:00,91.22,91.76,91.22,91.43,282208.15
2026-03-23 18:45:00,91.43,91.77,91.36,91.56,271694.61
2026-03-23 19:00:00,91.57,91.86,91.32,91.42,292573.09
2026-03-23 19:15:00,91.43,91.72,91.22,91.66,174117.23
2026-03-23 19:30:00,91.66,91.71,91.49,91.57,109049.39
2026-03-23 19:45:00,91.57,91.71,91.2,91.34,297838.02
2026-03-23 20:00:00,91.34,91.58,91.2,91.57,191646.71
2026-03-23 20:15:00,91.57,91.73,91.48,91.52,108623.87
2026-03-23 20:30:00,91.52,92.0,91.49,91.93,176063.62
2026-03-23 20:45:00,91.93,91.99,91.72,91.74,97582.85
2026-03-23 21:00:00,91.75,91.84,91.53,91.58,119602.7
2026-03-23 21:15:00,91.58,91.65,91.47,91.51,50024.7
2026-03-23 21:30:00,91.51,91.93,91.51,91.83,120878.09
2026-03-23 21:45:00,91.82,91.83,91.53,91.59,60721.71
2026-03-23 22:00:00,91.59,91.66,91.18,91.31,223428.93
2026-03-23 22:15:00,91.3,91.89,91.15,91.57,324989.47
2026-03-23 22:30:00,91.57,91.6,91.32,91.48,140554.79
2026-03-23 22:45:00,91.48,91.6,91.37,91.47,86388.86
2026-03-23 23:00:00,91.48,91.5,91.01,91.27,212600.94
2026-03-23 23:15:00,91.28,91.37,90.93,91.26,186120.55
2026-03-23 23:30:00,91.25,91.39,91.06,91.29,87343.83
2026-03-23 23:45:00,91.28,91.54,91.16,91.4,86076.53
2026-03-24 00:00:00,91.4,91.63,91.28,91.32,184746.9
2026-03-24 00:15:00,91.32,91.35,90.97,91.03,173510.09
2026-03-24 00:30:00,91.02,91.15,90.56,90.96,280866.76
2026-03-24 00:45:00,90.95,91.24,90.93,90.95,114840.5
2026-03-24 01:00:00,90.95,91.0,90.7,90.77,133084.2
2026-03-24 01:15:00,90.77,91.02,90.61,90.95,90424.39
2026-03-24 01:30:00,90.94,90.97,90.1,90.32,233690.39
2026-03-24 01:45:00,90.31,90.62,90.21,90.37,161402.28
2026-03-24 02:00:00,90.36,90.73,90.2,90.28,196287.81
2026-03-24 02:15:00,90.27,90.51,90.19,90.33,110684.87
2026-03-24 02:30:00,90.34,90.55,90.07,90.34,140363.64
2026-03-24 02:45:00,90.35,90.41,90.06,90.1,97742.85
2026-03-24 03:00:00,90.1,90.15,89.91,89.96,171322.59
2026-03-24 03:15:00,89.97,90.3,89.97,90.2,152365.09
2026-03-24 03:30:00,90.19,90.25,89.99,90.15,105257.47
2026-03-24 03:45:00,90.14,90.31,89.91,90.29,192200.67
2026-03-24 04:00:00,90.3,90.79,90.28,90.64,167162.9
2026-03-24 04:15:00,90.64,90.64,90.43,90.46,92041.72
2026-03-24 04:30:00,90.46,90.46,90.08,90.13,178348.51
2026-03-24 04:45:00,90.13,90.41,90.12,90.3,84747.63
2026-03-24 05:00:00,90.29,90.33,89.93,89.99,190382.65
2026-03-24 05:15:00,89.99,90.36,89.93,90.02,144164.43
2026-03-24 05:30:00,90.02,90.25,89.97,90.01,181633.23
2026-03-24 05:45:00,90.01,90.19,89.95,90.06,146293.75
2026-03-24 06:00:00,90.07,90.45,90.05,90.39,148564.61
2026-03-24 06:15:00,90.38,90.48,90.0,90.08,204220.79
2026-03-24 06:30:00,90.07,90.35,90.07,90.25,102568.2
2026-03-24 06:45:00,90.26,90.49,90.2,90.41,72185.37
2026-03-24 07:00:00,90.41,91.22,90.34,91.03,446460.33
2026-03-24 07:15:00,91.03,91.3,90.92,91.14,274146.34
2026-03-24 07:30:00,91.14,91.29,91.03,91.2,189144.7
2026-03-24 07:45:00,91.2,91.86,91.07,91.67,387181.05
2026-03-24 08:00:00,91.68,91.86,91.44,91.69,370686.9
2026-03-24 08:15:00,91.7,91.72,91.22,91.37,212983.29
2026-03-24 08:30:00,91.36,91.78,91.28,91.74,207021.15
2026-03-24 08:45:00,91.73,91.92,91.43,91.53,333978.37
2026-03-24 09:00:00,91.54,91.59,91.12,91.16,234047.28
2026-03-24 09:15:00,91.16,91.75,91.08,91.5,351788.33
2026-03-24 09:30:00,91.5,91.95,91.4,91.92,227079.85
2026-03-24 09:45:00,91.93,92.12,91.72,92.08,334570.62
2026-03-24 10:00:00,92.07,92.1,91.87,92.01,165247.98
2026-03-24 10:15:00,92.0,92.2,91.85,91.9,405267.5
2026-03-24 10:30:00,91.9,91.99,91.75,91.84,133710.49
2026-03-24 10:45:00,91.84,91.88,91.68,91.79,230885.0
2026-03-24 11:00:00,91.79,92.13,91.44,91.71,379182.48
2026-03-24 11:15:00,91.71,91.72,91.29,91.43,291078.65
2026-03-24 11:30:00,91.44,91.99,91.39,91.88,240957.25
2026-03-24 11:45:00,91.89,91.95,91.44,91.71,162094.46
2026-03-24 12:00:00,91.71,91.81,91.53,91.69,118712.04
2026-03-24 12:15:00,91.68,91.75,91.58,91.69,67241.31
2026-03-24 12:30:00,91.68,91.77,91.29,91.55,213544.69
2026-03-24 12:45:00,91.55,91.73,91.49,91.52,114785.78
2026-03-24 13:00:00,91.52,91.7,91.14,91.4,190508.99
2026-03-24 13:15:00,91.41,91.47,90.88,91.04,380629.8
2026-03-24 13:30:00,91.05,91.27,89.54,90.13,1655725.11
2026-03-24 13:45:00,90.14,90.18,89.45,89.81,978869.49
2026-03-24 14:00:00,89.81,90.17,89.23,89.46,893658.02
2026-03-24 14:15:00,89.45,89.68,89.14,89.44,517256.42
2026-03-24 14:30:00,89.45,89.74,89.13,89.32,483645.94
2026-03-24 14:45:00,89.33,89.65,88.62,89.5,1454665.53
2026-03-24 15:00:00,89.51,89.8,89.44,89.77,369472.3
2026-03-24 15:15:00,89.77,90.25,89.69,89.85,401157.99
2026-03-24 15:30:00,89.86,90.19,89.45,89.94,299802.7
2026-03-24 15:45:00,89.94,90.1,89.61,89.67,215311.21
2026-03-24 16:00:00,89.68,89.85,89.51,89.8,229252.07
2026-03-24 16:15:00,89.8,89.92,89.48,89.64,210159.68
2026-03-24 16:30:00,89.64,89.71,89.0,89.36,407081.95
2026-03-24 16:45:00,89.36,89.44,89.09,89.21,159666.33
2026-03-24 17:00:00,89.22,89.33,88.72,89.07,386606.62
2026-03-24 17:15:00,89.06,89.21,88.97,89.04,177056.24
2026-03-24 17:30:00,89.04,89.18,88.65,88.74,251073.12
2026-03-24 17:45:00,88.74,89.2,88.7,89.11,254740.35
2026-03-24 18:00:00,89.12,89.24,88.98,89.13,195169.24
2026-03-24 18:15:00,89.14,89.24,88.96,89.1,153495.22
2026-03-24 18:30:00,89.11,89.63,89.03,89.05,321072.48
2026-03-24 18:45:00,89.06,89.19,88.81,88.84,234027.58
2026-03-24 19:00:00,88.84,89.19,88.81,89.19,292776.46
2026-03-24 19:15:00,89.18,89.24,88.85,88.89,140770.13
2026-03-24 19:30:00,88.88,88.96,88.72,88.83,168409.06
2026-03-24 19:45:00,88.82,88.84,88.35,88.46,348725.79
2026-03-24 20:00:00,88.46,88.79,88.43,88.78,140381.84
2026-03-24 20:15:00,88.79,90.12,88.7,89.61,728386.48
2026-03-24 20:30:00,89.6,90.07,89.6,89.91,475489.29
2026-03-24 20:45:00,89.9,90.2,89.62,89.98,264118.24
2026-03-24 21:00:00,89.98,90.14,89.8,89.93,178125.78
2026-03-24 21:15:00,89.93,89.98,89.64,89.96,135333.9
2026-03-24 21:30:00,89.96,90.57,89.96,90.34,218221.99
2026-03-24 21:45:00,90.34,90.44,90.16,90.32,72014.12
2026-03-24 22:00:00,90.32,90.73,90.2,90.63,217368.9
2026-03-24 22:15:00,90.63,90.63,90.2,90.26,117369.93
2026-03-24 22:30:00,90.25,90.38,90.02,90.23,144022.32
2026-03-24 22:45:00,90.23,90.34,90.17,90.26,100974.39
2026-03-24 23:00:00,90.26,90.56,90.17,90.47,113321.41
2026-03-24 23:15:00,90.47,91.1,90.41,90.98,524724.87
2026-03-24 23:30:00,90.97,91.1,90.85,90.91,188017.48
2026-03-24 23:45:00,90.91,90.98,90.74,90.75,99491.56
2026-03-25 00:00:00,90.76,91.26,90.73,91.18,207838.66
2026-03-25 00:15:00,91.18,91.21,90.92,91.07,120778.85
2026-03-25 00:30:00,91.07,91.58,90.67,91.41,376975.83
2026-03-25 00:45:00,91.42,91.55,91.26,91.27,138938.32
2026-03-25 01:00:00,91.27,91.43,91.09,91.16,153501.51
2026-03-25 01:15:00,91.16,91.21,90.95,91.17,168483.77
2026-03-25 01:30:00,91.18,91.34,91.03,91.16,142448.09
2026-03-25 01:45:00,91.17,91.18,90.88,90.9,82422.21
2026-03-25 02:00:00,90.91,91.19,90.77,91.08,196814.73
2026-03-25 02:15:00,91.07,91.12,90.97,90.99,64880.62
2026-03-25 02:30:00,90.99,91.44,90.92,91.43,145926.03
2026-03-25 02:45:00,91.43,91.47,90.99,91.09,142422.32
2026-03-25 03:00:00,91.09,91.1,90.74,90.86,110997.94
2026-03-25 03:15:00,90.86,90.98,90.74,90.95,112328.74
2026-03-25 03:30:00,90.96,91.23,90.96,91.18,108168.33
2026-03-25 03:45:00,91.18,91.9,91.16,91.66,712990.93
2026-03-25 04:00:00,91.66,91.88,91.54,91.77,136755.3
2026-03-25 04:15:00,91.77,91.83,91.6,91.74,124183.52
2026-03-25 04:30:00,91.74,91.83,91.55,91.63,127296.1
2026-03-25 04:45:00,91.63,92.08,91.57,92.02,287169.13
2026-03-25 05:00:00,92.02,92.95,91.93,92.55,719984.71
2026-03-25 05:15:00,92.56,92.61,92.28,92.6,261300.26
2026-03-25 05:30:00,92.59,92.76,92.41,92.51,202811.99
2026-03-25 05:45:00,92.51,92.51,92.34,92.38,136668.61
2026-03-25 06:00:00,92.38,92.49,92.23,92.31,174316.53
2026-03-25 06:15:00,92.31,92.87,92.29,92.74,391001.0
2026-03-25 06:30:00,92.75,92.79,92.56,92.58,134819.09
2026-03-25 06:45:00,92.58,92.67,92.3,92.34,135858.23
2026-03-25 07:00:00,92.34,92.44,92.25,92.41,136746.49
2026-03-25 07:15:00,92.41,92.41,92.13,92.14,139640.67
2026-03-25 07:30:00,92.15,92.47,92.14,92.2,134440.09
2026-03-25 07:45:00,92.21,92.24,91.71,91.77,347852.37
2026-03-25 08:00:00,91.78,92.05,91.78,91.82,249738.99
2026-03-25 08:15:00,91.82,92.29,91.81,92.14,232337.88
2026-03-25 08:30:00,92.15,92.71,92.12,92.57,340512.11
2026-03-25 08:45:00,92.58,92.6,92.26,92.32,141271.65
2026-03-25 09:00:00,92.31,92.51,92.22,92.49,128681.72
2026-03-25 09:15:00,92.48,92.63,92.29,92.36,108018.54
2026-03-25 09:30:00,92.36,92.6,92.28,92.35,175752.33
2026-03-25 09:45:00,92.35,92.61,92.09,92.52,199836.02
2026-03-25 10:00:00,92.52,92.62,92.36,92.49,135883.19
2026-03-25 10:15:00,92.48,92.59,92.41,92.53,103243.73
2026-03-25 10:30:00,92.52,92.55,92.34,92.42,75029.48
2026-03-25 10:45:00,92.43,92.68,92.4,92.61,147029.83
2026-03-25 11:00:00,92.6,92.71,92.41,92.67,233043.88
2026-03-25 11:15:00,92.67,93.24,92.6,92.97,519303.48
2026-03-25 11:30:00,92.97,93.46,92.9,93.07,514740.08
2026-03-25 11:45:00,93.06,93.1,92.66,92.94,200419.19
2026-03-25 12:00:00,92.95,93.22,92.94,93.14,184779.34
2026-03-25 12:15:00,93.13,93.16,92.31,92.55,527674.9
2026-03-25 12:30:00,92.55,92.86,92.3,92.62,253691.01
2026-03-25 12:45:00,92.62,93.4,92.51,92.99,292688.64
2026-03-25 13:00:00,93.0,93.18,92.81,93.04,194940.81
2026-03-25 13:15:00,93.04,93.13,92.87,92.93,94572.01
2026-03-25 13:30:00,92.93,93.38,92.9,92.97,292641.5
2026-03-25 13:45:00,92.97,93.19,92.64,92.68,248861.62
2026-03-25 14:00:00,92.68,92.87,92.2,92.34,523013.01
2026-03-25 14:15:00,92.34,92.54,91.97,92.17,325220.19
2026-03-25 14:30:00,92.17,92.39,92.04,92.13,256841.94
2026-03-25 14:45:00,92.13,92.27,91.86,91.91,255676.2
2026-03-25 15:00:00,91.92,92.03,91.37,91.42,485111.93
2026-03-25 15:15:00,91.42,91.68,90.96,91.66,635233.48
2026-03-25 15:30:00,91.66,91.81,91.49,91.61,223957.53
2026-03-25 15:45:00,91.62,92.04,91.51,91.72,274726.56
2026-03-25 16:00:00,91.72,91.86,91.55,91.67,167940.7
2026-03-25 16:15:00,91.66,92.72,91.6,92.39,450495.93
2026-03-25 16:30:00,92.39,92.63,92.26,92.44,336517.48
2026-03-25 16:45:00,92.43,92.45,92.11,92.18,173132.61
2026-03-25 17:00:00,92.17,92.29,91.98,92.09,142030.52
2026-03-25 17:15:00,92.08,92.33,91.89,92.07,156797.52
2026-03-25 17:30:00,92.07,92.07,91.73,91.89,164197.31
2026-03-25 17:45:00,91.89,91.99,91.55,91.67,178666.84
2026-03-25 18:00:00,91.68,91.93,91.62,91.85,134058.04
2026-03-25 18:15:00,91.85,92.15,91.84,91.99,141740.02
2026-03-25 18:30:00,92.0,92.05,91.65,91.75,87813.51
2026-03-25 18:45:00,91.74,91.87,91.41,91.65,157356.0
2026-03-25 19:00:00,91.65,91.9,91.58,91.81,126888.28
2026-03-25 19:15:00,91.8,91.95,91.65,91.73,83568.82
2026-03-25 19:30:00,91.73,91.92,91.6,91.65,87401.93
2026-03-25 19:45:00,91.65,91.77,91.35,91.72,156581.08
2026-03-25 20:00:00,91.72,91.74,91.12,91.14,191726.37
2026-03-25 20:15:00,91.14,91.35,91.1,91.18,139617.07
2026-03-25 20:30:00,91.18,91.47,91.05,91.45,121069.78
2026-03-25 20:45:00,91.44,91.55,91.32,91.45,134332.31
2026-03-25 21:00:00,91.45,91.56,91.24,91.55,80817.3
2026-03-25 21:15:00,91.54,91.59,91.2,91.22,99141.55
2026-03-25 21:30:00,91.21,91.42,91.12,91.33,103326.75
2026-03-25 21:45:00,91.32,91.37,91.11,91.22,61818.62
2026-03-25 22:00:00,91.22,91.33,91.01,91.08,151044.1
2026-03-25 22:15:00,91.08,91.27,90.98,91.23,148832.47
2026-03-25 22:30:00,91.22,91.89,91.21,91.7,355530.95
2026-03-25 22:45:00,91.7,91.9,91.61,91.69,189205.56
2026-03-25 23:00:00,91.69,91.8,91.6,91.6,71940.51
2026-03-25 23:15:00,91.61,91.75,91.47,91.68,113960.11
2026-03-25 23:30:00,91.67,91.7,91.47,91.5,82202.27
2026-03-25 23:45:00,91.51,91.72,91.42,91.65,73297.51
2026-03-26 00:00:00,91.65,91.72,91.44,91.63,132876.31
2026-03-26 00:15:00,91.63,91.85,91.53,91.72,106357.84
2026-03-26 00:30:00,91.72,91.89,91.69,91.81,93743.24
2026-03-26 00:45:00,91.82,91.92,91.46,91.64,141775.45
2026-03-26 01:00:00,91.64,91.85,91.62,91.73,96289.19
2026-03-26 01:15:00,91.73,91.91,91.53,91.81,71059.09
2026-03-26 01:30:00,91.82,91.9,91.65,91.68,108200.55
2026-03-26 01:45:00,91.68,91.86,91.66,91.76,76254.69
2026-03-26 02:00:00,91.76,91.79,91.38,91.47,91617.11
2026-03-26 02:15:00,91.47,91.48,91.11,91.17,237584.17
2026-03-26 02:30:00,91.17,91.19,90.6,90.82,420153.11
2026-03-26 02:45:00,90.83,90.94,90.77,90.89,87450.61
2026-03-26 03:00:00,90.89,91.03,90.67,91.02,149102.95
2026-03-26 03:15:00,91.03,91.03,90.53,90.61,244381.75
2026-03-26 03:30:00,90.61,90.92,90.6,90.89,110247.22
2026-03-26 03:45:00,90.89,91.1,90.87,91.01,93265.91
2026-03-26 04:00:00,91.02,91.02,90.71,90.72,93743.49
2026-03-26 04:15:00,90.72,90.85,90.61,90.84,119577.35
2026-03-26 04:30:00,90.84,90.92,90.73,90.81,79635.19
2026-03-26 04:45:00,90.82,90.93,90.72,90.76,45471.14
2026-03-26 05:00:00,90.75,90.79,89.88,89.93,875023.83
2026-03-26 05:15:00,89.94,90.0,89.8,89.99,359112.21
2026-03-26 05:30:00,89.98,90.08,89.42,89.55,432736.47
2026-03-26 05:45:00,89.55,89.59,89.04,89.18,514660.5
2026-03-26 06:00:00,89.17,89.24,88.92,89.15,494458.35
2026-03-26 06:15:00,89.15,89.17,88.81,89.03,454930.52
2026-03-26 06:30:00,89.02,89.09,88.83,88.93,293309.35
2026-03-26 06:45:00,88.93,89.12,88.91,88.99,224265.6
2026-03-26 07:00:00,88.99,89.19,88.92,89.09,278631.9
2026-03-26 07:15:00,89.08,89.33,88.91,88.94,316153.62
2026-03-26 07:30:00,88.95,89.11,88.72,88.79,277755.21
2026-03-26 07:45:00,88.78,89.15,88.77,89.04,209173.32
2026-03-26 08:00:00,89.03,89.04,88.63,88.67,264424.44
2026-03-26 08:15:00,88.67,88.78,88.58,88.63,160922.79
2026-03-26 08:30:00,88.62,88.81,88.6,88.69,124927.67
2026-03-26 08:45:00,88.69,88.92,88.65,88.81,181273.81
2026-03-26 09:00:00,88.81,88.97,88.64,88.84,157817.94
2026-03-26 09:15:00,88.84,88.88,88.67,88.85,77518.35
2026-03-26 09:30:00,88.85,88.85,87.66,88.05,1030007.02
2026-03-26 09:45:00,88.06,88.16,87.81,88.05,240323.26
2026-03-26 10:00:00,88.05,88.1,87.82,87.98,233145.02
2026-03-26 10:15:00,87.97,88.27,87.97,88.19,180385.97
2026-03-26 10:30:00,88.2,88.27,87.69,87.76,312815.79
2026-03-26 10:45:00,87.76,87.92,87.74,87.88,112134.52
2026-03-26 11:00:00,87.88,88.06,87.51,87.84,265851.73
2026-03-26 11:15:00,87.85,87.87,87.37,87.55,392480.76
2026-03-26 11:30:00,87.54,87.71,87.52,87.59,206079.67
2026-03-26 11:45:00,87.59,87.68,87.47,87.51,147261.02
2026-03-26 12:00:00,87.51,87.59,87.31,87.54,288447.11
2026-03-26 12:15:00,87.54,87.71,87.45,87.65,176061.53
2026-03-26 12:30:00,87.66,87.75,87.38,87.48,204264.07
2026-03-26 12:45:00,87.48,87.61,87.42,87.51,126977.09
2026-03-26 13:00:00,87.51,87.75,87.47,87.72,215808.45
2026-03-26 13:15:00,87.72,87.86,87.66,87.73,200642.51
2026-03-26 13:30:00,87.73,87.79,87.25,87.76,572550.22
2026-03-26 13:45:00,87.76,88.19,87.66,87.86,927349.97
2026-03-26 14:00:00,87.86,88.12,87.56,87.77,308024.18
2026-03-26 14:15:00,87.76,87.83,87.37,87.54,215895.8
2026-03-26 14:30:00,87.55,87.94,87.54,87.59,180615.06
2026-03-26 14:45:00,87.59,87.64,87.07,87.48,359287.74
2026-03-26 15:00:00,87.47,87.51,86.84,86.89,536473.35
2026-03-26 15:15:00,86.89,87.49,86.66,87.41,648378.27
2026-03-26 15:30:00,87.4,87.44,87.22,87.36,297598.16
2026-03-26 15:45:00,87.36,87.76,87.34,87.47,257359.57
2026-03-26 16:00:00,87.47,87.56,87.33,87.44,237134.03
2026-03-26 16:15:00,87.43,87.68,87.23,87.4,292584.95
2026-03-26 16:30:00,87.4,87.49,87.0,87.23,344168.17
2026-03-26 16:45:00,87.23,87.26,87.07,87.15,107675.27
2026-03-26 17:00:00,87.15,87.37,87.01,87.03,252124.05
2026-03-26 17:15:00,87.02,87.29,87.01,87.28,114262.46
2026-03-26 17:30:00,87.29,87.44,87.11,87.12,118580.11
2026-03-26 17:45:00,87.13,87.16,86.47,86.58,563182.21
2026-03-26 18:00:00,86.58,86.77,86.33,86.48,419304.99
2026-03-26 18:15:00,86.49,86.49,85.72,85.81,1132505.11
2026-03-26 18:30:00,85.81,85.98,85.66,85.89,291825.52
2026-03-26 18:45:00,85.89,86.08,85.83,85.99,207013.94
2026-03-26 19:00:00,85.98,86.0,85.77,85.92,163903.81
2026-03-26 19:15:00,85.92,86.01,85.46,85.57,302144.24
2026-03-26 19:30:00,85.58,85.82,85.4,85.79,257289.46
2026-03-26 19:45:00,85.79,85.81,85.37,85.41,273078.43
2026-03-26 20:00:00,85.41,87.13,85.37,86.56,1543129.18
2026-03-26 20:15:00,86.57,86.88,86.34,86.45,592383.38
2026-03-26 20:30:00,86.46,86.64,86.42,86.6,120736.15
2026-03-26 20:45:00,86.6,86.64,86.17,86.28,171704.97
2026-03-26 21:00:00,86.28,86.65,86.14,86.58,165716.61
2026-03-26 21:15:00,86.58,87.06,86.52,86.92,279246.38
2026-03-26 21:30:00,86.92,87.09,86.78,86.9,192870.94
2026-03-26 21:45:00,86.89,86.91,86.75,86.76,73794.23
2026-03-26 22:00:00,86.75,86.83,86.43,86.6,149924.35
2026-03-26 22:15:00,86.59,86.68,86.16,86.51,177901.3
2026-03-26 22:30:00,86.52,86.66,86.37,86.6,130824.79
2026-03-26 22:45:00,86.61,86.76,86.55,86.76,57860.62
2026-03-26 23:00:00,86.75,86.9,86.62,86.65,124979.5
2026-03-26 23:15:00,86.65,86.76,86.4,86.56,147583.05
2026-03-26 23:30:00,86.55,86.57,86.16,86.33,477275.87
2026-03-26 23:45:00,86.33,86.5,86.27,86.47,70735.44
2026-03-27 00:00:00,86.47,86.74,86.31,86.69,206847.63
2026-03-27 00:15:00,86.68,86.74,86.25,86.26,134680.08
2026-03-27 00:30:00,86.26,86.49,86.11,86.33,126701.79
2026-03-27 00:45:00,86.32,86.55,86.2,86.5,73078.55
2026-03-27 01:00:00,86.49,86.71,86.39,86.64,93013.99
2026-03-27 01:15:00,86.64,86.77,86.59,86.73,105963.74
2026-03-27 01:30:00,86.74,86.85,86.58,86.65,91071.1
2026-03-27 01:45:00,86.66,86.85,86.61,86.82,108357.88
2026-03-27 02:00:00,86.83,86.99,86.79,86.8,105161.06
2026-03-27 02:15:00,86.8,86.8,86.6,86.73,62770.27
2026-03-27 02:30:00,86.72,86.86,86.46,86.56,100588.39
2026-03-27 02:45:00,86.56,86.75,86.56,86.63,49712.96
2026-03-27 03:00:00,86.64,86.73,86.28,86.37,152589.06
2026-03-27 03:15:00,86.38,86.46,86.31,86.43,46898.46
2026-03-27 03:30:00,86.43,86.57,86.32,86.47,89765.85
2026-03-27 03:45:00,86.47,86.48,86.32,86.36,36942.25
2026-03-27 04:00:00,86.37,86.38,85.68,85.74,574351.47
2026-03-27 04:15:00,85.74,86.11,85.73,86.0,147881.47
2026-03-27 04:30:00,86.01,86.14,85.95,86.09,106870.35
2026-03-27 04:45:00,86.08,86.15,86.02,86.1,69559.75
2026-03-27 05:00:00,86.11,86.54,86.06,86.49,139176.18
2026-03-27 05:15:00,86.48,86.73,85.96,86.08,320494.59
2026-03-27 05:30:00,86.08,86.2,85.87,86.0,194700.37
2026-03-27 05:45:00,85.99,86.09,85.88,86.04,103698.99
2026-03-27 06:00:00,86.03,86.16,85.89,86.16,98414.81
2026-03-27 06:15:00,86.15,86.34,86.02,86.22,128948.75
2026-03-27 06:30:00,86.21,86.28,86.1,86.1,83370.74
2026-03-27 06:45:00,86.1,86.1,85.83,86.0,159153.45
2026-03-27 07:00:00,86.0,86.18,85.75,86.08,170748.32
2026-03-27 07:15:00,86.08,86.3,85.98,86.21,141757.41
2026-03-27 07:30:00,86.21,86.25,85.63,85.83,237888.42
2026-03-27 07:45:00,85.83,85.95,85.78,85.86,146863.55
2026-03-27 08:00:00,85.87,86.07,85.73,85.86,170731.54
2026-03-27 08:15:00,85.86,85.95,85.68,85.7,201492.97
2026-03-27 08:30:00,85.7,85.82,84.3,84.71,1559227.03
2026-03-27 08:45:00,84.72,85.24,84.69,85.05,370542.72
2026-03-27 09:00:00,85.05,85.07,84.35,84.77,404088.13
2026-03-27 09:15:00,84.77,85.2,84.75,85.1,232803.41
2026-03-27 09:30:00,85.11,85.12,84.83,84.99,158073.77
2026-03-27 09:45:00,84.99,85.14,84.95,85.01,126207.01
2026-03-27 10:00:00,85.02,85.1,84.86,84.87,119141.77
2026-03-27 10:15:00,84.87,85.07,84.81,85.01,108208.24
2026-03-27 10:30:00,85.01,85.06,82.74,83.34,2246696.61
2026-03-27 10:45:00,83.34,83.59,82.55,82.93,914812.6
2026-03-27 11:00:00,82.93,83.28,82.56,83.25,613428.67
2026-03-27 11:15:00,83.26,83.42,83.16,83.34,313068.36
2026-03-27 11:30:00,83.34,83.46,83.26,83.35,183483.99
2026-03-27 11:45:00,83.35,83.55,83.22,83.3,222966.27
2026-03-27 12:00:00,83.31,83.34,83.07,83.19,275746.82
2026-03-27 12:15:00,83.18,83.25,82.95,83.1,284011.05
2026-03-27 12:30:00,83.09,83.25,83.01,83.23,272135.55
2026-03-27 12:45:00,83.24,83.37,82.98,83.02,275616.17
2026-03-27 13:00:00,83.02,83.17,82.88,83.01,193068.44
2026-03-27 13:15:00,83.02,83.5,83.0,83.35,220036.05
2026-03-27 13:30:00,83.36,83.42,82.34,83.07,930357.06
2026-03-27 13:45:00,83.07,83.24,82.56,82.87,338915.56
2026-03-27 14:00:00,82.86,83.28,82.78,83.19,258849.09
2026-03-27 14:15:00,83.19,83.19,82.53,82.58,401748.6
2026-03-27 14:30:00,82.58,82.92,82.57,82.79,366494.02
2026-03-27 14:45:00,82.8,83.15,82.62,83.11,273545.89
2026-03-27 15:00:00,83.11,83.32,83.08,83.09,414020.84
2026-03-27 15:15:00,83.09,83.63,82.89,83.43,507449.0
2026-03-27 15:30:00,83.43,83.94,83.39,83.56,677661.7
2026-03-27 15:45:00,83.57,83.69,83.23,83.24,321236.01
2026-03-27 16:00:00,83.25,83.28,82.68,82.86,461585.31
2026-03-27 16:15:00,82.85,82.95,82.56,82.77,307025.06
2026-03-27 16:30:00,82.76,83.04,82.56,82.98,181401.92
2026-03-27 16:45:00,82.98,83.27,82.81,82.95,253763.49
2026-03-27 17:00:00,82.95,83.36,82.88,83.1,297162.93
2026-03-27 17:15:00,83.1,83.21,82.68,82.69,216348.93
2026-03-27 17:30:00,82.68,82.8,82.04,82.28,494433.87
2026-03-27 17:45:00,82.27,82.42,82.02,82.17,395300.95
2026-03-27 18:00:00,82.17,82.31,82.09,82.14,182025.01
2026-03-27 18:15:00,82.14,82.45,81.76,82.14,530230.14
2026-03-27 18:30:00,82.13,82.34,82.07,82.19,195170.38
2026-03-27 18:45:00,82.19,82.4,82.16,82.32,141235.33
2026-03-27 19:00:00,82.33,82.37,81.99,82.15,190498.22
2026-03-27 19:15:00,82.15,82.49,82.08,82.47,208018.35
2026-03-27 19:30:00,82.48,82.77,82.43,82.54,278586.2
2026-03-27 19:45:00,82.54,82.84,82.46,82.73,164105.14
2026-03-27 20:00:00,82.73,82.91,82.68,82.71,149141.23
2026-03-27 20:15:00,82.71,82.8,82.34,82.47,141735.25
2026-03-27 20:30:00,82.48,82.58,82.3,82.49,87595.34
2026-03-27 20:45:00,82.5,82.8,82.45,82.71,85665.1
2026-03-27 21:00:00,82.72,82.98,82.69,82.87,81809.84
2026-03-27 21:15:00,82.87,82.97,82.83,82.91,56743.69
2026-03-27 21:30:00,82.91,82.98,82.69,82.87,103623.27
2026-03-27 21:45:00,82.86,82.9,82.62,82.68,48435.41
2026-03-27 22:00:00,82.68,82.78,82.54,82.61,73713.6
2026-03-27 22:15:00,82.62,82.7,82.51,82.6,56519.96
2026-03-27 22:30:00,82.61,82.68,82.46,82.65,46879.7
2026-03-27 22:45:00,82.66,82.77,82.64,82.66,47494.5
2026-03-27 23:00:00,82.67,82.69,82.33,82.61,137315.15
2026-03-27 23:15:00,82.6,82.79,82.57,82.76,49682.22
2026-03-27 23:30:00,82.77,82.93,82.71,82.92,71648.38
2026-03-27 23:45:00,82.92,83.06,82.92,83.03,120278.68
2026-03-28 00:00:00,83.03,83.03,82.67,82.69,141962.28
2026-03-28 00:15:00,82.68,82.84,82.67,82.84,68090.92
2026-03-28 00:30:00,82.84,82.91,82.71,82.82,116105.31
2026-03-28 00:45:00,82.83,82.91,82.73,82.78,58706.43
2026-03-28 01:00:00,82.79,82.81,82.27,82.41,153171.01
2026-03-28 01:15:00,82.41,82.61,82.4,82.49,85584.41
2026-03-28 01:30:00,82.49,82.6,82.19,82.47,146027.92
2026-03-28 01:45:00,82.47,82.68,82.47,82.6,125707.29
2026-03-28 02:00:00,82.6,82.85,82.58,82.71,97107.94
2026-03-28 02:15:00,82.71,82.73,82.38,82.48,99856.99
2026-03-28 02:30:00,82.47,82.5,82.31,82.49,77186.91
2026-03-28 02:45:00,82.49,82.54,82.38,82.52,48375.17
2026-03-28 03:00:00,82.52,82.63,82.45,82.5,48023.31
2026-03-28 03:15:00,82.51,82.66,82.51,82.62,57547.08
2026-03-28 03:30:00,82.62,82.67,82.51,82.61,81244.07
2026-03-28 03:45:00,82.61,82.62,82.5,82.54,53907.43
2026-03-28 04:00:00,82.54,82.56,82.34,82.4,89885.87
2026-03-28 04:15:00,82.39,82.73,82.36,82.64,205981.04
2026-03-28 04:30:00,82.64,82.66,82.55,82.62,43210.96
2026-03-28 04:45:00,82.62,82.67,82.35,82.51,157403.38
2026-03-28 05:00:00,82.51,82.54,82.31,82.41,87310.69
2026-03-28 05:15:00,82.42,82.73,82.36,82.62,136259.98
2026-03-28 05:30:00,82.62,82.64,82.5,82.57,112716.06
2026-03-28 05:45:00,82.57,82.73,82.5,82.7,136069.08
2026-03-28 06:00:00,82.7,82.79,82.59,82.76,66282.5
2026-03-28 06:15:00,82.76,83.22,82.75,83.08,402043.28
2026-03-28 06:30:00,83.09,83.14,83.01,83.01,134757.42
2026-03-28 06:45:00,83.01,83.15,82.97,83.11,88541.11
2026-03-28 07:00:00,83.11,83.33,83.1,83.28,181475.04
2026-03-28 07:15:00,83.29,83.46,83.28,83.4,159817.66
2026-03-28 07:30:00,83.4,83.43,83.3,83.4,81237.54
2026-03-28 07:45:00,83.41,83.61,83.38,83.54,154129.51
2026-03-28 08:00:00,83.55,83.67,83.41,83.48,156013.62
2026-03-28 08:15:00,83.49,83.58,83.4,83.47,69028.63
2026-03-28 08:30:00,83.47,83.6,83.42,83.47,184829.86
2026-03-28 08:45:00,83.48,83.58,83.3,83.34,144606.36
2026-03-28 09:00:00,83.33,83.34,83.05,83.08,177985.88
2026-03-28 09:15:00,83.07,83.14,82.97,83.1,138228.2
2026-03-28 09:30:00,83.11,83.14,82.89,82.94,133588.29
2026-03-28 09:45:00,82.94,83.02,82.86,82.99,89510.86
2026-03-28 10:00:00,83.0,83.29,82.95,83.08,173351.87
2026-03-28 10:15:00,83.09,83.12,82.71,82.75,178747.43
2026-03-28 10:30:00,82.75,82.81,82.65,82.78,146171.38
2026-03-28 10:45:00,82.78,82.98,82.76,82.97,132397.84
2026-03-28 11:00:00,82.97,83.03,82.85,82.95,104980.91
2026-03-28 11:15:00,82.95,83.0,82.88,82.98,60192.12
2026-03-28 11:30:00,82.99,83.01,82.88,82.95,60855.33
2026-03-28 11:45:00,82.95,83.01,82.86,82.89,79876.62
2026-03-28 12:00:00,82.89,83.03,82.7,83.0,114961.92
2026-03-28 12:15:00,83.01,83.16,82.99,83.0,157180.5
2026-03-28 12:30:00,83.01,83.03,82.53,82.69,180684.53
2026-03-28 12:45:00,82.68,82.84,82.6,82.64,128378.66
2026-03-28 13:00:00,82.64,82.83,82.63,82.79,94742.44
2026-03-28 13:15:00,82.78,82.88,82.71,82.74,129397.1
2026-03-28 13:30:00,82.75,84.09,82.74,83.42,1052972.15
2026-03-28 13:45:00,83.43,83.61,83.18,83.3,424869.09
2026-03-28 14:00:00,83.31,83.34,82.93,83.01,454193.94
2026-03-28 14:15:00,83.01,83.29,82.92,83.16,156695.84
2026-03-28 14:30:00,83.17,83.46,83.04,83.4,181216.49
2026-03-28 14:45:00,83.39,83.47,83.02,83.17,210139.62
2026-03-28 15:00:00,83.16,83.42,83.12,83.36,126233.76
2026-03-28 15:15:00,83.36,84.35,83.33,83.76,1145267.47
2026-03-28 15:30:00,83.76,83.94,83.65,83.83,263242.29
2026-03-28 15:45:00,83.82,83.86,83.59,83.75,147000.4
2026-03-28 16:00:00,83.75,83.78,83.6,83.71,130293.07
2026-03-28 16:15:00,83.71,83.89,83.7,83.79,110490.74
2026-03-28 16:30:00,83.8,83.8,83.54,83.56,118451.45
2026-03-28 16:45:00,83.55,83.58,83.41,83.48,164929.18
2026-03-28 17:00:00,83.49,83.68,83.41,83.45,93814.32
2026-03-28 17:15:00,83.46,83.46,83.24,83.25,143765.11
2026-03-28 17:30:00,83.25,83.42,83.07,83.19,171610.46
2026-03-28 17:45:00,83.2,83.3,83.1,83.24,93594.6
2026-03-28 18:00:00,83.23,83.46,83.22,83.46,77127.73
2026-03-28 18:15:00,83.46,83.46,83.33,83.34,55244.01
2026-03-28 18:30:00,83.34,83.45,83.3,83.43,47992.46
2026-03-28 18:45:00,83.43,83.44,83.3,83.31,43684.3
2026-03-28 19:00:00,83.3,83.37,82.95,83.09,138396.91
2026-03-28 19:15:00,83.1,83.16,82.98,83.15,80371.18
2026-03-28 19:30:00,83.14,83.24,83.05,83.08,73383.69
2026-03-28 19:45:00,83.07,83.22,83.07,83.22,35403.93
2026-03-28 20:00:00,83.22,83.44,83.21,83.44,106171.62
2026-03-28 20:15:00,83.44,83.45,83.27,83.3,84517.0
2026-03-28 20:30:00,83.31,83.4,83.24,83.27,42644.03
2026-03-28 20:45:00,83.26,83.39,83.26,83.34,27590.55
2026-03-28 21:00:00,83.33,83.37,82.91,83.06,200418.05
2026-03-28 21:15:00,83.05,83.08,82.63,82.92,305468.22
2026-03-28 21:30:00,82.91,82.91,82.64,82.87,157959.04
2026-03-28 21:45:00,82.88,82.92,82.27,82.62,243662.42
2026-03-28 22:00:00,82.62,82.69,82.4,82.41,148130.26
2026-03-28 22:15:00,82.4,82.85,82.4,82.76,103844.6
2026-03-28 22:30:00,82.76,82.78,82.65,82.68,74210.12
2026-03-28 22:45:00,82.68,82.8,82.66,82.74,62434.55
2026-03-28 23:00:00,82.73,82.73,81.6,81.93,542680.34
2026-03-28 23:15:00,81.93,82.09,81.7,82.0,242817.65
2026-03-28 23:30:00,81.99,82.22,81.98,82.01,115699.01
2026-03-28 23:45:00,82.0,82.06,81.85,82.0,108009.49
2026-03-29 00:00:00,82.01,82.17,81.97,82.03,144593.01
2026-03-29 00:15:00,82.04,82.17,81.79,81.89,162345.15
2026-03-29 00:30:00,81.88,82.12,81.86,81.98,136930.59
2026-03-29 00:45:00,81.99,82.21,81.92,82.14,125531.45
2026-03-29 01:00:00,82.14,82.4,82.12,82.3,160673.97
2026-03-29 01:15:00,82.29,82.38,82.24,82.32,72478.33
2026-03-29 01:30:00,82.33,82.35,82.01,82.24,116632.39
2026-03-29 01:45:00,82.25,82.45,82.04,82.4,200138.49
2026-03-29 02:00:00,82.4,82.55,82.34,82.53,112099.86
2026-03-29 02:15:00,82.53,82.59,82.42,82.49,81036.2
2026-03-29 02:30:00,82.5,82.69,82.38,82.62,92354.63
2026-03-29 02:45:00,82.62,82.79,82.54,82.71,122212.64
2026-03-29 03:00:00,82.7,82.77,82.65,82.66,69693.41
2026-03-29 03:15:00,82.66,83.19,82.62,82.95,287040.98
2026-03-29 03:30:00,82.95,83.05,82.87,82.91,114580.34
2026-03-29 03:45:00,82.91,82.99,82.83,82.93,65594.93
2026-03-29 04:00:00,82.93,82.97,82.82,82.91,63087.06
2026-03-29 04:15:00,82.92,82.92,82.67,82.75,79104.07
2026-03-29 04:30:00,82.76,82.81,82.64,82.75,57713.05
2026-03-29 04:45:00,82.76,82.78,82.68,82.72,34176.48
2026-03-29 05:00:00,82.72,82.73,82.42,82.45,101302.81
2026-03-29 05:15:00,82.45,82.62,82.34,82.54,131693.9
2026-03-29 05:30:00,82.54,82.63,82.5,82.6,82033.71
2026-03-29 05:45:00,82.61,82.82,82.56,82.64,169703.93
2026-03-29 06:00:00,82.64,82.77,82.62,82.67,67498.54
2026-03-29 06:15:00,82.67,82.7,82.26,82.34,120790.82
2026-03-29 06:30:00,82.35,82.43,82.24,82.28,108470.29
2026-03-29 06:45:00,82.27,82.53,82.24,82.42,156263.47
2026-03-29 07:00:00,82.42,82.42,82.16,82.27,113384.1
2026-03-29 07:15:00,82.27,82.39,82.22,82.38,64095.74
2026-03-29 07:30:00,82.38,82.46,82.31,82.36,50035.05
2026-03-29 07:45:00,82.37,82.58,82.28,82.38,86949.38
2026-03-29 08:00:00,82.39,82.54,82.28,82.36,71383.95
2026-03-29 08:15:00,82.36,82.46,82.28,82.45,51330.9
2026-03-29 08:30:00,82.46,82.56,82.45,82.48,93855.96
2026-03-29 08:45:00,82.48,82.52,82.37,82.4,45096.41
2026-03-29 09:00:00,82.4,82.49,82.24,82.38,96007.42
2026-03-29 09:15:00,82.38,82.45,82.28,82.34,47401.18
2026-03-29 09:30:00,82.35,82.41,82.07,82.2,122512.52
2026-03-29 09:45:00,82.21,82.32,82.21,82.3,36945.54
2026-03-29 10:00:00,82.29,82.29,82.1,82.19,87314.54
2026-03-29 10:15:00,82.19,82.24,82.03,82.07,111708.38
2026-03-29 10:30:00,82.07,82.16,81.92,82.1,230866.41
2026-03-29 10:45:00,82.1,82.2,82.06,82.07,87521.73
2026-03-29 11:00:00,82.06,82.69,82.06,82.47,333789.78
2026-03-29 11:15:00,82.47,82.6,82.39,82.51,104550.69
2026-03-29 11:30:00,82.52,82.72,82.42,82.67,125204.59
2026-03-29 11:45:00,82.68,82.79,82.51,82.52,121402.01
2026-03-29 12:00:00,82.52,82.59,82.37,82.37,81756.5
2026-03-29 12:15:00,82.37,82.43,82.32,82.34,70280.28
2026-03-29 12:30:00,82.34,82.42,82.17,82.2,79729.25
2026-03-29 12:45:00,82.21,82.46,82.17,82.38,69269.71
2026-03-29 13:00:00,82.38,82.42,81.62,81.84,442349.75
2026-03-29 13:15:00,81.84,82.08,81.75,82.01,204761.02
2026-03-29 13:30:00,82.01,82.1,81.91,81.95,128670.15
2026-03-29 13:45:00,81.95,82.0,81.73,81.86,131814.19
2026-03-29 14:00:00,81.87,82.38,81.72,82.1,268101.86
2026-03-29 14:15:00,82.1,82.13,81.79,81.85,115112.88
2026-03-29 14:30:00,81.85,82.0,81.82,81.96,126594.32
2026-03-29 14:45:00,81.96,81.99,81.64,81.88,252573.14
2026-03-29 15:00:00,81.88,82.09,81.69,81.91,219991.02
2026-03-29 15:15:00,81.92,82.05,81.21,81.53,521196.19
2026-03-29 15:30:00,81.52,81.63,81.43,81.57,171831.37
2026-03-29 15:45:00,81.56,81.8,81.53,81.76,135425.82
2026-03-29 16:00:00,81.75,81.83,81.68,81.69,90467.07
2026-03-29 16:15:00,81.69,82.08,81.65,81.88,228890.5
2026-03-29 16:30:00,81.87,81.88,81.62,81.64,78916.96
2026-03-29 16:45:00,81.64,81.72,81.55,81.63,99399.81
2026-03-29 17:00:00,81.64,81.79,81.46,81.5,94111.02
2026-03-29 17:15:00,81.5,81.5,81.06,81.19,392712.97
2026-03-29 17:30:00,81.19,81.59,81.12,81.49,337272.73
2026-03-29 17:45:00,81.5,81.59,81.45,81.5,104735.12
2026-03-29 18:00:00,81.51,81.57,81.33,81.54,130033.89
2026-03-29 18:15:00,81.54,81.67,81.37,81.51,97118.39
2026-03-29 18:30:00,81.51,81.88,81.47,81.72,350178.72
2026-03-29 18:45:00,81.72,81.8,81.64,81.75,78107.56
2026-03-29 19:00:00,81.74,81.76,81.67,81.74,61646.41
2026-03-29 19:15:00,81.74,81.83,81.62,81.66,99541.75
2026-03-29 19:30:00,81.65,81.76,81.53,81.61,87090.5
2026-03-29 19:45:00,81.6,81.68,81.48,81.56,111811.73
2026-03-29 20:00:00,81.55,81.85,81.54,81.7,91593.33
2026-03-29 20:15:00,81.7,82.18,81.68,81.97,258064.97
2026-03-29 20:30:00,81.97,82.0,81.79,81.8,56367.53
2026-03-29 20:45:00,81.79,81.89,81.75,81.87,61358.48
2026-03-29 21:00:00,81.88,81.99,81.8,81.85,92540.46
2026-03-29 21:15:00,81.84,81.97,81.77,81.91,54494.49
2026-03-29 21:30:00,81.92,82.11,81.87,82.05,139979.15
2026-03-29 21:45:00,82.05,82.17,82.03,82.1,63038.56
2026-03-29 22:00:00,82.1,82.11,81.22,81.52,411457.28
2026-03-29 22:15:00,81.51,81.9,81.45,81.7,188309.04
2026-03-29 22:30:00,81.71,81.75,80.28,80.51,931546.34
2026-03-29 22:45:00,80.52,80.94,78.77,80.85,2143970.39
2026-03-29 23:00:00,80.86,81.45,80.81,81.14,551437.51
2026-03-29 23:15:00,81.14,81.65,81.07,81.24,424890.31
2026-03-29 23:30:00,81.23,81.48,81.1,81.32,202600.95
2026-03-29 23:45:00,81.33,81.61,81.1,81.34,267648.31
2026-03-30 00:00:00,81.34,81.47,81.06,81.17,239749.25
2026-03-30 00:15:00,81.16,82.95,81.07,82.11,1192002.34
2026-03-30 00:30:00,82.1,82.4,81.54,81.69,317717.12
2026-03-30 00:45:00,81.69,81.94,81.44,81.82,167653.34
2026-03-30 01:00:00,81.83,82.41,81.82,82.19,251676.43
2026-03-30 01:15:00,82.2,82.57,82.08,82.47,210319.03
2026-03-30 01:30:00,82.47,82.75,82.38,82.55,208354.43
2026-03-30 01:45:00,82.56,82.84,82.54,82.66,161129.08
2026-03-30 02:00:00,82.66,83.03,82.56,82.91,222000.94
2026-03-30 02:15:00,82.91,83.01,82.59,82.67,137302.82
2026-03-30 02:30:00,82.68,83.07,82.42,83.07,192495.43
2026-03-30 02:45:00,83.06,83.91,82.97,83.29,822964.45
2026-03-30 03:00:00,83.3,83.33,82.88,83.02,297368.38
2026-03-30 03:15:00,83.02,83.44,82.87,83.34,292371.98
2026-03-30 03:30:00,83.34,83.37,83.09,83.19,138758.38
2026-03-30 03:45:00,83.18,83.5,83.11,83.24,140483.94
2026-03-30 04:00:00,83.24,83.59,83.2,83.4,203937.88
2026-03-30 04:15:00,83.41,83.75,83.33,83.54,294017.31
2026-03-30 04:30:00,83.54,83.72,83.43,83.51,139111.86
2026-03-30 04:45:00,83.51,83.83,83.51,83.73,194870.24
2026-03-30 05:00:00,83.73,84.15,83.72,84.01,435329.94
2026-03-30 05:15:00,84.0,84.1,83.72,83.81,239279.09
2026-03-30 05:30:00,83.82,83.89,83.47,83.57,252019.18
2026-03-30 05:45:00,83.57,83.77,83.43,83.59,279122.53
2026-03-30 06:00:00,83.59,83.84,83.55,83.58,114979.6
2026-03-30 06:15:00,83.57,83.61,83.36,83.53,179042.96
2026-03-30 06:30:00,83.53,83.57,83.37,83.46,122887.64
2026-03-30 06:45:00,83.45,83.55,83.39,83.43,76446.39
2026-03-30 07:00:00,83.42,83.68,83.27,83.58,144008.87
2026-03-30 07:15:00,83.57,83.62,83.5,83.54,80325.35
2026-03-30 07:30:00,83.54,83.66,83.42,83.58,97108.62
2026-03-30 07:45:00,83.57,84.25,83.54,83.98,521629.67
2026-03-30 08:00:00,83.98,84.46,83.95,84.24,609216.04
2026-03-30 08:15:00,84.25,84.35,84.14,84.23,187733.52
2026-03-30 08:30:00,84.23,84.98,84.19,84.55,617056.73
2026-03-30 08:45:00,84.55,84.66,84.35,84.48,232492.85
2026-03-30 09:00:00,84.48,84.48,84.24,84.27,169063.98
2026-03-30 09:15:00,84.26,84.43,84.18,84.23,164948.11
2026-03-30 09:30:00,84.23,84.24,84.09,84.2,131892.44
2026-03-30 09:45:00,84.2,84.25,84.07,84.09,90608.71
2026-03-30 10:00:00,84.1,84.14,83.95,83.97,123814.14
2026-03-30 10:15:00,83.97,84.18,83.97,84.02,163681.56
2026-03-30 10:30:00,84.02,84.03,83.45,83.77,389969.68
2026-03-30 10:45:00,83.77,83.98,83.63,83.88,223734.01
2026-03-30 11:00:00,83.88,84.04,83.83,84.01,121392.16
2026-03-30 11:15:00,84.01,84.65,83.81,84.08,494928.39
2026-03-30 11:30:00,84.08,84.26,84.03,84.11,205702.67
2026-03-30 11:45:00,84.12,84.31,84.06,84.21,98841.63
2026-03-30 12:00:00,84.21,84.45,84.2,84.28,164483.06
2026-03-30 12:15:00,84.28,84.33,84.08,84.16,138755.62
2026-03-30 12:30:00,84.15,84.52,84.14,84.44,206074.59
2026-03-30 12:45:00,84.44,84.57,84.37,84.45,151152.18
2026-03-30 13:00:00,84.46,84.83,84.3,84.62,329665.6
2026-03-30 13:15:00,84.62,84.95,84.52,84.52,267621.26
2026-03-30 13:30:00,84.52,84.71,84.12,84.17,365755.81
2026-03-30 13:45:00,84.16,84.35,83.88,83.96,411158.18
2026-03-30 14:00:00,83.96,84.6,83.85,84.43,428860.7
2026-03-30 14:15:00,84.43,84.5,83.9,84.05,351211.04
2026-03-30 14:30:00,84.04,84.2,83.6,83.7,448674.27
2026-03-30 14:45:00,83.7,84.59,83.64,84.33,595149.48
2026-03-30 15:00:00,84.34,84.54,84.04,84.07,264149.83
2026-03-30 15:15:00,84.07,84.18,83.81,84.06,157372.9
2026-03-30 15:30:00,84.05,84.71,83.98,84.66,339699.28
2026-03-30 15:45:00,84.66,84.68,84.4,84.45,232951.78
2026-03-30 16:00:00,84.45,84.49,84.09,84.23,218257.67
2026-03-30 16:15:00,84.23,84.25,83.95,84.04,165271.58
2026-03-30 16:30:00,84.05,84.18,83.95,84.04,168372.11
2026-03-30 16:45:00,84.04,84.18,83.86,84.16,205447.56
2026-03-30 17:00:00,84.16,84.36,83.82,83.85,212356.49
2026-03-30 17:15:00,83.85,83.87,83.03,83.35,598961.1
2026-03-30 17:30:00,83.35,83.47,83.21,83.42,248660.59
2026-03-30 17:45:00,83.41,83.5,83.08,83.2,266897.16
2026-03-30 18:00:00,83.2,83.39,82.88,83.02,401917.12
2026-03-30 18:15:00,83.02,83.09,82.63,82.78,395562.2
2026-03-30 18:30:00,82.78,83.01,82.63,82.87,171062.71
2026-03-30 18:45:00,82.88,82.95,82.38,82.63,374120.13
2026-03-30 19:00:00,82.63,82.64,82.27,82.44,311559.49
2026-03-30 19:15:00,82.44,82.51,81.9,82.13,416316.86
2026-03-30 19:30:00,82.13,82.25,82.01,82.1,455767.05
2026-03-30 19:45:00,82.1,82.44,82.02,82.32,376107.25
2026-03-30 20:00:00,82.32,82.78,82.29,82.69,383449.7
2026-03-30 20:15:00,82.69,82.85,82.6,82.8,129807.32
2026-03-30 20:30:00,82.8,82.81,82.54,82.71,107668.26
2026-03-30 20:45:00,82.71,82.79,82.63,82.73,76861.15
2026-03-30 21:00:00,82.73,83.48,82.63,83.23,453824.25
2026-03-30 21:15:00,83.23,83.66,83.2,83.32,417442.2
2026-03-30 21:30:00,83.32,83.46,83.25,83.35,121379.56
2026-03-30 21:45:00,83.36,83.39,83.09,83.09,148404.95
2026-03-30 22:00:00,83.1,83.45,82.81,82.87,273207.03
2026-03-30 22:15:00,82.87,83.01,82.78,82.87,167528.78
2026-03-30 22:30:00,82.88,82.95,82.74,82.91,70456.6
2026-03-30 22:45:00,82.92,82.93,82.59,82.76,160326.0
2026-03-30 23:00:00,82.77,82.77,82.08,82.28,493740.93
2026-03-30 23:15:00,82.28,82.48,82.23,82.47,98452.16
2026-03-30 23:30:00,82.48,82.56,82.38,82.49,75564.45
2026-03-30 23:45:00,82.5,82.51,82.37,82.51,63824.1
2026-03-31 00:00:00,82.51,82.56,82.13,82.36,185406.32
2026-03-31 00:15:00,82.36,82.41,82.09,82.35,174870.71
2026-03-31 00:30:00,82.35,82.52,82.2,82.44,191473.39
2026-03-31 00:45:00,82.45,82.91,82.41,82.68,410033.85
2026-03-31 01:00:00,82.69,83.01,82.55,82.96,170845.28
2026-03-31 01:15:00,82.96,83.83,82.94,83.72,545880.41
2026-03-31 01:30:00,83.71,84.6,83.6,83.77,850363.02
2026-03-31 01:45:00,83.76,83.93,83.52,83.79,319371.28
2026-03-31 02:00:00,83.8,83.87,83.53,83.69,145996.47
2026-03-31 02:15:00,83.69,84.02,83.69,83.91,131343.24
2026-03-31 02:30:00,83.92,83.96,83.66,83.87,110560.24
2026-03-31 02:45:00,83.86,84.05,83.76,83.78,146786.98
2026-03-31 03:00:00,83.78,83.89,83.52,83.67,111635.93
2026-03-31 03:15:00,83.68,83.72,83.36,83.48,101601.66
2026-03-31 03:30:00,83.49,83.58,83.21,83.38,118417.84
2026-03-31 03:45:00,83.39,83.59,83.31,83.57,101122.53
2026-03-31 04:00:00,83.57,83.7,83.41,83.55,160526.92
2026-03-31 04:15:00,83.56,83.88,83.25,83.3,221954.52
2026-03-31 04:30:00,83.3,83.45,83.24,83.36,111178.32
2026-03-31 04:45:00,83.36,83.52,83.26,83.28,92530.39
2026-03-31 05:00:00,83.29,83.31,82.85,82.93,235522.54
2026-03-31 05:15:00,82.92,83.26,82.87,83.14,184495.72
2026-03-31 05:30:00,83.15,83.38,83.08,83.37,180789.84
2026-03-31 05:45:00,83.38,83.73,83.37,83.73,159623.73
2026-03-31 06:00:00,83.73,83.78,83.27,83.35,261997.12
2026-03-31 06:15:00,83.35,83.38,83.04,83.13,165156.75
2026-03-31 06:30:00,83.12,83.3,83.01,83.2,207345.51
2026-03-31 06:45:00,83.19,83.49,83.18,83.36,100945.29
2026-03-31 07:00:00,83.37,83.39,82.95,83.01,122415.99
2026-03-31 07:15:00,83.02,83.05,82.64,82.82,415708.25
2026-03-31 07:30:00,82.83,83.07,82.75,82.93,221866.28
2026-03-31 07:45:00,82.94,83.13,82.93,83.05,94214.52
2026-03-31 08:00:00,83.06,83.2,82.81,82.97,173258.53
2026-03-31 08:15:00,82.98,83.32,82.92,83.11,112485.72
2026-03-31 08:30:00,83.11,83.13,82.34,82.4,363026.12
2026-03-31 08:45:00,82.4,82.54,82.18,82.19,359352.35
2026-03-31 09:00:00,82.2,82.42,81.94,82.1,348362.89
2026-03-31 09:15:00,82.1,82.14,81.53,81.77,430393.61
2026-03-31 09:30:00,81.77,81.86,81.67,81.78,202909.14
2026-03-31 09:45:00,81.79,81.89,79.89,80.5,2543815.68
2026-03-31 10:00:00,80.49,80.78,80.37,80.64,591849.81
2026-03-31 10:15:00,80.65,80.89,80.4,80.68,410866.87
2026-03-31 10:30:00,80.68,80.79,80.36,80.43,328572.8
2026-03-31 10:45:00,80.43,80.73,80.26,80.4,438815.47
2026-03-31 11:00:00,80.4,80.78,80.18,80.63,574592.29
2026-03-31 11:15:00,80.64,80.92,80.43,80.59,528424.15
2026-03-31 11:30:00,80.59,80.82,80.42,80.79,786139.38
2026-03-31 11:45:00,80.79,80.82,80.5,80.78,263813.68
2026-03-31 12:00:00,80.79,80.98,80.34,80.39,436257.75
2026-03-31 12:15:00,80.4,80.86,80.37,80.81,266057.8
2026-03-31 12:30:00,80.81,81.04,80.69,81.0,332087.57
2026-03-31 12:45:00,80.99,81.04,80.59,80.72,226737.62
2026-03-31 13:00:00,80.73,81.13,80.69,80.84,211502.41
2026-03-31 13:15:00,80.84,80.99,80.78,80.96,231633.43
2026-03-31 13:30:00,80.96,81.53,80.84,81.24,657726.48
2026-03-31 13:45:00,81.23,82.0,81.23,81.8,668280.78
2026-03-31 14:00:00,81.79,82.23,81.53,81.94,635301.9
2026-03-31 14:15:00,81.93,82.55,81.9,82.26,633091.47
2026-03-31 14:30:00,82.26,82.32,81.33,81.55,705192.7
2026-03-31 14:45:00,81.55,81.56,80.33,80.57,1098833.33
2026-03-31 15:00:00,80.58,81.61,80.57,81.52,768636.1
2026-03-31 15:15:00,81.52,81.64,80.97,81.03,581045.57
2026-03-31 15:30:00,81.03,81.26,80.9,81.02,292994.98
2026-03-31 15:45:00,81.02,81.33,80.76,80.83,336229.85
2026-03-31 16:00:00,80.83,81.21,80.82,81.11,225888.84
2026-03-31 16:15:00,81.11,81.39,81.08,81.21,161386.73
2026-03-31 16:30:00,81.2,82.88,81.01,82.35,1153100.3
2026-03-31 16:45:00,82.34,82.48,81.91,82.34,705642.93
2026-03-31 17:00:00,82.34,83.19,82.17,83.13,627552.65
2026-03-31 17:15:00,83.14,83.45,82.86,82.95,837248.93
2026-03-31 17:30:00,82.96,83.11,82.27,82.43,445271.55
2026-03-31 17:45:00,82.44,82.56,82.14,82.34,319014.99
2026-03-31 18:00:00,82.34,82.84,82.33,82.77,214661.6
2026-03-31 18:15:00,82.77,83.07,82.46,82.74,236467.5
2026-03-31 18:30:00,82.74,82.85,82.56,82.76,246589.73
2026-03-31 18:45:00,82.76,82.97,82.66,82.84,112626.08
2026-03-31 19:00:00,82.84,82.93,82.65,82.73,122015.65
2026-03-31 19:15:00,82.73,82.82,82.48,82.54,126848.22
2026-03-31 19:30:00,82.54,82.75,82.41,82.61,159874.83
2026-03-31 19:45:00,82.61,82.87,82.53,82.67,220192.24
2026-03-31 20:00:00,82.67,83.37,82.57,83.21,308224.56
2026-03-31 20:15:00,83.2,83.25,82.88,82.96,159452.72
2026-03-31 20:30:00,82.96,83.03,82.77,82.9,101658.3
2026-03-31 20:45:00,82.9,83.17,82.82,83.14,128057.87
2026-03-31 21:00:00,83.14,83.15,82.64,82.68,205003.98
2026-03-31 21:15:00,82.68,82.87,82.58,82.85,101649.11
2026-03-31 21:30:00,82.85,82.98,82.76,82.77,71911.36
2026-03-31 21:45:00,82.78,83.12,82.73,82.82,138661.96
2026-03-31 22:00:00,82.82,82.87,82.44,82.69,201256.14
2026-03-31 22:15:00,82.69,82.87,82.57,82.6,94802.67
2026-03-31 22:30:00,82.6,82.81,82.27,82.71,151709.83
2026-03-31 22:45:00,82.72,82.79,82.61,82.72,54665.11
2026-03-31 23:00:00,82.72,82.9,82.62,82.73,108406.29
2026-03-31 23:15:00,82.74,83.08,82.66,82.95,130848.39
2026-03-31 23:30:00,82.95,83.23,82.92,83.07,119001.8
2026-03-31 23:45:00,83.07,83.2,82.95,83.15,137986.77
2026-04-01 00:00:00,83.16,83.21,82.93,83.06,170397.29
2026-04-01 00:15:00,83.05,83.34,82.87,83.01,156685.92
2026-04-01 00:30:00,83.01,83.06,82.8,83.05,92369.9
2026-04-01 00:45:00,83.04,83.58,82.98,83.36,252383.11
2026-04-01 01:00:00,83.37,83.43,83.09,83.19,173953.9
2026-04-01 01:15:00,83.2,83.2,82.86,82.89,136003.29
2026-04-01 01:30:00,82.88,83.09,82.76,82.97,195916.33
2026-04-01 01:45:00,82.97,82.98,82.66,82.68,150413.2
2026-04-01 02:00:00,82.68,82.86,82.61,82.8,116521.71
2026-04-01 02:15:00,82.79,82.86,82.43,82.53,185025.67
2026-04-01 02:30:00,82.53,82.71,82.41,82.64,106124.78
2026-04-01 02:45:00,82.64,82.76,82.55,82.6,59322.25
2026-04-01 03:00:00,82.6,83.46,82.6,83.18,233788.96
2026-04-01 03:15:00,83.17,83.29,83.0,83.07,99772.48
2026-04-01 03:30:00,83.07,83.25,83.0,83.21,95114.21
2026-04-01 03:45:00,83.2,83.46,83.2,83.39,186247.03
2026-04-01 04:00:00,83.38,83.54,83.21,83.25,176955.27
2026-04-01 04:15:00,83.25,83.54,83.24,83.41,168433.78
2026-04-01 04:30:00,83.41,83.65,83.34,83.53,120954.19
2026-04-01 04:45:00,83.52,83.82,83.46,83.71,179349.76
2026-04-01 05:00:00,83.71,83.71,83.31,83.59,219483.93
2026-04-01 05:15:00,83.59,84.27,83.53,83.98,438521.29
2026-04-01 05:30:00,83.98,84.11,83.84,83.96,175867.88
2026-04-01 05:45:00,83.97,84.28,83.95,84.09,298488.99
2026-04-01 06:00:00,84.08,84.39,83.99,84.28,224241.35
2026-04-01 06:15:00,84.28,84.48,84.18,84.38,281393.06
2026-04-01 06:30:00,84.39,84.68,84.26,84.65,392104.28
2026-04-01 06:45:00,84.65,84.68,84.29,84.4,309895.4
2026-04-01 07:00:00,84.4,84.7,84.4,84.61,270222.12
2026-04-01 07:15:00,84.61,84.63,83.92,84.18,410052.08
2026-04-01 07:30:00,84.18,84.26,84.01,84.08,175054.47
2026-04-01 07:45:00,84.08,84.12,83.76,83.8,223986.75
2026-04-01 08:00:00,83.8,84.03,83.35,83.56,402166.3
2026-04-01 08:15:00,83.56,83.77,83.5,83.69,212311.95
2026-04-01 08:30:00,83.68,83.91,83.62,83.76,181115.89
2026-04-01 08:45:00,83.75,83.9,83.42,83.58,227867.65
2026-04-01 09:00:00,83.59,83.72,83.33,83.44,172715.14
2026-04-01 09:15:00,83.43,83.49,83.25,83.45,212837.4
2026-04-01 09:30:00,83.46,83.57,83.09,83.13,225612.29
2026-04-01 09:45:00,83.13,83.44,83.13,83.34,127480.03
2026-04-01 10:00:00,83.33,83.42,83.19,83.19,84235.69
2026-04-01 10:15:00,83.19,83.43,83.16,83.17,155995.33
2026-04-01 10:30:00,83.17,83.29,83.01,83.23,141521.07
2026-04-01 10:45:00,83.24,83.44,83.18,83.32,177735.84
2026-04-01 11:00:00,83.32,83.53,83.27,83.43,117169.76
2026-04-01 11:15:00,83.42,83.44,83.12,83.16,122270.82
2026-04-01 11:30:00,83.17,83.25,83.11,83.21,126573.28
2026-04-01 11:45:00,83.21,83.41,83.19,83.31,90484.19
2026-04-01 12:00:00,83.3,83.45,83.07,83.37,172315.51
2026-04-01 12:15:00,83.36,83.49,83.29,83.38,131452.3
2026-04-01 12:30:00,83.38,83.62,82.73,83.52,635135.75
2026-04-01 12:45:00,83.52,83.69,82.85,82.98,546495.91
2026-04-01 13:00:00,82.99,83.21,82.64,83.17,316994.05
2026-04-01 13:15:00,83.16,83.4,83.16,83.28,155920.52
2026-04-01 13:30:00,83.27,83.35,82.33,82.72,588938.44
2026-04-01 13:45:00,82.71,82.85,82.43,82.64,373775.06
2026-04-01 14:00:00,82.63,82.86,82.47,82.85,191883.48
2026-04-01 14:15:00,82.86,83.25,82.84,83.15,268632.96
2026-04-01 14:30:00,83.15,83.35,82.79,83.01,295151.6
2026-04-01 14:45:00,83.02,83.53,82.93,83.34,332214.8
2026-04-01 15:00:00,83.34,83.43,83.08,83.16,187692.7
2026-04-01 15:15:00,83.17,83.85,83.04,83.52,359998.62
2026-04-01 15:30:00,83.52,83.69,83.35,83.53,164180.71
2026-04-01 15:45:00,83.53,83.7,83.51,83.58,115198.78
2026-04-01 16:00:00,83.58,83.62,82.9,83.16,342169.39
2026-04-01 16:15:00,83.16,84.45,83.11,84.31,864621.22
2026-04-01 16:30:00,84.32,85.29,84.27,85.18,1123834.85
2026-04-01 16:45:00,85.19,85.25,84.85,85.18,550328.72
2026-04-01 17:00:00,85.19,86.59,85.18,85.69,1915613.64
2026-04-01 17:15:00,85.69,86.09,84.45,84.68,1216759.57
2026-04-01 17:30:00,84.69,85.04,84.14,84.9,686208.85
2026-04-01 17:45:00,84.9,85.03,84.29,84.38,587160.03
2026-04-01 18:00:00,84.38,84.43,83.88,84.0,674151.27
2026-04-01 18:15:00,84.0,84.1,83.66,83.87,429486.26
2026-04-01 18:30:00,83.87,84.35,83.76,84.08,333180.66
2026-04-01 18:45:00,84.07,84.09,83.49,83.59,349818.59
2026-04-01 19:00:00,83.59,84.06,83.58,83.94,214275.82
2026-04-01 19:15:00,83.94,84.25,83.82,84.23,147508.9
2026-04-01 19:30:00,84.22,84.37,83.86,83.88,301607.07
2026-04-01 19:45:00,83.87,84.03,83.62,83.79,294186.49
2026-04-01 20:00:00,83.8,83.85,82.95,82.95,656970.71
2026-04-01 20:15:00,82.96,83.07,82.57,82.61,344781.12
2026-04-01 20:30:00,82.6,82.67,82.26,82.53,513456.26
2026-04-01 20:45:00,82.52,82.77,82.41,82.54,248433.94
2026-04-01 21:00:00,82.54,82.8,82.42,82.65,248017.88
2026-04-01 21:15:00,82.64,83.16,82.55,82.81,437693.41
2026-04-01 21:30:00,82.8,82.83,81.89,82.17,573551.97
2026-04-01 21:45:00,82.18,82.2,81.34,81.82,349553.6
2026-04-01 22:00:00,81.81,81.91,81.21,81.34,426882.78
2026-04-01 22:15:00,81.34,81.47,80.78,80.93,953603.81
2026-04-01 22:30:00,80.92,81.15,80.72,80.91,466677.77
2026-04-01 22:45:00,80.9,81.15,80.82,81.12,194886.81
2026-04-01 23:00:00,81.12,81.42,81.07,81.35,229959.4
2026-04-01 23:15:00,81.35,81.35,81.08,81.27,277739.08
2026-04-01 23:30:00,81.27,81.35,80.93,81.29,204596.59
2026-04-01 23:45:00,81.29,81.32,81.08,81.14,152746.91
2026-04-02 00:00:00,81.14,81.19,81.0,81.14,219078.12
2026-04-02 00:15:00,81.14,81.2,80.87,81.06,242763.67
2026-04-02 00:30:00,81.06,81.6,81.04,81.6,300061.44
2026-04-02 00:45:00,81.59,81.72,81.36,81.56,320330.2
2026-04-02 01:00:00,81.56,81.57,80.08,80.81,1452565.95
2026-04-02 01:15:00,80.81,80.83,79.28,79.79,1617740.13
2026-04-02 01:30:00,79.8,79.8,79.05,79.1,872236.95
2026-04-02 01:45:00,79.11,79.43,78.91,79.27,610015.23
2026-04-02 02:00:00,79.27,79.28,78.57,78.63,734311.6
2026-04-02 02:15:00,78.63,78.92,78.37,78.58,588737.59
2026-04-02 02:30:00,78.58,78.87,78.22,78.34,492353.96
2026-04-02 02:45:00,78.34,78.88,78.27,78.81,406129.34
2026-04-02 03:00:00,78.81,78.93,78.61,78.78,262694.68
2026-04-02 03:15:00,78.78,79.24,78.62,79.19,401745.42
2026-04-02 03:30:00,79.19,79.35,78.64,78.87,544475.08
2026-04-02 03:45:00,78.88,79.03,78.73,78.94,218791.76
2026-04-02 04:00:00,78.94,79.15,78.82,78.85,263994.35
2026-04-02 04:15:00,78.85,79.0,78.68,78.92,386718.12
2026-04-02 04:30:00,78.91,79.04,78.8,78.93,188694.0
2026-04-02 04:45:00,78.93,79.11,78.75,78.77,346711.45
2026-04-02 05:00:00,78.77,79.05,78.63,78.78,320225.25
2026-04-02 05:15:00,78.78,78.95,78.55,78.64,287922.04
2026-04-02 05:30:00,78.64,79.1,78.6,79.07,304909.25
2026-04-02 05:45:00,79.07,79.43,78.99,79.21,317495.47
2026-04-02 06:00:00,79.21,79.23,78.97,79.02,178760.9
2026-04-02 06:15:00,79.02,79.38,79.0,79.28,183534.7
2026-04-02 06:30:00,79.28,79.28,78.89,78.93,211460.26
2026-04-02 06:45:00,78.93,79.09,78.91,79.06,125520.3
2026-04-02 07:00:00,79.06,79.11,78.95,79.01,168681.87
2026-04-02 07:15:00,79.01,79.32,79.01,79.25,193939.57
2026-04-02 07:30:00,79.25,79.55,79.24,79.42,267893.71
2026-04-02 07:45:00,79.42,79.63,79.42,79.59,209846.06
2026-04-02 08:00:00,79.59,79.59,79.35,79.41,161282.27
2026-04-02 08:15:00,79.42,79.44,79.18,79.24,162713.99
2026-04-02 08:30:00,79.24,79.31,78.98,79.07,286765.68
2026-04-02 08:45:00,79.06,79.13,78.99,79.07,131522.13
2026-04-02 09:00:00,79.06,79.17,78.86,79.14,274287.96
2026-04-02 09:15:00,79.15,79.32,78.96,79.27,160025.74
2026-04-02 09:30:00,79.28,79.3,79.07,79.2,127928.44
2026-04-02 09:45:00,79.2,79.24,79.11,79.22,72786.62
2026-04-02 10:00:00,79.21,79.27,78.82,78.84,200636.24
2026-04-02 10:15:00,78.84,79.0,78.74,78.87,187866.75
2026-04-02 10:30:00,78.88,79.05,78.8,78.88,124105.12
2026-04-02 10:45:00,78.89,78.91,78.74,78.84,133050.89
2026-04-02 11:00:00,78.84,78.94,78.53,78.6,220454.56
2026-04-02 11:15:00,78.59,78.83,78.23,78.72,374264.77
2026-04-02 11:30:00,78.72,78.77,78.47,78.52,137229.8
2026-04-02 11:45:00,78.52,78.55,78.11,78.27,328968.89
2026-04-02 12:00:00,78.28,78.39,78.05,78.19,386978.37
2026-04-02 12:15:00,78.2,78.55,78.02,78.27,394833.06
2026-04-02 12:30:00,78.27,78.32,78.08,78.2,187273.85
2026-04-02 12:45:00,78.19,78.25,77.83,77.93,398896.91
2026-04-02 13:00:00,77.93,78.22,77.54,77.57,580805.14
2026-04-02 13:15:00,77.56,77.64,77.26,77.41,677899.8
2026-04-02 13:30:00,77.41,77.6,76.63,76.9,1143381.43
2026-04-02 13:45:00,76.89,77.84,76.84,77.69,703528.75
2026-04-02 14:00:00,77.7,78.12,77.46,78.02,545797.02
2026-04-02 14:15:00,78.01,78.41,77.79,78.33,698905.95
2026-04-02 14:30:00,78.34,79.67,78.34,79.46,1760776.08
2026-04-02 14:45:00,79.47,79.49,78.76,79.02,598091.3
2026-04-02 15:00:00,79.03,79.21,78.78,78.95,412349.76
2026-04-02 15:15:00,78.94,78.96,78.23,78.67,602023.96
2026-04-02 15:30:00,78.68,79.19,78.51,79.16,339468.47
2026-04-02 15:45:00,79.15,79.19,78.81,79.01,218372.54
2026-04-02 16:00:00,79.01,79.1,78.89,78.97,186261.53
2026-04-02 16:15:00,78.97,79.08,78.67,79.01,149105.38
2026-04-02 16:30:00,79.01,79.86,78.97,79.6,699983.81
2026-04-02 16:45:00,79.6,79.7,79.39,79.39,199760.33
2026-04-02 17:00:00,79.38,79.4,78.87,79.33,331425.13
2026-04-02 17:15:00,79.33,79.64,79.32,79.48,254774.69
2026-04-02 17:30:00,79.49,79.55,78.92,79.02,301071.12
2026-04-02 17:45:00,79.01,79.08,78.51,78.56,442903.57
2026-04-02 18:00:00,78.56,78.89,78.38,78.75,364498.08
2026-04-02 18:15:00,78.75,78.94,78.52,78.55,167627.14
2026-04-02 18:30:00,78.55,78.73,78.51,78.71,213366.38
2026-04-02 18:45:00,78.72,79.25,78.71,79.1,249861.67
2026-04-02 19:00:00,79.1,79.22,78.97,79.09,137232.04
2026-04-02 19:15:00,79.1,79.12,78.82,79.0,136613.83
2026-04-02 19:30:00,78.99,79.01,78.65,78.86,137749.24
2026-04-02 19:45:00,78.86,79.13,78.8,78.95,152833.15
2026-04-02 20:00:00,78.95,79.12,78.73,78.95,145375.56
2026-04-02 20:15:00,78.96,79.33,78.94,79.23,206974.55
2026-04-02 20:30:00,79.22,79.33,79.08,79.18,71304.45
2026-04-02 20:45:00,79.17,79.19,79.09,79.14,75770.0
2026-04-02 21:00:00,79.13,79.2,78.58,78.79,214823.27
2026-04-02 21:15:00,78.79,79.02,78.76,78.91,75073.45
2026-04-02 21:30:00,78.91,78.98,78.65,78.73,66702.53
2026-04-02 21:45:00,78.74,78.93,78.73,78.93,43080.26
2026-04-02 22:00:00,78.93,79.09,78.85,78.96,97247.57
2026-04-02 22:15:00,78.96,79.07,78.68,78.84,76868.4
2026-04-02 22:30:00,78.84,79.1,78.84,79.04,53437.66
2026-04-02 22:45:00,79.03,79.05,78.9,78.94,38602.69
2026-04-02 23:00:00,78.93,78.97,78.74,78.83,92932.02
2026-04-02 23:15:00,78.83,79.12,78.8,78.88,123044.25
2026-04-02 23:30:00,78.89,78.94,78.81,78.85,38538.26
2026-04-02 23:45:00,78.85,78.95,78.76,78.91,65011.83
2026-04-03 00:00:00,78.91,78.98,78.83,78.98,83208.5
2026-04-03 00:15:00,78.98,79.36,78.92,79.16,126015.05
2026-04-03 00:30:00,79.16,79.29,78.94,79.19,120712.28
2026-04-03 00:45:00,79.2,79.23,79.06,79.18,74595.13
2026-04-03 01:00:00,79.18,79.42,79.14,79.33,96861.82
2026-04-03 01:15:00,79.33,79.69,79.25,79.63,274464.11
2026-04-03 01:30:00,79.63,79.77,78.97,79.13,310327.88
2026-04-03 01:45:00,79.14,79.17,78.93,79.13,182635.7
2026-04-03 02:00:00,79.13,79.13,78.81,79.08,166168.13
2026-04-03 02:15:00,79.08,79.56,79.03,79.06,295986.08
2026-04-03 02:30:00,79.07,79.15,78.8,78.96,187148.49
2026-04-03 02:45:00,78.96,79.43,78.9,79.32,275639.79
2026-04-03 03:00:00,79.32,79.4,79.1,79.28,209100.86
2026-04-03 03:15:00,79.28,79.39,79.1,79.16,90344.13
2026-04-03 03:30:00,79.16,79.31,79.0,79.09,141369.28
2026-04-03 03:45:00,79.1,79.15,78.96,78.97,88463.63
2026-04-03 04:00:00,78.96,79.39,78.95,79.35,201547.51
2026-04-03 04:15:00,79.36,79.5,79.02,79.03,248330.53
2026-04-03 04:30:00,79.03,79.24,78.95,79.23,124668.75
2026-04-03 04:45:00,79.23,79.4,79.22,79.27,65603.47
2026-04-03 05:00:00,79.27,79.38,79.25,79.3,68843.65
2026-04-03 05:15:00,79.3,79.31,79.01,79.29,84186.78
2026-04-03 05:30:00,79.29,79.62,79.29,79.49,231019.49
2026-04-03 05:45:00,79.48,79.49,79.19,79.27,95182.16
2026-04-03 06:00:00,79.27,79.36,79.15,79.31,82731.75
2026-04-03 06:15:00,79.31,79.36,79.2,79.26,61800.32
2026-04-03 06:30:00,79.27,79.61,79.17,79.58,225732.41
2026-04-03 06:45:00,79.58,79.67,79.52,79.6,144178.79
2026-04-03 07:00:00,79.6,79.64,79.44,79.48,134594.27
2026-04-03 07:15:00,79.49,79.59,79.39,79.59,114527.65
2026-04-03 07:30:00,79.58,80.15,79.5,79.82,411142.07
2026-04-03 07:45:00,79.82,79.93,79.69,79.9,179326.5
2026-04-03 08:00:00,79.9,80.09,79.8,79.96,218650.1
2026-04-03 08:15:00,79.96,80.02,79.67,79.71,171117.85
2026-04-03 08:30:00,79.7,79.9,79.58,79.65,149944.6
2026-04-03 08:45:00,79.66,79.79,79.59,79.71,101844.35
2026-04-03 09:00:00,79.72,80.04,79.64,80.01,190091.58
2026-04-03 09:15:00,80.0,80.18,79.71,79.78,260518.31
2026-04-03 09:30:00,79.78,80.02,79.73,80.0,105180.96
2026-04-03 09:45:00,80.0,80.01,79.84,79.92,71757.43
2026-04-03 10:00:00,79.92,79.98,79.76,79.98,98781.41
2026-04-03 10:15:00,79.98,80.14,79.78,79.81,296340.5
2026-04-03 10:30:00,79.81,79.84,79.65,79.79,128077.14
2026-04-03 10:45:00,79.8,80.13,79.8,80.12,162853.21
2026-04-03 11:00:00,80.11,80.43,79.97,80.01,344228.98
2026-04-03 11:15:00,80.02,80.16,79.95,80.02,84486.3
2026-04-03 11:30:00,80.01,80.07,79.93,80.0,105529.81
2026-04-03 11:45:00,80.0,80.16,79.84,80.13,233872.43
2026-04-03 12:00:00,80.12,80.24,79.96,80.09,143169.84
2026-04-03 12:15:00,80.09,80.27,79.99,80.19,129787.82
2026-04-03 12:30:00,80.18,80.9,79.67,79.76,797876.68
2026-04-03 12:45:00,79.76,79.85,79.14,79.29,510826.29
2026-04-03 13:00:00,79.29,79.37,79.11,79.26,290757.08
2026-04-03 13:15:00,79.26,79.43,79.17,79.42,148883.63
2026-04-03 13:30:00,79.42,79.5,79.34,79.38,229629.76
2026-04-03 13:45:00,79.38,79.59,79.2,79.57,183166.08
2026-04-03 14:00:00,79.57,79.86,79.39,79.81,223831.05
2026-04-03 14:15:00,79.81,80.02,79.64,79.97,224969.27
2026-04-03 14:30:00,79.97,80.0,79.7,79.8,97695.48
2026-04-03 14:45:00,79.81,80.33,79.8,80.2,292844.59
2026-04-03 15:00:00,80.21,80.56,80.1,80.42,346703.47
2026-04-03 15:15:00,80.41,80.54,80.18,80.4,192182.43
2026-04-03 15:30:00,80.4,80.5,80.16,80.39,187126.55
2026-04-03 15:45:00,80.4,80.64,80.27,80.3,201290.57
2026-04-03 16:00:00,80.3,80.39,80.19,80.32,210418.67
2026-04-03 16:15:00,80.32,80.54,80.27,80.48,108041.57
2026-04-03 16:30:00,80.48,80.64,80.3,80.39,208941.47
2026-04-03 16:45:00,80.38,80.59,80.35,80.52,135155.69
2026-04-03 17:00:00,80.52,80.52,80.31,80.32,80024.83
2026-04-03 17:15:00,80.31,80.31,79.85,80.08,338571.29
2026-04-03 17:30:00,80.08,80.24,80.07,80.18,83741.62
2026-04-03 17:45:00,80.18,80.26,80.07,80.14,73084.44
2026-04-03 18:00:00,80.14,80.2,80.03,80.17,94219.32
2026-04-03 18:15:00,80.17,80.41,80.08,80.24,123100.41
2026-04-03 18:30:00,80.24,80.41,80.14,80.17,61421.03
2026-04-03 18:45:00,80.17,80.22,80.06,80.09,67690.2
2026-04-03 19:00:00,80.08,80.13,79.82,79.94,230452.01
2026-04-03 19:15:00,79.95,80.17,79.92,80.07,119843.95
2026-04-03 19:30:00,80.06,80.14,80.05,80.1,45295.9
2026-04-03 19:45:00,80.1,80.26,80.1,80.16,72646.97
2026-04-03 20:00:00,80.16,80.28,80.11,80.28,75764.73
2026-04-03 20:15:00,80.28,80.28,80.15,80.18,36545.37
2026-04-03 20:30:00,80.18,80.28,80.15,80.22,39013.67
2026-04-03 20:45:00,80.21,80.25,80.14,80.15,43058.14
2026-04-03 21:00:00,80.15,80.41,80.07,80.32,146915.83
2026-04-03 21:15:00,80.32,80.39,80.21,80.28,85039.95
2026-04-03 21:30:00,80.27,80.52,80.24,80.46,115964.09
2026-04-03 21:45:00,80.46,80.65,80.32,80.35,118166.26
2026-04-03 22:00:00,80.36,80.46,80.19,80.24,94157.54
2026-04-03 22:15:00,80.24,80.33,80.16,80.27,82018.01
2026-04-03 22:30:00,80.26,80.28,80.08,80.1,52310.77
2026-04-03 22:45:00,80.1,80.14,79.9,80.11,168462.32
2026-04-03 23:00:00,80.11,80.22,80.07,80.21,54689.06
2026-04-03 23:15:00,80.21,80.27,80.13,80.27,58580.49
2026-04-03 23:30:00,80.26,80.5,80.09,80.21,191506.32
2026-04-03 23:45:00,80.2,80.37,80.2,80.35,45784.15
2026-04-04 00:00:00,80.35,80.37,80.09,80.11,93538.02
2026-04-04 00:15:00,80.11,80.3,80.09,80.2,51516.9
2026-04-04 00:30:00,80.19,80.29,80.16,80.23,32974.82
2026-04-04 00:45:00,80.24,80.25,80.1,80.19,45741.39
2026-04-04 01:00:00,80.19,80.29,79.97,80.08,148125.77
2026-04-04 01:15:00,80.08,80.09,80.0,80.01,55065.75
2026-04-04 01:30:00,80.01,80.12,80.0,80.04,44802.15
2026-04-04 01:45:00,80.04,80.1,80.02,80.1,22323.9
2026-04-04 02:00:00,80.09,80.24,80.01,80.1,81579.56
2026-04-04 02:15:00,80.1,80.16,80.07,80.13,67828.89
2026-04-04 02:30:00,80.13,80.22,80.02,80.09,84025.73
2026-04-04 02:45:00,80.09,80.14,80.03,80.13,36835.56
2026-04-04 03:00:00,80.14,80.23,80.13,80.21,35216.67
2026-04-04 03:15:00,80.21,80.22,80.11,80.15,29153.16
2026-04-04 03:30:00,80.15,80.21,80.12,80.2,20443.15
2026-04-04 03:45:00,80.2,80.22,80.11,80.13,54216.99
2026-04-04 04:00:00,80.12,80.2,80.1,80.13,39543.47
2026-04-04 04:15:00,80.13,80.23,80.11,80.19,30863.64
2026-04-04 04:30:00,80.18,80.25,80.15,80.25,18801.52
2026-04-04 04:45:00,80.25,80.27,80.15,80.21,54110.8
2026-04-04 05:00:00,80.2,80.22,80.07,80.15,119767.98
2026-04-04 05:15:00,80.15,80.18,80.06,80.11,41338.92
2026-04-04 05:30:00,80.11,80.23,80.09,80.11,55728.44
2026-04-04 05:45:00,80.11,80.17,80.08,80.15,48630.81
2026-04-04 06:00:00,80.15,80.27,80.09,80.23,38863.77
2026-04-04 06:15:00,80.24,80.34,80.2,80.27,56095.96
2026-04-04 06:30:00,80.27,80.29,80.2,80.29,21404.75
2026-04-04 06:45:00,80.29,80.5,80.28,80.42,78324.57
2026-04-04 07:00:00,80.42,80.43,80.26,80.31,45152.09
2026-04-04 07:15:00,80.31,80.31,80.18,80.2,46496.88
2026-04-04 07:30:00,80.21,80.28,80.19,80.21,38034.47
2026-04-04 07:45:00,80.2,80.28,80.16,80.27,35923.02
2026-04-04 08:00:00,80.26,80.35,80.22,80.24,39699.58
2026-04-04 08:15:00,80.24,80.28,80.21,80.25,29443.81
2026-04-04 08:30:00,80.25,80.25,80.07,80.1,55819.58
2026-04-04 08:45:00,80.09,80.1,79.87,79.93,154889.79
2026-04-04 09:00:00,79.92,80.05,79.88,80.0,87395.46
2026-04-04 09:15:00,80.01,80.01,79.85,79.94,95424.96
2026-04-04 09:30:00,79.94,80.0,79.89,79.94,32904.78
2026-04-04 09:45:00,79.93,80.03,79.93,79.98,47247.67
2026-04-04 10:00:00,79.98,80.08,79.98,80.0,66683.62
2026-04-04 10:15:00,80.0,80.14,80.0,80.11,39219.66
2026-04-04 10:30:00,80.11,80.23,79.96,80.16,148897.58
2026-04-04 10:45:00,80.16,80.25,80.11,80.19,73520.0
2026-04-04 11:00:00,80.18,80.24,80.09,80.14,61546.44
2026-04-04 11:15:00,80.14,80.15,79.97,80.15,130822.23
2026-04-04 11:30:00,80.14,80.21,80.13,80.2,32733.38
2026-04-04 11:45:00,80.2,80.22,80.12,80.14,35360.42
2026-04-04 12:00:00,80.15,80.21,80.09,80.16,44491.7
2026-04-04 12:15:00,80.15,80.2,80.12,80.16,54588.12
2026-04-04 12:30:00,80.16,80.19,79.96,79.98,77108.23
2026-04-04 12:45:00,79.99,80.06,79.95,80.05,61495.36
2026-04-04 13:00:00,80.04,80.07,80.01,80.07,29913.88
2026-04-04 13:15:00,80.06,80.15,80.06,80.08,58348.07
2026-04-04 13:30:00,80.08,80.19,79.96,80.09,156435.03
2026-04-04 13:45:00,80.09,80.1,79.86,79.98,129195.3
2026-04-04 14:00:00,79.97,80.05,79.97,80.01,47061.09
2026-04-04 14:15:00,80.0,80.06,79.94,79.95,38605.16
2026-04-04 14:30:00,79.94,79.94,79.53,79.71,372855.3
2026-04-04 14:45:00,79.71,80.35,79.68,80.32,502962.21
2026-04-04 15:00:00,80.32,81.64,80.24,81.13,2114602.49
2026-04-04 15:15:00,81.13,81.14,80.76,80.8,326035.71
2026-04-04 15:30:00,80.81,80.92,80.72,80.85,144082.32
2026-04-04 15:45:00,80.84,81.08,80.78,81.05,175117.51
2026-04-04 16:00:00,81.05,81.2,80.75,80.88,342571.64
2026-04-04 16:15:00,80.88,81.3,80.88,81.2,267456.72
2026-04-04 16:30:00,81.2,81.3,81.09,81.15,141878.65
2026-04-04 16:45:00,81.15,81.16,80.63,80.71,417961.24
2026-04-04 17:00:00,80.7,80.84,80.56,80.84,266468.26
2026-04-04 17:15:00,80.84,80.99,80.83,80.98,85679.8
2026-04-04 17:30:00,80.97,80.97,80.81,80.83,60128.8
2026-04-04 17:45:00,80.84,80.95,80.82,80.88,35849.83
2026-04-04 18:00:00,80.89,81.09,80.66,80.74,361021.23
2026-04-04 18:15:00,80.74,80.87,80.73,80.78,90094.39
2026-04-04 18:30:00,80.78,80.87,80.71,80.82,47883.29
2026-04-04 18:45:00,80.81,80.91,80.77,80.8,93243.04
2026-04-04 19:00:00,80.8,81.2,80.75,81.17,459116.79
2026-04-04 19:15:00,81.17,81.28,80.75,80.82,255886.62
2026-04-04 19:30:00,80.82,80.87,80.69,80.77,68871.69
2026-04-04 19:45:00,80.76,80.88,80.74,80.8,47975.12
2026-04-04 20:00:00,80.8,80.82,80.56,80.72,205719.38
2026-04-04 20:15:00,80.73,80.79,80.71,80.74,62643.2
2026-04-04 20:30:00,80.74,80.81,80.68,80.76,31270.32
2026-04-04 20:45:00,80.76,80.79,80.69,80.75,30835.46
2026-04-04 21:00:00,80.76,80.92,80.71,80.76,145574.09
2026-04-04 21:15:00,80.75,80.94,80.72,80.91,87459.23
2026-04-04 21:30:00,80.92,80.92,80.79,80.85,43086.76
2026-04-04 21:45:00,80.85,80.99,80.82,80.88,94509.48
2026-04-04 22:00:00,80.88,81.0,80.84,80.88,116363.89
2026-04-04 22:15:00,80.89,80.96,80.82,80.9,61927.42
2026-04-04 22:30:00,80.9,81.01,80.87,81.01,61825.51
2026-04-04 22:45:00,81.01,81.02,80.9,80.96,27698.38
2026-04-04 23:00:00,80.95,80.95,80.73,80.76,90596.21
2026-04-04 23:15:00,80.76,80.78,80.69,80.69,45277.79
2026-04-04 23:30:00,80.7,80.76,80.68,80.74,32571.7
2026-04-04 23:45:00,80.75,80.81,80.65,80.79,58105.38
2026-04-05 00:00:00,80.79,80.81,80.65,80.67,53570.39
2026-04-05 00:15:00,80.67,80.74,80.6,80.73,112663.94
2026-04-05 00:30:00,80.74,80.77,80.65,80.75,39542.45
2026-04-05 00:45:00,80.75,80.75,80.45,80.65,159312.28
2026-04-05 01:00:00,80.65,80.71,80.51,80.67,91177.16
2026-04-05 01:15:00,80.67,80.75,80.59,80.62,55067.54
2026-04-05 01:30:00,80.62,80.63,80.53,80.54,53189.53
2026-04-05 01:45:00,80.55,80.6,80.43,80.46,65670.22
2026-04-05 02:00:00,80.45,80.46,80.28,80.37,147576.61
2026-04-05 02:15:00,80.37,80.51,80.35,80.39,81548.78
2026-04-05 02:30:00,80.38,80.61,80.36,80.5,110485.13
2026-04-05 02:45:00,80.49,80.54,80.44,80.54,24063.96
2026-04-05 03:00:00,80.53,80.57,80.51,80.56,35668.45
2026-04-05 03:15:00,80.56,80.57,80.44,80.48,39496.15
2026-04-05 03:30:00,80.48,80.49,80.35,80.49,45557.17
2026-04-05 03:45:00,80.49,80.52,80.47,80.51,24763.56
2026-04-05 04:00:00,80.5,80.51,80.37,80.41,59500.97
2026-04-05 04:15:00,80.41,80.48,80.38,80.47,45589.79
2026-04-05 04:30:00,80.46,80.47,80.37,80.42,29579.05
2026-04-05 04:45:00,80.43,80.52,80.22,80.27,179034.52
2026-04-05 05:00:00,80.27,80.37,80.27,80.29,79430.76
2026-04-05 05:15:00,80.29,80.34,80.15,80.23,95619.66
2026-04-05 05:30:00,80.23,80.31,80.17,80.3,90895.88
2026-04-05 05:45:00,80.31,80.35,80.08,80.24,134025.89
2026-04-05 06:00:00,80.25,80.33,79.3,79.55,799157.69
2026-04-05 06:15:00,79.55,79.68,79.34,79.65,370776.72
2026-04-05 06:30:00,79.65,79.81,79.57,79.67,262786.21
2026-04-05 06:45:00,79.67,79.7,79.54,79.55,133102.45
2026-04-05 07:00:00,79.55,79.8,79.54,79.76,215072.22
2026-04-05 07:15:00,79.76,79.84,79.6,79.67,162355.55
2026-04-05 07:30:00,79.68,79.7,79.47,79.51,109637.32
2026-04-05 07:45:00,79.51,79.61,79.49,79.55,72221.45
2026-04-05 08:00:00,79.54,79.62,79.49,79.56,114548.66
2026-04-05 08:15:00,79.57,79.64,79.56,79.58,80988.68
2026-04-05 08:30:00,79.59,79.66,79.56,79.6,66895.59
2026-04-05 08:45:00,79.6,79.63,79.47,79.56,97380.23
2026-04-05 09:00:00,79.57,79.78,79.57,79.64,101511.14
2026-04-05 09:15:00,79.65,79.83,79.6,79.79,101384.22
2026-04-05 09:30:00,79.79,79.81,79.67,79.79,78000.92
2026-04-05 09:45:00,79.78,79.82,79.77,79.78,54104.78
2026-04-05 10:00:00,79.79,79.87,79.73,79.79,70406.18
2026-04-05 10:15:00,79.8,79.89,79.77,79.88,58894.26
2026-04-05 10:30:00,79.87,80.2,79.79,79.97,205839.6
2026-04-05 10:45:00,79.98,79.98,79.77,79.79,88363.47
2026-04-05 11:00:00,79.8,79.87,79.73,79.8,86072.94
2026-04-05 11:15:00,79.8,79.87,79.7,79.78,105354.55
2026-04-05 11:30:00,79.77,79.82,79.72,79.8,51445.2
2026-04-05 11:45:00,79.81,79.88,79.77,79.86,61693.06
2026-04-05 12:00:00,79.87,79.92,79.62,79.63,157159.87
2026-04-05 12:15:00,79.63,79.69,79.5,79.53,104667.62
2026-04-05 12:30:00,79.52,79.53,78.85,78.94,820164.91
2026-04-05 12:45:00,78.93,78.96,78.72,78.95,352055.54
2026-04-05 13:00:00,78.95,79.12,78.84,78.85,269797.44
2026-04-05 13:15:00,78.84,78.93,78.51,78.51,291649.77
2026-04-05 13:30:00,78.51,78.85,78.45,78.82,233850.5
2026-04-05 13:45:00,78.81,79.23,78.79,79.16,427637.43
2026-04-05 14:00:00,79.16,79.4,79.1,79.17,217727.22
2026-04-05 14:15:00,79.18,79.35,79.1,79.29,102222.07
2026-04-05 14:30:00,79.29,79.44,79.23,79.36,85147.34
2026-04-05 14:45:00,79.36,79.36,79.22,79.25,63817.55
2026-04-05 15:00:00,79.24,79.25,78.93,79.15,221062.98
2026-04-05 15:15:00,79.15,80.08,79.13,79.94,647703.86
2026-04-05 15:30:00,79.95,80.31,79.64,79.83,582616.52
2026-04-05 15:45:00,79.84,79.86,79.39,79.55,272734.12
2026-04-05 16:00:00,79.56,79.74,79.49,79.52,227436.07
2026-04-05 16:15:00,79.52,79.67,79.46,79.55,99514.42
2026-04-05 16:30:00,79.55,79.77,79.44,79.56,100811.22
2026-04-05 16:45:00,79.57,79.57,79.34,79.41,98190.8
2026-04-05 17:00:00,79.42,79.67,79.32,79.58,184261.9
2026-04-05 17:15:00,79.58,79.6,79.39,79.57,67781.74
2026-04-05 17:30:00,79.58,79.82,79.55,79.8,78879.71
2026-04-05 17:45:00,79.8,79.89,79.72,79.85,127889.98
2026-04-05 18:00:00,79.84,79.86,79.66,79.72,79255.66
2026-04-05 18:15:00,79.73,79.77,79.67,79.71,38167.5
2026-04-05 18:30:00,79.72,80.09,79.72,79.99,193629.63
2026-04-05 18:45:00,80.0,80.03,79.85,79.91,62085.37
2026-04-05 19:00:00,79.9,79.99,79.86,79.91,40208.32
2026-04-05 19:15:00,79.91,80.19,79.9,80.03,155066.97
2026-04-05 19:30:00,80.03,80.04,79.58,79.64,141371.49
2026-04-05 19:45:00,79.65,79.8,79.48,79.77,123692.61
2026-04-05 20:00:00,79.77,79.87,79.76,79.83,71891.37
2026-04-05 20:15:00,79.83,79.96,79.81,79.83,42187.33
2026-04-05 20:30:00,79.83,80.13,79.8,79.94,156429.1
2026-04-05 20:45:00,79.94,80.18,79.9,80.13,120806.97
2026-04-05 21:00:00,80.12,80.15,79.6,79.76,170097.53
2026-04-05 21:15:00,79.76,79.81,79.49,79.58,197155.83
2026-04-05 21:30:00,79.59,79.67,79.44,79.57,112883.68
2026-04-05 21:45:00,79.58,79.86,79.55,79.69,69739.54
2026-04-05 22:00:00,79.69,79.89,79.28,79.45,267046.66
2026-04-05 22:15:00,79.44,79.52,79.04,79.42,285837.04
2026-04-05 22:30:00,79.41,80.25,79.41,80.16,307270.54
2026-04-05 22:45:00,80.16,80.67,80.13,80.53,552236.57
2026-04-05 23:00:00,80.53,81.13,80.42,81.08,479989.25
2026-04-05 23:15:00,81.08,81.89,81.07,81.58,951769.87
2026-04-05 23:30:00,81.57,82.11,81.54,81.63,625319.11
2026-04-05 23:45:00,81.63,81.98,81.63,81.85,259493.21
2026-04-06 00:00:00,81.86,82.75,81.86,82.25,945347.44
2026-04-06 00:15:00,82.25,82.53,81.94,82.45,519141.3
2026-04-06 00:30:00,82.45,82.95,82.41,82.72,690362.16
2026-04-06 00:45:00,82.73,82.79,82.29,82.3,235006.03
2026-04-06 01:00:00,82.3,82.4,81.92,81.92,289739.25
2026-04-06 01:15:00,81.93,81.97,81.68,81.9,251465.92
2026-04-06 01:30:00,81.91,81.96,81.72,81.74,135146.08
2026-04-06 01:45:00,81.74,81.98,81.63,81.67,259050.1
2026-04-06 02:00:00,81.67,82.79,81.62,82.43,398673.17
2026-04-06 02:15:00,82.44,82.64,82.22,82.49,237025.7
2026-04-06 02:30:00,82.49,82.74,82.4,82.47,232381.23
2026-04-06 02:45:00,82.48,82.59,82.38,82.38,92493.66
2026-04-06 03:00:00,82.38,82.46,82.09,82.11,190850.35
2026-04-06 03:15:00,82.1,82.19,81.92,82.02,214171.13
2026-04-06 03:30:00,82.03,82.15,81.91,81.99,103768.33
2026-04-06 03:45:00,81.99,82.07,81.9,82.07,95232.72
2026-04-06 04:00:00,82.07,82.37,81.91,82.01,238340.87
2026-04-06 04:15:00,82.02,82.03,81.75,81.82,209856.5
2026-04-06 04:30:00,81.83,82.17,81.79,82.11,101498.72
2026-04-06 04:45:00,82.1,82.15,81.94,81.96,84545.81
2026-04-06 05:00:00,81.97,82.0,81.81,81.94,176184.67
2026-04-06 05:15:00,81.94,82.05,81.8,81.91,88049.76
2026-04-06 05:30:00,81.91,81.96,81.83,81.92,45094.64
2026-04-06 05:45:00,81.91,81.97,81.81,81.86,68929.73
2026-04-06 06:00:00,81.86,82.11,81.69,82.0,179320.65
2026-04-06 06:15:00,81.99,81.99,81.21,81.28,345482.35
2026-04-06 06:30:00,81.28,81.38,80.91,81.26,558118.6
2026-04-06 06:45:00,81.26,81.59,81.23,81.45,254914.2
2026-04-06 07:00:00,81.45,81.48,81.3,81.46,110222.34
2026-04-06 07:15:00,81.45,81.92,81.45,81.66,284182.28
2026-04-06 07:30:00,81.66,81.71,81.41,81.51,147636.43
2026-04-06 07:45:00,81.51,81.94,81.25,81.77,343715.67
2026-04-06 08:00:00,81.76,81.86,81.67,81.8,103450.56
2026-04-06 08:15:00,81.79,81.99,81.65,81.87,195894.2
2026-04-06 08:30:00,81.88,82.23,81.83,82.09,176064.48
2026-04-06 08:45:00,82.08,82.17,81.86,81.94,181315.1
2026-04-06 09:00:00,81.94,82.63,81.83,82.4,390238.65
2026-04-06 09:15:00,82.39,83.18,82.37,82.58,847462.46
2026-04-06 09:30:00,82.58,82.74,82.38,82.48,243481.97
2026-04-06 09:45:00,82.49,82.53,82.32,82.43,142338.4
2026-04-06 10:00:00,82.43,82.73,82.43,82.57,141651.08
2026-04-06 10:15:00,82.58,82.63,82.46,82.6,98352.42
2026-04-06 10:30:00,82.61,82.86,82.6,82.74,139814.17
2026-04-06 10:45:00,82.75,82.76,82.46,82.63,294283.98
2026-04-06 11:00:00,82.62,82.63,82.33,82.37,205229.25
2026-04-06 11:15:00,82.37,82.51,82.36,82.45,87634.15
2026-04-06 11:30:00,82.44,82.48,82.36,82.4,60144.49
2026-04-06 11:45:00,82.39,82.46,82.28,82.39,75762.48
2026-04-06 12:00:00,82.4,82.43,82.16,82.25,128721.77
2026-04-06 12:15:00,82.25,82.42,82.15,82.34,140627.05
2026-04-06 12:30:00,82.35,82.49,82.26,82.38,90991.26
2026-04-06 12:45:00,82.38,82.47,82.17,82.25,127982.79
2026-04-06 13:00:00,82.25,82.35,82.19,82.22,93519.92
2026-04-06 13:15:00,82.22,82.49,82.12,82.41,155189.46
2026-04-06 13:30:00,82.42,82.64,82.18,82.31,268195.51
2026-04-06 13:45:00,82.3,82.55,82.24,82.43,140116.66
2026-04-06 14:00:00,82.42,82.8,82.15,82.37,380528.25
2026-04-06 14:15:00,82.38,82.7,82.3,82.35,243289.38
2026-04-06 14:30:00,82.35,82.53,81.67,81.91,556495.22
2026-04-06 14:45:00,81.91,82.26,81.73,82.19,240684.47
2026-04-06 15:00:00,82.19,82.28,81.99,82.14,197953.08
2026-04-06 15:15:00,82.13,82.21,81.95,82.12,143573.35
2026-04-06 15:30:00,82.11,82.26,81.95,82.09,191434.44
2026-04-06 15:45:00,82.08,82.42,82.04,82.24,270543.95
2026-04-06 16:00:00,82.25,82.26,81.96,82.15,146493.89
2026-04-06 16:15:00,82.16,82.17,81.92,81.96,100369.66
2026-04-06 16:30:00,81.97,82.12,81.87,82.12,132940.05
2026-04-06 16:45:00,82.12,82.45,81.53,81.56,374414.84
2026-04-06 17:00:00,81.56,81.7,81.13,81.25,611345.65
2026-04-06 17:15:00,81.26,81.61,81.15,81.55,253059.38
2026-04-06 17:30:00,81.55,81.75,81.46,81.48,131925.87
2026-04-06 17:45:00,81.49,81.65,81.42,81.6,75113.61
2026-04-06 18:00:00,81.61,82.02,81.5,81.93,186567.73
2026-04-06 18:15:00,81.94,82.18,81.89,82.08,193725.94
2026-04-06 18:30:00,82.07,82.19,81.75,81.77,131313.07
2026-04-06 18:45:00,81.77,81.93,81.75,81.83,59539.52
2026-04-06 19:00:00,81.84,81.84,81.51,81.65,116681.12
2026-04-06 19:15:00,81.65,81.73,81.57,81.67,64264.02
2026-04-06 19:30:00,81.67,81.75,81.55,81.67,87762.49
2026-04-06 19:45:00,81.67,81.92,81.61,81.86,129638.52
2026-04-06 20:00:00,81.86,82.07,81.75,81.99,95561.96
2026-04-06 20:15:00,81.99,82.1,81.9,82.02,91635.05
2026-04-06 20:30:00,82.02,82.1,82.0,82.04,30633.88
2026-04-06 20:45:00,82.03,82.09,81.88,81.93,49095.02
2026-04-06 21:00:00,81.94,81.94,81.72,81.8,52811.97
2026-04-06 21:15:00,81.79,81.8,81.64,81.69,66237.8
2026-04-06 21:30:00,81.7,81.7,81.37,81.41,89419.87
2026-04-06 21:45:00,81.41,81.52,81.33,81.42,81212.37
2026-04-06 22:00:00,81.42,81.47,81.29,81.4,103401.96
2026-04-06 22:15:00,81.4,81.42,81.06,81.15,175061.22
2026-04-06 22:30:00,81.16,81.16,80.73,80.73,329063.9
2026-04-06 22:45:00,80.73,80.74,80.09,80.11,519113.42
2026-04-06 23:00:00,80.12,80.13,79.52,79.87,880690.87
2026-04-06 23:15:00,79.88,79.91,79.63,79.74,211071.21
2026-04-06 23:30:00,79.73,80.16,79.6,80.05,488673.73
2026-04-06 23:45:00,80.05,80.21,79.87,79.96,313969.42
2026-04-07 00:00:00,79.96,80.17,79.69,79.81,414556.13
2026-04-07 00:15:00,79.81,79.98,79.67,79.81,330678.57
2026-04-07 00:30:00,79.81,79.92,79.54,79.73,243659.62
2026-04-07 00:45:00,79.73,79.99,79.72,79.82,139463.28
2026-04-07 01:00:00,79.83,79.87,79.62,79.68,231931.85
2026-04-07 01:15:00,79.68,80.08,79.67,79.99,230071.96
2026-04-07 01:30:00,79.99,80.06,79.74,79.89,138969.47
2026-04-07 01:45:00,79.9,79.93,79.3,79.46,282287.85
2026-04-07 02:00:00,79.45,79.7,79.4,79.52,159983.08
2026-04-07 02:15:00,79.52,79.73,79.5,79.69,155207.07
2026-04-07 02:30:00,79.7,79.85,79.57,79.67,214938.57
2026-04-07 02:45:00,79.67,79.8,79.55,79.67,153248.92
2026-04-07 03:00:00,79.66,79.77,79.63,79.7,65749.52
2026-04-07 03:15:00,79.71,79.84,79.67,79.8,107423.55
2026-04-07 03:30:00,79.8,79.83,79.69,79.75,61984.29
2026-04-07 03:45:00,79.74,79.76,79.66,79.73,101380.77
2026-04-07 04:00:00,79.73,79.76,79.63,79.69,70633.8
2026-04-07 04:15:00,79.69,79.76,79.6,79.67,63014.36
2026-04-07 04:30:00,79.68,79.93,79.67,79.91,122290.62
2026-04-07 04:45:00,79.91,80.11,79.85,79.86,201923.27
2026-04-07 05:00:00,79.86,79.91,79.73,79.73,99842.86
2026-04-07 05:15:00,79.73,79.88,79.6,79.66,170425.15
2026-04-07 05:30:00,79.66,79.75,79.45,79.47,164964.42
2026-04-07 05:45:00,79.48,79.59,79.39,79.54,283428.43
2026-04-07 06:00:00,79.54,79.55,79.32,79.33,138767.98
2026-04-07 06:15:00,79.32,79.52,79.23,79.51,191571.68
2026-04-07 06:30:00,79.51,79.6,79.37,79.47,193327.57
2026-04-07 06:45:00,79.48,79.55,79.41,79.48,78823.78
2026-04-07 07:00:00,79.49,79.63,79.39,79.61,113072.19
2026-04-07 07:15:00,79.61,79.9,79.59,79.65,263663.92
2026-04-07 07:30:00,79.66,79.85,79.63,79.75,81237.97
2026-04-07 07:45:00,79.76,79.87,79.7,79.81,82436.85
2026-04-07 08:00:00,79.82,80.15,79.75,80.01,256718.86
2026-04-07 08:15:00,80.01,80.32,79.96,80.1,397696.47
2026-04-07 08:30:00,80.09,80.21,79.95,80.08,152228.11
2026-04-07 08:45:00,80.09,80.18,79.93,80.1,220820.75
2026-04-07 09:00:00,80.09,80.55,80.09,80.32,330346.61
2026-04-07 09:15:00,80.32,80.37,80.15,80.25,224483.42
2026-04-07 09:30:00,80.25,80.49,80.24,80.41,123989.57
2026-04-07 09:45:00,80.4,80.44,80.28,80.34,71711.27
2026-04-07 10:00:00,80.34,80.41,79.76,79.86,375943.98
2026-04-07 10:15:00,79.87,80.08,79.63,79.76,411809.66
2026-04-07 10:30:00,79.76,79.83,79.41,79.49,386948.67
2026-04-07 10:45:00,79.5,79.55,79.16,79.33,317966.29
2026-04-07 11:00:00,79.32,79.51,79.21,79.37,325552.91
2026-04-07 11:15:00,79.38,79.49,78.83,79.25,718678.59
2026-04-07 11:30:00,79.25,79.3,79.06,79.25,227530.19
2026-04-07 11:45:00,79.26,79.3,79.06,79.17,139676.71
2026-04-07 12:00:00,79.17,79.34,78.58,78.98,657136.22
2026-04-07 12:15:00,78.97,79.26,78.81,79.04,489018.87
2026-04-07 12:30:00,79.04,79.09,78.83,78.87,168992.11
2026-04-07 12:45:00,78.87,79.32,78.76,79.09,383237.21
2026-04-07 13:00:00,79.1,79.2,78.91,79.09,236509.74
2026-04-07 13:15:00,79.1,79.1,78.83,78.91,155260.45
2026-04-07 13:30:00,78.92,79.16,78.85,78.9,200391.96
2026-04-07 13:45:00,78.89,79.09,78.78,78.83,169377.54
2026-04-07 14:00:00,78.83,78.89,78.3,78.51,619635.34
2026-04-07 14:15:00,78.5,79.03,78.48,78.93,328431.42
2026-04-07 14:30:00,78.92,79.0,78.6,78.63,186328.18
2026-04-07 14:45:00,78.64,78.95,78.53,78.54,158117.14
2026-04-07 15:00:00,78.53,78.64,78.32,78.54,311585.09
2026-04-07 15:15:00,78.55,78.93,78.54,78.89,317220.55
2026-04-07 15:30:00,78.9,78.92,78.67,78.74,151786.11
2026-04-07 15:45:00,78.75,78.95,78.65,78.82,129669.42
2026-04-07 16:00:00,78.82,79.16,78.7,78.76,285275.45
2026-04-07 16:15:00,78.77,78.98,78.6,78.96,170086.57
2026-04-07 16:30:00,78.96,79.02,78.87,78.95,150848.22
2026-04-07 16:45:00,78.95,79.05,78.81,78.85,85538.09
2026-04-07 17:00:00,78.85,79.0,78.82,78.86,102598.25
2026-04-07 17:15:00,78.86,79.49,78.79,79.42,855526.02
2026-04-07 17:30:00,79.42,81.0,79.41,79.97,1759512.01
2026-04-07 17:45:00,79.97,80.14,79.81,80.03,481872.56
2026-04-07 18:00:00,80.04,80.16,79.92,80.14,259911.8
2026-04-07 18:15:00,80.14,80.17,79.89,80.03,185203.29
2026-04-07 18:30:00,80.03,80.09,79.69,79.72,183903.36
2026-04-07 18:45:00,79.71,79.9,79.47,79.89,423018.5
2026-04-07 19:00:00,79.89,80.49,79.84,80.45,560900.24
2026-04-07 19:15:00,80.46,81.15,80.45,80.75,729920.97
2026-04-07 19:30:00,80.74,81.19,80.43,81.02,624726.04
2026-04-07 19:45:00,81.03,81.84,80.98,81.58,815568.18
2026-04-07 20:00:00,81.58,82.14,81.58,81.9,741795.5
2026-04-07 20:15:00,81.9,82.24,81.68,82.0,466544.05
2026-04-07 20:30:00,82.0,82.38,81.87,82.06,386608.28
2026-04-07 20:45:00,82.06,82.22,81.85,81.9,472687.67
2026-04-07 21:00:00,81.91,83.35,81.84,82.7,1294099.5
2026-04-07 21:15:00,82.7,82.8,82.07,82.24,377225.24
2026-04-07 21:30:00,82.24,82.8,82.23,82.78,282438.37
2026-04-07 21:45:00,82.79,83.08,82.69,82.88,389012.34
2026-04-07 22:00:00,82.89,83.78,82.89,83.53,972015.57
2026-04-07 22:15:00,83.54,83.6,83.2,83.39,354120.99
2026-04-07 22:30:00,83.4,84.88,83.39,84.0,1672233.14
2026-04-07 22:45:00,84.0,85.23,83.93,85.22,804555.42
2026-04-07 23:00:00,85.22,86.28,85.07,85.48,1472848.71
2026-04-07 23:15:00,85.48,87.19,85.17,86.94,1751062.27
2026-04-07 23:30:00,86.93,87.02,85.69,85.71,1254402.73
2026-04-07 23:45:00,85.72,86.06,85.51,85.54,661386.89
2026-04-08 00:00:00,85.53,85.89,85.22,85.36,642740.63
2026-04-08 00:15:00,85.35,85.48,84.88,84.91,397538.46
2026-04-08 00:30:00,84.91,84.98,84.42,84.56,564687.31
2026-04-08 00:45:00,84.56,84.77,84.23,84.74,393918.5
2026-04-08 01:00:00,84.75,84.96,84.47,84.74,325488.43
2026-04-08 01:15:00,84.75,84.81,84.42,84.48,234763.29
2026-04-08 01:30:00,84.47,84.77,84.42,84.68,205851.03
2026-04-08 01:45:00,84.68,84.89,84.63,84.66,182919.47
2026-04-08 02:00:00,84.67,84.95,84.47,84.87,285012.18
2026-04-08 02:15:00,84.87,84.88,84.38,84.61,174289.99
2026-04-08 02:30:00,84.62,84.63,84.37,84.56,176152.44
2026-04-08 02:45:00,84.56,84.77,84.46,84.57,208140.14
2026-04-08 03:00:00,84.58,84.66,84.34,84.48,243255.94
2026-04-08 03:15:00,84.48,84.64,84.39,84.58,126976.42
2026-04-08 03:30:00,84.59,84.63,84.5,84.57,64563.54
2026-04-08 03:45:00,84.57,84.59,84.43,84.53,92406.26
2026-04-08 04:00:00,84.54,85.01,84.52,84.8,503388.75
2026-04-08 04:15:00,84.81,84.89,84.69,84.86,151208.49
2026-04-08 04:30:00,84.86,84.97,84.71,84.9,151056.98
2026-04-08 04:45:00,84.9,84.91,84.44,84.47,274625.05
2026-04-08 05:00:00,84.47,84.59,84.36,84.53,179836.38
2026-04-08 05:15:00,84.53,84.73,84.53,84.61,114936.66
2026-04-08 05:30:00,84.62,84.68,84.5,84.57,121185.67
2026-04-08 05:45:00,84.57,84.67,84.12,84.19,277160.09
2026-04-08 06:00:00,84.18,84.46,83.85,84.41,366760.73
2026-04-08 06:15:00,84.42,84.62,84.34,84.58,215658.41
2026-04-08 06:30:00,84.58,84.67,84.48,84.64,102197.97
2026-04-08 06:45:00,84.64,84.7,84.45,84.52,96483.26
2026-04-08 07:00:00,84.53,84.53,84.17,84.41,218376.33
2026-04-08 07:15:00,84.42,84.69,84.36,84.54,167516.8
2026-04-08 07:30:00,84.53,84.53,84.25,84.33,149592.36
2026-04-08 07:45:00,84.33,84.48,84.28,84.47,63230.37
2026-04-08 08:00:00,84.48,84.56,84.41,84.48,110245.7
2026-04-08 08:15:00,84.49,84.61,84.43,84.55,91949.5
2026-04-08 08:30:00,84.55,84.69,84.4,84.55,161080.9
2026-04-08 08:45:00,84.55,84.85,84.52,84.83,126474.87
2026-04-08 09:00:00,84.83,84.95,84.71,84.85,193753.69
2026-04-08 09:15:00,84.84,84.91,84.6,84.63,115984.03
2026-04-08 09:30:00,84.63,84.75,84.51,84.51,92013.48
2026-04-08 09:45:00,84.51,84.69,84.5,84.64,60214.4
2026-04-08 10:00:00,84.63,84.75,84.45,84.56,107344.26
2026-04-08 10:15:00,84.56,84.77,84.52,84.7,72145.25
2026-04-08 10:30:00,84.7,84.72,84.47,84.59,80423.68
2026-04-08 10:45:00,84.58,84.65,84.47,84.48,61015.2
2026-04-08 11:00:00,84.47,84.7,84.39,84.65,139785.31
2026-04-08 11:15:00,84.64,84.82,84.27,84.65,457011.12
2026-04-08 11:30:00,84.66,84.66,84.11,84.22,245629.54
2026-04-08 11:45:00,84.22,84.5,84.15,84.42,207201.17
2026-04-08 12:00:00,84.42,84.55,84.36,84.55,107431.64
2026-04-08 12:15:00,84.55,84.55,84.06,84.33,195099.08
2026-04-08 12:30:00,84.32,84.63,84.26,84.59,149707.64
2026-04-08 12:45:00,84.58,84.65,84.45,84.51,205253.03
2026-04-08 13:00:00,84.5,84.96,84.35,84.53,654822.11
2026-04-08 13:15:00,84.54,84.78,84.43,84.67,253884.77
2026-04-08 13:30:00,84.67,84.9,83.93,83.97,686102.56
2026-04-08 13:45:00,83.97,84.41,83.86,84.0,412810.4
2026-04-08 14:00:00,84.0,84.12,83.35,83.84,710775.71
2026-04-08 14:15:00,83.83,83.94,83.32,83.42,293618.82
2026-04-08 14:30:00,83.43,83.51,82.58,82.85,963148.48
2026-04-08 14:45:00,82.85,82.94,82.47,82.87,720841.56
2026-04-08 15:00:00,82.87,83.08,82.75,83.0,531515.47
2026-04-08 15:15:00,83.01,83.23,82.98,83.13,390459.99
2026-04-08 15:30:00,83.14,83.33,83.01,83.23,207030.28
2026-04-08 15:45:00,83.23,83.43,83.2,83.29,158087.48
2026-04-08 16:00:00,83.29,83.42,83.17,83.23,144274.97
2026-04-08 16:15:00,83.23,83.37,83.16,83.2,102392.61
2026-04-08 16:30:00,83.2,83.29,83.0,83.27,153040.99
2026-04-08 16:45:00,83.26,83.59,83.25,83.45,185881.29
2026-04-08 17:00:00,83.46,83.73,83.38,83.71,198635.65
2026-04-08 17:15:00,83.71,83.71,83.25,83.44,203535.45
2026-04-08 17:30:00,83.45,84.17,83.44,83.98,386565.18
2026-04-08 17:45:00,83.98,84.01,83.82,83.93,98285.36
2026-04-08 18:00:00,83.94,83.99,83.65,83.77,141568.4
2026-04-08 18:15:00,83.76,83.85,83.16,83.24,351032.66
2026-04-08 18:30:00,83.23,83.43,83.02,83.03,154427.84
2026-04-08 18:45:00,83.03,83.16,82.76,82.89,269380.09
2026-04-08 19:00:00,82.89,83.09,82.74,83.02,145487.66
2026-04-08 19:15:00,83.02,83.07,82.74,82.79,88979.91
2026-04-08 19:30:00,82.79,83.04,82.74,82.9,199984.38
2026-04-08 19:45:00,82.91,83.19,82.9,83.15,138292.42
2026-04-08 20:00:00,83.15,83.34,83.12,83.2,144367.39
2026-04-08 20:15:00,83.2,83.34,83.17,83.22,67601.96
2026-04-08 20:30:00,83.23,83.3,82.97,83.08,72577.24
2026-04-08 20:45:00,83.07,83.25,83.01,83.23,88084.2
2026-04-08 21:00:00,83.24,83.57,83.14,83.38,109684.48
2026-04-08 21:15:00,83.38,83.58,83.38,83.42,87900.78
2026-04-08 21:30:00,83.42,83.47,83.25,83.31,71881.93
2026-04-08 21:45:00,83.31,83.42,83.28,83.36,40430.64
2026-04-08 22:00:00,83.36,83.41,83.01,83.06,103787.51
2026-04-08 22:15:00,83.06,83.1,82.61,82.67,212773.6
2026-04-08 22:30:00,82.66,82.97,82.53,82.81,140446.68
2026-04-08 22:45:00,82.81,82.85,82.55,82.58,84095.71
2026-04-08 23:00:00,82.57,82.86,82.17,82.85,487091.94
2026-04-08 23:15:00,82.85,82.99,82.28,82.46,320974.72
2026-04-08 23:30:00,82.46,82.63,82.36,82.5,116723.13
2026-04-08 23:45:00,82.49,82.68,82.47,82.52,82691.93
2026-04-09 00:00:00,82.52,82.59,82.39,82.53,107418.46
2026-04-09 00:15:00,82.53,82.63,82.34,82.36,131006.18
2026-04-09 00:30:00,82.36,82.46,82.01,82.11,383788.45
2026-04-09 00:45:00,82.11,82.27,82.03,82.16,146319.18
2026-04-09 01:00:00,82.15,82.24,81.65,81.92,529958.94
2026-04-09 01:15:00,81.93,82.03,81.72,81.88,191343.53
2026-04-09 01:30:00,81.87,82.28,81.77,81.9,288736.74
2026-04-09 01:45:00,81.91,82.21,81.83,82.18,131325.22
2026-04-09 02:00:00,82.17,82.29,82.06,82.08,156067.92
2026-04-09 02:15:00,82.09,82.41,82.06,82.32,105289.2
2026-04-09 02:30:00,82.32,82.33,82.02,82.17,126238.83
2026-04-09 02:45:00,82.16,82.29,82.06,82.09,116965.97
2026-04-09 03:00:00,82.09,82.14,81.91,81.94,104119.26
2026-04-09 03:15:00,81.94,82.1,81.85,81.93,249782.8
2026-04-09 03:30:00,81.93,82.06,81.9,81.96,99646.79
2026-04-09 03:45:00,81.97,82.13,81.89,81.97,115031.96
2026-04-09 04:00:00,81.97,81.98,81.86,81.89,90938.94
2026-04-09 04:15:00,81.9,81.9,81.78,81.85,84756.19
2026-04-09 04:30:00,81.85,82.0,81.79,81.94,79610.59
2026-04-09 04:45:00,81.94,81.97,81.79,81.8,94959.07
2026-04-09 05:00:00,81.8,81.9,81.7,81.89,104778.14
2026-04-09 05:15:00,81.89,82.03,81.83,82.0,111136.86
2026-04-09 05:30:00,82.01,82.29,81.97,82.22,172181.56
2026-04-09 05:45:00,82.22,82.22,82.01,82.11,110344.18
2026-04-09 06:00:00,82.12,82.31,82.12,82.18,141450.35
2026-04-09 06:15:00,82.19,82.19,81.93,81.95,111409.42
2026-04-09 06:30:00,81.95,82.12,81.79,82.03,206267.39
2026-04-09 06:45:00,82.03,82.14,82.02,82.13,46119.42
2026-04-09 07:00:00,82.13,82.29,82.13,82.29,133685.45
2026-04-09 07:15:00,82.28,82.34,82.19,82.23,68687.17
2026-04-09 07:30:00,82.23,82.44,82.2,82.32,128093.59
2026-04-09 07:45:00,82.33,82.37,82.23,82.23,57065.15
2026-04-09 08:00:00,82.24,82.37,82.1,82.17,110342.41
2026-04-09 08:15:00,82.17,82.4,82.11,82.3,86748.04
2026-04-09 08:30:00,82.3,82.59,82.3,82.54,152869.31
2026-04-09 08:45:00,82.54,82.61,82.33,82.43,153971.68
2026-04-09 09:00:00,82.42,82.43,82.16,82.3,174660.53
2026-04-09 09:15:00,82.3,82.49,82.27,82.44,122955.06
2026-04-09 09:30:00,82.44,82.55,82.08,82.19,231151.95
2026-04-09 09:45:00,82.19,82.64,82.18,82.55,184733.17
2026-04-09 10:00:00,82.55,82.57,82.32,82.36,93832.69
2026-04-09 10:15:00,82.36,82.55,82.36,82.49,77106.75
2026-04-09 10:30:00,82.49,82.59,82.41,82.53,90487.22
2026-04-09 10:45:00,82.54,82.62,82.44,82.53,134697.21
2026-04-09 11:00:00,82.53,82.68,82.25,82.25,240275.11
2026-04-09 11:15:00,82.25,82.27,81.98,82.13,310190.72
2026-04-09 11:30:00,82.13,82.26,82.09,82.19,133199.33
2026-04-09 11:45:00,82.2,82.3,82.1,82.14,72312.93
2026-04-09 12:00:00,82.13,82.27,82.11,82.18,52367.76
2026-04-09 12:15:00,82.19,82.32,82.02,82.14,267977.12
2026-04-09 12:30:00,82.13,82.33,81.93,82.22,220894.28
2026-04-09 12:45:00,82.21,82.31,82.0,82.23,128003.69
2026-04-09 13:00:00,82.24,82.32,82.11,82.17,76968.21
2026-04-09 13:15:00,82.17,82.26,82.08,82.25,75170.47
2026-04-09 13:30:00,82.26,82.39,81.73,81.94,455185.68
2026-04-09 13:45:00,81.94,81.97,81.51,81.83,428360.17
2026-04-09 14:00:00,81.82,81.96,81.59,81.87,225750.59
2026-04-09 14:15:00,81.86,81.93,81.36,81.55,308563.21
2026-04-09 14:30:00,81.54,81.86,81.46,81.83,190189.91
2026-04-09 14:45:00,81.83,82.28,81.82,82.14,400447.74
2026-04-09 15:00:00,82.14,82.5,81.86,82.42,328204.54
2026-04-09 15:15:00,82.42,82.65,82.2,82.23,447073.25
2026-04-09 15:30:00,82.24,83.54,82.16,83.32,1164374.53
2026-04-09 15:45:00,83.33,83.89,83.27,83.69,721733.98
2026-04-09 16:00:00,83.7,84.21,83.67,83.71,659478.87
2026-04-09 16:15:00,83.71,84.07,83.56,83.56,349284.68
2026-04-09 16:30:00,83.57,83.62,82.93,83.32,502170.9
2026-04-09 16:45:00,83.33,83.64,82.87,83.64,365819.68
2026-04-09 17:00:00,83.64,84.27,83.62,84.03,617132.54
2026-04-09 17:15:00,84.04,84.17,83.74,84.02,363112.49
2026-04-09 17:30:00,84.02,84.52,83.74,84.38,502261.06
2026-04-09 17:45:00,84.38,84.65,84.26,84.62,369743.68
2026-04-09 18:00:00,84.62,84.67,83.9,83.95,781818.37
2026-04-09 18:15:00,83.96,84.07,83.67,83.91,328250.34
2026-04-09 18:30:00,83.92,84.0,83.59,83.67,205964.79
2026-04-09 18:45:00,83.67,84.05,83.33,83.81,428849.73
2026-04-09 19:00:00,83.8,84.19,83.64,83.96,223110.29
2026-04-09 19:15:00,83.96,84.04,83.38,83.55,243063.13
2026-04-09 19:30:00,83.55,84.06,83.51,84.0,236791.82
2026-04-09 19:45:00,84.0,84.28,83.81,84.12,276896.07
2026-04-09 20:00:00,84.11,84.33,84.06,84.3,158759.29
2026-04-09 20:15:00,84.3,84.5,84.23,84.32,149847.05
2026-04-09 20:30:00,84.33,84.44,84.19,84.23,121353.96
2026-04-09 20:45:00,84.23,84.39,84.05,84.22,125700.04
2026-04-09 21:00:00,84.22,84.71,84.11,84.26,276746.97
2026-04-09 21:15:00,84.26,84.39,84.1,84.21,101381.09
2026-04-09 21:30:00,84.2,84.46,84.14,84.39,102450.3
2026-04-09 21:45:00,84.39,84.5,84.15,84.22,128531.26
2026-04-09 22:00:00,84.23,84.66,84.12,84.64,209362.27
2026-04-09 22:15:00,84.65,85.93,84.64,84.88,989392.03
2026-04-09 22:30:00,84.89,84.92,84.36,84.42,340043.17
2026-04-09 22:45:00,84.42,84.59,83.91,83.95,499533.54
2026-04-09 23:00:00,83.95,84.02,83.5,83.65,361232.8
2026-04-09 23:15:00,83.66,83.78,83.36,83.45,265126.92
2026-04-09 23:30:00,83.45,83.45,83.1,83.28,318319.44
2026-04-09 23:45:00,83.29,83.37,83.15,83.29,168098.39
2026-04-10 00:00:00,83.29,83.33,82.96,83.14,286940.0
2026-04-10 00:15:00,83.14,83.18,82.84,83.12,227602.15
2026-04-10 00:30:00,83.11,83.23,82.89,83.05,165607.31
2026-04-10 00:45:00,83.04,83.2,82.96,83.08,120841.22
2026-04-10 01:00:00,83.07,83.35,82.88,83.25,279494.65
2026-04-10 01:15:00,83.25,83.36,82.75,83.17,286727.55
2026-04-10 01:30:00,83.17,83.74,83.13,83.41,353426.17
2026-04-10 01:45:00,83.4,83.56,83.1,83.11,167863.31
2026-04-10 02:00:00,83.12,83.37,83.06,83.3,119378.37
2026-04-10 02:15:00,83.31,83.41,83.24,83.37,97495.68
2026-04-10 02:30:00,83.37,83.41,83.26,83.35,44920.73
2026-04-10 02:45:00,83.36,83.36,83.0,83.22,193784.12
2026-04-10 03:00:00,83.22,83.23,83.01,83.03,157059.96
2026-04-10 03:15:00,83.03,83.1,82.63,82.75,314222.04
2026-04-10 03:30:00,82.75,82.98,82.74,82.96,119077.21
2026-04-10 03:45:00,82.96,83.04,82.78,82.84,115168.66
2026-04-10 04:00:00,82.84,82.99,82.84,82.95,65234.03
2026-04-10 04:15:00,82.95,83.12,82.92,83.06,113773.58
2026-04-10 04:30:00,83.07,83.12,82.94,83.06,92040.53
2026-04-10 04:45:00,83.05,83.48,83.05,83.31,255977.56
2026-04-10 05:00:00,83.3,83.4,83.05,83.2,152734.2
2026-04-10 05:15:00,83.2,83.51,83.13,83.45,178713.26
2026-04-10 05:30:00,83.45,83.55,83.38,83.39,117146.81
2026-04-10 05:45:00,83.4,83.49,83.24,83.36,93130.47
2026-04-10 06:00:00,83.36,83.43,83.25,83.41,73966.53
2026-04-10 06:15:00,83.4,83.41,83.18,83.28,54764.29
2026-04-10 06:30:00,83.27,83.29,83.07,83.14,182446.01
2026-04-10 06:45:00,83.14,83.23,83.06,83.15,128700.83
2026-04-10 07:00:00,83.16,83.23,83.09,83.12,110689.23
2026-04-10 07:15:00,83.12,83.22,83.09,83.13,52479.28
2026-04-10 07:30:00,83.13,83.23,83.04,83.08,123776.27
2026-04-10 07:45:00,83.09,83.12,82.82,82.92,176492.83
2026-04-10 08:00:00,82.93,83.08,82.8,82.95,155663.87
2026-04-10 08:15:00,82.96,82.99,82.85,82.89,126460.52
2026-04-10 08:30:00,82.89,83.07,82.87,82.92,170727.5
2026-04-10 08:45:00,82.91,82.92,82.66,82.87,367351.69
2026-04-10 09:00:00,82.87,83.18,82.86,83.17,144434.69
2026-04-10 09:15:00,83.16,83.46,83.08,83.37,295131.34
2026-04-10 09:30:00,83.37,83.42,83.31,83.37,77667.84
2026-04-10 09:45:00,83.36,83.55,83.32,83.49,240734.69
2026-04-10 10:00:00,83.5,83.5,83.38,83.44,106179.72
2026-04-10 10:15:00,83.43,83.44,83.17,83.2,134271.18
2026-04-10 10:30:00,83.2,83.3,83.13,83.14,75115.77
2026-04-10 10:45:00,83.14,83.31,83.06,83.25,218460.9
2026-04-10 11:00:00,83.26,83.65,83.25,83.64,268422.76
2026-04-10 11:15:00,83.64,83.67,83.52,83.59,176686.6
2026-04-10 11:30:00,83.58,83.73,83.39,83.57,327919.54
2026-04-10 11:45:00,83.58,83.7,83.46,83.48,125609.35
2026-04-10 12:00:00,83.49,83.66,83.45,83.5,86188.98
2026-04-10 12:15:00,83.5,83.79,83.31,83.65,275384.56
2026-04-10 12:30:00,83.65,84.39,83.31,84.07,841382.77
2026-04-10 12:45:00,84.07,84.33,84.03,84.07,217926.32
2026-04-10 13:00:00,84.08,84.08,83.84,83.99,202611.71
2026-04-10 13:15:00,84.0,84.18,83.92,84.01,129961.73
2026-04-10 13:30:00,84.02,84.18,83.53,83.8,391342.47
2026-04-10 13:45:00,83.8,84.35,83.76,84.22,362650.11
2026-04-10 14:00:00,84.22,84.68,84.14,84.56,360665.27
2026-04-10 14:15:00,84.56,85.08,84.48,84.87,578832.52
2026-04-10 14:30:00,84.88,85.2,84.61,84.77,518627.39
2026-04-10 14:45:00,84.76,85.13,84.7,85.06,303983.48
2026-04-10 15:00:00,85.05,85.33,84.98,85.08,317391.93
2026-04-10 15:15:00,85.09,85.57,84.78,84.8,419667.95
2026-04-10 15:30:00,84.79,84.91,84.43,84.64,404581.04
2026-04-10 15:45:00,84.65,84.67,84.01,84.2,478050.84
2026-04-10 16:00:00,84.2,84.5,84.08,84.46,315034.44
2026-04-10 16:15:00,84.46,84.69,84.34,84.56,239444.02
2026-04-10 16:30:00,84.57,84.65,84.38,84.48,151183.74
2026-04-10 16:45:00,84.48,84.88,84.46,84.81,190755.75
2026-04-10 17:00:00,84.81,84.81,84.55,84.68,113207.74
2026-04-10 17:15:00,84.69,84.85,84.61,84.64,132162.0
2026-04-10 17:30:00,84.64,84.68,84.41,84.56,179513.54
2026-04-10 17:45:00,84.57,84.86,84.56,84.82,80822.5
2026-04-10 18:00:00,84.83,84.87,84.57,84.87,99730.57
2026-04-10 18:15:00,84.86,84.99,84.65,84.83,120640.35
2026-04-10 18:30:00,84.83,84.95,84.78,84.89,117513.46
2026-04-10 18:45:00,84.89,85.24,84.87,85.18,232732.34
2026-04-10 19:00:00,85.17,85.44,85.11,85.41,225734.21
2026-04-10 19:15:00,85.42,85.43,85.13,85.18,175144.55
2026-04-10 19:30:00,85.17,85.18,85.06,85.13,129278.32
2026-04-10 19:45:00,85.12,85.43,85.07,85.41,174137.36
2026-04-10 20:00:00,85.41,85.48,85.2,85.34,172150.67
2026-04-10 20:15:00,85.33,85.42,85.21,85.31,86615.63
2026-04-10 20:30:00,85.32,85.66,85.01,85.14,284073.61
2026-04-10 20:45:00,85.14,85.51,85.01,85.4,128125.76
2026-04-10 21:00:00,85.41,85.41,84.94,85.0,193504.61
2026-04-10 21:15:00,85.0,85.12,84.92,85.06,92567.01
2026-04-10 21:30:00,85.05,85.1,84.92,85.05,84094.36
2026-04-10 21:45:00,85.04,85.22,84.97,85.19,48656.13
2026-04-10 22:00:00,85.2,85.24,85.03,85.1,85940.15
2026-04-10 22:15:00,85.1,85.17,84.9,84.95,81207.1
2026-04-10 22:30:00,84.94,84.98,84.6,84.71,198903.1
2026-04-10 22:45:00,84.7,84.84,84.67,84.84,68364.22
2026-04-10 23:00:00,84.83,84.85,84.7,84.76,60586.38
2026-04-10 23:15:00,84.76,84.92,84.71,84.83,65897.98
2026-04-10 23:30:00,84.83,84.85,84.73,84.74,51274.54
2026-04-10 23:45:00,84.74,84.79,84.7,84.78,56578.36
2026-04-11 00:00:00,84.78,84.81,84.47,84.62,139565.26
2026-04-11 00:15:00,84.61,84.73,84.6,84.67,46306.51
2026-04-11 00:30:00,84.66,84.74,84.58,84.63,52600.17
2026-04-11 00:45:00,84.63,84.68,84.53,84.64,50744.84
2026-04-11 01:00:00,84.63,84.69,84.5,84.53,49829.66
2026-04-11 01:15:00,84.53,84.53,84.34,84.48,142547.61
2026-04-11 01:30:00,84.47,84.65,84.41,84.47,75518.96
2026-04-11 01:45:00,84.47,84.64,84.45,84.63,70222.72
2026-04-11 02:00:00,84.63,84.74,84.54,84.61,93279.82
2026-04-11 02:15:00,84.6,84.76,84.6,84.74,59271.84
2026-04-11 02:30:00,84.75,84.89,84.69,84.75,87059.98
2026-04-11 02:45:00,84.75,84.77,84.62,84.77,44237.62
2026-04-11 03:00:00,84.76,84.85,84.63,84.83,56755.07
2026-04-11 03:15:00,84.83,84.85,84.75,84.77,38347.18
2026-04-11 03:30:00,84.76,84.8,84.57,84.68,74159.39
2026-04-11 03:45:00,84.67,84.67,84.22,84.35,255374.34
2026-04-11 04:00:00,84.35,84.57,84.27,84.35,126502.22
2026-04-11 04:15:00,84.34,84.37,84.16,84.27,137038.16
2026-04-11 04:30:00,84.26,84.38,84.21,84.32,107719.92
2026-04-11 04:45:00,84.32,84.33,84.23,84.33,78745.96
2026-04-11 05:00:00,84.32,84.36,84.09,84.14,129812.75
2026-04-11 05:15:00,84.14,84.21,84.02,84.2,87121.07
2026-04-11 05:30:00,84.2,84.29,84.11,84.18,166952.37
2026-04-11 05:45:00,84.17,84.24,84.03,84.04,148277.96
2026-04-11 06:00:00,84.04,84.05,83.86,83.95,193684.98
2026-04-11 06:15:00,83.94,84.02,83.82,83.93,86808.9
2026-04-11 06:30:00,83.93,84.05,83.93,84.01,80553.96
2026-04-11 06:45:00,84.01,84.11,83.97,84.07,82118.26
2026-04-11 07:00:00,84.08,84.11,84.03,84.1,36008.73
2026-04-11 07:15:00,84.11,84.31,84.11,84.22,126171.3
2026-04-11 07:30:00,84.22,84.29,84.18,84.18,41602.43
2026-04-11 07:45:00,84.18,84.23,84.1,84.23,49048.48
2026-04-11 08:00:00,84.23,84.35,84.14,84.31,122361.6
2026-04-11 08:15:00,84.32,84.36,84.28,84.28,44161.11
2026-04-11 08:30:00,84.28,84.38,84.27,84.32,71198.21
2026-04-11 08:45:00,84.32,84.33,84.1,84.1,85958.09
2026-04-11 09:00:00,84.1,84.18,84.09,84.17,49112.69
2026-04-11 09:15:00,84.18,84.76,84.17,84.61,282834.37
2026-04-11 09:30:00,84.6,84.7,84.41,84.44,225090.01
2026-04-11 09:45:00,84.45,84.53,84.39,84.45,107202.5
2026-04-11 10:00:00,84.45,84.47,84.15,84.21,137773.86
2026-04-11 10:15:00,84.2,84.25,84.07,84.23,126362.72
2026-04-11 10:30:00,84.23,84.23,84.01,84.02,87742.17
2026-04-11 10:45:00,84.03,84.08,83.9,83.99,126966.15
2026-04-11 11:00:00,83.99,84.12,83.94,83.95,145545.13
2026-04-11 11:15:00,83.95,84.07,83.75,84.01,232158.2
2026-04-11 11:30:00,84.02,84.09,84.0,84.06,50778.61
2026-04-11 11:45:00,84.07,84.22,84.04,84.18,85469.09
2026-04-11 12:00:00,84.18,84.23,84.07,84.12,78533.06
2026-04-11 12:15:00,84.13,84.17,84.01,84.14,48288.91
2026-04-11 12:30:00,84.14,84.38,84.09,84.36,86989.47
2026-04-11 12:45:00,84.35,84.48,84.15,84.18,175116.65
2026-04-11 13:00:00,84.18,84.2,83.78,83.93,225491.37
2026-04-11 13:15:00,83.93,84.27,83.93,84.02,163860.19
2026-04-11 13:30:00,84.02,84.17,83.96,84.09,63303.96
2026-04-11 13:45:00,84.09,84.15,84.05,84.06,56347.67
2026-04-11 14:00:00,84.05,84.28,83.98,84.23,144319.25
2026-04-11 14:15:00,84.23,84.39,84.2,84.25,103971.48
2026-04-11 14:30:00,84.25,84.3,84.15,84.25,59528.02
2026-04-11 14:45:00,84.25,84.37,84.23,84.33,49729.78
2026-04-11 15:00:00,84.34,84.41,84.2,84.39,80095.31
2026-04-11 15:15:00,84.39,84.84,84.36,84.69,293258.9
2026-04-11 15:30:00,84.69,84.82,84.51,84.53,185887.69
2026-04-11 15:45:00,84.54,84.67,84.48,84.63,72910.08
2026-04-11 16:00:00,84.62,84.76,84.56,84.73,93543.66
2026-04-11 16:15:00,84.73,84.82,84.57,84.64,109750.97
2026-04-11 16:30:00,84.64,85.35,84.64,85.16,327988.88
2026-04-11 16:45:00,85.15,85.22,84.91,84.93,227631.03
2026-04-11 17:00:00,84.94,84.97,84.73,84.78,134827.21
2026-04-11 17:15:00,84.78,84.88,84.64,84.81,112538.77
2026-04-11 17:30:00,84.82,84.94,84.81,84.85,86262.34
2026-04-11 17:45:00,84.85,84.87,84.69,84.76,96929.28
2026-04-11 18:00:00,84.76,84.78,84.58,84.69,94471.48
2026-04-11 18:15:00,84.69,84.95,84.69,84.92,85104.63
2026-04-11 18:30:00,84.92,85.78,84.91,85.42,707457.23
2026-04-11 18:45:00,85.43,85.6,85.32,85.45,138645.35
2026-04-11 19:00:00,85.45,85.85,85.37,85.6,335348.98
2026-04-11 19:15:00,85.6,85.9,85.47,85.78,294354.25
2026-04-11 19:30:00,85.78,86.23,85.77,86.04,483978.13
2026-04-11 19:45:00,86.05,86.05,85.82,85.99,137492.36
2026-04-11 20:00:00,85.99,86.06,85.55,85.65,260969.1
2026-04-11 20:15:00,85.64,85.73,85.37,85.42,153333.38
2026-04-11 20:30:00,85.42,85.42,85.08,85.32,236607.7
2026-04-11 20:45:00,85.32,85.53,85.27,85.38,112745.6
2026-04-11 21:00:00,85.37,85.51,85.15,85.41,123719.47
2026-04-11 21:15:00,85.41,85.44,85.22,85.28,60773.14
2026-04-11 21:30:00,85.27,85.35,85.17,85.26,74062.49
2026-04-11 21:45:00,85.25,85.46,85.24,85.3,58256.21
2026-04-11 22:00:00,85.29,85.55,85.19,85.47,98540.25
2026-04-11 22:15:00,85.47,86.14,85.44,85.63,682848.27
2026-04-11 22:30:00,85.63,85.64,85.01,85.12,293182.84
2026-04-11 22:45:00,85.11,85.28,85.1,85.24,140176.23
2026-04-11 23:00:00,85.23,85.24,84.45,84.76,402689.3
2026-04-11 23:15:00,84.76,85.02,84.71,84.92,81886.18
2026-04-11 23:30:00,84.92,85.05,84.82,84.83,79154.38
2026-04-11 23:45:00,84.83,84.94,84.81,84.89,53854.37
2026-04-12 00:00:00,84.89,84.95,84.67,84.8,143533.59
2026-04-12 00:15:00,84.8,84.97,84.75,84.87,74807.38
2026-04-12 00:30:00,84.87,84.96,84.73,84.86,78434.78
2026-04-12 00:45:00,84.86,84.9,84.75,84.85,67679.37
2026-04-12 01:00:00,84.86,84.93,84.69,84.76,76183.68
2026-04-12 01:15:00,84.76,84.79,84.62,84.67,82018.46
2026-04-12 01:30:00,84.68,84.69,82.52,82.79,1794347.69
2026-04-12 01:45:00,82.79,82.79,81.98,82.24,1257079.98
2026-04-12 02:00:00,82.25,82.67,81.83,82.52,705471.7
2026-04-12 02:15:00,82.51,82.95,82.48,82.6,538747.04
2026-04-12 02:30:00,82.59,82.82,82.5,82.6,192757.13
2026-04-12 02:45:00,82.59,82.69,82.52,82.61,138876.72
2026-04-12 03:00:00,82.61,82.74,82.43,82.6,247299.69
2026-04-12 03:15:00,82.59,82.65,82.44,82.5,142127.0
2026-04-12 03:30:00,82.51,82.56,82.26,82.46,158301.91
2026-04-12 03:45:00,82.47,82.48,82.26,82.27,99510.33
2026-04-12 04:00:00,82.27,82.42,82.22,82.31,159750.24
2026-04-12 04:15:00,82.31,82.39,82.14,82.16,142102.78
2026-04-12 04:30:00,82.17,82.25,82.11,82.21,116138.21
2026-04-12 04:45:00,82.22,82.25,82.1,82.16,73051.8
2026-04-12 05:00:00,82.16,82.29,82.09,82.09,156973.28
2026-04-12 05:15:00,82.1,82.38,82.01,82.38,148973.51
2026-04-12 05:30:00,82.38,82.42,82.19,82.23,99097.22
2026-04-12 05:45:00,82.24,82.42,82.19,82.34,150690.87
2026-04-12 06:00:00,82.34,82.44,82.29,82.38,174535.84
2026-04-12 06:15:00,82.38,82.4,82.19,82.36,125803.22
2026-04-12 06:30:00,82.36,82.36,82.21,82.24,100972.98
2026-04-12 06:45:00,82.24,82.28,82.15,82.2,147608.26
2026-04-12 07:00:00,82.2,82.36,82.17,82.26,65607.15
2026-04-12 07:15:00,82.27,82.32,82.2,82.27,45366.1
2026-04-12 07:30:00,82.28,82.4,82.26,82.38,64918.98
2026-04-12 07:45:00,82.38,82.39,82.22,82.23,89536.96
2026-04-12 08:00:00,82.24,82.25,82.15,82.16,111319.05
2026-04-12 08:15:00,82.17,82.23,82.11,82.22,65644.41
2026-04-12 08:30:00,82.23,82.25,82.15,82.22,42806.74
2026-04-12 08:45:00,82.23,82.24,82.09,82.23,67655.88
2026-04-12 09:00:00,82.24,82.36,82.1,82.2,139214.36
2026-04-12 09:15:00,82.21,82.23,82.12,82.14,54580.85
2026-04-12 09:30:00,82.15,82.25,82.12,82.18,41779.0
2026-04-12 09:45:00,82.18,82.21,82.08,82.15,45810.19
2026-04-12 10:00:00,82.16,82.28,82.11,82.13,58977.35
2026-04-12 10:15:00,82.14,82.27,82.13,82.25,51936.05
2026-04-12 10:30:00,82.25,82.29,82.19,82.21,62545.94
2026-04-12 10:45:00,82.21,82.22,81.88,81.98,293962.0
2026-04-12 11:00:00,81.99,82.22,81.89,82.18,328398.2
2026-04-12 11:15:00,82.19,82.29,82.13,82.27,65009.65
2026-04-12 11:30:00,82.26,82.33,82.19,82.2,75015.31
2026-04-12 11:45:00,82.2,82.21,82.14,82.15,38106.33
2026-04-12 12:00:00,82.15,82.24,82.08,82.23,83650.3
2026-04-12 12:15:00,82.23,82.41,82.22,82.41,127728.23
2026-04-12 12:30:00,82.41,82.5,82.17,82.38,307015.34
2026-04-12 12:45:00,82.38,82.4,81.82,81.97,428635.5
2026-04-12 13:00:00,81.97,82.19,81.82,81.92,313630.47
2026-04-12 13:15:00,81.93,82.04,81.9,81.9,118707.54
2026-04-12 13:30:00,81.9,82.04,81.71,81.97,313599.31
2026-04-12 13:45:00,81.96,81.97,81.8,81.86,101516.01
2026-04-12 14:00:00,81.85,82.06,81.83,81.94,233233.45
2026-04-12 14:15:00,81.93,82.05,81.87,81.91,213197.49
2026-04-12 14:30:00,81.91,81.91,81.26,81.35,714698.24
2026-04-12 14:45:00,81.35,81.6,81.24,81.51,455772.91
2026-04-12 15:00:00,81.51,81.77,81.49,81.73,160180.67
2026-04-12 15:15:00,81.72,81.78,81.39,81.4,231437.99
2026-04-12 15:30:00,81.39,81.62,81.25,81.56,234783.0
2026-04-12 15:45:00,81.55,81.67,81.5,81.55,109051.94
2026-04-12 16:00:00,81.54,81.7,81.48,81.69,109920.93
2026-04-12 16:15:00,81.69,81.74,81.5,81.73,79726.97
2026-04-12 16:30:00,81.72,81.81,81.63,81.7,78033.71
2026-04-12 16:45:00,81.69,81.84,81.67,81.82,90110.4
2026-04-12 17:00:00,81.83,81.9,81.69,81.7,85342.95
2026-04-12 17:15:00,81.7,81.92,81.69,81.89,84754.94
2026-04-12 17:30:00,81.88,81.99,81.81,81.92,105149.27
2026-04-12 17:45:00,81.91,82.26,81.77,82.14,317682.72
2026-04-12 18:00:00,82.14,82.25,82.0,82.12,165648.71
2026-04-12 18:15:00,82.12,82.29,82.0,82.01,119991.98
2026-04-12 18:30:00,82.01,82.18,81.98,82.04,123306.3
2026-04-12 18:45:00,82.04,82.15,82.04,82.07,38646.31
2026-04-12 19:00:00,82.07,82.27,82.07,82.12,62641.18
2026-04-12 19:15:00,82.13,82.16,82.05,82.16,35805.05
2026-04-12 19:30:00,82.15,82.19,82.02,82.06,47915.36
2026-04-12 19:45:00,82.07,82.09,81.86,81.93,113699.72
2026-04-12 20:00:00,81.93,82.02,81.88,82.0,64905.28
2026-04-12 20:15:00,81.99,82.08,81.9,82.03,55574.91
2026-04-12 20:30:00,82.03,82.85,82.02,82.68,431598.13
2026-04-12 20:45:00,82.69,82.81,82.47,82.64,206316.4
2026-04-12 21:00:00,82.64,82.86,82.39,82.5,199244.94
2026-04-12 21:15:00,82.5,82.78,82.48,82.61,143401.42
2026-04-12 21:30:00,82.6,82.8,82.44,82.72,142669.12
2026-04-12 21:45:00,82.71,82.78,82.58,82.76,104840.23
2026-04-12 22:00:00,82.76,82.78,81.83,82.14,706602.87
2026-04-12 22:15:00,82.13,82.17,81.45,81.5,532098.21
2026-04-12 22:30:00,81.5,82.02,81.32,81.88,323896.66
2026-04-12 22:45:00,81.87,81.99,81.76,81.95,86006.66
2026-04-12 23:00:00,81.94,81.94,81.4,81.45,183305.22
2026-04-12 23:15:00,81.45,81.57,81.23,81.5,245111.58
2026-04-12 23:30:00,81.5,81.53,81.25,81.51,121720.16
2026-04-12 23:45:00,81.51,81.64,81.34,81.49,115695.26
2026-04-13 00:00:00,81.48,81.85,81.35,81.73,228221.02
2026-04-13 00:15:00,81.73,81.93,81.63,81.72,142063.8
2026-04-13 00:30:00,81.72,81.93,81.68,81.86,179050.94
2026-04-13 00:45:00,81.87,82.19,81.8,82.1,151417.36
2026-04-13 01:00:00,82.1,82.31,81.92,81.96,293438.57
2026-04-13 01:15:00,81.96,82.1,81.93,82.02,84509.02
2026-04-13 01:30:00,82.03,82.22,81.94,82.1,66872.59
2026-04-13 01:45:00,82.09,82.3,82.07,82.28,102630.66
2026-04-13 02:00:00,82.28,82.4,81.97,82.01,162428.71
2026-04-13 02:15:00,82.01,82.39,81.97,82.3,132132.03
2026-04-13 02:30:00,82.29,82.37,81.87,81.89,231270.4
2026-04-13 02:45:00,81.88,81.95,81.83,81.88,71407.76
2026-04-13 03:00:00,81.89,81.93,81.76,81.82,101195.16
2026-04-13 03:15:00,81.83,82.04,81.71,81.91,122508.67
2026-04-13 03:30:00,81.91,82.01,81.68,81.85,86375.31
2026-04-13 03:45:00,81.85,81.9,81.8,81.86,31214.64
2026-04-13 04:00:00,81.87,81.98,81.8,81.91,67229.66
2026-04-13 04:15:00,81.91,82.02,81.83,81.97,68686.03
2026-04-13 04:30:00,81.96,82.21,81.96,82.09,112416.02
2026-04-13 04:45:00,82.09,82.1,81.83,81.86,178169.9
2026-04-13 05:00:00,81.87,81.95,81.61,81.67,136145.69
2026-04-13 05:15:00,81.68,81.76,81.57,81.71,96440.94
2026-04-13 05:30:00,81.72,81.72,81.48,81.6,154894.0
2026-04-13 05:45:00,81.61,81.82,81.61,81.79,93279.42
2026-04-13 06:00:00,81.8,82.1,81.77,82.03,155177.59
2026-04-13 06:15:00,82.03,82.36,81.97,82.3,291783.56
2026-04-13 06:30:00,82.31,82.41,82.12,82.31,265648.2
2026-04-13 06:45:00,82.31,82.58,82.27,82.31,223374.45
2026-04-13 07:00:00,82.31,82.36,82.13,82.19,115905.17
2026-04-13 07:15:00,82.18,82.19,81.81,81.88,218338.69
2026-04-13 07:30:00,81.88,82.08,81.87,82.03,140353.92
2026-04-13 07:45:00,82.02,82.17,81.99,82.12,115407.89
2026-04-13 08:00:00,82.12,82.25,81.93,81.94,260456.48
2026-04-13 08:15:00,81.95,82.02,81.78,81.94,224473.14
2026-04-13 08:30:00,81.93,81.93,81.7,81.73,178788.8
2026-04-13 08:45:00,81.74,81.86,81.67,81.82,150302.77
2026-04-13 09:00:00,81.82,82.17,81.81,81.83,222272.08
2026-04-13 09:15:00,81.83,82.05,81.74,81.94,294564.1
2026-04-13 09:30:00,81.94,82.0,81.87,81.9,39472.36
2026-04-13 09:45:00,81.89,81.89,81.81,81.82,48651.81
2026-04-13 10:00:00,81.82,81.93,81.78,81.87,82943.58
2026-04-13 10:15:00,81.88,81.88,81.7,81.73,93560.76
2026-04-13 10:30:00,81.74,81.85,81.65,81.75,68105.87
2026-04-13 10:45:00,81.76,81.83,81.61,81.7,102258.2
2026-04-13 11:00:00,81.71,81.92,81.65,81.85,144080.38
2026-04-13 11:15:00,81.84,81.91,81.79,81.83,54252.47
2026-04-13 11:30:00,81.82,81.97,81.75,81.96,123842.34
2026-04-13 11:45:00,81.97,82.01,81.75,81.82,157063.99
2026-04-13 12:00:00,81.82,82.19,81.77,82.07,304834.56
2026-04-13 12:15:00,82.07,82.17,81.88,81.95,211712.48
2026-04-13 12:30:00,81.94,82.13,81.87,82.12,142227.86
2026-04-13 12:45:00,82.12,82.77,82.12,82.5,766159.64
2026-04-13 13:00:00,82.51,82.66,82.35,82.65,312162.91
2026-04-13 13:15:00,82.65,82.67,82.41,82.56,373176.24
2026-04-13 13:30:00,82.57,82.78,82.25,82.55,482249.23
2026-04-13 13:45:00,82.55,83.65,82.4,83.58,1023469.83
2026-04-13 14:00:00,83.58,83.76,83.05,83.14,649380.43
2026-04-13 14:15:00,83.13,83.26,82.73,82.96,499452.74
2026-04-13 14:30:00,82.97,83.47,82.92,83.44,389608.67
2026-04-13 14:45:00,83.43,83.79,83.14,83.73,570977.18
2026-04-13 15:00:00,83.73,83.95,83.1,83.17,649595.43
2026-04-13 15:15:00,83.18,83.22,82.77,82.86,294269.69
2026-04-13 15:30:00,82.86,82.86,82.31,82.46,602233.26
2026-04-13 15:45:00,82.46,82.68,82.35,82.62,250703.79
2026-04-13 16:00:00,82.62,82.93,82.31,82.9,354470.92
2026-04-13 16:15:00,82.91,83.38,82.77,83.32,390739.54
2026-04-13 16:30:00,83.33,83.52,83.21,83.42,453789.68
2026-04-13 16:45:00,83.42,83.6,83.1,83.32,361627.95
2026-04-13 17:00:00,83.33,83.47,83.15,83.26,161848.35
2026-04-13 17:15:00,83.26,83.59,83.23,83.58,165184.67
2026-04-13 17:30:00,83.58,83.82,83.42,83.44,293201.63
2026-04-13 17:45:00,83.44,83.54,82.96,83.03,301921.77
2026-04-13 18:00:00,83.02,83.11,82.89,83.07,171717.57
2026-04-13 18:15:00,83.07,83.13,82.54,82.75,491137.13
2026-04-13 18:30:00,82.75,83.16,82.72,83.03,172107.52
2026-04-13 18:45:00,83.04,83.25,83.03,83.19,107537.31
2026-04-13 19:00:00,83.18,83.21,83.06,83.08,111398.3
2026-04-13 19:15:00,83.09,83.58,83.08,83.49,318407.75
2026-04-13 19:30:00,83.49,83.8,83.45,83.69,461847.19
2026-04-13 19:45:00,83.69,84.23,83.69,84.07,714886.45
2026-04-13 20:00:00,84.07,84.22,83.77,83.81,561233.13
2026-04-13 20:15:00,83.82,84.04,83.8,84.04,180632.58
2026-04-13 20:30:00,84.03,84.35,84.0,84.12,272149.05
2026-04-13 20:45:00,84.11,84.12,83.82,83.89,161315.2
2026-04-13 21:00:00,83.9,84.11,83.81,83.97,125059.83
2026-04-13 21:15:00,83.96,84.08,83.81,83.84,115785.52
2026-04-13 21:30:00,83.85,84.14,83.82,84.0,137990.13
2026-04-13 21:45:00,84.0,84.06,83.79,83.92,147542.41
2026-04-13 22:00:00,83.91,85.05,83.91,84.78,583518.18
2026-04-13 22:15:00,84.77,85.9,84.75,85.66,1123331.47
2026-04-13 22:30:00,85.66,86.1,85.56,85.8,767090.19
2026-04-13 22:45:00,85.79,86.47,85.75,86.2,638614.35
2026-04-13 23:00:00,86.2,86.54,85.88,86.17,760381.29
2026-04-13 23:15:00,86.17,86.8,86.0,86.57,621325.55
2026-04-13 23:30:00,86.58,86.77,86.37,86.42,313512.93
2026-04-13 23:45:00,86.41,86.69,86.18,86.5,430840.82
2026-04-14 00:00:00,86.49,86.65,86.27,86.55,405200.12
2026-04-14 00:15:00,86.55,86.73,86.09,86.18,365680.89
2026-04-14 00:30:00,86.19,86.39,85.99,86.18,255358.11
2026-04-14 00:45:00,86.18,86.18,85.7,85.88,516668.65
2026-04-14 01:00:00,85.89,86.02,85.65,86.0,342860.83
2026-04-14 01:15:00,86.01,86.08,85.83,85.89,277638.15
2026-04-14 01:30:00,85.89,86.08,85.8,86.01,94546.45
2026-04-14 01:45:00,86.01,86.1,85.92,85.94,116407.77
2026-04-14 02:00:00,85.93,86.26,85.84,86.17,392061.47
2026-04-14 02:15:00,86.17,86.29,86.07,86.13,188348.75
2026-04-14 02:30:00,86.14,86.28,85.96,86.18,140113.58
2026-04-14 02:45:00,86.19,86.41,86.14,86.2,170365.19
2026-04-14 03:00:00,86.2,86.25,86.11,86.13,78186.71
2026-04-14 03:15:00,86.13,86.19,85.96,86.01,179386.91
2026-04-14 03:30:00,86.0,86.19,85.98,86.12,89235.96
2026-04-14 03:45:00,86.13,86.13,85.97,86.03,82710.67
2026-04-14 04:00:00,86.03,86.04,85.89,85.93,109226.3
2026-04-14 04:15:00,85.92,85.95,85.78,85.81,131818.32
2026-04-14 04:30:00,85.81,85.82,85.63,85.64,111267.13
2026-04-14 04:45:00,85.63,85.89,85.54,85.88,302796.93
2026-04-14 05:00:00,85.88,85.9,85.73,85.74,120041.24
2026-04-14 05:15:00,85.74,85.87,85.64,85.73,92410.2
2026-04-14 05:30:00,85.73,85.82,85.65,85.7,78396.16
2026-04-14 05:45:00,85.7,85.71,85.4,85.48,202327.97
2026-04-14 06:00:00,85.49,85.66,85.48,85.62,101594.49
2026-04-14 06:15:00,85.62,85.94,85.61,85.73,195166.12
2026-04-14 06:30:00,85.72,85.74,85.56,85.67,99505.05
2026-04-14 06:45:00,85.66,86.06,85.63,85.92,278074.32
2026-04-14 07:00:00,85.92,86.17,85.79,85.98,281750.97
2026-04-14 07:15:00,85.99,86.14,85.86,86.05,223186.37
2026-04-14 07:30:00,86.05,86.11,85.76,85.78,223199.46
2026-04-14 07:45:00,85.78,85.93,85.76,85.87,128762.77
2026-04-14 08:00:00,85.86,85.89,85.68,85.79,121127.3
2026-04-14 08:15:00,85.79,86.02,85.69,85.97,134614.02
2026-04-14 08:30:00,85.97,86.35,85.97,86.08,325994.97
2026-04-14 08:45:00,86.07,86.19,85.97,86.09,113208.21
2026-04-14 09:00:00,86.09,86.2,86.03,86.19,73504.63
2026-04-14 09:15:00,86.18,86.22,85.96,86.01,89695.98
2026-04-14 09:30:00,86.01,86.15,85.98,86.02,96618.41
2026-04-14 09:45:00,86.02,86.11,85.93,86.05,93174.62
2026-04-14 10:00:00,86.06,86.3,85.96,86.3,141589.38
2026-04-14 10:15:00,86.29,86.33,86.16,86.2,81777.4
2026-04-14 10:30:00,86.21,86.52,86.05,86.08,297209.01
2026-04-14 10:45:00,86.07,86.17,85.98,85.99,150593.68
2026-04-14 11:00:00,85.99,86.03,85.72,85.97,321150.91
2026-04-14 11:15:00,85.97,86.07,85.6,85.65,191701.03
2026-04-14 11:30:00,85.65,85.89,85.56,85.83,137939.64
2026-04-14 11:45:00,85.83,85.92,85.61,85.75,274305.14
2026-04-14 12:00:00,85.74,86.0,85.7,85.78,176271.36
2026-04-14 12:15:00,85.78,85.87,85.6,85.63,148802.38
2026-04-14 12:30:00,85.63,85.9,85.55,85.72,215796.8
2026-04-14 12:45:00,85.72,85.95,85.68,85.92,90675.03
2026-04-14 13:00:00,85.92,86.15,85.87,86.06,158305.29
2026-04-14 13:15:00,86.06,86.35,85.96,86.09,336051.31
2026-04-14 13:30:00,86.09,87.13,86.09,87.02,814335.97
2026-04-14 13:45:00,87.02,87.4,86.79,87.28,746032.19
2026-04-14 14:00:00,87.28,87.38,86.58,86.88,570657.68
2026-04-14 14:15:00,86.88,87.28,86.64,87.23,525917.7
2026-04-14 14:30:00,87.24,87.64,86.31,86.41,1044250.85
2026-04-14 14:45:00,86.4,86.49,85.95,85.95,510115.93
2026-04-14 15:00:00,85.96,86.1,85.17,85.57,826820.34
2026-04-14 15:15:00,85.57,85.63,85.26,85.39,477167.52
2026-04-14 15:30:00,85.39,86.17,85.35,86.15,528064.45
2026-04-14 15:45:00,86.15,86.28,85.87,85.92,298952.96
2026-04-14 16:00:00,85.92,86.13,85.6,85.79,421131.89
2026-04-14 16:15:00,85.79,85.8,85.33,85.62,430990.4
2026-04-14 16:30:00,85.62,85.69,85.39,85.49,162397.31
2026-04-14 16:45:00,85.5,85.54,84.7,84.99,639622.49
2026-04-14 17:00:00,84.99,85.32,84.82,85.23,351256.26
2026-04-14 17:15:00,85.23,85.42,85.1,85.11,199932.57
2026-04-14 17:30:00,85.11,85.2,84.66,85.11,520316.24
2026-04-14 17:45:00,85.11,85.3,85.05,85.2,129132.25
2026-04-14 18:00:00,85.21,85.39,85.03,85.16,192134.93
2026-04-14 18:15:00,85.15,85.23,84.72,84.89,186936.06
2026-04-14 18:30:00,84.89,85.0,84.42,84.54,351391.37
2026-04-14 18:45:00,84.53,84.56,83.83,84.05,602955.73
2026-04-14 19:00:00,84.04,84.28,83.94,84.0,239189.67
2026-04-14 19:15:00,84.0,84.19,83.66,84.05,324474.2
2026-04-14 19:30:00,84.06,84.2,83.8,83.96,286874.91
2026-04-14 19:45:00,83.96,84.07,83.7,83.91,334516.96
2026-04-14 20:00:00,83.91,84.11,83.83,84.06,215415.98
2026-04-14 20:15:00,84.06,84.1,83.39,83.52,373363.38
2026-04-14 20:30:00,83.52,83.73,83.38,83.71,164583.34
2026-04-14 20:45:00,83.7,83.79,83.36,83.57,121357.99
2026-04-14 21:00:00,83.56,83.92,83.55,83.74,125018.75
2026-04-14 21:15:00,83.73,83.77,83.56,83.71,61961.06
2026-04-14 21:30:00,83.72,83.76,83.49,83.62,78233.47
2026-04-14 21:45:00,83.62,83.82,83.57,83.76,94532.49
2026-04-14 22:00:00,83.76,83.89,83.51,83.7,175262.64
2026-04-14 22:15:00,83.7,83.7,83.3,83.37,155303.49
2026-04-14 22:30:00,83.37,83.61,83.26,83.31,263899.15
2026-04-14 22:45:00,83.31,83.54,83.27,83.46,185405.29
2026-04-14 23:00:00,83.47,83.58,83.42,83.57,104367.07
2026-04-14 23:15:00,83.56,83.77,83.54,83.68,146414.69
2026-04-14 23:30:00,83.67,83.94,83.67,83.88,133596.01
2026-04-14 23:45:00,83.89,84.0,83.57,83.66,220195.99
2026-04-15 00:00:00,83.66,84.01,83.62,83.72,303856.13
2026-04-15 00:15:00,83.71,83.96,83.48,83.89,324722.62
2026-04-15 00:30:00,83.89,83.92,83.51,83.72,245283.11
2026-04-15 00:45:00,83.73,83.86,83.52,83.72,206161.19
2026-04-15 01:00:00,83.72,83.79,83.51,83.72,260761.88
2026-04-15 01:15:00,83.72,83.81,83.64,83.79,93439.45
2026-04-15 01:30:00,83.8,83.89,83.63,83.89,111676.36
2026-04-15 01:45:00,83.88,83.98,83.73,83.85,144182.03
2026-04-15 02:00:00,83.85,83.97,83.7,83.78,83794.82
2026-04-15 02:15:00,83.79,83.83,83.55,83.59,126498.02
2026-04-15 02:30:00,83.59,83.62,83.07,83.23,396518.9
2026-04-15 02:45:00,83.23,83.37,83.09,83.35,145865.62
2026-04-15 03:00:00,83.35,83.38,83.23,83.31,87986.02
2026-04-15 03:15:00,83.3,83.47,83.24,83.37,79363.33
2026-04-15 03:30:00,83.36,83.42,83.24,83.27,53033.61
2026-04-15 03:45:00,83.26,83.46,83.26,83.4,71759.55
2026-04-15 04:00:00,83.4,83.61,83.33,83.43,130015.44
2026-04-15 04:15:00,83.43,83.54,83.33,83.37,62798.9
2026-04-15 04:30:00,83.37,83.56,83.26,83.48,118194.51
2026-04-15 04:45:00,83.48,83.62,83.4,83.55,90580.87
2026-04-15 05:00:00,83.56,83.74,83.43,83.46,163162.41
2026-04-15 05:15:00,83.46,83.5,83.23,83.29,113339.48
2026-04-15 05:30:00,83.3,83.32,82.91,82.98,445118.25
2026-04-15 05:45:00,82.99,83.1,82.88,83.07,338865.69
2026-04-15 06:00:00,83.07,83.09,82.87,82.93,178368.15
2026-04-15 06:15:00,82.93,82.98,82.85,82.92,142229.77
2026-04-15 06:30:00,82.92,83.03,82.85,83.03,112263.29
2026-04-15 06:45:00,83.02,83.09,82.75,82.94,172488.49
2026-04-15 07:00:00,82.95,83.17,82.88,83.03,145099.92
2026-04-15 07:15:00,83.04,83.04,82.6,82.77,404644.24
2026-04-15 07:30:00,82.77,82.83,82.66,82.75,113029.36
2026-04-15 07:45:00,82.75,82.98,82.63,82.88,222242.33
2026-04-15 08:00:00,82.88,82.96,82.68,82.89,176781.05
2026-04-15 08:15:00,82.89,83.09,82.79,83.07,158141.51
2026-04-15 08:30:00,83.07,83.23,82.98,83.13,251461.61
2026-04-15 08:45:00,83.13,83.2,82.95,83.08,157927.95
2026-04-15 09:00:00,83.07,83.19,82.82,83.07,249965.91
2026-04-15 09:15:00,83.06,83.17,82.91,82.95,142584.36
2026-04-15 09:30:00,82.95,83.1,82.93,83.04,70101.9
2026-04-15 09:45:00,83.05,83.17,83.01,83.11,85355.45
2026-04-15 10:00:00,83.11,83.37,83.04,83.08,260253.15
2026-04-15 10:15:00,83.07,83.14,82.89,83.01,250356.55
2026-04-15 10:30:00,83.0,83.24,82.85,83.24,156783.79
2026-04-15 10:45:00,83.24,83.65,82.98,83.1,456201.93
2026-04-15 11:00:00,83.11,83.36,83.0,83.22,230728.75
2026-04-15 11:15:00,83.22,83.27,83.13,83.18,90180.24
2026-04-15 11:30:00,83.17,83.36,83.15,83.36,112901.33
2026-04-15 11:45:00,83.36,83.65,83.33,83.54,293559.52
2026-04-15 12:00:00,83.55,83.61,83.34,83.44,192627.26
2026-04-15 12:15:00,83.45,83.54,83.32,83.43,95329.0
2026-04-15 12:30:00,83.44,83.84,83.43,83.74,273552.95
2026-04-15 12:45:00,83.74,83.77,83.65,83.67,92712.31
2026-04-15 13:00:00,83.66,83.68,83.45,83.57,142366.72
2026-04-15 13:15:00,83.57,83.77,83.49,83.69,96446.05
2026-04-15 13:30:00,83.69,83.75,83.14,83.23,504043.22
2026-04-15 13:45:00,83.23,83.65,83.2,83.59,211336.69
2026-04-15 14:00:00,83.59,83.66,83.36,83.66,208375.59
2026-04-15 14:15:00,83.66,84.47,83.6,84.22,786884.17
2026-04-15 14:30:00,84.23,84.31,83.76,83.86,353189.06
2026-04-15 14:45:00,83.85,84.4,83.85,84.27,260904.0
2026-04-15 15:00:00,84.27,84.44,83.87,84.26,440198.53
2026-04-15 15:15:00,84.27,84.33,83.83,83.93,245754.69
2026-04-15 15:30:00,83.94,83.94,83.44,83.69,504523.29
2026-04-15 15:45:00,83.68,84.06,83.63,83.94,294947.77
2026-04-15 16:00:00,83.95,84.45,83.86,84.45,281621.45
2026-04-15 16:15:00,84.44,84.67,84.32,84.49,357816.02
2026-04-15 16:30:00,84.48,84.67,84.17,84.33,359552.72
2026-04-15 16:45:00,84.32,84.63,84.16,84.51,277842.51
2026-04-15 17:00:00,84.5,84.98,84.5,84.74,500842.53
2026-04-15 17:15:00,84.73,85.12,84.48,84.95,456141.45
2026-04-15 17:30:00,84.96,85.07,84.4,84.48,271850.89
2026-04-15 17:45:00,84.49,84.72,84.42,84.66,141754.46
2026-04-15 18:00:00,84.66,84.93,84.55,84.86,232793.61
2026-04-15 18:15:00,84.86,84.99,84.72,84.76,104545.54
2026-04-15 18:30:00,84.77,84.95,84.74,84.92,84067.41
2026-04-15 18:45:00,84.92,85.03,84.85,84.98,101271.05
2026-04-15 19:00:00,84.99,85.19,84.9,85.04,182143.08
2026-04-15 19:15:00,85.04,85.18,84.93,85.13,91655.04
2026-04-15 19:30:00,85.13,85.81,85.12,85.51,523331.25
2026-04-15 19:45:00,85.51,85.61,85.39,85.48,298463.96
2026-04-15 20:00:00,85.48,85.54,84.77,84.95,352976.03
2026-04-15 20:15:00,84.95,84.96,84.59,84.77,208477.19
2026-04-15 20:30:00,84.78,84.98,84.64,84.72,131785.02
2026-04-15 20:45:00,84.72,84.88,84.72,84.77,93572.41
2026-04-15 21:00:00,84.77,84.78,84.33,84.34,204852.62
2026-04-15 21:15:00,84.34,84.47,84.16,84.43,191882.49
2026-04-15 21:30:00,84.44,84.74,84.34,84.62,118814.66
2026-04-15 21:45:00,84.63,84.87,84.62,84.75,61387.7
2026-04-15 22:00:00,84.74,85.4,84.7,85.17,269217.65
2026-04-15 22:15:00,85.16,85.25,84.93,85.08,129759.57
2026-04-15 22:30:00,85.08,85.59,84.95,85.15,244593.04
2026-04-15 22:45:00,85.15,85.29,84.95,84.98,116314.95
2026-04-15 23:00:00,84.99,85.0,84.67,84.75,159435.29
2026-04-15 23:15:00,84.74,84.83,84.56,84.8,167787.42
2026-04-15 23:30:00,84.81,84.92,84.73,84.82,132119.07
2026-04-15 23:45:00,84.82,84.99,84.77,84.85,74635.99
2026-04-16 00:00:00,84.86,84.93,84.59,84.63,123679.15
2026-04-16 00:15:00,84.62,84.72,84.45,84.65,159089.82
2026-04-16 00:30:00,84.65,84.98,84.65,84.91,148291.29
2026-04-16 00:45:00,84.91,85.03,84.79,84.89,83228.29
2026-04-16 01:00:00,84.9,84.9,84.42,84.69,171346.62
2026-04-16 01:15:00,84.69,84.86,84.61,84.72,55638.04
2026-04-16 01:30:00,84.72,84.87,84.65,84.83,46696.02
2026-04-16 01:45:00,84.84,84.91,84.63,84.82,58220.67
2026-04-16 02:00:00,84.81,85.0,84.78,84.83,104644.02
2026-04-16 02:15:00,84.82,85.15,84.67,85.12,156799.29
2026-04-16 02:30:00,85.13,85.56,85.13,85.45,332223.87
2026-04-16 02:45:00,85.46,85.52,84.97,85.07,188372.78
2026-04-16 03:00:00,85.07,85.37,85.04,85.15,105506.86
2026-04-16 03:15:00,85.15,85.48,85.15,85.25,119405.82
2026-04-16 03:30:00,85.26,85.36,85.14,85.31,145916.13
2026-04-16 03:45:00,85.32,85.37,85.2,85.26,124781.62
2026-04-16 04:00:00,85.25,85.4,85.09,85.28,101947.4
2026-04-16 04:15:00,85.27,85.38,85.23,85.32,63823.19
2026-04-16 04:30:00,85.32,85.53,85.23,85.41,117211.44
2026-04-16 04:45:00,85.41,85.41,84.93,85.2,197954.21
2026-04-16 05:00:00,85.19,85.26,85.0,85.11,111087.39
2026-04-16 05:15:00,85.11,85.41,85.05,85.35,91184.47
2026-04-16 05:30:00,85.36,85.5,85.27,85.34,82686.62
2026-04-16 05:45:00,85.34,85.41,85.28,85.36,51087.7
2026-04-16 06:00:00,85.37,85.5,85.33,85.37,79027.45
2026-04-16 06:15:00,85.36,85.46,85.28,85.32,66779.56
2026-04-16 06:30:00,85.33,85.38,85.12,85.28,97416.86
2026-04-16 06:45:00,85.28,85.43,85.24,85.43,56715.38
2026-04-16 07:00:00,85.43,85.61,85.39,85.49,150867.42
2026-04-16 07:15:00,85.49,85.56,85.38,85.44,87062.8
2026-04-16 07:30:00,85.44,85.47,85.34,85.42,83421.08
2026-04-16 07:45:00,85.43,85.43,85.03,85.15,221606.28
2026-04-16 08:00:00,85.16,85.27,84.96,84.98,255654.63
2026-04-16 08:15:00,84.99,85.22,84.98,85.12,115455.17
2026-04-16 08:30:00,85.12,85.15,84.85,84.97,138648.8
2026-04-16 08:45:00,84.97,85.19,84.94,84.99,122600.47
2026-04-16 09:00:00,85.0,85.17,84.91,85.16,139267.23
2026-04-16 09:15:00,85.16,85.47,85.16,85.34,349024.44
2026-04-16 09:30:00,85.34,85.39,85.16,85.19,125819.63
2026-04-16 09:45:00,85.2,85.36,85.08,85.14,202589.87
2026-04-16 10:00:00,85.15,85.21,84.76,84.85,319776.46
2026-04-16 10:15:00,84.85,85.14,84.56,85.02,543693.8
2026-04-16 10:30:00,85.02,85.18,85.0,85.04,116407.09
2026-04-16 10:45:00,85.04,85.16,84.89,85.01,148823.86
2026-04-16 11:00:00,85.01,85.09,84.9,84.92,109243.14
2026-04-16 11:15:00,84.92,85.02,84.89,84.99,64456.45
2026-04-16 11:30:00,84.99,85.14,84.89,84.97,138930.2
2026-04-16 11:45:00,84.97,85.04,84.92,85.02,81929.28
2026-04-16 12:00:00,85.03,85.47,85.01,85.36,267684.74
2026-04-16 12:15:00,85.36,85.45,85.21,85.25,123415.97
2026-04-16 12:30:00,85.26,85.31,85.17,85.27,87268.04
2026-04-16 12:45:00,85.27,85.35,85.18,85.34,84315.23
2026-04-16 13:00:00,85.34,85.89,85.29,85.85,327075.65
2026-04-16 13:15:00,85.85,86.25,85.79,86.1,577528.35
2026-04-16 13:30:00,86.1,86.16,85.5,85.7,522639.88
2026-04-16 13:45:00,85.7,85.71,83.7,84.74,1752515.29
2026-04-16 14:00:00,84.74,84.9,84.4,84.58,627839.74
2026-04-16 14:15:00,84.58,84.69,83.99,84.35,615655.31
2026-04-16 14:30:00,84.35,84.87,84.3,84.82,288954.08
2026-04-16 14:45:00,84.81,85.67,84.75,85.35,549248.64
2026-04-16 15:00:00,85.34,86.26,85.24,86.1,717800.14
2026-04-16 15:15:00,86.1,86.59,85.98,86.21,729177.01
2026-04-16 15:30:00,86.2,87.11,86.12,86.69,953828.73
2026-04-16 15:45:00,86.69,86.89,86.36,86.57,414009.52
2026-04-16 16:00:00,86.58,87.07,86.42,86.46,418304.57
2026-04-16 16:15:00,86.47,86.86,86.29,86.6,407805.11
2026-04-16 16:30:00,86.59,86.77,86.14,86.26,546636.87
2026-04-16 16:45:00,86.26,86.33,85.58,85.9,497098.97
2026-04-16 17:00:00,85.89,86.12,85.71,85.73,302169.72
2026-04-16 17:15:00,85.73,86.16,85.66,86.01,290617.19
2026-04-16 17:30:00,86.02,86.41,85.87,86.38,258245.04
2026-04-16 17:45:00,86.38,86.76,86.22,86.61,555166.83
2026-04-16 18:00:00,86.61,87.19,86.46,86.79,588264.93
2026-04-16 18:15:00,86.8,87.67,86.79,87.17,1229346.0
2026-04-16 18:30:00,87.16,87.94,87.03,87.81,747765.16
2026-04-16 18:45:00,87.81,89.05,87.8,88.96,1303477.05
2026-04-16 19:00:00,88.97,89.13,88.59,88.88,658227.47
2026-04-16 19:15:00,88.87,89.32,88.78,89.14,544421.34
2026-04-16 19:30:00,89.15,89.97,89.07,89.82,708166.19
2026-04-16 19:45:00,89.82,90.14,89.73,90.07,617382.0
2026-04-16 20:00:00,90.06,90.58,89.88,90.11,874704.13
2026-04-16 20:15:00,90.1,90.22,89.48,89.85,584756.48
2026-04-16 20:30:00,89.84,89.85,89.25,89.34,592646.45
2026-04-16 20:45:00,89.34,89.67,89.21,89.55,384801.04
2026-04-16 21:00:00,89.55,89.66,89.29,89.5,222710.69
2026-04-16 21:15:00,89.5,89.74,88.69,88.88,520065.95
2026-04-16 21:30:00,88.87,89.05,88.68,88.87,339699.22
2026-04-16 21:45:00,88.86,89.17,88.83,88.9,127398.09
2026-04-16 22:00:00,88.9,89.43,88.87,89.1,300128.78
2026-04-16 22:15:00,89.09,89.24,88.83,89.11,175893.36
2026-04-16 22:30:00,89.12,89.21,89.0,89.13,106932.05
2026-04-16 22:45:00,89.12,89.21,88.93,88.97,71691.66
2026-04-16 23:00:00,88.96,89.0,88.86,88.93,116421.41
2026-04-16 23:15:00,88.93,89.06,88.78,88.9,139725.25
2026-04-16 23:30:00,88.9,89.19,88.85,89.07,152009.38
2026-04-16 23:45:00,89.06,89.07,88.85,89.03,74783.72
2026-04-17 00:00:00,89.02,89.15,88.69,88.72,182311.59
2026-04-17 00:15:00,88.72,89.0,88.54,88.64,245974.89
2026-04-17 00:30:00,88.64,88.82,88.6,88.7,106755.62
2026-04-17 00:45:00,88.7,88.83,88.66,88.77,83167.74
2026-04-17 01:00:00,88.78,88.98,88.74,88.84,105041.87
2026-04-17 01:15:00,88.83,88.92,88.25,88.34,311531.69
2026-04-17 01:30:00,88.34,88.41,88.13,88.18,203441.17
2026-04-17 01:45:00,88.17,88.35,87.86,88.2,349686.93
2026-04-17 02:00:00,88.21,88.33,87.95,88.07,115495.49
2026-04-17 02:15:00,88.07,88.07,87.61,87.64,267987.99
2026-04-17 02:30:00,87.64,87.94,87.5,87.82,333163.39
2026-04-17 02:45:00,87.81,87.92,87.58,87.82,156951.29
2026-04-17 03:00:00,87.83,87.92,87.7,87.87,103941.65
2026-04-17 03:15:00,87.87,87.93,87.58,87.63,139473.71
2026-04-17 03:30:00,87.63,87.8,87.43,87.77,275557.61
2026-04-17 03:45:00,87.77,87.83,87.64,87.67,197845.69
2026-04-17 04:00:00,87.67,87.91,87.64,87.87,115535.12
2026-04-17 04:15:00,87.87,88.11,87.85,88.02,170963.87
2026-04-17 04:30:00,88.03,88.2,88.01,88.15,237100.42
2026-04-17 04:45:00,88.15,88.25,87.88,87.94,188853.4
2026-04-17 05:00:00,87.94,87.95,87.41,87.51,314482.83
2026-04-17 05:15:00,87.5,87.68,87.43,87.54,195914.18
2026-04-17 05:30:00,87.54,87.66,87.44,87.52,126359.22
2026-04-17 05:45:00,87.53,87.65,87.34,87.36,125582.1
2026-04-17 06:00:00,87.36,87.65,87.3,87.59,117125.07
2026-04-17 06:15:00,87.6,87.75,87.58,87.7,156586.54
2026-04-17 06:30:00,87.7,87.91,87.63,87.86,190116.79
2026-04-17 06:45:00,87.86,88.05,87.81,87.96,117038.11
2026-04-17 07:00:00,87.96,88.44,87.96,88.32,434741.42
2026-04-17 07:15:00,88.33,88.33,88.06,88.1,130130.68
2026-04-17 07:30:00,88.11,88.23,88.02,88.11,106850.42
2026-04-17 07:45:00,88.1,88.12,87.93,88.09,114107.88
2026-04-17 08:00:00,88.1,88.46,88.07,88.26,191118.07
2026-04-17 08:15:00,88.26,88.62,88.19,88.37,313869.38
2026-04-17 08:30:00,88.36,88.7,88.34,88.53,221614.24
2026-04-17 08:45:00,88.54,89.05,88.42,88.91,414117.48
2026-04-17 09:00:00,88.9,88.91,88.66,88.79,284478.45
2026-04-17 09:15:00,88.8,89.48,88.62,89.38,331383.96
2026-04-17 09:30:00,89.38,89.43,88.24,88.48,864934.41
2026-04-17 09:45:00,88.48,88.68,88.33,88.65,216495.38
2026-04-17 10:00:00,88.66,88.69,88.05,88.21,399972.05
2026-04-17 10:15:00,88.2,88.27,87.75,87.8,358669.31
2026-04-17 10:30:00,87.8,87.85,87.36,87.39,590250.8
2026-04-17 10:45:00,87.4,87.67,87.26,87.62,481012.86
2026-04-17 11:00:00,87.62,87.8,87.57,87.7,148845.16
2026-04-17 11:15:00,87.7,88.05,87.69,87.94,253718.57
2026-04-17 11:30:00,87.95,88.16,87.94,87.96,163800.97
2026-04-17 11:45:00,87.96,88.27,87.82,88.15,197176.2
2026-04-17 12:00:00,88.16,88.26,88.03,88.12,209352.91
2026-04-17 12:15:00,88.12,88.38,87.85,88.15,277449.99
2026-04-17 12:30:00,88.15,88.41,88.05,88.14,144066.96
2026-04-17 12:45:00,88.14,88.87,88.1,88.82,467926.39
2026-04-17 13:00:00,88.83,89.78,88.51,89.76,880099.88
2026-04-17 13:15:00,89.75,90.48,89.33,89.53,1724198.15
2026-04-17 13:30:00,89.54,89.84,88.83,89.79,1292659.04
2026-04-17 13:45:00,89.79,90.15,89.28,90.09,778433.5
2026-04-17 14:00:00,90.09,90.28,89.57,89.74,693593.15
2026-04-17 14:15:00,89.74,90.2,89.65,89.75,455084.88
2026-04-17 14:30:00,89.76,90.71,89.72,90.09,982069.05
2026-04-17 14:45:00,90.09,90.38,89.71,89.97,567112.95
2026-04-17 15:00:00,89.97,90.08,89.39,89.83,585080.24
2026-04-17 15:15:00,89.84,90.14,89.57,89.79,331253.78
2026-04-17 15:30:00,89.79,89.99,89.52,89.57,319581.2
2026-04-17 15:45:00,89.57,90.04,89.51,89.91,434947.97
2026-04-17 16:00:00,89.91,90.35,89.85,90.07,429659.41
2026-04-17 16:15:00,90.06,90.58,89.86,90.25,398608.94
2026-04-17 16:30:00,90.25,90.37,89.96,90.14,200076.83
2026-04-17 16:45:00,90.14,90.39,90.09,90.39,255779.95
2026-04-17 17:00:00,90.39,90.39,89.46,89.72,460571.52
2026-04-17 17:15:00,89.73,89.96,89.04,89.37,546767.29
2026-04-17 17:30:00,89.37,89.76,89.37,89.53,298710.17
2026-04-17 17:45:00,89.52,89.88,89.51,89.7,210191.79
2026-04-17 18:00:00,89.69,89.8,88.84,88.91,507257.61
2026-04-17 18:15:00,88.91,89.28,88.84,89.0,230728.54
2026-04-17 18:30:00,88.99,89.38,88.91,89.32,164648.15
2026-04-17 18:45:00,89.32,89.33,88.86,89.12,144504.41
2026-04-17 19:00:00,89.12,89.24,88.86,89.13,145374.76
2026-04-17 19:15:00,89.13,89.4,89.13,89.19,190797.39
2026-04-17 19:30:00,89.19,89.46,89.19,89.42,114473.47
2026-04-17 19:45:00,89.41,89.41,89.07,89.18,126909.93
2026-04-17 20:00:00,89.17,89.33,89.1,89.24,121981.15
2026-04-17 20:15:00,89.23,89.24,89.01,89.05,87162.48
2026-04-17 20:30:00,89.05,89.1,88.45,88.72,519582.15
2026-04-17 20:45:00,88.71,88.98,88.59,88.95,179321.24
2026-04-17 21:00:00,88.94,89.2,88.89,89.09,195956.56
2026-04-17 21:15:00,89.08,89.23,89.0,89.07,67081.44
2026-04-17 21:30:00,89.08,89.1,88.74,89.03,132217.76
2026-04-17 21:45:00,89.02,89.16,89.0,89.08,36409.76
2026-04-17 22:00:00,89.08,89.23,89.0,89.05,127505.17
2026-04-17 22:15:00,89.04,89.19,88.89,89.13,106642.0
2026-04-17 22:30:00,89.12,89.43,89.05,89.3,166640.01
2026-04-17 22:45:00,89.29,89.36,89.15,89.17,69732.37
2026-04-17 23:00:00,89.16,89.17,88.87,88.93,156746.35
2026-04-17 23:15:00,88.93,88.95,88.42,88.74,232057.65
2026-04-17 23:30:00,88.73,88.88,88.62,88.64,78741.64
2026-04-17 23:45:00,88.65,88.85,88.61,88.71,55455.86
2026-04-18 00:00:00,88.71,88.91,88.68,88.72,83268.13
2026-04-18 00:15:00,88.71,88.93,88.7,88.89,54470.53
2026-04-18 00:30:00,88.89,88.97,88.61,88.66,111976.92
2026-04-18 00:45:00,88.66,89.1,88.65,88.91,95075.81
2026-04-18 01:00:00,88.92,89.05,88.72,89.02,118151.11
2026-04-18 01:15:00,89.03,89.11,88.98,89.07,73777.45
2026-04-18 01:30:00,89.08,89.08,88.71,88.75,108527.91
2026-04-18 01:45:00,88.75,88.93,88.63,88.8,64806.3
2026-04-18 02:00:00,88.81,88.87,88.61,88.86,93988.21
2026-04-18 02:15:00,88.87,89.03,88.86,88.98,75961.42
2026-04-18 02:30:00,88.98,89.05,88.84,88.91,47479.95
2026-04-18 02:45:00,88.91,88.94,88.81,88.86,52988.69
2026-04-18 03:00:00,88.87,88.87,88.7,88.79,43960.56
2026-04-18 03:15:00,88.78,88.85,88.66,88.69,46607.48
2026-04-18 03:30:00,88.69,88.79,88.62,88.75,70883.09
2026-04-18 03:45:00,88.76,88.8,88.17,88.27,336390.38
2026-04-18 04:00:00,88.27,88.49,88.18,88.43,140967.58
2026-04-18 04:15:00,88.44,88.5,88.27,88.35,125670.76
2026-04-18 04:30:00,88.34,88.41,88.18,88.25,145884.04
2026-04-18 04:45:00,88.25,88.43,88.25,88.3,128441.0
2026-04-18 05:00:00,88.31,88.6,88.27,88.49,121526.13
2026-04-18 05:15:00,88.5,88.5,88.26,88.27,113406.35
2026-04-18 05:30:00,88.26,88.31,88.1,88.31,206636.41
2026-04-18 05:45:00,88.3,88.37,88.25,88.34,44686.36
2026-04-18 06:00:00,88.35,88.46,88.33,88.39,60342.59
2026-04-18 06:15:00,88.4,88.43,88.25,88.43,69744.07
2026-04-18 06:30:00,88.42,88.5,88.38,88.47,62736.22
2026-04-18 06:45:00,88.47,88.56,88.42,88.44,89226.51
2026-04-18 07:00:00,88.44,88.5,88.33,88.35,63678.6
2026-04-18 07:15:00,88.35,88.47,88.31,88.43,59090.76
2026-04-18 07:30:00,88.44,88.5,88.3,88.4,88039.56
2026-04-18 07:45:00,88.41,88.43,88.25,88.39,70346.63
2026-04-18 08:00:00,88.4,88.45,88.02,88.03,185978.44
2026-04-18 08:15:00,88.03,88.06,87.54,87.61,670634.48
2026-04-18 08:30:00,87.62,87.71,87.04,87.16,576940.27
2026-04-18 08:45:00,87.15,87.55,87.1,87.5,356324.28
2026-04-18 09:00:00,87.49,87.49,87.13,87.3,213148.12
2026-04-18 09:15:00,87.29,87.49,87.07,87.46,281961.0
2026-04-18 09:30:00,87.46,87.63,87.43,87.54,160829.07
2026-04-18 09:45:00,87.54,87.62,87.38,87.56,172359.35
2026-04-18 10:00:00,87.57,87.6,86.82,87.08,666476.61
2026-04-18 10:15:00,87.09,87.2,87.01,87.15,140508.31
2026-04-18 10:30:00,87.14,87.17,86.8,86.83,194909.32
2026-04-18 10:45:00,86.83,86.95,86.71,86.92,270248.98
2026-04-18 11:00:00,86.91,86.92,86.5,86.61,356226.74
2026-04-18 11:15:00,86.61,86.82,86.57,86.74,151116.66
2026-04-18 11:30:00,86.75,86.82,86.22,86.37,396272.89
2026-04-18 11:45:00,86.36,86.63,86.28,86.49,216458.0
2026-04-18 12:00:00,86.48,86.82,86.45,86.73,295100.49
2026-04-18 12:15:00,86.73,86.79,86.6,86.65,129125.91
2026-04-18 12:30:00,86.65,86.76,86.56,86.74,127531.22
2026-04-18 12:45:00,86.73,86.91,86.71,86.84,242799.2
2026-04-18 13:00:00,86.85,86.92,86.76,86.81,129149.15
2026-04-18 13:15:00,86.81,86.9,86.62,86.67,129051.87
2026-04-18 13:30:00,86.67,86.72,86.35,86.52,192305.2
2026-04-18 13:45:00,86.52,86.78,86.45,86.69,191185.82
2026-04-18 14:00:00,86.7,86.78,86.54,86.64,136574.37
2026-04-18 14:15:00,86.64,86.73,86.38,86.71,122886.87
2026-04-18 14:30:00,86.71,86.82,86.65,86.71,158798.7
2026-04-18 14:45:00,86.72,86.81,86.68,86.77,92298.29
2026-04-18 15:00:00,86.78,86.92,86.63,86.75,147023.43
2026-04-18 15:15:00,86.75,86.89,86.68,86.75,64194.25
2026-04-18 15:30:00,86.75,86.86,86.62,86.62,77758.85
2026-04-18 15:45:00,86.63,86.72,86.5,86.7,123719.45
2026-04-18 16:00:00,86.7,86.87,86.54,86.84,117912.95
2026-04-18 16:15:00,86.85,86.93,86.41,86.74,277867.52
2026-04-18 16:30:00,86.73,86.79,86.6,86.61,51781.21
2026-04-18 16:45:00,86.61,86.69,86.47,86.64,124962.26
2026-04-18 17:00:00,86.64,86.67,86.45,86.53,141194.58
2026-04-18 17:15:00,86.54,86.7,86.52,86.67,68996.36
2026-04-18 17:30:00,86.67,86.76,86.67,86.73,84315.72
2026-04-18 17:45:00,86.73,86.79,86.69,86.69,43265.69
2026-04-18 18:00:00,86.69,86.7,86.51,86.59,131518.34
2026-04-18 18:15:00,86.6,86.6,86.28,86.31,233479.1
2026-04-18 18:30:00,86.32,86.34,85.71,85.94,809806.23
2026-04-18 18:45:00,85.95,86.13,85.75,85.9,244910.33
2026-04-18 19:00:00,85.9,86.24,85.88,86.2,123123.24
2026-04-18 19:15:00,86.19,86.23,86.04,86.15,70056.77
2026-04-18 19:30:00,86.14,86.18,85.91,85.97,108453.39
2026-04-18 19:45:00,85.97,86.14,85.94,86.07,68601.87
2026-04-18 20:00:00,86.06,86.12,85.95,86.08,83254.4
2026-04-18 20:15:00,86.07,86.18,85.99,86.06,64489.76
2026-04-18 20:30:00,86.07,86.19,86.02,86.16,58306.8
2026-04-18 20:45:00,86.16,86.27,86.1,86.12,75927.6
2026-04-18 21:00:00,86.12,86.22,86.02,86.1,47825.8
2026-04-18 21:15:00,86.11,86.21,85.98,86.18,66547.64
2026-04-18 21:30:00,86.19,86.21,86.07,86.13,32376.52
2026-04-18 21:45:00,86.13,86.22,86.08,86.16,35802.35
2026-04-18 22:00:00,86.16,86.17,85.86,85.92,128665.31
2026-04-18 22:15:00,85.93,86.13,85.92,86.12,52509.8
2026-04-18 22:30:00,86.12,86.2,86.02,86.1,57742.84
2026-04-18 22:45:00,86.11,86.32,86.1,86.24,169882.71
2026-04-18 23:00:00,86.24,86.42,86.23,86.24,101674.76
2026-04-18 23:15:00,86.25,86.3,86.2,86.2,58809.59
2026-04-18 23:30:00,86.2,86.27,86.13,86.19,87932.91
2026-04-18 23:45:00,86.18,86.21,86.08,86.11,42245.87
2026-04-19 00:00:00,86.1,86.33,86.08,86.14,118001.63
2026-04-19 00:15:00,86.14,86.14,85.95,86.02,106515.87
2026-04-19 00:30:00,86.01,86.07,85.8,85.84,161143.32
2026-04-19 00:45:00,85.85,86.09,85.84,85.97,78486.04
2026-04-19 01:00:00,85.97,86.18,85.87,85.94,101133.37
2026-04-19 01:15:00,85.95,85.96,85.63,85.68,129837.97
2026-04-19 01:30:00,85.68,85.72,85.54,85.63,190825.93
2026-04-19 01:45:00,85.62,85.85,85.61,85.7,99286.79
2026-04-19 02:00:00,85.7,85.75,85.61,85.74,58840.62
2026-04-19 02:15:00,85.74,85.82,85.18,85.29,320368.91
2026-04-19 02:30:00,85.29,85.8,85.21,85.7,220582.24
2026-04-19 02:45:00,85.7,85.74,85.45,85.47,218149.41
2026-04-19 03:00:00,85.48,85.66,85.25,85.63,115388.72
2026-04-19 03:15:00,85.62,85.67,85.48,85.65,53552.56
2026-04-19 03:30:00,85.66,85.75,85.55,85.7,73470.5
2026-04-19 03:45:00,85.7,85.75,85.52,85.55,60525.78
2026-04-19 04:00:00,85.55,85.87,85.53,85.81,128098.68
2026-04-19 04:15:00,85.81,85.92,85.76,85.84,140239.21
2026-04-19 04:30:00,85.83,85.84,85.09,85.3,375914.75
2026-04-19 04:45:00,85.29,85.58,85.25,85.53,80015.34
2026-04-19 05:00:00,85.52,85.59,85.38,85.42,76346.78
2026-04-19 05:15:00,85.43,85.52,85.38,85.51,162727.72
2026-04-19 05:30:00,85.51,85.74,85.49,85.51,114393.14
2026-04-19 05:45:00,85.51,85.55,85.35,85.43,101795.31
2026-04-19 06:00:00,85.44,85.45,85.2,85.22,139685.76
2026-04-19 06:15:00,85.22,85.41,85.07,85.32,205637.69
2026-04-19 06:30:00,85.32,85.62,85.31,85.44,146517.04
2026-04-19 06:45:00,85.43,85.49,85.34,85.4,42597.31
2026-04-19 07:00:00,85.39,85.39,85.01,85.02,203107.72
2026-04-19 07:15:00,85.01,85.03,84.28,84.52,793526.97
2026-04-19 07:30:00,84.53,84.85,84.36,84.72,411870.78
2026-04-19 07:45:00,84.73,84.91,84.67,84.82,168142.91
2026-04-19 08:00:00,84.81,84.97,84.71,84.94,174328.02
2026-04-19 08:15:00,84.95,85.1,84.78,84.79,187358.26
2026-04-19 08:30:00,84.78,84.9,84.68,84.76,115027.34
2026-04-19 08:45:00,84.76,84.83,84.56,84.74,179338.16
2026-04-19 09:00:00,84.75,84.87,84.69,84.75,89682.82
2026-04-19 09:15:00,84.75,84.82,84.52,84.82,143893.52
2026-04-19 09:30:00,84.82,84.99,84.67,84.69,179447.35
2026-04-19 09:45:00,84.69,84.7,84.52,84.55,118219.34
2026-04-19 10:00:00,84.54,84.66,84.38,84.58,220426.17
2026-04-19 10:15:00,84.58,84.69,84.51,84.61,70355.66
2026-04-19 10:30:00,84.6,84.67,84.57,84.66,48804.18
2026-04-19 10:45:00,84.65,84.86,84.65,84.73,127149.07
2026-04-19 11:00:00,84.74,85.43,84.71,85.27,323761.97
2026-04-19 11:15:00,85.27,85.42,85.17,85.2,257037.08
2026-04-19 11:30:00,85.21,85.46,85.19,85.45,120029.31
2026-04-19 11:45:00,85.45,85.67,85.39,85.54,281060.76
2026-04-19 12:00:00,85.55,85.7,85.5,85.63,261135.39
2026-04-19 12:15:00,85.64,85.81,85.57,85.61,315469.88
2026-04-19 12:30:00,85.61,85.66,85.49,85.57,165877.74
2026-04-19 12:45:00,85.57,85.92,85.53,85.74,165011.7
2026-04-19 13:00:00,85.75,86.29,85.7,86.19,451148.27
2026-04-19 13:15:00,86.19,86.89,86.17,86.54,825460.23
2026-04-19 13:30:00,86.55,86.68,86.19,86.44,312058.7
2026-04-19 13:45:00,86.45,86.46,86.18,86.27,187339.46
2026-04-19 14:00:00,86.28,86.37,85.9,86.18,325372.71
2026-04-19 14:15:00,86.17,87.05,86.14,86.99,404530.03
2026-04-19 14:30:00,86.99,87.08,86.38,86.72,445477.8
2026-04-19 14:45:00,86.72,86.95,86.44,86.48,271657.59
2026-04-19 15:00:00,86.48,86.51,86.19,86.37,275999.78
2026-04-19 15:15:00,86.36,86.63,86.21,86.31,127848.91
2026-04-19 15:30:00,86.31,86.36,85.52,85.9,477140.91
2026-04-19 15:45:00,85.89,86.32,85.81,86.32,257322.14
2026-04-19 16:00:00,86.31,86.46,86.07,86.17,215511.32
2026-04-19 16:15:00,86.17,86.28,85.96,86.02,133877.23
2026-04-19 16:30:00,86.01,86.22,85.96,86.06,98874.96
2026-04-19 16:45:00,86.06,86.2,85.68,85.82,269786.12
2026-04-19 17:00:00,85.82,85.82,85.25,85.63,424564.64
2026-04-19 17:15:00,85.63,85.95,85.52,85.59,145250.76
2026-04-19 17:30:00,85.6,85.74,85.25,85.47,150061.06
2026-04-19 17:45:00,85.48,85.54,84.94,85.08,347114.93
2026-04-19 18:00:00,85.09,85.2,84.91,85.16,239503.99
2026-04-19 18:15:00,85.15,85.26,84.88,85.1,227513.34
2026-04-19 18:30:00,85.09,85.1,84.89,84.97,109146.1
2026-04-19 18:45:00,84.97,85.13,84.82,85.06,117957.74
2026-04-19 19:00:00,85.06,85.39,85.06,85.31,152693.04
2026-04-19 19:15:00,85.32,85.52,85.22,85.34,183662.81
2026-04-19 19:30:00,85.34,85.5,85.21,85.22,82360.63
2026-04-19 19:45:00,85.21,85.3,85.16,85.28,54865.26
2026-04-19 20:00:00,85.27,85.31,85.0,85.13,136325.32
2026-04-19 20:15:00,85.12,85.14,84.81,84.99,147604.49
2026-04-19 20:30:00,84.98,85.21,84.72,84.82,248921.7
2026-04-19 20:45:00,84.81,85.12,84.68,84.9,157044.77
2026-04-19 21:00:00,84.9,85.1,84.83,85.05,76813.43
2026-04-19 21:15:00,85.06,85.12,84.86,85.07,73202.67
2026-04-19 21:30:00,85.06,85.2,85.04,85.07,67457.74
2026-04-19 21:45:00,85.07,85.18,84.47,84.65,215838.99
2026-04-19 22:00:00,84.65,84.65,83.93,83.98,903920.46
2026-04-19 22:15:00,83.98,84.0,82.77,83.35,1570581.55
2026-04-19 22:30:00,83.35,83.77,83.3,83.75,355144.39
2026-04-19 22:45:00,83.75,83.86,83.63,83.71,176627.32
2026-04-19 23:00:00,83.71,83.72,83.33,83.53,245645.75
2026-04-19 23:15:00,83.52,83.54,83.27,83.51,178425.6
2026-04-19 23:30:00,83.51,83.61,83.41,83.5,112083.23
2026-04-19 23:45:00,83.5,83.62,83.38,83.41,108876.04
2026-04-20 00:00:00,83.42,83.71,83.27,83.52,266996.53
2026-04-20 00:15:00,83.52,83.9,83.39,83.86,250684.0
2026-04-20 00:30:00,83.86,83.93,83.68,83.74,142016.46
2026-04-20 00:45:00,83.74,84.17,83.74,83.93,200100.45
2026-04-20 01:00:00,83.93,84.16,83.91,84.14,143386.25
2026-04-20 01:15:00,84.15,84.16,83.89,84.06,159338.08
2026-04-20 01:30:00,84.07,84.51,84.05,84.38,270566.4
2026-04-20 01:45:00,84.39,84.47,84.26,84.3,101060.2
2026-04-20 02:00:00,84.29,84.35,83.83,83.87,146113.56
2026-04-20 02:15:00,83.87,84.05,83.66,84.02,218422.05
2026-04-20 02:30:00,84.01,84.18,83.94,84.14,102157.94
2026-04-20 02:45:00,84.15,84.25,84.06,84.16,71295.08
2026-04-20 03:00:00,84.16,84.33,84.07,84.32,85977.23
2026-04-20 03:15:00,84.32,84.4,84.19,84.3,102073.63
2026-04-20 03:30:00,84.3,84.46,84.26,84.44,82096.76
2026-04-20 03:45:00,84.44,84.58,84.36,84.53,188640.52
2026-04-20 04:00:00,84.53,84.54,84.37,84.37,86191.88
2026-04-20 04:15:00,84.37,84.41,84.2,84.35,79613.35
2026-04-20 04:30:00,84.35,84.43,84.32,84.36,59575.33
2026-04-20 04:45:00,84.36,84.58,84.35,84.53,98217.18
2026-04-20 05:00:00,84.53,84.55,84.02,84.18,213647.3
2026-04-20 05:15:00,84.17,84.17,83.81,83.86,165286.79
2026-04-20 05:30:00,83.86,83.97,83.74,83.75,152869.6
2026-04-20 05:45:00,83.74,83.92,83.7,83.82,119023.66
2026-04-20 06:00:00,83.83,83.99,83.73,83.84,235425.35
2026-04-20 06:15:00,83.84,83.99,83.79,83.92,59538.66
2026-04-20 06:30:00,83.92,84.72,83.92,84.47,341609.36
2026-04-20 06:45:00,84.47,84.52,84.28,84.42,155664.53
2026-04-20 07:00:00,84.42,84.7,84.4,84.64,149120.78
2026-04-20 07:15:00,84.64,85.74,84.53,85.34,861003.95
2026-04-20 07:30:00,85.33,85.44,84.71,84.77,449631.6
2026-04-20 07:45:00,84.78,84.92,84.46,84.69,211245.53
2026-04-20 08:00:00,84.7,84.75,84.51,84.69,240965.39
2026-04-20 08:15:00,84.7,85.1,84.66,84.84,304376.43
2026-04-20 08:30:00,84.85,85.04,84.63,84.73,167391.4
2026-04-20 08:45:00,84.72,84.78,84.52,84.63,105539.37
2026-04-20 09:00:00,84.63,85.04,84.58,84.91,211750.24
2026-04-20 09:15:00,84.91,85.06,84.85,84.89,117522.89
2026-04-20 09:30:00,84.9,85.17,84.87,85.08,163028.38
2026-04-20 09:45:00,85.07,85.2,84.94,85.04,115661.48
2026-04-20 10:00:00,85.04,85.32,84.98,85.27,155650.27
2026-04-20 10:15:00,85.28,85.37,85.14,85.18,130030.9
2026-04-20 10:30:00,85.18,85.18,84.82,84.95,159083.73
2026-04-20 10:45:00,84.94,84.96,84.76,84.8,101841.13
2026-04-20 11:00:00,84.8,85.0,84.71,85.0,122873.12
2026-04-20 11:15:00,85.0,85.12,84.88,85.0,88083.61
2026-04-20 11:30:00,85.0,85.28,84.91,85.2,185185.51
2026-04-20 11:45:00,85.19,85.34,84.97,85.0,125061.46
2026-04-20 12:00:00,85.01,85.25,84.82,85.15,250170.7
2026-04-20 12:15:00,85.15,85.51,85.08,85.32,302212.62
2026-04-20 12:30:00,85.32,85.36,84.77,85.03,303060.32
2026-04-20 12:45:00,85.04,85.29,85.04,85.27,112478.38
2026-04-20 13:00:00,85.27,85.49,85.11,85.34,263990.08
2026-04-20 13:15:00,85.35,85.41,85.01,85.16,167096.88
2026-04-20 13:30:00,85.17,85.49,84.82,85.25,433629.11
2026-04-20 13:45:00,85.24,85.42,85.0,85.26,283957.44
2026-04-20 14:00:00,85.27,85.27,84.91,85.0,283435.34
2026-04-20 14:15:00,85.01,85.8,84.97,85.43,703765.53
2026-04-20 14:30:00,85.44,85.56,85.0,85.25,272772.45
2026-04-20 14:45:00,85.25,85.36,84.46,84.74,566371.68
2026-04-20 15:00:00,84.73,84.91,84.35,84.79,380785.33
2026-04-20 15:15:00,84.79,85.75,84.75,85.72,696024.04
2026-04-20 15:30:00,85.72,85.72,85.4,85.49,237929.53
2026-04-20 15:45:00,85.48,85.85,85.39,85.82,313949.78
2026-04-20 16:00:00,85.82,85.86,85.45,85.58,311278.93
2026-04-20 16:15:00,85.59,85.66,85.42,85.5,176502.87
2026-04-20 16:30:00,85.5,85.71,85.4,85.6,190578.76
2026-04-20 16:45:00,85.6,85.62,85.21,85.26,158288.82
2026-04-20 17:00:00,85.27,85.92,85.21,85.79,255882.01
2026-04-20 17:15:00,85.79,86.1,85.68,85.81,308885.08
2026-04-20 17:30:00,85.8,85.91,85.6,85.73,152562.58
2026-04-20 17:45:00,85.72,86.04,85.59,85.66,227483.06
2026-04-20 18:00:00,85.66,86.15,85.66,86.04,339981.23
2026-04-20 18:15:00,86.04,86.19,85.94,85.96,246063.99
2026-04-20 18:30:00,85.96,86.13,85.76,86.0,204160.1
2026-04-20 18:45:00,86.01,86.1,85.69,86.02,286899.58
2026-04-20 19:00:00,86.03,86.06,85.91,85.98,159273.27
2026-04-20 19:15:00,85.97,85.98,85.71,85.86,171662.24
2026-04-20 19:30:00,85.85,85.92,85.8,85.81,67173.41
2026-04-20 19:45:00,85.81,85.97,85.75,85.75,120759.69
2026-04-20 20:00:00,85.75,85.88,85.61,85.84,186266.78
2026-04-20 20:15:00,85.83,86.14,85.8,85.86,135177.9
2026-04-20 20:30:00,85.87,85.88,85.73,85.81,104189.22
2026-04-20 20:45:00,85.8,85.94,85.74,85.91,92384.3
2026-04-20 21:00:00,85.91,86.18,85.6,85.77,263965.49
2026-04-20 21:15:00,85.77,85.84,85.62,85.72,118150.7
2026-04-20 21:30:00,85.71,85.77,85.53,85.68,101474.26
2026-04-20 21:45:00,85.68,85.82,85.63,85.76,61229.09
2026-04-20 22:00:00,85.76,86.03,85.74,85.88,125930.88
2026-04-20 22:15:00,85.89,85.92,85.62,85.7,102773.34
2026-04-20 22:30:00,85.69,85.86,85.55,85.69,82840.43
2026-04-20 22:45:00,85.68,85.68,85.58,85.66,37902.97
2026-04-20 23:00:00,85.67,85.67,85.3,85.35,225508.89
2026-04-20 23:15:00,85.35,85.4,85.17,85.23,144562.75
2026-04-20 23:30:00,85.24,85.32,85.17,85.26,86419.71
2026-04-20 23:45:00,85.26,85.31,85.18,85.24,50685.34
2026-04-21 00:00:00,85.25,85.48,85.21,85.41,130764.58
2026-04-21 00:15:00,85.41,85.51,85.34,85.48,110729.12
2026-04-21 00:30:00,85.48,85.54,85.38,85.44,80412.6
2026-04-21 00:45:00,85.45,85.75,85.44,85.63,112841.4
2026-04-21 01:00:00,85.64,85.79,85.49,85.7,129456.46
2026-04-21 01:15:00,85.7,85.7,85.55,85.65,51074.02
2026-04-21 01:30:00,85.66,85.79,85.46,85.56,85292.49
2026-04-21 01:45:00,85.55,85.57,85.31,85.39,74546.54
2026-04-21 02:00:00,85.39,85.42,85.19,85.23,105517.1
2026-04-21 02:15:00,85.24,85.32,85.14,85.24,79803.59
2026-04-21 02:30:00,85.23,85.37,85.23,85.25,62352.01
2026-04-21 02:45:00,85.25,85.3,85.19,85.24,69704.57
2026-04-21 03:00:00,85.24,85.24,85.02,85.14,171580.97
2026-04-21 03:15:00,85.14,85.34,85.03,85.29,125590.0
2026-04-21 03:30:00,85.29,85.48,84.95,85.1,410865.55
2026-04-21 03:45:00,85.1,85.28,85.06,85.14,160787.95
2026-04-21 04:00:00,85.13,85.23,85.06,85.07,98411.1
2026-04-21 04:15:00,85.06,85.16,84.97,85.05,172067.21
2026-04-21 04:30:00,85.06,85.2,84.98,85.18,146788.22
2026-04-21 04:45:00,85.18,85.43,85.12,85.39,115671.54
2026-04-21 05:00:00,85.39,85.8,85.37,85.64,205784.95
2026-04-21 05:15:00,85.64,85.76,85.52,85.65,209163.03
2026-04-21 05:30:00,85.65,85.68,85.56,85.66,60959.33
2026-04-21 05:45:00,85.66,85.66,85.56,85.63,86514.61
2026-04-21 06:00:00,85.63,85.68,85.41,85.49,135132.93
2026-04-21 06:15:00,85.49,85.52,85.13,85.27,211535.55
2026-04-21 06:30:00,85.27,85.91,85.27,85.68,289304.61
2026-04-21 06:45:00,85.68,85.73,85.61,85.63,67936.32
2026-04-21 07:00:00,85.63,85.63,85.37,85.46,114633.18
2026-04-21 07:15:00,85.47,85.85,85.36,85.7,148335.22
2026-04-21 07:30:00,85.7,85.86,85.53,85.77,168576.37
2026-04-21 07:45:00,85.77,85.93,85.64,85.65,137481.35
2026-04-21 08:00:00,85.66,85.79,85.58,85.66,73906.2
2026-04-21 08:15:00,85.66,85.9,85.64,85.84,117506.0
2026-04-21 08:30:00,85.84,85.99,85.71,85.89,126175.36
2026-04-21 08:45:00,85.89,86.47,85.72,85.75,428799.24
2026-04-21 09:00:00,85.76,85.82,85.57,85.68,165566.22
2026-04-21 09:15:00,85.69,85.83,85.46,85.56,162869.6
2026-04-21 09:30:00,85.56,85.74,85.53,85.73,93939.29
2026-04-21 09:45:00,85.73,85.85,85.67,85.85,64263.78
2026-04-21 10:00:00,85.85,86.02,85.82,85.91,114015.43
2026-04-21 10:15:00,85.9,85.98,85.79,85.9,89943.36
2026-04-21 10:30:00,85.89,86.08,85.84,86.06,75527.72
2026-04-21 10:45:00,86.06,86.28,86.02,86.11,244335.58
2026-04-21 11:00:00,86.1,86.13,85.66,85.78,323968.39
2026-04-21 11:15:00,85.78,86.13,85.72,86.02,116122.58
2026-04-21 11:30:00,86.02,86.08,85.8,85.86,113074.95
2026-04-21 11:45:00,85.86,85.87,85.77,85.79,63724.6
2026-04-21 12:00:00,85.79,85.99,85.75,85.75,126863.72
2026-04-21 12:15:00,85.75,85.8,85.7,85.77,133682.94
2026-04-21 12:30:00,85.77,85.85,85.12,85.26,496599.41
2026-04-21 12:45:00,85.26,85.54,85.12,85.48,301984.4
2026-04-21 13:00:00,85.47,85.51,85.31,85.35,157722.61
2026-04-21 13:15:00,85.34,85.55,85.3,85.41,85894.28
2026-04-21 13:30:00,85.41,85.83,85.24,85.65,352109.66
2026-04-21 13:45:00,85.64,85.81,85.55,85.77,187143.17
2026-04-21 14:00:00,85.78,85.87,85.54,85.63,177979.73
2026-04-21 14:15:00,85.63,86.22,85.63,85.98,418681.78
2026-04-21 14:30:00,85.98,86.87,85.96,86.54,612107.29
2026-04-21 14:45:00,86.54,86.56,85.67,85.72,517200.66
2026-04-21 15:00:00,85.73,86.22,85.52,86.17,597914.0
2026-04-21 15:15:00,86.16,86.25,85.49,85.67,307351.76
2026-04-21 15:30:00,85.66,85.86,85.34,85.68,265671.73
2026-04-21 15:45:00,85.68,86.04,85.65,86.0,129386.32
2026-04-21 16:00:00,86.0,86.21,85.87,86.05,222658.63
2026-04-21 16:15:00,86.06,86.1,85.77,85.85,303093.37
2026-04-21 16:30:00,85.84,86.24,85.8,85.88,209217.64
2026-04-21 16:45:00,85.88,86.06,85.6,85.63,128096.22
2026-04-21 17:00:00,85.63,85.72,85.17,85.31,363735.25
2026-04-21 17:15:00,85.32,85.35,84.65,84.98,613824.66
2026-04-21 17:30:00,84.99,85.77,84.83,85.51,424603.36
2026-04-21 17:45:00,85.51,85.56,85.24,85.28,210099.88
2026-04-21 18:00:00,85.28,85.35,85.1,85.24,125866.31
2026-04-21 18:15:00,85.25,85.36,84.78,84.87,245194.65
2026-04-21 18:30:00,84.87,85.06,84.85,84.96,141559.15
2026-04-21 18:45:00,84.95,85.22,84.69,85.21,282216.42
2026-04-21 19:00:00,85.21,85.53,85.11,85.21,308855.36
2026-04-21 19:15:00,85.21,85.69,85.11,85.48,210235.54
2026-04-21 19:30:00,85.47,85.48,84.26,84.34,501865.73
2026-04-21 19:45:00,84.33,84.63,84.3,84.53,278538.02
2026-04-21 20:00:00,84.52,85.38,84.4,85.32,553402.32
2026-04-21 20:15:00,85.32,85.62,85.25,85.43,243903.4
2026-04-21 20:30:00,85.42,85.72,85.42,85.5,152831.48
2026-04-21 20:45:00,85.5,85.58,85.32,85.37,102836.13
2026-04-21 21:00:00,85.37,85.53,85.1,85.25,116257.1
2026-04-21 21:15:00,85.24,85.34,85.07,85.11,58210.61
2026-04-21 21:30:00,85.1,85.22,84.95,84.99,83648.34
2026-04-21 21:45:00,85.0,85.17,84.99,85.1,45644.27
2026-04-21 22:00:00,85.1,85.41,85.0,85.33,208713.65
2026-04-21 22:15:00,85.33,85.36,84.94,85.07,111707.97
2026-04-21 22:30:00,85.07,85.31,84.97,85.27,77910.97
2026-04-21 22:45:00,85.27,85.35,85.16,85.31,49059.49
2026-04-21 23:00:00,85.32,85.68,85.3,85.66,162213.42
2026-04-21 23:15:00,85.67,85.84,85.45,85.51,209891.3
2026-04-21 23:30:00,85.51,85.8,85.47,85.79,139517.79
2026-04-21 23:45:00,85.79,86.11,85.78,86.0,230971.41
2026-04-22 00:00:00,86.01,86.17,85.97,86.12,183339.96
2026-04-22 00:15:00,86.11,86.43,85.99,86.27,303739.8
2026-04-22 00:30:00,86.26,86.4,86.06,86.21,168093.7
2026-04-22 00:45:00,86.21,86.48,86.2,86.47,255972.42
2026-04-22 01:00:00,86.47,86.51,86.24,86.36,195449.32
2026-04-22 01:15:00,86.37,86.41,86.05,86.19,208758.69
2026-04-22 01:30:00,86.19,86.34,86.13,86.22,68716.98
2026-04-22 01:45:00,86.21,86.38,86.14,86.22,60738.89
2026-04-22 02:00:00,86.22,86.84,86.16,86.65,283128.55
2026-04-22 02:15:00,86.65,87.32,86.64,87.22,708300.35
2026-04-22 02:30:00,87.23,87.54,87.05,87.47,412512.1
2026-04-22 02:45:00,87.46,87.54,87.22,87.39,343669.1
2026-04-22 03:00:00,87.38,87.86,87.27,87.59,469367.49
2026-04-22 03:15:00,87.58,87.59,87.32,87.37,166604.48
2026-04-22 03:30:00,87.38,87.39,87.08,87.26,206732.46
2026-04-22 03:45:00,87.27,87.37,87.16,87.21,96857.62
2026-04-22 04:00:00,87.22,87.31,87.07,87.09,138812.6
2026-04-22 04:15:00,87.09,87.14,86.99,87.08,145437.95
2026-04-22 04:30:00,87.08,87.3,87.06,87.12,147305.03
2026-04-22 04:45:00,87.12,87.12,86.93,87.03,109671.21
2026-04-22 05:00:00,87.04,87.2,86.97,87.18,142816.39
2026-04-22 05:15:00,87.18,88.18,87.14,88.01,972143.36
2026-04-22 05:30:00,88.01,88.28,87.84,87.97,510145.28
2026-04-22 05:45:00,87.97,88.33,87.94,88.0,439849.81
2026-04-22 06:00:00,88.0,88.06,87.88,87.97,277919.71
2026-04-22 06:15:00,87.96,88.11,87.9,88.11,257454.82
2026-04-22 06:30:00,88.11,88.17,87.83,87.9,236689.73
2026-04-22 06:45:00,87.9,88.04,87.77,87.91,211439.27
2026-04-22 07:00:00,87.92,87.97,87.66,87.95,264127.85
2026-04-22 07:15:00,87.96,87.97,87.75,87.84,176930.72
2026-04-22 07:30:00,87.84,88.11,87.78,88.08,113405.4
2026-04-22 07:45:00,88.08,88.25,87.9,88.04,301144.73
2026-04-22 08:00:00,88.04,88.18,87.9,87.92,156152.53
2026-04-22 08:15:00,87.92,87.98,87.66,87.67,218378.81
2026-04-22 08:30:00,87.67,87.79,87.57,87.66,236516.81
2026-04-22 08:45:00,87.66,88.32,87.66,87.96,383746.0
2026-04-22 09:00:00,87.97,88.88,87.81,88.38,846103.37
2026-04-22 09:15:00,88.38,88.56,88.34,88.5,142694.12
2026-04-22 09:30:00,88.5,88.55,88.37,88.44,117648.84
2026-04-22 09:45:00,88.44,88.45,88.19,88.28,108742.64
2026-04-22 10:00:00,88.27,88.4,88.13,88.21,117846.01
2026-04-22 10:15:00,88.21,88.26,88.1,88.18,84246.11
2026-04-22 10:30:00,88.18,88.37,88.18,88.34,92356.16
2026-04-22 10:45:00,88.34,88.35,88.22,88.3,57138.88
2026-04-22 11:00:00,88.29,88.4,88.13,88.24,96688.46
2026-04-22 11:15:00,88.23,88.55,88.19,88.24,152647.76
2026-04-22 11:30:00,88.25,88.4,88.12,88.17,128656.61
2026-04-22 11:45:00,88.16,88.32,88.16,88.29,63860.5
2026-04-22 12:00:00,88.29,88.45,88.18,88.37,196104.55
2026-04-22 12:15:00,88.37,88.46,88.27,88.3,163679.41
2026-04-22 12:30:00,88.3,88.51,88.24,88.42,131610.76
2026-04-22 12:45:00,88.42,88.65,88.42,88.55,225842.87
2026-04-22 13:00:00,88.56,88.88,88.41,88.69,263505.3
2026-04-22 13:15:00,88.7,88.81,88.64,88.7,195928.97
2026-04-22 13:30:00,88.71,88.97,88.39,88.96,494003.73
2026-04-22 13:45:00,88.95,89.16,88.86,89.07,431559.4
2026-04-22 14:00:00,89.07,89.29,88.96,89.27,469859.59
2026-04-22 14:15:00,89.26,89.29,88.85,89.01,279805.89
2026-04-22 14:30:00,89.01,89.05,88.45,88.59,439204.02
2026-04-22 14:45:00,88.59,88.83,88.53,88.69,303920.83
2026-04-22 15:00:00,88.69,88.76,88.32,88.33,523620.45
2026-04-22 15:15:00,88.34,88.43,87.98,88.08,473421.57
2026-04-22 15:30:00,88.09,88.45,88.07,88.27,523048.64
2026-04-22 15:45:00,88.27,88.44,88.1,88.13,236472.42
2026-04-22 16:00:00,88.12,88.42,88.04,88.2,302443.85
2026-04-22 16:15:00,88.21,88.24,87.77,87.87,297348.92
2026-04-22 16:30:00,87.87,87.96,87.72,87.8,234257.21
2026-04-22 16:45:00,87.8,87.83,87.48,87.63,309872.45
2026-04-22 17:00:00,87.62,87.98,87.59,87.86,204138.82
2026-04-22 17:15:00,87.85,87.98,87.7,87.83,150296.11
2026-04-22 17:30:00,87.82,87.95,87.74,87.85,91313.43
2026-04-22 17:45:00,87.84,87.99,87.67,87.8,170481.16
2026-04-22 18:00:00,87.8,88.12,87.78,88.1,124194.34
2026-04-22 18:15:00,88.09,88.17,88.03,88.13,90799.09
2026-04-22 18:30:00,88.13,88.24,88.07,88.1,95245.72
2026-04-22 18:45:00,88.11,88.34,87.75,87.78,249971.74
2026-04-22 19:00:00,87.78,87.79,87.38,87.53,368558.4
2026-04-22 19:15:00,87.53,87.8,87.44,87.65,184640.11
2026-04-22 19:30:00,87.65,87.69,87.05,87.26,379212.95
2026-04-22 19:45:00,87.27,87.44,87.19,87.34,148105.64
2026-04-22 20:00:00,87.34,87.45,87.24,87.36,103833.49
2026-04-22 20:15:00,87.35,87.37,87.04,87.25,110359.34
2026-04-22 20:30:00,87.24,87.3,87.07,87.18,63168.95
2026-04-22 20:45:00,87.19,87.19,87.05,87.1,69531.23
2026-04-22 21:00:00,87.1,87.29,87.08,87.27,81597.59
2026-04-22 21:15:00,87.27,87.42,87.23,87.4,48723.0
2026-04-22 21:30:00,87.39,87.66,87.32,87.5,119660.13
2026-04-22 21:45:00,87.51,87.61,87.46,87.55,68159.05
2026-04-22 22:00:00,87.55,87.69,87.4,87.49,131771.02
2026-04-22 22:15:00,87.49,87.53,87.25,87.28,81891.04
2026-04-22 22:30:00,87.27,87.42,87.25,87.34,76065.23
2026-04-22 22:45:00,87.33,87.4,87.25,87.38,53377.73
2026-04-22 23:00:00,87.38,87.43,87.16,87.25,65805.1
2026-04-22 23:15:00,87.26,87.29,86.77,86.97,217011.65
2026-04-22 23:30:00,86.96,86.97,86.77,86.92,173323.13
2026-04-22 23:45:00,86.93,86.98,86.75,86.83,103574.41
2026-04-23 00:00:00,86.83,86.99,86.38,86.42,395482.25
2026-04-23 00:15:00,86.42,87.04,85.91,86.9,757518.75
2026-04-23 00:30:00,86.89,87.11,86.74,86.96,268607.06
2026-04-23 00:45:00,86.96,87.0,86.65,86.82,207976.78
2026-04-23 01:00:00,86.83,86.83,86.45,86.5,190091.58
2026-04-23 01:15:00,86.49,86.51,86.1,86.14,268515.14
2026-04-23 01:30:00,86.14,86.45,86.08,86.35,206876.03
2026-04-23 01:45:00,86.35,86.46,86.19,86.39,104537.16
2026-04-23 02:00:00,86.4,86.4,86.14,86.14,106951.13
2026-04-23 02:15:00,86.15,86.3,85.91,86.02,264284.12
2026-04-23 02:30:00,86.03,86.07,85.67,85.84,405442.66
2026-04-23 02:45:00,85.84,86.05,85.78,85.89,140124.31
2026-04-23 03:00:00,85.89,86.05,85.75,85.75,169810.81
2026-04-23 03:15:00,85.76,85.85,85.65,85.77,120456.1
2026-04-23 03:30:00,85.76,85.82,85.42,85.66,232666.76
2026-04-23 03:45:00,85.65,85.75,85.5,85.72,135676.59
2026-04-23 04:00:00,85.73,85.86,85.59,85.77,174532.9
2026-04-23 04:15:00,85.78,85.85,85.69,85.75,128453.37
2026-04-23 04:30:00,85.76,85.93,85.75,85.86,115084.86
2026-04-23 04:45:00,85.87,85.96,85.82,85.91,114369.31
2026-04-23 05:00:00,85.91,86.07,85.78,85.91,331758.9
2026-04-23 05:15:00,85.91,86.02,85.84,85.91,88122.49
2026-04-23 05:30:00,85.91,85.95,85.45,85.65,244861.7
2026-04-23 05:45:00,85.65,85.88,85.63,85.84,104429.53
2026-04-23 06:00:00,85.83,86.09,85.78,85.94,198725.26
2026-04-23 06:15:00,85.94,86.1,85.93,86.07,210853.18
2026-04-23 06:30:00,86.08,86.18,85.9,85.94,247535.07
2026-04-23 06:45:00,85.95,86.17,85.94,86.15,134900.37
2026-04-23 07:00:00,86.14,86.18,86.02,86.03,100832.16
2026-04-23 07:15:00,86.03,86.07,85.95,86.02,85239.48
2026-04-23 07:30:00,86.02,86.17,85.94,86.0,177302.4
2026-04-23 07:45:00,86.01,86.05,85.8,85.85,132464.11
2026-04-23 08:00:00,85.85,85.87,85.68,85.82,249263.97
2026-04-23 08:15:00,85.83,85.89,85.59,85.76,201167.95
2026-04-23 08:30:00,85.77,85.8,85.5,85.53,159530.3
2026-04-23 08:45:00,85.53,85.73,85.53,85.66,98409.7
2026-04-23 09:00:00,85.66,85.66,85.2,85.38,400225.21
2026-04-23 09:15:00,85.38,85.59,85.38,85.53,121892.06
2026-04-23 09:30:00,85.53,85.61,85.53,85.56,59174.32
2026-04-23 09:45:00,85.55,85.57,85.33,85.47,120327.76
2026-04-23 10:00:00,85.47,85.57,85.13,85.17,286729.15
2026-04-23 10:15:00,85.17,85.37,85.17,85.33,134927.29
2026-04-23 10:30:00,85.33,85.42,85.31,85.35,63362.04
2026-04-23 10:45:00,85.36,85.45,85.27,85.38,75662.09
2026-04-23 11:00:00,85.38,85.45,85.32,85.42,82149.31
2026-04-23 11:15:00,85.42,85.66,85.4,85.56,178772.75
2026-04-23 11:30:00,85.57,85.72,85.51,85.66,164013.25
2026-04-23 11:45:00,85.66,85.89,85.64,85.76,266827.64
2026-04-23 12:00:00,85.76,86.06,85.76,85.96,227211.67
2026-04-23 12:15:00,85.96,86.03,85.86,85.96,129498.16
2026-04-23 12:30:00,85.97,86.02,85.89,85.9,127502.69
2026-04-23 12:45:00,85.91,86.0,85.66,85.92,251938.18
2026-04-23 13:00:00,85.92,85.99,85.64,85.7,147522.88
2026-04-23 13:15:00,85.7,85.8,85.58,85.67,146234.73
2026-04-23 13:30:00,85.67,85.87,85.62,85.77,156322.14
2026-04-23 13:45:00,85.77,85.95,85.52,85.72,331863.52
2026-04-23 14:00:00,85.72,85.79,85.5,85.54,205589.33
2026-04-23 14:15:00,85.54,86.05,85.51,85.79,231759.82
2026-04-23 14:30:00,85.79,86.05,85.79,85.98,195657.35
2026-04-23 14:45:00,85.97,86.15,85.96,86.0,271853.28
2026-04-23 15:00:00,86.01,86.02,85.75,85.81,258741.75
2026-04-23 15:15:00,85.81,86.49,85.76,86.04,629594.27
2026-04-23 15:30:00,86.05,86.42,85.93,86.29,377943.45
2026-04-23 15:45:00,86.29,86.61,86.1,86.3,681152.39
2026-04-23 16:00:00,86.31,86.38,86.13,86.13,222839.4
2026-04-23 16:15:00,86.13,86.21,86.02,86.03,207187.38
2026-04-23 16:30:00,86.03,86.18,85.98,86.05,143298.03
2026-04-23 16:45:00,86.06,86.1,85.72,85.75,237845.87
2026-04-23 17:00:00,85.76,85.82,85.22,85.3,519220.56
2026-04-23 17:15:00,85.29,85.3,84.82,84.97,662222.62
2026-04-23 17:30:00,84.96,85.17,84.42,84.7,806921.95
2026-04-23 17:45:00,84.69,85.41,84.46,85.28,817335.61
2026-04-23 18:00:00,85.29,85.59,85.22,85.35,385239.4
2026-04-23 18:15:00,85.36,85.5,85.19,85.29,242827.56
2026-04-23 18:30:00,85.29,85.62,85.28,85.47,206315.65
2026-04-23 18:45:00,85.48,85.52,85.18,85.21,172186.76
2026-04-23 19:00:00,85.21,85.32,85.08,85.28,185285.91
2026-04-23 19:15:00,85.28,85.52,85.27,85.28,202706.86
2026-04-23 19:30:00,85.28,85.35,85.13,85.24,183168.17
2026-04-23 19:45:00,85.24,85.49,85.17,85.24,243445.46
2026-04-23 20:00:00,85.23,85.59,85.22,85.44,166470.98
2026-04-23 20:15:00,85.44,85.6,85.36,85.47,144671.68
2026-04-23 20:30:00,85.47,85.8,85.42,85.74,174376.03
2026-04-23 20:45:00,85.74,85.78,85.52,85.54,122670.66
2026-04-23 21:00:00,85.53,85.62,85.45,85.56,118443.3
2026-04-23 21:15:00,85.56,85.75,85.52,85.74,63343.25
2026-04-23 21:30:00,85.75,85.95,85.74,85.92,98410.48
2026-04-23 21:45:00,85.91,85.96,85.73,85.74,75452.22
2026-04-23 22:00:00,85.74,86.02,85.73,85.92,160401.09
2026-04-23 22:15:00,85.91,86.21,85.89,86.1,158618.07
2026-04-23 22:30:00,86.11,86.19,86.06,86.12,68138.34
2026-04-23 22:45:00,86.12,86.15,85.85,85.91,103275.95
2026-04-23 23:00:00,85.91,85.95,85.69,85.71,82107.34
2026-04-23 23:15:00,85.7,86.04,85.55,85.91,203037.61
2026-04-23 23:30:00,85.91,86.09,85.91,86.06,44089.47
2026-04-23 23:45:00,86.07,86.15,86.03,86.08,55591.45
2026-04-24 00:00:00,86.08,86.15,85.99,86.05,109551.74
2026-04-24 00:15:00,86.05,86.32,85.99,86.15,179078.88
2026-04-24 00:30:00,86.15,86.3,86.1,86.11,61339.28
2026-04-24 00:45:00,86.1,86.25,86.07,86.16,91609.0
2026-04-24 01:00:00,86.15,86.16,85.81,85.88,149213.49
2026-04-24 01:15:00,85.89,85.93,85.76,85.89,68193.57
2026-04-24 01:30:00,85.88,85.98,85.77,85.88,61019.91
2026-04-24 01:45:00,85.87,86.28,85.86,86.23,126047.89
2026-04-24 02:00:00,86.23,86.32,86.05,86.09,85752.92
2026-04-24 02:15:00,86.1,86.15,85.96,85.98,45545.49
2026-04-24 02:30:00,85.98,86.07,85.97,86.06,86966.44
2026-04-24 02:45:00,86.06,86.08,85.71,85.83,139490.63
2026-04-24 03:00:00,85.82,85.9,85.78,85.85,107618.96
2026-04-24 03:15:00,85.85,85.85,85.52,85.64,264252.67
2026-04-24 03:30:00,85.64,85.65,85.33,85.46,211225.37
2026-04-24 03:45:00,85.46,85.67,85.44,85.63,130115.76
2026-04-24 04:00:00,85.64,85.64,85.52,85.55,76023.91
2026-04-24 04:15:00,85.55,85.66,85.35,85.4,164651.5
2026-04-24 04:30:00,85.39,85.48,85.13,85.29,262441.41
2026-04-24 04:45:00,85.29,85.41,85.24,85.26,129094.59
2026-04-24 05:00:00,85.25,85.36,85.1,85.28,213489.11
2026-04-24 05:15:00,85.28,85.38,85.12,85.32,172372.79
2026-04-24 05:30:00,85.32,85.44,85.19,85.41,137468.06
2026-04-24 05:45:00,85.42,85.79,85.4,85.64,373192.38
2026-04-24 06:00:00,85.65,85.69,85.54,85.63,87246.05
2026-04-24 06:15:00,85.64,85.65,85.42,85.58,178398.81
2026-04-24 06:30:00,85.59,85.61,85.28,85.39,93353.68
2026-04-24 06:45:00,85.39,85.49,85.34,85.38,56020.39
2026-04-24 07:00:00,85.38,85.57,85.36,85.45,73352.03
2026-04-24 07:15:00,85.44,85.47,85.33,85.38,58337.95
2026-04-24 07:30:00,85.39,85.47,85.29,85.36,148943.35
2026-04-24 07:45:00,85.35,85.5,85.34,85.45,118302.19
2026-04-24 08:00:00,85.45,85.46,85.23,85.3,100149.9
2026-04-24 08:15:00,85.3,85.7,85.3,85.49,270292.26
2026-04-24 08:30:00,85.49,85.49,85.27,85.34,169434.34
2026-04-24 08:45:00,85.35,85.47,85.28,85.3,108220.57
2026-04-24 09:00:00,85.3,85.33,84.79,85.07,351350.03
2026-04-24 09:15:00,85.08,85.17,85.0,85.11,144954.51
2026-04-24 09:30:00,85.11,85.29,85.11,85.28,67070.25
2026-04-24 09:45:00,85.29,85.44,85.12,85.42,234880.22
2026-04-24 10:00:00,85.42,85.44,85.12,85.29,155334.27
2026-04-24 10:15:00,85.28,85.57,85.27,85.44,106640.89
2026-04-24 10:30:00,85.45,85.58,85.44,85.49,63774.28
2026-04-24 10:45:00,85.48,85.72,85.44,85.65,160488.0
2026-04-24 11:00:00,85.65,86.11,85.65,86.02,512136.04
2026-04-24 11:15:00,86.03,86.21,85.86,86.19,333984.67
2026-04-24 11:30:00,86.2,86.24,86.09,86.13,139552.03
2026-04-24 11:45:00,86.14,86.2,85.96,86.14,161174.01
2026-04-24 12:00:00,86.14,86.73,86.1,86.67,774582.91
2026-04-24 12:15:00,86.66,86.75,86.31,86.44,346324.64
2026-04-24 12:30:00,86.43,86.44,86.2,86.23,237734.53
2026-04-24 12:45:00,86.24,86.35,86.01,86.3,185976.08
2026-04-24 13:00:00,86.3,86.55,86.28,86.42,202610.15
2026-04-24 13:15:00,86.42,86.46,86.2,86.23,125772.91
2026-04-24 13:30:00,86.24,86.28,86.03,86.1,178891.41
2026-04-24 13:45:00,86.11,86.15,85.79,86.04,270732.04
2026-04-24 14:00:00,86.03,86.08,85.76,85.85,237708.49
2026-04-24 14:15:00,85.84,86.01,85.6,85.74,221725.02
2026-04-24 14:30:00,85.75,86.18,85.7,86.13,310080.88
2026-04-24 14:45:00,86.13,86.14,85.82,85.99,120050.61
2026-04-24 15:00:00,85.99,86.0,85.46,85.72,273216.75
2026-04-24 15:15:00,85.73,86.04,85.66,85.99,171032.88
2026-04-24 15:30:00,86.0,86.43,85.98,86.34,211198.69
2026-04-24 15:45:00,86.34,86.53,86.19,86.46,306308.9
2026-04-24 16:00:00,86.47,86.56,86.22,86.22,188603.52
2026-04-24 16:15:00,86.22,86.23,86.03,86.19,147529.84
2026-04-24 16:30:00,86.18,86.42,86.06,86.25,152030.66
2026-04-24 16:45:00,86.25,86.3,86.12,86.29,81915.2
2026-04-24 17:00:00,86.29,86.49,86.23,86.46,124909.3
2026-04-24 17:15:00,86.47,86.47,86.27,86.35,76394.87
2026-04-24 17:30:00,86.34,86.35,86.07,86.33,81370.2
2026-04-24 17:45:00,86.33,86.51,86.2,86.44,183435.61
2026-04-24 18:00:00,86.44,86.5,86.14,86.14,96282.33
2026-04-24 18:15:00,86.15,86.24,85.87,86.17,207466.03
2026-04-24 18:30:00,86.16,86.42,86.13,86.35,115811.01
2026-04-24 18:45:00,86.35,86.37,86.27,86.32,59869.81
2026-04-24 19:00:00,86.31,86.49,86.2,86.23,142866.68
2026-04-24 19:15:00,86.22,86.34,86.22,86.27,51606.41
2026-04-24 19:30:00,86.27,86.35,86.19,86.28,62891.16
2026-04-24 19:45:00,86.27,86.38,86.22,86.29,143372.43
2026-04-24 20:00:00,86.28,86.52,86.21,86.44,242060.11
2026-04-24 20:15:00,86.44,86.44,86.18,86.25,136986.16
2026-04-24 20:30:00,86.25,86.92,86.24,86.65,383803.98
2026-04-24 20:45:00,86.66,86.86,86.66,86.83,125846.56
2026-04-24 21:00:00,86.83,86.92,86.54,86.55,170664.14
2026-04-24 21:15:00,86.54,86.61,86.47,86.52,146386.67
2026-04-24 21:30:00,86.51,86.55,86.32,86.4,116594.48
2026-04-24 21:45:00,86.39,86.48,86.33,86.4,50766.75
2026-04-24 22:00:00,86.4,86.41,86.3,86.38,72185.75
2026-04-24 22:15:00,86.38,86.41,86.31,86.31,69877.74
2026-04-24 22:30:00,86.32,86.33,86.07,86.18,133057.18
2026-04-24 22:45:00,86.18,86.28,86.02,86.14,185147.58
2026-04-24 23:00:00,86.14,86.22,86.12,86.2,40891.22
2026-04-24 23:15:00,86.19,86.2,86.1,86.17,49456.3
2026-04-24 23:30:00,86.16,86.26,86.15,86.18,43620.28
2026-04-24 23:45:00,86.17,86.18,86.13,86.13,33719.88
2026-04-25 00:00:00,86.13,86.19,86.04,86.06,61458.36
2026-04-25 00:15:00,86.05,86.11,85.98,85.99,56298.38
2026-04-25 00:30:00,85.98,86.19,85.98,86.1,64738.0
2026-04-25 00:45:00,86.1,86.23,86.1,86.19,42703.6
2026-04-25 01:00:00,86.2,86.25,86.12,86.24,44801.66
2026-04-25 01:15:00,86.23,86.3,86.09,86.14,54568.86
2026-04-25 01:30:00,86.15,86.28,86.12,86.26,35555.88
2026-04-25 01:45:00,86.25,86.32,86.23,86.24,50670.07
2026-04-25 02:00:00,86.23,86.36,86.16,86.27,68141.3
2026-04-25 02:15:00,86.28,86.28,86.11,86.24,52712.22
2026-04-25 02:30:00,86.24,86.28,86.2,86.23,25463.06
2026-04-25 02:45:00,86.23,86.26,86.2,86.24,20147.44
2026-04-25 03:00:00,86.24,86.35,86.22,86.27,45569.79
2026-04-25 03:15:00,86.27,86.38,86.25,86.28,26141.75
2026-04-25 03:30:00,86.28,86.38,86.27,86.36,26872.92
2026-04-25 03:45:00,86.36,86.45,86.36,86.42,41679.37
2026-04-25 04:00:00,86.41,86.49,86.35,86.41,75134.0
2026-04-25 04:15:00,86.4,86.4,86.27,86.29,32689.31
2026-04-25 04:30:00,86.3,86.31,86.24,86.24,23444.17
2026-04-25 04:45:00,86.25,86.31,86.24,86.28,22495.32
2026-04-25 05:00:00,86.29,86.29,86.1,86.13,100311.51
2026-04-25 05:15:00,86.13,86.15,86.09,86.09,46630.49
2026-04-25 05:30:00,86.09,86.22,86.07,86.17,57652.85
2026-04-25 05:45:00,86.18,86.19,86.14,86.16,16221.67
2026-04-25 06:00:00,86.17,86.31,86.16,86.3,34593.83
2026-04-25 06:15:00,86.31,86.31,86.17,86.21,28335.4
2026-04-25 06:30:00,86.22,86.42,86.21,86.36,55430.75
2026-04-25 06:45:00,86.36,86.63,86.36,86.4,242936.3
2026-04-25 07:00:00,86.4,86.41,86.2,86.28,119649.15
2026-04-25 07:15:00,86.29,86.34,86.2,86.26,106452.47
2026-04-25 07:30:00,86.27,86.48,86.23,86.34,167397.73
2026-04-25 07:45:00,86.33,86.42,86.29,86.31,53125.81
2026-04-25 08:00:00,86.31,86.42,86.23,86.39,71738.16
2026-04-25 08:15:00,86.4,86.54,86.38,86.53,72957.59
2026-04-25 08:30:00,86.54,86.77,86.49,86.58,278912.55
2026-04-25 08:45:00,86.59,86.59,86.52,86.57,46583.29
2026-04-25 09:00:00,86.58,86.62,86.51,86.59,75743.63
2026-04-25 09:15:00,86.6,86.63,86.52,86.53,63788.31
2026-04-25 09:30:00,86.52,86.75,86.52,86.66,61374.45
2026-04-25 09:45:00,86.66,86.71,86.52,86.53,65459.56
2026-04-25 10:00:00,86.53,86.65,86.51,86.56,51475.67
2026-04-25 10:15:00,86.57,86.68,86.55,86.58,44224.89
2026-04-25 10:30:00,86.57,86.67,86.51,86.56,64229.89
2026-04-25 10:45:00,86.56,86.6,86.53,86.57,27896.67
2026-04-25 11:00:00,86.57,86.58,86.36,86.38,212982.08
2026-04-25 11:15:00,86.39,86.45,86.3,86.33,80438.58
2026-04-25 11:30:00,86.34,86.44,86.28,86.29,120517.34
2026-04-25 11:45:00,86.29,86.34,86.19,86.3,111532.97
2026-04-25 12:00:00,86.3,86.34,86.18,86.31,99616.16
2026-04-25 12:15:00,86.31,86.38,86.28,86.28,41472.44
2026-04-25 12:30:00,86.29,86.38,86.22,86.28,87798.08
2026-04-25 12:45:00,86.29,86.38,86.28,86.34,34267.73
2026-04-25 13:00:00,86.33,86.49,86.33,86.47,56854.3
2026-04-25 13:15:00,86.48,86.54,86.43,86.51,47913.37
2026-04-25 13:30:00,86.51,86.63,86.48,86.62,65012.93
2026-04-25 13:45:00,86.62,86.63,86.53,86.55,84854.93
2026-04-25 14:00:00,86.55,86.61,86.44,86.53,67510.73
2026-04-25 14:15:00,86.54,86.6,86.46,86.58,57587.01
2026-04-25 14:30:00,86.59,86.6,86.54,86.57,36405.4
2026-04-25 14:45:00,86.58,86.6,86.39,86.39,61787.02
2026-04-25 15:00:00,86.39,86.53,86.36,86.5,60948.52
2026-04-25 15:15:00,86.51,86.58,86.48,86.56,30185.57
2026-04-25 15:30:00,86.55,86.58,86.47,86.47,30917.1
2026-04-25 15:45:00,86.47,86.48,86.08,86.17,302487.28
2026-04-25 16:00:00,86.18,86.27,86.09,86.21,133366.57
2026-04-25 16:15:00,86.22,86.25,85.99,86.09,157430.0
2026-04-25 16:30:00,86.08,86.11,85.55,85.84,402103.05
2026-04-25 16:45:00,85.84,85.91,85.8,85.84,111926.47
2026-04-25 17:00:00,85.84,85.84,85.67,85.72,104816.01
2026-04-25 17:15:00,85.72,85.82,85.61,85.62,98894.85
2026-04-25 17:30:00,85.62,85.68,85.52,85.63,143456.44
2026-04-25 17:45:00,85.64,85.69,85.5,85.51,91969.85
2026-04-25 18:00:00,85.5,85.73,85.48,85.67,158910.26
2026-04-25 18:15:00,85.67,85.7,85.49,85.66,172781.88
2026-04-25 18:30:00,85.66,85.8,85.64,85.66,133746.13
2026-04-25 18:45:00,85.66,85.78,85.62,85.64,60066.11
2026-04-25 19:00:00,85.64,85.68,85.58,85.61,71385.64
2026-04-25 19:15:00,85.62,85.67,85.52,85.55,94412.83
2026-04-25 19:30:00,85.55,85.61,85.52,85.54,55036.27
2026-04-25 19:45:00,85.54,85.67,85.53,85.62,32457.52
2026-04-25 20:00:00,85.63,85.69,85.55,85.68,35006.98
2026-04-25 20:15:00,85.68,85.81,85.66,85.75,66257.17
2026-04-25 20:30:00,85.75,85.82,85.72,85.79,39945.06
2026-04-25 20:45:00,85.79,85.88,85.76,85.86,77017.61
2026-04-25 21:00:00,85.86,86.06,85.86,85.99,107385.1
2026-04-25 21:15:00,86.0,86.09,85.89,85.91,87960.99
2026-04-25 21:30:00,85.91,85.91,85.68,85.76,80036.7
2026-04-25 21:45:00,85.77,85.91,85.72,85.85,49059.65
2026-04-25 22:00:00,85.86,85.99,85.81,85.93,48125.89
2026-04-25 22:15:00,85.93,86.03,85.91,85.99,45860.99
2026-04-25 22:30:00,86.0,86.13,86.0,86.09,59345.56
2026-04-25 22:45:00,86.1,86.1,86.03,86.05,33184.17
2026-04-25 23:00:00,86.06,86.1,85.99,86.04,46484.36
2026-04-25 23:15:00,86.04,86.05,85.98,86.02,24032.13
2026-04-25 23:30:00,86.02,86.13,86.01,86.08,39177.04
2026-04-25 23:45:00,86.09,86.13,86.08,86.13,21814.19
2026-04-26 00:00:00,86.13,86.16,85.99,86.06,88741.38
2026-04-26 00:15:00,86.07,86.08,85.99,86.0,37114.56
2026-04-26 00:30:00,85.99,86.08,85.95,86.06,45510.4
2026-04-26 00:45:00,86.06,86.09,85.87,85.97,67345.55
2026-04-26 01:00:00,85.96,86.02,85.94,85.97,35690.56
2026-04-26 01:15:00,85.97,86.01,85.92,85.92,23673.9
2026-04-26 01:30:00,85.93,86.03,85.92,86.01,48626.08
2026-04-26 01:45:00,86.02,86.07,85.91,85.92,44578.07
2026-04-26 02:00:00,85.92,86.13,85.91,86.13,38788.36
2026-04-26 02:15:00,86.12,86.25,86.12,86.23,87486.75
2026-04-26 02:30:00,86.23,86.27,86.16,86.2,80926.23
2026-04-26 02:45:00,86.21,86.35,86.13,86.34,94918.15
2026-04-26 03:00:00,86.34,86.44,86.14,86.27,160114.63
2026-04-26 03:15:00,86.27,86.3,85.97,85.97,109339.82
2026-04-26 03:30:00,85.97,86.06,85.78,85.83,293981.39
