datetime,open,high,low,close,volume
2025-01-01 00:00:00,2.0835,2.1114,2.0808,2.1061,69481730.3
2025-01-01 04:00:00,2.1062,2.1484,2.099,2.1241,112607765.1
2025-01-01 08:00:00,2.1242,2.1437,2.09,2.1355,132871618.9
2025-01-01 12:00:00,2.1354,2.2342,2.1307,2.2275,275304057.0
2025-01-01 16:00:00,2.2275,2.3418,2.211,2.3171,519415175.6
2025-01-01 20:00:00,2.317,2.3547,2.2854,2.3321,234145755.5
2025-01-02 00:00:00,2.3321,2.4518,2.3286,2.4243,409126084.1
2025-01-02 04:00:00,2.4243,2.4282,2.3442,2.3666,246245696.2
2025-01-02 08:00:00,2.3667,2.4173,2.3666,2.4035,178675526.5
2025-01-02 12:00:00,2.4035,2.4232,2.365,2.4044,264764624.3
2025-01-02 16:00:00,2.4043,2.4386,2.3758,2.3877,207938757.2
2025-01-02 20:00:00,2.3878,2.4145,2.3656,2.4025,109285507.4
2025-01-03 00:00:00,2.4026,2.4748,2.3963,2.4683,225835298.5
2025-01-03 04:00:00,2.4683,2.4683,2.4042,2.415,204507470.4
2025-01-03 08:00:00,2.4151,2.4371,2.4001,2.4086,138174055.6
2025-01-03 12:00:00,2.4086,2.4498,2.4004,2.4467,180377232.7
2025-01-03 16:00:00,2.4467,2.4813,2.4372,2.4731,188327510.6
2025-01-03 20:00:00,2.473,2.473,2.4415,2.4544,116598136.8
2025-01-04 00:00:00,2.4544,2.5105,2.4274,2.4654,245143210.9
2025-01-04 04:00:00,2.4655,2.4663,2.4406,2.4456,86063558.7
2025-01-04 08:00:00,2.4457,2.4532,2.4279,2.4404,91685112.4
2025-01-04 12:00:00,2.4404,2.4628,2.4008,2.4112,152992138.4
2025-01-04 16:00:00,2.4112,2.4338,2.41,2.423,92882661.9
2025-01-04 20:00:00,2.423,2.442,2.416,2.4202,80585013.0
2025-01-05 00:00:00,2.4201,2.4284,2.3718,2.3903,125635329.8
2025-01-05 04:00:00,2.3903,2.4153,2.3875,2.4008,70655238.6
2025-01-05 08:00:00,2.4007,2.4036,2.3269,2.3521,204356868.7
2025-01-05 12:00:00,2.3521,2.382,2.3433,2.3675,143256017.4
2025-01-05 16:00:00,2.3675,2.4113,2.3586,2.3826,106084333.8
2025-01-05 20:00:00,2.3826,2.4145,2.3814,2.3988,68819479.0
2025-01-06 00:00:00,2.3988,2.4425,2.3726,2.4121,148136316.2
2025-01-06 04:00:00,2.4121,2.4246,2.3911,2.3928,75227759.7
2025-01-06 08:00:00,2.3927,2.404,2.3734,2.3955,90330702.3
2025-01-06 12:00:00,2.3954,2.4516,2.3657,2.4363,212211917.9
2025-01-06 16:00:00,2.4364,2.4587,2.4002,2.4249,153760662.9
2025-01-06 20:00:00,2.425,2.4299,2.4066,2.4194,63723124.6
2025-01-07 00:00:00,2.4194,2.4235,2.3922,2.4044,75023035.8
2025-01-07 04:00:00,2.4043,2.4479,2.403,2.428,115904736.2
2025-01-07 08:00:00,2.428,2.4693,2.4061,2.4218,177941500.8
2025-01-07 12:00:00,2.4218,2.4432,2.2742,2.3123,529921433.7
2025-01-07 16:00:00,2.3122,2.3445,2.2617,2.2817,276475182.2
2025-01-07 20:00:00,2.2817,2.3059,2.2562,2.2698,177829389.6
2025-01-08 00:00:00,2.2698,2.3666,2.2665,2.3189,242658542.9
2025-01-08 04:00:00,2.319,2.333,2.2578,2.2854,198864006.0
2025-01-08 08:00:00,2.2854,2.3393,2.285,2.3257,167714947.2
2025-01-08 12:00:00,2.3258,2.3772,2.2768,2.3085,332483030.3
2025-01-08 16:00:00,2.3086,2.3369,2.1984,2.315,457014613.9
2025-01-08 20:00:00,2.3149,2.3981,2.2964,2.3722,194319712.9
2025-01-09 00:00:00,2.3722,2.3953,2.3358,2.3478,171155896.1
2025-01-09 04:00:00,2.3478,2.3661,2.2958,2.3121,152254301.5
2025-01-09 08:00:00,2.3121,2.3316,2.287,2.3027,135619305.2
2025-01-09 12:00:00,2.3026,2.3377,2.2333,2.3198,315779330.4
2025-01-09 16:00:00,2.3199,2.3286,2.2659,2.2784,204205869.9
2025-01-09 20:00:00,2.2785,2.2992,2.2507,2.271,141365748.5
2025-01-10 00:00:00,2.271,2.2937,2.2565,2.2874,97269949.9
2025-01-10 04:00:00,2.2874,2.326,2.2791,2.3094,100475749.8
2025-01-10 08:00:00,2.3094,2.3222,2.3001,2.3089,84979599.6
2025-01-10 12:00:00,2.3089,2.3186,2.2452,2.2884,326802319.1
2025-01-10 16:00:00,2.2884,2.3625,2.2672,2.3578,209977417.2
2025-01-10 20:00:00,2.3578,2.3692,2.3314,2.3411,90187184.3
2025-01-11 00:00:00,2.3411,2.364,2.3241,2.3308,82497925.9
2025-01-11 04:00:00,2.3308,2.346,2.3264,2.3436,49057589.4
2025-01-11 08:00:00,2.3437,2.4371,2.3316,2.4189,171896145.4
2025-01-11 12:00:00,2.4189,2.4304,2.3774,2.4067,207008799.5
2025-01-11 16:00:00,2.4067,2.5321,2.3961,2.5292,438658435.9
2025-01-11 20:00:00,2.5292,2.6038,2.5073,2.5761,368503776.8
2025-01-12 00:00:00,2.5761,2.5835,2.5058,2.5412,210441085.3
2025-01-12 04:00:00,2.5412,2.5555,2.5111,2.5415,113593900.1
2025-01-12 08:00:00,2.5415,2.5507,2.47,2.4939,218074177.7
2025-01-12 12:00:00,2.4939,2.532,2.4868,2.5215,187976839.1
2025-01-12 16:00:00,2.5215,2.5537,2.5141,2.5475,149110585.5
2025-01-12 20:00:00,2.5474,2.5479,2.4836,2.5031,138246306.8
2025-01-13 00:00:00,2.5032,2.563,2.4935,2.5041,249845860.3
2025-01-13 04:00:00,2.5041,2.5406,2.4235,2.4615,239235581.8
2025-01-13 08:00:00,2.4615,2.4636,2.3338,2.3374,392949938.4
2025-01-13 12:00:00,2.3374,2.4959,2.3307,2.4651,671920820.3
2025-01-13 16:00:00,2.4652,2.4947,2.4236,2.4628,250509504.8
2025-01-13 20:00:00,2.4627,2.556,2.4496,2.5225,216519976.5
2025-01-14 00:00:00,2.5224,2.5554,2.514,2.5326,122781005.9
2025-01-14 04:00:00,2.5327,2.553,2.5111,2.5156,91783307.8
2025-01-14 08:00:00,2.5156,2.6026,2.5156,2.574,229774047.4
2025-01-14 12:00:00,2.574,2.5915,2.5465,2.5782,232317706.1
2025-01-14 16:00:00,2.578,2.7012,2.5511,2.6633,424465695.8
2025-01-14 20:00:00,2.6632,2.6788,2.6383,2.6668,134180456.6
2025-01-15 00:00:00,2.6668,2.8777,2.6489,2.8309,569114870.4
2025-01-15 04:00:00,2.8308,2.8925,2.782,2.8583,275173797.4
2025-01-15 08:00:00,2.8583,2.8757,2.7123,2.76,491113006.6
2025-01-15 12:00:00,2.76,3.036,2.726,2.9705,902699436.5
2025-01-15 16:00:00,2.9705,3.0069,2.87,2.9443,441834204.7
2025-01-15 20:00:00,2.9444,3.1992,2.9331,3.1411,549051724.3
2025-01-16 00:00:00,3.1411,3.15,2.9211,3.0391,678198054.2
2025-01-16 04:00:00,3.0392,3.1486,3.0385,3.0897,267071156.8
2025-01-16 08:00:00,3.0896,3.22,3.0264,3.1961,661382174.0
2025-01-16 12:00:00,3.196,3.388,3.16,3.3067,1186005571.7
2025-01-16 16:00:00,3.3067,3.4043,3.3032,3.3483,479826977.2
2025-01-16 20:00:00,3.3482,3.3492,3.1644,3.2433,484532874.9
2025-01-17 00:00:00,3.2432,3.3477,3.2422,3.3067,290085021.0
2025-01-17 04:00:00,3.3068,3.352,3.2822,3.3011,208207778.6
2025-01-17 08:00:00,3.3012,3.3262,3.2257,3.2975,320335833.6
2025-01-17 12:00:00,3.2974,3.2975,3.1748,3.1989,388413672.6
2025-01-17 16:00:00,3.1989,3.2597,3.1718,3.2337,271043390.3
2025-01-17 20:00:00,3.2338,3.3172,3.2257,3.2911,245147095.2
2025-01-18 00:00:00,3.2911,3.2973,3.1964,3.2396,246842132.5
2025-01-18 04:00:00,3.2395,3.247,3.0709,3.1157,379172431.8
2025-01-18 08:00:00,3.1157,3.1839,3.0551,3.1714,309552645.2
2025-01-18 12:00:00,3.1714,3.2474,3.1523,3.1762,248288014.7
2025-01-18 16:00:00,3.1763,3.2164,3.1316,3.2099,195458249.3
2025-01-18 20:00:00,3.2099,3.2899,3.17,3.2695,167485583.0
2025-01-19 00:00:00,3.2694,3.293,3.2234,3.2499,174240185.0
2025-01-19 04:00:00,3.2498,3.252,3.1709,3.1811,180180743.3
2025-01-19 08:00:00,3.1811,3.1813,3.0349,3.053,439574159.5
2025-01-19 12:00:00,3.053,3.1589,3.0521,3.1467,225194549.6
2025-01-19 16:00:00,3.1466,3.2253,3.1171,3.2225,152299121.6
2025-01-19 20:00:00,3.2224,3.2369,2.8301,2.9555,650750718.9
2025-01-20 00:00:00,2.9552,3.1309,2.905,3.1118,438559232.7
2025-01-20 04:00:00,3.1117,3.254,3.0729,3.2007,290418257.1
2025-01-20 08:00:00,3.2008,3.3454,3.1979,3.3263,328479412.0
2025-01-20 12:00:00,3.3262,3.3717,3.201,3.2724,476349031.2
2025-01-20 16:00:00,3.2724,3.3218,2.9898,3.1513,603036290.7
2025-01-20 20:00:00,3.1512,3.1784,3.0303,3.1042,225913124.0
2025-01-21 00:00:00,3.1042,3.1915,3.061,3.102,255716903.5
2025-01-21 04:00:00,3.1019,3.1023,3.0128,3.0682,191960876.7
2025-01-21 08:00:00,3.0682,3.1218,3.0429,3.1089,149852838.7
2025-01-21 12:00:00,3.1093,3.1519,3.0775,3.1201,178890561.3
2025-01-21 16:00:00,3.12,3.2394,3.1169,3.1999,227507846.1
2025-01-21 20:00:00,3.1999,3.2025,3.1406,3.1735,87088939.3
2025-01-22 00:00:00,3.1735,3.2076,3.1634,3.1771,74795114.2
2025-01-22 04:00:00,3.1771,3.191,3.1501,3.1714,74407111.9
2025-01-22 08:00:00,3.1715,3.2355,3.141,3.2352,106215854.1
2025-01-22 12:00:00,3.2351,3.2612,3.1507,3.1615,227077403.4
2025-01-22 16:00:00,3.1616,3.27,3.1268,3.2248,245006765.0
2025-01-22 20:00:00,3.2247,3.2866,3.1503,3.1788,225513455.6
2025-01-23 00:00:00,3.179,3.1819,3.1144,3.1507,108966408.3
2025-01-23 04:00:00,3.1508,3.1541,3.0977,3.1281,85548835.0
2025-01-23 08:00:00,3.128,3.131,3.06,3.0843,94508279.8
2025-01-23 12:00:00,3.0843,3.1622,3.0361,3.1339,253621724.5
2025-01-23 16:00:00,3.1339,3.1837,3.0576,3.0777,161478088.6
2025-01-23 20:00:00,3.0777,3.1769,3.0555,3.1186,220949839.0
2025-01-24 00:00:00,3.1186,3.1321,3.0523,3.1206,140624833.5
2025-01-24 04:00:00,3.1206,3.1748,3.1113,3.1651,117511592.3
2025-01-24 08:00:00,3.1653,3.201,3.161,3.1968,101516184.7
2025-01-24 12:00:00,3.1967,3.2028,3.135,3.1646,119093338.2
2025-01-24 16:00:00,3.1646,3.1697,3.1294,3.1406,72223775.7
2025-01-24 20:00:00,3.1405,3.143,3.0804,3.0985,107657986.6
2025-01-25 00:00:00,3.0984,3.1328,3.0943,3.1318,71429270.2
2025-01-25 04:00:00,3.1318,3.1347,3.0919,3.1072,45661499.9
2025-01-25 08:00:00,3.1072,3.1158,3.0751,3.1131,52873021.4
2025-01-25 12:00:00,3.113,3.1423,3.1016,3.1403,71027777.2
2025-01-25 16:00:00,3.1403,3.1435,3.1102,3.1242,47541092.8
2025-01-25 20:00:00,3.1242,3.1423,3.1041,3.1069,45589565.0
2025-01-26 00:00:00,3.107,3.1435,3.1036,3.1342,46402999.1
2025-01-26 04:00:00,3.1342,3.1451,3.1229,3.1416,41109465.2
2025-01-26 08:00:00,3.1416,3.144,3.1085,3.1299,52971818.3
2025-01-26 12:00:00,3.1298,3.1299,3.1104,3.1141,42491672.7
2025-01-26 16:00:00,3.114,3.1372,3.1052,3.1301,43733076.6
2025-01-26 20:00:00,3.1301,3.1314,3.0081,3.0198,165172917.2
2025-01-27 00:00:00,3.0199,3.0372,2.9404,3.0029,247464108.5
2025-01-27 04:00:00,3.0029,3.0029,2.645,2.8087,592832101.3
2025-01-27 08:00:00,2.8086,2.8314,2.716,2.7867,312558111.1
2025-01-27 12:00:00,2.7868,2.994,2.7682,2.9548,403590157.0
2025-01-27 16:00:00,2.9548,3.0239,2.8765,2.9147,219055011.4
2025-01-27 20:00:00,2.9147,3.0573,2.9139,3.0533,176175684.8
2025-01-28 00:00:00,3.0533,3.0938,3.0048,3.0869,148038045.4
2025-01-28 04:00:00,3.0869,3.1477,3.0834,3.1039,134087458.8
2025-01-28 08:00:00,3.104,3.1446,3.0702,3.1364,141323223.0
2025-01-28 12:00:00,3.1365,3.214,3.115,3.1836,350068456.3
2025-01-28 16:00:00,3.1837,3.198,3.1214,3.1365,153883670.1
2025-01-28 20:00:00,3.1364,3.1396,3.0134,3.0553,214641917.6
2025-01-29 00:00:00,3.0553,3.0944,3.0533,3.0826,87833180.4
2025-01-29 04:00:00,3.0827,3.1231,3.0713,3.1044,72342756.0
2025-01-29 08:00:00,3.1044,3.1269,3.0706,3.0856,85196168.1
2025-01-29 12:00:00,3.0855,3.0995,3.0238,3.0633,138017634.7
2025-01-29 16:00:00,3.0634,3.1352,2.966,3.0711,290202460.2
2025-01-29 20:00:00,3.0711,3.1356,3.035,3.0671,188355399.6
2025-01-30 00:00:00,3.0671,3.131,3.0459,3.121,98581716.5
2025-01-30 04:00:00,3.121,3.1345,3.0968,3.1081,64119454.5
2025-01-30 08:00:00,3.1082,3.1153,3.0955,3.1012,57643755.1
2025-01-30 12:00:00,3.1012,3.1535,3.0819,3.12,129238508.0
2025-01-30 16:00:00,3.1199,3.145,3.097,3.1289,91431177.7
2025-01-30 20:00:00,3.1289,3.1536,3.113,3.127,61760545.2
2025-01-31 00:00:00,3.1269,3.1329,3.0804,3.0916,69009868.4
2025-01-31 04:00:00,3.0916,3.0978,3.0682,3.0781,63683153.9
2025-01-31 08:00:00,3.078,3.101,3.0568,3.0973,63557918.3
2025-01-31 12:00:00,3.0974,3.1142,3.0695,3.0978,103170864.0
2025-01-31 16:00:00,3.0978,3.1033,3.0127,3.0304,140789612.5
2025-01-31 20:00:00,3.0304,3.0456,3.001,3.0347,78375913.9
2025-02-01 00:00:00,3.0347,3.0713,3.0244,3.0393,52392026.0
2025-02-01 04:00:00,3.0394,3.0564,3.027,3.0301,41738583.4
2025-02-01 08:00:00,3.03,3.0386,2.9432,2.9927,156567368.0
2025-02-01 12:00:00,2.9926,3.0065,2.9488,2.9716,90181735.6
2025-02-01 16:00:00,2.9717,2.9998,2.9058,2.9367,98739400.8
2025-02-01 20:00:00,2.9367,2.9431,2.8267,2.8768,188873149.3
2025-02-02 00:00:00,2.8767,2.9533,2.826,2.8321,185950194.0
2025-02-02 04:00:00,2.8321,2.9263,2.8213,2.8806,171367147.9
2025-02-02 08:00:00,2.8805,2.9139,2.7812,2.7869,143572109.0
2025-02-02 12:00:00,2.787,2.8484,2.73,2.8098,247309014.6
2025-02-02 16:00:00,2.8099,2.8107,2.5,2.6672,815280531.5
2025-02-02 20:00:00,2.6672,2.7191,2.4501,2.5784,492338774.8
2025-02-03 00:00:00,2.5784,2.5797,1.7636,2.2576,2060672689.1
2025-02-03 04:00:00,2.2576,2.45,2.1222,2.4269,628141728.1
2025-02-03 08:00:00,2.427,2.439,2.3049,2.3695,451524720.6
2025-02-03 12:00:00,2.3695,2.593,2.206,2.5494,833567731.9
2025-02-03 16:00:00,2.5494,2.7793,2.5352,2.7443,577271910.6
2025-02-03 20:00:00,2.7442,2.7442,2.6433,2.6989,272484409.2
2025-02-04 00:00:00,2.6988,2.786,2.6877,2.7198,262927382.4
2025-02-04 04:00:00,2.7201,2.7292,2.4708,2.4851,464581388.3
2025-02-04 08:00:00,2.4851,2.6314,2.4725,2.5883,304648483.1
2025-02-04 12:00:00,2.5883,2.685,2.5831,2.6192,363945274.7
2025-02-04 16:00:00,2.6192,2.7084,2.5848,2.5868,272329299.8
2025-02-04 20:00:00,2.5868,2.619,2.4203,2.5253,444585795.9
2025-02-05 00:00:00,2.5254,2.5635,2.469,2.5047,197076823.4
2025-02-05 04:00:00,2.5047,2.5398,2.4837,2.5093,118950339.2
2025-02-05 08:00:00,2.5093,2.5548,2.4942,2.548,131027768.6
2025-02-05 12:00:00,2.5481,2.5677,2.4733,2.5009,201993051.5
2025-02-05 16:00:00,2.5008,2.5076,2.3418,2.4357,372622000.7
2025-02-05 20:00:00,2.4357,2.4614,2.357,2.3799,203934316.7
2025-02-06 00:00:00,2.3798,2.434,2.3744,2.4232,139859957.7
2025-02-06 04:00:00,2.4231,2.4668,2.4146,2.4392,110410310.6
2025-02-06 08:00:00,2.4392,2.4688,2.4188,2.4481,123751857.2
2025-02-06 12:00:00,2.4481,2.4519,2.285,2.3144,339891916.8
2025-02-06 16:00:00,2.3145,2.3702,2.2739,2.294,294417715.7
2025-02-06 20:00:00,2.294,2.3628,2.289,2.3238,153330820.7
2025-02-07 00:00:00,2.3237,2.3731,2.3092,2.3516,131068389.7
2025-02-07 04:00:00,2.3517,2.3719,2.2634,2.2881,173369033.0
2025-02-07 08:00:00,2.288,2.4315,2.2757,2.417,216402339.4
2025-02-07 12:00:00,2.4169,2.5392,2.3705,2.4775,512321943.3
2025-02-07 16:00:00,2.4776,2.509,2.4101,2.4267,269384222.2
2025-02-07 20:00:00,2.4268,2.4307,2.3465,2.3951,224638707.7
2025-02-08 00:00:00,2.3951,2.4252,2.374,2.3819,110127675.8
2025-02-08 04:00:00,2.3819,2.4033,2.3494,2.3929,100378490.2
2025-02-08 08:00:00,2.393,2.4169,2.369,2.4093,91613993.3
2025-02-08 12:00:00,2.4092,2.4339,2.381,2.39,135888108.6
2025-02-08 16:00:00,2.39,2.4362,2.3761,2.4236,98798988.7
2025-02-08 20:00:00,2.4237,2.4354,2.4016,2.4179,55882874.4
2025-02-09 00:00:00,2.4178,2.5042,2.4057,2.502,115315002.8
2025-02-09 04:00:00,2.502,2.5066,2.4485,2.4657,99099848.3
2025-02-09 08:00:00,2.4658,2.4942,2.4368,2.4378,77407293.1
2025-02-09 12:00:00,2.4379,2.4477,2.3785,2.4266,155516335.8
2025-02-09 16:00:00,2.4265,2.4334,2.3833,2.3972,67735397.3
2025-02-09 20:00:00,2.3972,2.4217,2.3105,2.3909,203915294.7
2025-02-10 00:00:00,2.3909,2.4355,2.3217,2.3818,236322155.2
2025-02-10 04:00:00,2.3818,2.419,2.3709,2.4039,105767057.7
2025-02-10 08:00:00,2.4039,2.4531,2.4004,2.4272,128543307.4
2025-02-10 12:00:00,2.4273,2.472,2.4038,2.4204,158034130.6
2025-02-10 16:00:00,2.4205,2.4446,2.4074,2.4233,72213157.3
2025-02-10 20:00:00,2.4233,2.4414,2.4071,2.4226,49597170.7
2025-02-11 00:00:00,2.4225,2.467,2.4188,2.4401,77059061.2
2025-02-11 04:00:00,2.44,2.5283,2.4398,2.4991,150724972.2
2025-02-11 08:00:00,2.4991,2.512,2.4733,2.4948,100818437.5
2025-02-11 12:00:00,2.4949,2.4975,2.4334,2.4684,166274965.0
2025-02-11 16:00:00,2.4685,2.4808,2.3702,2.3859,154004799.0
2025-02-11 20:00:00,2.386,2.445,2.3817,2.4117,111797821.9
2025-02-12 00:00:00,2.4116,2.4255,2.3794,2.3869,78901552.3
2025-02-12 04:00:00,2.387,2.4178,2.3789,2.4052,68020685.7
2025-02-12 08:00:00,2.4052,2.4331,2.3985,2.4204,60974804.1
2025-02-12 12:00:00,2.4205,2.453,2.3307,2.3996,343286605.1
2025-02-12 16:00:00,2.3995,2.4656,2.3777,2.447,132088563.3
2025-02-12 20:00:00,2.4471,2.4958,2.439,2.4723,78270497.2
2025-02-13 00:00:00,2.4724,2.4824,2.4524,2.482,54804426.7
2025-02-13 04:00:00,2.482,2.4856,2.4268,2.4395,91063683.3
2025-02-13 08:00:00,2.4395,2.456,2.4201,2.4428,64433362.8
2025-02-13 12:00:00,2.4429,2.4698,2.4128,2.4464,143758198.4
2025-02-13 16:00:00,2.4464,2.4725,2.4193,2.4539,87627537.1
2025-02-13 20:00:00,2.4538,2.6036,2.4532,2.558,278874943.9
2025-02-14 00:00:00,2.558,2.5925,2.5285,2.5925,140957011.1
2025-02-14 04:00:00,2.5925,2.5966,2.5368,2.587,105520690.6
2025-02-14 08:00:00,2.5871,2.7899,2.5866,2.7317,486143431.6
2025-02-14 12:00:00,2.7316,2.7491,2.6784,2.7241,270361058.6
2025-02-14 16:00:00,2.7242,2.8352,2.6985,2.7867,214296108.4
2025-02-14 20:00:00,2.7867,2.8094,2.6902,2.7372,157547139.2
2025-02-15 00:00:00,2.7372,2.8328,2.7219,2.8128,153043726.8
2025-02-15 04:00:00,2.8128,2.8141,2.7452,2.762,116939066.9
2025-02-15 08:00:00,2.7621,2.8177,2.7621,2.7964,116574772.5
2025-02-15 12:00:00,2.7965,2.824,2.7564,2.7791,158608131.2
2025-02-15 16:00:00,2.7791,2.7843,2.737,2.7433,102800648.0
2025-02-15 20:00:00,2.7434,2.764,2.7129,2.7601,78482890.2
2025-02-16 00:00:00,2.7602,2.7972,2.7536,2.7818,92703431.5
2025-02-16 04:00:00,2.7819,2.8049,2.7501,2.7595,78137580.4
2025-02-16 08:00:00,2.7596,2.776,2.7397,2.7622,68239477.9
2025-02-16 12:00:00,2.7623,2.766,2.7067,2.7216,105197254.7
2025-02-16 16:00:00,2.7216,2.7394,2.6855,2.7248,85942982.5
2025-02-16 20:00:00,2.7247,2.7664,2.7181,2.7272,92918485.9
2025-02-17 00:00:00,2.7271,2.7638,2.698,2.7105,83312288.5
2025-02-17 04:00:00,2.7105,2.716,2.6343,2.6535,161937224.8
2025-02-17 08:00:00,2.6535,2.6978,2.6402,2.6718,98211954.0
2025-02-17 12:00:00,2.6719,2.7313,2.639,2.6447,143344547.6
2025-02-17 16:00:00,2.6448,2.662,2.6063,2.6468,161884742.7
2025-02-17 20:00:00,2.6468,2.6849,2.6431,2.6586,65070867.2
2025-02-18 00:00:00,2.6585,2.6685,2.6216,2.6588,65369342.2
2025-02-18 04:00:00,2.6588,2.6663,2.5399,2.5626,193290223.6
2025-02-18 08:00:00,2.5626,2.6078,2.545,2.5724,112139354.9
2025-02-18 12:00:00,2.5723,2.6296,2.525,2.5398,165558838.3
2025-02-18 16:00:00,2.5398,2.556,2.4683,2.5102,223538978.4
2025-02-18 20:00:00,2.5102,2.5668,2.495,2.5615,96463528.5
2025-02-19 00:00:00,2.5615,2.5765,2.5179,2.5531,103605209.4
2025-02-19 04:00:00,2.5531,2.5644,2.511,2.5555,90847620.1
2025-02-19 08:00:00,2.5556,2.6306,2.5418,2.6133,122693720.1
2025-02-19 12:00:00,2.6132,2.6238,2.5717,2.6062,150942361.1
2025-02-19 16:00:00,2.6062,2.6903,2.6053,2.6592,185219811.4
2025-02-19 20:00:00,2.6591,2.7449,2.6542,2.7356,134295106.8
2025-02-20 00:00:00,2.7356,2.7469,2.6801,2.703,125995298.3
2025-02-20 04:00:00,2.703,2.7319,2.6686,2.6843,103553747.3
2025-02-20 08:00:00,2.6843,2.7116,2.6755,2.6797,72042438.5
2025-02-20 12:00:00,2.6798,2.7464,2.669,2.6713,182713279.3
2025-02-20 16:00:00,2.6713,2.7274,2.6658,2.7066,107219931.1
2025-02-20 20:00:00,2.7066,2.713,2.6684,2.6867,73421931.9
2025-02-21 00:00:00,2.6867,2.6916,2.6379,2.6427,83892231.3
2025-02-21 04:00:00,2.6427,2.6732,2.6404,2.6579,64421406.0
2025-02-21 08:00:00,2.6579,2.6935,2.6445,2.6488,109728535.8
2025-02-21 12:00:00,2.6489,2.7138,2.562,2.6118,314908041.8
2025-02-21 16:00:00,2.6118,2.6451,2.5054,2.5241,246550075.8
2025-02-21 20:00:00,2.524,2.5739,2.5146,2.5698,116837044.8
2025-02-22 00:00:00,2.5698,2.5967,2.5484,2.5706,73578362.3
2025-02-22 04:00:00,2.5706,2.594,2.5661,2.5798,38773051.8
2025-02-22 08:00:00,2.5798,2.595,2.5639,2.5869,59209977.7
2025-02-22 12:00:00,2.5869,2.5984,2.5772,2.589,51807740.4
2025-02-22 16:00:00,2.5889,2.6084,2.5813,2.586,53179958.1
2025-02-22 20:00:00,2.586,2.5879,2.5682,2.5726,35370463.4
2025-02-23 00:00:00,2.5725,2.5735,2.5357,2.551,69522825.9
2025-02-23 04:00:00,2.5509,2.6003,2.544,2.589,52894175.9
2025-02-23 08:00:00,2.589,2.5903,2.5648,2.5681,45652664.4
2025-02-23 12:00:00,2.5682,2.5732,2.5181,2.5204,79801743.8
2025-02-23 16:00:00,2.5204,2.5646,2.5188,2.551,62045245.5
2025-02-23 20:00:00,2.551,2.5835,2.542,2.5744,47830858.8
2025-02-24 00:00:00,2.5744,2.6136,2.4674,2.4884,154960209.4
2025-02-24 04:00:00,2.4886,2.5033,2.4421,2.4922,129517597.8
2025-02-24 08:00:00,2.4923,2.4931,2.4324,2.4867,130763238.4
2025-02-24 12:00:00,2.4867,2.4976,2.4011,2.43,201759888.1
2025-02-24 16:00:00,2.4298,2.4749,2.3784,2.4009,146607061.9
2025-02-24 20:00:00,2.401,2.448,2.231,2.2769,394353558.2
2025-02-25 00:00:00,2.2769,2.3347,2.21,2.2817,309715789.2
2025-02-25 04:00:00,2.2818,2.3083,2.0862,2.1503,514138100.7
2025-02-25 08:00:00,2.1504,2.2114,2.0631,2.1871,565901440.5
2025-02-25 12:00:00,2.1871,2.2768,2.1561,2.2059,529693903.5
2025-02-25 16:00:00,2.2059,2.263,2.1707,2.2611,242086386.8
2025-02-25 20:00:00,2.261,2.3642,2.2442,2.3211,245388187.7
2025-02-26 00:00:00,2.321,2.3297,2.2645,2.3102,151233641.5
2025-02-26 04:00:00,2.3103,2.3273,2.2656,2.2863,99126848.0
2025-02-26 08:00:00,2.2862,2.3219,2.2627,2.2791,127198156.4
2025-02-26 12:00:00,2.2792,2.3029,2.1939,2.2744,347716718.9
2025-02-26 16:00:00,2.2745,2.2817,2.1495,2.1787,338639397.6
2025-02-26 20:00:00,2.1788,2.2461,2.1533,2.1971,233992420.1
2025-02-27 00:00:00,2.1971,2.2188,2.1585,2.2013,152997564.0
2025-02-27 04:00:00,2.2013,2.2386,2.1698,2.2221,111676988.8
2025-02-27 08:00:00,2.2221,2.2563,2.2012,2.2383,109371086.3
2025-02-27 12:00:00,2.2383,2.2452,2.1667,2.1982,196716071.2
2025-02-27 16:00:00,2.1983,2.2363,2.1717,2.189,119851716.1
2025-02-27 20:00:00,2.189,2.2073,2.1445,2.1973,147816744.6
2025-02-28 00:00:00,2.1973,2.2009,2.0162,2.0195,438638688.6
2025-02-28 04:00:00,2.0196,2.0494,1.982,1.9992,304621930.0
2025-02-28 08:00:00,1.9992,2.0588,1.9511,2.0309,258535493.1
2025-02-28 12:00:00,2.0308,2.1549,2.012,2.145,330553678.0
2025-02-28 16:00:00,2.145,2.1627,2.1142,2.1463,164054901.3
2025-02-28 20:00:00,2.1464,2.1586,2.1208,2.1443,81672553.0
2025-03-01 00:00:00,2.1444,2.2155,2.1208,2.1831,143477438.9
2025-03-01 04:00:00,2.183,2.2184,2.1622,2.1661,107177287.4
2025-03-01 08:00:00,2.1661,2.1926,2.1405,2.1596,98824253.5
2025-03-01 12:00:00,2.1596,2.1707,2.1206,2.15,103755456.5
2025-03-01 16:00:00,2.1499,2.1762,2.1342,2.1676,71609956.4
2025-03-01 20:00:00,2.1676,2.2077,2.1583,2.1904,82082468.9
2025-03-02 00:00:00,2.1905,2.2667,2.1732,2.2529,139986174.7
2025-03-02 04:00:00,2.2529,2.2976,2.2382,2.272,104937341.2
2025-03-02 08:00:00,2.272,2.2839,2.2511,2.2734,97466450.8
2025-03-02 12:00:00,2.2733,2.7062,2.2191,2.5972,800402297.3
2025-03-02 16:00:00,2.5973,3.0065,2.5934,2.8703,1336660108.5
2025-03-02 20:00:00,2.8702,2.9625,2.835,2.9384,280539597.5
2025-03-03 00:00:00,2.9383,2.9676,2.7623,2.7936,342993368.4
2025-03-03 04:00:00,2.7937,2.8227,2.6312,2.6884,310972454.4
2025-03-03 08:00:00,2.6883,2.6951,2.5255,2.6325,420989439.6
2025-03-03 12:00:00,2.6325,2.714,2.5553,2.597,429688063.0
2025-03-03 16:00:00,2.597,2.6363,2.3408,2.3484,563608517.4
2025-03-03 20:00:00,2.3482,2.4218,2.294,2.386,366720557.3
2025-03-04 00:00:00,2.386,2.4201,2.2115,2.2965,421136624.4
2025-03-04 04:00:00,2.2964,2.3752,2.2861,2.3198,217918461.8
2025-03-04 08:00:00,2.3198,2.4117,2.3,2.3583,208231469.1
2025-03-04 12:00:00,2.3584,2.524,2.2871,2.4018,533685997.6
2025-03-04 16:00:00,2.4017,2.5185,2.3101,2.4925,467421347.3
2025-03-04 20:00:00,2.4925,2.5376,2.426,2.4532,205247905.3
2025-03-05 00:00:00,2.4532,2.5393,2.4322,2.4386,192486424.8
2025-03-05 04:00:00,2.4384,2.4586,2.4069,2.4458,131793821.9
2025-03-05 08:00:00,2.4458,2.5384,2.4435,2.4779,206451666.9
2025-03-05 12:00:00,2.4779,2.5058,2.4161,2.4461,256969430.0
2025-03-05 16:00:00,2.4461,2.5191,2.4234,2.4952,163021203.1
2025-03-05 20:00:00,2.4952,2.5138,2.4867,2.498,70812506.4
2025-03-06 00:00:00,2.4986,2.5472,2.4684,2.5123,141671689.2
2025-03-06 04:00:00,2.5123,2.5537,2.4986,2.5109,106301204.4
2025-03-06 08:00:00,2.511,2.6444,2.5085,2.6097,270910054.5
2025-03-06 12:00:00,2.6097,2.6393,2.5443,2.6207,277047442.0
2025-03-06 16:00:00,2.6206,2.6385,2.5261,2.5829,235331751.8
2025-03-06 20:00:00,2.583,2.6247,2.5727,2.5981,111156373.5
2025-03-07 00:00:00,2.5981,2.6198,2.3726,2.4693,559126424.8
2025-03-07 04:00:00,2.4693,2.5173,2.4655,2.505,97204464.1
2025-03-07 08:00:00,2.505,2.5677,2.4914,2.5288,127802099.5
2025-03-07 12:00:00,2.5289,2.5565,2.4811,2.5016,253292380.0
2025-03-07 16:00:00,2.5015,2.5227,2.3822,2.4809,404700592.6
2025-03-07 20:00:00,2.4809,2.5324,2.3423,2.3836,317236401.2
2025-03-08 00:00:00,2.3837,2.4096,2.3251,2.342,133180412.7
2025-03-08 04:00:00,2.342,2.3745,2.3304,2.3606,69415964.0
2025-03-08 08:00:00,2.3606,2.3672,2.3007,2.3155,103140282.3
2025-03-08 12:00:00,2.3155,2.3648,2.305,2.3497,97805251.9
2025-03-08 16:00:00,2.3498,2.3588,2.3087,2.3542,94803110.4
2025-03-08 20:00:00,2.3543,2.362,2.3116,2.3245,60814279.7
2025-03-09 00:00:00,2.3244,2.35,2.3034,2.3215,67013634.1
2025-03-09 04:00:00,2.3215,2.3431,2.3088,2.3382,69293424.7
2025-03-09 08:00:00,2.3382,2.3409,2.2402,2.2533,160003502.1
2025-03-09 12:00:00,2.2533,2.2549,2.1633,2.184,242802755.7
2025-03-09 16:00:00,2.1839,2.1963,2.0814,2.1615,384116998.5
2025-03-09 20:00:00,2.1616,2.2024,2.1172,2.1376,215780397.7
2025-03-10 00:00:00,2.1377,2.1999,2.0857,2.1691,223613374.2
2025-03-10 04:00:00,2.169,2.2028,2.157,2.1831,105070628.2
2025-03-10 08:00:00,2.1832,2.2599,2.1283,2.2118,272019599.1
2025-03-10 12:00:00,2.2119,2.2244,2.0657,2.1171,322178150.2
2025-03-10 16:00:00,2.117,2.1274,1.9907,2.0744,429567325.1
2025-03-10 20:00:00,2.0747,2.0913,2.0111,2.0202,171876002.7
2025-03-11 00:00:00,2.0202,2.0638,1.8952,2.0446,453336015.9
2025-03-11 04:00:00,2.0446,2.13,2.0398,2.094,199035676.6
2025-03-11 08:00:00,2.0939,2.1633,2.0885,2.1543,158215053.8
2025-03-11 12:00:00,2.1543,2.1596,2.0551,2.135,381670374.2
2025-03-11 16:00:00,2.1349,2.2125,2.0785,2.2071,246092899.8
2025-03-11 20:00:00,2.207,2.2092,2.162,2.17,108590823.3
2025-03-12 00:00:00,2.17,2.2449,2.1587,2.1669,177746938.1
2025-03-12 04:00:00,2.1669,2.1929,2.1421,2.1874,155811285.2
2025-03-12 08:00:00,2.1872,2.236,2.1662,2.2126,169229925.1
2025-03-12 12:00:00,2.2126,2.2773,2.132,2.2022,411224520.4
2025-03-12 16:00:00,2.2023,2.2538,2.1858,2.2368,247466462.6
2025-03-12 20:00:00,2.2369,2.2423,2.2107,2.2382,76749865.5
2025-03-13 00:00:00,2.2381,2.2578,2.2249,2.2397,85871420.3
2025-03-13 04:00:00,2.2396,2.253,2.2158,2.233,92584421.3
2025-03-13 08:00:00,2.2328,2.2893,2.2113,2.2832,163360887.0
2025-03-13 12:00:00,2.2832,2.3458,2.2726,2.287,359043735.8
2025-03-13 16:00:00,2.2869,2.3077,2.2141,2.237,219999897.9
2025-03-13 20:00:00,2.2369,2.2748,2.2168,2.2512,102720546.3
2025-03-14 00:00:00,2.2512,2.2999,2.2356,2.2902,168495253.5
2025-03-14 04:00:00,2.2902,2.3132,2.2785,2.2928,95642809.2
2025-03-14 08:00:00,2.2928,2.3311,2.289,2.315,95374714.5
2025-03-14 12:00:00,2.3151,2.3884,2.2954,2.3569,249527842.5
2025-03-14 16:00:00,2.3568,2.3714,2.3344,2.3535,97712420.7
2025-03-14 20:00:00,2.3533,2.3712,2.3302,2.3555,71158186.2
2025-03-15 00:00:00,2.3554,2.4293,2.3512,2.4235,108529785.8
2025-03-15 04:00:00,2.4236,2.4744,2.3727,2.3914,183316660.7
2025-03-15 08:00:00,2.3915,2.4245,2.3847,2.4236,94655468.6
2025-03-15 12:00:00,2.4237,2.4523,2.4121,2.4249,119316074.8
2025-03-15 16:00:00,2.4249,2.4269,2.3887,2.4006,78342328.0
2025-03-15 20:00:00,2.4006,2.4173,2.3811,2.3899,56505073.8
2025-03-16 00:00:00,2.39,2.4094,2.3616,2.3816,92608097.6
2025-03-16 04:00:00,2.3816,2.3949,2.3663,2.3796,66642177.9
2025-03-16 08:00:00,2.3796,2.3842,2.2866,2.2972,186616194.9
2025-03-16 12:00:00,2.2972,2.3211,2.2668,2.2944,188852247.1
2025-03-16 16:00:00,2.2944,2.3524,2.2827,2.2939,143556548.8
2025-03-16 20:00:00,2.2939,2.3199,2.2811,2.2928,79494448.0
2025-03-17 00:00:00,2.2928,2.3566,2.2905,2.3531,97219852.5
2025-03-17 04:00:00,2.3532,2.3678,2.3053,2.3354,104817902.0
2025-03-17 08:00:00,2.3354,2.3545,2.3192,2.337,79470674.8
2025-03-17 12:00:00,2.3371,2.3692,2.3052,2.3436,155727077.0
2025-03-17 16:00:00,2.3436,2.3776,2.3288,2.3592,94819407.6
2025-03-17 20:00:00,2.3592,2.3619,2.3327,2.3366,58285327.0
2025-03-18 00:00:00,2.3367,2.3385,2.2726,2.2844,126790120.4
2025-03-18 04:00:00,2.2845,2.2999,2.242,2.2875,125623723.6
2025-03-18 08:00:00,2.2875,2.3036,2.2588,2.2607,79706531.0
2025-03-18 12:00:00,2.2608,2.267,2.2228,2.2357,173015666.2
2025-03-18 16:00:00,2.2357,2.2645,2.2208,2.2609,96926587.1
2025-03-18 20:00:00,2.2609,2.2933,2.2481,2.2836,65075982.2
2025-03-19 00:00:00,2.2836,2.3071,2.2637,2.2937,80627624.5
2025-03-19 04:00:00,2.2937,2.3033,2.2818,2.2924,66938211.7
2025-03-19 08:00:00,2.2925,2.3482,2.2921,2.3352,126247714.1
2025-03-19 12:00:00,2.3353,2.588,2.316,2.5532,992002048.1
2025-03-19 16:00:00,2.5534,2.5657,2.4531,2.4864,424860922.5
2025-03-19 20:00:00,2.4864,2.5766,2.475,2.5457,149467873.7
2025-03-20 00:00:00,2.5456,2.5627,2.4773,2.4836,133021425.4
2025-03-20 04:00:00,2.4836,2.4866,2.4301,2.4626,135062098.3
2025-03-20 08:00:00,2.4626,2.5168,2.4623,2.4891,191522027.4
2025-03-20 12:00:00,2.4892,2.5175,2.4362,2.4377,204401482.3
2025-03-20 16:00:00,2.4376,2.4558,2.3877,2.4348,189680343.0
2025-03-20 20:00:00,2.4349,2.4537,2.4118,2.4346,66154643.9
2025-03-21 00:00:00,2.4345,2.4662,2.4111,2.4222,122316518.2
2025-03-21 04:00:00,2.4223,2.4342,2.3823,2.4065,93079085.1
2025-03-21 08:00:00,2.4065,2.4188,2.3707,2.3871,107072285.4
2025-03-21 12:00:00,2.3871,2.398,2.3552,2.3713,129977410.7
2025-03-21 16:00:00,2.3712,2.424,2.3602,2.4005,93661104.8
2025-03-21 20:00:00,2.4005,2.4145,2.3733,2.3793,54656151.8
2025-03-22 00:00:00,2.3794,2.4066,2.3718,2.388,54194756.6
2025-03-22 04:00:00,2.388,2.4121,2.3834,2.4004,40285000.9
2025-03-22 08:00:00,2.4003,2.4154,2.3829,2.3924,66967049.5
2025-03-22 12:00:00,2.3924,2.3957,2.3648,2.3763,66039995.0
2025-03-22 16:00:00,2.3763,2.3919,2.3714,2.3799,47705581.6
2025-03-22 20:00:00,2.3799,2.3829,2.3574,2.3698,50796370.5
2025-03-23 00:00:00,2.3698,2.3912,2.3636,2.3873,43011855.4
2025-03-23 04:00:00,2.3874,2.4004,2.376,2.3943,40554042.9
2025-03-23 08:00:00,2.3944,2.4272,2.3839,2.4041,66177342.5
2025-03-23 12:00:00,2.4041,2.4218,2.3921,2.4119,61242083.0
2025-03-23 16:00:00,2.4118,2.4164,2.3842,2.3987,59218011.7
2025-03-23 20:00:00,2.3988,2.44,2.3865,2.4378,66596979.4
2025-03-24 00:00:00,2.4379,2.4571,2.4121,2.4425,98642213.2
2025-03-24 04:00:00,2.4426,2.4686,2.4348,2.4418,103157266.8
2025-03-24 08:00:00,2.4418,2.4762,2.441,2.4583,78028403.6
2025-03-24 12:00:00,2.4584,2.5029,2.4409,2.4725,123974381.7
2025-03-24 16:00:00,2.4725,2.4757,2.4447,2.4642,67047781.4
2025-03-24 20:00:00,2.4642,2.4761,2.4259,2.4485,64081940.8
2025-03-25 00:00:00,2.4486,2.4667,2.4077,2.4134,81974661.0
2025-03-25 04:00:00,2.4133,2.434,2.4056,2.421,59618386.4
2025-03-25 08:00:00,2.421,2.4489,2.419,2.4434,55225401.5
2025-03-25 12:00:00,2.4435,2.4568,2.4253,2.4364,97075323.3
2025-03-25 16:00:00,2.4364,2.4777,2.4232,2.458,113098689.1
2025-03-25 20:00:00,2.458,2.4695,2.4322,2.4481,54400800.2
2025-03-26 00:00:00,2.4481,2.48,2.4336,2.4369,94545278.1
2025-03-26 04:00:00,2.437,2.4702,2.4337,2.4641,53117799.7
2025-03-26 08:00:00,2.464,2.4725,2.4506,2.4558,64301546.9
2025-03-26 12:00:00,2.4557,2.4586,2.3933,2.4038,149045821.5
2025-03-26 16:00:00,2.4037,2.4118,2.3567,2.3699,100790789.3
2025-03-26 20:00:00,2.3698,2.3868,2.3254,2.3473,109950264.2
2025-03-27 00:00:00,2.3474,2.3883,2.3431,2.3764,76975842.3
2025-03-27 04:00:00,2.3765,2.3793,2.3512,2.3628,57190770.6
2025-03-27 08:00:00,2.3627,2.3782,2.338,2.342,69395660.6
2025-03-27 12:00:00,2.3419,2.3648,2.3005,2.3387,164958502.2
2025-03-27 16:00:00,2.3387,2.3549,2.3178,2.3386,83558498.4
2025-03-27 20:00:00,2.3386,2.359,2.3281,2.34,48256481.5
2025-03-28 00:00:00,2.3399,2.3422,2.2994,2.3093,92378920.8
2025-03-28 04:00:00,2.3093,2.3129,2.2156,2.22,177414514.5
2025-03-28 08:00:00,2.22,2.2416,2.1913,2.2254,140019299.5
2025-03-28 12:00:00,2.2254,2.2449,2.1733,2.1777,163129070.1
2025-03-28 16:00:00,2.1777,2.1919,2.1522,2.1785,115874627.1
2025-03-28 20:00:00,2.1786,2.2101,2.157,2.2055,88444067.6
2025-03-29 00:00:00,2.2055,2.2238,2.1273,2.1749,150681387.1
2025-03-29 04:00:00,2.1748,2.1845,2.1095,2.1211,123409138.3
2025-03-29 08:00:00,2.1212,2.1424,2.0598,2.0858,193804427.2
2025-03-29 12:00:00,2.0858,2.139,2.0805,2.1063,158569361.0
2025-03-29 16:00:00,2.1063,2.135,2.0704,2.1314,157535877.8
2025-03-29 20:00:00,2.1315,2.1412,2.1001,2.1335,67849927.6
2025-03-30 00:00:00,2.1336,2.2121,2.1142,2.1807,161412736.2
2025-03-30 04:00:00,2.1807,2.1926,2.1585,2.1744,88308765.6
2025-03-30 08:00:00,2.1744,2.1971,2.1522,2.1615,94841084.7
2025-03-30 12:00:00,2.1616,2.168,2.1216,2.1367,125862829.7
2025-03-30 16:00:00,2.1367,2.17,2.1136,2.1422,128182015.6
2025-03-30 20:00:00,2.1422,2.1632,2.1057,2.1352,108777668.0
2025-03-31 00:00:00,2.1353,2.1395,2.0765,2.0796,185513215.7
2025-03-31 04:00:00,2.0796,2.1138,2.0522,2.064,151850272.3
2025-03-31 08:00:00,2.0639,2.0936,2.0224,2.0812,221049264.2
2025-03-31 12:00:00,2.0813,2.1386,2.0577,2.1171,243835599.6
2025-03-31 16:00:00,2.1171,2.1301,2.0792,2.0899,112035544.6
2025-03-31 20:00:00,2.09,2.1041,2.0738,2.0889,77557107.4
2025-04-01 00:00:00,2.0888,2.115,2.0635,2.0973,94828431.7
2025-04-01 04:00:00,2.0973,2.119,2.0876,2.0934,95377308.5
2025-04-01 08:00:00,2.0934,2.2013,2.093,2.133,273163849.5
2025-04-01 12:00:00,2.133,2.1817,2.0922,2.1581,266429772.2
2025-04-01 16:00:00,2.1581,2.1686,2.12,2.1374,106404217.8
2025-04-01 20:00:00,2.1373,2.1529,2.12,2.1378,68843605.2
2025-04-02 00:00:00,2.1378,2.1388,2.0834,2.0977,110153438.4
2025-04-02 04:00:00,2.0976,2.1126,2.066,2.1074,117663022.2
2025-04-02 08:00:00,2.1074,2.1353,2.0971,2.113,146141260.7
2025-04-02 12:00:00,2.113,2.1944,2.0968,2.1718,273738279.3
2025-04-02 16:00:00,2.1718,2.1795,2.1301,2.1584,124898637.6
2025-04-02 20:00:00,2.1584,2.2332,1.9826,2.021,493486484.0
2025-04-03 00:00:00,2.0208,2.0699,2.0044,2.062,174507017.9
2025-04-03 04:00:00,2.062,2.0808,2.0289,2.0507,116171271.8
2025-04-03 08:00:00,2.0508,2.0564,2.0119,2.0329,121088402.5
2025-04-03 12:00:00,2.0328,2.0416,1.9569,2.0036,359058073.7
2025-04-03 16:00:00,2.0036,2.0726,1.9902,2.0517,205599088.3
2025-04-03 20:00:00,2.0518,2.0678,2.0337,2.063,104948624.3
2025-04-04 00:00:00,2.063,2.0768,2.0348,2.0492,107599214.9
2025-04-04 04:00:00,2.0492,2.094,2.0409,2.0891,125513125.5
2025-04-04 08:00:00,2.0891,2.1024,2.0148,2.0465,231825312.5
2025-04-04 12:00:00,2.0466,2.1625,2.0371,2.1214,487595829.0
2025-04-04 16:00:00,2.1214,2.1462,2.0973,2.1271,172507715.0
2025-04-04 20:00:00,2.1272,2.1555,2.1115,2.1294,83411014.4
2025-04-05 00:00:00,2.1295,2.1435,2.1129,2.1166,55509192.3
2025-04-05 04:00:00,2.1166,2.1398,2.1147,2.1355,55926801.0
2025-04-05 08:00:00,2.1355,2.17,2.1265,2.1594,89616075.1
2025-04-05 12:00:00,2.1593,2.1757,2.1162,2.1216,167798787.0
2025-04-05 16:00:00,2.1216,2.1381,2.1147,2.1184,70265539.2
2025-04-05 20:00:00,2.1185,2.1477,2.116,2.1436,51074844.0
2025-04-06 00:00:00,2.1436,2.1585,2.1219,2.1293,54548892.1
2025-04-06 04:00:00,2.1294,2.1368,2.0848,2.0925,105716828.3
2025-04-06 08:00:00,2.0926,2.1012,2.0759,2.0837,78641935.4
2025-04-06 12:00:00,2.0836,2.0939,2.0447,2.0736,175013710.1
2025-04-06 16:00:00,2.0736,2.0745,1.9739,1.9937,347693924.7
2025-04-06 20:00:00,1.9936,2.0026,1.8614,1.9204,550265215.8
2025-04-07 00:00:00,1.9204,1.9526,1.7981,1.8223,419811354.5
2025-04-07 04:00:00,1.8223,1.837,1.6129,1.6772,937266110.2
2025-04-07 08:00:00,1.6771,1.8138,1.6727,1.7639,639121308.7
2025-04-07 12:00:00,1.7639,2.0045,1.7454,1.8732,1268939166.4
2025-04-07 16:00:00,1.8731,1.9245,1.8368,1.8876,368185223.9
2025-04-07 20:00:00,1.8877,1.9486,1.887,1.8974,195113194.2
2025-04-08 00:00:00,1.8974,1.9344,1.8589,1.9031,205880647.6
2025-04-08 04:00:00,1.9031,1.918,1.8466,1.8662,158491524.1
2025-04-08 08:00:00,1.8663,1.9694,1.8492,1.9581,220014189.8
2025-04-08 12:00:00,1.958,1.9748,1.8896,1.9033,441800782.3
2025-04-08 16:00:00,1.9032,1.9083,1.8053,1.8246,515918622.3
2025-04-08 20:00:00,1.8249,1.8426,1.7766,1.7956,229763427.6
2025-04-09 00:00:00,1.7956,1.8124,1.7212,1.747,350128751.7
2025-04-09 04:00:00,1.7469,1.8378,1.7427,1.8302,280606249.9
2025-04-09 08:00:00,1.8302,1.844,1.7631,1.7812,278953529.3
2025-04-09 12:00:00,1.7811,1.8696,1.7642,1.8276,351925587.8
2025-04-09 16:00:00,1.8277,2.089,1.8226,2.0376,780623050.1
2025-04-09 20:00:00,2.0376,2.0882,2.0314,2.0523,186894636.9
2025-04-10 00:00:00,2.0523,2.0566,1.9702,2.0011,188080273.7
2025-04-10 04:00:00,2.0012,2.0165,1.9732,1.9892,162710407.1
2025-04-10 08:00:00,1.9893,2.0138,1.9784,1.9985,134728107.7
2025-04-10 12:00:00,1.9985,2.0459,1.9203,1.9325,427644869.3
2025-04-10 16:00:00,1.9325,1.9725,1.9224,1.961,205546376.9
2025-04-10 20:00:00,1.961,1.9959,1.9572,1.9645,98271144.4
2025-04-11 00:00:00,1.9646,2.006,1.9459,1.9996,139063730.1
2025-04-11 04:00:00,1.9997,2.0127,1.99,2.0037,105369229.8
2025-04-11 08:00:00,2.0038,2.0328,1.9948,2.0084,144753353.0
2025-04-11 12:00:00,2.0084,2.0256,1.9834,2.0005,205419239.8
2025-04-11 16:00:00,2.0005,2.0637,1.9918,2.0434,157628368.7
2025-04-11 20:00:00,2.0434,2.0522,2.0115,2.0213,81026679.8
2025-04-12 00:00:00,2.0214,2.0255,2.0016,2.0123,68808378.3
2025-04-12 04:00:00,2.0123,2.0584,2.0085,2.0536,84151352.6
2025-04-12 08:00:00,2.0536,2.0738,2.05,2.0608,84973200.0
2025-04-12 12:00:00,2.0608,2.186,2.0587,2.152,296635944.4
2025-04-12 16:00:00,2.1519,2.1629,2.1157,2.1369,129216004.2
2025-04-12 20:00:00,2.1368,2.1657,2.1341,2.1588,61288275.8
2025-04-13 00:00:00,2.1588,2.1734,2.1337,2.1553,105298267.0
2025-04-13 04:00:00,2.1553,2.1589,2.1254,2.1455,73804990.9
2025-04-13 08:00:00,2.1455,2.247,2.1342,2.2002,271778322.6
2025-04-13 12:00:00,2.2001,2.2051,2.13,2.1464,207496121.1
2025-04-13 16:00:00,2.1464,2.1845,2.095,2.119,189450276.3
2025-04-13 20:00:00,2.119,2.144,2.0802,2.1181,144122271.6
2025-04-14 00:00:00,2.1182,2.1794,2.1112,2.1391,139238590.0
2025-04-14 04:00:00,2.1391,2.1586,2.1022,2.1267,90308503.4
2025-04-14 08:00:00,2.1268,2.1558,2.1152,2.1551,99246364.8
2025-04-14 12:00:00,2.1551,2.1774,2.1094,2.1143,192785872.4
2025-04-14 16:00:00,2.1144,2.1642,2.1041,2.1514,110597499.6
2025-04-14 20:00:00,2.1514,2.1565,2.121,2.1262,51209071.0
2025-04-15 00:00:00,2.1262,2.1555,2.1151,2.1525,85679590.4
2025-04-15 04:00:00,2.1524,2.1593,2.1313,2.1504,64136283.3
2025-04-15 08:00:00,2.1505,2.1848,2.144,2.1506,111948657.7
2025-04-15 12:00:00,2.1506,2.1839,2.1254,2.1335,168244420.0
2025-04-15 16:00:00,2.1335,2.1416,2.1025,2.1162,104536627.9
2025-04-15 20:00:00,2.1163,2.1253,2.0822,2.083,90866774.3
2025-04-16 00:00:00,2.083,2.0969,2.0646,2.0811,125076206.1
2025-04-16 04:00:00,2.0811,2.0893,2.0422,2.0494,104223725.0
2025-04-16 08:00:00,2.0495,2.0885,2.0343,2.0876,144417772.9
2025-04-16 12:00:00,2.0877,2.1196,2.0625,2.0931,146628098.8
2025-04-16 16:00:00,2.0931,2.1315,2.0457,2.1057,221820004.2
2025-04-16 20:00:00,2.1057,2.1152,2.0769,2.0822,73049177.4
2025-04-17 00:00:00,2.0823,2.088,2.0611,2.0686,62642610.2
2025-04-17 04:00:00,2.0686,2.1078,2.0658,2.0909,94312613.9
2025-04-17 08:00:00,2.0909,2.1067,2.0849,2.1017,66684393.9
2025-04-17 12:00:00,2.1016,2.1139,2.0559,2.0662,147937624.0
2025-04-17 16:00:00,2.0663,2.1039,2.0509,2.0642,153688583.7
2025-04-17 20:00:00,2.0642,2.0798,2.0585,2.066,52421350.0
2025-04-18 00:00:00,2.0661,2.068,2.042,2.0543,68006685.0
2025-04-18 04:00:00,2.0543,2.0705,2.0454,2.0679,55933980.0
2025-04-18 08:00:00,2.068,2.0803,2.0664,2.0791,58249145.0
2025-04-18 12:00:00,2.0791,2.085,2.0548,2.0569,88426083.7
2025-04-18 16:00:00,2.057,2.0888,2.0538,2.0794,66360943.5
2025-04-18 20:00:00,2.0794,2.0853,2.054,2.0607,50075992.3
2025-04-19 00:00:00,2.0608,2.086,2.0573,2.0838,55648956.3
2025-04-19 04:00:00,2.0838,2.0944,2.0762,2.0883,49059138.8
2025-04-19 08:00:00,2.0882,2.0969,2.079,2.0806,44322182.2
2025-04-19 12:00:00,2.0805,2.0919,2.0744,2.0759,52035347.0
2025-04-19 16:00:00,2.076,2.094,2.0633,2.0829,71171783.5
2025-04-19 20:00:00,2.0828,2.091,2.0793,2.0865,28685329.5
2025-04-20 00:00:00,2.0865,2.0937,2.0781,2.0823,36768643.6
2025-04-20 04:00:00,2.0823,2.0855,2.0614,2.068,56754034.1
2025-04-20 08:00:00,2.0681,2.0701,2.0372,2.0414,91487449.4
2025-04-20 12:00:00,2.0414,2.0598,2.0393,2.0472,60830160.1
2025-04-20 16:00:00,2.0473,2.086,2.0439,2.08,53516965.6
2025-04-20 20:00:00,2.08,2.0905,2.0588,2.0777,75480520.3
2025-04-21 00:00:00,2.0776,2.1256,2.076,2.1088,152038341.1
2025-04-21 04:00:00,2.1088,2.1395,2.1063,2.1259,77965477.0
2025-04-21 08:00:00,2.1259,2.1401,2.107,2.1171,88333131.9
2025-04-21 12:00:00,2.1172,2.1381,2.1029,2.1139,120155944.0
2025-04-21 16:00:00,2.1139,2.1164,2.0582,2.0865,169941503.7
2025-04-21 20:00:00,2.0865,2.0867,2.0687,2.084,46967178.4
2025-04-22 00:00:00,2.0841,2.1029,2.062,2.082,84458493.6
2025-04-22 04:00:00,2.082,2.0961,2.067,2.0913,75805285.2
2025-04-22 08:00:00,2.0913,2.1074,2.0903,2.0987,76574165.3
2025-04-22 12:00:00,2.0987,2.1923,2.0933,2.1542,315185863.3
2025-04-22 16:00:00,2.1541,2.1708,2.1391,2.1534,122731499.7
2025-04-22 20:00:00,2.1534,2.2506,2.147,2.2138,221946117.4
2025-04-23 00:00:00,2.2138,2.2364,2.1933,2.2345,129629597.2
2025-04-23 04:00:00,2.2345,2.2641,2.2205,2.2563,150711356.1
2025-04-23 08:00:00,2.2563,2.3011,2.2491,2.2591,166140317.3
2025-04-23 12:00:00,2.2592,2.2975,2.1892,2.2265,342997892.1
2025-04-23 16:00:00,2.2265,2.2502,2.1991,2.217,134716226.4
2025-04-23 20:00:00,2.217,2.2294,2.207,2.2175,60531913.2
2025-04-24 00:00:00,2.2175,2.2224,2.1711,2.1743,90761763.0
2025-04-24 04:00:00,2.1743,2.1927,2.1427,2.1488,100289148.4
2025-04-24 08:00:00,2.1489,2.158,2.1165,2.1543,146289933.7
2025-04-24 12:00:00,2.1544,2.2367,2.1501,2.2116,317381460.0
2025-04-24 16:00:00,2.2115,2.2275,2.1814,2.2047,137658368.9
2025-04-24 20:00:00,2.2047,2.2125,2.1855,2.2038,63104944.1
2025-04-25 00:00:00,2.2039,2.2166,2.1622,2.1804,95073787.5
2025-04-25 04:00:00,2.1803,2.2033,2.1755,2.1938,74920514.3
2025-04-25 08:00:00,2.1938,2.2088,2.183,2.2032,95228292.1
2025-04-25 12:00:00,2.2032,2.2197,2.1703,2.1996,181629227.9
2025-04-25 16:00:00,2.1997,2.2087,2.1814,2.1934,91146714.2
2025-04-25 20:00:00,2.1934,2.199,2.1747,2.1801,44467150.6
2025-04-26 00:00:00,2.1801,2.2031,2.1785,2.1902,58219523.4
2025-04-26 04:00:00,2.1902,2.2481,2.1786,2.2192,117849406.0
2025-04-26 08:00:00,2.2192,2.2352,2.1845,2.1927,112508418.2
2025-04-26 12:00:00,2.1927,2.2013,2.1814,2.1984,68526151.9
2025-04-26 16:00:00,2.1983,2.206,2.1909,2.198,35986866.7
2025-04-26 20:00:00,2.198,2.2014,2.1845,2.1898,38512151.0
2025-04-27 00:00:00,2.1898,2.2042,2.1556,2.1746,99334944.8
2025-04-27 04:00:00,2.1745,2.178,2.1588,2.1714,49045212.1
2025-04-27 08:00:00,2.1713,2.1824,2.1681,2.1795,36849756.3
2025-04-27 12:00:00,2.1794,2.2704,2.1724,2.227,328780077.4
2025-04-27 16:00:00,2.227,2.2835,2.2141,2.2835,107886799.9
2025-04-27 20:00:00,2.2834,2.2943,2.2447,2.2512,128405503.1
2025-04-28 00:00:00,2.2512,2.2642,2.2164,2.2582,149356485.9
2025-04-28 04:00:00,2.2581,2.3425,2.2554,2.334,192759145.2
2025-04-28 08:00:00,2.334,2.3622,2.3047,2.3184,202605930.4
2025-04-28 12:00:00,2.3183,2.3282,2.2476,2.2727,213390810.6
2025-04-28 16:00:00,2.2726,2.2956,2.2582,2.2906,113979955.8
2025-04-28 20:00:00,2.2905,2.3063,2.2827,2.2941,57660128.1
2025-04-29 00:00:00,2.2941,2.3137,2.2755,2.2866,93306841.5
2025-04-29 04:00:00,2.2867,2.2907,2.2636,2.2848,73984145.4
2025-04-29 08:00:00,2.2848,2.3039,2.2739,2.2907,93517624.8
2025-04-29 12:00:00,2.2908,2.2922,2.2626,2.2911,88208840.9
2025-04-29 16:00:00,2.2912,2.303,2.281,2.2914,61645400.1
2025-04-29 20:00:00,2.2914,2.2949,2.2204,2.2364,131939895.9
2025-04-30 00:00:00,2.2363,2.2498,2.2233,2.2474,68697791.9
2025-04-30 04:00:00,2.2473,2.2575,2.2063,2.2188,81950201.8
2025-04-30 08:00:00,2.2187,2.2372,2.21,2.2372,73342972.0
2025-04-30 12:00:00,2.2372,2.2374,2.1216,2.1563,324153415.9
2025-04-30 16:00:00,2.1562,2.2179,2.1477,2.1933,166395696.2
2025-04-30 20:00:00,2.1934,2.211,2.188,2.1898,61137427.9
2025-05-01 00:00:00,2.1897,2.2193,2.1858,2.2032,61609671.8
2025-05-01 04:00:00,2.2033,2.2146,2.1918,2.1992,49400307.4
2025-05-01 08:00:00,2.1991,2.2455,2.1971,2.2365,95991159.6
2025-05-01 12:00:00,2.2364,2.2559,2.215,2.2356,122626025.4
2025-05-01 16:00:00,2.2356,2.2522,2.2157,2.2172,71254246.8
2025-05-01 20:00:00,2.2172,2.2275,2.2083,2.2114,49239437.7
2025-05-02 00:00:00,2.2113,2.2331,2.2066,2.2235,54352922.5
2025-05-02 04:00:00,2.2236,2.2319,2.1903,2.1937,83895510.3
2025-05-02 08:00:00,2.1938,2.2192,2.1928,2.2142,51938068.6
2025-05-02 12:00:00,2.2143,2.2402,2.2047,2.2156,115330943.9
2025-05-02 16:00:00,2.2156,2.2356,2.1981,2.2077,79872687.3
2025-05-02 20:00:00,2.2078,2.2153,2.1935,2.2083,41106845.1
2025-05-03 00:00:00,2.2083,2.2195,2.1958,2.2115,44787591.9
2025-05-03 04:00:00,2.2114,2.218,2.1989,2.2023,30697691.3
2025-05-03 08:00:00,2.2024,2.2064,2.1824,2.1871,48709837.9
2025-05-03 12:00:00,2.1872,2.2147,2.187,2.2087,58071694.7
2025-05-03 16:00:00,2.2088,2.2105,2.1744,2.1925,77188806.1
2025-05-03 20:00:00,2.1924,2.1986,2.1815,2.186,34353218.2
2025-05-04 00:00:00,2.186,2.2182,2.1833,2.1977,66197496.8
2025-05-04 04:00:00,2.1977,2.2121,2.1905,2.2103,42417253.7
2025-05-04 08:00:00,2.2102,2.2107,2.1766,2.1878,69067026.7
2025-05-04 12:00:00,2.1878,2.2052,2.1701,2.1959,65563552.8
2025-05-04 16:00:00,2.1959,2.1987,2.162,2.1744,66691081.8
2025-05-04 20:00:00,2.1744,2.1846,2.1486,2.1548,66747606.4
2025-05-05 00:00:00,2.1548,2.1693,2.13,2.1464,88734267.3
2025-05-05 04:00:00,2.1464,2.1843,2.1459,2.1759,59642275.1
2025-05-05 08:00:00,2.176,2.1992,2.1351,2.141,103837206.5
2025-05-05 12:00:00,2.141,2.1528,2.1052,2.1138,163345936.4
2025-05-05 16:00:00,2.1139,2.1606,2.1125,2.1406,88248653.2
2025-05-05 20:00:00,2.1405,2.1498,2.1138,2.1298,67501731.1
2025-05-06 00:00:00,2.1298,2.1394,2.0926,2.1176,87757293.7
2025-05-06 04:00:00,2.1176,2.124,2.0914,2.0979,63722063.2
2025-05-06 08:00:00,2.0978,2.1077,2.0783,2.0888,92541150.2
2025-05-06 12:00:00,2.0888,2.1218,2.0758,2.1099,120037020.0
2025-05-06 16:00:00,2.1099,2.1463,2.1024,2.1356,101294846.6
2025-05-06 20:00:00,2.1357,2.1588,2.11,2.154,89897687.5
2025-05-07 00:00:00,2.154,2.1707,2.1368,2.1469,69629838.2
2025-05-07 04:00:00,2.147,2.1541,2.1276,2.1403,49178230.2
2025-05-07 08:00:00,2.1403,2.1506,2.1347,2.1417,44544521.5
2025-05-07 12:00:00,2.1418,2.1441,2.1202,2.1255,84358342.3
2025-05-07 16:00:00,2.1256,2.1336,2.1025,2.1114,119176702.6
2025-05-07 20:00:00,2.1114,2.136,2.1059,2.1255,50202052.7
2025-05-08 00:00:00,2.1255,2.1854,2.1168,2.1846,122075649.4
2025-05-08 04:00:00,2.1847,2.2057,2.1677,2.1882,121272042.1
2025-05-08 08:00:00,2.1881,2.2181,2.1873,2.2077,123666989.9
2025-05-08 12:00:00,2.2077,2.2744,2.202,2.2427,220584644.9
2025-05-08 16:00:00,2.2427,2.2751,2.2261,2.2733,169025390.4
2025-05-08 20:00:00,2.2734,2.3327,2.2575,2.3266,226931211.8
2025-05-09 00:00:00,2.3265,2.3333,2.292,2.2941,152840208.5
2025-05-09 04:00:00,2.294,2.3568,2.2816,2.3381,161159186.4
2025-05-09 08:00:00,2.3382,2.4293,2.3338,2.3942,429553663.2
2025-05-09 12:00:00,2.3942,2.406,2.3306,2.3491,237939565.7
2025-05-09 16:00:00,2.3492,2.3674,2.322,2.3572,120448619.0
2025-05-09 20:00:00,2.3572,2.3625,2.3311,2.3435,47334989.3
2025-05-10 00:00:00,2.3434,2.379,2.3347,2.3666,95171949.1
2025-05-10 04:00:00,2.3667,2.396,2.3508,2.3891,101847681.0
2025-05-10 08:00:00,2.3892,2.4384,2.3672,2.379,197439370.9
2025-05-10 12:00:00,2.3791,2.4204,2.379,2.3968,103724023.4
2025-05-10 16:00:00,2.3969,2.4499,2.394,2.419,151625412.1
2025-05-10 20:00:00,2.419,2.4772,2.403,2.4711,126819389.4
2025-05-11 00:00:00,2.471,2.4846,2.382,2.4015,215523980.8
2025-05-11 04:00:00,2.4015,2.4174,2.3405,2.3541,129218538.7
2025-05-11 08:00:00,2.3541,2.3866,2.3478,2.385,81980114.9
2025-05-11 12:00:00,2.3851,2.3882,2.3307,2.346,119460507.1
2025-05-11 16:00:00,2.346,2.3826,2.3275,2.371,99562844.3
2025-05-11 20:00:00,2.371,2.379,2.3541,2.3661,58406917.8
2025-05-12 00:00:00,2.3662,2.4074,2.3503,2.3956,138388922.3
2025-05-12 04:00:00,2.3957,2.4561,2.3752,2.4128,207842868.8
2025-05-12 08:00:00,2.4129,2.4831,2.3902,2.4485,232352862.4
2025-05-12 12:00:00,2.4486,2.655,2.4476,2.5929,752955433.3
2025-05-12 16:00:00,2.5929,2.615,2.4284,2.5323,441283989.5
2025-05-12 20:00:00,2.5323,2.5567,2.5013,2.5431,139197303.2
2025-05-13 00:00:00,2.5432,2.5456,2.4255,2.4291,205376425.9
2025-05-13 04:00:00,2.429,2.5152,2.4196,2.498,154957305.9
2025-05-13 08:00:00,2.4981,2.5678,2.4855,2.5338,198005792.2
2025-05-13 12:00:00,2.5338,2.5619,2.5032,2.5427,197886604.8
2025-05-13 16:00:00,2.5428,2.6051,2.5339,2.58,176564522.7
2025-05-13 20:00:00,2.58,2.6021,2.5571,2.582,104434329.1
2025-05-14 00:00:00,2.5821,2.5975,2.54,2.557,120383671.9
2025-05-14 04:00:00,2.5569,2.6354,2.5467,2.6189,126632773.3
2025-05-14 08:00:00,2.6189,2.6524,2.561,2.6133,309780869.2
2025-05-14 12:00:00,2.6134,2.625,2.5455,2.5598,182831372.8
2025-05-14 16:00:00,2.5598,2.5696,2.518,2.5657,113437767.7
2025-05-14 20:00:00,2.5657,2.571,2.535,2.5492,48311726.3
2025-05-15 00:00:00,2.5493,2.5706,2.51,2.521,90353344.2
2025-05-15 04:00:00,2.521,2.5334,2.4467,2.4594,142522923.5
2025-05-15 08:00:00,2.4593,2.5,2.4463,2.4762,135236566.3
2025-05-15 12:00:00,2.4762,2.4877,2.4029,2.4646,234809399.5
2025-05-15 16:00:00,2.4646,2.5041,2.419,2.4476,193119696.3
2025-05-15 20:00:00,2.4477,2.4586,2.3514,2.3841,191592702.6
2025-05-16 00:00:00,2.3842,2.4166,2.3456,2.4111,176408485.7
2025-05-16 04:00:00,2.4112,2.428,2.3993,2.4064,84819297.4
2025-05-16 08:00:00,2.4065,2.4388,2.3705,2.4244,117832275.4
2025-05-16 12:00:00,2.4243,2.438,2.4035,2.422,110105737.8
2025-05-16 16:00:00,2.422,2.4301,2.3927,2.417,76672852.2
2025-05-16 20:00:00,2.417,2.4218,2.3594,2.3785,86662610.7
2025-05-17 00:00:00,2.3785,2.3819,2.3106,2.369,154578658.3
2025-05-17 04:00:00,2.369,2.3881,2.362,2.3793,61672587.6
2025-05-17 08:00:00,2.3793,2.3819,2.34,2.3519,76540651.1
2025-05-17 12:00:00,2.3519,2.355,2.3149,2.3319,88432204.8
2025-05-17 16:00:00,2.3318,2.349,2.2968,2.3335,122647509.4
2025-05-17 20:00:00,2.3334,2.3622,2.3246,2.352,63822822.2
2025-05-18 00:00:00,2.3519,2.3678,2.348,2.3572,49168796.8
2025-05-18 04:00:00,2.3573,2.3971,2.3573,2.3955,52583951.0
2025-05-18 08:00:00,2.3954,2.4053,2.3825,2.3865,62112818.6
2025-05-18 12:00:00,2.3865,2.4435,2.3788,2.4367,118435170.7
2025-05-18 16:00:00,2.4368,2.4488,2.3632,2.368,176544072.3
2025-05-18 20:00:00,2.368,2.4358,2.3306,2.427,138571946.8
2025-05-19 00:00:00,2.4271,2.44,2.3475,2.3478,129190363.1
2025-05-19 04:00:00,2.3479,2.3613,2.2803,2.3046,189655580.6
2025-05-19 08:00:00,2.3046,2.3253,2.2853,2.3225,90558425.2
2025-05-19 12:00:00,2.3225,2.3573,2.2897,2.348,127342629.6
2025-05-19 16:00:00,2.348,2.4,2.3359,2.3977,110128444.7
2025-05-19 20:00:00,2.3976,2.398,2.3652,2.3796,62228639.5
2025-05-20 00:00:00,2.3796,2.4083,2.3734,2.3814,92269027.8
2025-05-20 04:00:00,2.3814,2.392,2.345,2.3459,77396035.6
2025-05-20 08:00:00,2.3459,2.358,2.3333,2.3453,77836158.9
2025-05-20 12:00:00,2.3452,2.3457,2.3186,2.3409,100229736.0
2025-05-20 16:00:00,2.3409,2.3645,2.3125,2.3544,102255576.1
2025-05-20 20:00:00,2.3545,2.3641,2.3362,2.355,77158669.8
2025-05-21 00:00:00,2.355,2.3664,2.3291,2.3574,75986552.9
2025-05-21 04:00:00,2.3574,2.3875,2.3401,2.3475,114283707.6
2025-05-21 08:00:00,2.3476,2.3596,2.3291,2.3508,85491763.2
2025-05-21 12:00:00,2.3509,2.4072,2.344,2.3988,150532392.1
2025-05-21 16:00:00,2.3988,2.4284,2.3333,2.389,279809167.6
2025-05-21 20:00:00,2.3889,2.4161,2.3702,2.3947,98255095.5
2025-05-22 00:00:00,2.3947,2.423,2.388,2.4168,94370250.0
2025-05-22 04:00:00,2.4169,2.4198,2.385,2.4047,90461418.7
2025-05-22 08:00:00,2.4047,2.4553,2.4028,2.4308,160528225.5
2025-05-22 12:00:00,2.4308,2.4382,2.4067,2.432,93262349.7
2025-05-22 16:00:00,2.4321,2.438,2.4132,2.4217,59894010.5
2025-05-22 20:00:00,2.4218,2.4318,2.404,2.43,50621585.2
2025-05-23 00:00:00,2.43,2.4798,2.4211,2.4728,129692698.8
2025-05-23 04:00:00,2.4727,2.4774,2.4087,2.4257,127435925.2
2025-05-23 08:00:00,2.4258,2.4532,2.35,2.3621,164350608.7
2025-05-23 12:00:00,2.3621,2.3817,2.3,2.3607,255280704.6
2025-05-23 16:00:00,2.3607,2.3734,2.3374,2.3393,90043208.6
2025-05-23 20:00:00,2.3393,2.3442,2.2822,2.2953,100177502.4
2025-05-24 00:00:00,2.2953,2.335,2.2843,2.333,69211065.5
2025-05-24 04:00:00,2.333,2.3467,2.3271,2.3349,50075209.3
2025-05-24 08:00:00,2.335,2.3587,2.3304,2.351,52284344.7
2025-05-24 12:00:00,2.3511,2.356,2.3427,2.3514,35120777.3
2025-05-24 16:00:00,2.3514,2.3538,2.3394,2.3476,27268354.9
2025-05-24 20:00:00,2.3477,2.3496,2.32,2.3291,46423643.9
2025-05-25 00:00:00,2.3291,2.335,2.2911,2.3212,84969564.7
2025-05-25 04:00:00,2.3213,2.3243,2.2993,2.3065,40386474.6
2025-05-25 08:00:00,2.3064,2.3065,2.2762,2.291,86783645.0
2025-05-25 12:00:00,2.2911,2.3094,2.2644,2.2864,89803821.9
2025-05-25 16:00:00,2.2864,2.3114,2.2706,2.3046,50313547.8
2025-05-25 20:00:00,2.3046,2.3456,2.2978,2.3405,70856462.1
2025-05-26 00:00:00,2.3406,2.3531,2.3295,2.3417,55385535.2
2025-05-26 04:00:00,2.3418,2.3577,2.335,2.3481,54849944.2
2025-05-26 08:00:00,2.348,2.355,2.3275,2.3343,43192802.4
2025-05-26 12:00:00,2.3343,2.3452,2.311,2.3318,73292756.2
2025-05-26 16:00:00,2.3319,2.3356,2.294,2.3106,68697242.0
2025-05-26 20:00:00,2.3106,2.3233,2.2987,2.3089,38511189.8
2025-05-27 00:00:00,2.309,2.3155,2.2644,2.2947,89299987.1
2025-05-27 04:00:00,2.2947,2.3096,2.2828,2.3003,65450967.9
2025-05-27 08:00:00,2.3003,2.3225,2.3003,2.3185,67185699.5
2025-05-27 12:00:00,2.3185,2.3538,2.3055,2.337,136570660.8
2025-05-27 16:00:00,2.3371,2.3488,2.3309,2.3347,56981444.4
2025-05-27 20:00:00,2.3347,2.3366,2.3041,2.3158,50575357.5
2025-05-28 00:00:00,2.3157,2.3227,2.3016,2.3117,45737559.9
2025-05-28 04:00:00,2.3116,2.3152,2.283,2.2945,62780507.0
2025-05-28 08:00:00,2.2945,2.309,2.2861,2.3068,50815795.2
2025-05-28 12:00:00,2.3067,2.3142,2.2506,2.2515,153606816.0
2025-05-28 16:00:00,2.2515,2.2674,2.2244,2.2261,108470571.1
2025-05-28 20:00:00,2.2261,2.28,2.2251,2.2732,66207098.7
2025-05-29 00:00:00,2.2731,2.3119,2.2661,2.2903,102362379.3
2025-05-29 04:00:00,2.2902,2.2939,2.2723,2.2789,71357479.9
2025-05-29 08:00:00,2.2788,2.3033,2.2762,2.301,59237898.0
2025-05-29 12:00:00,2.3009,2.3085,2.2651,2.2758,118775368.8
2025-05-29 16:00:00,2.2758,2.2907,2.252,2.2637,91803034.7
2025-05-29 20:00:00,2.2636,2.2826,2.235,2.2426,62325267.5
2025-05-30 00:00:00,2.2427,2.251,2.126,2.2164,270925574.8
2025-05-30 04:00:00,2.2164,2.2238,2.1732,2.1889,100316217.0
2025-05-30 08:00:00,2.189,2.214,2.1684,2.2055,97451259.0
2025-05-30 12:00:00,2.2055,2.2088,2.161,2.1822,139528071.5
2025-05-30 16:00:00,2.1823,2.2046,2.1334,2.1851,151072622.0
2025-05-30 20:00:00,2.1851,2.1958,2.1275,2.1383,100326066.4
2025-05-31 00:00:00,2.1383,2.1477,2.0778,2.109,227002676.3
2025-05-31 04:00:00,2.109,2.1422,2.0983,2.1278,75142773.6
2025-05-31 08:00:00,2.1279,2.1526,2.1265,2.1383,66433367.7
2025-05-31 12:00:00,2.1384,2.1803,2.1383,2.1717,77078978.6
2025-05-31 16:00:00,2.1718,2.2056,2.1692,2.1912,75700462.7
2025-05-31 20:00:00,2.1911,2.1995,2.1714,2.1732,57384248.1
2025-06-01 00:00:00,2.1732,2.1777,2.148,2.1625,62243128.8
2025-06-01 04:00:00,2.1625,2.1758,2.1536,2.1579,41894702.1
2025-06-01 08:00:00,2.1578,2.1591,2.1217,2.1398,81059717.6
2025-06-01 12:00:00,2.1398,2.1547,2.1244,2.1511,60213779.5
2025-06-01 16:00:00,2.1511,2.1758,2.1441,2.1665,69218744.8
2025-06-01 20:00:00,2.1664,2.1871,2.1524,2.178,47571794.2
2025-06-02 00:00:00,2.178,2.1826,2.1499,2.1568,57721814.0
2025-06-02 04:00:00,2.1568,2.1786,2.1561,2.1624,53196556.1
2025-06-02 08:00:00,2.1624,2.1785,2.1344,2.1417,81197627.9
2025-06-02 12:00:00,2.1416,2.163,2.136,2.1584,92353980.7
2025-06-02 16:00:00,2.1584,2.1778,2.1482,2.1644,64454881.3
2025-06-02 20:00:00,2.1644,2.2042,2.1644,2.1956,80158809.5
2025-06-03 00:00:00,2.1956,2.2215,2.186,2.195,80331310.4
2025-06-03 04:00:00,2.195,2.2062,2.1866,2.1893,43111886.4
2025-06-03 08:00:00,2.1893,2.2148,2.1828,2.2138,61304532.8
2025-06-03 12:00:00,2.2138,2.2746,2.205,2.2622,139714010.2
2025-06-03 16:00:00,2.2621,2.2813,2.239,2.2804,94743971.4
2025-06-03 20:00:00,2.2805,2.281,2.2316,2.2438,93534521.9
2025-06-04 00:00:00,2.2437,2.2653,2.2282,2.252,61199441.4
2025-06-04 04:00:00,2.252,2.2524,2.2263,2.2329,43637415.5
2025-06-04 08:00:00,2.233,2.2632,2.2322,2.2519,60719202.2
2025-06-04 12:00:00,2.252,2.2605,2.218,2.2484,98753253.7
2025-06-04 16:00:00,2.2483,2.2515,2.2046,2.2046,59502404.5
2025-06-04 20:00:00,2.2047,2.2153,2.1936,2.1998,63458368.0
2025-06-05 00:00:00,2.1998,2.2141,2.1966,2.2044,48765531.4
2025-06-05 04:00:00,2.2044,2.2134,2.1823,2.1855,61564497.6
2025-06-05 08:00:00,2.1855,2.2091,2.185,2.2041,49884454.6
2025-06-05 12:00:00,2.2041,2.2255,2.1749,2.1914,116271288.8
2025-06-05 16:00:00,2.1914,2.1922,2.11,2.129,174744884.6
2025-06-05 20:00:00,2.1291,2.1313,2.0576,2.0922,244314552.7
2025-06-06 00:00:00,2.0922,2.1284,2.0796,2.1279,64912961.9
2025-06-06 04:00:00,2.1279,2.1413,2.1192,2.1293,53769352.4
2025-06-06 08:00:00,2.1294,2.1552,2.1293,2.1494,44729422.8
2025-06-06 12:00:00,2.1494,2.1895,2.1472,2.1836,100243307.7
2025-06-06 16:00:00,2.1837,2.1845,2.1612,2.173,63071159.0
2025-06-06 20:00:00,2.173,2.1821,2.1581,2.159,43008410.8
2025-06-07 00:00:00,2.159,2.1788,2.1467,2.1787,45296882.0
2025-06-07 04:00:00,2.1788,2.1895,2.1693,2.1824,33061432.9
2025-06-07 08:00:00,2.1823,2.1879,2.1738,2.1818,27701647.6
2025-06-07 12:00:00,2.1818,2.1899,2.1777,2.1821,32037683.9
2025-06-07 16:00:00,2.1821,2.1856,2.1713,2.1749,32953754.9
2025-06-07 20:00:00,2.1749,2.186,2.1743,2.1756,25154229.9
2025-06-08 00:00:00,2.1756,2.1763,2.1653,2.1741,25909903.8
2025-06-08 04:00:00,2.1742,2.2226,2.17,2.2064,96034240.6
2025-06-08 08:00:00,2.2065,2.249,2.1953,2.2408,83280078.6
2025-06-08 12:00:00,2.2409,2.2929,2.2408,2.2766,179405492.0
2025-06-08 16:00:00,2.2766,2.2921,2.2714,2.2875,70314253.6
2025-06-08 20:00:00,2.2875,2.2942,2.2541,2.2659,94342338.9
2025-06-09 00:00:00,2.2658,2.2673,2.2305,2.2415,79537612.3
2025-06-09 04:00:00,2.2415,2.2415,2.221,2.2298,67462971.1
2025-06-09 08:00:00,2.2298,2.2693,2.2284,2.268,107274200.2
2025-06-09 12:00:00,2.268,2.2686,2.2378,2.2616,88979068.3
2025-06-09 16:00:00,2.2617,2.3131,2.2602,2.2947,141479552.8
2025-06-09 20:00:00,2.2947,2.3288,2.2936,2.3202,102995939.0
2025-06-10 00:00:00,2.3203,2.327,2.2976,2.2978,76726387.3
2025-06-10 04:00:00,2.2978,2.3014,2.2722,2.2831,74856068.4
2025-06-10 08:00:00,2.2831,2.3146,2.269,2.3036,109387678.6
2025-06-10 12:00:00,2.3035,2.318,2.2574,2.2749,137336775.5
2025-06-10 16:00:00,2.275,2.3126,2.2675,2.295,88126298.2
2025-06-10 20:00:00,2.2951,2.3126,2.2841,2.3066,78871460.5
2025-06-11 00:00:00,2.3066,2.3122,2.2764,2.2972,62784227.9
2025-06-11 04:00:00,2.2972,2.3007,2.2818,2.2921,48798948.2
2025-06-11 08:00:00,2.2921,2.3293,2.2917,2.3138,143181051.6
2025-06-11 12:00:00,2.3138,2.3375,2.3038,2.3247,134808400.9
2025-06-11 16:00:00,2.3247,2.33,2.2822,2.2847,110802811.9
2025-06-11 20:00:00,2.2847,2.2996,2.2504,2.2691,108780259.2
2025-06-12 00:00:00,2.2691,2.2725,2.235,2.2428,72466206.7
2025-06-12 04:00:00,2.2429,2.2565,2.2295,2.2383,56224652.6
2025-06-12 08:00:00,2.2382,2.2487,2.2222,2.2244,61052488.5
2025-06-12 12:00:00,2.2245,2.2513,2.2201,2.2274,91090293.1
2025-06-12 16:00:00,2.2275,2.2543,2.2012,2.2027,85113500.7
2025-06-12 20:00:00,2.2026,2.2118,2.1693,2.1889,135386368.2
2025-06-13 00:00:00,2.1889,2.1909,2.081,2.1238,321726415.0
2025-06-13 04:00:00,2.1239,2.1302,2.0912,2.128,113725317.3
2025-06-13 08:00:00,2.1281,2.1554,2.1224,2.1531,111929782.0
2025-06-13 12:00:00,2.1532,2.1615,2.1211,2.1464,118924030.7
2025-06-13 16:00:00,2.1464,2.1588,2.1154,2.1213,91589969.4
2025-06-13 20:00:00,2.1213,2.1506,2.1199,2.1463,51559799.4
2025-06-14 00:00:00,2.1464,2.1594,2.1315,2.1578,50664341.8
2025-06-14 04:00:00,2.1578,2.1684,2.1475,2.1638,61842596.3
2025-06-14 08:00:00,2.1639,2.178,2.1567,2.1755,59342772.4
2025-06-14 12:00:00,2.1755,2.1768,2.1434,2.1483,60634370.9
2025-06-14 16:00:00,2.1483,2.1505,2.1133,2.1234,115724393.5
2025-06-14 20:00:00,2.1233,2.1452,2.1079,2.1381,62007009.8
2025-06-15 00:00:00,2.1381,2.1524,2.1359,2.152,32820831.7
2025-06-15 04:00:00,2.1519,2.1614,2.1471,2.1502,36421597.2
2025-06-15 08:00:00,2.1503,2.1666,2.1452,2.158,53079119.8
2025-06-15 12:00:00,2.1581,2.1753,2.1563,2.1633,55366030.4
2025-06-15 16:00:00,2.1634,2.1708,2.157,2.1629,36797640.2
2025-06-15 20:00:00,2.163,2.1696,2.1394,2.1644,63361923.7
2025-06-16 00:00:00,2.1644,2.1869,2.1498,2.1714,68783802.8
2025-06-16 04:00:00,2.1713,2.203,2.1704,2.2019,70967245.5
2025-06-16 08:00:00,2.2019,2.2485,2.1926,2.2441,98513410.7
2025-06-16 12:00:00,2.2441,2.2974,2.2432,2.2892,229560292.4
2025-06-16 16:00:00,2.2892,2.3359,2.2891,2.3349,192955816.5
2025-06-16 20:00:00,2.335,2.3366,2.228,2.2372,206984465.4
2025-06-17 00:00:00,2.2372,2.2563,2.2006,2.2486,177897439.7
2025-06-17 04:00:00,2.2487,2.2522,2.2254,2.2349,78257899.7
2025-06-17 08:00:00,2.235,2.238,2.1874,2.1931,102009433.1
2025-06-17 12:00:00,2.193,2.224,2.1616,2.1783,161699623.4
2025-06-17 16:00:00,2.1782,2.2025,2.1408,2.182,176299325.4
2025-06-17 20:00:00,2.182,2.1901,2.1427,2.1581,94432763.0
2025-06-18 00:00:00,2.1581,2.1761,2.151,2.1662,61425413.6
2025-06-18 04:00:00,2.1663,2.1749,2.1462,2.1619,64090708.1
2025-06-18 08:00:00,2.1618,2.168,2.1235,2.1405,115961579.0
2025-06-18 12:00:00,2.1405,2.1615,2.1171,2.1497,159835468.7
2025-06-18 16:00:00,2.1496,2.1626,2.1262,2.1398,109145980.3
2025-06-18 20:00:00,2.1397,2.1798,2.1349,2.1695,72550394.7
2025-06-19 00:00:00,2.1695,2.1841,2.1548,2.1656,54708215.8
2025-06-19 04:00:00,2.1655,2.1752,2.1531,2.1553,49453092.1
2025-06-19 08:00:00,2.1553,2.1661,2.1477,2.1509,45765062.4
2025-06-19 12:00:00,2.1509,2.1575,2.143,2.1446,55349726.1
2025-06-19 16:00:00,2.1445,2.1771,2.1445,2.1711,64699526.6
2025-06-19 20:00:00,2.171,2.1735,2.1591,2.1639,37147019.1
2025-06-20 00:00:00,2.164,2.1726,2.1538,2.1539,39905998.3
2025-06-20 04:00:00,2.154,2.1684,2.1382,2.166,71324696.9
2025-06-20 08:00:00,2.166,2.1761,2.1603,2.1716,61509444.2
2025-06-20 12:00:00,2.1716,2.1791,2.1291,2.1325,113910513.6
2025-06-20 16:00:00,2.1325,2.1358,2.0839,2.1271,192632581.4
2025-06-20 20:00:00,2.127,2.1475,2.1072,2.1185,76172100.4
2025-06-21 00:00:00,2.1185,2.1315,2.114,2.129,35187996.1
2025-06-21 04:00:00,2.1289,2.133,2.1179,2.1325,31263965.3
2025-06-21 08:00:00,2.1325,2.1443,2.1317,2.1361,43150249.3
2025-06-21 12:00:00,2.136,2.1397,2.1071,2.1154,76453745.7
2025-06-21 16:00:00,2.1154,2.1181,2.0684,2.0698,106956265.2
2025-06-21 20:00:00,2.0697,2.0929,1.9841,2.0618,251747031.5
2025-06-22 00:00:00,2.0619,2.0875,2.0379,2.0585,139460854.0
2025-06-22 04:00:00,2.0585,2.0889,2.0554,2.0676,70648173.7
2025-06-22 08:00:00,2.0677,2.077,2.0125,2.024,119033662.1
2025-06-22 12:00:00,2.0239,2.0284,1.924,1.9333,457607568.4
2025-06-22 16:00:00,1.9331,1.9825,1.9274,1.9632,147084861.8
2025-06-22 20:00:00,1.9631,2.022,1.907,2.0159,243728909.8
2025-06-23 00:00:00,2.016,2.032,2.0026,2.0173,69026262.9
2025-06-23 04:00:00,2.0173,2.0345,2.0098,2.0219,77096308.7
2025-06-23 08:00:00,2.0218,2.0267,1.9857,2.0002,101388608.8
2025-06-23 12:00:00,2.0003,2.039,1.9846,1.998,192281247.8
2025-06-23 16:00:00,1.998,2.0622,1.9602,2.0562,272423800.8
2025-06-23 20:00:00,2.0563,2.1696,2.0553,2.1575,241873383.8
2025-06-24 00:00:00,2.1574,2.1652,2.1306,2.1496,98982493.5
2025-06-24 04:00:00,2.1497,2.21,2.1457,2.1771,149805038.5
2025-06-24 08:00:00,2.177,2.2059,2.16,2.183,141052909.1
2025-06-24 12:00:00,2.1829,2.1931,2.1633,2.1873,115933481.7
2025-06-24 16:00:00,2.1873,2.2088,2.1829,2.2062,106112986.5
2025-06-24 20:00:00,2.2062,2.2157,2.1768,2.1888,71381595.1
2025-06-25 00:00:00,2.1889,2.1978,2.1756,2.1776,56470153.2
2025-06-25 04:00:00,2.1775,2.1874,2.1688,2.1846,49915813.5
2025-06-25 08:00:00,2.1847,2.1966,2.1728,2.194,66555585.3
2025-06-25 12:00:00,2.1939,2.2293,2.174,2.1806,184459491.7
2025-06-25 16:00:00,2.1805,2.207,2.1704,2.2048,74129475.3
2025-06-25 20:00:00,2.2049,2.2051,2.1736,2.1848,46253036.8
2025-06-26 00:00:00,2.1849,2.2122,2.1793,2.1947,74190709.2
2025-06-26 04:00:00,2.1948,2.1974,2.1809,2.1886,39743395.6
2025-06-26 08:00:00,2.1885,2.194,2.168,2.1696,54399605.9
2025-06-26 12:00:00,2.1697,2.1722,2.105,2.1187,230852941.3
2025-06-26 16:00:00,2.1186,2.1338,2.0942,2.1239,116234576.3
2025-06-26 20:00:00,2.1239,2.1449,2.102,2.1047,76921031.0
2025-06-27 00:00:00,2.1047,2.1107,2.0759,2.1044,95358781.1
2025-06-27 04:00:00,2.1044,2.1131,2.0809,2.0842,73617656.2
2025-06-27 08:00:00,2.0841,2.1052,2.0837,2.0901,70124028.8
2025-06-27 12:00:00,2.0901,2.1007,2.0664,2.0967,146254529.1
2025-06-27 16:00:00,2.0968,2.1222,2.0693,2.0926,111944819.7
2025-06-27 20:00:00,2.0927,2.1539,2.0917,2.1408,125124041.4
2025-06-28 00:00:00,2.1409,2.1904,2.1323,2.1836,116697363.0
2025-06-28 04:00:00,2.1837,2.2,2.1744,2.1896,68784607.1
2025-06-28 08:00:00,2.1897,2.1929,2.1792,2.1915,54717773.8
2025-06-28 12:00:00,2.1915,2.2062,2.1815,2.2029,72212361.8
2025-06-28 16:00:00,2.2028,2.2074,2.1837,2.1849,66474215.6
2025-06-28 20:00:00,2.185,2.1882,2.1759,2.1843,38280033.5
2025-06-29 00:00:00,2.1842,2.189,2.1739,2.1829,35012440.8
2025-06-29 04:00:00,2.1828,2.1886,2.1797,2.1836,21948506.0
2025-06-29 08:00:00,2.1836,2.1973,2.1828,2.1949,46534328.3
2025-06-29 12:00:00,2.1948,2.1969,2.179,2.1822,44653087.6
2025-06-29 16:00:00,2.1823,2.1945,2.1795,2.1877,32160326.7
2025-06-29 20:00:00,2.1876,2.2191,2.177,2.2052,84228220.3
2025-06-30 00:00:00,2.2053,2.2111,2.1928,2.1951,48690988.2
2025-06-30 04:00:00,2.1951,2.1956,2.1703,2.1855,64428021.4
2025-06-30 08:00:00,2.1856,2.1886,2.1679,2.177,50664039.0
2025-06-30 12:00:00,2.177,2.1992,2.1608,2.1917,105690861.9
2025-06-30 16:00:00,2.1917,2.3269,2.1899,2.3192,277856773.7
2025-06-30 20:00:00,2.3193,2.3251,2.2335,2.2358,180490329.3
2025-07-01 00:00:00,2.2358,2.2532,2.2233,2.2366,92837704.7
2025-07-01 04:00:00,2.2367,2.2367,2.204,2.2232,81596078.9
2025-07-01 08:00:00,2.2232,2.2256,2.1907,2.2008,82447416.7
2025-07-01 12:00:00,2.2008,2.2098,2.1745,2.1869,166667892.9
2025-07-01 16:00:00,2.187,2.2034,2.1548,2.156,106276923.9
2025-07-01 20:00:00,2.1561,2.1807,2.145,2.1706,77228444.4
2025-07-02 00:00:00,2.1706,2.1856,2.1554,2.1846,52609163.8
2025-07-02 04:00:00,2.1845,2.1966,2.1803,2.1909,53186088.2
2025-07-02 08:00:00,2.1909,2.2031,2.1723,2.1759,64499180.9
2025-07-02 12:00:00,2.1758,2.2148,2.1672,2.2111,112493739.0
2025-07-02 16:00:00,2.2111,2.2935,2.2079,2.2638,371365744.7
2025-07-02 20:00:00,2.2638,2.2659,2.229,2.2328,95464668.8
2025-07-03 00:00:00,2.2329,2.247,2.2238,2.2414,65533877.5
2025-07-03 04:00:00,2.2414,2.2827,2.2392,2.2782,101223363.9
2025-07-03 08:00:00,2.2783,2.3112,2.2755,2.2955,147004406.7
2025-07-03 12:00:00,2.2956,2.3137,2.2382,2.2428,244740422.0
2025-07-03 16:00:00,2.2428,2.2822,2.2423,2.2712,79260300.0
2025-07-03 20:00:00,2.2711,2.2794,2.2526,2.256,47331473.2
2025-07-04 00:00:00,2.256,2.267,2.239,2.2477,53927353.7
2025-07-04 04:00:00,2.2477,2.2511,2.214,2.22,81025492.5
2025-07-04 08:00:00,2.22,2.2392,2.2061,2.2371,70335220.5
2025-07-04 12:00:00,2.2371,2.2425,2.2022,2.2134,106965584.3
2025-07-04 16:00:00,2.2134,2.2244,2.1941,2.2094,91292867.7
2025-07-04 20:00:00,2.2095,2.2276,2.2069,2.2194,38714058.3
2025-07-05 00:00:00,2.2194,2.2263,2.2087,2.2245,31159310.4
2025-07-05 04:00:00,2.2244,2.2327,2.2162,2.2237,34793006.1
2025-07-05 08:00:00,2.2237,2.2258,2.2102,2.2207,35243147.0
2025-07-05 12:00:00,2.2207,2.2295,2.2135,2.2218,32554437.1
2025-07-05 16:00:00,2.2217,2.2238,2.2001,2.2134,51989465.5
2025-07-05 20:00:00,2.2134,2.2184,2.2059,2.2163,26376492.3
2025-07-06 00:00:00,2.2163,2.2214,2.2072,2.2154,21274656.2
2025-07-06 04:00:00,2.2153,2.2345,2.215,2.2266,38303071.9
2025-07-06 08:00:00,2.2266,2.2844,2.2257,2.2611,170648960.0
2025-07-06 12:00:00,2.2611,2.2894,2.26,2.2762,117076680.8
2025-07-06 16:00:00,2.2762,2.2821,2.2455,2.2636,76273076.3
2025-07-06 20:00:00,2.2636,2.2897,2.2621,2.2701,69173490.8
2025-07-07 00:00:00,2.27,2.2785,2.2562,2.2694,49247261.8
2025-07-07 04:00:00,2.2694,2.2743,2.2541,2.2713,51359518.2
2025-07-07 08:00:00,2.2713,2.2974,2.2671,2.2824,89773121.8
2025-07-07 12:00:00,2.2823,2.3499,2.2702,2.3381,327481421.7
2025-07-07 16:00:00,2.3381,2.3532,2.279,2.2983,237116309.5
2025-07-07 20:00:00,2.2982,2.2982,2.2577,2.2694,107544057.1
2025-07-08 00:00:00,2.2694,2.2721,2.2471,2.2615,97478594.4
2025-07-08 04:00:00,2.2615,2.2755,2.2553,2.2739,69496127.3
2025-07-08 08:00:00,2.274,2.2998,2.2715,2.2924,91042909.4
2025-07-08 12:00:00,2.2925,2.3042,2.2764,2.2853,112304442.3
2025-07-08 16:00:00,2.2854,2.3216,2.282,2.3205,106316929.8
2025-07-08 20:00:00,2.3205,2.3211,2.2955,2.3096,52554168.1
2025-07-09 00:00:00,2.3097,2.3184,2.2966,2.3025,57089065.4
2025-07-09 04:00:00,2.3025,2.3368,2.3009,2.3307,84901895.2
2025-07-09 08:00:00,2.3308,2.3887,2.3292,2.3806,190488850.0
2025-07-09 12:00:00,2.3807,2.4052,2.3508,2.3811,263387650.9
2025-07-09 16:00:00,2.3812,2.4282,2.3739,2.4201,171860932.7
2025-07-09 20:00:00,2.4201,2.4214,2.3836,2.4033,129307071.4
2025-07-10 00:00:00,2.4034,2.4362,2.3925,2.4196,105612697.8
2025-07-10 04:00:00,2.4196,2.442,2.4093,2.4359,105368377.3
2025-07-10 08:00:00,2.4358,2.4613,2.4258,2.452,149160357.1
2025-07-10 12:00:00,2.4519,2.459,2.418,2.4531,152636597.9
2025-07-10 16:00:00,2.4532,2.5119,2.4458,2.4994,214887843.9
2025-07-10 20:00:00,2.4995,2.5668,2.4907,2.5463,244378686.1
2025-07-11 00:00:00,2.5464,2.5924,2.5114,2.575,188417124.9
2025-07-11 04:00:00,2.575,2.5974,2.5532,2.5788,198805905.5
2025-07-11 08:00:00,2.5788,2.6613,2.5781,2.6284,293069321.0
2025-07-11 12:00:00,2.6284,2.9777,2.6246,2.7773,1163230114.4
2025-07-11 16:00:00,2.7773,2.8588,2.702,2.8583,545537327.0
2025-07-11 20:00:00,2.8582,2.8587,2.6606,2.7335,425183686.3
2025-07-12 00:00:00,2.7335,2.8497,2.6905,2.8011,305181803.1
2025-07-12 04:00:00,2.801,2.8064,2.7556,2.7677,157986839.3
2025-07-12 08:00:00,2.7675,2.8477,2.7656,2.806,197775248.2
2025-07-12 12:00:00,2.8061,2.8092,2.663,2.6812,409314482.0
2025-07-12 16:00:00,2.6812,2.7537,2.6698,2.7376,173555337.5
2025-07-12 20:00:00,2.7376,2.7486,2.6845,2.7395,130168480.4
2025-07-13 00:00:00,2.7394,2.7882,2.7236,2.7683,143895727.7
2025-07-13 04:00:00,2.7684,2.8154,2.758,2.7989,134139650.5
2025-07-13 08:00:00,2.799,2.818,2.7709,2.7885,147903472.4
2025-07-13 12:00:00,2.7886,2.894,2.7825,2.8377,360775904.9
2025-07-13 16:00:00,2.8377,2.8824,2.8114,2.8454,185586443.5
2025-07-13 20:00:00,2.8455,2.8645,2.7603,2.8355,186669671.5
2025-07-14 00:00:00,2.8355,2.948,2.8204,2.9268,243653954.4
2025-07-14 04:00:00,2.9268,2.9811,2.874,2.9576,336960347.7
2025-07-14 08:00:00,2.9576,3.028,2.927,2.9787,431289787.7
2025-07-14 12:00:00,2.9786,3.0379,2.9105,2.948,519431288.1
2025-07-14 16:00:00,2.9481,3.0038,2.9108,2.9308,250300467.7
2025-07-14 20:00:00,2.9307,2.9644,2.8765,2.9582,153460333.2
2025-07-15 00:00:00,2.9583,2.9584,2.8036,2.8508,353245254.2
2025-07-15 04:00:00,2.8508,2.8873,2.8229,2.8533,172249198.3
2025-07-15 08:00:00,2.8534,2.9297,2.824,2.9059,215805834.6
2025-07-15 12:00:00,2.906,2.9344,2.8401,2.8906,355873055.7
2025-07-15 16:00:00,2.8906,2.947,2.8576,2.8634,204013682.2
2025-07-15 20:00:00,2.8633,2.9301,2.8544,2.9203,109498652.7
2025-07-16 00:00:00,2.9203,2.9386,2.878,2.9054,103604035.0
2025-07-16 04:00:00,2.9054,2.9404,2.8919,2.9301,91877228.9
2025-07-16 08:00:00,2.9301,2.9658,2.9221,2.9523,114040697.4
2025-07-16 12:00:00,2.9523,3.0082,2.9467,2.9769,281932072.8
2025-07-16 16:00:00,2.977,3.0795,2.968,3.0599,316812051.7
2025-07-16 20:00:00,3.0599,3.1024,3.0235,3.0398,226948427.2
2025-07-17 00:00:00,3.0399,3.0815,2.99,3.0254,207190447.3
2025-07-17 04:00:00,3.0253,3.1749,3.0155,3.1572,320199257.8
2025-07-17 08:00:00,3.1573,3.3023,3.1413,3.2645,482876502.4
2025-07-17 12:00:00,3.2645,3.2777,3.17,3.2546,385768756.7
2025-07-17 16:00:00,3.2546,3.4045,3.2223,3.3087,526987338.3
2025-07-17 20:00:00,3.3088,3.5555,3.2864,3.484,721070220.6
2025-07-18 00:00:00,3.4841,3.6646,3.4646,3.6086,527789222.4
2025-07-18 04:00:00,3.6086,3.6419,3.4511,3.4602,379551839.2
2025-07-18 08:00:00,3.4603,3.5168,3.4061,3.4906,440011865.4
2025-07-18 12:00:00,3.4906,3.546,3.3476,3.3765,503577463.8
2025-07-18 16:00:00,3.3765,3.4809,3.3649,3.4354,279285678.3
2025-07-18 20:00:00,3.4351,3.4534,3.3592,3.414,226419779.4
2025-07-19 00:00:00,3.4141,3.4804,3.3972,3.4498,182870868.1
2025-07-19 04:00:00,3.4497,3.4862,3.4165,3.466,140774837.5
2025-07-19 08:00:00,3.4659,3.4748,3.3882,3.393,151430886.7
2025-07-19 12:00:00,3.3931,3.4321,3.3546,3.4105,193875088.8
2025-07-19 16:00:00,3.4106,3.461,3.405,3.4325,119532050.1
2025-07-19 20:00:00,3.4324,3.4456,3.3804,3.425,90564472.1
2025-07-20 00:00:00,3.4249,3.4527,3.3846,3.4355,157714943.7
2025-07-20 04:00:00,3.4354,3.4597,3.4024,3.443,115581171.3
2025-07-20 08:00:00,3.4429,3.5367,3.4429,3.4999,246672043.2
2025-07-20 12:00:00,3.4998,3.5485,3.4786,3.5187,196538731.3
2025-07-20 16:00:00,3.5186,3.5598,3.4824,3.5247,188769961.2
2025-07-20 20:00:00,3.5246,3.5269,3.4,3.4542,212587402.9
2025-07-21 00:00:00,3.4542,3.4908,3.4068,3.4792,145289121.1
2025-07-21 04:00:00,3.4793,3.5837,3.4723,3.569,186065714.2
2025-07-21 08:00:00,3.5691,3.5825,3.5314,3.5356,138352733.9
2025-07-21 12:00:00,3.5357,3.6532,3.4993,3.6066,328062557.1
2025-07-21 16:00:00,3.6066,3.6254,3.5272,3.5467,261693301.0
2025-07-21 20:00:00,3.5466,3.5744,3.512,3.5497,104022044.6
2025-07-22 00:00:00,3.5498,3.5758,3.4609,3.5007,233586259.9
2025-07-22 04:00:00,3.5007,3.5039,3.4201,3.4757,190764423.4
2025-07-22 08:00:00,3.4757,3.5229,3.4253,3.5199,153744526.6
2025-07-22 12:00:00,3.5198,3.5387,3.4404,3.5102,208555377.4
2025-07-22 16:00:00,3.5101,3.5827,3.494,3.5202,194223436.4
2025-07-22 20:00:00,3.5202,3.5569,3.5154,3.5533,83497705.4
2025-07-23 00:00:00,3.5533,3.5547,3.4908,3.4952,87053044.8
2025-07-23 04:00:00,3.4951,3.514,3.461,3.4687,96892024.0
2025-07-23 08:00:00,3.4687,3.4762,3.4309,3.4506,116969032.3
2025-07-23 12:00:00,3.4506,3.4506,3.2242,3.3219,641307108.0
2025-07-23 16:00:00,3.3218,3.3218,3.16,3.1845,346205915.3
2025-07-23 20:00:00,3.1845,3.217,3.05,3.1845,493395246.0
2025-07-24 00:00:00,3.1846,3.2354,3.1498,3.1917,201214589.2
2025-07-24 04:00:00,3.1917,3.1959,2.9535,3.0744,541943589.1
2025-07-24 08:00:00,3.0744,3.1777,3.0552,3.1672,289029425.5
2025-07-24 12:00:00,3.1672,3.264,3.117,3.2244,377250180.9
2025-07-24 16:00:00,3.2244,3.2586,3.1675,3.2067,201810543.0
2025-07-24 20:00:00,3.2068,3.2414,3.1254,3.1442,130198423.4
2025-07-25 00:00:00,3.1443,3.1602,3.0438,3.0683,252200420.3
2025-07-25 04:00:00,3.0682,3.1175,3.0346,3.0729,211298648.1
2025-07-25 08:00:00,3.073,3.1521,3.0618,3.1329,187625247.4
2025-07-25 12:00:00,3.1329,3.1509,2.9959,3.0357,300200897.6
2025-07-25 16:00:00,3.0357,3.0959,3.0235,3.069,116984548.4
2025-07-25 20:00:00,3.069,3.1499,3.069,3.141,94767724.7
2025-07-26 00:00:00,3.141,3.1628,3.1081,3.1426,83871707.8
2025-07-26 04:00:00,3.1426,3.1751,3.1395,3.154,63957807.9
2025-07-26 08:00:00,3.1541,3.2094,3.1529,3.1845,112294905.5
2025-07-26 12:00:00,3.1846,3.1998,3.1744,3.1909,86173948.3
2025-07-26 16:00:00,3.191,3.2175,3.1563,3.1896,103546130.7
2025-07-26 20:00:00,3.1897,3.2089,3.1621,3.165,60682841.7
2025-07-27 00:00:00,3.165,3.206,3.155,3.1983,69732240.0
2025-07-27 04:00:00,3.1984,3.238,3.1841,3.1881,99046225.5
2025-07-27 08:00:00,3.1881,3.2135,3.1656,3.1783,95997522.5
2025-07-27 12:00:00,3.1783,3.2066,3.1609,3.185,102800718.0
2025-07-27 16:00:00,3.1849,3.2275,3.1749,3.2078,151858506.4
2025-07-27 20:00:00,3.2078,3.2504,3.1872,3.2376,129500473.1
2025-07-28 00:00:00,3.2377,3.2921,3.2205,3.2681,176151999.4
2025-07-28 04:00:00,3.268,3.3296,3.2493,3.2722,160488629.7
2025-07-28 08:00:00,3.2721,3.2759,3.2227,3.2435,96490535.0
2025-07-28 12:00:00,3.2434,3.248,3.1391,3.1579,257854951.3
2025-07-28 16:00:00,3.158,3.1841,3.112,3.1591,178398542.7
2025-07-28 20:00:00,3.1591,3.1623,3.1052,3.1218,136408411.0
2025-07-29 00:00:00,3.1219,3.1457,3.0762,3.1387,140151109.2
2025-07-29 04:00:00,3.1387,3.1809,3.1202,3.1737,91848990.2
2025-07-29 08:00:00,3.1738,3.1842,3.1119,3.1357,112372056.0
2025-07-29 12:00:00,3.1357,3.174,3.0748,3.0972,226930284.6
2025-07-29 16:00:00,3.0972,3.1609,3.0516,3.118,171738495.5
2025-07-29 20:00:00,3.118,3.1361,3.0922,3.1269,92194970.4
2025-07-30 00:00:00,3.127,3.1487,3.091,3.1363,77732569.7
2025-07-30 04:00:00,3.1364,3.1452,3.1021,3.1181,83416176.7
2025-07-30 08:00:00,3.1181,3.1393,3.0411,3.0499,145035324.3
2025-07-30 12:00:00,3.0499,3.1531,3.0375,3.1428,197110748.3
2025-07-30 16:00:00,3.1428,3.162,3.0,3.0964,271319342.2
2025-07-30 20:00:00,3.0965,3.1157,3.0613,3.0957,95450386.6
2025-07-31 00:00:00,3.0958,3.1465,3.0862,3.1385,85897209.0
2025-07-31 04:00:00,3.1385,3.1544,3.1303,3.154,53419522.4
2025-07-31 08:00:00,3.154,3.1779,3.1458,3.1505,81665325.0
2025-07-31 12:00:00,3.1504,3.1516,3.074,3.0989,183544227.6
2025-07-31 16:00:00,3.0989,3.135,3.0505,3.0562,144786399.8
2025-07-31 20:00:00,3.0561,3.0658,3.0082,3.0203,150011926.8
2025-08-01 00:00:00,3.0204,3.0237,2.9279,2.9965,340239619.6
2025-08-01 04:00:00,2.9966,2.9966,2.9336,2.9541,144882372.9
2025-08-01 08:00:00,2.9541,2.9705,2.891,2.9689,187026048.3
2025-08-01 12:00:00,2.9689,3.0576,2.929,3.0423,312030225.1
2025-08-01 16:00:00,3.0423,3.0517,2.9735,3.0134,187445227.2
2025-08-01 20:00:00,3.0133,3.0287,2.893,2.9602,231334988.9
2025-08-02 00:00:00,2.9602,2.985,2.9468,2.9824,73783165.8
2025-08-02 04:00:00,2.9824,3.0199,2.9441,2.9912,118023058.7
2025-08-02 08:00:00,2.9912,3.0008,2.9286,2.9394,106035221.7
2025-08-02 12:00:00,2.9395,2.9458,2.8208,2.8289,199453436.0
2025-08-02 16:00:00,2.829,2.8644,2.7407,2.7784,331108492.4
2025-08-02 20:00:00,2.7785,2.8163,2.7381,2.7684,153825008.8
2025-08-03 00:00:00,2.7684,2.8397,2.7266,2.8341,180016638.2
2025-08-03 04:00:00,2.8341,2.868,2.8127,2.8635,84706901.5
2025-08-03 08:00:00,2.8635,2.8922,2.8474,2.8678,105189363.4
2025-08-03 12:00:00,2.8678,2.9019,2.8573,2.8937,111868691.2
2025-08-03 16:00:00,2.8937,2.9284,2.8838,2.9146,100193886.9
2025-08-03 20:00:00,2.9146,2.9607,2.9,2.9463,100780606.3
2025-08-04 00:00:00,2.9462,3.0297,2.9291,2.9973,186618986.3
2025-08-04 04:00:00,2.9974,3.0177,2.9648,3.0101,127091602.6
2025-08-04 08:00:00,3.0102,3.0227,2.9756,2.991,103555867.8
2025-08-04 12:00:00,2.9911,3.079,2.9782,3.0291,229320193.2
2025-08-04 16:00:00,3.0291,3.0883,3.029,3.0476,119249198.4
2025-08-04 20:00:00,3.0476,3.0854,3.039,3.0701,80971839.4
2025-08-05 00:00:00,3.07,3.1059,3.0333,3.0373,118711545.5
2025-08-05 04:00:00,3.0373,3.0537,2.9947,3.0031,125481932.9
2025-08-05 08:00:00,3.003,3.0793,2.9977,3.0618,124295950.4
2025-08-05 12:00:00,3.0618,3.0643,2.9555,2.9702,239654579.3
2025-08-05 16:00:00,2.9702,2.9911,2.9438,2.9457,112744271.3
2025-08-05 20:00:00,2.9457,2.9743,2.9148,2.9607,94293391.0
2025-08-06 00:00:00,2.9607,2.9631,2.9074,2.9129,93334650.7
2025-08-06 04:00:00,2.913,2.9669,2.9006,2.9545,105848588.3
2025-08-06 08:00:00,2.9545,2.9589,2.9175,2.9449,85836409.0
2025-08-06 12:00:00,2.9448,3.0082,2.9213,3.0022,159616944.3
2025-08-06 16:00:00,3.0023,3.0168,2.9681,3.01,106638081.9
2025-08-06 20:00:00,3.01,3.0102,2.9789,2.9896,48652286.9
2025-08-07 00:00:00,2.9896,3.01,2.9661,2.9669,67717526.7
2025-08-07 04:00:00,2.9669,3.0132,2.963,2.999,64246185.3
2025-08-07 08:00:00,2.9989,3.0874,2.987,3.078,152517505.1
2025-08-07 12:00:00,3.078,3.0846,3.0397,3.061,128209559.3
2025-08-07 16:00:00,3.061,3.1008,3.0076,3.1001,110042602.2
2025-08-07 20:00:00,3.1002,3.3332,3.099,3.3181,488119352.8
2025-08-08 00:00:00,3.3181,3.375,3.2696,3.375,356139856.9
2025-08-08 04:00:00,3.375,3.3813,3.3048,3.3546,187864678.1
2025-08-08 08:00:00,3.3545,3.3598,3.3014,3.3353,124501325.5
2025-08-08 12:00:00,3.3352,3.372,3.205,3.2206,349634570.1
2025-08-08 16:00:00,3.2205,3.3382,3.2191,3.3373,191664481.6
2025-08-08 20:00:00,3.3373,3.3375,3.2778,3.2848,92253161.5
2025-08-09 00:00:00,3.2848,3.3131,3.2787,3.2903,67967687.8
2025-08-09 04:00:00,3.2902,3.3343,3.2868,3.3198,121150045.6
2025-08-09 08:00:00,3.3198,3.3468,3.3034,3.308,109982102.3
2025-08-09 12:00:00,3.308,3.3265,3.245,3.2713,165749873.6
2025-08-09 16:00:00,3.2713,3.2968,3.2573,3.2637,79342796.2
2025-08-09 20:00:00,3.2636,3.2746,3.2061,3.2245,128366290.7
2025-08-10 00:00:00,3.2245,3.2629,3.217,3.2571,93991368.2
2025-08-10 04:00:00,3.2572,3.2775,3.161,3.1861,159671965.9
2025-08-10 08:00:00,3.186,3.2186,3.1511,3.19,129517394.5
2025-08-10 12:00:00,3.1901,3.2033,3.1555,3.1835,103018591.0
2025-08-10 16:00:00,3.1834,3.213,3.1802,3.2053,47990266.3
2025-08-10 20:00:00,3.2052,3.2068,3.1561,3.1856,107402135.0
2025-08-11 00:00:00,3.1855,3.2726,3.1706,3.2641,152885136.3
2025-08-11 04:00:00,3.2642,3.2878,3.2323,3.2442,109467344.5
2025-08-11 08:00:00,3.2442,3.3328,3.2024,3.2137,266964734.9
2025-08-11 12:00:00,3.2137,3.2349,3.1746,3.2073,225204368.0
2025-08-11 16:00:00,3.2074,3.2273,3.1433,3.1474,194069622.6
2025-08-11 20:00:00,3.1474,3.1698,3.1156,3.1281,118846794.0
2025-08-12 00:00:00,3.1281,3.1742,3.1258,3.1473,82993158.5
2025-08-12 04:00:00,3.1473,3.1647,3.1136,3.1544,84220453.0
2025-08-12 08:00:00,3.1544,3.1632,3.1024,3.1486,99681159.8
2025-08-12 12:00:00,3.1486,3.2179,3.1412,3.2115,214970407.3
2025-08-12 16:00:00,3.2115,3.289,3.204,3.2872,144720653.4
2025-08-12 20:00:00,3.2872,3.306,3.2566,3.2665,158367925.8
2025-08-13 00:00:00,3.2666,3.2666,3.2055,3.2409,134201683.3
2025-08-13 04:00:00,3.2409,3.2568,3.2012,3.2386,107328094.9
2025-08-13 08:00:00,3.2385,3.2996,3.238,3.2847,159307988.6
2025-08-13 12:00:00,3.2846,3.3366,3.2252,3.2556,335340408.2
2025-08-13 16:00:00,3.2556,3.2847,3.2435,3.2775,96555584.7
2025-08-13 20:00:00,3.2776,3.2944,3.2522,3.2752,88898845.5
2025-08-14 00:00:00,3.2752,3.3565,3.2701,3.3276,209283288.6
2025-08-14 04:00:00,3.3277,3.3362,3.2347,3.2555,197696082.3
2025-08-14 08:00:00,3.2555,3.2558,3.1973,3.2176,149184903.0
2025-08-14 12:00:00,3.2175,3.2346,2.981,3.0941,579719189.9
2025-08-14 16:00:00,3.094,3.0969,3.0414,3.0664,181593895.0
2025-08-14 20:00:00,3.0665,3.0888,3.0278,3.0774,113773276.2
2025-08-15 00:00:00,3.0775,3.1205,3.07,3.1161,77424888.1
2025-08-15 04:00:00,3.1161,3.1414,3.104,3.1159,81896552.6
2025-08-15 08:00:00,3.1159,3.1267,3.0953,3.1096,70731546.5
2025-08-15 12:00:00,3.1095,3.1395,3.0094,3.0255,245420170.2
2025-08-15 16:00:00,3.0255,3.0932,3.001,3.0638,161809322.8
2025-08-15 20:00:00,3.0638,3.0965,3.0528,3.0763,76901715.6
2025-08-16 00:00:00,3.0763,3.1133,3.0697,3.1071,61511339.0
2025-08-16 04:00:00,3.1072,3.1246,3.0871,3.1222,54667261.2
2025-08-16 08:00:00,3.1222,3.1548,3.102,3.1034,125034940.7
2025-08-16 12:00:00,3.1034,3.1258,3.0967,3.1018,73896043.8
2025-08-16 16:00:00,3.1018,3.1111,3.0906,3.0985,38612615.5
2025-08-16 20:00:00,3.0985,3.1076,3.0893,3.1039,24127161.8
2025-08-17 00:00:00,3.1039,3.1226,3.0814,3.1186,49054234.4
2025-08-17 04:00:00,3.1185,3.1373,3.1102,3.1162,48045550.4
2025-08-17 08:00:00,3.1161,3.1406,3.11,3.1267,59486628.7
2025-08-17 12:00:00,3.1266,3.1448,3.1125,3.1423,69016860.8
2025-08-17 16:00:00,3.1423,3.1458,3.0752,3.0871,90915711.4
2025-08-17 20:00:00,3.0871,3.1114,3.0832,3.0856,47754366.4
2025-08-18 00:00:00,3.0856,3.0897,2.9648,2.9882,193360938.9
2025-08-18 04:00:00,2.9882,3.0036,2.9527,2.9623,122400630.3
2025-08-18 08:00:00,2.9623,2.9766,2.939,2.9628,97858599.7
2025-08-18 12:00:00,2.9628,3.0226,2.9581,3.0138,126886561.7
2025-08-18 16:00:00,3.0139,3.0952,2.9985,3.0807,137470866.2
2025-08-18 20:00:00,3.0808,3.0949,3.0504,3.0605,79389096.3
2025-08-19 00:00:00,3.0605,3.0796,2.9829,2.9891,128606619.0
2025-08-19 04:00:00,2.9892,3.0267,2.9717,3.0023,103768926.6
2025-08-19 08:00:00,3.0024,3.0234,2.989,3.0142,68869884.5
2025-08-19 12:00:00,3.0142,3.0365,2.925,2.928,194010595.1
2025-08-19 16:00:00,2.9281,2.934,2.87,2.8755,178048361.2
2025-08-19 20:00:00,2.8753,2.905,2.8474,2.8593,123758698.3
2025-08-20 00:00:00,2.8593,2.8987,2.8476,2.8855,97681308.2
2025-08-20 04:00:00,2.8856,2.8994,2.8637,2.8662,76425289.8
2025-08-20 08:00:00,2.8662,2.913,2.8578,2.8881,123076414.5
2025-08-20 12:00:00,2.8881,2.9333,2.8174,2.9029,268027249.8
2025-08-20 16:00:00,2.9029,2.9876,2.9026,2.9875,148966920.5
2025-08-20 20:00:00,2.9875,2.988,2.948,2.9503,65655677.5
2025-08-21 00:00:00,2.9503,2.9577,2.9117,2.9289,91467168.8
2025-08-21 04:00:00,2.9288,2.94,2.8912,2.9072,60667903.6
2025-08-21 08:00:00,2.9072,2.9151,2.8846,2.9009,61922628.9
2025-08-21 12:00:00,2.9008,2.9222,2.871,2.8855,128400061.8
2025-08-21 16:00:00,2.8855,2.9183,2.8503,2.867,110221362.3
2025-08-21 20:00:00,2.8671,2.8875,2.8408,2.8505,72423167.9
2025-08-22 00:00:00,2.8504,2.8838,2.8205,2.8314,99831949.9
2025-08-22 04:00:00,2.8314,2.8735,2.829,2.859,79546298.3
2025-08-22 08:00:00,2.8589,2.8753,2.8024,2.804,101912468.6
2025-08-22 12:00:00,2.804,3.0426,2.7812,3.016,606780463.1
2025-08-22 16:00:00,3.016,3.0998,3.0153,3.0713,251832376.4
2025-08-22 20:00:00,3.0714,3.106,3.0644,3.0738,138202938.4
2025-08-23 00:00:00,3.0738,3.0749,2.9682,2.993,184390108.0
2025-08-23 04:00:00,2.9929,3.0751,2.9923,3.0612,113104511.5
2025-08-23 08:00:00,3.0613,3.0713,3.0286,3.0425,88211281.0
2025-08-23 12:00:00,3.0425,3.0466,3.0063,3.0181,83551161.5
2025-08-23 16:00:00,3.0181,3.0302,3.0098,3.0291,37611997.5
2025-08-23 20:00:00,3.0291,3.0572,3.0243,3.0478,45401270.0
2025-08-24 00:00:00,3.0478,3.0888,3.0439,3.052,91716268.3
2025-08-24 04:00:00,3.052,3.0562,3.0288,3.0355,56275563.3
2025-08-24 08:00:00,3.0355,3.0475,2.9963,3.0077,85171715.6
2025-08-24 12:00:00,3.0077,3.04,3.0047,3.0137,71844801.2
2025-08-24 16:00:00,3.0136,3.1275,2.995,3.0334,342421338.6
2025-08-24 20:00:00,3.0334,3.0465,2.9842,3.025,173127128.6
2025-08-25 00:00:00,3.0249,3.0529,2.972,3.0213,123185875.9
2025-08-25 04:00:00,3.0213,3.0256,2.9271,2.9374,126489831.7
2025-08-25 08:00:00,2.9374,2.9564,2.9179,2.9418,107119708.3
2025-08-25 12:00:00,2.9416,2.973,2.926,2.9522,118082151.7
2025-08-25 16:00:00,2.9523,2.9673,2.871,2.8752,150787889.9
2025-08-25 20:00:00,2.8753,2.8925,2.8202,2.8567,247945944.6
2025-08-26 00:00:00,2.8568,2.8958,2.8443,2.8835,105362388.4
2025-08-26 04:00:00,2.8836,2.934,2.8835,2.9157,94507096.0
2025-08-26 08:00:00,2.9157,2.9263,2.8894,2.9001,74704194.4
2025-08-26 12:00:00,2.9,2.9421,2.8862,2.9315,181773727.2
2025-08-26 16:00:00,2.9315,3.081,2.9246,3.0596,183594779.2
2025-08-26 20:00:00,3.0595,3.0617,3.002,3.0112,146239662.9
2025-08-27 00:00:00,3.0113,3.0121,2.98,3.0031,78472578.5
2025-08-27 04:00:00,3.0031,3.0265,2.9834,2.9924,81210443.7
2025-08-27 08:00:00,2.9923,3.0224,2.9923,2.9967,65291703.3
2025-08-27 12:00:00,2.9966,3.031,2.9865,3.0156,125996854.2
2025-08-27 16:00:00,3.0156,3.0439,2.986,3.0041,114991937.8
2025-08-27 20:00:00,3.0041,3.0278,2.9603,2.9676,172398659.7
2025-08-28 00:00:00,2.9677,2.9884,2.9519,2.9811,68310786.6
2025-08-28 04:00:00,2.9812,3.0122,2.9762,3.0023,73946447.4
2025-08-28 08:00:00,3.0023,3.0155,2.9905,3.0065,61471858.0
2025-08-28 12:00:00,3.0065,3.0247,2.969,2.98,146717539.0
2025-08-28 16:00:00,2.9801,2.9971,2.9414,2.9421,89853114.0
2025-08-28 20:00:00,2.9421,2.9778,2.9417,2.9647,55807928.3
2025-08-29 00:00:00,2.9647,2.9755,2.9357,2.9367,65437880.8
2025-08-29 04:00:00,2.9367,2.9398,2.8592,2.8685,149297862.0
2025-08-29 08:00:00,2.8685,2.8854,2.8422,2.8751,121959667.1
2025-08-29 12:00:00,2.8752,2.9198,2.8152,2.833,276600626.2
2025-08-29 16:00:00,2.833,2.8446,2.8,2.8121,132080318.9
2025-08-29 20:00:00,2.8121,2.8247,2.7716,2.8179,109400309.3
2025-08-30 00:00:00,2.8179,2.8235,2.7596,2.8115,93122991.7
2025-08-30 04:00:00,2.8115,2.8338,2.8083,2.8304,56128387.3
2025-08-30 08:00:00,2.8303,2.8309,2.7941,2.8085,53275823.2
2025-08-30 12:00:00,2.8085,2.8096,2.7729,2.8053,72169057.4
2025-08-30 16:00:00,2.8053,2.8172,2.797,2.8091,39133408.1
2025-08-30 20:00:00,2.8091,2.8168,2.7979,2.8167,29062465.9
2025-08-31 00:00:00,2.8166,2.868,2.8166,2.8503,80936968.0
2025-08-31 04:00:00,2.8503,2.8551,2.8216,2.8277,46987011.9
2025-08-31 08:00:00,2.8277,2.8432,2.8106,2.8226,46788995.0
2025-08-31 12:00:00,2.8226,2.8241,2.8001,2.8207,52915869.6
2025-08-31 16:00:00,2.8207,2.8208,2.7968,2.7988,50557188.9
2025-08-31 20:00:00,2.7988,2.8159,2.7686,2.7745,60762371.3
2025-09-01 00:00:00,2.7744,2.7784,2.7245,2.7407,158583756.6
2025-09-01 04:00:00,2.7406,2.7934,2.7,2.793,156995072.7
2025-09-01 08:00:00,2.793,2.8381,2.7661,2.7688,187803969.2
2025-09-01 12:00:00,2.7687,2.7795,2.7503,2.7611,90384176.3
2025-09-01 16:00:00,2.7611,2.7736,2.7186,2.7722,91961527.6
2025-09-01 20:00:00,2.7723,2.7748,2.6955,2.7576,143057839.2
2025-09-02 00:00:00,2.7576,2.8,2.7471,2.7966,87243049.0
2025-09-02 04:00:00,2.7967,2.8145,2.784,2.7928,70390301.1
2025-09-02 08:00:00,2.7928,2.8318,2.7924,2.7979,75660410.1
2025-09-02 12:00:00,2.7978,2.8449,2.7607,2.7895,216064618.6
2025-09-02 16:00:00,2.7894,2.8277,2.7804,2.8269,86489490.5
2025-09-02 20:00:00,2.8269,2.8631,2.8155,2.8605,87179404.8
2025-09-03 00:00:00,2.8605,2.8648,2.8246,2.8399,92580819.4
2025-09-03 04:00:00,2.8399,2.8432,2.8091,2.8192,51455010.2
2025-09-03 08:00:00,2.8192,2.8627,2.8185,2.8553,73044827.0
2025-09-03 12:00:00,2.8554,2.8853,2.8408,2.8706,129878193.9
2025-09-03 16:00:00,2.8706,2.8729,2.8418,2.8631,53833940.8
2025-09-03 20:00:00,2.8632,2.8661,2.8375,2.843,39872545.5
2025-09-04 00:00:00,2.8429,2.856,2.8317,2.843,50176377.8
2025-09-04 04:00:00,2.843,2.8601,2.8128,2.8234,71388483.4
2025-09-04 08:00:00,2.8234,2.8546,2.8225,2.8398,56249560.3
2025-09-04 12:00:00,2.8398,2.8468,2.8023,2.809,109418250.2
2025-09-04 16:00:00,2.809,2.8222,2.7823,2.7831,67748384.8
2025-09-04 20:00:00,2.7831,2.8245,2.7831,2.7933,55773394.1
2025-09-05 00:00:00,2.7933,2.8129,2.7765,2.8059,60418968.9
2025-09-05 04:00:00,2.8058,2.849,2.8022,2.8432,63521509.2
2025-09-05 08:00:00,2.8432,2.8532,2.8271,2.843,70462220.8
2025-09-05 12:00:00,2.843,2.8843,2.7982,2.8133,275232368.4
2025-09-05 16:00:00,2.8134,2.8643,2.8023,2.8638,81008163.9
2025-09-05 20:00:00,2.8638,2.8645,2.8125,2.8132,63619576.7
2025-09-06 00:00:00,2.8131,2.8275,2.8107,2.8255,29061770.8
2025-09-06 04:00:00,2.8256,2.8256,2.812,2.8189,22426688.0
2025-09-06 08:00:00,2.8189,2.8193,2.7995,2.8046,35516936.0
2025-09-06 12:00:00,2.8047,2.8165,2.7986,2.8009,33418993.8
2025-09-06 16:00:00,2.8009,2.8061,2.791,2.793,37348368.4
2025-09-06 20:00:00,2.7929,2.8112,2.7929,2.8083,25829368.1
2025-09-07 00:00:00,2.8084,2.8247,2.8078,2.8212,28643149.5
2025-09-07 04:00:00,2.8212,2.8336,2.8175,2.8295,32472721.2
2025-09-07 08:00:00,2.8296,2.8359,2.8244,2.8304,31018321.3
2025-09-07 12:00:00,2.8305,2.9278,2.8273,2.8991,210947342.5
2025-09-07 16:00:00,2.8991,2.8999,2.8489,2.8612,83344845.4
2025-09-07 20:00:00,2.8611,2.8908,2.8539,2.876,89968846.2
2025-09-08 00:00:00,2.876,2.899,2.861,2.8876,68437752.3
2025-09-08 04:00:00,2.8876,2.9099,2.8729,2.909,65729430.2
2025-09-08 08:00:00,2.9091,2.9539,2.9022,2.9349,129669077.4
2025-09-08 12:00:00,2.935,2.9951,2.9323,2.9845,156638412.0
2025-09-08 16:00:00,2.9846,2.9898,2.9605,2.9781,79085838.5
2025-09-08 20:00:00,2.9782,2.984,2.9538,2.9687,54979797.9
2025-09-09 00:00:00,2.9687,2.9776,2.9327,2.9491,77533514.7
2025-09-09 04:00:00,2.9491,3.0271,2.9436,3.0193,131082933.0
2025-09-09 08:00:00,3.0192,3.0363,2.9984,3.0035,97013123.3
2025-09-09 12:00:00,3.0035,3.0291,2.9356,2.9456,186256356.9
2025-09-09 16:00:00,2.9457,2.9713,2.9428,2.9634,53357691.0
2025-09-09 20:00:00,2.9634,2.967,2.939,2.9456,41551735.5
2025-09-10 00:00:00,2.9457,2.963,2.934,2.9615,51858028.7
2025-09-10 04:00:00,2.9616,2.98,2.9442,2.9797,49800493.5
2025-09-10 08:00:00,2.9798,2.986,2.9589,2.9697,53207174.7
2025-09-10 12:00:00,2.9697,3.0235,2.9693,3.0015,147113951.5
2025-09-10 16:00:00,3.0016,3.0131,2.9656,2.9772,76273269.5
2025-09-10 20:00:00,2.9772,2.9859,2.9707,2.9822,35188966.6
2025-09-11 00:00:00,2.9822,3.0094,2.9759,3.0081,44299826.8
2025-09-11 04:00:00,3.0081,3.0134,2.9901,3.0022,46725611.5
2025-09-11 08:00:00,3.0021,3.0344,2.9972,3.0064,86632799.6
2025-09-11 12:00:00,3.0064,3.035,2.9421,2.9932,185909237.3
2025-09-11 16:00:00,2.9932,3.0338,2.9881,3.0246,66670891.9
2025-09-11 20:00:00,3.0247,3.0484,3.01,3.0388,63587813.6
2025-09-12 00:00:00,3.0388,3.0712,3.0308,3.0358,102144781.2
2025-09-12 04:00:00,3.0358,3.0726,3.0274,3.0659,82855655.8
2025-09-12 08:00:00,3.066,3.0699,3.0358,3.0375,61427718.8
2025-09-12 12:00:00,3.0376,3.0642,3.0161,3.0263,113390482.6
2025-09-12 16:00:00,3.0264,3.0926,3.0204,3.0886,104044983.1
2025-09-12 20:00:00,3.0885,3.1372,3.081,3.1046,130792243.7
2025-09-13 00:00:00,3.1046,3.1239,3.0888,3.1135,64862625.3
2025-09-13 04:00:00,3.1134,3.1214,3.0983,3.1161,44018216.9
2025-09-13 08:00:00,3.116,3.1855,3.1093,3.1719,151975114.5
2025-09-13 12:00:00,3.1719,3.181,3.1156,3.133,121746204.1
2025-09-13 16:00:00,3.133,3.1415,3.0882,3.11,96289673.3
2025-09-13 20:00:00,3.11,3.1269,3.1078,3.1181,44205322.2
2025-09-14 00:00:00,3.118,3.1259,3.0824,3.094,92530802.6
2025-09-14 04:00:00,3.094,3.1077,3.0736,3.0829,64643397.2
2025-09-14 08:00:00,3.0829,3.0943,3.053,3.0577,64104403.1
2025-09-14 12:00:00,3.0576,3.0654,3.0082,3.0295,139544649.2
2025-09-14 16:00:00,3.0295,3.058,3.0266,3.0363,59722596.5
2025-09-14 20:00:00,3.0363,3.056,3.0236,3.0266,50071244.8
2025-09-15 00:00:00,3.0265,3.0515,3.0105,3.0468,51938230.5
2025-09-15 04:00:00,3.0468,3.0655,3.0101,3.0213,84396993.5
2025-09-15 08:00:00,3.0212,3.0224,2.9518,2.9976,171997392.6
2025-09-15 12:00:00,2.9976,3.0419,2.9828,3.0263,161786612.2
2025-09-15 16:00:00,3.0262,3.0347,2.9843,2.9864,89081112.5
2025-09-15 20:00:00,2.9864,3.0029,2.9785,2.9957,40103424.7
2025-09-16 00:00:00,2.9957,2.998,2.9756,2.9776,46461851.1
2025-09-16 04:00:00,2.9777,3.0129,2.9623,3.0062,68902101.0
2025-09-16 08:00:00,3.0062,3.0487,3.0022,3.0276,76029768.4
2025-09-16 12:00:00,3.0277,3.0468,2.9982,3.0377,114940916.9
2025-09-16 16:00:00,3.0377,3.0577,3.0289,3.0506,70248826.4
2025-09-16 20:00:00,3.0507,3.0568,3.034,3.0364,32656883.7
2025-09-17 00:00:00,3.0364,3.0466,3.0143,3.0152,63679648.5
2025-09-17 04:00:00,3.0153,3.0375,3.0043,3.0329,58735117.1
2025-09-17 08:00:00,3.0329,3.0329,3.0012,3.0073,50076104.8
2025-09-17 12:00:00,3.0074,3.0365,3.0066,3.0214,58370841.2
2025-09-17 16:00:00,3.0213,3.0675,2.9803,3.0307,228403172.0
2025-09-17 20:00:00,3.0306,3.1068,3.0045,3.083,137101489.0
2025-09-18 00:00:00,3.0831,3.1112,3.07,3.1043,79959788.1
2025-09-18 04:00:00,3.1043,3.1063,3.0545,3.091,89240161.5
2025-09-18 08:00:00,3.0911,3.1367,3.0893,3.1358,96365577.0
2025-09-18 12:00:00,3.1358,3.1388,3.1012,3.1121,102619092.0
2025-09-18 16:00:00,3.1121,3.1223,3.0875,3.1064,81008402.5
2025-09-18 20:00:00,3.1063,3.1072,3.059,3.0721,71951050.4
2025-09-19 00:00:00,3.0721,3.0928,3.0434,3.0458,69289627.5
2025-09-19 04:00:00,3.0457,3.0518,3.0219,3.0364,92847474.2
2025-09-19 08:00:00,3.0364,3.0458,3.0209,3.0288,58898190.9
2025-09-19 12:00:00,3.0289,3.045,2.9866,3.0085,135156485.9
2025-09-19 16:00:00,3.0085,3.0159,2.982,2.9851,67957726.4
2025-09-19 20:00:00,2.985,2.9993,2.9766,2.9885,50316052.0
2025-09-20 00:00:00,2.9884,2.9997,2.978,2.9899,35194193.5
2025-09-20 04:00:00,2.9899,3.0077,2.9858,3.0069,30706103.3
2025-09-20 08:00:00,3.0069,3.0073,2.9729,2.9875,42897822.6
2025-09-20 12:00:00,2.9875,2.9948,2.9635,2.9879,61344081.9
2025-09-20 16:00:00,2.9879,2.9914,2.9691,2.9729,38950650.3
2025-09-20 20:00:00,2.973,2.984,2.9681,2.9735,29378595.9
2025-09-21 00:00:00,2.9735,2.9972,2.9709,2.9961,29305679.5
2025-09-21 04:00:00,2.9962,3.0123,2.9916,2.9956,39523020.5
2025-09-21 08:00:00,2.9957,2.9994,2.9592,2.9737,57202704.1
2025-09-21 12:00:00,2.9738,2.9873,2.9682,2.9784,27975807.1
2025-09-21 16:00:00,2.9784,2.984,2.9506,2.9802,47527223.1
2025-09-21 20:00:00,2.9801,2.9919,2.9627,2.9686,39122375.3
2025-09-22 00:00:00,2.9686,2.974,2.8752,2.9026,232176432.7
2025-09-22 04:00:00,2.9025,2.9054,2.6704,2.8046,323254538.0
2025-09-22 08:00:00,2.8045,2.8226,2.7883,2.8148,100237707.6
2025-09-22 12:00:00,2.8148,2.8735,2.8027,2.8585,147371275.9
2025-09-22 16:00:00,2.8586,2.8691,2.8137,2.8331,116640118.0
2025-09-22 20:00:00,2.8331,2.8559,2.8132,2.8512,51539223.8
2025-09-23 00:00:00,2.8512,2.8711,2.7977,2.8587,101435847.3
2025-09-23 04:00:00,2.8588,2.8829,2.8342,2.8631,89309580.9
2025-09-23 08:00:00,2.863,2.8721,2.8474,2.857,49015038.8
2025-09-23 12:00:00,2.8569,2.8826,2.8515,2.8753,77323438.7
2025-09-23 16:00:00,2.8753,2.8959,2.8366,2.8517,94038505.0
2025-09-23 20:00:00,2.8516,2.8587,2.816,2.8234,52080665.1
2025-09-24 00:00:00,2.8234,2.842,2.8033,2.8125,74171198.5
2025-09-24 04:00:00,2.8125,2.8764,2.7871,2.8723,106656443.3
2025-09-24 08:00:00,2.8724,2.8834,2.8659,2.8789,44625646.1
2025-09-24 12:00:00,2.8789,2.95,2.8703,2.9389,121256874.8
2025-09-24 16:00:00,2.9389,2.9948,2.9276,2.9759,124663239.2
2025-09-24 20:00:00,2.9759,2.9786,2.9222,2.9246,100741771.2
2025-09-25 00:00:00,2.9246,2.9433,2.8679,2.8719,123942241.1
2025-09-25 04:00:00,2.872,2.8771,2.8308,2.8409,130396814.4
2025-09-25 08:00:00,2.8409,2.8535,2.806,2.8143,94574169.5
2025-09-25 12:00:00,2.8142,2.8594,2.7843,2.83,198670866.5
2025-09-25 16:00:00,2.83,2.8367,2.7229,2.7596,272844557.2
2025-09-25 20:00:00,2.7596,2.7708,2.7296,2.742,97733028.9
2025-09-26 00:00:00,2.7419,2.7777,2.7372,2.7599,75075348.1
2025-09-26 04:00:00,2.7598,2.7741,2.7358,2.7539,85276611.3
2025-09-26 08:00:00,2.7538,2.7676,2.6967,2.7265,115299227.8
2025-09-26 12:00:00,2.7266,2.7761,2.699,2.7341,210899723.2
2025-09-26 16:00:00,2.7341,2.8082,2.7306,2.7904,143239243.5
2025-09-26 20:00:00,2.7903,2.7964,2.7688,2.7823,46674025.3
2025-09-27 00:00:00,2.7823,2.789,2.7659,2.7824,31890076.3
2025-09-27 04:00:00,2.7824,2.8011,2.7746,2.7801,34983071.4
2025-09-27 08:00:00,2.7801,2.7933,2.7606,2.7762,42692031.3
2025-09-27 12:00:00,2.7761,2.788,2.7714,2.7826,25695893.9
2025-09-27 16:00:00,2.7827,2.7934,2.7612,2.7886,36538659.9
2025-09-27 20:00:00,2.7885,2.8274,2.7863,2.8032,48688938.3
2025-09-28 00:00:00,2.8033,2.8132,2.7758,2.7815,49261671.6
2025-09-28 04:00:00,2.7814,2.7934,2.7737,2.7862,28021467.5
2025-09-28 08:00:00,2.7863,2.7938,2.7695,2.7752,44519581.6
2025-09-28 12:00:00,2.7751,2.8131,2.7649,2.8096,59683340.0
2025-09-28 16:00:00,2.8096,2.8336,2.8035,2.8266,51795629.3
2025-09-28 20:00:00,2.8265,2.8664,2.8251,2.8662,68750244.5
2025-09-29 00:00:00,2.8662,2.8838,2.8471,2.8621,69886209.4
2025-09-29 04:00:00,2.8622,2.904,2.8428,2.8854,75971572.3
2025-09-29 08:00:00,2.8855,2.8915,2.8516,2.8538,57150916.1
2025-09-29 12:00:00,2.8537,2.9278,2.8441,2.8924,136367608.9
2025-09-29 16:00:00,2.8924,2.902,2.8644,2.8962,75838052.8
2025-09-29 20:00:00,2.8963,2.9137,2.8774,2.8788,58515624.3
2025-09-30 00:00:00,2.8788,2.8916,2.8665,2.8748,61073722.6
2025-09-30 04:00:00,2.8748,2.906,2.8709,2.8728,48097165.5
2025-09-30 08:00:00,2.8728,2.8742,2.8331,2.8454,73947532.1
2025-09-30 12:00:00,2.8454,2.8614,2.8119,2.827,92241201.1
2025-09-30 16:00:00,2.827,2.8721,2.8164,2.8625,94737777.5
2025-09-30 20:00:00,2.8626,2.8785,2.8328,2.8454,59049815.7
2025-10-01 00:00:00,2.8453,2.8588,2.8126,2.8177,57659915.8
2025-10-01 04:00:00,2.8178,2.8563,2.8149,2.8526,61078357.6
2025-10-01 08:00:00,2.8526,2.9512,2.8505,2.9427,167106595.4
2025-10-01 12:00:00,2.9426,2.957,2.9262,2.9403,106413417.3
2025-10-01 16:00:00,2.9404,2.96,2.9188,2.9536,75163600.7
2025-10-01 20:00:00,2.9537,2.9544,2.9252,2.9473,48060887.8
2025-10-02 00:00:00,2.9473,2.9863,2.9387,2.971,89996393.2
2025-10-02 04:00:00,2.9709,2.984,2.9526,2.9679,64102494.3
2025-10-02 08:00:00,2.9679,2.9953,2.965,2.9701,67486374.2
2025-10-02 12:00:00,2.9701,2.993,2.945,2.9908,131548291.6
2025-10-02 16:00:00,2.9908,3.099,2.9859,3.0894,190218917.9
2025-10-02 20:00:00,3.0895,3.09,3.0248,3.0375,107668531.0
2025-10-03 00:00:00,3.0376,3.0381,3.0032,3.0194,91461683.3
2025-10-03 04:00:00,3.0194,3.0343,3.0116,3.0329,58896200.5
2025-10-03 08:00:00,3.0329,3.0572,3.0213,3.0365,79932455.6
2025-10-03 12:00:00,3.0366,3.0721,3.0062,3.0676,103269677.3
2025-10-03 16:00:00,3.0676,3.095,3.0111,3.0338,189669292.5
2025-10-03 20:00:00,3.0338,3.055,3.02,3.0395,43193476.0
2025-10-04 00:00:00,3.0394,3.0518,3.007,3.0224,46976191.8
2025-10-04 04:00:00,3.0224,3.0304,3.0133,3.0168,35547933.4
2025-10-04 08:00:00,3.0169,3.0211,2.9814,2.9897,76410332.8
2025-10-04 12:00:00,2.9897,3.0056,2.94,2.9489,113450431.3
2025-10-04 16:00:00,2.949,2.9566,2.9379,2.9495,47864859.4
2025-10-04 20:00:00,2.9496,2.9719,2.9448,2.9675,37035597.9
2025-10-05 00:00:00,2.9675,3.0256,2.955,3.0066,78687618.5
2025-10-05 04:00:00,3.0067,3.0674,3.0039,3.0633,91076857.0
2025-10-05 08:00:00,3.0633,3.0724,3.0011,3.0215,113611449.5
2025-10-05 12:00:00,3.0216,3.0216,2.985,3.0123,61362674.3
2025-10-05 16:00:00,3.0123,3.0147,2.9469,2.9522,97102757.7
2025-10-05 20:00:00,2.9521,2.9841,2.9455,2.9679,71952964.5
2025-10-06 00:00:00,2.9678,2.9908,2.9534,2.9767,84713800.8
2025-10-06 04:00:00,2.9768,2.9983,2.961,2.9721,67102924.0
2025-10-06 08:00:00,2.9722,3.0077,2.9722,2.9941,60038745.3
2025-10-06 12:00:00,2.9942,3.0383,2.9828,3.0299,157194843.4
2025-10-06 16:00:00,3.0298,3.05,3.0204,3.0242,102459975.9
2025-10-06 20:00:00,3.0242,3.0331,2.9858,2.9878,76784043.3
2025-10-07 00:00:00,2.9879,2.9999,2.9752,2.9849,56770753.5
2025-10-07 04:00:00,2.9848,3.0002,2.9603,2.9707,74773384.1
2025-10-07 08:00:00,2.9707,2.979,2.9531,2.9686,66970966.1
2025-10-07 12:00:00,2.9686,2.9898,2.8676,2.8835,278851937.0
2025-10-07 16:00:00,2.8835,2.9028,2.8471,2.8556,137027385.3
2025-10-07 20:00:00,2.8557,2.8805,2.8482,2.8509,66111590.5
2025-10-08 00:00:00,2.8509,2.8778,2.8362,2.8451,70093761.7
2025-10-08 04:00:00,2.8451,2.8632,2.8284,2.8567,58301259.3
2025-10-08 08:00:00,2.8566,2.88,2.8548,2.8745,50356376.5
2025-10-08 12:00:00,2.8746,2.8923,2.8506,2.8646,77581783.9
2025-10-08 16:00:00,2.8646,2.9234,2.8611,2.9081,99146720.0
2025-10-08 20:00:00,2.9082,2.9107,2.8754,2.8786,38257596.1
2025-10-09 00:00:00,2.8786,2.8793,2.823,2.8434,74019227.0
2025-10-09 04:00:00,2.8433,2.8474,2.8121,2.8155,58608889.4
2025-10-09 08:00:00,2.8156,2.8268,2.7845,2.8247,105857966.7
2025-10-09 12:00:00,2.8247,2.8394,2.7881,2.8011,128959755.6
2025-10-09 16:00:00,2.8011,2.8084,2.77,2.7878,118200775.7
2025-10-09 20:00:00,2.7878,2.8154,2.7821,2.8011,54557047.6
2025-10-10 00:00:00,2.8011,2.8286,2.7894,2.8117,57856161.2
2025-10-10 04:00:00,2.8116,2.8297,2.7974,2.8018,52598494.1
2025-10-10 08:00:00,2.8018,2.8298,2.7964,2.8172,44785378.8
2025-10-10 12:00:00,2.8173,2.8358,2.7111,2.74,260477228.9
2025-10-10 16:00:00,2.74,2.7632,2.6297,2.6752,291007937.5
2025-10-10 20:00:00,2.6752,2.6963,1.1792,2.3666,1619543434.9
2025-10-11 00:00:00,2.3667,2.4532,2.2955,2.3953,405947420.0
2025-10-11 04:00:00,2.3954,2.45,2.387,2.4102,210713398.6
2025-10-11 08:00:00,2.4102,2.5046,2.3973,2.4759,190196493.4
2025-10-11 12:00:00,2.4758,2.4858,2.4138,2.4775,150499315.6
2025-10-11 16:00:00,2.4774,2.4919,2.3821,2.4083,137969087.7
2025-10-11 20:00:00,2.4082,2.4109,2.3218,2.3806,213918914.1
2025-10-12 00:00:00,2.3807,2.3856,2.3102,2.3403,177010572.3
2025-10-12 04:00:00,2.3402,2.3993,2.3379,2.3883,96040035.9
2025-10-12 08:00:00,2.3882,2.4097,2.3674,2.3956,104866597.7
2025-10-12 12:00:00,2.3956,2.5144,2.3597,2.4869,448026101.9
2025-10-12 16:00:00,2.4868,2.5509,2.486,2.5457,214882229.6
2025-10-12 20:00:00,2.5457,2.5822,2.507,2.5271,153110335.1
2025-10-13 00:00:00,2.5271,2.5727,2.5107,2.5494,135295509.2
2025-10-13 04:00:00,2.5495,2.6355,2.5318,2.6197,290543758.5
2025-10-13 08:00:00,2.6197,2.6413,2.5345,2.5682,313517608.5
2025-10-13 12:00:00,2.5681,2.6153,2.5495,2.5861,394153868.2
2025-10-13 16:00:00,2.5861,2.6387,2.5688,2.6239,226521181.7
2025-10-13 20:00:00,2.6238,2.645,2.5959,2.6042,69446460.5
2025-10-14 00:00:00,2.6042,2.62,2.5475,2.559,201865312.7
2025-10-14 04:00:00,2.559,2.5642,2.4176,2.4517,488572191.3
2025-10-14 08:00:00,2.4517,2.4742,2.4107,2.4506,238538291.3
2025-10-14 12:00:00,2.4507,2.4973,2.3877,2.4957,241477883.1
2025-10-14 16:00:00,2.4957,2.5354,2.4602,2.4821,226787498.2
2025-10-14 20:00:00,2.4822,2.5114,2.4737,2.502,57701521.8
2025-10-15 00:00:00,2.502,2.5248,2.4784,2.4871,77276916.8
2025-10-15 04:00:00,2.4871,2.5084,2.4775,2.5059,56283966.8
2025-10-15 08:00:00,2.5058,2.547,2.4752,2.4912,116944926.7
2025-10-15 12:00:00,2.4911,2.511,2.4231,2.4326,201409622.3
2025-10-15 16:00:00,2.4326,2.4483,2.4002,2.4039,125103050.7
2025-10-15 20:00:00,2.404,2.4199,2.374,2.4097,100021465.4
2025-10-16 00:00:00,2.4097,2.434,2.3978,2.4169,64215846.1
2025-10-16 04:00:00,2.4169,2.4323,2.3954,2.4089,70329644.7
2025-10-16 08:00:00,2.409,2.456,2.35,2.4511,153268694.4
2025-10-16 12:00:00,2.4511,2.4655,2.3294,2.354,236583213.6
2025-10-16 16:00:00,2.354,2.3979,2.3062,2.3257,213269044.6
2025-10-16 20:00:00,2.3257,2.3349,2.2826,2.3268,122203761.5
2025-10-17 00:00:00,2.3267,2.4008,2.3186,2.3574,135586492.7
2025-10-17 04:00:00,2.3574,2.3592,2.231,2.2381,224595534.9
2025-10-17 08:00:00,2.2382,2.2952,2.1881,2.2815,294011654.5
2025-10-17 12:00:00,2.2816,2.3037,2.2393,2.2999,188691594.5
2025-10-17 16:00:00,2.2999,2.3271,2.2762,2.296,110935648.0
2025-10-17 20:00:00,2.296,2.3402,2.29,2.2925,73908303.9
2025-10-18 00:00:00,2.2925,2.3426,2.2881,2.3374,61459687.6
2025-10-18 04:00:00,2.3374,2.3745,2.3141,2.3524,74511489.2
2025-10-18 08:00:00,2.3524,2.3779,2.3454,2.3772,59497834.0
2025-10-18 12:00:00,2.3771,2.3899,2.3386,2.3474,94686990.7
2025-10-18 16:00:00,2.3474,2.3708,2.332,2.3658,52402668.0
2025-10-18 20:00:00,2.3659,2.3735,2.3493,2.3582,30298028.2
2025-10-19 00:00:00,2.3583,2.3672,2.334,2.3672,47837664.4
2025-10-19 04:00:00,2.3672,2.3682,2.3402,2.3468,36783164.0
2025-10-19 08:00:00,2.3468,2.3971,2.3164,2.3738,161198232.7
2025-10-19 12:00:00,2.3737,2.4137,2.3607,2.3996,102976029.8
2025-10-19 16:00:00,2.3996,2.418,2.3868,2.3972,66004879.4
2025-10-19 20:00:00,2.3973,2.4086,2.3849,2.3894,47878866.1
2025-10-20 00:00:00,2.3894,2.4401,2.3534,2.4328,101853156.0
2025-10-20 04:00:00,2.4328,2.4766,2.4301,2.4693,79683434.0
2025-10-20 08:00:00,2.4693,2.4797,2.4511,2.4567,76988056.0
2025-10-20 12:00:00,2.4567,2.4843,2.4461,2.4619,84685336.4
2025-10-20 16:00:00,2.4619,2.5514,2.4258,2.522,175306117.9
2025-10-20 20:00:00,2.522,2.5341,2.4818,2.4936,99331463.8
2025-10-21 00:00:00,2.4937,2.4942,2.4473,2.4517,75612570.0
2025-10-21 04:00:00,2.4517,2.4528,2.411,2.4252,114223027.9
2025-10-21 08:00:00,2.4253,2.4314,2.4003,2.4306,81742308.3
2025-10-21 12:00:00,2.4305,2.5315,2.4059,2.5215,210498575.1
2025-10-21 16:00:00,2.5215,2.5235,2.4715,2.4922,145563404.8
2025-10-21 20:00:00,2.4922,2.4965,2.4141,2.4212,123340643.4
2025-10-22 00:00:00,2.4212,2.4335,2.4022,2.4191,77299660.1
2025-10-22 04:00:00,2.4192,2.4364,2.3883,2.4085,109705800.6
2025-10-22 08:00:00,2.4084,2.4084,2.3633,2.3948,104802454.5
2025-10-22 12:00:00,2.3949,2.416,2.3655,2.3994,154575535.6
2025-10-22 16:00:00,2.3994,2.4055,2.3529,2.3754,118197070.5
2025-10-22 20:00:00,2.3754,2.3795,2.3235,2.3635,116559125.9
2025-10-23 00:00:00,2.3636,2.386,2.3606,2.3782,44285724.3
2025-10-23 04:00:00,2.3783,2.4184,2.376,2.4065,69835294.1
2025-10-23 08:00:00,2.4066,2.4166,2.3881,2.3901,52225332.7
2025-10-23 12:00:00,2.3901,2.4185,2.3732,2.4072,103507120.7
2025-10-23 16:00:00,2.4072,2.4248,2.3906,2.4053,73360270.1
2025-10-23 20:00:00,2.4053,2.4055,2.3759,2.3936,54399195.3
2025-10-24 00:00:00,2.3936,2.409,2.3851,2.4052,41841711.5
2025-10-24 04:00:00,2.4052,2.4475,2.4026,2.4395,73693556.6
2025-10-24 08:00:00,2.4394,2.4632,2.432,2.4546,73689845.1
2025-10-24 12:00:00,2.4547,2.5136,2.4546,2.4785,203195469.2
2025-10-24 16:00:00,2.4785,2.5131,2.4594,2.499,99512005.8
2025-10-24 20:00:00,2.4989,2.5147,2.4954,2.5093,58416981.4
2025-10-25 00:00:00,2.5094,2.56,2.502,2.5392,98749620.4
2025-10-25 04:00:00,2.5392,2.57,2.5358,2.5416,70796859.8
2025-10-25 08:00:00,2.5415,2.5699,2.5264,2.5631,69374600.4
2025-10-25 12:00:00,2.563,2.6193,2.5589,2.5965,128009145.7
2025-10-25 16:00:00,2.5966,2.6537,2.5871,2.6035,109880274.5
2025-10-25 20:00:00,2.6036,2.617,2.5882,2.5947,62095174.9
2025-10-26 00:00:00,2.5947,2.6275,2.5911,2.6005,83140267.5
2025-10-26 04:00:00,2.6005,2.6259,2.598,2.6228,37903206.8
2025-10-26 08:00:00,2.6229,2.6618,2.6163,2.645,113428594.3
2025-10-26 12:00:00,2.645,2.655,2.6282,2.6396,84453869.8
2025-10-26 16:00:00,2.6397,2.6404,2.608,2.6136,66845147.9
2025-10-26 20:00:00,2.6136,2.6628,2.5957,2.6449,106447069.4
2025-10-27 00:00:00,2.6449,2.6699,2.62,2.6341,107756249.3
2025-10-27 04:00:00,2.6341,2.6747,2.6244,2.6292,92885166.0
2025-10-27 08:00:00,2.6292,2.6381,2.6038,2.6248,97448681.2
2025-10-27 12:00:00,2.6248,2.6645,2.6,2.6601,144969767.2
2025-10-27 16:00:00,2.6601,2.6969,2.6533,2.668,149356927.0
2025-10-27 20:00:00,2.6681,2.6681,2.6219,2.6327,88225440.7
2025-10-28 00:00:00,2.6327,2.6509,2.6069,2.6302,85998092.3
2025-10-28 04:00:00,2.6302,2.6618,2.6109,2.6368,77898831.5
2025-10-28 08:00:00,2.6369,2.6672,2.634,2.6401,62265711.2
2025-10-28 12:00:00,2.6401,2.6878,2.6012,2.6343,174739171.7
2025-10-28 16:00:00,2.6343,2.6786,2.6111,2.6412,131508566.3
2025-10-28 20:00:00,2.6412,2.6417,2.5621,2.602,162762400.1
2025-10-29 00:00:00,2.6019,2.6266,2.598,2.6074,68858230.2
2025-10-29 04:00:00,2.6073,2.6346,2.6055,2.633,45441343.0
2025-10-29 08:00:00,2.633,2.6599,2.6197,2.6488,79957783.1
2025-10-29 12:00:00,2.6488,2.663,2.6127,2.6254,114970304.0
2025-10-29 16:00:00,2.6254,2.6597,2.5481,2.5864,264131288.2
2025-10-29 20:00:00,2.5864,2.617,2.5359,2.5489,121436013.0
2025-10-30 00:00:00,2.5489,2.588,2.5271,2.5779,89104243.0
2025-10-30 04:00:00,2.578,2.5934,2.4836,2.5823,183269411.7
2025-10-30 08:00:00,2.5823,2.5884,2.5408,2.5432,78353163.2
2025-10-30 12:00:00,2.5432,2.5501,2.4431,2.4524,228582226.4
2025-10-30 16:00:00,2.4525,2.4695,2.3765,2.3841,174669317.2
2025-10-30 20:00:00,2.3842,2.4409,2.3755,2.4378,113256312.9
2025-10-31 00:00:00,2.4378,2.4808,2.4322,2.4695,91198398.8
2025-10-31 04:00:00,2.4695,2.4915,2.4671,2.474,72581713.2
2025-10-31 08:00:00,2.4739,2.5151,2.4652,2.5132,84815964.2
2025-10-31 12:00:00,2.5131,2.5488,2.4913,2.5217,195991714.6
2025-10-31 16:00:00,2.5216,2.5534,2.4831,2.5423,164501352.7
2025-10-31 20:00:00,2.5423,2.5423,2.5007,2.5081,56915870.3
2025-11-01 00:00:00,2.5082,2.5183,2.4877,2.5149,46825685.2
2025-11-01 04:00:00,2.5149,2.5227,2.4963,2.505,37070448.5
2025-11-01 08:00:00,2.5049,2.5139,2.4987,2.4992,41221032.9
2025-11-01 12:00:00,2.4992,2.5052,2.4746,2.5004,69758667.7
2025-11-01 16:00:00,2.5005,2.5138,2.4946,2.505,47921781.0
2025-11-01 20:00:00,2.5051,2.5122,2.489,2.5043,31104221.9
2025-11-02 00:00:00,2.5043,2.512,2.4934,2.5056,36579217.0
2025-11-02 04:00:00,2.5056,2.5354,2.5048,2.5337,48305542.5
2025-11-02 08:00:00,2.5338,2.5545,2.5084,2.5408,75967227.0
2025-11-02 12:00:00,2.5407,2.5512,2.4982,2.4987,78796845.7
2025-11-02 16:00:00,2.4988,2.5042,2.4762,2.4874,60750326.0
2025-11-02 20:00:00,2.4873,2.5306,2.4832,2.5253,61692976.5
2025-11-03 00:00:00,2.5254,2.5313,2.4244,2.4285,161009766.4
2025-11-03 04:00:00,2.4285,2.452,2.3862,2.4123,132758818.8
2025-11-03 08:00:00,2.4123,2.4266,2.38,2.4007,121756287.8
2025-11-03 12:00:00,2.4008,2.4288,2.29,2.327,276768234.9
2025-11-03 16:00:00,2.327,2.3941,2.3177,2.323,184597298.5
2025-11-03 20:00:00,2.3231,2.3286,2.2616,2.308,186574350.5
2025-11-04 00:00:00,2.3079,2.3622,2.2981,2.355,108554580.2
2025-11-04 04:00:00,2.3551,2.364,2.2309,2.2426,243980610.4
2025-11-04 08:00:00,2.2426,2.2833,2.2283,2.2794,138833535.9
2025-11-04 12:00:00,2.2794,2.3256,2.2412,2.2818,188031870.3
2025-11-04 16:00:00,2.2819,2.2949,2.1545,2.1686,360425272.2
2025-11-04 20:00:00,2.1686,2.2279,2.0655,2.2039,437062856.0
2025-11-05 00:00:00,2.204,2.2521,2.1007,2.2362,278128139.6
2025-11-05 04:00:00,2.2361,2.2594,2.2255,2.2453,85939964.2
2025-11-05 08:00:00,2.2452,2.2452,2.2037,2.2354,102198447.4
2025-11-05 12:00:00,2.2354,2.2874,2.2292,2.275,172009926.6
2025-11-05 16:00:00,2.2749,2.325,2.2524,2.3208,150175114.1
2025-11-05 20:00:00,2.3208,2.376,2.3159,2.342,153726936.2
2025-11-06 00:00:00,2.3421,2.416,2.309,2.3576,156392516.9
2025-11-06 04:00:00,2.3577,2.3633,2.3103,2.3249,75069469.9
2025-11-06 08:00:00,2.3248,2.3323,2.2869,2.299,96635217.1
2025-11-06 12:00:00,2.299,2.3093,2.2266,2.2331,170212639.4
2025-11-06 16:00:00,2.2332,2.2483,2.2012,2.2102,189674477.2
2025-11-06 20:00:00,2.2102,2.2241,2.1782,2.2117,129556621.2
2025-11-07 00:00:00,2.2117,2.2361,2.1905,2.2278,96573741.2
2025-11-07 04:00:00,2.2278,2.2388,2.2101,2.232,54103582.3
2025-11-07 08:00:00,2.232,2.2332,2.1627,2.1868,120062868.7
2025-11-07 12:00:00,2.1868,2.2193,2.1529,2.2113,182765654.1
2025-11-07 16:00:00,2.2113,2.3549,2.2004,2.3521,274968161.3
2025-11-07 20:00:00,2.352,2.3727,2.3109,2.3149,136929352.8
2025-11-08 00:00:00,2.3149,2.3378,2.2983,2.3175,103026553.7
2025-11-08 04:00:00,2.3176,2.3356,2.2935,2.3214,76480094.1
2025-11-08 08:00:00,2.3213,2.333,2.29,2.2946,51733695.1
2025-11-08 12:00:00,2.2946,2.3009,2.2399,2.255,90313993.2
2025-11-08 16:00:00,2.2549,2.278,2.2495,2.2717,58529108.0
2025-11-08 20:00:00,2.2718,2.2888,2.2705,2.2854,35776638.5
2025-11-09 00:00:00,2.2853,2.2859,2.2374,2.253,59786334.9
2025-11-09 04:00:00,2.253,2.2979,2.2518,2.2945,49748767.6
2025-11-09 08:00:00,2.2945,2.295,2.2515,2.2736,59453896.1
2025-11-09 12:00:00,2.2736,2.3327,2.2655,2.3132,124424474.1
2025-11-09 16:00:00,2.3133,2.3485,2.2991,2.3476,76271053.1
2025-11-09 20:00:00,2.3476,2.3944,2.322,2.3649,91011230.8
2025-11-10 00:00:00,2.3648,2.4765,2.3449,2.4604,156299783.5
2025-11-10 04:00:00,2.4604,2.4924,2.4385,2.4793,91181246.8
2025-11-10 08:00:00,2.4793,2.5725,2.4686,2.5401,161444283.5
2025-11-10 12:00:00,2.54,2.5696,2.4968,2.5291,208341928.2
2025-11-10 16:00:00,2.5291,2.5629,2.5124,2.548,114822138.0
2025-11-10 20:00:00,2.5479,2.5799,2.5103,2.525,120160196.8
2025-11-11 00:00:00,2.5251,2.5693,2.5118,2.5289,99183483.1
2025-11-11 04:00:00,2.5289,2.5317,2.4432,2.4467,138390369.3
2025-11-11 08:00:00,2.4467,2.469,2.4387,2.4587,68871973.6
2025-11-11 12:00:00,2.4588,2.4698,2.4251,2.4357,109013087.5
2025-11-11 16:00:00,2.4356,2.441,2.4086,2.4149,73713995.0
2025-11-11 20:00:00,2.4149,2.4215,2.3779,2.3903,97426502.9
2025-11-12 00:00:00,2.3902,2.413,2.38,2.3978,74268710.0
2025-11-12 04:00:00,2.3978,2.407,2.3631,2.3722,58799817.7
2025-11-12 08:00:00,2.3723,2.4375,2.371,2.4366,112398961.4
2025-11-12 12:00:00,2.4367,2.4479,2.3624,2.3677,156954763.1
2025-11-12 16:00:00,2.3677,2.373,2.3146,2.3363,170646651.5
2025-11-12 20:00:00,2.3364,2.3933,2.3317,2.3864,98573249.6
2025-11-13 00:00:00,2.3863,2.5111,2.3812,2.4824,138251640.0
2025-11-13 04:00:00,2.4824,2.5189,2.45,2.4863,144975982.2
2025-11-13 08:00:00,2.4864,2.5263,2.4714,2.4939,113483646.3
2025-11-13 12:00:00,2.494,2.5181,2.42,2.4331,238143131.8
2025-11-13 16:00:00,2.4331,2.4431,2.31,2.3135,262750594.8
2025-11-13 20:00:00,2.3135,2.3447,2.2758,2.3211,185430306.2
2025-11-14 00:00:00,2.3212,2.3368,2.2879,2.3135,106827421.9
2025-11-14 04:00:00,2.3136,2.3267,2.2443,2.306,204641171.3
2025-11-14 08:00:00,2.3059,2.3087,2.2546,2.2678,96029183.2
2025-11-14 12:00:00,2.2678,2.3255,2.2253,2.3113,289831003.9
2025-11-14 16:00:00,2.3113,2.3412,2.275,2.3107,156692570.2
2025-11-14 20:00:00,2.3108,2.3153,2.2235,2.2432,126775243.5
2025-11-15 00:00:00,2.2431,2.3017,2.2414,2.2934,62811849.4
2025-11-15 04:00:00,2.2934,2.2958,2.2717,2.2842,45628069.8
2025-11-15 08:00:00,2.2842,2.2856,2.2406,2.2565,60385134.4
2025-11-15 12:00:00,2.2565,2.278,2.2436,2.2535,67420658.3
2025-11-15 16:00:00,2.2535,2.2704,2.2265,2.2551,71233341.1
2025-11-15 20:00:00,2.2551,2.2604,2.2095,2.2358,71040119.4
2025-11-16 00:00:00,2.2358,2.2557,2.1873,2.2489,107310163.3
2025-11-16 04:00:00,2.2489,2.2689,2.2377,2.2659,40954922.7
2025-11-16 08:00:00,2.2659,2.2795,2.2289,2.2342,75455123.5
2025-11-16 12:00:00,2.2343,2.2456,2.1813,2.1855,121696501.5
2025-11-16 16:00:00,2.1855,2.2313,2.1542,2.2154,178277471.9
2025-11-16 20:00:00,2.2154,2.2295,2.163,2.2137,119283365.6
2025-11-17 00:00:00,2.2137,2.2633,2.1966,2.2564,89948864.7
2025-11-17 04:00:00,2.2564,2.2691,2.2385,2.263,59488401.0
2025-11-17 08:00:00,2.2631,2.2833,2.2577,2.2707,62047007.2
2025-11-17 12:00:00,2.2707,2.3067,2.1934,2.2081,287449468.5
2025-11-17 16:00:00,2.2081,2.2206,2.1196,2.1258,235098013.4
2025-11-17 20:00:00,2.1257,2.1719,2.1131,2.1622,163716495.2
2025-11-18 00:00:00,2.1623,2.176,2.1051,2.1641,195226323.7
2025-11-18 04:00:00,2.1642,2.1774,2.1236,2.1601,123062631.2
2025-11-18 08:00:00,2.1601,2.2014,2.1601,2.1828,103953102.9
2025-11-18 12:00:00,2.1828,2.2288,2.149,2.2122,208060756.1
2025-11-18 16:00:00,2.2122,2.2393,2.2,2.2271,121446799.6
2025-11-18 20:00:00,2.2272,2.2402,2.2021,2.2162,73884265.9
2025-11-19 00:00:00,2.2163,2.2191,2.18,2.1838,72336625.9
2025-11-19 04:00:00,2.1837,2.1868,2.1254,2.1671,133985229.3
2025-11-19 08:00:00,2.167,2.1689,2.1283,2.13,99875774.6
2025-11-19 12:00:00,2.1299,2.1486,2.0804,2.0849,191137001.3
2025-11-19 16:00:00,2.0848,2.1007,2.0285,2.036,214728617.7
2025-11-19 20:00:00,2.036,2.1156,2.0252,2.1082,193230058.8
2025-11-20 00:00:00,2.1083,2.1389,2.095,2.133,91415440.0
2025-11-20 04:00:00,2.133,2.1488,2.118,2.139,85902826.2
2025-11-20 08:00:00,2.139,2.1406,2.107,2.115,75210507.1
2025-11-20 12:00:00,2.115,2.1443,2.0817,2.0848,197605432.9
2025-11-20 16:00:00,2.0847,2.0872,1.9734,2.0058,373416247.4
2025-11-20 20:00:00,2.0058,2.0514,1.9856,1.9989,154475122.7
2025-11-21 00:00:00,1.9989,2.0298,1.9615,1.9789,149296945.8
2025-11-21 04:00:00,1.9788,1.9953,1.8412,1.9181,280842223.7
2025-11-21 08:00:00,1.9181,1.9559,1.8726,1.8749,285216629.6
2025-11-21 12:00:00,1.875,1.9642,1.8201,1.9102,466703454.2
2025-11-21 16:00:00,1.9102,1.9976,1.8851,1.9469,283703539.9
2025-11-21 20:00:00,1.9468,1.9647,1.8985,1.95,196210965.0
2025-11-22 00:00:00,1.9501,1.9628,1.9302,1.9478,89164433.0
2025-11-22 04:00:00,1.9478,1.9569,1.9122,1.952,99930642.7
2025-11-22 08:00:00,1.9519,1.9522,1.8932,1.916,125100668.1
2025-11-22 12:00:00,1.9161,1.9384,1.8873,1.9283,99902101.6
2025-11-22 16:00:00,1.9283,1.9503,1.9206,1.9266,58193498.1
2025-11-22 20:00:00,1.9267,1.9666,1.9185,1.9497,51379843.7
2025-11-23 00:00:00,1.9496,2.049,1.9484,2.029,132733062.7
2025-11-23 04:00:00,2.029,2.0747,2.015,2.0251,136392662.6
2025-11-23 08:00:00,2.0251,2.0508,2.0213,2.0299,70418373.0
2025-11-23 12:00:00,2.0298,2.0653,2.0285,2.0614,113707279.5
2025-11-23 16:00:00,2.0613,2.0791,2.0388,2.0733,102576743.6
2025-11-23 20:00:00,2.0733,2.0845,2.041,2.0477,82893908.4
2025-11-24 00:00:00,2.0477,2.1068,2.0226,2.0852,178372846.7
2025-11-24 04:00:00,2.0853,2.1024,2.0441,2.0619,124076052.3
2025-11-24 08:00:00,2.0619,2.0773,2.0366,2.0576,90143876.0
2025-11-24 12:00:00,2.0576,2.1025,2.0473,2.0897,189848697.8
2025-11-24 16:00:00,2.0897,2.2374,2.086,2.2338,296043862.0
2025-11-24 20:00:00,2.2338,2.285,2.2204,2.227,209326768.8
2025-11-25 00:00:00,2.227,2.2638,2.2249,2.242,110275784.0
2025-11-25 04:00:00,2.242,2.258,2.2146,2.2158,90377006.0
2025-11-25 08:00:00,2.2159,2.2205,2.1841,2.1948,136828400.6
2025-11-25 12:00:00,2.1948,2.2336,2.158,2.1871,208935506.7
2025-11-25 16:00:00,2.1871,2.209,2.147,2.1711,124764820.3
2025-11-25 20:00:00,2.171,2.2166,2.1628,2.201,112745627.7
2025-11-26 00:00:00,2.2009,2.2127,2.1717,2.1756,59666336.5
2025-11-26 04:00:00,2.1757,2.2057,2.1696,2.2045,52713168.0
2025-11-26 08:00:00,2.2045,2.2059,2.1667,2.1698,66185359.7
2025-11-26 12:00:00,2.1697,2.1793,2.1429,2.1713,135962758.1
2025-11-26 16:00:00,2.1713,2.2536,2.17,2.2316,155172031.6
2025-11-26 20:00:00,2.2315,2.2346,2.2104,2.222,59308486.8
2025-11-27 00:00:00,2.2219,2.2334,2.2054,2.209,68111907.6
2025-11-27 04:00:00,2.209,2.2203,2.1934,2.2037,46144425.5
2025-11-27 08:00:00,2.2037,2.2082,2.1828,2.1881,53157567.2
2025-11-27 12:00:00,2.1881,2.202,2.1709,2.2014,65892717.1
2025-11-27 16:00:00,2.2013,2.2298,2.197,2.2226,69374212.5
2025-11-27 20:00:00,2.2226,2.2329,2.1947,2.1989,60370139.0
2025-11-28 00:00:00,2.1989,2.2038,2.1645,2.1844,74493311.5
2025-11-28 04:00:00,2.1845,2.2212,2.18,2.1959,67395428.4
2025-11-28 08:00:00,2.1959,2.2491,2.1834,2.1955,135605513.1
2025-11-28 12:00:00,2.1955,2.2747,2.1872,2.2444,206289229.3
2025-11-28 16:00:00,2.2445,2.2507,2.1549,2.1865,180922691.8
2025-11-28 20:00:00,2.1864,2.1909,2.17,2.1782,52348456.9
2025-11-29 00:00:00,2.1782,2.1868,2.1708,2.1845,39086982.2
2025-11-29 04:00:00,2.1845,2.1884,2.1643,2.1786,43845794.1
2025-11-29 08:00:00,2.1786,2.2138,2.1724,2.21,54414612.1
2025-11-29 12:00:00,2.21,2.223,2.1912,2.2174,86035306.6
2025-11-29 16:00:00,2.2174,2.2208,2.1884,2.1928,67093958.7
2025-11-29 20:00:00,2.1927,2.2143,2.1859,2.1998,35042616.5
2025-11-30 00:00:00,2.1998,2.212,2.187,2.2056,38914027.3
2025-11-30 04:00:00,2.2055,2.2086,2.1901,2.1981,29474718.1
2025-11-30 08:00:00,2.1981,2.2096,2.1806,2.1867,50516180.3
2025-11-30 12:00:00,2.1867,2.2068,2.1832,2.1952,61259838.0
2025-11-30 16:00:00,2.1953,2.2139,2.1939,2.1981,51723940.9
2025-11-30 20:00:00,2.1981,2.2022,2.1502,2.1537,74690416.7
2025-12-01 00:00:00,2.1537,2.1598,2.0413,2.049,289955003.9
2025-12-01 04:00:00,2.0489,2.0571,2.0155,2.0549,121697736.9
2025-12-01 08:00:00,2.0549,2.0592,2.03,2.033,71547898.5
2025-12-01 12:00:00,2.033,2.0484,1.9825,2.0064,226715956.7
2025-12-01 16:00:00,2.0065,2.0114,1.9853,1.9933,126620276.7
2025-12-01 20:00:00,1.9932,2.045,1.9927,2.0286,151286161.8
2025-12-02 00:00:00,2.0287,2.0428,2.0013,2.0197,86883750.8
2025-12-02 04:00:00,2.0197,2.0271,2.0082,2.0161,59513124.0
2025-12-02 08:00:00,2.016,2.0407,1.9937,2.0353,89738573.5
2025-12-02 12:00:00,2.0353,2.1644,2.0253,2.1542,233853551.5
2025-12-02 16:00:00,2.1542,2.1825,2.1335,2.1731,150475661.0
2025-12-02 20:00:00,2.173,2.1771,2.147,2.1526,108941801.3
2025-12-03 00:00:00,2.1525,2.1904,2.1406,2.1753,91732107.6
2025-12-03 04:00:00,2.1753,2.2186,2.1719,2.1907,101355360.9
2025-12-03 08:00:00,2.1908,2.1945,2.1659,2.1754,67032283.3
2025-12-03 12:00:00,2.1754,2.198,2.1409,2.1681,148940131.4
2025-12-03 16:00:00,2.168,2.192,2.1583,2.1851,66162688.3
2025-12-03 20:00:00,2.1851,2.2135,2.181,2.1965,99048096.0
2025-12-04 00:00:00,2.1965,2.2141,2.1861,2.1941,67732810.2
2025-12-04 04:00:00,2.1941,2.1996,2.165,2.1715,63483003.8
2025-12-04 08:00:00,2.1715,2.178,2.1415,2.15,73619092.3
2025-12-04 12:00:00,2.15,2.1563,2.1133,2.1517,154166314.3
2025-12-04 16:00:00,2.1517,2.1567,2.0679,2.0962,161399149.9
2025-12-04 20:00:00,2.0962,2.1099,2.0847,2.0949,76121506.6
2025-12-05 00:00:00,2.0949,2.1118,2.0863,2.0897,46392564.9
2025-12-05 04:00:00,2.0898,2.0976,2.0752,2.092,51817498.3
2025-12-05 08:00:00,2.092,2.0925,2.0526,2.0678,82155684.4
2025-12-05 12:00:00,2.0678,2.0988,2.0555,2.0748,111924936.7
2025-12-05 16:00:00,2.0748,2.0767,2.011,2.0363,156553306.7
2025-12-05 20:00:00,2.0362,2.0368,2.0184,2.0333,47216542.0
2025-12-06 00:00:00,2.0334,2.0411,2.0162,2.0375,40302491.3
2025-12-06 04:00:00,2.0375,2.0491,2.0268,2.0292,31267080.1
2025-12-06 08:00:00,2.0293,2.0321,2.0138,2.031,35885602.2
2025-12-06 12:00:00,2.031,2.0467,2.0206,2.0287,51099190.5
2025-12-06 16:00:00,2.0286,2.038,2.0191,2.0241,34135994.3
2025-12-06 20:00:00,2.0241,2.0358,2.0214,2.0298,22901089.4
2025-12-07 00:00:00,2.0298,2.0707,2.0281,2.067,45057772.4
2025-12-07 04:00:00,2.0671,2.0727,2.0263,2.0297,48365939.3
2025-12-07 08:00:00,2.0297,2.0349,2.0226,2.0325,34746819.7
2025-12-07 12:00:00,2.0326,2.0551,1.9877,2.0515,141329530.9
2025-12-07 16:00:00,2.0516,2.1098,2.0366,2.0862,131312350.4
2025-12-07 20:00:00,2.0862,2.0927,2.0106,2.0426,106755931.9
2025-12-08 00:00:00,2.0427,2.09,2.0304,2.071,74775781.4
2025-12-08 04:00:00,2.071,2.0936,2.0682,2.0855,45933692.8
2025-12-08 08:00:00,2.0855,2.1233,2.0799,2.0897,81074985.3
2025-12-08 12:00:00,2.0896,2.1112,2.0667,2.0746,123987956.0
2025-12-08 16:00:00,2.0747,2.0867,2.0609,2.077,78918998.4
2025-12-08 20:00:00,2.077,2.0931,2.0683,2.0711,56136512.4
2025-12-09 00:00:00,2.0712,2.0816,2.0561,2.0687,59246207.3
2025-12-09 04:00:00,2.0688,2.0693,2.0398,2.0604,49157915.4
2025-12-09 08:00:00,2.0604,2.0697,2.0446,2.0679,38647910.4
2025-12-09 12:00:00,2.068,2.119,2.0476,2.1148,158329949.0
2025-12-09 16:00:00,2.1148,2.1774,2.1144,2.1323,200155979.0
2025-12-09 20:00:00,2.1322,2.1335,2.0842,2.1051,93195902.2
2025-12-10 00:00:00,2.105,2.1088,2.0806,2.0821,44006649.6
2025-12-10 04:00:00,2.0821,2.0957,2.0752,2.0834,41398304.9
2025-12-10 08:00:00,2.0833,2.0974,2.0625,2.0707,72477169.8
2025-12-10 12:00:00,2.0707,2.0724,2.0543,2.0605,69451583.5
2025-12-10 16:00:00,2.0606,2.087,2.0328,2.0674,145169382.6
2025-12-10 20:00:00,2.0674,2.1093,2.0329,2.0406,125187329.5
2025-12-11 00:00:00,2.0406,2.0457,1.9911,1.998,104966732.1
2025-12-11 04:00:00,1.9981,2.018,1.9937,2.0056,53827350.5
2025-12-11 08:00:00,2.0056,2.0173,1.999,2.0071,42320544.8
2025-12-11 12:00:00,2.007,2.0137,1.974,1.9953,139743936.9
2025-12-11 16:00:00,1.9954,2.0252,1.9826,2.0101,110532030.5
2025-12-11 20:00:00,2.0101,2.0559,2.0045,2.033,103654294.3
2025-12-12 00:00:00,2.033,2.0423,2.0143,2.0306,50637471.9
2025-12-12 04:00:00,2.0306,2.0425,2.0224,2.0363,38643526.2
2025-12-12 08:00:00,2.0363,2.045,2.0242,2.0412,36533214.1
2025-12-12 12:00:00,2.0411,2.0471,1.9662,1.9768,137507458.7
2025-12-12 16:00:00,1.9768,2.0242,1.9716,2.0019,160692962.4
2025-12-12 20:00:00,2.002,2.0181,1.9956,2.0063,37546841.2
2025-12-13 00:00:00,2.0064,2.0238,2.0055,2.0214,28672182.4
2025-12-13 04:00:00,2.0214,2.0476,2.0214,2.0277,52159431.3
2025-12-13 08:00:00,2.0277,2.0423,2.0277,2.0325,34405833.2
2025-12-13 12:00:00,2.0325,2.0429,2.027,2.0291,40742947.1
2025-12-13 16:00:00,2.029,2.0327,2.014,2.0187,34022534.1
2025-12-13 20:00:00,2.0186,2.0244,2.0071,2.0215,27345684.3
2025-12-14 00:00:00,2.0214,2.0293,2.016,2.0232,22223931.1
2025-12-14 04:00:00,2.0231,2.0244,2.0089,2.0183,25343767.6
2025-12-14 08:00:00,2.0183,2.0223,1.9885,1.9998,54947558.3
2025-12-14 12:00:00,1.9998,2.0069,1.986,1.99,57688148.1
2025-12-14 16:00:00,1.99,2.0037,1.9806,1.987,44020131.2
2025-12-14 20:00:00,1.9869,1.9967,1.946,1.977,75199017.9
2025-12-15 00:00:00,1.9771,2.0133,1.9732,1.994,65750139.0
2025-12-15 04:00:00,1.994,2.0045,1.9914,1.9942,35392750.8
2025-12-15 08:00:00,1.9942,2.0014,1.9826,1.9867,39054760.0
2025-12-15 12:00:00,1.9867,1.9869,1.9112,1.9239,236244494.3
2025-12-15 16:00:00,1.924,1.9294,1.8661,1.8945,185170468.6
2025-12-15 20:00:00,1.8945,1.8981,1.878,1.8965,94522282.9
2025-12-16 00:00:00,1.8965,1.8969,1.8538,1.8714,104748805.4
2025-12-16 04:00:00,1.8714,1.8967,1.8506,1.8743,61717059.8
2025-12-16 08:00:00,1.8744,1.924,1.8729,1.9195,73063210.3
2025-12-16 12:00:00,1.9195,1.9481,1.898,1.94,163410742.5
2025-12-16 16:00:00,1.9399,1.942,1.913,1.9258,84839244.5
2025-12-16 20:00:00,1.9258,1.9325,1.9174,1.9286,39179766.5
2025-12-17 00:00:00,1.9286,1.9393,1.9116,1.9245,65043959.1
2025-12-17 04:00:00,1.9244,1.931,1.9051,1.9224,53750317.1
2025-12-17 08:00:00,1.9224,1.9227,1.8954,1.9122,47701888.3
2025-12-17 12:00:00,1.9123,1.9864,1.9026,1.91,241976140.5
2025-12-17 16:00:00,1.91,1.922,1.846,1.8639,197702770.1
2025-12-17 20:00:00,1.8639,1.8829,1.8537,1.8614,74645460.2
2025-12-18 00:00:00,1.8613,1.8714,1.8505,1.8548,54576080.4
2025-12-18 04:00:00,1.8547,1.8608,1.8253,1.8403,77407240.9
2025-12-18 08:00:00,1.8403,1.8796,1.8367,1.8772,80238648.2
2025-12-18 12:00:00,1.8773,1.9333,1.8709,1.919,218439925.5
2025-12-18 16:00:00,1.9189,1.9201,1.7987,1.8052,220169797.9
2025-12-18 20:00:00,1.8052,1.8239,1.7975,1.8067,117024704.9
2025-12-19 00:00:00,1.8067,1.8525,1.7703,1.839,177918602.1
2025-12-19 04:00:00,1.839,1.8758,1.8241,1.8665,117581229.5
2025-12-19 08:00:00,1.8665,1.8711,1.8584,1.8696,56596284.2
2025-12-19 12:00:00,1.8697,1.9043,1.8621,1.8746,150796851.3
2025-12-19 16:00:00,1.8746,1.9175,1.8722,1.9068,135362647.1
2025-12-19 20:00:00,1.9068,1.9214,1.8993,1.9082,65414423.8
2025-12-20 00:00:00,1.9083,1.9091,1.8923,1.9031,41606389.3
2025-12-20 04:00:00,1.903,1.9177,1.8975,1.9131,32530624.1
2025-12-20 08:00:00,1.9131,1.9577,1.9129,1.9425,107724936.5
2025-12-20 12:00:00,1.9425,1.947,1.9132,1.9204,80602402.6
2025-12-20 16:00:00,1.9204,1.9308,1.9184,1.9242,29223620.3
2025-12-20 20:00:00,1.9241,1.937,1.9227,1.9323,22119819.2
2025-12-21 00:00:00,1.9324,1.941,1.9162,1.9287,54481406.4
2025-12-21 04:00:00,1.9288,1.9296,1.9179,1.9243,20602745.4
2025-12-21 08:00:00,1.9244,1.949,1.9211,1.9327,51216419.5
2025-12-21 12:00:00,1.9328,1.9374,1.8937,1.9037,107700432.9
2025-12-21 16:00:00,1.9037,1.9187,1.8982,1.9171,50003856.6
2025-12-21 20:00:00,1.9171,1.9261,1.9046,1.9211,31376907.8
2025-12-22 00:00:00,1.9212,1.9488,1.9016,1.9193,77013979.2
2025-12-22 04:00:00,1.9193,1.9284,1.9126,1.9263,37744134.0
2025-12-22 08:00:00,1.9263,1.9376,1.9135,1.9339,65429897.1
2025-12-22 12:00:00,1.934,1.9466,1.9167,1.9334,97494053.0
2025-12-22 16:00:00,1.9334,1.942,1.9009,1.901,87260459.1
2025-12-22 20:00:00,1.901,1.908,1.8905,1.9033,71057160.0
2025-12-23 00:00:00,1.9032,1.9089,1.883,1.8915,51965875.3
2025-12-23 04:00:00,1.8915,1.8967,1.8725,1.8801,54240666.6
2025-12-23 08:00:00,1.8801,1.9046,1.8746,1.9041,52756490.8
2025-12-23 12:00:00,1.904,1.9042,1.8616,1.8805,118538221.3
2025-12-23 16:00:00,1.8805,1.8929,1.8663,1.8816,64518927.9
2025-12-23 20:00:00,1.8817,1.8943,1.8709,1.8725,50200312.0
2025-12-24 00:00:00,1.8726,1.8775,1.8438,1.8606,70845260.5
2025-12-24 04:00:00,1.8606,1.8669,1.836,1.8536,66829802.2
2025-12-24 08:00:00,1.8536,1.8748,1.8506,1.868,46214285.2
2025-12-24 12:00:00,1.8679,1.8768,1.8506,1.8626,71280362.9
2025-12-24 16:00:00,1.8627,1.8709,1.8479,1.861,60757790.8
2025-12-24 20:00:00,1.8609,1.8691,1.8589,1.8618,25520900.2
2025-12-25 00:00:00,1.8618,1.8735,1.8555,1.8693,29481722.3
2025-12-25 04:00:00,1.8693,1.8762,1.8653,1.8735,21356430.7
2025-12-25 08:00:00,1.8735,1.8804,1.8524,1.858,48174230.5
2025-12-25 12:00:00,1.858,1.8898,1.8542,1.8822,57677574.8
2025-12-25 16:00:00,1.8822,1.8829,1.8639,1.8722,35501658.4
2025-12-25 20:00:00,1.8723,1.8726,1.8274,1.8315,68355293.7
2025-12-26 00:00:00,1.8314,1.8803,1.8234,1.864,114003129.3
2025-12-26 04:00:00,1.8639,1.8824,1.8543,1.8634,60656192.1
2025-12-26 08:00:00,1.8634,1.88,1.8618,1.8706,39279396.2
2025-12-26 12:00:00,1.8706,1.8789,1.8249,1.8366,148135958.1
2025-12-26 16:00:00,1.8367,1.8495,1.8323,1.8448,54483322.3
2025-12-26 20:00:00,1.8448,1.8595,1.8414,1.8428,33143220.9
2025-12-27 00:00:00,1.8429,1.8528,1.8407,1.8505,27305662.7
2025-12-27 04:00:00,1.8506,1.8522,1.8453,1.8468,12874188.0
2025-12-27 08:00:00,1.8467,1.8548,1.8436,1.8503,21005802.4
2025-12-27 12:00:00,1.8502,1.8525,1.8423,1.8486,21428926.6
2025-12-27 16:00:00,1.8487,1.8567,1.8421,1.8551,68544670.3
2025-12-27 20:00:00,1.8551,1.8786,1.8523,1.8727,42618894.0
2025-12-28 00:00:00,1.8726,1.8775,1.868,1.8738,22894999.8
2025-12-28 04:00:00,1.8737,1.8789,1.8713,1.8728,22199384.8
2025-12-28 08:00:00,1.8729,1.8764,1.8617,1.8712,28835389.8
2025-12-28 12:00:00,1.8712,1.8761,1.8643,1.8692,25707529.0
2025-12-28 16:00:00,1.8691,1.8722,1.8517,1.8564,42003714.5
2025-12-28 20:00:00,1.8563,1.8706,1.8531,1.8646,26305886.6
2025-12-29 00:00:00,1.8646,1.9167,1.8619,1.9141,83582863.4
2025-12-29 04:00:00,1.9141,1.917,1.8906,1.9002,57573350.8
2025-12-29 08:00:00,1.9002,1.9043,1.865,1.8708,80764323.6
2025-12-29 12:00:00,1.8708,1.8779,1.8541,1.8641,89966558.3
2025-12-29 16:00:00,1.8641,1.868,1.8478,1.8522,48537828.3
2025-12-29 20:00:00,1.8522,1.8562,1.844,1.8494,37095870.3
2025-12-30 00:00:00,1.8494,1.862,1.8424,1.8598,36690045.0
2025-12-30 04:00:00,1.8598,1.8665,1.8538,1.8591,30738408.7
2025-12-30 08:00:00,1.8592,1.8711,1.8586,1.8612,37641496.3
2025-12-30 12:00:00,1.8612,1.8786,1.8528,1.8768,59478375.0
2025-12-30 16:00:00,1.8768,1.8857,1.8688,1.8754,76836894.9
2025-12-30 20:00:00,1.8754,1.8778,1.8652,1.8765,29408619.3
2025-12-31 00:00:00,1.8765,1.8834,1.8687,1.8711,29283583.0
2025-12-31 04:00:00,1.8712,1.875,1.8661,1.8717,21786928.2
2025-12-31 08:00:00,1.8717,1.8807,1.8646,1.878,42296360.5
2025-12-31 12:00:00,1.8779,1.8824,1.852,1.8584,69779799.5
2025-12-31 16:00:00,1.8584,1.8592,1.8251,1.8272,113966952.7
2025-12-31 20:00:00,1.8273,1.8471,1.8106,1.8411,74906682.0
