datetime,open,high,low,close,volume
2021-01-01 00:00:00,0.2195,0.2296,0.2159,0.2274,350677235.5
2021-01-01 04:00:00,0.2273,0.2516,0.2252,0.2299,994791789.3
2021-01-01 08:00:00,0.2298,0.2425,0.2257,0.2373,620815631.6
2021-01-01 12:00:00,0.2374,0.245,0.2309,0.2429,612741948.6
2021-01-01 16:00:00,0.2431,0.2506,0.2286,0.2338,1055087457.7
2021-01-01 20:00:00,0.2338,0.2413,0.2323,0.2377,335219653.2
2021-01-02 00:00:00,0.2377,0.2385,0.231,0.2347,323047707.7
2021-01-02 04:00:00,0.2347,0.2368,0.2323,0.2338,199112652.8
2021-01-02 08:00:00,0.2337,0.2345,0.2215,0.2276,499081475.1
2021-01-02 12:00:00,0.2276,0.2337,0.2255,0.2292,424739211.7
2021-01-02 16:00:00,0.2292,0.2293,0.2149,0.2211,562920985.7
2021-01-02 20:00:00,0.2211,0.23,0.21,0.221,571918143.4
2021-01-03 00:00:00,0.2211,0.224,0.2174,0.2217,204613264.4
2021-01-03 04:00:00,0.2217,0.2258,0.2153,0.2182,282739531.4
2021-01-03 08:00:00,0.2182,0.227,0.2163,0.2218,331539909.1
2021-01-03 12:00:00,0.2218,0.2259,0.2173,0.2215,390400072.8
2021-01-03 16:00:00,0.2215,0.2402,0.22,0.2257,693335440.3
2021-01-03 20:00:00,0.2258,0.231,0.2238,0.2265,269641123.4
2021-01-04 00:00:00,0.2263,0.2361,0.2233,0.2335,353678254.8
2021-01-04 04:00:00,0.2334,0.263,0.2305,0.2403,1031209488.8
2021-01-04 08:00:00,0.2404,0.2458,0.2152,0.232,688446959.6
2021-01-04 12:00:00,0.2321,0.2355,0.2257,0.2341,298745098.1
2021-01-04 16:00:00,0.2341,0.241,0.2278,0.232,361114771.9
2021-01-04 20:00:00,0.232,0.2383,0.2285,0.2361,285441112.7
2021-01-05 00:00:00,0.2361,0.2407,0.2267,0.2282,311786101.0
2021-01-05 04:00:00,0.228,0.2318,0.225,0.23,197713623.4
2021-01-05 08:00:00,0.23,0.2433,0.23,0.2387,267689379.7
2021-01-05 12:00:00,0.2387,0.2398,0.2155,0.2274,997435470.9
2021-01-05 16:00:00,0.2274,0.23,0.2215,0.2256,380159647.2
2021-01-05 20:00:00,0.2256,0.2282,0.2223,0.2258,218539494.3
2021-01-06 00:00:00,0.2259,0.236,0.2215,0.2251,322419370.7
2021-01-06 04:00:00,0.2251,0.2306,0.2248,0.2275,203209719.4
2021-01-06 08:00:00,0.2276,0.234,0.2247,0.2285,279990783.4
2021-01-06 12:00:00,0.2285,0.2744,0.2275,0.2471,1287259646.2
2021-01-06 16:00:00,0.2472,0.2582,0.2388,0.2481,485934573.0
2021-01-06 20:00:00,0.2481,0.2559,0.2359,0.2489,459306397.6
2021-01-07 00:00:00,0.2491,0.28,0.2456,0.2779,558236962.7
2021-01-07 04:00:00,0.2779,0.318,0.2755,0.2887,1684296399.5
2021-01-07 08:00:00,0.2888,0.3657,0.276,0.3614,1515017395.0
2021-01-07 12:00:00,0.361,0.3648,0.325,0.3375,1067065599.2
2021-01-07 16:00:00,0.3375,0.3722,0.288,0.3273,2081554431.4
2021-01-07 20:00:00,0.3273,0.3461,0.3093,0.3243,834790835.8
2021-01-08 00:00:00,0.3244,0.3499,0.2842,0.3037,1209039145.6
2021-01-08 04:00:00,0.3037,0.3262,0.2963,0.3215,569994893.7
2021-01-08 08:00:00,0.3217,0.3468,0.3158,0.33,738251404.3
2021-01-08 12:00:00,0.33,0.3329,0.3021,0.3133,689926100.6
2021-01-08 16:00:00,0.3133,0.3228,0.3045,0.3107,368540374.8
2021-01-08 20:00:00,0.3107,0.3248,0.2969,0.3206,429701507.1
2021-01-09 00:00:00,0.3209,0.3288,0.3063,0.3233,515918099.1
2021-01-09 04:00:00,0.3232,0.3236,0.3088,0.3185,361152407.3
2021-01-09 08:00:00,0.3185,0.334,0.314,0.3237,375489358.7
2021-01-09 12:00:00,0.3238,0.3311,0.315,0.3227,350793211.2
2021-01-09 16:00:00,0.3227,0.3305,0.315,0.3283,295478192.4
2021-01-09 20:00:00,0.3283,0.3415,0.322,0.3247,393683211.2
2021-01-10 00:00:00,0.3247,0.3416,0.3247,0.333,274940444.0
2021-01-10 04:00:00,0.3331,0.3688,0.3314,0.354,597433549.8
2021-01-10 08:00:00,0.3541,0.3598,0.315,0.3219,773438510.7
2021-01-10 12:00:00,0.3219,0.3379,0.3156,0.3276,518121459.2
2021-01-10 16:00:00,0.3275,0.3312,0.3096,0.3124,472346737.0
2021-01-10 20:00:00,0.3125,0.3202,0.2872,0.3152,563375047.2
2021-01-11 00:00:00,0.3152,0.3171,0.2501,0.2742,719205924.6
2021-01-11 04:00:00,0.2742,0.2849,0.2616,0.2796,637779038.2
2021-01-11 08:00:00,0.2797,0.3006,0.2765,0.284,474334284.0
2021-01-11 12:00:00,0.284,0.2896,0.2593,0.2666,729876875.2
2021-01-11 16:00:00,0.2667,0.2818,0.2585,0.2759,624866031.4
2021-01-11 20:00:00,0.2759,0.2897,0.2704,0.2877,265911630.0
2021-01-12 00:00:00,0.2877,0.306,0.2798,0.3037,275421485.0
2021-01-12 04:00:00,0.3037,0.311,0.2964,0.3048,344636089.8
2021-01-12 08:00:00,0.3046,0.3063,0.2877,0.294,276806022.0
2021-01-12 12:00:00,0.294,0.3002,0.278,0.2857,327498666.5
2021-01-12 16:00:00,0.2857,0.3042,0.2857,0.2933,284907775.9
2021-01-12 20:00:00,0.2931,0.3009,0.2863,0.2928,228934661.9
2021-01-13 00:00:00,0.2928,0.2978,0.2849,0.2937,269991625.7
2021-01-13 04:00:00,0.2938,0.3003,0.288,0.2985,195690596.9
2021-01-13 08:00:00,0.2986,0.3059,0.2947,0.2995,234546142.2
2021-01-13 12:00:00,0.2995,0.3033,0.296,0.3001,153123701.3
2021-01-13 16:00:00,0.3001,0.3072,0.298,0.3033,149446800.1
2021-01-13 20:00:00,0.3033,0.3109,0.3001,0.3059,205910588.0
2021-01-14 00:00:00,0.3061,0.3097,0.2833,0.2904,431486452.3
2021-01-14 04:00:00,0.2905,0.3001,0.2893,0.298,221650318.3
2021-01-14 08:00:00,0.298,0.2998,0.293,0.2958,153510322.8
2021-01-14 12:00:00,0.2957,0.3009,0.2905,0.2977,200397787.6
2021-01-14 16:00:00,0.2978,0.3056,0.2961,0.2973,190760073.6
2021-01-14 20:00:00,0.2972,0.2988,0.2906,0.297,126447205.1
2021-01-15 00:00:00,0.2969,0.3043,0.2946,0.2968,152592748.2
2021-01-15 04:00:00,0.2968,0.2974,0.2889,0.2939,147907328.8
2021-01-15 08:00:00,0.2939,0.2953,0.2906,0.2919,137649465.1
2021-01-15 12:00:00,0.2919,0.2923,0.2723,0.2741,322126540.5
2021-01-15 16:00:00,0.274,0.2807,0.2615,0.2751,368989063.9
2021-01-15 20:00:00,0.275,0.282,0.2718,0.2803,163894465.4
2021-01-16 00:00:00,0.2801,0.2872,0.2785,0.2798,156658300.8
2021-01-16 04:00:00,0.2797,0.2827,0.2761,0.2818,107074957.6
2021-01-16 08:00:00,0.2818,0.296,0.2804,0.2927,172123087.4
2021-01-16 12:00:00,0.2927,0.2976,0.2844,0.2884,239561873.3
2021-01-16 16:00:00,0.2885,0.292,0.2786,0.2841,157125927.4
2021-01-16 20:00:00,0.2842,0.2864,0.2751,0.2797,133935697.5
2021-01-17 00:00:00,0.2796,0.2861,0.276,0.2822,118957949.0
2021-01-17 04:00:00,0.2823,0.2835,0.272,0.2736,145137753.1
2021-01-17 08:00:00,0.2736,0.276,0.2688,0.2753,176964340.5
2021-01-17 12:00:00,0.2754,0.2791,0.2719,0.2769,127697766.7
2021-01-17 16:00:00,0.2769,0.2797,0.2745,0.2755,105238463.4
2021-01-17 20:00:00,0.2755,0.2827,0.2755,0.2777,98820389.4
2021-01-18 00:00:00,0.2777,0.2796,0.2717,0.2733,120650432.1
2021-01-18 04:00:00,0.2734,0.2789,0.2724,0.278,83953807.3
2021-01-18 08:00:00,0.278,0.2891,0.2775,0.2846,196992802.8
2021-01-18 12:00:00,0.2847,0.2896,0.2815,0.2848,170018221.0
2021-01-18 16:00:00,0.2848,0.2878,0.2781,0.2822,132030992.8
2021-01-18 20:00:00,0.2822,0.287,0.2812,0.2857,81572561.4
2021-01-19 00:00:00,0.2858,0.2958,0.2845,0.2921,193914932.3
2021-01-19 04:00:00,0.2921,0.3298,0.2892,0.307,810278835.2
2021-01-19 08:00:00,0.3071,0.3113,0.2954,0.3029,331787269.5
2021-01-19 12:00:00,0.303,0.3124,0.3011,0.3086,250739169.3
2021-01-19 16:00:00,0.3086,0.3115,0.2958,0.3004,248668036.4
2021-01-19 20:00:00,0.3003,0.3063,0.2924,0.2942,167319052.8
2021-01-20 00:00:00,0.2943,0.3,0.2825,0.2859,234743353.6
2021-01-20 04:00:00,0.2858,0.3125,0.2825,0.2978,355224633.7
2021-01-20 08:00:00,0.2978,0.3013,0.2796,0.2851,352789133.3
2021-01-20 12:00:00,0.2852,0.2915,0.2817,0.2852,156876931.3
2021-01-20 16:00:00,0.2852,0.2932,0.2808,0.2918,163083253.5
2021-01-20 20:00:00,0.2918,0.2988,0.2893,0.296,121738842.3
2021-01-21 00:00:00,0.296,0.3087,0.288,0.295,330065117.0
2021-01-21 04:00:00,0.2949,0.3023,0.2906,0.2966,189231422.9
2021-01-21 08:00:00,0.2966,0.297,0.2814,0.2835,266307888.2
2021-01-21 12:00:00,0.2834,0.285,0.2734,0.2757,291028051.1
2021-01-21 16:00:00,0.2758,0.2818,0.2684,0.2781,206742628.9
2021-01-21 20:00:00,0.2781,0.2797,0.2597,0.2684,198535904.7
2021-01-22 00:00:00,0.2683,0.269,0.2387,0.2674,446539212.0
2021-01-22 04:00:00,0.2674,0.272,0.2617,0.2645,209625227.8
2021-01-22 08:00:00,0.2646,0.2741,0.2608,0.2712,157114146.6
2021-01-22 12:00:00,0.2712,0.2783,0.2685,0.2742,154211415.2
2021-01-22 16:00:00,0.2743,0.2766,0.2711,0.2758,118175555.6
2021-01-22 20:00:00,0.2759,0.2786,0.269,0.2724,122885689.5
2021-01-23 00:00:00,0.2724,0.2839,0.2702,0.2775,189264569.0
2021-01-23 04:00:00,0.2774,0.2803,0.2758,0.2798,89828986.9
2021-01-23 08:00:00,0.2797,0.281,0.2663,0.2682,148484499.8
2021-01-23 12:00:00,0.2681,0.2729,0.2657,0.2714,117467418.4
2021-01-23 16:00:00,0.2713,0.2749,0.2694,0.2734,69752076.8
2021-01-23 20:00:00,0.2734,0.2739,0.2702,0.272,56717165.9
2021-01-24 00:00:00,0.2721,0.276,0.2684,0.2756,80482805.0
2021-01-24 04:00:00,0.2756,0.2783,0.2738,0.2753,79630416.3
2021-01-24 08:00:00,0.2753,0.277,0.2732,0.2766,72508114.5
2021-01-24 12:00:00,0.2766,0.2773,0.2713,0.2727,105878944.9
2021-01-24 16:00:00,0.2726,0.2754,0.2683,0.271,108984271.5
2021-01-24 20:00:00,0.271,0.2749,0.2705,0.2739,58782281.0
2021-01-25 00:00:00,0.2739,0.282,0.2736,0.28,135145441.9
2021-01-25 04:00:00,0.2801,0.2813,0.2764,0.2786,79567244.7
2021-01-25 08:00:00,0.2786,0.279,0.2721,0.2754,86437881.5
2021-01-25 12:00:00,0.2754,0.2859,0.2745,0.2785,144673860.5
2021-01-25 16:00:00,0.2784,0.2804,0.2708,0.2729,135813623.2
2021-01-25 20:00:00,0.273,0.2737,0.2667,0.2678,122651506.8
2021-01-26 00:00:00,0.2678,0.2713,0.2629,0.2641,101817044.0
2021-01-26 04:00:00,0.2641,0.2688,0.2635,0.2663,76020287.4
2021-01-26 08:00:00,0.2663,0.2713,0.2641,0.2658,85255726.1
2021-01-26 12:00:00,0.2657,0.2665,0.2581,0.2629,106036374.3
2021-01-26 16:00:00,0.263,0.2685,0.2603,0.267,90766394.6
2021-01-26 20:00:00,0.267,0.2699,0.2653,0.2686,56684090.3
2021-01-27 00:00:00,0.2686,0.2691,0.2639,0.2648,56677861.5
2021-01-27 04:00:00,0.2648,0.2663,0.2597,0.2637,80909576.5
2021-01-27 08:00:00,0.2637,0.2637,0.2521,0.2523,148841383.0
2021-01-27 12:00:00,0.2523,0.2554,0.244,0.2526,213039353.7
2021-01-27 16:00:00,0.2526,0.2551,0.2465,0.2533,146440059.4
2021-01-27 20:00:00,0.2532,0.2572,0.2495,0.2507,103132598.9
2021-01-28 00:00:00,0.2508,0.2574,0.247,0.2561,87904166.9
2021-01-28 04:00:00,0.2562,0.2611,0.2546,0.2575,91298103.1
2021-01-28 08:00:00,0.2574,0.2584,0.2545,0.2578,75700615.4
2021-01-28 12:00:00,0.2578,0.2652,0.2569,0.2638,143620764.4
2021-01-28 16:00:00,0.2638,0.2657,0.2576,0.2605,107572333.5
2021-01-28 20:00:00,0.2605,0.2705,0.2596,0.2645,99325834.3
2021-01-29 00:00:00,0.2645,0.2728,0.2626,0.2642,148976264.0
2021-01-29 04:00:00,0.2642,0.3179,0.2601,0.2785,1322600409.9
2021-01-29 08:00:00,0.2785,0.2896,0.2754,0.2846,476189847.9
2021-01-29 12:00:00,0.2847,0.3002,0.2805,0.2876,347909047.8
2021-01-29 16:00:00,0.2876,0.2942,0.2782,0.2832,325549704.4
2021-01-29 20:00:00,0.2831,0.2906,0.281,0.2833,120080267.4
2021-01-30 00:00:00,0.2833,0.3085,0.2778,0.2849,387530525.7
2021-01-30 04:00:00,0.2848,0.2975,0.2836,0.2935,242792612.2
2021-01-30 08:00:00,0.2935,0.3406,0.2933,0.3183,1216126370.4
2021-01-30 12:00:00,0.3182,0.3839,0.314,0.3824,1614887436.3
2021-01-30 16:00:00,0.3823,0.52,0.3609,0.4152,6023705041.9
2021-01-30 20:00:00,0.4151,0.4764,0.3725,0.4445,2195617576.2
2021-01-31 00:00:00,0.4448,0.4503,0.3884,0.3965,1327094391.0
2021-01-31 04:00:00,0.3964,0.4627,0.3955,0.4431,1156786420.0
2021-01-31 08:00:00,0.443,0.5144,0.4282,0.4929,2539047836.5
2021-01-31 12:00:00,0.4929,0.5138,0.4266,0.4782,2560819554.7
2021-01-31 16:00:00,0.4782,0.4892,0.44,0.4715,1463187942.9
2021-01-31 20:00:00,0.4712,0.5012,0.4553,0.4959,820584950.5
2021-02-01 00:00:00,0.4959,0.585,0.4606,0.5586,1738164090.7
2021-02-01 04:00:00,0.5588,0.6346,0.548,0.6287,2101371592.6
2021-02-01 08:00:00,0.6286,0.7577,0.6055,0.6279,4476331165.6
2021-02-01 12:00:00,0.6279,0.6462,0.398,0.4234,8013213525.0
2021-02-01 16:00:00,0.4234,0.4369,0.3656,0.3931,2350411071.8
2021-02-01 20:00:00,0.3931,0.4245,0.36,0.3714,1351860602.9
2021-02-02 00:00:00,0.3716,0.3968,0.34,0.3727,1396395139.9
2021-02-02 04:00:00,0.3729,0.3904,0.3572,0.365,677200282.7
2021-02-02 08:00:00,0.365,0.412,0.3647,0.3927,1101196786.2
2021-02-02 12:00:00,0.3926,0.403,0.3757,0.3818,732937288.5
2021-02-02 16:00:00,0.3818,0.3861,0.3665,0.3802,658783109.2
2021-02-02 20:00:00,0.3802,0.3803,0.3561,0.3734,514109581.8
2021-02-03 00:00:00,0.3734,0.3987,0.3733,0.3819,490929175.3
2021-02-03 04:00:00,0.3819,0.389,0.377,0.3835,288313689.7
2021-02-03 08:00:00,0.3835,0.3899,0.373,0.3762,341978154.3
2021-02-03 12:00:00,0.3762,0.386,0.3736,0.3778,327038348.5
2021-02-03 16:00:00,0.3779,0.42,0.3775,0.3942,1123277637.7
2021-02-03 20:00:00,0.3942,0.4,0.3823,0.398,285062414.4
2021-02-04 00:00:00,0.3979,0.3997,0.3834,0.3842,246851240.1
2021-02-04 04:00:00,0.3842,0.3952,0.38,0.3878,218687389.5
2021-02-04 08:00:00,0.3878,0.415,0.38,0.3893,645372439.3
2021-02-04 12:00:00,0.3894,0.4119,0.3881,0.406,647880960.0
2021-02-04 16:00:00,0.406,0.45,0.406,0.4319,1494454992.8
2021-02-04 20:00:00,0.4319,0.4819,0.4267,0.4462,1039784613.4
2021-02-05 00:00:00,0.4463,0.4735,0.4236,0.4462,711738118.4
2021-02-05 04:00:00,0.4463,0.4595,0.4372,0.4458,408816594.5
2021-02-05 08:00:00,0.4458,0.453,0.4257,0.4417,520177535.9
2021-02-05 12:00:00,0.4418,0.455,0.4373,0.4485,460144170.9
2021-02-05 16:00:00,0.4487,0.4671,0.4316,0.4415,544266931.0
2021-02-05 20:00:00,0.4415,0.4574,0.441,0.4535,214406541.5
2021-02-06 00:00:00,0.4534,0.4592,0.426,0.4369,372127894.8
2021-02-06 04:00:00,0.437,0.4399,0.4301,0.4372,169643453.0
2021-02-06 08:00:00,0.4373,0.4443,0.4314,0.4375,216948505.8
2021-02-06 12:00:00,0.4375,0.4516,0.4333,0.4485,256537982.9
2021-02-06 16:00:00,0.4485,0.4582,0.4431,0.4494,330579414.3
2021-02-06 20:00:00,0.4494,0.4528,0.4364,0.4442,222248342.0
2021-02-07 00:00:00,0.4441,0.4526,0.4328,0.4401,279631001.8
2021-02-07 04:00:00,0.4401,0.4402,0.412,0.4347,297419914.8
2021-02-07 08:00:00,0.4346,0.4474,0.4345,0.4403,229312401.6
2021-02-07 12:00:00,0.4403,0.446,0.3878,0.412,597984816.5
2021-02-07 16:00:00,0.412,0.4265,0.395,0.42,478082773.2
2021-02-07 20:00:00,0.4201,0.4244,0.411,0.4188,182150911.9
2021-02-08 00:00:00,0.4188,0.4296,0.4131,0.4155,179983034.0
2021-02-08 04:00:00,0.4155,0.4334,0.4143,0.4305,148860530.0
2021-02-08 08:00:00,0.4305,0.434,0.4216,0.4287,158512306.2
2021-02-08 12:00:00,0.4288,0.4724,0.4242,0.4461,676144567.5
2021-02-08 16:00:00,0.446,0.4638,0.4409,0.4489,343437047.0
2021-02-08 20:00:00,0.4489,0.4588,0.4438,0.4522,223188159.2
2021-02-09 00:00:00,0.4523,0.4675,0.45,0.4656,263110988.2
2021-02-09 04:00:00,0.4657,0.4923,0.4633,0.4755,507479001.7
2021-02-09 08:00:00,0.4755,0.4811,0.4515,0.4648,419248076.2
2021-02-09 12:00:00,0.4647,0.4704,0.4501,0.4599,283607091.9
2021-02-09 16:00:00,0.4599,0.4794,0.456,0.4783,334618342.5
2021-02-09 20:00:00,0.4782,0.4789,0.4651,0.4773,166564173.8
2021-02-10 00:00:00,0.4772,0.5016,0.4718,0.4937,424502025.8
2021-02-10 04:00:00,0.4936,0.5,0.4721,0.4997,311980964.9
2021-02-10 08:00:00,0.4997,0.5447,0.4996,0.5302,958380982.7
2021-02-10 12:00:00,0.5303,0.5303,0.44,0.4884,1495780331.6
2021-02-10 16:00:00,0.4884,0.5046,0.4769,0.4981,633437879.5
2021-02-10 20:00:00,0.4981,0.5175,0.48,0.5055,353304780.3
2021-02-11 00:00:00,0.5055,0.5298,0.5009,0.5221,382979575.8
2021-02-11 04:00:00,0.5222,0.5237,0.5067,0.5166,215715556.5
2021-02-11 08:00:00,0.5167,0.523,0.5023,0.5123,289545959.5
2021-02-11 12:00:00,0.5122,0.5358,0.5122,0.5282,360317116.3
2021-02-11 16:00:00,0.5283,0.5379,0.516,0.5301,252387605.1
2021-02-11 20:00:00,0.5301,0.5349,0.5106,0.5292,247953672.2
2021-02-12 00:00:00,0.5291,0.5736,0.5204,0.5608,541358948.1
2021-02-12 04:00:00,0.5608,0.563,0.5323,0.5567,468344784.6
2021-02-12 08:00:00,0.5567,0.601,0.5567,0.5826,732643821.6
2021-02-12 12:00:00,0.5826,0.5966,0.55,0.5883,638161089.4
2021-02-12 16:00:00,0.5884,0.5954,0.5717,0.5756,414032395.3
2021-02-12 20:00:00,0.5757,0.6216,0.5742,0.6107,378558652.5
2021-02-13 00:00:00,0.6108,0.6447,0.6061,0.6288,479652588.4
2021-02-13 04:00:00,0.6288,0.6392,0.6007,0.6014,441036084.6
2021-02-13 08:00:00,0.6014,0.6179,0.5401,0.577,1010063000.1
2021-02-13 12:00:00,0.577,0.622,0.5668,0.6146,676137117.7
2021-02-13 16:00:00,0.6146,0.6279,0.6017,0.6112,443320079.6
2021-02-13 20:00:00,0.6111,0.646,0.6039,0.6348,392235066.0
2021-02-14 00:00:00,0.6348,0.6428,0.6,0.6042,412251120.7
2021-02-14 04:00:00,0.604,0.6224,0.6027,0.6201,243701027.0
2021-02-14 08:00:00,0.6202,0.6298,0.5895,0.6107,286885980.4
2021-02-14 12:00:00,0.6107,0.6113,0.56,0.5898,610244783.8
2021-02-14 16:00:00,0.5898,0.6026,0.5818,0.5946,332829227.8
2021-02-14 20:00:00,0.595,0.6153,0.5916,0.5935,229629265.1
2021-02-15 00:00:00,0.5935,0.6056,0.5,0.549,851520380.1
2021-02-15 04:00:00,0.5491,0.572,0.5222,0.5626,470297506.9
2021-02-15 08:00:00,0.5627,0.5799,0.55,0.572,379673867.5
2021-02-15 12:00:00,0.5721,0.5839,0.5601,0.5754,344881120.1
2021-02-15 16:00:00,0.5753,0.5868,0.5739,0.5794,257312675.4
2021-02-15 20:00:00,0.5794,0.5799,0.5427,0.55,360754545.4
2021-02-16 00:00:00,0.55,0.58,0.5339,0.5762,348323063.6
2021-02-16 04:00:00,0.5761,0.5814,0.5517,0.5619,288170319.4
2021-02-16 08:00:00,0.562,0.5653,0.5363,0.5417,335977571.8
2021-02-16 12:00:00,0.5418,0.5549,0.5261,0.5313,616941936.7
2021-02-16 16:00:00,0.5313,0.5343,0.5035,0.5213,593729554.8
2021-02-16 20:00:00,0.5213,0.5255,0.48,0.5203,470035035.8
2021-02-17 00:00:00,0.5202,0.5314,0.5115,0.5166,338906798.9
2021-02-17 04:00:00,0.5165,0.5395,0.493,0.5298,434440827.7
2021-02-17 08:00:00,0.5297,0.557,0.5234,0.5362,431134867.9
2021-02-17 12:00:00,0.5361,0.551,0.5308,0.5422,346617589.0
2021-02-17 16:00:00,0.5423,0.56,0.5401,0.5466,309743680.1
2021-02-17 20:00:00,0.5467,0.5539,0.5325,0.536,173268447.4
2021-02-18 00:00:00,0.5361,0.5529,0.536,0.5447,178086365.2
2021-02-18 04:00:00,0.5448,0.5614,0.5401,0.5493,239846195.6
2021-02-18 08:00:00,0.5494,0.554,0.5244,0.5343,306913609.2
2021-02-18 12:00:00,0.5346,0.5401,0.5186,0.5302,269999048.5
2021-02-18 16:00:00,0.5301,0.545,0.5297,0.5355,165274707.1
2021-02-18 20:00:00,0.5355,0.5451,0.5304,0.5328,125890738.8
2021-02-19 00:00:00,0.533,0.5399,0.5128,0.53,287824356.4
2021-02-19 04:00:00,0.53,0.5425,0.5236,0.5387,209823592.3
2021-02-19 08:00:00,0.5387,0.5512,0.5361,0.5508,219912833.0
2021-02-19 12:00:00,0.5509,0.5847,0.544,0.5495,598932887.8
2021-02-19 16:00:00,0.5495,0.5669,0.5492,0.5569,240128732.1
2021-02-19 20:00:00,0.5569,0.5774,0.5569,0.5667,236002819.3
2021-02-20 00:00:00,0.5666,0.5728,0.5561,0.564,245952288.2
2021-02-20 04:00:00,0.564,0.5855,0.5603,0.5665,281394792.2
2021-02-20 08:00:00,0.5665,0.5759,0.5562,0.5613,230948749.9
2021-02-20 12:00:00,0.5614,0.5693,0.515,0.5366,454376297.8
2021-02-20 16:00:00,0.5365,0.5519,0.5304,0.537,272043125.9
2021-02-20 20:00:00,0.5371,0.5406,0.4684,0.5117,525614723.1
2021-02-21 00:00:00,0.5118,0.5335,0.503,0.5261,340173748.8
2021-02-21 04:00:00,0.5261,0.5327,0.5151,0.5179,257775801.9
2021-02-21 08:00:00,0.5181,0.5601,0.5145,0.5504,322034460.1
2021-02-21 12:00:00,0.5504,0.5539,0.5301,0.5404,286046513.0
2021-02-21 16:00:00,0.5404,0.5539,0.534,0.5503,237919048.8
2021-02-21 20:00:00,0.5503,0.5532,0.5232,0.5459,218213506.3
2021-02-22 00:00:00,0.546,0.5483,0.5218,0.5246,270861883.3
2021-02-22 04:00:00,0.5246,0.6535,0.5154,0.5945,1907439664.3
2021-02-22 08:00:00,0.5945,0.6007,0.5248,0.585,1252270143.6
2021-02-22 12:00:00,0.5851,0.5895,0.5076,0.5547,1205727465.0
2021-02-22 16:00:00,0.5547,0.6388,0.5454,0.5846,1351659108.1
2021-02-22 20:00:00,0.5847,0.595,0.5521,0.5668,424945818.1
2021-02-23 00:00:00,0.5669,0.5727,0.525,0.5469,504649154.1
2021-02-23 04:00:00,0.5469,0.5503,0.4992,0.5165,598888722.5
2021-02-23 08:00:00,0.5164,0.52,0.3523,0.4381,1975320436.5
2021-02-23 12:00:00,0.4381,0.48,0.4312,0.4677,853149562.2
2021-02-23 16:00:00,0.4678,0.4869,0.4411,0.4525,551966838.1
2021-02-23 20:00:00,0.4524,0.4773,0.4486,0.4765,274818026.4
2021-02-24 00:00:00,0.4765,0.4997,0.4575,0.4963,302307471.6
2021-02-24 04:00:00,0.4963,0.4994,0.4759,0.487,237875544.8
2021-02-24 08:00:00,0.4871,0.5007,0.4801,0.489,253930153.5
2021-02-24 12:00:00,0.4891,0.4946,0.4555,0.474,403124526.6
2021-02-24 16:00:00,0.474,0.4813,0.4586,0.4614,213119504.9
2021-02-24 20:00:00,0.4614,0.4721,0.4512,0.4687,177284043.2
2021-02-25 00:00:00,0.4688,0.4828,0.4657,0.4699,151870101.1
2021-02-25 04:00:00,0.4699,0.478,0.4616,0.4735,142963672.6
2021-02-25 08:00:00,0.4735,0.475,0.4535,0.4689,195856994.7
2021-02-25 12:00:00,0.4689,0.4817,0.4665,0.4717,199256389.3
2021-02-25 16:00:00,0.4719,0.4781,0.459,0.4615,161952317.6
2021-02-25 20:00:00,0.4615,0.4631,0.4242,0.4358,243390647.3
2021-02-26 00:00:00,0.4356,0.4413,0.4102,0.4381,440802512.7
2021-02-26 04:00:00,0.4382,0.4434,0.414,0.4217,262119407.0
2021-02-26 08:00:00,0.4218,0.4353,0.4217,0.4295,219989836.7
2021-02-26 12:00:00,0.4295,0.4413,0.4267,0.439,173579153.1
2021-02-26 16:00:00,0.4391,0.451,0.4334,0.4369,174671914.2
2021-02-26 20:00:00,0.437,0.4384,0.4189,0.4279,183777586.2
2021-02-27 00:00:00,0.4281,0.4446,0.4272,0.4384,123252308.4
2021-02-27 04:00:00,0.4384,0.4489,0.4344,0.4395,122808455.9
2021-02-27 08:00:00,0.4395,0.4418,0.4291,0.4383,162627002.4
2021-02-27 12:00:00,0.4383,0.4594,0.4349,0.4414,254133670.5
2021-02-27 16:00:00,0.4415,0.4518,0.439,0.4493,109813522.1
2021-02-27 20:00:00,0.4493,0.4511,0.4268,0.4361,162279095.2
2021-02-28 00:00:00,0.436,0.4391,0.417,0.4183,169015930.3
2021-02-28 04:00:00,0.4183,0.4225,0.4031,0.4126,276439842.9
2021-02-28 08:00:00,0.4126,0.4237,0.4125,0.4195,130102250.5
2021-02-28 12:00:00,0.4195,0.4211,0.3975,0.4022,218982945.3
2021-02-28 16:00:00,0.4023,0.4144,0.3926,0.4134,217272916.9
2021-02-28 20:00:00,0.4136,0.4216,0.4091,0.4159,129092943.4
2021-03-01 00:00:00,0.4159,0.4275,0.4122,0.4209,127202066.3
2021-03-01 04:00:00,0.4209,0.4288,0.4162,0.4231,107316295.2
2021-03-01 08:00:00,0.4231,0.4336,0.423,0.4323,142939746.5
2021-03-01 12:00:00,0.4323,0.4413,0.4282,0.441,148332356.5
2021-03-01 16:00:00,0.441,0.4549,0.4317,0.4339,241125404.9
2021-03-01 20:00:00,0.4339,0.448,0.4332,0.4458,104936610.5
2021-03-02 00:00:00,0.4459,0.4557,0.4375,0.4403,122209585.6
2021-03-02 04:00:00,0.4402,0.4443,0.4277,0.4332,126550994.6
2021-03-02 08:00:00,0.4333,0.4479,0.4328,0.4421,175844640.7
2021-03-02 12:00:00,0.4422,0.4505,0.4391,0.4421,145033392.0
2021-03-02 16:00:00,0.4422,0.4437,0.4222,0.4295,208747291.0
2021-03-02 20:00:00,0.4296,0.4374,0.425,0.4361,105772366.4
2021-03-03 00:00:00,0.436,0.4401,0.43,0.4399,68578282.9
2021-03-03 04:00:00,0.4399,0.4479,0.4381,0.4456,81606420.6
2021-03-03 08:00:00,0.4457,0.4691,0.4457,0.4599,266400418.6
2021-03-03 12:00:00,0.4599,0.4634,0.4413,0.4494,252217329.4
2021-03-03 16:00:00,0.4494,0.4539,0.4404,0.4473,138818110.6
2021-03-03 20:00:00,0.4473,0.455,0.4442,0.4486,111084687.4
2021-03-04 00:00:00,0.4489,0.4598,0.442,0.4432,133193202.4
2021-03-04 04:00:00,0.4432,0.4588,0.4332,0.4583,199931800.3
2021-03-04 08:00:00,0.4583,0.4716,0.4438,0.4513,351437088.9
2021-03-04 12:00:00,0.4513,0.4646,0.4468,0.4609,268769519.3
2021-03-04 16:00:00,0.4609,0.495,0.45,0.4645,869524464.9
2021-03-04 20:00:00,0.4645,0.4875,0.4609,0.4816,264437916.1
2021-03-05 00:00:00,0.4816,0.4853,0.446,0.468,350942346.7
2021-03-05 04:00:00,0.468,0.468,0.4539,0.459,162825313.4
2021-03-05 08:00:00,0.459,0.462,0.4473,0.4589,164758639.0
2021-03-05 12:00:00,0.4588,0.466,0.454,0.4604,205496216.4
2021-03-05 16:00:00,0.4603,0.4619,0.4488,0.4605,150285582.2
2021-03-05 20:00:00,0.4604,0.466,0.4538,0.4551,115520262.4
2021-03-06 00:00:00,0.4551,0.4717,0.4534,0.4667,153124711.2
2021-03-06 04:00:00,0.4667,0.4693,0.4582,0.4673,119460601.7
2021-03-06 08:00:00,0.4672,0.4698,0.4598,0.4613,99981852.1
2021-03-06 12:00:00,0.4613,0.462,0.4494,0.4535,134827504.4
2021-03-06 16:00:00,0.4534,0.4623,0.4504,0.4581,92666005.5
2021-03-06 20:00:00,0.4583,0.4652,0.458,0.463,77020447.9
2021-03-07 00:00:00,0.4631,0.467,0.4594,0.4616,86881605.9
2021-03-07 04:00:00,0.4616,0.4652,0.4589,0.4644,55280258.1
2021-03-07 08:00:00,0.4644,0.4696,0.4628,0.467,106607356.0
2021-03-07 12:00:00,0.4669,0.4672,0.4591,0.4636,90638858.3
2021-03-07 16:00:00,0.4635,0.4671,0.4611,0.462,73496545.3
2021-03-07 20:00:00,0.4619,0.4671,0.4564,0.466,71675652.7
2021-03-08 00:00:00,0.4661,0.4733,0.4634,0.4659,127021999.6
2021-03-08 04:00:00,0.4659,0.4695,0.4604,0.4617,78983346.2
2021-03-08 08:00:00,0.4618,0.4907,0.4552,0.4734,461515045.5
2021-03-08 12:00:00,0.4735,0.4772,0.4679,0.4734,161677381.5
2021-03-08 16:00:00,0.4733,0.4845,0.4719,0.4801,147742819.4
2021-03-08 20:00:00,0.4801,0.4808,0.4699,0.4749,160158245.8
2021-03-09 00:00:00,0.4749,0.4885,0.4714,0.4847,146698063.1
2021-03-09 04:00:00,0.4847,0.4858,0.4772,0.4791,105799708.6
2021-03-09 08:00:00,0.4791,0.4857,0.478,0.4828,134235229.3
2021-03-09 12:00:00,0.4827,0.4827,0.4758,0.4799,124812324.8
2021-03-09 16:00:00,0.48,0.4828,0.476,0.4819,114038995.2
2021-03-09 20:00:00,0.4819,0.4869,0.4793,0.4858,97649068.8
2021-03-10 00:00:00,0.4859,0.4901,0.452,0.462,338018951.0
2021-03-10 04:00:00,0.462,0.4716,0.4581,0.4701,108302458.9
2021-03-10 08:00:00,0.4701,0.472,0.4641,0.4672,136420535.1
2021-03-10 12:00:00,0.4672,0.473,0.4619,0.4662,167726906.8
2021-03-10 16:00:00,0.4661,0.4712,0.4627,0.4668,127725902.4
2021-03-10 20:00:00,0.4669,0.4688,0.4563,0.4621,147687858.9
2021-03-11 00:00:00,0.4621,0.4649,0.45,0.4576,156442200.3
2021-03-11 04:00:00,0.4576,0.4596,0.452,0.4524,89648559.4
2021-03-11 08:00:00,0.4524,0.453,0.4392,0.4512,229042304.1
2021-03-11 12:00:00,0.4513,0.459,0.4491,0.4513,140916979.1
2021-03-11 16:00:00,0.4514,0.4552,0.4483,0.4509,133818994.9
2021-03-11 20:00:00,0.4508,0.458,0.4508,0.4527,98425222.3
2021-03-12 00:00:00,0.4526,0.4657,0.4457,0.4624,186008774.8
2021-03-12 04:00:00,0.4623,0.4633,0.4529,0.455,102568792.9
2021-03-12 08:00:00,0.4549,0.4595,0.4469,0.448,140678231.1
2021-03-12 12:00:00,0.448,0.4498,0.4216,0.4475,365600517.9
2021-03-12 16:00:00,0.4474,0.4483,0.4382,0.4384,120956112.3
2021-03-12 20:00:00,0.4382,0.4412,0.4334,0.4399,114279613.6
2021-03-13 00:00:00,0.4399,0.4423,0.4323,0.439,98754694.5
2021-03-13 04:00:00,0.4389,0.4462,0.4369,0.4445,88025541.1
2021-03-13 08:00:00,0.4445,0.4593,0.44,0.4529,204026372.8
2021-03-13 12:00:00,0.4531,0.4677,0.4486,0.4578,202863508.2
2021-03-13 16:00:00,0.4578,0.4646,0.452,0.4606,119931789.9
2021-03-13 20:00:00,0.4606,0.4667,0.4562,0.4586,106647137.5
2021-03-14 00:00:00,0.4587,0.4624,0.4522,0.46,112224348.5
2021-03-14 04:00:00,0.4599,0.4605,0.447,0.4498,90162768.0
2021-03-14 08:00:00,0.4499,0.4574,0.4426,0.4485,141736459.4
2021-03-14 12:00:00,0.4485,0.4504,0.4452,0.4474,94045929.6
2021-03-14 16:00:00,0.4475,0.4498,0.441,0.4482,100809116.7
2021-03-14 20:00:00,0.4483,0.45,0.4385,0.4394,82725310.1
2021-03-15 00:00:00,0.4394,0.4468,0.4341,0.4437,98274817.7
2021-03-15 04:00:00,0.4437,0.449,0.4251,0.4337,174984438.3
2021-03-15 08:00:00,0.4336,0.437,0.4226,0.4326,217332710.0
2021-03-15 12:00:00,0.4325,0.444,0.4315,0.437,161820937.8
2021-03-15 16:00:00,0.4371,0.4431,0.4345,0.4418,110487088.4
2021-03-15 20:00:00,0.4417,0.4438,0.4352,0.4361,77142000.9
2021-03-16 00:00:00,0.4361,0.4648,0.4272,0.4566,307161118.1
2021-03-16 04:00:00,0.4567,0.5213,0.45,0.4811,980130907.2
2021-03-16 08:00:00,0.481,0.4866,0.4652,0.4749,453445511.7
2021-03-16 12:00:00,0.4748,0.4859,0.4668,0.4747,300141441.2
2021-03-16 16:00:00,0.4748,0.482,0.4507,0.4558,324346752.2
2021-03-16 20:00:00,0.4558,0.4644,0.4542,0.4607,138278445.1
2021-03-17 00:00:00,0.4608,0.4831,0.4572,0.472,264616997.8
2021-03-17 04:00:00,0.4719,0.4747,0.4641,0.4656,155070633.1
2021-03-17 08:00:00,0.4655,0.4674,0.4533,0.4572,176005170.2
2021-03-17 12:00:00,0.4571,0.4685,0.4541,0.465,197434287.5
2021-03-17 16:00:00,0.465,0.4773,0.4627,0.4692,182727051.2
2021-03-17 20:00:00,0.4693,0.4734,0.4662,0.4707,114117070.5
2021-03-18 00:00:00,0.4708,0.4806,0.4668,0.4738,145219926.2
2021-03-18 04:00:00,0.4739,0.4809,0.4704,0.4722,126608790.5
2021-03-18 08:00:00,0.4722,0.4763,0.4687,0.4719,96570595.4
2021-03-18 12:00:00,0.4719,0.4923,0.4711,0.4788,301913942.5
2021-03-18 16:00:00,0.4789,0.4843,0.4709,0.4728,162318959.9
2021-03-18 20:00:00,0.4728,0.4737,0.4649,0.4696,123447849.7
2021-03-19 00:00:00,0.4696,0.472,0.4577,0.4699,135826893.9
2021-03-19 04:00:00,0.47,0.4743,0.4696,0.4702,72376847.3
2021-03-19 08:00:00,0.4703,0.4731,0.4679,0.4721,91730453.6
2021-03-19 12:00:00,0.4722,0.476,0.4681,0.4706,110023667.0
2021-03-19 16:00:00,0.4707,0.4736,0.4662,0.4706,97316430.7
2021-03-19 20:00:00,0.4707,0.4719,0.4657,0.4668,78529414.2
2021-03-20 00:00:00,0.4669,0.4815,0.4651,0.4746,146517615.9
2021-03-20 04:00:00,0.4746,0.4887,0.4718,0.4826,149104470.6
2021-03-20 08:00:00,0.4827,0.5017,0.4793,0.4932,263866646.0
2021-03-20 12:00:00,0.4932,0.5,0.485,0.4936,270979882.8
2021-03-20 16:00:00,0.4936,0.5333,0.4934,0.5291,876522733.8
2021-03-20 20:00:00,0.529,0.55,0.5133,0.5265,705274501.2
2021-03-21 00:00:00,0.5265,0.5479,0.5057,0.5171,589864758.3
2021-03-21 04:00:00,0.5171,0.5327,0.5131,0.515,351129038.7
2021-03-21 08:00:00,0.5149,0.5222,0.4952,0.5069,394449991.8
2021-03-21 12:00:00,0.5069,0.5097,0.4955,0.5026,248357834.4
2021-03-21 16:00:00,0.5025,0.5197,0.497,0.5132,204001942.8
2021-03-21 20:00:00,0.5131,0.5259,0.5087,0.5176,198900910.3
2021-03-22 00:00:00,0.5174,0.5204,0.5014,0.5152,217595400.0
2021-03-22 04:00:00,0.5152,0.523,0.5097,0.5203,131925214.4
2021-03-22 08:00:00,0.5203,0.5676,0.5155,0.5559,865864434.0
2021-03-22 12:00:00,0.556,0.5912,0.5559,0.5743,1216689823.4
2021-03-22 16:00:00,0.5743,0.6014,0.5595,0.5636,1111599762.2
2021-03-22 20:00:00,0.5636,0.5725,0.5348,0.5449,739705468.0
2021-03-23 00:00:00,0.5449,0.598,0.5422,0.58,653310659.2
2021-03-23 04:00:00,0.5801,0.5804,0.546,0.5694,589585004.2
2021-03-23 08:00:00,0.5693,0.5867,0.558,0.5657,482972109.3
2021-03-23 12:00:00,0.5658,0.5828,0.5611,0.5687,442913369.8
2021-03-23 16:00:00,0.5687,0.5722,0.5479,0.5494,408240748.0
2021-03-23 20:00:00,0.5493,0.5619,0.5381,0.5501,331309393.1
2021-03-24 00:00:00,0.55,0.5531,0.5357,0.5439,217500688.5
2021-03-24 04:00:00,0.5439,0.5541,0.5407,0.5469,189221579.4
2021-03-24 08:00:00,0.5469,0.56,0.5464,0.5505,192302950.6
2021-03-24 12:00:00,0.5505,0.5636,0.5475,0.5507,246678086.8
2021-03-24 16:00:00,0.5508,0.552,0.5069,0.5189,460078090.8
2021-03-24 20:00:00,0.5189,0.5268,0.4485,0.48,844565721.7
2021-03-25 00:00:00,0.4801,0.4927,0.4552,0.4842,528340155.3
2021-03-25 04:00:00,0.4841,0.503,0.48,0.4881,223761129.8
2021-03-25 08:00:00,0.4881,0.5138,0.4862,0.4982,315536559.8
2021-03-25 12:00:00,0.4981,0.5013,0.4747,0.4894,644234230.2
2021-03-25 16:00:00,0.4893,0.5218,0.4823,0.5213,303338110.0
2021-03-25 20:00:00,0.5213,0.525,0.5074,0.511,227711667.3
2021-03-26 00:00:00,0.5111,0.537,0.5107,0.5344,296781186.8
2021-03-26 04:00:00,0.5345,0.54,0.5281,0.5387,204761113.4
2021-03-26 08:00:00,0.5387,0.5776,0.5302,0.5659,428323859.3
2021-03-26 12:00:00,0.5659,0.5673,0.5433,0.551,316847125.0
2021-03-26 16:00:00,0.551,0.5691,0.5465,0.555,282234002.9
2021-03-26 20:00:00,0.5551,0.5684,0.5513,0.5638,169538307.4
2021-03-27 00:00:00,0.5638,0.5753,0.5552,0.5595,182488465.9
2021-03-27 04:00:00,0.5594,0.567,0.5477,0.5522,143620499.0
2021-03-27 08:00:00,0.5521,0.5566,0.5435,0.5463,172694806.0
2021-03-27 12:00:00,0.5462,0.5509,0.5343,0.5475,195995997.0
2021-03-27 16:00:00,0.5474,0.5588,0.5464,0.5524,162932803.8
2021-03-27 20:00:00,0.5525,0.5626,0.5464,0.5479,114827883.9
2021-03-28 00:00:00,0.5478,0.5554,0.5435,0.5517,111066860.0
2021-03-28 04:00:00,0.5518,0.5604,0.5501,0.5578,84594515.0
2021-03-28 08:00:00,0.5578,0.5614,0.5457,0.5483,116533525.1
2021-03-28 12:00:00,0.5482,0.5549,0.5386,0.5514,174335818.1
2021-03-28 16:00:00,0.5513,0.5541,0.5415,0.5437,109969792.5
2021-03-28 20:00:00,0.5437,0.5494,0.541,0.5463,59474255.2
2021-03-29 00:00:00,0.5463,0.5657,0.5434,0.5602,155835017.0
2021-03-29 04:00:00,0.5601,0.562,0.5501,0.5564,109614023.8
2021-03-29 08:00:00,0.5565,0.5714,0.5555,0.5628,172009489.0
2021-03-29 12:00:00,0.5629,0.5679,0.5516,0.5564,160494478.0
2021-03-29 16:00:00,0.5563,0.5723,0.5548,0.5645,207196637.7
2021-03-29 20:00:00,0.5645,0.5689,0.5585,0.5662,105503973.7
2021-03-30 00:00:00,0.5663,0.5711,0.5601,0.5618,124242456.8
2021-03-30 04:00:00,0.5618,0.5892,0.5613,0.58,341810059.3
2021-03-30 08:00:00,0.5799,0.5843,0.5704,0.5804,227397966.3
2021-03-30 12:00:00,0.5804,0.5809,0.5602,0.5633,226392857.2
2021-03-30 16:00:00,0.5634,0.5693,0.5625,0.5674,110213172.7
2021-03-30 20:00:00,0.5676,0.568,0.5606,0.5629,88967268.8
2021-03-31 00:00:00,0.563,0.5734,0.5252,0.552,400266093.6
2021-03-31 04:00:00,0.552,0.5668,0.542,0.5507,261476346.0
2021-03-31 08:00:00,0.5508,0.552,0.5327,0.5488,287017141.6
2021-03-31 12:00:00,0.5487,0.5561,0.544,0.5494,216403416.8
2021-03-31 16:00:00,0.5494,0.5614,0.5455,0.5513,183567160.4
2021-03-31 20:00:00,0.5513,0.5783,0.5465,0.5708,203539655.4
2021-04-01 00:00:00,0.5709,0.5998,0.5664,0.5746,346041876.9
2021-04-01 04:00:00,0.5746,0.5794,0.5626,0.5709,184866211.6
2021-04-01 08:00:00,0.5709,0.5756,0.553,0.5569,216032745.9
2021-04-01 12:00:00,0.557,0.574,0.5478,0.5644,359966352.9
2021-04-01 16:00:00,0.5644,0.5729,0.5532,0.567,207686863.4
2021-04-01 20:00:00,0.5671,0.5744,0.5626,0.5714,96859287.6
2021-04-02 00:00:00,0.5714,0.584,0.569,0.5744,213814112.7
2021-04-02 04:00:00,0.5745,0.5914,0.5664,0.5803,207625547.6
2021-04-02 08:00:00,0.5803,0.5903,0.5783,0.5839,191863348.6
2021-04-02 12:00:00,0.584,0.5876,0.5756,0.5837,208178103.9
2021-04-02 16:00:00,0.5837,0.6124,0.5832,0.5933,512632224.5
2021-04-02 20:00:00,0.5934,0.6111,0.5916,0.6078,229974215.5
2021-04-03 00:00:00,0.6078,0.6397,0.6078,0.6247,365813978.6
2021-04-03 04:00:00,0.6248,0.643,0.6236,0.6316,276870333.5
2021-04-03 08:00:00,0.6317,0.6344,0.6076,0.6237,328136289.9
2021-04-03 12:00:00,0.6238,0.641,0.6168,0.6176,288197835.6
2021-04-03 16:00:00,0.6177,0.6256,0.5836,0.6052,512777759.2
2021-04-03 20:00:00,0.6052,0.6052,0.5715,0.579,341067028.0
2021-04-04 00:00:00,0.579,0.597,0.5622,0.5914,303515470.2
2021-04-04 04:00:00,0.5915,0.5944,0.5827,0.5932,137755000.2
2021-04-04 08:00:00,0.5931,0.5993,0.5852,0.5878,158707032.2
2021-04-04 12:00:00,0.5878,0.6077,0.5845,0.6001,232603659.0
2021-04-04 16:00:00,0.6002,0.6186,0.597,0.6116,208556947.8
2021-04-04 20:00:00,0.6115,0.6368,0.6066,0.6353,216672305.4
2021-04-05 00:00:00,0.6353,0.706,0.6207,0.6837,1124583367.4
2021-04-05 04:00:00,0.6837,0.7276,0.6603,0.6916,933280804.0
2021-04-05 08:00:00,0.6916,0.7219,0.679,0.7091,650034022.7
2021-04-05 12:00:00,0.7091,0.7717,0.6894,0.7704,1095290236.5
2021-04-05 16:00:00,0.7704,0.8855,0.752,0.8354,2302284423.9
2021-04-05 20:00:00,0.835,0.9421,0.8346,0.9176,2022976877.0
2021-04-06 00:00:00,0.9176,0.95,0.808,0.874,1341565820.5
2021-04-06 04:00:00,0.874,0.9188,0.8572,0.902,704115532.4
2021-04-06 08:00:00,0.902,1.1037,0.8937,1.0048,2916697573.0
2021-04-06 12:00:00,1.0048,1.0327,0.8888,0.9435,2176086634.6
2021-04-06 16:00:00,0.9435,1.0697,0.9347,1.0667,1579999141.6
2021-04-06 20:00:00,1.0668,1.124,0.98,1.1005,1512683619.3
2021-04-07 00:00:00,1.1006,1.1144,1.0301,1.0538,1044817002.1
2021-04-07 04:00:00,1.0538,1.0679,0.9234,0.9843,1280891447.5
2021-04-07 08:00:00,0.9843,1.0028,0.87,0.9236,1817772924.9
2021-04-07 12:00:00,0.9237,0.9779,0.854,0.9312,1406519436.7
2021-04-07 16:00:00,0.9313,0.9749,0.881,0.9169,1128087318.5
2021-04-07 20:00:00,0.9168,0.9589,0.8883,0.918,524168680.8
2021-04-08 00:00:00,0.9181,0.9481,0.9025,0.9228,432854791.0
2021-04-08 04:00:00,0.9231,1.0035,0.9185,0.9898,672408095.9
2021-04-08 08:00:00,0.9898,0.9935,0.935,0.9426,632856477.1
2021-04-08 12:00:00,0.9426,0.979,0.9383,0.9605,450543002.2
2021-04-08 16:00:00,0.9604,1.0158,0.9603,1.0008,631280011.9
2021-04-08 20:00:00,1.0008,1.0753,1.0,1.0588,741200766.6
2021-04-09 00:00:00,1.0586,1.0649,1.008,1.0233,405902827.5
2021-04-09 04:00:00,1.0232,1.0483,1.0106,1.0263,293800715.9
2021-04-09 08:00:00,1.0261,1.0385,0.9838,1.023,439031883.9
2021-04-09 12:00:00,1.0229,1.0231,0.9813,1.0141,447858840.0
2021-04-09 16:00:00,1.0142,1.0381,1.0052,1.0297,434467430.4
2021-04-09 20:00:00,1.0299,1.0876,1.016,1.0192,648224908.1
2021-04-10 00:00:00,1.0192,1.0747,1.0079,1.0741,436776681.7
2021-04-10 04:00:00,1.0741,1.18,1.048,1.1538,905794688.8
2021-04-10 08:00:00,1.1539,1.1917,1.1316,1.1711,918491656.2
2021-04-10 12:00:00,1.171,1.314,1.1624,1.3106,1879631771.3
2021-04-10 16:00:00,1.3106,1.4063,1.2218,1.3009,2333157837.1
2021-04-10 20:00:00,1.3008,1.3892,1.2432,1.3762,1010142875.5
2021-04-11 00:00:00,1.3761,1.4886,1.3521,1.4468,1174179418.3
2021-04-11 04:00:00,1.4468,1.5057,1.333,1.4203,1200236260.3
2021-04-11 08:00:00,1.4204,1.4496,1.3585,1.3587,764206410.0
2021-04-11 12:00:00,1.3586,1.4139,1.3085,1.3796,888262698.0
2021-04-11 16:00:00,1.3797,1.4185,1.314,1.4039,618043296.9
2021-04-11 20:00:00,1.4039,1.4242,1.3426,1.3563,396822164.8
2021-04-12 00:00:00,1.3563,1.3756,1.3235,1.3505,353022810.7
2021-04-12 04:00:00,1.3505,1.4264,1.3258,1.4065,478717330.6
2021-04-12 08:00:00,1.4065,1.42,1.3252,1.372,631005145.8
2021-04-12 12:00:00,1.372,1.41,1.3419,1.3653,501026343.0
2021-04-12 16:00:00,1.3655,1.4038,1.3463,1.3908,427445852.3
2021-04-12 20:00:00,1.3909,1.4778,1.372,1.4706,535954418.5
2021-04-13 00:00:00,1.4706,1.4829,1.4214,1.4502,428580770.6
2021-04-13 04:00:00,1.4504,1.6538,1.447,1.6392,1271618935.1
2021-04-13 08:00:00,1.6393,1.7287,1.5675,1.7085,1173982012.5
2021-04-13 12:00:00,1.7082,1.791,1.665,1.7829,1047140507.9
2021-04-13 16:00:00,1.7829,1.895,1.6971,1.8296,1843043082.4
2021-04-13 20:00:00,1.8298,1.8633,1.6718,1.7993,902345319.9
2021-04-14 00:00:00,1.7987,1.849,1.7493,1.8259,577435406.0
2021-04-14 04:00:00,1.8261,1.9749,1.8137,1.9082,902616641.8
2021-04-14 08:00:00,1.9082,1.977,1.71,1.8441,1355570181.4
2021-04-14 12:00:00,1.8441,1.8473,1.56,1.7101,1773648200.4
2021-04-14 16:00:00,1.7101,1.7852,1.64,1.7198,1092004052.6
2021-04-14 20:00:00,1.7199,1.856,1.6942,1.8385,500231345.3
2021-04-15 00:00:00,1.8384,1.8948,1.7132,1.7737,572542200.0
2021-04-15 04:00:00,1.7738,1.788,1.7267,1.7492,304301668.7
2021-04-15 08:00:00,1.7491,1.7687,1.656,1.7022,557974165.2
2021-04-15 12:00:00,1.7022,1.768,1.7,1.7346,520367274.4
2021-04-15 16:00:00,1.7347,1.8023,1.7195,1.7865,479474960.4
2021-04-15 20:00:00,1.7865,1.8524,1.7262,1.7599,606850354.2
2021-04-16 00:00:00,1.7599,1.8177,1.7127,1.7419,433553944.1
2021-04-16 04:00:00,1.7418,1.7419,1.6208,1.6829,646613361.9
2021-04-16 08:00:00,1.6829,1.7063,1.41,1.5907,1158126480.6
2021-04-16 12:00:00,1.5909,1.6615,1.45,1.66,1010974005.1
2021-04-16 16:00:00,1.6598,1.7509,1.6063,1.6352,825153018.4
2021-04-16 20:00:00,1.6352,1.6772,1.5406,1.5515,398792348.9
2021-04-17 00:00:00,1.5515,1.6554,1.5395,1.6191,398047361.7
2021-04-17 04:00:00,1.6191,1.745,1.6132,1.7104,403485453.7
2021-04-17 08:00:00,1.7111,1.7386,1.565,1.598,528107087.8
2021-04-17 12:00:00,1.5982,1.6554,1.5516,1.5716,492736858.5
2021-04-17 16:00:00,1.5713,1.6088,1.5194,1.5812,370702513.4
2021-04-17 20:00:00,1.5811,1.6095,1.533,1.5409,212067119.0
2021-04-18 00:00:00,1.5408,1.5677,1.1,1.315,1217545543.1
2021-04-18 04:00:00,1.3143,1.39,1.2324,1.3681,1241196849.6
2021-04-18 08:00:00,1.3683,1.392,1.1667,1.188,1129074052.6
2021-04-18 12:00:00,1.1875,1.348,1.1739,1.3324,867424546.1
2021-04-18 16:00:00,1.3324,1.3729,1.285,1.3193,498772962.7
2021-04-18 20:00:00,1.3194,1.46,1.3188,1.4105,577405482.1
2021-04-19 00:00:00,1.4105,1.4785,1.3552,1.4602,499592546.8
2021-04-19 04:00:00,1.4603,1.531,1.4592,1.4885,484542475.5
2021-04-19 08:00:00,1.4885,1.492,1.325,1.4174,793923546.0
2021-04-19 12:00:00,1.4174,1.4174,1.2479,1.2908,1309068790.0
2021-04-19 16:00:00,1.2908,1.3821,1.2606,1.357,608082158.0
2021-04-19 20:00:00,1.3572,1.3919,1.3012,1.31,373643530.3
2021-04-20 00:00:00,1.3102,1.3291,1.172,1.2733,957505991.8
2021-04-20 04:00:00,1.2739,1.32,1.2052,1.2518,626464562.2
2021-04-20 08:00:00,1.2515,1.3366,1.238,1.326,583240779.3
2021-04-20 12:00:00,1.326,1.3699,1.2816,1.3371,621166498.0
2021-04-20 16:00:00,1.3371,1.4054,1.32,1.4053,460184497.1
2021-04-20 20:00:00,1.4053,1.449,1.352,1.3863,463809236.5
2021-04-21 00:00:00,1.3862,1.4676,1.364,1.4018,506622176.0
2021-04-21 04:00:00,1.4018,1.4435,1.3901,1.4068,361308265.1
2021-04-21 08:00:00,1.4066,1.4138,1.2823,1.3099,660371282.3
2021-04-21 12:00:00,1.3098,1.42,1.2946,1.4041,623617466.3
2021-04-21 16:00:00,1.404,1.4221,1.3468,1.3815,343930776.6
2021-04-21 20:00:00,1.3816,1.3818,1.2745,1.2912,461519650.7
2021-04-22 00:00:00,1.2911,1.3432,1.2634,1.2908,544202972.5
2021-04-22 04:00:00,1.2912,1.3433,1.2878,1.3138,326471123.6
2021-04-22 08:00:00,1.3139,1.33,1.25,1.328,555830157.0
2021-04-22 12:00:00,1.3281,1.3523,1.302,1.3241,435295926.0
2021-04-22 16:00:00,1.3244,1.4224,1.273,1.302,963590336.4
2021-04-22 20:00:00,1.302,1.3026,1.0816,1.1557,1309082985.8
2021-04-23 00:00:00,1.1556,1.1979,0.8702,1.0713,2214419056.2
2021-04-23 04:00:00,1.0712,1.0938,0.9631,1.0267,1569938721.8
2021-04-23 08:00:00,1.0267,1.174,0.99,1.1296,1291459411.0
2021-04-23 12:00:00,1.1299,1.14,1.0494,1.1056,1003337664.9
2021-04-23 16:00:00,1.1055,1.1404,1.0546,1.1327,590715810.3
2021-04-23 20:00:00,1.1328,1.1733,1.1009,1.1703,439445110.4
2021-04-24 00:00:00,1.1703,1.1724,1.0908,1.1306,555455260.9
2021-04-24 04:00:00,1.1306,1.1592,1.1127,1.1267,398495999.2
2021-04-24 08:00:00,1.1263,1.1418,1.0209,1.0486,684621571.8
2021-04-24 12:00:00,1.0486,1.0936,1.0301,1.0845,562745211.0
2021-04-24 16:00:00,1.0847,1.099,1.0545,1.0725,366879609.7
2021-04-24 20:00:00,1.0725,1.1044,1.0427,1.0503,373818722.9
2021-04-25 00:00:00,1.0503,1.0732,1.0267,1.0413,391180577.8
2021-04-25 04:00:00,1.0413,1.0625,1.0227,1.0431,229321168.9
2021-04-25 08:00:00,1.0431,1.0774,1.031,1.0619,387808559.4
2021-04-25 12:00:00,1.0617,1.151,1.0577,1.1487,591749071.8
2021-04-25 16:00:00,1.1488,1.1576,1.0615,1.0662,547095607.0
2021-04-25 20:00:00,1.0662,1.0859,0.9439,1.0356,1076681908.4
2021-04-26 00:00:00,1.0355,1.1529,1.0125,1.1347,824144869.7
2021-04-26 04:00:00,1.1347,1.2089,1.1144,1.1825,628555152.6
2021-04-26 08:00:00,1.1824,1.227,1.1366,1.224,779959774.7
2021-04-26 12:00:00,1.224,1.2753,1.215,1.2552,941310297.1
2021-04-26 16:00:00,1.255,1.35,1.2228,1.3452,977914062.9
2021-04-26 20:00:00,1.3452,1.3766,1.225,1.3644,1114788207.2
2021-04-27 00:00:00,1.3645,1.464,1.3434,1.4172,1088348599.7
2021-04-27 04:00:00,1.4174,1.4523,1.3821,1.4009,620212350.9
2021-04-27 08:00:00,1.4005,1.4671,1.3749,1.4388,681220886.5
2021-04-27 12:00:00,1.4389,1.44,1.3318,1.4216,993207750.6
2021-04-27 16:00:00,1.4216,1.435,1.36,1.3744,516329980.2
2021-04-27 20:00:00,1.3746,1.4313,1.3743,1.4039,342708693.9
2021-04-28 00:00:00,1.404,1.4499,1.38,1.3839,509791920.0
2021-04-28 04:00:00,1.3837,1.404,1.2831,1.353,822293251.1
2021-04-28 08:00:00,1.3531,1.3848,1.3066,1.3678,563274860.8
2021-04-28 12:00:00,1.3679,1.3865,1.3221,1.332,524467888.1
2021-04-28 16:00:00,1.3323,1.3803,1.3124,1.3782,414374204.0
2021-04-28 20:00:00,1.3781,1.4035,1.3304,1.3594,492423379.2
2021-04-29 00:00:00,1.3594,1.412,1.3278,1.3827,507538691.1
2021-04-29 04:00:00,1.3828,1.4178,1.3497,1.4035,453501116.5
2021-04-29 08:00:00,1.4035,1.4222,1.3815,1.4119,396161356.4
2021-04-29 12:00:00,1.4118,1.4181,1.3631,1.3915,426125950.8
2021-04-29 16:00:00,1.3915,1.4085,1.335,1.3662,491013028.4
2021-04-29 20:00:00,1.3662,1.4019,1.3442,1.3985,250487265.2
2021-04-30 00:00:00,1.3985,1.408,1.3759,1.4001,257015724.8
2021-04-30 04:00:00,1.4,1.596,1.3997,1.5734,1081704257.2
2021-04-30 08:00:00,1.5732,1.5844,1.5206,1.5843,568460495.2
2021-04-30 12:00:00,1.5844,1.64,1.5274,1.5712,1247149797.3
2021-04-30 16:00:00,1.5716,1.6134,1.5446,1.5944,489957919.2
2021-04-30 20:00:00,1.5943,1.6096,1.5622,1.6019,315297502.9
2021-05-01 00:00:00,1.6021,1.63,1.5552,1.5972,374253881.0
2021-05-01 04:00:00,1.5972,1.606,1.5634,1.5668,242131832.3
2021-05-01 08:00:00,1.5666,1.5822,1.5238,1.5701,336027283.7
2021-05-01 12:00:00,1.5701,1.5805,1.5429,1.5617,263272651.3
2021-05-01 16:00:00,1.5618,1.5935,1.5495,1.5837,244147211.4
2021-05-01 20:00:00,1.5837,1.6686,1.5807,1.6531,472627778.5
2021-05-02 00:00:00,1.6531,1.66,1.5338,1.5556,468136583.4
2021-05-02 04:00:00,1.5558,1.595,1.5238,1.5656,467766210.3
2021-05-02 08:00:00,1.5654,1.5858,1.5412,1.5797,363412560.8
2021-05-02 12:00:00,1.5797,1.6041,1.5646,1.5748,305107653.3
2021-05-02 16:00:00,1.5748,1.5939,1.5669,1.5907,213155942.4
2021-05-02 20:00:00,1.5906,1.6017,1.5505,1.5618,253567225.4
2021-05-03 00:00:00,1.5619,1.6039,1.5543,1.5859,258910345.6
2021-05-03 04:00:00,1.5859,1.6248,1.5816,1.6143,276835815.3
2021-05-03 08:00:00,1.6143,1.6189,1.581,1.5965,261936491.0
2021-05-03 12:00:00,1.5964,1.6007,1.4604,1.5553,505218374.9
2021-05-03 16:00:00,1.5553,1.5924,1.5291,1.571,306379464.2
2021-05-03 20:00:00,1.5711,1.5742,1.531,1.5582,249932019.3
2021-05-04 00:00:00,1.5582,1.5619,1.377,1.4486,905622193.5
2021-05-04 04:00:00,1.4484,1.5005,1.4362,1.4572,410588850.2
2021-05-04 08:00:00,1.4572,1.4975,1.43,1.4713,480028235.2
2021-05-04 12:00:00,1.4713,1.48,1.338,1.3683,964031119.9
2021-05-04 16:00:00,1.3683,1.4208,1.3189,1.4125,565341006.0
2021-05-04 20:00:00,1.4125,1.4774,1.3728,1.3882,435452406.8
2021-05-05 00:00:00,1.3882,1.478,1.3657,1.4326,418015766.3
2021-05-05 04:00:00,1.4327,1.4618,1.401,1.4537,344536194.6
2021-05-05 08:00:00,1.4538,1.58,1.4414,1.566,527276539.9
2021-05-05 12:00:00,1.566,1.61,1.5237,1.5409,772933341.5
2021-05-05 16:00:00,1.5409,1.6168,1.5406,1.5952,434182821.7
2021-05-05 20:00:00,1.5951,1.631,1.5534,1.6181,408551456.3
2021-05-06 00:00:00,1.6182,1.7722,1.618,1.6998,939086019.2
2021-05-06 04:00:00,1.6998,1.7259,1.5897,1.6581,513441464.4
2021-05-06 08:00:00,1.6581,1.6908,1.6238,1.6645,369509131.0
2021-05-06 12:00:00,1.6644,1.717,1.6312,1.6697,525618261.4
2021-05-06 16:00:00,1.6696,1.724,1.5048,1.62,811562045.4
2021-05-06 20:00:00,1.6201,1.6529,1.5801,1.6051,322130568.9
2021-05-07 00:00:00,1.6052,1.627,1.52,1.5523,429086423.2
2021-05-07 04:00:00,1.5522,1.6086,1.5056,1.578,347410955.0
2021-05-07 08:00:00,1.578,1.6088,1.5645,1.588,235958880.6
2021-05-07 12:00:00,1.5881,1.6965,1.5831,1.6256,577485675.9
2021-05-07 16:00:00,1.6257,1.6336,1.57,1.5944,318101100.8
2021-05-07 20:00:00,1.5947,1.6119,1.5338,1.5811,256427243.9
2021-05-08 00:00:00,1.5812,1.6239,1.5612,1.6048,220540201.6
2021-05-08 04:00:00,1.6045,1.6063,1.57,1.6,176991477.4
2021-05-08 08:00:00,1.6,1.63,1.5779,1.5835,197702121.9
2021-05-08 12:00:00,1.5836,1.6048,1.541,1.5497,251572170.2
2021-05-08 16:00:00,1.5498,1.586,1.5436,1.5812,198518043.5
2021-05-08 20:00:00,1.581,1.5969,1.55,1.5635,162936716.0
2021-05-09 00:00:00,1.5636,1.6021,1.5,1.519,232236868.4
2021-05-09 04:00:00,1.519,1.5496,1.41,1.5089,443905053.9
2021-05-09 08:00:00,1.5088,1.5482,1.5072,1.5101,188662425.9
2021-05-09 12:00:00,1.51,1.5209,1.454,1.5111,277448617.3
2021-05-09 16:00:00,1.5112,1.5348,1.49,1.5088,169132285.3
2021-05-09 20:00:00,1.5092,1.5465,1.5063,1.5365,167085671.6
2021-05-10 00:00:00,1.5365,1.6023,1.5237,1.5907,319562081.0
2021-05-10 04:00:00,1.5909,1.6298,1.5763,1.6086,270998377.8
2021-05-10 08:00:00,1.6085,1.6141,1.5322,1.5637,360298989.7
2021-05-10 12:00:00,1.5636,1.5753,1.5,1.546,357520282.1
2021-05-10 16:00:00,1.546,1.5525,1.35,1.4036,434803317.2
2021-05-10 20:00:00,1.4035,1.449,1.2052,1.3909,924538438.5
2021-05-11 00:00:00,1.3908,1.4462,1.35,1.3837,376205495.4
2021-05-11 04:00:00,1.3837,1.4448,1.3724,1.4378,214517411.2
2021-05-11 08:00:00,1.4377,1.4732,1.4146,1.4221,239425328.5
2021-05-11 12:00:00,1.4222,1.4579,1.3837,1.4565,331982508.0
2021-05-11 16:00:00,1.4569,1.4903,1.4404,1.4703,284508091.6
2021-05-11 20:00:00,1.4703,1.4861,1.4451,1.4808,159772529.8
2021-05-12 00:00:00,1.4808,1.5499,1.473,1.5393,272905048.9
2021-05-12 04:00:00,1.5391,1.5423,1.4651,1.4856,242242644.2
2021-05-12 08:00:00,1.4856,1.4955,1.4215,1.462,291733409.1
2021-05-12 12:00:00,1.462,1.4786,1.3896,1.407,365417776.2
2021-05-12 16:00:00,1.4072,1.418,1.348,1.3966,484823505.0
2021-05-12 20:00:00,1.3967,1.44,1.2305,1.2686,715143913.2
2021-05-13 00:00:00,1.2685,1.3556,1.1858,1.3375,621333015.9
2021-05-13 04:00:00,1.3374,1.3913,1.335,1.3649,277385771.2
2021-05-13 08:00:00,1.365,1.3736,1.2214,1.29,669917777.9
2021-05-13 12:00:00,1.29,1.3743,1.2765,1.301,490745528.6
2021-05-13 16:00:00,1.301,1.3408,1.2298,1.2579,630859547.2
2021-05-13 20:00:00,1.258,1.3668,1.25,1.3657,325704850.4
2021-05-14 00:00:00,1.3657,1.3762,1.328,1.3345,219880176.4
2021-05-14 04:00:00,1.3344,1.3991,1.3224,1.3799,251648547.7
2021-05-14 08:00:00,1.38,1.4287,1.3771,1.4076,281939118.9
2021-05-14 12:00:00,1.4075,1.4337,1.3814,1.4127,230972763.7
2021-05-14 16:00:00,1.4126,1.4505,1.3773,1.3808,257841433.9
2021-05-14 20:00:00,1.381,1.4202,1.3418,1.4003,229991624.6
2021-05-15 00:00:00,1.4003,1.4299,1.3779,1.3966,229598133.2
2021-05-15 04:00:00,1.3964,1.416,1.3415,1.3491,244660086.2
2021-05-15 08:00:00,1.3492,1.3697,1.3221,1.3574,261379628.4
2021-05-15 12:00:00,1.3576,1.584,1.3484,1.5206,1016307710.4
2021-05-15 16:00:00,1.5207,1.5287,1.4068,1.4831,949469372.7
2021-05-15 20:00:00,1.4835,1.5722,1.45,1.4927,673115218.3
2021-05-16 00:00:00,1.4928,1.6038,1.4853,1.5991,534641160.9
2021-05-16 04:00:00,1.5991,1.6037,1.5474,1.5903,354884229.1
2021-05-16 08:00:00,1.5903,1.615,1.5348,1.5433,383354361.6
2021-05-16 12:00:00,1.5433,1.5584,1.4736,1.4843,455757100.6
2021-05-16 16:00:00,1.4843,1.505,1.3386,1.3876,791015173.7
2021-05-16 20:00:00,1.388,1.4625,1.3572,1.4503,588324971.5
2021-05-17 00:00:00,1.45,1.4501,1.3365,1.3517,511021901.1
2021-05-17 04:00:00,1.3519,1.4593,1.3257,1.4509,547288482.3
2021-05-17 08:00:00,1.4508,1.5492,1.4331,1.5434,630169307.5
2021-05-17 12:00:00,1.5432,1.565,1.4507,1.4721,732390821.3
2021-05-17 16:00:00,1.4721,1.55,1.4425,1.5333,835102533.9
2021-05-17 20:00:00,1.5333,1.5485,1.4554,1.4968,397504123.0
2021-05-18 00:00:00,1.4968,1.5357,1.4725,1.5261,292703661.4
2021-05-18 04:00:00,1.526,1.5499,1.5055,1.5175,285670721.7
2021-05-18 08:00:00,1.5176,1.7069,1.5066,1.6719,987628150.6
2021-05-18 12:00:00,1.6714,1.6869,1.52,1.549,1263488463.6
2021-05-18 16:00:00,1.5492,1.6264,1.531,1.5794,725862419.2
2021-05-18 20:00:00,1.5794,1.6204,1.5559,1.5898,415569266.2
2021-05-19 00:00:00,1.5896,1.647,1.4573,1.4898,857996051.1
2021-05-19 04:00:00,1.4899,1.5088,1.3605,1.478,960820469.6
2021-05-19 08:00:00,1.4784,1.4834,1.0794,1.277,1119258615.1
2021-05-19 12:00:00,1.2772,1.3188,0.8311,1.2061,1298822720.5
2021-05-19 16:00:00,1.2058,1.2854,1.1322,1.1674,899265982.3
2021-05-19 20:00:00,1.1675,1.1821,1.0564,1.0578,580512753.8
2021-05-20 00:00:00,1.0579,1.1131,0.9018,1.1057,1043695646.4
2021-05-20 04:00:00,1.1056,1.2291,1.102,1.1862,601311686.0
2021-05-20 08:00:00,1.1861,1.2013,1.122,1.1791,529852888.9
2021-05-20 12:00:00,1.1792,1.2659,1.1573,1.2175,655065952.4
2021-05-20 16:00:00,1.2175,1.2208,1.1078,1.1804,600340507.4
2021-05-20 20:00:00,1.1804,1.2115,1.1551,1.1809,319028029.6
2021-05-21 00:00:00,1.1809,1.2208,1.1478,1.149,283743876.4
2021-05-21 04:00:00,1.1492,1.1586,1.0925,1.1223,382165841.3
2021-05-21 08:00:00,1.1225,1.1453,1.093,1.1326,336732671.6
2021-05-21 12:00:00,1.1327,1.1476,0.99,1.0141,887936222.2
2021-05-21 16:00:00,1.0142,1.063,0.9696,0.99,696239198.9
2021-05-21 20:00:00,0.9898,1.0164,0.8647,1.0069,709105988.6
2021-05-22 00:00:00,1.0068,1.0167,0.9171,0.9345,447986122.1
2021-05-22 04:00:00,0.9344,0.9455,0.8152,0.8891,885278025.8
2021-05-22 08:00:00,0.8888,0.9577,0.8883,0.9306,490668568.6
2021-05-22 12:00:00,0.9307,0.955,0.8749,0.9122,558550780.3
2021-05-22 16:00:00,0.9126,0.9196,0.8669,0.8741,439922568.8
2021-05-22 20:00:00,0.8742,0.9482,0.8736,0.9055,372981288.4
2021-05-23 00:00:00,0.9056,0.9686,0.877,0.9228,404747836.9
2021-05-23 04:00:00,0.9227,0.9271,0.8651,0.8786,399050011.1
2021-05-23 08:00:00,0.8786,0.8788,0.7666,0.785,1104407300.8
2021-05-23 12:00:00,0.785,0.7971,0.6804,0.715,1387605306.9
2021-05-23 16:00:00,0.715,0.7222,0.65,0.7013,984713576.8
2021-05-23 20:00:00,0.7011,0.8144,0.701,0.7899,655623580.9
2021-05-24 00:00:00,0.7899,0.8261,0.7534,0.7949,540405847.7
2021-05-24 04:00:00,0.7948,0.8617,0.7664,0.8581,578225928.2
2021-05-24 08:00:00,0.858,0.886,0.8243,0.8758,638576120.6
2021-05-24 12:00:00,0.8758,0.895,0.8452,0.8637,643575049.9
2021-05-24 16:00:00,0.8637,0.9379,0.837,0.9321,525945878.7
2021-05-24 20:00:00,0.9319,0.9978,0.9074,0.9936,570981186.7
2021-05-25 00:00:00,0.9935,1.0591,0.9512,0.9768,749144007.1
2021-05-25 04:00:00,0.9767,1.0374,0.9462,1.0168,539066829.9
2021-05-25 08:00:00,1.0168,1.0234,0.8962,0.9004,748064204.0
2021-05-25 12:00:00,0.9003,0.958,0.8807,0.9516,762332333.4
2021-05-25 16:00:00,0.9516,0.957,0.9079,0.9156,433581449.5
2021-05-25 20:00:00,0.9156,0.98,0.9136,0.9745,346798950.6
2021-05-26 00:00:00,0.9744,1.0139,0.946,1.009,407001353.7
2021-05-26 04:00:00,1.009,1.0705,0.9932,1.0507,425648183.9
2021-05-26 08:00:00,1.0507,1.0629,1.0069,1.0289,471289081.0
2021-05-26 12:00:00,1.0289,1.0422,0.9704,0.9916,515473533.7
2021-05-26 16:00:00,0.9917,1.0045,0.9703,0.9914,356882337.9
2021-05-26 20:00:00,0.9914,1.0348,0.9852,1.0303,278976828.6
2021-05-27 00:00:00,1.0304,1.0417,0.9303,0.9537,464823420.8
2021-05-27 04:00:00,0.9534,0.9968,0.9408,0.9883,312947340.9
2021-05-27 08:00:00,0.9884,1.0253,0.9683,1.017,348750488.9
2021-05-27 12:00:00,1.0172,1.0372,1.0055,1.014,335962323.3
2021-05-27 16:00:00,1.0139,1.0184,0.972,0.9806,282500480.6
2021-05-27 20:00:00,0.9805,0.9927,0.9602,0.9747,271560981.6
2021-05-28 00:00:00,0.975,0.9849,0.9472,0.9697,259178469.9
2021-05-28 04:00:00,0.9696,0.9698,0.8707,0.9035,542043752.2
2021-05-28 08:00:00,0.9034,0.911,0.8457,0.8526,604140753.5
2021-05-28 12:00:00,0.8526,0.9143,0.8476,0.9115,530017783.7
2021-05-28 16:00:00,0.9114,0.9123,0.8785,0.9038,387509764.6
2021-05-28 20:00:00,0.9038,0.9095,0.859,0.8988,337793418.5
2021-05-29 00:00:00,0.8991,0.9379,0.896,0.9301,300870679.1
2021-05-29 04:00:00,0.9301,0.9425,0.8922,0.897,302533098.8
2021-05-29 08:00:00,0.897,0.9042,0.8515,0.8731,362941618.0
2021-05-29 12:00:00,0.873,0.8737,0.8109,0.8302,476454252.3
2021-05-29 16:00:00,0.83,0.8443,0.7996,0.8132,439802894.1
2021-05-29 20:00:00,0.8132,0.8424,0.792,0.8306,355708433.9
2021-05-30 00:00:00,0.8308,0.843,0.7961,0.8371,349026215.4
2021-05-30 04:00:00,0.8372,0.8875,0.8351,0.8804,347943365.4
2021-05-30 08:00:00,0.8803,0.9079,0.87,0.9072,333228012.6
2021-05-30 12:00:00,0.9071,0.9156,0.8611,0.8818,399735843.3
2021-05-30 16:00:00,0.8818,0.9081,0.8773,0.8977,278140266.6
2021-05-30 20:00:00,0.8977,0.9332,0.893,0.9047,327304200.8
2021-05-31 00:00:00,0.9048,0.948,0.88,0.897,474589631.3
2021-05-31 04:00:00,0.897,1.012,0.8844,0.9952,675647385.1
2021-05-31 08:00:00,0.9951,1.034,0.9818,1.007,627619224.0
2021-05-31 12:00:00,1.0069,1.0219,0.975,1.0146,548817620.3
2021-05-31 16:00:00,1.0145,1.0243,0.98,0.9941,374308237.7
2021-05-31 20:00:00,0.9941,1.05,0.9887,1.041,262710500.6
2021-06-01 00:00:00,1.041,1.1013,1.0247,1.0369,590946338.6
2021-06-01 04:00:00,1.0367,1.0784,1.027,1.0507,411967239.2
2021-06-01 08:00:00,1.0506,1.0567,0.9922,1.0298,525064344.3
2021-06-01 12:00:00,1.0297,1.0456,0.9843,1.0079,635404471.8
2021-06-01 16:00:00,1.008,1.0151,0.9742,0.9858,350347384.6
2021-06-01 20:00:00,0.9859,1.0183,0.9852,1.0109,213312755.4
2021-06-02 00:00:00,1.0109,1.02,0.9791,1.0068,258888406.0
2021-06-02 04:00:00,1.0068,1.029,0.9982,1.0209,221548361.3
2021-06-02 08:00:00,1.0208,1.0332,1.0,1.0118,269979169.8
2021-06-02 12:00:00,1.0118,1.0501,1.0061,1.0387,339196112.3
2021-06-02 16:00:00,1.0388,1.0466,1.0175,1.033,235388631.4
2021-06-02 20:00:00,1.033,1.0374,1.0118,1.0245,190782458.9
2021-06-03 00:00:00,1.0247,1.0347,1.0067,1.026,203536892.5
2021-06-03 04:00:00,1.0261,1.0442,1.0225,1.034,236757674.9
2021-06-03 08:00:00,1.0341,1.0796,1.0304,1.0425,399631142.8
2021-06-03 12:00:00,1.0425,1.049,1.0205,1.0249,306861648.9
2021-06-03 16:00:00,1.0249,1.0419,1.0217,1.0318,190436112.0
2021-06-03 20:00:00,1.0319,1.05,1.0298,1.0456,156084932.8
2021-06-04 00:00:00,1.0455,1.0467,0.9441,0.9971,436802975.3
2021-06-04 04:00:00,0.9971,1.0016,0.9156,0.9396,454898985.0
2021-06-04 08:00:00,0.9395,0.9587,0.9249,0.9424,313265617.1
2021-06-04 12:00:00,0.9424,0.9665,0.916,0.965,387101382.9
2021-06-04 16:00:00,0.9651,0.9811,0.9557,0.9677,199137630.5
2021-06-04 20:00:00,0.9677,0.9891,0.952,0.9691,224859151.3
2021-06-05 00:00:00,0.969,0.992,0.9622,0.9797,195330252.3
2021-06-05 04:00:00,0.9796,0.9977,0.9789,0.9885,155519949.2
2021-06-05 08:00:00,0.9885,0.9947,0.9325,0.9399,353781730.9
2021-06-05 12:00:00,0.9399,0.944,0.9203,0.9413,363906931.9
2021-06-05 16:00:00,0.9414,0.9416,0.9245,0.9274,174184861.7
2021-06-05 20:00:00,0.9273,0.9468,0.8902,0.9227,332251505.2
2021-06-06 00:00:00,0.9227,0.9408,0.9166,0.9363,203294181.4
2021-06-06 04:00:00,0.9362,0.95,0.9335,0.9415,181357921.8
2021-06-06 08:00:00,0.9414,0.9452,0.9263,0.9316,170078719.8
2021-06-06 12:00:00,0.9316,0.9427,0.9218,0.9401,227585216.6
2021-06-06 16:00:00,0.94,0.9451,0.9311,0.933,129432373.5
2021-06-06 20:00:00,0.9331,0.947,0.9277,0.9466,172445722.9
2021-06-07 00:00:00,0.9466,0.976,0.9463,0.9624,315613480.8
2021-06-07 04:00:00,0.9624,0.9673,0.9482,0.9539,172006424.7
2021-06-07 08:00:00,0.954,0.9643,0.946,0.9592,196743038.4
2021-06-07 12:00:00,0.9591,0.9695,0.9372,0.9437,240661932.3
2021-06-07 16:00:00,0.9438,0.9452,0.9253,0.9286,220283049.0
2021-06-07 20:00:00,0.9287,0.9311,0.8351,0.8617,565679816.3
2021-06-08 00:00:00,0.8617,0.874,0.8263,0.8446,464861448.1
2021-06-08 04:00:00,0.8445,0.8711,0.8339,0.8643,376421706.3
2021-06-08 08:00:00,0.8643,0.8838,0.8517,0.865,350366229.8
2021-06-08 12:00:00,0.8649,0.8671,0.7825,0.8091,636847748.5
2021-06-08 16:00:00,0.8092,0.8658,0.8007,0.8617,446896821.6
2021-06-08 20:00:00,0.8617,0.8854,0.8584,0.8733,311305809.6
2021-06-09 00:00:00,0.8732,0.876,0.8296,0.8452,382281282.8
2021-06-09 04:00:00,0.8452,0.873,0.8326,0.8664,351980156.3
2021-06-09 08:00:00,0.8665,0.8764,0.855,0.8737,312121216.2
2021-06-09 12:00:00,0.8737,0.8958,0.8482,0.8898,503368672.5
2021-06-09 16:00:00,0.8898,0.905,0.876,0.8797,347488883.7
2021-06-09 20:00:00,0.8799,0.9218,0.8754,0.9218,209672051.1
2021-06-10 00:00:00,0.9218,0.9298,0.8924,0.8933,275729222.3
2021-06-10 04:00:00,0.8933,0.9,0.879,0.8882,210789412.9
2021-06-10 08:00:00,0.8882,0.8996,0.8609,0.8853,343964018.1
2021-06-10 12:00:00,0.8853,0.8871,0.8601,0.8663,279560211.9
2021-06-10 16:00:00,0.8663,0.8719,0.8556,0.8663,202586241.9
2021-06-10 20:00:00,0.8664,0.8789,0.852,0.8692,159770027.2
2021-06-11 00:00:00,0.8692,0.875,0.845,0.8689,217513622.8
2021-06-11 04:00:00,0.8689,0.8745,0.8557,0.8668,148831570.1
2021-06-11 08:00:00,0.8668,0.875,0.8613,0.8691,141616494.2
2021-06-11 12:00:00,0.8691,0.8809,0.8547,0.8581,213848703.4
2021-06-11 16:00:00,0.8581,0.8603,0.8416,0.8528,175264609.4
2021-06-11 20:00:00,0.853,0.8609,0.8324,0.8471,188070490.6
2021-06-12 00:00:00,0.8471,0.8479,0.8048,0.8184,257045000.8
2021-06-12 04:00:00,0.8184,0.8252,0.8076,0.8198,194084700.7
2021-06-12 08:00:00,0.8197,0.8317,0.8069,0.825,218088791.1
2021-06-12 12:00:00,0.825,0.8397,0.8225,0.8294,179294930.1
2021-06-12 16:00:00,0.8294,0.8425,0.8255,0.8389,126132301.9
2021-06-12 20:00:00,0.8388,0.8429,0.8302,0.8326,100196792.0
2021-06-13 00:00:00,0.8325,0.8424,0.8237,0.8244,115764787.3
2021-06-13 04:00:00,0.8244,0.8283,0.8167,0.8233,109405751.3
2021-06-13 08:00:00,0.8233,0.8363,0.821,0.833,127402462.3
2021-06-13 12:00:00,0.8329,0.8375,0.8237,0.8301,143675237.5
2021-06-13 16:00:00,0.8301,0.866,0.8282,0.8622,249512952.8
2021-06-13 20:00:00,0.8623,0.888,0.8606,0.8836,251725736.9
2021-06-14 00:00:00,0.8837,0.8943,0.8666,0.8707,183284247.5
2021-06-14 04:00:00,0.8707,0.8779,0.8683,0.8754,115434289.8
2021-06-14 08:00:00,0.8755,0.8762,0.8629,0.866,130044691.6
2021-06-14 12:00:00,0.866,0.8927,0.8629,0.8919,244348711.6
2021-06-14 16:00:00,0.8918,0.93,0.8822,0.8891,377121260.9
2021-06-14 20:00:00,0.8892,0.893,0.884,0.8902,111577922.0
2021-06-15 00:00:00,0.8902,0.9019,0.8765,0.8865,173087873.1
2021-06-15 04:00:00,0.8865,0.899,0.8843,0.8943,139096896.7
2021-06-15 08:00:00,0.8943,0.8959,0.8731,0.8789,186956539.8
2021-06-15 12:00:00,0.879,0.8854,0.8543,0.8657,202975463.8
2021-06-15 16:00:00,0.8658,0.8835,0.8618,0.8736,211798685.6
2021-06-15 20:00:00,0.8736,0.8757,0.865,0.8665,103253369.8
2021-06-16 00:00:00,0.8664,0.8669,0.8511,0.8642,116012299.0
2021-06-16 04:00:00,0.8643,0.8737,0.8637,0.8674,105661378.5
2021-06-16 08:00:00,0.8674,0.8713,0.837,0.8409,202387888.5
2021-06-16 12:00:00,0.8408,0.8451,0.8251,0.8331,213542437.4
2021-06-16 16:00:00,0.833,0.8485,0.8254,0.8421,266243633.3
2021-06-16 20:00:00,0.8422,0.8457,0.8277,0.8321,123729014.4
2021-06-17 00:00:00,0.8321,0.8612,0.8302,0.8562,177189914.7
2021-06-17 04:00:00,0.8562,0.8617,0.8517,0.8559,118456113.9
2021-06-17 08:00:00,0.856,0.8596,0.852,0.8526,110139024.2
2021-06-17 12:00:00,0.8526,0.8543,0.8423,0.8514,172433613.2
2021-06-17 16:00:00,0.8513,0.8548,0.8226,0.8284,197527806.5
2021-06-17 20:00:00,0.8285,0.8427,0.8243,0.8415,141906267.8
2021-06-18 00:00:00,0.8414,0.8417,0.8288,0.8398,125740979.4
2021-06-18 04:00:00,0.8398,0.8447,0.8343,0.8429,103340358.2
2021-06-18 08:00:00,0.8429,0.8455,0.8259,0.837,158059414.7
2021-06-18 12:00:00,0.837,0.8387,0.7897,0.793,341361995.8
2021-06-18 16:00:00,0.793,0.8018,0.7671,0.7763,275843196.1
2021-06-18 20:00:00,0.7764,0.798,0.7744,0.7971,174002110.0
2021-06-19 00:00:00,0.7971,0.8054,0.7829,0.7861,162161369.5
2021-06-19 04:00:00,0.7862,0.7997,0.7817,0.7963,148037672.9
2021-06-19 08:00:00,0.7964,0.7979,0.7852,0.7954,122205743.7
2021-06-19 12:00:00,0.7953,0.804,0.7863,0.7964,147348764.0
2021-06-19 16:00:00,0.7964,0.7987,0.7741,0.7857,130427581.4
2021-06-19 20:00:00,0.7857,0.7883,0.755,0.7577,147639725.3
2021-06-20 00:00:00,0.7577,0.76,0.7289,0.7468,280035133.5
2021-06-20 04:00:00,0.7469,0.7656,0.7455,0.754,156256614.2
2021-06-20 08:00:00,0.7541,0.7555,0.702,0.706,366233137.8
2021-06-20 12:00:00,0.7062,0.735,0.6955,0.7276,354328688.7
2021-06-20 16:00:00,0.7276,0.7585,0.7259,0.7541,213584354.5
2021-06-20 20:00:00,0.754,0.785,0.7524,0.7742,267428490.2
2021-06-21 00:00:00,0.7742,0.7805,0.7251,0.7268,261275094.6
2021-06-21 04:00:00,0.7268,0.7341,0.6795,0.6962,668509911.9
2021-06-21 08:00:00,0.6962,0.7062,0.6514,0.679,647041403.4
2021-06-21 12:00:00,0.679,0.6897,0.6539,0.6732,413119784.0
2021-06-21 16:00:00,0.6734,0.6787,0.6517,0.6634,310899411.1
2021-06-21 20:00:00,0.6633,0.6805,0.6033,0.6066,554470713.3
2021-06-22 00:00:00,0.6065,0.6496,0.5688,0.641,691580330.0
2021-06-22 04:00:00,0.6409,0.6431,0.611,0.6179,310826978.8
2021-06-22 08:00:00,0.6178,0.6188,0.5587,0.5628,721336324.9
2021-06-22 12:00:00,0.5628,0.5721,0.5085,0.5687,1146153785.7
2021-06-22 16:00:00,0.5688,0.5951,0.5637,0.5677,625219990.4
2021-06-22 20:00:00,0.5676,0.589,0.5385,0.5464,484094024.5
2021-06-23 00:00:00,0.5465,0.6197,0.5197,0.6033,761813435.3
2021-06-23 04:00:00,0.6035,0.659,0.5984,0.6474,494267584.2
2021-06-23 08:00:00,0.6475,0.6573,0.6266,0.6374,463494224.3
2021-06-23 12:00:00,0.6374,0.6658,0.6134,0.6179,574888092.6
2021-06-23 16:00:00,0.6179,0.6305,0.6007,0.6008,358490649.6
2021-06-23 20:00:00,0.601,0.6407,0.6005,0.638,320017065.3
2021-06-24 00:00:00,0.638,0.6626,0.6158,0.6308,459503268.4
2021-06-24 04:00:00,0.6308,0.6463,0.6294,0.638,304274382.1
2021-06-24 08:00:00,0.6379,0.6577,0.632,0.6553,273387524.4
2021-06-24 12:00:00,0.6553,0.6756,0.6465,0.663,395915208.2
2021-06-24 16:00:00,0.663,0.6924,0.6572,0.6798,369822810.5
2021-06-24 20:00:00,0.6799,0.6839,0.6673,0.6732,186059762.1
2021-06-25 00:00:00,0.6733,0.6885,0.6561,0.6798,342576213.8
2021-06-25 04:00:00,0.6797,0.6807,0.642,0.6505,297577725.0
2021-06-25 08:00:00,0.6505,0.6509,0.6221,0.6349,436343324.5
2021-06-25 12:00:00,0.6347,0.6505,0.6182,0.6231,457535261.7
2021-06-25 16:00:00,0.6231,0.6295,0.6015,0.6213,431222303.0
2021-06-25 20:00:00,0.6213,0.6291,0.6045,0.6106,243373935.6
2021-06-26 00:00:00,0.6106,0.6264,0.6046,0.6177,266397562.3
2021-06-26 04:00:00,0.6177,0.6326,0.5839,0.5895,305068096.0
2021-06-26 08:00:00,0.5896,0.6099,0.5809,0.6064,337720504.4
2021-06-26 12:00:00,0.6064,0.6126,0.5865,0.601,310702049.3
2021-06-26 16:00:00,0.601,0.6095,0.5873,0.5992,200267298.9
2021-06-26 20:00:00,0.5992,0.617,0.5905,0.6159,148533732.0
2021-06-27 00:00:00,0.6159,0.6296,0.6081,0.6295,255354028.1
2021-06-27 04:00:00,0.6294,0.6329,0.6126,0.6227,186761330.6
2021-06-27 08:00:00,0.6228,0.6251,0.6023,0.6099,282765074.8
2021-06-27 12:00:00,0.6099,0.617,0.6036,0.608,204259517.0
2021-06-27 16:00:00,0.6079,0.6119,0.5956,0.6044,187446990.9
2021-06-27 20:00:00,0.6044,0.6521,0.5982,0.648,315334615.2
2021-06-28 00:00:00,0.648,0.6542,0.6354,0.6371,239406441.7
2021-06-28 04:00:00,0.6372,0.6486,0.635,0.6445,197667799.4
2021-06-28 08:00:00,0.6446,0.6488,0.6258,0.6281,252713232.0
2021-06-28 12:00:00,0.628,0.6534,0.6238,0.6528,265424694.9
2021-06-28 16:00:00,0.6528,0.6569,0.6401,0.6439,232498866.6
2021-06-28 20:00:00,0.644,0.6545,0.638,0.6439,151027128.9
2021-06-29 00:00:00,0.6439,0.6624,0.6411,0.6485,228009970.0
2021-06-29 04:00:00,0.6485,0.6749,0.648,0.6602,240426429.4
2021-06-29 08:00:00,0.6601,0.7194,0.658,0.7149,454268534.3
2021-06-29 12:00:00,0.715,0.7343,0.7032,0.7159,646472897.9
2021-06-29 16:00:00,0.7159,0.7253,0.7054,0.7211,269052159.6
2021-06-29 20:00:00,0.7211,0.7219,0.6916,0.7065,267232081.6
2021-06-30 00:00:00,0.7064,0.7147,0.6754,0.6784,332622140.0
2021-06-30 04:00:00,0.6784,0.692,0.6653,0.6914,310046828.7
2021-06-30 08:00:00,0.6915,0.6918,0.6689,0.6774,287914160.7
2021-06-30 12:00:00,0.6774,0.6803,0.6502,0.6545,335503252.4
2021-06-30 16:00:00,0.6545,0.687,0.6475,0.6828,273366290.2
2021-06-30 20:00:00,0.6827,0.7066,0.6772,0.7057,275815958.4
2021-07-01 00:00:00,0.7057,0.7059,0.6722,0.6733,226944257.7
2021-07-01 04:00:00,0.6734,0.687,0.6551,0.6559,306889648.5
2021-07-01 08:00:00,0.656,0.6682,0.651,0.668,277492146.8
2021-07-01 12:00:00,0.6679,0.6711,0.6534,0.6611,242467625.8
2021-07-01 16:00:00,0.661,0.6685,0.6432,0.6509,240620641.4
2021-07-01 20:00:00,0.6508,0.6678,0.6508,0.659,158397323.5
2021-07-02 00:00:00,0.659,0.6677,0.638,0.6419,203499783.7
2021-07-02 04:00:00,0.6418,0.6532,0.6383,0.6497,188989554.2
2021-07-02 08:00:00,0.6497,0.6536,0.634,0.6375,237434022.5
2021-07-02 12:00:00,0.6374,0.6518,0.6324,0.6516,225739611.8
2021-07-02 16:00:00,0.6516,0.6518,0.6389,0.6439,152305007.1
2021-07-02 20:00:00,0.6439,0.6571,0.639,0.6555,135744540.4
2021-07-03 00:00:00,0.6555,0.6588,0.6425,0.6464,139194127.3
2021-07-03 04:00:00,0.6464,0.6822,0.6454,0.6761,221352603.6
2021-07-03 08:00:00,0.6762,0.6804,0.6643,0.6691,221959775.2
2021-07-03 12:00:00,0.669,0.6763,0.6653,0.6732,168281445.0
2021-07-03 16:00:00,0.6731,0.6789,0.6693,0.6784,119955465.2
2021-07-03 20:00:00,0.6783,0.6849,0.6623,0.6728,177596220.4
2021-07-04 00:00:00,0.6729,0.6745,0.6652,0.672,132866157.5
2021-07-04 04:00:00,0.672,0.7007,0.6718,0.6973,226376461.0
2021-07-04 08:00:00,0.6974,0.6994,0.6871,0.6932,174558438.4
2021-07-04 12:00:00,0.6933,0.6961,0.6878,0.6957,165185905.6
2021-07-04 16:00:00,0.6957,0.7053,0.6912,0.7013,168246034.7
2021-07-04 20:00:00,0.7012,0.7089,0.6906,0.6958,181968794.9
2021-07-05 00:00:00,0.6958,0.6965,0.6756,0.679,239711500.5
2021-07-05 04:00:00,0.679,0.6805,0.6711,0.6763,162863978.2
2021-07-05 08:00:00,0.6764,0.6823,0.6436,0.6489,286581848.3
2021-07-05 12:00:00,0.6489,0.66,0.6468,0.6551,223749665.5
2021-07-05 16:00:00,0.6551,0.6677,0.6465,0.6655,203802717.1
2021-07-05 20:00:00,0.6655,0.669,0.6515,0.6523,150483582.1
2021-07-06 00:00:00,0.6522,0.6646,0.6506,0.6642,144301724.2
2021-07-06 04:00:00,0.6642,0.679,0.664,0.6773,199606701.0
2021-07-06 08:00:00,0.6773,0.6797,0.6559,0.6619,268357102.0
2021-07-06 12:00:00,0.6619,0.6685,0.6575,0.6626,186444581.9
2021-07-06 16:00:00,0.6626,0.6654,0.6551,0.6602,151310122.6
2021-07-06 20:00:00,0.6602,0.6661,0.6515,0.6647,104626215.4
2021-07-07 00:00:00,0.6646,0.6704,0.6582,0.6694,136464332.4
2021-07-07 04:00:00,0.6693,0.6739,0.6646,0.6676,155131956.8
2021-07-07 08:00:00,0.6677,0.6726,0.6644,0.6697,136633818.0
2021-07-07 12:00:00,0.6697,0.6728,0.6606,0.662,162932963.9
2021-07-07 16:00:00,0.662,0.6694,0.6592,0.667,110179000.4
2021-07-07 20:00:00,0.6671,0.6673,0.649,0.6516,166879353.1
2021-07-08 00:00:00,0.6515,0.6539,0.6245,0.6371,265200884.4
2021-07-08 04:00:00,0.6372,0.64,0.613,0.6192,249478198.7
2021-07-08 08:00:00,0.6192,0.6239,0.6107,0.6234,226998646.5
2021-07-08 12:00:00,0.6234,0.6297,0.6151,0.6281,193760653.1
2021-07-08 16:00:00,0.6281,0.63,0.6215,0.6264,138675871.2
2021-07-08 20:00:00,0.6264,0.6276,0.6119,0.6216,125490589.3
2021-07-09 00:00:00,0.6215,0.6229,0.5911,0.6152,301447276.6
2021-07-09 04:00:00,0.6152,0.6275,0.6144,0.6179,168917619.2
2021-07-09 08:00:00,0.6179,0.6179,0.6051,0.6094,170933230.1
2021-07-09 12:00:00,0.6095,0.6453,0.6065,0.6367,330808056.8
2021-07-09 16:00:00,0.6367,0.6395,0.6225,0.6309,171730068.7
2021-07-09 20:00:00,0.6309,0.6417,0.6269,0.6367,122889900.2
2021-07-10 00:00:00,0.6366,0.649,0.6296,0.6313,169629805.3
2021-07-10 04:00:00,0.6312,0.6323,0.6207,0.6253,150704931.0
2021-07-10 08:00:00,0.6254,0.6285,0.62,0.6229,125923925.0
2021-07-10 12:00:00,0.6228,0.6256,0.6176,0.6231,112781444.6
2021-07-10 16:00:00,0.6231,0.632,0.6115,0.6194,184782088.6
2021-07-10 20:00:00,0.6194,0.6269,0.6151,0.6247,108403726.8
2021-07-11 00:00:00,0.6247,0.63,0.6183,0.6201,98931135.5
2021-07-11 04:00:00,0.6201,0.6233,0.6166,0.6217,88789253.7
2021-07-11 08:00:00,0.6217,0.6287,0.6196,0.6277,97792219.4
2021-07-11 12:00:00,0.6277,0.633,0.6237,0.6298,123986409.1
2021-07-11 16:00:00,0.6298,0.6449,0.6297,0.6322,171167545.2
2021-07-11 20:00:00,0.6322,0.6431,0.6279,0.6363,137071405.9
2021-07-12 00:00:00,0.6363,0.6484,0.6319,0.6459,171665553.3
2021-07-12 04:00:00,0.646,0.6571,0.645,0.6517,199843995.2
2021-07-12 08:00:00,0.6516,0.6536,0.6345,0.6347,232025826.5
2021-07-12 12:00:00,0.6347,0.6377,0.6301,0.6315,177195541.8
2021-07-12 16:00:00,0.6316,0.635,0.6168,0.6212,229835318.7
2021-07-12 20:00:00,0.6211,0.6317,0.6189,0.6285,145106739.6
2021-07-13 00:00:00,0.6284,0.6327,0.6243,0.6275,105162696.9
2021-07-13 04:00:00,0.6275,0.6437,0.6167,0.6372,258804402.7
2021-07-13 08:00:00,0.6372,0.6394,0.6266,0.6289,170963443.9
2021-07-13 12:00:00,0.6289,0.6289,0.6149,0.6221,271342724.8
2021-07-13 16:00:00,0.6221,0.6274,0.6103,0.6121,197766704.9
2021-07-13 20:00:00,0.612,0.6225,0.6081,0.6192,161335659.6
2021-07-14 00:00:00,0.6191,0.6215,0.5845,0.5922,301050272.8
2021-07-14 04:00:00,0.5923,0.6025,0.5905,0.6,204418504.3
2021-07-14 08:00:00,0.6001,0.6116,0.5912,0.6078,244042776.9
2021-07-14 12:00:00,0.6077,0.6232,0.6049,0.6183,256913058.7
2021-07-14 16:00:00,0.6183,0.6244,0.6131,0.6174,150775975.8
2021-07-14 20:00:00,0.6173,0.625,0.6162,0.6197,144894550.6
2021-07-15 00:00:00,0.6197,0.6272,0.6114,0.6141,180440387.2
2021-07-15 04:00:00,0.6142,0.6155,0.6068,0.609,159531347.0
2021-07-15 08:00:00,0.609,0.6139,0.6001,0.6021,209941417.6
2021-07-15 12:00:00,0.6022,0.6057,0.5947,0.5998,182367145.8
2021-07-15 16:00:00,0.5998,0.6041,0.587,0.6002,199412865.2
2021-07-15 20:00:00,0.6002,0.6063,0.5931,0.5978,153191123.6
2021-07-16 00:00:00,0.5978,0.6195,0.5928,0.6099,251872086.8
2021-07-16 04:00:00,0.61,0.6149,0.5985,0.6036,155050977.8
2021-07-16 08:00:00,0.6035,0.6039,0.5869,0.5877,213472704.1
2021-07-16 12:00:00,0.5878,0.6037,0.5872,0.6032,259022972.8
2021-07-16 16:00:00,0.6031,0.6046,0.5962,0.5986,148256043.7
2021-07-16 20:00:00,0.5986,0.6008,0.588,0.5894,124042323.9
2021-07-17 00:00:00,0.5894,0.5975,0.5566,0.579,325274162.5
2021-07-17 04:00:00,0.579,0.5872,0.5754,0.5829,121233756.3
2021-07-17 08:00:00,0.5829,0.5888,0.5732,0.5765,169783049.5
2021-07-17 12:00:00,0.5766,0.5844,0.5758,0.5807,127769045.0
2021-07-17 16:00:00,0.5807,0.5948,0.5788,0.5935,131280077.9
2021-07-17 20:00:00,0.5936,0.5945,0.581,0.5819,92346248.0
2021-07-18 00:00:00,0.582,0.6016,0.5809,0.596,164196377.5
2021-07-18 04:00:00,0.5961,0.5962,0.5845,0.5861,123953181.9
2021-07-18 08:00:00,0.5861,0.5898,0.5837,0.5891,106051864.7
2021-07-18 12:00:00,0.589,0.59,0.5702,0.5814,173583100.8
2021-07-18 16:00:00,0.5815,0.5864,0.5791,0.5849,90116345.7
2021-07-18 20:00:00,0.5849,0.5927,0.5813,0.5866,131021384.8
2021-07-19 00:00:00,0.5865,0.5888,0.5747,0.5833,152762241.4
2021-07-19 04:00:00,0.5833,0.588,0.5823,0.583,92547202.4
2021-07-19 08:00:00,0.5829,0.584,0.5676,0.5678,199141423.1
2021-07-19 12:00:00,0.5678,0.5716,0.5525,0.558,324881680.6
2021-07-19 16:00:00,0.558,0.5615,0.5537,0.5612,112120490.7
2021-07-19 20:00:00,0.5612,0.5633,0.5556,0.5569,106382012.3
2021-07-20 00:00:00,0.557,0.5698,0.5173,0.5237,509493733.5
2021-07-20 04:00:00,0.5238,0.5334,0.5222,0.5325,189529683.4
2021-07-20 08:00:00,0.5325,0.533,0.5151,0.5224,228257944.3
2021-07-20 12:00:00,0.5224,0.5364,0.52,0.5328,242372615.9
2021-07-20 16:00:00,0.5328,0.5362,0.5277,0.5322,119378012.5
2021-07-20 20:00:00,0.5322,0.5353,0.5252,0.5283,121034756.2
2021-07-21 00:00:00,0.5282,0.5337,0.5187,0.5323,159722820.7
2021-07-21 04:00:00,0.5322,0.5499,0.5315,0.5459,249201798.6
2021-07-21 08:00:00,0.546,0.5591,0.543,0.5569,216780574.3
2021-07-21 12:00:00,0.5569,0.57,0.5523,0.5691,222495332.5
2021-07-21 16:00:00,0.569,0.584,0.5608,0.5627,404385248.8
2021-07-21 20:00:00,0.5627,0.5726,0.5589,0.5712,169375121.7
2021-07-22 00:00:00,0.5713,0.5785,0.5606,0.5648,159900139.5
2021-07-22 04:00:00,0.5647,0.5919,0.5642,0.5792,256429265.7
2021-07-22 08:00:00,0.5792,0.584,0.5665,0.5721,208310161.6
2021-07-22 12:00:00,0.572,0.5914,0.5627,0.5898,215625999.4
2021-07-22 16:00:00,0.5897,0.603,0.5853,0.5958,198596146.5
2021-07-22 20:00:00,0.5959,0.5998,0.5867,0.5921,124353446.1
2021-07-23 00:00:00,0.5921,0.6037,0.5882,0.5969,151121390.2
2021-07-23 04:00:00,0.5969,0.6092,0.5954,0.5991,156253657.8
2021-07-23 08:00:00,0.5992,0.5997,0.5882,0.5901,163095567.5
2021-07-23 12:00:00,0.5902,0.5983,0.5833,0.5854,139952096.3
2021-07-23 16:00:00,0.5856,0.5856,0.5751,0.5837,153369255.8
2021-07-23 20:00:00,0.5837,0.61,0.5825,0.6092,167625559.2
2021-07-24 00:00:00,0.6092,0.6125,0.6029,0.6081,157523198.2
2021-07-24 04:00:00,0.6082,0.6152,0.6046,0.6101,110610195.9
2021-07-24 08:00:00,0.6101,0.6105,0.6019,0.6061,127085999.6
2021-07-24 12:00:00,0.6061,0.6094,0.6036,0.6059,105233098.5
2021-07-24 16:00:00,0.6057,0.6204,0.6008,0.602,166944320.4
2021-07-24 20:00:00,0.602,0.6096,0.5995,0.6082,102887630.0
2021-07-25 00:00:00,0.6082,0.6119,0.5961,0.6016,122832022.4
2021-07-25 04:00:00,0.6017,0.61,0.6006,0.6078,104682477.9
2021-07-25 08:00:00,0.6078,0.6094,0.5981,0.6013,98272594.6
2021-07-25 12:00:00,0.6013,0.6021,0.5905,0.5955,140290108.6
2021-07-25 16:00:00,0.5955,0.6011,0.5915,0.5983,96056195.1
2021-07-25 20:00:00,0.5984,0.6068,0.596,0.6064,88490131.2
2021-07-26 00:00:00,0.6063,0.6595,0.6043,0.6561,511972494.4
2021-07-26 04:00:00,0.6562,0.6772,0.645,0.6554,365541263.0
2021-07-26 08:00:00,0.6554,0.6634,0.6462,0.6601,190526768.2
2021-07-26 12:00:00,0.6601,0.6651,0.6462,0.6549,223057817.6
2021-07-26 16:00:00,0.6548,0.6792,0.6536,0.6633,236065294.0
2021-07-26 20:00:00,0.6632,0.6647,0.6151,0.6233,379505336.2
2021-07-27 00:00:00,0.6233,0.6355,0.612,0.6189,233585364.7
2021-07-27 04:00:00,0.619,0.6287,0.6183,0.627,155832892.6
2021-07-27 08:00:00,0.6269,0.6409,0.624,0.6408,140763701.8
2021-07-27 12:00:00,0.6409,0.6527,0.6335,0.6434,358685161.5
2021-07-27 16:00:00,0.6434,0.6445,0.624,0.6307,199708050.3
2021-07-27 20:00:00,0.6308,0.6468,0.6307,0.6448,139972652.1
2021-07-28 00:00:00,0.6448,0.6484,0.6356,0.6403,193805467.9
2021-07-28 04:00:00,0.6403,0.74,0.6305,0.7273,997662636.7
2021-07-28 08:00:00,0.7271,0.7549,0.7114,0.7315,1504636161.1
2021-07-28 12:00:00,0.7316,0.7381,0.7006,0.7114,673611374.4
2021-07-28 16:00:00,0.7114,0.7288,0.6879,0.7117,647213206.4
2021-07-28 20:00:00,0.7117,0.737,0.7001,0.732,339502453.5
2021-07-29 00:00:00,0.7322,0.7412,0.6971,0.6996,445102776.6
2021-07-29 04:00:00,0.6997,0.7141,0.6977,0.7053,242941971.5
2021-07-29 08:00:00,0.7054,0.7139,0.698,0.7015,257313058.6
2021-07-29 12:00:00,0.7016,0.7115,0.6974,0.7077,241245808.4
2021-07-29 16:00:00,0.7077,0.7165,0.7014,0.7139,181011792.0
2021-07-29 20:00:00,0.714,0.7666,0.7075,0.7492,599356670.9
2021-07-30 00:00:00,0.7491,0.7621,0.735,0.7553,397082972.1
2021-07-30 04:00:00,0.7553,0.759,0.744,0.747,227768910.7
2021-07-30 08:00:00,0.747,0.747,0.7117,0.7197,414424569.2
2021-07-30 12:00:00,0.7197,0.7253,0.7179,0.7217,190348934.6
2021-07-30 16:00:00,0.7217,0.7476,0.718,0.7405,356675767.3
2021-07-30 20:00:00,0.7406,0.7697,0.7392,0.752,496603314.5
2021-07-31 00:00:00,0.752,0.759,0.741,0.7506,218599989.9
2021-07-31 04:00:00,0.7505,0.752,0.736,0.7443,194833983.1
2021-07-31 08:00:00,0.7443,0.7595,0.7438,0.7533,194721473.2
2021-07-31 12:00:00,0.7534,0.7556,0.7382,0.7475,197817513.6
2021-07-31 16:00:00,0.7476,0.7494,0.738,0.7467,131438911.7
2021-07-31 20:00:00,0.7467,0.7569,0.743,0.7464,165719777.7
2021-08-01 00:00:00,0.7465,0.7779,0.7401,0.7749,299435294.3
2021-08-01 04:00:00,0.7748,0.7783,0.7578,0.7674,260203017.5
2021-08-01 08:00:00,0.7673,0.7709,0.7542,0.7607,201691373.3
2021-08-01 12:00:00,0.7608,0.765,0.7518,0.7571,181252187.1
2021-08-01 16:00:00,0.7571,0.7623,0.7426,0.7588,282345912.6
2021-08-01 20:00:00,0.7588,0.766,0.7016,0.7242,343272838.5
2021-08-02 00:00:00,0.7241,0.7325,0.7149,0.7299,226523194.8
2021-08-02 04:00:00,0.7301,0.7739,0.7279,0.759,325760476.7
2021-08-02 08:00:00,0.759,0.7601,0.7413,0.7512,263351035.2
2021-08-02 12:00:00,0.7511,0.7568,0.7364,0.7502,220857649.5
2021-08-02 16:00:00,0.7502,0.7557,0.7381,0.7406,135285815.0
2021-08-02 20:00:00,0.7406,0.7459,0.7313,0.7381,169146532.5
2021-08-03 00:00:00,0.7382,0.745,0.7188,0.7237,247541943.6
2021-08-03 04:00:00,0.7237,0.7289,0.7101,0.7162,228861285.0
2021-08-03 08:00:00,0.7163,0.721,0.7103,0.7115,177001951.7
2021-08-03 12:00:00,0.7116,0.7226,0.7006,0.7089,278246982.0
2021-08-03 16:00:00,0.7089,0.718,0.7007,0.7086,166095659.5
2021-08-03 20:00:00,0.7086,0.7198,0.7044,0.7138,111155426.0
2021-08-04 00:00:00,0.7138,0.7256,0.7104,0.711,126763632.1
2021-08-04 04:00:00,0.711,0.7163,0.7034,0.7061,115295185.0
2021-08-04 08:00:00,0.7061,0.7086,0.6946,0.706,177762914.7
2021-08-04 12:00:00,0.7059,0.7299,0.7056,0.7268,258501279.4
2021-08-04 16:00:00,0.7267,0.7366,0.7234,0.7309,168166637.7
2021-08-04 20:00:00,0.7308,0.7399,0.7272,0.7314,133269116.8
2021-08-05 00:00:00,0.7315,0.7342,0.7181,0.7277,132866899.8
2021-08-05 04:00:00,0.7278,0.7309,0.7161,0.7198,119056074.1
2021-08-05 08:00:00,0.7197,0.724,0.7075,0.7138,186733889.2
2021-08-05 12:00:00,0.7139,0.7249,0.7007,0.7182,299059145.9
2021-08-05 16:00:00,0.7181,0.7359,0.7171,0.7291,184970356.7
2021-08-05 20:00:00,0.7291,0.7395,0.7288,0.7335,132002605.9
2021-08-06 00:00:00,0.7335,0.7421,0.7283,0.7292,184121223.0
2021-08-06 04:00:00,0.7293,0.7392,0.7286,0.735,106436712.7
2021-08-06 08:00:00,0.7351,0.7382,0.7251,0.7274,123125157.4
2021-08-06 12:00:00,0.7274,0.7435,0.7225,0.7417,177432747.3
2021-08-06 16:00:00,0.7418,0.7538,0.7418,0.7501,226030524.2
2021-08-06 20:00:00,0.7503,0.7534,0.7381,0.7475,118575786.9
2021-08-07 00:00:00,0.7475,0.7659,0.7412,0.7652,188315166.2
2021-08-07 04:00:00,0.7653,0.7698,0.7582,0.7611,146314041.5
2021-08-07 08:00:00,0.7611,0.801,0.7593,0.7914,358615740.6
2021-08-07 12:00:00,0.7913,0.8186,0.7685,0.8056,538779960.1
2021-08-07 16:00:00,0.8055,0.8085,0.7782,0.8042,393853240.5
2021-08-07 20:00:00,0.8043,0.82,0.7955,0.817,261752646.5
2021-08-08 00:00:00,0.8169,0.8427,0.798,0.8179,366136437.7
2021-08-08 04:00:00,0.8179,0.8355,0.8103,0.8224,279082330.7
2021-08-08 08:00:00,0.8224,0.8267,0.7928,0.7994,263114627.1
2021-08-08 12:00:00,0.7994,0.8182,0.7845,0.7874,279897462.6
2021-08-08 16:00:00,0.7874,0.795,0.772,0.7807,295939504.5
2021-08-08 20:00:00,0.7808,0.7971,0.7761,0.7796,199938138.2
2021-08-09 00:00:00,0.7796,0.7844,0.7601,0.7836,200225688.3
2021-08-09 04:00:00,0.7837,0.808,0.7776,0.7975,252695350.0
2021-08-09 08:00:00,0.7975,0.8218,0.7909,0.821,332703407.0
2021-08-09 12:00:00,0.821,0.8265,0.8081,0.8189,306823093.2
2021-08-09 16:00:00,0.8189,0.8291,0.8111,0.8167,168979917.3
2021-08-09 20:00:00,0.8167,0.8232,0.796,0.8178,221846159.5
2021-08-10 00:00:00,0.8177,0.8236,0.8031,0.8047,161622742.5
2021-08-10 04:00:00,0.8047,0.8207,0.8002,0.8186,158799186.5
2021-08-10 08:00:00,0.8186,0.8223,0.8064,0.8147,195651215.4
2021-08-10 12:00:00,0.8147,0.8582,0.8114,0.8249,547327095.5
2021-08-10 16:00:00,0.8249,0.8392,0.8104,0.8366,213952424.5
2021-08-10 20:00:00,0.8365,0.8632,0.8319,0.8519,278525134.4
2021-08-11 00:00:00,0.852,0.8831,0.849,0.8768,313918220.0
2021-08-11 04:00:00,0.8766,0.903,0.8732,0.8955,323078788.3
2021-08-11 08:00:00,0.8956,0.9012,0.88,0.8857,284381788.1
2021-08-11 12:00:00,0.8858,0.9484,0.8777,0.9375,641412774.4
2021-08-11 16:00:00,0.9375,1.0928,0.9335,1.0646,983426096.3
2021-08-11 20:00:00,1.0647,1.0652,0.9909,1.012,1114737585.2
2021-08-12 00:00:00,1.0119,1.047,0.9969,1.0237,542570818.4
2021-08-12 04:00:00,1.0237,1.0287,0.9515,1.015,821851830.0
2021-08-12 08:00:00,1.0153,1.0209,0.978,0.9824,607208254.7
2021-08-12 12:00:00,0.9824,0.988,0.935,0.9502,724748258.7
2021-08-12 16:00:00,0.9503,0.9761,0.9259,0.9662,503411339.0
2021-08-12 20:00:00,0.9663,0.9739,0.9222,0.9667,360155435.0
2021-08-13 00:00:00,0.9667,1.0079,0.9508,0.9931,388892677.9
2021-08-13 04:00:00,0.9932,1.05,0.9784,1.0429,461545500.3
2021-08-13 08:00:00,1.0428,1.0567,1.0204,1.0223,439133274.7
2021-08-13 12:00:00,1.0223,1.0443,0.9955,1.0115,411230510.4
2021-08-13 16:00:00,1.0115,1.0393,1.009,1.0193,325439703.1
2021-08-13 20:00:00,1.0194,1.0982,1.016,1.0909,520964512.6
2021-08-14 00:00:00,1.0909,1.1122,1.071,1.0885,350331758.6
2021-08-14 04:00:00,1.0885,1.1926,1.0798,1.1777,649665852.8
2021-08-14 08:00:00,1.1777,1.1943,1.102,1.156,1120497883.5
2021-08-14 12:00:00,1.1561,1.2292,1.1321,1.2138,1047335261.9
2021-08-14 16:00:00,1.2138,1.2578,1.203,1.2344,808087929.2
2021-08-14 20:00:00,1.2343,1.312,1.1827,1.2805,828190168.3
2021-08-15 00:00:00,1.2805,1.35,1.267,1.3053,726829509.4
2021-08-15 04:00:00,1.3053,1.3465,1.226,1.2494,877249716.4
2021-08-15 08:00:00,1.2494,1.3243,1.2406,1.2819,839870321.1
2021-08-15 12:00:00,1.282,1.2917,1.2345,1.2675,657015792.4
2021-08-15 16:00:00,1.2675,1.2956,1.2411,1.2888,439982586.0
2021-08-15 20:00:00,1.2888,1.3148,1.27,1.285,363927982.9
2021-08-16 00:00:00,1.285,1.3323,1.2587,1.2792,456397923.5
2021-08-16 04:00:00,1.2792,1.3105,1.2779,1.2932,270651471.2
2021-08-16 08:00:00,1.2932,1.2966,1.2566,1.2884,350015451.6
2021-08-16 12:00:00,1.2884,1.2896,1.206,1.2421,664253032.0
2021-08-16 16:00:00,1.2421,1.2478,1.2152,1.2171,296370050.8
2021-08-16 20:00:00,1.2171,1.2256,1.1383,1.1861,802092413.5
2021-08-17 00:00:00,1.1861,1.2249,1.1186,1.2089,642399853.0
2021-08-17 04:00:00,1.209,1.2208,1.1501,1.1769,457842502.5
2021-08-17 08:00:00,1.1766,1.2244,1.1762,1.2072,440643441.2
2021-08-17 12:00:00,1.2072,1.2206,1.1634,1.1681,430106594.4
2021-08-17 16:00:00,1.1681,1.1964,1.1505,1.1618,380046633.4
2021-08-17 20:00:00,1.1617,1.1652,1.0842,1.0984,629083438.5
2021-08-18 00:00:00,1.0982,1.1179,1.0501,1.1108,689921141.0
2021-08-18 04:00:00,1.111,1.1392,1.0985,1.1066,418412896.7
2021-08-18 08:00:00,1.1065,1.1258,1.0705,1.0745,416116659.6
2021-08-18 12:00:00,1.0745,1.1453,1.0622,1.1436,481177506.6
2021-08-18 16:00:00,1.1438,1.1969,1.1203,1.1248,672688466.8
2021-08-18 20:00:00,1.1248,1.1846,1.1038,1.1439,477290003.6
2021-08-19 00:00:00,1.1439,1.1717,1.1126,1.1186,437075243.6
2021-08-19 04:00:00,1.1188,1.1398,1.1082,1.1278,331751115.2
2021-08-19 08:00:00,1.1278,1.14,1.1016,1.1029,340990763.5
2021-08-19 12:00:00,1.1029,1.158,1.09,1.1506,439637484.8
2021-08-19 16:00:00,1.1506,1.2039,1.128,1.1909,450728133.8
2021-08-19 20:00:00,1.1913,1.2367,1.18,1.2357,427195562.6
2021-08-20 00:00:00,1.2357,1.2393,1.2007,1.2086,317792979.7
2021-08-20 04:00:00,1.2086,1.2615,1.2045,1.2418,346638303.8
2021-08-20 08:00:00,1.2419,1.2621,1.2243,1.2376,331700990.7
2021-08-20 12:00:00,1.2375,1.2875,1.2357,1.2835,415451849.9
2021-08-20 16:00:00,1.2835,1.2904,1.2256,1.252,366052996.4
2021-08-20 20:00:00,1.2519,1.2708,1.2412,1.264,211489470.0
2021-08-21 00:00:00,1.264,1.2848,1.232,1.2703,282696542.3
2021-08-21 04:00:00,1.2703,1.2736,1.2527,1.2642,186499609.5
2021-08-21 08:00:00,1.2642,1.2681,1.2154,1.2321,351679741.5
2021-08-21 12:00:00,1.2321,1.255,1.2261,1.2413,265213412.2
2021-08-21 16:00:00,1.2414,1.2484,1.2033,1.2123,219930197.7
2021-08-21 20:00:00,1.2124,1.2354,1.2046,1.2172,169075850.3
2021-08-22 00:00:00,1.217,1.2437,1.2147,1.2296,178225460.9
2021-08-22 04:00:00,1.2292,1.2565,1.2287,1.2512,153813264.4
2021-08-22 08:00:00,1.2511,1.2579,1.2385,1.2487,161945609.0
2021-08-22 12:00:00,1.2487,1.2515,1.1759,1.2073,348607215.3
2021-08-22 16:00:00,1.2073,1.2185,1.1823,1.2037,219109151.0
2021-08-22 20:00:00,1.2036,1.233,1.184,1.2266,212100259.5
2021-08-23 00:00:00,1.2266,1.2581,1.2206,1.2544,264078183.4
2021-08-23 04:00:00,1.2545,1.258,1.2325,1.2454,197724194.6
2021-08-23 08:00:00,1.2455,1.3066,1.2445,1.2841,530163515.8
2021-08-23 12:00:00,1.2841,1.2975,1.1985,1.2423,585896703.6
2021-08-23 16:00:00,1.2423,1.2546,1.2208,1.2325,258917823.4
2021-08-23 20:00:00,1.2325,1.2613,1.2227,1.2465,183685690.9
2021-08-24 00:00:00,1.2465,1.2526,1.216,1.2359,228087920.2
2021-08-24 04:00:00,1.2358,1.2671,1.2262,1.2579,176636861.1
2021-08-24 08:00:00,1.2578,1.2661,1.2277,1.2406,236074686.4
2021-08-24 12:00:00,1.2406,1.2448,1.1601,1.1826,521035255.0
2021-08-24 16:00:00,1.1826,1.1833,1.12,1.1676,503138449.8
2021-08-24 20:00:00,1.1674,1.1842,1.1335,1.1358,262467738.7
2021-08-25 00:00:00,1.1358,1.1731,1.134,1.1471,219121222.5
2021-08-25 04:00:00,1.1472,1.1786,1.1424,1.1583,186257403.8
2021-08-25 08:00:00,1.1582,1.1596,1.107,1.1507,431075452.7
2021-08-25 12:00:00,1.1506,1.1783,1.1252,1.1749,414108945.9
2021-08-25 16:00:00,1.175,1.1783,1.1531,1.1597,195455973.8
2021-08-25 20:00:00,1.1596,1.176,1.1542,1.1749,142501495.5
2021-08-26 00:00:00,1.1747,1.1876,1.1313,1.1478,273176866.8
2021-08-26 04:00:00,1.1478,1.1527,1.102,1.1216,420649629.0
2021-08-26 08:00:00,1.1218,1.1291,1.1071,1.1078,224696907.6
2021-08-26 12:00:00,1.1078,1.1232,1.063,1.0855,518462316.3
2021-08-26 16:00:00,1.0856,1.0954,1.064,1.0864,302382724.4
2021-08-26 20:00:00,1.0864,1.1119,1.07,1.0724,190670999.0
2021-08-27 00:00:00,1.0725,1.1026,1.0496,1.0764,372000771.4
2021-08-27 04:00:00,1.0764,1.1092,1.0588,1.1055,272351309.0
2021-08-27 08:00:00,1.1053,1.13,1.0884,1.1163,295193789.1
2021-08-27 12:00:00,1.1164,1.1597,1.1051,1.1448,419838272.6
2021-08-27 16:00:00,1.145,1.1486,1.133,1.1385,166577183.6
2021-08-27 20:00:00,1.1385,1.194,1.128,1.1925,274756590.4
2021-08-28 00:00:00,1.1927,1.1997,1.1635,1.166,209051940.9
2021-08-28 04:00:00,1.1658,1.175,1.1518,1.1626,162506133.8
2021-08-28 08:00:00,1.1627,1.1753,1.143,1.1529,179884627.4
2021-08-28 12:00:00,1.1528,1.1613,1.1335,1.1502,212235954.7
2021-08-28 16:00:00,1.1502,1.1596,1.1372,1.1409,141747077.6
2021-08-28 20:00:00,1.141,1.1526,1.139,1.1471,94195038.0
2021-08-29 00:00:00,1.1472,1.1695,1.1178,1.1253,256863574.1
2021-08-29 04:00:00,1.1253,1.1474,1.1121,1.1453,161389840.4
2021-08-29 08:00:00,1.1454,1.153,1.1312,1.1365,195575328.4
2021-08-29 12:00:00,1.1366,1.1471,1.1201,1.1334,164427109.6
2021-08-29 16:00:00,1.1333,1.1585,1.1304,1.1561,170046753.8
2021-08-29 20:00:00,1.1561,1.1658,1.138,1.1423,155569788.0
2021-08-30 00:00:00,1.1422,1.1461,1.1203,1.1282,171609464.5
2021-08-30 04:00:00,1.1283,1.1419,1.1201,1.1379,152628053.0
2021-08-30 08:00:00,1.1379,1.1464,1.1226,1.1297,137596103.4
2021-08-30 12:00:00,1.1297,1.1318,1.105,1.1297,206850976.3
2021-08-30 16:00:00,1.1297,1.1467,1.1275,1.1443,132880221.1
2021-08-30 20:00:00,1.1443,1.1507,1.0949,1.101,237352064.7
2021-08-31 00:00:00,1.101,1.129,1.0913,1.1265,200620838.1
2021-08-31 04:00:00,1.1264,1.1397,1.1058,1.1354,207471566.6
2021-08-31 08:00:00,1.1354,1.1442,1.1152,1.1421,226038665.9
2021-08-31 12:00:00,1.1421,1.1823,1.1271,1.1815,320906431.1
2021-08-31 16:00:00,1.1815,1.2443,1.1585,1.1955,828899570.8
2021-08-31 20:00:00,1.1954,1.2189,1.1505,1.1872,316992562.7
2021-09-01 00:00:00,1.1872,1.1976,1.1583,1.1846,253705875.4
2021-09-01 04:00:00,1.1847,1.2112,1.1781,1.1864,267407108.7
2021-09-01 08:00:00,1.1864,1.209,1.1825,1.1912,238941531.9
2021-09-01 12:00:00,1.1912,1.22,1.1881,1.1939,306070725.4
2021-09-01 16:00:00,1.1939,1.2273,1.1833,1.2053,340171890.6
2021-09-01 20:00:00,1.2052,1.2394,1.2035,1.237,194865583.9
2021-09-02 00:00:00,1.237,1.2623,1.223,1.2509,293985224.1
2021-09-02 04:00:00,1.2508,1.2718,1.236,1.2514,278941041.3
2021-09-02 08:00:00,1.2515,1.2974,1.2506,1.2898,331377662.4
2021-09-02 12:00:00,1.2895,1.2981,1.2359,1.2495,452922381.3
2021-09-02 16:00:00,1.2495,1.2654,1.2486,1.2588,184534298.3
2021-09-02 20:00:00,1.2589,1.28,1.2532,1.2542,169992083.5
2021-09-03 00:00:00,1.2542,1.2799,1.22,1.2757,293276545.9
2021-09-03 04:00:00,1.2757,1.2922,1.2584,1.264,237048541.6
2021-09-03 08:00:00,1.264,1.2884,1.261,1.2796,264889995.2
2021-09-03 12:00:00,1.2796,1.3266,1.2668,1.3036,487496635.8
2021-09-03 16:00:00,1.3034,1.3203,1.2962,1.3165,237457819.7
2021-09-03 20:00:00,1.3165,1.3171,1.2725,1.2921,253086071.4
2021-09-04 00:00:00,1.2921,1.299,1.2666,1.284,177689681.3
2021-09-04 04:00:00,1.2841,1.2909,1.277,1.2802,119404455.8
2021-09-04 08:00:00,1.2802,1.2865,1.2608,1.2683,199190431.8
2021-09-04 12:00:00,1.2681,1.2816,1.2619,1.2662,176581342.4
2021-09-04 16:00:00,1.2662,1.2732,1.2364,1.2512,269117077.6
2021-09-04 20:00:00,1.2511,1.2659,1.2439,1.2556,138410056.8
2021-09-05 00:00:00,1.2556,1.2677,1.2443,1.2458,156732751.7
2021-09-05 04:00:00,1.2458,1.2549,1.237,1.2493,119900917.0
2021-09-05 08:00:00,1.2493,1.2714,1.248,1.2635,162293334.6
2021-09-05 12:00:00,1.2634,1.3007,1.2606,1.2887,267246793.2
2021-09-05 16:00:00,1.2887,1.2972,1.2813,1.2884,149067654.9
2021-09-05 20:00:00,1.2886,1.314,1.2865,1.309,189903140.0
2021-09-06 00:00:00,1.309,1.342,1.308,1.3197,316608216.8
2021-09-06 04:00:00,1.3198,1.3373,1.3179,1.3232,152121510.0
2021-09-06 08:00:00,1.3233,1.3985,1.3158,1.3578,711307858.0
2021-09-06 12:00:00,1.3578,1.3769,1.3105,1.3634,502272430.1
2021-09-06 16:00:00,1.3634,1.4023,1.3564,1.3923,390230346.0
2021-09-06 20:00:00,1.3922,1.418,1.37,1.3906,312149533.3
2021-09-07 00:00:00,1.3906,1.3937,1.365,1.3702,198837892.7
2021-09-07 04:00:00,1.3703,1.3846,1.3341,1.3539,280069134.6
2021-09-07 08:00:00,1.3539,1.3559,1.246,1.2851,632594340.5
2021-09-07 12:00:00,1.2851,1.2992,0.8969,1.1333,1477959882.5
2021-09-07 16:00:00,1.1332,1.1583,1.019,1.0766,1136854034.6
2021-09-07 20:00:00,1.0765,1.1397,1.0667,1.1292,479816188.5
2021-09-08 00:00:00,1.1293,1.1488,1.0973,1.1022,363894990.5
2021-09-08 04:00:00,1.1024,1.1241,1.0435,1.0491,560010371.3
2021-09-08 08:00:00,1.0492,1.0998,1.0138,1.0861,577623955.3
2021-09-08 12:00:00,1.086,1.1133,1.07,1.1027,451994769.4
2021-09-08 16:00:00,1.1027,1.1189,1.0892,1.1076,231090298.8
2021-09-08 20:00:00,1.1077,1.1341,1.0784,1.1002,292676140.4
2021-09-09 00:00:00,1.1001,1.1264,1.0806,1.0934,286618961.1
2021-09-09 04:00:00,1.0933,1.1135,1.089,1.1106,186343787.6
2021-09-09 08:00:00,1.1107,1.1387,1.1015,1.1143,264764535.9
2021-09-09 12:00:00,1.1144,1.13,1.07,1.1184,428683048.3
2021-09-09 16:00:00,1.1183,1.1274,1.0853,1.0954,228022627.0
2021-09-09 20:00:00,1.0953,1.1058,1.0807,1.0878,158608288.9
2021-09-10 00:00:00,1.0877,1.2459,1.0865,1.1368,1104902968.4
2021-09-10 04:00:00,1.1369,1.1472,1.0866,1.0985,362747819.5
2021-09-10 08:00:00,1.0985,1.1071,1.0427,1.0907,401480878.1
2021-09-10 12:00:00,1.0907,1.1025,1.0294,1.0698,544235662.9
2021-09-10 16:00:00,1.0697,1.0796,1.0605,1.0752,137312255.1
2021-09-10 20:00:00,1.0752,1.0868,1.0299,1.0556,227533792.2
2021-09-11 00:00:00,1.0556,1.0777,1.0508,1.0624,150177156.3
2021-09-11 04:00:00,1.0624,1.0784,1.0545,1.0716,163430654.3
2021-09-11 08:00:00,1.0715,1.1008,1.0576,1.0954,207918227.9
2021-09-11 12:00:00,1.0956,1.1135,1.0904,1.0986,196219714.8
2021-09-11 16:00:00,1.0986,1.1099,1.0837,1.087,150605366.4
2021-09-11 20:00:00,1.087,1.0956,1.0671,1.0795,119630630.5
2021-09-12 00:00:00,1.0795,1.0853,1.0577,1.0781,134403054.4
2021-09-12 04:00:00,1.0783,1.0862,1.0716,1.0806,92055243.4
2021-09-12 08:00:00,1.0808,1.1097,1.0771,1.1082,164051428.4
2021-09-12 12:00:00,1.1082,1.1177,1.1009,1.1093,140079902.4
2021-09-12 16:00:00,1.1093,1.1176,1.104,1.1134,110091144.6
2021-09-12 20:00:00,1.1135,1.1285,1.079,1.1191,251443444.4
2021-09-13 00:00:00,1.1194,1.1274,1.0646,1.0673,219943903.5
2021-09-13 04:00:00,1.0673,1.0755,1.0382,1.0502,238055640.6
2021-09-13 08:00:00,1.0502,1.0666,1.034,1.065,208931054.6
2021-09-13 12:00:00,1.0651,1.1,1.0238,1.0484,516069335.5
2021-09-13 16:00:00,1.0484,1.067,1.0437,1.0639,103267772.3
2021-09-13 20:00:00,1.064,1.0761,1.0602,1.0651,111673829.0
2021-09-14 00:00:00,1.0652,1.0787,1.0563,1.0734,111132656.1
2021-09-14 04:00:00,1.0734,1.0837,1.0657,1.0767,108136407.9
2021-09-14 08:00:00,1.0767,1.0846,1.067,1.0705,106983263.6
2021-09-14 12:00:00,1.0705,1.0895,1.0591,1.0851,205350672.0
2021-09-14 16:00:00,1.0851,1.0884,1.0683,1.0748,109670319.3
2021-09-14 20:00:00,1.0749,1.0983,1.0685,1.0965,139122011.7
2021-09-15 00:00:00,1.0965,1.0994,1.0843,1.0868,103824150.6
2021-09-15 04:00:00,1.0869,1.0947,1.0782,1.0934,88446984.1
2021-09-15 08:00:00,1.0934,1.0985,1.0844,1.0918,120180811.1
2021-09-15 12:00:00,1.0918,1.115,1.086,1.1148,197051641.1
2021-09-15 16:00:00,1.1147,1.1294,1.1073,1.1237,137206422.3
2021-09-15 20:00:00,1.1238,1.1308,1.1161,1.1216,107345530.2
2021-09-16 00:00:00,1.1216,1.1312,1.0928,1.1018,160013685.4
2021-09-16 04:00:00,1.1018,1.1277,1.1,1.1239,116944374.8
2021-09-16 08:00:00,1.1239,1.1293,1.1024,1.1108,141299041.7
2021-09-16 12:00:00,1.1107,1.1167,1.0844,1.1038,228766782.0
2021-09-16 16:00:00,1.1038,1.1064,1.0909,1.0935,112091351.2
2021-09-16 20:00:00,1.0936,1.0959,1.0666,1.0908,149552340.9
2021-09-17 00:00:00,1.0908,1.1,1.0841,1.0999,87700362.9
2021-09-17 04:00:00,1.0999,1.1027,1.0849,1.088,118280285.2
2021-09-17 08:00:00,1.0882,1.0942,1.0532,1.0597,196912913.9
2021-09-17 12:00:00,1.0596,1.0733,1.0511,1.0707,134360563.6
2021-09-17 16:00:00,1.0708,1.0798,1.061,1.0762,128124955.6
2021-09-17 20:00:00,1.0761,1.0771,1.0555,1.0672,104880977.2
2021-09-18 00:00:00,1.0672,1.0795,1.0572,1.0779,90971882.4
2021-09-18 04:00:00,1.0778,1.0954,1.0774,1.0868,119280738.6
2021-09-18 08:00:00,1.0869,1.0907,1.0771,1.0792,74079786.2
2021-09-18 12:00:00,1.0792,1.0938,1.077,1.0839,107934206.1
2021-09-18 16:00:00,1.084,1.0861,1.0727,1.0776,75540520.3
2021-09-18 20:00:00,1.0776,1.0777,1.0664,1.0756,79335331.8
2021-09-19 00:00:00,1.0759,1.079,1.065,1.0681,72673426.3
2021-09-19 04:00:00,1.0681,1.0841,1.0674,1.0827,66377071.9
2021-09-19 08:00:00,1.0828,1.0846,1.055,1.0595,109364696.0
2021-09-19 12:00:00,1.0593,1.0718,1.056,1.0677,109329140.7
2021-09-19 16:00:00,1.0678,1.0715,1.0594,1.0631,72384096.0
2021-09-19 20:00:00,1.0631,1.078,1.037,1.0483,194483669.8
2021-09-20 00:00:00,1.0482,1.0498,0.9641,0.9811,478436653.1
2021-09-20 04:00:00,0.9809,0.9941,0.9471,0.9575,256343902.8
2021-09-20 08:00:00,0.9575,0.9757,0.9,0.9191,483294748.8
2021-09-20 12:00:00,0.9189,0.9488,0.87,0.9343,692120449.7
2021-09-20 16:00:00,0.9341,0.9443,0.9027,0.9229,270626762.7
2021-09-20 20:00:00,0.9231,0.9414,0.9079,0.9216,217594755.5
2021-09-21 00:00:00,0.9217,0.9554,0.8639,0.9478,466280803.5
2021-09-21 04:00:00,0.9478,0.9577,0.9234,0.9523,205752063.4
2021-09-21 08:00:00,0.9522,0.9581,0.9387,0.9486,158383526.2
2021-09-21 12:00:00,0.9486,0.959,0.9129,0.9363,234288014.1
2021-09-21 16:00:00,0.9363,0.9397,0.896,0.8978,244271917.3
2021-09-21 20:00:00,0.8978,0.91,0.8579,0.8738,447565152.5
2021-09-22 00:00:00,0.8741,0.9397,0.8679,0.9217,319816529.7
2021-09-22 04:00:00,0.9216,0.9484,0.906,0.9441,220844921.0
2021-09-22 08:00:00,0.9441,0.949,0.917,0.9193,170642944.5
2021-09-22 12:00:00,0.9193,0.9766,0.9163,0.9672,343588031.5
2021-09-22 16:00:00,0.967,0.9948,0.9603,0.9856,326941641.4
2021-09-22 20:00:00,0.9855,1.009,0.9807,1.0031,184909160.3
2021-09-23 00:00:00,1.003,1.0171,0.976,1.0098,205082903.6
2021-09-23 04:00:00,1.0099,1.0139,0.9935,1.003,126901188.9
2021-09-23 08:00:00,1.0029,1.0049,0.9674,0.9763,195445672.3
2021-09-23 12:00:00,0.9762,1.0004,0.9712,0.9787,183750737.4
2021-09-23 16:00:00,0.9785,1.01,0.9764,1.0006,167341338.3
2021-09-23 20:00:00,1.0005,1.0022,0.9826,1.0015,104832158.6
2021-09-24 00:00:00,1.0014,1.0027,0.9808,0.982,103367912.4
2021-09-24 04:00:00,0.982,0.9888,0.9686,0.9822,163768538.6
2021-09-24 08:00:00,0.9823,0.9929,0.8849,0.9186,690454408.9
2021-09-24 12:00:00,0.9188,0.9386,0.895,0.9212,260874508.7
2021-09-24 16:00:00,0.9212,0.9377,0.9168,0.9334,108567220.4
2021-09-24 20:00:00,0.9335,0.9584,0.9307,0.9439,137811622.3
2021-09-25 00:00:00,0.9439,0.9526,0.9292,0.9453,121850005.7
2021-09-25 04:00:00,0.9454,0.9574,0.9375,0.9398,104734016.4
2021-09-25 08:00:00,0.9397,0.952,0.9161,0.939,222251067.8
2021-09-25 12:00:00,0.9389,0.9471,0.9276,0.9398,147572812.8
2021-09-25 16:00:00,0.9397,0.949,0.9292,0.9394,123784481.1
2021-09-25 20:00:00,0.9393,0.9449,0.9252,0.9398,83387551.8
2021-09-26 00:00:00,0.9396,0.9424,0.9124,0.926,142653667.7
2021-09-26 04:00:00,0.9259,0.9264,0.8911,0.8975,164625217.4
2021-09-26 08:00:00,0.8974,0.9445,0.8909,0.9411,247780186.1
2021-09-26 12:00:00,0.941,0.9529,0.9378,0.9482,109840975.3
2021-09-26 16:00:00,0.9483,0.9506,0.9351,0.9429,73653131.1
2021-09-26 20:00:00,0.943,0.9567,0.9317,0.9433,99918273.0
2021-09-27 00:00:00,0.9434,0.9814,0.9356,0.9698,158995705.8
2021-09-27 04:00:00,0.9698,0.9785,0.96,0.9604,102522318.1
2021-09-27 08:00:00,0.9604,0.9686,0.9508,0.9624,116808609.8
2021-09-27 12:00:00,0.9624,0.9705,0.9402,0.9465,173308526.1
2021-09-27 16:00:00,0.9465,0.9486,0.9281,0.9293,105856335.5
2021-09-27 20:00:00,0.9293,0.9413,0.919,0.9208,119959467.6
2021-09-28 00:00:00,0.9208,0.9364,0.9187,0.9338,85193132.4
2021-09-28 04:00:00,0.9338,0.9389,0.921,0.927,81691021.5
2021-09-28 08:00:00,0.927,0.9433,0.9205,0.9373,121640795.9
2021-09-28 12:00:00,0.9374,0.941,0.9121,0.9133,190135827.9
2021-09-28 16:00:00,0.9133,0.92,0.9,0.9082,122561417.9
2021-09-28 20:00:00,0.9083,0.9188,0.89,0.8924,94307181.9
2021-09-29 00:00:00,0.8925,0.9164,0.8855,0.9151,135835345.8
2021-09-29 04:00:00,0.9151,0.926,0.9136,0.925,86729274.0
2021-09-29 08:00:00,0.9249,0.931,0.9157,0.9254,96602643.8
2021-09-29 12:00:00,0.9253,0.9928,0.9174,0.9378,713053678.7
2021-09-29 16:00:00,0.9375,0.9419,0.916,0.9185,153428866.1
2021-09-29 20:00:00,0.9185,0.9288,0.9053,0.9261,127821162.1
2021-09-30 00:00:00,0.9258,0.9592,0.9211,0.9584,175952404.3
2021-09-30 04:00:00,0.9583,0.9634,0.9367,0.9412,102171823.7
2021-09-30 08:00:00,0.9412,0.9441,0.9286,0.9377,121756731.6
2021-09-30 12:00:00,0.9377,0.9533,0.9336,0.9448,146253186.4
2021-09-30 16:00:00,0.9449,0.9574,0.936,0.9451,105024715.6
2021-09-30 20:00:00,0.9452,0.9535,0.9372,0.9531,72168886.0
2021-10-01 00:00:00,0.9532,0.96,0.9436,0.9494,90208700.8
2021-10-01 04:00:00,0.9495,0.9758,0.9482,0.9707,110617922.1
2021-10-01 08:00:00,0.9708,1.0316,0.9675,1.0223,376567967.3
2021-10-01 12:00:00,1.0223,1.0689,1.0,1.0254,495027594.3
2021-10-01 16:00:00,1.0255,1.0433,1.02,1.038,156180084.8
2021-10-01 20:00:00,1.0379,1.0602,1.024,1.0421,201423161.3
2021-10-02 00:00:00,1.0422,1.0434,1.011,1.0126,139612332.7
2021-10-02 04:00:00,1.0126,1.0254,1.0112,1.0174,96130067.6
2021-10-02 08:00:00,1.0173,1.0265,1.0074,1.025,116022760.4
2021-10-02 12:00:00,1.025,1.0453,1.0233,1.04,185248265.0
2021-10-02 16:00:00,1.0399,1.0661,1.0328,1.0635,168420209.0
2021-10-02 20:00:00,1.0635,1.0728,1.0271,1.0362,169813463.7
2021-10-03 00:00:00,1.0362,1.0496,1.0203,1.0433,150575438.4
2021-10-03 04:00:00,1.0433,1.052,1.0414,1.0432,70561598.9
2021-10-03 08:00:00,1.0432,1.0589,1.031,1.0529,134950975.9
2021-10-03 12:00:00,1.0528,1.0873,1.0462,1.0614,217352779.6
2021-10-03 16:00:00,1.0613,1.0888,1.0591,1.0799,190826042.8
2021-10-03 20:00:00,1.0799,1.083,1.0409,1.0558,165210935.2
2021-10-04 00:00:00,1.0558,1.0604,1.0245,1.0268,140002755.4
2021-10-04 04:00:00,1.0266,1.042,1.0201,1.0417,108741472.7
2021-10-04 08:00:00,1.0418,1.0434,1.0126,1.0244,135597009.5
2021-10-04 12:00:00,1.0245,1.0543,1.0055,1.0321,276036201.3
2021-10-04 16:00:00,1.0322,1.0533,1.0298,1.0457,197045102.6
2021-10-04 20:00:00,1.0456,1.06,1.0288,1.0435,123177433.4
2021-10-05 00:00:00,1.0435,1.0572,1.0382,1.0466,109647662.6
2021-10-05 04:00:00,1.0466,1.0559,1.0386,1.0538,91406681.4
2021-10-05 08:00:00,1.0538,1.0677,1.0464,1.0554,142866838.0
2021-10-05 12:00:00,1.0554,1.0861,1.05,1.064,338506884.7
2021-10-05 16:00:00,1.0641,1.0792,1.055,1.0726,151645203.2
2021-10-05 20:00:00,1.0726,1.0895,1.0676,1.0848,157601985.0
2021-10-06 00:00:00,1.0849,1.0861,1.0642,1.0674,102086545.2
2021-10-06 04:00:00,1.0674,1.0693,1.0527,1.0567,100454498.5
2021-10-06 08:00:00,1.0566,1.0583,1.0164,1.0336,243243697.5
2021-10-06 12:00:00,1.0336,1.1096,1.0324,1.0951,418756494.2
2021-10-06 16:00:00,1.0948,1.1019,1.071,1.0856,157970187.4
2021-10-06 20:00:00,1.0856,1.0898,1.0741,1.0773,105064149.3
2021-10-07 00:00:00,1.0773,1.093,1.0434,1.0589,203205512.4
2021-10-07 04:00:00,1.0589,1.0888,1.0573,1.0879,155805559.1
2021-10-07 08:00:00,1.0879,1.0958,1.0714,1.0841,192543686.6
2021-10-07 12:00:00,1.0841,1.087,1.0561,1.0681,182051770.6
2021-10-07 16:00:00,1.0681,1.0764,1.0595,1.0729,93273361.9
2021-10-07 20:00:00,1.0728,1.0814,1.0637,1.0686,83284701.3
2021-10-08 00:00:00,1.0687,1.0805,1.059,1.0661,107168506.0
2021-10-08 04:00:00,1.0661,1.0812,1.0598,1.0801,94579742.9
2021-10-08 08:00:00,1.0802,1.0937,1.0744,1.0773,158353232.7
2021-10-08 12:00:00,1.0773,1.0813,1.066,1.0716,132761379.0
2021-10-08 16:00:00,1.0717,1.0799,1.0677,1.0752,75855352.1
2021-10-08 20:00:00,1.0752,1.0763,1.0531,1.0641,100441135.0
2021-10-09 00:00:00,1.0642,1.0724,1.057,1.0708,72497376.4
2021-10-09 04:00:00,1.0708,1.0775,1.0697,1.0732,56780198.2
2021-10-09 08:00:00,1.0731,1.1282,1.0666,1.1099,307429152.0
2021-10-09 12:00:00,1.11,1.17,1.1064,1.1535,416264138.3
2021-10-09 16:00:00,1.1534,1.209,1.1531,1.1655,611389616.8
2021-10-09 20:00:00,1.1655,1.179,1.1518,1.1618,184919530.4
2021-10-10 00:00:00,1.1619,1.1762,1.1352,1.1665,254126031.2
2021-10-10 04:00:00,1.1664,1.2319,1.1623,1.2162,451326257.5
2021-10-10 08:00:00,1.2163,1.2195,1.1778,1.2016,307587409.5
2021-10-10 12:00:00,1.2015,1.205,1.176,1.1888,234182015.6
2021-10-10 16:00:00,1.1888,1.196,1.162,1.1735,214451656.8
2021-10-10 20:00:00,1.1736,1.189,1.1261,1.1359,291318386.2
2021-10-11 00:00:00,1.1359,1.1696,1.1265,1.1683,224349484.4
2021-10-11 04:00:00,1.1682,1.1833,1.155,1.1772,126607930.4
2021-10-11 08:00:00,1.1772,1.1819,1.138,1.15,186366602.3
2021-10-11 12:00:00,1.1501,1.1668,1.1443,1.1558,137540277.7
2021-10-11 16:00:00,1.1558,1.1582,1.1282,1.1296,135293208.6
2021-10-11 20:00:00,1.1297,1.1393,1.101,1.1368,200409905.4
2021-10-12 00:00:00,1.1367,1.1369,1.0788,1.0942,236588002.4
2021-10-12 04:00:00,1.0941,1.11,1.087,1.1015,167160375.5
2021-10-12 08:00:00,1.1016,1.1124,1.063,1.0879,227634693.2
2021-10-12 12:00:00,1.0878,1.1119,1.0654,1.1011,272785358.5
2021-10-12 16:00:00,1.101,1.108,1.0883,1.0915,140466019.6
2021-10-12 20:00:00,1.0914,1.1086,1.0749,1.1023,126820945.7
2021-10-13 00:00:00,1.1022,1.1268,1.0914,1.1191,142525780.6
2021-10-13 04:00:00,1.1191,1.1217,1.0809,1.0812,183949058.4
2021-10-13 08:00:00,1.0813,1.0959,1.0758,1.0927,144170838.8
2021-10-13 12:00:00,1.0927,1.1104,1.0774,1.1061,163206009.9
2021-10-13 16:00:00,1.1061,1.1225,1.0975,1.1124,163610104.5
2021-10-13 20:00:00,1.1125,1.1397,1.1065,1.1284,141388279.8
2021-10-14 00:00:00,1.1285,1.1391,1.1224,1.1304,113478062.3
2021-10-14 04:00:00,1.1304,1.1469,1.1174,1.1197,120258032.9
2021-10-14 08:00:00,1.1196,1.1457,1.1193,1.1407,123841710.6
2021-10-14 12:00:00,1.1406,1.1597,1.123,1.1372,212849902.7
2021-10-14 16:00:00,1.1373,1.1409,1.1238,1.1333,112864107.9
2021-10-14 20:00:00,1.1332,1.1392,1.1241,1.1345,80781303.7
2021-10-15 00:00:00,1.1346,1.14,1.1057,1.1365,190723123.6
2021-10-15 04:00:00,1.1366,1.1674,1.1287,1.1432,253570673.7
2021-10-15 08:00:00,1.1432,1.1458,1.0887,1.1183,239891981.5
2021-10-15 12:00:00,1.1183,1.1323,1.1149,1.1269,139942853.7
2021-10-15 16:00:00,1.1268,1.1512,1.1225,1.1467,151664567.5
2021-10-15 20:00:00,1.1467,1.157,1.1355,1.1423,144686397.2
2021-10-16 00:00:00,1.1423,1.1506,1.1319,1.1388,88691640.5
2021-10-16 04:00:00,1.1387,1.1466,1.1364,1.1397,54886938.9
2021-10-16 08:00:00,1.1396,1.1815,1.1375,1.1738,173078393.1
2021-10-16 12:00:00,1.1738,1.1887,1.1368,1.1552,301466214.6
2021-10-16 16:00:00,1.1552,1.1613,1.1424,1.1467,97985468.8
2021-10-16 20:00:00,1.1467,1.1487,1.1304,1.1356,75949858.8
2021-10-17 00:00:00,1.1356,1.139,1.1205,1.136,105603644.0
2021-10-17 04:00:00,1.136,1.1395,1.1253,1.1262,59640693.4
2021-10-17 08:00:00,1.1262,1.1419,1.1252,1.1315,73233135.4
2021-10-17 12:00:00,1.1316,1.1367,1.1101,1.1177,107122548.3
2021-10-17 16:00:00,1.1178,1.1255,1.1044,1.1096,83195305.0
2021-10-17 20:00:00,1.1096,1.1096,1.015,1.0947,476562046.5
2021-10-18 00:00:00,1.0947,1.1072,1.0877,1.0968,117424513.4
2021-10-18 04:00:00,1.0968,1.1063,1.0863,1.0926,98819044.7
2021-10-18 08:00:00,1.0925,1.1046,1.0733,1.0837,185222687.0
2021-10-18 12:00:00,1.0837,1.0925,1.0652,1.0895,150031874.3
2021-10-18 16:00:00,1.0896,1.0925,1.0716,1.0793,76430181.5
2021-10-18 20:00:00,1.0793,1.09,1.0751,1.0836,68342838.7
2021-10-19 00:00:00,1.0835,1.1018,1.0782,1.0977,99505373.2
2021-10-19 04:00:00,1.0976,1.1004,1.0873,1.0922,74357443.6
2021-10-19 08:00:00,1.0922,1.0928,1.0823,1.0881,69372401.7
2021-10-19 12:00:00,1.0881,1.099,1.0653,1.0788,136341475.0
2021-10-19 16:00:00,1.079,1.0926,1.0774,1.0791,66776496.8
2021-10-19 20:00:00,1.0791,1.094,1.0765,1.0923,69990195.8
2021-10-20 00:00:00,1.0922,1.1111,1.088,1.1005,119506698.4
2021-10-20 04:00:00,1.1004,1.1095,1.094,1.1007,77057896.6
2021-10-20 08:00:00,1.1008,1.122,1.0991,1.1103,111282504.4
2021-10-20 12:00:00,1.1103,1.1442,1.1101,1.1438,246609374.9
2021-10-20 16:00:00,1.1438,1.1544,1.1368,1.1499,150503465.2
2021-10-20 20:00:00,1.15,1.1529,1.1329,1.1464,119254568.8
2021-10-21 00:00:00,1.1464,1.1662,1.122,1.1468,230071930.2
2021-10-21 04:00:00,1.1467,1.1499,1.1333,1.1397,96028836.9
2021-10-21 08:00:00,1.1397,1.1639,1.1238,1.1328,254846811.5
2021-10-21 12:00:00,1.1329,1.1414,1.0834,1.1125,345033378.7
2021-10-21 16:00:00,1.1126,1.1159,1.0941,1.0988,151583586.9
2021-10-21 20:00:00,1.0987,1.1069,1.0854,1.0894,100854191.7
2021-10-22 00:00:00,1.0893,1.1105,1.0891,1.1084,85272188.2
2021-10-22 04:00:00,1.1085,1.1154,1.0939,1.1092,108517226.0
2021-10-22 08:00:00,1.1091,1.1128,1.0963,1.1046,84541366.0
2021-10-22 12:00:00,1.1046,1.13,1.0737,1.0955,313597859.9
2021-10-22 16:00:00,1.0955,1.1042,1.0833,1.0963,147516927.8
2021-10-22 20:00:00,1.0962,1.0986,1.077,1.0895,86665083.2
2021-10-23 00:00:00,1.0896,1.0957,1.082,1.0937,62494297.6
2021-10-23 04:00:00,1.0938,1.0997,1.086,1.0922,64542601.4
2021-10-23 08:00:00,1.0922,1.0959,1.077,1.0947,101256467.9
2021-10-23 12:00:00,1.0947,1.1023,1.0888,1.0976,84239231.4
2021-10-23 16:00:00,1.0976,1.1029,1.0829,1.087,90041126.8
2021-10-23 20:00:00,1.0869,1.0961,1.0846,1.0948,51134723.6
2021-10-24 00:00:00,1.0949,1.0976,1.0881,1.0937,50327382.2
2021-10-24 04:00:00,1.0937,1.0939,1.0825,1.0843,48274545.3
2021-10-24 08:00:00,1.0843,1.0928,1.0782,1.0838,91750948.8
2021-10-24 12:00:00,1.0839,1.0913,1.0717,1.0763,133456169.2
2021-10-24 16:00:00,1.0764,1.0824,1.0501,1.0727,154556062.5
2021-10-24 20:00:00,1.0727,1.0881,1.0707,1.083,63625312.0
2021-10-25 00:00:00,1.083,1.1018,1.079,1.0928,97812247.2
2021-10-25 04:00:00,1.0928,1.1013,1.0871,1.0972,63506215.4
2021-10-25 08:00:00,1.0973,1.1002,1.0871,1.0906,66091625.8
2021-10-25 12:00:00,1.0906,1.1045,1.0859,1.1032,88987652.2
2021-10-25 16:00:00,1.1032,1.1045,1.0907,1.0928,81108871.4
2021-10-25 20:00:00,1.0928,1.0981,1.0875,1.0957,47441695.4
2021-10-26 00:00:00,1.0958,1.1279,1.0941,1.1166,157078633.9
2021-10-26 04:00:00,1.1167,1.1324,1.1075,1.126,158376225.0
2021-10-26 08:00:00,1.126,1.1299,1.1154,1.1164,112933220.7
2021-10-26 12:00:00,1.1164,1.1197,1.0929,1.1087,168935568.0
2021-10-26 16:00:00,1.1088,1.1275,1.0991,1.1166,126238554.3
2021-10-26 20:00:00,1.1167,1.1624,1.09,1.1082,408486487.8
2021-10-27 00:00:00,1.1084,1.1259,1.1014,1.1125,120020940.8
2021-10-27 04:00:00,1.1125,1.1238,1.078,1.0811,255382938.9
2021-10-27 08:00:00,1.0812,1.0818,0.931,1.0141,935009480.7
2021-10-27 12:00:00,1.0141,1.0343,1.0066,1.0207,213305804.6
2021-10-27 16:00:00,1.0207,1.0272,0.9903,1.0135,172273264.3
2021-10-27 20:00:00,1.0139,1.0213,0.9923,0.9951,139523593.6
2021-10-28 00:00:00,0.9955,1.011,0.9811,1.0061,155835852.1
2021-10-28 04:00:00,1.0061,1.0629,0.9966,1.0543,431726102.9
2021-10-28 08:00:00,1.0544,1.0813,1.0486,1.0587,256707711.8
2021-10-28 12:00:00,1.0588,1.0696,1.0516,1.0551,116925872.3
2021-10-28 16:00:00,1.0551,1.0731,1.028,1.0651,244678703.8
2021-10-28 20:00:00,1.0651,1.0759,1.0521,1.0586,128860201.6
2021-10-29 00:00:00,1.0588,1.088,1.0543,1.077,141697044.9
2021-10-29 04:00:00,1.0771,1.0821,1.0566,1.0584,115904934.2
2021-10-29 08:00:00,1.0585,1.0684,1.0536,1.0609,108402809.1
2021-10-29 12:00:00,1.0609,1.0807,1.0566,1.0798,118042981.1
2021-10-29 16:00:00,1.0795,1.0877,1.0726,1.08,104864060.9
2021-10-29 20:00:00,1.08,1.0918,1.0756,1.0833,65582194.5
2021-10-30 00:00:00,1.0834,1.0862,1.071,1.0814,73165005.3
2021-10-30 04:00:00,1.0814,1.118,1.0808,1.096,157731710.7
2021-10-30 08:00:00,1.0959,1.1003,1.0827,1.0946,98714076.2
2021-10-30 12:00:00,1.0946,1.0954,1.0611,1.0818,142210442.4
2021-10-30 16:00:00,1.0819,1.0858,1.0715,1.0822,65926344.5
2021-10-30 20:00:00,1.0822,1.0873,1.0621,1.0856,90620482.6
2021-10-31 00:00:00,1.0853,1.119,1.0839,1.1082,190630575.4
2021-10-31 04:00:00,1.1083,1.1566,1.1053,1.1259,256120434.6
2021-10-31 08:00:00,1.126,1.1271,1.0768,1.0816,214397463.9
2021-10-31 12:00:00,1.0815,1.0933,1.0686,1.0858,195264731.4
2021-10-31 16:00:00,1.086,1.1083,1.0794,1.0975,113344242.1
2021-10-31 20:00:00,1.0976,1.1263,1.0933,1.1135,101123539.3
2021-11-01 00:00:00,1.1137,1.1337,1.075,1.0789,182254350.3
2021-11-01 04:00:00,1.0789,1.1075,1.0701,1.1049,131075331.4
2021-11-01 08:00:00,1.1049,1.107,1.0922,1.0933,92445330.0
2021-11-01 12:00:00,1.0933,1.1033,1.0865,1.0937,118718153.5
2021-11-01 16:00:00,1.0938,1.0958,1.0775,1.0952,99083594.2
2021-11-01 20:00:00,1.0951,1.0971,1.0842,1.0927,54094096.3
2021-11-02 00:00:00,1.0927,1.1026,1.0864,1.0989,82271237.6
2021-11-02 04:00:00,1.099,1.1046,1.0947,1.096,63948282.5
2021-11-02 08:00:00,1.096,1.1214,1.0929,1.1118,160458010.8
2021-11-02 12:00:00,1.1117,1.13,1.1091,1.1222,120441241.4
2021-11-02 16:00:00,1.1222,1.1486,1.1155,1.1357,204174087.9
2021-11-02 20:00:00,1.1358,1.1417,1.1205,1.1361,99937409.4
2021-11-03 00:00:00,1.1361,1.1541,1.127,1.1487,129715857.3
2021-11-03 04:00:00,1.1487,1.2374,1.1486,1.2032,657490144.0
2021-11-03 08:00:00,1.2033,1.2183,1.1883,1.1992,223295549.6
2021-11-03 12:00:00,1.1993,1.2031,1.143,1.1702,419805239.4
2021-11-03 16:00:00,1.1703,1.2061,1.1591,1.1926,305707789.9
2021-11-03 20:00:00,1.1925,1.228,1.1906,1.2113,182934619.3
2021-11-04 00:00:00,1.2114,1.2602,1.197,1.2259,328612341.0
2021-11-04 04:00:00,1.226,1.2427,1.1925,1.1938,165439811.6
2021-11-04 08:00:00,1.194,1.2122,1.1798,1.1891,190004373.9
2021-11-04 12:00:00,1.1892,1.2169,1.1623,1.1776,243041992.1
2021-11-04 16:00:00,1.1775,1.1924,1.1653,1.1854,164493154.1
2021-11-04 20:00:00,1.1854,1.2027,1.1782,1.2012,81750738.2
2021-11-05 00:00:00,1.2012,1.2022,1.1708,1.1968,108132179.7
2021-11-05 04:00:00,1.1968,1.2003,1.1852,1.187,65627395.0
2021-11-05 08:00:00,1.1869,1.1933,1.1686,1.17,95046049.5
2021-11-05 12:00:00,1.1699,1.1763,1.13,1.1509,208628175.1
2021-11-05 16:00:00,1.1508,1.1611,1.1436,1.1529,96757035.3
2021-11-05 20:00:00,1.153,1.1648,1.1407,1.1591,76979862.9
2021-11-06 00:00:00,1.1591,1.1769,1.1541,1.167,77041858.2
2021-11-06 04:00:00,1.167,1.1713,1.1459,1.1566,71254145.3
2021-11-06 08:00:00,1.1566,1.1626,1.095,1.1285,188001419.3
2021-11-06 12:00:00,1.1285,1.1405,1.1101,1.1377,130788977.5
2021-11-06 16:00:00,1.1377,1.1493,1.1285,1.1489,70147053.3
2021-11-06 20:00:00,1.149,1.1529,1.1444,1.1518,47055179.5
2021-11-07 00:00:00,1.1517,1.1608,1.1458,1.1545,56782511.7
2021-11-07 04:00:00,1.1545,1.1794,1.1518,1.1662,93956365.5
2021-11-07 08:00:00,1.1661,1.1905,1.161,1.1881,103899626.4
2021-11-07 12:00:00,1.188,1.2244,1.1808,1.2142,256227383.8
2021-11-07 16:00:00,1.2144,1.2386,1.208,1.2237,186158321.5
2021-11-07 20:00:00,1.2238,1.2298,1.2108,1.2215,111422035.4
2021-11-08 00:00:00,1.2215,1.2796,1.2205,1.2611,335992939.9
2021-11-08 04:00:00,1.2611,1.298,1.2606,1.2781,296691932.1
2021-11-08 08:00:00,1.278,1.2913,1.2541,1.2679,218079516.2
2021-11-08 12:00:00,1.2679,1.268,1.2404,1.261,205970234.7
2021-11-08 16:00:00,1.2611,1.2666,1.2476,1.2538,131644988.5
2021-11-08 20:00:00,1.2538,1.2932,1.2477,1.2832,152553674.0
2021-11-09 00:00:00,1.2832,1.29,1.2581,1.2783,173696413.0
2021-11-09 04:00:00,1.2784,1.2819,1.2438,1.2506,143089268.0
2021-11-09 08:00:00,1.2506,1.2709,1.2229,1.2439,178335323.4
2021-11-09 12:00:00,1.2439,1.2762,1.23,1.2504,312589448.3
2021-11-09 16:00:00,1.2505,1.2694,1.2378,1.2581,175378586.1
2021-11-09 20:00:00,1.2582,1.275,1.252,1.2578,118689069.6
2021-11-10 00:00:00,1.2578,1.2657,1.2263,1.2305,150437550.1
2021-11-10 04:00:00,1.2306,1.2469,1.2201,1.24,114675906.5
2021-11-10 08:00:00,1.2399,1.2498,1.2356,1.2436,98570019.4
2021-11-10 12:00:00,1.2435,1.3395,1.2389,1.3229,654874209.0
2021-11-10 16:00:00,1.323,1.3525,1.2754,1.2804,333350252.9
2021-11-10 20:00:00,1.2805,1.2876,1.0944,1.1903,881970060.2
2021-11-11 00:00:00,1.1902,1.2062,1.1764,1.1999,238996687.3
2021-11-11 04:00:00,1.2,1.2546,1.1959,1.2447,225308893.3
2021-11-11 08:00:00,1.2447,1.2498,1.2226,1.2337,191734287.1
2021-11-11 12:00:00,1.2338,1.2384,1.1969,1.2144,250102581.9
2021-11-11 16:00:00,1.2144,1.2247,1.1979,1.2166,120757289.7
2021-11-11 20:00:00,1.2167,1.2336,1.2091,1.2152,101291218.9
2021-11-12 00:00:00,1.2151,1.234,1.1981,1.2158,173878783.3
2021-11-12 04:00:00,1.2159,1.2193,1.1905,1.205,114929946.0
2021-11-12 08:00:00,1.2049,1.2121,1.158,1.1725,285043971.0
2021-11-12 12:00:00,1.1726,1.1842,1.1622,1.1705,167311799.3
2021-11-12 16:00:00,1.1705,1.196,1.1545,1.182,192270024.2
2021-11-12 20:00:00,1.1821,1.2051,1.1818,1.1889,83261103.8
2021-11-13 00:00:00,1.189,1.1981,1.1761,1.1787,63768697.0
2021-11-13 04:00:00,1.1787,1.1963,1.171,1.1947,73430702.6
2021-11-13 08:00:00,1.1948,1.1985,1.1775,1.18,78296821.5
2021-11-13 12:00:00,1.18,1.1996,1.1668,1.196,131029227.1
2021-11-13 16:00:00,1.1961,1.2046,1.1834,1.1876,103446969.8
2021-11-13 20:00:00,1.1877,1.1944,1.1835,1.1899,51208649.4
2021-11-14 00:00:00,1.1899,1.2003,1.1862,1.1868,54079060.0
2021-11-14 04:00:00,1.1868,1.1949,1.1804,1.1822,52109291.8
2021-11-14 08:00:00,1.1823,1.1943,1.1727,1.1932,74784510.4
2021-11-14 12:00:00,1.1933,1.1961,1.1775,1.1797,82986059.8
2021-11-14 16:00:00,1.1797,1.1859,1.168,1.1807,108166150.2
2021-11-14 20:00:00,1.1806,1.1899,1.177,1.1892,60472191.8
2021-11-15 00:00:00,1.1893,1.2165,1.1891,1.2086,141999095.8
2021-11-15 04:00:00,1.2087,1.2214,1.2078,1.21,78772640.1
2021-11-15 08:00:00,1.2101,1.22,1.2005,1.2073,94925703.0
2021-11-15 12:00:00,1.2073,1.2114,1.1844,1.1885,130254509.6
2021-11-15 16:00:00,1.1885,1.1919,1.1756,1.1857,93661943.8
2021-11-15 20:00:00,1.1857,1.1857,1.165,1.1729,91441069.8
2021-11-16 00:00:00,1.1728,1.1729,1.105,1.1228,387425035.6
2021-11-16 04:00:00,1.1228,1.1328,1.1061,1.1255,175829573.4
2021-11-16 08:00:00,1.1256,1.1347,1.0332,1.091,434330508.6
2021-11-16 12:00:00,1.091,1.1166,1.0781,1.0994,185645411.4
2021-11-16 16:00:00,1.0995,1.1084,1.0814,1.0922,120272839.5
2021-11-16 20:00:00,1.0922,1.1054,1.0656,1.0881,149467228.2
2021-11-17 00:00:00,1.0881,1.0984,1.0584,1.0683,187457850.7
2021-11-17 04:00:00,1.0684,1.0953,1.0604,1.0871,141544207.8
2021-11-17 08:00:00,1.0871,1.1103,1.0669,1.1069,191342290.2
2021-11-17 12:00:00,1.1069,1.1133,1.0756,1.0861,132046082.3
2021-11-17 16:00:00,1.0863,1.1032,1.0798,1.0951,80196961.4
2021-11-17 20:00:00,1.0951,1.1025,1.0853,1.0958,61686310.4
2021-11-18 00:00:00,1.0959,1.162,1.0907,1.1248,275477969.4
2021-11-18 04:00:00,1.1249,1.1481,1.0966,1.1074,247896774.4
2021-11-18 08:00:00,1.1075,1.1104,1.0773,1.085,157225179.4
2021-11-18 12:00:00,1.085,1.0955,1.045,1.0563,272474642.0
2021-11-18 16:00:00,1.0564,1.0635,1.0145,1.0555,291780499.1
2021-11-18 20:00:00,1.0556,1.0596,1.0286,1.041,125920741.5
2021-11-19 00:00:00,1.0411,1.0572,1.0179,1.0289,168479381.7
2021-11-19 04:00:00,1.0289,1.0498,1.0261,1.0421,94272586.9
2021-11-19 08:00:00,1.042,1.0661,1.0418,1.0538,120022934.4
2021-11-19 12:00:00,1.0538,1.1034,1.0495,1.0891,202635215.8
2021-11-19 16:00:00,1.0891,1.099,1.0748,1.0936,109348875.6
2021-11-19 20:00:00,1.0937,1.0955,1.0801,1.0903,67621876.8
2021-11-20 00:00:00,1.0903,1.1005,1.0836,1.0856,80853522.6
2021-11-20 04:00:00,1.0856,1.0926,1.0821,1.0856,44873134.8
2021-11-20 08:00:00,1.0857,1.0988,1.0779,1.0971,67835771.7
2021-11-20 12:00:00,1.0971,1.1024,1.06,1.0657,126112150.8
2021-11-20 16:00:00,1.0656,1.0981,1.0619,1.0913,118991038.8
2021-11-20 20:00:00,1.0912,1.0987,1.0884,1.0976,46821844.8
2021-11-21 00:00:00,1.0975,1.0988,1.0732,1.077,62135662.1
2021-11-21 04:00:00,1.0769,1.0903,1.0751,1.0803,41021777.7
2021-11-21 08:00:00,1.0804,1.0813,1.0652,1.0726,72887852.1
2021-11-21 12:00:00,1.0727,1.0818,1.0638,1.0788,67058852.3
2021-11-21 16:00:00,1.0787,1.0867,1.0627,1.068,81985735.7
2021-11-21 20:00:00,1.0681,1.0784,1.055,1.0581,73250351.6
2021-11-22 00:00:00,1.0582,1.0604,1.0288,1.038,159576148.6
2021-11-22 04:00:00,1.0379,1.0507,1.026,1.0433,85883221.8
2021-11-22 08:00:00,1.0434,1.0551,1.0373,1.0488,65995545.0
2021-11-22 12:00:00,1.0488,1.072,1.0378,1.0577,148161363.4
2021-11-22 16:00:00,1.0577,1.0598,1.0284,1.0317,97931792.9
2021-11-22 20:00:00,1.0318,1.0471,1.0284,1.0366,73705214.1
2021-11-23 00:00:00,1.0365,1.0569,1.0311,1.0555,71790092.1
2021-11-23 04:00:00,1.0555,1.0562,1.0348,1.0368,62200040.9
2021-11-23 08:00:00,1.0367,1.0623,1.02,1.036,195833246.7
2021-11-23 12:00:00,1.0362,1.0575,1.0328,1.0474,105052760.8
2021-11-23 16:00:00,1.0472,1.0563,1.043,1.0548,71648648.3
2021-11-23 20:00:00,1.0548,1.0725,1.0524,1.067,93345218.6
2021-11-24 00:00:00,1.0671,1.0741,1.0378,1.0412,101353663.6
2021-11-24 04:00:00,1.0411,1.0485,1.0328,1.0398,61433518.5
2021-11-24 08:00:00,1.0397,1.0496,1.0312,1.0368,73481878.3
2021-11-24 12:00:00,1.0367,1.0392,1.005,1.0287,189875207.6
2021-11-24 16:00:00,1.0287,1.0298,1.0142,1.019,80324487.8
2021-11-24 20:00:00,1.0191,1.0343,1.0161,1.0329,61751530.4
2021-11-25 00:00:00,1.0329,1.0525,1.0266,1.0399,99042764.2
2021-11-25 04:00:00,1.0399,1.0411,1.0301,1.0332,52304161.8
2021-11-25 08:00:00,1.0333,1.0464,1.023,1.0393,98437225.1
2021-11-25 12:00:00,1.0392,1.0597,1.0381,1.0529,112301423.9
2021-11-25 16:00:00,1.053,1.0663,1.0494,1.0561,106501618.6
2021-11-25 20:00:00,1.0561,1.0578,1.041,1.0447,63075647.9
2021-11-26 00:00:00,1.0448,1.0479,1.0315,1.0316,91503884.9
2021-11-26 04:00:00,1.0317,1.035,1.0,1.0145,152441836.0
2021-11-26 08:00:00,1.0144,1.0146,0.8836,0.9341,823149182.0
2021-11-26 12:00:00,0.9342,0.9615,0.9268,0.9465,209884336.6
2021-11-26 16:00:00,0.9467,0.9582,0.9406,0.9543,94907309.5
2021-11-26 20:00:00,0.9543,0.9608,0.9333,0.9392,90997182.7
2021-11-27 00:00:00,0.9392,0.9594,0.9354,0.9538,75065876.5
2021-11-27 04:00:00,0.9539,0.9614,0.9424,0.947,58491573.9
2021-11-27 08:00:00,0.947,0.9659,0.9466,0.9508,81115622.1
2021-11-27 12:00:00,0.9508,0.9606,0.949,0.9563,49072403.5
2021-11-27 16:00:00,0.9562,0.9615,0.9495,0.9538,51734343.7
2021-11-27 20:00:00,0.9539,0.9577,0.9338,0.9455,91293901.9
2021-11-28 00:00:00,0.9455,0.947,0.8779,0.9099,217502966.0
2021-11-28 04:00:00,0.9099,0.9337,0.905,0.93,88995318.9
2021-11-28 08:00:00,0.93,0.9415,0.9226,0.9354,65293335.8
2021-11-28 12:00:00,0.9354,0.9377,0.9177,0.9257,60976002.0
2021-11-28 16:00:00,0.9256,0.928,0.8855,0.9233,152386276.5
2021-11-28 20:00:00,0.9233,0.9693,0.9228,0.9686,145889557.8
2021-11-29 00:00:00,0.9686,0.9829,0.9661,0.9762,97363307.1
2021-11-29 04:00:00,0.9762,0.9954,0.9736,0.99,81154548.1
2021-11-29 08:00:00,0.99,0.9926,0.9632,0.9705,112402135.8
2021-11-29 12:00:00,0.9704,0.9859,0.9693,0.9772,86768491.0
2021-11-29 16:00:00,0.9772,0.9982,0.973,0.9767,118904546.0
2021-11-29 20:00:00,0.9768,1.0024,0.9754,0.9901,107282900.0
2021-11-30 00:00:00,0.9901,1.0154,0.9875,0.9971,104598399.4
2021-11-30 04:00:00,0.997,1.0044,0.9718,0.9833,134925776.9
2021-11-30 08:00:00,0.9834,0.9998,0.97,0.9993,114334860.0
2021-11-30 12:00:00,0.9993,1.0301,0.9986,1.0065,182164789.0
2021-11-30 16:00:00,1.0064,1.0138,0.9845,1.0073,169833702.9
2021-11-30 20:00:00,1.0073,1.0127,0.9955,0.9989,62244412.9
2021-12-01 00:00:00,0.9989,1.013,0.9934,1.0128,63530098.5
2021-12-01 04:00:00,1.0128,1.0182,0.9984,1.0143,54905767.1
2021-12-01 08:00:00,1.0143,1.017,0.9966,1.0033,76809532.3
2021-12-01 12:00:00,1.0033,1.0154,0.997,1.0119,92337566.0
2021-12-01 16:00:00,1.0118,1.0182,0.9924,1.0007,85111718.5
2021-12-01 20:00:00,1.0006,1.0014,0.98,0.9906,96541406.5
2021-12-02 00:00:00,0.9906,0.9909,0.9545,0.9674,116907425.4
2021-12-02 04:00:00,0.9675,0.9784,0.9663,0.9746,51956670.3
2021-12-02 08:00:00,0.9745,0.9807,0.9629,0.9709,60423642.8
2021-12-02 12:00:00,0.9708,0.9844,0.9664,0.9748,92799437.5
2021-12-02 16:00:00,0.9748,0.9799,0.9645,0.9758,65946011.3
2021-12-02 20:00:00,0.9758,0.9843,0.9712,0.9722,44530711.2
2021-12-03 00:00:00,0.9722,0.9745,0.9612,0.9661,67810001.9
2021-12-03 04:00:00,0.966,0.981,0.9583,0.9779,64494242.7
2021-12-03 08:00:00,0.978,0.9829,0.973,0.9769,51533887.8
2021-12-03 12:00:00,0.9769,0.984,0.9569,0.9615,96436730.4
2021-12-03 16:00:00,0.9614,0.9614,0.9256,0.9283,186169716.9
2021-12-03 20:00:00,0.9284,0.9332,0.8854,0.9213,217394872.9
2021-12-04 00:00:00,0.9212,0.9246,0.8846,0.8848,114002782.9
2021-12-04 04:00:00,0.8849,0.9031,0.5764,0.7497,1430743999.8
2021-12-04 08:00:00,0.7497,0.7937,0.7405,0.7623,483533225.2
2021-12-04 12:00:00,0.7622,0.8066,0.7622,0.792,257759599.1
2021-12-04 16:00:00,0.792,0.8288,0.7855,0.8252,162307040.0
2021-12-04 20:00:00,0.8252,0.8574,0.8164,0.8449,198104760.2
2021-12-05 00:00:00,0.8449,0.8623,0.8131,0.8371,166985603.3
2021-12-05 04:00:00,0.8372,0.8471,0.8224,0.8382,103784890.8
2021-12-05 08:00:00,0.8381,0.8437,0.8164,0.8211,122042731.5
2021-12-05 12:00:00,0.8212,0.8347,0.7674,0.7897,337315970.0
2021-12-05 16:00:00,0.7897,0.8099,0.7816,0.7956,229100255.5
2021-12-05 20:00:00,0.7957,0.8082,0.7827,0.8041,125920766.7
2021-12-06 00:00:00,0.8041,0.8068,0.773,0.8034,151805766.7
2021-12-06 04:00:00,0.8035,0.806,0.7619,0.7747,117100515.1
2021-12-06 08:00:00,0.7748,0.7937,0.7475,0.7756,296470450.8
2021-12-06 12:00:00,0.7756,0.7939,0.7647,0.7934,215016087.3
2021-12-06 16:00:00,0.7934,0.8002,0.786,0.7957,111573549.4
2021-12-06 20:00:00,0.7958,0.8299,0.7919,0.8251,135109911.6
2021-12-07 00:00:00,0.8252,0.8459,0.8209,0.8289,110140525.0
2021-12-07 04:00:00,0.8289,0.8411,0.8271,0.8303,66432252.7
2021-12-07 08:00:00,0.8303,0.844,0.8277,0.8401,83078135.5
2021-12-07 12:00:00,0.84,0.8436,0.8133,0.8368,165705209.7
2021-12-07 16:00:00,0.8368,0.8386,0.8176,0.8226,83113347.2
2021-12-07 20:00:00,0.8226,0.824,0.8037,0.8154,105770161.5
2021-12-08 00:00:00,0.8155,0.8218,0.8037,0.8063,74661728.3
2021-12-08 04:00:00,0.8063,0.8437,0.8058,0.8404,93670451.1
2021-12-08 08:00:00,0.8404,0.8502,0.8022,0.8126,196821318.4
2021-12-08 12:00:00,0.8128,0.8796,0.8043,0.8669,256022802.8
2021-12-08 16:00:00,0.8668,0.8842,0.8603,0.8722,193568433.2
2021-12-08 20:00:00,0.8723,0.8728,0.85,0.862,97863299.1
2021-12-09 00:00:00,0.8619,0.8718,0.842,0.8454,109475429.6
2021-12-09 04:00:00,0.8453,0.8652,0.8437,0.8602,94102422.3
2021-12-09 08:00:00,0.8603,0.934,0.8315,0.9039,667870378.7
2021-12-09 12:00:00,0.9038,0.9272,0.8777,0.8911,394435535.8
2021-12-09 16:00:00,0.8913,0.9045,0.85,0.8596,228807748.0
2021-12-09 20:00:00,0.8596,0.8888,0.8433,0.8582,222194355.4
2021-12-10 00:00:00,0.8582,0.8829,0.846,0.8522,180539638.4
2021-12-10 04:00:00,0.8521,0.8597,0.8252,0.8333,246455212.0
2021-12-10 08:00:00,0.8333,0.8501,0.826,0.848,174002740.2
2021-12-10 12:00:00,0.848,0.8677,0.8155,0.8234,298177648.1
2021-12-10 16:00:00,0.8234,0.827,0.8083,0.8244,156257371.6
2021-12-10 20:00:00,0.8244,0.8365,0.791,0.7985,137062700.8
2021-12-11 00:00:00,0.7984,0.8274,0.7837,0.8215,182504419.9
2021-12-11 04:00:00,0.8215,0.8369,0.8192,0.826,105414246.6
2021-12-11 08:00:00,0.8261,0.8433,0.8228,0.8296,96623453.4
2021-12-11 12:00:00,0.8296,0.8392,0.8269,0.8376,98252229.6
2021-12-11 16:00:00,0.8376,0.8442,0.8201,0.8213,104269196.4
2021-12-11 20:00:00,0.8213,0.8415,0.8209,0.8388,67494711.8
2021-12-12 00:00:00,0.8388,0.842,0.8261,0.8293,76555963.2
2021-12-12 04:00:00,0.8293,0.8299,0.8151,0.8244,89208254.4
2021-12-12 08:00:00,0.8243,0.8259,0.8081,0.8235,96722877.6
2021-12-12 12:00:00,0.8235,0.83,0.8203,0.822,57660609.3
2021-12-12 16:00:00,0.8221,0.857,0.8201,0.8519,126882265.6
2021-12-12 20:00:00,0.8519,0.8559,0.8379,0.8393,61509839.9
2021-12-13 00:00:00,0.8393,0.8444,0.8165,0.8245,110395893.8
2021-12-13 04:00:00,0.8245,0.8302,0.8196,0.8272,64343585.0
2021-12-13 08:00:00,0.8271,0.8381,0.8184,0.8282,99417865.8
2021-12-13 12:00:00,0.8281,0.8321,0.7923,0.7991,204529597.2
2021-12-13 16:00:00,0.7992,0.807,0.76,0.7746,265094883.4
2021-12-13 20:00:00,0.7746,0.793,0.7617,0.7815,161087418.9
2021-12-14 00:00:00,0.7815,0.7966,0.7724,0.7883,122587804.4
2021-12-14 04:00:00,0.7884,0.7925,0.7716,0.7891,114831354.0
2021-12-14 08:00:00,0.7891,0.814,0.7787,0.808,134516319.6
2021-12-14 12:00:00,0.8079,0.8178,0.7872,0.7927,172592040.3
2021-12-14 16:00:00,0.7926,0.8042,0.7883,0.7991,102966605.0
2021-12-14 20:00:00,0.7991,0.8212,0.7982,0.8101,132837367.6
2021-12-15 00:00:00,0.8101,0.8131,0.8009,0.812,78568816.1
2021-12-15 04:00:00,0.812,0.8151,0.8046,0.8102,76606459.8
2021-12-15 08:00:00,0.8102,0.8176,0.801,0.805,76577181.4
2021-12-15 12:00:00,0.8051,0.8121,0.7767,0.7781,146337295.1
2021-12-15 16:00:00,0.778,0.8287,0.7768,0.8207,290242188.6
2021-12-15 20:00:00,0.8208,0.8396,0.8182,0.8259,149376140.5
2021-12-16 00:00:00,0.826,0.8361,0.8241,0.8267,72161868.9
2021-12-16 04:00:00,0.8267,0.829,0.8181,0.8238,61411382.2
2021-12-16 08:00:00,0.8238,0.8335,0.8195,0.8305,57414474.6
2021-12-16 12:00:00,0.8305,0.8324,0.8191,0.8263,83140665.7
2021-12-16 16:00:00,0.8263,0.8274,0.8065,0.8092,81576167.4
2021-12-16 20:00:00,0.8092,0.8164,0.8025,0.8045,74096689.6
2021-12-17 00:00:00,0.8047,0.8142,0.8013,0.8114,58382906.0
2021-12-17 04:00:00,0.8115,0.8323,0.8085,0.8124,114994461.6
2021-12-17 08:00:00,0.8124,0.8151,0.8024,0.8049,70634120.6
2021-12-17 12:00:00,0.805,0.8095,0.7749,0.7953,172860128.8
2021-12-17 16:00:00,0.7953,0.8109,0.7934,0.7997,105029668.5
2021-12-17 20:00:00,0.7997,0.8054,0.7871,0.7963,81628271.7
2021-12-18 00:00:00,0.7963,0.8106,0.7904,0.8049,86393077.3
2021-12-18 04:00:00,0.8049,0.8159,0.8016,0.8124,58319317.2
2021-12-18 08:00:00,0.8124,0.8344,0.8123,0.8283,79646638.7
2021-12-18 12:00:00,0.8284,0.8315,0.819,0.8239,66778979.8
2021-12-18 16:00:00,0.824,0.8265,0.8141,0.8208,50809244.0
2021-12-18 20:00:00,0.8209,0.831,0.8177,0.8261,44362677.8
2021-12-19 00:00:00,0.8261,0.8373,0.8187,0.8331,70040135.2
2021-12-19 04:00:00,0.8332,0.8398,0.8303,0.8329,47007201.3
2021-12-19 08:00:00,0.8328,0.8345,0.8238,0.827,60006017.4
2021-12-19 12:00:00,0.8271,0.8445,0.8231,0.83,112394790.0
2021-12-19 16:00:00,0.8301,0.8371,0.8281,0.831,71268544.3
2021-12-19 20:00:00,0.8311,0.8489,0.8261,0.8346,85927835.0
2021-12-20 00:00:00,0.8347,0.9126,0.8236,0.9081,372751561.6
2021-12-20 04:00:00,0.908,0.9149,0.8645,0.8713,311171723.8
2021-12-20 08:00:00,0.8709,0.8775,0.844,0.8548,216873103.6
2021-12-20 12:00:00,0.8549,0.855,0.8258,0.8363,244223854.2
2021-12-20 16:00:00,0.8364,0.8615,0.8325,0.8596,141756682.2
2021-12-20 20:00:00,0.8597,0.8885,0.8597,0.879,202522708.8
2021-12-21 00:00:00,0.8791,0.8833,0.8523,0.8707,152166605.9
2021-12-21 04:00:00,0.8708,0.9142,0.8694,0.8929,307480216.5
2021-12-21 08:00:00,0.8929,0.8984,0.8781,0.8937,139813036.9
2021-12-21 12:00:00,0.8937,0.9044,0.885,0.8904,129707427.8
2021-12-21 16:00:00,0.8903,0.9283,0.8899,0.9195,215235472.5
2021-12-21 20:00:00,0.9195,0.9606,0.9157,0.9462,213951954.7
2021-12-22 00:00:00,0.9462,0.9719,0.931,0.9716,174776551.6
2021-12-22 04:00:00,0.9716,0.9738,0.9474,0.955,166420983.5
2021-12-22 08:00:00,0.9551,0.9683,0.9476,0.9527,141306306.4
2021-12-22 12:00:00,0.9526,0.9562,0.9221,0.9513,202121665.9
2021-12-22 16:00:00,0.9513,0.9644,0.9363,0.9561,166755847.6
2021-12-22 20:00:00,0.9562,0.9666,0.9474,0.9531,120242501.0
2021-12-23 00:00:00,0.9531,1.0185,0.9361,1.0043,271556585.4
2021-12-23 04:00:00,1.0045,1.0062,0.9697,0.9715,166691816.0
2021-12-23 08:00:00,0.9715,0.9909,0.9533,0.9617,188288791.8
2021-12-23 12:00:00,0.9617,0.9795,0.9617,0.9784,107970425.3
2021-12-23 16:00:00,0.9783,1.0157,0.9782,1.0098,202299261.3
2021-12-23 20:00:00,1.0099,1.0115,0.9826,0.9937,142178923.5
2021-12-24 00:00:00,0.9938,0.996,0.9666,0.9735,142099346.9
2021-12-24 04:00:00,0.9735,0.9741,0.9521,0.9725,131610548.1
2021-12-24 08:00:00,0.9725,0.9854,0.9656,0.9739,161221398.9
2021-12-24 12:00:00,0.9739,0.9752,0.9201,0.943,283554635.0
2021-12-24 16:00:00,0.9429,0.9475,0.9021,0.9066,297859025.5
2021-12-24 20:00:00,0.9066,0.9313,0.89,0.9126,358007505.6
2021-12-25 00:00:00,0.9125,0.9231,0.8988,0.9146,150336818.7
2021-12-25 04:00:00,0.9146,0.9302,0.9131,0.9246,91605054.7
2021-12-25 08:00:00,0.9246,0.9313,0.915,0.9195,95858687.7
2021-12-25 12:00:00,0.9196,0.9345,0.919,0.9233,93553801.5
2021-12-25 16:00:00,0.9233,0.9297,0.907,0.9237,100101370.0
2021-12-25 20:00:00,0.9238,0.9324,0.9181,0.9252,69277493.8
2021-12-26 00:00:00,0.9251,0.9335,0.905,0.9076,105904598.5
2021-12-26 04:00:00,0.9076,0.9179,0.9051,0.9147,51033114.5
2021-12-26 08:00:00,0.9146,0.9214,0.9069,0.9138,73373713.0
2021-12-26 12:00:00,0.9138,0.9194,0.9117,0.917,65031334.8
2021-12-26 16:00:00,0.9171,0.9243,0.9157,0.9194,62168175.1
2021-12-26 20:00:00,0.9193,0.9246,0.9106,0.9201,66841987.2
2021-12-27 00:00:00,0.92,0.9284,0.9156,0.9245,80881049.2
2021-12-27 04:00:00,0.9245,0.9258,0.9194,0.9224,49326332.5
2021-12-27 08:00:00,0.9224,0.9232,0.914,0.922,72707971.0
2021-12-27 12:00:00,0.9219,0.9421,0.918,0.9346,127017141.6
2021-12-27 16:00:00,0.9346,0.9558,0.9346,0.9387,162928607.1
2021-12-27 20:00:00,0.9386,0.9445,0.9188,0.9271,108066933.1
2021-12-28 00:00:00,0.9271,0.9273,0.8735,0.8949,254892384.3
2021-12-28 04:00:00,0.8948,0.8949,0.865,0.8875,134869807.0
2021-12-28 08:00:00,0.8875,0.8926,0.8798,0.891,76997434.7
2021-12-28 12:00:00,0.8911,0.8957,0.8701,0.8822,92592015.6
2021-12-28 16:00:00,0.8822,0.884,0.845,0.8596,164427576.8
2021-12-28 20:00:00,0.8595,0.8691,0.85,0.8514,77718175.1
2021-12-29 00:00:00,0.8515,0.8642,0.8503,0.8595,73669953.0
2021-12-29 04:00:00,0.8596,0.8614,0.8351,0.8398,76642917.5
2021-12-29 08:00:00,0.8397,0.8559,0.8383,0.8494,126402552.8
2021-12-29 12:00:00,0.8493,0.8499,0.8103,0.8436,188457038.5
2021-12-29 16:00:00,0.8437,0.8448,0.8241,0.8267,91327457.2
2021-12-29 20:00:00,0.8267,0.838,0.8095,0.8169,121224231.0
2021-12-30 00:00:00,0.8168,0.8288,0.8016,0.8192,113190662.0
2021-12-30 04:00:00,0.8191,0.8368,0.8185,0.8319,69039795.9
2021-12-30 08:00:00,0.8319,0.8415,0.8239,0.8405,68111086.4
2021-12-30 12:00:00,0.8405,0.853,0.8344,0.8374,104336348.5
2021-12-30 16:00:00,0.8374,0.8599,0.8366,0.8416,172224040.2
2021-12-30 20:00:00,0.8416,0.8505,0.8304,0.8382,77349215.1
2021-12-31 00:00:00,0.8382,0.8453,0.827,0.8369,88449083.7
2021-12-31 04:00:00,0.8369,0.842,0.8281,0.8341,64006627.3
2021-12-31 08:00:00,0.8342,0.8538,0.8309,0.8451,111226245.2
2021-12-31 12:00:00,0.8451,0.8463,0.8382,0.8413,54746597.2
2021-12-31 16:00:00,0.8413,0.8442,0.8028,0.8034,141096481.7
2021-12-31 20:00:00,0.8034,0.8378,0.8022,0.8292,112821633.9
