datetime,open,high,low,close,volume
2023-01-01 00:00:00,0.3389,0.3391,0.3376,0.3384,47493851.7
2023-01-01 01:00:00,0.3384,0.3391,0.3382,0.3388,21324281.3
2023-01-01 02:00:00,0.3387,0.3388,0.3367,0.3379,52350363.3
2023-01-01 03:00:00,0.3378,0.3384,0.3371,0.3381,25197471.0
2023-01-01 04:00:00,0.3381,0.3383,0.3352,0.3361,41650032.6
2023-01-01 05:00:00,0.3361,0.3368,0.3353,0.3365,40358479.5
2023-01-01 06:00:00,0.3365,0.3371,0.3361,0.3365,24542030.3
2023-01-01 07:00:00,0.3365,0.337,0.3355,0.3366,29186144.7
2023-01-01 08:00:00,0.3367,0.3371,0.3363,0.3367,22632704.0
2023-01-01 09:00:00,0.3366,0.3378,0.3361,0.3377,22474777.2
2023-01-01 10:00:00,0.3378,0.3383,0.3374,0.3382,28942153.8
2023-01-01 11:00:00,0.3383,0.3385,0.3375,0.3382,28523747.5
2023-01-01 12:00:00,0.3382,0.3384,0.3375,0.338,26221992.3
2023-01-01 13:00:00,0.338,0.3387,0.3377,0.3382,23434983.3
2023-01-01 14:00:00,0.3382,0.3383,0.3371,0.3373,23658173.5
2023-01-01 15:00:00,0.3374,0.3375,0.3362,0.3368,32723226.2
2023-01-01 16:00:00,0.3367,0.3377,0.3367,0.3369,27233027.3
2023-01-01 17:00:00,0.3369,0.3383,0.3369,0.3377,28563096.2
2023-01-01 18:00:00,0.3378,0.3397,0.3377,0.3393,38238024.1
2023-01-01 19:00:00,0.3393,0.3397,0.3386,0.3389,28873772.3
2023-01-01 20:00:00,0.3388,0.3393,0.3381,0.3385,32134063.2
2023-01-01 21:00:00,0.3386,0.3387,0.3374,0.3384,26111390.1
2023-01-01 22:00:00,0.3385,0.3387,0.3378,0.3384,18242321.1
2023-01-01 23:00:00,0.3383,0.3391,0.3376,0.3385,27550904.0
2023-01-02 00:00:00,0.3384,0.3392,0.3361,0.3364,47415178.7
2023-01-02 01:00:00,0.3363,0.3366,0.2968,0.3248,807488263.8
2023-01-02 02:00:00,0.3249,0.329,0.324,0.3261,164519591.2
2023-01-02 03:00:00,0.326,0.3294,0.3255,0.3282,109966144.1
2023-01-02 04:00:00,0.3281,0.3284,0.326,0.3276,86295710.0
2023-01-02 05:00:00,0.3275,0.3342,0.3271,0.3312,136359149.4
2023-01-02 06:00:00,0.3312,0.3323,0.3305,0.3315,67382217.6
2023-01-02 07:00:00,0.3314,0.3395,0.3313,0.3373,262213770.8
2023-01-02 08:00:00,0.3374,0.3459,0.3373,0.3432,201119105.5
2023-01-02 09:00:00,0.3433,0.348,0.3423,0.345,125503614.1
2023-01-02 10:00:00,0.3451,0.3467,0.3433,0.3451,84291676.5
2023-01-02 11:00:00,0.345,0.3456,0.3414,0.344,94850344.5
2023-01-02 12:00:00,0.344,0.3451,0.3426,0.3429,56462442.2
2023-01-02 13:00:00,0.3428,0.3448,0.342,0.3437,61726272.5
2023-01-02 14:00:00,0.3437,0.3464,0.3436,0.3451,72675693.6
2023-01-02 15:00:00,0.3451,0.3546,0.3443,0.3509,190634620.3
2023-01-02 16:00:00,0.3508,0.3554,0.3492,0.3512,136862567.1
2023-01-02 17:00:00,0.3511,0.3542,0.3505,0.3524,68402339.3
2023-01-02 18:00:00,0.3525,0.3528,0.3497,0.3507,86928456.5
2023-01-02 19:00:00,0.3507,0.3518,0.3497,0.3512,43529716.2
2023-01-02 20:00:00,0.3513,0.3541,0.3505,0.3534,51157582.3
2023-01-02 21:00:00,0.3534,0.3545,0.3519,0.3529,54618095.7
2023-01-02 22:00:00,0.353,0.3531,0.3468,0.3482,97961911.8
2023-01-02 23:00:00,0.3482,0.3496,0.3468,0.3479,79772789.7
2023-01-03 00:00:00,0.3478,0.3481,0.3453,0.3457,91880674.9
2023-01-03 01:00:00,0.3457,0.3466,0.3427,0.344,93319483.9
2023-01-03 02:00:00,0.344,0.3451,0.3421,0.3426,66885704.1
2023-01-03 03:00:00,0.3426,0.3436,0.3415,0.3427,64234598.8
2023-01-03 04:00:00,0.3427,0.3452,0.3419,0.3435,76068109.0
2023-01-03 05:00:00,0.3435,0.348,0.3431,0.3475,84415317.7
2023-01-03 06:00:00,0.3474,0.3518,0.3472,0.349,114837920.1
2023-01-03 07:00:00,0.349,0.35,0.3467,0.3488,73912957.7
2023-01-03 08:00:00,0.3488,0.3494,0.3451,0.3463,75053138.8
2023-01-03 09:00:00,0.3462,0.3479,0.3442,0.3471,80025202.5
2023-01-03 10:00:00,0.347,0.3474,0.3453,0.3457,46831934.8
2023-01-03 11:00:00,0.3457,0.3468,0.3436,0.344,61971297.2
2023-01-03 12:00:00,0.344,0.3454,0.3432,0.3453,52131350.7
2023-01-03 13:00:00,0.3453,0.347,0.3447,0.3453,67058842.3
2023-01-03 14:00:00,0.3452,0.3471,0.342,0.343,112787831.1
2023-01-03 15:00:00,0.343,0.3446,0.34,0.3431,147743111.3
2023-01-03 16:00:00,0.3432,0.3445,0.3411,0.3416,76623537.9
2023-01-03 17:00:00,0.3416,0.3433,0.3413,0.3426,46426931.2
2023-01-03 18:00:00,0.3426,0.3432,0.3412,0.3431,45882368.9
2023-01-03 19:00:00,0.3431,0.3452,0.3423,0.3451,51901625.9
2023-01-03 20:00:00,0.3451,0.3464,0.3448,0.3454,42661844.5
2023-01-03 21:00:00,0.3453,0.3454,0.3442,0.3447,33012841.0
2023-01-03 22:00:00,0.3447,0.345,0.3429,0.3439,36688015.4
2023-01-03 23:00:00,0.3439,0.3448,0.3432,0.3434,33650921.1
2023-01-04 00:00:00,0.3435,0.3441,0.3419,0.3431,53151369.5
2023-01-04 01:00:00,0.343,0.3481,0.3427,0.3459,103416975.0
2023-01-04 02:00:00,0.3458,0.3494,0.3448,0.349,76880650.0
2023-01-04 03:00:00,0.3491,0.3527,0.3479,0.3484,139580217.7
2023-01-04 04:00:00,0.3485,0.3504,0.3471,0.3472,73724692.4
2023-01-04 05:00:00,0.3472,0.3495,0.3469,0.349,41957370.8
2023-01-04 06:00:00,0.3491,0.3492,0.3472,0.3483,54603229.2
2023-01-04 07:00:00,0.3482,0.3497,0.3474,0.3495,50572986.8
2023-01-04 08:00:00,0.3495,0.351,0.3481,0.3492,74031363.8
2023-01-04 09:00:00,0.3493,0.3507,0.3477,0.3503,61413480.2
2023-01-04 10:00:00,0.3502,0.3507,0.3489,0.3489,44714926.8
2023-01-04 11:00:00,0.3489,0.349,0.3473,0.3486,50227771.3
2023-01-04 12:00:00,0.3486,0.3487,0.3474,0.3476,41339761.5
2023-01-04 13:00:00,0.3476,0.3491,0.3474,0.349,31286431.2
2023-01-04 14:00:00,0.349,0.3491,0.3471,0.3478,54449721.4
2023-01-04 15:00:00,0.3478,0.3479,0.341,0.3474,175855237.4
2023-01-04 16:00:00,0.3474,0.3482,0.3462,0.3473,59807125.5
2023-01-04 17:00:00,0.3474,0.3488,0.3463,0.3466,53636454.6
2023-01-04 18:00:00,0.3465,0.3517,0.3456,0.3498,100142403.5
2023-01-04 19:00:00,0.3499,0.3505,0.3434,0.3464,195139024.2
2023-01-04 20:00:00,0.3464,0.3468,0.3435,0.3447,60195879.0
2023-01-04 21:00:00,0.3446,0.3466,0.3444,0.3453,36668420.5
2023-01-04 22:00:00,0.3452,0.3464,0.3443,0.3464,24858400.6
2023-01-04 23:00:00,0.3464,0.3479,0.346,0.347,37658661.6
2023-01-05 00:00:00,0.3469,0.3485,0.3455,0.3457,52141314.9
2023-01-05 01:00:00,0.3456,0.3468,0.3447,0.345,43237405.2
2023-01-05 02:00:00,0.3451,0.3456,0.3437,0.3454,35644140.1
2023-01-05 03:00:00,0.3453,0.3459,0.3447,0.3456,28758188.2
2023-01-05 04:00:00,0.3455,0.3477,0.3453,0.3471,38417010.0
2023-01-05 05:00:00,0.3472,0.3479,0.3466,0.3476,36731385.1
2023-01-05 06:00:00,0.3476,0.3476,0.3444,0.345,51606683.9
2023-01-05 07:00:00,0.3449,0.3454,0.3431,0.3447,52369684.3
2023-01-05 08:00:00,0.3447,0.3453,0.3424,0.344,58727896.0
2023-01-05 09:00:00,0.3441,0.3443,0.3364,0.3398,177910397.7
2023-01-05 10:00:00,0.3399,0.3424,0.3398,0.3421,55193421.5
2023-01-05 11:00:00,0.3421,0.3424,0.3398,0.3416,44724811.3
2023-01-05 12:00:00,0.3415,0.3421,0.3399,0.342,44358882.8
2023-01-05 13:00:00,0.3419,0.342,0.3381,0.3385,98618279.2
2023-01-05 14:00:00,0.3385,0.3412,0.3382,0.3411,81324589.4
2023-01-05 15:00:00,0.3411,0.3422,0.3396,0.3397,67705055.4
2023-01-05 16:00:00,0.3396,0.341,0.3392,0.3398,38738904.5
2023-01-05 17:00:00,0.3398,0.3399,0.3375,0.3378,42221627.0
2023-01-05 18:00:00,0.3379,0.3399,0.3378,0.3397,36578309.0
2023-01-05 19:00:00,0.3397,0.3414,0.3394,0.341,32579272.5
2023-01-05 20:00:00,0.341,0.3416,0.3402,0.3412,24485735.2
2023-01-05 21:00:00,0.3413,0.3417,0.3405,0.3411,20401039.0
2023-01-05 22:00:00,0.3411,0.3411,0.3386,0.3393,33083681.8
2023-01-05 23:00:00,0.3392,0.3401,0.3321,0.3377,129591173.2
2023-01-06 00:00:00,0.3377,0.3407,0.3369,0.3402,64950066.6
2023-01-06 01:00:00,0.3402,0.3403,0.337,0.337,42707864.1
2023-01-06 02:00:00,0.337,0.3385,0.3354,0.3385,47750997.2
2023-01-06 03:00:00,0.3384,0.3393,0.3375,0.339,27092444.5
2023-01-06 04:00:00,0.339,0.339,0.3357,0.3362,66735747.4
2023-01-06 05:00:00,0.3362,0.3367,0.3345,0.3362,67883266.1
2023-01-06 06:00:00,0.3363,0.3363,0.3309,0.3333,128932172.9
2023-01-06 07:00:00,0.3333,0.3355,0.3331,0.3349,84906047.5
2023-01-06 08:00:00,0.3349,0.3359,0.3345,0.3357,29331926.6
2023-01-06 09:00:00,0.3357,0.336,0.3337,0.3357,53125352.4
2023-01-06 10:00:00,0.3358,0.3367,0.3348,0.3353,28999895.6
2023-01-06 11:00:00,0.3352,0.3361,0.3337,0.3344,72935572.6
2023-01-06 12:00:00,0.3344,0.3358,0.3338,0.3347,39138137.7
2023-01-06 13:00:00,0.3346,0.3381,0.333,0.3364,160127205.8
2023-01-06 14:00:00,0.3365,0.3372,0.3345,0.3359,70431004.2
2023-01-06 15:00:00,0.336,0.3379,0.3351,0.3378,63821069.6
2023-01-06 16:00:00,0.3379,0.3382,0.336,0.337,48536846.2
2023-01-06 17:00:00,0.337,0.3376,0.3365,0.3372,24415953.2
2023-01-06 18:00:00,0.3371,0.3406,0.3371,0.3399,65510177.2
2023-01-06 19:00:00,0.3399,0.3424,0.339,0.3417,60794457.5
2023-01-06 20:00:00,0.3417,0.3428,0.3401,0.3403,61327450.1
2023-01-06 21:00:00,0.3404,0.3419,0.3403,0.3414,26813771.9
2023-01-06 22:00:00,0.3415,0.3459,0.3412,0.3456,45187397.4
2023-01-06 23:00:00,0.3456,0.3457,0.3436,0.344,50151996.8
2023-01-07 00:00:00,0.344,0.3446,0.3425,0.3443,44924005.4
2023-01-07 01:00:00,0.3444,0.345,0.3435,0.3445,31862079.8
2023-01-07 02:00:00,0.3445,0.3453,0.3429,0.3433,27242639.4
2023-01-07 03:00:00,0.3433,0.3437,0.3423,0.3425,27522360.2
2023-01-07 04:00:00,0.3425,0.3432,0.3422,0.3428,19332641.8
2023-01-07 05:00:00,0.3427,0.3435,0.3424,0.3426,20105886.9
2023-01-07 06:00:00,0.3426,0.3427,0.341,0.3417,27396426.3
2023-01-07 07:00:00,0.3418,0.3426,0.3417,0.3424,18117300.3
2023-01-07 08:00:00,0.3424,0.3426,0.3416,0.3419,18106236.9
2023-01-07 09:00:00,0.3419,0.3429,0.3417,0.3425,17874877.7
2023-01-07 10:00:00,0.3424,0.3429,0.3422,0.3429,12131029.5
2023-01-07 11:00:00,0.3428,0.3432,0.3425,0.3425,16909613.2
2023-01-07 12:00:00,0.3425,0.3429,0.3419,0.3426,21731273.8
2023-01-07 13:00:00,0.3426,0.3441,0.3423,0.3432,36447816.6
2023-01-07 14:00:00,0.3432,0.3454,0.3429,0.3446,54544973.0
2023-01-07 15:00:00,0.3445,0.3449,0.3438,0.3446,25259935.7
2023-01-07 16:00:00,0.3446,0.3455,0.3423,0.3433,48168612.0
2023-01-07 17:00:00,0.3432,0.3434,0.3425,0.3431,16641528.1
2023-01-07 18:00:00,0.3431,0.3454,0.3425,0.3453,51748715.3
2023-01-07 19:00:00,0.3453,0.3454,0.3443,0.3448,19247846.2
2023-01-07 20:00:00,0.3447,0.3451,0.3437,0.3444,17141810.0
2023-01-07 21:00:00,0.3445,0.3447,0.3433,0.3435,20897456.2
2023-01-07 22:00:00,0.3435,0.3438,0.3427,0.3436,17696816.2
2023-01-07 23:00:00,0.3436,0.3444,0.3429,0.3441,16477079.5
2023-01-08 00:00:00,0.3442,0.3449,0.3332,0.3406,170232295.8
2023-01-08 01:00:00,0.3406,0.3411,0.3391,0.3402,57095751.4
2023-01-08 02:00:00,0.3402,0.3412,0.3396,0.3406,22956537.6
2023-01-08 03:00:00,0.3405,0.3417,0.3401,0.3412,26234603.9
2023-01-08 04:00:00,0.3412,0.3413,0.3398,0.3399,15691222.1
2023-01-08 05:00:00,0.3398,0.3408,0.3395,0.3406,19653104.8
2023-01-08 06:00:00,0.3407,0.3408,0.3396,0.3407,17288596.4
2023-01-08 07:00:00,0.3407,0.3408,0.3398,0.34,17322216.4
2023-01-08 08:00:00,0.3399,0.3405,0.3397,0.3399,19836035.0
2023-01-08 09:00:00,0.34,0.3417,0.3396,0.34,53686334.1
2023-01-08 10:00:00,0.3399,0.3404,0.3395,0.3399,21995451.8
2023-01-08 11:00:00,0.34,0.3402,0.3375,0.3386,46449318.7
2023-01-08 12:00:00,0.3386,0.3394,0.3385,0.3391,27865035.0
2023-01-08 13:00:00,0.3391,0.3397,0.3387,0.3391,17116325.4
2023-01-08 14:00:00,0.339,0.3412,0.3389,0.3409,42223452.3
2023-01-08 15:00:00,0.3408,0.3432,0.3401,0.3428,57052227.4
2023-01-08 16:00:00,0.3427,0.3435,0.3387,0.34,82333834.8
2023-01-08 17:00:00,0.3399,0.3403,0.3388,0.3392,27549079.5
2023-01-08 18:00:00,0.3391,0.3399,0.3384,0.3396,24928582.2
2023-01-08 19:00:00,0.3397,0.3405,0.3392,0.3399,22337223.8
2023-01-08 20:00:00,0.34,0.3426,0.3398,0.3412,73807830.1
2023-01-08 21:00:00,0.3413,0.3417,0.3403,0.3405,28972759.7
2023-01-08 22:00:00,0.3405,0.3425,0.3402,0.3418,28390020.5
2023-01-08 23:00:00,0.3419,0.3472,0.3419,0.3451,155006279.2
2023-01-09 00:00:00,0.345,0.3469,0.3436,0.3468,161359456.0
2023-01-09 01:00:00,0.3468,0.3513,0.3464,0.3502,181524262.8
2023-01-09 02:00:00,0.3502,0.3534,0.3474,0.3505,190498195.8
2023-01-09 03:00:00,0.3505,0.3524,0.3487,0.3514,74970123.0
2023-01-09 04:00:00,0.3514,0.3545,0.3511,0.3517,110814715.6
2023-01-09 05:00:00,0.3518,0.3528,0.3507,0.3516,63228252.5
2023-01-09 06:00:00,0.3517,0.3519,0.3478,0.3482,103076974.4
2023-01-09 07:00:00,0.3481,0.3499,0.3471,0.3489,77079437.2
2023-01-09 08:00:00,0.3488,0.3509,0.348,0.3495,55278978.9
2023-01-09 09:00:00,0.3494,0.351,0.3486,0.3498,66025156.2
2023-01-09 10:00:00,0.3498,0.3525,0.3482,0.3514,108642305.3
2023-01-09 11:00:00,0.3514,0.3522,0.3501,0.3503,72947614.8
2023-01-09 12:00:00,0.3503,0.3535,0.3495,0.3529,107787322.7
2023-01-09 13:00:00,0.3529,0.3548,0.3417,0.3488,241924760.2
2023-01-09 14:00:00,0.3488,0.3538,0.3478,0.3532,164826720.2
2023-01-09 15:00:00,0.3533,0.357,0.3514,0.3552,173442056.7
2023-01-09 16:00:00,0.3552,0.3567,0.3533,0.3552,127231926.2
2023-01-09 17:00:00,0.3553,0.3567,0.3535,0.3553,106936583.8
2023-01-09 18:00:00,0.3554,0.3564,0.3507,0.354,132477219.0
2023-01-09 19:00:00,0.354,0.3576,0.3523,0.3553,116616927.1
2023-01-09 20:00:00,0.3552,0.3565,0.3476,0.3501,223894013.3
2023-01-09 21:00:00,0.3501,0.3512,0.3463,0.3474,96161318.3
2023-01-09 22:00:00,0.3474,0.3501,0.3471,0.3497,42898750.3
2023-01-09 23:00:00,0.3498,0.3498,0.3461,0.3486,79089610.7
2023-01-10 00:00:00,0.3486,0.352,0.3486,0.3519,55767956.1
2023-01-10 01:00:00,0.3518,0.3522,0.3483,0.3488,62121775.8
2023-01-10 02:00:00,0.3487,0.3498,0.343,0.3459,129284204.5
2023-01-10 03:00:00,0.3459,0.3488,0.3452,0.3486,50379899.1
2023-01-10 04:00:00,0.3486,0.3491,0.3464,0.3482,54582479.4
2023-01-10 05:00:00,0.3482,0.3496,0.3469,0.3494,43773121.4
2023-01-10 06:00:00,0.3494,0.3496,0.3474,0.3481,43554966.5
2023-01-10 07:00:00,0.3482,0.3492,0.3465,0.3471,56159042.7
2023-01-10 08:00:00,0.3472,0.3495,0.3469,0.3493,48095166.7
2023-01-10 09:00:00,0.3493,0.3495,0.3477,0.3487,45955599.6
2023-01-10 10:00:00,0.3487,0.3505,0.3485,0.3499,44525880.4
2023-01-10 11:00:00,0.3499,0.3506,0.3485,0.349,42911603.9
2023-01-10 12:00:00,0.3489,0.3492,0.3466,0.3469,62574623.7
2023-01-10 13:00:00,0.3468,0.3484,0.3463,0.3481,46844810.9
2023-01-10 14:00:00,0.348,0.3502,0.3468,0.3497,108652545.8
2023-01-10 15:00:00,0.3496,0.3508,0.3481,0.3499,78879052.3
2023-01-10 16:00:00,0.35,0.3502,0.3481,0.3484,49673071.9
2023-01-10 17:00:00,0.3485,0.3502,0.3479,0.3498,37178579.1
2023-01-10 18:00:00,0.3499,0.3523,0.3498,0.352,55507193.0
2023-01-10 19:00:00,0.3521,0.3534,0.3516,0.3531,42786093.7
2023-01-10 20:00:00,0.3532,0.3539,0.3518,0.3537,60423442.0
2023-01-10 21:00:00,0.3538,0.3539,0.3519,0.3521,39768990.2
2023-01-10 22:00:00,0.3522,0.3526,0.3506,0.3511,36831572.8
2023-01-10 23:00:00,0.351,0.3526,0.3503,0.3507,49570638.0
2023-01-11 00:00:00,0.3508,0.3516,0.3496,0.3506,47108034.2
2023-01-11 01:00:00,0.3505,0.3515,0.3488,0.3492,39067798.4
2023-01-11 02:00:00,0.3492,0.3497,0.3476,0.3482,56550277.9
2023-01-11 03:00:00,0.3481,0.3494,0.3475,0.3492,45117648.0
2023-01-11 04:00:00,0.3492,0.3673,0.3489,0.3656,302777531.0
2023-01-11 05:00:00,0.3656,0.3679,0.3608,0.3629,281573699.3
2023-01-11 06:00:00,0.3628,0.3632,0.3566,0.3579,225555998.0
2023-01-11 07:00:00,0.3579,0.3623,0.3576,0.3618,108887931.2
2023-01-11 08:00:00,0.3619,0.3644,0.3594,0.3615,163000214.0
2023-01-11 09:00:00,0.3615,0.3662,0.3615,0.3632,167914718.1
2023-01-11 10:00:00,0.3632,0.3645,0.3622,0.3639,89095873.6
2023-01-11 11:00:00,0.3639,0.364,0.361,0.3617,95897007.8
2023-01-11 12:00:00,0.3618,0.3642,0.3608,0.3637,88357608.0
2023-01-11 13:00:00,0.3638,0.3683,0.3624,0.3662,227430042.8
2023-01-11 14:00:00,0.3663,0.3749,0.3641,0.3722,487385272.2
2023-01-11 15:00:00,0.3722,0.375,0.367,0.3694,341221449.6
2023-01-11 16:00:00,0.3693,0.3735,0.3672,0.3699,251316387.1
2023-01-11 17:00:00,0.37,0.3728,0.3693,0.37,133605976.7
2023-01-11 18:00:00,0.3701,0.3727,0.3683,0.3724,201918842.9
2023-01-11 19:00:00,0.3725,0.3788,0.3705,0.3717,268396856.3
2023-01-11 20:00:00,0.3717,0.3733,0.3699,0.3721,115255072.9
2023-01-11 21:00:00,0.3722,0.3731,0.3697,0.3699,64654076.3
2023-01-11 22:00:00,0.37,0.3728,0.3682,0.3716,71899569.6
2023-01-11 23:00:00,0.3716,0.3752,0.3701,0.3727,174298467.5
2023-01-12 00:00:00,0.3727,0.3759,0.3703,0.3747,239483938.8
2023-01-12 01:00:00,0.3747,0.3748,0.3707,0.3716,95406984.5
2023-01-12 02:00:00,0.3715,0.3744,0.3704,0.3739,84922249.0
2023-01-12 03:00:00,0.374,0.3819,0.3738,0.3763,197340653.9
2023-01-12 04:00:00,0.3763,0.3783,0.3763,0.3768,57363779.5
2023-01-12 05:00:00,0.3768,0.3786,0.373,0.3742,102600648.4
2023-01-12 06:00:00,0.3742,0.375,0.371,0.3723,91312397.5
2023-01-12 07:00:00,0.3724,0.3736,0.3717,0.3733,44362755.4
2023-01-12 08:00:00,0.3733,0.374,0.3717,0.3738,54479312.7
2023-01-12 09:00:00,0.3738,0.3743,0.3717,0.3723,47856356.5
2023-01-12 10:00:00,0.3723,0.3723,0.369,0.3705,101788581.2
2023-01-12 11:00:00,0.3706,0.3706,0.368,0.3689,74485925.8
2023-01-12 12:00:00,0.3689,0.3707,0.3682,0.3699,63714213.8
2023-01-12 13:00:00,0.3698,0.3734,0.357,0.3727,382553196.2
2023-01-12 14:00:00,0.3728,0.3745,0.3633,0.3667,257451677.1
2023-01-12 15:00:00,0.3667,0.3688,0.366,0.3671,95806046.7
2023-01-12 16:00:00,0.3671,0.3684,0.3663,0.3673,58509187.9
2023-01-12 17:00:00,0.3674,0.3756,0.3668,0.375,183333030.1
2023-01-12 18:00:00,0.375,0.3764,0.3727,0.3755,149859466.3
2023-01-12 19:00:00,0.3754,0.3786,0.3739,0.3749,107662541.7
2023-01-12 20:00:00,0.3748,0.377,0.3742,0.3764,92546485.1
2023-01-12 21:00:00,0.3763,0.3775,0.3736,0.3765,95594095.7
2023-01-12 22:00:00,0.3764,0.3773,0.3745,0.3755,42797942.7
2023-01-12 23:00:00,0.3755,0.3759,0.3743,0.3746,43513728.4
2023-01-13 00:00:00,0.3746,0.3756,0.3714,0.3731,97900862.8
2023-01-13 01:00:00,0.3731,0.374,0.3703,0.3718,58442769.9
2023-01-13 02:00:00,0.3719,0.3749,0.3714,0.3748,44336198.9
2023-01-13 03:00:00,0.3749,0.3788,0.3746,0.3786,79542011.2
2023-01-13 04:00:00,0.3786,0.38,0.3774,0.3779,75099260.5
2023-01-13 05:00:00,0.3778,0.3787,0.3758,0.3763,51461216.1
2023-01-13 06:00:00,0.3763,0.3772,0.3751,0.3767,60782533.9
2023-01-13 07:00:00,0.3768,0.3773,0.375,0.3763,39494663.1
2023-01-13 08:00:00,0.3764,0.3768,0.3739,0.3749,64068097.5
2023-01-13 09:00:00,0.375,0.3776,0.3749,0.3769,75137364.1
2023-01-13 10:00:00,0.3769,0.3779,0.3746,0.3765,85726141.4
2023-01-13 11:00:00,0.3765,0.3766,0.3733,0.3743,78670823.8
2023-01-13 12:00:00,0.3743,0.3748,0.371,0.3722,69277436.2
2023-01-13 13:00:00,0.3722,0.3725,0.3673,0.3708,133108453.5
2023-01-13 14:00:00,0.3708,0.3727,0.3698,0.3717,85225498.5
2023-01-13 15:00:00,0.3717,0.3746,0.3716,0.3738,109281468.6
2023-01-13 16:00:00,0.3738,0.3739,0.37,0.3713,92577207.5
2023-01-13 17:00:00,0.3714,0.3745,0.3711,0.3733,66856554.2
2023-01-13 18:00:00,0.3733,0.3755,0.3728,0.3744,60305978.1
2023-01-13 19:00:00,0.3743,0.3768,0.3733,0.3763,53670287.9
2023-01-13 20:00:00,0.3763,0.379,0.3753,0.3785,84451818.7
2023-01-13 21:00:00,0.3785,0.3865,0.3772,0.3842,226458070.0
2023-01-13 22:00:00,0.3842,0.3867,0.3816,0.3833,136848522.5
2023-01-13 23:00:00,0.3834,0.3862,0.3829,0.3856,87318070.0
2023-01-14 00:00:00,0.3856,0.4026,0.3849,0.3934,434299792.4
2023-01-14 01:00:00,0.3935,0.4066,0.3927,0.4035,357895001.4
2023-01-14 02:00:00,0.4035,0.4065,0.401,0.4034,205307338.2
2023-01-14 03:00:00,0.4034,0.4051,0.3995,0.4014,107463046.2
2023-01-14 04:00:00,0.4014,0.403,0.4005,0.4009,62886843.0
2023-01-14 05:00:00,0.4009,0.4024,0.3982,0.4023,82015833.4
2023-01-14 06:00:00,0.4023,0.4081,0.4014,0.4076,139149238.3
2023-01-14 07:00:00,0.4076,0.4085,0.403,0.4047,114429359.3
2023-01-14 08:00:00,0.4046,0.4094,0.4036,0.4079,108975690.4
2023-01-14 09:00:00,0.4078,0.408,0.3749,0.3905,539464896.2
2023-01-14 10:00:00,0.3905,0.3924,0.3839,0.3919,166245442.2
2023-01-14 11:00:00,0.3918,0.3949,0.3906,0.3925,101717209.3
2023-01-14 12:00:00,0.3924,0.3956,0.39,0.3941,94639070.8
2023-01-14 13:00:00,0.3942,0.3963,0.3915,0.3944,73600308.1
2023-01-14 14:00:00,0.3944,0.3977,0.386,0.3918,188245711.5
2023-01-14 15:00:00,0.3918,0.3949,0.3891,0.394,102756910.9
2023-01-14 16:00:00,0.3941,0.3959,0.3924,0.3931,67449580.1
2023-01-14 17:00:00,0.3931,0.3943,0.3901,0.3915,51473042.0
2023-01-14 18:00:00,0.3914,0.3934,0.3905,0.3929,37485213.4
2023-01-14 19:00:00,0.393,0.3945,0.391,0.3922,36004049.4
2023-01-14 20:00:00,0.3923,0.3934,0.3912,0.3931,26002098.1
2023-01-14 21:00:00,0.393,0.3934,0.3909,0.3917,33234336.9
2023-01-14 22:00:00,0.3917,0.3956,0.3913,0.3946,27827399.1
2023-01-14 23:00:00,0.3946,0.3969,0.3932,0.3952,77250339.3
2023-01-15 00:00:00,0.3952,0.397,0.384,0.3896,215238359.1
2023-01-15 01:00:00,0.3897,0.3908,0.3855,0.3897,79020777.1
2023-01-15 02:00:00,0.3898,0.3908,0.3866,0.3871,53311550.2
2023-01-15 03:00:00,0.387,0.3905,0.3855,0.3901,54868140.6
2023-01-15 04:00:00,0.3901,0.3905,0.3885,0.3894,33981461.2
2023-01-15 05:00:00,0.3894,0.39,0.3881,0.3887,22519011.0
2023-01-15 06:00:00,0.3888,0.389,0.387,0.3873,24605318.4
2023-01-15 07:00:00,0.3872,0.388,0.3851,0.3879,43051808.6
2023-01-15 08:00:00,0.3878,0.388,0.379,0.3815,109537957.7
2023-01-15 09:00:00,0.3814,0.3843,0.3811,0.3842,59058386.3
2023-01-15 10:00:00,0.3843,0.3844,0.3828,0.3843,38048771.2
2023-01-15 11:00:00,0.3842,0.3842,0.3826,0.384,36074959.5
2023-01-15 12:00:00,0.3839,0.3852,0.3795,0.3806,61518600.7
2023-01-15 13:00:00,0.3807,0.3844,0.3802,0.3816,65048467.4
2023-01-15 14:00:00,0.3816,0.3858,0.3811,0.3856,55371784.3
2023-01-15 15:00:00,0.3856,0.389,0.385,0.3884,81121404.2
2023-01-15 16:00:00,0.3883,0.3888,0.3853,0.3864,68288690.1
2023-01-15 17:00:00,0.3865,0.39,0.3849,0.3864,76913726.1
2023-01-15 18:00:00,0.3864,0.3873,0.3827,0.3864,99561287.0
2023-01-15 19:00:00,0.3863,0.3867,0.3845,0.3854,36056289.2
2023-01-15 20:00:00,0.3854,0.3872,0.3839,0.3872,42856713.8
2023-01-15 21:00:00,0.3871,0.3873,0.3852,0.3857,29598954.0
2023-01-15 22:00:00,0.3857,0.3863,0.3822,0.3856,49247087.0
2023-01-15 23:00:00,0.3856,0.3859,0.3835,0.3845,52760219.2
2023-01-16 00:00:00,0.3845,0.3896,0.384,0.3873,127003296.6
2023-01-16 01:00:00,0.3872,0.3909,0.3863,0.3898,113691444.3
2023-01-16 02:00:00,0.3898,0.3946,0.3886,0.3945,115983359.5
2023-01-16 03:00:00,0.3946,0.4055,0.3915,0.4053,213757563.8
2023-01-16 04:00:00,0.4052,0.4062,0.4004,0.4019,149746617.9
2023-01-16 05:00:00,0.402,0.4038,0.4006,0.4031,74395639.5
2023-01-16 06:00:00,0.4031,0.4035,0.3957,0.3976,117144232.6
2023-01-16 07:00:00,0.3975,0.398,0.3926,0.3933,90278645.3
2023-01-16 08:00:00,0.3934,0.3934,0.3752,0.3837,284779603.0
2023-01-16 09:00:00,0.3837,0.3876,0.3834,0.3856,81703867.9
2023-01-16 10:00:00,0.3855,0.388,0.3851,0.3859,66977630.5
2023-01-16 11:00:00,0.3859,0.3862,0.3842,0.3848,48287399.9
2023-01-16 12:00:00,0.3849,0.3865,0.3844,0.3848,48695281.8
2023-01-16 13:00:00,0.3849,0.387,0.3832,0.385,62830522.2
2023-01-16 14:00:00,0.385,0.3868,0.3828,0.3849,65481090.8
2023-01-16 15:00:00,0.385,0.386,0.3777,0.3856,201386263.1
2023-01-16 16:00:00,0.3855,0.3872,0.3848,0.3869,55737243.8
2023-01-16 17:00:00,0.3869,0.3894,0.3863,0.389,58893351.3
2023-01-16 18:00:00,0.3889,0.3906,0.3875,0.3902,86483901.7
2023-01-16 19:00:00,0.3902,0.3927,0.3897,0.3922,97424420.1
2023-01-16 20:00:00,0.3922,0.3941,0.3902,0.3908,63729438.0
2023-01-16 21:00:00,0.3908,0.3909,0.3859,0.3881,88136172.1
2023-01-16 22:00:00,0.3881,0.3894,0.3867,0.3872,29833615.6
2023-01-16 23:00:00,0.3871,0.3874,0.3838,0.3854,67298540.6
2023-01-17 00:00:00,0.3854,0.3888,0.383,0.3848,117967622.8
2023-01-17 01:00:00,0.3847,0.3858,0.378,0.3803,114563513.0
2023-01-17 02:00:00,0.3803,0.3822,0.3791,0.3819,48147370.2
2023-01-17 03:00:00,0.3819,0.3833,0.3812,0.3833,32018742.4
2023-01-17 04:00:00,0.3832,0.3857,0.3828,0.385,42851607.2
2023-01-17 05:00:00,0.385,0.3874,0.3847,0.3873,33951113.2
2023-01-17 06:00:00,0.3873,0.3892,0.3862,0.3866,59134758.3
2023-01-17 07:00:00,0.3866,0.3898,0.3864,0.3895,47972324.1
2023-01-17 08:00:00,0.3896,0.3909,0.3879,0.3905,42202366.7
2023-01-17 09:00:00,0.3906,0.3916,0.3874,0.3882,63176701.0
2023-01-17 10:00:00,0.3883,0.3887,0.3861,0.3863,41312211.3
2023-01-17 11:00:00,0.3863,0.3884,0.385,0.3881,58364372.0
2023-01-17 12:00:00,0.388,0.3902,0.3866,0.3879,69189338.3
2023-01-17 13:00:00,0.3878,0.3888,0.3861,0.3877,49449896.8
2023-01-17 14:00:00,0.3878,0.3919,0.3835,0.3878,213642870.9
2023-01-17 15:00:00,0.3878,0.3896,0.3845,0.3869,101552803.6
2023-01-17 16:00:00,0.387,0.389,0.3847,0.3882,61449346.1
2023-01-17 17:00:00,0.3882,0.3892,0.3858,0.3886,44545322.1
2023-01-17 18:00:00,0.3887,0.3933,0.3881,0.3921,52244124.3
2023-01-17 19:00:00,0.3922,0.3953,0.3916,0.3927,79577030.0
2023-01-17 20:00:00,0.3927,0.3987,0.3924,0.3943,113089463.7
2023-01-17 21:00:00,0.3943,0.3945,0.3901,0.3909,67706423.3
2023-01-17 22:00:00,0.3909,0.392,0.3886,0.3888,35049800.2
2023-01-17 23:00:00,0.3888,0.39,0.3863,0.3868,80868468.9
2023-01-18 00:00:00,0.3868,0.3889,0.3862,0.3872,60860735.1
2023-01-18 01:00:00,0.3873,0.3896,0.385,0.3863,77537277.2
2023-01-18 02:00:00,0.3863,0.3907,0.3852,0.3901,76979466.6
2023-01-18 03:00:00,0.3901,0.3928,0.3871,0.3874,76416622.8
2023-01-18 04:00:00,0.3873,0.3887,0.3861,0.387,48254764.1
2023-01-18 05:00:00,0.3871,0.3882,0.3864,0.388,27952479.7
2023-01-18 06:00:00,0.3879,0.3892,0.3868,0.3873,39304929.0
2023-01-18 07:00:00,0.3873,0.389,0.3869,0.3889,42843571.5
2023-01-18 08:00:00,0.3888,0.3903,0.384,0.3865,116521758.8
2023-01-18 09:00:00,0.3865,0.3885,0.3846,0.3882,60491829.7
2023-01-18 10:00:00,0.3881,0.3892,0.3875,0.3882,33767050.2
2023-01-18 11:00:00,0.3882,0.3918,0.3879,0.3891,56060831.5
2023-01-18 12:00:00,0.3891,0.3915,0.3884,0.3906,39558170.5
2023-01-18 13:00:00,0.3906,0.3936,0.3891,0.3918,132438089.5
2023-01-18 14:00:00,0.3919,0.3964,0.3914,0.3931,131809384.6
2023-01-18 15:00:00,0.3932,0.3952,0.368,0.3813,279545555.8
2023-01-18 16:00:00,0.3813,0.3813,0.3635,0.3756,474133962.4
2023-01-18 17:00:00,0.3757,0.3817,0.3725,0.378,228420242.1
2023-01-18 18:00:00,0.3781,0.3835,0.3777,0.3824,99970920.3
2023-01-18 19:00:00,0.3824,0.3915,0.3808,0.3897,132824778.4
2023-01-18 20:00:00,0.3897,0.3902,0.3818,0.3855,149592087.2
2023-01-18 21:00:00,0.3856,0.3869,0.3835,0.3851,82449700.4
2023-01-18 22:00:00,0.3851,0.3853,0.377,0.3817,86724185.5
2023-01-18 23:00:00,0.3818,0.3818,0.3765,0.378,86920825.4
2023-01-19 00:00:00,0.3779,0.3813,0.3777,0.3785,66301873.0
2023-01-19 01:00:00,0.3786,0.3811,0.377,0.3782,52839180.3
2023-01-19 02:00:00,0.3782,0.3797,0.3761,0.3771,39594396.1
2023-01-19 03:00:00,0.3772,0.3801,0.3768,0.3786,40438778.0
2023-01-19 04:00:00,0.3786,0.3815,0.3785,0.3811,31935151.6
2023-01-19 05:00:00,0.3812,0.3836,0.3809,0.3836,38225923.7
2023-01-19 06:00:00,0.3835,0.3845,0.3825,0.3834,38171443.2
2023-01-19 07:00:00,0.3834,0.3848,0.3827,0.3839,29747825.2
2023-01-19 08:00:00,0.3839,0.3857,0.3829,0.3847,52453027.2
2023-01-19 09:00:00,0.3847,0.387,0.3822,0.3862,62515844.1
2023-01-19 10:00:00,0.3862,0.3895,0.3857,0.3895,78877162.7
2023-01-19 11:00:00,0.3895,0.3895,0.3829,0.3844,89201978.9
2023-01-19 12:00:00,0.3844,0.3901,0.3843,0.3897,100347494.2
2023-01-19 13:00:00,0.3896,0.396,0.3837,0.3909,284647508.4
2023-01-19 14:00:00,0.3909,0.3915,0.3815,0.3867,229497709.3
2023-01-19 15:00:00,0.3867,0.3908,0.3855,0.3906,105576056.2
2023-01-19 16:00:00,0.3905,0.3918,0.3888,0.3897,71302124.9
2023-01-19 17:00:00,0.3898,0.3954,0.3894,0.3921,162114545.8
2023-01-19 18:00:00,0.3921,0.3967,0.3884,0.3903,128208223.2
2023-01-19 19:00:00,0.3902,0.3946,0.3898,0.3935,60544514.2
2023-01-19 20:00:00,0.3935,0.3957,0.3925,0.3951,61082479.8
2023-01-19 21:00:00,0.395,0.3957,0.3909,0.3919,56979002.4
2023-01-19 22:00:00,0.3919,0.3939,0.3917,0.3931,32003400.0
2023-01-19 23:00:00,0.3931,0.3943,0.3924,0.3927,32547209.0
2023-01-20 00:00:00,0.3927,0.3935,0.3893,0.39,65892442.3
2023-01-20 01:00:00,0.39,0.3924,0.3891,0.3907,34700750.8
2023-01-20 02:00:00,0.3907,0.3922,0.3895,0.3902,36076946.1
2023-01-20 03:00:00,0.3902,0.3921,0.3901,0.3904,26813882.2
2023-01-20 04:00:00,0.3904,0.3918,0.3863,0.3866,64804722.2
2023-01-20 05:00:00,0.3867,0.3889,0.3858,0.3878,45813080.5
2023-01-20 06:00:00,0.3878,0.3881,0.3859,0.3877,38490322.5
2023-01-20 07:00:00,0.3877,0.3892,0.3873,0.388,29950283.5
2023-01-20 08:00:00,0.3881,0.3908,0.3875,0.3907,43905941.0
2023-01-20 09:00:00,0.3906,0.3916,0.39,0.3903,39288343.0
2023-01-20 10:00:00,0.3904,0.3933,0.3901,0.3922,45229312.6
2023-01-20 11:00:00,0.3922,0.3928,0.3906,0.3909,35090311.5
2023-01-20 12:00:00,0.3909,0.3932,0.3909,0.3926,44470538.2
2023-01-20 13:00:00,0.3925,0.3936,0.391,0.3916,52005813.8
2023-01-20 14:00:00,0.3916,0.3927,0.3892,0.3918,67460110.1
2023-01-20 15:00:00,0.3918,0.3941,0.3917,0.3927,62734430.8
2023-01-20 16:00:00,0.3927,0.398,0.3926,0.397,108347140.4
2023-01-20 17:00:00,0.397,0.3985,0.3947,0.3962,81987110.4
2023-01-20 18:00:00,0.3962,0.398,0.3952,0.3977,55727621.2
2023-01-20 19:00:00,0.3976,0.4029,0.3971,0.4022,115738857.3
2023-01-20 20:00:00,0.4022,0.4076,0.4018,0.4059,272643025.7
2023-01-20 21:00:00,0.4058,0.4141,0.4038,0.41,196753317.0
2023-01-20 22:00:00,0.4099,0.4123,0.4084,0.4095,99685183.5
2023-01-20 23:00:00,0.4096,0.4134,0.4096,0.4125,78562289.8
2023-01-21 00:00:00,0.4125,0.4143,0.4069,0.4082,173498400.6
2023-01-21 01:00:00,0.4083,0.4112,0.4082,0.4102,45824942.3
2023-01-21 02:00:00,0.4102,0.4119,0.4087,0.4093,46080762.8
2023-01-21 03:00:00,0.4093,0.4106,0.4054,0.4102,62999725.9
2023-01-21 04:00:00,0.4102,0.4116,0.4097,0.4099,29760389.3
2023-01-21 05:00:00,0.41,0.4112,0.4083,0.4084,32612538.7
2023-01-21 06:00:00,0.4085,0.411,0.4077,0.4102,38279387.4
2023-01-21 07:00:00,0.4103,0.4114,0.4087,0.4103,39550248.2
2023-01-21 08:00:00,0.4103,0.4125,0.4083,0.4091,72622341.0
2023-01-21 09:00:00,0.4091,0.416,0.4077,0.4137,97428779.8
2023-01-21 10:00:00,0.4136,0.4165,0.393,0.4081,336756061.0
2023-01-21 11:00:00,0.4082,0.41,0.4046,0.4088,81738766.6
2023-01-21 12:00:00,0.4088,0.4117,0.4086,0.4113,58901398.7
2023-01-21 13:00:00,0.4112,0.4114,0.4074,0.4092,58255274.7
2023-01-21 14:00:00,0.4093,0.4103,0.408,0.409,35334282.3
2023-01-21 15:00:00,0.409,0.4134,0.4055,0.4085,115211882.0
2023-01-21 16:00:00,0.4084,0.4119,0.4078,0.4105,71439555.6
2023-01-21 17:00:00,0.4105,0.412,0.4084,0.4105,59292192.7
2023-01-21 18:00:00,0.4104,0.4125,0.4082,0.4121,42515335.9
2023-01-21 19:00:00,0.4121,0.4148,0.4114,0.4133,51563387.0
2023-01-21 20:00:00,0.4133,0.414,0.4102,0.4109,48472596.4
2023-01-21 21:00:00,0.4109,0.4121,0.41,0.4115,25289567.8
2023-01-21 22:00:00,0.4114,0.4118,0.402,0.4031,42572584.6
2023-01-21 23:00:00,0.4031,0.4084,0.4013,0.4032,108616310.1
2023-01-22 00:00:00,0.4032,0.4062,0.4021,0.4051,44746733.7
2023-01-22 01:00:00,0.4052,0.4059,0.4025,0.4042,37979429.0
2023-01-22 02:00:00,0.4042,0.4047,0.3991,0.4018,55920714.5
2023-01-22 03:00:00,0.4018,0.4046,0.4017,0.4045,26189769.9
2023-01-22 04:00:00,0.4044,0.4059,0.4038,0.4059,25528649.3
2023-01-22 05:00:00,0.4059,0.4065,0.405,0.4063,21884165.1
2023-01-22 06:00:00,0.4064,0.4082,0.4058,0.4067,21400366.5
2023-01-22 07:00:00,0.4067,0.4076,0.4045,0.4046,30819262.9
2023-01-22 08:00:00,0.4047,0.4059,0.4029,0.4051,35369213.2
2023-01-22 09:00:00,0.4051,0.4052,0.403,0.4034,22180654.0
2023-01-22 10:00:00,0.4034,0.405,0.4029,0.4043,23705613.7
2023-01-22 11:00:00,0.4043,0.4051,0.4026,0.4041,42902073.3
2023-01-22 12:00:00,0.4042,0.4066,0.4025,0.4066,47572271.4
2023-01-22 13:00:00,0.4065,0.4086,0.4057,0.4067,51485022.4
2023-01-22 14:00:00,0.4067,0.4084,0.4055,0.4082,52316151.0
2023-01-22 15:00:00,0.4082,0.4099,0.4008,0.4055,132352800.6
2023-01-22 16:00:00,0.4054,0.4086,0.404,0.4074,84682333.3
2023-01-22 17:00:00,0.4073,0.4123,0.4065,0.409,104027515.4
2023-01-22 18:00:00,0.4091,0.4099,0.4073,0.4076,47192149.2
2023-01-22 19:00:00,0.4076,0.4077,0.4021,0.4048,50283228.4
2023-01-22 20:00:00,0.4048,0.405,0.3955,0.3979,183249939.5
2023-01-22 21:00:00,0.3979,0.4,0.3962,0.3995,73245060.5
2023-01-22 22:00:00,0.3995,0.4004,0.3972,0.4,29185090.9
2023-01-22 23:00:00,0.3999,0.4011,0.399,0.4002,34622624.3
2023-01-23 00:00:00,0.4003,0.4038,0.3993,0.4033,58439977.3
2023-01-23 01:00:00,0.4033,0.4125,0.4031,0.4065,151000320.7
2023-01-23 02:00:00,0.4065,0.41,0.4062,0.4087,42169963.4
2023-01-23 03:00:00,0.4088,0.41,0.405,0.4051,50838609.6
2023-01-23 04:00:00,0.4052,0.4067,0.4039,0.4067,43415037.9
2023-01-23 05:00:00,0.4066,0.408,0.4052,0.4073,35080085.5
2023-01-23 06:00:00,0.4073,0.4098,0.4063,0.4091,33470907.4
2023-01-23 07:00:00,0.409,0.4144,0.4072,0.4136,121739546.4
2023-01-23 08:00:00,0.4135,0.4328,0.4131,0.4221,550970575.2
2023-01-23 09:00:00,0.4222,0.4252,0.4184,0.4212,164841988.4
2023-01-23 10:00:00,0.4211,0.4228,0.419,0.4206,110389004.9
2023-01-23 11:00:00,0.4206,0.4237,0.4195,0.4233,71137476.6
2023-01-23 12:00:00,0.4232,0.4296,0.4207,0.4271,144561665.5
2023-01-23 13:00:00,0.4271,0.43,0.4203,0.4241,213277602.4
2023-01-23 14:00:00,0.4242,0.4251,0.4124,0.4157,244476378.1
2023-01-23 15:00:00,0.4157,0.4228,0.414,0.4217,145607126.2
2023-01-23 16:00:00,0.4216,0.4252,0.4191,0.4233,79442043.9
2023-01-23 17:00:00,0.4233,0.4235,0.4199,0.4234,76576452.9
2023-01-23 18:00:00,0.4233,0.4267,0.4222,0.4245,89755261.5
2023-01-23 19:00:00,0.4245,0.4309,0.4213,0.4267,205289940.6
2023-01-23 20:00:00,0.4267,0.4332,0.4262,0.4293,245102196.5
2023-01-23 21:00:00,0.4293,0.4314,0.4274,0.4281,80504519.4
2023-01-23 22:00:00,0.4281,0.429,0.4248,0.4265,50408701.8
2023-01-23 23:00:00,0.4266,0.4283,0.4227,0.4234,68661449.5
2023-01-24 00:00:00,0.4233,0.4253,0.4212,0.4244,83926517.0
2023-01-24 01:00:00,0.4245,0.4245,0.4195,0.4217,79553919.9
2023-01-24 02:00:00,0.4216,0.4249,0.4211,0.4233,56152635.5
2023-01-24 03:00:00,0.4233,0.4258,0.4227,0.4248,49183801.4
2023-01-24 04:00:00,0.4247,0.425,0.4203,0.422,53743538.6
2023-01-24 05:00:00,0.422,0.4223,0.4185,0.4222,56547832.2
2023-01-24 06:00:00,0.4221,0.4227,0.42,0.4224,39848880.0
2023-01-24 07:00:00,0.4225,0.4249,0.4215,0.4239,44016138.8
2023-01-24 08:00:00,0.424,0.4313,0.423,0.4282,83326989.6
2023-01-24 09:00:00,0.4281,0.4306,0.4216,0.4241,175987378.5
2023-01-24 10:00:00,0.4241,0.4253,0.4223,0.4228,50600366.0
2023-01-24 11:00:00,0.4227,0.4237,0.4199,0.4219,64373249.2
2023-01-24 12:00:00,0.4219,0.4233,0.4207,0.4231,49564613.9
2023-01-24 13:00:00,0.4231,0.4242,0.4155,0.42,99544548.2
2023-01-24 14:00:00,0.4201,0.4228,0.4166,0.4216,91710506.2
2023-01-24 15:00:00,0.4215,0.4223,0.4197,0.421,54814347.5
2023-01-24 16:00:00,0.421,0.422,0.4192,0.4198,37546105.9
2023-01-24 17:00:00,0.4198,0.4205,0.415,0.4205,67986883.6
2023-01-24 18:00:00,0.4204,0.4237,0.4196,0.4222,44460373.7
2023-01-24 19:00:00,0.4222,0.4241,0.421,0.4239,36880664.6
2023-01-24 20:00:00,0.424,0.4246,0.4184,0.4211,97826710.9
2023-01-24 21:00:00,0.421,0.4224,0.413,0.4159,94479029.9
2023-01-24 22:00:00,0.4159,0.4172,0.4011,0.4081,178847242.9
2023-01-24 23:00:00,0.4082,0.4097,0.4026,0.4075,171129206.5
2023-01-25 00:00:00,0.4075,0.4076,0.4001,0.4053,129439315.6
2023-01-25 01:00:00,0.4052,0.4052,0.3966,0.4011,142833155.4
2023-01-25 02:00:00,0.4011,0.4061,0.4006,0.4035,54538953.5
2023-01-25 03:00:00,0.4035,0.4051,0.4027,0.4042,27920303.1
2023-01-25 04:00:00,0.4042,0.4069,0.4041,0.4062,34409204.2
2023-01-25 05:00:00,0.4061,0.4071,0.4038,0.4051,33872540.8
2023-01-25 06:00:00,0.4052,0.4088,0.4041,0.4077,38338510.7
2023-01-25 07:00:00,0.4078,0.4095,0.4075,0.409,31166383.7
2023-01-25 08:00:00,0.4091,0.4104,0.4078,0.4094,38086906.5
2023-01-25 09:00:00,0.4094,0.4097,0.4047,0.4051,53840910.7
2023-01-25 10:00:00,0.4051,0.4064,0.4034,0.4064,54684000.8
2023-01-25 11:00:00,0.4064,0.4068,0.4046,0.4052,33141890.6
2023-01-25 12:00:00,0.4053,0.4091,0.4051,0.4077,66213781.2
2023-01-25 13:00:00,0.4077,0.4094,0.4051,0.4053,59792266.0
2023-01-25 14:00:00,0.4053,0.4068,0.4018,0.4037,103180703.9
2023-01-25 15:00:00,0.4038,0.4063,0.4017,0.4058,74711257.0
2023-01-25 16:00:00,0.4057,0.4073,0.4043,0.4072,39930403.3
2023-01-25 17:00:00,0.4072,0.4075,0.4041,0.4054,41793217.3
2023-01-25 18:00:00,0.4053,0.4082,0.4043,0.4081,35985038.0
2023-01-25 19:00:00,0.4081,0.4116,0.4074,0.4114,51627442.0
2023-01-25 20:00:00,0.4114,0.415,0.4113,0.4144,63498878.5
2023-01-25 21:00:00,0.4144,0.4216,0.4128,0.4203,129354554.7
2023-01-25 22:00:00,0.4203,0.4244,0.4113,0.4134,153698117.3
2023-01-25 23:00:00,0.4134,0.4181,0.413,0.4169,76773477.4
2023-01-26 00:00:00,0.4169,0.4179,0.4141,0.4167,67078936.7
2023-01-26 01:00:00,0.4167,0.417,0.4135,0.4144,52995995.8
2023-01-26 02:00:00,0.4145,0.4152,0.4125,0.4129,34804607.4
2023-01-26 03:00:00,0.4129,0.4146,0.4102,0.4116,52230795.6
2023-01-26 04:00:00,0.4116,0.4142,0.41,0.4139,36031792.6
2023-01-26 05:00:00,0.4139,0.4147,0.4128,0.4144,32106961.2
2023-01-26 06:00:00,0.4144,0.4154,0.4106,0.4124,74081169.4
2023-01-26 07:00:00,0.4124,0.4125,0.4077,0.4092,46229818.5
2023-01-26 08:00:00,0.4092,0.4118,0.4087,0.4111,42409319.8
2023-01-26 09:00:00,0.411,0.4124,0.4096,0.4119,42918222.9
2023-01-26 10:00:00,0.4118,0.4126,0.4087,0.4112,63146011.4
2023-01-26 11:00:00,0.4112,0.4122,0.4095,0.411,35762403.6
2023-01-26 12:00:00,0.411,0.4132,0.4107,0.4127,45418979.3
2023-01-26 13:00:00,0.4127,0.414,0.4055,0.414,111691754.5
2023-01-26 14:00:00,0.414,0.4149,0.4092,0.4109,108653928.8
2023-01-26 15:00:00,0.4109,0.4135,0.4072,0.409,82793022.4
2023-01-26 16:00:00,0.4091,0.4104,0.405,0.4092,83614960.1
2023-01-26 17:00:00,0.4092,0.41,0.4071,0.4074,24385532.2
2023-01-26 18:00:00,0.4074,0.4107,0.4071,0.41,32495652.1
2023-01-26 19:00:00,0.4101,0.4125,0.4084,0.4123,44499740.0
2023-01-26 20:00:00,0.4122,0.4133,0.4111,0.4124,42914622.7
2023-01-26 21:00:00,0.4125,0.4126,0.4091,0.4117,41153627.6
2023-01-26 22:00:00,0.4118,0.4122,0.4093,0.4094,22137006.4
2023-01-26 23:00:00,0.4095,0.4108,0.4081,0.409,44689090.1
2023-01-27 00:00:00,0.409,0.4104,0.4051,0.4069,81288676.2
2023-01-27 01:00:00,0.4068,0.407,0.3981,0.3999,144873603.3
2023-01-27 02:00:00,0.3999,0.405,0.3993,0.4048,41275552.0
2023-01-27 03:00:00,0.4047,0.4065,0.4047,0.4055,24081297.6
2023-01-27 04:00:00,0.4054,0.4063,0.4031,0.4033,29740068.5
2023-01-27 05:00:00,0.4033,0.4069,0.4031,0.4057,39829035.2
2023-01-27 06:00:00,0.4056,0.4063,0.4042,0.4063,28089267.3
2023-01-27 07:00:00,0.4062,0.4075,0.4046,0.4074,22649941.6
2023-01-27 08:00:00,0.4074,0.4079,0.4055,0.4063,33257240.4
2023-01-27 09:00:00,0.4063,0.4092,0.4059,0.4086,29039727.8
2023-01-27 10:00:00,0.4087,0.4094,0.4063,0.4071,41847003.1
2023-01-27 11:00:00,0.4071,0.4079,0.4057,0.4065,47253363.4
2023-01-27 12:00:00,0.4065,0.408,0.405,0.4061,32311192.4
2023-01-27 13:00:00,0.4061,0.4079,0.4037,0.4061,81648650.9
2023-01-27 14:00:00,0.4061,0.4078,0.4044,0.4063,66041421.0
2023-01-27 15:00:00,0.4063,0.4091,0.4059,0.4063,69721483.7
2023-01-27 16:00:00,0.4062,0.4091,0.4061,0.4087,37522940.8
2023-01-27 17:00:00,0.4086,0.4113,0.4076,0.4103,45441800.3
2023-01-27 18:00:00,0.4103,0.4119,0.409,0.4118,34475564.7
2023-01-27 19:00:00,0.4118,0.4127,0.4109,0.4123,28545251.3
2023-01-27 20:00:00,0.4124,0.4134,0.4085,0.4099,77438707.4
2023-01-27 21:00:00,0.4098,0.4125,0.4089,0.4114,33538225.2
2023-01-27 22:00:00,0.4115,0.4116,0.4092,0.41,21693497.9
2023-01-27 23:00:00,0.41,0.4129,0.4097,0.4128,34936205.2
2023-01-28 00:00:00,0.4127,0.4169,0.4104,0.4142,104101115.2
2023-01-28 01:00:00,0.4141,0.4145,0.4113,0.4114,48913560.5
2023-01-28 02:00:00,0.4114,0.412,0.4095,0.4107,32386710.0
2023-01-28 03:00:00,0.4106,0.4112,0.409,0.4106,26781062.7
2023-01-28 04:00:00,0.4106,0.4126,0.4105,0.4124,22017871.1
2023-01-28 05:00:00,0.4124,0.4142,0.4115,0.4141,44795424.8
2023-01-28 06:00:00,0.414,0.4144,0.4106,0.4125,39828163.8
2023-01-28 07:00:00,0.4126,0.4127,0.4081,0.411,47209177.7
2023-01-28 08:00:00,0.4109,0.4115,0.4095,0.41,26242629.5
2023-01-28 09:00:00,0.41,0.4113,0.4085,0.4105,30330476.0
2023-01-28 10:00:00,0.4105,0.4111,0.4093,0.4097,24638875.0
2023-01-28 11:00:00,0.4096,0.4113,0.409,0.4108,27294723.7
2023-01-28 12:00:00,0.4109,0.4111,0.4093,0.4099,37548987.3
2023-01-28 13:00:00,0.4098,0.4099,0.4055,0.4075,101297824.8
2023-01-28 14:00:00,0.4075,0.4088,0.4067,0.4074,30128738.1
2023-01-28 15:00:00,0.4074,0.4096,0.4066,0.4089,39100433.7
2023-01-28 16:00:00,0.409,0.4103,0.4089,0.4092,25711721.9
2023-01-28 17:00:00,0.4092,0.4096,0.4074,0.4085,28616990.8
2023-01-28 18:00:00,0.4085,0.4086,0.4074,0.4083,14565182.2
2023-01-28 19:00:00,0.4084,0.4095,0.408,0.4095,13457799.3
2023-01-28 20:00:00,0.4095,0.4095,0.4056,0.406,29648268.3
2023-01-28 21:00:00,0.4059,0.4074,0.4051,0.4072,23972483.9
2023-01-28 22:00:00,0.4072,0.4078,0.4061,0.4065,16344980.2
2023-01-28 23:00:00,0.4066,0.4078,0.4059,0.4075,16123423.4
2023-01-29 00:00:00,0.4076,0.4112,0.4063,0.4105,46197769.4
2023-01-29 01:00:00,0.4105,0.414,0.4104,0.4109,94596717.6
2023-01-29 02:00:00,0.411,0.4113,0.4073,0.4101,57613330.9
2023-01-29 03:00:00,0.4101,0.4106,0.4093,0.41,15996379.1
2023-01-29 04:00:00,0.4101,0.4103,0.4092,0.41,16122037.1
2023-01-29 05:00:00,0.41,0.4105,0.4095,0.4103,12336304.1
2023-01-29 06:00:00,0.4103,0.4105,0.4095,0.4099,13234941.4
2023-01-29 07:00:00,0.4099,0.41,0.4085,0.4098,17094955.6
2023-01-29 08:00:00,0.4099,0.4111,0.4097,0.4103,20687544.5
2023-01-29 09:00:00,0.4103,0.4129,0.4099,0.4122,41405783.0
2023-01-29 10:00:00,0.4122,0.414,0.4121,0.413,51231410.7
2023-01-29 11:00:00,0.413,0.4143,0.41,0.412,59976740.9
2023-01-29 12:00:00,0.412,0.4127,0.4103,0.4115,36692915.1
2023-01-29 13:00:00,0.4116,0.4135,0.4113,0.4114,36377519.7
2023-01-29 14:00:00,0.4115,0.4126,0.4105,0.4123,33184052.2
2023-01-29 15:00:00,0.4123,0.4128,0.4116,0.4119,23442980.7
2023-01-29 16:00:00,0.4118,0.4128,0.41,0.4119,42279649.5
2023-01-29 17:00:00,0.4119,0.4147,0.4119,0.4138,50830925.5
2023-01-29 18:00:00,0.4137,0.4154,0.4125,0.4145,49541719.8
2023-01-29 19:00:00,0.4146,0.4174,0.4142,0.4158,69521629.4
2023-01-29 20:00:00,0.4159,0.416,0.4115,0.4134,65235746.4
2023-01-29 21:00:00,0.4134,0.414,0.4118,0.413,23187780.8
2023-01-29 22:00:00,0.4131,0.4136,0.412,0.4127,18057343.6
2023-01-29 23:00:00,0.4127,0.4142,0.4121,0.4133,35052627.3
2023-01-30 00:00:00,0.4133,0.4221,0.4125,0.419,115289848.6
2023-01-30 01:00:00,0.419,0.4196,0.4121,0.4125,112074954.4
2023-01-30 02:00:00,0.4125,0.4125,0.4076,0.4103,101670486.3
2023-01-30 03:00:00,0.4103,0.4137,0.41,0.4133,41232195.2
2023-01-30 04:00:00,0.4133,0.415,0.413,0.4134,35295037.4
2023-01-30 05:00:00,0.4135,0.4137,0.4111,0.4125,42723354.7
2023-01-30 06:00:00,0.4125,0.4129,0.4108,0.4126,35355006.6
2023-01-30 07:00:00,0.4125,0.4128,0.4088,0.4107,50683622.4
2023-01-30 08:00:00,0.4106,0.4118,0.4082,0.4097,48069711.3
2023-01-30 09:00:00,0.4096,0.4097,0.3969,0.3991,261890103.9
2023-01-30 10:00:00,0.3991,0.4007,0.3948,0.3993,108713562.1
2023-01-30 11:00:00,0.3993,0.4007,0.397,0.3975,67203589.6
2023-01-30 12:00:00,0.3975,0.4001,0.3965,0.3998,61810935.4
2023-01-30 13:00:00,0.3998,0.401,0.398,0.3991,40107580.6
2023-01-30 14:00:00,0.3991,0.403,0.3983,0.4029,46789028.0
2023-01-30 15:00:00,0.4029,0.403,0.3979,0.3998,49712228.6
2023-01-30 16:00:00,0.3998,0.4018,0.399,0.3998,37683031.7
2023-01-30 17:00:00,0.3998,0.4016,0.3989,0.3996,44718374.5
2023-01-30 18:00:00,0.3995,0.4011,0.3983,0.4009,43556763.0
2023-01-30 19:00:00,0.4009,0.4011,0.3832,0.3948,194029971.8
2023-01-30 20:00:00,0.3948,0.3955,0.3913,0.3946,67040993.2
2023-01-30 21:00:00,0.3946,0.3959,0.3927,0.3932,36938132.2
2023-01-30 22:00:00,0.3932,0.3937,0.3884,0.3928,44428783.5
2023-01-30 23:00:00,0.3929,0.3946,0.3922,0.3932,50864893.3
2023-01-31 00:00:00,0.3933,0.3941,0.388,0.3923,92791073.2
2023-01-31 01:00:00,0.3923,0.393,0.389,0.3908,74624473.0
2023-01-31 02:00:00,0.3907,0.3935,0.3901,0.3925,47928614.0
2023-01-31 03:00:00,0.3925,0.3926,0.39,0.3914,35039517.4
2023-01-31 04:00:00,0.3914,0.3933,0.3905,0.3911,38575585.2
2023-01-31 05:00:00,0.3911,0.3916,0.389,0.3893,35350829.2
2023-01-31 06:00:00,0.3893,0.3927,0.3882,0.392,56252151.7
2023-01-31 07:00:00,0.3919,0.3957,0.3919,0.3952,60663228.2
2023-01-31 08:00:00,0.3952,0.3992,0.3941,0.3982,102195456.2
2023-01-31 09:00:00,0.3982,0.4013,0.397,0.3982,99494602.1
2023-01-31 10:00:00,0.3983,0.4022,0.3966,0.3994,101589145.9
2023-01-31 11:00:00,0.3993,0.4001,0.3973,0.3996,78677250.4
2023-01-31 12:00:00,0.3997,0.402,0.399,0.4013,70173851.6
2023-01-31 13:00:00,0.4013,0.4031,0.4004,0.4018,108735609.1
2023-01-31 14:00:00,0.4018,0.4031,0.4005,0.4016,76216515.6
2023-01-31 15:00:00,0.4016,0.4032,0.4003,0.4021,47124950.5
2023-01-31 16:00:00,0.4022,0.4048,0.4015,0.4026,76413575.9
2023-01-31 17:00:00,0.4026,0.4056,0.4025,0.4056,41494718.4
2023-01-31 18:00:00,0.4055,0.4075,0.4048,0.4067,47339928.9
2023-01-31 19:00:00,0.4066,0.4111,0.4066,0.4096,69849176.7
2023-01-31 20:00:00,0.4096,0.4111,0.4066,0.4073,55844855.3
2023-01-31 21:00:00,0.4072,0.4078,0.4016,0.4048,86367802.5
2023-01-31 22:00:00,0.4049,0.4094,0.4033,0.407,38559433.2
2023-01-31 23:00:00,0.407,0.4075,0.4049,0.4056,47533588.7
2023-02-01 00:00:00,0.4056,0.4064,0.4028,0.403,67261673.1
2023-02-01 01:00:00,0.403,0.4035,0.4011,0.402,43578541.7
2023-02-01 02:00:00,0.402,0.4029,0.4006,0.4025,33580317.1
2023-02-01 03:00:00,0.4025,0.4029,0.4017,0.4028,19795988.3
2023-02-01 04:00:00,0.4028,0.4048,0.4027,0.4047,25974315.8
2023-02-01 05:00:00,0.4048,0.4064,0.4021,0.4024,40040574.2
2023-02-01 06:00:00,0.4024,0.4025,0.3989,0.4,56556901.0
2023-02-01 07:00:00,0.3999,0.4024,0.3984,0.4002,48747284.7
2023-02-01 08:00:00,0.4001,0.401,0.3981,0.4005,51931325.3
2023-02-01 09:00:00,0.4005,0.402,0.3986,0.4006,45878017.2
2023-02-01 10:00:00,0.4006,0.4034,0.4,0.4026,52453329.2
2023-02-01 11:00:00,0.4025,0.4054,0.4023,0.4028,57704575.9
2023-02-01 12:00:00,0.4029,0.404,0.402,0.4034,38434405.2
2023-02-01 13:00:00,0.4034,0.4044,0.4011,0.4029,59793044.8
2023-02-01 14:00:00,0.403,0.4047,0.4021,0.4028,39327454.0
2023-02-01 15:00:00,0.4028,0.4036,0.3963,0.3975,109709659.9
2023-02-01 16:00:00,0.3976,0.3995,0.3966,0.3985,53029769.9
2023-02-01 17:00:00,0.3985,0.3995,0.3966,0.3982,38773041.5
2023-02-01 18:00:00,0.3981,0.4025,0.3969,0.4016,63074549.6
2023-02-01 19:00:00,0.4016,0.4098,0.397,0.4076,257301803.3
2023-02-01 20:00:00,0.4076,0.4129,0.4076,0.4118,108801357.2
2023-02-01 21:00:00,0.4119,0.4154,0.4118,0.4133,86028810.0
2023-02-01 22:00:00,0.4132,0.415,0.4132,0.4144,37973501.5
2023-02-01 23:00:00,0.4144,0.4158,0.4127,0.4132,48888495.3
2023-02-02 00:00:00,0.4133,0.4177,0.412,0.4168,138780237.5
2023-02-02 01:00:00,0.4167,0.4168,0.4104,0.4111,65800342.3
2023-02-02 02:00:00,0.4111,0.4135,0.4103,0.413,43227743.5
2023-02-02 03:00:00,0.4131,0.415,0.4125,0.4128,38385901.2
2023-02-02 04:00:00,0.4129,0.4148,0.4122,0.414,22420826.3
2023-02-02 05:00:00,0.4141,0.4154,0.4125,0.4126,33053688.9
2023-02-02 06:00:00,0.4126,0.4135,0.4103,0.4118,58002770.4
2023-02-02 07:00:00,0.4119,0.4131,0.4114,0.4129,34237802.1
2023-02-02 08:00:00,0.4129,0.415,0.412,0.415,40876389.1
2023-02-02 09:00:00,0.415,0.4157,0.414,0.4151,33106841.7
2023-02-02 10:00:00,0.415,0.4151,0.4139,0.4144,27650854.0
2023-02-02 11:00:00,0.4144,0.4153,0.4137,0.4147,22963924.9
2023-02-02 12:00:00,0.4147,0.4158,0.414,0.4156,36629079.9
2023-02-02 13:00:00,0.4155,0.4156,0.4127,0.4135,72537701.5
2023-02-02 14:00:00,0.4135,0.4159,0.4106,0.412,99510321.1
2023-02-02 15:00:00,0.4121,0.4158,0.4108,0.4144,68989924.5
2023-02-02 16:00:00,0.4144,0.4158,0.4134,0.4154,62410495.9
2023-02-02 17:00:00,0.4154,0.417,0.4132,0.4139,62921407.8
2023-02-02 18:00:00,0.4139,0.4196,0.4138,0.4181,96738570.0
2023-02-02 19:00:00,0.4181,0.4185,0.4117,0.4132,90542870.7
2023-02-02 20:00:00,0.4132,0.4142,0.4116,0.4142,40269982.5
2023-02-02 21:00:00,0.4141,0.4151,0.4078,0.4092,121584981.8
2023-02-02 22:00:00,0.4092,0.4116,0.408,0.4108,50756725.6
2023-02-02 23:00:00,0.4108,0.4117,0.4085,0.4099,43806915.3
2023-02-03 00:00:00,0.4098,0.4111,0.4083,0.4106,45962124.7
2023-02-03 01:00:00,0.4106,0.4114,0.4089,0.4089,28817898.3
2023-02-03 02:00:00,0.4089,0.4096,0.4059,0.4082,60884720.0
2023-02-03 03:00:00,0.4083,0.4114,0.4076,0.4113,29381345.6
2023-02-03 04:00:00,0.4112,0.4118,0.4105,0.4116,22764767.7
2023-02-03 05:00:00,0.4116,0.4129,0.4111,0.4125,28488395.5
2023-02-03 06:00:00,0.4125,0.4129,0.4094,0.4101,48000566.3
2023-02-03 07:00:00,0.4101,0.4118,0.4092,0.4104,35355843.6
2023-02-03 08:00:00,0.4105,0.4118,0.4094,0.4117,38636926.8
2023-02-03 09:00:00,0.4118,0.4127,0.4115,0.4121,24604274.3
2023-02-03 10:00:00,0.412,0.4138,0.4118,0.4131,30455383.7
2023-02-03 11:00:00,0.4132,0.4135,0.4102,0.4112,46430516.8
2023-02-03 12:00:00,0.4112,0.4121,0.4098,0.4114,49218924.6
2023-02-03 13:00:00,0.4114,0.4117,0.4064,0.4073,137171591.2
2023-02-03 14:00:00,0.4074,0.4118,0.4051,0.4102,104776761.6
2023-02-03 15:00:00,0.4102,0.4123,0.4083,0.4103,82123771.4
2023-02-03 16:00:00,0.4104,0.4115,0.4092,0.4095,43293358.6
2023-02-03 17:00:00,0.4094,0.4098,0.4074,0.4075,65897397.1
2023-02-03 18:00:00,0.4075,0.4089,0.4065,0.4088,46928052.8
2023-02-03 19:00:00,0.4087,0.41,0.4081,0.4089,28933864.0
2023-02-03 20:00:00,0.4089,0.411,0.4072,0.4106,42528611.9
2023-02-03 21:00:00,0.4106,0.4109,0.4093,0.4105,17552336.4
2023-02-03 22:00:00,0.4104,0.4126,0.4102,0.412,19549737.7
2023-02-03 23:00:00,0.4119,0.4126,0.4109,0.4117,26690688.5
2023-02-04 00:00:00,0.4117,0.4124,0.4104,0.4115,47253132.4
2023-02-04 01:00:00,0.4114,0.4117,0.4095,0.4096,32975344.2
2023-02-04 02:00:00,0.4096,0.4098,0.4086,0.4095,22726195.5
2023-02-04 03:00:00,0.4094,0.4096,0.4086,0.4087,13001399.6
2023-02-04 04:00:00,0.4087,0.4092,0.4079,0.4087,15541336.2
2023-02-04 05:00:00,0.4086,0.4091,0.4076,0.4086,15766174.4
2023-02-04 06:00:00,0.4086,0.4089,0.4076,0.4086,12511314.6
2023-02-04 07:00:00,0.4085,0.4098,0.4085,0.4096,15244653.5
2023-02-04 08:00:00,0.4096,0.4097,0.4086,0.4088,12698415.6
2023-02-04 09:00:00,0.4088,0.4096,0.4084,0.4092,13225704.9
2023-02-04 10:00:00,0.4093,0.4108,0.4089,0.4101,18905192.9
2023-02-04 11:00:00,0.41,0.4111,0.4099,0.411,14774833.7
2023-02-04 12:00:00,0.4109,0.4124,0.4106,0.4116,29430817.7
2023-02-04 13:00:00,0.4117,0.4136,0.4116,0.4129,49650882.6
2023-02-04 14:00:00,0.4129,0.413,0.4109,0.4121,27505132.9
2023-02-04 15:00:00,0.412,0.4132,0.4115,0.4131,29573736.4
2023-02-04 16:00:00,0.4131,0.4134,0.4108,0.4124,30819035.3
2023-02-04 17:00:00,0.4125,0.4163,0.4116,0.4151,57437759.8
2023-02-04 18:00:00,0.4151,0.4207,0.4134,0.4141,111890496.8
2023-02-04 19:00:00,0.4141,0.4168,0.4136,0.4166,31567676.1
2023-02-04 20:00:00,0.4165,0.4169,0.4137,0.4155,27857486.3
2023-02-04 21:00:00,0.4155,0.4161,0.4139,0.414,17565292.7
2023-02-04 22:00:00,0.4141,0.4158,0.4138,0.4144,14331162.2
2023-02-04 23:00:00,0.4143,0.4155,0.4072,0.4106,83830439.4
2023-02-05 00:00:00,0.4106,0.412,0.4081,0.4092,59646850.4
2023-02-05 01:00:00,0.4093,0.4104,0.4084,0.409,28381084.1
2023-02-05 02:00:00,0.4091,0.4104,0.4086,0.4087,19746480.5
2023-02-05 03:00:00,0.4087,0.4097,0.4072,0.4087,35429229.4
2023-02-05 04:00:00,0.4088,0.4098,0.4082,0.4097,18164666.9
2023-02-05 05:00:00,0.4096,0.4098,0.4089,0.4092,19004012.5
2023-02-05 06:00:00,0.4092,0.4104,0.4088,0.4102,22097645.9
2023-02-05 07:00:00,0.4102,0.4105,0.4092,0.4099,20778025.9
2023-02-05 08:00:00,0.41,0.4116,0.4095,0.411,28901592.2
2023-02-05 09:00:00,0.411,0.4115,0.4092,0.4098,24289677.4
2023-02-05 10:00:00,0.4098,0.4106,0.4096,0.4102,14922026.7
2023-02-05 11:00:00,0.4103,0.4106,0.4089,0.4092,24914244.0
2023-02-05 12:00:00,0.4091,0.41,0.3985,0.4015,148123030.6
2023-02-05 13:00:00,0.4014,0.4049,0.4003,0.4034,83637488.2
2023-02-05 14:00:00,0.4035,0.4047,0.4026,0.4029,40496413.9
2023-02-05 15:00:00,0.4029,0.4037,0.3978,0.4,126427407.5
2023-02-05 16:00:00,0.3999,0.4012,0.3969,0.3987,87435917.0
2023-02-05 17:00:00,0.3988,0.3994,0.3943,0.3966,103187721.1
2023-02-05 18:00:00,0.3966,0.3983,0.3933,0.396,54882161.2
2023-02-05 19:00:00,0.3959,0.3982,0.3949,0.3977,46209701.2
2023-02-05 20:00:00,0.3977,0.3987,0.397,0.3979,27695723.2
2023-02-05 21:00:00,0.3979,0.3982,0.3956,0.3975,37838433.3
2023-02-05 22:00:00,0.3975,0.3996,0.3965,0.3986,30652848.9
2023-02-05 23:00:00,0.3986,0.3993,0.3976,0.3983,33143976.4
2023-02-06 00:00:00,0.3983,0.4026,0.3977,0.4023,47587121.0
2023-02-06 01:00:00,0.4023,0.4031,0.3994,0.3996,38542825.1
2023-02-06 02:00:00,0.3995,0.4007,0.3965,0.3967,32532734.7
2023-02-06 03:00:00,0.3968,0.3983,0.3961,0.398,32993296.1
2023-02-06 04:00:00,0.398,0.401,0.3978,0.3995,41222086.8
2023-02-06 05:00:00,0.3995,0.3999,0.3932,0.3982,80462926.3
2023-02-06 06:00:00,0.3983,0.4005,0.3976,0.3994,41590824.0
2023-02-06 07:00:00,0.3993,0.4004,0.3979,0.3981,31395417.7
2023-02-06 08:00:00,0.398,0.3999,0.3976,0.398,42747765.6
2023-02-06 09:00:00,0.3981,0.3982,0.3964,0.3968,38663458.9
2023-02-06 10:00:00,0.3968,0.3981,0.3961,0.3969,31016967.8
2023-02-06 11:00:00,0.3968,0.3979,0.395,0.3975,53774729.2
2023-02-06 12:00:00,0.3975,0.3985,0.3964,0.3973,43200353.3
2023-02-06 13:00:00,0.3973,0.399,0.3962,0.3965,44865069.6
2023-02-06 14:00:00,0.3965,0.399,0.3965,0.3977,59178243.5
2023-02-06 15:00:00,0.3977,0.4005,0.3964,0.4004,51716956.7
2023-02-06 16:00:00,0.4004,0.401,0.3984,0.3992,63719619.5
2023-02-06 17:00:00,0.3993,0.4012,0.3987,0.4011,29170639.1
2023-02-06 18:00:00,0.4011,0.4029,0.4002,0.4024,34994541.1
2023-02-06 19:00:00,0.4024,0.4036,0.4017,0.4025,31009490.1
2023-02-06 20:00:00,0.4025,0.4032,0.4014,0.4025,28371503.6
2023-02-06 21:00:00,0.4025,0.4026,0.3967,0.3972,67825713.3
2023-02-06 22:00:00,0.3971,0.3974,0.3953,0.3964,34952252.8
2023-02-06 23:00:00,0.3964,0.3967,0.3906,0.392,128264874.8
2023-02-07 00:00:00,0.3919,0.3932,0.3912,0.3917,56393906.3
2023-02-07 01:00:00,0.3918,0.3929,0.3899,0.3908,57197783.6
2023-02-07 02:00:00,0.3907,0.3951,0.3901,0.3949,50163848.2
2023-02-07 03:00:00,0.395,0.3951,0.3926,0.3931,30755450.9
2023-02-07 04:00:00,0.3931,0.3949,0.3925,0.3946,29436611.4
2023-02-07 05:00:00,0.3947,0.3961,0.3945,0.3958,27197608.9
2023-02-07 06:00:00,0.3958,0.3968,0.3946,0.3947,35719015.1
2023-02-07 07:00:00,0.3947,0.3965,0.394,0.3954,39514413.9
2023-02-07 08:00:00,0.3955,0.3959,0.3932,0.3942,43235778.0
2023-02-07 09:00:00,0.3941,0.3969,0.3941,0.3969,38403601.4
2023-02-07 10:00:00,0.3969,0.3982,0.3958,0.3961,47254606.3
2023-02-07 11:00:00,0.396,0.3976,0.3955,0.3964,39644224.3
2023-02-07 12:00:00,0.3964,0.3976,0.3963,0.3969,25600346.8
2023-02-07 13:00:00,0.397,0.3971,0.3955,0.3968,28138402.8
2023-02-07 14:00:00,0.3967,0.3975,0.3956,0.3962,39674359.0
2023-02-07 15:00:00,0.3962,0.3966,0.3936,0.3944,56892005.9
2023-02-07 16:00:00,0.3943,0.3953,0.3927,0.3945,43119556.3
2023-02-07 17:00:00,0.3945,0.4006,0.3928,0.3996,99449240.8
2023-02-07 18:00:00,0.3997,0.4013,0.391,0.3965,140771746.7
2023-02-07 19:00:00,0.3965,0.4001,0.3963,0.3999,59847396.3
2023-02-07 20:00:00,0.3999,0.4021,0.399,0.4014,53073205.7
2023-02-07 21:00:00,0.4014,0.4026,0.4007,0.4017,46423367.1
2023-02-07 22:00:00,0.4016,0.4038,0.4009,0.4027,31533779.4
2023-02-07 23:00:00,0.4027,0.4048,0.4026,0.4036,50314075.2
2023-02-08 00:00:00,0.4035,0.4061,0.4025,0.404,76333357.6
2023-02-08 01:00:00,0.4041,0.4045,0.4011,0.4014,50322952.8
2023-02-08 02:00:00,0.4013,0.403,0.4009,0.4019,34833209.4
2023-02-08 03:00:00,0.4019,0.402,0.4002,0.4014,33688632.6
2023-02-08 04:00:00,0.4013,0.4015,0.4,0.4003,27314802.9
2023-02-08 05:00:00,0.4002,0.4017,0.4001,0.401,28992616.3
2023-02-08 06:00:00,0.4009,0.4024,0.4003,0.4019,27481812.7
2023-02-08 07:00:00,0.4018,0.4024,0.4014,0.4019,19257922.7
2023-02-08 08:00:00,0.4019,0.402,0.399,0.4,45264058.9
2023-02-08 09:00:00,0.3999,0.4009,0.399,0.4007,34763745.7
2023-02-08 10:00:00,0.4007,0.4009,0.3999,0.4006,20724745.5
2023-02-08 11:00:00,0.4005,0.4022,0.4005,0.4019,24614038.5
2023-02-08 12:00:00,0.4019,0.4023,0.4003,0.4011,40282134.3
2023-02-08 13:00:00,0.401,0.4021,0.3999,0.4014,42492316.9
2023-02-08 14:00:00,0.4015,0.4019,0.399,0.4011,60627047.6
2023-02-08 15:00:00,0.401,0.4013,0.397,0.3974,89115972.3
2023-02-08 16:00:00,0.3973,0.3983,0.3934,0.3982,126660247.0
2023-02-08 17:00:00,0.3981,0.3991,0.397,0.3982,43540450.6
2023-02-08 18:00:00,0.3981,0.3989,0.3955,0.3963,38766782.5
2023-02-08 19:00:00,0.3962,0.3978,0.3957,0.397,29074302.3
2023-02-08 20:00:00,0.3969,0.397,0.3945,0.3956,42806573.6
2023-02-08 21:00:00,0.3956,0.3994,0.3952,0.3984,44135419.8
2023-02-08 22:00:00,0.3983,0.3993,0.3978,0.3978,19468476.4
2023-02-08 23:00:00,0.3978,0.3989,0.397,0.3977,28193197.6
2023-02-09 00:00:00,0.3977,0.399,0.3966,0.399,36140085.0
2023-02-09 01:00:00,0.399,0.3994,0.3961,0.3965,33088017.7
2023-02-09 02:00:00,0.3965,0.3975,0.3943,0.3944,47818881.2
2023-02-09 03:00:00,0.3944,0.3947,0.3845,0.3906,194602148.9
2023-02-09 04:00:00,0.3907,0.3925,0.3892,0.392,45268940.9
2023-02-09 05:00:00,0.392,0.393,0.3915,0.3923,33387094.0
2023-02-09 06:00:00,0.3923,0.3933,0.3912,0.3931,42043764.5
2023-02-09 07:00:00,0.3931,0.3942,0.3926,0.3936,29984062.4
2023-02-09 08:00:00,0.3937,0.3944,0.3921,0.3928,46171433.5
2023-02-09 09:00:00,0.3929,0.3946,0.3926,0.3936,38993054.5
2023-02-09 10:00:00,0.3936,0.3948,0.393,0.3946,30955187.6
2023-02-09 11:00:00,0.3945,0.3947,0.3929,0.3937,29567361.2
2023-02-09 12:00:00,0.3938,0.3953,0.3928,0.3942,38893866.6
2023-02-09 13:00:00,0.3942,0.3971,0.3938,0.397,46348040.5
2023-02-09 14:00:00,0.3969,0.4102,0.3967,0.4041,320360048.1
2023-02-09 15:00:00,0.4041,0.408,0.4005,0.4018,182937687.9
2023-02-09 16:00:00,0.4018,0.4038,0.3953,0.3976,171875347.8
2023-02-09 17:00:00,0.3976,0.3997,0.3956,0.3976,80113422.5
2023-02-09 18:00:00,0.3975,0.4041,0.3965,0.4039,74009650.8
2023-02-09 19:00:00,0.404,0.4042,0.3788,0.3876,367732568.7
2023-02-09 20:00:00,0.3876,0.3896,0.3846,0.388,117564634.6
2023-02-09 21:00:00,0.388,0.3882,0.3783,0.3852,142377756.0
2023-02-09 22:00:00,0.3852,0.3854,0.3716,0.3759,112917110.8
2023-02-09 23:00:00,0.3759,0.383,0.3756,0.3816,93312171.4
2023-02-10 00:00:00,0.3816,0.3851,0.3803,0.383,82956088.7
2023-02-10 01:00:00,0.383,0.3846,0.3823,0.3834,50183594.8
2023-02-10 02:00:00,0.3834,0.3866,0.3832,0.3862,45853364.1
2023-02-10 03:00:00,0.3863,0.3874,0.385,0.3873,43391117.3
2023-02-10 04:00:00,0.3873,0.3875,0.3827,0.3829,67286151.8
2023-02-10 05:00:00,0.3829,0.384,0.3799,0.3829,72243839.8
2023-02-10 06:00:00,0.3828,0.3862,0.3824,0.386,35392681.8
2023-02-10 07:00:00,0.386,0.387,0.3848,0.3864,40142846.5
2023-02-10 08:00:00,0.3864,0.387,0.384,0.3855,45322390.7
2023-02-10 09:00:00,0.3854,0.3868,0.3847,0.3852,43632696.0
2023-02-10 10:00:00,0.3853,0.3859,0.3841,0.3857,27937398.5
2023-02-10 11:00:00,0.3857,0.3858,0.3824,0.3829,48512209.2
2023-02-10 12:00:00,0.383,0.3844,0.3822,0.3823,39953450.0
2023-02-10 13:00:00,0.3824,0.3849,0.3824,0.3832,36845323.7
2023-02-10 14:00:00,0.3832,0.3846,0.3826,0.3834,60182431.7
2023-02-10 15:00:00,0.3835,0.3842,0.3766,0.3797,121598553.6
2023-02-10 16:00:00,0.3796,0.3808,0.3775,0.3782,67014442.7
2023-02-10 17:00:00,0.3782,0.3804,0.3774,0.3803,38313542.1
2023-02-10 18:00:00,0.3804,0.3822,0.3798,0.3822,26105775.9
2023-02-10 19:00:00,0.3822,0.3843,0.3817,0.3842,38337782.1
2023-02-10 20:00:00,0.3841,0.3844,0.3826,0.384,20589177.7
2023-02-10 21:00:00,0.384,0.3843,0.3794,0.38,63721775.9
2023-02-10 22:00:00,0.3799,0.3827,0.3798,0.3804,22487882.2
2023-02-10 23:00:00,0.3804,0.3826,0.3796,0.3815,30889200.9
2023-02-11 00:00:00,0.3814,0.382,0.3803,0.3813,38697378.4
2023-02-11 01:00:00,0.3814,0.382,0.38,0.3805,23346028.5
2023-02-11 02:00:00,0.3805,0.3824,0.3804,0.3815,17916726.8
2023-02-11 03:00:00,0.3815,0.3838,0.3814,0.3822,26283491.0
2023-02-11 04:00:00,0.3823,0.3828,0.3816,0.3825,13226896.1
2023-02-11 05:00:00,0.3825,0.383,0.3818,0.3819,10076007.0
2023-02-11 06:00:00,0.3819,0.3821,0.3806,0.3812,22050825.5
2023-02-11 07:00:00,0.3812,0.382,0.3804,0.3814,20579257.2
2023-02-11 08:00:00,0.3815,0.3819,0.3811,0.3817,13287793.7
2023-02-11 09:00:00,0.3817,0.3829,0.3815,0.382,21757485.0
2023-02-11 10:00:00,0.382,0.3822,0.3812,0.3814,15220622.7
2023-02-11 11:00:00,0.3815,0.3824,0.3812,0.3823,14294628.7
2023-02-11 12:00:00,0.3823,0.3833,0.3814,0.3819,23962018.1
2023-02-11 13:00:00,0.3819,0.3829,0.3815,0.3828,16504764.1
2023-02-11 14:00:00,0.3828,0.3829,0.3816,0.3827,20833038.8
2023-02-11 15:00:00,0.3826,0.3829,0.3818,0.3822,15994324.7
2023-02-11 16:00:00,0.3821,0.3822,0.3805,0.3811,19097517.8
2023-02-11 17:00:00,0.3811,0.3812,0.3801,0.3811,15368284.7
2023-02-11 18:00:00,0.381,0.3821,0.3794,0.3802,31214522.3
2023-02-11 19:00:00,0.3801,0.3812,0.38,0.3811,10799646.1
2023-02-11 20:00:00,0.381,0.3821,0.3807,0.3813,16153670.0
2023-02-11 21:00:00,0.3813,0.3835,0.3812,0.3832,23576493.7
2023-02-11 22:00:00,0.3832,0.384,0.3825,0.3832,15962483.4
2023-02-11 23:00:00,0.3831,0.3839,0.3827,0.383,25826918.6
2023-02-12 00:00:00,0.3831,0.3834,0.3822,0.3826,18410445.2
2023-02-12 01:00:00,0.3826,0.383,0.3815,0.3818,15841317.8
2023-02-12 02:00:00,0.3818,0.382,0.3812,0.3819,13893512.4
2023-02-12 03:00:00,0.3818,0.3819,0.381,0.3811,15555359.6
2023-02-12 04:00:00,0.3812,0.3812,0.3797,0.3808,21626556.0
2023-02-12 05:00:00,0.3809,0.3813,0.3803,0.3812,10253149.4
2023-02-12 06:00:00,0.3812,0.3818,0.3809,0.3817,10920985.0
2023-02-12 07:00:00,0.3816,0.3819,0.3808,0.3809,10738172.1
2023-02-12 08:00:00,0.3808,0.3818,0.3807,0.3812,14125637.4
2023-02-12 09:00:00,0.3812,0.3835,0.381,0.3832,24457029.1
2023-02-12 10:00:00,0.3832,0.3833,0.3818,0.3825,21568821.2
2023-02-12 11:00:00,0.3825,0.3826,0.382,0.3822,11130436.0
2023-02-12 12:00:00,0.3822,0.3825,0.3805,0.3814,26190372.5
2023-02-12 13:00:00,0.3813,0.3816,0.3805,0.3812,22415442.2
2023-02-12 14:00:00,0.3813,0.3831,0.3807,0.3819,26134770.3
2023-02-12 15:00:00,0.382,0.3829,0.3813,0.3822,25727323.2
2023-02-12 16:00:00,0.3823,0.3844,0.3816,0.3833,46449893.5
2023-02-12 17:00:00,0.3832,0.3838,0.383,0.3834,20773274.6
2023-02-12 18:00:00,0.3835,0.3847,0.3832,0.3832,17994112.1
2023-02-12 19:00:00,0.3832,0.3839,0.3822,0.3833,21094233.2
2023-02-12 20:00:00,0.3834,0.3838,0.3813,0.3822,19108979.3
2023-02-12 21:00:00,0.3821,0.3822,0.3755,0.3769,97597048.8
2023-02-12 22:00:00,0.3768,0.3771,0.3709,0.3753,86518732.6
2023-02-12 23:00:00,0.3753,0.3766,0.3727,0.3744,51867376.4
2023-02-13 00:00:00,0.3744,0.378,0.3738,0.376,51946602.7
2023-02-13 01:00:00,0.3761,0.3762,0.3693,0.3712,126626618.5
2023-02-13 02:00:00,0.3713,0.3717,0.3656,0.3707,106569159.8
2023-02-13 03:00:00,0.3707,0.3721,0.3692,0.3716,40194940.9
2023-02-13 04:00:00,0.3716,0.3735,0.371,0.3724,44461542.6
2023-02-13 05:00:00,0.3724,0.3741,0.3717,0.374,31753041.0
2023-02-13 06:00:00,0.374,0.3745,0.3729,0.3742,28886709.5
2023-02-13 07:00:00,0.3742,0.3768,0.3736,0.3755,46103986.8
2023-02-13 08:00:00,0.3754,0.3755,0.3692,0.3713,88466865.5
2023-02-13 09:00:00,0.3712,0.3716,0.3625,0.3642,218225209.0
2023-02-13 10:00:00,0.3642,0.3665,0.3605,0.3651,100409404.1
2023-02-13 11:00:00,0.3651,0.367,0.3647,0.3652,47955615.6
2023-02-13 12:00:00,0.3651,0.3668,0.3645,0.3656,48313615.2
2023-02-13 13:00:00,0.3656,0.368,0.3656,0.3675,49113497.2
2023-02-13 14:00:00,0.3676,0.3705,0.3675,0.3703,62429921.4
2023-02-13 15:00:00,0.3703,0.3706,0.3663,0.3664,40984401.7
2023-02-13 16:00:00,0.3664,0.3692,0.3638,0.3656,75120219.7
2023-02-13 17:00:00,0.3656,0.3665,0.3629,0.3641,70751287.3
2023-02-13 18:00:00,0.364,0.3703,0.3638,0.3698,48873523.5
2023-02-13 19:00:00,0.3697,0.3712,0.3693,0.3711,29759100.7
2023-02-13 20:00:00,0.3712,0.3728,0.3702,0.3719,30188779.6
2023-02-13 21:00:00,0.3719,0.3726,0.3713,0.3718,22348375.7
2023-02-13 22:00:00,0.3718,0.3718,0.3691,0.3708,27480767.1
2023-02-13 23:00:00,0.3708,0.3728,0.3703,0.3704,48245247.4
2023-02-14 00:00:00,0.3704,0.3707,0.3657,0.3663,63770778.5
2023-02-14 01:00:00,0.3662,0.367,0.3644,0.365,38046405.4
2023-02-14 02:00:00,0.3649,0.367,0.3647,0.3659,25932411.2
2023-02-14 03:00:00,0.366,0.3677,0.3657,0.3673,19091952.0
2023-02-14 04:00:00,0.3673,0.3675,0.3662,0.3662,24450809.3
2023-02-14 05:00:00,0.3663,0.3692,0.366,0.3692,32598355.9
2023-02-14 06:00:00,0.3692,0.3705,0.368,0.3683,31586262.3
2023-02-14 07:00:00,0.3683,0.3704,0.3681,0.37,24498096.2
2023-02-14 08:00:00,0.3701,0.3707,0.3671,0.3671,33682810.9
2023-02-14 09:00:00,0.3672,0.3703,0.3664,0.369,56601901.2
2023-02-14 10:00:00,0.369,0.3704,0.368,0.3695,31245171.0
2023-02-14 11:00:00,0.3695,0.3697,0.3679,0.3691,22168065.0
2023-02-14 12:00:00,0.369,0.3702,0.3687,0.3694,29801675.5
2023-02-14 13:00:00,0.3695,0.372,0.3641,0.3707,165007457.8
2023-02-14 14:00:00,0.3707,0.3763,0.3668,0.3756,145393245.8
2023-02-14 15:00:00,0.3757,0.3775,0.3723,0.3754,116937033.0
2023-02-14 16:00:00,0.3754,0.3761,0.3729,0.3742,58565642.9
2023-02-14 17:00:00,0.3742,0.3767,0.3739,0.3757,39006054.7
2023-02-14 18:00:00,0.3757,0.3782,0.3756,0.378,50625061.4
2023-02-14 19:00:00,0.3779,0.3799,0.3769,0.3791,47763659.7
2023-02-14 20:00:00,0.3791,0.3792,0.3773,0.3782,35021393.2
2023-02-14 21:00:00,0.3783,0.3787,0.3768,0.3781,24568953.5
2023-02-14 22:00:00,0.378,0.3796,0.378,0.3789,19664878.4
2023-02-14 23:00:00,0.379,0.3839,0.3787,0.3818,97001705.8
2023-02-15 00:00:00,0.3818,0.3819,0.3782,0.3794,39544548.7
2023-02-15 01:00:00,0.3793,0.3793,0.3767,0.3769,23923297.5
2023-02-15 02:00:00,0.3769,0.3782,0.3765,0.3778,24990878.7
2023-02-15 03:00:00,0.3778,0.3807,0.3778,0.3802,44652913.2
2023-02-15 04:00:00,0.3802,0.3825,0.3797,0.3806,28773767.0
2023-02-15 05:00:00,0.3807,0.3822,0.3799,0.3802,28516267.6
2023-02-15 06:00:00,0.3802,0.3821,0.3795,0.3816,33239335.7
2023-02-15 07:00:00,0.3817,0.383,0.3814,0.3822,28647701.2
2023-02-15 08:00:00,0.3823,0.3835,0.3807,0.381,34566218.6
2023-02-15 09:00:00,0.3811,0.3825,0.3806,0.3823,37252621.4
2023-02-15 10:00:00,0.3823,0.3852,0.3822,0.3848,40258890.7
2023-02-15 11:00:00,0.3849,0.3866,0.3832,0.3857,77059142.3
2023-02-15 12:00:00,0.3858,0.3893,0.3857,0.3876,102174846.7
2023-02-15 13:00:00,0.3876,0.3883,0.3858,0.3866,63028626.1
2023-02-15 14:00:00,0.3867,0.3877,0.3855,0.3865,54789151.0
2023-02-15 15:00:00,0.3865,0.3876,0.3856,0.3868,42138162.4
2023-02-15 16:00:00,0.3867,0.3877,0.3849,0.3851,36612962.0
2023-02-15 17:00:00,0.3852,0.3863,0.3846,0.3858,27119821.1
2023-02-15 18:00:00,0.3859,0.3886,0.3853,0.3883,34376004.4
2023-02-15 19:00:00,0.3884,0.3945,0.3877,0.3939,86069938.1
2023-02-15 20:00:00,0.3939,0.4021,0.3932,0.401,163761115.0
2023-02-15 21:00:00,0.401,0.4015,0.3978,0.3994,86847467.9
2023-02-15 22:00:00,0.3995,0.4014,0.3986,0.4001,42554234.7
2023-02-15 23:00:00,0.4001,0.4024,0.3998,0.4012,50785247.7
2023-02-16 00:00:00,0.4011,0.4047,0.3961,0.399,177576896.0
2023-02-16 01:00:00,0.3989,0.4012,0.398,0.4,49769703.6
2023-02-16 02:00:00,0.4,0.4019,0.3996,0.4013,40911031.8
2023-02-16 03:00:00,0.4014,0.4021,0.4005,0.4009,27379948.9
2023-02-16 04:00:00,0.4009,0.4015,0.3998,0.4008,27379876.7
2023-02-16 05:00:00,0.4009,0.4029,0.4003,0.4003,41702139.4
2023-02-16 06:00:00,0.4004,0.4018,0.3997,0.4,39360947.3
2023-02-16 07:00:00,0.4,0.4008,0.398,0.3999,64033957.1
2023-02-16 08:00:00,0.3999,0.4007,0.3991,0.3995,26841679.2
2023-02-16 09:00:00,0.3994,0.4007,0.3986,0.4006,37471037.9
2023-02-16 10:00:00,0.4006,0.4017,0.3997,0.4001,34835727.2
2023-02-16 11:00:00,0.4001,0.4002,0.3966,0.3976,51339146.0
2023-02-16 12:00:00,0.3977,0.3997,0.3966,0.3995,30952153.3
2023-02-16 13:00:00,0.3995,0.4,0.3944,0.3961,105623299.5
2023-02-16 14:00:00,0.3962,0.3976,0.3943,0.3966,81693610.3
2023-02-16 15:00:00,0.3966,0.4022,0.3963,0.4021,85279177.2
2023-02-16 16:00:00,0.4021,0.4034,0.3959,0.3995,164062595.5
2023-02-16 17:00:00,0.3995,0.3999,0.3973,0.3986,54137634.8
2023-02-16 18:00:00,0.3987,0.401,0.3983,0.4004,45734215.2
2023-02-16 19:00:00,0.4005,0.4011,0.3986,0.3994,35784262.0
2023-02-16 20:00:00,0.3995,0.3995,0.3925,0.395,102888487.8
2023-02-16 21:00:00,0.3949,0.3951,0.3905,0.3921,73473817.8
2023-02-16 22:00:00,0.3921,0.3929,0.3861,0.387,81182183.0
2023-02-16 23:00:00,0.3869,0.3883,0.3836,0.3839,120770503.1
2023-02-17 00:00:00,0.3838,0.388,0.3804,0.3866,100500536.7
2023-02-17 01:00:00,0.3866,0.3884,0.386,0.3867,44168409.5
2023-02-17 02:00:00,0.3866,0.3893,0.3863,0.3884,30286596.6
2023-02-17 03:00:00,0.3884,0.3905,0.3883,0.3901,25579380.8
2023-02-17 04:00:00,0.39,0.3906,0.3887,0.39,31644172.4
2023-02-17 05:00:00,0.3901,0.3903,0.3868,0.3871,46054698.6
2023-02-17 06:00:00,0.3871,0.3882,0.3864,0.3879,29447485.5
2023-02-17 07:00:00,0.3878,0.39,0.387,0.3874,36296208.8
2023-02-17 08:00:00,0.3875,0.389,0.3862,0.3889,44822111.5
2023-02-17 09:00:00,0.3889,0.3897,0.3878,0.3888,27421250.2
2023-02-17 10:00:00,0.3888,0.3891,0.3868,0.3872,28045195.0
2023-02-17 11:00:00,0.3872,0.3886,0.3871,0.3875,21744167.2
2023-02-17 12:00:00,0.3875,0.389,0.3871,0.3887,23468527.5
2023-02-17 13:00:00,0.3888,0.3889,0.3864,0.387,37437595.2
2023-02-17 14:00:00,0.387,0.3915,0.3853,0.3878,137568418.6
2023-02-17 15:00:00,0.3878,0.3904,0.3876,0.3885,85711023.1
2023-02-17 16:00:00,0.3885,0.3908,0.3857,0.3883,73004715.6
2023-02-17 17:00:00,0.3883,0.3927,0.3882,0.391,80851353.0
2023-02-17 18:00:00,0.391,0.3938,0.3904,0.3938,47137159.1
2023-02-17 19:00:00,0.3938,0.3956,0.3913,0.3951,50419020.1
2023-02-17 20:00:00,0.395,0.4001,0.394,0.3996,118673618.5
2023-02-17 21:00:00,0.3997,0.4001,0.3948,0.3952,57293637.8
2023-02-17 22:00:00,0.3953,0.3956,0.3896,0.3954,95324117.5
2023-02-17 23:00:00,0.3953,0.3964,0.3947,0.395,41270471.2
2023-02-18 00:00:00,0.395,0.3959,0.3937,0.394,38198876.7
2023-02-18 01:00:00,0.394,0.3961,0.3935,0.396,24728254.3
2023-02-18 02:00:00,0.396,0.3961,0.3935,0.3942,21474411.3
2023-02-18 03:00:00,0.3942,0.3949,0.3936,0.3948,17022137.5
2023-02-18 04:00:00,0.3949,0.3955,0.3942,0.3943,15054652.8
2023-02-18 05:00:00,0.3944,0.395,0.394,0.395,10168255.1
2023-02-18 06:00:00,0.3951,0.3969,0.395,0.3955,30316038.3
2023-02-18 07:00:00,0.3954,0.3955,0.3932,0.3945,29563525.6
2023-02-18 08:00:00,0.3945,0.3948,0.3921,0.3936,42092303.9
2023-02-18 09:00:00,0.3935,0.3942,0.3931,0.3934,17005413.2
2023-02-18 10:00:00,0.3934,0.3938,0.3911,0.3912,28421920.4
2023-02-18 11:00:00,0.3912,0.3932,0.3911,0.3928,22065509.5
2023-02-18 12:00:00,0.3927,0.3945,0.3922,0.3943,28489644.8
2023-02-18 13:00:00,0.3943,0.395,0.3937,0.394,26846939.0
2023-02-18 14:00:00,0.3941,0.3952,0.3933,0.3948,40384399.4
2023-02-18 15:00:00,0.3949,0.3955,0.3938,0.3949,26203144.8
2023-02-18 16:00:00,0.3949,0.3977,0.3942,0.3955,61611550.6
2023-02-18 17:00:00,0.3954,0.3962,0.3934,0.3947,36399077.9
2023-02-18 18:00:00,0.3946,0.3964,0.3934,0.3945,39921512.5
2023-02-18 19:00:00,0.3944,0.3951,0.3924,0.3936,26586101.7
2023-02-18 20:00:00,0.3936,0.3938,0.3917,0.3922,24990990.2
2023-02-18 21:00:00,0.3922,0.3937,0.392,0.3935,18015002.7
2023-02-18 22:00:00,0.3935,0.395,0.3934,0.3947,15566557.6
2023-02-18 23:00:00,0.3947,0.395,0.3937,0.394,16726172.4
2023-02-19 00:00:00,0.3941,0.3957,0.3935,0.3952,23701329.0
2023-02-19 01:00:00,0.3951,0.3954,0.3882,0.3912,81216393.4
2023-02-19 02:00:00,0.3911,0.3923,0.3908,0.3918,24160330.4
2023-02-19 03:00:00,0.3917,0.3923,0.3904,0.3908,17723788.3
2023-02-19 04:00:00,0.3909,0.3924,0.3907,0.3923,14761452.3
2023-02-19 05:00:00,0.3922,0.3941,0.3914,0.3931,33747805.8
2023-02-19 06:00:00,0.3931,0.3936,0.392,0.3928,25158756.4
2023-02-19 07:00:00,0.3928,0.3936,0.391,0.3912,24724039.2
2023-02-19 08:00:00,0.3911,0.392,0.3907,0.3909,17629871.7
2023-02-19 09:00:00,0.3908,0.3918,0.3908,0.3915,14601563.5
2023-02-19 10:00:00,0.3914,0.3921,0.3906,0.3919,26093441.1
2023-02-19 11:00:00,0.3919,0.3933,0.3918,0.393,24716355.8
2023-02-19 12:00:00,0.3931,0.3944,0.3927,0.394,29565699.5
2023-02-19 13:00:00,0.394,0.3949,0.3931,0.3936,33196249.6
2023-02-19 14:00:00,0.3935,0.3958,0.3934,0.3953,38020278.4
2023-02-19 15:00:00,0.3953,0.3972,0.3921,0.396,99957128.0
2023-02-19 16:00:00,0.396,0.398,0.3889,0.3925,123199899.7
2023-02-19 17:00:00,0.3925,0.3933,0.3866,0.3887,123059980.9
2023-02-19 18:00:00,0.3887,0.3905,0.3883,0.389,32710480.0
2023-02-19 19:00:00,0.389,0.3898,0.3878,0.3879,20269558.1
2023-02-19 20:00:00,0.388,0.388,0.384,0.3878,64446859.2
2023-02-19 21:00:00,0.3879,0.3886,0.3866,0.3885,29091783.6
2023-02-19 22:00:00,0.3885,0.3891,0.3863,0.3872,19642310.1
2023-02-19 23:00:00,0.3871,0.3884,0.3848,0.3859,53542068.7
2023-02-20 00:00:00,0.3859,0.3897,0.3857,0.387,54383171.3
2023-02-20 01:00:00,0.3869,0.3871,0.376,0.3863,158613871.7
2023-02-20 02:00:00,0.3864,0.3878,0.3855,0.3873,37470311.9
2023-02-20 03:00:00,0.3873,0.3884,0.3868,0.3878,30049865.0
2023-02-20 04:00:00,0.3878,0.3902,0.3874,0.3897,36119042.1
2023-02-20 05:00:00,0.3897,0.3924,0.3894,0.3914,31695086.2
2023-02-20 06:00:00,0.3915,0.3918,0.3893,0.3915,40284206.5
2023-02-20 07:00:00,0.3915,0.3923,0.3897,0.3908,45871405.6
2023-02-20 08:00:00,0.3908,0.3917,0.3892,0.3904,47021385.8
2023-02-20 09:00:00,0.3903,0.3934,0.3897,0.393,72904152.1
2023-02-20 10:00:00,0.393,0.3949,0.3923,0.3934,55384264.1
2023-02-20 11:00:00,0.3935,0.3944,0.392,0.3929,48105025.3
2023-02-20 12:00:00,0.3929,0.394,0.3913,0.3929,51842766.1
2023-02-20 13:00:00,0.3928,0.396,0.3928,0.396,46001838.2
2023-02-20 14:00:00,0.3959,0.4092,0.3958,0.4083,271421209.6
2023-02-20 15:00:00,0.4082,0.4089,0.402,0.4027,148098920.9
2023-02-20 16:00:00,0.4027,0.4034,0.3982,0.4022,120117771.8
2023-02-20 17:00:00,0.4022,0.4085,0.4013,0.4066,74149700.6
2023-02-20 18:00:00,0.4065,0.4067,0.3993,0.3995,99655362.3
2023-02-20 19:00:00,0.3996,0.4033,0.3991,0.4033,49972372.9
2023-02-20 20:00:00,0.4032,0.4039,0.4006,0.401,51855801.8
2023-02-20 21:00:00,0.4011,0.4015,0.3989,0.3996,44769848.1
2023-02-20 22:00:00,0.3996,0.4003,0.3971,0.3973,44059730.8
2023-02-20 23:00:00,0.3972,0.3992,0.3971,0.3986,27876081.9
2023-02-21 00:00:00,0.3986,0.3992,0.3958,0.3964,53954623.8
2023-02-21 01:00:00,0.3964,0.3967,0.394,0.3948,56295468.7
2023-02-21 02:00:00,0.3948,0.3984,0.3943,0.3954,55934804.4
2023-02-21 03:00:00,0.3953,0.3964,0.3939,0.3945,40709334.8
2023-02-21 04:00:00,0.3944,0.3969,0.3941,0.3958,32634427.2
2023-02-21 05:00:00,0.3958,0.3985,0.3956,0.3983,29336326.7
2023-02-21 06:00:00,0.3982,0.4006,0.3973,0.4005,42219933.6
2023-02-21 07:00:00,0.4005,0.4005,0.3976,0.3995,42098524.4
2023-02-21 08:00:00,0.3996,0.4025,0.3903,0.3931,177291195.8
2023-02-21 09:00:00,0.3931,0.3949,0.3903,0.3926,90793883.7
2023-02-21 10:00:00,0.3926,0.3932,0.3906,0.3911,58893536.7
2023-02-21 11:00:00,0.391,0.393,0.3893,0.3901,71848942.6
2023-02-21 12:00:00,0.3902,0.3925,0.3893,0.392,44603006.8
2023-02-21 13:00:00,0.392,0.3929,0.3877,0.3894,59046919.0
2023-02-21 14:00:00,0.3894,0.3921,0.3888,0.3908,77991049.2
2023-02-21 15:00:00,0.3907,0.3915,0.3879,0.3892,65707682.2
2023-02-21 16:00:00,0.3892,0.3894,0.387,0.3878,51926776.0
2023-02-21 17:00:00,0.3877,0.3919,0.3877,0.3917,30882784.8
2023-02-21 18:00:00,0.3916,0.3939,0.3916,0.3938,37267243.8
2023-02-21 19:00:00,0.3938,0.3943,0.3915,0.3939,31801583.3
2023-02-21 20:00:00,0.3939,0.3949,0.393,0.3931,27901924.9
2023-02-21 21:00:00,0.3932,0.3945,0.3881,0.3889,84763843.1
2023-02-21 22:00:00,0.389,0.3913,0.3884,0.3913,20683768.7
2023-02-21 23:00:00,0.3912,0.3919,0.3902,0.3918,26191906.3
2023-02-22 00:00:00,0.3918,0.3927,0.3884,0.3904,38834080.8
2023-02-22 01:00:00,0.3904,0.3915,0.3842,0.3868,77667269.8
2023-02-22 02:00:00,0.3867,0.3875,0.3825,0.3875,93823363.0
2023-02-22 03:00:00,0.3874,0.3902,0.3871,0.3901,24610882.4
2023-02-22 04:00:00,0.3901,0.3904,0.3876,0.3904,34390555.0
2023-02-22 05:00:00,0.3905,0.3907,0.3886,0.3905,28907967.5
2023-02-22 06:00:00,0.3906,0.3922,0.387,0.3876,60031960.6
2023-02-22 07:00:00,0.3875,0.3908,0.3853,0.3904,72249113.4
2023-02-22 08:00:00,0.3904,0.3909,0.3868,0.3873,83721437.9
2023-02-22 09:00:00,0.3872,0.3892,0.3859,0.3878,83209771.8
2023-02-22 10:00:00,0.3878,0.3905,0.3875,0.3902,39995768.3
2023-02-22 11:00:00,0.3901,0.3909,0.3885,0.3906,32745787.4
2023-02-22 12:00:00,0.3907,0.393,0.39,0.3909,54328432.7
2023-02-22 13:00:00,0.3908,0.3976,0.3898,0.3957,94787861.8
2023-02-22 14:00:00,0.3956,0.3958,0.3893,0.3897,123421583.2
2023-02-22 15:00:00,0.3898,0.3903,0.3855,0.3881,117396005.3
2023-02-22 16:00:00,0.3882,0.3887,0.3866,0.3887,56676843.2
2023-02-22 17:00:00,0.3886,0.3901,0.3878,0.388,41495723.8
2023-02-22 18:00:00,0.388,0.3923,0.3877,0.3913,39257603.1
2023-02-22 19:00:00,0.3913,0.3942,0.3898,0.3927,90551090.1
2023-02-22 20:00:00,0.3928,0.3941,0.3907,0.394,33946290.5
2023-02-22 21:00:00,0.3941,0.3944,0.3924,0.3926,29598803.3
2023-02-22 22:00:00,0.3927,0.395,0.3923,0.395,21442408.6
2023-02-22 23:00:00,0.3949,0.3964,0.3947,0.3953,39357627.3
2023-02-23 00:00:00,0.3953,0.3959,0.3926,0.3928,34411584.2
2023-02-23 01:00:00,0.3929,0.3933,0.3903,0.3916,43795723.7
2023-02-23 02:00:00,0.3915,0.3967,0.3915,0.3962,44860028.7
2023-02-23 03:00:00,0.3962,0.3971,0.395,0.3951,32258394.7
2023-02-23 04:00:00,0.395,0.397,0.3946,0.3969,19421645.3
2023-02-23 05:00:00,0.3968,0.3978,0.3955,0.3957,38856750.3
2023-02-23 06:00:00,0.3958,0.397,0.3937,0.3941,49989358.2
2023-02-23 07:00:00,0.394,0.3966,0.3938,0.3964,32227259.3
2023-02-23 08:00:00,0.3963,0.3973,0.3955,0.3966,28146630.5
2023-02-23 09:00:00,0.3966,0.3974,0.3937,0.3949,47716795.3
2023-02-23 10:00:00,0.3949,0.3963,0.3941,0.3958,26140630.1
2023-02-23 11:00:00,0.3958,0.3961,0.388,0.3896,113993029.4
2023-02-23 12:00:00,0.3896,0.3912,0.388,0.391,54491436.6
2023-02-23 13:00:00,0.391,0.3933,0.3891,0.3908,82646618.2
2023-02-23 14:00:00,0.3909,0.3926,0.3898,0.3901,47467741.3
2023-02-23 15:00:00,0.3902,0.3907,0.3885,0.3892,39926138.3
2023-02-23 16:00:00,0.3893,0.3893,0.3871,0.388,45659068.4
2023-02-23 17:00:00,0.388,0.3889,0.3857,0.387,43717815.5
2023-02-23 18:00:00,0.387,0.3885,0.3852,0.3884,39757895.0
2023-02-23 19:00:00,0.3884,0.391,0.3881,0.3909,34679904.1
2023-02-23 20:00:00,0.3909,0.3913,0.3897,0.3898,18652706.3
2023-02-23 21:00:00,0.3898,0.3899,0.3877,0.3879,16815964.6
2023-02-23 22:00:00,0.3879,0.3887,0.3862,0.3887,20115611.0
2023-02-23 23:00:00,0.3886,0.3898,0.388,0.3881,23956578.7
2023-02-24 00:00:00,0.3882,0.3898,0.3874,0.3887,28173951.6
2023-02-24 01:00:00,0.3887,0.3905,0.3879,0.3883,31921921.2
2023-02-24 02:00:00,0.3882,0.3888,0.3875,0.3885,18450687.6
2023-02-24 03:00:00,0.3886,0.3901,0.3884,0.3892,18074111.3
2023-02-24 04:00:00,0.3891,0.3906,0.389,0.3897,18784475.0
2023-02-24 05:00:00,0.3897,0.39,0.3869,0.388,37678571.7
2023-02-24 06:00:00,0.3879,0.3883,0.386,0.3881,39108079.5
2023-02-24 07:00:00,0.388,0.3893,0.3872,0.3884,24156351.0
2023-02-24 08:00:00,0.3884,0.3898,0.3874,0.3894,30025357.1
2023-02-24 09:00:00,0.3893,0.39,0.3883,0.3886,20604956.5
2023-02-24 10:00:00,0.3887,0.3892,0.3866,0.3889,33637306.6
2023-02-24 11:00:00,0.389,0.3894,0.3878,0.3891,22090862.0
2023-02-24 12:00:00,0.3891,0.3903,0.3883,0.3888,30311743.0
2023-02-24 13:00:00,0.3889,0.389,0.3858,0.386,72886847.9
2023-02-24 14:00:00,0.3859,0.3866,0.3836,0.3852,62530594.2
2023-02-24 15:00:00,0.3851,0.3854,0.3783,0.3813,157173166.4
2023-02-24 16:00:00,0.3812,0.3813,0.3723,0.3752,185027150.1
2023-02-24 17:00:00,0.3751,0.3764,0.3721,0.3747,67449102.7
2023-02-24 18:00:00,0.3746,0.3764,0.3731,0.3758,39040382.9
2023-02-24 19:00:00,0.3757,0.3778,0.3737,0.3775,48626350.7
2023-02-24 20:00:00,0.3774,0.3792,0.3771,0.3779,39139672.6
2023-02-24 21:00:00,0.3778,0.378,0.3739,0.3746,30167219.9
2023-02-24 22:00:00,0.3746,0.3766,0.372,0.3766,26505360.9
2023-02-24 23:00:00,0.3765,0.3787,0.3748,0.3781,37933684.4
2023-02-25 00:00:00,0.378,0.3787,0.3767,0.3779,30793193.7
2023-02-25 01:00:00,0.3778,0.3788,0.3772,0.3783,16343316.5
2023-02-25 02:00:00,0.3783,0.3788,0.3757,0.3766,32658598.9
2023-02-25 03:00:00,0.3766,0.378,0.3762,0.3776,19335313.1
2023-02-25 04:00:00,0.3776,0.3782,0.377,0.3775,21524072.7
2023-02-25 05:00:00,0.3775,0.378,0.3758,0.3765,22640057.1
2023-02-25 06:00:00,0.3764,0.378,0.3763,0.3778,13588160.2
2023-02-25 07:00:00,0.3777,0.3784,0.377,0.3778,18884775.4
2023-02-25 08:00:00,0.3777,0.3792,0.3774,0.3784,20975342.3
2023-02-25 09:00:00,0.3783,0.3785,0.3768,0.3773,23203351.1
2023-02-25 10:00:00,0.3772,0.3776,0.376,0.3765,28263384.0
2023-02-25 11:00:00,0.3765,0.3778,0.3764,0.3777,26843338.9
2023-02-25 12:00:00,0.3776,0.3779,0.375,0.3778,51510259.1
2023-02-25 13:00:00,0.3777,0.3784,0.377,0.3776,30788150.8
2023-02-25 14:00:00,0.3775,0.3781,0.3769,0.3773,23399268.4
2023-02-25 15:00:00,0.3772,0.3782,0.3765,0.3772,18600907.0
2023-02-25 16:00:00,0.3772,0.3784,0.377,0.3774,25857403.6
2023-02-25 17:00:00,0.3773,0.3777,0.3764,0.377,19791673.9
2023-02-25 18:00:00,0.377,0.3772,0.3749,0.3754,39743413.4
2023-02-25 19:00:00,0.3754,0.3765,0.3729,0.3756,60489867.5
2023-02-25 20:00:00,0.3756,0.376,0.3682,0.3733,106071379.0
2023-02-25 21:00:00,0.3732,0.3743,0.371,0.3741,35931607.8
2023-02-25 22:00:00,0.374,0.3772,0.3732,0.3768,23230038.3
2023-02-25 23:00:00,0.3767,0.3779,0.3757,0.3775,39911696.7
2023-02-26 00:00:00,0.3775,0.3779,0.3764,0.3771,19705568.8
2023-02-26 01:00:00,0.377,0.3779,0.3766,0.3776,15632995.1
2023-02-26 02:00:00,0.3775,0.3785,0.3766,0.3783,17847107.5
2023-02-26 03:00:00,0.3783,0.3784,0.3777,0.3781,12148953.9
2023-02-26 04:00:00,0.378,0.3782,0.377,0.3775,10319138.9
2023-02-26 05:00:00,0.3775,0.3779,0.3772,0.3774,9868158.3
2023-02-26 06:00:00,0.3774,0.3776,0.3769,0.3775,9847172.6
2023-02-26 07:00:00,0.3776,0.3782,0.3772,0.3774,14084793.0
2023-02-26 08:00:00,0.3774,0.3778,0.3767,0.3776,11567392.9
2023-02-26 09:00:00,0.3777,0.3784,0.3774,0.3776,18657688.2
2023-02-26 10:00:00,0.3776,0.3778,0.3768,0.3771,15426525.6
2023-02-26 11:00:00,0.3771,0.3772,0.3759,0.3766,18737576.5
2023-02-26 12:00:00,0.3766,0.3768,0.3757,0.3763,19400558.1
2023-02-26 13:00:00,0.3762,0.3763,0.375,0.3759,19655324.4
2023-02-26 14:00:00,0.3759,0.3778,0.3756,0.3757,28622510.6
2023-02-26 15:00:00,0.3756,0.376,0.3751,0.3756,19926476.7
2023-02-26 16:00:00,0.3756,0.3765,0.3753,0.3756,21108005.1
2023-02-26 17:00:00,0.3755,0.3759,0.3743,0.3759,27147761.1
2023-02-26 18:00:00,0.3758,0.3793,0.3755,0.3786,42396341.8
2023-02-26 19:00:00,0.3786,0.3801,0.3778,0.379,29618901.0
2023-02-26 20:00:00,0.379,0.3805,0.3783,0.3796,28761816.8
2023-02-26 21:00:00,0.3796,0.3797,0.3778,0.3782,21383517.9
2023-02-26 22:00:00,0.3782,0.3786,0.3752,0.3764,32412613.6
2023-02-26 23:00:00,0.3763,0.378,0.3762,0.3776,38936920.0
2023-02-27 00:00:00,0.3776,0.378,0.3764,0.3775,28606084.8
2023-02-27 01:00:00,0.3776,0.3776,0.3758,0.3766,30174212.0
2023-02-27 02:00:00,0.3766,0.3779,0.3756,0.3756,28218172.0
2023-02-27 03:00:00,0.3756,0.3768,0.3753,0.3762,35082926.8
2023-02-27 04:00:00,0.3762,0.3774,0.3757,0.3761,25057883.5
2023-02-27 05:00:00,0.3761,0.3767,0.3745,0.3755,42290341.9
2023-02-27 06:00:00,0.3754,0.3767,0.375,0.3755,25394578.6
2023-02-27 07:00:00,0.3755,0.3762,0.3737,0.3742,37393283.3
2023-02-27 08:00:00,0.3741,0.375,0.3716,0.3717,63439107.3
2023-02-27 09:00:00,0.3717,0.3733,0.3706,0.3723,71412417.8
2023-02-27 10:00:00,0.3723,0.3736,0.3714,0.3729,32524330.6
2023-02-27 11:00:00,0.3729,0.3743,0.3723,0.3735,34828270.6
2023-02-27 12:00:00,0.3736,0.3743,0.3726,0.3735,45841032.3
2023-02-27 13:00:00,0.3735,0.3785,0.3734,0.3778,92047006.4
2023-02-27 14:00:00,0.3778,0.3788,0.3774,0.3784,63703848.0
2023-02-27 15:00:00,0.3784,0.3791,0.3752,0.377,67453185.4
2023-02-27 16:00:00,0.377,0.3778,0.3731,0.376,79689340.5
2023-02-27 17:00:00,0.3761,0.3779,0.3745,0.3773,38982200.4
2023-02-27 18:00:00,0.3774,0.3779,0.3731,0.375,63569965.9
2023-02-27 19:00:00,0.3749,0.3773,0.3747,0.3769,36718574.4
2023-02-27 20:00:00,0.3769,0.3795,0.375,0.3781,60300591.8
2023-02-27 21:00:00,0.3781,0.3789,0.3771,0.3786,27696664.9
2023-02-27 22:00:00,0.3786,0.38,0.3778,0.3796,24608058.4
2023-02-27 23:00:00,0.3796,0.38,0.3781,0.3783,29755801.6
2023-02-28 00:00:00,0.3784,0.3792,0.3762,0.3777,38063483.0
2023-02-28 01:00:00,0.3776,0.3785,0.3758,0.3766,25728204.8
2023-02-28 02:00:00,0.3767,0.3768,0.3718,0.3725,74292200.0
2023-02-28 03:00:00,0.3725,0.3759,0.372,0.3755,37150239.4
2023-02-28 04:00:00,0.3755,0.3769,0.3749,0.3767,33090715.8
2023-02-28 05:00:00,0.3766,0.3776,0.3764,0.3771,26807455.2
2023-02-28 06:00:00,0.3771,0.3787,0.3763,0.3764,34778407.6
2023-02-28 07:00:00,0.3763,0.3764,0.3728,0.374,70191260.3
2023-02-28 08:00:00,0.3739,0.3745,0.3721,0.3722,53430195.8
2023-02-28 09:00:00,0.3722,0.3752,0.3721,0.375,37205620.3
2023-02-28 10:00:00,0.375,0.3765,0.3742,0.3765,29807809.4
2023-02-28 11:00:00,0.3765,0.377,0.3749,0.3767,32565586.8
2023-02-28 12:00:00,0.3768,0.3792,0.3767,0.3791,46054351.2
2023-02-28 13:00:00,0.3791,0.3796,0.3767,0.3777,72223794.3
2023-02-28 14:00:00,0.3777,0.3796,0.377,0.3776,64226433.2
2023-02-28 15:00:00,0.3776,0.3799,0.3767,0.3796,45411395.8
2023-02-28 16:00:00,0.3796,0.3802,0.3772,0.3776,31942744.9
2023-02-28 17:00:00,0.3776,0.3799,0.3775,0.3797,21113429.3
2023-02-28 18:00:00,0.3797,0.3818,0.3789,0.3816,37658929.6
2023-02-28 19:00:00,0.3816,0.3824,0.3785,0.38,63860164.5
2023-02-28 20:00:00,0.38,0.3817,0.3781,0.381,40600060.2
2023-02-28 21:00:00,0.381,0.381,0.3737,0.3761,95147508.2
2023-02-28 22:00:00,0.376,0.3784,0.3752,0.3773,30056904.4
2023-02-28 23:00:00,0.3773,0.378,0.376,0.376,27695933.2
2023-03-01 00:00:00,0.3761,0.3762,0.3726,0.374,54877602.8
2023-03-01 01:00:00,0.3741,0.3755,0.3729,0.3742,39988736.4
2023-03-01 02:00:00,0.3742,0.3745,0.3725,0.3742,39771899.3
2023-03-01 03:00:00,0.3742,0.3766,0.3742,0.3764,38498027.0
2023-03-01 04:00:00,0.3765,0.3804,0.3756,0.38,39482568.8
2023-03-01 05:00:00,0.3801,0.3822,0.3797,0.3808,39645147.6
2023-03-01 06:00:00,0.3809,0.3828,0.3799,0.382,41319313.3
2023-03-01 07:00:00,0.382,0.3823,0.3808,0.382,33679924.8
2023-03-01 08:00:00,0.3821,0.3847,0.3816,0.3828,44615495.8
2023-03-01 09:00:00,0.3828,0.3835,0.381,0.3814,45262520.7
2023-03-01 10:00:00,0.3815,0.3825,0.3807,0.3811,28902464.0
2023-03-01 11:00:00,0.3812,0.3816,0.3792,0.3803,45603357.5
2023-03-01 12:00:00,0.3803,0.3814,0.3801,0.3808,29577079.3
2023-03-01 13:00:00,0.3809,0.381,0.3785,0.3798,44288155.3
2023-03-01 14:00:00,0.3798,0.382,0.379,0.3804,45400860.4
2023-03-01 15:00:00,0.3805,0.3817,0.3793,0.3814,39939319.3
2023-03-01 16:00:00,0.3814,0.3815,0.3782,0.3812,30768451.4
2023-03-01 17:00:00,0.3812,0.3822,0.3807,0.3809,20080645.2
2023-03-01 18:00:00,0.3808,0.3832,0.3807,0.3829,27615312.9
2023-03-01 19:00:00,0.3829,0.384,0.3794,0.3803,61486757.4
2023-03-01 20:00:00,0.3803,0.3833,0.3802,0.3831,35503485.9
2023-03-01 21:00:00,0.3832,0.3842,0.3822,0.3827,29361299.3
2023-03-01 22:00:00,0.3827,0.3837,0.3815,0.3831,26384454.1
2023-03-01 23:00:00,0.383,0.3841,0.3826,0.3834,24364956.7
2023-03-02 00:00:00,0.3835,0.3846,0.3818,0.3819,41506394.7
2023-03-02 01:00:00,0.3819,0.3823,0.3777,0.378,52552966.7
2023-03-02 02:00:00,0.378,0.3792,0.3773,0.3785,49756838.6
2023-03-02 03:00:00,0.3784,0.3795,0.3774,0.3776,35142424.9
2023-03-02 04:00:00,0.3776,0.3794,0.3776,0.3794,23717585.4
2023-03-02 05:00:00,0.3793,0.3797,0.3779,0.3784,19972608.1
2023-03-02 06:00:00,0.3784,0.3798,0.3778,0.3785,35642558.5
2023-03-02 07:00:00,0.3784,0.3791,0.3777,0.3787,26839728.3
2023-03-02 08:00:00,0.3787,0.3795,0.3766,0.3775,44143303.5
2023-03-02 09:00:00,0.3775,0.3789,0.3772,0.3775,33149938.5
2023-03-02 10:00:00,0.3776,0.3783,0.3768,0.3781,24074270.4
2023-03-02 11:00:00,0.3781,0.3785,0.3778,0.3783,17389313.1
2023-03-02 12:00:00,0.3782,0.3787,0.377,0.3778,22714083.0
2023-03-02 13:00:00,0.3779,0.3784,0.3763,0.3767,41200753.5
2023-03-02 14:00:00,0.3768,0.3774,0.3741,0.3747,72306317.8
2023-03-02 15:00:00,0.3746,0.3759,0.3742,0.3756,43788218.9
2023-03-02 16:00:00,0.3756,0.3761,0.3735,0.3746,29359347.7
2023-03-02 17:00:00,0.3745,0.3761,0.3745,0.3756,19090768.2
2023-03-02 18:00:00,0.3757,0.3791,0.3753,0.3788,36211804.5
2023-03-02 19:00:00,0.3788,0.381,0.3781,0.3807,41502292.1
2023-03-02 20:00:00,0.3808,0.3811,0.3789,0.3789,34466137.3
2023-03-02 21:00:00,0.379,0.3794,0.3776,0.3777,21987423.4
2023-03-02 22:00:00,0.3777,0.3793,0.3775,0.3782,14150088.8
2023-03-02 23:00:00,0.3782,0.3783,0.3768,0.3771,26036665.7
2023-03-03 00:00:00,0.3772,0.3779,0.3761,0.3778,20741106.8
2023-03-03 01:00:00,0.3778,0.378,0.3483,0.3603,338826254.0
2023-03-03 02:00:00,0.3603,0.3635,0.3594,0.3632,108514118.0
2023-03-03 03:00:00,0.3632,0.3667,0.3622,0.3643,107482696.6
2023-03-03 04:00:00,0.3642,0.3663,0.3633,0.3653,49976075.5
2023-03-03 05:00:00,0.3653,0.3675,0.365,0.3672,33807074.5
2023-03-03 06:00:00,0.3673,0.369,0.3669,0.3671,36564726.5
2023-03-03 07:00:00,0.367,0.3679,0.365,0.365,42738581.6
2023-03-03 08:00:00,0.365,0.3662,0.3643,0.3662,48808891.3
2023-03-03 09:00:00,0.3661,0.3666,0.3649,0.3654,28348452.7
2023-03-03 10:00:00,0.3654,0.3679,0.3654,0.3678,22823665.5
2023-03-03 11:00:00,0.3678,0.368,0.366,0.3673,42043096.8
2023-03-03 12:00:00,0.3673,0.3685,0.3669,0.3676,55853590.1
2023-03-03 13:00:00,0.3676,0.3695,0.3669,0.3692,53038521.5
2023-03-03 14:00:00,0.3692,0.3697,0.3666,0.367,50093555.3
2023-03-03 15:00:00,0.367,0.3681,0.3652,0.3673,57150062.6
2023-03-03 16:00:00,0.3672,0.3675,0.3663,0.3667,22077038.4
2023-03-03 17:00:00,0.3667,0.3687,0.3664,0.3679,25880552.8
2023-03-03 18:00:00,0.3679,0.3691,0.3667,0.3684,44314343.0
2023-03-03 19:00:00,0.3684,0.3712,0.3682,0.3707,27343083.5
2023-03-03 20:00:00,0.3707,0.3714,0.3699,0.3707,25543760.0
2023-03-03 21:00:00,0.3708,0.3735,0.3695,0.3726,59232148.2
2023-03-03 22:00:00,0.3727,0.3758,0.3726,0.375,46399349.2
2023-03-03 23:00:00,0.3751,0.3805,0.374,0.377,144867218.5
2023-03-04 00:00:00,0.377,0.3799,0.3762,0.3767,79375882.5
2023-03-04 01:00:00,0.3768,0.3774,0.3744,0.3751,41365859.3
2023-03-04 02:00:00,0.3751,0.3762,0.3748,0.3748,21826615.5
2023-03-04 03:00:00,0.3748,0.3755,0.3745,0.3755,16458155.6
2023-03-04 04:00:00,0.3754,0.3765,0.3747,0.3757,26796109.6
2023-03-04 05:00:00,0.3758,0.3759,0.3731,0.3746,29220907.8
2023-03-04 06:00:00,0.3746,0.3762,0.3742,0.3752,19341076.4
2023-03-04 07:00:00,0.3752,0.3761,0.3748,0.3756,12723091.1
2023-03-04 08:00:00,0.3756,0.3758,0.375,0.3752,19560200.2
2023-03-04 09:00:00,0.3753,0.3762,0.3751,0.3752,15988822.4
2023-03-04 10:00:00,0.3752,0.3761,0.3748,0.3748,21302679.1
2023-03-04 11:00:00,0.3748,0.3756,0.3746,0.3753,15532530.5
2023-03-04 12:00:00,0.3752,0.3758,0.375,0.3754,17924994.4
2023-03-04 13:00:00,0.3754,0.3755,0.3749,0.3751,12258157.3
2023-03-04 14:00:00,0.3751,0.376,0.3743,0.3746,26906025.9
2023-03-04 15:00:00,0.3746,0.3758,0.3744,0.3749,19023343.2
2023-03-04 16:00:00,0.3748,0.3779,0.3747,0.3776,32086313.4
2023-03-04 17:00:00,0.3776,0.379,0.3753,0.3758,70237095.9
2023-03-04 18:00:00,0.3758,0.3762,0.3727,0.3755,44694935.6
2023-03-04 19:00:00,0.3755,0.3756,0.3712,0.3726,72951987.5
2023-03-04 20:00:00,0.3727,0.3743,0.3696,0.3721,85798961.3
2023-03-04 21:00:00,0.3722,0.3722,0.3677,0.3702,85219617.4
2023-03-04 22:00:00,0.3702,0.3737,0.3692,0.3714,36684756.7
2023-03-04 23:00:00,0.3714,0.3734,0.3714,0.3733,21434825.5
2023-03-05 00:00:00,0.3733,0.3747,0.3724,0.374,36601438.7
2023-03-05 01:00:00,0.3739,0.3774,0.3736,0.3758,64181633.5
2023-03-05 02:00:00,0.3759,0.3763,0.3705,0.3728,72549851.4
2023-03-05 03:00:00,0.3728,0.3747,0.3728,0.374,18329470.4
2023-03-05 04:00:00,0.374,0.3749,0.3739,0.3746,12425407.1
2023-03-05 05:00:00,0.3746,0.3747,0.3728,0.3732,11659610.8
2023-03-05 06:00:00,0.3732,0.3733,0.3724,0.3727,14112380.8
2023-03-05 07:00:00,0.3727,0.3729,0.3721,0.3724,12452466.2
2023-03-05 08:00:00,0.3724,0.3726,0.3711,0.3714,19620079.6
2023-03-05 09:00:00,0.3713,0.3721,0.3709,0.3716,16215617.4
2023-03-05 10:00:00,0.3716,0.3728,0.3715,0.372,16327398.7
2023-03-05 11:00:00,0.372,0.3722,0.3712,0.3714,12986928.7
2023-03-05 12:00:00,0.3714,0.3716,0.3707,0.3712,17671475.3
2023-03-05 13:00:00,0.3711,0.3723,0.3708,0.3716,33825740.2
2023-03-05 14:00:00,0.3717,0.3719,0.3708,0.3713,22225117.7
2023-03-05 15:00:00,0.3712,0.372,0.3706,0.3707,15742846.8
2023-03-05 16:00:00,0.3706,0.3709,0.3696,0.3701,22871375.6
2023-03-05 17:00:00,0.3702,0.3702,0.3688,0.3694,20560194.6
2023-03-05 18:00:00,0.3694,0.3704,0.3694,0.3698,11493756.7
2023-03-05 19:00:00,0.3699,0.3701,0.3669,0.3678,37808553.4
2023-03-05 20:00:00,0.3678,0.3691,0.3677,0.3686,16279094.6
2023-03-05 21:00:00,0.3686,0.3701,0.3658,0.3691,53326234.1
2023-03-05 22:00:00,0.3691,0.3691,0.367,0.368,22702577.9
2023-03-05 23:00:00,0.368,0.368,0.365,0.3666,57917879.5
2023-03-06 00:00:00,0.3666,0.3693,0.3655,0.3687,45236685.3
2023-03-06 01:00:00,0.3688,0.369,0.3621,0.3625,113116616.9
2023-03-06 02:00:00,0.3625,0.3638,0.3603,0.3626,113937924.7
2023-03-06 03:00:00,0.3626,0.3658,0.3625,0.3657,36901935.3
2023-03-06 04:00:00,0.3657,0.3679,0.3638,0.3638,57926071.7
2023-03-06 05:00:00,0.3638,0.3644,0.3627,0.3636,43172522.4
2023-03-06 06:00:00,0.3636,0.3647,0.3631,0.3634,29994582.3
2023-03-06 07:00:00,0.3634,0.3646,0.3626,0.3627,29391013.0
2023-03-06 08:00:00,0.3627,0.3627,0.3588,0.3618,83979796.0
2023-03-06 09:00:00,0.3618,0.3631,0.3614,0.363,40419157.6
2023-03-06 10:00:00,0.3631,0.3652,0.3621,0.3652,39434351.4
2023-03-06 11:00:00,0.3652,0.3653,0.361,0.3611,55962767.8
2023-03-06 12:00:00,0.361,0.3635,0.3603,0.363,46512098.4
2023-03-06 13:00:00,0.363,0.3649,0.3629,0.3646,45286994.8
2023-03-06 14:00:00,0.3646,0.3662,0.3641,0.3656,52886579.0
2023-03-06 15:00:00,0.3657,0.3676,0.365,0.3671,47504618.1
2023-03-06 16:00:00,0.3672,0.3684,0.3664,0.3684,37474644.3
2023-03-06 17:00:00,0.3684,0.3692,0.3677,0.3689,32195354.6
2023-03-06 18:00:00,0.369,0.3725,0.3688,0.3719,43565175.1
2023-03-06 19:00:00,0.372,0.3739,0.3701,0.3714,100613116.5
2023-03-06 20:00:00,0.3715,0.3732,0.3707,0.3709,52357056.3
2023-03-06 21:00:00,0.3709,0.3727,0.3705,0.3709,35164446.0
2023-03-06 22:00:00,0.3709,0.3719,0.3708,0.371,20872113.6
2023-03-06 23:00:00,0.371,0.3713,0.3693,0.3694,44050217.9
2023-03-07 00:00:00,0.3694,0.3703,0.3678,0.3682,64848340.6
2023-03-07 01:00:00,0.3682,0.371,0.3669,0.3672,62953881.9
2023-03-07 02:00:00,0.3672,0.3699,0.3669,0.3683,38449659.3
2023-03-07 03:00:00,0.3682,0.3698,0.3678,0.368,26765308.2
2023-03-07 04:00:00,0.368,0.3701,0.368,0.3683,32293493.7
2023-03-07 05:00:00,0.3684,0.3706,0.3679,0.3704,26287734.2
2023-03-07 06:00:00,0.3704,0.3725,0.3701,0.3722,43522310.6
2023-03-07 07:00:00,0.3722,0.3726,0.3687,0.3695,68393209.7
2023-03-07 08:00:00,0.3696,0.3698,0.3682,0.369,38132246.4
2023-03-07 09:00:00,0.369,0.3693,0.3675,0.3691,41606969.5
2023-03-07 10:00:00,0.3691,0.3713,0.3687,0.3695,44204424.3
2023-03-07 11:00:00,0.3696,0.3717,0.3686,0.3706,56016793.7
2023-03-07 12:00:00,0.3707,0.3749,0.3705,0.3738,122377431.0
2023-03-07 13:00:00,0.3739,0.3752,0.3728,0.3729,71530246.1
2023-03-07 14:00:00,0.3728,0.3782,0.3718,0.376,202732471.8
2023-03-07 15:00:00,0.3759,0.3825,0.3707,0.3784,502957636.9
2023-03-07 16:00:00,0.3785,0.3805,0.3755,0.3766,118710930.7
2023-03-07 17:00:00,0.3766,0.3784,0.3757,0.3775,66739541.0
2023-03-07 18:00:00,0.3775,0.3803,0.3767,0.3794,65585786.7
2023-03-07 19:00:00,0.3793,0.382,0.3786,0.3799,84272227.9
2023-03-07 20:00:00,0.38,0.3828,0.3779,0.3817,120414402.0
2023-03-07 21:00:00,0.3816,0.3843,0.379,0.3825,149078884.3
2023-03-07 22:00:00,0.3825,0.3835,0.3799,0.3809,101851520.2
2023-03-07 23:00:00,0.3809,0.3812,0.3779,0.3799,96987228.7
2023-03-08 00:00:00,0.38,0.3857,0.3799,0.3811,144104775.2
2023-03-08 01:00:00,0.381,0.3814,0.3765,0.3766,97496092.0
2023-03-08 02:00:00,0.3766,0.378,0.3765,0.3769,52925783.4
2023-03-08 03:00:00,0.3769,0.3807,0.3767,0.3785,61805767.5
2023-03-08 04:00:00,0.3785,0.3807,0.3784,0.3804,47427322.4
2023-03-08 05:00:00,0.3804,0.3806,0.3721,0.3727,151240580.9
2023-03-08 06:00:00,0.3727,0.3771,0.3723,0.3759,89764690.4
2023-03-08 07:00:00,0.3758,0.3773,0.3747,0.3763,55730883.0
2023-03-08 08:00:00,0.3763,0.3793,0.3757,0.3785,67078381.6
2023-03-08 09:00:00,0.3785,0.3842,0.3784,0.3834,122438818.2
2023-03-08 10:00:00,0.3834,0.3872,0.3822,0.3844,255719709.6
2023-03-08 11:00:00,0.3845,0.3897,0.3839,0.3868,232394238.0
2023-03-08 12:00:00,0.3868,0.3929,0.3858,0.3911,262642769.3
2023-03-08 13:00:00,0.3912,0.4019,0.391,0.3953,790830357.5
2023-03-08 14:00:00,0.3952,0.3952,0.3894,0.3909,346148235.4
2023-03-08 15:00:00,0.3909,0.3982,0.3895,0.3968,295763687.8
2023-03-08 16:00:00,0.3968,0.3986,0.3922,0.3961,169811609.4
2023-03-08 17:00:00,0.396,0.3988,0.3944,0.3947,152184681.0
2023-03-08 18:00:00,0.3948,0.3951,0.3902,0.3925,172820103.3
2023-03-08 19:00:00,0.3925,0.3967,0.3916,0.3956,104210082.3
2023-03-08 20:00:00,0.3955,0.3985,0.3937,0.396,116204526.2
2023-03-08 21:00:00,0.3959,0.3977,0.389,0.3922,143320460.3
2023-03-08 22:00:00,0.3921,0.3933,0.3835,0.3868,179051831.0
2023-03-08 23:00:00,0.3868,0.3927,0.3844,0.3888,217001977.9
2023-03-09 00:00:00,0.3888,0.3943,0.3855,0.3936,184767593.9
2023-03-09 01:00:00,0.3936,0.3938,0.3883,0.392,146418851.7
2023-03-09 02:00:00,0.392,0.3924,0.3881,0.3903,123841170.0
2023-03-09 03:00:00,0.3902,0.3922,0.3883,0.3886,101120825.3
2023-03-09 04:00:00,0.3886,0.3903,0.3859,0.3861,144999344.4
2023-03-09 05:00:00,0.3861,0.3888,0.3854,0.3867,113148110.3
2023-03-09 06:00:00,0.3867,0.3904,0.3867,0.3889,100876405.0
2023-03-09 07:00:00,0.3888,0.3911,0.3873,0.3903,99547515.7
2023-03-09 08:00:00,0.3903,0.3948,0.389,0.392,188347837.1
2023-03-09 09:00:00,0.3921,0.3946,0.39,0.3944,133079537.2
2023-03-09 10:00:00,0.3944,0.3961,0.3926,0.3935,157756187.4
2023-03-09 11:00:00,0.3934,0.3949,0.3915,0.3929,107730474.6
2023-03-09 12:00:00,0.3929,0.3952,0.3916,0.3947,91112703.7
2023-03-09 13:00:00,0.3947,0.3965,0.3936,0.3946,151560456.2
2023-03-09 14:00:00,0.3946,0.3976,0.3923,0.3933,133658847.8
2023-03-09 15:00:00,0.3933,0.3944,0.3912,0.3929,90492974.1
2023-03-09 16:00:00,0.3929,0.3937,0.387,0.3877,159591028.7
2023-03-09 17:00:00,0.3876,0.3886,0.385,0.3876,110790595.8
2023-03-09 18:00:00,0.3876,0.3896,0.3839,0.387,189307088.0
2023-03-09 19:00:00,0.3871,0.3871,0.3758,0.3786,348115735.1
2023-03-09 20:00:00,0.3785,0.3786,0.3632,0.3646,440295909.9
2023-03-09 21:00:00,0.3646,0.3701,0.3641,0.3674,215035632.1
2023-03-09 22:00:00,0.3673,0.3749,0.3672,0.3737,108890745.0
2023-03-09 23:00:00,0.3737,0.3738,0.3702,0.3705,86381479.5
2023-03-10 00:00:00,0.3704,0.3712,0.3659,0.368,146112393.5
2023-03-10 01:00:00,0.3681,0.3712,0.3647,0.3702,187209251.3
2023-03-10 02:00:00,0.3702,0.3706,0.3665,0.37,74448154.6
2023-03-10 03:00:00,0.3699,0.3745,0.3696,0.3737,90695184.2
2023-03-10 04:00:00,0.3738,0.3749,0.3708,0.3709,78792802.9
2023-03-10 05:00:00,0.3708,0.373,0.3697,0.3718,71897144.5
2023-03-10 06:00:00,0.3718,0.3727,0.3669,0.368,101756887.3
2023-03-10 07:00:00,0.368,0.3714,0.3669,0.37,123429710.8
2023-03-10 08:00:00,0.37,0.3714,0.3673,0.3693,63621751.8
2023-03-10 09:00:00,0.3694,0.3697,0.3605,0.3643,154781741.9
2023-03-10 10:00:00,0.3644,0.3657,0.3566,0.3608,217470086.2
2023-03-10 11:00:00,0.3609,0.3644,0.3608,0.3613,105273007.0
2023-03-10 12:00:00,0.3613,0.3649,0.3601,0.3644,109809718.2
2023-03-10 13:00:00,0.3645,0.3724,0.3634,0.3708,210892754.8
2023-03-10 14:00:00,0.3709,0.3711,0.3633,0.3671,189554656.2
2023-03-10 15:00:00,0.3671,0.3694,0.3652,0.3687,114697497.0
2023-03-10 16:00:00,0.3687,0.3721,0.3672,0.3674,95598038.9
2023-03-10 17:00:00,0.3674,0.368,0.3646,0.3648,68647065.4
2023-03-10 18:00:00,0.3649,0.3661,0.3637,0.3646,48604077.6
2023-03-10 19:00:00,0.3647,0.3682,0.3646,0.3679,38779949.6
2023-03-10 20:00:00,0.3679,0.3695,0.3676,0.3691,42082688.6
2023-03-10 21:00:00,0.3691,0.3699,0.3664,0.3696,52302339.0
2023-03-10 22:00:00,0.3697,0.3716,0.3689,0.3705,36615461.7
2023-03-10 23:00:00,0.3705,0.3721,0.3687,0.3697,54161808.8
2023-03-11 00:00:00,0.3698,0.3702,0.3679,0.3694,62566910.2
2023-03-11 01:00:00,0.3694,0.3739,0.3693,0.3724,127262073.1
2023-03-11 02:00:00,0.3723,0.3738,0.3693,0.37,90310243.5
2023-03-11 03:00:00,0.37,0.3703,0.3679,0.3685,56353333.9
2023-03-11 04:00:00,0.3686,0.3689,0.3655,0.3675,47136442.6
2023-03-11 05:00:00,0.3674,0.3694,0.3669,0.3692,29820002.3
2023-03-11 06:00:00,0.3692,0.3694,0.3658,0.3678,49875068.1
2023-03-11 07:00:00,0.3677,0.3683,0.3601,0.3623,160861118.9
2023-03-11 08:00:00,0.3623,0.3655,0.359,0.3634,140765958.0
2023-03-11 09:00:00,0.3635,0.365,0.3619,0.3638,56973503.3
2023-03-11 10:00:00,0.3637,0.3641,0.361,0.3614,36893895.0
2023-03-11 11:00:00,0.3613,0.3627,0.3596,0.3614,59344358.9
2023-03-11 12:00:00,0.3614,0.3624,0.3601,0.3602,50891920.7
2023-03-11 13:00:00,0.3602,0.361,0.359,0.3599,54015623.1
2023-03-11 14:00:00,0.3599,0.3615,0.3587,0.3606,40337241.3
2023-03-11 15:00:00,0.3606,0.3618,0.3591,0.3613,40199549.8
2023-03-11 16:00:00,0.3614,0.3632,0.3597,0.3601,81162837.7
2023-03-11 17:00:00,0.3602,0.363,0.3578,0.3623,79827782.1
2023-03-11 18:00:00,0.3623,0.363,0.3613,0.3616,32800494.9
2023-03-11 19:00:00,0.3615,0.3624,0.3605,0.3618,48891332.5
2023-03-11 20:00:00,0.3617,0.3645,0.3612,0.3632,59758279.4
2023-03-11 21:00:00,0.3633,0.3634,0.361,0.3618,31831834.0
2023-03-11 22:00:00,0.3619,0.3627,0.3611,0.3612,17187441.5
2023-03-11 23:00:00,0.3612,0.3644,0.3611,0.3635,34243775.2
2023-03-12 00:00:00,0.3636,0.3655,0.3623,0.3642,80333678.5
2023-03-12 01:00:00,0.3641,0.3649,0.3626,0.3633,28785755.8
2023-03-12 02:00:00,0.3633,0.3633,0.3617,0.3631,25091774.7
2023-03-12 03:00:00,0.3631,0.3641,0.3621,0.3629,20078181.0
2023-03-12 04:00:00,0.3629,0.3631,0.3616,0.3627,22986888.6
2023-03-12 05:00:00,0.3627,0.3634,0.3616,0.3619,27437189.0
2023-03-12 06:00:00,0.3619,0.3626,0.3612,0.3614,17032164.9
2023-03-12 07:00:00,0.3614,0.3617,0.3568,0.3594,70486141.9
2023-03-12 08:00:00,0.3593,0.3594,0.3571,0.3582,62350081.5
2023-03-12 09:00:00,0.3582,0.3595,0.3578,0.3585,34391190.5
2023-03-12 10:00:00,0.3584,0.3596,0.3576,0.3594,28691712.6
2023-03-12 11:00:00,0.3595,0.361,0.359,0.3601,33579250.1
2023-03-12 12:00:00,0.3602,0.3604,0.3552,0.3575,101313899.9
2023-03-12 13:00:00,0.3574,0.3583,0.3535,0.3548,69787179.8
2023-03-12 14:00:00,0.3548,0.3548,0.3506,0.3516,114227593.0
2023-03-12 15:00:00,0.3517,0.3535,0.35,0.3521,86862539.0
2023-03-12 16:00:00,0.3521,0.3527,0.347,0.3506,139251771.6
2023-03-12 17:00:00,0.3505,0.3587,0.3494,0.3572,187789315.9
2023-03-12 18:00:00,0.3572,0.362,0.3552,0.3602,178156665.7
2023-03-12 19:00:00,0.3602,0.3617,0.3559,0.3562,96519933.7
2023-03-12 20:00:00,0.3562,0.3616,0.3558,0.361,85549185.6
2023-03-12 21:00:00,0.361,0.3619,0.3575,0.3618,92675428.7
2023-03-12 22:00:00,0.3617,0.3699,0.3592,0.3661,200117535.0
2023-03-12 23:00:00,0.3661,0.3712,0.3657,0.371,141417266.0
2023-03-13 00:00:00,0.3711,0.3759,0.3676,0.3727,179767637.7
2023-03-13 01:00:00,0.3727,0.3734,0.3696,0.3699,83025891.3
2023-03-13 02:00:00,0.37,0.3713,0.3673,0.3679,98694833.4
2023-03-13 03:00:00,0.368,0.3685,0.3657,0.3662,81744084.7
2023-03-13 04:00:00,0.3662,0.3688,0.3657,0.3673,56390066.3
2023-03-13 05:00:00,0.3673,0.3688,0.3668,0.3686,42482034.4
2023-03-13 06:00:00,0.3685,0.3691,0.3661,0.3673,58884410.9
2023-03-13 07:00:00,0.3673,0.369,0.3669,0.3675,52549700.4
2023-03-13 08:00:00,0.3675,0.3678,0.3625,0.3627,101653965.1
2023-03-13 09:00:00,0.3627,0.3645,0.3546,0.3577,178091077.0
2023-03-13 10:00:00,0.3578,0.362,0.3573,0.3614,89762275.2
2023-03-13 11:00:00,0.3615,0.3619,0.3589,0.36,55038216.3
2023-03-13 12:00:00,0.36,0.3603,0.3565,0.359,109930874.5
2023-03-13 13:00:00,0.3591,0.3633,0.3584,0.3613,210010327.0
2023-03-13 14:00:00,0.3613,0.3728,0.3607,0.3712,293870563.9
2023-03-13 15:00:00,0.3713,0.3799,0.3709,0.3731,283582195.5
2023-03-13 16:00:00,0.3732,0.3756,0.3685,0.371,146508195.4
2023-03-13 17:00:00,0.3711,0.3721,0.3682,0.3701,64810176.6
2023-03-13 18:00:00,0.3701,0.3734,0.3687,0.3725,65585485.9
2023-03-13 19:00:00,0.3725,0.3732,0.3704,0.3714,54055287.3
2023-03-13 20:00:00,0.3714,0.3722,0.3693,0.3713,52270375.0
2023-03-13 21:00:00,0.3713,0.3727,0.371,0.3717,30283566.5
2023-03-13 22:00:00,0.3717,0.3744,0.3716,0.3736,44866203.2
2023-03-13 23:00:00,0.3736,0.3736,0.3692,0.3722,59236591.2
2023-03-14 00:00:00,0.3722,0.3723,0.3688,0.3693,68926046.1
2023-03-14 01:00:00,0.3692,0.3708,0.3685,0.3702,64620513.4
2023-03-14 02:00:00,0.3701,0.3713,0.3687,0.3697,45235666.3
2023-03-14 03:00:00,0.3696,0.3709,0.3693,0.3707,25591566.4
2023-03-14 04:00:00,0.3708,0.3713,0.3696,0.3707,23599476.2
2023-03-14 05:00:00,0.3708,0.373,0.3666,0.3681,120361572.6
2023-03-14 06:00:00,0.3681,0.3699,0.3676,0.3693,39490214.3
2023-03-14 07:00:00,0.3693,0.3704,0.367,0.3677,56171511.1
2023-03-14 08:00:00,0.3676,0.3681,0.3645,0.3664,104833611.5
2023-03-14 09:00:00,0.3664,0.367,0.3651,0.3668,50905289.5
2023-03-14 10:00:00,0.3667,0.3688,0.3658,0.3684,43175770.7
2023-03-14 11:00:00,0.3683,0.3691,0.3671,0.3675,66982254.5
2023-03-14 12:00:00,0.3674,0.3791,0.3653,0.3783,302331749.4
2023-03-14 13:00:00,0.3783,0.3828,0.3745,0.3792,284941287.0
2023-03-14 14:00:00,0.3792,0.3869,0.3771,0.3835,168581025.1
2023-03-14 15:00:00,0.3834,0.3873,0.3825,0.3846,141165431.6
2023-03-14 16:00:00,0.3845,0.3855,0.3803,0.3828,110792295.3
2023-03-14 17:00:00,0.3828,0.3833,0.3796,0.3815,79929643.5
2023-03-14 18:00:00,0.3816,0.3823,0.3753,0.3772,155808305.7
2023-03-14 19:00:00,0.3772,0.3798,0.3694,0.3773,251507495.4
2023-03-14 20:00:00,0.3773,0.3787,0.3726,0.3742,109150540.9
2023-03-14 21:00:00,0.3741,0.3745,0.366,0.3717,164958483.0
2023-03-14 22:00:00,0.3716,0.3738,0.3707,0.3737,47809897.0
2023-03-14 23:00:00,0.3737,0.3745,0.372,0.3724,40469573.3
2023-03-15 00:00:00,0.3724,0.3731,0.369,0.3724,99181264.0
2023-03-15 01:00:00,0.3723,0.375,0.372,0.3734,80632997.8
2023-03-15 02:00:00,0.3735,0.3749,0.3728,0.3743,32670980.3
2023-03-15 03:00:00,0.3743,0.3748,0.3728,0.3742,29497090.5
2023-03-15 04:00:00,0.3741,0.3757,0.3741,0.3748,29510747.2
2023-03-15 05:00:00,0.3747,0.3759,0.3727,0.3732,32486320.0
2023-03-15 06:00:00,0.3733,0.3742,0.3718,0.3728,50079137.6
2023-03-15 07:00:00,0.3727,0.3743,0.371,0.3741,47200572.7
2023-03-15 08:00:00,0.374,0.3741,0.3719,0.3725,34568818.4
2023-03-15 09:00:00,0.3725,0.3729,0.3682,0.3696,83452027.9
2023-03-15 10:00:00,0.3695,0.3704,0.3676,0.3683,56880707.8
2023-03-15 11:00:00,0.3683,0.3687,0.3636,0.3682,133540689.2
2023-03-15 12:00:00,0.3683,0.3705,0.3624,0.3672,216082773.5
2023-03-15 13:00:00,0.3673,0.3701,0.3636,0.3642,155112174.5
2023-03-15 14:00:00,0.3641,0.3662,0.3596,0.3632,189086723.9
2023-03-15 15:00:00,0.3633,0.3642,0.3583,0.3604,134359544.0
2023-03-15 16:00:00,0.3603,0.3621,0.3568,0.3573,180367793.3
2023-03-15 17:00:00,0.3573,0.3603,0.3553,0.3585,133170185.8
2023-03-15 18:00:00,0.3586,0.3627,0.3571,0.3627,62933579.9
2023-03-15 19:00:00,0.3626,0.3629,0.3592,0.3609,55273088.6
2023-03-15 20:00:00,0.3609,0.3617,0.3584,0.3605,41468936.9
2023-03-15 21:00:00,0.3605,0.3621,0.3603,0.361,21754438.3
2023-03-15 22:00:00,0.3611,0.3624,0.3577,0.3589,53388882.1
2023-03-15 23:00:00,0.3589,0.3602,0.3579,0.3588,45009259.3
2023-03-16 00:00:00,0.3587,0.3602,0.3559,0.3566,73069734.1
2023-03-16 01:00:00,0.3565,0.3599,0.3559,0.3594,80065264.2
2023-03-16 02:00:00,0.3595,0.3616,0.3592,0.3615,43048001.5
2023-03-16 03:00:00,0.3615,0.3629,0.3602,0.3619,41338914.4
2023-03-16 04:00:00,0.3619,0.3632,0.3611,0.3626,42117425.8
2023-03-16 05:00:00,0.3627,0.3645,0.3621,0.3643,47435446.4
2023-03-16 06:00:00,0.3643,0.3657,0.363,0.3641,50509687.4
2023-03-16 07:00:00,0.3642,0.3649,0.3626,0.3634,43227505.5
2023-03-16 08:00:00,0.3634,0.3638,0.3619,0.3625,35877163.5
2023-03-16 09:00:00,0.3626,0.3642,0.3601,0.3624,77319933.6
2023-03-16 10:00:00,0.3623,0.365,0.3609,0.3641,66903671.0
2023-03-16 11:00:00,0.364,0.3642,0.3619,0.3623,45933592.8
2023-03-16 12:00:00,0.3624,0.3624,0.3588,0.3601,89794691.7
2023-03-16 13:00:00,0.3601,0.3624,0.3575,0.362,87776789.2
2023-03-16 14:00:00,0.362,0.3643,0.361,0.3625,63512652.1
2023-03-16 15:00:00,0.3625,0.3633,0.361,0.3628,50697366.6
2023-03-16 16:00:00,0.3628,0.3639,0.3619,0.3634,51125209.8
2023-03-16 17:00:00,0.3633,0.3638,0.3618,0.3631,39457167.4
2023-03-16 18:00:00,0.3631,0.3643,0.3628,0.3641,27519242.7
2023-03-16 19:00:00,0.3642,0.3669,0.3636,0.3656,51308632.9
2023-03-16 20:00:00,0.3656,0.3657,0.3616,0.3622,40993037.3
2023-03-16 21:00:00,0.3622,0.365,0.3614,0.3636,33559902.8
2023-03-16 22:00:00,0.3636,0.3651,0.3633,0.3647,25214728.6
2023-03-16 23:00:00,0.3646,0.3654,0.3643,0.3644,23930880.0
2023-03-17 00:00:00,0.3644,0.3645,0.3617,0.3625,43229953.8
2023-03-17 01:00:00,0.3625,0.3677,0.3618,0.367,75562808.1
2023-03-17 02:00:00,0.3669,0.369,0.3658,0.3667,81822555.6
2023-03-17 03:00:00,0.3667,0.3687,0.3665,0.3686,26907494.1
2023-03-17 04:00:00,0.3685,0.369,0.3669,0.3674,28106159.7
2023-03-17 05:00:00,0.3673,0.368,0.3663,0.3674,29033642.5
2023-03-17 06:00:00,0.3675,0.3698,0.3671,0.3695,60465296.9
2023-03-17 07:00:00,0.3696,0.3698,0.3676,0.3686,37995856.4
2023-03-17 08:00:00,0.3686,0.3696,0.3668,0.367,39922804.5
2023-03-17 09:00:00,0.3669,0.3701,0.3669,0.3698,73234386.8
2023-03-17 10:00:00,0.3699,0.374,0.3698,0.373,94480694.8
2023-03-17 11:00:00,0.373,0.3773,0.3721,0.3768,86523285.5
2023-03-17 12:00:00,0.3768,0.377,0.3715,0.3735,104127989.3
2023-03-17 13:00:00,0.3735,0.3825,0.3727,0.3754,203024204.8
2023-03-17 14:00:00,0.3755,0.3776,0.3695,0.3711,171928380.2
2023-03-17 15:00:00,0.3711,0.3726,0.3676,0.3698,99854044.6
2023-03-17 16:00:00,0.3698,0.3711,0.3683,0.3689,49697041.7
2023-03-17 17:00:00,0.369,0.3735,0.369,0.3732,55139544.6
2023-03-17 18:00:00,0.3733,0.3736,0.3705,0.3734,46228133.2
2023-03-17 19:00:00,0.3734,0.375,0.3728,0.3748,45246567.0
2023-03-17 20:00:00,0.3748,0.3754,0.3721,0.3745,33956131.5
2023-03-17 21:00:00,0.3746,0.3761,0.3724,0.3755,39414256.6
2023-03-17 22:00:00,0.3756,0.3799,0.3739,0.3788,83329271.0
2023-03-17 23:00:00,0.3789,0.3809,0.378,0.3799,101596639.0
2023-03-18 00:00:00,0.3798,0.3816,0.3758,0.381,121886849.8
2023-03-18 01:00:00,0.381,0.3902,0.3802,0.3833,213792563.7
2023-03-18 02:00:00,0.3832,0.3842,0.3807,0.3825,83290038.3
2023-03-18 03:00:00,0.3825,0.3855,0.3816,0.3839,49367023.4
2023-03-18 04:00:00,0.3839,0.3856,0.3819,0.382,37654118.5
2023-03-18 05:00:00,0.3821,0.3844,0.3816,0.3836,43962453.5
2023-03-18 06:00:00,0.3837,0.3839,0.3817,0.3834,28203969.9
2023-03-18 07:00:00,0.3833,0.3834,0.3809,0.3814,45021050.5
2023-03-18 08:00:00,0.3815,0.3815,0.3763,0.3791,96210482.3
2023-03-18 09:00:00,0.379,0.3811,0.3777,0.381,40708465.9
2023-03-18 10:00:00,0.381,0.3838,0.3805,0.3831,41362258.4
2023-03-18 11:00:00,0.3831,0.3835,0.3815,0.383,37150119.8
2023-03-18 12:00:00,0.383,0.3836,0.3798,0.383,65649263.3
2023-03-18 13:00:00,0.383,0.383,0.3796,0.3803,51885056.0
2023-03-18 14:00:00,0.3804,0.3825,0.3803,0.3821,37657977.1
2023-03-18 15:00:00,0.3821,0.3823,0.3726,0.3767,171276780.2
2023-03-18 16:00:00,0.3768,0.3786,0.3686,0.3783,198414918.2
2023-03-18 17:00:00,0.3783,0.379,0.3729,0.3777,96933128.5
2023-03-18 18:00:00,0.3777,0.3802,0.3766,0.3798,40144084.6
2023-03-18 19:00:00,0.3798,0.3809,0.3787,0.379,40187528.2
2023-03-18 20:00:00,0.379,0.38,0.3775,0.3788,34382304.5
2023-03-18 21:00:00,0.3788,0.3793,0.376,0.3765,21909349.7
2023-03-18 22:00:00,0.3764,0.378,0.3738,0.3741,42744243.9
2023-03-18 23:00:00,0.3742,0.3752,0.3719,0.3739,90705530.6
2023-03-19 00:00:00,0.3738,0.3774,0.3734,0.3761,62283954.3
2023-03-19 01:00:00,0.3762,0.3773,0.3749,0.3762,37349488.2
2023-03-19 02:00:00,0.3762,0.3775,0.3756,0.3764,20568626.9
2023-03-19 03:00:00,0.3764,0.3776,0.376,0.3772,18490729.8
2023-03-19 04:00:00,0.3772,0.378,0.3763,0.3777,21223526.0
2023-03-19 05:00:00,0.3778,0.3881,0.3775,0.3856,120893470.4
2023-03-19 06:00:00,0.3855,0.3884,0.3792,0.382,147890441.1
2023-03-19 07:00:00,0.382,0.3829,0.3751,0.3795,123135773.1
2023-03-19 08:00:00,0.3794,0.3822,0.3776,0.3793,70294340.8
2023-03-19 09:00:00,0.3794,0.3822,0.379,0.3814,57978732.9
2023-03-19 10:00:00,0.3815,0.3933,0.3815,0.3918,214018838.5
2023-03-19 11:00:00,0.3918,0.3968,0.3867,0.3935,323297929.8
2023-03-19 12:00:00,0.3935,0.3966,0.3914,0.3952,206678224.5
2023-03-19 13:00:00,0.3951,0.4005,0.3926,0.394,306442429.1
2023-03-19 14:00:00,0.3941,0.3958,0.3915,0.3926,122328536.9
2023-03-19 15:00:00,0.3927,0.3953,0.389,0.392,134168445.2
2023-03-19 16:00:00,0.392,0.3967,0.3911,0.3952,163882510.3
2023-03-19 17:00:00,0.3951,0.3954,0.391,0.3917,99671897.0
2023-03-19 18:00:00,0.3918,0.3941,0.3903,0.3936,63195833.8
2023-03-19 19:00:00,0.3936,0.3957,0.3928,0.3946,74438235.3
2023-03-19 20:00:00,0.3946,0.3973,0.3848,0.387,179295738.3
2023-03-19 21:00:00,0.387,0.3923,0.3867,0.3904,63831721.2
2023-03-19 22:00:00,0.3905,0.3929,0.3904,0.3914,54717660.9
2023-03-19 23:00:00,0.3915,0.3929,0.3852,0.386,87613961.0
2023-03-20 00:00:00,0.386,0.3889,0.384,0.3869,121629946.9
2023-03-20 01:00:00,0.3868,0.3899,0.3848,0.3897,65820072.8
2023-03-20 02:00:00,0.3897,0.3914,0.3835,0.3869,104747459.3
2023-03-20 03:00:00,0.3869,0.3877,0.3801,0.3806,147615201.0
2023-03-20 04:00:00,0.3807,0.3816,0.3765,0.3805,90724060.7
2023-03-20 05:00:00,0.3806,0.3825,0.3805,0.3825,28578953.7
2023-03-20 06:00:00,0.3825,0.3833,0.3795,0.3807,55745655.6
2023-03-20 07:00:00,0.3808,0.3839,0.3795,0.3833,126287519.2
2023-03-20 08:00:00,0.3834,0.3847,0.381,0.3837,88497247.4
2023-03-20 09:00:00,0.3836,0.3843,0.3802,0.3816,75009390.5
2023-03-20 10:00:00,0.3816,0.382,0.3785,0.3811,84138670.1
2023-03-20 11:00:00,0.3812,0.3832,0.3803,0.3821,51418453.8
2023-03-20 12:00:00,0.382,0.3829,0.3805,0.3822,48650366.3
2023-03-20 13:00:00,0.3823,0.3823,0.3774,0.3794,109234821.8
2023-03-20 14:00:00,0.3793,0.3814,0.3783,0.3807,72822119.6
2023-03-20 15:00:00,0.3808,0.3811,0.3785,0.379,46946908.6
2023-03-20 16:00:00,0.379,0.3801,0.3734,0.3738,121162063.2
2023-03-20 17:00:00,0.3738,0.3766,0.3727,0.3731,91047731.5
2023-03-20 18:00:00,0.3731,0.3766,0.3715,0.3759,89555894.7
2023-03-20 19:00:00,0.376,0.3763,0.3702,0.3745,89487118.1
2023-03-20 20:00:00,0.3746,0.3776,0.3742,0.3769,44891347.2
2023-03-20 21:00:00,0.3769,0.3782,0.3755,0.3769,26561500.4
2023-03-20 22:00:00,0.3768,0.3769,0.3745,0.3761,37212768.5
2023-03-20 23:00:00,0.3761,0.377,0.3718,0.3733,77679590.5
2023-03-21 00:00:00,0.3732,0.3795,0.3725,0.3775,77631603.9
2023-03-21 01:00:00,0.3775,0.3806,0.3755,0.3799,79501431.6
2023-03-21 02:00:00,0.3799,0.3838,0.3791,0.3812,131430154.7
2023-03-21 03:00:00,0.3812,0.3819,0.3792,0.3814,59879746.0
2023-03-21 04:00:00,0.3814,0.3831,0.3808,0.3823,50282841.8
2023-03-21 05:00:00,0.3822,0.385,0.3813,0.3845,78209813.2
2023-03-21 06:00:00,0.3845,0.3864,0.3825,0.3835,91795016.0
2023-03-21 07:00:00,0.3835,0.3863,0.3776,0.3862,186624743.0
2023-03-21 08:00:00,0.3862,0.3892,0.3829,0.3856,219326773.5
2023-03-21 09:00:00,0.3856,0.3883,0.385,0.387,124850610.5
2023-03-21 10:00:00,0.387,0.389,0.3866,0.389,91013582.0
2023-03-21 11:00:00,0.3889,0.3932,0.3887,0.3908,153209016.4
2023-03-21 12:00:00,0.3909,0.3974,0.3892,0.3956,201717130.5
2023-03-21 13:00:00,0.3956,0.43,0.3956,0.4199,1129821693.8
2023-03-21 14:00:00,0.4199,0.4301,0.417,0.425,716338948.4
2023-03-21 15:00:00,0.4251,0.4319,0.422,0.4289,730737958.7
2023-03-21 16:00:00,0.4288,0.4445,0.4265,0.4412,797355478.4
2023-03-21 17:00:00,0.4411,0.4604,0.4408,0.454,1047976122.6
2023-03-21 18:00:00,0.4539,0.4579,0.4484,0.4512,580220311.2
2023-03-21 19:00:00,0.4512,0.4788,0.4512,0.4742,915152541.3
2023-03-21 20:00:00,0.4743,0.4927,0.4705,0.4895,797940623.8
2023-03-21 21:00:00,0.4895,0.4898,0.4588,0.471,900630763.9
2023-03-21 22:00:00,0.4709,0.4755,0.4549,0.4616,543725017.9
2023-03-21 23:00:00,0.4616,0.4698,0.4584,0.4694,365054862.9
2023-03-22 00:00:00,0.4695,0.4749,0.4574,0.4605,608885081.9
2023-03-22 01:00:00,0.4604,0.4623,0.4515,0.4534,413560490.6
2023-03-22 02:00:00,0.4535,0.4617,0.4535,0.4598,227116877.9
2023-03-22 03:00:00,0.4598,0.4629,0.4564,0.4584,226894543.9
2023-03-22 04:00:00,0.4584,0.471,0.4584,0.4696,302331688.4
2023-03-22 05:00:00,0.4696,0.4697,0.4633,0.469,222042091.9
2023-03-22 06:00:00,0.469,0.4708,0.4603,0.4623,212706508.0
2023-03-22 07:00:00,0.4623,0.4653,0.4533,0.4554,277168149.1
2023-03-22 08:00:00,0.4555,0.4588,0.448,0.4515,238688328.9
2023-03-22 09:00:00,0.4515,0.453,0.445,0.4474,353015751.9
2023-03-22 10:00:00,0.4473,0.4543,0.447,0.45,316009138.5
2023-03-22 11:00:00,0.45,0.4512,0.4411,0.4428,294768048.2
2023-03-22 12:00:00,0.4427,0.4475,0.438,0.4414,388349788.6
2023-03-22 13:00:00,0.4415,0.4454,0.4403,0.4432,222680658.6
2023-03-22 14:00:00,0.4432,0.4536,0.4417,0.4449,343958584.4
2023-03-22 15:00:00,0.4449,0.4476,0.4332,0.4351,426473055.3
2023-03-22 16:00:00,0.4351,0.4384,0.4318,0.4359,259515490.4
2023-03-22 17:00:00,0.4359,0.4394,0.4319,0.4376,285797519.3
2023-03-22 18:00:00,0.4375,0.4463,0.425,0.4349,617798892.7
2023-03-22 19:00:00,0.435,0.4359,0.4079,0.4113,716778436.4
2023-03-22 20:00:00,0.4113,0.4251,0.4109,0.4236,357471491.3
2023-03-22 21:00:00,0.4236,0.4255,0.4182,0.4199,130109017.4
2023-03-22 22:00:00,0.4198,0.4224,0.4163,0.4206,174748879.2
2023-03-22 23:00:00,0.4205,0.4236,0.4198,0.4212,122542827.3
2023-03-23 00:00:00,0.4211,0.4256,0.4173,0.4197,185470465.6
2023-03-23 01:00:00,0.4196,0.4209,0.4126,0.4126,165681747.2
2023-03-23 02:00:00,0.4126,0.4188,0.4111,0.4187,102607510.3
2023-03-23 03:00:00,0.4186,0.4232,0.4171,0.4186,115741049.2
2023-03-23 04:00:00,0.4185,0.4219,0.4173,0.4212,79644794.9
2023-03-23 05:00:00,0.4212,0.4275,0.4205,0.4257,109839124.9
2023-03-23 06:00:00,0.4257,0.431,0.4243,0.4293,145064534.2
2023-03-23 07:00:00,0.4292,0.4541,0.4283,0.4467,618784454.6
2023-03-23 08:00:00,0.4466,0.4547,0.4373,0.4389,545873191.0
2023-03-23 09:00:00,0.4389,0.4434,0.4381,0.4407,211419569.1
2023-03-23 10:00:00,0.4408,0.4429,0.4398,0.4413,93673215.0
2023-03-23 11:00:00,0.4412,0.4487,0.4377,0.4478,212014852.6
2023-03-23 12:00:00,0.4477,0.4534,0.4414,0.4467,359087200.4
2023-03-23 13:00:00,0.4468,0.4505,0.4383,0.4402,340848268.1
2023-03-23 14:00:00,0.4402,0.4484,0.4334,0.448,264796132.9
2023-03-23 15:00:00,0.448,0.4525,0.444,0.4481,345081604.0
2023-03-23 16:00:00,0.4481,0.4547,0.4454,0.4517,311028791.8
2023-03-23 17:00:00,0.4517,0.4555,0.4424,0.4425,293589754.8
2023-03-23 18:00:00,0.4425,0.4453,0.435,0.4378,160105513.5
2023-03-23 19:00:00,0.4379,0.4444,0.4363,0.4434,140833926.6
2023-03-23 20:00:00,0.4434,0.4436,0.4397,0.4421,77561006.3
2023-03-23 21:00:00,0.442,0.4436,0.4375,0.4432,58343563.1
2023-03-23 22:00:00,0.4433,0.4459,0.4417,0.445,70477205.7
2023-03-23 23:00:00,0.445,0.4462,0.4428,0.4435,69785897.2
2023-03-24 00:00:00,0.4434,0.4438,0.4371,0.4379,109155447.3
2023-03-24 01:00:00,0.438,0.4415,0.4356,0.4384,97800302.7
2023-03-24 02:00:00,0.4383,0.4383,0.4311,0.4334,110685188.5
2023-03-24 03:00:00,0.4334,0.4363,0.432,0.432,69676328.8
2023-03-24 04:00:00,0.4319,0.4351,0.4275,0.4327,133652616.2
2023-03-24 05:00:00,0.4327,0.4368,0.4323,0.4365,72648005.1
2023-03-24 06:00:00,0.4364,0.4372,0.4349,0.4353,62031924.6
2023-03-24 07:00:00,0.4352,0.4376,0.4326,0.433,80228757.3
2023-03-24 08:00:00,0.433,0.4341,0.4243,0.4259,202706560.4
2023-03-24 09:00:00,0.4258,0.4295,0.4254,0.4268,95987640.3
2023-03-24 10:00:00,0.4268,0.4313,0.4241,0.4311,108124645.2
2023-03-24 11:00:00,0.431,0.4311,0.415,0.4219,168864257.3
2023-03-24 12:00:00,0.4218,0.4285,0.4211,0.4278,93536040.1
2023-03-24 13:00:00,0.4277,0.4278,0.4221,0.4256,84460828.1
2023-03-24 14:00:00,0.4255,0.4275,0.4211,0.4238,147035646.7
2023-03-24 15:00:00,0.4238,0.4277,0.4212,0.4264,113969536.3
2023-03-24 16:00:00,0.4263,0.43,0.4241,0.4247,125826915.8
2023-03-24 17:00:00,0.4246,0.4256,0.4133,0.4173,212473898.3
2023-03-24 18:00:00,0.4173,0.4238,0.4157,0.4217,98140440.9
2023-03-24 19:00:00,0.4216,0.4267,0.4207,0.4257,85917618.8
2023-03-24 20:00:00,0.4257,0.4268,0.4204,0.423,99661025.7
2023-03-24 21:00:00,0.4229,0.4236,0.4164,0.422,93517237.5
2023-03-24 22:00:00,0.4219,0.4232,0.4207,0.4221,48414502.2
2023-03-24 23:00:00,0.4221,0.4256,0.422,0.4256,48775685.8
2023-03-25 00:00:00,0.4255,0.4281,0.4224,0.4271,69659387.0
2023-03-25 01:00:00,0.4271,0.4273,0.422,0.4238,64156823.8
2023-03-25 02:00:00,0.4238,0.4277,0.4227,0.4262,64450515.0
2023-03-25 03:00:00,0.4262,0.4313,0.4259,0.43,82057061.1
2023-03-25 04:00:00,0.43,0.449,0.4284,0.4478,380440653.9
2023-03-25 05:00:00,0.4479,0.4527,0.4427,0.4461,453003162.4
2023-03-25 06:00:00,0.4462,0.4483,0.442,0.4463,188983341.5
2023-03-25 07:00:00,0.4464,0.4514,0.4447,0.445,177447229.1
2023-03-25 08:00:00,0.4449,0.448,0.4384,0.4429,224005582.4
2023-03-25 09:00:00,0.4428,0.4467,0.4392,0.4455,151771733.8
2023-03-25 10:00:00,0.4456,0.4475,0.4412,0.4455,100419397.9
2023-03-25 11:00:00,0.4455,0.4485,0.4446,0.4469,93357063.1
2023-03-25 12:00:00,0.4468,0.4475,0.4406,0.4451,135425712.6
2023-03-25 13:00:00,0.445,0.4472,0.4419,0.4465,110084133.2
2023-03-25 14:00:00,0.4464,0.463,0.446,0.4594,500453373.7
2023-03-25 15:00:00,0.4594,0.4625,0.4566,0.4583,329221131.6
2023-03-25 16:00:00,0.4582,0.465,0.4573,0.4588,224729130.9
2023-03-25 17:00:00,0.4587,0.4598,0.4536,0.4573,198698283.7
2023-03-25 18:00:00,0.4574,0.462,0.4546,0.4586,160157985.9
2023-03-25 19:00:00,0.4587,0.4608,0.4477,0.4496,313899547.9
2023-03-25 20:00:00,0.4495,0.4533,0.4463,0.452,168372824.6
2023-03-25 21:00:00,0.452,0.4555,0.4494,0.4505,86785953.7
2023-03-25 22:00:00,0.4505,0.4533,0.443,0.4441,134636427.8
2023-03-25 23:00:00,0.4441,0.4445,0.4401,0.4427,166634609.9
2023-03-26 00:00:00,0.4427,0.4505,0.4402,0.4501,205867505.4
2023-03-26 01:00:00,0.45,0.4501,0.445,0.4468,93114894.0
2023-03-26 02:00:00,0.4468,0.4495,0.4459,0.4479,70889490.2
2023-03-26 03:00:00,0.4479,0.4515,0.4474,0.4482,86038419.8
2023-03-26 04:00:00,0.4481,0.4488,0.4461,0.4469,67313637.7
2023-03-26 05:00:00,0.4469,0.4529,0.4468,0.4523,75391284.3
2023-03-26 06:00:00,0.4522,0.4594,0.4522,0.4541,229561501.6
2023-03-26 07:00:00,0.454,0.4575,0.4532,0.4563,108149126.4
2023-03-26 08:00:00,0.4562,0.4606,0.4556,0.4579,159014320.3
2023-03-26 09:00:00,0.458,0.463,0.4577,0.4622,191845918.8
2023-03-26 10:00:00,0.4622,0.4626,0.4562,0.4564,121137880.7
2023-03-26 11:00:00,0.4565,0.4582,0.4541,0.4575,100615095.3
2023-03-26 12:00:00,0.4576,0.4592,0.4527,0.4537,107719966.7
2023-03-26 13:00:00,0.4538,0.4552,0.4509,0.4532,155845010.5
2023-03-26 14:00:00,0.4532,0.4533,0.4444,0.4463,158226053.7
2023-03-26 15:00:00,0.4464,0.4485,0.4452,0.4463,85023717.3
2023-03-26 16:00:00,0.4463,0.4483,0.4433,0.4439,82704323.0
2023-03-26 17:00:00,0.4439,0.4487,0.4437,0.4473,65968410.5
2023-03-26 18:00:00,0.4474,0.4492,0.4439,0.4458,73591519.0
2023-03-26 19:00:00,0.4458,0.4486,0.445,0.4476,46217988.1
2023-03-26 20:00:00,0.4476,0.448,0.4414,0.4435,85214060.3
2023-03-26 21:00:00,0.4435,0.4462,0.443,0.4462,38948105.3
2023-03-26 22:00:00,0.4461,0.4503,0.4451,0.45,76216655.6
2023-03-26 23:00:00,0.45,0.4513,0.4476,0.4477,67355494.3
2023-03-27 00:00:00,0.4477,0.453,0.4471,0.4476,122163667.7
2023-03-27 01:00:00,0.4477,0.4485,0.4432,0.4442,85934838.7
2023-03-27 02:00:00,0.4441,0.454,0.4422,0.4519,145650292.3
2023-03-27 03:00:00,0.452,0.4568,0.4505,0.4535,202410558.2
2023-03-27 04:00:00,0.4536,0.4576,0.4532,0.4563,120299216.9
2023-03-27 05:00:00,0.4563,0.4567,0.4482,0.4506,127128019.0
2023-03-27 06:00:00,0.4505,0.4586,0.4485,0.4549,201022138.1
2023-03-27 07:00:00,0.4548,0.46,0.4537,0.46,150391207.7
2023-03-27 08:00:00,0.46,0.4695,0.4599,0.4662,451864880.2
2023-03-27 09:00:00,0.4661,0.4689,0.463,0.4642,212090585.7
2023-03-27 10:00:00,0.4643,0.4688,0.4642,0.4653,155484869.2
2023-03-27 11:00:00,0.4652,0.4794,0.4637,0.4772,380901474.3
2023-03-27 12:00:00,0.4773,0.4886,0.477,0.481,778044124.1
2023-03-27 13:00:00,0.4811,0.4851,0.4767,0.4816,406356950.4
2023-03-27 14:00:00,0.4817,0.4834,0.4574,0.4626,562983354.7
2023-03-27 15:00:00,0.4627,0.4649,0.4534,0.4575,626416403.2
2023-03-27 16:00:00,0.4576,0.4659,0.4562,0.4579,261357234.1
2023-03-27 17:00:00,0.4579,0.4647,0.4551,0.461,251056676.5
2023-03-27 18:00:00,0.461,0.4742,0.4602,0.4698,305631561.9
2023-03-27 19:00:00,0.4697,0.4734,0.4667,0.4676,226656954.6
2023-03-27 20:00:00,0.4676,0.4737,0.4656,0.4737,196103157.3
2023-03-27 21:00:00,0.4738,0.4812,0.4696,0.4764,233602378.4
2023-03-27 22:00:00,0.4763,0.4772,0.4713,0.4766,175233323.6
2023-03-27 23:00:00,0.4766,0.481,0.475,0.4786,178294794.6
2023-03-28 00:00:00,0.4786,0.4836,0.4717,0.4725,346565703.1
2023-03-28 01:00:00,0.4724,0.4828,0.466,0.479,345685916.2
2023-03-28 02:00:00,0.479,0.4806,0.4746,0.4794,167185121.0
2023-03-28 03:00:00,0.4794,0.4796,0.4708,0.473,175108127.0
2023-03-28 04:00:00,0.473,0.486,0.4716,0.4856,223342372.4
2023-03-28 05:00:00,0.4856,0.4939,0.482,0.4856,527658633.4
2023-03-28 06:00:00,0.4856,0.49,0.4829,0.4884,211196762.4
2023-03-28 07:00:00,0.4884,0.4908,0.4823,0.4832,223118924.3
2023-03-28 08:00:00,0.4832,0.4874,0.478,0.4842,290970722.6
2023-03-28 09:00:00,0.4843,0.4853,0.4801,0.4811,196542825.3
2023-03-28 10:00:00,0.4812,0.4884,0.4795,0.4866,264107530.5
2023-03-28 11:00:00,0.4866,0.4997,0.4853,0.4969,622661832.2
2023-03-28 12:00:00,0.4969,0.5059,0.4945,0.4977,547936472.1
2023-03-28 13:00:00,0.4977,0.5002,0.4921,0.4968,343927588.6
2023-03-28 14:00:00,0.4968,0.5028,0.4957,0.5017,296515674.1
2023-03-28 15:00:00,0.5016,0.5027,0.4945,0.4976,248571082.9
2023-03-28 16:00:00,0.4975,0.5015,0.4941,0.501,240502186.0
2023-03-28 17:00:00,0.501,0.5092,0.4965,0.5008,438576802.1
2023-03-28 18:00:00,0.5008,0.5289,0.4984,0.5212,714236679.6
2023-03-28 19:00:00,0.5213,0.5317,0.5167,0.5199,559732006.0
2023-03-28 20:00:00,0.5199,0.5254,0.5173,0.5239,271996438.8
2023-03-28 21:00:00,0.5239,0.535,0.5219,0.5296,286046570.9
2023-03-28 22:00:00,0.5296,0.5304,0.5181,0.5215,326429308.5
2023-03-28 23:00:00,0.5216,0.5234,0.5118,0.5145,280019432.1
2023-03-29 00:00:00,0.5145,0.5233,0.5144,0.5217,249194110.6
2023-03-29 01:00:00,0.5218,0.5222,0.5147,0.5214,184048140.0
2023-03-29 02:00:00,0.5213,0.5275,0.5204,0.5262,177009924.9
2023-03-29 03:00:00,0.5263,0.5388,0.5248,0.5351,489087160.4
2023-03-29 04:00:00,0.5351,0.5419,0.5317,0.5359,334151754.1
2023-03-29 05:00:00,0.536,0.5383,0.5328,0.5376,177979899.7
2023-03-29 06:00:00,0.5375,0.5486,0.5361,0.5434,396685835.0
2023-03-29 07:00:00,0.5434,0.5624,0.5416,0.5575,448159705.4
2023-03-29 08:00:00,0.5576,0.584,0.5541,0.5708,820622814.7
2023-03-29 09:00:00,0.5708,0.5856,0.5674,0.5738,500146557.7
2023-03-29 10:00:00,0.5739,0.5748,0.5646,0.5693,393687103.4
2023-03-29 11:00:00,0.5692,0.5736,0.5661,0.5702,227266177.0
2023-03-29 12:00:00,0.5702,0.5703,0.54,0.5523,741612461.7
2023-03-29 13:00:00,0.5524,0.5553,0.5433,0.552,388503447.0
2023-03-29 14:00:00,0.552,0.5555,0.542,0.5446,313282166.7
2023-03-29 15:00:00,0.5447,0.5455,0.5351,0.5442,367106202.0
2023-03-29 16:00:00,0.5441,0.5443,0.5361,0.5402,245582193.1
2023-03-29 17:00:00,0.5403,0.5517,0.5402,0.5507,253546127.6
2023-03-29 18:00:00,0.5507,0.5538,0.5465,0.5519,154198857.7
2023-03-29 19:00:00,0.5518,0.5547,0.5474,0.5521,129093940.6
2023-03-29 20:00:00,0.5521,0.5567,0.5428,0.5497,219106514.7
2023-03-29 21:00:00,0.5498,0.553,0.5445,0.5481,100556050.7
2023-03-29 22:00:00,0.5481,0.549,0.5282,0.5448,307917875.6
2023-03-29 23:00:00,0.5447,0.5471,0.541,0.5421,126063988.0
2023-03-30 00:00:00,0.5421,0.5521,0.5346,0.5358,382791765.2
2023-03-30 01:00:00,0.5358,0.5389,0.5217,0.5295,371676883.3
2023-03-30 02:00:00,0.5296,0.5496,0.5292,0.5405,342879546.0
2023-03-30 03:00:00,0.5405,0.5406,0.52,0.5333,334859502.3
2023-03-30 04:00:00,0.5334,0.5352,0.5281,0.5295,130355796.1
2023-03-30 05:00:00,0.5295,0.5322,0.5255,0.5309,127110824.6
2023-03-30 06:00:00,0.5309,0.5419,0.5277,0.5353,346736111.1
2023-03-30 07:00:00,0.5354,0.5423,0.5341,0.5374,145269953.2
2023-03-30 08:00:00,0.5374,0.5384,0.5303,0.5311,140834589.3
2023-03-30 09:00:00,0.5311,0.5314,0.5274,0.5299,133726257.8
2023-03-30 10:00:00,0.53,0.5499,0.529,0.5484,281029611.7
2023-03-30 11:00:00,0.5485,0.5577,0.5425,0.549,420214638.9
2023-03-30 12:00:00,0.549,0.5498,0.5374,0.5411,233809234.4
2023-03-30 13:00:00,0.5411,0.5455,0.538,0.5401,151948003.2
2023-03-30 14:00:00,0.5402,0.5435,0.5343,0.5405,230462241.8
2023-03-30 15:00:00,0.5405,0.5421,0.5291,0.5324,190687936.4
2023-03-30 16:00:00,0.5324,0.5396,0.5298,0.5317,197698751.5
2023-03-30 17:00:00,0.5316,0.5362,0.5255,0.5333,202053218.2
2023-03-30 18:00:00,0.5333,0.5388,0.5312,0.538,123477976.3
2023-03-30 19:00:00,0.538,0.5394,0.535,0.5386,65904055.8
2023-03-30 20:00:00,0.5386,0.539,0.5332,0.5336,75359598.3
2023-03-30 21:00:00,0.5335,0.54,0.5327,0.5388,69496004.2
2023-03-30 22:00:00,0.5388,0.5421,0.5328,0.5343,110044185.8
2023-03-30 23:00:00,0.5342,0.5361,0.5284,0.5316,88052763.0
2023-03-31 00:00:00,0.5317,0.5367,0.5277,0.5325,155111187.7
2023-03-31 01:00:00,0.5324,0.536,0.5296,0.5326,118552127.7
2023-03-31 02:00:00,0.5326,0.5347,0.5274,0.5301,91491708.5
2023-03-31 03:00:00,0.53,0.5339,0.5276,0.5326,79917672.1
2023-03-31 04:00:00,0.5325,0.5404,0.5316,0.539,149319264.1
2023-03-31 05:00:00,0.539,0.5487,0.5384,0.5432,258081090.4
2023-03-31 06:00:00,0.5432,0.5474,0.5404,0.5439,132644370.4
2023-03-31 07:00:00,0.5439,0.544,0.532,0.5337,197395305.8
2023-03-31 08:00:00,0.5336,0.5364,0.532,0.5338,113478340.1
2023-03-31 09:00:00,0.5337,0.5355,0.5287,0.5339,147605157.9
2023-03-31 10:00:00,0.534,0.5345,0.5281,0.531,118294071.4
2023-03-31 11:00:00,0.531,0.5326,0.5251,0.5303,109869005.8
2023-03-31 12:00:00,0.5303,0.534,0.5264,0.5308,154379615.8
2023-03-31 13:00:00,0.5308,0.5363,0.5282,0.533,142260554.5
2023-03-31 14:00:00,0.5331,0.5352,0.5291,0.5318,125442280.7
2023-03-31 15:00:00,0.5317,0.5344,0.5285,0.5301,101161172.0
2023-03-31 16:00:00,0.5301,0.536,0.5286,0.5317,118065350.1
2023-03-31 17:00:00,0.5317,0.5348,0.53,0.532,68835719.4
2023-03-31 18:00:00,0.5319,0.5355,0.5311,0.5323,67276246.3
2023-03-31 19:00:00,0.5322,0.536,0.5311,0.5353,69718578.1
2023-03-31 20:00:00,0.5354,0.5484,0.5324,0.544,194529448.6
2023-03-31 21:00:00,0.5441,0.5479,0.5371,0.5409,128740379.0
2023-03-31 22:00:00,0.541,0.5441,0.538,0.5387,84606910.2
2023-03-31 23:00:00,0.5386,0.5413,0.5354,0.5374,71757755.3
2023-04-01 00:00:00,0.5373,0.5375,0.5311,0.533,113726906.6
2023-04-01 01:00:00,0.5329,0.5348,0.5311,0.5345,53118693.0
2023-04-01 02:00:00,0.5346,0.5366,0.5313,0.5331,62012547.9
2023-04-01 03:00:00,0.5332,0.5335,0.5311,0.5318,36715832.0
2023-04-01 04:00:00,0.5317,0.534,0.5304,0.5324,36894788.1
2023-04-01 05:00:00,0.5325,0.5331,0.5276,0.5309,81787839.1
2023-04-01 06:00:00,0.5308,0.531,0.5032,0.5185,336201964.0
2023-04-01 07:00:00,0.5185,0.5186,0.5063,0.509,218462491.0
2023-04-01 08:00:00,0.509,0.5095,0.4968,0.5012,324538524.3
2023-04-01 09:00:00,0.5012,0.5073,0.4992,0.505,138709765.8
2023-04-01 10:00:00,0.505,0.5083,0.5017,0.5078,101844281.8
2023-04-01 11:00:00,0.5077,0.5235,0.5061,0.5148,303277786.2
2023-04-01 12:00:00,0.5149,0.5178,0.5102,0.5138,136147244.3
2023-04-01 13:00:00,0.5137,0.5146,0.5101,0.5116,99389051.8
2023-04-01 14:00:00,0.5117,0.5138,0.5074,0.5098,97674480.2
2023-04-01 15:00:00,0.5098,0.5135,0.5091,0.5112,87522531.8
2023-04-01 16:00:00,0.5113,0.5117,0.5025,0.5062,135164216.3
2023-04-01 17:00:00,0.5061,0.5125,0.5056,0.5108,75169167.1
2023-04-01 18:00:00,0.5108,0.5135,0.5093,0.5102,61402803.2
2023-04-01 19:00:00,0.5103,0.5114,0.5051,0.5079,79915957.2
2023-04-01 20:00:00,0.5078,0.511,0.5072,0.5083,65784438.0
2023-04-01 21:00:00,0.5084,0.511,0.5071,0.5106,29540334.5
2023-04-01 22:00:00,0.5105,0.5116,0.5083,0.5112,43030108.8
2023-04-01 23:00:00,0.5111,0.5113,0.5082,0.5092,43188848.0
2023-04-02 00:00:00,0.5092,0.5108,0.5009,0.5021,107376636.1
2023-04-02 01:00:00,0.5021,0.5074,0.502,0.5041,64256873.5
2023-04-02 02:00:00,0.504,0.5197,0.5023,0.5197,121503956.7
2023-04-02 03:00:00,0.5196,0.5197,0.5111,0.5124,140345697.4
2023-04-02 04:00:00,0.5124,0.5154,0.5108,0.5133,55900626.2
2023-04-02 05:00:00,0.5134,0.5179,0.5129,0.5156,52361091.1
2023-04-02 06:00:00,0.5156,0.52,0.5149,0.516,85675998.3
2023-04-02 07:00:00,0.5159,0.5167,0.513,0.5138,52720126.3
2023-04-02 08:00:00,0.5138,0.5177,0.512,0.5128,59173532.7
2023-04-02 09:00:00,0.5128,0.5163,0.5119,0.5149,51737513.2
2023-04-02 10:00:00,0.5149,0.517,0.5134,0.5156,47103723.2
2023-04-02 11:00:00,0.5156,0.5159,0.5131,0.5144,40067412.5
2023-04-02 12:00:00,0.5144,0.5145,0.5067,0.5114,116813028.8
2023-04-02 13:00:00,0.5115,0.5267,0.5088,0.5215,345821076.0
2023-04-02 14:00:00,0.5214,0.5273,0.5181,0.5189,221571760.7
2023-04-02 15:00:00,0.5189,0.5247,0.5127,0.5216,233262910.8
2023-04-02 16:00:00,0.5215,0.5265,0.5188,0.5245,161290918.9
2023-04-02 17:00:00,0.5244,0.5288,0.5227,0.5238,135378285.7
2023-04-02 18:00:00,0.5237,0.527,0.5225,0.5245,70075378.8
2023-04-02 19:00:00,0.5244,0.5255,0.5158,0.5192,116199251.4
2023-04-02 20:00:00,0.5191,0.5211,0.5152,0.5177,71570670.7
2023-04-02 21:00:00,0.5178,0.5214,0.5171,0.52,52264443.6
2023-04-02 22:00:00,0.5199,0.5215,0.5155,0.52,75575611.5
2023-04-02 23:00:00,0.5201,0.5204,0.517,0.5177,46754973.2
2023-04-03 00:00:00,0.5176,0.5246,0.5155,0.5181,115688035.9
2023-04-03 01:00:00,0.5181,0.522,0.5038,0.5066,246779692.5
2023-04-03 02:00:00,0.5067,0.5123,0.5026,0.508,129237873.5
2023-04-03 03:00:00,0.508,0.5124,0.5069,0.5119,56111557.4
2023-04-03 04:00:00,0.512,0.5136,0.5088,0.511,60659590.1
2023-04-03 05:00:00,0.511,0.5116,0.5081,0.5089,38203797.4
2023-04-03 06:00:00,0.5089,0.5109,0.5056,0.5106,62049226.1
2023-04-03 07:00:00,0.5105,0.514,0.51,0.5135,62246250.8
2023-04-03 08:00:00,0.5135,0.5185,0.5129,0.5165,105659470.6
2023-04-03 09:00:00,0.5166,0.5169,0.5133,0.5135,50921548.0
2023-04-03 10:00:00,0.5136,0.5162,0.5122,0.5142,53595879.6
2023-04-03 11:00:00,0.5141,0.5152,0.5123,0.5148,41794870.2
2023-04-03 12:00:00,0.5147,0.5155,0.5091,0.5124,78708468.3
2023-04-03 13:00:00,0.5125,0.5164,0.5107,0.5133,71376553.7
2023-04-03 14:00:00,0.5134,0.5144,0.5059,0.5068,99268606.0
2023-04-03 15:00:00,0.5068,0.5099,0.5053,0.5083,68649696.4
2023-04-03 16:00:00,0.5084,0.509,0.5055,0.5061,55162553.9
2023-04-03 17:00:00,0.5062,0.5081,0.5032,0.5061,96650983.2
2023-04-03 18:00:00,0.5062,0.5149,0.5047,0.5109,144210590.2
2023-04-03 19:00:00,0.5108,0.5131,0.5083,0.5094,59368389.5
2023-04-03 20:00:00,0.5094,0.5099,0.4865,0.4904,331678559.3
2023-04-03 21:00:00,0.4904,0.4969,0.4815,0.4953,170491864.7
2023-04-03 22:00:00,0.4952,0.5009,0.4942,0.4983,86719855.7
2023-04-03 23:00:00,0.4982,0.5001,0.4951,0.4957,56624103.7
2023-04-04 00:00:00,0.4957,0.4977,0.4887,0.489,100030066.0
2023-04-04 01:00:00,0.4889,0.4927,0.487,0.4901,86886587.0
2023-04-04 02:00:00,0.49,0.4944,0.4895,0.4939,49926962.2
2023-04-04 03:00:00,0.4939,0.4978,0.4932,0.4948,59603101.6
2023-04-04 04:00:00,0.4949,0.497,0.4936,0.4957,47980053.6
2023-04-04 05:00:00,0.4957,0.4988,0.4946,0.4987,39173988.9
2023-04-04 06:00:00,0.4988,0.5018,0.4962,0.4996,65168994.5
2023-04-04 07:00:00,0.4996,0.5017,0.4951,0.4962,55481142.2
2023-04-04 08:00:00,0.4962,0.4976,0.4937,0.4964,47436704.7
2023-04-04 09:00:00,0.4965,0.497,0.4933,0.4962,44901583.8
2023-04-04 10:00:00,0.4961,0.4984,0.4947,0.4956,50822520.4
2023-04-04 11:00:00,0.4955,0.5013,0.494,0.4983,97978166.7
2023-04-04 12:00:00,0.4983,0.5005,0.4968,0.4998,60519182.9
2023-04-04 13:00:00,0.4998,0.5049,0.4985,0.4999,128811433.4
2023-04-04 14:00:00,0.5,0.5024,0.4975,0.4993,61984370.6
2023-04-04 15:00:00,0.4993,0.5008,0.4956,0.4978,61739515.8
2023-04-04 16:00:00,0.4978,0.5006,0.4957,0.4998,44315298.9
2023-04-04 17:00:00,0.4997,0.5021,0.4981,0.5019,38364856.7
2023-04-04 18:00:00,0.5019,0.5048,0.5005,0.504,48432927.6
2023-04-04 19:00:00,0.504,0.5062,0.5021,0.5045,57305142.2
2023-04-04 20:00:00,0.5045,0.5076,0.5042,0.5068,48922096.9
2023-04-04 21:00:00,0.5067,0.507,0.5025,0.5051,36535066.3
2023-04-04 22:00:00,0.5052,0.5066,0.5035,0.5036,27963709.3
2023-04-04 23:00:00,0.5037,0.5044,0.5002,0.5026,43425598.9
2023-04-05 00:00:00,0.5025,0.5065,0.4982,0.5061,89624448.7
2023-04-05 01:00:00,0.5061,0.5073,0.5014,0.5031,52155090.2
2023-04-05 02:00:00,0.5032,0.5066,0.5027,0.5038,48442803.9
2023-04-05 03:00:00,0.5037,0.506,0.5021,0.5058,35424001.2
2023-04-05 04:00:00,0.5059,0.506,0.5041,0.5041,24117363.7
2023-04-05 05:00:00,0.5041,0.515,0.5036,0.5122,93712232.1
2023-04-05 06:00:00,0.5123,0.5236,0.5116,0.5212,153991390.1
2023-04-05 07:00:00,0.5213,0.5267,0.5188,0.5222,161229009.2
2023-04-05 08:00:00,0.5222,0.5249,0.516,0.5187,123957938.7
2023-04-05 09:00:00,0.5187,0.5198,0.5141,0.5144,67792439.5
2023-04-05 10:00:00,0.5145,0.5165,0.5128,0.5152,55368347.8
2023-04-05 11:00:00,0.5152,0.5164,0.5134,0.5149,43408346.6
2023-04-05 12:00:00,0.515,0.5161,0.5058,0.5131,144522966.1
2023-04-05 13:00:00,0.5132,0.5133,0.508,0.5107,65780009.9
2023-04-05 14:00:00,0.5107,0.5116,0.5044,0.507,113111262.6
2023-04-05 15:00:00,0.5069,0.507,0.5002,0.5028,110078057.4
2023-04-05 16:00:00,0.5029,0.5037,0.4983,0.5001,78575004.6
2023-04-05 17:00:00,0.5001,0.5063,0.4992,0.5058,58903396.0
2023-04-05 18:00:00,0.5058,0.5077,0.5025,0.5063,63861240.7
2023-04-05 19:00:00,0.5063,0.509,0.5043,0.5073,55839065.0
2023-04-05 20:00:00,0.5073,0.5084,0.5037,0.5043,35871540.3
2023-04-05 21:00:00,0.5043,0.5078,0.5032,0.5073,23014733.1
2023-04-05 22:00:00,0.5073,0.5087,0.5065,0.5069,34990477.6
2023-04-05 23:00:00,0.5068,0.5074,0.5046,0.5052,29935020.5
2023-04-06 00:00:00,0.5053,0.5054,0.4952,0.4988,99656259.1
2023-04-06 01:00:00,0.4988,0.5005,0.4935,0.5,74433482.4
2023-04-06 02:00:00,0.5,0.5026,0.4997,0.5005,38558307.5
2023-04-06 03:00:00,0.5005,0.5034,0.5,0.5024,21217414.6
2023-04-06 04:00:00,0.5024,0.503,0.5004,0.5013,21904254.2
2023-04-06 05:00:00,0.5012,0.5043,0.4995,0.5021,41787080.2
2023-04-06 06:00:00,0.502,0.505,0.5013,0.5029,32891303.8
2023-04-06 07:00:00,0.503,0.5034,0.4968,0.4975,56527348.1
2023-04-06 08:00:00,0.4976,0.4998,0.4962,0.4987,44569595.1
2023-04-06 09:00:00,0.4987,0.5005,0.4968,0.497,37079115.2
2023-04-06 10:00:00,0.4969,0.4971,0.49,0.495,89581409.3
2023-04-06 11:00:00,0.4951,0.4992,0.4947,0.4989,38664557.9
2023-04-06 12:00:00,0.4988,0.5005,0.4957,0.498,53121601.7
2023-04-06 13:00:00,0.498,0.4997,0.4954,0.499,47732210.9
2023-04-06 14:00:00,0.4991,0.5041,0.4989,0.5016,90851787.3
2023-04-06 15:00:00,0.5016,0.5075,0.5015,0.506,77934746.6
2023-04-06 16:00:00,0.506,0.5087,0.5041,0.5046,68016415.4
2023-04-06 17:00:00,0.5045,0.5096,0.5037,0.5087,47484957.5
2023-04-06 18:00:00,0.5088,0.5096,0.5042,0.5044,51940738.8
2023-04-06 19:00:00,0.5045,0.5087,0.5035,0.5068,42177910.5
2023-04-06 20:00:00,0.5068,0.5084,0.5021,0.5033,54375446.5
2023-04-06 21:00:00,0.5033,0.5041,0.5004,0.5022,39824570.3
2023-04-06 22:00:00,0.5023,0.5039,0.5005,0.5019,39642098.5
2023-04-06 23:00:00,0.5018,0.5043,0.5017,0.5027,24506005.2
2023-04-07 00:00:00,0.5026,0.5038,0.4991,0.5033,43267233.4
2023-04-07 01:00:00,0.5033,0.5033,0.5002,0.5008,27766556.2
2023-04-07 02:00:00,0.5009,0.501,0.4966,0.4994,44085868.8
2023-04-07 03:00:00,0.4993,0.5025,0.4991,0.5016,23948370.9
2023-04-07 04:00:00,0.5015,0.5037,0.5008,0.5016,23525412.8
2023-04-07 05:00:00,0.5016,0.5078,0.4998,0.5058,62039166.2
2023-04-07 06:00:00,0.5057,0.515,0.5015,0.5047,226502931.7
2023-04-07 07:00:00,0.5046,0.5088,0.5032,0.5072,106291847.2
2023-04-07 08:00:00,0.5071,0.5117,0.507,0.5081,125671296.3
2023-04-07 09:00:00,0.5081,0.5132,0.5061,0.5103,93042553.4
2023-04-07 10:00:00,0.5104,0.5118,0.5066,0.5073,85932898.0
2023-04-07 11:00:00,0.5072,0.5081,0.5023,0.5039,84253668.6
2023-04-07 12:00:00,0.5037,0.5079,0.5029,0.5054,76993260.3
2023-04-07 13:00:00,0.5054,0.5083,0.505,0.506,47311737.7
2023-04-07 14:00:00,0.5061,0.5085,0.5058,0.5073,38709110.0
2023-04-07 15:00:00,0.5073,0.5079,0.5056,0.5077,33588713.5
2023-04-07 16:00:00,0.5077,0.5085,0.5048,0.5063,35874428.1
2023-04-07 17:00:00,0.5064,0.5107,0.5062,0.5094,58044870.1
2023-04-07 18:00:00,0.5095,0.5133,0.509,0.5124,78506580.0
2023-04-07 19:00:00,0.5124,0.5137,0.5096,0.5118,59894426.4
2023-04-07 20:00:00,0.5119,0.513,0.5101,0.5102,37697801.5
2023-04-07 21:00:00,0.5103,0.5134,0.5092,0.5117,40293895.2
2023-04-07 22:00:00,0.5117,0.5131,0.5102,0.5126,33927612.3
2023-04-07 23:00:00,0.5125,0.5144,0.512,0.5123,42932213.1
2023-04-08 00:00:00,0.5124,0.5124,0.5065,0.5079,76889821.8
2023-04-08 01:00:00,0.5078,0.5111,0.5067,0.5102,38778706.4
2023-04-08 02:00:00,0.5102,0.5111,0.5093,0.5102,26723086.1
2023-04-08 03:00:00,0.5102,0.5128,0.509,0.5115,37161819.5
2023-04-08 04:00:00,0.5115,0.5119,0.5096,0.5104,31503883.2
2023-04-08 05:00:00,0.5104,0.5125,0.5104,0.5123,30737040.3
2023-04-08 06:00:00,0.5123,0.5128,0.5104,0.5107,29300079.6
2023-04-08 07:00:00,0.5106,0.5117,0.5097,0.5103,26817896.0
2023-04-08 08:00:00,0.5103,0.5108,0.5085,0.509,29050747.8
2023-04-08 09:00:00,0.509,0.5115,0.5089,0.5106,31418726.9
2023-04-08 10:00:00,0.5107,0.5113,0.5095,0.5102,19319961.1
2023-04-08 11:00:00,0.5103,0.5108,0.5094,0.51,13929499.9
2023-04-08 12:00:00,0.5101,0.5104,0.5076,0.5087,30599855.3
2023-04-08 13:00:00,0.5087,0.5097,0.5084,0.5094,22881327.1
2023-04-08 14:00:00,0.5094,0.5099,0.5084,0.5093,18401521.2
2023-04-08 15:00:00,0.5093,0.5099,0.5083,0.5089,15542917.7
2023-04-08 16:00:00,0.5088,0.5093,0.5077,0.5082,20032846.5
2023-04-08 17:00:00,0.5082,0.5098,0.5039,0.5059,40758570.5
2023-04-08 18:00:00,0.5059,0.5069,0.5015,0.504,51465714.5
2023-04-08 19:00:00,0.5041,0.5059,0.503,0.5055,31622036.6
2023-04-08 20:00:00,0.5055,0.5068,0.5049,0.5049,27544644.7
2023-04-08 21:00:00,0.5049,0.5055,0.5041,0.5055,15068318.9
2023-04-08 22:00:00,0.5054,0.506,0.5022,0.5053,27842403.1
2023-04-08 23:00:00,0.5054,0.5062,0.5041,0.5045,20717236.5
2023-04-09 00:00:00,0.5044,0.5081,0.5041,0.5076,28599176.6
2023-04-09 01:00:00,0.5076,0.509,0.507,0.5075,22065370.8
2023-04-09 02:00:00,0.5075,0.5079,0.5065,0.5066,16097015.5
2023-04-09 03:00:00,0.5065,0.5069,0.5057,0.506,14388334.0
2023-04-09 04:00:00,0.506,0.5071,0.5057,0.5065,10345400.4
2023-04-09 05:00:00,0.5064,0.5078,0.5052,0.5053,14864814.0
2023-04-09 06:00:00,0.5053,0.5056,0.5023,0.5032,55305793.8
2023-04-09 07:00:00,0.5033,0.5035,0.501,0.5027,37191012.1
2023-04-09 08:00:00,0.5027,0.5037,0.5017,0.5027,24580619.2
2023-04-09 09:00:00,0.5028,0.5039,0.5017,0.5031,17994586.8
2023-04-09 10:00:00,0.5031,0.5031,0.5017,0.5022,14856290.8
2023-04-09 11:00:00,0.5023,0.5035,0.502,0.5031,17677450.4
2023-04-09 12:00:00,0.5032,0.5052,0.5028,0.5035,26095980.8
2023-04-09 13:00:00,0.5034,0.5035,0.5022,0.5026,16320949.4
2023-04-09 14:00:00,0.5026,0.5032,0.4975,0.5006,73730504.3
2023-04-09 15:00:00,0.5005,0.5019,0.4996,0.5017,28848545.8
2023-04-09 16:00:00,0.5016,0.5029,0.5008,0.5013,18506663.0
2023-04-09 17:00:00,0.5014,0.5018,0.4997,0.5014,19288497.6
2023-04-09 18:00:00,0.5013,0.5045,0.501,0.5036,25724417.2
2023-04-09 19:00:00,0.5037,0.5068,0.5029,0.5052,49598432.1
2023-04-09 20:00:00,0.5053,0.5053,0.5034,0.5052,19362218.2
2023-04-09 21:00:00,0.5051,0.5081,0.5045,0.5079,29540382.4
2023-04-09 22:00:00,0.5079,0.5082,0.5061,0.5063,34043924.3
2023-04-09 23:00:00,0.5064,0.5068,0.5044,0.505,23193817.0
2023-04-10 00:00:00,0.505,0.5071,0.5043,0.5045,31199977.9
2023-04-10 01:00:00,0.5045,0.5047,0.4992,0.5012,75522888.2
2023-04-10 02:00:00,0.5012,0.503,0.5006,0.5017,23585610.8
2023-04-10 03:00:00,0.5016,0.5043,0.5013,0.5039,20192769.0
2023-04-10 04:00:00,0.5039,0.5046,0.5023,0.5027,23322567.9
2023-04-10 05:00:00,0.5027,0.5043,0.5021,0.5033,18484859.8
2023-04-10 06:00:00,0.5034,0.5041,0.5032,0.5037,5692559.9
2023-04-10 07:00:00,0.5038,0.5056,0.5036,0.5055,13605408.8
2023-04-10 08:00:00,0.5056,0.5062,0.5048,0.5052,26838117.4
2023-04-10 09:00:00,0.5052,0.5064,0.5043,0.5047,23593432.5
2023-04-10 10:00:00,0.5047,0.5047,0.5027,0.5035,28920708.0
2023-04-10 11:00:00,0.5034,0.5048,0.5034,0.5044,18364225.9
2023-04-10 12:00:00,0.5043,0.5048,0.5036,0.5044,18245139.7
2023-04-10 13:00:00,0.5045,0.5047,0.5012,0.5025,43319164.5
2023-04-10 14:00:00,0.5025,0.5037,0.5012,0.5032,24312185.2
2023-04-10 15:00:00,0.5032,0.5057,0.5027,0.5042,34789383.1
2023-04-10 16:00:00,0.5041,0.5089,0.5029,0.5086,55422861.6
2023-04-10 17:00:00,0.5087,0.5116,0.5082,0.5105,98513942.9
2023-04-10 18:00:00,0.5104,0.5124,0.5096,0.5116,44039306.6
2023-04-10 19:00:00,0.5116,0.513,0.5098,0.5125,42627280.7
2023-04-10 20:00:00,0.5125,0.5126,0.5102,0.5108,33220783.1
2023-04-10 21:00:00,0.5108,0.5129,0.5108,0.5118,23632947.9
2023-04-10 22:00:00,0.5117,0.5158,0.5117,0.5151,69386053.5
2023-04-10 23:00:00,0.5151,0.5197,0.5151,0.5173,64670213.5
2023-04-11 00:00:00,0.5173,0.5178,0.5132,0.5152,80858150.7
2023-04-11 01:00:00,0.5152,0.5164,0.5117,0.5156,55052977.2
2023-04-11 02:00:00,0.5157,0.5173,0.5143,0.5164,61605808.8
2023-04-11 03:00:00,0.5163,0.5164,0.513,0.5155,30530909.3
2023-04-11 04:00:00,0.5155,0.5164,0.5141,0.5162,25187189.5
2023-04-11 05:00:00,0.5161,0.5284,0.5158,0.5237,183399871.4
2023-04-11 06:00:00,0.5236,0.5263,0.5221,0.5246,80071092.7
2023-04-11 07:00:00,0.5246,0.5261,0.5224,0.523,47581453.8
2023-04-11 08:00:00,0.5229,0.5236,0.5191,0.5203,57777245.1
2023-04-11 09:00:00,0.5203,0.5219,0.518,0.5217,53293879.9
2023-04-11 10:00:00,0.5218,0.5228,0.5206,0.5217,32402787.0
2023-04-11 11:00:00,0.5218,0.5232,0.5196,0.5203,32659244.4
2023-04-11 12:00:00,0.5203,0.5225,0.5186,0.5224,58118370.6
2023-04-11 13:00:00,0.5223,0.5241,0.5212,0.5226,56847112.4
2023-04-11 14:00:00,0.5226,0.5232,0.5167,0.5184,83239458.2
2023-04-11 15:00:00,0.5184,0.5199,0.5171,0.519,56811391.6
2023-04-11 16:00:00,0.519,0.5192,0.513,0.5134,77447840.8
2023-04-11 17:00:00,0.5134,0.515,0.5107,0.5142,76248733.2
2023-04-11 18:00:00,0.5143,0.5161,0.5141,0.5159,25872914.8
2023-04-11 19:00:00,0.5159,0.5186,0.5134,0.5159,66225394.3
2023-04-11 20:00:00,0.5159,0.517,0.5143,0.5158,38848922.8
2023-04-11 21:00:00,0.5157,0.5159,0.5147,0.5155,14732489.8
2023-04-11 22:00:00,0.5154,0.5176,0.5149,0.5166,26272909.0
2023-04-11 23:00:00,0.5166,0.518,0.5152,0.5163,26320906.9
2023-04-12 00:00:00,0.5164,0.5177,0.5118,0.5128,44956446.5
2023-04-12 01:00:00,0.5127,0.516,0.5113,0.512,50883845.3
2023-04-12 02:00:00,0.5121,0.5121,0.5016,0.5064,161524464.4
2023-04-12 03:00:00,0.5063,0.5079,0.5043,0.5076,52699465.5
2023-04-12 04:00:00,0.5075,0.5093,0.5061,0.5091,46222602.4
2023-04-12 05:00:00,0.5091,0.5091,0.5057,0.5066,31470239.5
2023-04-12 06:00:00,0.5066,0.5089,0.5063,0.5084,22784783.1
2023-04-12 07:00:00,0.5085,0.5099,0.5059,0.5063,45167064.6
2023-04-12 08:00:00,0.5063,0.5063,0.5004,0.502,103612861.4
2023-04-12 09:00:00,0.502,0.5047,0.5018,0.5034,33963292.7
2023-04-12 10:00:00,0.5034,0.5039,0.5018,0.502,28463443.7
2023-04-12 11:00:00,0.502,0.5029,0.5001,0.5024,39358155.8
2023-04-12 12:00:00,0.5025,0.5091,0.5012,0.5044,114103331.0
2023-04-12 13:00:00,0.5044,0.5074,0.5021,0.5026,74646680.4
2023-04-12 14:00:00,0.5027,0.5069,0.5021,0.5041,73020605.9
2023-04-12 15:00:00,0.5041,0.5046,0.4977,0.5021,102068237.8
2023-04-12 16:00:00,0.5022,0.5026,0.5002,0.5013,30774944.2
2023-04-12 17:00:00,0.5012,0.5043,0.5008,0.503,33913014.3
2023-04-12 18:00:00,0.5029,0.5046,0.5018,0.5025,40407925.1
2023-04-12 19:00:00,0.5025,0.5034,0.4992,0.5023,39034446.0
2023-04-12 20:00:00,0.5023,0.504,0.5016,0.5029,22608732.9
2023-04-12 21:00:00,0.503,0.5049,0.5027,0.5048,15196396.3
2023-04-12 22:00:00,0.5047,0.506,0.5035,0.5037,41800935.4
2023-04-12 23:00:00,0.5038,0.5062,0.5036,0.5046,29911296.0
2023-04-13 00:00:00,0.5045,0.5048,0.5018,0.5026,32410677.9
2023-04-13 01:00:00,0.5026,0.5031,0.5012,0.503,29102814.7
2023-04-13 02:00:00,0.5031,0.5053,0.5025,0.5047,26896098.6
2023-04-13 03:00:00,0.5047,0.5064,0.504,0.5048,31481529.0
2023-04-13 04:00:00,0.5047,0.5054,0.5041,0.5045,18464288.9
2023-04-13 05:00:00,0.5045,0.5063,0.5038,0.5052,23034286.3
2023-04-13 06:00:00,0.5052,0.5073,0.5046,0.5049,38068944.2
2023-04-13 07:00:00,0.5048,0.5073,0.5047,0.5068,27217053.2
2023-04-13 08:00:00,0.5068,0.5111,0.5062,0.5098,70296224.8
2023-04-13 09:00:00,0.5098,0.5137,0.5098,0.5105,96920866.8
2023-04-13 10:00:00,0.5105,0.511,0.5077,0.5089,55458877.5
2023-04-13 11:00:00,0.5089,0.5099,0.5077,0.5083,44191593.3
2023-04-13 12:00:00,0.5084,0.5105,0.5072,0.5102,67120618.4
2023-04-13 13:00:00,0.5102,0.5105,0.5082,0.5085,46070376.9
2023-04-13 14:00:00,0.5086,0.5115,0.5079,0.5109,44470377.4
2023-04-13 15:00:00,0.511,0.5113,0.5089,0.5095,40223940.6
2023-04-13 16:00:00,0.5096,0.5103,0.5075,0.5082,32901025.9
2023-04-13 17:00:00,0.5081,0.5102,0.5075,0.5097,33717816.4
2023-04-13 18:00:00,0.5097,0.5122,0.5095,0.5119,30930532.4
2023-04-13 19:00:00,0.512,0.5133,0.5109,0.512,43878929.7
2023-04-13 20:00:00,0.512,0.5157,0.5117,0.5123,83726445.1
2023-04-13 21:00:00,0.5122,0.5129,0.5105,0.5107,25666457.0
2023-04-13 22:00:00,0.5106,0.5129,0.5106,0.5118,28422532.1
2023-04-13 23:00:00,0.5119,0.5128,0.5114,0.5121,25344137.7
2023-04-14 00:00:00,0.5121,0.5188,0.511,0.5182,128242953.8
2023-04-14 01:00:00,0.5182,0.5199,0.5168,0.5172,76605452.3
2023-04-14 02:00:00,0.5172,0.5216,0.5165,0.5187,74897560.2
2023-04-14 03:00:00,0.5188,0.5241,0.5183,0.5211,60876750.2
2023-04-14 04:00:00,0.5212,0.5241,0.5211,0.522,35652321.7
2023-04-14 05:00:00,0.522,0.5359,0.5216,0.5331,133046659.5
2023-04-14 06:00:00,0.533,0.5472,0.5325,0.5347,343670774.1
2023-04-14 07:00:00,0.5348,0.5349,0.5275,0.5282,127251627.6
2023-04-14 08:00:00,0.5283,0.5309,0.5252,0.5293,90788597.1
2023-04-14 09:00:00,0.5292,0.5324,0.5289,0.5314,62757546.6
2023-04-14 10:00:00,0.5313,0.5348,0.5301,0.5343,49068586.4
2023-04-14 11:00:00,0.5343,0.5354,0.5314,0.5325,49508706.6
2023-04-14 12:00:00,0.5325,0.5338,0.5229,0.5251,123988689.4
2023-04-14 13:00:00,0.5251,0.5303,0.525,0.529,73586680.0
2023-04-14 14:00:00,0.5289,0.5303,0.5235,0.5254,75680767.8
2023-04-14 15:00:00,0.5255,0.5259,0.5138,0.5148,192856205.3
2023-04-14 16:00:00,0.5149,0.5163,0.5117,0.5153,82941629.6
2023-04-14 17:00:00,0.5153,0.5195,0.5149,0.5192,60941813.1
2023-04-14 18:00:00,0.5191,0.521,0.5182,0.5196,36927259.4
2023-04-14 19:00:00,0.5195,0.5234,0.5191,0.5234,35378910.8
2023-04-14 20:00:00,0.5234,0.528,0.5217,0.5262,62470306.6
2023-04-14 21:00:00,0.5263,0.5271,0.5241,0.5248,28343451.9
2023-04-14 22:00:00,0.5248,0.5264,0.5236,0.5261,27795161.7
2023-04-14 23:00:00,0.526,0.5269,0.522,0.5227,33795869.2
2023-04-15 00:00:00,0.5228,0.5241,0.5187,0.5192,58819124.9
2023-04-15 01:00:00,0.5193,0.5207,0.5156,0.5179,57262780.4
2023-04-15 02:00:00,0.518,0.5202,0.5179,0.5188,24786401.7
2023-04-15 03:00:00,0.5187,0.5205,0.5187,0.5193,17432029.4
2023-04-15 04:00:00,0.5193,0.5203,0.5175,0.5199,22125679.9
2023-04-15 05:00:00,0.5199,0.5224,0.5193,0.5203,27589414.1
2023-04-15 06:00:00,0.5203,0.5207,0.5183,0.5197,21202198.1
2023-04-15 07:00:00,0.5197,0.523,0.5196,0.5217,25197743.2
2023-04-15 08:00:00,0.5217,0.5222,0.5199,0.5205,26019824.7
2023-04-15 09:00:00,0.5206,0.5229,0.5205,0.5222,22175738.0
2023-04-15 10:00:00,0.5222,0.5238,0.5217,0.5236,23347916.9
2023-04-15 11:00:00,0.5236,0.5262,0.5226,0.5235,45798098.2
2023-04-15 12:00:00,0.5235,0.5253,0.5231,0.5248,25408681.9
2023-04-15 13:00:00,0.5249,0.5255,0.5204,0.5216,43481717.7
2023-04-15 14:00:00,0.5216,0.5234,0.5205,0.5222,30543182.3
2023-04-15 15:00:00,0.5223,0.5236,0.521,0.5214,24501898.4
2023-04-15 16:00:00,0.5213,0.5227,0.5206,0.5225,26581372.8
2023-04-15 17:00:00,0.5225,0.5225,0.5173,0.5188,50613762.6
2023-04-15 18:00:00,0.5187,0.5208,0.5185,0.5206,20358782.6
2023-04-15 19:00:00,0.5206,0.5208,0.5165,0.5197,28817747.2
2023-04-15 20:00:00,0.5197,0.5198,0.5177,0.5181,17487368.5
2023-04-15 21:00:00,0.518,0.5193,0.5169,0.5184,16700429.9
2023-04-15 22:00:00,0.5184,0.5214,0.5178,0.521,24598291.9
2023-04-15 23:00:00,0.521,0.5214,0.5193,0.5195,17050042.6
2023-04-16 00:00:00,0.5195,0.5243,0.5195,0.5216,33008628.1
2023-04-16 01:00:00,0.5217,0.5217,0.5152,0.5196,69975766.7
2023-04-16 02:00:00,0.5196,0.52,0.5181,0.5196,18015421.9
2023-04-16 03:00:00,0.5197,0.5198,0.5158,0.5165,25241657.2
2023-04-16 04:00:00,0.5166,0.5196,0.5157,0.5195,26179868.8
2023-04-16 05:00:00,0.5195,0.5202,0.5186,0.5199,15962958.2
2023-04-16 06:00:00,0.5198,0.5201,0.519,0.5192,14760485.5
2023-04-16 07:00:00,0.5191,0.5204,0.5183,0.5199,16088519.8
2023-04-16 08:00:00,0.5198,0.5216,0.5192,0.5209,21240883.6
2023-04-16 09:00:00,0.5208,0.5214,0.5191,0.5191,25129242.0
2023-04-16 10:00:00,0.5191,0.5202,0.5177,0.5188,27977774.5
2023-04-16 11:00:00,0.5187,0.5197,0.5172,0.5174,23217710.7
2023-04-16 12:00:00,0.5174,0.5197,0.5172,0.5193,20045078.8
2023-04-16 13:00:00,0.5192,0.5203,0.5171,0.5193,34646413.0
2023-04-16 14:00:00,0.5193,0.5204,0.5186,0.5201,26592150.3
2023-04-16 15:00:00,0.5201,0.5212,0.5196,0.52,25318238.6
2023-04-16 16:00:00,0.5201,0.5218,0.5187,0.5217,26466296.8
2023-04-16 17:00:00,0.5217,0.5224,0.521,0.5212,28137434.7
2023-04-16 18:00:00,0.5212,0.5241,0.5211,0.5241,22423846.7
2023-04-16 19:00:00,0.5241,0.5248,0.5204,0.5211,48986334.7
2023-04-16 20:00:00,0.5211,0.5226,0.5177,0.5217,57828253.4
2023-04-16 21:00:00,0.5217,0.5235,0.5206,0.5231,19196832.6
2023-04-16 22:00:00,0.5231,0.5233,0.5212,0.5219,18326213.3
2023-04-16 23:00:00,0.522,0.5224,0.5194,0.5207,24256976.2
2023-04-17 00:00:00,0.5208,0.521,0.5074,0.5109,182458476.0
2023-04-17 01:00:00,0.5109,0.5144,0.5092,0.5129,55026159.4
2023-04-17 02:00:00,0.5129,0.5164,0.5123,0.5148,33150581.4
2023-04-17 03:00:00,0.5147,0.5152,0.5128,0.5132,24851150.2
2023-04-17 04:00:00,0.5131,0.5148,0.5118,0.5137,28842804.2
2023-04-17 05:00:00,0.5137,0.5156,0.5134,0.5155,25420596.9
2023-04-17 06:00:00,0.5155,0.5159,0.5117,0.512,33684126.8
2023-04-17 07:00:00,0.5119,0.5148,0.5105,0.5128,51879307.8
2023-04-17 08:00:00,0.5128,0.5145,0.5118,0.5145,31717614.7
2023-04-17 09:00:00,0.5144,0.5151,0.5129,0.513,26874460.9
2023-04-17 10:00:00,0.513,0.5148,0.5118,0.5146,31158391.3
2023-04-17 11:00:00,0.5146,0.5147,0.5107,0.5128,56021363.8
2023-04-17 12:00:00,0.5127,0.5143,0.5126,0.5136,38828611.9
2023-04-17 13:00:00,0.5136,0.5137,0.5091,0.5124,82855625.0
2023-04-17 14:00:00,0.5123,0.5129,0.5098,0.5124,37380862.8
2023-04-17 15:00:00,0.5124,0.5128,0.5063,0.5079,69563942.7
2023-04-17 16:00:00,0.5079,0.5093,0.5072,0.5079,41671088.3
2023-04-17 17:00:00,0.508,0.5107,0.5077,0.5098,27933212.7
2023-04-17 18:00:00,0.5099,0.5119,0.5098,0.5113,23972088.5
2023-04-17 19:00:00,0.5114,0.5115,0.5094,0.5101,25575692.9
2023-04-17 20:00:00,0.5102,0.5117,0.5095,0.5112,19534138.2
2023-04-17 21:00:00,0.5112,0.5118,0.5092,0.5112,16324453.4
2023-04-17 22:00:00,0.5112,0.5128,0.5112,0.5126,22549704.4
2023-04-17 23:00:00,0.5125,0.5128,0.5094,0.5108,23131766.4
2023-04-18 00:00:00,0.5109,0.5133,0.5105,0.5119,33125955.6
2023-04-18 01:00:00,0.5118,0.5132,0.509,0.5107,55700030.5
2023-04-18 02:00:00,0.5107,0.5119,0.5096,0.5115,25798680.7
2023-04-18 03:00:00,0.5114,0.5129,0.5112,0.5126,18036328.2
2023-04-18 04:00:00,0.5125,0.5152,0.5121,0.5139,34631190.7
2023-04-18 05:00:00,0.5139,0.5165,0.5138,0.5155,37600448.4
2023-04-18 06:00:00,0.5156,0.5165,0.5139,0.5159,42316041.0
2023-04-18 07:00:00,0.5159,0.5187,0.515,0.5159,45246940.1
2023-04-18 08:00:00,0.5158,0.5172,0.5133,0.5134,39562514.2
2023-04-18 09:00:00,0.5135,0.5168,0.5132,0.5164,36858623.6
2023-04-18 10:00:00,0.5165,0.5169,0.5156,0.5159,21357076.7
2023-04-18 11:00:00,0.5158,0.5211,0.5157,0.5203,64144782.7
2023-04-18 12:00:00,0.5203,0.5268,0.5203,0.5218,140902720.7
2023-04-18 13:00:00,0.5218,0.5226,0.5191,0.5213,53190266.8
2023-04-18 14:00:00,0.5213,0.5226,0.5172,0.5207,67487450.3
2023-04-18 15:00:00,0.5207,0.522,0.5177,0.5204,51459018.2
2023-04-18 16:00:00,0.5204,0.5223,0.5188,0.5193,34513518.9
2023-04-18 17:00:00,0.5193,0.5209,0.5171,0.5177,41436422.9
2023-04-18 18:00:00,0.5178,0.5198,0.5157,0.5186,49995732.8
2023-04-18 19:00:00,0.5187,0.5217,0.5179,0.5215,31846449.8
2023-04-18 20:00:00,0.5215,0.5242,0.52,0.524,37131535.8
2023-04-18 21:00:00,0.5239,0.5242,0.5215,0.5234,26983545.4
2023-04-18 22:00:00,0.5234,0.5293,0.5228,0.5293,53240560.3
2023-04-18 23:00:00,0.5294,0.5394,0.5293,0.5327,202378675.7
2023-04-19 00:00:00,0.5327,0.5378,0.5265,0.5284,108424589.1
2023-04-19 01:00:00,0.5285,0.5295,0.5251,0.5257,42631777.7
2023-04-19 02:00:00,0.5257,0.5265,0.5241,0.526,41991905.5
2023-04-19 03:00:00,0.526,0.5278,0.5245,0.5265,40157251.6
2023-04-19 04:00:00,0.5265,0.5307,0.526,0.5299,45894591.3
2023-04-19 05:00:00,0.53,0.5335,0.5289,0.5321,39110266.0
2023-04-19 06:00:00,0.5321,0.5335,0.5224,0.5231,102453441.9
2023-04-19 07:00:00,0.5232,0.526,0.5204,0.5219,59134884.2
2023-04-19 08:00:00,0.5219,0.5224,0.4595,0.4876,490718018.9
2023-04-19 09:00:00,0.4876,0.4933,0.4863,0.4877,177068172.3
2023-04-19 10:00:00,0.4877,0.4924,0.4874,0.4918,75372062.5
2023-04-19 11:00:00,0.4917,0.4987,0.4907,0.4971,88591190.2
2023-04-19 12:00:00,0.497,0.4973,0.4944,0.4967,48148872.6
2023-04-19 13:00:00,0.4967,0.4972,0.4951,0.4967,46336390.2
2023-04-19 14:00:00,0.4966,0.5017,0.4963,0.501,75053239.1
2023-04-19 15:00:00,0.5009,0.5013,0.4942,0.4965,90397185.9
2023-04-19 16:00:00,0.4965,0.4992,0.4956,0.4961,46294387.1
2023-04-19 17:00:00,0.4962,0.4967,0.4909,0.495,78633952.1
2023-04-19 18:00:00,0.495,0.4958,0.4917,0.4943,44461325.5
2023-04-19 19:00:00,0.4943,0.4962,0.493,0.4944,34268299.2
2023-04-19 20:00:00,0.4944,0.4962,0.4923,0.4938,33492976.5
2023-04-19 21:00:00,0.4937,0.4948,0.4837,0.4947,84176033.1
2023-04-19 22:00:00,0.4947,0.4965,0.4921,0.4955,43235563.7
2023-04-19 23:00:00,0.4955,0.496,0.4844,0.4908,116114096.8
2023-04-20 00:00:00,0.4908,0.4954,0.4907,0.4945,43395200.7
2023-04-20 01:00:00,0.4945,0.4949,0.491,0.4933,39456511.1
2023-04-20 02:00:00,0.4933,0.4944,0.4892,0.4897,39120667.4
2023-04-20 03:00:00,0.4897,0.4948,0.486,0.4941,66603896.9
2023-04-20 04:00:00,0.4941,0.4978,0.4937,0.4958,33392773.3
2023-04-20 05:00:00,0.4958,0.4974,0.4938,0.4956,30986920.3
2023-04-20 06:00:00,0.4957,0.499,0.4947,0.4956,38726781.1
2023-04-20 07:00:00,0.4957,0.4964,0.4917,0.4923,45333949.4
2023-04-20 08:00:00,0.4924,0.4958,0.4912,0.4921,54150882.5
2023-04-20 09:00:00,0.4921,0.4954,0.4918,0.4926,35136272.7
2023-04-20 10:00:00,0.4926,0.4933,0.4895,0.4908,41301493.7
2023-04-20 11:00:00,0.4907,0.491,0.487,0.488,61217751.4
2023-04-20 12:00:00,0.488,0.4939,0.487,0.4935,85906107.6
2023-04-20 13:00:00,0.4935,0.4937,0.4897,0.4914,61600886.4
2023-04-20 14:00:00,0.4913,0.493,0.489,0.4899,38428759.5
2023-04-20 15:00:00,0.4899,0.4899,0.4801,0.4808,84065782.3
2023-04-20 16:00:00,0.4808,0.4809,0.4639,0.4698,190511776.3
2023-04-20 17:00:00,0.4699,0.4733,0.4648,0.4693,110207767.0
2023-04-20 18:00:00,0.4693,0.4727,0.4678,0.4713,68020472.8
2023-04-20 19:00:00,0.4712,0.4718,0.4677,0.4704,62688087.7
2023-04-20 20:00:00,0.4704,0.4723,0.4678,0.4708,38336830.4
2023-04-20 21:00:00,0.4707,0.4721,0.4698,0.4718,22894905.0
2023-04-20 22:00:00,0.4717,0.4737,0.4706,0.4722,62678094.5
2023-04-20 23:00:00,0.4722,0.4751,0.472,0.4747,29424638.5
2023-04-21 00:00:00,0.4746,0.4771,0.471,0.4743,65039513.8
2023-04-21 01:00:00,0.4742,0.4753,0.4722,0.4723,31315343.2
2023-04-21 02:00:00,0.4724,0.4734,0.4688,0.471,34025447.5
2023-04-21 03:00:00,0.471,0.4764,0.4708,0.4759,32496925.6
2023-04-21 04:00:00,0.4759,0.4789,0.474,0.4745,52657744.4
2023-04-21 05:00:00,0.4744,0.4755,0.4723,0.4728,35310620.4
2023-04-21 06:00:00,0.4727,0.4754,0.4657,0.467,96880357.0
2023-04-21 07:00:00,0.4671,0.4719,0.466,0.4715,80406328.2
2023-04-21 08:00:00,0.4715,0.4735,0.4692,0.4707,44879492.3
2023-04-21 09:00:00,0.4707,0.4722,0.4698,0.4711,23771690.4
2023-04-21 10:00:00,0.4711,0.4722,0.4676,0.4685,37570418.5
2023-04-21 11:00:00,0.4685,0.4685,0.4643,0.4669,64396083.9
2023-04-21 12:00:00,0.467,0.4681,0.4576,0.4678,113563508.6
2023-04-21 13:00:00,0.4678,0.47,0.4658,0.4664,48237351.3
2023-04-21 14:00:00,0.4663,0.4678,0.4636,0.4647,59893177.6
2023-04-21 15:00:00,0.4647,0.4659,0.4604,0.4606,67525650.2
2023-04-21 16:00:00,0.4606,0.4632,0.4586,0.4612,78893899.3
2023-04-21 17:00:00,0.4612,0.4624,0.4537,0.4558,126555740.5
2023-04-21 18:00:00,0.4558,0.4587,0.4541,0.4559,54184342.4
2023-04-21 19:00:00,0.4558,0.4563,0.4394,0.4442,229008899.9
2023-04-21 20:00:00,0.4442,0.447,0.4408,0.441,104077256.6
2023-04-21 21:00:00,0.4409,0.4455,0.4395,0.4419,59369267.7
2023-04-21 22:00:00,0.4418,0.4455,0.441,0.4454,53276454.9
2023-04-21 23:00:00,0.4453,0.4491,0.4448,0.4485,41767647.0
2023-04-22 00:00:00,0.4484,0.4518,0.4462,0.4467,51054359.9
2023-04-22 01:00:00,0.4468,0.45,0.4452,0.4491,33227692.3
2023-04-22 02:00:00,0.4491,0.4502,0.4474,0.4483,25984679.2
2023-04-22 03:00:00,0.4484,0.4516,0.448,0.4512,24506498.2
2023-04-22 04:00:00,0.4512,0.4515,0.4496,0.4509,22176808.8
2023-04-22 05:00:00,0.4509,0.4553,0.4502,0.4551,28738222.7
2023-04-22 06:00:00,0.4552,0.4552,0.4512,0.4522,28604061.3
2023-04-22 07:00:00,0.4522,0.4524,0.449,0.4504,29957829.4
2023-04-22 08:00:00,0.4504,0.4516,0.4498,0.4506,21853785.1
2023-04-22 09:00:00,0.4505,0.455,0.4503,0.4531,32076190.7
2023-04-22 10:00:00,0.4532,0.455,0.4509,0.4546,41490450.2
2023-04-22 11:00:00,0.4545,0.4548,0.4532,0.4536,23216994.2
2023-04-22 12:00:00,0.4537,0.4582,0.4531,0.4575,44183337.3
2023-04-22 13:00:00,0.4575,0.4634,0.4572,0.4597,106299100.2
2023-04-22 14:00:00,0.4597,0.4759,0.4596,0.4722,247356086.6
2023-04-22 15:00:00,0.4722,0.4736,0.4665,0.4674,122169015.9
2023-04-22 16:00:00,0.4675,0.4724,0.4667,0.4693,86053448.6
2023-04-22 17:00:00,0.4693,0.4749,0.4684,0.4741,61769523.6
2023-04-22 18:00:00,0.4742,0.4742,0.4694,0.4704,55758655.5
2023-04-22 19:00:00,0.4704,0.4723,0.4687,0.4692,42024673.3
2023-04-22 20:00:00,0.4692,0.4708,0.4677,0.4693,37199859.9
2023-04-22 21:00:00,0.4693,0.4721,0.4681,0.4704,30965850.6
2023-04-22 22:00:00,0.4705,0.4734,0.4698,0.4712,45435692.9
2023-04-22 23:00:00,0.4711,0.4727,0.4705,0.4717,39652144.9
2023-04-23 00:00:00,0.4716,0.4717,0.4605,0.4654,115371718.5
2023-04-23 01:00:00,0.4654,0.4683,0.4646,0.4654,52051236.2
2023-04-23 02:00:00,0.4654,0.4665,0.4639,0.4649,24585913.6
2023-04-23 03:00:00,0.4648,0.4677,0.4646,0.4669,23743406.3
2023-04-23 04:00:00,0.4668,0.4692,0.466,0.4687,20270740.9
2023-04-23 05:00:00,0.4688,0.4711,0.4675,0.4699,34514045.6
2023-04-23 06:00:00,0.47,0.4712,0.4692,0.4697,28528200.5
2023-04-23 07:00:00,0.4696,0.4717,0.4682,0.4715,31544728.1
2023-04-23 08:00:00,0.4714,0.4716,0.469,0.4702,31626652.2
2023-04-23 09:00:00,0.4702,0.4707,0.4677,0.4685,27568480.3
2023-04-23 10:00:00,0.4685,0.4691,0.4646,0.4655,48578867.5
2023-04-23 11:00:00,0.4655,0.4688,0.4651,0.4688,36285726.3
2023-04-23 12:00:00,0.4688,0.4694,0.4671,0.4672,31224459.3
2023-04-23 13:00:00,0.4672,0.4685,0.466,0.4676,24117552.2
2023-04-23 14:00:00,0.4676,0.4699,0.4635,0.4648,52167152.4
2023-04-23 15:00:00,0.4648,0.466,0.4552,0.4606,128761044.1
2023-04-23 16:00:00,0.4606,0.4641,0.4576,0.4614,66381726.6
2023-04-23 17:00:00,0.4614,0.4625,0.4581,0.4587,38367029.0
2023-04-23 18:00:00,0.4586,0.4594,0.4517,0.4547,92038296.3
2023-04-23 19:00:00,0.4548,0.4617,0.4542,0.4601,52642892.1
2023-04-23 20:00:00,0.4601,0.4634,0.4584,0.461,41188514.4
2023-04-23 21:00:00,0.461,0.463,0.4586,0.4621,28053895.8
2023-04-23 22:00:00,0.462,0.4641,0.4583,0.4626,50507803.9
2023-04-23 23:00:00,0.4626,0.4652,0.4619,0.4642,31866456.5
2023-04-24 00:00:00,0.4643,0.4855,0.4622,0.4813,200630057.1
2023-04-24 01:00:00,0.4814,0.4821,0.4745,0.4748,127232168.3
2023-04-24 02:00:00,0.4748,0.4751,0.4667,0.4674,93109679.8
2023-04-24 03:00:00,0.4674,0.4715,0.4661,0.4712,59672908.8
2023-04-24 04:00:00,0.4711,0.4716,0.4682,0.4703,39687719.7
2023-04-24 05:00:00,0.4703,0.4732,0.4694,0.4711,47977965.0
2023-04-24 06:00:00,0.4711,0.4733,0.4632,0.4661,85247668.8
2023-04-24 07:00:00,0.4661,0.4669,0.4596,0.4607,115040717.1
2023-04-24 08:00:00,0.4606,0.4633,0.4554,0.4601,129758330.3
2023-04-24 09:00:00,0.4602,0.4627,0.4597,0.4623,50680096.3
2023-04-24 10:00:00,0.4624,0.4645,0.4621,0.464,38071493.0
2023-04-24 11:00:00,0.4639,0.4666,0.4637,0.4652,46054876.9
2023-04-24 12:00:00,0.4652,0.4662,0.4629,0.4636,40242027.3
2023-04-24 13:00:00,0.4635,0.4668,0.461,0.4647,83905272.4
2023-04-24 14:00:00,0.4648,0.4652,0.4568,0.4609,90292055.6
2023-04-24 15:00:00,0.4608,0.461,0.4571,0.4576,73773017.4
2023-04-24 16:00:00,0.4575,0.4592,0.4457,0.4496,130308334.8
2023-04-24 17:00:00,0.4496,0.4567,0.4474,0.4561,90759194.7
2023-04-24 18:00:00,0.456,0.4585,0.454,0.4578,51757376.9
2023-04-24 19:00:00,0.4578,0.4603,0.4575,0.46,39689985.0
2023-04-24 20:00:00,0.46,0.4629,0.4586,0.4617,39508808.9
2023-04-24 21:00:00,0.4618,0.4619,0.4583,0.4596,27280161.3
2023-04-24 22:00:00,0.4596,0.4632,0.4591,0.4608,33047229.6
2023-04-24 23:00:00,0.4607,0.4629,0.4597,0.4606,28352089.7
2023-04-25 00:00:00,0.4606,0.4625,0.458,0.4585,50267108.8
2023-04-25 01:00:00,0.4586,0.4603,0.4563,0.4576,40217123.8
2023-04-25 02:00:00,0.4577,0.4626,0.457,0.4594,76297041.2
2023-04-25 03:00:00,0.4594,0.4605,0.4569,0.459,38097002.4
2023-04-25 04:00:00,0.459,0.4614,0.4581,0.4589,30211415.1
2023-04-25 05:00:00,0.4589,0.461,0.4566,0.4599,37957793.4
2023-04-25 06:00:00,0.4598,0.4617,0.457,0.4575,46721890.1
2023-04-25 07:00:00,0.4574,0.4586,0.4531,0.4548,64366422.0
2023-04-25 08:00:00,0.4547,0.4566,0.4504,0.4561,88311783.4
2023-04-25 09:00:00,0.4562,0.4574,0.4543,0.4559,50337613.1
2023-04-25 10:00:00,0.456,0.4566,0.4536,0.4546,29812763.9
2023-04-25 11:00:00,0.4546,0.4572,0.4538,0.4564,33336712.3
2023-04-25 12:00:00,0.4564,0.4578,0.4552,0.4564,31021072.6
2023-04-25 13:00:00,0.4565,0.4583,0.4557,0.4571,44757520.3
2023-04-25 14:00:00,0.457,0.4582,0.4513,0.4544,65469747.6
2023-04-25 15:00:00,0.4545,0.4581,0.4534,0.4539,54469752.1
2023-04-25 16:00:00,0.454,0.4562,0.4529,0.4561,39438384.4
2023-04-25 17:00:00,0.4561,0.4626,0.4541,0.4617,80443619.7
2023-04-25 18:00:00,0.4618,0.464,0.4605,0.4611,67226052.8
2023-04-25 19:00:00,0.461,0.4639,0.4604,0.4632,35438684.4
2023-04-25 20:00:00,0.4632,0.47,0.4632,0.4693,82283911.9
2023-04-25 21:00:00,0.4693,0.4719,0.4682,0.4697,52293640.4
2023-04-25 22:00:00,0.4696,0.4709,0.4677,0.4682,43201050.8
2023-04-25 23:00:00,0.4682,0.4705,0.4682,0.4694,28860686.2
2023-04-26 00:00:00,0.4694,0.4712,0.4665,0.4667,57314180.4
2023-04-26 01:00:00,0.4666,0.4683,0.4654,0.4679,38085710.4
2023-04-26 02:00:00,0.4678,0.4697,0.467,0.4696,24967031.4
2023-04-26 03:00:00,0.4695,0.4702,0.4661,0.4666,28036816.8
2023-04-26 04:00:00,0.4665,0.4698,0.4659,0.4684,31975583.3
2023-04-26 05:00:00,0.4684,0.4713,0.4683,0.4708,26206350.2
2023-04-26 06:00:00,0.4707,0.471,0.4669,0.4688,44430726.5
2023-04-26 07:00:00,0.4688,0.4716,0.4669,0.4674,63716699.1
2023-04-26 08:00:00,0.4674,0.4714,0.4671,0.4711,76071096.5
2023-04-26 09:00:00,0.4711,0.4741,0.4699,0.4737,77160176.3
2023-04-26 10:00:00,0.4737,0.4748,0.4702,0.4736,81255076.0
2023-04-26 11:00:00,0.4736,0.4746,0.472,0.4728,46398008.1
2023-04-26 12:00:00,0.4729,0.4829,0.4726,0.4818,146657591.9
2023-04-26 13:00:00,0.4819,0.4822,0.4764,0.4789,110701130.8
2023-04-26 14:00:00,0.4789,0.4796,0.4745,0.477,72338192.6
2023-04-26 15:00:00,0.4771,0.4783,0.475,0.4774,54462764.8
2023-04-26 16:00:00,0.4774,0.4777,0.4752,0.477,41787613.7
2023-04-26 17:00:00,0.4769,0.4775,0.4747,0.4761,33036098.9
2023-04-26 18:00:00,0.476,0.4783,0.4752,0.4771,31380081.7
2023-04-26 19:00:00,0.477,0.4775,0.4402,0.4481,431472255.9
2023-04-26 20:00:00,0.448,0.4547,0.4308,0.4545,313282013.5
2023-04-26 21:00:00,0.4545,0.4593,0.4501,0.459,76147668.5
2023-04-26 22:00:00,0.4591,0.4599,0.4551,0.4579,84341712.2
2023-04-26 23:00:00,0.4579,0.4618,0.4574,0.4611,51754833.6
2023-04-27 00:00:00,0.4612,0.4698,0.4596,0.4672,152766264.4
2023-04-27 01:00:00,0.4672,0.469,0.4583,0.4615,122744299.5
2023-04-27 02:00:00,0.4614,0.4639,0.4603,0.4634,44729622.9
2023-04-27 03:00:00,0.4635,0.464,0.4613,0.4619,31193326.9
2023-04-27 04:00:00,0.462,0.4644,0.4613,0.464,32299023.8
2023-04-27 05:00:00,0.4641,0.4656,0.4629,0.4633,33657132.0
2023-04-27 06:00:00,0.4633,0.4638,0.4568,0.4606,70605230.0
2023-04-27 07:00:00,0.4605,0.4619,0.4594,0.4603,46299319.5
2023-04-27 08:00:00,0.4604,0.4616,0.4573,0.4576,57047126.8
2023-04-27 09:00:00,0.4576,0.4602,0.4558,0.4579,57597625.7
2023-04-27 10:00:00,0.4578,0.4588,0.4568,0.458,40880650.0
2023-04-27 11:00:00,0.4579,0.46,0.4574,0.4592,40289848.0
2023-04-27 12:00:00,0.4592,0.4599,0.455,0.4583,93363797.0
2023-04-27 13:00:00,0.4582,0.4591,0.4569,0.4575,49133116.9
2023-04-27 14:00:00,0.4575,0.4596,0.4568,0.4579,46172023.2
2023-04-27 15:00:00,0.458,0.464,0.4559,0.46,95856058.3
2023-04-27 16:00:00,0.46,0.4606,0.4577,0.4599,44823085.1
2023-04-27 17:00:00,0.4599,0.4645,0.4593,0.463,42016929.9
2023-04-27 18:00:00,0.4631,0.469,0.4627,0.4665,64990348.9
2023-04-27 19:00:00,0.4664,0.4688,0.4628,0.4665,71020463.3
2023-04-27 20:00:00,0.4665,0.4679,0.4642,0.467,45824206.6
2023-04-27 21:00:00,0.467,0.4676,0.4651,0.4657,22442317.4
2023-04-27 22:00:00,0.4658,0.4675,0.4617,0.4644,50442956.0
2023-04-27 23:00:00,0.4645,0.4667,0.4639,0.4662,34366764.9
2023-04-28 00:00:00,0.4663,0.4665,0.4632,0.4657,36302748.4
2023-04-28 01:00:00,0.4657,0.4674,0.4643,0.4657,31875420.2
2023-04-28 02:00:00,0.4657,0.4673,0.4637,0.4667,40258901.9
2023-04-28 03:00:00,0.4668,0.4679,0.465,0.4674,39422089.9
2023-04-28 04:00:00,0.4674,0.48,0.4673,0.4737,170300429.5
2023-04-28 05:00:00,0.4738,0.4831,0.4737,0.4768,134614128.4
2023-04-28 06:00:00,0.4769,0.4789,0.4734,0.4737,68788460.8
2023-04-28 07:00:00,0.4738,0.4759,0.4727,0.4759,61418062.1
2023-04-28 08:00:00,0.4759,0.4763,0.4685,0.4715,94453181.4
2023-04-28 09:00:00,0.4716,0.4728,0.4704,0.471,36969371.5
2023-04-28 10:00:00,0.4709,0.4728,0.4697,0.4708,42737242.8
2023-04-28 11:00:00,0.4708,0.4711,0.4683,0.4703,43205799.0
2023-04-28 12:00:00,0.4704,0.4741,0.4689,0.4703,65752678.2
2023-04-28 13:00:00,0.4703,0.4724,0.4643,0.4681,107864157.5
2023-04-28 14:00:00,0.4681,0.4711,0.4665,0.4678,58962776.3
2023-04-28 15:00:00,0.4678,0.4698,0.4662,0.4694,44544065.9
2023-04-28 16:00:00,0.4694,0.4711,0.4679,0.4706,37460163.1
2023-04-28 17:00:00,0.4706,0.4742,0.4698,0.4738,49540863.1
2023-04-28 18:00:00,0.4739,0.4758,0.4722,0.4757,46909041.0
2023-04-28 19:00:00,0.4757,0.4778,0.4745,0.4748,56092010.3
2023-04-28 20:00:00,0.4748,0.4779,0.4747,0.4766,27558335.7
2023-04-28 21:00:00,0.4767,0.4798,0.4766,0.4781,41934147.3
2023-04-28 22:00:00,0.4782,0.4787,0.4758,0.4769,43739809.8
2023-04-28 23:00:00,0.477,0.4818,0.4749,0.4794,75701876.2
2023-04-29 00:00:00,0.4793,0.4868,0.4773,0.4792,182521708.5
2023-04-29 01:00:00,0.4793,0.4798,0.477,0.4785,46031715.0
2023-04-29 02:00:00,0.4786,0.4816,0.4784,0.4808,35645743.7
2023-04-29 03:00:00,0.4807,0.4816,0.4799,0.4804,27312704.0
2023-04-29 04:00:00,0.4805,0.4816,0.4804,0.4807,24634586.5
2023-04-29 05:00:00,0.4808,0.4812,0.4777,0.4789,33702330.0
2023-04-29 06:00:00,0.4789,0.4798,0.4774,0.4778,23951209.3
2023-04-29 07:00:00,0.4778,0.4788,0.4775,0.478,18567629.1
2023-04-29 08:00:00,0.4781,0.479,0.4757,0.4781,34010896.9
2023-04-29 09:00:00,0.4781,0.4785,0.477,0.4778,18108213.9
2023-04-29 10:00:00,0.4779,0.4782,0.476,0.4776,28501836.5
2023-04-29 11:00:00,0.4775,0.4826,0.4772,0.4804,51291965.1
2023-04-29 12:00:00,0.4805,0.4813,0.4787,0.4788,32800421.3
2023-04-29 13:00:00,0.4789,0.4818,0.4788,0.4807,40986707.3
2023-04-29 14:00:00,0.4807,0.4817,0.4797,0.4799,32900533.5
2023-04-29 15:00:00,0.48,0.4808,0.477,0.4781,34096072.2
2023-04-29 16:00:00,0.4782,0.4794,0.4773,0.4786,29241280.2
2023-04-29 17:00:00,0.4786,0.4788,0.4701,0.4751,80526803.0
2023-04-29 18:00:00,0.4751,0.4774,0.4747,0.4772,24477594.4
2023-04-29 19:00:00,0.4773,0.4794,0.4771,0.4783,24158887.8
2023-04-29 20:00:00,0.4782,0.479,0.4771,0.4774,16683395.8
2023-04-29 21:00:00,0.4774,0.4785,0.4774,0.4785,9704288.2
2023-04-29 22:00:00,0.4784,0.4791,0.4774,0.4777,17337632.1
2023-04-29 23:00:00,0.4777,0.4782,0.4759,0.4777,24095195.7
2023-04-30 00:00:00,0.4778,0.4778,0.4738,0.4745,29450190.8
2023-04-30 01:00:00,0.4745,0.4754,0.4734,0.4738,25516673.6
2023-04-30 02:00:00,0.4738,0.476,0.4733,0.4758,19361955.4
2023-04-30 03:00:00,0.4758,0.4759,0.4737,0.4742,17004017.9
2023-04-30 04:00:00,0.4742,0.4756,0.4738,0.4752,13669643.5
2023-04-30 05:00:00,0.4751,0.4768,0.4749,0.4767,13287009.1
2023-04-30 06:00:00,0.4767,0.4776,0.4759,0.4765,19820356.7
2023-04-30 07:00:00,0.4765,0.4766,0.4752,0.4756,13222442.1
2023-04-30 08:00:00,0.4756,0.4769,0.4751,0.476,22678240.5
2023-04-30 09:00:00,0.4761,0.4766,0.4746,0.4763,17675346.9
2023-04-30 10:00:00,0.4763,0.4772,0.4749,0.4753,21163196.9
2023-04-30 11:00:00,0.4754,0.4757,0.4739,0.4748,18667245.3
2023-04-30 12:00:00,0.4749,0.4754,0.4742,0.4745,17125049.8
2023-04-30 13:00:00,0.4746,0.4763,0.4743,0.4762,20838508.6
2023-04-30 14:00:00,0.4762,0.4784,0.475,0.4779,29459885.0
2023-04-30 15:00:00,0.4779,0.4819,0.4772,0.4788,102118530.0
2023-04-30 16:00:00,0.4788,0.4812,0.4783,0.4794,51603842.6
2023-04-30 17:00:00,0.4794,0.4809,0.4785,0.4785,22433364.2
2023-04-30 18:00:00,0.4786,0.4794,0.4763,0.4786,28852382.6
2023-04-30 19:00:00,0.4786,0.4786,0.4731,0.4754,69577242.4
2023-04-30 20:00:00,0.4754,0.4754,0.4682,0.4728,84337202.6
2023-04-30 21:00:00,0.4727,0.4741,0.4723,0.4736,15995577.9
2023-04-30 22:00:00,0.4735,0.4737,0.4721,0.4732,22480405.6
2023-04-30 23:00:00,0.4732,0.4748,0.4698,0.4703,39172332.6
2023-05-01 00:00:00,0.4703,0.4722,0.4695,0.471,34721371.3
2023-05-01 01:00:00,0.471,0.4712,0.458,0.463,152298854.7
2023-05-01 02:00:00,0.463,0.4644,0.4603,0.4604,61138014.7
2023-05-01 03:00:00,0.4604,0.4647,0.4602,0.4645,34452838.2
2023-05-01 04:00:00,0.4645,0.4651,0.463,0.4649,27199346.1
2023-05-01 05:00:00,0.4648,0.4653,0.4616,0.4653,34486515.9
2023-05-01 06:00:00,0.4653,0.4653,0.4628,0.4632,21415006.9
2023-05-01 07:00:00,0.4633,0.465,0.4627,0.463,26565849.4
2023-05-01 08:00:00,0.463,0.4645,0.4622,0.4644,23064409.6
2023-05-01 09:00:00,0.4644,0.4654,0.4639,0.4648,25500554.2
2023-05-01 10:00:00,0.4648,0.4651,0.4642,0.4648,14302686.6
2023-05-01 11:00:00,0.4648,0.4651,0.4639,0.4647,12617765.3
2023-05-01 12:00:00,0.4648,0.4671,0.464,0.4658,33366639.1
2023-05-01 13:00:00,0.4658,0.466,0.4628,0.4633,35497508.6
2023-05-01 14:00:00,0.4632,0.4643,0.4601,0.4624,56016186.4
2023-05-01 15:00:00,0.4624,0.4625,0.4576,0.46,84046585.4
2023-05-01 16:00:00,0.4599,0.4609,0.456,0.4604,72368938.7
2023-05-01 17:00:00,0.4604,0.4613,0.4576,0.4588,35738067.0
2023-05-01 18:00:00,0.4588,0.46,0.4577,0.4598,30538112.5
2023-05-01 19:00:00,0.4598,0.4608,0.4537,0.4595,92052589.0
2023-05-01 20:00:00,0.4594,0.4634,0.459,0.4595,54750077.4
2023-05-01 21:00:00,0.4595,0.4633,0.4595,0.4626,29184175.4
2023-05-01 22:00:00,0.4626,0.4643,0.4615,0.4638,32712805.8
2023-05-01 23:00:00,0.4637,0.4648,0.4636,0.4647,25422520.1
2023-05-02 00:00:00,0.4646,0.465,0.4631,0.4631,25960675.4
2023-05-02 01:00:00,0.4631,0.4637,0.4589,0.4609,44514513.8
2023-05-02 02:00:00,0.4609,0.4619,0.4599,0.4609,26341951.3
2023-05-02 03:00:00,0.4609,0.4647,0.4586,0.4635,76906336.2
2023-05-02 04:00:00,0.4635,0.4638,0.4616,0.4634,23463329.3
2023-05-02 05:00:00,0.4634,0.4654,0.4631,0.4642,30843338.1
2023-05-02 06:00:00,0.4643,0.4652,0.4634,0.4649,21630994.2
2023-05-02 07:00:00,0.4649,0.4654,0.4621,0.4633,36723526.9
2023-05-02 08:00:00,0.4633,0.4646,0.4617,0.4631,33594962.3
2023-05-02 09:00:00,0.4631,0.4638,0.4623,0.4629,21700678.1
2023-05-02 10:00:00,0.4629,0.4633,0.4597,0.4602,38740431.9
2023-05-02 11:00:00,0.4602,0.4613,0.46,0.4605,26561993.6
2023-05-02 12:00:00,0.4606,0.4637,0.4603,0.4618,35748297.4
2023-05-02 13:00:00,0.4617,0.4624,0.4603,0.4605,32208723.2
2023-05-02 14:00:00,0.4604,0.4642,0.458,0.4615,132179042.6
2023-05-02 15:00:00,0.4615,0.4645,0.4603,0.4622,61605204.9
2023-05-02 16:00:00,0.4621,0.4622,0.4587,0.459,36465681.0
2023-05-02 17:00:00,0.459,0.4612,0.4574,0.4609,41052983.5
2023-05-02 18:00:00,0.4608,0.4642,0.4603,0.4633,39655908.7
2023-05-02 19:00:00,0.4634,0.4647,0.4628,0.463,35060530.2
2023-05-02 20:00:00,0.463,0.4661,0.4629,0.4637,35007428.1
2023-05-02 21:00:00,0.4637,0.4651,0.4635,0.4647,14426407.6
2023-05-02 22:00:00,0.4648,0.4651,0.4638,0.4645,24399110.9
2023-05-02 23:00:00,0.4645,0.465,0.4632,0.464,23846579.3
2023-05-03 00:00:00,0.4641,0.4648,0.4621,0.4627,34179795.7
2023-05-03 01:00:00,0.4626,0.4634,0.4612,0.4617,23195401.5
2023-05-03 02:00:00,0.4617,0.464,0.4592,0.4632,43209080.1
2023-05-03 03:00:00,0.4633,0.4638,0.4618,0.4618,18100950.6
2023-05-03 04:00:00,0.4618,0.462,0.4583,0.4597,64476687.5
2023-05-03 05:00:00,0.4597,0.4598,0.4547,0.4572,75417091.6
2023-05-03 06:00:00,0.4572,0.4605,0.4565,0.4597,40085899.5
2023-05-03 07:00:00,0.4597,0.4606,0.4578,0.458,24978966.0
2023-05-03 08:00:00,0.458,0.4604,0.4568,0.4596,41199814.2
2023-05-03 09:00:00,0.4597,0.46,0.4571,0.4572,30274511.2
2023-05-03 10:00:00,0.4572,0.4578,0.4556,0.4567,41985524.0
2023-05-03 11:00:00,0.4568,0.4571,0.4545,0.455,34302587.1
2023-05-03 12:00:00,0.4549,0.4552,0.4494,0.451,125133551.1
2023-05-03 13:00:00,0.4511,0.4535,0.4508,0.4532,51687211.7
2023-05-03 14:00:00,0.4533,0.4534,0.4513,0.4518,35675454.8
2023-05-03 15:00:00,0.4518,0.4528,0.4503,0.4527,26751891.6
2023-05-03 16:00:00,0.4527,0.4531,0.4507,0.4515,35181001.1
2023-05-03 17:00:00,0.4516,0.4557,0.4501,0.4531,72304207.3
2023-05-03 18:00:00,0.4532,0.4574,0.4521,0.4565,165083873.8
2023-05-03 19:00:00,0.4566,0.4578,0.4532,0.4546,60237010.1
2023-05-03 20:00:00,0.4545,0.4573,0.4542,0.4564,32814210.0
2023-05-03 21:00:00,0.4564,0.4644,0.4564,0.463,71432059.8
2023-05-03 22:00:00,0.463,0.4653,0.463,0.4645,62317920.9
2023-05-03 23:00:00,0.4645,0.465,0.4622,0.463,42219180.3
2023-05-04 00:00:00,0.463,0.4632,0.4596,0.4611,51365918.5
2023-05-04 01:00:00,0.4612,0.4624,0.4605,0.4612,26843831.2
2023-05-04 02:00:00,0.4612,0.4636,0.4605,0.4631,29075698.0
2023-05-04 03:00:00,0.4631,0.4642,0.4614,0.4638,22891608.2
2023-05-04 04:00:00,0.4639,0.464,0.463,0.4635,21094638.1
2023-05-04 05:00:00,0.4635,0.4648,0.4631,0.4637,19628852.0
2023-05-04 06:00:00,0.4638,0.4642,0.4607,0.4625,37969189.3
2023-05-04 07:00:00,0.4625,0.4625,0.4609,0.4613,23050789.7
2023-05-04 08:00:00,0.4613,0.4617,0.4593,0.4608,37120201.9
2023-05-04 09:00:00,0.4608,0.4609,0.4587,0.459,33480052.3
2023-05-04 10:00:00,0.459,0.462,0.4585,0.4609,44998048.3
2023-05-04 11:00:00,0.4609,0.4615,0.4596,0.46,22555393.4
2023-05-04 12:00:00,0.46,0.4609,0.4581,0.459,38023864.8
2023-05-04 13:00:00,0.4591,0.4605,0.4558,0.4578,70657918.2
2023-05-04 14:00:00,0.4577,0.4579,0.4561,0.457,48487273.4
2023-05-04 15:00:00,0.4569,0.4585,0.4557,0.4558,28402531.5
2023-05-04 16:00:00,0.4557,0.4565,0.4545,0.456,37951188.6
2023-05-04 17:00:00,0.456,0.458,0.4553,0.4579,34071265.9
2023-05-04 18:00:00,0.458,0.4592,0.4567,0.4585,29763496.6
2023-05-04 19:00:00,0.4584,0.4591,0.4564,0.4587,26669581.2
2023-05-04 20:00:00,0.4588,0.4596,0.4581,0.4595,19041987.4
2023-05-04 21:00:00,0.4595,0.4601,0.4587,0.4592,14833881.6
2023-05-04 22:00:00,0.4592,0.4601,0.4588,0.4599,17206953.3
2023-05-04 23:00:00,0.4599,0.4613,0.4596,0.4606,20699476.3
2023-05-05 00:00:00,0.4606,0.4629,0.4603,0.4622,24473919.6
2023-05-05 01:00:00,0.4621,0.464,0.4604,0.4632,50597170.7
2023-05-05 02:00:00,0.4632,0.4649,0.4617,0.4631,41476156.6
2023-05-05 03:00:00,0.4631,0.4645,0.4627,0.4635,25239697.0
2023-05-05 04:00:00,0.4635,0.4645,0.463,0.4634,24586605.6
2023-05-05 05:00:00,0.4635,0.4639,0.4599,0.462,68079138.6
2023-05-05 06:00:00,0.462,0.4639,0.462,0.4632,22675946.9
2023-05-05 07:00:00,0.4632,0.4647,0.4603,0.4606,46226588.9
2023-05-05 08:00:00,0.4605,0.4618,0.4591,0.4594,33393921.3
2023-05-05 09:00:00,0.4594,0.4603,0.458,0.4593,40078281.5
2023-05-05 10:00:00,0.4593,0.4603,0.4587,0.4603,25321748.1
2023-05-05 11:00:00,0.4602,0.4619,0.46,0.4609,31523381.2
2023-05-05 12:00:00,0.4609,0.4618,0.4529,0.4587,106233435.1
2023-05-05 13:00:00,0.4587,0.4625,0.4574,0.4609,66518088.4
2023-05-05 14:00:00,0.461,0.4634,0.4601,0.4617,59740203.7
2023-05-05 15:00:00,0.4617,0.4627,0.4599,0.4626,34520918.1
2023-05-05 16:00:00,0.4625,0.4657,0.4623,0.465,109195516.5
2023-05-05 17:00:00,0.4651,0.4664,0.4636,0.4653,51683198.8
2023-05-05 18:00:00,0.4654,0.4708,0.4627,0.4649,141550587.5
2023-05-05 19:00:00,0.465,0.4685,0.4644,0.4669,37067669.5
2023-05-05 20:00:00,0.4668,0.4673,0.4657,0.466,24741566.8
2023-05-05 21:00:00,0.466,0.4679,0.4657,0.4663,16514168.9
2023-05-05 22:00:00,0.4663,0.4674,0.4657,0.4671,20089377.6
2023-05-05 23:00:00,0.467,0.4677,0.4662,0.4668,15123016.5
2023-05-06 00:00:00,0.4667,0.4692,0.465,0.4665,45918921.8
2023-05-06 01:00:00,0.4665,0.4669,0.4633,0.4644,31833467.6
2023-05-06 02:00:00,0.4644,0.4645,0.4622,0.4638,22472255.0
2023-05-06 03:00:00,0.4638,0.464,0.4623,0.4629,21815485.0
2023-05-06 04:00:00,0.463,0.4639,0.4627,0.4629,15850569.5
2023-05-06 05:00:00,0.463,0.4643,0.4625,0.4633,18053053.4
2023-05-06 06:00:00,0.4633,0.4644,0.4624,0.4631,20089423.3
2023-05-06 07:00:00,0.463,0.4631,0.4613,0.4618,26112435.5
2023-05-06 08:00:00,0.4618,0.4619,0.4585,0.4617,58358642.4
2023-05-06 09:00:00,0.4617,0.4618,0.4605,0.4605,15811501.6
2023-05-06 10:00:00,0.4605,0.4614,0.4601,0.461,21592332.4
2023-05-06 11:00:00,0.461,0.4616,0.4605,0.4615,15826256.6
2023-05-06 12:00:00,0.4614,0.4616,0.4576,0.4592,54013490.5
2023-05-06 13:00:00,0.4592,0.4593,0.4556,0.4575,53377345.9
2023-05-06 14:00:00,0.4574,0.4576,0.4509,0.4532,95490853.0
2023-05-06 15:00:00,0.4531,0.4547,0.4511,0.4539,44603873.9
2023-05-06 16:00:00,0.4539,0.4549,0.4533,0.4547,19168806.3
2023-05-06 17:00:00,0.4548,0.4564,0.4542,0.4562,24500236.9
2023-05-06 18:00:00,0.4562,0.4593,0.4562,0.4578,29746802.9
2023-05-06 19:00:00,0.4578,0.4585,0.4568,0.4572,18061616.6
2023-05-06 20:00:00,0.4572,0.4577,0.4565,0.4566,11998301.9
2023-05-06 21:00:00,0.4565,0.4576,0.4549,0.4574,13463444.2
2023-05-06 22:00:00,0.4574,0.4575,0.4564,0.4569,12459022.2
2023-05-06 23:00:00,0.4569,0.4587,0.4564,0.4579,15555583.0
2023-05-07 00:00:00,0.458,0.4587,0.456,0.4582,25990955.1
2023-05-07 01:00:00,0.4583,0.4599,0.4561,0.4574,29092871.7
2023-05-07 02:00:00,0.4575,0.4583,0.4557,0.4563,19494394.3
2023-05-07 03:00:00,0.4563,0.457,0.4539,0.4552,19476861.3
2023-05-07 04:00:00,0.4552,0.4569,0.4552,0.4566,11034457.4
2023-05-07 05:00:00,0.4566,0.4579,0.4563,0.4572,8719357.6
2023-05-07 06:00:00,0.4573,0.458,0.457,0.4573,8417258.8
2023-05-07 07:00:00,0.4574,0.458,0.457,0.4575,9872523.9
2023-05-07 08:00:00,0.4574,0.458,0.4562,0.4568,12343080.2
2023-05-07 09:00:00,0.4567,0.4577,0.4564,0.4566,10275944.7
2023-05-07 10:00:00,0.4567,0.4573,0.456,0.457,9267023.2
2023-05-07 11:00:00,0.457,0.458,0.456,0.4571,13871565.8
2023-05-07 12:00:00,0.4571,0.4589,0.457,0.4578,17233929.3
2023-05-07 13:00:00,0.4578,0.4592,0.4574,0.4582,19901341.8
2023-05-07 14:00:00,0.4582,0.4597,0.4571,0.4588,31167543.5
2023-05-07 15:00:00,0.4588,0.459,0.457,0.4578,19179060.3
2023-05-07 16:00:00,0.4578,0.4582,0.4555,0.458,28684154.9
2023-05-07 17:00:00,0.4579,0.4589,0.4559,0.4564,18954955.6
2023-05-07 18:00:00,0.4565,0.4579,0.4562,0.4562,9716790.7
2023-05-07 19:00:00,0.4563,0.4563,0.4543,0.4553,23457519.6
2023-05-07 20:00:00,0.4553,0.4564,0.4549,0.456,11830370.2
2023-05-07 21:00:00,0.456,0.4569,0.4545,0.4549,13012548.7
2023-05-07 22:00:00,0.4549,0.4552,0.4528,0.4539,32244433.9
2023-05-07 23:00:00,0.4538,0.4548,0.4451,0.4487,110677241.8
2023-05-08 00:00:00,0.4486,0.4509,0.446,0.4505,62034839.7
2023-05-08 01:00:00,0.4506,0.4506,0.4208,0.4378,220549581.0
2023-05-08 02:00:00,0.4377,0.4393,0.436,0.4393,65712025.3
2023-05-08 03:00:00,0.4393,0.4393,0.4353,0.4379,35163330.1
2023-05-08 04:00:00,0.4378,0.4382,0.4346,0.4349,33118821.9
2023-05-08 05:00:00,0.4349,0.4394,0.4347,0.4383,29473151.7
2023-05-08 06:00:00,0.4384,0.4406,0.4375,0.4384,33562183.8
2023-05-08 07:00:00,0.4385,0.4385,0.4324,0.4353,63595237.2
2023-05-08 08:00:00,0.4354,0.4359,0.4311,0.4318,67595599.3
2023-05-08 09:00:00,0.4318,0.4345,0.4313,0.4343,43840485.1
2023-05-08 10:00:00,0.4342,0.4359,0.4336,0.4358,28510405.9
2023-05-08 11:00:00,0.4358,0.4371,0.4353,0.4364,34763370.1
2023-05-08 12:00:00,0.4364,0.4372,0.4343,0.4352,27124260.6
2023-05-08 13:00:00,0.4353,0.4372,0.4328,0.4335,43565116.3
2023-05-08 14:00:00,0.4334,0.4362,0.4324,0.4357,46206773.3
2023-05-08 15:00:00,0.4357,0.4366,0.4329,0.4332,34725694.1
2023-05-08 16:00:00,0.4332,0.4337,0.4293,0.4306,50343475.2
2023-05-08 17:00:00,0.4305,0.4315,0.4185,0.4188,110231688.8
2023-05-08 18:00:00,0.4188,0.4226,0.4067,0.4192,212380153.0
2023-05-08 19:00:00,0.4192,0.4226,0.4184,0.4198,51005071.5
2023-05-08 20:00:00,0.4198,0.4232,0.4192,0.4224,36250236.3
2023-05-08 21:00:00,0.4223,0.4258,0.4203,0.4237,36964933.0
2023-05-08 22:00:00,0.4237,0.4258,0.4232,0.4252,36253078.2
2023-05-08 23:00:00,0.4253,0.4291,0.4251,0.4279,34320931.8
2023-05-09 00:00:00,0.4279,0.4285,0.4247,0.4257,59119790.9
2023-05-09 01:00:00,0.4257,0.4287,0.4246,0.4251,39865801.8
2023-05-09 02:00:00,0.4251,0.4261,0.4222,0.4259,34081340.5
2023-05-09 03:00:00,0.4259,0.4261,0.4228,0.4235,26354638.9
2023-05-09 04:00:00,0.4235,0.4253,0.4226,0.4248,23663194.9
2023-05-09 05:00:00,0.4249,0.4272,0.4242,0.4263,25185333.7
2023-05-09 06:00:00,0.4263,0.4269,0.4212,0.422,49393627.8
2023-05-09 07:00:00,0.422,0.4257,0.4202,0.4256,38434619.9
2023-05-09 08:00:00,0.4256,0.4257,0.4211,0.4215,34211445.2
2023-05-09 09:00:00,0.4215,0.4247,0.4206,0.4233,62591801.1
2023-05-09 10:00:00,0.4233,0.4246,0.4218,0.4238,30607126.5
2023-05-09 11:00:00,0.4238,0.4249,0.4201,0.424,47290361.4
2023-05-09 12:00:00,0.424,0.4262,0.4233,0.426,38698698.6
2023-05-09 13:00:00,0.426,0.4267,0.4237,0.4247,42920761.6
2023-05-09 14:00:00,0.4246,0.4264,0.4233,0.4246,39838949.0
2023-05-09 15:00:00,0.4246,0.4255,0.4207,0.4216,39895955.7
2023-05-09 16:00:00,0.4216,0.4245,0.421,0.4244,34500663.1
2023-05-09 17:00:00,0.4244,0.4256,0.4214,0.4216,31151010.9
2023-05-09 18:00:00,0.4215,0.4235,0.4209,0.4218,28417218.2
2023-05-09 19:00:00,0.4217,0.4249,0.4214,0.4249,29016655.2
2023-05-09 20:00:00,0.4248,0.4264,0.4238,0.4246,31540169.7
2023-05-09 21:00:00,0.4246,0.4263,0.424,0.4249,19546460.5
2023-05-09 22:00:00,0.4248,0.426,0.4243,0.4259,21801158.6
2023-05-09 23:00:00,0.4259,0.4303,0.4259,0.4284,55237118.4
2023-05-10 00:00:00,0.4283,0.4299,0.427,0.4287,49285873.2
2023-05-10 01:00:00,0.4287,0.4335,0.4285,0.4324,57937107.2
2023-05-10 02:00:00,0.4325,0.4327,0.4301,0.4315,33298247.7
2023-05-10 03:00:00,0.4315,0.4326,0.4282,0.4283,37332616.7
2023-05-10 04:00:00,0.4284,0.4306,0.4274,0.4302,32795673.7
2023-05-10 05:00:00,0.4302,0.4314,0.4297,0.4307,24743676.8
2023-05-10 06:00:00,0.4308,0.431,0.4261,0.4276,45894139.3
2023-05-10 07:00:00,0.4277,0.4287,0.4255,0.4256,41408104.4
2023-05-10 08:00:00,0.4256,0.4265,0.4229,0.4237,53659337.6
2023-05-10 09:00:00,0.4237,0.4255,0.4233,0.425,23520704.9
2023-05-10 10:00:00,0.425,0.4264,0.4242,0.4263,26142377.7
2023-05-10 11:00:00,0.4262,0.4267,0.4247,0.4256,24977810.4
2023-05-10 12:00:00,0.4257,0.4331,0.423,0.4312,137979263.8
2023-05-10 13:00:00,0.4313,0.433,0.4295,0.4309,75277631.9
2023-05-10 14:00:00,0.4309,0.432,0.4288,0.4299,40018810.6
2023-05-10 15:00:00,0.4299,0.431,0.4284,0.4295,28660711.4
2023-05-10 16:00:00,0.4294,0.4308,0.4289,0.4291,27558446.1
2023-05-10 17:00:00,0.4291,0.4296,0.4105,0.422,252912232.4
2023-05-10 18:00:00,0.422,0.4244,0.4207,0.4243,41370584.2
2023-05-10 19:00:00,0.4243,0.4306,0.4238,0.4296,70885226.4
2023-05-10 20:00:00,0.4296,0.4339,0.4289,0.4313,71838402.2
2023-05-10 21:00:00,0.4314,0.4318,0.4268,0.4283,59333500.2
2023-05-10 22:00:00,0.4282,0.4306,0.4279,0.4303,35042198.3
2023-05-10 23:00:00,0.4303,0.4313,0.4295,0.4298,25841392.3
2023-05-11 00:00:00,0.4298,0.4302,0.4255,0.4265,53950198.0
2023-05-11 01:00:00,0.4264,0.4287,0.426,0.4285,29788942.0
2023-05-11 02:00:00,0.4285,0.4286,0.4264,0.4283,25702878.4
2023-05-11 03:00:00,0.4283,0.429,0.4261,0.4281,40433612.3
2023-05-11 04:00:00,0.4281,0.4291,0.4273,0.4283,21589189.1
2023-05-11 05:00:00,0.4284,0.4285,0.4265,0.428,23975448.1
2023-05-11 06:00:00,0.4281,0.4283,0.4234,0.4259,52037453.4
2023-05-11 07:00:00,0.426,0.4274,0.4248,0.4252,34041407.7
2023-05-11 08:00:00,0.4251,0.4252,0.421,0.4217,74700371.0
2023-05-11 09:00:00,0.4217,0.4235,0.4211,0.4234,29831421.7
2023-05-11 10:00:00,0.4233,0.4247,0.4226,0.4239,22087574.1
2023-05-11 11:00:00,0.424,0.4254,0.4232,0.4247,29733441.5
2023-05-11 12:00:00,0.4247,0.4274,0.4216,0.4223,77305345.3
2023-05-11 13:00:00,0.4222,0.4232,0.4177,0.4204,91675244.1
2023-05-11 14:00:00,0.4203,0.421,0.4161,0.4191,87461682.2
2023-05-11 15:00:00,0.419,0.4202,0.4177,0.4193,40816802.9
2023-05-11 16:00:00,0.4193,0.4204,0.4176,0.4178,34314880.3
2023-05-11 17:00:00,0.4178,0.4183,0.4115,0.4136,114581083.1
2023-05-11 18:00:00,0.4135,0.4159,0.4112,0.415,55311041.8
2023-05-11 19:00:00,0.415,0.4166,0.4127,0.4156,36976149.6
2023-05-11 20:00:00,0.4156,0.4188,0.4151,0.4187,33264337.1
2023-05-11 21:00:00,0.4186,0.4198,0.4182,0.4194,21247934.6
2023-05-11 22:00:00,0.4195,0.4221,0.4186,0.4192,44757364.3
2023-05-11 23:00:00,0.4193,0.4219,0.4183,0.4204,30770005.6
2023-05-12 00:00:00,0.4204,0.4218,0.4186,0.4211,35871686.4
2023-05-12 01:00:00,0.4211,0.4227,0.4196,0.42,35255159.5
2023-05-12 02:00:00,0.42,0.4211,0.4158,0.4178,98142063.3
2023-05-12 03:00:00,0.4177,0.4192,0.4165,0.417,37998463.7
2023-05-12 04:00:00,0.417,0.4386,0.4162,0.4379,183806798.6
2023-05-12 05:00:00,0.4379,0.4442,0.4278,0.4305,448722539.3
2023-05-12 06:00:00,0.4305,0.4313,0.4245,0.4277,133450237.0
2023-05-12 07:00:00,0.4277,0.429,0.4236,0.4238,60809736.1
2023-05-12 08:00:00,0.4238,0.4299,0.4236,0.4298,54683326.6
2023-05-12 09:00:00,0.4297,0.4325,0.4274,0.4276,72730001.5
2023-05-12 10:00:00,0.4276,0.4299,0.4254,0.429,54502486.4
2023-05-12 11:00:00,0.4291,0.4306,0.4269,0.4277,36495559.9
2023-05-12 12:00:00,0.4278,0.4297,0.4261,0.4281,36007516.4
2023-05-12 13:00:00,0.4281,0.4304,0.4271,0.428,53469271.7
2023-05-12 14:00:00,0.428,0.4294,0.4255,0.4258,55779540.4
2023-05-12 15:00:00,0.4258,0.4274,0.4238,0.4239,44346545.1
2023-05-12 16:00:00,0.424,0.4253,0.4211,0.4221,60181896.7
2023-05-12 17:00:00,0.4222,0.4233,0.4211,0.4225,28376739.5
2023-05-12 18:00:00,0.4224,0.4236,0.4217,0.4218,24943634.1
2023-05-12 19:00:00,0.4217,0.4252,0.4153,0.4244,153203310.2
2023-05-12 20:00:00,0.4244,0.4269,0.423,0.4264,56354153.3
2023-05-12 21:00:00,0.4264,0.4316,0.426,0.4289,60633522.1
2023-05-12 22:00:00,0.4289,0.4306,0.4287,0.4298,37247069.4
2023-05-12 23:00:00,0.4298,0.4315,0.4293,0.4303,29412914.1
2023-05-13 00:00:00,0.4303,0.4304,0.4257,0.4273,41955473.7
2023-05-13 01:00:00,0.4273,0.4289,0.4262,0.4276,29064877.6
2023-05-13 02:00:00,0.4277,0.4282,0.4256,0.426,15543339.1
2023-05-13 03:00:00,0.4259,0.4274,0.4259,0.4262,14404944.8
2023-05-13 04:00:00,0.4261,0.4267,0.4251,0.4255,16878930.7
2023-05-13 05:00:00,0.4256,0.4273,0.4246,0.425,19467331.9
2023-05-13 06:00:00,0.425,0.4263,0.4245,0.4251,17489182.3
2023-05-13 07:00:00,0.4251,0.4271,0.4251,0.4266,20054691.6
2023-05-13 08:00:00,0.4266,0.4276,0.4253,0.4266,23153711.7
2023-05-13 09:00:00,0.4266,0.4275,0.4263,0.4273,15151637.7
2023-05-13 10:00:00,0.4274,0.4278,0.4261,0.4271,16885713.9
2023-05-13 11:00:00,0.4272,0.4273,0.4254,0.4261,20772460.9
2023-05-13 12:00:00,0.4262,0.4269,0.4242,0.4253,25220414.6
2023-05-13 13:00:00,0.4253,0.4259,0.4233,0.4244,32906789.6
2023-05-13 14:00:00,0.4245,0.4252,0.4221,0.4246,32867085.9
2023-05-13 15:00:00,0.4246,0.4253,0.4237,0.4252,15973237.7
2023-05-13 16:00:00,0.4252,0.4253,0.4241,0.4247,13439633.6
2023-05-13 17:00:00,0.4246,0.425,0.4237,0.4246,12384283.4
2023-05-13 18:00:00,0.4245,0.4275,0.4236,0.4245,34210501.8
2023-05-13 19:00:00,0.4244,0.4264,0.424,0.4251,24427164.2
2023-05-13 20:00:00,0.4251,0.4253,0.4237,0.4246,17265959.5
2023-05-13 21:00:00,0.4245,0.4251,0.4241,0.4245,12829700.7
2023-05-13 22:00:00,0.4244,0.4249,0.4236,0.4243,15207180.3
2023-05-13 23:00:00,0.4243,0.4248,0.4233,0.4238,15745228.2
2023-05-14 00:00:00,0.4238,0.4247,0.4203,0.4235,49762908.1
2023-05-14 01:00:00,0.4236,0.4242,0.4215,0.4222,24170063.5
2023-05-14 02:00:00,0.4221,0.4245,0.4219,0.4243,12817526.3
2023-05-14 03:00:00,0.4242,0.4273,0.4241,0.426,52062519.2
2023-05-14 04:00:00,0.426,0.4267,0.4252,0.4262,16833045.2
2023-05-14 05:00:00,0.4262,0.4266,0.4255,0.426,11100180.0
2023-05-14 06:00:00,0.4259,0.4272,0.4256,0.4259,18231320.8
2023-05-14 07:00:00,0.4258,0.4263,0.4248,0.4253,14605806.0
2023-05-14 08:00:00,0.4254,0.4257,0.4248,0.4255,12256922.1
2023-05-14 09:00:00,0.4255,0.4264,0.425,0.4263,11847744.1
2023-05-14 10:00:00,0.4263,0.4263,0.4252,0.4257,10468554.5
2023-05-14 11:00:00,0.4257,0.4261,0.4254,0.426,10789396.0
2023-05-14 12:00:00,0.4261,0.4269,0.4252,0.4266,18960654.0
2023-05-14 13:00:00,0.4266,0.4282,0.4261,0.4277,24135923.4
2023-05-14 14:00:00,0.4277,0.428,0.4265,0.4278,19314055.7
2023-05-14 15:00:00,0.4278,0.4315,0.4276,0.4291,61375475.7
2023-05-14 16:00:00,0.4291,0.4294,0.425,0.4256,41973903.6
2023-05-14 17:00:00,0.4257,0.4267,0.4251,0.4256,21652095.5
2023-05-14 18:00:00,0.4255,0.4257,0.4227,0.4251,34989232.1
2023-05-14 19:00:00,0.425,0.4253,0.4236,0.4243,24778475.2
2023-05-14 20:00:00,0.4242,0.4253,0.4235,0.425,15555809.6
2023-05-14 21:00:00,0.425,0.4258,0.4248,0.4255,8211349.3
2023-05-14 22:00:00,0.4254,0.4265,0.4248,0.4256,12852022.4
2023-05-14 23:00:00,0.4257,0.4259,0.4245,0.425,17459556.4
2023-05-15 00:00:00,0.425,0.4258,0.421,0.4224,104509006.7
2023-05-15 01:00:00,0.4223,0.4285,0.4219,0.4272,71667593.6
2023-05-15 02:00:00,0.4271,0.4288,0.4267,0.4275,26892675.2
2023-05-15 03:00:00,0.4276,0.4289,0.4262,0.4276,25560737.7
2023-05-15 04:00:00,0.4277,0.4289,0.4267,0.4289,24695912.5
2023-05-15 05:00:00,0.4288,0.43,0.4275,0.4295,35798815.0
2023-05-15 06:00:00,0.4296,0.4298,0.4263,0.4272,70108536.4
2023-05-15 07:00:00,0.4273,0.4277,0.4245,0.4251,57311237.1
2023-05-15 08:00:00,0.4252,0.428,0.4251,0.4278,30980996.7
2023-05-15 09:00:00,0.4277,0.4289,0.427,0.4281,25615541.4
2023-05-15 10:00:00,0.4281,0.4282,0.4255,0.4266,36580781.3
2023-05-15 11:00:00,0.4265,0.4272,0.424,0.4252,32463325.0
2023-05-15 12:00:00,0.4251,0.4264,0.4248,0.4256,24462717.8
2023-05-15 13:00:00,0.4255,0.4267,0.4247,0.4255,27196235.5
2023-05-15 14:00:00,0.4254,0.4271,0.4231,0.4258,45634545.7
2023-05-15 15:00:00,0.4259,0.427,0.4254,0.4257,22956000.5
2023-05-15 16:00:00,0.4258,0.4272,0.424,0.4256,40562502.6
2023-05-15 17:00:00,0.4256,0.4271,0.425,0.4263,25873706.9
2023-05-15 18:00:00,0.4263,0.4266,0.425,0.4255,13380547.8
2023-05-15 19:00:00,0.4255,0.4284,0.4252,0.428,27043238.5
2023-05-15 20:00:00,0.428,0.4285,0.4261,0.4273,25134451.9
2023-05-15 21:00:00,0.4273,0.4287,0.4272,0.4284,13953435.9
2023-05-15 22:00:00,0.4285,0.4288,0.4268,0.4281,21279500.0
2023-05-15 23:00:00,0.4281,0.4282,0.4251,0.427,26563996.0
2023-05-16 00:00:00,0.4269,0.4279,0.4237,0.4249,54867086.4
2023-05-16 01:00:00,0.425,0.4254,0.4211,0.4224,99506514.0
2023-05-16 02:00:00,0.4223,0.4242,0.4195,0.4238,73685327.7
2023-05-16 03:00:00,0.4238,0.4244,0.4232,0.4239,19094477.3
2023-05-16 04:00:00,0.424,0.4256,0.4234,0.4253,14462255.3
2023-05-16 05:00:00,0.4254,0.4261,0.4242,0.4246,19021013.5
2023-05-16 06:00:00,0.4247,0.4247,0.422,0.4243,32353708.7
2023-05-16 07:00:00,0.4243,0.4262,0.4238,0.4259,29369236.4
2023-05-16 08:00:00,0.4258,0.4259,0.4212,0.4216,70193914.2
2023-05-16 09:00:00,0.4216,0.4236,0.4213,0.4227,33837383.1
2023-05-16 10:00:00,0.4227,0.4228,0.4201,0.4206,28461195.1
2023-05-16 11:00:00,0.4206,0.4218,0.4201,0.4216,21318923.8
2023-05-16 12:00:00,0.4216,0.4227,0.4168,0.4214,59427749.7
2023-05-16 13:00:00,0.4213,0.4225,0.42,0.4205,33747544.2
2023-05-16 14:00:00,0.4205,0.4217,0.4182,0.4212,49671647.7
2023-05-16 15:00:00,0.4212,0.4222,0.4208,0.422,21821405.8
2023-05-16 16:00:00,0.422,0.4229,0.4206,0.4222,27689011.1
2023-05-16 17:00:00,0.4223,0.4229,0.421,0.4223,17997331.6
2023-05-16 18:00:00,0.4224,0.4235,0.4219,0.4235,20801827.0
2023-05-16 19:00:00,0.4235,0.425,0.422,0.4224,36076362.6
2023-05-16 20:00:00,0.4225,0.4247,0.4218,0.4242,24983686.7
2023-05-16 21:00:00,0.4243,0.4378,0.4236,0.4345,196943889.3
2023-05-16 22:00:00,0.4346,0.4382,0.4315,0.4357,139624248.8
2023-05-16 23:00:00,0.4357,0.4429,0.4334,0.4424,177588695.1
2023-05-17 00:00:00,0.4424,0.4489,0.4396,0.4462,295418211.4
2023-05-17 01:00:00,0.4462,0.461,0.4462,0.4584,226395861.6
2023-05-17 02:00:00,0.4585,0.4613,0.4536,0.4549,164010008.8
2023-05-17 03:00:00,0.455,0.4596,0.454,0.4589,85360349.4
2023-05-17 04:00:00,0.4589,0.4602,0.4566,0.4578,87702091.1
2023-05-17 05:00:00,0.4578,0.4581,0.4533,0.4534,86035729.5
2023-05-17 06:00:00,0.4534,0.4537,0.446,0.4466,152485605.1
2023-05-17 07:00:00,0.4465,0.4495,0.4446,0.449,136001878.0
2023-05-17 08:00:00,0.449,0.4492,0.4427,0.4434,170651339.7
2023-05-17 09:00:00,0.4434,0.4465,0.4412,0.445,109170284.8
2023-05-17 10:00:00,0.4451,0.4452,0.4422,0.4449,61086958.5
2023-05-17 11:00:00,0.4448,0.4468,0.4422,0.4448,103416787.4
2023-05-17 12:00:00,0.4449,0.45,0.4442,0.4461,171218806.5
2023-05-17 13:00:00,0.4462,0.4474,0.4439,0.4443,66106999.0
2023-05-17 14:00:00,0.4442,0.4443,0.4373,0.4399,142279140.0
2023-05-17 15:00:00,0.4399,0.4408,0.4375,0.4407,67727342.6
2023-05-17 16:00:00,0.4406,0.4409,0.438,0.4402,61916663.5
2023-05-17 17:00:00,0.4401,0.4437,0.4399,0.4431,60562394.3
2023-05-17 18:00:00,0.443,0.4471,0.4422,0.4462,87141999.6
2023-05-17 19:00:00,0.4461,0.4502,0.446,0.4476,105616541.8
2023-05-17 20:00:00,0.4475,0.4493,0.4454,0.4466,63420028.2
2023-05-17 21:00:00,0.4466,0.4474,0.4442,0.446,37592196.2
2023-05-17 22:00:00,0.4459,0.4481,0.4452,0.4465,35713389.7
2023-05-17 23:00:00,0.4464,0.449,0.4463,0.4482,40513558.9
2023-05-18 00:00:00,0.4481,0.4484,0.4438,0.4442,65044353.4
2023-05-18 01:00:00,0.4443,0.4452,0.4428,0.4444,37017041.8
2023-05-18 02:00:00,0.4445,0.4473,0.4441,0.4463,30464935.6
2023-05-18 03:00:00,0.4464,0.4477,0.4463,0.4474,21027339.6
2023-05-18 04:00:00,0.4475,0.4493,0.4462,0.449,32062252.5
2023-05-18 05:00:00,0.4491,0.4505,0.4467,0.4479,61657358.9
2023-05-18 06:00:00,0.4479,0.449,0.4439,0.4445,64896783.3
2023-05-18 07:00:00,0.4445,0.4481,0.4444,0.4478,50426929.3
2023-05-18 08:00:00,0.4477,0.4485,0.4447,0.4451,41782414.1
2023-05-18 09:00:00,0.4451,0.4469,0.4445,0.4465,33508043.8
2023-05-18 10:00:00,0.4466,0.4713,0.4465,0.4687,586155318.3
2023-05-18 11:00:00,0.4686,0.4729,0.4644,0.4651,216241191.7
2023-05-18 12:00:00,0.4652,0.4695,0.4641,0.4668,129844425.4
2023-05-18 13:00:00,0.4668,0.4689,0.4647,0.4655,88217818.8
2023-05-18 14:00:00,0.4655,0.4667,0.4607,0.4626,135105761.0
2023-05-18 15:00:00,0.4627,0.4636,0.4585,0.4604,85994473.2
2023-05-18 16:00:00,0.4605,0.4632,0.4588,0.4619,65054421.1
2023-05-18 17:00:00,0.4618,0.4624,0.4482,0.4514,160341286.7
2023-05-18 18:00:00,0.4513,0.4538,0.449,0.4537,125318742.3
2023-05-18 19:00:00,0.4536,0.4578,0.4517,0.457,75195747.8
2023-05-18 20:00:00,0.4571,0.4615,0.4557,0.4599,67444064.2
2023-05-18 21:00:00,0.4599,0.4654,0.4594,0.4626,92444275.1
2023-05-18 22:00:00,0.4626,0.4648,0.4615,0.462,66687331.7
2023-05-18 23:00:00,0.4619,0.4622,0.4592,0.4595,56813002.1
2023-05-19 00:00:00,0.4595,0.4638,0.4594,0.4634,78506981.9
2023-05-19 01:00:00,0.4633,0.4638,0.457,0.4605,83120617.8
2023-05-19 02:00:00,0.4605,0.468,0.46,0.4646,130402215.2
2023-05-19 03:00:00,0.4646,0.4666,0.4626,0.4662,56737252.1
2023-05-19 04:00:00,0.4663,0.4679,0.4636,0.467,78352092.4
2023-05-19 05:00:00,0.467,0.4672,0.4639,0.4646,55447382.7
2023-05-19 06:00:00,0.4646,0.4657,0.4613,0.4614,73953640.8
2023-05-19 07:00:00,0.4614,0.4628,0.4591,0.4596,75990795.3
2023-05-19 08:00:00,0.4597,0.4624,0.459,0.4617,54594392.3
2023-05-19 09:00:00,0.4617,0.4643,0.4617,0.4636,68784258.8
2023-05-19 10:00:00,0.4637,0.4642,0.4612,0.4637,56066414.7
2023-05-19 11:00:00,0.4638,0.4658,0.4623,0.4628,66156412.5
2023-05-19 12:00:00,0.4629,0.4649,0.4628,0.4644,34616859.2
2023-05-19 13:00:00,0.4645,0.4647,0.4628,0.4638,36232205.7
2023-05-19 14:00:00,0.4638,0.474,0.4617,0.4712,191081741.3
2023-05-19 15:00:00,0.4712,0.4757,0.46,0.4653,421460058.1
2023-05-19 16:00:00,0.4654,0.4696,0.4643,0.4671,95339640.8
2023-05-19 17:00:00,0.4672,0.4689,0.465,0.4679,57374815.9
2023-05-19 18:00:00,0.4679,0.4693,0.4661,0.4667,41840884.6
2023-05-19 19:00:00,0.4668,0.468,0.463,0.4654,54310249.9
2023-05-19 20:00:00,0.4654,0.4668,0.4641,0.4648,33497767.3
2023-05-19 21:00:00,0.4648,0.468,0.4645,0.4678,24734863.4
2023-05-19 22:00:00,0.4677,0.4685,0.4661,0.468,33059315.7
2023-05-19 23:00:00,0.4679,0.4684,0.4662,0.4671,29910470.8
2023-05-20 00:00:00,0.4671,0.4683,0.4628,0.4637,58067385.1
2023-05-20 01:00:00,0.4637,0.4654,0.4631,0.4643,30253854.0
2023-05-20 02:00:00,0.4643,0.4659,0.464,0.4649,26562598.1
2023-05-20 03:00:00,0.4648,0.4655,0.464,0.4641,19238253.8
2023-05-20 04:00:00,0.4642,0.4642,0.4614,0.4633,57675170.2
2023-05-20 05:00:00,0.4634,0.4641,0.4626,0.4638,23617928.6
2023-05-20 06:00:00,0.4639,0.4645,0.4625,0.4633,24311757.0
2023-05-20 07:00:00,0.4633,0.4652,0.4632,0.4642,29300050.3
2023-05-20 08:00:00,0.4642,0.4648,0.4634,0.4645,25086828.9
2023-05-20 09:00:00,0.4644,0.4644,0.4632,0.4639,19344194.9
2023-05-20 10:00:00,0.4639,0.4657,0.4637,0.4653,17972438.6
2023-05-20 11:00:00,0.4652,0.4694,0.465,0.4669,70090948.3
2023-05-20 12:00:00,0.4668,0.468,0.466,0.4666,30902325.8
2023-05-20 13:00:00,0.4665,0.467,0.4651,0.4664,26618184.0
2023-05-20 14:00:00,0.4664,0.468,0.4663,0.4672,49553807.9
2023-05-20 15:00:00,0.4673,0.4678,0.4661,0.4662,24456452.5
2023-05-20 16:00:00,0.4663,0.4668,0.4652,0.4656,23043683.1
2023-05-20 17:00:00,0.4655,0.4691,0.4651,0.4685,39667162.0
2023-05-20 18:00:00,0.4685,0.4686,0.4661,0.4672,35062255.9
2023-05-20 19:00:00,0.4672,0.4677,0.4654,0.4675,24699474.8
2023-05-20 20:00:00,0.4676,0.4684,0.4665,0.4671,16955827.0
2023-05-20 21:00:00,0.467,0.468,0.4664,0.4678,10434816.4
2023-05-20 22:00:00,0.4679,0.472,0.4672,0.4696,57341538.5
2023-05-20 23:00:00,0.4696,0.4697,0.4681,0.4684,21559742.8
2023-05-21 00:00:00,0.4684,0.4704,0.4675,0.4697,31509444.4
2023-05-21 01:00:00,0.4696,0.4701,0.4684,0.4685,19897154.4
2023-05-21 02:00:00,0.4686,0.4698,0.4681,0.4686,20386006.0
2023-05-21 03:00:00,0.4685,0.4689,0.4673,0.4673,16049493.8
2023-05-21 04:00:00,0.4674,0.4684,0.4673,0.4682,14438713.7
2023-05-21 05:00:00,0.4681,0.4699,0.4681,0.4696,20456931.2
2023-05-21 06:00:00,0.4696,0.4704,0.469,0.47,25978672.1
2023-05-21 07:00:00,0.47,0.4701,0.4685,0.469,21049574.7
2023-05-21 08:00:00,0.4691,0.4691,0.4679,0.4683,17684124.5
2023-05-21 09:00:00,0.4683,0.4695,0.4678,0.4693,20032148.0
2023-05-21 10:00:00,0.4693,0.4695,0.4651,0.4667,49534575.6
2023-05-21 11:00:00,0.4667,0.4669,0.464,0.4653,60118532.6
2023-05-21 12:00:00,0.4653,0.4661,0.4643,0.4654,32012627.4
2023-05-21 13:00:00,0.4653,0.466,0.464,0.4659,25321929.8
2023-05-21 14:00:00,0.4659,0.4663,0.4642,0.4643,27669435.9
2023-05-21 15:00:00,0.4643,0.4655,0.455,0.4593,153717910.0
2023-05-21 16:00:00,0.4593,0.4594,0.456,0.4575,52432159.9
2023-05-21 17:00:00,0.4575,0.4589,0.4546,0.4574,64907266.0
2023-05-21 18:00:00,0.4574,0.459,0.4565,0.458,33039588.5
2023-05-21 19:00:00,0.458,0.4589,0.4578,0.4584,18119157.5
2023-05-21 20:00:00,0.4584,0.4629,0.4583,0.4591,47608793.2
2023-05-21 21:00:00,0.459,0.4603,0.4556,0.4594,53343382.6
2023-05-21 22:00:00,0.4594,0.4597,0.4577,0.4581,22550164.7
2023-05-21 23:00:00,0.4582,0.4595,0.4561,0.4572,26169392.6
2023-05-22 00:00:00,0.4571,0.4598,0.4491,0.4529,121850399.2
2023-05-22 01:00:00,0.453,0.4546,0.4511,0.453,54317696.0
2023-05-22 02:00:00,0.4531,0.4586,0.4522,0.4577,45352538.9
2023-05-22 03:00:00,0.4577,0.4588,0.4552,0.4555,33319202.9
2023-05-22 04:00:00,0.4555,0.4585,0.4555,0.4581,24625919.9
2023-05-22 05:00:00,0.458,0.4651,0.458,0.4635,84407369.4
2023-05-22 06:00:00,0.4635,0.4672,0.4612,0.4617,90119682.4
2023-05-22 07:00:00,0.4618,0.4628,0.4596,0.4608,48525958.8
2023-05-22 08:00:00,0.4609,0.462,0.4576,0.4595,54204602.0
2023-05-22 09:00:00,0.4595,0.4615,0.4586,0.4607,34562849.2
2023-05-22 10:00:00,0.4607,0.4623,0.46,0.462,25925176.9
2023-05-22 11:00:00,0.4621,0.4629,0.4604,0.4617,29951168.1
2023-05-22 12:00:00,0.4617,0.4628,0.4595,0.4601,38841516.1
2023-05-22 13:00:00,0.4601,0.4637,0.4593,0.4617,56797312.8
2023-05-22 14:00:00,0.4616,0.4621,0.4581,0.4595,58832233.3
2023-05-22 15:00:00,0.4594,0.4597,0.4562,0.4567,42184575.3
2023-05-22 16:00:00,0.4568,0.4577,0.4553,0.4559,38087123.3
2023-05-22 17:00:00,0.456,0.4569,0.4523,0.4568,75763265.6
2023-05-22 18:00:00,0.4568,0.4594,0.4566,0.4592,35184832.4
2023-05-22 19:00:00,0.4591,0.4607,0.4583,0.4602,29526564.6
2023-05-22 20:00:00,0.4603,0.4613,0.4593,0.461,28769823.1
2023-05-22 21:00:00,0.4609,0.4615,0.4602,0.4602,16897585.7
2023-05-22 22:00:00,0.4603,0.4614,0.4596,0.4612,23403752.9
2023-05-22 23:00:00,0.4613,0.4622,0.4605,0.4614,21888640.2
2023-05-23 00:00:00,0.4614,0.4635,0.4601,0.4613,50912427.3
2023-05-23 01:00:00,0.4613,0.4642,0.46,0.4607,61357739.8
2023-05-23 02:00:00,0.4606,0.4627,0.4604,0.4619,36931437.7
2023-05-23 03:00:00,0.4619,0.4668,0.4613,0.4648,77186878.3
2023-05-23 04:00:00,0.4648,0.4659,0.4631,0.465,41376882.7
2023-05-23 05:00:00,0.465,0.4668,0.4639,0.4656,33518746.5
2023-05-23 06:00:00,0.4656,0.4671,0.461,0.4623,52046538.1
2023-05-23 07:00:00,0.4623,0.4638,0.4614,0.4621,35057592.7
2023-05-23 08:00:00,0.4622,0.4622,0.4592,0.4608,45825176.5
2023-05-23 09:00:00,0.4609,0.462,0.4596,0.4613,33609238.0
2023-05-23 10:00:00,0.4614,0.4615,0.46,0.4607,22264860.6
2023-05-23 11:00:00,0.4606,0.4613,0.4595,0.4606,20865988.8
2023-05-23 12:00:00,0.4607,0.4614,0.4599,0.4607,22923934.0
2023-05-23 13:00:00,0.4606,0.4608,0.458,0.4595,38254188.2
2023-05-23 14:00:00,0.4596,0.4617,0.4594,0.4611,26624408.3
2023-05-23 15:00:00,0.4611,0.4619,0.46,0.4605,23209781.6
2023-05-23 16:00:00,0.4605,0.4608,0.4588,0.4591,27022611.3
2023-05-23 17:00:00,0.4591,0.4602,0.4588,0.4599,17984051.5
2023-05-23 18:00:00,0.4598,0.4604,0.4586,0.4596,22312579.7
2023-05-23 19:00:00,0.4595,0.463,0.459,0.4629,27465592.6
2023-05-23 20:00:00,0.4629,0.4651,0.4623,0.4641,35505371.4
2023-05-23 21:00:00,0.4641,0.4649,0.462,0.4637,35668425.9
2023-05-23 22:00:00,0.4638,0.4654,0.463,0.4653,24218793.3
2023-05-23 23:00:00,0.4653,0.4654,0.4638,0.4649,23508152.1
2023-05-24 00:00:00,0.4649,0.4649,0.461,0.4621,48436182.9
2023-05-24 01:00:00,0.4621,0.4622,0.4601,0.4614,39788226.6
2023-05-24 02:00:00,0.4614,0.4627,0.4611,0.4617,23089242.9
2023-05-24 03:00:00,0.4616,0.4625,0.4541,0.4575,125861147.9
2023-05-24 04:00:00,0.4575,0.46,0.4569,0.459,41011853.7
2023-05-24 05:00:00,0.459,0.4597,0.4581,0.4593,28040709.0
2023-05-24 06:00:00,0.4593,0.4608,0.4563,0.4576,53640316.6
2023-05-24 07:00:00,0.4575,0.4598,0.4566,0.4568,44031863.6
2023-05-24 08:00:00,0.4567,0.4575,0.4529,0.4548,83621386.4
2023-05-24 09:00:00,0.4547,0.4554,0.4535,0.4545,39220761.0
2023-05-24 10:00:00,0.4544,0.4548,0.4536,0.4545,21552878.1
2023-05-24 11:00:00,0.4545,0.4564,0.4536,0.4563,23558948.5
2023-05-24 12:00:00,0.4564,0.457,0.4543,0.4544,29929323.9
2023-05-24 13:00:00,0.4544,0.4554,0.4406,0.4501,126496816.9
2023-05-24 14:00:00,0.4501,0.4513,0.4455,0.45,99809701.4
2023-05-24 15:00:00,0.4501,0.451,0.448,0.4505,56250120.9
2023-05-24 16:00:00,0.4506,0.4508,0.4454,0.449,62744283.5
2023-05-24 17:00:00,0.449,0.4509,0.4481,0.4504,32958626.9
2023-05-24 18:00:00,0.4505,0.4511,0.4487,0.4507,30088757.0
2023-05-24 19:00:00,0.4507,0.4537,0.4499,0.4525,35018469.3
2023-05-24 20:00:00,0.4525,0.4545,0.452,0.4537,34151966.1
2023-05-24 21:00:00,0.4538,0.4542,0.4516,0.4521,16578629.4
2023-05-24 22:00:00,0.4521,0.4539,0.4518,0.4535,17222072.0
2023-05-24 23:00:00,0.4535,0.4543,0.4525,0.4528,22204746.5
2023-05-25 00:00:00,0.4528,0.4538,0.448,0.4488,52305683.9
2023-05-25 01:00:00,0.4487,0.4503,0.4425,0.4486,95623038.6
2023-05-25 02:00:00,0.4485,0.4523,0.448,0.4513,31593149.3
2023-05-25 03:00:00,0.4513,0.4531,0.4505,0.4527,27710416.1
2023-05-25 04:00:00,0.4527,0.454,0.4522,0.4528,24720344.1
2023-05-25 05:00:00,0.4529,0.454,0.4525,0.4531,17061469.8
2023-05-25 06:00:00,0.4532,0.4541,0.45,0.4501,34517620.0
2023-05-25 07:00:00,0.45,0.4507,0.4488,0.4496,35323920.4
2023-05-25 08:00:00,0.4496,0.4508,0.447,0.4475,39940656.2
2023-05-25 09:00:00,0.4474,0.4496,0.4473,0.4493,32035467.4
2023-05-25 10:00:00,0.4492,0.4498,0.4486,0.4493,16557648.1
2023-05-25 11:00:00,0.4493,0.4519,0.4492,0.4518,24927573.3
2023-05-25 12:00:00,0.4517,0.4553,0.451,0.451,62631825.4
2023-05-25 13:00:00,0.4511,0.4515,0.4489,0.4501,36944537.6
2023-05-25 14:00:00,0.4501,0.4512,0.4494,0.4504,27391269.4
2023-05-25 15:00:00,0.4504,0.4512,0.4473,0.4476,35060099.1
2023-05-25 16:00:00,0.4477,0.4491,0.4471,0.4479,32661025.1
2023-05-25 17:00:00,0.4478,0.4488,0.4458,0.4484,35906957.9
2023-05-25 18:00:00,0.4484,0.4497,0.4481,0.4496,23074401.2
2023-05-25 19:00:00,0.4497,0.454,0.4495,0.4514,79292727.6
2023-05-25 20:00:00,0.4514,0.4525,0.4512,0.4518,18444869.1
2023-05-25 21:00:00,0.4519,0.4526,0.4511,0.4525,11986969.3
2023-05-25 22:00:00,0.4525,0.4542,0.4524,0.4535,23484447.9
2023-05-25 23:00:00,0.4536,0.4546,0.4529,0.4535,27452692.5
2023-05-26 00:00:00,0.4535,0.46,0.4521,0.4594,76221511.3
2023-05-26 01:00:00,0.4594,0.4678,0.4586,0.4628,213639875.7
2023-05-26 02:00:00,0.4628,0.4629,0.4594,0.4617,53175960.2
2023-05-26 03:00:00,0.4618,0.4661,0.4613,0.4644,59734346.6
2023-05-26 04:00:00,0.4643,0.4652,0.4628,0.4645,36754205.7
2023-05-26 05:00:00,0.4644,0.466,0.4611,0.4614,59932035.2
2023-05-26 06:00:00,0.4614,0.4625,0.46,0.4607,41990277.3
2023-05-26 07:00:00,0.4607,0.4626,0.46,0.4609,46979366.5
2023-05-26 08:00:00,0.4608,0.4635,0.4604,0.4625,41267337.7
2023-05-26 09:00:00,0.4626,0.4649,0.4625,0.4645,39499379.5
2023-05-26 10:00:00,0.4645,0.4645,0.4622,0.4631,34562434.4
2023-05-26 11:00:00,0.463,0.4671,0.463,0.4658,70450294.0
2023-05-26 12:00:00,0.4658,0.4684,0.4634,0.4651,101026581.3
2023-05-26 13:00:00,0.4651,0.4665,0.4631,0.4634,49717099.8
2023-05-26 14:00:00,0.4635,0.467,0.4633,0.4637,72170589.8
2023-05-26 15:00:00,0.4637,0.4644,0.4629,0.4629,34954944.6
2023-05-26 16:00:00,0.463,0.4633,0.4622,0.463,24165715.9
2023-05-26 17:00:00,0.4629,0.4642,0.4601,0.4615,42699832.3
2023-05-26 18:00:00,0.4615,0.4658,0.4604,0.4646,67539963.6
2023-05-26 19:00:00,0.4646,0.4667,0.4642,0.4656,44112414.3
2023-05-26 20:00:00,0.4656,0.4683,0.4652,0.4677,38250158.7
2023-05-26 21:00:00,0.4677,0.4681,0.4659,0.4678,28052297.1
2023-05-26 22:00:00,0.4678,0.4698,0.4667,0.467,51613222.6
2023-05-26 23:00:00,0.467,0.4693,0.4662,0.4681,37888000.1
2023-05-27 00:00:00,0.4681,0.4689,0.4663,0.4667,33359923.3
2023-05-27 01:00:00,0.4667,0.4676,0.4654,0.4669,26624900.7
2023-05-27 02:00:00,0.4669,0.4697,0.4668,0.4689,32257052.1
2023-05-27 03:00:00,0.469,0.475,0.4685,0.4736,76226341.8
2023-05-27 04:00:00,0.4735,0.4792,0.4644,0.4727,317527225.4
2023-05-27 05:00:00,0.4727,0.4733,0.4705,0.471,44987275.8
2023-05-27 06:00:00,0.471,0.4734,0.4708,0.4722,28574388.3
2023-05-27 07:00:00,0.4722,0.4743,0.4714,0.4737,28692022.9
2023-05-27 08:00:00,0.4737,0.4741,0.4701,0.4714,40910997.4
2023-05-27 09:00:00,0.4713,0.4724,0.4708,0.4714,24909034.7
2023-05-27 10:00:00,0.4715,0.4728,0.4712,0.4721,18548905.8
2023-05-27 11:00:00,0.4722,0.4724,0.4714,0.4719,18307816.4
2023-05-27 12:00:00,0.4718,0.4733,0.4717,0.4722,21320977.4
2023-05-27 13:00:00,0.4722,0.473,0.4664,0.469,47074449.0
2023-05-27 14:00:00,0.469,0.472,0.4684,0.4712,39745351.7
2023-05-27 15:00:00,0.4712,0.4713,0.4697,0.4706,18982679.1
2023-05-27 16:00:00,0.4706,0.4709,0.4682,0.4693,25601113.5
2023-05-27 17:00:00,0.4693,0.4705,0.4685,0.4703,14391664.8
2023-05-27 18:00:00,0.4703,0.4716,0.4692,0.47,22310176.4
2023-05-27 19:00:00,0.47,0.4706,0.4689,0.4705,15128981.8
2023-05-27 20:00:00,0.4705,0.4715,0.4704,0.4713,11785851.8
2023-05-27 21:00:00,0.4713,0.4716,0.4693,0.4701,14390318.2
2023-05-27 22:00:00,0.4701,0.4722,0.4701,0.4717,18798898.1
2023-05-27 23:00:00,0.4717,0.4723,0.4709,0.4712,24584435.5
2023-05-28 00:00:00,0.4712,0.474,0.4695,0.4733,46519706.0
2023-05-28 01:00:00,0.4733,0.4736,0.4718,0.4722,30498294.4
2023-05-28 02:00:00,0.4722,0.4729,0.4714,0.4722,23531829.1
2023-05-28 03:00:00,0.4721,0.4736,0.4721,0.473,17814535.9
2023-05-28 04:00:00,0.4731,0.4739,0.4715,0.4719,19592093.1
2023-05-28 05:00:00,0.472,0.4721,0.4704,0.4716,18146587.3
2023-05-28 06:00:00,0.4716,0.4723,0.471,0.4715,15118192.3
2023-05-28 07:00:00,0.4716,0.4735,0.4714,0.4727,17139692.2
2023-05-28 08:00:00,0.4728,0.4734,0.471,0.472,22830190.4
2023-05-28 09:00:00,0.472,0.4729,0.4716,0.4717,12455271.7
2023-05-28 10:00:00,0.4717,0.4733,0.4716,0.4729,23044460.9
2023-05-28 11:00:00,0.473,0.4743,0.4717,0.4723,27198733.0
2023-05-28 12:00:00,0.4724,0.473,0.4715,0.4721,16906681.1
2023-05-28 13:00:00,0.4722,0.4728,0.4714,0.4726,21783783.3
2023-05-28 14:00:00,0.4727,0.4727,0.4717,0.472,14969285.3
2023-05-28 15:00:00,0.4719,0.4722,0.4711,0.4721,18533206.3
2023-05-28 16:00:00,0.4721,0.4729,0.4713,0.4728,17243764.6
2023-05-28 17:00:00,0.4728,0.4787,0.4722,0.4766,63554850.1
2023-05-28 18:00:00,0.4767,0.4785,0.4751,0.4768,64196144.9
2023-05-28 19:00:00,0.4769,0.4804,0.4762,0.4769,74397433.5
2023-05-28 20:00:00,0.4768,0.4779,0.4766,0.4774,21401194.8
2023-05-28 21:00:00,0.4774,0.4829,0.4769,0.4819,49299894.8
2023-05-28 22:00:00,0.4819,0.4864,0.4813,0.4837,123523638.2
2023-05-28 23:00:00,0.4837,0.4842,0.4818,0.482,42628776.9
2023-05-29 00:00:00,0.482,0.4855,0.4819,0.4823,55341367.4
2023-05-29 01:00:00,0.4824,0.4829,0.4801,0.4819,34508939.8
2023-05-29 02:00:00,0.4819,0.4839,0.4808,0.4827,34434131.3
2023-05-29 03:00:00,0.4827,0.4828,0.4805,0.4807,35019887.7
2023-05-29 04:00:00,0.4808,0.4814,0.4771,0.4802,58744442.1
2023-05-29 05:00:00,0.4802,0.4822,0.4792,0.4822,30396526.5
2023-05-29 06:00:00,0.4822,0.4831,0.4792,0.4804,41999017.2
2023-05-29 07:00:00,0.4803,0.4811,0.4789,0.4804,33174396.8
2023-05-29 08:00:00,0.4804,0.4806,0.4782,0.4798,33801069.0
2023-05-29 09:00:00,0.4799,0.4802,0.478,0.4785,42590676.1
2023-05-29 10:00:00,0.4785,0.4803,0.4782,0.4789,30929760.1
2023-05-29 11:00:00,0.4789,0.4805,0.4772,0.4804,39211804.7
2023-05-29 12:00:00,0.4804,0.481,0.4793,0.4807,25074690.9
2023-05-29 13:00:00,0.4807,0.4812,0.4796,0.4805,26291594.4
2023-05-29 14:00:00,0.4806,0.4828,0.4789,0.4805,50752581.7
2023-05-29 15:00:00,0.4804,0.4818,0.4781,0.4787,52690826.9
2023-05-29 16:00:00,0.4786,0.4802,0.4755,0.4798,78759919.6
2023-05-29 17:00:00,0.4798,0.4873,0.479,0.4845,130072182.8
2023-05-29 18:00:00,0.4846,0.4865,0.4823,0.4863,53439163.8
2023-05-29 19:00:00,0.4862,0.4943,0.4791,0.4845,293912227.5
2023-05-29 20:00:00,0.4844,0.4888,0.4836,0.4882,98193205.1
2023-05-29 21:00:00,0.4882,0.4919,0.4862,0.4891,51143516.0
2023-05-29 22:00:00,0.4891,0.4954,0.4872,0.4931,117563656.4
2023-05-29 23:00:00,0.493,0.4945,0.4914,0.4942,58136212.1
2023-05-30 00:00:00,0.4941,0.4977,0.4923,0.4933,116724178.3
2023-05-30 01:00:00,0.4934,0.4939,0.4903,0.4907,55771838.2
2023-05-30 02:00:00,0.4907,0.4926,0.4893,0.491,38255309.8
2023-05-30 03:00:00,0.491,0.4988,0.4909,0.4969,79927059.0
2023-05-30 04:00:00,0.497,0.5041,0.4956,0.5032,178475147.0
2023-05-30 05:00:00,0.5032,0.5048,0.4989,0.5005,98742562.9
2023-05-30 06:00:00,0.5005,0.5019,0.4975,0.4998,71775815.1
2023-05-30 07:00:00,0.4999,0.5028,0.497,0.5009,88272117.6
2023-05-30 08:00:00,0.501,0.5058,0.4994,0.5019,120110041.2
2023-05-30 09:00:00,0.5019,0.5027,0.499,0.4998,65396106.4
2023-05-30 10:00:00,0.4997,0.5023,0.4983,0.5009,68968759.7
2023-05-30 11:00:00,0.5009,0.5025,0.5005,0.5023,43293801.7
2023-05-30 12:00:00,0.5022,0.5024,0.497,0.4994,79590788.8
2023-05-30 13:00:00,0.4995,0.5008,0.4976,0.499,50619044.4
2023-05-30 14:00:00,0.4989,0.5002,0.4933,0.4961,102896299.0
2023-05-30 15:00:00,0.4961,0.5093,0.4954,0.5044,177405343.7
2023-05-30 16:00:00,0.5044,0.5256,0.5021,0.5185,595600264.2
2023-05-30 17:00:00,0.5185,0.5243,0.5179,0.524,229267414.7
2023-05-30 18:00:00,0.524,0.5252,0.5179,0.5213,178099019.6
2023-05-30 19:00:00,0.5214,0.5258,0.5193,0.5198,107004259.2
2023-05-30 20:00:00,0.5199,0.5243,0.519,0.5232,63777449.9
2023-05-30 21:00:00,0.5232,0.5292,0.5043,0.5198,353628002.4
2023-05-30 22:00:00,0.5198,0.5222,0.5172,0.5215,88802622.4
2023-05-30 23:00:00,0.5214,0.5232,0.5189,0.5202,61217870.5
2023-05-31 00:00:00,0.5201,0.522,0.5161,0.5176,74877928.8
2023-05-31 01:00:00,0.5176,0.5238,0.5168,0.5212,66713997.8
2023-05-31 02:00:00,0.5212,0.5242,0.5179,0.5238,90448626.4
2023-05-31 03:00:00,0.5239,0.5278,0.5224,0.5273,128361546.1
2023-05-31 04:00:00,0.5272,0.5275,0.5166,0.5181,184002556.9
2023-05-31 05:00:00,0.5181,0.52,0.5101,0.5123,143287012.4
2023-05-31 06:00:00,0.5123,0.5184,0.5104,0.5174,101003815.3
2023-05-31 07:00:00,0.5173,0.5179,0.5078,0.5089,109962217.3
2023-05-31 08:00:00,0.509,0.5115,0.502,0.5026,154676562.4
2023-05-31 09:00:00,0.5026,0.5072,0.5009,0.5067,117490765.8
2023-05-31 10:00:00,0.5066,0.5071,0.504,0.5063,61590899.4
2023-05-31 11:00:00,0.5062,0.5136,0.5054,0.511,110595881.5
2023-05-31 12:00:00,0.511,0.5126,0.5077,0.5084,69545874.8
2023-05-31 13:00:00,0.5084,0.514,0.5082,0.5105,95863241.6
2023-05-31 14:00:00,0.5105,0.5129,0.5053,0.5114,132260452.2
2023-05-31 15:00:00,0.5113,0.5114,0.5011,0.5047,140551735.1
2023-05-31 16:00:00,0.5047,0.507,0.5005,0.5033,89714293.8
2023-05-31 17:00:00,0.5034,0.5095,0.5021,0.5085,59448456.7
2023-05-31 18:00:00,0.5086,0.5148,0.5077,0.514,70726117.7
2023-05-31 19:00:00,0.514,0.5162,0.5111,0.5138,72961494.1
2023-05-31 20:00:00,0.5138,0.5169,0.5131,0.5141,49604654.3
2023-05-31 21:00:00,0.5141,0.516,0.5112,0.5131,48957367.4
2023-05-31 22:00:00,0.5131,0.5199,0.512,0.5187,74910773.3
2023-05-31 23:00:00,0.5188,0.5198,0.5162,0.5166,67806886.3
2023-06-01 00:00:00,0.5166,0.5168,0.5066,0.5081,138251536.1
2023-06-01 01:00:00,0.5082,0.5099,0.5067,0.5087,63792872.3
2023-06-01 02:00:00,0.5088,0.5097,0.5023,0.5047,83220848.8
2023-06-01 03:00:00,0.5046,0.5088,0.5029,0.5081,54808787.6
2023-06-01 04:00:00,0.5081,0.509,0.5059,0.5069,38320054.7
2023-06-01 05:00:00,0.5068,0.5087,0.5051,0.5067,36827890.3
2023-06-01 06:00:00,0.5067,0.5073,0.5027,0.5032,54384298.5
2023-06-01 07:00:00,0.5033,0.5067,0.5021,0.5044,55741402.6
2023-06-01 08:00:00,0.5044,0.5054,0.5027,0.5038,46173539.7
2023-06-01 09:00:00,0.5038,0.5076,0.5035,0.5063,50482819.9
2023-06-01 10:00:00,0.5063,0.5068,0.5036,0.5059,35819920.9
2023-06-01 11:00:00,0.5059,0.5062,0.5041,0.5053,25410571.2
2023-06-01 12:00:00,0.5052,0.5083,0.5032,0.5064,62481970.1
2023-06-01 13:00:00,0.5064,0.5079,0.5035,0.5041,47118797.1
2023-06-01 14:00:00,0.5042,0.5054,0.5011,0.5043,63026489.8
2023-06-01 15:00:00,0.5043,0.5052,0.5026,0.5051,30115236.0
2023-06-01 16:00:00,0.5051,0.5073,0.5029,0.5065,76228045.6
2023-06-01 17:00:00,0.5065,0.5076,0.505,0.5055,44272255.8
2023-06-01 18:00:00,0.5054,0.5094,0.5049,0.5088,44917428.3
2023-06-01 19:00:00,0.5087,0.5094,0.5044,0.5073,74647206.7
2023-06-01 20:00:00,0.5073,0.5089,0.5065,0.5081,23641506.8
2023-06-01 21:00:00,0.5081,0.5097,0.507,0.5083,22682374.2
2023-06-01 22:00:00,0.5083,0.5097,0.5072,0.5087,38132677.4
2023-06-01 23:00:00,0.5086,0.5087,0.5048,0.5061,40497314.2
2023-06-02 00:00:00,0.5062,0.514,0.503,0.5137,114295849.2
2023-06-02 01:00:00,0.5137,0.5142,0.5095,0.5119,72556215.5
2023-06-02 02:00:00,0.5119,0.5161,0.5105,0.5148,65153136.2
2023-06-02 03:00:00,0.5147,0.5167,0.5141,0.5155,39641084.9
2023-06-02 04:00:00,0.5156,0.519,0.5155,0.5166,71713556.7
2023-06-02 05:00:00,0.5166,0.5195,0.5165,0.5179,46746208.8
2023-06-02 06:00:00,0.5179,0.519,0.5144,0.5149,52645717.9
2023-06-02 07:00:00,0.5149,0.5159,0.5138,0.5153,40711180.4
2023-06-02 08:00:00,0.5153,0.5161,0.5131,0.5141,42173059.5
2023-06-02 09:00:00,0.5141,0.5158,0.5135,0.5143,29882240.4
2023-06-02 10:00:00,0.5144,0.5154,0.5133,0.5154,20306920.0
2023-06-02 11:00:00,0.5154,0.5159,0.514,0.5146,27389342.4
2023-06-02 12:00:00,0.5145,0.5158,0.51,0.5141,73056283.3
2023-06-02 13:00:00,0.514,0.5162,0.5127,0.5137,63363056.7
2023-06-02 14:00:00,0.5138,0.5168,0.5123,0.5164,84865700.6
2023-06-02 15:00:00,0.5163,0.5195,0.5163,0.5187,65475587.1
2023-06-02 16:00:00,0.5188,0.5192,0.5167,0.5177,44321084.2
2023-06-02 17:00:00,0.5176,0.5187,0.5162,0.5186,27276814.7
2023-06-02 18:00:00,0.5186,0.5258,0.5172,0.5245,117909908.6
2023-06-02 19:00:00,0.5245,0.527,0.5221,0.5264,71494160.8
2023-06-02 20:00:00,0.5264,0.5265,0.523,0.525,42869681.8
2023-06-02 21:00:00,0.525,0.5251,0.5217,0.5231,32403308.7
2023-06-02 22:00:00,0.5231,0.5259,0.5224,0.5242,25517745.0
2023-06-02 23:00:00,0.5242,0.5253,0.5225,0.5241,26301171.1
2023-06-03 00:00:00,0.5241,0.5247,0.5203,0.5217,37857541.8
2023-06-03 01:00:00,0.5217,0.5229,0.519,0.5209,31344989.3
2023-06-03 02:00:00,0.5208,0.5226,0.5206,0.5223,20697693.3
2023-06-03 03:00:00,0.5224,0.524,0.5219,0.5233,15482882.5
2023-06-03 04:00:00,0.5233,0.5261,0.5228,0.5246,29804660.2
2023-06-03 05:00:00,0.5247,0.5257,0.5237,0.5257,25237068.9
2023-06-03 06:00:00,0.5257,0.527,0.5244,0.5262,35455467.8
2023-06-03 07:00:00,0.5263,0.5343,0.5212,0.5241,177134597.6
2023-06-03 08:00:00,0.5242,0.5252,0.5213,0.5229,35517268.0
2023-06-03 09:00:00,0.5229,0.5234,0.5212,0.5228,21083446.7
2023-06-03 10:00:00,0.5229,0.524,0.5216,0.5228,22689568.7
2023-06-03 11:00:00,0.5228,0.5237,0.5221,0.5226,17498620.6
2023-06-03 12:00:00,0.5226,0.5229,0.5205,0.5222,29651811.3
2023-06-03 13:00:00,0.5222,0.5225,0.517,0.5197,59037966.1
2023-06-03 14:00:00,0.5197,0.5212,0.5187,0.5202,33320911.7
2023-06-03 15:00:00,0.5202,0.5216,0.518,0.5214,49025388.5
2023-06-03 16:00:00,0.5214,0.523,0.5198,0.5201,59770875.3
2023-06-03 17:00:00,0.5201,0.5207,0.5179,0.5186,23094165.3
2023-06-03 18:00:00,0.5186,0.5199,0.514,0.5197,54088149.6
2023-06-03 19:00:00,0.5198,0.5219,0.5178,0.5198,41455269.4
2023-06-03 20:00:00,0.5199,0.5217,0.5193,0.5211,23203111.3
2023-06-03 21:00:00,0.5212,0.5218,0.5194,0.5202,21626590.5
2023-06-03 22:00:00,0.5202,0.5207,0.5188,0.5194,14936281.3
2023-06-03 23:00:00,0.5194,0.5199,0.5181,0.5186,14974644.1
2023-06-04 00:00:00,0.5186,0.5194,0.5163,0.5167,24563289.2
2023-06-04 01:00:00,0.5166,0.5216,0.5147,0.5204,45539113.5
2023-06-04 02:00:00,0.5204,0.5235,0.5199,0.5228,31053769.1
2023-06-04 03:00:00,0.5227,0.5228,0.5209,0.5215,16090288.6
2023-06-04 04:00:00,0.5215,0.5221,0.521,0.5211,13327165.4
2023-06-04 05:00:00,0.5212,0.5216,0.5192,0.5215,22370706.2
2023-06-04 06:00:00,0.5216,0.524,0.5212,0.5232,26505767.2
2023-06-04 07:00:00,0.5232,0.5258,0.523,0.525,35156120.1
2023-06-04 08:00:00,0.525,0.5268,0.5239,0.5248,55829421.6
2023-06-04 09:00:00,0.5248,0.5256,0.5231,0.5247,29719979.8
2023-06-04 10:00:00,0.5247,0.525,0.524,0.5244,12919052.9
2023-06-04 11:00:00,0.5244,0.5248,0.5238,0.5244,12365772.2
2023-06-04 12:00:00,0.5243,0.5253,0.5233,0.525,17629783.7
2023-06-04 13:00:00,0.525,0.5265,0.5248,0.5257,29857028.8
2023-06-04 14:00:00,0.5258,0.5317,0.524,0.53,84647405.8
2023-06-04 15:00:00,0.53,0.5381,0.5275,0.5357,178402869.0
2023-06-04 16:00:00,0.5357,0.5367,0.5317,0.5324,77255782.2
2023-06-04 17:00:00,0.5323,0.5381,0.532,0.5357,63815339.5
2023-06-04 18:00:00,0.5356,0.5374,0.5335,0.5351,41265516.5
2023-06-04 19:00:00,0.535,0.5399,0.5343,0.5381,47025063.0
2023-06-04 20:00:00,0.5382,0.5468,0.5374,0.5448,112907410.4
2023-06-04 21:00:00,0.5448,0.5456,0.5359,0.5398,128933887.6
2023-06-04 22:00:00,0.5398,0.5444,0.5397,0.5411,81215974.6
2023-06-04 23:00:00,0.541,0.5418,0.5331,0.5354,98853880.2
2023-06-05 00:00:00,0.5353,0.5429,0.534,0.5377,121595142.6
2023-06-05 01:00:00,0.5377,0.5378,0.5319,0.534,80984398.6
2023-06-05 02:00:00,0.5339,0.5357,0.5275,0.5291,76159029.0
2023-06-05 03:00:00,0.5292,0.5327,0.5273,0.5303,70215678.1
2023-06-05 04:00:00,0.5303,0.5349,0.5295,0.5344,45450001.1
2023-06-05 05:00:00,0.5343,0.541,0.53,0.5372,76449092.4
2023-06-05 06:00:00,0.5372,0.5389,0.534,0.5342,94249112.5
2023-06-05 07:00:00,0.5343,0.5348,0.5316,0.5341,56154509.1
2023-06-05 08:00:00,0.534,0.5374,0.5327,0.5346,56327081.5
2023-06-05 09:00:00,0.5345,0.5374,0.5327,0.533,54405710.8
2023-06-05 10:00:00,0.5331,0.5338,0.5301,0.5307,59196352.9
2023-06-05 11:00:00,0.5307,0.5349,0.5305,0.5342,33030085.1
2023-06-05 12:00:00,0.5343,0.5351,0.5292,0.5305,63461057.3
2023-06-05 13:00:00,0.5306,0.533,0.5291,0.5313,52187980.2
2023-06-05 14:00:00,0.5314,0.539,0.531,0.5357,84280972.5
2023-06-05 15:00:00,0.5357,0.5371,0.5015,0.5039,527344823.5
2023-06-05 16:00:00,0.5038,0.5114,0.4816,0.5044,476855632.8
2023-06-05 17:00:00,0.5045,0.5045,0.4899,0.5009,215496472.7
2023-06-05 18:00:00,0.5009,0.5023,0.4958,0.5023,94659481.2
2023-06-05 19:00:00,0.5023,0.5047,0.4962,0.5042,93060190.5
2023-06-05 20:00:00,0.5041,0.5082,0.5023,0.5061,75051815.7
2023-06-05 21:00:00,0.5061,0.5063,0.4954,0.5031,80455754.1
2023-06-05 22:00:00,0.5031,0.5054,0.5023,0.505,55088916.9
2023-06-05 23:00:00,0.505,0.5122,0.5046,0.5085,82195175.1
2023-06-06 00:00:00,0.5086,0.5114,0.507,0.5099,54527586.1
2023-06-06 01:00:00,0.5098,0.5108,0.5028,0.5037,68728797.4
2023-06-06 02:00:00,0.5038,0.509,0.502,0.5086,53080470.1
2023-06-06 03:00:00,0.5085,0.5085,0.5045,0.506,32800670.3
2023-06-06 04:00:00,0.506,0.5119,0.5034,0.5115,56344388.8
2023-06-06 05:00:00,0.5116,0.5123,0.5077,0.5112,53760050.6
2023-06-06 06:00:00,0.5112,0.5136,0.5086,0.5091,56347848.5
2023-06-06 07:00:00,0.5091,0.5099,0.5051,0.5053,54645417.9
2023-06-06 08:00:00,0.5053,0.5092,0.5053,0.5078,37715938.8
2023-06-06 09:00:00,0.5078,0.5105,0.5078,0.5098,33923234.0
2023-06-06 10:00:00,0.5098,0.5114,0.5083,0.5096,39604502.4
2023-06-06 11:00:00,0.5095,0.5107,0.5061,0.5084,41338704.2
2023-06-06 12:00:00,0.5084,0.5089,0.497,0.4992,217131579.6
2023-06-06 13:00:00,0.4992,0.5066,0.4955,0.5063,162140245.7
2023-06-06 14:00:00,0.5062,0.514,0.5061,0.5112,158618459.2
2023-06-06 15:00:00,0.5112,0.5118,0.507,0.5108,73949812.6
2023-06-06 16:00:00,0.5108,0.5154,0.507,0.5143,107940080.1
2023-06-06 17:00:00,0.5143,0.5165,0.512,0.5158,89340726.0
2023-06-06 18:00:00,0.5158,0.5175,0.5143,0.5166,44862440.7
2023-06-06 19:00:00,0.5166,0.5295,0.5161,0.528,138328123.3
2023-06-06 20:00:00,0.528,0.5326,0.5221,0.5228,169104753.8
2023-06-06 21:00:00,0.5228,0.5302,0.5228,0.5289,42946572.5
2023-06-06 22:00:00,0.5288,0.5323,0.5271,0.5307,47655679.0
2023-06-06 23:00:00,0.5307,0.5321,0.5285,0.5297,46910212.4
2023-06-07 00:00:00,0.5298,0.5315,0.5263,0.5293,64285850.6
2023-06-07 01:00:00,0.5293,0.53,0.5246,0.5264,53341570.5
2023-06-07 02:00:00,0.5264,0.5296,0.5251,0.5284,52771797.0
2023-06-07 03:00:00,0.5284,0.529,0.5237,0.5272,62823226.8
2023-06-07 04:00:00,0.5272,0.5297,0.5269,0.5287,34190481.3
2023-06-07 05:00:00,0.5287,0.5339,0.5284,0.5328,59778104.2
2023-06-07 06:00:00,0.5327,0.538,0.5277,0.5301,127208400.8
2023-06-07 07:00:00,0.5302,0.5308,0.5257,0.5261,74602851.9
2023-06-07 08:00:00,0.5262,0.5289,0.5246,0.5283,47783854.9
2023-06-07 09:00:00,0.5282,0.5297,0.5206,0.5228,99302425.8
2023-06-07 10:00:00,0.5229,0.5282,0.5174,0.527,137057163.0
2023-06-07 11:00:00,0.527,0.533,0.5265,0.5329,73979801.6
2023-06-07 12:00:00,0.5329,0.5338,0.5268,0.5285,98229954.9
2023-06-07 13:00:00,0.5284,0.532,0.5258,0.5303,128338938.2
2023-06-07 14:00:00,0.5303,0.5304,0.5185,0.5224,193534086.4
2023-06-07 15:00:00,0.5224,0.528,0.5119,0.5173,205560403.6
2023-06-07 16:00:00,0.5172,0.5175,0.5066,0.5107,227298403.1
2023-06-07 17:00:00,0.5107,0.5143,0.5066,0.5137,130901396.5
2023-06-07 18:00:00,0.5136,0.5162,0.5126,0.5152,57188730.5
2023-06-07 19:00:00,0.5152,0.5187,0.5144,0.5179,36992157.0
2023-06-07 20:00:00,0.5178,0.5263,0.5173,0.5236,153906975.8
2023-06-07 21:00:00,0.5236,0.5252,0.5131,0.514,86392934.1
2023-06-07 22:00:00,0.514,0.5197,0.5137,0.5177,64923879.5
2023-06-07 23:00:00,0.5178,0.5205,0.5162,0.5179,40708599.1
2023-06-08 00:00:00,0.518,0.5204,0.5153,0.5158,56696549.9
2023-06-08 01:00:00,0.5158,0.5203,0.5157,0.5199,33689037.0
2023-06-08 02:00:00,0.5198,0.5218,0.5182,0.5193,34664727.4
2023-06-08 03:00:00,0.5193,0.5199,0.516,0.5174,56195057.2
2023-06-08 04:00:00,0.5175,0.5226,0.5168,0.5212,51218213.8
2023-06-08 05:00:00,0.5212,0.5239,0.5193,0.5221,47305319.7
2023-06-08 06:00:00,0.5221,0.5229,0.5178,0.5196,59512643.5
2023-06-08 07:00:00,0.5196,0.5212,0.518,0.5197,40406660.8
2023-06-08 08:00:00,0.5196,0.5223,0.519,0.5192,40267557.7
2023-06-08 09:00:00,0.5192,0.5199,0.5157,0.5184,57630821.4
2023-06-08 10:00:00,0.5184,0.5209,0.5172,0.5209,30575291.0
2023-06-08 11:00:00,0.5209,0.5218,0.5183,0.5185,33999711.3
2023-06-08 12:00:00,0.5185,0.5242,0.5167,0.5206,83059058.3
2023-06-08 13:00:00,0.5207,0.5218,0.5182,0.52,77742290.6
2023-06-08 14:00:00,0.52,0.525,0.5184,0.5236,79306848.5
2023-06-08 15:00:00,0.5237,0.5255,0.5222,0.5242,49630380.7
2023-06-08 16:00:00,0.5241,0.5246,0.5191,0.523,60869607.3
2023-06-08 17:00:00,0.523,0.5233,0.5181,0.5197,42690469.9
2023-06-08 18:00:00,0.5196,0.5228,0.5183,0.521,34515606.0
2023-06-08 19:00:00,0.521,0.5248,0.5201,0.5234,47140202.4
2023-06-08 20:00:00,0.5234,0.5277,0.5232,0.5266,43893399.3
2023-06-08 21:00:00,0.5267,0.5274,0.5235,0.526,34022908.9
2023-06-08 22:00:00,0.5259,0.527,0.524,0.5257,33942930.2
2023-06-08 23:00:00,0.5257,0.526,0.5227,0.5233,37008726.5
2023-06-09 00:00:00,0.5234,0.5243,0.5219,0.5227,29757209.0
2023-06-09 01:00:00,0.5228,0.5261,0.5224,0.5238,30905925.8
2023-06-09 02:00:00,0.5238,0.5258,0.5209,0.5238,60864612.1
2023-06-09 03:00:00,0.5237,0.5259,0.5236,0.5241,29872119.6
2023-06-09 04:00:00,0.5242,0.5254,0.523,0.5249,26481212.2
2023-06-09 05:00:00,0.5248,0.5263,0.5243,0.5256,21153962.0
2023-06-09 06:00:00,0.5256,0.5259,0.5218,0.5221,37818756.3
2023-06-09 07:00:00,0.5221,0.5239,0.5202,0.5238,49160189.3
2023-06-09 08:00:00,0.5237,0.5297,0.5236,0.5283,78774440.1
2023-06-09 09:00:00,0.5283,0.5294,0.526,0.5277,49195375.7
2023-06-09 10:00:00,0.5276,0.529,0.5265,0.527,35304668.9
2023-06-09 11:00:00,0.5269,0.5291,0.5262,0.5288,39673862.8
2023-06-09 12:00:00,0.5288,0.534,0.5287,0.5327,120544397.0
2023-06-09 13:00:00,0.5328,0.542,0.5322,0.5359,212453070.5
2023-06-09 14:00:00,0.5358,0.5384,0.53,0.5324,112018311.9
2023-06-09 15:00:00,0.5325,0.5356,0.528,0.5308,95108760.9
2023-06-09 16:00:00,0.5309,0.5338,0.5282,0.5289,74594308.0
2023-06-09 17:00:00,0.5289,0.5335,0.5272,0.5333,69643517.2
2023-06-09 18:00:00,0.5334,0.5351,0.5305,0.5335,71077169.6
2023-06-09 19:00:00,0.5336,0.5345,0.5297,0.5313,67426030.0
2023-06-09 20:00:00,0.5313,0.5394,0.5307,0.5389,126451887.2
2023-06-09 21:00:00,0.5389,0.54,0.5366,0.539,68936072.3
2023-06-09 22:00:00,0.5391,0.5392,0.5331,0.5373,74487354.3
2023-06-09 23:00:00,0.5373,0.5381,0.5344,0.5375,54412381.8
2023-06-10 00:00:00,0.5376,0.5384,0.5329,0.5341,69712121.4
2023-06-10 01:00:00,0.5341,0.5387,0.53,0.5341,98953507.3
2023-06-10 02:00:00,0.5342,0.5362,0.5208,0.5261,165606669.2
2023-06-10 03:00:00,0.5261,0.5279,0.52,0.5218,103483343.4
2023-06-10 04:00:00,0.5217,0.5246,0.4868,0.4994,497370060.1
2023-06-10 05:00:00,0.4994,0.5064,0.47,0.4806,436181810.2
2023-06-10 06:00:00,0.4806,0.492,0.4797,0.4884,274529471.6
2023-06-10 07:00:00,0.4884,0.4913,0.4848,0.4893,138087502.5
2023-06-10 08:00:00,0.4893,0.4924,0.4848,0.491,108737070.3
2023-06-10 09:00:00,0.4909,0.491,0.4872,0.4898,62758331.5
2023-06-10 10:00:00,0.4898,0.4944,0.4894,0.4943,72321875.0
2023-06-10 11:00:00,0.4943,0.4953,0.4911,0.495,67291685.6
2023-06-10 12:00:00,0.4951,0.4951,0.4873,0.4877,95193752.6
2023-06-10 13:00:00,0.4878,0.4905,0.486,0.4899,74568492.3
2023-06-10 14:00:00,0.4899,0.493,0.4894,0.4922,62713558.3
2023-06-10 15:00:00,0.4921,0.4926,0.4866,0.4896,58120269.1
2023-06-10 16:00:00,0.4896,0.49,0.4865,0.4877,67482034.6
2023-06-10 17:00:00,0.4877,0.507,0.4796,0.5056,259859844.6
2023-06-10 18:00:00,0.5057,0.5069,0.4916,0.4998,170415680.0
2023-06-10 19:00:00,0.4997,0.5052,0.4996,0.5049,63640378.8
2023-06-10 20:00:00,0.5048,0.5053,0.5024,0.5038,59153023.7
2023-06-10 21:00:00,0.5038,0.5062,0.5007,0.5044,43325292.5
2023-06-10 22:00:00,0.5045,0.5116,0.5039,0.5093,69345233.0
2023-06-10 23:00:00,0.5092,0.5099,0.506,0.5065,47743129.2
2023-06-11 00:00:00,0.5065,0.5089,0.504,0.5046,64366217.3
2023-06-11 01:00:00,0.5045,0.5073,0.5027,0.5061,41815770.3
2023-06-11 02:00:00,0.5061,0.5075,0.5039,0.5071,33547097.2
2023-06-11 03:00:00,0.5072,0.5081,0.5048,0.5053,25573081.5
2023-06-11 04:00:00,0.5053,0.5062,0.5021,0.5037,45866449.9
2023-06-11 05:00:00,0.5037,0.5065,0.5036,0.5052,24652195.0
2023-06-11 06:00:00,0.5052,0.5074,0.5045,0.507,28343884.8
2023-06-11 07:00:00,0.5071,0.5073,0.5045,0.5055,22167938.4
2023-06-11 08:00:00,0.5055,0.5069,0.5032,0.5039,33905404.2
2023-06-11 09:00:00,0.5039,0.5064,0.5035,0.504,30286937.1
2023-06-11 10:00:00,0.5041,0.507,0.5038,0.5063,31846280.3
2023-06-11 11:00:00,0.5062,0.5096,0.5057,0.508,44709893.6
2023-06-11 12:00:00,0.508,0.5099,0.5057,0.5061,57252857.3
2023-06-11 13:00:00,0.506,0.5079,0.5051,0.5056,51643250.7
2023-06-11 14:00:00,0.5056,0.5084,0.5052,0.5074,42412556.1
2023-06-11 15:00:00,0.5073,0.5086,0.5063,0.5082,33254298.8
2023-06-11 16:00:00,0.5082,0.5157,0.5081,0.5142,130819381.0
2023-06-11 17:00:00,0.5142,0.5192,0.5126,0.5178,87546112.9
2023-06-11 18:00:00,0.5179,0.5229,0.5172,0.5217,94552320.0
2023-06-11 19:00:00,0.5217,0.5294,0.5192,0.5248,110732224.6
2023-06-11 20:00:00,0.5249,0.5284,0.5226,0.5232,79592460.7
2023-06-11 21:00:00,0.5232,0.5257,0.5182,0.5226,52094462.6
2023-06-11 22:00:00,0.5227,0.5234,0.5131,0.5172,86044945.6
2023-06-11 23:00:00,0.5172,0.5221,0.5171,0.5207,57792207.3
2023-06-12 00:00:00,0.5207,0.5228,0.5166,0.5185,69211684.4
2023-06-12 01:00:00,0.5185,0.5202,0.5159,0.5192,67153228.0
2023-06-12 02:00:00,0.5193,0.5207,0.508,0.5122,144789032.3
2023-06-12 03:00:00,0.5122,0.5146,0.5114,0.5138,49661371.9
2023-06-12 04:00:00,0.5138,0.5178,0.5135,0.5161,47177743.6
2023-06-12 05:00:00,0.516,0.5175,0.5144,0.5148,38891982.3
2023-06-12 06:00:00,0.5148,0.5161,0.511,0.5129,66708970.3
2023-06-12 07:00:00,0.5129,0.5163,0.5119,0.5123,44448109.2
2023-06-12 08:00:00,0.5123,0.516,0.511,0.5155,59030341.6
2023-06-12 09:00:00,0.5155,0.5208,0.515,0.5178,92319897.9
2023-06-12 10:00:00,0.5179,0.5222,0.5175,0.5214,53431689.5
2023-06-12 11:00:00,0.5214,0.5228,0.517,0.5187,61289945.3
2023-06-12 12:00:00,0.5186,0.5205,0.5167,0.5196,40956997.0
2023-06-12 13:00:00,0.5196,0.5197,0.5144,0.5169,69683298.1
2023-06-12 14:00:00,0.5168,0.5179,0.5119,0.5156,61884598.9
2023-06-12 15:00:00,0.5156,0.5157,0.5125,0.514,46252250.4
2023-06-12 16:00:00,0.514,0.5185,0.5123,0.5177,51600518.7
2023-06-12 17:00:00,0.5178,0.5218,0.5119,0.5185,132743935.1
2023-06-12 18:00:00,0.5184,0.5228,0.5168,0.5218,70248850.3
2023-06-12 19:00:00,0.5218,0.5233,0.519,0.5218,58574038.0
2023-06-12 20:00:00,0.5217,0.5278,0.5205,0.5248,72703475.7
2023-06-12 21:00:00,0.5247,0.527,0.524,0.5266,25769237.7
2023-06-12 22:00:00,0.5266,0.5272,0.5218,0.5239,52601574.7
2023-06-12 23:00:00,0.5239,0.5265,0.5226,0.5247,36622204.8
2023-06-13 00:00:00,0.5247,0.527,0.5201,0.5209,76318248.3
2023-06-13 01:00:00,0.521,0.5264,0.5193,0.5235,58255634.1
2023-06-13 02:00:00,0.5234,0.5283,0.5219,0.5253,66776819.8
2023-06-13 03:00:00,0.5253,0.5273,0.5241,0.5258,34186134.1
2023-06-13 04:00:00,0.5257,0.532,0.5242,0.5286,74080588.2
2023-06-13 05:00:00,0.5285,0.5314,0.5273,0.5298,65995018.9
2023-06-13 06:00:00,0.5299,0.5313,0.5276,0.5284,50620452.7
2023-06-13 07:00:00,0.5284,0.5301,0.5268,0.5293,46182741.4
2023-06-13 08:00:00,0.5293,0.5316,0.5263,0.5284,92156668.1
2023-06-13 09:00:00,0.5284,0.5302,0.5268,0.5297,51749024.7
2023-06-13 10:00:00,0.5297,0.537,0.5273,0.5339,95243198.8
2023-06-13 11:00:00,0.534,0.566,0.5338,0.5614,741240499.0
2023-06-13 12:00:00,0.5613,0.5629,0.5246,0.5359,636755395.7
2023-06-13 13:00:00,0.5358,0.5384,0.5211,0.5252,411178661.7
2023-06-13 14:00:00,0.5252,0.5305,0.5235,0.5273,151840755.3
2023-06-13 15:00:00,0.5274,0.5274,0.505,0.5076,397708140.3
2023-06-13 16:00:00,0.5076,0.5126,0.5061,0.5124,142600286.9
2023-06-13 17:00:00,0.5124,0.5144,0.5091,0.5117,87777276.2
2023-06-13 18:00:00,0.5117,0.5174,0.5101,0.5159,110234856.4
2023-06-13 19:00:00,0.5159,0.5198,0.5147,0.517,64284565.8
2023-06-13 20:00:00,0.517,0.5229,0.5146,0.5212,88165139.4
2023-06-13 21:00:00,0.5213,0.5243,0.5201,0.521,56821196.5
2023-06-13 22:00:00,0.521,0.5219,0.5167,0.5187,56936838.4
2023-06-13 23:00:00,0.5188,0.5209,0.5175,0.5189,36797193.4
2023-06-14 00:00:00,0.519,0.52,0.5102,0.5147,128953906.4
2023-06-14 01:00:00,0.5146,0.5164,0.5121,0.5159,53352559.5
2023-06-14 02:00:00,0.516,0.5171,0.5148,0.5167,36573756.5
2023-06-14 03:00:00,0.5167,0.5172,0.5126,0.5137,45766828.4
2023-06-14 04:00:00,0.5136,0.5156,0.5135,0.5153,31781218.8
2023-06-14 05:00:00,0.5153,0.5157,0.506,0.509,83055058.5
2023-06-14 06:00:00,0.509,0.5123,0.5073,0.5094,65177783.5
2023-06-14 07:00:00,0.5093,0.5103,0.4953,0.5005,183456158.0
2023-06-14 08:00:00,0.5005,0.5046,0.4992,0.503,102645267.0
2023-06-14 09:00:00,0.503,0.5056,0.5011,0.5052,59860052.6
2023-06-14 10:00:00,0.5051,0.506,0.5026,0.505,50574492.0
2023-06-14 11:00:00,0.505,0.5083,0.504,0.5082,57563564.9
2023-06-14 12:00:00,0.5082,0.5094,0.5069,0.508,70784994.1
2023-06-14 13:00:00,0.508,0.5085,0.501,0.5044,98574767.1
2023-06-14 14:00:00,0.5045,0.5058,0.5033,0.5042,38221734.8
2023-06-14 15:00:00,0.5043,0.5053,0.5003,0.5023,78852742.2
2023-06-14 16:00:00,0.5023,0.5032,0.501,0.502,37900746.8
2023-06-14 17:00:00,0.502,0.5058,0.4985,0.5054,86000658.9
2023-06-14 18:00:00,0.5053,0.5067,0.4918,0.5038,272011277.5
2023-06-14 19:00:00,0.5037,0.506,0.4991,0.5009,83190005.9
2023-06-14 20:00:00,0.5009,0.5017,0.4592,0.4668,526265136.5
2023-06-14 21:00:00,0.4669,0.4814,0.4644,0.4807,190624063.9
2023-06-14 22:00:00,0.4806,0.4807,0.4752,0.4783,74094692.6
2023-06-14 23:00:00,0.4782,0.4809,0.4754,0.4797,52537507.4
2023-06-15 00:00:00,0.4796,0.4839,0.4768,0.4815,86174878.9
2023-06-15 01:00:00,0.4816,0.4816,0.4759,0.4775,58916947.2
2023-06-15 02:00:00,0.4775,0.48,0.4759,0.4786,39184131.1
2023-06-15 03:00:00,0.4786,0.4821,0.478,0.4816,36592065.9
2023-06-15 04:00:00,0.4816,0.4842,0.4801,0.4826,50464471.2
2023-06-15 05:00:00,0.4826,0.4853,0.4802,0.4832,65852410.2
2023-06-15 06:00:00,0.4833,0.4838,0.4731,0.4747,105456955.4
2023-06-15 07:00:00,0.4746,0.4765,0.4666,0.4702,160507888.5
2023-06-15 08:00:00,0.4702,0.4748,0.4695,0.4718,60735339.6
2023-06-15 09:00:00,0.4717,0.4746,0.4698,0.4735,59000148.6
2023-06-15 10:00:00,0.4736,0.4758,0.471,0.4725,52901531.7
2023-06-15 11:00:00,0.4726,0.4779,0.4703,0.4762,95207658.5
2023-06-15 12:00:00,0.4763,0.4805,0.4755,0.4791,98793515.1
2023-06-15 13:00:00,0.4791,0.4822,0.4773,0.4802,106946812.1
2023-06-15 14:00:00,0.4801,0.4809,0.4765,0.4771,55106742.5
2023-06-15 15:00:00,0.4772,0.4775,0.4725,0.4739,63486887.1
2023-06-15 16:00:00,0.474,0.4771,0.4731,0.4743,51459714.5
2023-06-15 17:00:00,0.4743,0.4758,0.4683,0.475,110165886.1
2023-06-15 18:00:00,0.475,0.4822,0.4736,0.482,84854158.8
2023-06-15 19:00:00,0.482,0.4835,0.4786,0.4806,86092457.7
2023-06-15 20:00:00,0.4806,0.4814,0.4743,0.4802,76920108.8
2023-06-15 21:00:00,0.4803,0.4842,0.4788,0.4803,79385668.2
2023-06-15 22:00:00,0.4802,0.4808,0.4784,0.4794,36417099.0
2023-06-15 23:00:00,0.4793,0.4803,0.4784,0.4798,24922869.8
2023-06-16 00:00:00,0.4798,0.4799,0.4745,0.4761,53993703.7
2023-06-16 01:00:00,0.4761,0.4793,0.4756,0.4788,25893995.0
2023-06-16 02:00:00,0.4787,0.4806,0.4778,0.4796,23488437.8
2023-06-16 03:00:00,0.4796,0.4818,0.4792,0.4798,25229785.1
2023-06-16 04:00:00,0.4798,0.4809,0.4785,0.4799,26643878.4
2023-06-16 05:00:00,0.4799,0.4814,0.4782,0.4811,23878657.6
2023-06-16 06:00:00,0.4811,0.483,0.4791,0.4793,41689464.4
2023-06-16 07:00:00,0.4794,0.4805,0.4766,0.477,54185782.1
2023-06-16 08:00:00,0.477,0.4782,0.4762,0.4771,35035040.9
2023-06-16 09:00:00,0.4771,0.4791,0.4766,0.4782,31443342.3
2023-06-16 10:00:00,0.4782,0.4786,0.4718,0.4725,76588047.9
2023-06-16 11:00:00,0.4725,0.4746,0.4538,0.4626,339861297.2
2023-06-16 12:00:00,0.4626,0.4677,0.4618,0.4653,109335793.1
2023-06-16 13:00:00,0.4653,0.4659,0.4602,0.4613,88609879.5
2023-06-16 14:00:00,0.4614,0.4685,0.4537,0.4644,159846434.4
2023-06-16 15:00:00,0.4643,0.4674,0.4607,0.4654,116894783.0
2023-06-16 16:00:00,0.4655,0.4663,0.4614,0.4644,84031201.6
2023-06-16 17:00:00,0.4644,0.4703,0.464,0.47,110520704.0
2023-06-16 18:00:00,0.4699,0.477,0.4683,0.4715,150869703.3
2023-06-16 19:00:00,0.4716,0.4732,0.4676,0.4725,86978169.6
2023-06-16 20:00:00,0.4726,0.4737,0.4706,0.4727,38513303.6
2023-06-16 21:00:00,0.4727,0.4734,0.4688,0.4709,36096235.0
2023-06-16 22:00:00,0.4709,0.473,0.4708,0.4727,22690038.0
2023-06-16 23:00:00,0.4728,0.4758,0.4719,0.4752,37743840.8
2023-06-17 00:00:00,0.4752,0.4756,0.4708,0.4716,46233315.5
2023-06-17 01:00:00,0.4716,0.4746,0.4702,0.4712,29922984.7
2023-06-17 02:00:00,0.4713,0.4733,0.4698,0.47,31002778.9
2023-06-17 03:00:00,0.47,0.472,0.4693,0.4713,23798740.1
2023-06-17 04:00:00,0.4713,0.4746,0.4702,0.4741,36777670.5
2023-06-17 05:00:00,0.4742,0.4834,0.4733,0.4802,100914328.0
2023-06-17 06:00:00,0.4802,0.4867,0.4791,0.4807,131190189.3
2023-06-17 07:00:00,0.4807,0.4816,0.4783,0.4798,47302384.5
2023-06-17 08:00:00,0.4798,0.4821,0.4796,0.4809,32133573.3
2023-06-17 09:00:00,0.4809,0.4825,0.4803,0.4813,28732623.3
2023-06-17 10:00:00,0.4814,0.4831,0.4808,0.4817,19759386.7
2023-06-17 11:00:00,0.4817,0.4822,0.4762,0.4785,65689675.5
2023-06-17 12:00:00,0.4785,0.4809,0.477,0.48,43141005.8
2023-06-17 13:00:00,0.4801,0.4819,0.4797,0.4805,26671283.0
2023-06-17 14:00:00,0.4805,0.4807,0.4771,0.4786,41343420.5
2023-06-17 15:00:00,0.4787,0.4799,0.4741,0.4782,61385207.5
2023-06-17 16:00:00,0.4783,0.4803,0.4772,0.4799,29731630.5
2023-06-17 17:00:00,0.4799,0.4818,0.4777,0.4783,39726445.5
2023-06-17 18:00:00,0.4784,0.4803,0.4781,0.4802,24567100.5
2023-06-17 19:00:00,0.4803,0.4807,0.4786,0.4798,19010225.8
2023-06-17 20:00:00,0.4798,0.481,0.4791,0.4805,21333956.9
2023-06-17 21:00:00,0.4805,0.4811,0.4796,0.4799,10692130.6
2023-06-17 22:00:00,0.4799,0.4817,0.4798,0.4805,14715798.5
2023-06-17 23:00:00,0.4806,0.4807,0.478,0.479,16750656.6
2023-06-18 00:00:00,0.479,0.4794,0.4735,0.4777,64430348.5
2023-06-18 01:00:00,0.4777,0.4808,0.4772,0.4803,21008525.7
2023-06-18 02:00:00,0.4803,0.483,0.4796,0.4815,33344470.3
2023-06-18 03:00:00,0.4816,0.4819,0.4804,0.4807,17411041.3
2023-06-18 04:00:00,0.4807,0.4818,0.4797,0.4809,16398920.2
2023-06-18 05:00:00,0.4809,0.4823,0.4799,0.4804,20215791.7
2023-06-18 06:00:00,0.4805,0.4815,0.4782,0.4808,22729900.6
2023-06-18 07:00:00,0.4808,0.4829,0.4807,0.4825,33552227.5
2023-06-18 08:00:00,0.4825,0.4839,0.4818,0.4822,44232241.3
2023-06-18 09:00:00,0.4822,0.4899,0.4802,0.4878,82445455.9
2023-06-18 10:00:00,0.4879,0.4895,0.4853,0.4885,58950944.5
2023-06-18 11:00:00,0.4885,0.4885,0.4861,0.4871,35950226.3
2023-06-18 12:00:00,0.4871,0.489,0.4825,0.4884,76810883.9
2023-06-18 13:00:00,0.4885,0.4925,0.487,0.4877,82977585.6
2023-06-18 14:00:00,0.4878,0.4917,0.4864,0.4912,53563411.3
2023-06-18 15:00:00,0.4912,0.4954,0.4896,0.4925,74843886.8
2023-06-18 16:00:00,0.4925,0.4942,0.4903,0.4935,70940678.2
2023-06-18 17:00:00,0.4935,0.4938,0.4913,0.4917,31504837.0
2023-06-18 18:00:00,0.4917,0.4937,0.4893,0.4935,41887300.8
2023-06-18 19:00:00,0.4935,0.4972,0.493,0.4951,86811976.0
2023-06-18 20:00:00,0.4949,0.4973,0.486,0.4896,159091157.3
2023-06-18 21:00:00,0.4897,0.4905,0.4851,0.4873,53916133.9
2023-06-18 22:00:00,0.4873,0.4892,0.4852,0.4869,39115457.8
2023-06-18 23:00:00,0.4869,0.4894,0.4823,0.4865,71468570.5
2023-06-19 00:00:00,0.4866,0.4875,0.4808,0.4839,60767069.9
2023-06-19 01:00:00,0.484,0.4904,0.4831,0.49,46508045.0
2023-06-19 02:00:00,0.49,0.4923,0.489,0.4912,48958461.3
2023-06-19 03:00:00,0.4913,0.4917,0.4886,0.4906,38417498.7
2023-06-19 04:00:00,0.4905,0.4929,0.4894,0.4928,32578895.1
2023-06-19 05:00:00,0.4928,0.4928,0.4897,0.492,32634752.9
2023-06-19 06:00:00,0.492,0.4944,0.4915,0.4938,37188179.1
2023-06-19 07:00:00,0.4938,0.4941,0.4892,0.4898,49951613.8
2023-06-19 08:00:00,0.4898,0.4901,0.4854,0.4865,60695165.5
2023-06-19 09:00:00,0.4866,0.4884,0.4852,0.488,39522614.7
2023-06-19 10:00:00,0.488,0.4894,0.4865,0.4869,32758026.3
2023-06-19 11:00:00,0.487,0.4895,0.4866,0.4892,25600841.5
2023-06-19 12:00:00,0.4891,0.4909,0.4879,0.49,39294851.9
2023-06-19 13:00:00,0.49,0.4913,0.4894,0.4897,26543191.8
2023-06-19 14:00:00,0.4897,0.4901,0.4853,0.4874,61938001.2
2023-06-19 15:00:00,0.4875,0.4886,0.4861,0.4883,29442424.9
2023-06-19 16:00:00,0.4884,0.4919,0.4864,0.4907,87530587.5
2023-06-19 17:00:00,0.4907,0.4935,0.4897,0.4926,74129435.0
2023-06-19 18:00:00,0.4927,0.4979,0.4898,0.4912,176318712.0
2023-06-19 19:00:00,0.4913,0.4948,0.4877,0.4943,87394442.5
2023-06-19 20:00:00,0.4944,0.4957,0.4921,0.493,45541674.4
2023-06-19 21:00:00,0.493,0.494,0.4916,0.4935,19860350.5
2023-06-19 22:00:00,0.4935,0.4948,0.492,0.4941,19891914.4
2023-06-19 23:00:00,0.4941,0.4948,0.4913,0.4934,33604876.8
2023-06-20 00:00:00,0.4935,0.4936,0.4902,0.4929,45515312.7
2023-06-20 01:00:00,0.4929,0.4965,0.4892,0.4898,74516971.1
2023-06-20 02:00:00,0.4898,0.4924,0.4891,0.492,34448732.1
2023-06-20 03:00:00,0.492,0.4929,0.4896,0.4902,24306319.8
2023-06-20 04:00:00,0.4901,0.4911,0.4894,0.4899,22455024.8
2023-06-20 05:00:00,0.49,0.4911,0.4862,0.4872,51945218.0
2023-06-20 06:00:00,0.4873,0.4879,0.4839,0.4843,59870125.3
2023-06-20 07:00:00,0.4843,0.4872,0.4843,0.4871,31793414.8
2023-06-20 08:00:00,0.4871,0.4873,0.4822,0.483,52717803.3
2023-06-20 09:00:00,0.4829,0.4849,0.4822,0.4842,34189124.8
2023-06-20 10:00:00,0.4841,0.4851,0.4771,0.4807,63461633.6
2023-06-20 11:00:00,0.4807,0.4835,0.4796,0.4832,47874503.2
2023-06-20 12:00:00,0.4833,0.4846,0.4823,0.4834,34793119.7
2023-06-20 13:00:00,0.4835,0.4841,0.478,0.4793,50103713.3
2023-06-20 14:00:00,0.4793,0.4801,0.4711,0.4758,154691379.0
2023-06-20 15:00:00,0.4759,0.4794,0.4744,0.4783,61959200.9
2023-06-20 16:00:00,0.4782,0.4817,0.477,0.4804,82934700.3
2023-06-20 17:00:00,0.4804,0.487,0.4797,0.485,107462140.4
2023-06-20 18:00:00,0.485,0.4899,0.4848,0.489,107016971.9
2023-06-20 19:00:00,0.489,0.4898,0.4862,0.4886,79216448.4
2023-06-20 20:00:00,0.4886,0.4934,0.4877,0.4931,79235286.9
2023-06-20 21:00:00,0.4931,0.4935,0.4885,0.49,46442036.3
2023-06-20 22:00:00,0.4901,0.492,0.49,0.4916,31709346.1
2023-06-20 23:00:00,0.4916,0.4932,0.4909,0.4925,33382517.3
2023-06-21 00:00:00,0.4925,0.4942,0.4889,0.493,71821214.5
2023-06-21 01:00:00,0.493,0.5012,0.4929,0.4956,138883356.3
2023-06-21 02:00:00,0.4957,0.4975,0.4942,0.4967,56574969.2
2023-06-21 03:00:00,0.4967,0.4979,0.4952,0.4974,32616590.8
2023-06-21 04:00:00,0.4973,0.5002,0.4961,0.5002,41912577.1
2023-06-21 05:00:00,0.5001,0.5032,0.4979,0.5011,86777736.2
2023-06-21 06:00:00,0.5012,0.5013,0.4943,0.4946,84712806.7
2023-06-21 07:00:00,0.4946,0.4973,0.4933,0.4969,52026748.1
2023-06-21 08:00:00,0.497,0.4975,0.4945,0.4967,41219386.3
2023-06-21 09:00:00,0.4968,0.4978,0.4943,0.4959,38043886.1
2023-06-21 10:00:00,0.496,0.4967,0.4911,0.4923,78341221.7
2023-06-21 11:00:00,0.4923,0.4953,0.4905,0.4945,49722376.9
2023-06-21 12:00:00,0.4945,0.4954,0.4905,0.4911,60641462.6
2023-06-21 13:00:00,0.491,0.4961,0.4901,0.4941,62225766.6
2023-06-21 14:00:00,0.4941,0.4957,0.4917,0.4952,81620053.9
2023-06-21 15:00:00,0.4951,0.4981,0.4944,0.4951,107781449.4
2023-06-21 16:00:00,0.4951,0.5018,0.4945,0.4959,175362893.8
2023-06-21 17:00:00,0.496,0.4981,0.4903,0.4972,124215448.7
2023-06-21 18:00:00,0.4973,0.5003,0.4966,0.4988,58236017.0
2023-06-21 19:00:00,0.4988,0.4988,0.4945,0.4978,54182999.8
2023-06-21 20:00:00,0.4979,0.4993,0.4946,0.4962,48426547.3
2023-06-21 21:00:00,0.4962,0.4987,0.4929,0.497,42007727.6
2023-06-21 22:00:00,0.497,0.5027,0.4965,0.5019,54788877.0
2023-06-21 23:00:00,0.5018,0.5029,0.4994,0.4999,38890501.8
2023-06-22 00:00:00,0.4999,0.5033,0.4979,0.5022,69987441.3
2023-06-22 01:00:00,0.5022,0.5079,0.5021,0.5066,106772216.7
2023-06-22 02:00:00,0.5066,0.5272,0.5065,0.5191,334998697.2
2023-06-22 03:00:00,0.5191,0.52,0.5153,0.5163,70477476.7
2023-06-22 04:00:00,0.5163,0.5166,0.5083,0.5151,88661058.7
2023-06-22 05:00:00,0.5151,0.5166,0.512,0.5143,49947806.0
2023-06-22 06:00:00,0.5143,0.5145,0.5073,0.5081,85748157.9
2023-06-22 07:00:00,0.5082,0.5122,0.5079,0.5121,48623318.8
2023-06-22 08:00:00,0.5122,0.5128,0.5086,0.5096,45670643.0
2023-06-22 09:00:00,0.5095,0.5108,0.5065,0.5089,49777920.8
2023-06-22 10:00:00,0.5089,0.5111,0.5077,0.5083,42197818.0
2023-06-22 11:00:00,0.5082,0.5085,0.4762,0.4931,322928696.8
2023-06-22 12:00:00,0.4931,0.4999,0.4925,0.4981,82202797.1
2023-06-22 13:00:00,0.4981,0.5013,0.4978,0.4998,57268440.6
2023-06-22 14:00:00,0.4998,0.5003,0.4848,0.4924,144763022.3
2023-06-22 15:00:00,0.4924,0.4946,0.4905,0.4936,65360870.7
2023-06-22 16:00:00,0.4936,0.4968,0.4915,0.4933,57747932.7
2023-06-22 17:00:00,0.4932,0.4965,0.492,0.4964,32288414.6
2023-06-22 18:00:00,0.4965,0.4978,0.4946,0.4976,40923584.7
2023-06-22 19:00:00,0.4976,0.499,0.4961,0.4987,27141534.7
2023-06-22 20:00:00,0.4988,0.4989,0.4951,0.4983,27755079.0
2023-06-22 21:00:00,0.4982,0.4983,0.4922,0.4949,32842137.0
2023-06-22 22:00:00,0.495,0.4986,0.4929,0.4938,53900812.3
2023-06-22 23:00:00,0.4939,0.4965,0.4932,0.4936,28647221.5
2023-06-23 00:00:00,0.4936,0.497,0.4931,0.4957,39626106.5
2023-06-23 01:00:00,0.4957,0.4975,0.4946,0.4952,22656953.2
2023-06-23 02:00:00,0.4953,0.4973,0.492,0.4972,32932376.4
2023-06-23 03:00:00,0.4972,0.501,0.4963,0.5,33330498.3
2023-06-23 04:00:00,0.5,0.5013,0.4986,0.4987,36605836.6
2023-06-23 05:00:00,0.4987,0.4994,0.4939,0.4965,59682831.2
2023-06-23 06:00:00,0.4965,0.4975,0.4948,0.495,24247976.1
2023-06-23 07:00:00,0.495,0.4951,0.4915,0.4921,48371226.5
2023-06-23 08:00:00,0.492,0.4952,0.4907,0.4937,36620106.0
2023-06-23 09:00:00,0.4937,0.4948,0.4902,0.4932,51711053.1
2023-06-23 10:00:00,0.4932,0.4941,0.4905,0.4915,43345899.0
2023-06-23 11:00:00,0.4916,0.4928,0.4909,0.4921,21881762.1
2023-06-23 12:00:00,0.4922,0.4925,0.4858,0.489,85280531.8
2023-06-23 13:00:00,0.489,0.4908,0.483,0.4865,82131675.3
2023-06-23 14:00:00,0.4865,0.491,0.4847,0.4904,62164612.5
2023-06-23 15:00:00,0.4904,0.4987,0.49,0.4978,147407403.2
2023-06-23 16:00:00,0.4979,0.4998,0.4928,0.496,152285294.7
2023-06-23 17:00:00,0.4961,0.5016,0.4949,0.5008,81058538.4
2023-06-23 18:00:00,0.5008,0.502,0.4953,0.4987,82914161.9
2023-06-23 19:00:00,0.4988,0.5022,0.4959,0.5007,86175052.9
2023-06-23 20:00:00,0.5006,0.5015,0.4993,0.5,38444460.3
2023-06-23 21:00:00,0.5,0.5007,0.4906,0.4931,64032375.4
2023-06-23 22:00:00,0.4931,0.4958,0.4923,0.4956,45591445.0
2023-06-23 23:00:00,0.4957,0.4971,0.4939,0.4959,31357195.3
2023-06-24 00:00:00,0.496,0.496,0.4879,0.4908,81430517.8
2023-06-24 01:00:00,0.4908,0.492,0.4884,0.4918,40765883.8
2023-06-24 02:00:00,0.4917,0.4933,0.4913,0.4929,26234029.0
2023-06-24 03:00:00,0.493,0.4933,0.4918,0.4918,19240058.7
2023-06-24 04:00:00,0.4919,0.4932,0.4904,0.4924,22256269.8
2023-06-24 05:00:00,0.4924,0.4946,0.492,0.4939,20724782.4
2023-06-24 06:00:00,0.4939,0.4944,0.4911,0.4937,20215255.0
2023-06-24 07:00:00,0.4936,0.4939,0.4882,0.4897,46799142.1
2023-06-24 08:00:00,0.4897,0.4919,0.4892,0.4903,32870109.5
2023-06-24 09:00:00,0.4902,0.4915,0.4896,0.491,16496490.6
2023-06-24 10:00:00,0.4911,0.4925,0.4908,0.492,19514775.1
2023-06-24 11:00:00,0.4919,0.493,0.4907,0.4922,16437175.5
2023-06-24 12:00:00,0.4921,0.4942,0.4913,0.4921,30368728.1
2023-06-24 13:00:00,0.4921,0.493,0.4891,0.4912,45056140.2
2023-06-24 14:00:00,0.4911,0.4915,0.4893,0.4908,26400757.3
2023-06-24 15:00:00,0.4907,0.4912,0.4753,0.4838,169083165.1
2023-06-24 16:00:00,0.4837,0.4856,0.48,0.4852,61624362.0
2023-06-24 17:00:00,0.4852,0.4873,0.4848,0.4864,36033784.1
2023-06-24 18:00:00,0.4863,0.4874,0.4857,0.4862,21305525.7
2023-06-24 19:00:00,0.4862,0.4889,0.4861,0.4871,22288436.0
2023-06-24 20:00:00,0.4871,0.4871,0.4836,0.486,26005746.6
2023-06-24 21:00:00,0.486,0.4865,0.4826,0.4859,21642738.8
2023-06-24 22:00:00,0.4858,0.4881,0.4858,0.4865,21222645.0
2023-06-24 23:00:00,0.4865,0.4876,0.4856,0.4862,17245381.2
2023-06-25 00:00:00,0.4863,0.4866,0.4826,0.484,32706659.5
2023-06-25 01:00:00,0.4841,0.4862,0.4828,0.4861,23349815.0
2023-06-25 02:00:00,0.4861,0.4896,0.4859,0.4866,35743427.6
2023-06-25 03:00:00,0.4866,0.4898,0.4862,0.4891,28635220.4
2023-06-25 04:00:00,0.4891,0.4918,0.4884,0.4896,39336253.5
2023-06-25 05:00:00,0.4896,0.4913,0.4881,0.4902,24908187.0
2023-06-25 06:00:00,0.4902,0.492,0.4884,0.4898,37035212.0
2023-06-25 07:00:00,0.4897,0.4904,0.4875,0.49,26613411.2
2023-06-25 08:00:00,0.4901,0.4933,0.4896,0.4918,45676934.5
2023-06-25 09:00:00,0.4918,0.4943,0.4895,0.4927,49036535.0
2023-06-25 10:00:00,0.4927,0.4946,0.4917,0.4928,34309955.6
2023-06-25 11:00:00,0.4929,0.4932,0.4912,0.4919,24344956.6
2023-06-25 12:00:00,0.492,0.4925,0.4904,0.4919,22675391.6
2023-06-25 13:00:00,0.4919,0.4925,0.4872,0.4902,61535156.2
2023-06-25 14:00:00,0.4902,0.4976,0.4894,0.4897,94198169.7
2023-06-25 15:00:00,0.4896,0.4907,0.4876,0.4888,74694875.7
2023-06-25 16:00:00,0.4888,0.4925,0.4883,0.491,46141695.2
2023-06-25 17:00:00,0.4911,0.4919,0.4851,0.4887,41411930.3
2023-06-25 18:00:00,0.4886,0.4892,0.4857,0.4887,36111492.6
2023-06-25 19:00:00,0.4887,0.4901,0.4875,0.4889,23914247.9
2023-06-25 20:00:00,0.489,0.4922,0.488,0.4907,33162412.9
2023-06-25 21:00:00,0.4907,0.492,0.4895,0.4904,13645922.2
2023-06-25 22:00:00,0.4904,0.4918,0.4886,0.4905,17782521.9
2023-06-25 23:00:00,0.4905,0.4909,0.4882,0.4899,28035663.2
2023-06-26 00:00:00,0.49,0.4918,0.4843,0.4854,85102412.5
2023-06-26 01:00:00,0.4854,0.4874,0.4824,0.4839,93066888.1
2023-06-26 02:00:00,0.4839,0.4849,0.4821,0.4837,31384516.3
2023-06-26 03:00:00,0.4836,0.4842,0.4825,0.484,24859223.3
2023-06-26 04:00:00,0.4839,0.4852,0.4834,0.485,20839714.0
2023-06-26 05:00:00,0.4849,0.485,0.4803,0.4834,40652554.3
2023-06-26 06:00:00,0.4834,0.4854,0.4827,0.485,35649823.7
2023-06-26 07:00:00,0.4851,0.4865,0.4822,0.4842,38492820.5
2023-06-26 08:00:00,0.4843,0.4846,0.4815,0.4826,28624734.1
2023-06-26 09:00:00,0.4827,0.4831,0.4802,0.4806,31688114.5
2023-06-26 10:00:00,0.4807,0.481,0.4777,0.4802,43760016.7
2023-06-26 11:00:00,0.4803,0.4829,0.4797,0.4825,23572546.4
2023-06-26 12:00:00,0.4824,0.4833,0.4813,0.4827,24604605.1
2023-06-26 13:00:00,0.4828,0.4872,0.4822,0.4869,42128371.5
2023-06-26 14:00:00,0.4869,0.4874,0.4794,0.4825,62333538.2
2023-06-26 15:00:00,0.4825,0.4845,0.4815,0.4844,22592595.0
2023-06-26 16:00:00,0.4845,0.4846,0.4685,0.475,152904966.2
2023-06-26 17:00:00,0.475,0.4763,0.4719,0.4741,64643615.4
2023-06-26 18:00:00,0.474,0.4772,0.4732,0.4764,33878276.2
2023-06-26 19:00:00,0.4765,0.4794,0.4748,0.4787,28314701.4
2023-06-26 20:00:00,0.4786,0.4798,0.4764,0.4767,29512983.0
2023-06-26 21:00:00,0.4768,0.4775,0.4742,0.4746,20242389.4
2023-06-26 22:00:00,0.4746,0.4794,0.4722,0.4793,32384186.9
2023-06-26 23:00:00,0.4794,0.48,0.4776,0.4788,16337467.2
2023-06-27 00:00:00,0.4788,0.4796,0.477,0.4775,30427118.8
2023-06-27 01:00:00,0.4776,0.4817,0.4759,0.4805,34055337.3
2023-06-27 02:00:00,0.4805,0.4823,0.4792,0.4823,26500734.3
2023-06-27 03:00:00,0.4823,0.4827,0.4807,0.482,21766666.3
2023-06-27 04:00:00,0.482,0.483,0.4809,0.482,26150499.4
2023-06-27 05:00:00,0.4821,0.4828,0.4791,0.4806,26630491.0
2023-06-27 06:00:00,0.4807,0.4816,0.4773,0.4786,34490595.1
2023-06-27 07:00:00,0.4786,0.4803,0.4776,0.4791,35004359.7
2023-06-27 08:00:00,0.4792,0.48,0.4774,0.4793,26684944.6
2023-06-27 09:00:00,0.4793,0.4805,0.4787,0.4798,17610642.2
2023-06-27 10:00:00,0.4799,0.4823,0.4793,0.4813,34104238.2
2023-06-27 11:00:00,0.4813,0.4815,0.4793,0.4808,22381734.0
2023-06-27 12:00:00,0.4808,0.4832,0.4801,0.4825,25150644.8
2023-06-27 13:00:00,0.4824,0.4828,0.4804,0.4826,26864342.7
2023-06-27 14:00:00,0.4826,0.485,0.4806,0.4815,57731623.6
2023-06-27 15:00:00,0.4815,0.4819,0.4753,0.4788,56788540.9
2023-06-27 16:00:00,0.4789,0.4808,0.4777,0.4789,43652009.4
2023-06-27 17:00:00,0.4789,0.4814,0.4785,0.4808,19810204.7
2023-06-27 18:00:00,0.4809,0.4818,0.4796,0.4814,18498347.0
2023-06-27 19:00:00,0.4814,0.483,0.481,0.4818,18852999.2
2023-06-27 20:00:00,0.4817,0.4827,0.4809,0.4822,17956943.5
2023-06-27 21:00:00,0.4823,0.4842,0.4817,0.4842,18084434.8
2023-06-27 22:00:00,0.4842,0.4844,0.4812,0.4817,20075943.0
2023-06-27 23:00:00,0.4817,0.4846,0.4812,0.4836,17804137.2
2023-06-28 00:00:00,0.4837,0.4841,0.4786,0.482,57565153.1
2023-06-28 01:00:00,0.4819,0.4828,0.4804,0.4817,23036765.1
2023-06-28 02:00:00,0.4817,0.4837,0.4796,0.4807,31046268.6
2023-06-28 03:00:00,0.4806,0.4826,0.4804,0.4819,20837111.2
2023-06-28 04:00:00,0.482,0.4831,0.4808,0.4831,18916452.6
2023-06-28 05:00:00,0.4831,0.4833,0.481,0.481,18648216.5
2023-06-28 06:00:00,0.481,0.4813,0.4767,0.478,49289068.5
2023-06-28 07:00:00,0.4779,0.4789,0.4701,0.4731,101705038.2
2023-06-28 08:00:00,0.4731,0.4749,0.4722,0.4731,33978885.4
2023-06-28 09:00:00,0.473,0.4763,0.4729,0.4755,27891574.6
2023-06-28 10:00:00,0.4755,0.4769,0.4749,0.4755,16106021.8
2023-06-28 11:00:00,0.4756,0.4773,0.4747,0.475,20721612.1
2023-06-28 12:00:00,0.4751,0.4755,0.471,0.4717,62945316.4
2023-06-28 13:00:00,0.4717,0.4739,0.4711,0.4726,43149798.3
2023-06-28 14:00:00,0.4726,0.4745,0.4707,0.4726,51161538.8
2023-06-28 15:00:00,0.4727,0.4748,0.4718,0.4747,20453339.4
2023-06-28 16:00:00,0.4747,0.475,0.4721,0.4724,22585745.9
2023-06-28 17:00:00,0.4723,0.4726,0.4652,0.4673,92504895.3
2023-06-28 18:00:00,0.4673,0.4702,0.4664,0.4695,25473285.4
2023-06-28 19:00:00,0.4694,0.4718,0.4406,0.4591,242297747.3
2023-06-28 20:00:00,0.4591,0.4629,0.4564,0.4621,67243550.5
2023-06-28 21:00:00,0.4622,0.4646,0.4608,0.4635,26342988.0
2023-06-28 22:00:00,0.4635,0.4653,0.4635,0.4644,21817099.4
2023-06-28 23:00:00,0.4645,0.4665,0.4636,0.4645,23446998.0
2023-06-29 00:00:00,0.4644,0.4655,0.4609,0.4623,37870327.9
2023-06-29 01:00:00,0.4623,0.4653,0.4616,0.4644,24730979.4
2023-06-29 02:00:00,0.4645,0.4658,0.4635,0.4651,20689103.1
2023-06-29 03:00:00,0.4652,0.4688,0.4641,0.4669,25139835.1
2023-06-29 04:00:00,0.4669,0.4685,0.4664,0.4672,17636421.4
2023-06-29 05:00:00,0.4672,0.4675,0.4655,0.4661,18736490.8
2023-06-29 06:00:00,0.4662,0.467,0.4641,0.4647,31126811.0
2023-06-29 07:00:00,0.4648,0.4671,0.4637,0.4662,33829086.0
2023-06-29 08:00:00,0.4663,0.4675,0.4661,0.4674,16183775.2
2023-06-29 09:00:00,0.4675,0.4689,0.4672,0.4687,22835151.2
2023-06-29 10:00:00,0.4687,0.4729,0.4677,0.4724,51021749.5
2023-06-29 11:00:00,0.4723,0.4729,0.4695,0.4697,47462859.6
2023-06-29 12:00:00,0.4698,0.4727,0.4696,0.4724,34786721.7
2023-06-29 13:00:00,0.4723,0.4726,0.4679,0.4699,48119808.4
2023-06-29 14:00:00,0.47,0.4716,0.4672,0.4683,47639102.9
2023-06-29 15:00:00,0.4683,0.4709,0.4676,0.4694,20823482.6
2023-06-29 16:00:00,0.4695,0.4714,0.4692,0.4703,22461081.9
2023-06-29 17:00:00,0.4704,0.4747,0.4691,0.4716,49785554.6
2023-06-29 18:00:00,0.4716,0.4744,0.4707,0.4733,24337525.5
2023-06-29 19:00:00,0.4733,0.4754,0.473,0.4753,22622525.4
2023-06-29 20:00:00,0.4752,0.4769,0.4712,0.4742,51732000.8
2023-06-29 21:00:00,0.4742,0.4762,0.4733,0.4734,19380198.0
2023-06-29 22:00:00,0.4734,0.4755,0.4732,0.4739,19994722.4
2023-06-29 23:00:00,0.4739,0.4755,0.4729,0.4743,15530523.8
2023-06-30 00:00:00,0.4744,0.4749,0.4702,0.4705,38228328.0
2023-06-30 01:00:00,0.4705,0.4715,0.4681,0.4715,38485552.2
2023-06-30 02:00:00,0.4715,0.4764,0.4715,0.4735,54186743.9
2023-06-30 03:00:00,0.4735,0.4797,0.4733,0.4792,60905613.0
2023-06-30 04:00:00,0.4793,0.4826,0.4762,0.4783,71057358.2
2023-06-30 05:00:00,0.4784,0.4816,0.4756,0.4769,50238805.9
2023-06-30 06:00:00,0.4769,0.4776,0.4738,0.4753,36547073.8
2023-06-30 07:00:00,0.4753,0.4762,0.4721,0.4754,37324716.1
2023-06-30 08:00:00,0.4754,0.4784,0.4748,0.4771,44753057.6
2023-06-30 09:00:00,0.4772,0.4778,0.4742,0.4747,34005383.3
2023-06-30 10:00:00,0.4748,0.4819,0.4747,0.4805,72700238.1
2023-06-30 11:00:00,0.4805,0.481,0.478,0.4796,45494684.0
2023-06-30 12:00:00,0.4797,0.4823,0.4784,0.4815,47818183.3
2023-06-30 13:00:00,0.4815,0.4821,0.4484,0.4623,366834868.4
2023-06-30 14:00:00,0.4623,0.4665,0.4595,0.4632,121099726.0
2023-06-30 15:00:00,0.4632,0.4651,0.4624,0.4645,43340198.4
2023-06-30 16:00:00,0.4644,0.4707,0.4618,0.4695,90985452.4
2023-06-30 17:00:00,0.4695,0.4753,0.4692,0.474,92235098.3
2023-06-30 18:00:00,0.4741,0.4753,0.4704,0.4735,73693614.4
2023-06-30 19:00:00,0.4735,0.4778,0.4721,0.4769,37747168.8
2023-06-30 20:00:00,0.477,0.4777,0.4748,0.4759,34843742.9
2023-06-30 21:00:00,0.476,0.4772,0.4741,0.4759,20900552.4
2023-06-30 22:00:00,0.4759,0.4766,0.4733,0.4754,27664812.2
2023-06-30 23:00:00,0.4754,0.4773,0.4728,0.4729,34853992.1
2023-07-01 00:00:00,0.473,0.4732,0.4666,0.4673,83687231.8
2023-07-01 01:00:00,0.4672,0.4694,0.464,0.4693,77802087.7
2023-07-01 02:00:00,0.4692,0.472,0.4665,0.4687,48124891.6
2023-07-01 03:00:00,0.4686,0.4695,0.467,0.4691,22961458.1
2023-07-01 04:00:00,0.4691,0.4698,0.465,0.4689,45775274.5
2023-07-01 05:00:00,0.469,0.4701,0.4667,0.4683,21272779.5
2023-07-01 06:00:00,0.4682,0.4727,0.4669,0.4712,34344397.8
2023-07-01 07:00:00,0.4713,0.4714,0.4693,0.4706,24892483.7
2023-07-01 08:00:00,0.4707,0.4712,0.4681,0.469,24783186.3
2023-07-01 09:00:00,0.469,0.4708,0.4681,0.4698,19754802.4
2023-07-01 10:00:00,0.4697,0.4704,0.4681,0.4701,27020553.2
2023-07-01 11:00:00,0.4702,0.4716,0.4695,0.4704,22288662.6
2023-07-01 12:00:00,0.4705,0.4746,0.4703,0.4738,37661020.6
2023-07-01 13:00:00,0.4737,0.4748,0.4724,0.4744,31328826.0
2023-07-01 14:00:00,0.4744,0.476,0.4726,0.4733,32742019.3
2023-07-01 15:00:00,0.4733,0.4734,0.47,0.4717,48420389.5
2023-07-01 16:00:00,0.4717,0.4728,0.4704,0.4725,25641438.0
2023-07-01 17:00:00,0.4725,0.4742,0.4717,0.4737,25609563.4
2023-07-01 18:00:00,0.4737,0.4748,0.4726,0.4747,12649210.2
2023-07-01 19:00:00,0.4747,0.4752,0.4732,0.4735,10829713.9
2023-07-01 20:00:00,0.4735,0.4747,0.4735,0.474,8670790.2
2023-07-01 21:00:00,0.474,0.4743,0.4724,0.4733,9545992.3
2023-07-01 22:00:00,0.4732,0.4741,0.4716,0.4725,17963144.1
2023-07-01 23:00:00,0.4726,0.4735,0.4718,0.4732,12490697.2
2023-07-02 00:00:00,0.4732,0.4734,0.4694,0.4712,58812207.4
2023-07-02 01:00:00,0.4711,0.4732,0.4707,0.4728,28650903.2
2023-07-02 02:00:00,0.4728,0.4872,0.4723,0.4827,224580381.7
2023-07-02 03:00:00,0.4828,0.4958,0.4812,0.4934,231748858.6
2023-07-02 04:00:00,0.4935,0.4935,0.4759,0.4832,160399629.0
2023-07-02 05:00:00,0.4831,0.4851,0.4815,0.4835,60524700.8
2023-07-02 06:00:00,0.4836,0.485,0.4822,0.4832,30858230.6
2023-07-02 07:00:00,0.4832,0.4836,0.4807,0.4835,32921001.0
2023-07-02 08:00:00,0.4834,0.4837,0.4797,0.4803,28210314.3
2023-07-02 09:00:00,0.4803,0.4817,0.4788,0.48,35025514.9
2023-07-02 10:00:00,0.4801,0.4808,0.4781,0.4789,25598071.9
2023-07-02 11:00:00,0.479,0.4807,0.4784,0.4794,23220952.0
2023-07-02 12:00:00,0.4794,0.4828,0.4762,0.4824,48996301.6
2023-07-02 13:00:00,0.4824,0.4836,0.4793,0.4816,53532409.8
2023-07-02 14:00:00,0.4817,0.4924,0.4814,0.4866,137783115.0
2023-07-02 15:00:00,0.4866,0.49,0.4779,0.4836,154004860.3
2023-07-02 16:00:00,0.4836,0.4865,0.4832,0.4846,41905504.4
2023-07-02 17:00:00,0.4845,0.4874,0.4811,0.4826,56370417.4
2023-07-02 18:00:00,0.4825,0.4838,0.4802,0.4834,36025852.1
2023-07-02 19:00:00,0.4834,0.4856,0.483,0.4841,24907565.5
2023-07-02 20:00:00,0.484,0.4849,0.4825,0.4829,18709668.1
2023-07-02 21:00:00,0.483,0.4839,0.4818,0.4828,13999327.1
2023-07-02 22:00:00,0.4828,0.4865,0.4807,0.4849,61301133.0
2023-07-02 23:00:00,0.485,0.4866,0.4831,0.4843,30429229.7
2023-07-03 00:00:00,0.4843,0.4869,0.4806,0.4821,47630635.5
2023-07-03 01:00:00,0.4821,0.4834,0.4804,0.4812,38067334.4
2023-07-03 02:00:00,0.4812,0.4829,0.4791,0.4804,50358423.1
2023-07-03 03:00:00,0.4805,0.4825,0.4798,0.4823,31003030.8
2023-07-03 04:00:00,0.4824,0.4842,0.4806,0.4829,41725983.2
2023-07-03 05:00:00,0.4828,0.484,0.4819,0.4819,25980155.5
2023-07-03 06:00:00,0.482,0.4825,0.4781,0.4821,64349418.5
2023-07-03 07:00:00,0.4821,0.4824,0.4796,0.4806,39503379.3
2023-07-03 08:00:00,0.4807,0.484,0.4795,0.4837,45322683.0
2023-07-03 09:00:00,0.4836,0.4838,0.4811,0.4833,29239524.7
2023-07-03 10:00:00,0.4833,0.4842,0.4817,0.4833,39296821.6
2023-07-03 11:00:00,0.4832,0.4868,0.4831,0.4852,47279956.1
2023-07-03 12:00:00,0.4852,0.4868,0.483,0.4848,54927729.1
2023-07-03 13:00:00,0.4849,0.4853,0.4801,0.4808,61672142.3
2023-07-03 14:00:00,0.4809,0.4834,0.4802,0.4825,44151220.8
2023-07-03 15:00:00,0.4826,0.4851,0.4819,0.4847,51014743.0
2023-07-03 16:00:00,0.4848,0.485,0.4787,0.4834,71888463.9
2023-07-03 17:00:00,0.4834,0.4897,0.4828,0.4875,74054986.9
2023-07-03 18:00:00,0.4876,0.4895,0.4857,0.4882,52152159.0
2023-07-03 19:00:00,0.4883,0.4911,0.4875,0.4899,49725825.6
2023-07-03 20:00:00,0.4898,0.4906,0.487,0.4887,39253630.9
2023-07-03 21:00:00,0.4886,0.4907,0.4868,0.4884,32330712.3
2023-07-03 22:00:00,0.4884,0.4901,0.4867,0.4883,30951395.4
2023-07-03 23:00:00,0.4883,0.4899,0.4868,0.4888,25015299.8
2023-07-04 00:00:00,0.4889,0.4907,0.4878,0.4883,37456052.4
2023-07-04 01:00:00,0.4883,0.49,0.4859,0.4872,46828397.6
2023-07-04 02:00:00,0.4872,0.489,0.486,0.4881,21371368.6
2023-07-04 03:00:00,0.488,0.4937,0.4874,0.4929,62424147.6
2023-07-04 04:00:00,0.493,0.4936,0.4882,0.4892,44971239.3
2023-07-04 05:00:00,0.4892,0.4914,0.4875,0.4878,34707064.5
2023-07-04 06:00:00,0.4878,0.4904,0.4872,0.4873,38298673.6
2023-07-04 07:00:00,0.4874,0.489,0.4867,0.4874,27555547.2
2023-07-04 08:00:00,0.4874,0.4902,0.4871,0.4879,29278625.5
2023-07-04 09:00:00,0.4879,0.4891,0.4844,0.4866,63862159.6
2023-07-04 10:00:00,0.4866,0.4881,0.4854,0.4879,33794740.4
2023-07-04 11:00:00,0.4879,0.4886,0.4872,0.4882,20254093.4
2023-07-04 12:00:00,0.4883,0.4898,0.4874,0.4895,28221909.3
2023-07-04 13:00:00,0.4896,0.4896,0.4842,0.4863,50779525.3
2023-07-04 14:00:00,0.4864,0.4874,0.4853,0.4864,28956263.3
2023-07-04 15:00:00,0.4863,0.4877,0.4812,0.4838,68512932.5
2023-07-04 16:00:00,0.4838,0.4858,0.4818,0.4839,57121978.4
2023-07-04 17:00:00,0.4839,0.4865,0.4832,0.4863,36685840.9
2023-07-04 18:00:00,0.4864,0.4889,0.4858,0.4868,33744810.4
2023-07-04 19:00:00,0.4868,0.4878,0.4826,0.4865,68426184.3
2023-07-04 20:00:00,0.4865,0.4891,0.4858,0.4889,18397930.0
2023-07-04 21:00:00,0.4889,0.4893,0.4874,0.4887,15931498.4
2023-07-04 22:00:00,0.4887,0.4892,0.4867,0.4884,25963424.5
2023-07-04 23:00:00,0.4884,0.4894,0.4864,0.487,20361713.8
2023-07-05 00:00:00,0.4871,0.489,0.4864,0.4871,25064214.1
2023-07-05 01:00:00,0.4871,0.4908,0.4868,0.4891,36644362.4
2023-07-05 02:00:00,0.4892,0.4904,0.4878,0.4895,25448013.3
2023-07-05 03:00:00,0.4895,0.4917,0.4894,0.4914,21429587.4
2023-07-05 04:00:00,0.4914,0.4916,0.4897,0.4906,20786607.1
2023-07-05 05:00:00,0.4907,0.4913,0.4886,0.49,21425955.6
2023-07-05 06:00:00,0.49,0.491,0.4874,0.4874,33636900.6
2023-07-05 07:00:00,0.4874,0.4886,0.4868,0.4886,22757829.4
2023-07-05 08:00:00,0.4886,0.4889,0.4847,0.4887,45872353.1
2023-07-05 09:00:00,0.4888,0.4889,0.4825,0.4833,59904384.6
2023-07-05 10:00:00,0.4832,0.4853,0.465,0.4751,208607400.7
2023-07-05 11:00:00,0.475,0.4785,0.4742,0.4777,58994102.9
2023-07-05 12:00:00,0.4777,0.4783,0.474,0.4748,63284962.3
2023-07-05 13:00:00,0.4749,0.4778,0.4738,0.4765,36514402.2
2023-07-05 14:00:00,0.4764,0.4771,0.4753,0.4758,25102252.4
2023-07-05 15:00:00,0.4758,0.476,0.4691,0.4716,78396773.6
2023-07-05 16:00:00,0.4717,0.4737,0.4709,0.4736,20572968.2
2023-07-05 17:00:00,0.4736,0.4764,0.4729,0.476,25171059.1
2023-07-05 18:00:00,0.4759,0.477,0.4753,0.477,21037004.0
2023-07-05 19:00:00,0.477,0.4779,0.4761,0.4763,18031266.6
2023-07-05 20:00:00,0.4764,0.4778,0.4753,0.4768,16923523.9
2023-07-05 21:00:00,0.4768,0.4781,0.4762,0.477,12488375.2
2023-07-05 22:00:00,0.477,0.4784,0.4768,0.4776,16661798.7
2023-07-05 23:00:00,0.4777,0.4787,0.477,0.4773,20221938.2
2023-07-06 00:00:00,0.4774,0.4783,0.4749,0.4752,24349552.9
2023-07-06 01:00:00,0.4753,0.4763,0.4732,0.4761,29378418.8
2023-07-06 02:00:00,0.4761,0.4779,0.4757,0.4764,18376078.4
2023-07-06 03:00:00,0.4765,0.4787,0.4764,0.4777,14477371.2
2023-07-06 04:00:00,0.4778,0.4786,0.4771,0.4777,15032005.7
2023-07-06 05:00:00,0.4777,0.482,0.4769,0.4816,36652839.9
2023-07-06 06:00:00,0.4817,0.4822,0.4778,0.4786,45122888.8
2023-07-06 07:00:00,0.4786,0.4792,0.4775,0.4787,23842678.5
2023-07-06 08:00:00,0.4788,0.4823,0.4766,0.4816,64314729.2
2023-07-06 09:00:00,0.4817,0.4839,0.4791,0.4795,86191210.2
2023-07-06 10:00:00,0.4794,0.4801,0.4781,0.48,27160495.7
2023-07-06 11:00:00,0.4801,0.4806,0.473,0.4751,60398519.7
2023-07-06 12:00:00,0.475,0.4758,0.4701,0.4729,89901174.5
2023-07-06 13:00:00,0.4728,0.4744,0.4686,0.4698,49874193.3
2023-07-06 14:00:00,0.4699,0.4711,0.4607,0.4647,178288011.3
2023-07-06 15:00:00,0.4647,0.4696,0.4637,0.4694,48127810.2
2023-07-06 16:00:00,0.4693,0.4697,0.4648,0.4666,38184212.6
2023-07-06 17:00:00,0.4665,0.4673,0.4655,0.4671,19075473.1
2023-07-06 18:00:00,0.4672,0.4692,0.4666,0.4687,24388362.9
2023-07-06 19:00:00,0.4687,0.4697,0.4663,0.4675,31254462.4
2023-07-06 20:00:00,0.4674,0.4696,0.4668,0.4684,24698389.1
2023-07-06 21:00:00,0.4684,0.4691,0.4662,0.4679,17923545.7
2023-07-06 22:00:00,0.4679,0.4701,0.4663,0.4678,31512639.1
2023-07-06 23:00:00,0.4678,0.4679,0.4612,0.4618,78553197.1
2023-07-07 00:00:00,0.4617,0.4655,0.4563,0.465,99506412.0
2023-07-07 01:00:00,0.465,0.4685,0.4648,0.4672,28298712.2
2023-07-07 02:00:00,0.4672,0.4689,0.4665,0.4687,16569266.8
2023-07-07 03:00:00,0.4687,0.4692,0.4676,0.4684,11472576.3
2023-07-07 04:00:00,0.4684,0.4694,0.4681,0.4688,13741681.1
2023-07-07 05:00:00,0.4688,0.4704,0.4671,0.4693,27092798.6
2023-07-07 06:00:00,0.4694,0.4699,0.4653,0.4653,30036677.4
2023-07-07 07:00:00,0.4653,0.4662,0.4615,0.4629,36950356.1
2023-07-07 08:00:00,0.463,0.4658,0.4626,0.4653,21101230.3
2023-07-07 09:00:00,0.4653,0.4673,0.4643,0.4654,29982009.1
2023-07-07 10:00:00,0.4654,0.4661,0.4635,0.4654,18982954.7
2023-07-07 11:00:00,0.4655,0.4668,0.4653,0.4658,13775506.3
2023-07-07 12:00:00,0.4659,0.47,0.4644,0.4668,60732297.7
2023-07-07 13:00:00,0.4668,0.4684,0.4659,0.4676,20979119.7
2023-07-07 14:00:00,0.4677,0.4682,0.4656,0.4666,23335646.4
2023-07-07 15:00:00,0.4665,0.4672,0.4652,0.467,15058131.2
2023-07-07 16:00:00,0.4671,0.468,0.4658,0.4665,16516980.1
2023-07-07 17:00:00,0.4665,0.4669,0.4649,0.4653,14245709.9
2023-07-07 18:00:00,0.4653,0.4663,0.4637,0.4647,17594928.1
2023-07-07 19:00:00,0.4646,0.4674,0.4641,0.4665,14683952.9
2023-07-07 20:00:00,0.4665,0.4674,0.4658,0.4674,12026652.1
2023-07-07 21:00:00,0.4673,0.4679,0.4665,0.4665,12218015.3
2023-07-07 22:00:00,0.4666,0.4676,0.4664,0.4674,11392913.5
2023-07-07 23:00:00,0.4674,0.4684,0.4672,0.4683,16117697.4
2023-07-08 00:00:00,0.4684,0.4684,0.4661,0.4666,15315584.7
2023-07-08 01:00:00,0.4666,0.468,0.4659,0.4666,15537426.8
2023-07-08 02:00:00,0.4666,0.4679,0.4665,0.4675,12653620.1
2023-07-08 03:00:00,0.4676,0.4677,0.4661,0.4669,11738941.7
2023-07-08 04:00:00,0.4668,0.4669,0.4657,0.4661,8619056.1
2023-07-08 05:00:00,0.4662,0.467,0.4646,0.4669,13056543.0
2023-07-08 06:00:00,0.4668,0.4671,0.4651,0.4664,12737207.2
2023-07-08 07:00:00,0.4663,0.4674,0.4662,0.4667,8292645.7
2023-07-08 08:00:00,0.4668,0.4683,0.4664,0.4674,12634140.7
2023-07-08 09:00:00,0.4675,0.4684,0.4671,0.4679,15186909.0
2023-07-08 10:00:00,0.4679,0.4681,0.4672,0.4674,7182963.1
2023-07-08 11:00:00,0.4674,0.4679,0.4653,0.4672,18276820.6
2023-07-08 12:00:00,0.4673,0.468,0.4658,0.4659,16298248.9
2023-07-08 13:00:00,0.4659,0.4679,0.4658,0.4674,14991927.5
2023-07-08 14:00:00,0.4674,0.4679,0.4667,0.4673,11009320.9
2023-07-08 15:00:00,0.4674,0.4696,0.4664,0.4689,27761181.9
2023-07-08 16:00:00,0.4689,0.4746,0.4688,0.4703,107339446.2
2023-07-08 17:00:00,0.4704,0.4712,0.4693,0.47,23396461.5
2023-07-08 18:00:00,0.47,0.4716,0.4689,0.4712,19012753.1
2023-07-08 19:00:00,0.4712,0.4717,0.4666,0.4701,49701039.5
2023-07-08 20:00:00,0.4701,0.4714,0.4678,0.4691,31281290.8
2023-07-08 21:00:00,0.4691,0.4701,0.4684,0.469,11055590.5
2023-07-08 22:00:00,0.469,0.4701,0.4683,0.4698,12334030.2
2023-07-08 23:00:00,0.4698,0.4705,0.4694,0.4702,12309483.6
2023-07-09 00:00:00,0.4703,0.4708,0.4691,0.4703,14011556.8
2023-07-09 01:00:00,0.4703,0.4715,0.4695,0.4709,17610758.4
2023-07-09 02:00:00,0.4709,0.4715,0.4698,0.4703,17865502.0
2023-07-09 03:00:00,0.4704,0.4708,0.4694,0.4702,9521118.9
2023-07-09 04:00:00,0.4703,0.4707,0.4698,0.4699,8844757.5
2023-07-09 05:00:00,0.47,0.4703,0.4688,0.4694,11449454.9
2023-07-09 06:00:00,0.4694,0.4695,0.4681,0.4688,12997481.3
2023-07-09 07:00:00,0.4687,0.4694,0.4677,0.4691,14172596.7
2023-07-09 08:00:00,0.4691,0.4702,0.4683,0.47,17032491.5
2023-07-09 09:00:00,0.4699,0.47,0.4682,0.469,11513680.5
2023-07-09 10:00:00,0.4691,0.4693,0.4681,0.4682,9876319.1
2023-07-09 11:00:00,0.4683,0.4696,0.4677,0.4689,12371111.6
2023-07-09 12:00:00,0.4689,0.47,0.4687,0.4695,10314647.4
2023-07-09 13:00:00,0.4695,0.4697,0.4683,0.4686,11218472.6
2023-07-09 14:00:00,0.4685,0.4706,0.466,0.4692,45236643.9
2023-07-09 15:00:00,0.4691,0.4712,0.4684,0.4695,24617020.3
2023-07-09 16:00:00,0.4694,0.471,0.4686,0.4687,17339716.1
2023-07-09 17:00:00,0.4687,0.4705,0.468,0.47,12954741.3
2023-07-09 18:00:00,0.4701,0.4703,0.4689,0.4691,8335629.0
2023-07-09 19:00:00,0.4691,0.4697,0.4685,0.4696,6728399.9
2023-07-09 20:00:00,0.4695,0.47,0.4678,0.47,12843846.1
2023-07-09 21:00:00,0.47,0.4701,0.4668,0.4679,15643837.6
2023-07-09 22:00:00,0.4678,0.469,0.4671,0.4685,17771627.2
2023-07-09 23:00:00,0.4684,0.4686,0.4673,0.4677,9596419.3
2023-07-10 00:00:00,0.4678,0.4685,0.4618,0.4654,100187917.8
2023-07-10 01:00:00,0.4654,0.4659,0.4636,0.464,27165367.6
2023-07-10 02:00:00,0.4641,0.4683,0.464,0.4679,24277359.0
2023-07-10 03:00:00,0.4679,0.4688,0.4652,0.4656,27284102.5
2023-07-10 04:00:00,0.4657,0.4679,0.465,0.4678,18161523.2
2023-07-10 05:00:00,0.4679,0.4679,0.4654,0.4667,28657761.4
2023-07-10 06:00:00,0.4668,0.4686,0.4664,0.4685,29706338.4
2023-07-10 07:00:00,0.4684,0.4687,0.4664,0.4679,23658633.2
2023-07-10 08:00:00,0.468,0.4693,0.466,0.4664,40685778.1
2023-07-10 09:00:00,0.4663,0.4697,0.4653,0.4691,44252634.9
2023-07-10 10:00:00,0.4691,0.4736,0.4686,0.4726,55907050.9
2023-07-10 11:00:00,0.4725,0.4737,0.4696,0.4712,49857184.0
2023-07-10 12:00:00,0.4713,0.4725,0.4703,0.4709,29320932.1
2023-07-10 13:00:00,0.471,0.4727,0.4703,0.4712,28886861.5
2023-07-10 14:00:00,0.4712,0.473,0.4711,0.4718,24582873.6
2023-07-10 15:00:00,0.4718,0.4725,0.471,0.4723,19721914.9
2023-07-10 16:00:00,0.4723,0.4726,0.4704,0.4718,33275922.5
2023-07-10 17:00:00,0.4718,0.4728,0.4713,0.4727,12785633.6
2023-07-10 18:00:00,0.4727,0.4748,0.4724,0.4741,33502614.4
2023-07-10 19:00:00,0.4741,0.4793,0.4741,0.4787,84707818.3
2023-07-10 20:00:00,0.4787,0.4799,0.477,0.4783,42785826.2
2023-07-10 21:00:00,0.4783,0.479,0.4742,0.4756,35426014.3
2023-07-10 22:00:00,0.4756,0.4767,0.4733,0.4766,61105294.4
2023-07-10 23:00:00,0.4766,0.4777,0.4757,0.4775,22179032.6
2023-07-11 00:00:00,0.4775,0.4781,0.4743,0.4749,37582542.4
2023-07-11 01:00:00,0.4749,0.4762,0.4748,0.4755,23177010.0
2023-07-11 02:00:00,0.4755,0.4763,0.4744,0.4746,23048115.2
2023-07-11 03:00:00,0.4747,0.476,0.4742,0.4758,15565139.8
2023-07-11 04:00:00,0.4759,0.4763,0.4752,0.4763,15274738.9
2023-07-11 05:00:00,0.4763,0.4771,0.4752,0.4765,14714860.4
2023-07-11 06:00:00,0.4766,0.4772,0.4745,0.4763,26919410.4
2023-07-11 07:00:00,0.4764,0.4775,0.4756,0.4762,22215704.2
2023-07-11 08:00:00,0.4762,0.4772,0.4744,0.4744,23982136.6
2023-07-11 09:00:00,0.4745,0.4747,0.4718,0.4736,45949164.0
2023-07-11 10:00:00,0.4736,0.4743,0.4721,0.4735,21132617.1
2023-07-11 11:00:00,0.4734,0.4742,0.4729,0.4735,13214772.2
2023-07-11 12:00:00,0.4736,0.4742,0.473,0.4741,11308167.3
2023-07-11 13:00:00,0.4741,0.4742,0.4714,0.4727,25493018.7
2023-07-11 14:00:00,0.4728,0.474,0.4719,0.4734,21389322.0
2023-07-11 15:00:00,0.4735,0.4755,0.4726,0.4739,28830905.3
2023-07-11 16:00:00,0.474,0.4742,0.472,0.4734,21000459.3
2023-07-11 17:00:00,0.4733,0.4734,0.472,0.4723,11370231.4
2023-07-11 18:00:00,0.4722,0.4727,0.4706,0.4726,27518496.0
2023-07-11 19:00:00,0.4725,0.4736,0.4719,0.4735,17858078.3
2023-07-11 20:00:00,0.4735,0.4749,0.4731,0.4746,19445917.4
2023-07-11 21:00:00,0.4746,0.4761,0.4742,0.4757,15536572.4
2023-07-11 22:00:00,0.4757,0.4762,0.4752,0.4759,15581096.3
2023-07-11 23:00:00,0.4759,0.4765,0.4746,0.4749,18563977.9
2023-07-12 00:00:00,0.475,0.4756,0.4734,0.4736,21122916.7
2023-07-12 01:00:00,0.4736,0.4752,0.4728,0.4742,24744971.7
2023-07-12 02:00:00,0.4743,0.4757,0.4738,0.4752,15662471.2
2023-07-12 03:00:00,0.4753,0.4753,0.4739,0.4751,13581869.9
2023-07-12 04:00:00,0.4751,0.4752,0.4744,0.4748,9638256.2
2023-07-12 05:00:00,0.4748,0.4761,0.4744,0.4759,12444757.8
2023-07-12 06:00:00,0.4758,0.4762,0.4736,0.4755,31744375.5
2023-07-12 07:00:00,0.4754,0.477,0.4751,0.4752,21727793.0
2023-07-12 08:00:00,0.4753,0.4754,0.4735,0.4737,29277911.2
2023-07-12 09:00:00,0.4736,0.4743,0.4728,0.4737,21960758.5
2023-07-12 10:00:00,0.4738,0.4738,0.472,0.4724,23606499.7
2023-07-12 11:00:00,0.4724,0.4738,0.4722,0.4736,14075843.7
2023-07-12 12:00:00,0.4736,0.4764,0.4722,0.4736,77075554.1
2023-07-12 13:00:00,0.4735,0.474,0.4687,0.4726,53885773.4
2023-07-12 14:00:00,0.4726,0.4737,0.4724,0.473,22504464.7
2023-07-12 15:00:00,0.473,0.4736,0.4697,0.4708,41938668.4
2023-07-12 16:00:00,0.4707,0.4709,0.4666,0.4686,65332985.3
2023-07-12 17:00:00,0.4687,0.4705,0.4679,0.4702,18267107.3
2023-07-12 18:00:00,0.4701,0.4718,0.4701,0.4715,13128349.3
2023-07-12 19:00:00,0.4716,0.4719,0.4639,0.468,90750725.6
2023-07-12 20:00:00,0.468,0.4693,0.4675,0.4687,17545179.6
2023-07-12 21:00:00,0.4687,0.4699,0.4684,0.4696,11449123.5
2023-07-12 22:00:00,0.4697,0.4709,0.4694,0.4708,11029998.0
2023-07-12 23:00:00,0.4708,0.4712,0.47,0.4707,13844330.3
2023-07-13 00:00:00,0.4706,0.4717,0.4702,0.4706,18565357.2
2023-07-13 01:00:00,0.4706,0.4711,0.4692,0.4709,19888369.5
2023-07-13 02:00:00,0.4709,0.4725,0.4707,0.4712,18342253.3
2023-07-13 03:00:00,0.4711,0.4719,0.4703,0.4718,18179028.4
2023-07-13 04:00:00,0.4717,0.4729,0.4712,0.4718,15489358.6
2023-07-13 05:00:00,0.4718,0.4728,0.4715,0.4726,15345766.1
2023-07-13 06:00:00,0.4727,0.4729,0.4702,0.4704,35670832.6
2023-07-13 07:00:00,0.4704,0.4717,0.47,0.4712,19111565.2
2023-07-13 08:00:00,0.4712,0.4725,0.4706,0.4724,24670193.4
2023-07-13 09:00:00,0.4723,0.4729,0.471,0.4724,29010303.4
2023-07-13 10:00:00,0.4725,0.474,0.472,0.4738,22133526.5
2023-07-13 11:00:00,0.4737,0.474,0.4725,0.4733,23514644.1
2023-07-13 12:00:00,0.4732,0.4738,0.4722,0.4728,26944823.6
2023-07-13 13:00:00,0.4727,0.4738,0.4723,0.4735,15279236.6
2023-07-13 14:00:00,0.4735,0.4738,0.4715,0.4734,25124606.2
2023-07-13 15:00:00,0.4733,0.6463,0.473,0.5919,2332949307.3
2023-07-13 16:00:00,0.5919,0.6217,0.582,0.6122,1621566487.2
2023-07-13 17:00:00,0.6122,0.76,0.6105,0.7444,2779230260.5
2023-07-13 18:00:00,0.7444,0.965,0.7347,0.7884,3853675906.6
2023-07-13 19:00:00,0.7884,0.8823,0.78,0.8218,1824812474.2
2023-07-13 20:00:00,0.8218,0.8342,0.7964,0.8126,891966373.1
2023-07-13 21:00:00,0.8126,0.818,0.7665,0.7922,792836273.7
2023-07-13 22:00:00,0.7923,0.824,0.788,0.8104,541076138.3
2023-07-13 23:00:00,0.8103,0.8267,0.8071,0.8154,344474419.2
2023-07-14 00:00:00,0.8154,0.8272,0.77,0.7834,622552070.5
2023-07-14 01:00:00,0.7834,0.7854,0.722,0.7569,717138727.0
2023-07-14 02:00:00,0.7568,0.7717,0.7438,0.7698,304645445.2
2023-07-14 03:00:00,0.7698,0.7844,0.764,0.7835,237031071.4
2023-07-14 04:00:00,0.7835,0.82,0.7811,0.7906,516117053.2
2023-07-14 05:00:00,0.7906,0.7971,0.77,0.7901,284082772.1
2023-07-14 06:00:00,0.7901,0.8,0.785,0.787,194436701.0
2023-07-14 07:00:00,0.7871,0.7915,0.7626,0.7707,329005355.5
2023-07-14 08:00:00,0.7707,0.7879,0.7693,0.7858,215343462.7
2023-07-14 09:00:00,0.7858,0.7862,0.7676,0.7788,232462507.1
2023-07-14 10:00:00,0.7787,0.8029,0.7751,0.7921,393314807.2
2023-07-14 11:00:00,0.7922,0.8093,0.7861,0.7994,297249084.7
2023-07-14 12:00:00,0.7993,0.801,0.765,0.772,353086128.9
2023-07-14 13:00:00,0.7719,0.7833,0.7659,0.7796,284961200.3
2023-07-14 14:00:00,0.7796,0.7846,0.7688,0.7806,206874709.6
2023-07-14 15:00:00,0.7806,0.7873,0.7727,0.7787,204487045.0
2023-07-14 16:00:00,0.7786,0.7837,0.7333,0.7496,581360525.4
2023-07-14 17:00:00,0.7496,0.7496,0.702,0.7085,797777279.6
2023-07-14 18:00:00,0.7085,0.7184,0.6666,0.6839,985157234.9
2023-07-14 19:00:00,0.6839,0.7064,0.677,0.6999,488769846.0
2023-07-14 20:00:00,0.6998,0.7197,0.6847,0.7108,402905175.0
2023-07-14 21:00:00,0.7108,0.7265,0.7098,0.7207,258863636.5
2023-07-14 22:00:00,0.7207,0.722,0.7128,0.7182,190512688.9
2023-07-14 23:00:00,0.7183,0.7257,0.7152,0.7177,158388934.1
2023-07-15 00:00:00,0.7178,0.723,0.695,0.7045,373721219.4
2023-07-15 01:00:00,0.7044,0.7227,0.6918,0.7143,273618657.3
2023-07-15 02:00:00,0.7144,0.7163,0.7004,0.7082,201238847.0
2023-07-15 03:00:00,0.7082,0.7366,0.7062,0.7208,392432408.2
2023-07-15 04:00:00,0.7207,0.7333,0.7191,0.7226,138689461.6
2023-07-15 05:00:00,0.7226,0.7243,0.7133,0.7185,113369623.4
2023-07-15 06:00:00,0.7185,0.7307,0.7136,0.7241,154005880.1
2023-07-15 07:00:00,0.7241,0.7292,0.7201,0.725,104723573.7
2023-07-15 08:00:00,0.725,0.7261,0.7102,0.7211,166953462.7
2023-07-15 09:00:00,0.7212,0.7228,0.7152,0.7196,82048999.7
2023-07-15 10:00:00,0.7197,0.7293,0.7188,0.7215,132652577.2
2023-07-15 11:00:00,0.7214,0.7268,0.7166,0.7181,110568357.2
2023-07-15 12:00:00,0.718,0.7341,0.7175,0.7239,189352029.4
2023-07-15 13:00:00,0.7238,0.7269,0.7173,0.7243,136853661.6
2023-07-15 14:00:00,0.7244,0.7259,0.7189,0.7221,92294427.1
2023-07-15 15:00:00,0.7221,0.7249,0.7175,0.723,98445887.2
2023-07-15 16:00:00,0.7231,0.7238,0.7009,0.7067,265937375.7
2023-07-15 17:00:00,0.7067,0.7147,0.704,0.7128,123984548.2
2023-07-15 18:00:00,0.7127,0.7317,0.7106,0.725,194411490.8
2023-07-15 19:00:00,0.725,0.73,0.7215,0.7232,90050276.3
2023-07-15 20:00:00,0.7231,0.7235,0.7153,0.7171,97926609.9
2023-07-15 21:00:00,0.717,0.718,0.707,0.7171,106011118.0
2023-07-15 22:00:00,0.7172,0.7188,0.7114,0.7139,68899312.9
2023-07-15 23:00:00,0.7138,0.7147,0.7088,0.7144,60445084.7
2023-07-16 00:00:00,0.7145,0.7231,0.7112,0.7201,127478722.2
2023-07-16 01:00:00,0.7202,0.7273,0.7168,0.719,115505815.4
2023-07-16 02:00:00,0.7191,0.7245,0.698,0.7204,228560154.0
2023-07-16 03:00:00,0.7203,0.721,0.7101,0.7116,119515655.6
2023-07-16 04:00:00,0.7116,0.7129,0.7067,0.7117,78874628.5
2023-07-16 05:00:00,0.7116,0.7154,0.7101,0.7135,61857297.6
2023-07-16 06:00:00,0.7135,0.7196,0.7111,0.7156,75570084.0
2023-07-16 07:00:00,0.7156,0.718,0.7144,0.7149,47002157.1
2023-07-16 08:00:00,0.715,0.7193,0.7136,0.718,50275640.0
2023-07-16 09:00:00,0.718,0.723,0.716,0.7204,64839239.1
2023-07-16 10:00:00,0.7204,0.7625,0.7196,0.7387,790301757.7
2023-07-16 11:00:00,0.7387,0.7546,0.7333,0.7496,288095401.9
2023-07-16 12:00:00,0.7496,0.7558,0.7414,0.7481,213371678.4
2023-07-16 13:00:00,0.748,0.7501,0.742,0.7463,113229746.9
2023-07-16 14:00:00,0.7464,0.7788,0.7461,0.7684,535308665.7
2023-07-16 15:00:00,0.7684,0.7793,0.7638,0.771,300530317.7
2023-07-16 16:00:00,0.771,0.7729,0.7603,0.7652,226812956.3
2023-07-16 17:00:00,0.7652,0.7786,0.7626,0.7733,206257839.5
2023-07-16 18:00:00,0.7733,0.7899,0.7636,0.7694,532818296.6
2023-07-16 19:00:00,0.7693,0.7713,0.72,0.7417,386114209.6
2023-07-16 20:00:00,0.7417,0.7478,0.7373,0.7421,181854619.9
2023-07-16 21:00:00,0.7421,0.7591,0.7411,0.7563,151268021.5
2023-07-16 22:00:00,0.7564,0.7618,0.7533,0.7542,137179706.1
2023-07-16 23:00:00,0.7541,0.7563,0.7401,0.7463,215348812.4
2023-07-17 00:00:00,0.7463,0.7518,0.7403,0.7459,155016204.1
2023-07-17 01:00:00,0.7458,0.7589,0.7445,0.7544,106277577.9
2023-07-17 02:00:00,0.7545,0.7596,0.7504,0.753,83266293.5
2023-07-17 03:00:00,0.7529,0.7582,0.7513,0.7567,57423001.6
2023-07-17 04:00:00,0.7567,0.7571,0.7436,0.7492,104662492.3
2023-07-17 05:00:00,0.7491,0.7529,0.7441,0.7459,66439539.2
2023-07-17 06:00:00,0.746,0.7498,0.7448,0.7478,71479560.6
2023-07-17 07:00:00,0.7478,0.7545,0.7466,0.7494,93607902.4
2023-07-17 08:00:00,0.7494,0.7504,0.7412,0.7449,119019889.2
2023-07-17 09:00:00,0.7449,0.7472,0.7254,0.7319,268782303.3
2023-07-17 10:00:00,0.7319,0.7448,0.7165,0.7392,309367494.4
2023-07-17 11:00:00,0.7393,0.7432,0.734,0.7356,107363935.0
2023-07-17 12:00:00,0.7356,0.7398,0.7268,0.7392,156317045.7
2023-07-17 13:00:00,0.7392,0.7446,0.7348,0.742,99855980.5
2023-07-17 14:00:00,0.7421,0.7442,0.7379,0.7425,73383802.1
2023-07-17 15:00:00,0.7424,0.7435,0.7342,0.7388,97445730.1
2023-07-17 16:00:00,0.7388,0.7667,0.7205,0.731,621148575.1
2023-07-17 17:00:00,0.731,0.7335,0.7115,0.7259,358582719.7
2023-07-17 18:00:00,0.726,0.7292,0.715,0.7259,184668626.5
2023-07-17 19:00:00,0.7259,0.7361,0.7223,0.7338,130280212.9
2023-07-17 20:00:00,0.7338,0.7389,0.7305,0.7343,77069721.8
2023-07-17 21:00:00,0.7342,0.7464,0.7338,0.743,76276416.1
2023-07-17 22:00:00,0.743,0.7443,0.7357,0.7373,70125647.0
2023-07-17 23:00:00,0.7374,0.74,0.7363,0.737,35144590.7
2023-07-18 00:00:00,0.7369,0.7415,0.7339,0.7378,65089376.6
2023-07-18 01:00:00,0.7379,0.7397,0.7341,0.7393,46757621.7
2023-07-18 02:00:00,0.7393,0.7401,0.7362,0.7388,40467322.2
2023-07-18 03:00:00,0.7388,0.7486,0.7358,0.738,89157145.2
2023-07-18 04:00:00,0.738,0.7433,0.7365,0.7398,50831294.8
2023-07-18 05:00:00,0.7398,0.7479,0.7392,0.7435,72097571.0
2023-07-18 06:00:00,0.7436,0.7534,0.7304,0.739,254457113.6
2023-07-18 07:00:00,0.739,0.7438,0.7359,0.7411,91838746.3
2023-07-18 08:00:00,0.7411,0.7503,0.7362,0.7447,148338134.2
2023-07-18 09:00:00,0.7446,0.7475,0.738,0.7406,94901003.6
2023-07-18 10:00:00,0.7405,0.76,0.7381,0.7512,173353291.3
2023-07-18 11:00:00,0.7511,0.7643,0.7423,0.7484,323043542.3
2023-07-18 12:00:00,0.7483,0.771,0.7429,0.7603,369410529.9
2023-07-18 13:00:00,0.7602,0.7694,0.752,0.762,250631707.1
2023-07-18 14:00:00,0.762,0.7654,0.7532,0.758,187739080.6
2023-07-18 15:00:00,0.758,0.7597,0.7507,0.7581,121333423.0
2023-07-18 16:00:00,0.7581,0.7594,0.7418,0.7488,194953079.3
2023-07-18 17:00:00,0.7489,0.7556,0.7459,0.7551,122636843.5
2023-07-18 18:00:00,0.755,0.7691,0.7535,0.7662,192695125.0
2023-07-18 19:00:00,0.7662,0.7728,0.7587,0.762,158566116.0
2023-07-18 20:00:00,0.762,0.7665,0.7533,0.7627,140929971.5
2023-07-18 21:00:00,0.7627,0.7683,0.761,0.7678,72297907.5
2023-07-18 22:00:00,0.7678,0.7706,0.7626,0.7686,93483055.2
2023-07-18 23:00:00,0.7686,0.7848,0.7652,0.7776,200773968.7
2023-07-19 00:00:00,0.7776,0.7889,0.771,0.7853,200123552.5
2023-07-19 01:00:00,0.7854,0.7875,0.7775,0.7811,141144093.0
2023-07-19 02:00:00,0.7811,0.8003,0.7808,0.7988,272468540.8
2023-07-19 03:00:00,0.7988,0.8183,0.7941,0.7977,517825519.9
2023-07-19 04:00:00,0.7976,0.7996,0.7869,0.7956,250980626.8
2023-07-19 05:00:00,0.7955,0.8042,0.792,0.7995,148780631.7
2023-07-19 06:00:00,0.7995,0.8009,0.7778,0.787,248832156.5
2023-07-19 07:00:00,0.787,0.7916,0.7831,0.7889,137523587.0
2023-07-19 08:00:00,0.7889,0.79,0.7678,0.775,221228254.5
2023-07-19 09:00:00,0.7751,0.789,0.7714,0.7863,203289130.2
2023-07-19 10:00:00,0.7862,0.7986,0.7851,0.7913,207824570.1
2023-07-19 11:00:00,0.7914,0.7961,0.788,0.7947,112944806.5
2023-07-19 12:00:00,0.7947,0.8039,0.7905,0.7993,231254010.6
2023-07-19 13:00:00,0.7993,0.8134,0.791,0.8041,352957969.7
2023-07-19 14:00:00,0.804,0.8064,0.793,0.7988,260405670.4
2023-07-19 15:00:00,0.7987,0.8046,0.7953,0.7997,143364578.1
2023-07-19 16:00:00,0.7996,0.8046,0.7933,0.8017,158859436.0
2023-07-19 17:00:00,0.8016,0.8297,0.799,0.8139,452354314.5
2023-07-19 18:00:00,0.8139,0.848,0.8135,0.8317,524696410.2
2023-07-19 19:00:00,0.8317,0.8559,0.8262,0.8343,373417595.6
2023-07-19 20:00:00,0.8344,0.8373,0.8225,0.8275,231757358.3
2023-07-19 21:00:00,0.8275,0.8348,0.8203,0.8324,162820800.8
2023-07-19 22:00:00,0.8324,0.8359,0.8111,0.8171,223225648.3
2023-07-19 23:00:00,0.817,0.8251,0.8143,0.8193,108955531.7
2023-07-20 00:00:00,0.8193,0.8317,0.8158,0.8309,153140703.9
2023-07-20 01:00:00,0.8308,0.8359,0.8262,0.8314,117771905.3
2023-07-20 02:00:00,0.8314,0.8489,0.8314,0.843,242696623.0
2023-07-20 03:00:00,0.8429,0.8445,0.8275,0.8323,171391812.7
2023-07-20 04:00:00,0.8323,0.8361,0.8237,0.8275,128997345.0
2023-07-20 05:00:00,0.8274,0.843,0.8272,0.8402,158418723.7
2023-07-20 06:00:00,0.8403,0.8418,0.815,0.8219,264215200.8
2023-07-20 07:00:00,0.822,0.8233,0.8126,0.8176,175637076.8
2023-07-20 08:00:00,0.8176,0.8245,0.816,0.8171,127451229.4
2023-07-20 09:00:00,0.817,0.8182,0.8006,0.808,292317165.6
2023-07-20 10:00:00,0.808,0.8174,0.8047,0.8101,150376002.9
2023-07-20 11:00:00,0.8101,0.8165,0.8071,0.8077,114024015.9
2023-07-20 12:00:00,0.8077,0.8169,0.8039,0.8114,113437347.3
2023-07-20 13:00:00,0.8114,0.8127,0.8019,0.8071,141228215.6
2023-07-20 14:00:00,0.8071,0.8087,0.7771,0.7895,417299714.9
2023-07-20 15:00:00,0.7895,0.7941,0.7858,0.787,153367874.9
2023-07-20 16:00:00,0.7871,0.7965,0.7853,0.7935,133107333.1
2023-07-20 17:00:00,0.7935,0.7961,0.789,0.7917,80302953.4
2023-07-20 18:00:00,0.7917,0.7924,0.7856,0.7893,90934886.3
2023-07-20 19:00:00,0.7893,0.7944,0.7885,0.7924,55901335.8
2023-07-20 20:00:00,0.7925,0.7931,0.771,0.7777,212512613.1
2023-07-20 21:00:00,0.7777,0.8036,0.7756,0.8003,164691290.6
2023-07-20 22:00:00,0.8002,0.8007,0.796,0.7997,81997055.0
2023-07-20 23:00:00,0.7996,0.8004,0.7916,0.794,89444724.6
2023-07-21 00:00:00,0.7941,0.795,0.7842,0.7894,114889746.5
2023-07-21 01:00:00,0.7895,0.7954,0.7882,0.792,74588947.6
2023-07-21 02:00:00,0.7921,0.7984,0.7896,0.7968,71777069.6
2023-07-21 03:00:00,0.7969,0.7977,0.7915,0.7928,38390063.7
2023-07-21 04:00:00,0.7928,0.7945,0.7891,0.792,44235856.2
2023-07-21 05:00:00,0.792,0.7924,0.7861,0.7873,52765241.3
2023-07-21 06:00:00,0.7872,0.7911,0.7827,0.785,75326772.9
2023-07-21 07:00:00,0.7851,0.7861,0.7734,0.7788,130474874.5
2023-07-21 08:00:00,0.7789,0.7819,0.7731,0.7764,84031177.4
2023-07-21 09:00:00,0.7764,0.781,0.7587,0.7637,220937982.2
2023-07-21 10:00:00,0.7637,0.7715,0.7596,0.7675,136286379.0
2023-07-21 11:00:00,0.7676,0.7748,0.7675,0.7736,80573221.8
2023-07-21 12:00:00,0.7737,0.7797,0.7721,0.7762,94624459.1
2023-07-21 13:00:00,0.7763,0.7785,0.7718,0.773,92520608.0
2023-07-21 14:00:00,0.7731,0.7785,0.7713,0.7781,72323605.2
2023-07-21 15:00:00,0.7782,0.7794,0.7733,0.775,52472270.4
2023-07-21 16:00:00,0.775,0.7785,0.77,0.7773,93882944.6
2023-07-21 17:00:00,0.7773,0.7912,0.7764,0.7895,166032250.7
2023-07-21 18:00:00,0.7895,0.7937,0.7839,0.7855,133757348.5
2023-07-21 19:00:00,0.7855,0.7866,0.775,0.7836,116870472.4
2023-07-21 20:00:00,0.7835,0.7837,0.7794,0.7816,43638378.4
2023-07-21 21:00:00,0.7817,0.7832,0.7643,0.7736,112562117.7
2023-07-21 22:00:00,0.7737,0.7759,0.7688,0.7699,59091384.2
2023-07-21 23:00:00,0.7698,0.7742,0.769,0.7709,47966754.0
2023-07-22 00:00:00,0.7709,0.7742,0.7675,0.7714,54484494.0
2023-07-22 01:00:00,0.7714,0.7726,0.7655,0.7695,70564192.6
2023-07-22 02:00:00,0.7695,0.7757,0.7685,0.775,46868337.9
2023-07-22 03:00:00,0.775,0.7778,0.7738,0.7744,54303442.0
2023-07-22 04:00:00,0.7744,0.7757,0.7709,0.772,40276602.8
2023-07-22 05:00:00,0.772,0.774,0.7693,0.772,38948250.8
2023-07-22 06:00:00,0.772,0.7728,0.7693,0.7717,25097005.1
2023-07-22 07:00:00,0.7718,0.7757,0.7704,0.7738,38661812.7
2023-07-22 08:00:00,0.7738,0.7797,0.7723,0.7776,68437586.2
2023-07-22 09:00:00,0.7776,0.7779,0.7666,0.7703,81314665.8
2023-07-22 10:00:00,0.7702,0.7758,0.7631,0.7732,122849468.3
2023-07-22 11:00:00,0.7732,0.7748,0.7703,0.7721,42911676.0
2023-07-22 12:00:00,0.7721,0.7723,0.767,0.768,51099419.2
2023-07-22 13:00:00,0.768,0.7705,0.7657,0.7677,44839078.5
2023-07-22 14:00:00,0.7678,0.77,0.7635,0.7661,57159426.8
2023-07-22 15:00:00,0.766,0.7685,0.7606,0.7672,92535966.3
2023-07-22 16:00:00,0.7671,0.7708,0.7622,0.7672,71315832.8
2023-07-22 17:00:00,0.7672,0.7703,0.764,0.7662,39130345.0
2023-07-22 18:00:00,0.7662,0.7663,0.7403,0.7463,312526646.9
2023-07-22 19:00:00,0.7462,0.7494,0.7422,0.7472,100012139.6
2023-07-22 20:00:00,0.7472,0.7528,0.7442,0.7523,81211609.0
2023-07-22 21:00:00,0.7523,0.754,0.75,0.7529,51922712.8
2023-07-22 22:00:00,0.7528,0.753,0.746,0.7481,62840359.0
2023-07-22 23:00:00,0.7482,0.7486,0.7174,0.7326,263131716.6
2023-07-23 00:00:00,0.7326,0.7339,0.7143,0.7219,220170334.7
2023-07-23 01:00:00,0.7218,0.7357,0.7216,0.7321,123574527.0
2023-07-23 02:00:00,0.7321,0.7366,0.7301,0.7335,67550034.8
2023-07-23 03:00:00,0.7336,0.7374,0.7308,0.7346,47907889.3
2023-07-23 04:00:00,0.7346,0.7449,0.7345,0.7413,99265397.8
2023-07-23 05:00:00,0.7413,0.7452,0.7383,0.742,79203354.4
2023-07-23 06:00:00,0.7421,0.7441,0.7386,0.7416,52879206.5
2023-07-23 07:00:00,0.7415,0.7424,0.7361,0.7382,55029693.6
2023-07-23 08:00:00,0.7381,0.7477,0.7353,0.7419,92765614.1
2023-07-23 09:00:00,0.742,0.7439,0.7362,0.738,59015955.0
2023-07-23 10:00:00,0.7381,0.7428,0.7373,0.7417,46955374.9
2023-07-23 11:00:00,0.7418,0.7444,0.7402,0.7406,46978969.0
2023-07-23 12:00:00,0.7406,0.7427,0.7361,0.7399,49117128.0
2023-07-23 13:00:00,0.7398,0.7399,0.7355,0.7382,39875596.4
2023-07-23 14:00:00,0.7382,0.741,0.7365,0.7404,32401285.8
2023-07-23 15:00:00,0.7403,0.7428,0.7383,0.7399,37486582.1
2023-07-23 16:00:00,0.7399,0.7452,0.7383,0.7417,53723989.7
2023-07-23 17:00:00,0.7417,0.7495,0.7402,0.7478,77899670.8
2023-07-23 18:00:00,0.7478,0.7487,0.7427,0.7471,67833738.5
2023-07-23 19:00:00,0.7471,0.7516,0.73,0.7369,133131076.4
2023-07-23 20:00:00,0.737,0.7413,0.736,0.7406,46535781.3
2023-07-23 21:00:00,0.7407,0.7407,0.7318,0.7336,47064970.0
2023-07-23 22:00:00,0.7337,0.7382,0.7331,0.7347,25511443.3
2023-07-23 23:00:00,0.7348,0.7389,0.7347,0.7379,24474987.5
2023-07-24 00:00:00,0.7379,0.7424,0.7344,0.7386,47619833.2
2023-07-24 01:00:00,0.7386,0.7396,0.7309,0.7341,65732354.1
2023-07-24 02:00:00,0.7341,0.7343,0.722,0.7296,123799337.9
2023-07-24 03:00:00,0.7296,0.7325,0.7265,0.7276,50645576.7
2023-07-24 04:00:00,0.7276,0.7325,0.721,0.7311,76763708.2
2023-07-24 05:00:00,0.7311,0.7328,0.7299,0.7311,29374044.9
2023-07-24 06:00:00,0.7311,0.7313,0.7229,0.7237,53695169.2
2023-07-24 07:00:00,0.7237,0.7295,0.7178,0.7236,124865490.4
2023-07-24 08:00:00,0.7237,0.7237,0.7118,0.7167,170022801.5
2023-07-24 09:00:00,0.7166,0.7209,0.676,0.6931,347090400.0
2023-07-24 10:00:00,0.6932,0.7032,0.69,0.6989,208122866.3
2023-07-24 11:00:00,0.699,0.701,0.6911,0.6927,101670925.9
2023-07-24 12:00:00,0.6927,0.6991,0.6863,0.6973,164244952.5
2023-07-24 13:00:00,0.6972,0.6995,0.6913,0.6955,91051745.3
2023-07-24 14:00:00,0.6955,0.6964,0.6883,0.6893,114035322.8
2023-07-24 15:00:00,0.6893,0.6947,0.6812,0.6939,198465203.4
2023-07-24 16:00:00,0.6939,0.7055,0.6933,0.6991,184328317.3
2023-07-24 17:00:00,0.6991,0.7033,0.6963,0.7008,81692140.4
2023-07-24 18:00:00,0.7008,0.7086,0.6986,0.7072,76416355.0
2023-07-24 19:00:00,0.7073,0.7082,0.7013,0.7033,56063384.2
2023-07-24 20:00:00,0.7033,0.707,0.6974,0.7019,60983895.8
2023-07-24 21:00:00,0.7019,0.7067,0.7005,0.7057,33869198.1
2023-07-24 22:00:00,0.7058,0.7077,0.7004,0.7032,45093102.4
2023-07-24 23:00:00,0.7031,0.7054,0.7008,0.7017,29398976.5
2023-07-25 00:00:00,0.7016,0.7027,0.6937,0.6968,81161668.7
2023-07-25 01:00:00,0.6969,0.6986,0.694,0.6972,58477365.5
2023-07-25 02:00:00,0.6972,0.6996,0.6934,0.6939,57277544.2
2023-07-25 03:00:00,0.6939,0.6966,0.689,0.6965,62210814.6
2023-07-25 04:00:00,0.6966,0.6973,0.69,0.6917,48015643.5
2023-07-25 05:00:00,0.6917,0.6962,0.691,0.6937,52986562.8
2023-07-25 06:00:00,0.6937,0.6941,0.685,0.688,91960009.8
2023-07-25 07:00:00,0.6879,0.6904,0.6735,0.6799,176321870.5
2023-07-25 08:00:00,0.6799,0.6872,0.6775,0.6867,105216487.8
2023-07-25 09:00:00,0.6866,0.6938,0.6856,0.6902,113692130.0
2023-07-25 10:00:00,0.6902,0.691,0.6878,0.6902,51782962.8
2023-07-25 11:00:00,0.6902,0.6904,0.6837,0.6853,60728648.0
2023-07-25 12:00:00,0.6852,0.6918,0.6849,0.6891,61308030.9
2023-07-25 13:00:00,0.6892,0.7046,0.6875,0.7022,212857565.8
2023-07-25 14:00:00,0.7022,0.708,0.6953,0.6964,213969028.8
2023-07-25 15:00:00,0.6963,0.703,0.6947,0.6998,86688727.5
2023-07-25 16:00:00,0.6998,0.7052,0.6963,0.6982,92262279.6
2023-07-25 17:00:00,0.6982,0.707,0.695,0.7054,97434845.8
2023-07-25 18:00:00,0.7055,0.7056,0.6982,0.7004,81390797.0
2023-07-25 19:00:00,0.7005,0.7048,0.6991,0.7003,45089364.4
2023-07-25 20:00:00,0.7002,0.7035,0.697,0.703,50674856.6
2023-07-25 21:00:00,0.7029,0.713,0.7016,0.7088,110415656.4
2023-07-25 22:00:00,0.7088,0.716,0.707,0.7106,93152628.8
2023-07-25 23:00:00,0.7106,0.7125,0.7077,0.7084,51004241.5
2023-07-26 00:00:00,0.7084,0.7109,0.7051,0.709,60133726.6
2023-07-26 01:00:00,0.709,0.7091,0.7008,0.7045,63871502.1
2023-07-26 02:00:00,0.7044,0.7109,0.7028,0.7108,42464346.9
2023-07-26 03:00:00,0.7108,0.715,0.7088,0.7106,65637377.6
2023-07-26 04:00:00,0.7107,0.7108,0.7041,0.7054,44534764.1
2023-07-26 05:00:00,0.7054,0.7079,0.7041,0.7076,32699478.5
2023-07-26 06:00:00,0.7076,0.7077,0.6979,0.7001,79923642.1
2023-07-26 07:00:00,0.7001,0.7013,0.6963,0.7001,59830220.1
2023-07-26 08:00:00,0.7001,0.7026,0.6993,0.7013,36547756.3
2023-07-26 09:00:00,0.7013,0.7036,0.6919,0.6961,84686631.4
2023-07-26 10:00:00,0.6961,0.6993,0.6949,0.6968,53641661.3
2023-07-26 11:00:00,0.6967,0.6997,0.696,0.6975,32201710.1
2023-07-26 12:00:00,0.6974,0.7035,0.6961,0.7014,55622998.1
2023-07-26 13:00:00,0.7014,0.7034,0.6978,0.702,53016050.1
2023-07-26 14:00:00,0.702,0.706,0.7002,0.7025,63537893.5
2023-07-26 15:00:00,0.7025,0.7052,0.7017,0.7034,37063731.4
2023-07-26 16:00:00,0.7034,0.7069,0.699,0.7015,72116112.3
2023-07-26 17:00:00,0.7015,0.7029,0.6944,0.6979,66894933.8
2023-07-26 18:00:00,0.6979,0.7188,0.6966,0.7136,345293115.8
2023-07-26 19:00:00,0.7137,0.7146,0.7006,0.7137,196240058.3
2023-07-26 20:00:00,0.7138,0.7298,0.7111,0.7252,223298620.0
2023-07-26 21:00:00,0.7252,0.7311,0.7168,0.7187,137990470.0
2023-07-26 22:00:00,0.7186,0.72,0.715,0.7184,68204012.6
2023-07-26 23:00:00,0.7185,0.7205,0.7125,0.7156,58935489.8
2023-07-27 00:00:00,0.7156,0.7159,0.7077,0.7092,61661275.8
2023-07-27 01:00:00,0.7092,0.7139,0.7083,0.7132,31998504.3
2023-07-27 02:00:00,0.7132,0.7184,0.711,0.7181,40877685.7
2023-07-27 03:00:00,0.7181,0.7215,0.7165,0.7175,42987919.5
2023-07-27 04:00:00,0.7174,0.7213,0.7171,0.718,28972286.9
2023-07-27 05:00:00,0.718,0.7199,0.7144,0.715,38805510.7
2023-07-27 06:00:00,0.715,0.7164,0.7108,0.711,54273334.9
2023-07-27 07:00:00,0.7109,0.7149,0.71,0.7112,50798087.0
2023-07-27 08:00:00,0.7112,0.7154,0.7094,0.7148,45361898.0
2023-07-27 09:00:00,0.7148,0.719,0.7133,0.7169,53346190.8
2023-07-27 10:00:00,0.7168,0.7172,0.7132,0.7145,40982873.2
2023-07-27 11:00:00,0.7144,0.7166,0.7134,0.7158,28229463.1
2023-07-27 12:00:00,0.7159,0.7191,0.7142,0.7169,52300568.2
2023-07-27 13:00:00,0.7168,0.7189,0.7136,0.7177,40867100.5
2023-07-27 14:00:00,0.7177,0.718,0.7103,0.7116,79862744.2
2023-07-27 15:00:00,0.7117,0.7327,0.7055,0.721,259071662.0
2023-07-27 16:00:00,0.7209,0.7284,0.7169,0.7232,164859364.9
2023-07-27 17:00:00,0.7231,0.7245,0.7192,0.7221,69503210.8
2023-07-27 18:00:00,0.7222,0.7226,0.7095,0.7154,150943066.3
2023-07-27 19:00:00,0.7154,0.7196,0.71,0.7131,70816816.2
2023-07-27 20:00:00,0.7131,0.7155,0.7069,0.7119,76503862.4
2023-07-27 21:00:00,0.712,0.7157,0.7113,0.7146,36744020.2
2023-07-27 22:00:00,0.7146,0.7159,0.7129,0.7136,26680205.1
2023-07-27 23:00:00,0.7136,0.7143,0.7116,0.7136,20232113.7
2023-07-28 00:00:00,0.7135,0.7187,0.7107,0.7163,45518424.0
2023-07-28 01:00:00,0.7162,0.7177,0.7142,0.7166,27772244.5
2023-07-28 02:00:00,0.7166,0.7173,0.7121,0.7149,28135852.2
2023-07-28 03:00:00,0.7148,0.7164,0.7129,0.7141,25087001.8
2023-07-28 04:00:00,0.714,0.7149,0.7124,0.714,20562546.2
2023-07-28 05:00:00,0.714,0.7144,0.7072,0.7103,56800150.0
2023-07-28 06:00:00,0.7104,0.7106,0.7045,0.7063,63942581.2
2023-07-28 07:00:00,0.7063,0.7095,0.7053,0.7057,35927825.6
2023-07-28 08:00:00,0.7057,0.7094,0.7015,0.7085,55308435.1
2023-07-28 09:00:00,0.7084,0.713,0.7083,0.7119,46248114.9
2023-07-28 10:00:00,0.7119,0.7125,0.7097,0.7112,30594373.0
2023-07-28 11:00:00,0.7112,0.7117,0.708,0.7091,36833763.1
2023-07-28 12:00:00,0.7092,0.7142,0.709,0.7131,51574524.8
2023-07-28 13:00:00,0.7131,0.7133,0.7093,0.7113,34755531.6
2023-07-28 14:00:00,0.7113,0.7175,0.7113,0.7148,82697059.8
2023-07-28 15:00:00,0.7149,0.716,0.7102,0.7123,46447456.9
2023-07-28 16:00:00,0.7123,0.715,0.7106,0.7122,37910717.3
2023-07-28 17:00:00,0.7123,0.7126,0.7079,0.7103,50856064.6
2023-07-28 18:00:00,0.7103,0.7142,0.7096,0.7131,25318622.6
2023-07-28 19:00:00,0.7131,0.7142,0.7107,0.7117,23863508.9
2023-07-28 20:00:00,0.7116,0.713,0.7095,0.7125,19792079.5
2023-07-28 21:00:00,0.7125,0.7125,0.7103,0.7108,10476495.8
2023-07-28 22:00:00,0.7107,0.7127,0.7102,0.7114,13277722.1
2023-07-28 23:00:00,0.7114,0.7135,0.7112,0.7116,12271155.1
2023-07-29 00:00:00,0.7115,0.7123,0.7092,0.7103,23604406.9
2023-07-29 01:00:00,0.7103,0.7128,0.7096,0.712,16655288.9
2023-07-29 02:00:00,0.712,0.7126,0.7101,0.7114,12752857.3
2023-07-29 03:00:00,0.7114,0.7126,0.7105,0.7106,11102445.4
2023-07-29 04:00:00,0.7107,0.7123,0.7104,0.7113,11849394.1
2023-07-29 05:00:00,0.7113,0.7143,0.7113,0.7134,16170504.8
2023-07-29 06:00:00,0.7134,0.7154,0.7118,0.7131,30564723.9
2023-07-29 07:00:00,0.7132,0.7141,0.7106,0.7113,19530821.5
2023-07-29 08:00:00,0.7113,0.7124,0.7098,0.71,19019901.0
2023-07-29 09:00:00,0.7099,0.7119,0.7029,0.7071,74107948.3
2023-07-29 10:00:00,0.7071,0.7084,0.7057,0.7079,31365703.2
2023-07-29 11:00:00,0.7079,0.7097,0.7075,0.7079,24529444.2
2023-07-29 12:00:00,0.708,0.7104,0.7073,0.7092,23008047.4
2023-07-29 13:00:00,0.7092,0.7104,0.708,0.709,15468941.1
2023-07-29 14:00:00,0.7089,0.7098,0.7067,0.7079,16030412.2
2023-07-29 15:00:00,0.7078,0.7088,0.7068,0.7079,17593049.4
2023-07-29 16:00:00,0.708,0.7088,0.7071,0.7088,14050947.5
2023-07-29 17:00:00,0.7087,0.7134,0.7083,0.7119,43551938.4
2023-07-29 18:00:00,0.712,0.7122,0.7085,0.7098,32088769.4
2023-07-29 19:00:00,0.7098,0.7144,0.7098,0.7141,41199793.5
2023-07-29 20:00:00,0.7141,0.7156,0.7123,0.7132,33860481.9
2023-07-29 21:00:00,0.7133,0.714,0.7107,0.7115,22032624.8
2023-07-29 22:00:00,0.7116,0.7127,0.7111,0.7125,14605847.7
2023-07-29 23:00:00,0.7124,0.7136,0.7114,0.712,14668289.3
2023-07-30 00:00:00,0.712,0.7121,0.7088,0.7108,26940774.1
2023-07-30 01:00:00,0.7107,0.7107,0.7083,0.7092,15104976.3
2023-07-30 02:00:00,0.7093,0.7101,0.7089,0.71,9725282.3
2023-07-30 03:00:00,0.7101,0.711,0.7097,0.7097,9751662.5
2023-07-30 04:00:00,0.7097,0.7113,0.7092,0.7111,9889163.3
2023-07-30 05:00:00,0.7111,0.7119,0.7096,0.7101,11892422.5
2023-07-30 06:00:00,0.71,0.7102,0.7088,0.7095,17615352.3
2023-07-30 07:00:00,0.7094,0.7104,0.7085,0.71,11658318.9
2023-07-30 08:00:00,0.7101,0.713,0.7097,0.7123,20353021.3
2023-07-30 09:00:00,0.7123,0.7132,0.711,0.7129,20573678.5
2023-07-30 10:00:00,0.7129,0.7359,0.7128,0.7215,319641781.8
2023-07-30 11:00:00,0.7216,0.7237,0.716,0.7193,104968107.1
2023-07-30 12:00:00,0.7194,0.7227,0.7181,0.721,51730354.6
2023-07-30 13:00:00,0.7209,0.7218,0.7165,0.7187,53601425.9
2023-07-30 14:00:00,0.7187,0.7204,0.7148,0.7184,85887513.7
2023-07-30 15:00:00,0.7183,0.7202,0.711,0.7144,79012803.2
2023-07-30 16:00:00,0.7144,0.7168,0.7133,0.7162,46718077.1
2023-07-30 17:00:00,0.7161,0.7173,0.7155,0.7169,23568809.1
2023-07-30 18:00:00,0.7168,0.7174,0.7143,0.7157,19521929.9
2023-07-30 19:00:00,0.7158,0.7166,0.6967,0.703,127895172.9
2023-07-30 20:00:00,0.703,0.7067,0.68,0.7058,243340646.4
2023-07-30 21:00:00,0.7058,0.7059,0.7026,0.7038,37313993.2
2023-07-30 22:00:00,0.7037,0.7042,0.6988,0.7012,51403591.3
2023-07-30 23:00:00,0.7012,0.7059,0.7009,0.7045,35591103.3
2023-07-31 00:00:00,0.7044,0.7115,0.7021,0.7098,62240542.2
2023-07-31 01:00:00,0.7097,0.7107,0.7058,0.7077,31178747.9
2023-07-31 02:00:00,0.7077,0.7097,0.7066,0.7078,22228889.4
2023-07-31 03:00:00,0.7077,0.708,0.7048,0.7061,27385892.2
2023-07-31 04:00:00,0.7062,0.7063,0.7011,0.7039,44385147.2
2023-07-31 05:00:00,0.7039,0.7071,0.7038,0.7053,23533608.0
2023-07-31 06:00:00,0.7053,0.7075,0.7043,0.7059,30998736.9
2023-07-31 07:00:00,0.7059,0.7079,0.7044,0.7047,25684156.8
2023-07-31 08:00:00,0.7048,0.7055,0.7032,0.7051,33521243.4
2023-07-31 09:00:00,0.7051,0.7059,0.7016,0.7029,34855902.7
2023-07-31 10:00:00,0.7029,0.7045,0.7013,0.7044,26515480.4
2023-07-31 11:00:00,0.7044,0.7045,0.7026,0.7041,19149437.5
2023-07-31 12:00:00,0.7041,0.7068,0.7031,0.7066,40259016.9
2023-07-31 13:00:00,0.7066,0.7068,0.6915,0.6999,84378096.4
2023-07-31 14:00:00,0.7,0.7016,0.6973,0.6991,63540917.7
2023-07-31 15:00:00,0.6991,0.7004,0.6943,0.6962,66836163.9
2023-07-31 16:00:00,0.6961,0.6988,0.6916,0.698,75900783.8
2023-07-31 17:00:00,0.6979,0.7042,0.6977,0.7028,60381801.8
2023-07-31 18:00:00,0.7028,0.704,0.6998,0.7015,39188871.7
2023-07-31 19:00:00,0.7015,0.72,0.7001,0.7147,218616301.9
2023-07-31 20:00:00,0.7146,0.7201,0.6953,0.6997,254937099.0
2023-07-31 21:00:00,0.6996,0.7047,0.6829,0.6977,243580073.2
2023-07-31 22:00:00,0.6976,0.6997,0.695,0.6982,48157044.6
2023-07-31 23:00:00,0.6983,0.6999,0.6971,0.6973,31944929.7
2023-08-01 00:00:00,0.6973,0.6974,0.6925,0.6951,75362140.0
2023-08-01 01:00:00,0.6952,0.6968,0.6901,0.6938,81193722.9
2023-08-01 02:00:00,0.6938,0.6943,0.671,0.6856,174052662.4
2023-08-01 03:00:00,0.6857,0.688,0.6836,0.6872,49772010.9
2023-08-01 04:00:00,0.6872,0.6914,0.6869,0.6905,51566904.0
2023-08-01 05:00:00,0.6905,0.6924,0.689,0.6906,27441625.8
2023-08-01 06:00:00,0.6906,0.6907,0.6859,0.6866,52897993.5
2023-08-01 07:00:00,0.6866,0.6915,0.6866,0.6898,34196222.9
2023-08-01 08:00:00,0.6899,0.6922,0.6893,0.6915,33304264.3
2023-08-01 09:00:00,0.6914,0.6914,0.6887,0.6902,30147851.1
2023-08-01 10:00:00,0.6903,0.691,0.6888,0.6893,19812286.1
2023-08-01 11:00:00,0.6893,0.6898,0.6868,0.6874,32698973.5
2023-08-01 12:00:00,0.6873,0.6905,0.6844,0.6895,59238154.4
2023-08-01 13:00:00,0.6895,0.6919,0.6888,0.6898,37525148.0
2023-08-01 14:00:00,0.6899,0.6982,0.688,0.6913,112929368.4
2023-08-01 15:00:00,0.6914,0.6937,0.6806,0.6935,136446303.6
2023-08-01 16:00:00,0.6936,0.6976,0.6905,0.6922,87185834.5
2023-08-01 17:00:00,0.6921,0.6961,0.6911,0.6946,33257925.0
2023-08-01 18:00:00,0.6946,0.7011,0.6945,0.7011,73083613.5
2023-08-01 19:00:00,0.7011,0.7033,0.6979,0.6995,76222145.5
2023-08-01 20:00:00,0.6994,0.6998,0.6971,0.6994,26912089.6
2023-08-01 21:00:00,0.6994,0.7055,0.6989,0.704,48497663.5
2023-08-01 22:00:00,0.704,0.7057,0.7012,0.7033,42089433.9
2023-08-01 23:00:00,0.7033,0.708,0.7031,0.7066,75087489.7
2023-08-02 00:00:00,0.7066,0.7079,0.7014,0.7031,64173995.6
2023-08-02 01:00:00,0.7031,0.7063,0.7003,0.7006,71354619.1
2023-08-02 02:00:00,0.7005,0.7019,0.6992,0.7011,36817838.9
2023-08-02 03:00:00,0.7011,0.7021,0.6991,0.7002,28921438.8
2023-08-02 04:00:00,0.7001,0.7014,0.6989,0.6995,30500565.0
2023-08-02 05:00:00,0.6996,0.6996,0.6962,0.6982,36975914.3
2023-08-02 06:00:00,0.6982,0.6986,0.6931,0.6933,39060395.3
2023-08-02 07:00:00,0.6933,0.6962,0.6932,0.6943,35031736.2
2023-08-02 08:00:00,0.6943,0.6957,0.6919,0.6943,45787812.4
2023-08-02 09:00:00,0.6944,0.6955,0.6936,0.6939,23908557.8
2023-08-02 10:00:00,0.6939,0.6975,0.6934,0.6971,27541709.4
2023-08-02 11:00:00,0.697,0.6973,0.6957,0.6958,17595139.4
2023-08-02 12:00:00,0.6958,0.696,0.6925,0.6941,29256047.8
2023-08-02 13:00:00,0.6941,0.6942,0.6901,0.6923,50809053.4
2023-08-02 14:00:00,0.6924,0.6926,0.6799,0.6859,155968290.9
2023-08-02 15:00:00,0.6858,0.6876,0.6818,0.6869,81309844.8
2023-08-02 16:00:00,0.6869,0.6883,0.675,0.6803,133944535.5
2023-08-02 17:00:00,0.6803,0.6863,0.6792,0.6834,65744325.7
2023-08-02 18:00:00,0.6833,0.6853,0.6826,0.6839,23108885.0
2023-08-02 19:00:00,0.6838,0.6877,0.6832,0.6863,29210436.5
2023-08-02 20:00:00,0.6863,0.6871,0.6854,0.6863,15233153.3
2023-08-02 21:00:00,0.6863,0.6887,0.6831,0.6882,24115202.6
2023-08-02 22:00:00,0.6882,0.6889,0.6861,0.6863,26743487.4
2023-08-02 23:00:00,0.6863,0.6866,0.6843,0.6846,21009980.6
2023-08-03 00:00:00,0.6845,0.6873,0.6831,0.6831,28796943.3
2023-08-03 01:00:00,0.6832,0.6857,0.6826,0.6854,26950117.4
2023-08-03 02:00:00,0.6855,0.6862,0.6802,0.6828,37269307.1
2023-08-03 03:00:00,0.6829,0.6833,0.6807,0.6826,16504126.6
2023-08-03 04:00:00,0.6825,0.6828,0.678,0.6811,32717174.8
2023-08-03 05:00:00,0.6811,0.6826,0.6792,0.682,24639041.0
2023-08-03 06:00:00,0.682,0.6823,0.6628,0.669,178439070.5
2023-08-03 07:00:00,0.669,0.6735,0.6689,0.67,81981931.4
2023-08-03 08:00:00,0.67,0.6707,0.6539,0.6616,241120931.9
2023-08-03 09:00:00,0.6616,0.6657,0.6602,0.6636,60927909.9
2023-08-03 10:00:00,0.6636,0.6667,0.6631,0.6658,49747912.8
2023-08-03 11:00:00,0.6658,0.6665,0.6641,0.6655,29456886.7
2023-08-03 12:00:00,0.6655,0.6661,0.6592,0.6618,66234874.6
2023-08-03 13:00:00,0.6618,0.6679,0.6616,0.6673,75794170.1
2023-08-03 14:00:00,0.6672,0.6733,0.6666,0.672,103648493.2
2023-08-03 15:00:00,0.672,0.673,0.668,0.6707,62085908.7
2023-08-03 16:00:00,0.6707,0.6765,0.668,0.6734,62863807.1
2023-08-03 17:00:00,0.6734,0.6759,0.6706,0.6711,60534886.1
2023-08-03 18:00:00,0.671,0.6733,0.6699,0.673,35938442.7
2023-08-03 19:00:00,0.6731,0.6754,0.6725,0.6738,31496913.5
2023-08-03 20:00:00,0.6738,0.6774,0.6715,0.6719,36524673.4
2023-08-03 21:00:00,0.6719,0.6736,0.6651,0.6682,40817598.7
2023-08-03 22:00:00,0.6681,0.6696,0.6586,0.6665,120736327.3
2023-08-03 23:00:00,0.6665,0.6675,0.6626,0.6627,41393390.8
2023-08-04 00:00:00,0.6627,0.6658,0.6605,0.6646,73977903.6
2023-08-04 01:00:00,0.6647,0.6672,0.6633,0.6649,39631703.5
2023-08-04 02:00:00,0.6649,0.6665,0.6631,0.6632,31426685.1
2023-08-04 03:00:00,0.6632,0.665,0.6622,0.6646,23714762.3
2023-08-04 04:00:00,0.6645,0.6663,0.6621,0.666,29682784.7
2023-08-04 05:00:00,0.666,0.6671,0.6639,0.6666,27872263.4
2023-08-04 06:00:00,0.6666,0.6671,0.6559,0.6592,103196255.5
2023-08-04 07:00:00,0.6591,0.6612,0.6572,0.659,56771039.4
2023-08-04 08:00:00,0.6589,0.6627,0.6554,0.6599,81057133.3
2023-08-04 09:00:00,0.6598,0.6623,0.6593,0.6623,34199969.5
2023-08-04 10:00:00,0.6623,0.6623,0.6579,0.6586,34570437.5
2023-08-04 11:00:00,0.6586,0.6596,0.6562,0.6577,33960561.3
2023-08-04 12:00:00,0.6577,0.6663,0.656,0.663,136951121.6
2023-08-04 13:00:00,0.663,0.6662,0.661,0.6629,77441956.5
2023-08-04 14:00:00,0.6629,0.6657,0.6604,0.6646,63970657.1
2023-08-04 15:00:00,0.6647,0.665,0.6622,0.6631,27244092.9
2023-08-04 16:00:00,0.6632,0.6675,0.6631,0.6662,51644814.6
2023-08-04 17:00:00,0.6662,0.6665,0.662,0.6621,31185047.6
2023-08-04 18:00:00,0.6621,0.6626,0.6489,0.6547,168171693.2
2023-08-04 19:00:00,0.6547,0.6563,0.6521,0.6538,58616387.8
2023-08-04 20:00:00,0.6539,0.6555,0.6211,0.6349,311347103.8
2023-08-04 21:00:00,0.635,0.6403,0.6273,0.63,132185400.4
2023-08-04 22:00:00,0.6299,0.638,0.6299,0.6366,88400174.0
2023-08-04 23:00:00,0.6366,0.6383,0.6345,0.6353,47244946.1
2023-08-05 00:00:00,0.6353,0.6356,0.6283,0.6311,82793902.5
2023-08-05 01:00:00,0.6312,0.6333,0.6102,0.6151,263046040.6
2023-08-05 02:00:00,0.6152,0.6205,0.6144,0.6192,94565539.9
2023-08-05 03:00:00,0.6193,0.6237,0.6189,0.6234,68106448.6
2023-08-05 04:00:00,0.6234,0.6245,0.6198,0.6207,60014371.3
2023-08-05 05:00:00,0.6207,0.6251,0.6182,0.6245,56794451.1
2023-08-05 06:00:00,0.6245,0.6248,0.6221,0.6226,34759428.7
2023-08-05 07:00:00,0.6225,0.6248,0.6223,0.6235,24326261.1
2023-08-05 08:00:00,0.6235,0.6293,0.6225,0.627,51196116.5
2023-08-05 09:00:00,0.627,0.6304,0.6257,0.6284,55466473.5
2023-08-05 10:00:00,0.6283,0.6287,0.6264,0.6279,23859387.9
2023-08-05 11:00:00,0.6279,0.6326,0.6262,0.6269,51741979.0
2023-08-05 12:00:00,0.6268,0.6271,0.6237,0.6251,58564463.9
2023-08-05 13:00:00,0.6251,0.6274,0.6241,0.6251,38714216.6
2023-08-05 14:00:00,0.6251,0.6293,0.625,0.6283,61226586.3
2023-08-05 15:00:00,0.6284,0.6288,0.6203,0.6241,128317125.8
2023-08-05 16:00:00,0.6241,0.6245,0.6187,0.6219,64253119.4
2023-08-05 17:00:00,0.6219,0.6272,0.6218,0.6259,44384023.6
2023-08-05 18:00:00,0.6259,0.6323,0.625,0.6305,61103140.6
2023-08-05 19:00:00,0.6305,0.6309,0.6268,0.6272,36829008.1
2023-08-05 20:00:00,0.6272,0.6285,0.6247,0.6255,23881782.6
2023-08-05 21:00:00,0.6254,0.6285,0.6252,0.6265,18889777.5
2023-08-05 22:00:00,0.6265,0.63,0.6257,0.6298,29457680.7
2023-08-05 23:00:00,0.6298,0.6299,0.6274,0.6285,24228054.7
2023-08-06 00:00:00,0.6286,0.6369,0.6265,0.632,94338148.8
2023-08-06 01:00:00,0.632,0.6325,0.6288,0.6291,32502405.1
2023-08-06 02:00:00,0.6292,0.6361,0.6288,0.6332,54895511.4
2023-08-06 03:00:00,0.6332,0.6358,0.6319,0.6356,26081540.3
2023-08-06 04:00:00,0.6356,0.6387,0.6337,0.6354,44709923.5
2023-08-06 05:00:00,0.6354,0.6357,0.6328,0.6353,25387815.6
2023-08-06 06:00:00,0.6352,0.6353,0.6315,0.633,27897558.8
2023-08-06 07:00:00,0.633,0.6338,0.6315,0.6328,16762647.3
2023-08-06 08:00:00,0.6328,0.6375,0.6327,0.6346,31001887.0
2023-08-06 09:00:00,0.6346,0.6346,0.6305,0.6335,35331867.8
2023-08-06 10:00:00,0.6336,0.6337,0.6291,0.6314,24864679.6
2023-08-06 11:00:00,0.6314,0.6338,0.6307,0.633,18059509.2
2023-08-06 12:00:00,0.6329,0.6331,0.63,0.6303,25402453.5
2023-08-06 13:00:00,0.6302,0.6302,0.6255,0.6268,72434763.0
2023-08-06 14:00:00,0.6267,0.6286,0.6235,0.6273,52297663.3
2023-08-06 15:00:00,0.6273,0.628,0.6253,0.6263,30562466.0
2023-08-06 16:00:00,0.6263,0.63,0.625,0.6298,29976383.4
2023-08-06 17:00:00,0.6299,0.63,0.6271,0.6272,20053889.7
2023-08-06 18:00:00,0.6272,0.6285,0.6262,0.6273,16051755.4
2023-08-06 19:00:00,0.6272,0.6294,0.6264,0.6273,15776526.7
2023-08-06 20:00:00,0.6272,0.631,0.6266,0.6297,17431878.4
2023-08-06 21:00:00,0.6297,0.6318,0.6219,0.6239,49450051.0
2023-08-06 22:00:00,0.624,0.6282,0.6234,0.6252,37312948.5
2023-08-06 23:00:00,0.6252,0.6258,0.6212,0.6239,41011535.0
2023-08-07 00:00:00,0.6239,0.6268,0.6205,0.622,51855832.1
2023-08-07 01:00:00,0.622,0.6299,0.6218,0.6256,74860706.0
2023-08-07 02:00:00,0.6256,0.6282,0.6232,0.6281,31035988.3
2023-08-07 03:00:00,0.6281,0.6286,0.6251,0.6256,22917618.1
2023-08-07 04:00:00,0.6257,0.6285,0.625,0.6271,22720994.5
2023-08-07 05:00:00,0.6271,0.6276,0.6248,0.625,20038576.6
2023-08-07 06:00:00,0.6251,0.6251,0.615,0.6169,100874508.6
2023-08-07 07:00:00,0.6169,0.6184,0.6055,0.612,129660613.0
2023-08-07 08:00:00,0.612,0.6173,0.6105,0.6157,68110533.5
2023-08-07 09:00:00,0.6157,0.621,0.6148,0.6184,59145998.6
2023-08-07 10:00:00,0.6184,0.6202,0.617,0.6196,40323756.6
2023-08-07 11:00:00,0.6197,0.6204,0.6186,0.6198,30539788.3
2023-08-07 12:00:00,0.6197,0.621,0.6167,0.6201,75626086.0
2023-08-07 13:00:00,0.6201,0.6208,0.6138,0.6144,71488000.7
2023-08-07 14:00:00,0.6144,0.6154,0.6086,0.6146,104991864.9
2023-08-07 15:00:00,0.6145,0.6174,0.6108,0.6159,105721203.9
2023-08-07 16:00:00,0.6159,0.617,0.595,0.6063,284039277.3
2023-08-07 17:00:00,0.6062,0.61,0.6042,0.609,72537602.3
2023-08-07 18:00:00,0.6091,0.62,0.608,0.6144,115912493.1
2023-08-07 19:00:00,0.6143,0.6168,0.6127,0.6167,30055755.4
2023-08-07 20:00:00,0.6166,0.6187,0.6145,0.6179,28394042.3
2023-08-07 21:00:00,0.6178,0.6228,0.6166,0.6186,43120530.1
2023-08-07 22:00:00,0.6186,0.6227,0.6185,0.6217,27199470.4
2023-08-07 23:00:00,0.6216,0.6242,0.6185,0.6232,47793993.3
2023-08-08 00:00:00,0.6232,0.625,0.6194,0.6237,55364280.8
2023-08-08 01:00:00,0.6236,0.6237,0.6181,0.6189,37870680.6
2023-08-08 02:00:00,0.6189,0.6208,0.6172,0.6202,27646767.4
2023-08-08 03:00:00,0.6202,0.6224,0.6182,0.6201,31019674.4
2023-08-08 04:00:00,0.6201,0.6264,0.62,0.6246,43271945.1
2023-08-08 05:00:00,0.6246,0.6269,0.6232,0.6242,42192235.1
2023-08-08 06:00:00,0.6242,0.6249,0.6185,0.6187,50085481.8
2023-08-08 07:00:00,0.6187,0.6218,0.618,0.6218,31174754.7
2023-08-08 08:00:00,0.6218,0.6221,0.6181,0.6187,29679762.7
2023-08-08 09:00:00,0.6186,0.6195,0.6137,0.6156,61796643.0
2023-08-08 10:00:00,0.6156,0.6186,0.6141,0.6183,39110347.6
2023-08-08 11:00:00,0.6182,0.6238,0.6181,0.6226,64258024.5
2023-08-08 12:00:00,0.6227,0.6295,0.6203,0.628,89435234.1
2023-08-08 13:00:00,0.628,0.6306,0.6215,0.623,137435804.4
2023-08-08 14:00:00,0.623,0.6285,0.6225,0.6258,68810316.8
2023-08-08 15:00:00,0.6258,0.6312,0.6256,0.6285,72393221.7
2023-08-08 16:00:00,0.6285,0.6417,0.6277,0.6378,154164878.6
2023-08-08 17:00:00,0.6377,0.6412,0.6347,0.6391,101815200.9
2023-08-08 18:00:00,0.6392,0.6434,0.6339,0.6362,109614844.1
2023-08-08 19:00:00,0.6362,0.6381,0.6347,0.6366,42386716.9
2023-08-08 20:00:00,0.6365,0.6403,0.6351,0.6379,41229620.2
2023-08-08 21:00:00,0.638,0.6483,0.6368,0.64,106846137.1
2023-08-08 22:00:00,0.6401,0.6463,0.6384,0.6438,78345441.9
2023-08-08 23:00:00,0.6439,0.6452,0.6395,0.6415,52274458.0
2023-08-09 00:00:00,0.6416,0.642,0.638,0.6382,45710029.5
2023-08-09 01:00:00,0.6381,0.6479,0.6374,0.6431,78478568.5
2023-08-09 02:00:00,0.6431,0.644,0.6351,0.6372,63129392.9
2023-08-09 03:00:00,0.6373,0.6399,0.6368,0.6394,22985288.2
2023-08-09 04:00:00,0.6394,0.6449,0.6379,0.6423,38223731.1
2023-08-09 05:00:00,0.6424,0.6461,0.6417,0.6441,40252180.5
2023-08-09 06:00:00,0.644,0.6445,0.6388,0.6392,50349285.7
2023-08-09 07:00:00,0.6392,0.6445,0.639,0.6443,30267365.2
2023-08-09 08:00:00,0.6444,0.6446,0.6397,0.641,39356937.4
2023-08-09 09:00:00,0.6409,0.6444,0.6393,0.6428,34775801.4
2023-08-09 10:00:00,0.6428,0.6463,0.6404,0.6455,51324848.5
2023-08-09 11:00:00,0.6455,0.649,0.6426,0.6448,85364400.6
2023-08-09 12:00:00,0.6447,0.6495,0.6443,0.6478,76761924.4
2023-08-09 13:00:00,0.6478,0.666,0.6464,0.6602,361977107.2
2023-08-09 14:00:00,0.6602,0.6602,0.6518,0.6523,144034245.9
2023-08-09 15:00:00,0.6523,0.657,0.6504,0.6543,100684218.4
2023-08-09 16:00:00,0.6542,0.6575,0.648,0.6515,172513555.5
2023-08-09 17:00:00,0.6516,0.6535,0.6477,0.6516,94773740.5
2023-08-09 18:00:00,0.6517,0.6547,0.6507,0.6529,39127499.5
2023-08-09 19:00:00,0.6529,0.6651,0.6529,0.6598,147657630.5
2023-08-09 20:00:00,0.6599,0.6601,0.6549,0.6597,51766511.6
2023-08-09 21:00:00,0.6598,0.6598,0.6313,0.6379,361508836.4
2023-08-09 22:00:00,0.6378,0.6415,0.631,0.6405,116730844.9
2023-08-09 23:00:00,0.6405,0.6457,0.6398,0.6431,74342357.4
2023-08-10 00:00:00,0.6431,0.6444,0.639,0.6416,51520042.8
2023-08-10 01:00:00,0.6417,0.643,0.6386,0.6401,46210577.1
2023-08-10 02:00:00,0.6402,0.6421,0.6373,0.6379,38940789.1
2023-08-10 03:00:00,0.638,0.6395,0.6365,0.6376,32199949.3
2023-08-10 04:00:00,0.6375,0.6386,0.6349,0.6383,42944316.6
2023-08-10 05:00:00,0.6382,0.6386,0.6341,0.635,37037121.1
2023-08-10 06:00:00,0.6349,0.6367,0.6263,0.6289,106042888.0
2023-08-10 07:00:00,0.6289,0.6315,0.6239,0.626,99270293.4
2023-08-10 08:00:00,0.626,0.6292,0.6257,0.6285,53114754.1
2023-08-10 09:00:00,0.6285,0.6306,0.6258,0.6303,51465151.2
2023-08-10 10:00:00,0.6303,0.6314,0.628,0.6314,52317153.0
2023-08-10 11:00:00,0.6314,0.6324,0.6277,0.6283,47284544.2
2023-08-10 12:00:00,0.6283,0.6375,0.6281,0.6339,146576810.8
2023-08-10 13:00:00,0.634,0.6366,0.6315,0.6356,74940340.1
2023-08-10 14:00:00,0.6356,0.6369,0.6287,0.631,90399234.3
2023-08-10 15:00:00,0.631,0.6319,0.6297,0.6314,42416773.6
2023-08-10 16:00:00,0.6314,0.6314,0.6276,0.6287,43205630.9
2023-08-10 17:00:00,0.6288,0.6335,0.6242,0.631,101129020.9
2023-08-10 18:00:00,0.631,0.6343,0.6305,0.6338,49813712.8
2023-08-10 19:00:00,0.6337,0.6357,0.6303,0.6339,44096736.0
2023-08-10 20:00:00,0.6339,0.6343,0.6317,0.6331,22388794.6
2023-08-10 21:00:00,0.6331,0.6345,0.6328,0.6338,15549659.4
2023-08-10 22:00:00,0.6339,0.6353,0.6318,0.6326,22358435.8
2023-08-10 23:00:00,0.6326,0.6346,0.632,0.6329,16775354.5
2023-08-11 00:00:00,0.633,0.636,0.6322,0.6358,24685681.4
2023-08-11 01:00:00,0.6358,0.6361,0.6331,0.6342,31116379.2
2023-08-11 02:00:00,0.6343,0.6359,0.6316,0.6325,25590951.7
2023-08-11 03:00:00,0.6326,0.6358,0.6316,0.635,28181336.0
2023-08-11 04:00:00,0.635,0.641,0.6348,0.638,70132913.0
2023-08-11 05:00:00,0.6379,0.6383,0.6355,0.6361,31188926.9
2023-08-11 06:00:00,0.6361,0.6364,0.6316,0.634,55903402.2
2023-08-11 07:00:00,0.634,0.6356,0.6317,0.6318,33295152.4
2023-08-11 08:00:00,0.6318,0.6324,0.6285,0.6289,56257419.3
2023-08-11 09:00:00,0.6288,0.6321,0.6282,0.6312,43915273.5
2023-08-11 10:00:00,0.6311,0.6324,0.6301,0.6315,30700899.4
2023-08-11 11:00:00,0.6315,0.6329,0.6304,0.6329,23107301.1
2023-08-11 12:00:00,0.6329,0.6338,0.6303,0.6306,42258126.6
2023-08-11 13:00:00,0.6307,0.6332,0.6301,0.6327,25472628.9
2023-08-11 14:00:00,0.6327,0.6343,0.6319,0.6323,44219177.9
2023-08-11 15:00:00,0.6323,0.633,0.6252,0.6285,76340234.5
2023-08-11 16:00:00,0.6284,0.6301,0.6265,0.6289,44011041.9
2023-08-11 17:00:00,0.6289,0.6309,0.6279,0.6299,24103739.1
2023-08-11 18:00:00,0.6298,0.6311,0.6292,0.6303,17038412.1
2023-08-11 19:00:00,0.6303,0.6311,0.6277,0.6306,22041173.5
2023-08-11 20:00:00,0.6307,0.6321,0.6302,0.6316,14173208.1
2023-08-11 21:00:00,0.6316,0.6324,0.6306,0.6316,10618198.7
2023-08-11 22:00:00,0.6317,0.6325,0.6309,0.6323,14369561.3
2023-08-11 23:00:00,0.6324,0.633,0.6313,0.6314,13672371.0
2023-08-12 00:00:00,0.6314,0.6334,0.6296,0.6325,26241710.8
2023-08-12 01:00:00,0.6326,0.6327,0.6302,0.6303,14866150.9
2023-08-12 02:00:00,0.6304,0.631,0.6294,0.6298,13097157.2
2023-08-12 03:00:00,0.6297,0.6302,0.6278,0.6295,15768308.1
2023-08-12 04:00:00,0.6295,0.6295,0.6281,0.6289,10640482.1
2023-08-12 05:00:00,0.629,0.6303,0.6286,0.6294,10671905.1
2023-08-12 06:00:00,0.6294,0.6307,0.6293,0.6302,10120750.1
2023-08-12 07:00:00,0.6302,0.6304,0.6297,0.6302,8413518.7
2023-08-12 08:00:00,0.6301,0.6307,0.6289,0.6294,9801542.3
2023-08-12 09:00:00,0.6294,0.6308,0.6292,0.6307,11281860.3
2023-08-12 10:00:00,0.6307,0.6314,0.6301,0.6311,12387475.7
2023-08-12 11:00:00,0.631,0.6312,0.6289,0.63,17527100.7
2023-08-12 12:00:00,0.63,0.6304,0.6286,0.6296,15697345.8
2023-08-12 13:00:00,0.6297,0.6299,0.6284,0.6288,11680885.2
2023-08-12 14:00:00,0.6288,0.6309,0.6287,0.6303,17702984.3
2023-08-12 15:00:00,0.6303,0.631,0.6293,0.6305,15825771.0
2023-08-12 16:00:00,0.6305,0.6311,0.6296,0.6304,13147343.6
2023-08-12 17:00:00,0.6303,0.6305,0.6288,0.6293,12273978.4
2023-08-12 18:00:00,0.6294,0.6297,0.6281,0.6294,12778095.7
2023-08-12 19:00:00,0.6294,0.6296,0.621,0.6255,71161772.5
2023-08-12 20:00:00,0.6255,0.6275,0.6247,0.6262,25715580.6
2023-08-12 21:00:00,0.6262,0.6275,0.6244,0.6272,14715138.8
2023-08-12 22:00:00,0.6272,0.6286,0.6271,0.6279,15736595.0
2023-08-12 23:00:00,0.6279,0.628,0.6263,0.6274,10912231.0
2023-08-13 00:00:00,0.6273,0.6283,0.6257,0.6282,14280354.3
2023-08-13 01:00:00,0.6282,0.6297,0.6267,0.629,14917391.0
2023-08-13 02:00:00,0.629,0.6299,0.6281,0.6284,14851117.6
2023-08-13 03:00:00,0.6283,0.6293,0.6279,0.6291,8267708.2
2023-08-13 04:00:00,0.6291,0.6292,0.6273,0.6277,9533142.6
2023-08-13 05:00:00,0.6278,0.6279,0.626,0.627,14839146.6
2023-08-13 06:00:00,0.6269,0.6276,0.6268,0.6275,6988212.9
2023-08-13 07:00:00,0.6275,0.6289,0.6272,0.6289,9064184.9
2023-08-13 08:00:00,0.6289,0.6292,0.628,0.6292,11448184.5
2023-08-13 09:00:00,0.6291,0.6294,0.6273,0.6284,11391165.2
2023-08-13 10:00:00,0.6283,0.6285,0.6272,0.6274,7042283.9
2023-08-13 11:00:00,0.6273,0.6279,0.6264,0.6275,11292507.3
2023-08-13 12:00:00,0.6275,0.6281,0.6263,0.6278,13504381.0
2023-08-13 13:00:00,0.6279,0.6281,0.6268,0.6277,11543019.2
2023-08-13 14:00:00,0.6277,0.6297,0.6276,0.629,18692543.6
2023-08-13 15:00:00,0.6291,0.6295,0.6272,0.628,17357871.7
2023-08-13 16:00:00,0.628,0.6293,0.6273,0.6284,19109459.0
2023-08-13 17:00:00,0.6285,0.6295,0.6283,0.6293,14100157.2
2023-08-13 18:00:00,0.6292,0.636,0.6289,0.6337,64028528.3
2023-08-13 19:00:00,0.6338,0.6384,0.6333,0.6354,56694686.6
2023-08-13 20:00:00,0.6354,0.6367,0.6307,0.6319,53441939.0
2023-08-13 21:00:00,0.6319,0.6329,0.628,0.6299,27711113.2
2023-08-13 22:00:00,0.6299,0.6303,0.6232,0.626,90448847.6
2023-08-13 23:00:00,0.6259,0.6276,0.6248,0.6252,23688901.1
2023-08-14 00:00:00,0.6252,0.6266,0.6237,0.6257,37067344.0
2023-08-14 01:00:00,0.6257,0.6275,0.6249,0.6269,21271608.3
2023-08-14 02:00:00,0.6269,0.6291,0.6242,0.6289,42203791.2
2023-08-14 03:00:00,0.629,0.6305,0.628,0.6299,23755464.6
2023-08-14 04:00:00,0.6299,0.6337,0.6297,0.6332,29913952.7
2023-08-14 05:00:00,0.6332,0.6341,0.6294,0.6298,37522294.5
2023-08-14 06:00:00,0.6298,0.6308,0.6271,0.6278,37463026.5
2023-08-14 07:00:00,0.6278,0.6294,0.6261,0.6263,35883351.5
2023-08-14 08:00:00,0.6263,0.6295,0.6257,0.6284,31121409.6
2023-08-14 09:00:00,0.6284,0.629,0.6274,0.6287,13800982.3
2023-08-14 10:00:00,0.6287,0.6298,0.6274,0.6291,15177483.0
2023-08-14 11:00:00,0.629,0.6291,0.6275,0.628,11479843.9
2023-08-14 12:00:00,0.6281,0.6283,0.626,0.6281,23788575.8
2023-08-14 13:00:00,0.6282,0.6291,0.6273,0.6289,20120812.1
2023-08-14 14:00:00,0.6289,0.6317,0.6286,0.6304,45650511.9
2023-08-14 15:00:00,0.6303,0.6325,0.6292,0.6314,38128211.4
2023-08-14 16:00:00,0.6315,0.6323,0.6301,0.6315,25331240.9
2023-08-14 17:00:00,0.6315,0.6323,0.6282,0.6293,26581646.5
2023-08-14 18:00:00,0.6293,0.6295,0.6242,0.6272,60940116.1
2023-08-14 19:00:00,0.6273,0.6288,0.6258,0.6283,21458803.3
2023-08-14 20:00:00,0.6283,0.6305,0.6277,0.6302,21182779.7
2023-08-14 21:00:00,0.6302,0.631,0.6294,0.6308,12535809.8
2023-08-14 22:00:00,0.6308,0.635,0.6305,0.6323,38495848.5
2023-08-14 23:00:00,0.6323,0.6366,0.6323,0.6339,37763110.4
2023-08-15 00:00:00,0.6338,0.6344,0.6305,0.6321,34097004.6
2023-08-15 01:00:00,0.6321,0.6321,0.6292,0.6296,24646064.0
2023-08-15 02:00:00,0.6297,0.6319,0.6288,0.631,18975948.9
2023-08-15 03:00:00,0.6309,0.6313,0.6297,0.6313,9268754.5
2023-08-15 04:00:00,0.6313,0.6316,0.6281,0.629,16356829.5
2023-08-15 05:00:00,0.629,0.6303,0.6271,0.6291,25133302.8
2023-08-15 06:00:00,0.629,0.6301,0.6278,0.6281,20264552.5
2023-08-15 07:00:00,0.6281,0.6282,0.6253,0.6271,38065263.3
2023-08-15 08:00:00,0.6271,0.6284,0.6263,0.6278,24171291.5
2023-08-15 09:00:00,0.6277,0.6286,0.6262,0.6264,16884200.3
2023-08-15 10:00:00,0.6265,0.6275,0.6259,0.6272,15077929.4
2023-08-15 11:00:00,0.6271,0.6274,0.6255,0.6259,21884407.6
2023-08-15 12:00:00,0.6259,0.6272,0.6256,0.627,17461411.5
2023-08-15 13:00:00,0.627,0.6281,0.6262,0.6266,19499430.5
2023-08-15 14:00:00,0.6266,0.6275,0.6211,0.6273,75240013.5
2023-08-15 15:00:00,0.6274,0.6283,0.6242,0.6248,39029046.1
2023-08-15 16:00:00,0.6248,0.6262,0.6233,0.6242,29043604.6
2023-08-15 17:00:00,0.6241,0.6266,0.6237,0.6253,15970045.4
2023-08-15 18:00:00,0.6253,0.6255,0.6145,0.6214,98246318.2
2023-08-15 19:00:00,0.6215,0.6215,0.571,0.6021,452591636.4
2023-08-15 20:00:00,0.602,0.6074,0.6007,0.6042,88768788.8
2023-08-15 21:00:00,0.6042,0.6102,0.603,0.6102,45855528.8
2023-08-15 22:00:00,0.6101,0.6102,0.6078,0.6084,30332933.9
2023-08-15 23:00:00,0.6085,0.6103,0.6075,0.6099,23528392.6
2023-08-16 00:00:00,0.61,0.61,0.6079,0.6086,26044544.7
2023-08-16 01:00:00,0.6085,0.6091,0.6061,0.6072,30999071.8
2023-08-16 02:00:00,0.6072,0.6086,0.6056,0.6077,24321403.5
2023-08-16 03:00:00,0.6078,0.6092,0.607,0.6077,21223620.2
2023-08-16 04:00:00,0.6077,0.6168,0.6077,0.6109,84331941.7
2023-08-16 05:00:00,0.6108,0.6115,0.6083,0.6083,44533070.8
2023-08-16 06:00:00,0.6083,0.6089,0.596,0.6034,108142208.8
2023-08-16 07:00:00,0.6034,0.604,0.5987,0.6024,68163634.5
2023-08-16 08:00:00,0.6024,0.6033,0.5963,0.5993,65873409.4
2023-08-16 09:00:00,0.5993,0.6015,0.5946,0.5979,61778810.0
2023-08-16 10:00:00,0.5979,0.6016,0.5978,0.6013,30671993.5
2023-08-16 11:00:00,0.6014,0.6018,0.5989,0.5998,22120321.3
2023-08-16 12:00:00,0.5999,0.5999,0.59,0.5964,142690562.5
2023-08-16 13:00:00,0.5965,0.5976,0.5859,0.5926,107416787.4
2023-08-16 14:00:00,0.5925,0.5975,0.5911,0.5974,55897531.4
2023-08-16 15:00:00,0.5974,0.5981,0.5921,0.594,50210411.2
2023-08-16 16:00:00,0.594,0.5977,0.5913,0.5966,84886140.1
2023-08-16 17:00:00,0.5967,0.6015,0.5925,0.6007,65921634.9
2023-08-16 18:00:00,0.6006,0.6027,0.5976,0.5984,58206807.0
2023-08-16 19:00:00,0.5985,0.599,0.5955,0.5958,26117233.0
2023-08-16 20:00:00,0.5959,0.5973,0.575,0.5891,207703647.2
2023-08-16 21:00:00,0.589,0.5891,0.57,0.5839,175895983.3
2023-08-16 22:00:00,0.584,0.5877,0.5834,0.5872,42533355.8
2023-08-16 23:00:00,0.5872,0.5895,0.5853,0.5887,43244840.4
2023-08-17 00:00:00,0.5887,0.5899,0.5785,0.5882,119085387.4
2023-08-17 01:00:00,0.5881,0.594,0.5879,0.5921,60164849.1
2023-08-17 02:00:00,0.5922,0.5946,0.5897,0.5898,38438430.3
2023-08-17 03:00:00,0.5898,0.5922,0.5897,0.5906,16431686.1
2023-08-17 04:00:00,0.5906,0.5929,0.5902,0.5927,22174880.2
2023-08-17 05:00:00,0.5926,0.5936,0.5909,0.5928,24177752.1
2023-08-17 06:00:00,0.5929,0.5932,0.5871,0.5875,45737969.0
2023-08-17 07:00:00,0.5876,0.5903,0.5865,0.5897,26277152.3
2023-08-17 08:00:00,0.5896,0.5918,0.5858,0.5875,51039607.3
2023-08-17 09:00:00,0.5875,0.5878,0.5831,0.5848,50880242.4
2023-08-17 10:00:00,0.5847,0.5861,0.5833,0.5856,32757738.5
2023-08-17 11:00:00,0.5855,0.586,0.5835,0.5847,20063248.7
2023-08-17 12:00:00,0.5847,0.5886,0.5846,0.5863,39211325.2
2023-08-17 13:00:00,0.5864,0.5883,0.583,0.5842,38334134.9
2023-08-17 14:00:00,0.5842,0.5864,0.5806,0.5823,70066895.1
2023-08-17 15:00:00,0.5824,0.5865,0.5725,0.576,211155577.1
2023-08-17 16:00:00,0.576,0.579,0.567,0.5763,184145645.7
2023-08-17 17:00:00,0.5762,0.5796,0.571,0.5771,128864240.7
2023-08-17 18:00:00,0.5772,0.5795,0.5751,0.5757,43319297.6
2023-08-17 19:00:00,0.5757,0.5783,0.5755,0.576,24184230.2
2023-08-17 20:00:00,0.5761,0.5769,0.564,0.5694,103700761.0
2023-08-17 21:00:00,0.5693,0.5708,0.4082,0.4838,735511413.5
2023-08-17 22:00:00,0.4838,0.5149,0.4835,0.51,556102280.0
2023-08-17 23:00:00,0.51,0.518,0.5024,0.5057,279364191.4
2023-08-18 00:00:00,0.5057,0.5151,0.5045,0.5082,200755003.1
2023-08-18 01:00:00,0.5082,0.5098,0.5002,0.5028,140596044.1
2023-08-18 02:00:00,0.5028,0.5055,0.4822,0.4881,247001419.3
2023-08-18 03:00:00,0.4882,0.4938,0.4861,0.4932,153134628.1
2023-08-18 04:00:00,0.4931,0.495,0.4863,0.4905,128703591.1
2023-08-18 05:00:00,0.4904,0.4977,0.4893,0.4971,104390064.4
2023-08-18 06:00:00,0.4971,0.523,0.4971,0.5171,272661154.9
2023-08-18 07:00:00,0.5172,0.5176,0.5051,0.5057,181294231.2
2023-08-18 08:00:00,0.5058,0.5099,0.5012,0.5077,140331485.2
2023-08-18 09:00:00,0.5077,0.5103,0.5007,0.5034,113224706.4
2023-08-18 10:00:00,0.5035,0.5065,0.5012,0.5041,65223171.5
2023-08-18 11:00:00,0.5042,0.5098,0.503,0.5083,88082948.0
2023-08-18 12:00:00,0.5082,0.5092,0.5022,0.5025,96437735.3
2023-08-18 13:00:00,0.5026,0.5063,0.4996,0.502,106604306.1
2023-08-18 14:00:00,0.502,0.5075,0.4972,0.5045,179738669.1
2023-08-18 15:00:00,0.5045,0.5122,0.5016,0.5023,132325177.8
2023-08-18 16:00:00,0.5023,0.5058,0.4957,0.5002,102790229.4
2023-08-18 17:00:00,0.5003,0.5057,0.482,0.5039,239258382.6
2023-08-18 18:00:00,0.5038,0.5086,0.501,0.5043,101285443.1
2023-08-18 19:00:00,0.5043,0.5043,0.4974,0.4998,105126168.7
2023-08-18 20:00:00,0.4999,0.5053,0.4995,0.5016,52237963.0
2023-08-18 21:00:00,0.5016,0.5108,0.5015,0.5063,59456298.7
2023-08-18 22:00:00,0.5063,0.5085,0.5054,0.5062,34513312.4
2023-08-18 23:00:00,0.5062,0.5078,0.504,0.5058,28367279.8
2023-08-19 00:00:00,0.5057,0.5098,0.5044,0.5084,41986919.3
2023-08-19 01:00:00,0.5085,0.5086,0.5048,0.5051,37621435.4
2023-08-19 02:00:00,0.5051,0.5069,0.5039,0.5067,29336119.0
2023-08-19 03:00:00,0.5066,0.5069,0.5023,0.5054,34841212.7
2023-08-19 04:00:00,0.5053,0.507,0.5035,0.5066,21192837.4
2023-08-19 05:00:00,0.5066,0.5067,0.5029,0.503,23801465.7
2023-08-19 06:00:00,0.5029,0.5043,0.5025,0.5027,20294307.2
2023-08-19 07:00:00,0.5028,0.5054,0.5003,0.5052,40286669.2
2023-08-19 08:00:00,0.5053,0.5074,0.5038,0.5059,39864952.9
2023-08-19 09:00:00,0.506,0.5064,0.5035,0.5061,27370934.2
2023-08-19 10:00:00,0.506,0.5063,0.5041,0.5045,21511605.4
2023-08-19 11:00:00,0.5045,0.5051,0.5026,0.5031,22991487.2
2023-08-19 12:00:00,0.5031,0.5044,0.5026,0.5033,18310792.0
2023-08-19 13:00:00,0.5034,0.5064,0.503,0.505,26565831.7
2023-08-19 14:00:00,0.5049,0.5063,0.5045,0.5057,25439668.2
2023-08-19 15:00:00,0.5056,0.5248,0.5053,0.5213,302370583.2
2023-08-19 16:00:00,0.5213,0.524,0.5159,0.5219,139246638.1
2023-08-19 17:00:00,0.5218,0.5219,0.5153,0.519,86485948.9
2023-08-19 18:00:00,0.519,0.5196,0.5163,0.5185,49019006.9
2023-08-19 19:00:00,0.5186,0.5217,0.5178,0.5192,44458542.4
2023-08-19 20:00:00,0.5193,0.5196,0.5111,0.516,84822775.9
2023-08-19 21:00:00,0.516,0.5209,0.5158,0.5194,25925890.4
2023-08-19 22:00:00,0.5193,0.521,0.5171,0.5185,26997864.9
2023-08-19 23:00:00,0.5184,0.5206,0.517,0.5198,21068818.6
2023-08-20 00:00:00,0.5197,0.5205,0.5163,0.5199,36287687.6
2023-08-20 01:00:00,0.5199,0.5207,0.5175,0.5197,27174077.9
2023-08-20 02:00:00,0.5198,0.5219,0.5156,0.5159,41041971.9
2023-08-20 03:00:00,0.516,0.5186,0.516,0.5182,22141664.0
2023-08-20 04:00:00,0.5183,0.5205,0.5176,0.5193,17093194.5
2023-08-20 05:00:00,0.5193,0.523,0.5178,0.5186,77420518.0
2023-08-20 06:00:00,0.5185,0.5191,0.5173,0.5187,24191230.9
2023-08-20 07:00:00,0.5187,0.5286,0.5183,0.528,104152432.1
2023-08-20 08:00:00,0.5279,0.5293,0.5245,0.5267,110827970.0
2023-08-20 09:00:00,0.5267,0.5366,0.5254,0.5352,162864511.7
2023-08-20 10:00:00,0.5352,0.5499,0.5342,0.5467,309667069.7
2023-08-20 11:00:00,0.5467,0.5582,0.5424,0.5452,294901110.7
2023-08-20 12:00:00,0.5451,0.5465,0.541,0.5457,108448531.6
2023-08-20 13:00:00,0.5456,0.5484,0.5432,0.546,90856169.0
2023-08-20 14:00:00,0.546,0.55,0.5327,0.5369,229219202.1
2023-08-20 15:00:00,0.5369,0.5401,0.5336,0.5388,122084741.3
2023-08-20 16:00:00,0.5388,0.54,0.5301,0.5333,95865505.6
2023-08-20 17:00:00,0.5333,0.5408,0.531,0.539,95227163.9
2023-08-20 18:00:00,0.5389,0.5419,0.5383,0.5403,53368309.8
2023-08-20 19:00:00,0.5403,0.5437,0.5394,0.5414,51923962.7
2023-08-20 20:00:00,0.5415,0.5455,0.5407,0.5416,62788642.6
2023-08-20 21:00:00,0.5416,0.5421,0.5364,0.5396,49949967.9
2023-08-20 22:00:00,0.5396,0.5425,0.5386,0.542,33779321.4
2023-08-20 23:00:00,0.5419,0.5421,0.5378,0.5383,37380269.8
2023-08-21 00:00:00,0.5382,0.5395,0.5353,0.5371,70717503.2
2023-08-21 01:00:00,0.5371,0.5383,0.5334,0.5375,58082384.4
2023-08-21 02:00:00,0.5375,0.538,0.5335,0.5346,34829808.5
2023-08-21 03:00:00,0.5347,0.5348,0.5303,0.5319,56219339.7
2023-08-21 04:00:00,0.5319,0.5327,0.5239,0.5277,99070676.9
2023-08-21 05:00:00,0.5277,0.5338,0.5274,0.5288,98711805.0
2023-08-21 06:00:00,0.5287,0.5289,0.5205,0.5231,117040705.2
2023-08-21 07:00:00,0.5232,0.5247,0.5168,0.5208,145782343.2
2023-08-21 08:00:00,0.5209,0.5221,0.5174,0.5216,100132361.0
2023-08-21 09:00:00,0.5216,0.5234,0.5197,0.5217,57904232.4
2023-08-21 10:00:00,0.5218,0.5232,0.5171,0.5197,119703150.0
2023-08-21 11:00:00,0.5198,0.5264,0.5181,0.5254,74213346.0
2023-08-21 12:00:00,0.5255,0.5264,0.5226,0.5235,65088000.2
2023-08-21 13:00:00,0.5235,0.5305,0.5205,0.5293,87989679.4
2023-08-21 14:00:00,0.5294,0.5297,0.5247,0.5253,73966564.9
2023-08-21 15:00:00,0.5252,0.5263,0.499,0.5103,343559238.8
2023-08-21 16:00:00,0.5104,0.5138,0.5082,0.5129,90522255.4
2023-08-21 17:00:00,0.5128,0.5179,0.5118,0.5161,59364891.4
2023-08-21 18:00:00,0.5161,0.5204,0.5149,0.5193,43846149.1
2023-08-21 19:00:00,0.5192,0.526,0.5192,0.5216,85666298.1
2023-08-21 20:00:00,0.5215,0.5232,0.5203,0.5218,38699631.7
2023-08-21 21:00:00,0.5218,0.5272,0.5195,0.5234,50792852.6
2023-08-21 22:00:00,0.5235,0.525,0.522,0.5237,37399504.8
2023-08-21 23:00:00,0.5237,0.5246,0.5235,0.5239,17836684.2
2023-08-22 00:00:00,0.524,0.5252,0.5199,0.5202,44104842.0
2023-08-22 01:00:00,0.5202,0.5215,0.5177,0.5201,39122788.5
2023-08-22 02:00:00,0.52,0.5228,0.5199,0.5206,22901692.4
2023-08-22 03:00:00,0.5206,0.5217,0.5196,0.521,20535952.9
2023-08-22 04:00:00,0.5209,0.5224,0.5198,0.5203,26236679.3
2023-08-22 05:00:00,0.5204,0.5216,0.5199,0.5201,19997428.2
2023-08-22 06:00:00,0.5202,0.5203,0.5155,0.5191,62951469.7
2023-08-22 07:00:00,0.5191,0.5209,0.5183,0.5184,34644715.9
2023-08-22 08:00:00,0.5185,0.5189,0.5143,0.5169,46201996.4
2023-08-22 09:00:00,0.5169,0.5195,0.5165,0.5179,35645931.4
2023-08-22 10:00:00,0.5178,0.5182,0.5146,0.5159,45518448.1
2023-08-22 11:00:00,0.5158,0.5186,0.5154,0.5166,33108321.6
2023-08-22 12:00:00,0.5166,0.5206,0.5157,0.5184,48641260.1
2023-08-22 13:00:00,0.5184,0.5187,0.512,0.5132,95939333.2
2023-08-22 14:00:00,0.5131,0.5159,0.5088,0.5128,107754252.6
2023-08-22 15:00:00,0.5128,0.5155,0.5091,0.5112,67493772.4
2023-08-22 16:00:00,0.5112,0.5171,0.5094,0.5156,143536880.8
2023-08-22 17:00:00,0.5156,0.5158,0.5028,0.5094,159731352.2
2023-08-22 18:00:00,0.5093,0.5132,0.5056,0.5125,87694806.3
2023-08-22 19:00:00,0.5125,0.5148,0.511,0.5113,38339694.9
2023-08-22 20:00:00,0.5112,0.5176,0.5112,0.5167,52453302.8
2023-08-22 21:00:00,0.5167,0.5177,0.5021,0.5135,107020786.0
2023-08-22 22:00:00,0.5135,0.5185,0.511,0.5173,51568964.4
2023-08-22 23:00:00,0.5172,0.5254,0.516,0.5206,95781898.9
2023-08-23 00:00:00,0.5207,0.5223,0.5183,0.519,45843314.3
2023-08-23 01:00:00,0.519,0.5216,0.5172,0.5205,28665001.9
2023-08-23 02:00:00,0.5205,0.5237,0.5201,0.5221,28037948.2
2023-08-23 03:00:00,0.522,0.5233,0.5188,0.5189,43751056.8
2023-08-23 04:00:00,0.5189,0.5221,0.5188,0.5211,24177780.6
2023-08-23 05:00:00,0.5212,0.522,0.52,0.5209,16491033.3
2023-08-23 06:00:00,0.5209,0.5226,0.5183,0.5202,51138533.5
2023-08-23 07:00:00,0.5202,0.5212,0.5166,0.5174,55151095.7
2023-08-23 08:00:00,0.5174,0.5191,0.5167,0.5185,23414644.9
2023-08-23 09:00:00,0.5184,0.5217,0.5177,0.5204,30149395.8
2023-08-23 10:00:00,0.5205,0.5206,0.5179,0.5189,26424730.8
2023-08-23 11:00:00,0.5189,0.5206,0.5177,0.5191,32592181.9
2023-08-23 12:00:00,0.519,0.5204,0.5153,0.5162,47116845.8
2023-08-23 13:00:00,0.5163,0.5211,0.5154,0.5204,47320283.3
2023-08-23 14:00:00,0.5204,0.5224,0.5189,0.5212,53426762.9
2023-08-23 15:00:00,0.5212,0.5237,0.5197,0.5228,55663095.5
2023-08-23 16:00:00,0.5228,0.5302,0.522,0.529,138198565.3
2023-08-23 17:00:00,0.5291,0.535,0.5273,0.5309,106987514.2
2023-08-23 18:00:00,0.5308,0.5321,0.5274,0.5289,55053379.5
2023-08-23 19:00:00,0.529,0.5365,0.5283,0.5324,75420890.5
2023-08-23 20:00:00,0.5324,0.5329,0.5289,0.5304,62357045.3
2023-08-23 21:00:00,0.5304,0.5315,0.5228,0.5262,48847004.1
2023-08-23 22:00:00,0.5263,0.5292,0.5255,0.5279,27343906.8
2023-08-23 23:00:00,0.5278,0.5298,0.5274,0.5298,18911246.5
2023-08-24 00:00:00,0.5298,0.5306,0.527,0.5275,25612250.1
2023-08-24 01:00:00,0.5275,0.5278,0.5257,0.5268,23085785.7
2023-08-24 02:00:00,0.5268,0.5281,0.5266,0.527,14066579.5
2023-08-24 03:00:00,0.527,0.5287,0.5262,0.5284,17790851.6
2023-08-24 04:00:00,0.5284,0.5313,0.5274,0.5302,24336963.7
2023-08-24 05:00:00,0.5301,0.5316,0.5292,0.53,22708135.3
2023-08-24 06:00:00,0.53,0.53,0.5264,0.5269,34257295.3
2023-08-24 07:00:00,0.5269,0.5288,0.5266,0.5278,22329902.1
2023-08-24 08:00:00,0.5278,0.5285,0.5251,0.5267,25617571.9
2023-08-24 09:00:00,0.5268,0.5276,0.5224,0.5239,60758248.6
2023-08-24 10:00:00,0.5238,0.5253,0.5226,0.5246,27591928.9
2023-08-24 11:00:00,0.5245,0.5264,0.5239,0.5241,25206552.5
2023-08-24 12:00:00,0.5241,0.5245,0.5227,0.5238,26895826.5
2023-08-24 13:00:00,0.5238,0.5238,0.5187,0.522,56628225.4
2023-08-24 14:00:00,0.522,0.5222,0.5139,0.516,107297974.9
2023-08-24 15:00:00,0.516,0.5173,0.5129,0.5147,63164426.9
2023-08-24 16:00:00,0.5147,0.5181,0.5142,0.5171,44501337.7
2023-08-24 17:00:00,0.517,0.5174,0.5103,0.5159,69576933.6
2023-08-24 18:00:00,0.516,0.5165,0.5142,0.5148,24474836.8
2023-08-24 19:00:00,0.5148,0.5177,0.5147,0.5161,22783265.2
2023-08-24 20:00:00,0.5162,0.5168,0.5113,0.5143,35724079.2
2023-08-24 21:00:00,0.5144,0.5195,0.5137,0.5171,28497077.7
2023-08-24 22:00:00,0.5171,0.5178,0.5161,0.5173,15693708.9
2023-08-24 23:00:00,0.5173,0.5194,0.5155,0.5184,23446945.9
2023-08-25 00:00:00,0.5184,0.5188,0.5155,0.5178,32601262.1
2023-08-25 01:00:00,0.5179,0.5201,0.5159,0.5197,21713146.9
2023-08-25 02:00:00,0.5197,0.5208,0.5181,0.5182,23227643.5
2023-08-25 03:00:00,0.5182,0.5185,0.5126,0.5168,50615591.2
2023-08-25 04:00:00,0.5168,0.5183,0.5132,0.5137,37266446.5
2023-08-25 05:00:00,0.5137,0.5164,0.513,0.5153,20850074.6
2023-08-25 06:00:00,0.5153,0.5163,0.5081,0.5108,58687260.6
2023-08-25 07:00:00,0.5108,0.5132,0.5086,0.5095,44104787.6
2023-08-25 08:00:00,0.5095,0.5119,0.508,0.5088,55020268.1
2023-08-25 09:00:00,0.5087,0.5119,0.5076,0.5117,48184280.3
2023-08-25 10:00:00,0.5118,0.5127,0.5107,0.5116,26359313.1
2023-08-25 11:00:00,0.5116,0.5146,0.5114,0.5138,30071821.0
2023-08-25 12:00:00,0.5138,0.5153,0.5133,0.514,26477332.0
2023-08-25 13:00:00,0.5139,0.5201,0.5139,0.5164,100431319.0
2023-08-25 14:00:00,0.5163,0.5255,0.5114,0.5136,227157736.5
2023-08-25 15:00:00,0.5135,0.5186,0.5116,0.5159,78100118.8
2023-08-25 16:00:00,0.5158,0.5188,0.5138,0.5151,43376241.4
2023-08-25 17:00:00,0.5151,0.5203,0.5147,0.5202,36271388.5
2023-08-25 18:00:00,0.5202,0.5278,0.5188,0.5262,90564412.4
2023-08-25 19:00:00,0.5262,0.5316,0.5238,0.5249,113792909.4
2023-08-25 20:00:00,0.525,0.5258,0.5221,0.5251,47341386.7
2023-08-25 21:00:00,0.5252,0.5255,0.5229,0.5248,22454927.9
2023-08-25 22:00:00,0.5248,0.5271,0.5236,0.526,35387544.0
2023-08-25 23:00:00,0.5259,0.5264,0.5241,0.5255,18107253.0
2023-08-26 00:00:00,0.5255,0.5264,0.5227,0.5236,26214710.0
2023-08-26 01:00:00,0.5236,0.5244,0.5222,0.5225,14220671.3
2023-08-26 02:00:00,0.5226,0.5246,0.5226,0.523,15300761.8
2023-08-26 03:00:00,0.523,0.5248,0.523,0.5235,12122933.5
2023-08-26 04:00:00,0.5236,0.5237,0.5208,0.5217,24592530.5
2023-08-26 05:00:00,0.5217,0.5217,0.5177,0.5197,39745147.3
2023-08-26 06:00:00,0.5198,0.5216,0.5193,0.5214,17615415.2
2023-08-26 07:00:00,0.5214,0.523,0.5207,0.5211,21159177.5
2023-08-26 08:00:00,0.521,0.5221,0.5199,0.5209,21440368.1
2023-08-26 09:00:00,0.5208,0.522,0.5198,0.5212,14350988.6
2023-08-26 10:00:00,0.5212,0.522,0.5205,0.522,10008966.2
2023-08-26 11:00:00,0.522,0.524,0.5214,0.5226,25920248.8
2023-08-26 12:00:00,0.5226,0.5228,0.5206,0.5225,25085869.7
2023-08-26 13:00:00,0.5225,0.5239,0.5223,0.5233,19867085.0
2023-08-26 14:00:00,0.5234,0.5281,0.5229,0.5261,48637890.4
2023-08-26 15:00:00,0.5261,0.5266,0.5243,0.5251,28639631.8
2023-08-26 16:00:00,0.5251,0.5267,0.5232,0.5247,27692670.0
2023-08-26 17:00:00,0.5246,0.5252,0.523,0.5248,19349893.2
2023-08-26 18:00:00,0.5247,0.5258,0.524,0.5252,19321002.7
2023-08-26 19:00:00,0.5252,0.5261,0.5241,0.526,11482457.6
2023-08-26 20:00:00,0.526,0.5273,0.5248,0.5249,19939435.4
2023-08-26 21:00:00,0.525,0.5265,0.5248,0.5254,9052528.3
2023-08-26 22:00:00,0.5253,0.5256,0.5234,0.5241,12355915.7
2023-08-26 23:00:00,0.5242,0.5245,0.5213,0.5227,19870771.1
2023-08-27 00:00:00,0.5227,0.5244,0.522,0.5225,13381688.0
2023-08-27 01:00:00,0.5224,0.5229,0.5216,0.5229,14040478.3
2023-08-27 02:00:00,0.5229,0.5234,0.522,0.5227,10972610.2
2023-08-27 03:00:00,0.5227,0.5249,0.5226,0.5246,13479956.5
2023-08-27 04:00:00,0.5245,0.5264,0.5243,0.5259,23388931.9
2023-08-27 05:00:00,0.526,0.5271,0.525,0.5255,18603936.7
2023-08-27 06:00:00,0.5255,0.5263,0.5246,0.5258,14101097.9
2023-08-27 07:00:00,0.5257,0.53,0.5251,0.527,43749268.2
2023-08-27 08:00:00,0.527,0.5294,0.5263,0.5286,34086223.5
2023-08-27 09:00:00,0.5286,0.5289,0.5271,0.5275,15392754.0
2023-08-27 10:00:00,0.5276,0.5288,0.5273,0.5274,15004801.0
2023-08-27 11:00:00,0.5274,0.5276,0.5251,0.5266,28119613.7
2023-08-27 12:00:00,0.5266,0.5278,0.5259,0.5274,14760860.8
2023-08-27 13:00:00,0.5274,0.5282,0.5262,0.5273,15318203.6
2023-08-27 14:00:00,0.5273,0.5299,0.5272,0.529,36407327.3
2023-08-27 15:00:00,0.529,0.5295,0.5261,0.5269,22360385.1
2023-08-27 16:00:00,0.5268,0.5279,0.5255,0.5278,23819272.6
2023-08-27 17:00:00,0.5278,0.5279,0.5234,0.5243,33083659.1
2023-08-27 18:00:00,0.5242,0.5249,0.5231,0.5247,23293185.3
2023-08-27 19:00:00,0.5247,0.5261,0.5243,0.5246,14936624.2
2023-08-27 20:00:00,0.5247,0.5247,0.5235,0.5246,11470773.2
2023-08-27 21:00:00,0.5246,0.5254,0.5157,0.5212,41755877.2
2023-08-27 22:00:00,0.5211,0.523,0.5207,0.5225,27139424.5
2023-08-27 23:00:00,0.5224,0.5239,0.522,0.5232,14254841.7
2023-08-28 00:00:00,0.5233,0.5234,0.5168,0.5193,50513155.8
2023-08-28 01:00:00,0.5192,0.5207,0.517,0.5198,38440889.7
2023-08-28 02:00:00,0.5198,0.5209,0.5186,0.5187,16422493.7
2023-08-28 03:00:00,0.5187,0.5197,0.5172,0.5196,20277487.1
2023-08-28 04:00:00,0.5195,0.5206,0.5184,0.5204,16482063.2
2023-08-28 05:00:00,0.5204,0.5208,0.5153,0.5179,44339783.5
2023-08-28 06:00:00,0.5178,0.5189,0.5146,0.5163,46556351.1
2023-08-28 07:00:00,0.5164,0.5172,0.5154,0.5164,20795401.8
2023-08-28 08:00:00,0.5164,0.5165,0.5123,0.5141,58254000.8
2023-08-28 09:00:00,0.5141,0.5152,0.5099,0.5141,65695578.5
2023-08-28 10:00:00,0.5141,0.5158,0.5125,0.5155,22150530.5
2023-08-28 11:00:00,0.5155,0.5164,0.5149,0.5164,22260780.3
2023-08-28 12:00:00,0.5164,0.5216,0.5163,0.52,89500945.8
2023-08-28 13:00:00,0.5201,0.5208,0.5182,0.5187,34753745.1
2023-08-28 14:00:00,0.5187,0.5204,0.5178,0.5191,33292726.2
2023-08-28 15:00:00,0.5191,0.5215,0.518,0.5198,28281306.8
2023-08-28 16:00:00,0.5198,0.5211,0.5187,0.5196,18847929.5
2023-08-28 17:00:00,0.5196,0.5211,0.5192,0.5201,19196761.5
2023-08-28 18:00:00,0.5201,0.5241,0.5191,0.5229,29845197.5
2023-08-28 19:00:00,0.5229,0.5231,0.518,0.5212,59711981.5
2023-08-28 20:00:00,0.5211,0.5219,0.5197,0.5214,15502150.5
2023-08-28 21:00:00,0.5214,0.522,0.5202,0.521,12864238.4
2023-08-28 22:00:00,0.521,0.5227,0.5207,0.5225,19579619.5
2023-08-28 23:00:00,0.5226,0.5246,0.5222,0.5227,26544661.1
2023-08-29 00:00:00,0.5228,0.523,0.5208,0.5211,22047529.6
2023-08-29 01:00:00,0.5211,0.5232,0.5201,0.5214,31056904.4
2023-08-29 02:00:00,0.5214,0.5215,0.5196,0.5211,17164842.8
2023-08-29 03:00:00,0.5211,0.5215,0.5193,0.5205,15722862.4
2023-08-29 04:00:00,0.5206,0.521,0.5199,0.5204,12441624.5
2023-08-29 05:00:00,0.5204,0.521,0.5193,0.5199,14104887.3
2023-08-29 06:00:00,0.5198,0.52,0.5161,0.5166,49817928.7
2023-08-29 07:00:00,0.5167,0.5173,0.5152,0.5162,32143323.8
2023-08-29 08:00:00,0.5162,0.5184,0.5157,0.5166,30292218.6
2023-08-29 09:00:00,0.5166,0.5169,0.5145,0.5164,35092274.1
2023-08-29 10:00:00,0.5163,0.5164,0.5127,0.5152,59939291.7
2023-08-29 11:00:00,0.5151,0.5166,0.5143,0.5154,36788285.4
2023-08-29 12:00:00,0.5154,0.5166,0.5142,0.5164,29890640.0
2023-08-29 13:00:00,0.5164,0.5185,0.5157,0.5172,28021948.2
2023-08-29 14:00:00,0.5171,0.5502,0.5171,0.541,689903978.7
2023-08-29 15:00:00,0.541,0.5425,0.5324,0.5348,221813198.5
2023-08-29 16:00:00,0.5349,0.544,0.5331,0.5392,178594193.9
2023-08-29 17:00:00,0.5393,0.5442,0.537,0.5411,86352373.7
2023-08-29 18:00:00,0.541,0.5436,0.539,0.539,55182355.3
2023-08-29 19:00:00,0.539,0.541,0.537,0.5382,38551437.6
2023-08-29 20:00:00,0.5382,0.5432,0.538,0.5385,58354913.0
2023-08-29 21:00:00,0.5385,0.5423,0.5382,0.5414,29123322.8
2023-08-29 22:00:00,0.5413,0.5426,0.5397,0.5419,28585623.2
2023-08-29 23:00:00,0.5419,0.542,0.5383,0.5395,30824721.0
2023-08-30 00:00:00,0.5394,0.5403,0.5332,0.5336,55666022.4
2023-08-30 01:00:00,0.5337,0.5344,0.5311,0.5334,53675674.7
2023-08-30 02:00:00,0.5334,0.5343,0.5319,0.5323,27295589.1
2023-08-30 03:00:00,0.5322,0.534,0.5298,0.5336,38340431.2
2023-08-30 04:00:00,0.5335,0.534,0.5311,0.5333,30461872.5
2023-08-30 05:00:00,0.5333,0.5355,0.533,0.5343,34755387.0
2023-08-30 06:00:00,0.5342,0.5342,0.5287,0.53,37013196.8
2023-08-30 07:00:00,0.53,0.5328,0.5298,0.532,33165818.3
2023-08-30 08:00:00,0.532,0.5333,0.531,0.5318,22178482.3
2023-08-30 09:00:00,0.5317,0.532,0.5274,0.5284,53845523.2
2023-08-30 10:00:00,0.5284,0.5307,0.5276,0.5302,21593388.7
2023-08-30 11:00:00,0.5302,0.5303,0.5287,0.5292,18958799.4
2023-08-30 12:00:00,0.5292,0.531,0.5275,0.5293,29309042.0
2023-08-30 13:00:00,0.5293,0.5311,0.5239,0.5295,71142711.6
2023-08-30 14:00:00,0.5294,0.5303,0.5201,0.5241,107599127.7
2023-08-30 15:00:00,0.5242,0.5253,0.5211,0.5238,57089313.7
2023-08-30 16:00:00,0.5237,0.5251,0.5229,0.5249,26221879.3
2023-08-30 17:00:00,0.5249,0.5262,0.5239,0.5246,20300244.0
2023-08-30 18:00:00,0.5247,0.5263,0.5231,0.526,23779071.6
2023-08-30 19:00:00,0.5261,0.5278,0.5252,0.5268,27186792.0
2023-08-30 20:00:00,0.5268,0.5289,0.5267,0.527,21086807.5
2023-08-30 21:00:00,0.5269,0.5284,0.5269,0.5282,15926137.8
2023-08-30 22:00:00,0.5283,0.5293,0.5273,0.5274,16663972.2
2023-08-30 23:00:00,0.5275,0.5283,0.5273,0.5279,14845002.2
2023-08-31 00:00:00,0.528,0.5281,0.5239,0.5256,28025571.2
2023-08-31 01:00:00,0.5256,0.5274,0.5251,0.5256,20117565.7
2023-08-31 02:00:00,0.5255,0.5269,0.5253,0.526,12353918.6
2023-08-31 03:00:00,0.526,0.5269,0.5257,0.5262,9193023.7
2023-08-31 04:00:00,0.5262,0.5284,0.5261,0.5279,15677800.8
2023-08-31 05:00:00,0.5279,0.5282,0.525,0.5252,22425470.0
2023-08-31 06:00:00,0.5252,0.5263,0.5239,0.524,27700685.5
2023-08-31 07:00:00,0.524,0.5263,0.5239,0.5259,18368289.3
2023-08-31 08:00:00,0.5258,0.5269,0.5233,0.5242,24572331.0
2023-08-31 09:00:00,0.5242,0.5246,0.5234,0.5241,17352384.7
2023-08-31 10:00:00,0.5241,0.5247,0.5227,0.5242,13528644.9
2023-08-31 11:00:00,0.5243,0.5289,0.5241,0.5261,59877486.4
2023-08-31 12:00:00,0.526,0.5263,0.5229,0.5252,46211667.8
2023-08-31 13:00:00,0.5252,0.5254,0.5215,0.523,40634559.6
2023-08-31 14:00:00,0.523,0.5231,0.5173,0.5227,74674758.2
2023-08-31 15:00:00,0.5226,0.5227,0.5112,0.5173,103449117.9
2023-08-31 16:00:00,0.5173,0.5198,0.5061,0.5076,169535132.8
2023-08-31 17:00:00,0.5075,0.51,0.4936,0.5098,216742094.3
2023-08-31 18:00:00,0.5098,0.5108,0.5072,0.5093,44526175.0
2023-08-31 19:00:00,0.5092,0.5119,0.5055,0.5097,76026530.5
2023-08-31 20:00:00,0.5097,0.5103,0.5072,0.5087,33100281.2
2023-08-31 21:00:00,0.5087,0.5088,0.502,0.5082,64442176.3
2023-08-31 22:00:00,0.5081,0.5122,0.5078,0.5114,40915038.2
2023-08-31 23:00:00,0.5115,0.5117,0.5096,0.5106,25870827.9
2023-09-01 00:00:00,0.5107,0.5117,0.5096,0.51,29601435.2
2023-09-01 01:00:00,0.51,0.5101,0.507,0.5082,21749863.0
2023-09-01 02:00:00,0.5082,0.5104,0.5081,0.5091,15841229.7
2023-09-01 03:00:00,0.5092,0.5102,0.5078,0.51,12077363.4
2023-09-01 04:00:00,0.51,0.5101,0.508,0.5094,36762342.9
2023-09-01 05:00:00,0.5095,0.5105,0.506,0.5066,42114101.1
2023-09-01 06:00:00,0.5066,0.5071,0.5034,0.5052,57728986.7
2023-09-01 07:00:00,0.5052,0.5057,0.5022,0.5044,34799026.4
2023-09-01 08:00:00,0.5044,0.5055,0.5021,0.5034,25344460.2
2023-09-01 09:00:00,0.5035,0.5061,0.5032,0.505,34312580.3
2023-09-01 10:00:00,0.505,0.5064,0.5042,0.5055,17771098.2
2023-09-01 11:00:00,0.5055,0.5076,0.5043,0.5066,24990928.7
2023-09-01 12:00:00,0.5066,0.5081,0.5055,0.5068,34357249.4
2023-09-01 13:00:00,0.5068,0.5073,0.5037,0.5062,33639711.3
2023-09-01 14:00:00,0.5061,0.5064,0.4983,0.5012,85557900.6
2023-09-01 15:00:00,0.5013,0.5041,0.499,0.5013,60260586.7
2023-09-01 16:00:00,0.5014,0.502,0.495,0.4954,83169414.0
2023-09-01 17:00:00,0.4954,0.4978,0.4886,0.4932,171376962.5
2023-09-01 18:00:00,0.4932,0.4959,0.4863,0.488,76752230.8
2023-09-01 19:00:00,0.488,0.4924,0.4872,0.4919,41502098.3
2023-09-01 20:00:00,0.4919,0.4987,0.4913,0.4954,70721668.0
2023-09-01 21:00:00,0.4954,0.4975,0.4946,0.4964,18618759.5
2023-09-01 22:00:00,0.4965,0.4977,0.4955,0.4975,21924604.9
2023-09-01 23:00:00,0.4974,0.4982,0.4963,0.4975,14554624.6
2023-09-02 00:00:00,0.4976,0.4983,0.4962,0.4967,15177619.3
2023-09-02 01:00:00,0.4968,0.4977,0.4962,0.4967,13472838.4
2023-09-02 02:00:00,0.4966,0.4968,0.4941,0.4954,14899944.4
2023-09-02 03:00:00,0.4954,0.4981,0.4953,0.4977,11628354.3
2023-09-02 04:00:00,0.4977,0.4982,0.4965,0.4976,11150883.1
2023-09-02 05:00:00,0.4976,0.4986,0.495,0.496,24989007.6
2023-09-02 06:00:00,0.4961,0.4966,0.4949,0.4956,11524962.8
2023-09-02 07:00:00,0.4956,0.4966,0.4952,0.4959,11340481.5
2023-09-02 08:00:00,0.4959,0.4972,0.4947,0.4955,19906386.3
2023-09-02 09:00:00,0.4956,0.4967,0.4951,0.4959,14105275.7
2023-09-02 10:00:00,0.496,0.4968,0.4955,0.4965,9070137.9
2023-09-02 11:00:00,0.4966,0.4979,0.4963,0.497,14021522.2
2023-09-02 12:00:00,0.4969,0.4984,0.4964,0.4967,20741407.5
2023-09-02 13:00:00,0.4967,0.4984,0.4955,0.4976,20264473.8
2023-09-02 14:00:00,0.4977,0.5017,0.4973,0.5007,39603853.6
2023-09-02 15:00:00,0.5006,0.5025,0.4998,0.5002,42514965.9
2023-09-02 16:00:00,0.5002,0.501,0.4976,0.4978,25305108.5
2023-09-02 17:00:00,0.4979,0.4999,0.4961,0.4964,28490104.4
2023-09-02 18:00:00,0.4963,0.4972,0.4937,0.4963,35431746.5
2023-09-02 19:00:00,0.4962,0.4975,0.496,0.4967,13523001.5
2023-09-02 20:00:00,0.4967,0.4968,0.4951,0.4957,10127210.4
2023-09-02 21:00:00,0.4957,0.4986,0.4955,0.4976,13172229.8
2023-09-02 22:00:00,0.4977,0.4995,0.4975,0.4984,10383678.6
2023-09-02 23:00:00,0.4985,0.4993,0.4979,0.4985,6058468.3
2023-09-03 00:00:00,0.4985,0.499,0.4968,0.4987,12164772.2
2023-09-03 01:00:00,0.4986,0.4996,0.4971,0.4972,11511311.9
2023-09-03 02:00:00,0.4972,0.4988,0.4969,0.4986,7659526.8
2023-09-03 03:00:00,0.4987,0.5023,0.4981,0.502,16767294.1
2023-09-03 04:00:00,0.502,0.5023,0.5004,0.5008,14668051.0
2023-09-03 05:00:00,0.5009,0.5053,0.5007,0.5037,27353316.0
2023-09-03 06:00:00,0.5037,0.5052,0.503,0.504,22986812.9
2023-09-03 07:00:00,0.504,0.5044,0.5023,0.5037,14675890.2
2023-09-03 08:00:00,0.5036,0.5039,0.5013,0.5028,20876172.8
2023-09-03 09:00:00,0.5027,0.5028,0.5017,0.502,7822586.8
2023-09-03 10:00:00,0.5019,0.5026,0.5011,0.5025,10875601.6
2023-09-03 11:00:00,0.5025,0.503,0.5016,0.5022,9854213.2
2023-09-03 12:00:00,0.5023,0.5045,0.5005,0.5013,31883989.5
2023-09-03 13:00:00,0.5013,0.5021,0.499,0.5013,31271958.3
2023-09-03 14:00:00,0.5014,0.502,0.4996,0.5012,15288318.4
2023-09-03 15:00:00,0.5012,0.5016,0.5002,0.5015,10732351.1
2023-09-03 16:00:00,0.5014,0.5093,0.5014,0.5073,123248692.0
2023-09-03 17:00:00,0.5073,0.5106,0.5038,0.5053,66019024.1
2023-09-03 18:00:00,0.5053,0.5077,0.5042,0.5057,34522684.7
2023-09-03 19:00:00,0.5056,0.5063,0.5045,0.5058,19852185.7
2023-09-03 20:00:00,0.5058,0.5072,0.5043,0.5068,17472951.7
2023-09-03 21:00:00,0.5069,0.5072,0.5033,0.5042,24315440.5
2023-09-03 22:00:00,0.5041,0.5047,0.5033,0.5039,10677735.1
2023-09-03 23:00:00,0.504,0.5051,0.5036,0.5044,8326759.5
2023-09-04 00:00:00,0.5044,0.5077,0.504,0.5071,19464270.1
2023-09-04 01:00:00,0.5071,0.5088,0.5068,0.507,19633146.1
2023-09-04 02:00:00,0.507,0.509,0.5063,0.508,16087141.1
2023-09-04 03:00:00,0.5081,0.5127,0.5077,0.5094,59939585.8
2023-09-04 04:00:00,0.5095,0.5124,0.5092,0.5103,22597501.6
2023-09-04 05:00:00,0.5103,0.5112,0.5083,0.5089,21256516.1
2023-09-04 06:00:00,0.5088,0.5092,0.505,0.5052,36482310.0
2023-09-04 07:00:00,0.5051,0.5063,0.5006,0.5036,60659482.7
2023-09-04 08:00:00,0.5037,0.5062,0.5029,0.5034,43518570.6
2023-09-04 09:00:00,0.5033,0.5042,0.5017,0.5041,33727230.9
2023-09-04 10:00:00,0.5041,0.5046,0.502,0.5038,22077777.0
2023-09-04 11:00:00,0.5039,0.5041,0.5001,0.5008,27417084.5
2023-09-04 12:00:00,0.5008,0.5029,0.5001,0.5007,27359711.3
2023-09-04 13:00:00,0.5007,0.5033,0.5004,0.5027,17845966.3
2023-09-04 14:00:00,0.5027,0.5038,0.5014,0.5015,21634186.4
2023-09-04 15:00:00,0.5014,0.504,0.4962,0.5031,106664891.6
2023-09-04 16:00:00,0.5031,0.504,0.502,0.5036,21644019.4
2023-09-04 17:00:00,0.5037,0.5067,0.5031,0.5055,26482564.6
2023-09-04 18:00:00,0.5056,0.5084,0.5055,0.5072,23617428.1
2023-09-04 19:00:00,0.5071,0.5092,0.506,0.5086,34396359.7
2023-09-04 20:00:00,0.5087,0.5106,0.5063,0.5083,35044165.5
2023-09-04 21:00:00,0.5084,0.5089,0.5035,0.5044,44814063.5
2023-09-04 22:00:00,0.5043,0.5078,0.5035,0.5077,25629104.7
2023-09-04 23:00:00,0.5076,0.5087,0.507,0.5083,19424112.6
2023-09-05 00:00:00,0.5084,0.5086,0.5043,0.5044,22263114.8
2023-09-05 01:00:00,0.5043,0.5056,0.5037,0.5038,18587766.0
2023-09-05 02:00:00,0.5038,0.5044,0.5028,0.504,17762492.1
2023-09-05 03:00:00,0.5039,0.5054,0.5016,0.5052,44144753.8
2023-09-05 04:00:00,0.5052,0.5077,0.5052,0.5066,19843312.0
2023-09-05 05:00:00,0.5067,0.5073,0.5047,0.5049,21465974.1
2023-09-05 06:00:00,0.5049,0.5052,0.5023,0.5027,21069613.9
2023-09-05 07:00:00,0.5027,0.5045,0.5018,0.5043,28193936.4
2023-09-05 08:00:00,0.5043,0.5056,0.5012,0.5025,39997138.0
2023-09-05 09:00:00,0.5025,0.5044,0.5016,0.5031,21177556.8
2023-09-05 10:00:00,0.5032,0.5047,0.5028,0.504,15714430.5
2023-09-05 11:00:00,0.5039,0.5044,0.5023,0.5035,17855426.7
2023-09-05 12:00:00,0.5036,0.5037,0.5014,0.5031,36704140.8
2023-09-05 13:00:00,0.5031,0.5035,0.5007,0.5011,34779464.5
2023-09-05 14:00:00,0.501,0.5017,0.4987,0.501,53329148.7
2023-09-05 15:00:00,0.501,0.505,0.5008,0.502,63165260.9
2023-09-05 16:00:00,0.502,0.5039,0.5009,0.5013,25496443.8
2023-09-05 17:00:00,0.5012,0.5027,0.5001,0.5027,21108700.4
2023-09-05 18:00:00,0.5026,0.5032,0.5018,0.5026,12747215.2
2023-09-05 19:00:00,0.5026,0.5037,0.5022,0.5023,13417477.4
2023-09-05 20:00:00,0.5023,0.5039,0.5017,0.5039,12595301.4
2023-09-05 21:00:00,0.5038,0.5059,0.5036,0.5038,16821918.8
2023-09-05 22:00:00,0.5038,0.5054,0.5034,0.5052,15003449.0
2023-09-05 23:00:00,0.5052,0.5063,0.5048,0.5051,13878339.7
2023-09-06 00:00:00,0.5052,0.5055,0.5029,0.5047,19722160.7
2023-09-06 01:00:00,0.5048,0.5056,0.5037,0.504,13234585.1
2023-09-06 02:00:00,0.5041,0.5052,0.5037,0.505,9637527.8
2023-09-06 03:00:00,0.5049,0.5052,0.5036,0.504,36312127.0
2023-09-06 04:00:00,0.5041,0.5048,0.5037,0.5043,10615523.6
2023-09-06 05:00:00,0.5043,0.5045,0.5032,0.5033,10799469.6
2023-09-06 06:00:00,0.5032,0.5033,0.5005,0.5012,41905444.3
2023-09-06 07:00:00,0.5012,0.5025,0.5001,0.5018,28494991.0
2023-09-06 08:00:00,0.5018,0.5021,0.5003,0.5004,15614698.6
2023-09-06 09:00:00,0.5003,0.5021,0.4997,0.5016,25429435.3
2023-09-06 10:00:00,0.5016,0.5017,0.5006,0.5011,13106013.0
2023-09-06 11:00:00,0.5011,0.5016,0.5004,0.5012,12204476.7
2023-09-06 12:00:00,0.5012,0.5016,0.5005,0.5012,14028255.3
2023-09-06 13:00:00,0.5013,0.5025,0.5009,0.5018,18498655.4
2023-09-06 14:00:00,0.5017,0.5017,0.4969,0.4987,92607127.6
2023-09-06 15:00:00,0.4987,0.4991,0.4927,0.4972,67825045.7
2023-09-06 16:00:00,0.4972,0.498,0.4962,0.4967,24530610.5
2023-09-06 17:00:00,0.4967,0.5048,0.4907,0.502,134694868.7
2023-09-06 18:00:00,0.502,0.503,0.4972,0.4979,65870082.2
2023-09-06 19:00:00,0.4978,0.5013,0.4973,0.5007,22057252.6
2023-09-06 20:00:00,0.5007,0.502,0.5004,0.5008,13781631.3
2023-09-06 21:00:00,0.5007,0.5026,0.5005,0.5025,10844913.6
2023-09-06 22:00:00,0.5025,0.5035,0.5018,0.5022,15721440.9
2023-09-06 23:00:00,0.5021,0.5036,0.5019,0.503,9354106.2
2023-09-07 00:00:00,0.5031,0.5031,0.5,0.5012,20601149.7
2023-09-07 01:00:00,0.5012,0.5018,0.4995,0.501,16990451.4
2023-09-07 02:00:00,0.501,0.5019,0.5008,0.5019,13144892.0
2023-09-07 03:00:00,0.5018,0.5035,0.5018,0.5026,17578273.9
2023-09-07 04:00:00,0.5027,0.5033,0.5022,0.5031,11041263.6
2023-09-07 05:00:00,0.503,0.5042,0.5016,0.5017,19704311.6
2023-09-07 06:00:00,0.5016,0.5017,0.4988,0.4992,51274236.7
2023-09-07 07:00:00,0.4993,0.5003,0.4981,0.4998,19752680.8
2023-09-07 08:00:00,0.4997,0.5002,0.4967,0.4973,25392237.6
2023-09-07 09:00:00,0.4973,0.4985,0.4962,0.4983,22816990.6
2023-09-07 10:00:00,0.4982,0.4991,0.4977,0.4983,24674467.2
2023-09-07 11:00:00,0.4983,0.4988,0.4972,0.4979,13443506.4
2023-09-07 12:00:00,0.4979,0.4994,0.4969,0.4987,24096571.2
2023-09-07 13:00:00,0.4987,0.4999,0.4979,0.4982,22153902.4
2023-09-07 14:00:00,0.4982,0.4992,0.4973,0.499,20369385.4
2023-09-07 15:00:00,0.499,0.4999,0.4983,0.4991,20725226.9
2023-09-07 16:00:00,0.4991,0.5018,0.4989,0.5005,27351264.8
2023-09-07 17:00:00,0.5004,0.5013,0.4988,0.5011,23536741.2
2023-09-07 18:00:00,0.5011,0.5014,0.5003,0.501,10940714.2
2023-09-07 19:00:00,0.501,0.5015,0.5001,0.5009,12704815.5
2023-09-07 20:00:00,0.5008,0.5023,0.5002,0.5019,17489582.4
2023-09-07 21:00:00,0.5018,0.5066,0.5016,0.504,71569198.8
2023-09-07 22:00:00,0.504,0.5058,0.5039,0.505,26894270.0
2023-09-07 23:00:00,0.505,0.5056,0.5035,0.5046,20172651.5
2023-09-08 00:00:00,0.5047,0.5074,0.503,0.5061,26965074.5
2023-09-08 01:00:00,0.5061,0.5069,0.5044,0.5048,15442415.7
2023-09-08 02:00:00,0.5048,0.506,0.5031,0.5032,20605678.3
2023-09-08 03:00:00,0.5031,0.5049,0.5026,0.5046,13302426.7
2023-09-08 04:00:00,0.5046,0.5065,0.5046,0.505,28916521.5
2023-09-08 05:00:00,0.505,0.5062,0.5036,0.504,27689194.1
2023-09-08 06:00:00,0.5041,0.5042,0.5022,0.503,30386328.5
2023-09-08 07:00:00,0.503,0.5037,0.502,0.5033,17985699.0
2023-09-08 08:00:00,0.5033,0.5048,0.5031,0.5047,20571987.7
2023-09-08 09:00:00,0.5047,0.5048,0.4999,0.5002,38570707.5
2023-09-08 10:00:00,0.5002,0.5003,0.4937,0.4973,129492752.6
2023-09-08 11:00:00,0.4974,0.4986,0.497,0.498,17762124.4
2023-09-08 12:00:00,0.498,0.4998,0.4975,0.4992,24159924.1
2023-09-08 13:00:00,0.4992,0.5013,0.4987,0.5004,24221738.8
2023-09-08 14:00:00,0.5004,0.5012,0.4992,0.4999,16096163.3
2023-09-08 15:00:00,0.4999,0.5024,0.4999,0.5012,38802527.3
2023-09-08 16:00:00,0.5013,0.502,0.4998,0.5019,28339687.7
2023-09-08 17:00:00,0.5019,0.504,0.5009,0.5037,21105645.1
2023-09-08 18:00:00,0.5037,0.5044,0.5023,0.5035,19967378.9
2023-09-08 19:00:00,0.5034,0.5056,0.5027,0.5047,24008689.3
2023-09-08 20:00:00,0.5047,0.5062,0.5037,0.5042,20339198.7
2023-09-08 21:00:00,0.5042,0.5049,0.5028,0.5042,15712937.2
2023-09-08 22:00:00,0.5043,0.5049,0.504,0.5047,12680968.8
2023-09-08 23:00:00,0.5047,0.505,0.5039,0.5046,14413205.9
2023-09-09 00:00:00,0.5046,0.5046,0.5028,0.503,12032386.5
2023-09-09 01:00:00,0.503,0.5038,0.5028,0.5036,8600765.0
2023-09-09 02:00:00,0.5036,0.504,0.502,0.5025,10358178.8
2023-09-09 03:00:00,0.5025,0.5033,0.5012,0.5023,13153915.2
2023-09-09 04:00:00,0.5023,0.5025,0.5012,0.5021,12923356.9
2023-09-09 05:00:00,0.5021,0.5028,0.5017,0.5022,13465794.6
2023-09-09 06:00:00,0.5021,0.5036,0.5021,0.5035,12025283.1
2023-09-09 07:00:00,0.5034,0.5042,0.5029,0.5039,11870013.3
2023-09-09 08:00:00,0.5038,0.5046,0.5036,0.5039,13440992.6
2023-09-09 09:00:00,0.504,0.5042,0.5033,0.5034,9587341.1
2023-09-09 10:00:00,0.5035,0.5037,0.5029,0.5037,10903105.5
2023-09-09 11:00:00,0.5036,0.5039,0.5029,0.5035,8776596.4
2023-09-09 12:00:00,0.5034,0.5035,0.5022,0.5024,9460895.0
2023-09-09 13:00:00,0.5024,0.5027,0.5016,0.5024,12744976.9
2023-09-09 14:00:00,0.5023,0.5032,0.5019,0.5029,9273493.9
2023-09-09 15:00:00,0.503,0.5043,0.5028,0.5039,15870794.4
2023-09-09 16:00:00,0.5038,0.5043,0.5034,0.5039,9948370.2
2023-09-09 17:00:00,0.5039,0.504,0.503,0.5031,7531550.5
2023-09-09 18:00:00,0.5031,0.5033,0.5024,0.5028,6949067.4
2023-09-09 19:00:00,0.5029,0.5037,0.5025,0.5035,5300881.2
2023-09-09 20:00:00,0.5035,0.5037,0.5031,0.5032,6111641.3
2023-09-09 21:00:00,0.5033,0.5039,0.503,0.5033,5852450.7
2023-09-09 22:00:00,0.5034,0.5037,0.503,0.5035,8480862.0
2023-09-09 23:00:00,0.5035,0.5038,0.503,0.5035,6416777.8
2023-09-10 00:00:00,0.5034,0.5035,0.499,0.5015,41930510.9
2023-09-10 01:00:00,0.5015,0.5019,0.5004,0.5018,11787581.8
2023-09-10 02:00:00,0.5017,0.502,0.501,0.5016,7990193.7
2023-09-10 03:00:00,0.5017,0.5019,0.501,0.5015,8146320.4
2023-09-10 04:00:00,0.5015,0.5015,0.4949,0.4991,84370144.5
2023-09-10 05:00:00,0.4992,0.4993,0.4976,0.499,18735382.3
2023-09-10 06:00:00,0.499,0.4996,0.4987,0.4995,9739112.5
2023-09-10 07:00:00,0.4996,0.5007,0.4995,0.4997,13720813.0
2023-09-10 08:00:00,0.4997,0.5004,0.499,0.4997,11306594.8
2023-09-10 09:00:00,0.4997,0.5005,0.4985,0.4998,17576032.5
2023-09-10 10:00:00,0.4998,0.5003,0.4983,0.4987,10966532.5
2023-09-10 11:00:00,0.4988,0.4997,0.4984,0.4991,12011231.7
2023-09-10 12:00:00,0.4991,0.4997,0.499,0.4996,7754400.7
2023-09-10 13:00:00,0.4996,0.4999,0.4986,0.4996,11647659.3
2023-09-10 14:00:00,0.4995,0.4996,0.4958,0.4971,36746054.2
2023-09-10 15:00:00,0.4971,0.4972,0.4916,0.496,70799803.2
2023-09-10 16:00:00,0.4961,0.4971,0.4925,0.497,38979480.7
2023-09-10 17:00:00,0.497,0.4976,0.4944,0.4953,30573644.8
2023-09-10 18:00:00,0.4953,0.4982,0.495,0.4969,21097506.8
2023-09-10 19:00:00,0.497,0.4992,0.4938,0.498,32427874.9
2023-09-10 20:00:00,0.4979,0.5004,0.4974,0.4997,39511980.5
2023-09-10 21:00:00,0.4996,0.5003,0.499,0.4997,12689679.8
2023-09-10 22:00:00,0.4997,0.501,0.4983,0.4984,21307381.5
2023-09-10 23:00:00,0.4984,0.4986,0.4966,0.4967,14255173.8
2023-09-11 00:00:00,0.4968,0.498,0.4921,0.4936,38584638.1
2023-09-11 01:00:00,0.4935,0.4947,0.4911,0.493,39086395.3
2023-09-11 02:00:00,0.493,0.4949,0.4923,0.4948,19763263.3
2023-09-11 03:00:00,0.4948,0.4967,0.4945,0.4964,52606564.8
2023-09-11 04:00:00,0.4964,0.4965,0.4952,0.4959,12537655.0
2023-09-11 05:00:00,0.4959,0.4964,0.4947,0.4954,17779448.7
2023-09-11 06:00:00,0.4954,0.4957,0.492,0.4923,31111401.1
2023-09-11 07:00:00,0.4923,0.4924,0.4755,0.4853,238510496.4
2023-09-11 08:00:00,0.4853,0.4853,0.4803,0.4822,69362798.4
2023-09-11 09:00:00,0.4821,0.4831,0.4765,0.479,97989723.1
2023-09-11 10:00:00,0.479,0.4791,0.4567,0.4721,258456471.2
2023-09-11 11:00:00,0.4721,0.4742,0.4679,0.4694,71699029.5
2023-09-11 12:00:00,0.4694,0.4755,0.4691,0.4748,60555471.9
2023-09-11 13:00:00,0.4748,0.4767,0.4733,0.4745,57598307.7
2023-09-11 14:00:00,0.4746,0.4753,0.469,0.4726,166775265.5
2023-09-11 15:00:00,0.4727,0.4738,0.4687,0.4719,68044478.0
2023-09-11 16:00:00,0.4718,0.4731,0.4703,0.4713,32202205.0
2023-09-11 17:00:00,0.4712,0.4735,0.4672,0.4734,45105415.1
2023-09-11 18:00:00,0.4735,0.474,0.4705,0.4715,37222152.3
2023-09-11 19:00:00,0.4716,0.4729,0.463,0.4688,97664411.2
2023-09-11 20:00:00,0.4688,0.4716,0.4668,0.4716,39442997.9
2023-09-11 21:00:00,0.4716,0.4731,0.4706,0.471,20943743.2
2023-09-11 22:00:00,0.471,0.4734,0.4709,0.4725,17539042.1
2023-09-11 23:00:00,0.4726,0.4753,0.4718,0.474,26414426.0
2023-09-12 00:00:00,0.4739,0.4746,0.4712,0.4721,33878046.0
2023-09-12 01:00:00,0.4721,0.4729,0.4698,0.4702,24170959.7
2023-09-12 02:00:00,0.4701,0.473,0.4698,0.4723,18879525.7
2023-09-12 03:00:00,0.4724,0.4841,0.4723,0.4788,143711375.2
2023-09-12 04:00:00,0.4788,0.4808,0.478,0.4787,44899546.4
2023-09-12 05:00:00,0.4787,0.479,0.4764,0.4776,44756373.3
2023-09-12 06:00:00,0.4776,0.4786,0.4722,0.4731,55532870.0
2023-09-12 07:00:00,0.4732,0.4747,0.471,0.4746,41410107.5
2023-09-12 08:00:00,0.4746,0.4756,0.4712,0.4717,33301912.8
2023-09-12 09:00:00,0.4717,0.4733,0.4699,0.4727,47591202.0
2023-09-12 10:00:00,0.4727,0.4843,0.472,0.4804,169812357.3
2023-09-12 11:00:00,0.4804,0.4806,0.4776,0.4787,34347978.4
2023-09-12 12:00:00,0.4787,0.4811,0.478,0.4782,47056812.9
2023-09-12 13:00:00,0.4782,0.4803,0.4761,0.4801,53775363.8
2023-09-12 14:00:00,0.4801,0.4813,0.4777,0.4791,53470045.1
2023-09-12 15:00:00,0.4791,0.4827,0.479,0.4825,40738488.3
2023-09-12 16:00:00,0.4824,0.487,0.4809,0.4816,110454745.6
2023-09-12 17:00:00,0.4817,0.4827,0.477,0.4791,66544544.4
2023-09-12 18:00:00,0.4792,0.481,0.4787,0.48,29447433.4
2023-09-12 19:00:00,0.48,0.4828,0.4798,0.4815,41714417.2
2023-09-12 20:00:00,0.4815,0.4842,0.4813,0.4823,21010061.3
2023-09-12 21:00:00,0.4823,0.4835,0.4815,0.4824,16227929.3
2023-09-12 22:00:00,0.4823,0.4827,0.4809,0.4822,16115827.4
2023-09-12 23:00:00,0.4821,0.4821,0.4796,0.4799,27390523.0
2023-09-13 00:00:00,0.48,0.4803,0.4782,0.4792,26882977.7
2023-09-13 01:00:00,0.4791,0.4811,0.4785,0.4807,16787410.0
2023-09-13 02:00:00,0.4807,0.4812,0.4801,0.4807,16221711.8
2023-09-13 03:00:00,0.4806,0.4808,0.4768,0.4786,26394286.4
2023-09-13 04:00:00,0.4786,0.48,0.4778,0.4796,19962511.1
2023-09-13 05:00:00,0.4796,0.4799,0.4763,0.4766,24608257.5
2023-09-13 06:00:00,0.4766,0.477,0.4742,0.4761,45985309.4
2023-09-13 07:00:00,0.4761,0.4893,0.4725,0.4746,241890495.2
2023-09-13 08:00:00,0.4745,0.4783,0.4741,0.4782,44429609.1
2023-09-13 09:00:00,0.4781,0.4806,0.4772,0.4788,45755051.9
2023-09-13 10:00:00,0.4787,0.4808,0.478,0.4807,28031639.3
2023-09-13 11:00:00,0.4807,0.4822,0.4804,0.4813,34806877.9
2023-09-13 12:00:00,0.4814,0.4827,0.4778,0.4813,71104902.5
2023-09-13 13:00:00,0.4813,0.4816,0.4791,0.4807,30741150.3
2023-09-13 14:00:00,0.4807,0.4835,0.4794,0.4818,43598340.7
2023-09-13 15:00:00,0.4818,0.4843,0.4813,0.4829,32583035.6
2023-09-13 16:00:00,0.4829,0.4841,0.4817,0.4832,26971648.9
2023-09-13 17:00:00,0.4833,0.4844,0.4796,0.4805,46715490.2
2023-09-13 18:00:00,0.4804,0.4818,0.4792,0.4801,22721503.4
2023-09-13 19:00:00,0.4801,0.4828,0.4791,0.4814,21875981.4
2023-09-13 20:00:00,0.4814,0.4843,0.4814,0.4829,18232168.2
2023-09-13 21:00:00,0.483,0.4841,0.4826,0.4838,9471234.3
2023-09-13 22:00:00,0.4839,0.4853,0.4836,0.484,14819701.1
2023-09-13 23:00:00,0.4841,0.4846,0.4828,0.4829,13617362.2
2023-09-14 00:00:00,0.4828,0.487,0.4814,0.4853,48638699.8
2023-09-14 01:00:00,0.4853,0.4862,0.4808,0.4822,59403818.4
2023-09-14 02:00:00,0.4822,0.4845,0.482,0.4843,17787797.7
2023-09-14 03:00:00,0.4844,0.486,0.4834,0.4847,19776522.4
2023-09-14 04:00:00,0.4847,0.4851,0.4826,0.4829,16249302.1
2023-09-14 05:00:00,0.4829,0.4836,0.4811,0.4811,20244167.9
2023-09-14 06:00:00,0.4812,0.4814,0.4796,0.4807,34037814.9
2023-09-14 07:00:00,0.4808,0.4822,0.4797,0.481,30565702.4
2023-09-14 08:00:00,0.481,0.4829,0.4802,0.4805,25768202.6
2023-09-14 09:00:00,0.4805,0.4816,0.4801,0.4812,16170714.9
2023-09-14 10:00:00,0.4811,0.4815,0.4801,0.4813,11089090.3
2023-09-14 11:00:00,0.4813,0.4837,0.4812,0.4831,23355015.4
2023-09-14 12:00:00,0.4831,0.4839,0.4814,0.4837,36608875.3
2023-09-14 13:00:00,0.4837,0.4861,0.4832,0.4846,52535458.0
2023-09-14 14:00:00,0.4847,0.489,0.484,0.4885,54668010.7
2023-09-14 15:00:00,0.4886,0.49,0.4872,0.4877,51094150.5
2023-09-14 16:00:00,0.4877,0.4883,0.4853,0.4873,31649935.0
2023-09-14 17:00:00,0.4873,0.491,0.4873,0.4896,32830569.6
2023-09-14 18:00:00,0.4896,0.4939,0.489,0.4892,53128729.8
2023-09-14 19:00:00,0.4893,0.4932,0.4888,0.4929,23957550.5
2023-09-14 20:00:00,0.4929,0.4935,0.4893,0.4896,22896025.2
2023-09-14 21:00:00,0.4896,0.4911,0.4891,0.4901,19121694.6
2023-09-14 22:00:00,0.4901,0.4918,0.4901,0.4911,13846770.6
2023-09-14 23:00:00,0.4911,0.4913,0.4882,0.4888,20852135.4
2023-09-15 00:00:00,0.4889,0.4919,0.4887,0.4917,25428610.0
2023-09-15 01:00:00,0.4917,0.4927,0.4906,0.4924,21076474.9
2023-09-15 02:00:00,0.4924,0.4999,0.4923,0.4963,92637851.4
2023-09-15 03:00:00,0.4963,0.4979,0.495,0.4977,25740959.4
2023-09-15 04:00:00,0.4977,0.5085,0.4972,0.5029,106381805.5
2023-09-15 05:00:00,0.503,0.5051,0.5,0.5007,60266839.7
2023-09-15 06:00:00,0.5006,0.5008,0.4956,0.4977,64517885.7
2023-09-15 07:00:00,0.4977,0.4982,0.4933,0.4935,65924393.0
2023-09-15 08:00:00,0.4936,0.4973,0.4929,0.4966,58711168.1
2023-09-15 09:00:00,0.4965,0.4986,0.4958,0.4981,40204068.0
2023-09-15 10:00:00,0.4981,0.4982,0.4945,0.4965,34317530.5
2023-09-15 11:00:00,0.4964,0.4966,0.4926,0.4935,38351393.2
2023-09-15 12:00:00,0.4936,0.4945,0.4912,0.4921,41437253.4
2023-09-15 13:00:00,0.4921,0.4943,0.492,0.4922,30782145.3
2023-09-15 14:00:00,0.4923,0.4933,0.487,0.4894,90153871.8
2023-09-15 15:00:00,0.4894,0.4937,0.4892,0.4932,38412848.6
2023-09-15 16:00:00,0.4931,0.4947,0.4927,0.4946,24813372.5
2023-09-15 17:00:00,0.4946,0.4956,0.4935,0.4939,21863152.7
2023-09-15 18:00:00,0.494,0.4964,0.4935,0.4961,14543514.4
2023-09-15 19:00:00,0.4961,0.4999,0.4961,0.4977,36122086.8
2023-09-15 20:00:00,0.4978,0.5018,0.4975,0.5004,34455750.9
2023-09-15 21:00:00,0.5003,0.5026,0.4987,0.5005,29332096.1
2023-09-15 22:00:00,0.5006,0.5035,0.4993,0.5024,48936998.1
2023-09-15 23:00:00,0.5023,0.5028,0.4998,0.5001,32876795.8
2023-09-16 00:00:00,0.5001,0.5008,0.4981,0.4989,20494645.7
2023-09-16 01:00:00,0.4989,0.5009,0.4976,0.5007,19343266.1
2023-09-16 02:00:00,0.5007,0.5032,0.5006,0.5016,34134172.8
2023-09-16 03:00:00,0.5017,0.5032,0.4995,0.5001,26898387.4
2023-09-16 04:00:00,0.5002,0.501,0.4987,0.5001,25102720.9
2023-09-16 05:00:00,0.5002,0.5004,0.4987,0.4997,18357472.8
2023-09-16 06:00:00,0.4998,0.5003,0.498,0.4986,16104203.6
2023-09-16 07:00:00,0.4985,0.4995,0.4981,0.4989,11187780.9
2023-09-16 08:00:00,0.4989,0.5022,0.4987,0.4999,34943613.5
2023-09-16 09:00:00,0.5,0.5018,0.4998,0.5001,22026174.8
2023-09-16 10:00:00,0.5001,0.5021,0.4994,0.5017,21040424.0
2023-09-16 11:00:00,0.5018,0.502,0.5,0.5005,18304157.6
2023-09-16 12:00:00,0.5006,0.5016,0.4997,0.5014,17601776.8
2023-09-16 13:00:00,0.5015,0.5018,0.4989,0.4999,20321882.3
2023-09-16 14:00:00,0.4999,0.5005,0.4982,0.4986,17390898.6
2023-09-16 15:00:00,0.4985,0.5002,0.4965,0.4991,29306575.6
2023-09-16 16:00:00,0.499,0.5001,0.4982,0.4999,15057512.0
2023-09-16 17:00:00,0.4998,0.5023,0.4997,0.5021,26267924.0
2023-09-16 18:00:00,0.5022,0.5022,0.5001,0.5007,12986407.9
2023-09-16 19:00:00,0.5007,0.5008,0.499,0.4999,12432327.0
2023-09-16 20:00:00,0.4998,0.5001,0.4985,0.4988,11200940.6
2023-09-16 21:00:00,0.4988,0.5,0.4987,0.4998,7523370.5
2023-09-16 22:00:00,0.4999,0.5007,0.4997,0.5,11270432.7
2023-09-16 23:00:00,0.5001,0.5001,0.4983,0.4995,15816805.4
2023-09-17 00:00:00,0.4994,0.4996,0.4945,0.4955,58984383.4
2023-09-17 01:00:00,0.4955,0.496,0.4918,0.4952,52491612.2
2023-09-17 02:00:00,0.4952,0.4972,0.4952,0.4958,17091219.1
2023-09-17 03:00:00,0.4958,0.4972,0.4956,0.4971,14209073.4
2023-09-17 04:00:00,0.4971,0.4973,0.4958,0.4967,13513109.3
2023-09-17 05:00:00,0.4967,0.497,0.4929,0.4938,35799080.6
2023-09-17 06:00:00,0.4938,0.4952,0.4931,0.4951,13802814.5
2023-09-17 07:00:00,0.495,0.4956,0.494,0.4943,11750216.2
2023-09-17 08:00:00,0.4944,0.4968,0.4941,0.4967,18476768.3
2023-09-17 09:00:00,0.4966,0.4973,0.4958,0.4971,13184492.6
2023-09-17 10:00:00,0.4971,0.4984,0.4967,0.498,13710177.8
2023-09-17 11:00:00,0.4979,0.4982,0.4968,0.4971,11920324.4
2023-09-17 12:00:00,0.4971,0.4976,0.4963,0.4974,11230361.7
2023-09-17 13:00:00,0.4974,0.4979,0.497,0.4976,11508714.7
2023-09-17 14:00:00,0.4976,0.5001,0.4976,0.499,27317170.5
2023-09-17 15:00:00,0.4991,0.5001,0.4978,0.4996,19513822.9
2023-09-17 16:00:00,0.4996,0.5,0.4971,0.4974,26710511.4
2023-09-17 17:00:00,0.4974,0.4989,0.4952,0.4958,28328996.7
2023-09-17 18:00:00,0.4957,0.4972,0.4947,0.4966,15862443.4
2023-09-17 19:00:00,0.4966,0.4971,0.4963,0.4968,7092682.7
2023-09-17 20:00:00,0.4968,0.4971,0.4888,0.4909,68999672.8
2023-09-17 21:00:00,0.4909,0.4928,0.4896,0.4916,30591981.6
2023-09-17 22:00:00,0.4915,0.4927,0.491,0.4924,17169832.2
2023-09-17 23:00:00,0.4924,0.4928,0.4909,0.4922,17865209.1
2023-09-18 00:00:00,0.4922,0.4933,0.4863,0.4889,60830628.5
2023-09-18 01:00:00,0.4888,0.491,0.4883,0.4909,22920940.0
2023-09-18 02:00:00,0.4909,0.4965,0.4898,0.4945,59279345.9
2023-09-18 03:00:00,0.4946,0.4977,0.4943,0.4973,25046826.0
2023-09-18 04:00:00,0.4973,0.4986,0.4958,0.4969,24496944.4
2023-09-18 05:00:00,0.4969,0.4978,0.4946,0.4948,25337788.2
2023-09-18 06:00:00,0.4947,0.4953,0.4916,0.492,32313157.0
2023-09-18 07:00:00,0.492,0.4935,0.4906,0.491,36907779.1
2023-09-18 08:00:00,0.491,0.494,0.4907,0.4939,23170233.3
2023-09-18 09:00:00,0.4939,0.496,0.4932,0.4956,40829831.5
2023-09-18 10:00:00,0.4957,0.5,0.4954,0.4995,58660015.2
2023-09-18 11:00:00,0.4995,0.5017,0.4983,0.5015,61903565.2
2023-09-18 12:00:00,0.5015,0.5037,0.4991,0.5032,67665932.4
2023-09-18 13:00:00,0.5032,0.5037,0.5002,0.5024,47628878.2
2023-09-18 14:00:00,0.5024,0.5075,0.5006,0.5054,58609414.1
2023-09-18 15:00:00,0.5054,0.5063,0.5035,0.5038,32256923.6
2023-09-18 16:00:00,0.5038,0.5047,0.5018,0.5041,31384883.6
2023-09-18 17:00:00,0.5041,0.5049,0.4976,0.4996,98750439.4
2023-09-18 18:00:00,0.4995,0.5025,0.4988,0.4999,42440632.6
2023-09-18 19:00:00,0.4999,0.5046,0.4995,0.5036,34573901.4
2023-09-18 20:00:00,0.5037,0.505,0.5023,0.5042,26162150.3
2023-09-18 21:00:00,0.5042,0.506,0.5024,0.5058,25639902.8
2023-09-18 22:00:00,0.5059,0.5069,0.5036,0.505,26433126.0
2023-09-18 23:00:00,0.505,0.505,0.5016,0.5027,26048760.7
2023-09-19 00:00:00,0.5027,0.5036,0.5002,0.5023,27626504.8
2023-09-19 01:00:00,0.5023,0.5034,0.5015,0.5032,14959918.9
2023-09-19 02:00:00,0.5031,0.5154,0.5031,0.5107,104625609.8
2023-09-19 03:00:00,0.5108,0.5128,0.5072,0.5085,46740003.1
2023-09-19 04:00:00,0.5085,0.5096,0.5073,0.5089,28290115.9
2023-09-19 05:00:00,0.509,0.5108,0.5081,0.5093,28405823.4
2023-09-19 06:00:00,0.5092,0.5099,0.5052,0.5058,41046787.8
2023-09-19 07:00:00,0.5057,0.5067,0.5032,0.5036,39522582.4
2023-09-19 08:00:00,0.5036,0.507,0.5034,0.5069,33020505.7
2023-09-19 09:00:00,0.5069,0.5105,0.5062,0.5088,59687026.0
2023-09-19 10:00:00,0.5088,0.5099,0.5073,0.5082,40406603.5
2023-09-19 11:00:00,0.5083,0.5094,0.5066,0.5092,27946115.6
2023-09-19 12:00:00,0.5092,0.5103,0.507,0.5082,31635451.9
2023-09-19 13:00:00,0.5083,0.51,0.5064,0.5075,35406661.1
2023-09-19 14:00:00,0.5075,0.5099,0.506,0.509,37752008.9
2023-09-19 15:00:00,0.5089,0.5118,0.508,0.5115,49743811.4
2023-09-19 16:00:00,0.5116,0.5126,0.5092,0.5099,36958225.8
2023-09-19 17:00:00,0.5099,0.5142,0.5077,0.5122,64676979.1
2023-09-19 18:00:00,0.5122,0.5166,0.5122,0.5126,56485542.1
2023-09-19 19:00:00,0.5127,0.5155,0.5121,0.5152,24184646.6
2023-09-19 20:00:00,0.5152,0.5153,0.5116,0.5127,31457049.5
2023-09-19 21:00:00,0.5128,0.5131,0.5106,0.5118,15523307.1
2023-09-19 22:00:00,0.5119,0.5142,0.5115,0.5133,13988377.6
2023-09-19 23:00:00,0.5132,0.5137,0.5123,0.5134,16481157.3
2023-09-20 00:00:00,0.5134,0.5138,0.511,0.5125,18364925.0
2023-09-20 01:00:00,0.5125,0.5151,0.5119,0.5148,15977711.6
2023-09-20 02:00:00,0.5147,0.5206,0.5143,0.5158,72004652.5
2023-09-20 03:00:00,0.5159,0.5253,0.5156,0.5234,101024813.1
2023-09-20 04:00:00,0.5233,0.5235,0.5193,0.5198,56942329.9
2023-09-20 05:00:00,0.5199,0.5207,0.5172,0.5178,46247906.6
2023-09-20 06:00:00,0.5177,0.5197,0.5127,0.5144,62648217.0
2023-09-20 07:00:00,0.5144,0.5172,0.5133,0.5139,43627036.9
2023-09-20 08:00:00,0.514,0.516,0.5114,0.516,45318808.7
2023-09-20 09:00:00,0.5159,0.5166,0.5118,0.5143,58554499.4
2023-09-20 10:00:00,0.5143,0.5147,0.5057,0.5127,95078014.7
2023-09-20 11:00:00,0.5126,0.5157,0.5114,0.5153,35131642.4
2023-09-20 12:00:00,0.5154,0.5159,0.5108,0.5129,40782290.6
2023-09-20 13:00:00,0.5129,0.515,0.5097,0.5134,42731909.4
2023-09-20 14:00:00,0.5134,0.5161,0.5124,0.5148,39503450.9
2023-09-20 15:00:00,0.5147,0.5193,0.5136,0.5175,39143048.3
2023-09-20 16:00:00,0.5175,0.5205,0.5166,0.5174,53426704.8
2023-09-20 17:00:00,0.5175,0.5209,0.517,0.5189,42739237.9
2023-09-20 18:00:00,0.5188,0.522,0.5168,0.5205,72090631.7
2023-09-20 19:00:00,0.5205,0.5211,0.5106,0.5161,101885783.2
2023-09-20 20:00:00,0.516,0.5179,0.5132,0.5179,32462887.5
2023-09-20 21:00:00,0.5179,0.5249,0.5169,0.5229,53570092.9
2023-09-20 22:00:00,0.5229,0.523,0.52,0.5206,29459954.1
2023-09-20 23:00:00,0.5206,0.522,0.5188,0.5209,20446619.8
2023-09-21 00:00:00,0.521,0.5211,0.5161,0.5163,41201329.5
2023-09-21 01:00:00,0.5163,0.5168,0.5126,0.5146,36738478.1
2023-09-21 02:00:00,0.5146,0.5168,0.5143,0.5151,24223766.2
2023-09-21 03:00:00,0.5151,0.5183,0.5151,0.5182,18999478.9
2023-09-21 04:00:00,0.5182,0.5183,0.5152,0.5169,21655577.8
2023-09-21 05:00:00,0.5169,0.5169,0.5139,0.5162,24944804.7
2023-09-21 06:00:00,0.5162,0.5163,0.5106,0.5132,47026829.7
2023-09-21 07:00:00,0.5132,0.5135,0.5083,0.5093,56700567.0
2023-09-21 08:00:00,0.5092,0.5116,0.5071,0.5073,53121387.8
2023-09-21 09:00:00,0.5073,0.5096,0.5051,0.5074,68761071.3
2023-09-21 10:00:00,0.5073,0.508,0.5003,0.5013,87082483.8
2023-09-21 11:00:00,0.5013,0.5054,0.5009,0.5051,37389286.9
2023-09-21 12:00:00,0.505,0.5065,0.5042,0.5052,36706814.8
2023-09-21 13:00:00,0.5052,0.5053,0.5,0.5034,58166505.0
2023-09-21 14:00:00,0.5035,0.5052,0.5027,0.5046,28992453.1
2023-09-21 15:00:00,0.5047,0.506,0.5037,0.5047,18941385.2
2023-09-21 16:00:00,0.5048,0.5051,0.5036,0.5044,18022742.5
2023-09-21 17:00:00,0.5044,0.5088,0.5044,0.5086,42665746.9
2023-09-21 18:00:00,0.5085,0.5104,0.5078,0.51,31189576.8
2023-09-21 19:00:00,0.51,0.511,0.5091,0.5107,20311019.3
2023-09-21 20:00:00,0.5107,0.5109,0.506,0.5079,39076695.3
2023-09-21 21:00:00,0.5079,0.5079,0.5051,0.5074,13762079.8
2023-09-21 22:00:00,0.5074,0.5082,0.5067,0.5079,10146686.2
2023-09-21 23:00:00,0.5079,0.508,0.5059,0.5068,13048839.3
2023-09-22 00:00:00,0.5069,0.5094,0.5033,0.509,45427464.2
2023-09-22 01:00:00,0.509,0.5105,0.5072,0.5093,22890000.3
2023-09-22 02:00:00,0.5093,0.5114,0.5091,0.5093,22324220.3
2023-09-22 03:00:00,0.5093,0.5128,0.5092,0.5123,22350097.5
2023-09-22 04:00:00,0.5124,0.514,0.5113,0.5131,28354238.1
2023-09-22 05:00:00,0.5131,0.5132,0.5104,0.5105,22599353.1
2023-09-22 06:00:00,0.5104,0.5112,0.5071,0.5081,36275020.6
2023-09-22 07:00:00,0.508,0.5114,0.5077,0.5114,29266629.6
2023-09-22 08:00:00,0.5114,0.5139,0.5081,0.5084,46070032.1
2023-09-22 09:00:00,0.5084,0.51,0.508,0.5092,16782734.7
2023-09-22 10:00:00,0.5093,0.5093,0.5068,0.5081,25423541.1
2023-09-22 11:00:00,0.5081,0.5106,0.5081,0.5095,17064317.0
2023-09-22 12:00:00,0.5095,0.5107,0.5089,0.5091,18027732.3
2023-09-22 13:00:00,0.5091,0.5112,0.5087,0.5108,23313748.9
2023-09-22 14:00:00,0.5108,0.5118,0.5096,0.5117,22610459.6
2023-09-22 15:00:00,0.5117,0.512,0.5102,0.5104,19046383.2
2023-09-22 16:00:00,0.5103,0.5113,0.5082,0.5088,21182996.9
2023-09-22 17:00:00,0.5088,0.5155,0.5087,0.514,77101234.8
2023-09-22 18:00:00,0.514,0.516,0.5131,0.5144,34671043.4
2023-09-22 19:00:00,0.5144,0.5168,0.5135,0.5146,33510820.2
2023-09-22 20:00:00,0.5146,0.5155,0.5107,0.5118,42785890.0
2023-09-22 21:00:00,0.5118,0.5134,0.5107,0.5133,11434174.4
2023-09-22 22:00:00,0.5132,0.5138,0.5124,0.5137,15377165.0
2023-09-22 23:00:00,0.5137,0.5138,0.5115,0.512,13308929.5
2023-09-23 00:00:00,0.5119,0.5128,0.5101,0.5123,20295540.2
2023-09-23 01:00:00,0.5123,0.5125,0.5106,0.5114,13896178.0
2023-09-23 02:00:00,0.5114,0.5128,0.5112,0.5127,11534826.5
2023-09-23 03:00:00,0.5127,0.513,0.511,0.511,12822018.1
2023-09-23 04:00:00,0.511,0.5128,0.5102,0.5122,17620103.3
2023-09-23 05:00:00,0.5122,0.5135,0.5118,0.512,12948545.1
2023-09-23 06:00:00,0.512,0.5131,0.5118,0.5126,8251613.5
2023-09-23 07:00:00,0.5125,0.5132,0.5113,0.5117,10945337.3
2023-09-23 08:00:00,0.5117,0.5131,0.5115,0.5127,9173315.6
2023-09-23 09:00:00,0.5127,0.5129,0.5118,0.5122,6384982.5
2023-09-23 10:00:00,0.5121,0.5122,0.5109,0.511,10848533.8
2023-09-23 11:00:00,0.511,0.5126,0.5109,0.5123,11245663.7
2023-09-23 12:00:00,0.5123,0.5125,0.51,0.5108,16634275.0
2023-09-23 13:00:00,0.5107,0.5108,0.5078,0.509,30623337.3
2023-09-23 14:00:00,0.5091,0.5106,0.5083,0.5097,14244520.0
2023-09-23 15:00:00,0.5097,0.5098,0.5077,0.5097,18696350.4
2023-09-23 16:00:00,0.5096,0.5105,0.5081,0.5104,12494852.6
2023-09-23 17:00:00,0.5105,0.5106,0.5091,0.5101,11887414.3
2023-09-23 18:00:00,0.5101,0.5108,0.5093,0.5098,9761198.0
2023-09-23 19:00:00,0.5098,0.5105,0.5095,0.5098,6181541.2
2023-09-23 20:00:00,0.5098,0.51,0.5082,0.5085,8365905.1
2023-09-23 21:00:00,0.5085,0.5091,0.5077,0.5085,8128286.3
2023-09-23 22:00:00,0.5085,0.5089,0.5063,0.5068,14412293.8
2023-09-23 23:00:00,0.5069,0.5074,0.5051,0.5073,24017310.2
2023-09-24 00:00:00,0.5073,0.5093,0.5066,0.5078,24197425.2
2023-09-24 01:00:00,0.5077,0.508,0.5057,0.5079,16857696.7
2023-09-24 02:00:00,0.508,0.509,0.5077,0.5087,9769804.3
2023-09-24 03:00:00,0.5088,0.5093,0.5075,0.5075,7616160.4
2023-09-24 04:00:00,0.5076,0.5088,0.5071,0.5081,11878827.8
2023-09-24 05:00:00,0.508,0.5087,0.5073,0.5085,6451409.3
2023-09-24 06:00:00,0.5084,0.5085,0.5076,0.5076,6194696.8
2023-09-24 07:00:00,0.5076,0.5085,0.5074,0.508,6124672.6
2023-09-24 08:00:00,0.5079,0.5091,0.5078,0.5091,6056838.3
2023-09-24 09:00:00,0.5091,0.5104,0.5087,0.5104,15501956.2
2023-09-24 10:00:00,0.5104,0.5108,0.5092,0.5096,11627091.4
2023-09-24 11:00:00,0.5096,0.5115,0.5095,0.5109,13143880.6
2023-09-24 12:00:00,0.5109,0.5114,0.5094,0.5103,15388370.9
2023-09-24 13:00:00,0.5104,0.5111,0.5094,0.5094,10421086.0
2023-09-24 14:00:00,0.5094,0.5108,0.5093,0.5101,10114961.7
2023-09-24 15:00:00,0.5101,0.5102,0.508,0.5091,15583679.8
2023-09-24 16:00:00,0.5091,0.5092,0.5076,0.5081,15278115.7
2023-09-24 17:00:00,0.5082,0.5106,0.508,0.5099,13677026.1
2023-09-24 18:00:00,0.5099,0.5105,0.5055,0.5089,35291738.4
2023-09-24 19:00:00,0.509,0.5091,0.505,0.5064,25847810.4
2023-09-24 20:00:00,0.5064,0.5065,0.5031,0.5059,26762450.3
2023-09-24 21:00:00,0.5058,0.5067,0.5049,0.5066,7162755.0
2023-09-24 22:00:00,0.5066,0.5075,0.5055,0.5066,9427085.4
2023-09-24 23:00:00,0.5066,0.5067,0.4971,0.5017,71158249.9
2023-09-25 00:00:00,0.5017,0.502,0.4952,0.5007,77889503.9
2023-09-25 01:00:00,0.5007,0.502,0.4987,0.4996,33211190.8
2023-09-25 02:00:00,0.4996,0.5023,0.4991,0.5021,19952739.2
2023-09-25 03:00:00,0.5021,0.5037,0.5013,0.5018,16386700.3
2023-09-25 04:00:00,0.5017,0.5032,0.5006,0.5023,16731049.1
2023-09-25 05:00:00,0.5023,0.5024,0.497,0.4982,50392121.2
2023-09-25 06:00:00,0.4982,0.4985,0.4941,0.4951,55876848.1
2023-09-25 07:00:00,0.4952,0.4969,0.4908,0.4959,94529781.0
2023-09-25 08:00:00,0.496,0.4968,0.4929,0.4944,40151638.7
2023-09-25 09:00:00,0.4944,0.4954,0.4932,0.4941,23455841.4
2023-09-25 10:00:00,0.494,0.4963,0.4937,0.4951,17771610.3
2023-09-25 11:00:00,0.495,0.4957,0.493,0.4953,25710821.1
2023-09-25 12:00:00,0.4954,0.4973,0.494,0.4969,33374934.4
2023-09-25 13:00:00,0.4968,0.4982,0.4961,0.4971,27734849.1
2023-09-25 14:00:00,0.4972,0.4976,0.4955,0.4959,18141640.5
2023-09-25 15:00:00,0.4959,0.4997,0.4959,0.4989,35013460.1
2023-09-25 16:00:00,0.4989,0.5027,0.4989,0.5003,58807694.3
2023-09-25 17:00:00,0.5004,0.5064,0.5002,0.5049,72372977.6
2023-09-25 18:00:00,0.505,0.5069,0.5036,0.5053,43148420.9
2023-09-25 19:00:00,0.5054,0.5061,0.5034,0.5058,28262203.7
2023-09-25 20:00:00,0.5059,0.5069,0.5014,0.5017,44413584.0
2023-09-25 21:00:00,0.5018,0.5038,0.5017,0.5037,15189205.0
2023-09-25 22:00:00,0.5037,0.5061,0.5032,0.5044,25154441.4
2023-09-25 23:00:00,0.5043,0.5056,0.5043,0.5051,12022140.1
2023-09-26 00:00:00,0.5052,0.5055,0.5016,0.5019,27043313.5
2023-09-26 01:00:00,0.502,0.5043,0.5017,0.5042,19425339.5
2023-09-26 02:00:00,0.5043,0.5058,0.504,0.5055,17242699.2
2023-09-26 03:00:00,0.5056,0.5074,0.5052,0.5054,28150920.2
2023-09-26 04:00:00,0.5054,0.5062,0.5041,0.5048,24290487.6
2023-09-26 05:00:00,0.5048,0.505,0.5011,0.5025,43972013.0
2023-09-26 06:00:00,0.5026,0.5029,0.4985,0.4999,45201489.0
2023-09-26 07:00:00,0.5,0.5021,0.4997,0.5014,26922937.8
2023-09-26 08:00:00,0.5015,0.5019,0.4988,0.4993,31169544.9
2023-09-26 09:00:00,0.4992,0.5025,0.4978,0.5011,56874258.1
2023-09-26 10:00:00,0.5011,0.5016,0.4987,0.4999,25731973.0
2023-09-26 11:00:00,0.5,0.5014,0.4987,0.501,22735921.5
2023-09-26 12:00:00,0.5009,0.5018,0.4991,0.5,24852900.4
2023-09-26 13:00:00,0.4999,0.5019,0.4993,0.5012,35129606.9
2023-09-26 14:00:00,0.5011,0.5025,0.4997,0.5025,25932269.3
2023-09-26 15:00:00,0.5025,0.5025,0.4994,0.5001,32954463.3
2023-09-26 16:00:00,0.5001,0.5039,0.4996,0.5028,41548148.2
2023-09-26 17:00:00,0.5029,0.5053,0.5015,0.5043,48371782.9
2023-09-26 18:00:00,0.5043,0.5048,0.5033,0.5045,17394943.7
2023-09-26 19:00:00,0.5046,0.5056,0.5041,0.5046,20153370.4
2023-09-26 20:00:00,0.5047,0.506,0.5008,0.5014,39992994.7
2023-09-26 21:00:00,0.5014,0.5017,0.4948,0.5008,45364058.3
2023-09-26 22:00:00,0.5007,0.5016,0.4995,0.5,19295752.9
2023-09-26 23:00:00,0.5,0.502,0.4999,0.5015,11864442.4
2023-09-27 00:00:00,0.5014,0.5024,0.5001,0.5009,19133365.7
2023-09-27 01:00:00,0.5009,0.5012,0.4992,0.5009,14914748.8
2023-09-27 02:00:00,0.5009,0.502,0.5007,0.5007,9439719.4
2023-09-27 03:00:00,0.5007,0.5037,0.5005,0.5028,20471536.1
2023-09-27 04:00:00,0.5028,0.503,0.5016,0.502,19565723.3
2023-09-27 05:00:00,0.5021,0.5022,0.4976,0.4977,43337761.3
2023-09-27 06:00:00,0.4976,0.4987,0.4966,0.4978,37371193.5
2023-09-27 07:00:00,0.4977,0.4997,0.4974,0.4995,24497550.7
2023-09-27 08:00:00,0.4996,0.4996,0.4969,0.4971,21873200.3
2023-09-27 09:00:00,0.4972,0.5026,0.4968,0.5019,59206397.9
2023-09-27 10:00:00,0.5019,0.5032,0.5004,0.5025,35559932.6
2023-09-27 11:00:00,0.5025,0.507,0.502,0.5063,68997074.1
2023-09-27 12:00:00,0.5063,0.5066,0.5039,0.5043,39619182.3
2023-09-27 13:00:00,0.5043,0.5068,0.5038,0.5046,34016750.6
2023-09-27 14:00:00,0.5046,0.5052,0.4993,0.5001,86712241.6
2023-09-27 15:00:00,0.5,0.5023,0.4995,0.5012,33309792.7
2023-09-27 16:00:00,0.5013,0.5023,0.5004,0.501,16341555.4
2023-09-27 17:00:00,0.501,0.5031,0.4999,0.5027,37278598.8
2023-09-27 18:00:00,0.5028,0.504,0.5005,0.5032,29756086.8
2023-09-27 19:00:00,0.5033,0.505,0.5031,0.5041,20433057.4
2023-09-27 20:00:00,0.5041,0.5049,0.5024,0.5027,14728763.1
2023-09-27 21:00:00,0.5027,0.503,0.4985,0.4999,42319509.4
2023-09-27 22:00:00,0.4998,0.5009,0.4989,0.5004,12160092.7
2023-09-27 23:00:00,0.5003,0.5006,0.4991,0.4992,12450521.2
2023-09-28 00:00:00,0.4992,0.5011,0.4986,0.4997,22750813.3
2023-09-28 01:00:00,0.4998,0.5008,0.4988,0.5,17411429.4
2023-09-28 02:00:00,0.5,0.5012,0.4991,0.4992,15703045.0
2023-09-28 03:00:00,0.4991,0.4992,0.4976,0.4977,29444295.0
2023-09-28 04:00:00,0.4977,0.4989,0.4963,0.4982,28887628.1
2023-09-28 05:00:00,0.4981,0.4984,0.4958,0.4962,37747036.0
2023-09-28 06:00:00,0.4961,0.4979,0.495,0.4972,32203225.0
2023-09-28 07:00:00,0.4971,0.4987,0.4967,0.4973,24420093.1
2023-09-28 08:00:00,0.4973,0.4996,0.496,0.4988,53081012.5
2023-09-28 09:00:00,0.4987,0.5001,0.4985,0.4996,20018167.6
2023-09-28 10:00:00,0.4997,0.5029,0.4985,0.5027,52681402.8
2023-09-28 11:00:00,0.5027,0.503,0.5001,0.5015,28774951.9
2023-09-28 12:00:00,0.5015,0.5021,0.4998,0.5003,21838023.6
2023-09-28 13:00:00,0.5004,0.5022,0.499,0.501,34619461.6
2023-09-28 14:00:00,0.5009,0.5051,0.5005,0.5032,57593954.1
2023-09-28 15:00:00,0.5032,0.5051,0.5026,0.5048,46250280.4
2023-09-28 16:00:00,0.5048,0.5099,0.5046,0.5077,97582495.8
2023-09-28 17:00:00,0.5076,0.5094,0.5076,0.5082,20689902.5
2023-09-28 18:00:00,0.5083,0.5086,0.5041,0.5058,45228086.3
2023-09-28 19:00:00,0.5057,0.5084,0.5056,0.5075,20008843.8
2023-09-28 20:00:00,0.5075,0.5085,0.5064,0.5071,17692759.7
2023-09-28 21:00:00,0.5071,0.5076,0.5055,0.5073,11996958.3
2023-09-28 22:00:00,0.5074,0.5088,0.5073,0.5081,13329044.9
2023-09-28 23:00:00,0.5081,0.5095,0.5077,0.5093,11370778.5
2023-09-29 00:00:00,0.5093,0.5128,0.5089,0.51,45769638.5
2023-09-29 01:00:00,0.51,0.5115,0.5089,0.511,19386546.2
2023-09-29 02:00:00,0.511,0.5124,0.5095,0.5098,22211074.9
2023-09-29 03:00:00,0.5098,0.5115,0.5091,0.5091,18462801.1
2023-09-29 04:00:00,0.5091,0.5099,0.5082,0.5098,18457854.6
2023-09-29 05:00:00,0.5097,0.5099,0.5067,0.5069,23468762.3
2023-09-29 06:00:00,0.5069,0.5078,0.5058,0.5073,37463813.7
2023-09-29 07:00:00,0.5073,0.5095,0.5064,0.5078,44203839.8
2023-09-29 08:00:00,0.5078,0.5091,0.5062,0.5083,28669589.5
2023-09-29 09:00:00,0.5084,0.5102,0.5079,0.5097,24936532.0
2023-09-29 10:00:00,0.5096,0.511,0.5081,0.5105,27200120.8
2023-09-29 11:00:00,0.5106,0.512,0.5097,0.5116,26294535.6
2023-09-29 12:00:00,0.5117,0.5495,0.5114,0.537,819370142.7
2023-09-29 13:00:00,0.537,0.5393,0.5222,0.5301,315002875.5
2023-09-29 14:00:00,0.53,0.5314,0.523,0.5295,166578251.7
2023-09-29 15:00:00,0.5296,0.5325,0.5278,0.5317,79745662.7
2023-09-29 16:00:00,0.5318,0.5334,0.5271,0.5285,80887752.3
2023-09-29 17:00:00,0.5284,0.5359,0.5263,0.5343,131132231.0
2023-09-29 18:00:00,0.5343,0.5357,0.5318,0.5327,61668664.5
2023-09-29 19:00:00,0.5328,0.5331,0.5306,0.5323,40708371.4
2023-09-29 20:00:00,0.5323,0.5357,0.5313,0.5349,50088705.8
2023-09-29 21:00:00,0.535,0.5369,0.5187,0.5218,150130445.0
2023-09-29 22:00:00,0.5219,0.5245,0.5198,0.5208,77210846.2
2023-09-29 23:00:00,0.5208,0.5217,0.5163,0.5211,71060989.4
2023-09-30 00:00:00,0.5211,0.5214,0.5148,0.5175,75524840.6
2023-09-30 01:00:00,0.5175,0.5182,0.5128,0.515,42364291.0
2023-09-30 02:00:00,0.515,0.5167,0.5141,0.5164,29570546.5
2023-09-30 03:00:00,0.5164,0.5173,0.5155,0.5168,25225613.6
2023-09-30 04:00:00,0.5168,0.518,0.5161,0.5171,21381311.3
2023-09-30 05:00:00,0.5171,0.5176,0.5156,0.5162,17637393.8
2023-09-30 06:00:00,0.5163,0.5173,0.515,0.516,26153548.7
2023-09-30 07:00:00,0.516,0.5166,0.5147,0.5151,23749450.6
2023-09-30 08:00:00,0.5151,0.5167,0.5145,0.5166,26487934.9
2023-09-30 09:00:00,0.5165,0.5177,0.5163,0.5166,21978466.2
2023-09-30 10:00:00,0.5166,0.5196,0.5158,0.5192,38732550.2
2023-09-30 11:00:00,0.5192,0.5197,0.5161,0.517,38140435.3
2023-09-30 12:00:00,0.517,0.5179,0.5161,0.5162,16311740.1
2023-09-30 13:00:00,0.5163,0.5179,0.5157,0.5178,20242341.0
2023-09-30 14:00:00,0.5178,0.518,0.5146,0.5157,40289787.0
2023-09-30 15:00:00,0.5157,0.5178,0.515,0.5164,25502976.7
2023-09-30 16:00:00,0.5163,0.518,0.5163,0.5179,18344081.3
2023-09-30 17:00:00,0.5178,0.5179,0.5151,0.5175,26609662.0
2023-09-30 18:00:00,0.5175,0.519,0.5166,0.5168,22717580.7
2023-09-30 19:00:00,0.5167,0.5189,0.5164,0.5179,20665127.2
2023-09-30 20:00:00,0.5179,0.5182,0.5162,0.5171,19149100.0
2023-09-30 21:00:00,0.5171,0.5174,0.5155,0.5166,20043049.4
2023-09-30 22:00:00,0.5165,0.5172,0.5155,0.5161,12108776.1
2023-09-30 23:00:00,0.516,0.5163,0.5132,0.5146,25418300.6
2023-10-01 00:00:00,0.5147,0.5162,0.5133,0.5154,20864103.4
2023-10-01 01:00:00,0.5153,0.516,0.5141,0.5157,14252032.8
2023-10-01 02:00:00,0.5156,0.5165,0.5151,0.5156,11116856.8
2023-10-01 03:00:00,0.5156,0.5167,0.5146,0.5167,15130887.7
2023-10-01 04:00:00,0.5167,0.5167,0.5152,0.5164,9260386.1
2023-10-01 05:00:00,0.5163,0.5172,0.5158,0.5172,9528005.6
2023-10-01 06:00:00,0.5172,0.518,0.5168,0.5177,14623523.8
2023-10-01 07:00:00,0.5177,0.518,0.5166,0.5176,18100112.1
2023-10-01 08:00:00,0.5175,0.5181,0.5164,0.5178,14598394.8
2023-10-01 09:00:00,0.5178,0.5195,0.5174,0.5191,19530562.1
2023-10-01 10:00:00,0.5192,0.5218,0.5187,0.5208,57035227.6
2023-10-01 11:00:00,0.5208,0.5226,0.5197,0.5208,39686738.1
2023-10-01 12:00:00,0.5209,0.5217,0.5191,0.5205,35604116.0
2023-10-01 13:00:00,0.5206,0.5208,0.5193,0.5196,19245547.5
2023-10-01 14:00:00,0.5195,0.5211,0.5165,0.5178,52440850.7
2023-10-01 15:00:00,0.5178,0.5193,0.5176,0.5187,17946632.0
2023-10-01 16:00:00,0.5187,0.5189,0.5156,0.5163,29296055.0
2023-10-01 17:00:00,0.5164,0.5175,0.5144,0.5152,31379883.2
2023-10-01 18:00:00,0.5153,0.5172,0.5149,0.5167,14590292.3
2023-10-01 19:00:00,0.5167,0.5177,0.5157,0.5161,12789801.8
2023-10-01 20:00:00,0.5162,0.5175,0.5149,0.5171,18107978.4
2023-10-01 21:00:00,0.5172,0.5183,0.5166,0.518,11856830.9
2023-10-01 22:00:00,0.5181,0.5262,0.5174,0.5251,125939470.4
2023-10-01 23:00:00,0.5251,0.5258,0.5225,0.524,50412127.2
2023-10-02 00:00:00,0.5239,0.525,0.5215,0.5228,40450102.6
2023-10-02 01:00:00,0.5228,0.5237,0.5211,0.5231,24782969.7
2023-10-02 02:00:00,0.5232,0.5243,0.5225,0.5236,20770489.9
2023-10-02 03:00:00,0.5235,0.5266,0.5232,0.5253,34296767.1
2023-10-02 04:00:00,0.5253,0.5253,0.5213,0.5219,40405289.4
2023-10-02 05:00:00,0.5219,0.5231,0.5199,0.5209,35672841.9
2023-10-02 06:00:00,0.5209,0.521,0.5192,0.5209,30142353.2
2023-10-02 07:00:00,0.5208,0.5232,0.5201,0.522,52062612.9
2023-10-02 08:00:00,0.5219,0.5247,0.5214,0.523,45590449.0
2023-10-02 09:00:00,0.5231,0.5235,0.5213,0.5234,24691622.2
2023-10-02 10:00:00,0.5234,0.5239,0.5212,0.5217,18473988.5
2023-10-02 11:00:00,0.5217,0.5226,0.5206,0.5208,24340531.9
2023-10-02 12:00:00,0.5207,0.5237,0.5207,0.5234,26508091.0
2023-10-02 13:00:00,0.5233,0.5239,0.5214,0.5239,28939056.7
2023-10-02 14:00:00,0.5238,0.524,0.5201,0.5216,55718927.6
2023-10-02 15:00:00,0.5216,0.5227,0.5151,0.5172,77129925.3
2023-10-02 16:00:00,0.5171,0.5189,0.5152,0.5183,55363682.6
2023-10-02 17:00:00,0.5183,0.5223,0.5174,0.5223,41628204.9
2023-10-02 18:00:00,0.5223,0.5233,0.4955,0.5114,183358799.5
2023-10-02 19:00:00,0.5114,0.5162,0.5095,0.5162,62018761.3
2023-10-02 20:00:00,0.5161,0.5165,0.5141,0.5157,24281531.2
2023-10-02 21:00:00,0.5157,0.516,0.5096,0.5132,33535844.1
2023-10-02 22:00:00,0.5133,0.5138,0.5105,0.5114,35812103.1
2023-10-02 23:00:00,0.5114,0.5129,0.5086,0.5119,28263289.3
2023-10-03 00:00:00,0.512,0.5128,0.5095,0.5112,25262323.1
2023-10-03 01:00:00,0.5112,0.5133,0.51,0.5132,15479348.6
2023-10-03 02:00:00,0.5132,0.5144,0.513,0.5137,15612454.8
2023-10-03 03:00:00,0.5138,0.5143,0.5121,0.5135,13688359.6
2023-10-03 04:00:00,0.5135,0.5137,0.5102,0.5106,22987565.1
2023-10-03 05:00:00,0.5107,0.5118,0.506,0.5082,41027321.1
2023-10-03 06:00:00,0.5082,0.5094,0.5063,0.5088,33678319.4
2023-10-03 07:00:00,0.5087,0.5097,0.5071,0.5095,22758839.6
2023-10-03 08:00:00,0.5095,0.5111,0.5084,0.5086,21817489.2
2023-10-03 09:00:00,0.5086,0.5101,0.5073,0.508,17372542.9
2023-10-03 10:00:00,0.5081,0.5106,0.5066,0.5091,34227181.6
2023-10-03 11:00:00,0.5091,0.5099,0.5077,0.5094,25315700.5
2023-10-03 12:00:00,0.5094,0.5097,0.5079,0.5093,20997609.7
2023-10-03 13:00:00,0.5092,0.5129,0.5081,0.5111,37760877.6
2023-10-03 14:00:00,0.5112,0.5112,0.5081,0.5087,45240966.4
2023-10-03 15:00:00,0.5087,0.5096,0.5047,0.5075,44591711.4
2023-10-03 16:00:00,0.5075,0.5091,0.5066,0.5082,27309896.7
2023-10-03 17:00:00,0.5082,0.5127,0.5077,0.5125,40395340.9
2023-10-03 18:00:00,0.5126,0.5132,0.5111,0.5116,25760385.9
2023-10-03 19:00:00,0.5117,0.5141,0.5115,0.5141,32963923.9
2023-10-03 20:00:00,0.5141,0.5159,0.5117,0.5152,40343413.4
2023-10-03 21:00:00,0.5152,0.5153,0.5131,0.5135,12743650.8
2023-10-03 22:00:00,0.5134,0.528,0.5084,0.5278,213117907.5
2023-10-03 23:00:00,0.5277,0.5476,0.5271,0.5386,643648796.0
2023-10-04 00:00:00,0.5387,0.5407,0.5173,0.5265,382530583.9
2023-10-04 01:00:00,0.5265,0.536,0.525,0.5337,156712137.2
2023-10-04 02:00:00,0.5338,0.5423,0.5331,0.5378,205209539.4
2023-10-04 03:00:00,0.5377,0.5396,0.5343,0.5353,95235873.3
2023-10-04 04:00:00,0.5353,0.5358,0.5304,0.5323,101227562.2
2023-10-04 05:00:00,0.5323,0.5332,0.5285,0.5295,90565993.9
2023-10-04 06:00:00,0.5296,0.5318,0.5242,0.5276,109024535.6
2023-10-04 07:00:00,0.5277,0.532,0.5267,0.532,63123253.5
2023-10-04 08:00:00,0.5319,0.532,0.5275,0.5299,77162616.7
2023-10-04 09:00:00,0.5298,0.5356,0.5284,0.5327,110167133.3
2023-10-04 10:00:00,0.5326,0.5354,0.5317,0.5343,67417855.5
2023-10-04 11:00:00,0.5343,0.5366,0.5316,0.5329,73986187.0
2023-10-04 12:00:00,0.5328,0.5352,0.5321,0.5331,48085437.2
2023-10-04 13:00:00,0.5331,0.5338,0.5287,0.5329,104614838.2
2023-10-04 14:00:00,0.5328,0.5345,0.529,0.53,105950791.3
2023-10-04 15:00:00,0.53,0.533,0.5262,0.5285,79604236.9
2023-10-04 16:00:00,0.5285,0.5337,0.5276,0.5336,77634166.0
2023-10-04 17:00:00,0.5335,0.5392,0.5318,0.5362,129283203.2
2023-10-04 18:00:00,0.5362,0.5369,0.5338,0.5366,46156747.7
2023-10-04 19:00:00,0.5367,0.5383,0.5255,0.5294,169091152.9
2023-10-04 20:00:00,0.5294,0.5314,0.5283,0.5309,35109755.1
2023-10-04 21:00:00,0.5308,0.5328,0.5304,0.5312,20914915.7
2023-10-04 22:00:00,0.5311,0.5331,0.531,0.5331,22844600.7
2023-10-04 23:00:00,0.533,0.534,0.5313,0.5323,36227152.1
2023-10-05 00:00:00,0.5323,0.5323,0.5286,0.5301,39303630.1
2023-10-05 01:00:00,0.5301,0.5303,0.5265,0.5282,36911597.7
2023-10-05 02:00:00,0.5281,0.5299,0.5278,0.5297,24408033.7
2023-10-05 03:00:00,0.5298,0.5306,0.5283,0.5291,21887893.8
2023-10-05 04:00:00,0.5292,0.5297,0.528,0.5289,16948671.9
2023-10-05 05:00:00,0.5288,0.529,0.5241,0.5268,60557704.7
2023-10-05 06:00:00,0.5269,0.5276,0.522,0.5231,69963716.0
2023-10-05 07:00:00,0.523,0.5235,0.5204,0.523,51938820.6
2023-10-05 08:00:00,0.523,0.5242,0.5223,0.5225,24352262.6
2023-10-05 09:00:00,0.5224,0.5254,0.5211,0.5242,54497792.7
2023-10-05 10:00:00,0.5241,0.5245,0.5217,0.5241,28300841.1
2023-10-05 11:00:00,0.5241,0.5242,0.5222,0.5224,16151506.3
2023-10-05 12:00:00,0.5225,0.5235,0.5214,0.5219,31165728.8
2023-10-05 13:00:00,0.5219,0.5267,0.5217,0.5249,77747646.9
2023-10-05 14:00:00,0.5249,0.5271,0.5242,0.5259,39475455.4
2023-10-05 15:00:00,0.526,0.5261,0.5148,0.5186,144342472.6
2023-10-05 16:00:00,0.5186,0.523,0.5171,0.5228,75498387.7
2023-10-05 17:00:00,0.5228,0.525,0.5205,0.5239,53715628.4
2023-10-05 18:00:00,0.524,0.5254,0.5215,0.5227,43229454.2
2023-10-05 19:00:00,0.5227,0.5228,0.5202,0.5219,26495070.5
2023-10-05 20:00:00,0.5218,0.5225,0.5214,0.5224,12471762.2
2023-10-05 21:00:00,0.5224,0.5237,0.522,0.5233,9096556.6
2023-10-05 22:00:00,0.5233,0.5246,0.522,0.5238,22389724.2
2023-10-05 23:00:00,0.5237,0.5241,0.5222,0.5223,15332811.2
2023-10-06 00:00:00,0.5223,0.5249,0.5221,0.5246,17473949.2
2023-10-06 01:00:00,0.5247,0.5252,0.524,0.5251,16094005.6
2023-10-06 02:00:00,0.5251,0.5268,0.525,0.5252,22024822.4
2023-10-06 03:00:00,0.5252,0.5265,0.5241,0.5251,17008150.4
2023-10-06 04:00:00,0.5251,0.5255,0.5233,0.5238,18456697.1
2023-10-06 05:00:00,0.5239,0.5239,0.5203,0.5215,42934437.5
2023-10-06 06:00:00,0.5215,0.5221,0.5186,0.5193,31121007.7
2023-10-06 07:00:00,0.5192,0.5211,0.5185,0.5199,34837441.7
2023-10-06 08:00:00,0.5198,0.5228,0.5189,0.5216,43434702.6
2023-10-06 09:00:00,0.5216,0.5225,0.5208,0.5215,20145542.2
2023-10-06 10:00:00,0.5215,0.5226,0.52,0.5215,22185128.8
2023-10-06 11:00:00,0.5214,0.5219,0.5198,0.5204,19270701.2
2023-10-06 12:00:00,0.5204,0.5216,0.516,0.5181,54562771.7
2023-10-06 13:00:00,0.518,0.5211,0.5174,0.5198,45924981.9
2023-10-06 14:00:00,0.5198,0.5218,0.5189,0.5213,22874651.5
2023-10-06 15:00:00,0.5213,0.5253,0.5206,0.5242,46749563.5
2023-10-06 16:00:00,0.5242,0.5256,0.5231,0.5236,39290872.0
2023-10-06 17:00:00,0.5237,0.525,0.5229,0.5234,20229289.9
2023-10-06 18:00:00,0.5233,0.524,0.5226,0.5238,13241145.6
2023-10-06 19:00:00,0.5237,0.5265,0.5236,0.5254,26808018.1
2023-10-06 20:00:00,0.5253,0.5269,0.5252,0.5263,17132768.7
2023-10-06 21:00:00,0.5262,0.53,0.5254,0.5268,30943282.2
2023-10-06 22:00:00,0.5268,0.5289,0.5261,0.5261,19996224.4
2023-10-06 23:00:00,0.526,0.5263,0.5248,0.5251,17645702.5
2023-10-07 00:00:00,0.5251,0.5255,0.5236,0.5244,15080061.8
2023-10-07 01:00:00,0.5245,0.5249,0.5232,0.5236,11947479.0
2023-10-07 02:00:00,0.5236,0.5244,0.5233,0.5234,7382249.3
2023-10-07 03:00:00,0.5235,0.5244,0.5231,0.5233,8601130.5
2023-10-07 04:00:00,0.5233,0.5242,0.5214,0.5216,24118013.6
2023-10-07 05:00:00,0.5215,0.5224,0.5203,0.5209,26093883.0
2023-10-07 06:00:00,0.521,0.5231,0.5205,0.5224,22116508.5
2023-10-07 07:00:00,0.5223,0.523,0.5218,0.5223,12177923.5
2023-10-07 08:00:00,0.5222,0.5234,0.5212,0.5234,15208140.2
2023-10-07 09:00:00,0.5233,0.5235,0.5216,0.5218,11275051.8
2023-10-07 10:00:00,0.5219,0.5224,0.5213,0.5224,8147044.8
2023-10-07 11:00:00,0.5223,0.5231,0.5215,0.5219,9263231.2
2023-10-07 12:00:00,0.5219,0.5228,0.5217,0.522,7788683.7
2023-10-07 13:00:00,0.522,0.5224,0.521,0.5223,12045995.1
2023-10-07 14:00:00,0.5222,0.5232,0.5212,0.5231,12318568.8
2023-10-07 15:00:00,0.5231,0.5233,0.5218,0.5223,10904004.3
2023-10-07 16:00:00,0.5223,0.5229,0.5217,0.5226,6313754.8
2023-10-07 17:00:00,0.5225,0.5226,0.5215,0.5221,10010135.5
2023-10-07 18:00:00,0.5222,0.5223,0.5193,0.5204,19440129.1
2023-10-07 19:00:00,0.5203,0.5213,0.5195,0.5205,14985555.7
2023-10-07 20:00:00,0.5204,0.5213,0.5203,0.5212,6961887.1
2023-10-07 21:00:00,0.5212,0.5218,0.521,0.5216,5973807.2
2023-10-07 22:00:00,0.5217,0.522,0.5212,0.5216,7027345.2
2023-10-07 23:00:00,0.5216,0.5219,0.5209,0.5212,5675624.8
2023-10-08 00:00:00,0.5213,0.5226,0.5209,0.5223,10776166.7
2023-10-08 01:00:00,0.5223,0.5228,0.5215,0.5224,7701858.4
2023-10-08 02:00:00,0.5224,0.5232,0.5218,0.5221,8311364.6
2023-10-08 03:00:00,0.5222,0.5225,0.5216,0.5224,6182899.2
2023-10-08 04:00:00,0.5224,0.5226,0.521,0.5214,10154874.4
2023-10-08 05:00:00,0.5214,0.5217,0.5196,0.5205,14994516.4
2023-10-08 06:00:00,0.5206,0.521,0.52,0.5205,7386405.9
2023-10-08 07:00:00,0.5204,0.5215,0.5203,0.5214,7535202.6
2023-10-08 08:00:00,0.5213,0.5218,0.5206,0.5208,8119566.5
2023-10-08 09:00:00,0.5209,0.5212,0.5201,0.5202,8667919.5
2023-10-08 10:00:00,0.5202,0.5206,0.5186,0.5192,22391412.5
2023-10-08 11:00:00,0.5192,0.5197,0.5187,0.5187,10796289.3
2023-10-08 12:00:00,0.5186,0.52,0.5184,0.5195,9289529.7
2023-10-08 13:00:00,0.5195,0.5213,0.5187,0.5205,20450188.3
2023-10-08 14:00:00,0.5206,0.5207,0.5196,0.5199,8870546.7
2023-10-08 15:00:00,0.5199,0.5204,0.5149,0.5173,40172449.9
2023-10-08 16:00:00,0.5173,0.5181,0.5166,0.5169,20567388.2
2023-10-08 17:00:00,0.5168,0.5181,0.5167,0.5178,14179496.0
2023-10-08 18:00:00,0.5179,0.5183,0.5169,0.5177,24732407.9
2023-10-08 19:00:00,0.5178,0.5186,0.5175,0.5178,7964561.2
2023-10-08 20:00:00,0.5178,0.5185,0.5174,0.5185,5762316.0
2023-10-08 21:00:00,0.5185,0.519,0.5178,0.5178,6814088.5
2023-10-08 22:00:00,0.5179,0.5179,0.5158,0.5169,16566799.6
2023-10-08 23:00:00,0.5169,0.5177,0.5168,0.5172,6592077.6
2023-10-09 00:00:00,0.5171,0.5175,0.5128,0.5157,47235126.3
2023-10-09 01:00:00,0.5157,0.5199,0.5151,0.5186,30874201.0
2023-10-09 02:00:00,0.5187,0.5194,0.518,0.5181,18178387.6
2023-10-09 03:00:00,0.5182,0.5189,0.5178,0.5183,12104716.3
2023-10-09 04:00:00,0.5184,0.5191,0.5168,0.5169,27527570.5
2023-10-09 05:00:00,0.517,0.517,0.514,0.5142,23203426.6
2023-10-09 06:00:00,0.5143,0.5151,0.5132,0.5148,32600070.0
2023-10-09 07:00:00,0.5147,0.5148,0.5108,0.5142,38333778.5
2023-10-09 08:00:00,0.5142,0.5145,0.5072,0.5083,87004725.7
2023-10-09 09:00:00,0.5083,0.511,0.482,0.5005,224910746.4
2023-10-09 10:00:00,0.5004,0.502,0.4964,0.4984,102779439.0
2023-10-09 11:00:00,0.4984,0.4992,0.4962,0.4977,52238627.7
2023-10-09 12:00:00,0.4976,0.5013,0.4969,0.5005,38753814.3
2023-10-09 13:00:00,0.5005,0.5024,0.4996,0.5004,34282378.9
2023-10-09 14:00:00,0.5004,0.5019,0.4999,0.5007,18644742.4
2023-10-09 15:00:00,0.5008,0.5008,0.4981,0.4982,29417712.0
2023-10-09 16:00:00,0.4982,0.4991,0.4901,0.4973,143208838.2
2023-10-09 17:00:00,0.4973,0.5006,0.4961,0.4996,42453411.9
2023-10-09 18:00:00,0.4997,0.5017,0.499,0.5001,32553560.9
2023-10-09 19:00:00,0.5,0.501,0.4994,0.5008,13257409.0
2023-10-09 20:00:00,0.5008,0.5025,0.5004,0.5018,19301624.1
2023-10-09 21:00:00,0.5018,0.5066,0.5012,0.504,35671629.4
2023-10-09 22:00:00,0.504,0.504,0.5017,0.5022,21672532.0
2023-10-09 23:00:00,0.5023,0.5032,0.5018,0.5023,13300376.1
2023-10-10 00:00:00,0.5024,0.5024,0.4994,0.4994,29552558.5
2023-10-10 01:00:00,0.4994,0.4998,0.4976,0.4986,28048731.7
2023-10-10 02:00:00,0.4987,0.5008,0.4978,0.5004,20360113.7
2023-10-10 03:00:00,0.5005,0.501,0.4996,0.4998,13472253.6
2023-10-10 04:00:00,0.4998,0.5,0.4976,0.4977,22408116.6
2023-10-10 05:00:00,0.4977,0.4982,0.495,0.4976,38527169.0
2023-10-10 06:00:00,0.4975,0.4991,0.4973,0.4988,20617919.0
2023-10-10 07:00:00,0.4988,0.5011,0.4988,0.4996,21832224.3
2023-10-10 08:00:00,0.4997,0.5013,0.498,0.498,24781435.6
2023-10-10 09:00:00,0.4981,0.4989,0.4963,0.4969,24635051.7
2023-10-10 10:00:00,0.4968,0.4989,0.4955,0.4976,41757805.6
2023-10-10 11:00:00,0.4975,0.4977,0.496,0.4965,19918382.4
2023-10-10 12:00:00,0.4964,0.4975,0.4951,0.4956,23484095.6
2023-10-10 13:00:00,0.4956,0.4963,0.4934,0.495,52190075.6
2023-10-10 14:00:00,0.495,0.4972,0.4921,0.4938,53413816.8
2023-10-10 15:00:00,0.4938,0.4944,0.4914,0.4939,44875748.0
2023-10-10 16:00:00,0.4939,0.495,0.4927,0.4943,35157005.6
2023-10-10 17:00:00,0.4943,0.4979,0.4931,0.496,63994431.7
2023-10-10 18:00:00,0.496,0.4988,0.4957,0.4984,21336708.2
2023-10-10 19:00:00,0.4983,0.4993,0.4976,0.4992,24933980.7
2023-10-10 20:00:00,0.4993,0.4994,0.495,0.4975,28476968.7
2023-10-10 21:00:00,0.4975,0.499,0.497,0.4987,11279064.1
2023-10-10 22:00:00,0.4987,0.4994,0.4982,0.4986,7866548.3
2023-10-10 23:00:00,0.4987,0.4999,0.4961,0.4962,23354726.0
2023-10-11 00:00:00,0.4962,0.4975,0.4958,0.4968,21358910.7
2023-10-11 01:00:00,0.4969,0.4971,0.4951,0.4962,13575327.5
2023-10-11 02:00:00,0.4962,0.4966,0.483,0.4906,109261030.9
2023-10-11 03:00:00,0.4906,0.4914,0.4884,0.4895,40968089.6
2023-10-11 04:00:00,0.4895,0.4909,0.4884,0.4895,34640762.2
2023-10-11 05:00:00,0.4896,0.4908,0.4867,0.4876,41351083.6
2023-10-11 06:00:00,0.4876,0.4882,0.4812,0.4863,96897548.4
2023-10-11 07:00:00,0.4863,0.4872,0.4823,0.4824,47195879.0
2023-10-11 08:00:00,0.4824,0.4846,0.4813,0.4836,55134581.4
2023-10-11 09:00:00,0.4837,0.4878,0.4835,0.4872,42112335.4
2023-10-11 10:00:00,0.4872,0.4885,0.4864,0.488,32734417.2
2023-10-11 11:00:00,0.4881,0.4887,0.4865,0.4868,23542420.8
2023-10-11 12:00:00,0.4867,0.4884,0.4855,0.4864,34903891.0
2023-10-11 13:00:00,0.4865,0.4875,0.4856,0.4874,18026110.1
2023-10-11 14:00:00,0.4874,0.488,0.4863,0.4872,19910820.5
2023-10-11 15:00:00,0.4872,0.4875,0.4817,0.4828,74753435.0
2023-10-11 16:00:00,0.4828,0.4843,0.4781,0.4808,88483327.6
2023-10-11 17:00:00,0.4808,0.4877,0.4805,0.4864,64222690.6
2023-10-11 18:00:00,0.4863,0.487,0.4847,0.4868,20551068.0
2023-10-11 19:00:00,0.4868,0.4871,0.4841,0.485,33628849.9
2023-10-11 20:00:00,0.4849,0.4861,0.4846,0.4859,11579097.0
2023-10-11 21:00:00,0.4859,0.4866,0.4848,0.4866,10292025.3
2023-10-11 22:00:00,0.4866,0.4874,0.4863,0.4873,10951882.0
2023-10-11 23:00:00,0.4874,0.4888,0.4869,0.4884,16266143.8
2023-10-12 00:00:00,0.4884,0.4884,0.4851,0.4855,21544230.0
2023-10-12 01:00:00,0.4855,0.4857,0.4837,0.485,16483319.0
2023-10-12 02:00:00,0.4849,0.4876,0.4834,0.4867,18257097.7
2023-10-12 03:00:00,0.4866,0.4874,0.4854,0.4855,15179105.8
2023-10-12 04:00:00,0.4856,0.4866,0.4823,0.4836,28580045.3
2023-10-12 05:00:00,0.4836,0.4838,0.4816,0.4835,31675458.1
2023-10-12 06:00:00,0.4835,0.4836,0.4812,0.4814,39547647.9
2023-10-12 07:00:00,0.4814,0.4845,0.4813,0.4819,37140116.0
2023-10-12 08:00:00,0.482,0.4822,0.475,0.4763,109329371.3
2023-10-12 09:00:00,0.4763,0.48,0.4737,0.4771,106174379.5
2023-10-12 10:00:00,0.4771,0.4794,0.4769,0.4787,33635468.6
2023-10-12 11:00:00,0.4787,0.4801,0.4778,0.4799,25238194.2
2023-10-12 12:00:00,0.4799,0.4806,0.4783,0.4793,36879968.9
2023-10-12 13:00:00,0.4793,0.4801,0.4773,0.4787,25945060.9
2023-10-12 14:00:00,0.4786,0.4794,0.4778,0.4785,23403607.9
2023-10-12 15:00:00,0.4785,0.479,0.4765,0.4776,26693024.7
2023-10-12 16:00:00,0.4776,0.4825,0.4715,0.4812,106994498.4
2023-10-12 17:00:00,0.4811,0.4833,0.4794,0.4822,59029439.0
2023-10-12 18:00:00,0.4822,0.4829,0.4802,0.4818,27025643.7
2023-10-12 19:00:00,0.4819,0.4826,0.4807,0.4811,14969344.3
2023-10-12 20:00:00,0.4811,0.4822,0.4806,0.4819,12842941.4
2023-10-12 21:00:00,0.4819,0.4839,0.4805,0.4831,17521534.1
2023-10-12 22:00:00,0.4832,0.4845,0.4825,0.4842,13388010.6
2023-10-12 23:00:00,0.4842,0.4843,0.4825,0.4828,11997887.8
2023-10-13 00:00:00,0.4828,0.4839,0.482,0.4835,18383248.0
2023-10-13 01:00:00,0.4835,0.4849,0.4831,0.4842,16380820.7
2023-10-13 02:00:00,0.4843,0.4849,0.4834,0.4841,16239891.2
2023-10-13 03:00:00,0.4841,0.485,0.4823,0.4824,24660198.4
2023-10-13 04:00:00,0.4825,0.4829,0.4804,0.4811,27478259.7
2023-10-13 05:00:00,0.4811,0.4821,0.4807,0.4809,14486080.5
2023-10-13 06:00:00,0.4808,0.481,0.4787,0.4792,35263043.9
2023-10-13 07:00:00,0.4792,0.4828,0.4791,0.4822,26828899.6
2023-10-13 08:00:00,0.4822,0.4828,0.4811,0.4813,18213320.6
2023-10-13 09:00:00,0.4813,0.4831,0.4803,0.4803,19542541.2
2023-10-13 10:00:00,0.4804,0.481,0.4788,0.4806,25845990.4
2023-10-13 11:00:00,0.4807,0.4812,0.4793,0.4795,16238812.9
2023-10-13 12:00:00,0.4795,0.4845,0.4784,0.4831,74335312.1
2023-10-13 13:00:00,0.4831,0.484,0.4815,0.4834,26130150.9
2023-10-13 14:00:00,0.4834,0.4843,0.4807,0.4809,30614402.6
2023-10-13 15:00:00,0.4809,0.4819,0.4803,0.4807,21848985.2
2023-10-13 16:00:00,0.4808,0.4826,0.4804,0.4815,20013710.8
2023-10-13 17:00:00,0.4815,0.4816,0.4792,0.481,24826598.7
2023-10-13 18:00:00,0.4811,0.4826,0.4808,0.482,15242254.3
2023-10-13 19:00:00,0.482,0.4835,0.4818,0.4833,14416556.0
2023-10-13 20:00:00,0.4834,0.49,0.4826,0.4871,55587780.1
2023-10-13 21:00:00,0.4871,0.4906,0.4858,0.4879,80676776.2
2023-10-13 22:00:00,0.488,0.4891,0.4852,0.4859,27253624.3
2023-10-13 23:00:00,0.486,0.4867,0.4843,0.4849,24137287.7
2023-10-14 00:00:00,0.4849,0.4852,0.484,0.4852,12742935.3
2023-10-14 01:00:00,0.4851,0.4863,0.4843,0.486,13619279.3
2023-10-14 02:00:00,0.486,0.4863,0.484,0.4845,18643062.6
2023-10-14 03:00:00,0.4845,0.4852,0.4842,0.485,7154385.1
2023-10-14 04:00:00,0.485,0.4862,0.4845,0.4845,11656767.8
2023-10-14 05:00:00,0.4846,0.4851,0.4835,0.4838,11487563.4
2023-10-14 06:00:00,0.4839,0.4844,0.4831,0.4842,9270969.4
2023-10-14 07:00:00,0.4841,0.4845,0.4835,0.4835,6757738.9
2023-10-14 08:00:00,0.4835,0.4849,0.4835,0.4841,8396077.0
2023-10-14 09:00:00,0.4842,0.4854,0.4841,0.485,10086750.8
2023-10-14 10:00:00,0.485,0.4857,0.4845,0.4848,9144853.1
2023-10-14 11:00:00,0.4848,0.4859,0.4847,0.4852,7681069.5
2023-10-14 12:00:00,0.4852,0.4867,0.4851,0.4865,10633667.0
2023-10-14 13:00:00,0.4864,0.4867,0.4853,0.4857,9610647.0
2023-10-14 14:00:00,0.4857,0.4861,0.4844,0.4852,18049712.7
2023-10-14 15:00:00,0.4851,0.4874,0.4849,0.4873,15383909.3
2023-10-14 16:00:00,0.4872,0.4881,0.4857,0.4864,16393404.0
2023-10-14 17:00:00,0.4864,0.4869,0.4854,0.4866,10454256.9
2023-10-14 18:00:00,0.4866,0.4868,0.4857,0.4859,9675289.9
2023-10-14 19:00:00,0.4858,0.4863,0.4854,0.4859,6838212.7
2023-10-14 20:00:00,0.4859,0.4863,0.4854,0.4859,7164376.8
2023-10-14 21:00:00,0.4859,0.4869,0.4858,0.4863,10612991.1
2023-10-14 22:00:00,0.4863,0.4871,0.4855,0.486,11037751.5
2023-10-14 23:00:00,0.4861,0.4867,0.4859,0.4862,4732499.3
2023-10-15 00:00:00,0.4863,0.4865,0.4847,0.4851,10165571.1
2023-10-15 01:00:00,0.485,0.4878,0.4849,0.4867,17842811.2
2023-10-15 02:00:00,0.4867,0.4873,0.4857,0.4861,10641300.1
2023-10-15 03:00:00,0.4861,0.4868,0.4852,0.4855,6576389.6
2023-10-15 04:00:00,0.4854,0.4859,0.4851,0.4858,7789319.7
2023-10-15 05:00:00,0.4858,0.4859,0.4853,0.4856,4652113.9
2023-10-15 06:00:00,0.4855,0.4861,0.485,0.486,7382232.1
2023-10-15 07:00:00,0.4861,0.4862,0.4858,0.4861,3998247.4
2023-10-15 08:00:00,0.4862,0.4872,0.4857,0.4869,10853704.2
2023-10-15 09:00:00,0.4869,0.488,0.4869,0.4875,13055408.9
2023-10-15 10:00:00,0.4876,0.488,0.4871,0.4873,8185754.8
2023-10-15 11:00:00,0.4874,0.4874,0.4863,0.4865,14143403.0
2023-10-15 12:00:00,0.4866,0.4867,0.486,0.4865,12043711.4
2023-10-15 13:00:00,0.4864,0.4879,0.4855,0.4865,31549827.0
2023-10-15 14:00:00,0.4865,0.4867,0.4855,0.4856,16236883.6
2023-10-15 15:00:00,0.4857,0.487,0.485,0.4866,14670305.2
2023-10-15 16:00:00,0.4866,0.4872,0.4863,0.4871,8376947.0
2023-10-15 17:00:00,0.4872,0.4889,0.4869,0.4887,16615984.8
2023-10-15 18:00:00,0.4887,0.4899,0.4882,0.4894,29646261.6
2023-10-15 19:00:00,0.4895,0.4896,0.4869,0.4877,19993205.8
2023-10-15 20:00:00,0.4877,0.49,0.4869,0.4896,21262666.5
2023-10-15 21:00:00,0.4896,0.4898,0.4877,0.4884,16004142.6
2023-10-15 22:00:00,0.4884,0.4896,0.4864,0.4872,17294071.0
2023-10-15 23:00:00,0.4872,0.4876,0.4864,0.4871,11450139.9
2023-10-16 00:00:00,0.4872,0.4875,0.4857,0.4862,14259856.5
2023-10-16 01:00:00,0.4862,0.4884,0.4859,0.4876,16181470.1
2023-10-16 02:00:00,0.4877,0.4883,0.4863,0.4865,12308234.2
2023-10-16 03:00:00,0.4864,0.4875,0.4861,0.4874,16670225.0
2023-10-16 04:00:00,0.4873,0.4879,0.4833,0.4859,37728524.8
2023-10-16 05:00:00,0.4859,0.4973,0.4859,0.4934,174128347.3
2023-10-16 06:00:00,0.4933,0.4937,0.4898,0.4918,43552713.8
2023-10-16 07:00:00,0.4918,0.4936,0.4916,0.4929,21445292.6
2023-10-16 08:00:00,0.4929,0.4938,0.4908,0.491,34945344.4
2023-10-16 09:00:00,0.4911,0.4934,0.4896,0.4932,38861950.6
2023-10-16 10:00:00,0.4933,0.495,0.4925,0.4938,30299744.9
2023-10-16 11:00:00,0.4937,0.4949,0.4933,0.4939,23621215.8
2023-10-16 12:00:00,0.494,0.4957,0.4934,0.494,31781998.5
2023-10-16 13:00:00,0.494,0.511,0.491,0.4962,437407091.0
2023-10-16 14:00:00,0.4962,0.4986,0.4946,0.4973,57185077.6
2023-10-16 15:00:00,0.4972,0.4975,0.4911,0.4919,45650162.0
2023-10-16 16:00:00,0.492,0.4929,0.4902,0.4908,33816312.1
2023-10-16 17:00:00,0.4909,0.4934,0.4908,0.4934,20437243.0
2023-10-16 18:00:00,0.4934,0.4966,0.4933,0.4965,32021648.2
2023-10-16 19:00:00,0.4966,0.4978,0.4947,0.4961,48932271.6
2023-10-16 20:00:00,0.4961,0.4978,0.4947,0.4956,19859442.6
2023-10-16 21:00:00,0.4956,0.497,0.4938,0.4966,15292954.0
2023-10-16 22:00:00,0.4967,0.4985,0.4963,0.4983,20837677.7
2023-10-16 23:00:00,0.4984,0.4988,0.4961,0.4973,35303653.2
2023-10-17 00:00:00,0.4973,0.4976,0.4933,0.4938,26462594.1
2023-10-17 01:00:00,0.4938,0.4953,0.4937,0.4946,17384182.5
2023-10-17 02:00:00,0.4946,0.4949,0.4926,0.4946,21626054.2
2023-10-17 03:00:00,0.4946,0.4947,0.4921,0.4924,17664323.5
2023-10-17 04:00:00,0.4925,0.4926,0.4875,0.4906,45412506.7
2023-10-17 05:00:00,0.4905,0.4913,0.4902,0.4911,18595861.5
2023-10-17 06:00:00,0.491,0.4912,0.4883,0.4893,28889745.2
2023-10-17 07:00:00,0.4893,0.492,0.489,0.4913,26852379.2
2023-10-17 08:00:00,0.4913,0.4924,0.4904,0.4917,29718133.8
2023-10-17 09:00:00,0.4918,0.4918,0.4899,0.4903,28439659.2
2023-10-17 10:00:00,0.4903,0.4913,0.4868,0.4897,46616533.4
2023-10-17 11:00:00,0.4897,0.4924,0.4889,0.4923,46913067.5
2023-10-17 12:00:00,0.4923,0.4923,0.4892,0.4897,32228837.9
2023-10-17 13:00:00,0.4897,0.4915,0.4825,0.4889,105006035.8
2023-10-17 14:00:00,0.4889,0.4906,0.4883,0.4898,34472932.2
2023-10-17 15:00:00,0.4898,0.4919,0.4894,0.4899,29408273.8
2023-10-17 16:00:00,0.4899,0.4907,0.4893,0.4905,17869021.7
2023-10-17 17:00:00,0.4905,0.4912,0.4892,0.4911,18406515.5
2023-10-17 18:00:00,0.4912,0.4926,0.4901,0.4906,26320040.6
2023-10-17 19:00:00,0.4905,0.4929,0.4903,0.4927,15504663.9
2023-10-17 20:00:00,0.4926,0.4935,0.4902,0.4916,25349809.9
2023-10-17 21:00:00,0.4917,0.4927,0.4909,0.4914,16847722.0
2023-10-17 22:00:00,0.4915,0.4916,0.4902,0.4909,12743240.7
2023-10-17 23:00:00,0.4909,0.4914,0.4905,0.4908,7439117.1
2023-10-18 00:00:00,0.4909,0.4909,0.4884,0.4892,25156607.6
2023-10-18 01:00:00,0.4892,0.4896,0.4883,0.4893,16935669.6
2023-10-18 02:00:00,0.4893,0.491,0.4893,0.4894,21544735.5
2023-10-18 03:00:00,0.4894,0.4906,0.4894,0.4902,14095856.3
2023-10-18 04:00:00,0.4901,0.4921,0.4886,0.4905,35634493.0
2023-10-18 05:00:00,0.4906,0.492,0.4895,0.4898,30335428.5
2023-10-18 06:00:00,0.4899,0.49,0.4887,0.4889,24408637.0
2023-10-18 07:00:00,0.4888,0.4896,0.4877,0.4889,27048963.0
2023-10-18 08:00:00,0.4888,0.4894,0.4865,0.4872,34451465.4
2023-10-18 09:00:00,0.4872,0.4902,0.4863,0.487,46604911.0
2023-10-18 10:00:00,0.4869,0.4895,0.4869,0.4892,18746833.1
2023-10-18 11:00:00,0.4892,0.4905,0.4888,0.4901,22530925.5
2023-10-18 12:00:00,0.4902,0.4906,0.4889,0.4896,19617279.4
2023-10-18 13:00:00,0.4896,0.4901,0.4883,0.4888,19840937.8
2023-10-18 14:00:00,0.4887,0.489,0.4867,0.4873,30484131.6
2023-10-18 15:00:00,0.4872,0.488,0.4868,0.4871,18983441.3
2023-10-18 16:00:00,0.487,0.4888,0.4869,0.4874,16859608.8
2023-10-18 17:00:00,0.4875,0.4912,0.4873,0.4908,48472772.0
2023-10-18 18:00:00,0.4907,0.4921,0.4901,0.4919,22962413.7
2023-10-18 19:00:00,0.4919,0.492,0.4885,0.489,38142010.3
2023-10-18 20:00:00,0.489,0.4897,0.4882,0.4888,14834072.7
2023-10-18 21:00:00,0.4887,0.4899,0.485,0.4879,28380167.1
2023-10-18 22:00:00,0.4879,0.4893,0.4876,0.4886,14182913.1
2023-10-18 23:00:00,0.4885,0.4888,0.4869,0.4874,23446439.9
2023-10-19 00:00:00,0.4874,0.4879,0.4861,0.4871,17929361.1
2023-10-19 01:00:00,0.487,0.4878,0.4787,0.4836,91601715.8
2023-10-19 02:00:00,0.4836,0.4843,0.4826,0.4827,25183480.6
2023-10-19 03:00:00,0.4828,0.483,0.481,0.4829,24349418.3
2023-10-19 04:00:00,0.483,0.4836,0.4814,0.482,26269912.6
2023-10-19 05:00:00,0.482,0.4836,0.4818,0.4828,23229129.3
2023-10-19 06:00:00,0.4828,0.4832,0.4789,0.4797,39396733.9
2023-10-19 07:00:00,0.4798,0.4804,0.4751,0.4796,59604821.4
2023-10-19 08:00:00,0.4796,0.4806,0.4779,0.48,28056249.0
2023-10-19 09:00:00,0.4799,0.4806,0.4783,0.4787,23624329.6
2023-10-19 10:00:00,0.4787,0.4833,0.4786,0.4826,52324394.4
2023-10-19 11:00:00,0.4826,0.4829,0.4815,0.4821,18298154.0
2023-10-19 12:00:00,0.4821,0.4831,0.4816,0.4829,21812868.4
2023-10-19 13:00:00,0.4828,0.4838,0.4823,0.4826,22188557.9
2023-10-19 14:00:00,0.4825,0.4858,0.4822,0.4857,33656062.7
2023-10-19 15:00:00,0.4857,0.4868,0.4846,0.4864,41812917.7
2023-10-19 16:00:00,0.4865,0.4889,0.4852,0.4857,50254232.0
2023-10-19 17:00:00,0.4857,0.4865,0.4848,0.4864,17166097.5
2023-10-19 18:00:00,0.4864,0.4885,0.486,0.4877,17047959.7
2023-10-19 19:00:00,0.4878,0.4891,0.4874,0.4886,12307110.9
2023-10-19 20:00:00,0.4885,0.5063,0.4878,0.503,351323992.3
2023-10-19 21:00:00,0.503,0.5196,0.5012,0.5057,533592883.4
2023-10-19 22:00:00,0.5057,0.5133,0.5032,0.5082,160057575.9
2023-10-19 23:00:00,0.5082,0.5242,0.5076,0.5193,292940541.1
2023-10-20 00:00:00,0.5193,0.5305,0.5141,0.5169,344687181.1
2023-10-20 01:00:00,0.5169,0.5179,0.5118,0.5152,143962740.8
2023-10-20 02:00:00,0.5153,0.521,0.5139,0.5191,102302356.0
2023-10-20 03:00:00,0.5191,0.5235,0.5175,0.5203,124488180.5
2023-10-20 04:00:00,0.5203,0.5209,0.5144,0.5166,66232816.7
2023-10-20 05:00:00,0.5166,0.5167,0.5099,0.5112,103085544.8
2023-10-20 06:00:00,0.5111,0.5124,0.5083,0.5123,74750062.3
2023-10-20 07:00:00,0.5122,0.5133,0.5085,0.5095,60708609.8
2023-10-20 08:00:00,0.5094,0.5166,0.5093,0.5141,130153775.6
2023-10-20 09:00:00,0.5141,0.5195,0.5131,0.5183,102501436.5
2023-10-20 10:00:00,0.5182,0.5211,0.5153,0.5172,106375043.9
2023-10-20 11:00:00,0.5172,0.5188,0.5152,0.5156,55247219.1
2023-10-20 12:00:00,0.5157,0.5179,0.514,0.5167,84632014.2
2023-10-20 13:00:00,0.5166,0.5198,0.5153,0.5176,66425547.1
2023-10-20 14:00:00,0.5176,0.5188,0.5152,0.5175,47424710.7
2023-10-20 15:00:00,0.5175,0.53,0.5171,0.5236,217284897.3
2023-10-20 16:00:00,0.5236,0.5237,0.5173,0.5184,89070249.8
2023-10-20 17:00:00,0.5185,0.5207,0.5157,0.5207,61023303.3
2023-10-20 18:00:00,0.5206,0.5232,0.5196,0.5228,38750743.9
2023-10-20 19:00:00,0.5228,0.5239,0.5189,0.5213,56764079.6
2023-10-20 20:00:00,0.5213,0.5234,0.5201,0.5216,30825981.8
2023-10-20 21:00:00,0.5216,0.523,0.518,0.5203,33984714.9
2023-10-20 22:00:00,0.5203,0.5204,0.518,0.5198,35756690.1
2023-10-20 23:00:00,0.5198,0.5206,0.5139,0.5146,55288968.7
2023-10-21 00:00:00,0.5146,0.5152,0.5122,0.5141,53972561.9
2023-10-21 01:00:00,0.5141,0.5143,0.5124,0.5127,22970527.5
2023-10-21 02:00:00,0.5128,0.5128,0.5105,0.512,24882085.4
2023-10-21 03:00:00,0.5121,0.5141,0.5111,0.5138,23375114.4
2023-10-21 04:00:00,0.5137,0.514,0.5127,0.5139,14432954.7
2023-10-21 05:00:00,0.5138,0.5145,0.5119,0.5123,27486859.1
2023-10-21 06:00:00,0.5124,0.516,0.5123,0.5159,30794424.9
2023-10-21 07:00:00,0.5159,0.5172,0.5147,0.5171,23211828.4
2023-10-21 08:00:00,0.5172,0.5178,0.5157,0.5165,25412736.5
2023-10-21 09:00:00,0.5166,0.5172,0.5152,0.5168,22924590.2
2023-10-21 10:00:00,0.5169,0.5173,0.516,0.5169,22613382.5
2023-10-21 11:00:00,0.5169,0.5185,0.5166,0.5174,27386021.7
2023-10-21 12:00:00,0.5174,0.5176,0.5153,0.516,26670411.4
2023-10-21 13:00:00,0.516,0.5188,0.5146,0.5174,40750469.8
2023-10-21 14:00:00,0.5174,0.535,0.517,0.523,222765096.6
2023-10-21 15:00:00,0.5229,0.5249,0.52,0.5233,103571083.4
2023-10-21 16:00:00,0.5233,0.5248,0.5214,0.5218,52594671.6
2023-10-21 17:00:00,0.5218,0.5256,0.5215,0.5251,41532316.8
2023-10-21 18:00:00,0.525,0.527,0.522,0.5248,58044891.8
2023-10-21 19:00:00,0.5248,0.5254,0.5211,0.5213,28775786.6
2023-10-21 20:00:00,0.5214,0.522,0.5182,0.5214,47434940.0
2023-10-21 21:00:00,0.5215,0.5236,0.5208,0.5228,20263934.2
2023-10-21 22:00:00,0.5228,0.524,0.5213,0.5222,20709669.0
2023-10-21 23:00:00,0.5222,0.5222,0.519,0.5205,25026048.3
2023-10-22 00:00:00,0.5205,0.5235,0.5197,0.5231,27579936.5
2023-10-22 01:00:00,0.523,0.5238,0.5208,0.5212,30414710.8
2023-10-22 02:00:00,0.5212,0.5213,0.5163,0.5179,45150426.0
2023-10-22 03:00:00,0.5179,0.5199,0.5175,0.5199,15787021.7
2023-10-22 04:00:00,0.5199,0.5213,0.5198,0.5209,16825764.0
2023-10-22 05:00:00,0.5208,0.5234,0.5206,0.5227,29144045.7
2023-10-22 06:00:00,0.5227,0.5239,0.5211,0.5214,39138942.6
2023-10-22 07:00:00,0.5214,0.5218,0.5097,0.5159,99335583.0
2023-10-22 08:00:00,0.5158,0.5179,0.5143,0.516,43385424.2
2023-10-22 09:00:00,0.516,0.5184,0.5158,0.5176,26675456.9
2023-10-22 10:00:00,0.5175,0.5184,0.5164,0.5167,20814628.8
2023-10-22 11:00:00,0.5168,0.5176,0.5153,0.5159,23729457.0
2023-10-22 12:00:00,0.516,0.5177,0.5158,0.5163,17534724.3
2023-10-22 13:00:00,0.5162,0.5181,0.5161,0.5179,15424728.8
2023-10-22 14:00:00,0.5178,0.5188,0.516,0.5168,22576166.1
2023-10-22 15:00:00,0.5168,0.5183,0.5157,0.5182,26631660.2
2023-10-22 16:00:00,0.5182,0.5224,0.5176,0.5219,47483142.6
2023-10-22 17:00:00,0.5219,0.5229,0.5203,0.521,35279462.2
2023-10-22 18:00:00,0.521,0.5218,0.5187,0.52,22711998.4
2023-10-22 19:00:00,0.52,0.5216,0.5193,0.5202,20119290.3
2023-10-22 20:00:00,0.5203,0.5206,0.5187,0.5194,14936279.4
2023-10-22 21:00:00,0.5195,0.5203,0.5178,0.5184,20320538.1
2023-10-22 22:00:00,0.5184,0.5223,0.5169,0.5219,32797163.5
2023-10-22 23:00:00,0.5219,0.5237,0.5205,0.5225,37693935.7
2023-10-23 00:00:00,0.5225,0.5239,0.5197,0.5234,42573744.7
2023-10-23 01:00:00,0.5234,0.5274,0.5213,0.5227,105623710.0
2023-10-23 02:00:00,0.5226,0.5245,0.521,0.5241,43500155.8
2023-10-23 03:00:00,0.5241,0.5269,0.5228,0.5239,62155060.2
2023-10-23 04:00:00,0.5239,0.526,0.5228,0.5248,61106239.1
2023-10-23 05:00:00,0.5249,0.5262,0.522,0.5227,62695804.4
2023-10-23 06:00:00,0.5227,0.5242,0.5206,0.5208,46885339.6
2023-10-23 07:00:00,0.5209,0.5302,0.5208,0.5237,143864952.0
2023-10-23 08:00:00,0.5237,0.5319,0.5223,0.5306,126012119.1
2023-10-23 09:00:00,0.5305,0.5357,0.5236,0.5267,213095323.5
2023-10-23 10:00:00,0.5267,0.533,0.525,0.5307,91267505.8
2023-10-23 11:00:00,0.5307,0.5317,0.5281,0.5312,58637684.0
2023-10-23 12:00:00,0.5312,0.5324,0.5286,0.5298,54821204.3
2023-10-23 13:00:00,0.5299,0.5312,0.5245,0.5266,88804742.8
2023-10-23 14:00:00,0.5266,0.5295,0.5262,0.5289,52958409.6
2023-10-23 15:00:00,0.5289,0.5381,0.5281,0.5319,188091803.9
2023-10-23 16:00:00,0.532,0.5353,0.5308,0.5347,94710779.2
2023-10-23 17:00:00,0.5347,0.5358,0.5289,0.5319,80580397.8
2023-10-23 18:00:00,0.5318,0.5338,0.5292,0.5334,57799524.5
2023-10-23 19:00:00,0.5334,0.5358,0.5332,0.5352,53826853.6
2023-10-23 20:00:00,0.5353,0.5387,0.5338,0.5359,81283272.9
2023-10-23 21:00:00,0.5358,0.5396,0.5333,0.5382,82220792.1
2023-10-23 22:00:00,0.5383,0.554,0.5379,0.5504,296509109.6
2023-10-23 23:00:00,0.5505,0.5537,0.5407,0.5476,174797143.7
2023-10-24 00:00:00,0.5476,0.5537,0.5428,0.5512,124094924.6
2023-10-24 01:00:00,0.5513,0.5563,0.5476,0.5517,123065426.9
2023-10-24 02:00:00,0.5517,0.5574,0.5501,0.5551,160612548.6
2023-10-24 03:00:00,0.5552,0.5557,0.5435,0.5447,107374204.5
2023-10-24 04:00:00,0.5446,0.549,0.5442,0.5453,75383848.1
2023-10-24 05:00:00,0.5453,0.5484,0.5381,0.5398,106296007.6
2023-10-24 06:00:00,0.5399,0.5424,0.5387,0.5405,79142973.0
2023-10-24 07:00:00,0.5404,0.5432,0.5355,0.5406,80519570.5
2023-10-24 08:00:00,0.5406,0.546,0.5393,0.5458,88319899.0
2023-10-24 09:00:00,0.5458,0.5504,0.5447,0.5484,75949351.4
2023-10-24 10:00:00,0.5484,0.5533,0.547,0.5526,60832339.3
2023-10-24 11:00:00,0.5526,0.5538,0.5495,0.5524,105740460.2
2023-10-24 12:00:00,0.5523,0.5868,0.5515,0.5726,665621413.5
2023-10-24 13:00:00,0.5726,0.5783,0.5658,0.5772,240033119.4
2023-10-24 14:00:00,0.5772,0.5806,0.5684,0.5763,163117587.4
2023-10-24 15:00:00,0.5763,0.58,0.5286,0.5536,509511122.0
2023-10-24 16:00:00,0.5537,0.5609,0.5451,0.5557,207464803.2
2023-10-24 17:00:00,0.5556,0.5586,0.5532,0.5536,60064774.2
2023-10-24 18:00:00,0.5537,0.5578,0.5458,0.5572,112929801.4
2023-10-24 19:00:00,0.5572,0.5647,0.5561,0.5597,88371830.4
2023-10-24 20:00:00,0.5597,0.5612,0.5556,0.5574,66980933.4
2023-10-24 21:00:00,0.5574,0.5634,0.5524,0.5613,73753462.9
2023-10-24 22:00:00,0.5612,0.563,0.5586,0.5618,49907144.9
2023-10-24 23:00:00,0.5618,0.5627,0.5561,0.5586,52273044.2
2023-10-25 00:00:00,0.5585,0.5591,0.5512,0.5569,72702127.0
2023-10-25 01:00:00,0.5568,0.561,0.5556,0.5599,55769114.3
2023-10-25 02:00:00,0.5599,0.5601,0.5539,0.5553,41960603.9
2023-10-25 03:00:00,0.5553,0.5558,0.5504,0.5532,61724813.7
2023-10-25 04:00:00,0.5532,0.5572,0.5521,0.557,35116369.2
2023-10-25 05:00:00,0.557,0.5573,0.5487,0.5492,70316891.5
2023-10-25 06:00:00,0.5493,0.5523,0.549,0.5503,35935355.0
2023-10-25 07:00:00,0.5502,0.5521,0.54,0.5439,102650990.6
2023-10-25 08:00:00,0.544,0.5471,0.5405,0.5466,73938386.2
2023-10-25 09:00:00,0.5465,0.551,0.5455,0.5485,49337619.5
2023-10-25 10:00:00,0.5485,0.5539,0.5478,0.5531,31521980.5
2023-10-25 11:00:00,0.5532,0.5548,0.5497,0.5518,49872043.9
2023-10-25 12:00:00,0.5518,0.5538,0.551,0.5533,39192202.6
2023-10-25 13:00:00,0.5533,0.5549,0.5504,0.5532,60021044.5
2023-10-25 14:00:00,0.5531,0.5589,0.5524,0.5581,70049159.8
2023-10-25 15:00:00,0.5581,0.561,0.5551,0.5585,92373796.6
2023-10-25 16:00:00,0.5585,0.561,0.5503,0.5507,128343954.0
2023-10-25 17:00:00,0.5507,0.5641,0.55,0.5593,135957137.3
2023-10-25 18:00:00,0.5593,0.5606,0.5562,0.5596,53374799.7
2023-10-25 19:00:00,0.5596,0.5598,0.5543,0.5561,46435515.3
2023-10-25 20:00:00,0.5561,0.5571,0.5527,0.5531,38979118.2
2023-10-25 21:00:00,0.5532,0.5562,0.5511,0.5537,31862833.2
2023-10-25 22:00:00,0.5537,0.5557,0.553,0.5546,26515953.5
2023-10-25 23:00:00,0.5545,0.5554,0.5509,0.5551,39584532.6
2023-10-26 00:00:00,0.5552,0.5571,0.5536,0.5558,41020819.8
2023-10-26 01:00:00,0.5557,0.5564,0.5526,0.5543,36188478.3
2023-10-26 02:00:00,0.5544,0.5544,0.5523,0.554,22065166.8
2023-10-26 03:00:00,0.554,0.5584,0.5537,0.5569,41225879.0
2023-10-26 04:00:00,0.5569,0.557,0.5529,0.5546,36044293.9
2023-10-26 05:00:00,0.5546,0.5552,0.5506,0.551,55315427.9
2023-10-26 06:00:00,0.5509,0.5539,0.5483,0.5535,54604808.8
2023-10-26 07:00:00,0.5535,0.5588,0.5525,0.5581,91311362.6
2023-10-26 08:00:00,0.5582,0.57,0.5538,0.5629,175592206.0
2023-10-26 09:00:00,0.5629,0.5664,0.5574,0.5603,111047701.4
2023-10-26 10:00:00,0.5603,0.5605,0.5551,0.5597,69139270.3
2023-10-26 11:00:00,0.5597,0.5624,0.5511,0.556,119844751.6
2023-10-26 12:00:00,0.5561,0.5603,0.5557,0.5596,46570568.1
2023-10-26 13:00:00,0.5597,0.5614,0.5543,0.5549,58408123.1
2023-10-26 14:00:00,0.555,0.5572,0.542,0.5513,184975676.2
2023-10-26 15:00:00,0.5514,0.552,0.543,0.5475,94687170.0
2023-10-26 16:00:00,0.5475,0.5496,0.5447,0.548,73939445.6
2023-10-26 17:00:00,0.548,0.5525,0.548,0.5521,54544463.4
2023-10-26 18:00:00,0.5521,0.5544,0.55,0.551,33701993.3
2023-10-26 19:00:00,0.551,0.5516,0.549,0.551,22737579.2
2023-10-26 20:00:00,0.551,0.5522,0.5497,0.5518,19900158.2
2023-10-26 21:00:00,0.5517,0.5525,0.5507,0.5519,12060533.6
2023-10-26 22:00:00,0.5518,0.5544,0.5518,0.554,22864589.9
2023-10-26 23:00:00,0.5539,0.555,0.5527,0.5535,24623029.2
2023-10-27 00:00:00,0.5536,0.5542,0.5507,0.5541,42999093.8
2023-10-27 01:00:00,0.5541,0.559,0.5487,0.5496,123217582.9
2023-10-27 02:00:00,0.5497,0.5539,0.5485,0.5532,39287078.6
2023-10-27 03:00:00,0.5531,0.5544,0.552,0.5525,19143868.1
2023-10-27 04:00:00,0.5525,0.5528,0.5497,0.5516,32262317.4
2023-10-27 05:00:00,0.5517,0.5518,0.5475,0.55,38258805.9
2023-10-27 06:00:00,0.5501,0.551,0.5486,0.551,20563124.1
2023-10-27 07:00:00,0.551,0.5511,0.5452,0.5455,49140402.7
2023-10-27 08:00:00,0.5455,0.5514,0.5452,0.5505,45218262.9
2023-10-27 09:00:00,0.5504,0.5521,0.5503,0.5519,20564442.3
2023-10-27 10:00:00,0.5519,0.5523,0.55,0.5509,16751084.2
2023-10-27 11:00:00,0.5509,0.5514,0.5476,0.5493,31746333.5
2023-10-27 12:00:00,0.5493,0.5534,0.5492,0.5534,38269462.9
2023-10-27 13:00:00,0.5533,0.5542,0.552,0.5533,27183708.7
2023-10-27 14:00:00,0.5534,0.5534,0.5479,0.5498,54336834.9
2023-10-27 15:00:00,0.5497,0.5557,0.5488,0.5551,59715679.1
2023-10-27 16:00:00,0.5551,0.5552,0.55,0.5506,50909154.7
2023-10-27 17:00:00,0.5507,0.5512,0.524,0.5427,183610783.0
2023-10-27 18:00:00,0.5428,0.5441,0.5381,0.5433,65057195.1
2023-10-27 19:00:00,0.5432,0.5453,0.543,0.5451,17444073.1
2023-10-27 20:00:00,0.5452,0.547,0.5445,0.5457,19360541.7
2023-10-27 21:00:00,0.5457,0.5467,0.545,0.5461,10074493.3
2023-10-27 22:00:00,0.5462,0.547,0.5453,0.5455,13930075.4
2023-10-27 23:00:00,0.5455,0.5467,0.5419,0.5432,27147616.4
2023-10-28 00:00:00,0.5433,0.5439,0.5416,0.5424,29226392.9
2023-10-28 01:00:00,0.5424,0.544,0.5406,0.5433,19550545.2
2023-10-28 02:00:00,0.5433,0.5457,0.5431,0.5453,17243011.7
2023-10-28 03:00:00,0.5453,0.5458,0.5443,0.5456,11421935.2
2023-10-28 04:00:00,0.5456,0.546,0.5439,0.5458,14985941.0
2023-10-28 05:00:00,0.5457,0.5471,0.5447,0.545,14912856.3
2023-10-28 06:00:00,0.5451,0.5461,0.5449,0.5458,11685892.3
2023-10-28 07:00:00,0.5459,0.546,0.5445,0.5451,9243916.4
2023-10-28 08:00:00,0.5452,0.5471,0.545,0.5464,13098486.7
2023-10-28 09:00:00,0.5463,0.5479,0.5455,0.5471,13258632.5
2023-10-28 10:00:00,0.547,0.5475,0.5458,0.5466,14177648.1
2023-10-28 11:00:00,0.5466,0.5507,0.5462,0.5472,42430071.5
2023-10-28 12:00:00,0.5471,0.548,0.5432,0.5452,35121816.6
2023-10-28 13:00:00,0.5453,0.5468,0.5441,0.546,14881965.5
2023-10-28 14:00:00,0.546,0.5466,0.5447,0.5452,13520243.9
2023-10-28 15:00:00,0.5452,0.5477,0.5448,0.5477,11965605.1
2023-10-28 16:00:00,0.5477,0.5478,0.5463,0.5476,10728272.6
2023-10-28 17:00:00,0.5476,0.5476,0.5463,0.5469,8219305.8
2023-10-28 18:00:00,0.5469,0.5469,0.5451,0.5467,8529844.5
2023-10-28 19:00:00,0.5466,0.547,0.5444,0.5447,15072961.7
2023-10-28 20:00:00,0.5446,0.5469,0.5445,0.5466,7104961.1
2023-10-28 21:00:00,0.5465,0.5476,0.546,0.5474,5616195.4
2023-10-28 22:00:00,0.5474,0.5478,0.5444,0.546,15041684.6
2023-10-28 23:00:00,0.5461,0.5461,0.5441,0.5447,10266869.1
2023-10-29 00:00:00,0.5448,0.546,0.5436,0.5442,16783385.1
2023-10-29 01:00:00,0.5442,0.5448,0.5404,0.5427,30780973.4
2023-10-29 02:00:00,0.5426,0.5436,0.5417,0.5435,8884217.0
2023-10-29 03:00:00,0.5435,0.5438,0.5423,0.5427,6268026.1
2023-10-29 04:00:00,0.5427,0.5443,0.5422,0.544,7232938.9
2023-10-29 05:00:00,0.544,0.5453,0.5433,0.545,8006620.0
2023-10-29 06:00:00,0.5449,0.5465,0.5449,0.5457,11667550.2
2023-10-29 07:00:00,0.5456,0.548,0.5456,0.5474,20352912.4
2023-10-29 08:00:00,0.5473,0.5493,0.5472,0.5491,15468443.6
2023-10-29 09:00:00,0.5492,0.554,0.5475,0.5514,36059119.6
2023-10-29 10:00:00,0.5514,0.5563,0.5514,0.5528,59850568.3
2023-10-29 11:00:00,0.5528,0.5562,0.5524,0.5556,34925513.0
2023-10-29 12:00:00,0.5555,0.557,0.5547,0.5556,32802862.3
2023-10-29 13:00:00,0.5556,0.5565,0.5533,0.5538,38369904.0
2023-10-29 14:00:00,0.5538,0.5565,0.5524,0.5564,32793734.0
2023-10-29 15:00:00,0.5565,0.5578,0.5548,0.557,35711791.6
2023-10-29 16:00:00,0.5571,0.5596,0.5557,0.5563,35740851.0
2023-10-29 17:00:00,0.5563,0.5619,0.5557,0.5589,45673296.8
2023-10-29 18:00:00,0.559,0.56,0.5574,0.5589,24791777.0
2023-10-29 19:00:00,0.5588,0.5592,0.555,0.5587,25810836.0
2023-10-29 20:00:00,0.5588,0.5602,0.5583,0.5585,15793140.2
2023-10-29 21:00:00,0.5585,0.5593,0.5549,0.5553,21780045.1
2023-10-29 22:00:00,0.5553,0.5586,0.5553,0.5575,17561679.7
2023-10-29 23:00:00,0.5575,0.5579,0.5559,0.5564,14533396.7
2023-10-30 00:00:00,0.5564,0.5577,0.5542,0.5548,20119358.9
2023-10-30 01:00:00,0.5548,0.5563,0.5547,0.5549,14108219.1
2023-10-30 02:00:00,0.5549,0.555,0.5508,0.5544,32361983.2
2023-10-30 03:00:00,0.5543,0.5557,0.5538,0.5549,15122043.9
2023-10-30 04:00:00,0.5549,0.5551,0.5522,0.5524,28148892.3
2023-10-30 05:00:00,0.5524,0.5534,0.551,0.5514,21466552.6
2023-10-30 06:00:00,0.5515,0.552,0.5494,0.551,30618677.0
2023-10-30 07:00:00,0.5509,0.5541,0.5506,0.5527,32168764.0
2023-10-30 08:00:00,0.5528,0.5572,0.5514,0.5558,39694343.0
2023-10-30 09:00:00,0.5559,0.562,0.5556,0.5595,64096301.6
2023-10-30 10:00:00,0.5595,0.5604,0.5569,0.5584,29491821.9
2023-10-30 11:00:00,0.5585,0.568,0.5574,0.5632,87100952.0
2023-10-30 12:00:00,0.5632,0.5678,0.5623,0.5643,94002484.7
2023-10-30 13:00:00,0.5644,0.5814,0.5634,0.5761,153494239.4
2023-10-30 14:00:00,0.576,0.5847,0.5736,0.5821,170274141.1
2023-10-30 15:00:00,0.5821,0.5833,0.5744,0.5781,97710285.2
2023-10-30 16:00:00,0.5781,0.5809,0.5752,0.5804,65606453.6
2023-10-30 17:00:00,0.5804,0.5805,0.5691,0.5793,125183595.5
2023-10-30 18:00:00,0.5793,0.58,0.5767,0.5789,43219468.0
2023-10-30 19:00:00,0.5789,0.5843,0.5779,0.5826,71468409.5
2023-10-30 20:00:00,0.5826,0.5828,0.5776,0.58,43007657.3
2023-10-30 21:00:00,0.5799,0.5813,0.5784,0.5809,20809120.1
2023-10-30 22:00:00,0.5809,0.5813,0.5757,0.5787,33064860.9
2023-10-30 23:00:00,0.5787,0.5795,0.5772,0.5786,18635430.9
2023-10-31 00:00:00,0.5786,0.5812,0.5767,0.579,47599762.0
2023-10-31 01:00:00,0.5791,0.5808,0.576,0.5799,40722135.8
2023-10-31 02:00:00,0.5798,0.5807,0.5751,0.5778,41626363.4
2023-10-31 03:00:00,0.5778,0.579,0.5734,0.5743,37810019.7
2023-10-31 04:00:00,0.5744,0.5764,0.5728,0.5733,30820995.6
2023-10-31 05:00:00,0.5732,0.5746,0.5706,0.5722,42554981.0
2023-10-31 06:00:00,0.5722,0.5756,0.5694,0.5718,57236344.8
2023-10-31 07:00:00,0.5719,0.5741,0.5668,0.5685,57289630.5
2023-10-31 08:00:00,0.5686,0.5737,0.563,0.5737,72704073.4
2023-10-31 09:00:00,0.5737,0.5762,0.5719,0.5749,47240064.5
2023-10-31 10:00:00,0.5748,0.6012,0.5746,0.6012,171865297.6
2023-10-31 11:00:00,0.6011,0.6267,0.5945,0.6044,531355376.2
2023-10-31 12:00:00,0.6045,0.6142,0.5927,0.6,280018523.8
2023-10-31 13:00:00,0.5999,0.6063,0.59,0.5962,184113097.7
2023-10-31 14:00:00,0.5963,0.5994,0.5901,0.5952,133061436.8
2023-10-31 15:00:00,0.5953,0.5966,0.5819,0.5954,189021203.5
2023-10-31 16:00:00,0.5955,0.6023,0.5923,0.601,99091461.8
2023-10-31 17:00:00,0.601,0.6048,0.5973,0.6031,80798883.7
2023-10-31 18:00:00,0.6031,0.6043,0.5981,0.6027,62091673.0
2023-10-31 19:00:00,0.6027,0.6033,0.5974,0.5994,43950415.7
2023-10-31 20:00:00,0.5995,0.6035,0.5979,0.6011,42122357.1
2023-10-31 21:00:00,0.6011,0.6014,0.5938,0.5968,35102826.8
2023-10-31 22:00:00,0.5969,0.5986,0.5955,0.5985,20194949.1
2023-10-31 23:00:00,0.5984,0.6009,0.5963,0.5997,23224613.9
2023-11-01 00:00:00,0.5997,0.6,0.5942,0.5945,39080063.4
2023-11-01 01:00:00,0.5945,0.5963,0.5927,0.5944,26490716.2
2023-11-01 02:00:00,0.5944,0.5962,0.5932,0.5954,16025663.8
2023-11-01 03:00:00,0.5954,0.5964,0.5922,0.5927,26414353.4
2023-11-01 04:00:00,0.5928,0.5929,0.5874,0.5902,48812659.2
2023-11-01 05:00:00,0.5902,0.5903,0.5815,0.5823,90605977.9
2023-11-01 06:00:00,0.5824,0.5916,0.5802,0.5913,84271687.1
2023-11-01 07:00:00,0.5913,0.6093,0.5909,0.5987,171150046.3
2023-11-01 08:00:00,0.5986,0.6048,0.5972,0.6011,103991242.4
2023-11-01 09:00:00,0.6011,0.6047,0.5987,0.6037,54936775.6
2023-11-01 10:00:00,0.6037,0.604,0.5968,0.6001,57859640.8
2023-11-01 11:00:00,0.6001,0.6038,0.5962,0.6031,47444290.1
2023-11-01 12:00:00,0.6031,0.6071,0.6003,0.6053,84395140.8
2023-11-01 13:00:00,0.6054,0.6118,0.5947,0.6006,164461619.7
2023-11-01 14:00:00,0.6006,0.6036,0.5929,0.5956,102356395.4
2023-11-01 15:00:00,0.5957,0.6004,0.5952,0.5971,61181733.8
2023-11-01 16:00:00,0.5971,0.5991,0.5948,0.5984,41364558.8
2023-11-01 17:00:00,0.5984,0.6036,0.5973,0.6022,68635943.7
2023-11-01 18:00:00,0.6021,0.6139,0.6007,0.609,141134354.9
2023-11-01 19:00:00,0.6089,0.613,0.6062,0.6091,124884473.0
2023-11-01 20:00:00,0.609,0.6177,0.6075,0.6154,76763809.8
2023-11-01 21:00:00,0.6155,0.6172,0.6095,0.6113,48363908.6
2023-11-01 22:00:00,0.6114,0.6138,0.6086,0.6104,35261879.3
2023-11-01 23:00:00,0.6104,0.6111,0.6073,0.6091,29155415.7
2023-11-02 00:00:00,0.6091,0.6112,0.6052,0.6106,52601275.1
2023-11-02 01:00:00,0.6106,0.6128,0.6078,0.6092,39004632.7
2023-11-02 02:00:00,0.6091,0.6136,0.6082,0.6124,29366560.1
2023-11-02 03:00:00,0.6123,0.6137,0.6107,0.6121,29114405.5
2023-11-02 04:00:00,0.612,0.6126,0.606,0.607,44174820.0
2023-11-02 05:00:00,0.6071,0.6081,0.603,0.6054,51524039.0
2023-11-02 06:00:00,0.6054,0.6096,0.6048,0.606,46788986.7
2023-11-02 07:00:00,0.606,0.6076,0.6036,0.6057,28580876.9
2023-11-02 08:00:00,0.6057,0.6088,0.6014,0.6086,40584659.3
2023-11-02 09:00:00,0.6085,0.6094,0.6058,0.6076,45613294.1
2023-11-02 10:00:00,0.6076,0.6255,0.6066,0.6172,270657598.6
2023-11-02 11:00:00,0.6172,0.6187,0.6147,0.6173,55996169.4
2023-11-02 12:00:00,0.6174,0.6273,0.6155,0.6205,105470123.8
2023-11-02 13:00:00,0.6205,0.6218,0.6071,0.6135,144865018.2
2023-11-02 14:00:00,0.6135,0.6156,0.6018,0.6086,99623201.2
2023-11-02 15:00:00,0.6086,0.6104,0.6014,0.6041,103106846.5
2023-11-02 16:00:00,0.6041,0.6064,0.5857,0.601,175122839.2
2023-11-02 17:00:00,0.601,0.6048,0.5999,0.6043,62692417.0
2023-11-02 18:00:00,0.6043,0.614,0.6016,0.6083,86811866.4
2023-11-02 19:00:00,0.6083,0.6121,0.6064,0.6103,47963295.9
2023-11-02 20:00:00,0.6102,0.6121,0.6065,0.6075,42523791.9
2023-11-02 21:00:00,0.6075,0.6084,0.6045,0.6076,29357804.9
2023-11-02 22:00:00,0.6076,0.6088,0.6026,0.6043,25011234.4
2023-11-02 23:00:00,0.6042,0.6075,0.6028,0.6057,23440582.0
2023-11-03 00:00:00,0.6058,0.6061,0.5952,0.5983,55517476.3
2023-11-03 01:00:00,0.5983,0.5988,0.5914,0.5955,51085581.2
2023-11-03 02:00:00,0.5955,0.5993,0.5942,0.5987,24727170.7
2023-11-03 03:00:00,0.5987,0.6017,0.5971,0.601,24619104.9
2023-11-03 04:00:00,0.601,0.6017,0.5922,0.5943,47477579.8
2023-11-03 05:00:00,0.5944,0.6,0.5928,0.5992,29206555.1
2023-11-03 06:00:00,0.5992,0.6001,0.5958,0.5965,23176216.5
2023-11-03 07:00:00,0.5965,0.5999,0.5953,0.5968,23994377.9
2023-11-03 08:00:00,0.5969,0.6029,0.5952,0.6,48241523.9
2023-11-03 09:00:00,0.6,0.6071,0.5983,0.6018,74949122.1
2023-11-03 10:00:00,0.6018,0.6067,0.6,0.6058,39033303.8
2023-11-03 11:00:00,0.6058,0.6083,0.6021,0.6031,34139575.5
2023-11-03 12:00:00,0.603,0.6074,0.6011,0.6072,37933144.6
2023-11-03 13:00:00,0.6071,0.6126,0.6062,0.6102,62133699.3
2023-11-03 14:00:00,0.6102,0.6122,0.6074,0.6093,44270505.7
2023-11-03 15:00:00,0.6092,0.6135,0.6062,0.6119,45131982.9
2023-11-03 16:00:00,0.6118,0.6126,0.6079,0.61,49265613.6
2023-11-03 17:00:00,0.6101,0.6104,0.604,0.6062,42576440.1
2023-11-03 18:00:00,0.6062,0.6112,0.6046,0.6108,25933289.8
2023-11-03 19:00:00,0.6107,0.6117,0.6086,0.6108,17331365.8
2023-11-03 20:00:00,0.6108,0.615,0.6101,0.6139,31105817.6
2023-11-03 21:00:00,0.6139,0.6154,0.6123,0.6127,17221097.7
2023-11-03 22:00:00,0.6127,0.614,0.6108,0.613,17147755.4
2023-11-03 23:00:00,0.613,0.6138,0.611,0.6124,13997091.0
2023-11-04 00:00:00,0.6124,0.6124,0.6091,0.6115,17535065.1
2023-11-04 01:00:00,0.6115,0.6128,0.6094,0.6109,16884048.5
2023-11-04 02:00:00,0.611,0.6121,0.61,0.6103,13060075.7
2023-11-04 03:00:00,0.6103,0.6121,0.6098,0.6119,9253194.1
2023-11-04 04:00:00,0.6119,0.6153,0.6105,0.6133,28611550.0
2023-11-04 05:00:00,0.6133,0.6134,0.6102,0.6123,25414601.0
2023-11-04 06:00:00,0.6124,0.6157,0.6122,0.614,24701359.5
2023-11-04 07:00:00,0.6139,0.6176,0.6138,0.6147,29516837.3
2023-11-04 08:00:00,0.6147,0.6174,0.613,0.617,22867873.4
2023-11-04 09:00:00,0.617,0.6186,0.6134,0.6143,32467476.2
2023-11-04 10:00:00,0.6143,0.616,0.6132,0.6136,18451461.7
2023-11-04 11:00:00,0.6136,0.6169,0.6132,0.6144,17638907.1
2023-11-04 12:00:00,0.6144,0.6151,0.6128,0.615,14831955.5
2023-11-04 13:00:00,0.6151,0.6154,0.6116,0.6125,21187919.1
2023-11-04 14:00:00,0.6125,0.6132,0.6106,0.6115,27278320.9
2023-11-04 15:00:00,0.6114,0.6119,0.6084,0.6104,29096626.8
2023-11-04 16:00:00,0.6103,0.6127,0.6099,0.6114,14327309.0
2023-11-04 17:00:00,0.6113,0.6132,0.6111,0.613,10595266.1
2023-11-04 18:00:00,0.613,0.6134,0.6115,0.6133,10727280.5
2023-11-04 19:00:00,0.6133,0.6136,0.6117,0.6125,12036509.8
2023-11-04 20:00:00,0.6125,0.6135,0.6119,0.6135,6146748.4
2023-11-04 21:00:00,0.6135,0.6157,0.6133,0.6147,14615621.3
2023-11-04 22:00:00,0.6147,0.617,0.6146,0.617,10174215.3
2023-11-04 23:00:00,0.6169,0.618,0.6153,0.6156,26697002.1
2023-11-05 00:00:00,0.6155,0.6309,0.6141,0.6231,106497389.1
2023-11-05 01:00:00,0.6232,0.6243,0.6188,0.6222,55142516.8
2023-11-05 02:00:00,0.6221,0.6222,0.6188,0.6212,24638815.4
2023-11-05 03:00:00,0.6213,0.6262,0.6204,0.6255,23864159.4
2023-11-05 04:00:00,0.6254,0.627,0.6234,0.6242,27009251.4
2023-11-05 05:00:00,0.6243,0.6257,0.6227,0.6236,19889428.4
2023-11-05 06:00:00,0.6237,0.6238,0.6196,0.6205,23401240.2
2023-11-05 07:00:00,0.6206,0.6232,0.6205,0.6228,15743997.0
2023-11-05 08:00:00,0.6227,0.6247,0.6197,0.6216,31268000.1
2023-11-05 09:00:00,0.6217,0.6348,0.6214,0.6285,63262124.3
2023-11-05 10:00:00,0.6284,0.6434,0.6273,0.6394,132272724.9
2023-11-05 11:00:00,0.6395,0.6555,0.6394,0.6462,210788521.2
2023-11-05 12:00:00,0.6462,0.6496,0.6382,0.6413,88155169.2
2023-11-05 13:00:00,0.6413,0.6468,0.6275,0.6331,99176057.5
2023-11-05 14:00:00,0.6331,0.6504,0.6329,0.6475,106082451.5
2023-11-05 15:00:00,0.6475,0.6494,0.6402,0.6445,65263886.3
2023-11-05 16:00:00,0.6446,0.6499,0.6432,0.6488,44731380.1
2023-11-05 17:00:00,0.6488,0.655,0.6473,0.6489,84058670.5
2023-11-05 18:00:00,0.6489,0.6533,0.6475,0.653,35475114.3
2023-11-05 19:00:00,0.653,0.6615,0.6496,0.6546,90136485.2
2023-11-05 20:00:00,0.6545,0.6587,0.6506,0.6525,47610047.4
2023-11-05 21:00:00,0.6525,0.6554,0.6435,0.6505,69250311.9
2023-11-05 22:00:00,0.6504,0.6532,0.6482,0.6525,28697907.6
2023-11-05 23:00:00,0.6524,0.6635,0.6523,0.661,60804915.8
2023-11-06 00:00:00,0.661,0.6893,0.6588,0.6849,202140014.6
2023-11-06 01:00:00,0.6849,0.6864,0.6764,0.6798,113732151.2
2023-11-06 02:00:00,0.6798,0.685,0.679,0.684,65533979.6
2023-11-06 03:00:00,0.684,0.6875,0.6762,0.6817,82690500.2
2023-11-06 04:00:00,0.6817,0.6847,0.6778,0.6793,73458848.1
2023-11-06 05:00:00,0.6793,0.6799,0.6678,0.675,90026574.3
2023-11-06 06:00:00,0.675,0.6757,0.6685,0.6727,45119608.7
2023-11-06 07:00:00,0.6728,0.6828,0.672,0.6816,69965433.4
2023-11-06 08:00:00,0.6816,0.6835,0.677,0.6808,51340453.6
2023-11-06 09:00:00,0.6808,0.6961,0.6807,0.6922,142556059.8
2023-11-06 10:00:00,0.6921,0.6995,0.6884,0.6982,110324533.8
2023-11-06 11:00:00,0.6982,0.7037,0.6891,0.7028,168472498.6
2023-11-06 12:00:00,0.7029,0.7194,0.7002,0.7128,265123095.1
2023-11-06 13:00:00,0.7128,0.7249,0.7035,0.7208,238588906.2
2023-11-06 14:00:00,0.7207,0.7333,0.7174,0.7244,238537939.8
2023-11-06 15:00:00,0.7245,0.7282,0.714,0.7178,151629205.1
2023-11-06 16:00:00,0.7178,0.7198,0.704,0.7142,180411997.7
2023-11-06 17:00:00,0.7141,0.7146,0.704,0.7113,82070938.5
2023-11-06 18:00:00,0.7113,0.7165,0.7077,0.7125,75230173.3
2023-11-06 19:00:00,0.7124,0.7165,0.708,0.7159,51605216.7
2023-11-06 20:00:00,0.716,0.7171,0.7086,0.716,52035561.6
2023-11-06 21:00:00,0.716,0.7241,0.7131,0.724,88113092.6
2023-11-06 22:00:00,0.7241,0.725,0.7192,0.722,46749007.4
2023-11-06 23:00:00,0.722,0.7221,0.7124,0.7153,59660842.2
2023-11-07 00:00:00,0.7153,0.716,0.6464,0.6902,395538699.6
2023-11-07 01:00:00,0.6902,0.697,0.6784,0.6895,123513508.5
2023-11-07 02:00:00,0.6895,0.6921,0.6777,0.6806,73848412.6
2023-11-07 03:00:00,0.6805,0.6919,0.6788,0.6907,61992016.9
2023-11-07 04:00:00,0.6907,0.6908,0.679,0.6854,61795818.1
2023-11-07 05:00:00,0.6854,0.696,0.681,0.6944,65512643.8
2023-11-07 06:00:00,0.6943,0.6964,0.6902,0.6936,57545270.3
2023-11-07 07:00:00,0.6936,0.696,0.6878,0.6948,51525131.2
2023-11-07 08:00:00,0.6948,0.702,0.6917,0.6933,79159863.2
2023-11-07 09:00:00,0.6932,0.6941,0.681,0.6834,138018876.3
2023-11-07 10:00:00,0.6834,0.6865,0.6659,0.6791,149111657.4
2023-11-07 11:00:00,0.6791,0.6859,0.678,0.6835,68505803.9
2023-11-07 12:00:00,0.6835,0.69,0.6783,0.6875,73711481.7
2023-11-07 13:00:00,0.6874,0.6883,0.6798,0.6852,65141741.1
2023-11-07 14:00:00,0.6853,0.6864,0.6702,0.6817,108078711.6
2023-11-07 15:00:00,0.6818,0.6837,0.665,0.6722,132918423.4
2023-11-07 16:00:00,0.6723,0.6754,0.6602,0.6618,85563658.8
2023-11-07 17:00:00,0.6618,0.6741,0.6552,0.6732,131622193.2
2023-11-07 18:00:00,0.6733,0.69,0.6728,0.6857,149553083.5
2023-11-07 19:00:00,0.6856,0.692,0.6842,0.6893,84879827.8
2023-11-07 20:00:00,0.6893,0.6966,0.6849,0.6936,64585163.8
2023-11-07 21:00:00,0.6936,0.694,0.686,0.6882,48478232.8
2023-11-07 22:00:00,0.6882,0.6885,0.6773,0.6824,72184842.7
2023-11-07 23:00:00,0.6823,0.6882,0.6814,0.6852,38997355.8
2023-11-08 00:00:00,0.6852,0.6866,0.6788,0.6834,48122180.8
2023-11-08 01:00:00,0.6834,0.6904,0.6825,0.6888,35958214.2
2023-11-08 02:00:00,0.6888,0.6922,0.6863,0.6865,34498955.1
2023-11-08 03:00:00,0.6866,0.6878,0.6842,0.6853,29467230.3
2023-11-08 04:00:00,0.6853,0.6877,0.6813,0.6835,47001667.9
2023-11-08 05:00:00,0.6835,0.6845,0.6775,0.6788,37932101.1
2023-11-08 06:00:00,0.6788,0.6814,0.6751,0.6793,55934902.4
2023-11-08 07:00:00,0.6794,0.6799,0.6728,0.6748,46922637.1
2023-11-08 08:00:00,0.6748,0.6792,0.6731,0.6779,40408866.3
2023-11-08 09:00:00,0.678,0.6823,0.6779,0.6814,32125215.0
2023-11-08 10:00:00,0.6813,0.699,0.68,0.6951,161206082.1
2023-11-08 11:00:00,0.6951,0.6982,0.6911,0.6931,73578649.1
2023-11-08 12:00:00,0.6932,0.6966,0.6875,0.691,67565114.7
2023-11-08 13:00:00,0.691,0.6933,0.6859,0.6906,52172897.1
2023-11-08 14:00:00,0.6907,0.6916,0.6792,0.6833,82126202.6
2023-11-08 15:00:00,0.6832,0.6856,0.6796,0.6845,50849312.7
2023-11-08 16:00:00,0.6844,0.6909,0.682,0.6897,52204213.5
2023-11-08 17:00:00,0.6896,0.6906,0.685,0.6889,50151421.0
2023-11-08 18:00:00,0.6889,0.6938,0.6878,0.6923,50461912.9
2023-11-08 19:00:00,0.6923,0.6933,0.6874,0.6901,54820747.7
2023-11-08 20:00:00,0.6901,0.6931,0.6882,0.6925,37285637.6
2023-11-08 21:00:00,0.6925,0.6946,0.6815,0.69,77381680.0
2023-11-08 22:00:00,0.69,0.6918,0.6871,0.6881,30804463.7
2023-11-08 23:00:00,0.6881,0.6911,0.6863,0.6876,35707612.7
2023-11-09 00:00:00,0.6876,0.6877,0.6829,0.6866,41500953.9
2023-11-09 01:00:00,0.6866,0.6885,0.6811,0.6855,45914588.4
2023-11-09 02:00:00,0.6856,0.6955,0.6835,0.6911,63560643.5
2023-11-09 03:00:00,0.6911,0.6925,0.6891,0.6916,38059209.3
2023-11-09 04:00:00,0.6915,0.6999,0.691,0.6966,57957923.8
2023-11-09 05:00:00,0.6966,0.6993,0.6911,0.6975,59644900.1
2023-11-09 06:00:00,0.6976,0.7078,0.6945,0.7006,90806195.8
2023-11-09 07:00:00,0.7005,0.7036,0.6936,0.6955,80526408.1
2023-11-09 08:00:00,0.6955,0.7008,0.6946,0.6993,48054877.9
2023-11-09 09:00:00,0.6993,0.705,0.6977,0.7033,61303566.7
2023-11-09 10:00:00,0.7032,0.7061,0.6968,0.6978,69806530.7
2023-11-09 11:00:00,0.6978,0.698,0.6898,0.6955,95423219.9
2023-11-09 12:00:00,0.6955,0.6983,0.6621,0.6855,284848935.0
2023-11-09 13:00:00,0.6855,0.6877,0.678,0.6857,107903780.9
2023-11-09 14:00:00,0.6856,0.7004,0.6833,0.6996,149806714.7
2023-11-09 15:00:00,0.6995,0.705,0.684,0.6873,225454995.3
2023-11-09 16:00:00,0.6873,0.6903,0.6006,0.6548,594507150.5
2023-11-09 17:00:00,0.6548,0.6635,0.6468,0.663,138286226.3
2023-11-09 18:00:00,0.663,0.6631,0.6506,0.6526,69952964.4
2023-11-09 19:00:00,0.6526,0.6589,0.6511,0.6583,54581805.6
2023-11-09 20:00:00,0.6583,0.6583,0.6428,0.6545,90819798.0
2023-11-09 21:00:00,0.6546,0.6632,0.6542,0.657,63957143.6
2023-11-09 22:00:00,0.6571,0.664,0.6568,0.6637,43202737.6
2023-11-09 23:00:00,0.6637,0.6689,0.6612,0.667,41654336.7
2023-11-10 00:00:00,0.6671,0.6674,0.6589,0.66,67490315.6
2023-11-10 01:00:00,0.66,0.6673,0.658,0.6665,52097843.0
2023-11-10 02:00:00,0.6665,0.6705,0.662,0.6698,40204778.5
2023-11-10 03:00:00,0.6698,0.672,0.6656,0.6667,43533801.9
2023-11-10 04:00:00,0.6667,0.6679,0.6611,0.6654,46564526.6
2023-11-10 05:00:00,0.6654,0.6668,0.6632,0.6661,29467017.3
2023-11-10 06:00:00,0.6661,0.6664,0.6587,0.66,44420959.6
2023-11-10 07:00:00,0.6601,0.6625,0.6525,0.6541,71169166.8
2023-11-10 08:00:00,0.6541,0.656,0.6451,0.6528,75727606.8
2023-11-10 09:00:00,0.6527,0.6567,0.6498,0.6558,41654979.6
2023-11-10 10:00:00,0.6558,0.659,0.6538,0.6587,45021027.7
2023-11-10 11:00:00,0.6587,0.6631,0.6556,0.6616,54045690.7
2023-11-10 12:00:00,0.6616,0.6617,0.6507,0.6578,71761457.8
2023-11-10 13:00:00,0.6578,0.6584,0.648,0.6488,54335501.6
2023-11-10 14:00:00,0.6488,0.6516,0.6344,0.6435,133357472.4
2023-11-10 15:00:00,0.6434,0.6494,0.6423,0.6474,51194238.8
2023-11-10 16:00:00,0.6474,0.6627,0.6467,0.6573,117272817.4
2023-11-10 17:00:00,0.6574,0.6594,0.654,0.6586,41745520.5
2023-11-10 18:00:00,0.6586,0.6615,0.6575,0.6596,36745805.2
2023-11-10 19:00:00,0.6596,0.664,0.6587,0.6595,42049584.6
2023-11-10 20:00:00,0.6595,0.6615,0.6565,0.6614,34275056.7
2023-11-10 21:00:00,0.6614,0.6655,0.6603,0.6637,30198427.2
2023-11-10 22:00:00,0.6637,0.6653,0.6585,0.6619,33320322.8
2023-11-10 23:00:00,0.6618,0.6651,0.6591,0.6599,35258440.7
2023-11-11 00:00:00,0.6599,0.6653,0.6567,0.6641,50360110.8
2023-11-11 01:00:00,0.6642,0.6658,0.6466,0.654,93528535.1
2023-11-11 02:00:00,0.6539,0.6567,0.6471,0.6554,42238869.2
2023-11-11 03:00:00,0.6553,0.6559,0.6486,0.6494,42203202.6
2023-11-11 04:00:00,0.6494,0.6509,0.6401,0.6488,67976795.7
2023-11-11 05:00:00,0.6487,0.6529,0.6477,0.6526,28415558.9
2023-11-11 06:00:00,0.6526,0.655,0.6504,0.6537,25601443.7
2023-11-11 07:00:00,0.6538,0.6618,0.6528,0.6608,55624823.5
2023-11-11 08:00:00,0.6609,0.6883,0.66,0.6686,201295144.4
2023-11-11 09:00:00,0.6685,0.6729,0.6639,0.6717,65228221.5
2023-11-11 10:00:00,0.6717,0.6736,0.6695,0.6729,36570867.7
2023-11-11 11:00:00,0.673,0.673,0.6665,0.6679,38975642.1
2023-11-11 12:00:00,0.668,0.6726,0.6655,0.6716,34075131.1
2023-11-11 13:00:00,0.6716,0.6803,0.6695,0.6751,66651557.7
2023-11-11 14:00:00,0.675,0.6777,0.6705,0.6764,62297549.5
2023-11-11 15:00:00,0.6764,0.6771,0.6712,0.6736,42883699.5
2023-11-11 16:00:00,0.6737,0.6813,0.6734,0.6779,49535662.5
2023-11-11 17:00:00,0.6779,0.6786,0.6666,0.6745,75127118.6
2023-11-11 18:00:00,0.6744,0.6775,0.6716,0.6761,29411902.8
2023-11-11 19:00:00,0.6761,0.6774,0.6744,0.6749,17060452.2
2023-11-11 20:00:00,0.675,0.6751,0.667,0.668,33199115.9
2023-11-11 21:00:00,0.668,0.6708,0.6622,0.6654,39599266.6
2023-11-11 22:00:00,0.6654,0.6665,0.6531,0.6659,61189808.4
2023-11-11 23:00:00,0.666,0.666,0.6574,0.6634,40564773.2
2023-11-12 00:00:00,0.6633,0.6647,0.6454,0.654,80299956.8
2023-11-12 01:00:00,0.6541,0.6591,0.6511,0.6583,37810804.9
2023-11-12 02:00:00,0.6583,0.6589,0.6546,0.6582,31004057.6
2023-11-12 03:00:00,0.6582,0.6613,0.6566,0.661,23032871.9
2023-11-12 04:00:00,0.661,0.6618,0.6572,0.6597,29427471.6
2023-11-12 05:00:00,0.6598,0.6627,0.6581,0.6624,19814778.9
2023-11-12 06:00:00,0.6623,0.6654,0.6608,0.6646,25770379.0
2023-11-12 07:00:00,0.6646,0.6697,0.6646,0.6684,38105949.9
2023-11-12 08:00:00,0.6683,0.6698,0.6642,0.6686,41701864.3
2023-11-12 09:00:00,0.6686,0.6715,0.666,0.6671,37720713.0
2023-11-12 10:00:00,0.6671,0.6717,0.6647,0.6685,34899676.7
2023-11-12 11:00:00,0.6685,0.6699,0.6641,0.6658,24846253.5
2023-11-12 12:00:00,0.6659,0.6678,0.6608,0.6622,48775997.5
2023-11-12 13:00:00,0.6622,0.6645,0.6581,0.663,48556667.8
2023-11-12 14:00:00,0.663,0.666,0.6624,0.6654,22869903.1
2023-11-12 15:00:00,0.6655,0.6669,0.6626,0.6648,20885021.0
2023-11-12 16:00:00,0.6648,0.666,0.6616,0.6622,18142000.9
2023-11-12 17:00:00,0.6623,0.6631,0.6602,0.6628,20221470.6
2023-11-12 18:00:00,0.6627,0.665,0.6586,0.6629,25352913.1
2023-11-12 19:00:00,0.6629,0.6636,0.6595,0.6615,18436085.3
2023-11-12 20:00:00,0.6614,0.6649,0.6605,0.6639,15685951.7
2023-11-12 21:00:00,0.6639,0.6675,0.6638,0.6659,17906552.8
2023-11-12 22:00:00,0.6658,0.6665,0.6638,0.6657,12971212.3
2023-11-12 23:00:00,0.6657,0.6668,0.657,0.6618,37939547.8
2023-11-13 00:00:00,0.6619,0.6649,0.6582,0.6645,30211190.5
2023-11-13 01:00:00,0.6645,0.6682,0.6635,0.6656,30137991.5
2023-11-13 02:00:00,0.6655,0.6689,0.6644,0.6654,26787981.3
2023-11-13 03:00:00,0.6655,0.6662,0.6527,0.6544,68805167.5
2023-11-13 04:00:00,0.6543,0.6567,0.6518,0.654,39692330.4
2023-11-13 05:00:00,0.654,0.6566,0.6515,0.6555,27205372.3
2023-11-13 06:00:00,0.6555,0.6555,0.6482,0.6528,38337857.9
2023-11-13 07:00:00,0.6527,0.6601,0.6513,0.6566,42035036.3
2023-11-13 08:00:00,0.6567,0.6605,0.6559,0.6582,23803846.0
2023-11-13 09:00:00,0.6582,0.6586,0.6542,0.6576,26768145.1
2023-11-13 10:00:00,0.6576,0.6578,0.6536,0.6545,23044170.2
2023-11-13 11:00:00,0.6545,0.6546,0.646,0.6512,67000141.4
2023-11-13 12:00:00,0.6513,0.6539,0.6463,0.6538,37946876.6
2023-11-13 13:00:00,0.6539,0.6541,0.6496,0.6506,25251127.7
2023-11-13 14:00:00,0.6506,0.6538,0.6396,0.6494,94000865.3
2023-11-13 15:00:00,0.6494,0.6529,0.6461,0.6508,50779156.6
2023-11-13 16:00:00,0.6508,0.6549,0.6503,0.6517,45499528.2
2023-11-13 17:00:00,0.6518,0.6522,0.6429,0.6473,47795396.4
2023-11-13 18:00:00,0.6472,0.6507,0.6447,0.65,20231314.4
2023-11-13 19:00:00,0.6499,0.6527,0.6494,0.6524,16477460.2
2023-11-13 20:00:00,0.6525,0.7299,0.6502,0.7128,712548317.9
2023-11-13 21:00:00,0.7128,0.7535,0.64,0.6553,1168207489.4
2023-11-13 22:00:00,0.6552,0.6611,0.6524,0.6545,83277553.0
2023-11-13 23:00:00,0.6545,0.6785,0.6542,0.6706,160931121.8
2023-11-14 00:00:00,0.6705,0.6732,0.6563,0.6594,131142499.1
2023-11-14 01:00:00,0.6595,0.6654,0.6591,0.6609,49437870.2
2023-11-14 02:00:00,0.661,0.6668,0.6586,0.662,40727605.8
2023-11-14 03:00:00,0.6619,0.6642,0.6582,0.6601,36237645.4
2023-11-14 04:00:00,0.6601,0.6632,0.6592,0.6628,22973182.8
2023-11-14 05:00:00,0.6627,0.6706,0.6616,0.6663,46956378.6
2023-11-14 06:00:00,0.6663,0.6667,0.6634,0.6645,32408496.7
2023-11-14 07:00:00,0.6645,0.6649,0.6603,0.6647,32838675.5
2023-11-14 08:00:00,0.6647,0.6711,0.6625,0.6678,53719210.0
2023-11-14 09:00:00,0.6679,0.6683,0.6528,0.6546,114262463.2
2023-11-14 10:00:00,0.6547,0.656,0.65,0.6553,64303791.9
2023-11-14 11:00:00,0.6552,0.6556,0.6474,0.6508,78865067.9
2023-11-14 12:00:00,0.6508,0.6544,0.6489,0.6535,45271866.4
2023-11-14 13:00:00,0.6534,0.6612,0.6525,0.6598,93447743.4
2023-11-14 14:00:00,0.6597,0.6644,0.6585,0.661,64725370.1
2023-11-14 15:00:00,0.661,0.6622,0.6446,0.6541,104810565.9
2023-11-14 16:00:00,0.6542,0.6567,0.6516,0.6547,42787585.2
2023-11-14 17:00:00,0.6547,0.6554,0.6482,0.6488,45769482.0
2023-11-14 18:00:00,0.6489,0.6498,0.587,0.612,458885159.1
2023-11-14 19:00:00,0.612,0.626,0.6087,0.6224,144359096.0
2023-11-14 20:00:00,0.6223,0.6264,0.6207,0.6248,57791033.0
2023-11-14 21:00:00,0.6247,0.6288,0.6218,0.6272,53808931.2
2023-11-14 22:00:00,0.6272,0.6303,0.6264,0.6293,35339369.5
2023-11-14 23:00:00,0.6292,0.6331,0.6284,0.6294,43078948.6
2023-11-15 00:00:00,0.6295,0.631,0.6263,0.6274,42241554.8
2023-11-15 01:00:00,0.6275,0.6314,0.6252,0.6261,29669786.0
2023-11-15 02:00:00,0.6261,0.6303,0.6259,0.6299,22146034.8
2023-11-15 03:00:00,0.6298,0.6307,0.6262,0.6266,24875232.7
2023-11-15 04:00:00,0.6266,0.6312,0.6265,0.631,23989718.1
2023-11-15 05:00:00,0.631,0.6356,0.63,0.6329,38887383.0
2023-11-15 06:00:00,0.6329,0.6338,0.6282,0.6293,34033652.1
2023-11-15 07:00:00,0.6293,0.6313,0.629,0.6296,31149741.4
2023-11-15 08:00:00,0.6296,0.6365,0.6296,0.6343,44515085.1
2023-11-15 09:00:00,0.6343,0.6367,0.632,0.6324,33699377.1
2023-11-15 10:00:00,0.6324,0.635,0.6303,0.6347,25987230.3
2023-11-15 11:00:00,0.6347,0.6411,0.6345,0.6405,53629705.6
2023-11-15 12:00:00,0.6404,0.6411,0.6376,0.638,48605987.0
2023-11-15 13:00:00,0.638,0.6388,0.6353,0.6369,44211261.8
2023-11-15 14:00:00,0.6369,0.6401,0.6357,0.6378,41692029.6
2023-11-15 15:00:00,0.6378,0.6404,0.6366,0.6403,31410820.5
2023-11-15 16:00:00,0.6403,0.6421,0.6367,0.6377,41114794.4
2023-11-15 17:00:00,0.6376,0.638,0.6319,0.6343,49512112.9
2023-11-15 18:00:00,0.6342,0.6439,0.6324,0.6439,136554532.4
2023-11-15 19:00:00,0.6439,0.6468,0.6387,0.6464,72365891.0
2023-11-15 20:00:00,0.6465,0.6469,0.641,0.6434,48577443.8
2023-11-15 21:00:00,0.6435,0.6461,0.6401,0.6445,33914801.1
2023-11-15 22:00:00,0.6446,0.6506,0.6441,0.6487,30939264.4
2023-11-15 23:00:00,0.6486,0.6503,0.646,0.6482,31375673.1
2023-11-16 00:00:00,0.6483,0.6488,0.6432,0.6476,40228998.7
2023-11-16 01:00:00,0.6476,0.6488,0.6444,0.6471,29848162.1
2023-11-16 02:00:00,0.6471,0.6499,0.6454,0.6464,28387881.2
2023-11-16 03:00:00,0.6464,0.6472,0.6451,0.6467,16113724.0
2023-11-16 04:00:00,0.6467,0.6537,0.6465,0.6495,36324868.8
2023-11-16 05:00:00,0.6495,0.6497,0.6465,0.6478,25128594.2
2023-11-16 06:00:00,0.6478,0.6522,0.6459,0.652,28877767.8
2023-11-16 07:00:00,0.652,0.6529,0.6486,0.6516,38030834.8
2023-11-16 08:00:00,0.6517,0.6527,0.6411,0.6444,66894902.0
2023-11-16 09:00:00,0.6443,0.6458,0.6382,0.6446,61579469.4
2023-11-16 10:00:00,0.6446,0.6461,0.6418,0.6427,25162622.4
2023-11-16 11:00:00,0.6427,0.6469,0.6404,0.6418,47550111.8
2023-11-16 12:00:00,0.6417,0.642,0.6364,0.6395,59913540.0
2023-11-16 13:00:00,0.6394,0.6408,0.6097,0.63,169455675.3
2023-11-16 14:00:00,0.6299,0.6326,0.6254,0.6313,60866225.1
2023-11-16 15:00:00,0.6313,0.6332,0.615,0.622,99764638.4
2023-11-16 16:00:00,0.6221,0.6254,0.6211,0.6251,50511860.9
2023-11-16 17:00:00,0.6252,0.6276,0.623,0.6233,31578477.2
2023-11-16 18:00:00,0.6234,0.6254,0.6181,0.6207,50204922.3
2023-11-16 19:00:00,0.6206,0.6216,0.603,0.6165,151399808.9
2023-11-16 20:00:00,0.6166,0.6194,0.6137,0.6161,52162148.6
2023-11-16 21:00:00,0.6162,0.6175,0.6121,0.6126,52427021.3
2023-11-16 22:00:00,0.6125,0.6171,0.6116,0.6151,27213627.5
2023-11-16 23:00:00,0.6151,0.6152,0.6058,0.612,66083570.5
2023-11-17 00:00:00,0.612,0.6187,0.6108,0.6185,42591380.9
2023-11-17 01:00:00,0.6185,0.6234,0.6165,0.623,33361746.5
2023-11-17 02:00:00,0.6231,0.6237,0.6197,0.6207,31836424.3
2023-11-17 03:00:00,0.6206,0.622,0.6176,0.6218,26610510.0
2023-11-17 04:00:00,0.6217,0.6225,0.6189,0.6216,22616114.1
2023-11-17 05:00:00,0.6216,0.6222,0.6191,0.6217,23772078.9
2023-11-17 06:00:00,0.6216,0.6244,0.6191,0.6196,32621165.1
2023-11-17 07:00:00,0.6197,0.6198,0.6153,0.6156,37618963.4
2023-11-17 08:00:00,0.6157,0.6194,0.6136,0.6161,40140747.2
2023-11-17 09:00:00,0.6161,0.6182,0.6137,0.6181,30955449.8
2023-11-17 10:00:00,0.6181,0.6182,0.6077,0.6121,73261213.6
2023-11-17 11:00:00,0.6121,0.6139,0.6093,0.6128,34572749.2
2023-11-17 12:00:00,0.6127,0.6132,0.6042,0.6117,60931933.1
2023-11-17 13:00:00,0.6116,0.6144,0.6059,0.6072,53665579.9
2023-11-17 14:00:00,0.6072,0.6096,0.59,0.5964,171283075.3
2023-11-17 15:00:00,0.5964,0.5984,0.5851,0.59,113877187.8
2023-11-17 16:00:00,0.59,0.5965,0.5874,0.5939,65578513.0
2023-11-17 17:00:00,0.5939,0.6074,0.5933,0.607,90144726.8
2023-11-17 18:00:00,0.6071,0.6089,0.6032,0.6086,35542809.7
2023-11-17 19:00:00,0.6086,0.6095,0.6058,0.6069,33664347.9
2023-11-17 20:00:00,0.6069,0.6111,0.6061,0.6085,30233001.8
2023-11-17 21:00:00,0.6085,0.612,0.6069,0.6109,27447662.7
2023-11-17 22:00:00,0.6109,0.6161,0.6107,0.6158,29190414.5
2023-11-17 23:00:00,0.6158,0.6162,0.6123,0.6133,28725490.2
2023-11-18 00:00:00,0.6134,0.6135,0.609,0.6098,30520718.9
2023-11-18 01:00:00,0.6099,0.6113,0.608,0.6098,20949113.0
2023-11-18 02:00:00,0.6098,0.611,0.6087,0.6089,13130086.3
2023-11-18 03:00:00,0.609,0.609,0.6022,0.6029,33206826.0
2023-11-18 04:00:00,0.6029,0.6062,0.6027,0.6031,24975763.9
2023-11-18 05:00:00,0.6032,0.6036,0.5966,0.5999,47342858.3
2023-11-18 06:00:00,0.5998,0.6015,0.5934,0.5937,46642874.0
2023-11-18 07:00:00,0.5938,0.601,0.5887,0.6009,66350483.0
2023-11-18 08:00:00,0.6009,0.6033,0.5986,0.6026,31911227.9
2023-11-18 09:00:00,0.6025,0.605,0.6011,0.6042,24702860.9
2023-11-18 10:00:00,0.6041,0.6074,0.603,0.607,25629765.8
2023-11-18 11:00:00,0.6071,0.6085,0.6029,0.6034,34778837.6
2023-11-18 12:00:00,0.6034,0.6054,0.6017,0.6037,25177408.3
2023-11-18 13:00:00,0.6037,0.6053,0.5973,0.6014,51291292.7
2023-11-18 14:00:00,0.6014,0.6063,0.6007,0.6051,35747022.7
2023-11-18 15:00:00,0.605,0.6093,0.6049,0.6076,39404725.0
2023-11-18 16:00:00,0.6076,0.6115,0.6065,0.6078,42316567.0
2023-11-18 17:00:00,0.6078,0.6111,0.6056,0.6107,33420142.2
2023-11-18 18:00:00,0.6107,0.6139,0.6093,0.6131,30515047.5
2023-11-18 19:00:00,0.6131,0.6146,0.6124,0.6134,23618966.5
2023-11-18 20:00:00,0.6134,0.614,0.6112,0.6115,21936108.3
2023-11-18 21:00:00,0.6116,0.6123,0.6101,0.6106,18839001.2
2023-11-18 22:00:00,0.6106,0.6112,0.6067,0.6106,22829005.3
2023-11-18 23:00:00,0.6106,0.6115,0.6097,0.611,18027649.2
2023-11-19 00:00:00,0.6109,0.611,0.6041,0.6047,36729369.6
2023-11-19 01:00:00,0.6047,0.6058,0.6013,0.6051,41113587.3
2023-11-19 02:00:00,0.6051,0.6065,0.6026,0.6057,25826818.1
2023-11-19 03:00:00,0.6057,0.6081,0.6037,0.6077,23782365.0
2023-11-19 04:00:00,0.6076,0.6088,0.6068,0.6086,19631554.0
2023-11-19 05:00:00,0.6086,0.6102,0.607,0.6071,21726124.6
2023-11-19 06:00:00,0.6072,0.6104,0.6068,0.6093,25293688.5
2023-11-19 07:00:00,0.6094,0.611,0.6085,0.6103,17037201.3
2023-11-19 08:00:00,0.6104,0.6139,0.6099,0.6107,32102639.2
2023-11-19 09:00:00,0.6107,0.6131,0.6093,0.6125,22081880.1
2023-11-19 10:00:00,0.6124,0.6126,0.6094,0.6107,21191844.4
2023-11-19 11:00:00,0.6106,0.6119,0.6076,0.6092,42210093.2
2023-11-19 12:00:00,0.6092,0.626,0.6085,0.6158,155841119.3
2023-11-19 13:00:00,0.6158,0.6205,0.6146,0.6178,61339936.5
2023-11-19 14:00:00,0.6179,0.6245,0.6161,0.6242,63505887.9
2023-11-19 15:00:00,0.6241,0.6243,0.6197,0.6209,48663583.8
2023-11-19 16:00:00,0.621,0.6216,0.618,0.6198,40578500.2
2023-11-19 17:00:00,0.6199,0.6227,0.6194,0.6219,27756689.4
2023-11-19 18:00:00,0.6219,0.6266,0.6207,0.6253,39784453.3
2023-11-19 19:00:00,0.6253,0.6259,0.6219,0.6248,32798092.7
2023-11-19 20:00:00,0.6249,0.6258,0.6212,0.6228,33285558.8
2023-11-19 21:00:00,0.6229,0.6261,0.6214,0.6252,24926037.2
2023-11-19 22:00:00,0.6253,0.6258,0.6215,0.6229,18659450.6
2023-11-19 23:00:00,0.6228,0.6288,0.6228,0.626,66378678.1
2023-11-20 00:00:00,0.626,0.6269,0.6215,0.6243,45135852.5
2023-11-20 01:00:00,0.6243,0.6253,0.6226,0.6233,26351818.1
2023-11-20 02:00:00,0.6233,0.6262,0.6217,0.6255,23270772.3
2023-11-20 03:00:00,0.6255,0.626,0.6224,0.6232,22664064.0
2023-11-20 04:00:00,0.6232,0.6248,0.6219,0.6243,16953803.6
2023-11-20 05:00:00,0.6242,0.6245,0.6182,0.6185,61734079.9
2023-11-20 06:00:00,0.6185,0.6194,0.6163,0.6186,34922999.5
2023-11-20 07:00:00,0.6185,0.6232,0.6158,0.6228,46308773.6
2023-11-20 08:00:00,0.6228,0.6235,0.6193,0.6205,36944019.3
2023-11-20 09:00:00,0.6206,0.6267,0.6205,0.6263,28917298.8
2023-11-20 10:00:00,0.6264,0.6287,0.6254,0.6267,33341131.1
2023-11-20 11:00:00,0.6266,0.6288,0.6217,0.6235,50014473.4
2023-11-20 12:00:00,0.6235,0.6238,0.6218,0.6221,23556928.1
2023-11-20 13:00:00,0.6221,0.6243,0.6189,0.6197,34444721.8
2023-11-20 14:00:00,0.6197,0.6225,0.6099,0.6219,108469843.3
2023-11-20 15:00:00,0.6218,0.6235,0.6182,0.6194,50848027.4
2023-11-20 16:00:00,0.6194,0.6217,0.613,0.614,59776311.6
2023-11-20 17:00:00,0.6139,0.6235,0.6126,0.622,80564798.7
2023-11-20 18:00:00,0.6221,0.6235,0.6159,0.6194,50247964.7
2023-11-20 19:00:00,0.6195,0.6217,0.6168,0.6189,30756454.3
2023-11-20 20:00:00,0.6189,0.6201,0.6175,0.6186,19781227.1
2023-11-20 21:00:00,0.6186,0.6187,0.6058,0.6138,70278191.7
2023-11-20 22:00:00,0.6138,0.6174,0.6119,0.6129,23846305.1
2023-11-20 23:00:00,0.6128,0.6155,0.6115,0.6122,23213980.8
2023-11-21 00:00:00,0.6122,0.6158,0.6111,0.6138,37221265.6
2023-11-21 01:00:00,0.6138,0.6181,0.6131,0.6164,22162959.1
2023-11-21 02:00:00,0.6165,0.6169,0.6057,0.61,44450825.1
2023-11-21 03:00:00,0.61,0.6139,0.6092,0.6139,22759061.5
2023-11-21 04:00:00,0.6139,0.6168,0.6125,0.6129,39686446.6
2023-11-21 05:00:00,0.6128,0.614,0.6106,0.6111,20821820.0
2023-11-21 06:00:00,0.611,0.6116,0.6091,0.6092,19788595.0
2023-11-21 07:00:00,0.6093,0.6108,0.606,0.6101,41069240.2
2023-11-21 08:00:00,0.6101,0.6133,0.6078,0.6097,41869050.4
2023-11-21 09:00:00,0.6098,0.6178,0.6094,0.6134,57318465.1
2023-11-21 10:00:00,0.6135,0.6159,0.6127,0.6149,25131504.5
2023-11-21 11:00:00,0.6148,0.6153,0.6105,0.6116,27321241.8
2023-11-21 12:00:00,0.6115,0.6145,0.6111,0.6139,22396721.6
2023-11-21 13:00:00,0.6139,0.6161,0.6118,0.6121,31898074.8
2023-11-21 14:00:00,0.6122,0.6123,0.6026,0.6059,95551395.4
2023-11-21 15:00:00,0.6058,0.6062,0.5919,0.6044,181135467.6
2023-11-21 16:00:00,0.6044,0.6059,0.6003,0.6045,56455766.1
2023-11-21 17:00:00,0.6045,0.6065,0.5846,0.5924,121404403.4
2023-11-21 18:00:00,0.5924,0.5926,0.5798,0.5919,131199333.2
2023-11-21 19:00:00,0.5918,0.5975,0.5909,0.5952,47890456.1
2023-11-21 20:00:00,0.5952,0.6023,0.5929,0.5994,44944256.7
2023-11-21 21:00:00,0.5993,0.6009,0.5951,0.5962,31843564.9
2023-11-21 22:00:00,0.5962,0.5962,0.572,0.5802,102254752.6
2023-11-21 23:00:00,0.5801,0.5842,0.5772,0.5786,81189493.5
2023-11-22 00:00:00,0.5786,0.5879,0.5773,0.5868,56223995.4
2023-11-22 01:00:00,0.5868,0.5886,0.586,0.5874,21003957.3
2023-11-22 02:00:00,0.5874,0.5908,0.5872,0.5905,17602153.6
2023-11-22 03:00:00,0.5905,0.5933,0.5894,0.593,21365441.8
2023-11-22 04:00:00,0.5931,0.5947,0.5911,0.5917,32403491.9
2023-11-22 05:00:00,0.5917,0.5927,0.5884,0.589,25189410.6
2023-11-22 06:00:00,0.589,0.5975,0.5889,0.5937,48578043.8
2023-11-22 07:00:00,0.5937,0.5957,0.5924,0.5932,27134993.4
2023-11-22 08:00:00,0.5932,0.5955,0.5908,0.5925,37620157.3
2023-11-22 09:00:00,0.5925,0.5985,0.5923,0.5962,44153299.7
2023-11-22 10:00:00,0.5962,0.5973,0.5934,0.597,30736547.8
2023-11-22 11:00:00,0.5971,0.5972,0.5937,0.5943,19970794.1
2023-11-22 12:00:00,0.5943,0.5957,0.5933,0.5956,18494097.6
2023-11-22 13:00:00,0.5956,0.5972,0.5938,0.5964,24990594.7
2023-11-22 14:00:00,0.5965,0.5986,0.5922,0.5941,39719758.9
2023-11-22 15:00:00,0.5941,0.596,0.5916,0.5934,29499574.4
2023-11-22 16:00:00,0.5935,0.5958,0.592,0.5938,22036982.5
2023-11-22 17:00:00,0.5939,0.5989,0.5935,0.5988,25588271.4
2023-11-22 18:00:00,0.5989,0.6052,0.5986,0.6045,75965246.3
2023-11-22 19:00:00,0.6045,0.6135,0.6042,0.6093,81945887.6
2023-11-22 20:00:00,0.6093,0.6141,0.6082,0.6137,47260128.2
2023-11-22 21:00:00,0.6138,0.6164,0.6115,0.6132,51384991.3
2023-11-22 22:00:00,0.6133,0.6153,0.6096,0.6137,37796186.3
2023-11-22 23:00:00,0.6137,0.6142,0.6105,0.6113,40446283.3
2023-11-23 00:00:00,0.6113,0.6122,0.6084,0.6094,31337369.9
2023-11-23 01:00:00,0.6094,0.6152,0.609,0.614,26078949.3
2023-11-23 02:00:00,0.614,0.6143,0.6113,0.6126,22028995.5
2023-11-23 03:00:00,0.6125,0.6131,0.6107,0.6113,20453047.9
2023-11-23 04:00:00,0.6112,0.6113,0.6065,0.6103,34492906.6
2023-11-23 05:00:00,0.6103,0.6108,0.6088,0.6095,17483345.2
2023-11-23 06:00:00,0.6095,0.6095,0.6061,0.6071,26084370.6
2023-11-23 07:00:00,0.607,0.612,0.607,0.6116,40450267.0
2023-11-23 08:00:00,0.6117,0.6155,0.6114,0.6138,40357391.9
2023-11-23 09:00:00,0.6137,0.6235,0.6129,0.6218,74815556.5
2023-11-23 10:00:00,0.6217,0.6222,0.6157,0.6179,51926679.6
2023-11-23 11:00:00,0.6178,0.6179,0.61,0.6138,73642767.3
2023-11-23 12:00:00,0.6137,0.6156,0.6114,0.6127,39748755.4
2023-11-23 13:00:00,0.6128,0.6166,0.6103,0.6121,40757618.6
2023-11-23 14:00:00,0.6121,0.6146,0.6114,0.6139,26711000.4
2023-11-23 15:00:00,0.614,0.6229,0.6094,0.6162,89160146.8
2023-11-23 16:00:00,0.6161,0.621,0.6133,0.6177,53352026.6
2023-11-23 17:00:00,0.6177,0.6195,0.6158,0.618,35572342.7
2023-11-23 18:00:00,0.618,0.6203,0.6176,0.6183,30566114.6
2023-11-23 19:00:00,0.6182,0.624,0.6169,0.6215,39145999.1
2023-11-23 20:00:00,0.6215,0.6231,0.6182,0.6189,32971619.0
2023-11-23 21:00:00,0.6189,0.6215,0.618,0.6187,21754051.1
2023-11-23 22:00:00,0.6187,0.6207,0.6178,0.6206,15459708.9
2023-11-23 23:00:00,0.6206,0.6215,0.6198,0.6211,19686827.5
2023-11-24 00:00:00,0.6211,0.6236,0.6204,0.621,29323279.6
2023-11-24 01:00:00,0.621,0.6244,0.6205,0.6233,24797290.1
2023-11-24 02:00:00,0.6232,0.6242,0.6218,0.624,16374033.1
2023-11-24 03:00:00,0.624,0.6253,0.6206,0.6207,23666098.1
2023-11-24 04:00:00,0.6206,0.6236,0.6187,0.6209,30693797.6
2023-11-24 05:00:00,0.6208,0.6253,0.6176,0.6204,70607073.9
2023-11-24 06:00:00,0.6204,0.6216,0.6186,0.6191,20720248.4
2023-11-24 07:00:00,0.6192,0.6245,0.6183,0.624,37348270.5
2023-11-24 08:00:00,0.6239,0.6249,0.6203,0.6208,25622852.2
2023-11-24 09:00:00,0.6209,0.6247,0.6199,0.623,38195713.8
2023-11-24 10:00:00,0.6229,0.6262,0.6202,0.6204,49630254.8
2023-11-24 11:00:00,0.6205,0.6235,0.6197,0.6206,39549543.0
2023-11-24 12:00:00,0.6205,0.6216,0.6191,0.6193,23874625.6
2023-11-24 13:00:00,0.6192,0.621,0.6167,0.6187,30743165.3
2023-11-24 14:00:00,0.6187,0.6191,0.6155,0.6187,26566053.4
2023-11-24 15:00:00,0.6186,0.625,0.6182,0.6223,57695431.6
2023-11-24 16:00:00,0.6222,0.625,0.6157,0.619,65465224.4
2023-11-24 17:00:00,0.6191,0.6212,0.6179,0.6184,28839847.9
2023-11-24 18:00:00,0.6183,0.6205,0.6179,0.6193,19653660.0
2023-11-24 19:00:00,0.6194,0.6198,0.6166,0.6192,19963432.7
2023-11-24 20:00:00,0.6192,0.6217,0.618,0.621,18099877.9
2023-11-24 21:00:00,0.621,0.6228,0.6208,0.6209,17361025.6
2023-11-24 22:00:00,0.621,0.6221,0.6174,0.6204,25314147.4
2023-11-24 23:00:00,0.6204,0.622,0.6183,0.6212,20279091.9
2023-11-25 00:00:00,0.6211,0.6213,0.6188,0.6192,19583809.8
2023-11-25 01:00:00,0.6192,0.6221,0.6189,0.6213,14563597.1
2023-11-25 02:00:00,0.6213,0.6234,0.6194,0.6228,19087639.0
2023-11-25 03:00:00,0.6228,0.6231,0.6214,0.6217,15883565.2
2023-11-25 04:00:00,0.6217,0.6219,0.6199,0.6208,14129518.8
2023-11-25 05:00:00,0.6209,0.621,0.6196,0.62,11842904.3
2023-11-25 06:00:00,0.62,0.6215,0.6196,0.6212,14054727.2
2023-11-25 07:00:00,0.6212,0.6226,0.621,0.6226,16352964.0
2023-11-25 08:00:00,0.6226,0.6232,0.6213,0.6218,18601539.9
2023-11-25 09:00:00,0.6219,0.6226,0.6208,0.6221,19787692.1
2023-11-25 10:00:00,0.622,0.6224,0.6183,0.6198,29782931.7
2023-11-25 11:00:00,0.6198,0.6202,0.6156,0.6179,38487929.2
2023-11-25 12:00:00,0.6179,0.6198,0.6175,0.6194,15846961.4
2023-11-25 13:00:00,0.6195,0.6198,0.6173,0.6192,14461396.1
2023-11-25 14:00:00,0.6192,0.6193,0.6175,0.6185,15662250.4
2023-11-25 15:00:00,0.6186,0.6197,0.6166,0.6194,16388293.2
2023-11-25 16:00:00,0.6194,0.6212,0.6194,0.6202,19074221.9
2023-11-25 17:00:00,0.6201,0.6218,0.6201,0.621,15901893.2
2023-11-25 18:00:00,0.621,0.6219,0.6201,0.621,12266677.0
2023-11-25 19:00:00,0.621,0.6214,0.62,0.6207,8570986.9
2023-11-25 20:00:00,0.6207,0.6216,0.6193,0.6194,13957368.5
2023-11-25 21:00:00,0.6194,0.621,0.6192,0.6201,7696699.7
2023-11-25 22:00:00,0.6202,0.6211,0.6195,0.6208,7498751.5
2023-11-25 23:00:00,0.6208,0.6239,0.6205,0.6227,17872439.4
2023-11-26 00:00:00,0.6227,0.6231,0.6205,0.6217,18348383.8
2023-11-26 01:00:00,0.6217,0.6218,0.619,0.6194,22017764.8
2023-11-26 02:00:00,0.6194,0.6214,0.6186,0.6211,15528337.5
2023-11-26 03:00:00,0.6211,0.6216,0.6199,0.6201,10107135.7
2023-11-26 04:00:00,0.6201,0.6212,0.6192,0.621,12181568.4
2023-11-26 05:00:00,0.6211,0.6214,0.6204,0.621,8990455.9
2023-11-26 06:00:00,0.621,0.6213,0.6195,0.6213,12878649.6
2023-11-26 07:00:00,0.6213,0.6222,0.6208,0.6218,14637417.6
2023-11-26 08:00:00,0.6218,0.623,0.6213,0.6215,14681120.1
2023-11-26 09:00:00,0.6214,0.6215,0.62,0.6214,14350438.5
2023-11-26 10:00:00,0.6214,0.6364,0.6208,0.6338,118666301.6
2023-11-26 11:00:00,0.6339,0.6356,0.6282,0.63,99878090.5
2023-11-26 12:00:00,0.6301,0.6378,0.6295,0.6335,84039797.7
2023-11-26 13:00:00,0.6335,0.6336,0.627,0.6287,60098047.9
2023-11-26 14:00:00,0.6287,0.6289,0.6175,0.6239,91972472.3
2023-11-26 15:00:00,0.6238,0.6265,0.6208,0.6223,53649958.4
2023-11-26 16:00:00,0.6223,0.6234,0.605,0.6128,177891312.1
2023-11-26 17:00:00,0.6127,0.617,0.6112,0.6159,33680928.1
2023-11-26 18:00:00,0.6159,0.6178,0.6127,0.6147,31543759.7
2023-11-26 19:00:00,0.6146,0.6183,0.6139,0.618,22944763.6
2023-11-26 20:00:00,0.618,0.62,0.6161,0.6187,24985540.0
2023-11-26 21:00:00,0.6187,0.6194,0.6165,0.6179,18627638.8
2023-11-26 22:00:00,0.6179,0.6194,0.6177,0.6188,15377040.4
2023-11-26 23:00:00,0.6188,0.6188,0.6152,0.6159,27497147.5
2023-11-27 00:00:00,0.6159,0.6171,0.6141,0.6147,31564061.8
2023-11-27 01:00:00,0.6147,0.6157,0.6118,0.6129,27562556.1
2023-11-27 02:00:00,0.6129,0.613,0.6081,0.6096,32098076.9
2023-11-27 03:00:00,0.6096,0.6099,0.6051,0.6098,40889906.0
2023-11-27 04:00:00,0.6098,0.6115,0.6085,0.6112,29865277.0
2023-11-27 05:00:00,0.6113,0.6115,0.6072,0.608,29744620.5
2023-11-27 06:00:00,0.608,0.6114,0.6068,0.6068,38459983.7
2023-11-27 07:00:00,0.607,0.6087,0.6005,0.6071,69930312.1
2023-11-27 08:00:00,0.6071,0.608,0.6036,0.6044,28525713.8
2023-11-27 09:00:00,0.6044,0.6088,0.6041,0.6081,29237335.7
2023-11-27 10:00:00,0.6082,0.6086,0.6006,0.6035,51564727.6
2023-11-27 11:00:00,0.6034,0.6047,0.598,0.6039,51326365.6
2023-11-27 12:00:00,0.6038,0.6054,0.6021,0.6024,27556521.6
2023-11-27 13:00:00,0.6025,0.6047,0.5986,0.6028,36844152.0
2023-11-27 14:00:00,0.6029,0.6036,0.5969,0.5988,40951792.7
2023-11-27 15:00:00,0.5988,0.6029,0.5975,0.5978,34033383.2
2023-11-27 16:00:00,0.5978,0.603,0.5972,0.603,34181068.4
2023-11-27 17:00:00,0.6029,0.6052,0.5997,0.6005,30610803.1
2023-11-27 18:00:00,0.6005,0.6024,0.5998,0.6,14325639.2
2023-11-27 19:00:00,0.6,0.6012,0.5932,0.5986,53243604.1
2023-11-27 20:00:00,0.5986,0.5998,0.595,0.5969,28769654.8
2023-11-27 21:00:00,0.5969,0.601,0.5963,0.5998,25642470.9
2023-11-27 22:00:00,0.5999,0.6014,0.5986,0.6011,13139071.9
2023-11-27 23:00:00,0.601,0.6042,0.601,0.6038,16711554.5
2023-11-28 00:00:00,0.6038,0.6053,0.6024,0.6045,16231678.3
2023-11-28 01:00:00,0.6045,0.6048,0.6028,0.6039,11824636.9
2023-11-28 02:00:00,0.6039,0.6041,0.6009,0.6038,14551437.9
2023-11-28 03:00:00,0.6038,0.6046,0.6029,0.6046,9791394.1
2023-11-28 04:00:00,0.6045,0.6052,0.6022,0.6022,17320269.8
2023-11-28 05:00:00,0.6023,0.6026,0.5955,0.597,53056252.5
2023-11-28 06:00:00,0.597,0.5998,0.5963,0.5994,25366451.6
2023-11-28 07:00:00,0.5995,0.6032,0.5983,0.6026,38158887.5
2023-11-28 08:00:00,0.6025,0.6031,0.5975,0.5976,33960974.5
2023-11-28 09:00:00,0.5975,0.6044,0.5971,0.6028,49458929.9
2023-11-28 10:00:00,0.6028,0.6059,0.602,0.6059,31497881.1
2023-11-28 11:00:00,0.6058,0.6073,0.6042,0.6049,28308311.5
2023-11-28 12:00:00,0.6049,0.6064,0.6037,0.606,22275231.1
2023-11-28 13:00:00,0.606,0.6094,0.6047,0.6091,27947310.0
2023-11-28 14:00:00,0.609,0.6122,0.6079,0.6089,40786299.4
2023-11-28 15:00:00,0.6089,0.6101,0.6054,0.6086,37831671.5
2023-11-28 16:00:00,0.6087,0.6123,0.6068,0.6109,42167570.6
2023-11-28 17:00:00,0.6109,0.6139,0.6087,0.6129,43094203.4
2023-11-28 18:00:00,0.6128,0.6141,0.6092,0.6105,39670043.1
2023-11-28 19:00:00,0.6104,0.6133,0.6101,0.611,25688563.5
2023-11-28 20:00:00,0.611,0.6131,0.6101,0.6127,15339972.0
2023-11-28 21:00:00,0.6126,0.6128,0.6101,0.6114,16809301.5
2023-11-28 22:00:00,0.6113,0.6122,0.6092,0.6103,12609046.9
2023-11-28 23:00:00,0.6103,0.6119,0.6095,0.6105,14568967.2
2023-11-29 00:00:00,0.6105,0.6119,0.6086,0.6114,19598458.4
2023-11-29 01:00:00,0.6113,0.6129,0.6108,0.6111,16606663.4
2023-11-29 02:00:00,0.6111,0.612,0.6102,0.6116,13788587.4
2023-11-29 03:00:00,0.6117,0.6123,0.6113,0.612,9680241.9
2023-11-29 04:00:00,0.6121,0.6132,0.6118,0.6131,10810336.0
2023-11-29 05:00:00,0.6131,0.6133,0.6093,0.6108,26200614.6
2023-11-29 06:00:00,0.6108,0.6119,0.6093,0.6112,19622641.4
2023-11-29 07:00:00,0.6111,0.616,0.6106,0.6135,46247624.4
2023-11-29 08:00:00,0.6134,0.6176,0.6104,0.616,46417909.5
2023-11-29 09:00:00,0.616,0.617,0.6125,0.6148,36489808.4
2023-11-29 10:00:00,0.6149,0.6156,0.6088,0.6102,49171763.4
2023-11-29 11:00:00,0.6102,0.6121,0.6092,0.6112,21802290.3
2023-11-29 12:00:00,0.6112,0.6123,0.6102,0.611,21324864.5
2023-11-29 13:00:00,0.6109,0.6125,0.6095,0.6119,23846746.8
2023-11-29 14:00:00,0.612,0.6128,0.6066,0.6082,44080897.3
2023-11-29 15:00:00,0.6083,0.6087,0.6034,0.6079,48490916.3
2023-11-29 16:00:00,0.6079,0.6089,0.6041,0.606,28053015.1
2023-11-29 17:00:00,0.606,0.6092,0.6046,0.6081,18974139.9
2023-11-29 18:00:00,0.608,0.6097,0.607,0.6096,13323586.2
2023-11-29 19:00:00,0.6095,0.61,0.6069,0.6092,17978612.1
2023-11-29 20:00:00,0.6093,0.6096,0.6062,0.6073,14574137.2
2023-11-29 21:00:00,0.6073,0.6085,0.606,0.6076,12994879.6
2023-11-29 22:00:00,0.6076,0.6095,0.6074,0.6086,13352246.0
2023-11-29 23:00:00,0.6086,0.6098,0.6081,0.6091,9882826.7
2023-11-30 00:00:00,0.609,0.6093,0.6062,0.6063,20983107.9
2023-11-30 01:00:00,0.6062,0.6072,0.605,0.6054,16319967.2
2023-11-30 02:00:00,0.6055,0.6084,0.605,0.6076,15109312.3
2023-11-30 03:00:00,0.6075,0.6089,0.6068,0.6085,9222587.8
2023-11-30 04:00:00,0.6085,0.6098,0.6074,0.6077,18160507.5
2023-11-30 05:00:00,0.6077,0.6081,0.6041,0.6051,30394548.2
2023-11-30 06:00:00,0.6052,0.6057,0.603,0.6052,23163239.9
2023-11-30 07:00:00,0.6052,0.608,0.6035,0.6039,29506195.5
2023-11-30 08:00:00,0.604,0.6046,0.5973,0.6018,71669604.6
2023-11-30 09:00:00,0.6018,0.6036,0.6011,0.6031,21971462.6
2023-11-30 10:00:00,0.6031,0.6041,0.6002,0.6017,37903458.2
2023-11-30 11:00:00,0.6017,0.606,0.601,0.6057,32354814.2
2023-11-30 12:00:00,0.6057,0.6065,0.6031,0.605,26441629.1
2023-11-30 13:00:00,0.605,0.6052,0.6016,0.603,21354515.3
2023-11-30 14:00:00,0.6029,0.6031,0.6004,0.6019,27104257.7
2023-11-30 15:00:00,0.602,0.6039,0.6006,0.6022,19361364.7
2023-11-30 16:00:00,0.6022,0.6022,0.6003,0.6006,20059347.0
2023-11-30 17:00:00,0.6006,0.6032,0.5996,0.6031,17071676.6
2023-11-30 18:00:00,0.6032,0.604,0.6025,0.6037,12397800.2
2023-11-30 19:00:00,0.6037,0.6047,0.6031,0.6035,10144335.0
2023-11-30 20:00:00,0.6035,0.6058,0.6033,0.6055,10950002.5
2023-11-30 21:00:00,0.6055,0.6079,0.6052,0.607,20113843.0
2023-11-30 22:00:00,0.6071,0.6071,0.6057,0.6058,10257176.4
2023-11-30 23:00:00,0.6058,0.6067,0.6047,0.6065,14905951.6
2023-12-01 00:00:00,0.6066,0.6067,0.6033,0.6046,20726699.2
2023-12-01 01:00:00,0.6047,0.6096,0.6042,0.6093,29359421.2
2023-12-01 02:00:00,0.6094,0.6129,0.6083,0.6108,36599745.7
2023-12-01 03:00:00,0.6109,0.6114,0.6102,0.6107,17412436.0
2023-12-01 04:00:00,0.6107,0.6126,0.61,0.6112,22824810.0
2023-12-01 05:00:00,0.6113,0.6117,0.6102,0.6107,12309156.4
2023-12-01 06:00:00,0.6107,0.611,0.6091,0.6101,18564503.6
2023-12-01 07:00:00,0.6101,0.6119,0.6098,0.6105,20788644.8
2023-12-01 08:00:00,0.6104,0.6118,0.6091,0.6111,20451109.3
2023-12-01 09:00:00,0.6112,0.6146,0.6111,0.6142,44964784.5
2023-12-01 10:00:00,0.6143,0.6147,0.6108,0.6111,31532441.9
2023-12-01 11:00:00,0.6111,0.6118,0.61,0.6114,25625694.8
2023-12-01 12:00:00,0.6114,0.6122,0.6087,0.6093,26477648.7
2023-12-01 13:00:00,0.6094,0.6107,0.6081,0.6089,24954832.2
2023-12-01 14:00:00,0.609,0.6094,0.6056,0.607,40074306.8
2023-12-01 15:00:00,0.607,0.6088,0.6057,0.6082,24063670.0
2023-12-01 16:00:00,0.6081,0.6124,0.6075,0.6112,48344831.2
2023-12-01 17:00:00,0.6112,0.612,0.6082,0.6097,25794031.3
2023-12-01 18:00:00,0.6097,0.6111,0.6092,0.6104,17871083.4
2023-12-01 19:00:00,0.6105,0.6123,0.6104,0.6123,19526966.1
2023-12-01 20:00:00,0.6122,0.6125,0.6108,0.6118,15362944.4
2023-12-01 21:00:00,0.6117,0.6136,0.6117,0.6125,15376518.1
2023-12-01 22:00:00,0.6125,0.6133,0.6115,0.6121,9848398.3
2023-12-01 23:00:00,0.612,0.6136,0.6117,0.6129,11911761.5
2023-12-02 00:00:00,0.6128,0.613,0.6113,0.6127,14742470.8
2023-12-02 01:00:00,0.6127,0.6128,0.612,0.6123,6799408.2
2023-12-02 02:00:00,0.6124,0.6134,0.6121,0.6125,10054629.5
2023-12-02 03:00:00,0.6126,0.614,0.6121,0.6132,12020048.0
2023-12-02 04:00:00,0.6132,0.6153,0.613,0.6149,14567700.4
2023-12-02 05:00:00,0.6148,0.6149,0.6136,0.6142,12533080.5
2023-12-02 06:00:00,0.6143,0.6161,0.6138,0.6158,15555094.1
2023-12-02 07:00:00,0.6158,0.6165,0.6139,0.6139,14477913.2
2023-12-02 08:00:00,0.6139,0.6149,0.6137,0.6138,10853718.7
2023-12-02 09:00:00,0.6138,0.6157,0.6135,0.6155,13195103.3
2023-12-02 10:00:00,0.6155,0.6162,0.614,0.6145,12506712.4
2023-12-02 11:00:00,0.6145,0.6148,0.6133,0.6137,11088870.3
2023-12-02 12:00:00,0.6138,0.6151,0.6133,0.6151,12899721.7
2023-12-02 13:00:00,0.615,0.6152,0.614,0.6141,10030407.0
2023-12-02 14:00:00,0.6141,0.6169,0.6119,0.614,31890731.0
2023-12-02 15:00:00,0.614,0.6151,0.6127,0.6142,21101008.0
2023-12-02 16:00:00,0.6141,0.6143,0.6125,0.613,14004865.7
2023-12-02 17:00:00,0.6131,0.6141,0.6127,0.6141,10092597.4
2023-12-02 18:00:00,0.6141,0.6175,0.6138,0.6173,30292910.2
2023-12-02 19:00:00,0.6173,0.6238,0.6172,0.6194,87526530.0
2023-12-02 20:00:00,0.6195,0.6211,0.619,0.6207,27547966.4
2023-12-02 21:00:00,0.6207,0.6229,0.6192,0.6229,24207492.0
2023-12-02 22:00:00,0.6229,0.6234,0.6179,0.6185,21785179.7
2023-12-02 23:00:00,0.6185,0.6221,0.6184,0.6213,18766182.0
2023-12-03 00:00:00,0.6213,0.6232,0.6195,0.6215,23775971.7
2023-12-03 01:00:00,0.6215,0.6228,0.6203,0.6209,18079284.3
2023-12-03 02:00:00,0.6208,0.6217,0.6188,0.6192,18123211.1
2023-12-03 03:00:00,0.6192,0.6197,0.6171,0.6185,20967369.6
2023-12-03 04:00:00,0.6186,0.6198,0.6183,0.6194,12074896.8
2023-12-03 05:00:00,0.6193,0.6207,0.6186,0.6203,11409122.7
2023-12-03 06:00:00,0.6203,0.6209,0.619,0.62,13239553.9
2023-12-03 07:00:00,0.6201,0.621,0.6193,0.621,12224238.8
2023-12-03 08:00:00,0.621,0.6212,0.6193,0.62,13885784.8
2023-12-03 09:00:00,0.6201,0.6214,0.6197,0.6214,14734158.6
2023-12-03 10:00:00,0.6214,0.6348,0.6207,0.6281,123418134.3
2023-12-03 11:00:00,0.6282,0.6331,0.6267,0.6287,82260889.6
2023-12-03 12:00:00,0.6287,0.6287,0.6214,0.6242,69752994.5
2023-12-03 13:00:00,0.6242,0.6279,0.6234,0.6256,38457958.3
2023-12-03 14:00:00,0.6256,0.6274,0.6204,0.6208,59559436.7
2023-12-03 15:00:00,0.6209,0.6231,0.6181,0.6218,48118721.0
2023-12-03 16:00:00,0.6218,0.6221,0.6199,0.6199,22972068.7
2023-12-03 17:00:00,0.62,0.6203,0.6174,0.619,24323092.8
2023-12-03 18:00:00,0.619,0.6211,0.6186,0.6194,19471089.7
2023-12-03 19:00:00,0.6193,0.622,0.618,0.622,20073286.0
2023-12-03 20:00:00,0.622,0.6228,0.6209,0.6221,19285839.2
2023-12-03 21:00:00,0.6221,0.6236,0.6215,0.6231,14145072.0
2023-12-03 22:00:00,0.6232,0.6271,0.6227,0.6258,49302919.3
2023-12-03 23:00:00,0.6257,0.6279,0.6221,0.6236,40799716.8
2023-12-04 00:00:00,0.6235,0.6266,0.6224,0.6244,31944645.2
2023-12-04 01:00:00,0.6243,0.631,0.6232,0.6279,57764858.0
2023-12-04 02:00:00,0.6278,0.6316,0.6266,0.6297,32739017.4
2023-12-04 03:00:00,0.6297,0.6316,0.6275,0.6282,30027861.6
2023-12-04 04:00:00,0.6282,0.6308,0.628,0.6301,26609227.4
2023-12-04 05:00:00,0.6301,0.6338,0.6283,0.6329,64077878.9
2023-12-04 06:00:00,0.6329,0.6354,0.6312,0.6318,50294387.0
2023-12-04 07:00:00,0.6318,0.636,0.6315,0.6335,44412816.1
2023-12-04 08:00:00,0.6335,0.6452,0.6331,0.6389,104871513.0
2023-12-04 09:00:00,0.639,0.6422,0.6346,0.6351,53095099.3
2023-12-04 10:00:00,0.6351,0.6412,0.6351,0.6387,50811405.7
2023-12-04 11:00:00,0.6387,0.6394,0.5589,0.62,439459876.1
2023-12-04 12:00:00,0.6201,0.6242,0.6165,0.6233,79837924.7
2023-12-04 13:00:00,0.6232,0.6237,0.617,0.6185,69590418.7
2023-12-04 14:00:00,0.6185,0.6195,0.6106,0.6171,95442702.2
2023-12-04 15:00:00,0.6171,0.619,0.6131,0.6159,49190456.0
2023-12-04 16:00:00,0.616,0.6227,0.6151,0.6219,44358600.1
2023-12-04 17:00:00,0.6218,0.6227,0.6177,0.6184,36165609.2
2023-12-04 18:00:00,0.6184,0.6204,0.6181,0.6193,21736300.0
2023-12-04 19:00:00,0.6193,0.6223,0.6183,0.6213,30970490.0
2023-12-04 20:00:00,0.6213,0.6224,0.6197,0.6215,25142280.6
2023-12-04 21:00:00,0.6214,0.6248,0.6214,0.6241,23195029.8
2023-12-04 22:00:00,0.6241,0.6271,0.6196,0.623,39494267.6
2023-12-04 23:00:00,0.623,0.625,0.622,0.625,24982463.0
2023-12-05 00:00:00,0.625,0.6298,0.6222,0.6297,35180189.5
2023-12-05 01:00:00,0.6298,0.6311,0.6207,0.6221,59740481.5
2023-12-05 02:00:00,0.6221,0.6222,0.6158,0.6188,50244857.6
2023-12-05 03:00:00,0.6188,0.6208,0.6179,0.6186,15844402.8
2023-12-05 04:00:00,0.6186,0.6194,0.6172,0.6191,19520345.6
2023-12-05 05:00:00,0.619,0.6211,0.6183,0.6208,16978932.5
2023-12-05 06:00:00,0.6208,0.6211,0.616,0.6175,31358257.4
2023-12-05 07:00:00,0.6175,0.618,0.6066,0.6126,104398937.7
2023-12-05 08:00:00,0.6127,0.6137,0.6086,0.6122,44464753.3
2023-12-05 09:00:00,0.6121,0.6143,0.6116,0.6136,24167116.5
2023-12-05 10:00:00,0.6136,0.6138,0.6106,0.6106,27946022.2
2023-12-05 11:00:00,0.6106,0.6123,0.6089,0.6112,35356516.8
2023-12-05 12:00:00,0.6111,0.6128,0.6104,0.6118,24692793.3
2023-12-05 13:00:00,0.6118,0.6138,0.6084,0.609,45728892.9
2023-12-05 14:00:00,0.6089,0.6122,0.608,0.6119,33289941.5
2023-12-05 15:00:00,0.6119,0.6156,0.6109,0.6143,44766113.2
2023-12-05 16:00:00,0.6143,0.6176,0.613,0.6165,51697568.0
2023-12-05 17:00:00,0.6166,0.628,0.6153,0.6252,137793793.2
2023-12-05 18:00:00,0.6252,0.6276,0.6207,0.6228,85937174.7
2023-12-05 19:00:00,0.6229,0.6246,0.6212,0.6229,37176687.3
2023-12-05 20:00:00,0.6229,0.6241,0.6175,0.6214,43952880.6
2023-12-05 21:00:00,0.6215,0.6224,0.6194,0.6213,23038416.3
2023-12-05 22:00:00,0.6214,0.6222,0.6186,0.6205,32829611.9
2023-12-05 23:00:00,0.6205,0.6243,0.62,0.6216,45230354.6
2023-12-06 00:00:00,0.6216,0.624,0.6195,0.6237,43087903.3
2023-12-06 01:00:00,0.6237,0.6276,0.6206,0.6236,50889856.2
2023-12-06 02:00:00,0.6236,0.6246,0.6186,0.6245,43523644.4
2023-12-06 03:00:00,0.6244,0.6247,0.6202,0.6228,33609829.8
2023-12-06 04:00:00,0.6229,0.6237,0.6214,0.6226,20117515.4
2023-12-06 05:00:00,0.6226,0.6247,0.6102,0.6184,100785796.0
2023-12-06 06:00:00,0.6185,0.6196,0.6139,0.6193,51839342.2
2023-12-06 07:00:00,0.6194,0.6295,0.6178,0.628,79302256.8
2023-12-06 08:00:00,0.6279,0.6422,0.6278,0.6317,186520529.3
2023-12-06 09:00:00,0.6317,0.6368,0.6301,0.6358,65220868.4
2023-12-06 10:00:00,0.6359,0.6376,0.6292,0.6292,67806659.9
2023-12-06 11:00:00,0.6292,0.6298,0.6107,0.621,167059311.8
2023-12-06 12:00:00,0.621,0.6278,0.6206,0.6252,57591175.0
2023-12-06 13:00:00,0.6251,0.6268,0.6226,0.6246,43959726.1
2023-12-06 14:00:00,0.6246,0.626,0.6205,0.6223,55887158.4
2023-12-06 15:00:00,0.6224,0.6292,0.6215,0.6278,50773065.9
2023-12-06 16:00:00,0.6278,0.6293,0.6254,0.6273,40596679.7
2023-12-06 17:00:00,0.6273,0.6292,0.6254,0.6269,26883525.8
2023-12-06 18:00:00,0.6269,0.6293,0.6255,0.6293,23938883.0
2023-12-06 19:00:00,0.6292,0.6321,0.6288,0.6314,25766487.7
2023-12-06 20:00:00,0.6314,0.6373,0.6291,0.6345,53651269.9
2023-12-06 21:00:00,0.6345,0.6388,0.6284,0.6364,97137166.6
2023-12-06 22:00:00,0.6364,0.6407,0.6304,0.6361,73798517.3
2023-12-06 23:00:00,0.6361,0.6445,0.6311,0.6405,105442381.4
2023-12-07 00:00:00,0.6405,0.6433,0.6354,0.6365,73243764.1
2023-12-07 01:00:00,0.6365,0.6368,0.6318,0.6332,40940132.2
2023-12-07 02:00:00,0.6333,0.6346,0.6312,0.6322,22159585.4
2023-12-07 03:00:00,0.6322,0.6336,0.6304,0.6335,28776698.7
2023-12-07 04:00:00,0.6335,0.6482,0.6331,0.6427,99948972.9
2023-12-07 05:00:00,0.6427,0.6534,0.6415,0.6511,116617066.7
2023-12-07 06:00:00,0.6512,0.6551,0.6433,0.6437,129882502.4
2023-12-07 07:00:00,0.6437,0.6507,0.643,0.6488,53882715.5
2023-12-07 08:00:00,0.6487,0.6489,0.6379,0.6388,106992828.1
2023-12-07 09:00:00,0.6387,0.6412,0.6214,0.6326,191712755.0
2023-12-07 10:00:00,0.6325,0.6339,0.629,0.6302,60789871.1
2023-12-07 11:00:00,0.6302,0.6367,0.6301,0.6323,44260212.1
2023-12-07 12:00:00,0.6323,0.6361,0.6306,0.6359,44774244.4
2023-12-07 13:00:00,0.6359,0.637,0.6296,0.6317,49832920.6
2023-12-07 14:00:00,0.6318,0.6348,0.63,0.6336,43502962.3
2023-12-07 15:00:00,0.6336,0.6389,0.6332,0.6374,55230968.4
2023-12-07 16:00:00,0.6374,0.6468,0.6356,0.6457,65654305.1
2023-12-07 17:00:00,0.6458,0.6467,0.6395,0.6432,63006312.3
2023-12-07 18:00:00,0.6431,0.6467,0.6406,0.6424,45499535.9
2023-12-07 19:00:00,0.6424,0.6454,0.6394,0.6425,44605297.8
2023-12-07 20:00:00,0.6425,0.6452,0.6401,0.6421,36134684.8
2023-12-07 21:00:00,0.6421,0.648,0.6417,0.6466,36555890.0
2023-12-07 22:00:00,0.6466,0.6475,0.6418,0.642,27185861.0
2023-12-07 23:00:00,0.6421,0.6448,0.6417,0.6438,25067789.8
2023-12-08 00:00:00,0.6437,0.6463,0.6419,0.6431,35441373.1
2023-12-08 01:00:00,0.6431,0.644,0.6409,0.6428,26152823.9
2023-12-08 02:00:00,0.6428,0.648,0.6428,0.6476,24241444.3
2023-12-08 03:00:00,0.6476,0.6512,0.6468,0.6473,53546430.5
2023-12-08 04:00:00,0.6473,0.6515,0.6464,0.649,34594892.3
2023-12-08 05:00:00,0.649,0.6499,0.6466,0.6471,25128892.1
2023-12-08 06:00:00,0.647,0.6472,0.6425,0.6435,45268838.9
2023-12-08 07:00:00,0.6435,0.6449,0.6378,0.6415,70407383.1
2023-12-08 08:00:00,0.6414,0.6437,0.64,0.6432,39196076.9
2023-12-08 09:00:00,0.6432,0.6453,0.6428,0.6446,30408721.8
2023-12-08 10:00:00,0.6445,0.6471,0.6443,0.6467,28726371.0
2023-12-08 11:00:00,0.6467,0.6506,0.6448,0.6491,48192055.7
2023-12-08 12:00:00,0.6491,0.6587,0.6473,0.6542,147933323.4
2023-12-08 13:00:00,0.6542,0.6545,0.648,0.6492,63773972.1
2023-12-08 14:00:00,0.6493,0.6554,0.6478,0.6537,59502681.8
2023-12-08 15:00:00,0.6538,0.6611,0.6531,0.6601,70789430.4
2023-12-08 16:00:00,0.6601,0.6697,0.6599,0.6686,176700670.0
2023-12-08 17:00:00,0.6686,0.6731,0.6622,0.6669,94807619.6
2023-12-08 18:00:00,0.667,0.6675,0.6639,0.6644,31030357.1
2023-12-08 19:00:00,0.6643,0.672,0.6629,0.6712,45552115.3
2023-12-08 20:00:00,0.6712,0.673,0.6696,0.6727,45432282.9
2023-12-08 21:00:00,0.6727,0.6735,0.6669,0.67,50497766.2
2023-12-08 22:00:00,0.67,0.6702,0.6666,0.6688,22924988.9
2023-12-08 23:00:00,0.6687,0.6764,0.6684,0.6729,44413549.7
2023-12-09 00:00:00,0.673,0.68,0.6724,0.6753,73793102.0
2023-12-09 01:00:00,0.6753,0.6757,0.6677,0.6739,67485256.6
2023-12-09 02:00:00,0.6738,0.6739,0.6709,0.6714,21148604.7
2023-12-09 03:00:00,0.6715,0.6773,0.6713,0.6764,20597631.0
2023-12-09 04:00:00,0.6764,0.6892,0.6764,0.6875,113078308.3
2023-12-09 05:00:00,0.6876,0.7015,0.6851,0.6867,148721359.8
2023-12-09 06:00:00,0.6867,0.6908,0.684,0.6858,61119953.3
2023-12-09 07:00:00,0.6858,0.6934,0.6854,0.6925,62576352.9
2023-12-09 08:00:00,0.6924,0.6965,0.6681,0.6802,225077689.9
2023-12-09 09:00:00,0.6802,0.6867,0.6786,0.6805,72730949.1
2023-12-09 10:00:00,0.6804,0.6856,0.6796,0.6844,45403931.1
2023-12-09 11:00:00,0.6844,0.6891,0.6826,0.6872,49633785.2
2023-12-09 12:00:00,0.6871,0.6881,0.6823,0.6854,42048282.4
2023-12-09 13:00:00,0.6854,0.6898,0.6844,0.6885,49691722.9
2023-12-09 14:00:00,0.6885,0.6931,0.6722,0.6798,201596006.7
2023-12-09 15:00:00,0.6797,0.6826,0.674,0.6808,69972193.9
2023-12-09 16:00:00,0.6809,0.6818,0.6701,0.6738,79022740.0
2023-12-09 17:00:00,0.6738,0.6742,0.6635,0.665,100657303.2
2023-12-09 18:00:00,0.665,0.6725,0.6647,0.6722,33702720.0
2023-12-09 19:00:00,0.6722,0.674,0.6711,0.6714,21638575.7
2023-12-09 20:00:00,0.6714,0.6727,0.6668,0.6724,33823789.6
2023-12-09 21:00:00,0.6724,0.6741,0.6678,0.6729,24606187.4
2023-12-09 22:00:00,0.6729,0.6751,0.6713,0.6716,22971986.1
2023-12-09 23:00:00,0.6715,0.673,0.6513,0.6587,145564768.6
2023-12-10 00:00:00,0.6587,0.6695,0.6586,0.6685,56150374.9
2023-12-10 01:00:00,0.6685,0.6696,0.6652,0.6676,26453728.0
2023-12-10 02:00:00,0.6676,0.668,0.6626,0.6635,26512662.2
2023-12-10 03:00:00,0.6636,0.6666,0.6626,0.6662,17089467.0
2023-12-10 04:00:00,0.6662,0.6693,0.6642,0.6677,19169983.4
2023-12-10 05:00:00,0.6677,0.6716,0.6665,0.6712,20798576.5
2023-12-10 06:00:00,0.6711,0.6719,0.666,0.6675,22257908.7
2023-12-10 07:00:00,0.6676,0.6682,0.6608,0.6661,43956815.1
2023-12-10 08:00:00,0.6661,0.6671,0.6591,0.6617,51973660.2
2023-12-10 09:00:00,0.6617,0.6635,0.6466,0.6474,98175060.5
2023-12-10 10:00:00,0.6473,0.6561,0.647,0.6547,50853827.1
2023-12-10 11:00:00,0.6546,0.6577,0.6539,0.6566,30312824.4
2023-12-10 12:00:00,0.6566,0.6615,0.6561,0.6611,38163513.1
2023-12-10 13:00:00,0.661,0.6615,0.6561,0.6587,33122056.6
2023-12-10 14:00:00,0.6588,0.6619,0.6571,0.6604,30796522.0
2023-12-10 15:00:00,0.6604,0.663,0.6589,0.6616,31078521.3
2023-12-10 16:00:00,0.6616,0.663,0.6593,0.66,36564727.2
2023-12-10 17:00:00,0.6599,0.6605,0.6544,0.6569,28411951.3
2023-12-10 18:00:00,0.6569,0.6625,0.6567,0.6606,26481424.1
2023-12-10 19:00:00,0.6606,0.6662,0.6606,0.6634,32390277.9
2023-12-10 20:00:00,0.6633,0.6703,0.6625,0.6698,34616204.7
2023-12-10 21:00:00,0.6698,0.6699,0.6625,0.6626,44394828.0
2023-12-10 22:00:00,0.6626,0.6658,0.6622,0.6631,15615771.1
2023-12-10 23:00:00,0.6631,0.6653,0.6586,0.6622,28598537.4
2023-12-11 00:00:00,0.6621,0.6634,0.6545,0.6556,40137665.2
2023-12-11 01:00:00,0.6556,0.6557,0.6474,0.6528,76981577.7
2023-12-11 02:00:00,0.6529,0.6532,0.585,0.6217,444003382.0
2023-12-11 03:00:00,0.6218,0.6303,0.6208,0.6275,81566620.2
2023-12-11 04:00:00,0.6274,0.6294,0.6251,0.6282,49431562.8
2023-12-11 05:00:00,0.6281,0.6301,0.6229,0.6284,56662290.5
2023-12-11 06:00:00,0.6283,0.629,0.6175,0.6223,100548472.4
2023-12-11 07:00:00,0.6223,0.6256,0.6207,0.6218,40963341.9
2023-12-11 08:00:00,0.6218,0.6234,0.6157,0.6225,62975697.4
2023-12-11 09:00:00,0.6224,0.6272,0.6212,0.6243,42790728.0
2023-12-11 10:00:00,0.6244,0.626,0.6222,0.6248,34413535.2
2023-12-11 11:00:00,0.6247,0.6271,0.623,0.6268,28708760.4
2023-12-11 12:00:00,0.6267,0.6273,0.6236,0.6241,28335338.2
2023-12-11 13:00:00,0.6242,0.6263,0.6178,0.6217,58001753.1
2023-12-11 14:00:00,0.6217,0.6238,0.6126,0.6158,90125423.7
2023-12-11 15:00:00,0.6159,0.6203,0.6152,0.6201,52606183.9
2023-12-11 16:00:00,0.62,0.6225,0.6165,0.6223,46525038.9
2023-12-11 17:00:00,0.6222,0.6223,0.6124,0.6143,39376920.7
2023-12-11 18:00:00,0.6142,0.6143,0.6016,0.6114,183752062.2
2023-12-11 19:00:00,0.6114,0.6145,0.6046,0.6126,61070995.2
2023-12-11 20:00:00,0.6127,0.6154,0.6104,0.6153,28806713.2
2023-12-11 21:00:00,0.6152,0.6192,0.6149,0.6192,28588552.1
2023-12-11 22:00:00,0.6191,0.621,0.6172,0.6202,18543067.2
2023-12-11 23:00:00,0.6203,0.6209,0.6181,0.6189,20188718.9
2023-12-12 00:00:00,0.6189,0.6235,0.6182,0.6212,46477311.7
2023-12-12 01:00:00,0.6212,0.6237,0.6205,0.6227,20309771.8
2023-12-12 02:00:00,0.6227,0.6259,0.6227,0.6247,20410192.1
2023-12-12 03:00:00,0.6246,0.6264,0.6229,0.6239,22482859.9
2023-12-12 04:00:00,0.6239,0.625,0.6192,0.6195,28715843.9
2023-12-12 05:00:00,0.6195,0.6237,0.6193,0.6211,23354424.3
2023-12-12 06:00:00,0.6211,0.6216,0.616,0.6202,42250426.2
2023-12-12 07:00:00,0.6201,0.6267,0.6197,0.6252,39196162.9
2023-12-12 08:00:00,0.6252,0.6257,0.6212,0.6227,43424273.5
2023-12-12 09:00:00,0.6227,0.6231,0.6206,0.6214,26896959.0
2023-12-12 10:00:00,0.6214,0.6245,0.6208,0.6243,16388059.4
2023-12-12 11:00:00,0.6243,0.6249,0.6193,0.6197,29848091.2
2023-12-12 12:00:00,0.6198,0.6233,0.6186,0.6226,27797578.4
2023-12-12 13:00:00,0.6225,0.6252,0.6197,0.6229,50415784.6
2023-12-12 14:00:00,0.623,0.6236,0.6165,0.6197,41796783.9
2023-12-12 15:00:00,0.6197,0.6204,0.6133,0.6174,73200351.2
2023-12-12 16:00:00,0.6174,0.6187,0.6136,0.6157,37816327.6
2023-12-12 17:00:00,0.6157,0.6157,0.6069,0.6091,74128726.5
2023-12-12 18:00:00,0.6091,0.6195,0.6086,0.6172,45561252.8
2023-12-12 19:00:00,0.6172,0.6205,0.6155,0.6172,35874538.9
2023-12-12 20:00:00,0.6171,0.6183,0.6134,0.618,24504390.7
2023-12-12 21:00:00,0.6179,0.619,0.6123,0.6131,23001160.8
2023-12-12 22:00:00,0.6132,0.6189,0.6125,0.618,19283003.4
2023-12-12 23:00:00,0.618,0.6218,0.618,0.6197,29152976.4
2023-12-13 00:00:00,0.6197,0.6198,0.6165,0.6181,31649198.5
2023-12-13 01:00:00,0.6182,0.6187,0.6098,0.6101,51315624.7
2023-12-13 02:00:00,0.6102,0.6131,0.6026,0.6106,103953032.2
2023-12-13 03:00:00,0.6107,0.6115,0.6046,0.6049,42088332.4
2023-12-13 04:00:00,0.6049,0.6081,0.6003,0.6073,64067890.2
2023-12-13 05:00:00,0.6073,0.6079,0.6054,0.6075,16745928.7
2023-12-13 06:00:00,0.6075,0.6081,0.5963,0.5983,88509243.0
2023-12-13 07:00:00,0.5982,0.6059,0.5929,0.6053,70292090.1
2023-12-13 08:00:00,0.6053,0.6094,0.605,0.609,32475530.3
2023-12-13 09:00:00,0.6089,0.609,0.6046,0.6066,29395358.3
2023-12-13 10:00:00,0.6066,0.6073,0.6035,0.6049,23128955.3
2023-12-13 11:00:00,0.605,0.606,0.6005,0.6016,47911456.6
2023-12-13 12:00:00,0.6017,0.6065,0.6013,0.6063,28982164.9
2023-12-13 13:00:00,0.6063,0.6097,0.6059,0.6092,54730346.0
2023-12-13 14:00:00,0.6092,0.6107,0.6073,0.6099,38472722.6
2023-12-13 15:00:00,0.6099,0.6169,0.6097,0.615,48824293.2
2023-12-13 16:00:00,0.615,0.6172,0.6114,0.6125,48943339.2
2023-12-13 17:00:00,0.6125,0.6153,0.6121,0.6152,18856747.9
2023-12-13 18:00:00,0.6151,0.617,0.6146,0.6161,19624663.1
2023-12-13 19:00:00,0.6161,0.627,0.6161,0.6257,73797610.7
2023-12-13 20:00:00,0.6256,0.6271,0.6228,0.6253,39826482.0
2023-12-13 21:00:00,0.6254,0.6295,0.6242,0.6279,35970671.3
2023-12-13 22:00:00,0.6279,0.635,0.6279,0.6295,50876315.9
2023-12-13 23:00:00,0.6296,0.6324,0.6253,0.6277,46482183.8
2023-12-14 00:00:00,0.6278,0.6289,0.6232,0.6252,41569448.5
2023-12-14 01:00:00,0.6253,0.6261,0.6226,0.6238,26167936.9
2023-12-14 02:00:00,0.6238,0.6243,0.6211,0.6241,21285107.0
2023-12-14 03:00:00,0.6242,0.6248,0.6206,0.6232,19559891.4
2023-12-14 04:00:00,0.6232,0.6246,0.6224,0.623,16542102.9
2023-12-14 05:00:00,0.6229,0.6265,0.6226,0.6249,21797418.7
2023-12-14 06:00:00,0.6248,0.6283,0.6243,0.6271,38237277.4
2023-12-14 07:00:00,0.6271,0.6272,0.6248,0.6264,21554234.1
2023-12-14 08:00:00,0.6263,0.6331,0.6233,0.6261,70652052.7
2023-12-14 09:00:00,0.626,0.6308,0.625,0.6304,33252248.9
2023-12-14 10:00:00,0.6304,0.633,0.6292,0.632,28860230.8
2023-12-14 11:00:00,0.632,0.6347,0.6295,0.6345,36397318.2
2023-12-14 12:00:00,0.6345,0.6348,0.6307,0.6311,36879105.6
2023-12-14 13:00:00,0.631,0.6316,0.6,0.6243,227421608.4
2023-12-14 14:00:00,0.6242,0.625,0.6183,0.6221,63161929.8
2023-12-14 15:00:00,0.6222,0.6242,0.6202,0.6234,34617736.3
2023-12-14 16:00:00,0.6233,0.6278,0.6233,0.6265,35507924.1
2023-12-14 17:00:00,0.6265,0.6345,0.6261,0.6312,48471548.4
2023-12-14 18:00:00,0.6313,0.6314,0.6276,0.6297,29479028.8
2023-12-14 19:00:00,0.6297,0.6336,0.6296,0.6325,20645494.7
2023-12-14 20:00:00,0.6325,0.6325,0.6293,0.6309,20440467.1
2023-12-14 21:00:00,0.631,0.6354,0.6308,0.635,23684823.3
2023-12-14 22:00:00,0.635,0.6383,0.6326,0.6334,41614179.1
2023-12-14 23:00:00,0.6334,0.6352,0.6317,0.6321,27332500.6
2023-12-15 00:00:00,0.6321,0.6339,0.6304,0.6316,27612413.5
2023-12-15 01:00:00,0.6317,0.6449,0.6314,0.6409,82903451.4
2023-12-15 02:00:00,0.6408,0.641,0.6355,0.6384,47046576.6
2023-12-15 03:00:00,0.6384,0.639,0.6339,0.6353,37911334.9
2023-12-15 04:00:00,0.6354,0.6362,0.6323,0.6348,21854569.5
2023-12-15 05:00:00,0.6348,0.6359,0.63,0.6306,47017194.7
2023-12-15 06:00:00,0.6307,0.6354,0.6294,0.6299,50561785.0
2023-12-15 07:00:00,0.63,0.6318,0.6288,0.6311,28493023.6
2023-12-15 08:00:00,0.631,0.6341,0.6308,0.6335,31286597.1
2023-12-15 09:00:00,0.6334,0.6357,0.6315,0.6321,32804746.5
2023-12-15 10:00:00,0.6322,0.6331,0.6308,0.6324,20283590.3
2023-12-15 11:00:00,0.6324,0.6328,0.6296,0.63,24281974.7
2023-12-15 12:00:00,0.6301,0.6306,0.6255,0.6265,59052787.2
2023-12-15 13:00:00,0.6265,0.6267,0.6207,0.6238,73747812.6
2023-12-15 14:00:00,0.6238,0.6248,0.6176,0.6212,58552509.2
2023-12-15 15:00:00,0.6212,0.6225,0.6154,0.6196,51774023.0
2023-12-15 16:00:00,0.6196,0.6217,0.6178,0.6214,40601647.9
2023-12-15 17:00:00,0.6214,0.6227,0.6207,0.6208,24640486.5
2023-12-15 18:00:00,0.6208,0.6247,0.6205,0.6247,21958897.9
2023-12-15 19:00:00,0.6246,0.6259,0.6233,0.6237,20452502.1
2023-12-15 20:00:00,0.6238,0.625,0.6228,0.6248,16104063.6
2023-12-15 21:00:00,0.6247,0.6251,0.6232,0.6239,11542899.5
2023-12-15 22:00:00,0.6239,0.6239,0.6176,0.6191,31196319.4
2023-12-15 23:00:00,0.6192,0.6207,0.6115,0.6158,49375620.7
2023-12-16 00:00:00,0.6157,0.6182,0.6101,0.6168,48119697.6
2023-12-16 01:00:00,0.6168,0.6195,0.6164,0.6185,18848220.0
2023-12-16 02:00:00,0.6186,0.62,0.6185,0.6196,14737254.9
2023-12-16 03:00:00,0.6197,0.6224,0.6197,0.622,18743517.4
2023-12-16 04:00:00,0.622,0.6225,0.6205,0.6215,12448075.5
2023-12-16 05:00:00,0.6215,0.6219,0.6208,0.6212,9339598.8
2023-12-16 06:00:00,0.6213,0.6223,0.6202,0.6209,15044085.9
2023-12-16 07:00:00,0.6209,0.6209,0.6191,0.6203,10676230.8
2023-12-16 08:00:00,0.6204,0.6219,0.6202,0.6211,13073334.4
2023-12-16 09:00:00,0.6211,0.623,0.6211,0.6223,18399660.6
2023-12-16 10:00:00,0.6224,0.6232,0.6222,0.6227,9549498.1
2023-12-16 11:00:00,0.6228,0.6243,0.622,0.6243,14889028.0
2023-12-16 12:00:00,0.6242,0.6252,0.6236,0.6246,14310966.3
2023-12-16 13:00:00,0.6247,0.6255,0.6213,0.6233,24234782.6
2023-12-16 14:00:00,0.6233,0.6239,0.6221,0.623,15383012.6
2023-12-16 15:00:00,0.6231,0.6253,0.6228,0.6251,17636637.0
2023-12-16 16:00:00,0.625,0.6263,0.6237,0.6242,26928118.8
2023-12-16 17:00:00,0.6242,0.6248,0.6223,0.6233,25272248.4
2023-12-16 18:00:00,0.6232,0.6235,0.6186,0.6211,31713084.4
2023-12-16 19:00:00,0.621,0.6219,0.6176,0.6197,35706907.4
2023-12-16 20:00:00,0.6197,0.6218,0.6193,0.6206,17686256.7
2023-12-16 21:00:00,0.6206,0.6211,0.6192,0.6198,14768664.5
2023-12-16 22:00:00,0.6197,0.6207,0.6175,0.62,16577577.5
2023-12-16 23:00:00,0.6201,0.6209,0.6188,0.6207,15374768.2
2023-12-17 00:00:00,0.6206,0.6222,0.6205,0.6209,14971062.7
2023-12-17 01:00:00,0.621,0.6228,0.6195,0.6213,25800565.9
2023-12-17 02:00:00,0.6212,0.6227,0.6187,0.6187,19632610.2
2023-12-17 03:00:00,0.6188,0.6196,0.6162,0.6192,23054745.5
2023-12-17 04:00:00,0.6192,0.6211,0.619,0.6208,13909376.6
2023-12-17 05:00:00,0.6208,0.621,0.6151,0.6174,24221987.5
2023-12-17 06:00:00,0.6175,0.6191,0.6131,0.6173,42320662.7
2023-12-17 07:00:00,0.6174,0.6182,0.6135,0.6138,26237308.5
2023-12-17 08:00:00,0.6139,0.6173,0.6128,0.6168,30607108.4
2023-12-17 09:00:00,0.6168,0.6182,0.6151,0.6179,22645304.7
2023-12-17 10:00:00,0.6178,0.6244,0.6172,0.62,109185970.0
2023-12-17 11:00:00,0.6199,0.6213,0.6179,0.6205,33761506.8
2023-12-17 12:00:00,0.6206,0.6209,0.6182,0.6193,27752484.2
2023-12-17 13:00:00,0.6193,0.6197,0.6155,0.6169,23714677.9
2023-12-17 14:00:00,0.6169,0.6188,0.6121,0.6151,34791394.0
2023-12-17 15:00:00,0.6151,0.6196,0.6145,0.619,25507242.4
2023-12-17 16:00:00,0.6191,0.621,0.6167,0.6207,21896327.2
2023-12-17 17:00:00,0.6206,0.6229,0.6198,0.6206,28636522.8
2023-12-17 18:00:00,0.6205,0.6208,0.6169,0.6199,26807786.8
2023-12-17 19:00:00,0.6199,0.6207,0.6189,0.6193,9892527.3
2023-12-17 20:00:00,0.6194,0.6202,0.6187,0.6191,9685958.5
2023-12-17 21:00:00,0.619,0.6191,0.6159,0.6169,17686333.6
2023-12-17 22:00:00,0.6169,0.617,0.6115,0.6135,27245575.6
2023-12-17 23:00:00,0.6135,0.614,0.6085,0.6107,53937415.8
2023-12-18 00:00:00,0.6108,0.6141,0.6104,0.612,31812231.1
2023-12-18 01:00:00,0.612,0.6126,0.6032,0.6037,74484907.3
2023-12-18 02:00:00,0.6036,0.6063,0.601,0.6027,56001477.7
2023-12-18 03:00:00,0.6027,0.6064,0.602,0.606,29281800.7
2023-12-18 04:00:00,0.6059,0.6076,0.6047,0.6071,22171318.6
2023-12-18 05:00:00,0.6071,0.6094,0.6051,0.6059,24844101.0
2023-12-18 06:00:00,0.606,0.6072,0.603,0.6046,41217645.3
2023-12-18 07:00:00,0.6046,0.6072,0.6002,0.6016,61109876.6
2023-12-18 08:00:00,0.6016,0.6024,0.5955,0.6011,78100562.1
2023-12-18 09:00:00,0.6012,0.6019,0.5911,0.5959,112219218.0
2023-12-18 10:00:00,0.596,0.5964,0.5786,0.589,208677133.8
2023-12-18 11:00:00,0.589,0.5932,0.5875,0.5898,50379577.9
2023-12-18 12:00:00,0.5898,0.5902,0.5867,0.5878,34227823.9
2023-12-18 13:00:00,0.5878,0.5959,0.5876,0.5956,40208133.7
2023-12-18 14:00:00,0.5957,0.6009,0.5944,0.5996,45608262.0
2023-12-18 15:00:00,0.5996,0.6002,0.5958,0.5967,32150890.2
2023-12-18 16:00:00,0.5967,0.599,0.5949,0.5985,24485060.4
2023-12-18 17:00:00,0.5984,0.6015,0.5978,0.5997,24295023.5
2023-12-18 18:00:00,0.5997,0.6028,0.5985,0.6028,14829072.6
2023-12-18 19:00:00,0.6028,0.6069,0.602,0.6052,35379562.6
2023-12-18 20:00:00,0.6052,0.6081,0.6036,0.6069,31884092.8
2023-12-18 21:00:00,0.6068,0.6102,0.6064,0.6098,46053890.9
2023-12-18 22:00:00,0.6097,0.6121,0.6083,0.6119,20715761.7
2023-12-18 23:00:00,0.612,0.6145,0.6113,0.6127,24464911.6
2023-12-19 00:00:00,0.6127,0.6141,0.6094,0.6103,38865867.7
2023-12-19 01:00:00,0.6103,0.617,0.6093,0.616,32488943.0
2023-12-19 02:00:00,0.616,0.6169,0.6118,0.6119,30069360.7
2023-12-19 03:00:00,0.6118,0.6128,0.6112,0.6124,18702789.9
2023-12-19 04:00:00,0.6123,0.6134,0.6114,0.6124,16641741.9
2023-12-19 05:00:00,0.6125,0.6145,0.6112,0.6117,20304527.8
2023-12-19 06:00:00,0.6116,0.6121,0.6095,0.6117,35988730.5
2023-12-19 07:00:00,0.6118,0.6133,0.611,0.6115,19410324.9
2023-12-19 08:00:00,0.6115,0.6129,0.6104,0.6114,24057907.9
2023-12-19 09:00:00,0.6114,0.6116,0.6078,0.6095,38161065.0
2023-12-19 10:00:00,0.6095,0.6114,0.6083,0.6108,24989591.5
2023-12-19 11:00:00,0.6108,0.6116,0.6068,0.6085,22813525.0
2023-12-19 12:00:00,0.6085,0.6098,0.6063,0.6071,25228118.6
2023-12-19 13:00:00,0.607,0.6115,0.6068,0.6103,30541220.5
2023-12-19 14:00:00,0.6103,0.6109,0.602,0.6041,63441694.6
2023-12-19 15:00:00,0.6042,0.6083,0.6026,0.6058,34621299.2
2023-12-19 16:00:00,0.6059,0.6079,0.6041,0.6048,22844022.2
2023-12-19 17:00:00,0.6048,0.6057,0.5975,0.5981,73279816.7
2023-12-19 18:00:00,0.598,0.6044,0.5973,0.6044,40464762.6
2023-12-19 19:00:00,0.6044,0.6064,0.6035,0.6052,17461417.3
2023-12-19 20:00:00,0.6052,0.6064,0.6035,0.605,15100459.6
2023-12-19 21:00:00,0.605,0.6078,0.6047,0.6077,12132760.4
2023-12-19 22:00:00,0.6078,0.6078,0.6044,0.6067,11194386.0
2023-12-19 23:00:00,0.6067,0.6078,0.6033,0.6048,28672741.7
2023-12-20 00:00:00,0.6048,0.6062,0.6032,0.6055,21877311.0
2023-12-20 01:00:00,0.6054,0.6068,0.6019,0.6044,20677438.7
2023-12-20 02:00:00,0.6043,0.6069,0.6011,0.6063,27017037.6
2023-12-20 03:00:00,0.6064,0.6095,0.6059,0.6089,26631713.4
2023-12-20 04:00:00,0.6089,0.6123,0.6082,0.6114,25445161.0
2023-12-20 05:00:00,0.6115,0.6117,0.6084,0.6086,20181007.9
2023-12-20 06:00:00,0.6087,0.6106,0.6065,0.608,36915028.4
2023-12-20 07:00:00,0.6081,0.6119,0.6079,0.6105,28764377.8
2023-12-20 08:00:00,0.6105,0.6118,0.6089,0.6105,22165133.5
2023-12-20 09:00:00,0.6105,0.6149,0.6101,0.6136,36988126.5
2023-12-20 10:00:00,0.6136,0.6146,0.6114,0.6135,25680632.5
2023-12-20 11:00:00,0.6136,0.6137,0.6103,0.6117,28098924.2
2023-12-20 12:00:00,0.6117,0.6141,0.6109,0.6131,24102600.3
2023-12-20 13:00:00,0.6132,0.626,0.613,0.6203,187432972.9
2023-12-20 14:00:00,0.6202,0.6232,0.6182,0.6204,56978853.7
2023-12-20 15:00:00,0.6203,0.6259,0.6194,0.6225,53792784.5
2023-12-20 16:00:00,0.6225,0.6231,0.6173,0.6193,50117599.6
2023-12-20 17:00:00,0.6193,0.6219,0.619,0.6209,30308166.2
2023-12-20 18:00:00,0.6209,0.6264,0.6202,0.6252,44546976.0
2023-12-20 19:00:00,0.6252,0.6269,0.6203,0.6211,38476171.5
2023-12-20 20:00:00,0.6211,0.6219,0.6074,0.6164,140800107.5
2023-12-20 21:00:00,0.6164,0.6191,0.6139,0.6156,26538185.2
2023-12-20 22:00:00,0.6157,0.6201,0.6149,0.6188,17659150.3
2023-12-20 23:00:00,0.6188,0.619,0.615,0.6174,29009318.0
2023-12-21 00:00:00,0.6174,0.6175,0.614,0.6142,20803744.8
2023-12-21 01:00:00,0.6142,0.6144,0.6112,0.6132,27073176.3
2023-12-21 02:00:00,0.6132,0.615,0.6118,0.614,17883166.7
2023-12-21 03:00:00,0.614,0.6157,0.6135,0.6148,14571601.9
2023-12-21 04:00:00,0.6148,0.617,0.6146,0.6168,14671494.6
2023-12-21 05:00:00,0.6167,0.6171,0.613,0.6134,21244103.1
2023-12-21 06:00:00,0.6134,0.6155,0.6123,0.6146,33375034.7
2023-12-21 07:00:00,0.6147,0.6183,0.6138,0.617,34338501.5
2023-12-21 08:00:00,0.617,0.6192,0.6152,0.6154,23042567.4
2023-12-21 09:00:00,0.6153,0.6169,0.6141,0.6163,26223990.1
2023-12-21 10:00:00,0.6164,0.6216,0.6162,0.6207,33881548.4
2023-12-21 11:00:00,0.6207,0.6217,0.6182,0.619,27027113.7
2023-12-21 12:00:00,0.619,0.6217,0.6188,0.6189,29627727.5
2023-12-21 13:00:00,0.619,0.6198,0.6174,0.6192,23518334.7
2023-12-21 14:00:00,0.6191,0.6201,0.6124,0.613,56480221.6
2023-12-21 15:00:00,0.613,0.6165,0.6102,0.6161,46949718.4
2023-12-21 16:00:00,0.6162,0.6173,0.6137,0.6166,23206514.5
2023-12-21 17:00:00,0.6165,0.6188,0.6153,0.6164,30099093.7
2023-12-21 18:00:00,0.6165,0.62,0.6164,0.6179,30091202.3
2023-12-21 19:00:00,0.6179,0.6198,0.6161,0.6197,25792956.2
2023-12-21 20:00:00,0.6196,0.6244,0.6194,0.623,38519506.8
2023-12-21 21:00:00,0.6229,0.6255,0.621,0.6238,28372212.3
2023-12-21 22:00:00,0.6239,0.6248,0.6225,0.6245,15768192.6
2023-12-21 23:00:00,0.6245,0.6251,0.6225,0.6246,22768234.6
2023-12-22 00:00:00,0.6247,0.6257,0.6226,0.6233,28563106.6
2023-12-22 01:00:00,0.6234,0.6281,0.623,0.6245,31846022.8
2023-12-22 02:00:00,0.6244,0.6253,0.6197,0.6205,37046651.8
2023-12-22 03:00:00,0.6205,0.6212,0.6186,0.6209,21875100.8
2023-12-22 04:00:00,0.6208,0.6227,0.6195,0.6223,17629985.2
2023-12-22 05:00:00,0.6222,0.6231,0.6205,0.6215,19051596.6
2023-12-22 06:00:00,0.6215,0.6242,0.6172,0.6188,45196171.1
2023-12-22 07:00:00,0.6189,0.6205,0.6168,0.6196,58665760.4
2023-12-22 08:00:00,0.6196,0.633,0.6182,0.6268,135894012.5
2023-12-22 09:00:00,0.6269,0.6281,0.6185,0.6232,88319090.7
2023-12-22 10:00:00,0.6232,0.6236,0.6191,0.6209,33218375.1
2023-12-22 11:00:00,0.621,0.6225,0.6191,0.6223,25588307.7
2023-12-22 12:00:00,0.6224,0.6231,0.6172,0.6181,35816165.3
2023-12-22 13:00:00,0.618,0.6213,0.6176,0.6211,23682011.4
2023-12-22 14:00:00,0.621,0.6218,0.6155,0.6204,47409832.0
2023-12-22 15:00:00,0.6205,0.6208,0.6188,0.6204,24777246.8
2023-12-22 16:00:00,0.6204,0.6215,0.616,0.6172,35159635.0
2023-12-22 17:00:00,0.6172,0.6207,0.6171,0.62,23186541.9
2023-12-22 18:00:00,0.6199,0.6221,0.6195,0.6213,20121357.9
2023-12-22 19:00:00,0.6212,0.6214,0.6176,0.6186,24607583.5
2023-12-22 20:00:00,0.6186,0.6217,0.6183,0.6212,18075872.5
2023-12-22 21:00:00,0.6212,0.6224,0.6206,0.6216,14787541.6
2023-12-22 22:00:00,0.6216,0.6249,0.6203,0.6249,15415635.2
2023-12-22 23:00:00,0.6249,0.6258,0.6231,0.6251,25963582.2
2023-12-23 00:00:00,0.6251,0.6255,0.6223,0.6223,27942228.7
2023-12-23 01:00:00,0.6223,0.6231,0.6155,0.6161,47240106.9
2023-12-23 02:00:00,0.6161,0.618,0.6121,0.6158,38763623.5
2023-12-23 03:00:00,0.6158,0.6175,0.613,0.6145,23852223.2
2023-12-23 04:00:00,0.6144,0.6149,0.6106,0.6145,33837921.4
2023-12-23 05:00:00,0.6145,0.6168,0.6142,0.6166,20566190.1
2023-12-23 06:00:00,0.6166,0.6167,0.6151,0.6166,19035456.5
2023-12-23 07:00:00,0.6166,0.6173,0.6153,0.6157,13853906.5
2023-12-23 08:00:00,0.6157,0.618,0.6153,0.6178,16463199.1
2023-12-23 09:00:00,0.6177,0.6178,0.6164,0.6167,11019489.3
2023-12-23 10:00:00,0.6167,0.6174,0.6156,0.6157,11284711.4
2023-12-23 11:00:00,0.6156,0.6161,0.6139,0.6158,23788665.5
2023-12-23 12:00:00,0.6158,0.6172,0.6156,0.6166,14632684.1
2023-12-23 13:00:00,0.6165,0.6178,0.6163,0.6176,14359633.7
2023-12-23 14:00:00,0.6176,0.6186,0.6166,0.6182,17502346.9
2023-12-23 15:00:00,0.6182,0.6198,0.6177,0.6187,15736520.7
2023-12-23 16:00:00,0.6186,0.62,0.6184,0.6195,10387315.0
2023-12-23 17:00:00,0.6195,0.6201,0.6189,0.6191,12590834.6
2023-12-23 18:00:00,0.6192,0.6218,0.618,0.6202,21045248.3
2023-12-23 19:00:00,0.6202,0.621,0.6185,0.6192,15225772.8
2023-12-23 20:00:00,0.6192,0.6198,0.6172,0.6183,16322087.7
2023-12-23 21:00:00,0.6182,0.6191,0.6173,0.6184,9585907.5
2023-12-23 22:00:00,0.6183,0.6204,0.6181,0.6199,12315287.1
2023-12-23 23:00:00,0.6199,0.6207,0.619,0.62,17503528.6
2023-12-24 00:00:00,0.62,0.6203,0.6171,0.6185,25640824.6
2023-12-24 01:00:00,0.6186,0.6221,0.6184,0.6198,23931126.8
2023-12-24 02:00:00,0.6197,0.6232,0.6193,0.6228,27267444.5
2023-12-24 03:00:00,0.6229,0.6234,0.6201,0.6209,20258675.8
2023-12-24 04:00:00,0.6209,0.6238,0.6206,0.6216,26074525.5
2023-12-24 05:00:00,0.6216,0.6218,0.6104,0.6148,77886707.5
2023-12-24 06:00:00,0.6148,0.6158,0.6118,0.6147,51645574.2
2023-12-24 07:00:00,0.6147,0.6175,0.6142,0.6169,23146673.8
2023-12-24 08:00:00,0.617,0.6178,0.6159,0.6173,17220111.4
2023-12-24 09:00:00,0.6173,0.6221,0.6162,0.6214,40167951.9
2023-12-24 10:00:00,0.6213,0.6214,0.6135,0.6181,50179387.5
2023-12-24 11:00:00,0.6182,0.6202,0.6174,0.6193,22720110.6
2023-12-24 12:00:00,0.6193,0.6197,0.6175,0.6192,18752700.5
2023-12-24 13:00:00,0.6191,0.6212,0.6185,0.6211,22388947.3
2023-12-24 14:00:00,0.621,0.625,0.6196,0.6209,50569842.3
2023-12-24 15:00:00,0.6209,0.6244,0.6209,0.6221,32632300.5
2023-12-24 16:00:00,0.622,0.6228,0.6209,0.6219,22497024.6
2023-12-24 17:00:00,0.622,0.6223,0.6203,0.6209,16875562.7
2023-12-24 18:00:00,0.6209,0.6234,0.6203,0.623,16909238.1
2023-12-24 19:00:00,0.6231,0.6243,0.6213,0.6242,18998670.9
2023-12-24 20:00:00,0.6241,0.6303,0.6194,0.6214,81799772.4
2023-12-24 21:00:00,0.6215,0.6222,0.616,0.6188,43656721.0
2023-12-24 22:00:00,0.6188,0.6194,0.6,0.6106,130345997.5
2023-12-24 23:00:00,0.6107,0.6153,0.6093,0.6129,35268202.1
2023-12-25 00:00:00,0.6129,0.6152,0.6088,0.6118,48296509.8
2023-12-25 01:00:00,0.6118,0.6139,0.6114,0.612,20555551.5
2023-12-25 02:00:00,0.6121,0.6136,0.6099,0.613,16132774.6
2023-12-25 03:00:00,0.613,0.6177,0.6125,0.6168,25786236.4
2023-12-25 04:00:00,0.6168,0.6175,0.6159,0.6169,15888226.9
2023-12-25 05:00:00,0.6169,0.6175,0.6161,0.6174,11969393.3
2023-12-25 06:00:00,0.6173,0.6179,0.6159,0.6166,18520734.8
2023-12-25 07:00:00,0.6166,0.6176,0.6157,0.6166,13778485.1
2023-12-25 08:00:00,0.6166,0.6296,0.6164,0.6255,118603871.9
2023-12-25 09:00:00,0.6254,0.6457,0.6252,0.6422,221379024.9
2023-12-25 10:00:00,0.6422,0.6456,0.6351,0.638,97562534.9
2023-12-25 11:00:00,0.6381,0.6498,0.6379,0.6427,114513423.1
2023-12-25 12:00:00,0.6428,0.6475,0.6401,0.6426,76132177.0
2023-12-25 13:00:00,0.6426,0.643,0.6367,0.6393,70340384.7
2023-12-25 14:00:00,0.6392,0.6417,0.6378,0.6405,35053268.7
2023-12-25 15:00:00,0.6405,0.6409,0.6327,0.6344,64653740.5
2023-12-25 16:00:00,0.6344,0.6395,0.6317,0.6338,83836710.8
2023-12-25 17:00:00,0.6337,0.6363,0.6328,0.6349,28191594.4
2023-12-25 18:00:00,0.6348,0.6387,0.6345,0.6358,32455573.0
2023-12-25 19:00:00,0.6359,0.6396,0.6354,0.6383,19508686.2
2023-12-25 20:00:00,0.6382,0.6424,0.6356,0.6412,53224931.3
2023-12-25 21:00:00,0.6412,0.6446,0.6377,0.642,39296034.8
2023-12-25 22:00:00,0.6421,0.6447,0.641,0.6443,20504583.9
2023-12-25 23:00:00,0.6443,0.6483,0.643,0.6467,34651758.8
2023-12-26 00:00:00,0.6468,0.6475,0.6354,0.6378,51511433.6
2023-12-26 01:00:00,0.6378,0.6393,0.6331,0.6372,39464439.7
2023-12-26 02:00:00,0.6372,0.6395,0.6359,0.6361,23621893.7
2023-12-26 03:00:00,0.6362,0.6392,0.635,0.6392,25650600.5
2023-12-26 04:00:00,0.6391,0.6393,0.6358,0.6371,16704283.0
2023-12-26 05:00:00,0.6372,0.6382,0.62,0.6248,173440946.5
2023-12-26 06:00:00,0.6249,0.626,0.618,0.6213,85505487.5
2023-12-26 07:00:00,0.6212,0.6243,0.6187,0.6223,48237843.6
2023-12-26 08:00:00,0.6223,0.625,0.619,0.6236,36819077.5
2023-12-26 09:00:00,0.6235,0.6244,0.6144,0.6213,71352036.2
2023-12-26 10:00:00,0.6213,0.6248,0.621,0.6233,35324175.2
2023-12-26 11:00:00,0.6233,0.6267,0.6216,0.6251,29784059.9
2023-12-26 12:00:00,0.625,0.6322,0.6247,0.6319,62127089.8
2023-12-26 13:00:00,0.6319,0.632,0.6266,0.628,38585530.5
2023-12-26 14:00:00,0.628,0.6288,0.6247,0.6262,42509091.3
2023-12-26 15:00:00,0.6262,0.6263,0.6188,0.6206,79507247.2
2023-12-26 16:00:00,0.6205,0.6254,0.618,0.6249,78921921.5
2023-12-26 17:00:00,0.6248,0.629,0.5932,0.6149,258026383.5
2023-12-26 18:00:00,0.6148,0.6204,0.611,0.6195,82049893.1
2023-12-26 19:00:00,0.6195,0.62,0.616,0.617,42553717.7
2023-12-26 20:00:00,0.6171,0.6213,0.6163,0.6196,23922210.7
2023-12-26 21:00:00,0.6196,0.6215,0.6183,0.6193,23512705.7
2023-12-26 22:00:00,0.6194,0.6221,0.6187,0.6213,15449195.1
2023-12-26 23:00:00,0.6213,0.6229,0.6202,0.6225,14904667.8
2023-12-27 00:00:00,0.6224,0.6226,0.6198,0.6199,22900645.5
2023-12-27 01:00:00,0.6199,0.6216,0.6176,0.6204,28551307.0
2023-12-27 02:00:00,0.6204,0.6207,0.6142,0.6154,43294567.0
2023-12-27 03:00:00,0.6154,0.6184,0.6131,0.6169,33418120.8
2023-12-27 04:00:00,0.617,0.6209,0.6167,0.6201,29188426.5
2023-12-27 05:00:00,0.6201,0.6227,0.6197,0.6223,24925925.2
2023-12-27 06:00:00,0.6222,0.6249,0.6176,0.6223,61395826.3
2023-12-27 07:00:00,0.6223,0.6233,0.6199,0.62,33844581.3
2023-12-27 08:00:00,0.62,0.6265,0.6188,0.6257,58339829.9
2023-12-27 09:00:00,0.6257,0.6303,0.6233,0.6296,53992412.1
2023-12-27 10:00:00,0.6296,0.6325,0.6276,0.6307,69767593.2
2023-12-27 11:00:00,0.6307,0.6311,0.6268,0.6281,38466579.1
2023-12-27 12:00:00,0.6281,0.6302,0.6264,0.6285,38334845.5
2023-12-27 13:00:00,0.6285,0.6322,0.6268,0.6303,41723401.9
2023-12-27 14:00:00,0.6304,0.6356,0.6271,0.6301,77479948.0
2023-12-27 15:00:00,0.63,0.6347,0.6285,0.6343,56098619.6
2023-12-27 16:00:00,0.6344,0.639,0.6322,0.6342,65528702.7
2023-12-27 17:00:00,0.6343,0.6371,0.6317,0.6359,34505926.8
2023-12-27 18:00:00,0.636,0.6412,0.6337,0.6382,50313592.3
2023-12-27 19:00:00,0.6383,0.6398,0.6362,0.6397,21198907.7
2023-12-27 20:00:00,0.6397,0.643,0.6378,0.6418,26925458.0
2023-12-27 21:00:00,0.6418,0.6423,0.6368,0.6371,25826917.0
2023-12-27 22:00:00,0.6371,0.6389,0.631,0.6331,38464853.6
2023-12-27 23:00:00,0.6332,0.6362,0.6332,0.6349,23124728.8
2023-12-28 00:00:00,0.6348,0.6433,0.6333,0.6402,65849644.5
2023-12-28 01:00:00,0.6401,0.6464,0.6388,0.6418,68773807.2
2023-12-28 02:00:00,0.6418,0.6509,0.6375,0.6443,68900290.2
2023-12-28 03:00:00,0.6443,0.6447,0.6404,0.6423,30042680.3
2023-12-28 04:00:00,0.6423,0.6592,0.6417,0.6549,97744595.0
2023-12-28 05:00:00,0.6549,0.6556,0.6442,0.6453,86610998.8
2023-12-28 06:00:00,0.6453,0.6473,0.634,0.6377,93725169.9
2023-12-28 07:00:00,0.6377,0.6392,0.6314,0.6375,64192280.7
2023-12-28 08:00:00,0.6375,0.6406,0.6326,0.6387,45265797.1
2023-12-28 09:00:00,0.6387,0.6452,0.6381,0.6418,51398861.4
2023-12-28 10:00:00,0.6418,0.6512,0.641,0.6486,52710868.2
2023-12-28 11:00:00,0.6485,0.651,0.6425,0.6445,39622149.0
2023-12-28 12:00:00,0.6445,0.6457,0.6338,0.6343,74671058.4
2023-12-28 13:00:00,0.6343,0.641,0.6294,0.6388,72645281.9
2023-12-28 14:00:00,0.6389,0.6396,0.6249,0.6321,157321015.5
2023-12-28 15:00:00,0.6321,0.6335,0.628,0.6302,60672925.6
2023-12-28 16:00:00,0.6303,0.633,0.6276,0.6304,37301699.2
2023-12-28 17:00:00,0.6305,0.634,0.6294,0.6315,31437784.9
2023-12-28 18:00:00,0.6315,0.6335,0.6278,0.6322,27006779.4
2023-12-28 19:00:00,0.6322,0.6344,0.6307,0.6325,18994082.9
2023-12-28 20:00:00,0.6325,0.6329,0.626,0.6311,28969859.6
2023-12-28 21:00:00,0.6311,0.6339,0.628,0.6307,22629812.7
2023-12-28 22:00:00,0.6307,0.6344,0.6292,0.6342,18188769.2
2023-12-28 23:00:00,0.6343,0.6372,0.6323,0.6352,25373891.8
2023-12-29 00:00:00,0.6353,0.6363,0.628,0.6293,48026199.8
2023-12-29 01:00:00,0.6293,0.631,0.6211,0.6281,92139378.3
2023-12-29 02:00:00,0.6282,0.6317,0.627,0.6315,24612207.5
2023-12-29 03:00:00,0.6316,0.6339,0.6304,0.6319,22194050.3
2023-12-29 04:00:00,0.632,0.6335,0.631,0.6331,15798671.5
2023-12-29 05:00:00,0.6331,0.6334,0.6308,0.632,11873513.4
2023-12-29 06:00:00,0.6319,0.6338,0.6309,0.6312,23614415.9
2023-12-29 07:00:00,0.6312,0.6329,0.6232,0.6246,44697794.3
2023-12-29 08:00:00,0.6247,0.6319,0.6242,0.6284,52542091.1
2023-12-29 09:00:00,0.6283,0.632,0.6274,0.6316,21422956.2
2023-12-29 10:00:00,0.6316,0.6328,0.63,0.6301,15734956.4
2023-12-29 11:00:00,0.6302,0.6335,0.6297,0.6323,24350882.6
2023-12-29 12:00:00,0.6323,0.6331,0.6306,0.632,23871550.5
2023-12-29 13:00:00,0.632,0.6364,0.6296,0.6335,35424879.7
2023-12-29 14:00:00,0.6336,0.637,0.6335,0.6367,27307026.6
2023-12-29 15:00:00,0.6368,0.6369,0.62,0.6248,100005973.9
2023-12-29 16:00:00,0.6248,0.6268,0.6174,0.6199,106693482.8
2023-12-29 17:00:00,0.6199,0.6217,0.616,0.6189,56313253.4
2023-12-29 18:00:00,0.6188,0.6232,0.6182,0.6225,20546173.6
2023-12-29 19:00:00,0.6224,0.6244,0.6207,0.6239,10596018.1
2023-12-29 20:00:00,0.6239,0.624,0.6202,0.6214,12076480.4
2023-12-29 21:00:00,0.6214,0.6235,0.6182,0.6197,18673776.5
2023-12-29 22:00:00,0.6197,0.6204,0.6112,0.6198,49491438.1
2023-12-29 23:00:00,0.6197,0.6243,0.6197,0.6232,26013924.3
2023-12-30 00:00:00,0.6232,0.6244,0.6224,0.6238,17549213.0
2023-12-30 01:00:00,0.6238,0.6253,0.6228,0.6246,20945714.5
2023-12-30 02:00:00,0.6245,0.6247,0.6197,0.6216,20407142.2
2023-12-30 03:00:00,0.6217,0.6224,0.6192,0.6211,14651226.7
2023-12-30 04:00:00,0.6211,0.6229,0.6208,0.6214,12991205.8
2023-12-30 05:00:00,0.6213,0.624,0.6208,0.6238,14635350.4
2023-12-30 06:00:00,0.6238,0.6263,0.6229,0.6256,19074450.5
2023-12-30 07:00:00,0.6255,0.6263,0.622,0.6228,18896851.7
2023-12-30 08:00:00,0.6229,0.6236,0.617,0.6184,36985256.3
2023-12-30 09:00:00,0.6184,0.6207,0.6161,0.6185,39894861.6
2023-12-30 10:00:00,0.6185,0.621,0.618,0.6207,16719397.9
2023-12-30 11:00:00,0.6208,0.6218,0.619,0.6211,14376539.4
2023-12-30 12:00:00,0.6211,0.625,0.6206,0.6241,26132605.4
2023-12-30 13:00:00,0.6242,0.6251,0.6221,0.6242,22011886.8
2023-12-30 14:00:00,0.6242,0.6265,0.6241,0.6261,25265862.2
2023-12-30 15:00:00,0.6261,0.6305,0.625,0.6288,43892288.0
2023-12-30 16:00:00,0.6288,0.6303,0.6265,0.6276,26776220.6
2023-12-30 17:00:00,0.6276,0.6281,0.6254,0.6268,23261837.3
2023-12-30 18:00:00,0.6268,0.6271,0.625,0.6263,17312378.3
2023-12-30 19:00:00,0.6263,0.6267,0.6251,0.6254,11735443.1
2023-12-30 20:00:00,0.6253,0.6263,0.6242,0.6244,13164942.7
2023-12-30 21:00:00,0.6244,0.6251,0.6234,0.6249,10270631.1
2023-12-30 22:00:00,0.6249,0.6249,0.6207,0.6218,16139972.0
2023-12-30 23:00:00,0.6217,0.6235,0.6211,0.6212,11003391.9
2023-12-31 00:00:00,0.6212,0.6234,0.6205,0.6232,15727614.2
2023-12-31 01:00:00,0.6232,0.6241,0.6218,0.6221,11588890.5
2023-12-31 02:00:00,0.622,0.623,0.6186,0.6205,22776432.4
2023-12-31 03:00:00,0.6205,0.6212,0.6192,0.6209,10695664.1
2023-12-31 04:00:00,0.6209,0.6223,0.6204,0.6215,11716722.4
2023-12-31 05:00:00,0.6215,0.6233,0.6213,0.6224,11759835.6
2023-12-31 06:00:00,0.6223,0.6237,0.6223,0.6233,6553009.5
2023-12-31 07:00:00,0.6234,0.6254,0.6231,0.6241,18780672.0
2023-12-31 08:00:00,0.6241,0.6245,0.6226,0.6236,11688839.6
2023-12-31 09:00:00,0.6236,0.6294,0.6232,0.6276,35349115.8
2023-12-31 10:00:00,0.6276,0.6279,0.6243,0.6252,26904292.9
2023-12-31 11:00:00,0.6252,0.626,0.6236,0.624,25370429.6
2023-12-31 12:00:00,0.6239,0.626,0.6207,0.6227,24808152.9
2023-12-31 13:00:00,0.6227,0.6246,0.6209,0.6237,14752566.5
2023-12-31 14:00:00,0.6237,0.624,0.6224,0.6229,11554964.4
2023-12-31 15:00:00,0.623,0.6248,0.6212,0.6229,17188546.1
2023-12-31 16:00:00,0.6228,0.6246,0.6218,0.6236,13019699.4
2023-12-31 17:00:00,0.6236,0.6239,0.6206,0.6223,20911530.5
2023-12-31 18:00:00,0.6224,0.6229,0.6205,0.6217,15496270.1
2023-12-31 19:00:00,0.6217,0.6225,0.6208,0.6212,11285437.0
2023-12-31 20:00:00,0.6213,0.6214,0.6179,0.6188,35312655.0
2023-12-31 21:00:00,0.6188,0.6214,0.6185,0.6198,14046614.3
2023-12-31 22:00:00,0.6198,0.62,0.605,0.6116,68477211.1
2023-12-31 23:00:00,0.6117,0.616,0.6108,0.6157,37697586.5
