datetime,open,high,low,close,volume
2023-01-01 00:00:00,0.3389,0.3391,0.3367,0.3381,146365967.3
2023-01-01 04:00:00,0.3381,0.3383,0.3352,0.3366,135736687.1
2023-01-01 08:00:00,0.3367,0.3385,0.3361,0.3382,102573382.5
2023-01-01 12:00:00,0.3382,0.3387,0.3362,0.3368,106038375.3
2023-01-01 16:00:00,0.3367,0.3397,0.3367,0.3389,122907919.9
2023-01-01 20:00:00,0.3388,0.3393,0.3374,0.3385,104038678.4
2023-01-02 00:00:00,0.3384,0.3392,0.2968,0.3282,1129389177.8
2023-01-02 04:00:00,0.3281,0.3395,0.326,0.3373,552250847.8
2023-01-02 08:00:00,0.3374,0.348,0.3373,0.344,505764740.6
2023-01-02 12:00:00,0.344,0.3546,0.342,0.3509,381499028.6
2023-01-02 16:00:00,0.3508,0.3554,0.3492,0.3512,335723079.1
2023-01-02 20:00:00,0.3513,0.3545,0.3468,0.3479,283510379.5
2023-01-03 00:00:00,0.3478,0.3481,0.3415,0.3427,316320461.7
2023-01-03 04:00:00,0.3427,0.3518,0.3419,0.3488,349234304.5
2023-01-03 08:00:00,0.3488,0.3494,0.3436,0.344,263881573.3
2023-01-03 12:00:00,0.344,0.3471,0.34,0.3431,379721135.4
2023-01-03 16:00:00,0.3432,0.3452,0.3411,0.3451,220834463.9
2023-01-03 20:00:00,0.3451,0.3464,0.3429,0.3434,146013622.0
2023-01-04 00:00:00,0.3435,0.3527,0.3419,0.3484,373029212.2
2023-01-04 04:00:00,0.3485,0.3504,0.3469,0.3495,220858279.2
2023-01-04 08:00:00,0.3495,0.351,0.3473,0.3486,230387542.1
2023-01-04 12:00:00,0.3486,0.3491,0.341,0.3474,302931151.5
2023-01-04 16:00:00,0.3474,0.3517,0.3434,0.3464,408725007.8
2023-01-04 20:00:00,0.3464,0.3479,0.3435,0.347,159381361.7
2023-01-05 00:00:00,0.3469,0.3485,0.3437,0.3456,159781048.4
2023-01-05 04:00:00,0.3455,0.3479,0.3431,0.3447,179124763.3
2023-01-05 08:00:00,0.3447,0.3453,0.3364,0.3416,336556526.5
2023-01-05 12:00:00,0.3415,0.3422,0.3381,0.3397,292006806.8
2023-01-05 16:00:00,0.3396,0.3414,0.3375,0.341,150118113.0
2023-01-05 20:00:00,0.341,0.3417,0.3321,0.3377,207561629.2
2023-01-06 00:00:00,0.3377,0.3407,0.3354,0.339,182501372.4
2023-01-06 04:00:00,0.339,0.339,0.3309,0.3349,348457233.9
2023-01-06 08:00:00,0.3349,0.3367,0.3337,0.3344,184392747.2
2023-01-06 12:00:00,0.3344,0.3381,0.333,0.3378,333517417.3
2023-01-06 16:00:00,0.3379,0.3424,0.336,0.3417,199257434.1
2023-01-06 20:00:00,0.3417,0.3459,0.3401,0.344,183480616.2
2023-01-07 00:00:00,0.344,0.3453,0.3423,0.3425,131551084.8
2023-01-07 04:00:00,0.3425,0.3435,0.341,0.3424,84952255.3
2023-01-07 08:00:00,0.3424,0.3432,0.3416,0.3425,65021757.3
2023-01-07 12:00:00,0.3425,0.3454,0.3419,0.3446,137983999.1
2023-01-07 16:00:00,0.3446,0.3455,0.3423,0.3448,135806701.6
2023-01-07 20:00:00,0.3447,0.3451,0.3427,0.3441,72213161.9
2023-01-08 00:00:00,0.3442,0.3449,0.3332,0.3412,276519188.7
2023-01-08 04:00:00,0.3412,0.3413,0.3395,0.34,69955139.7
2023-01-08 08:00:00,0.3399,0.3417,0.3375,0.3386,141967139.6
2023-01-08 12:00:00,0.3386,0.3432,0.3385,0.3428,144257040.1
2023-01-08 16:00:00,0.3427,0.3435,0.3384,0.3399,157148720.3
2023-01-08 20:00:00,0.34,0.3472,0.3398,0.3451,286176889.5
2023-01-09 00:00:00,0.345,0.3534,0.3436,0.3514,608352037.6
2023-01-09 04:00:00,0.3514,0.3545,0.3471,0.3489,354199379.7
2023-01-09 08:00:00,0.3488,0.3525,0.348,0.3503,302894055.2
2023-01-09 12:00:00,0.3503,0.357,0.3417,0.3552,687980859.8
2023-01-09 16:00:00,0.3552,0.3576,0.3507,0.3553,483262656.1
2023-01-09 20:00:00,0.3552,0.3565,0.3461,0.3486,442043692.6
2023-01-10 00:00:00,0.3486,0.3522,0.343,0.3486,297553835.5
2023-01-10 04:00:00,0.3486,0.3496,0.3464,0.3471,198069610.0
2023-01-10 08:00:00,0.3472,0.3506,0.3469,0.349,181488250.6
2023-01-10 12:00:00,0.3489,0.3508,0.3463,0.3499,296951032.7
2023-01-10 16:00:00,0.35,0.3534,0.3479,0.3531,185144937.7
2023-01-10 20:00:00,0.3532,0.3539,0.3503,0.3507,186594643.0
2023-01-11 00:00:00,0.3508,0.3516,0.3475,0.3492,187843758.5
2023-01-11 04:00:00,0.3492,0.3679,0.3489,0.3618,918795159.5
2023-01-11 08:00:00,0.3619,0.3662,0.3594,0.3617,515907813.5
2023-01-11 12:00:00,0.3618,0.375,0.3608,0.3694,1144394372.6
2023-01-11 16:00:00,0.3693,0.3788,0.3672,0.3717,855238063.0
2023-01-11 20:00:00,0.3717,0.3752,0.3682,0.3727,426107186.3
2023-01-12 00:00:00,0.3727,0.3819,0.3703,0.3763,617153826.2
2023-01-12 04:00:00,0.3763,0.3786,0.371,0.3733,295639580.8
2023-01-12 08:00:00,0.3733,0.3743,0.368,0.3689,278610176.2
2023-01-12 12:00:00,0.3689,0.3745,0.357,0.3671,799525133.8
2023-01-12 16:00:00,0.3671,0.3786,0.3663,0.3749,499364226.0
2023-01-12 20:00:00,0.3748,0.3775,0.3736,0.3746,274452251.9
2023-01-13 00:00:00,0.3746,0.3788,0.3703,0.3786,280221842.8
2023-01-13 04:00:00,0.3786,0.38,0.375,0.3763,226837673.6
2023-01-13 08:00:00,0.3764,0.3779,0.3733,0.3743,303602426.8
2023-01-13 12:00:00,0.3743,0.3748,0.3673,0.3738,396892856.8
2023-01-13 16:00:00,0.3738,0.3768,0.37,0.3763,273410027.7
2023-01-13 20:00:00,0.3763,0.3867,0.3753,0.3856,535076481.2
2023-01-14 00:00:00,0.3856,0.4066,0.3849,0.4014,1104965178.2
2023-01-14 04:00:00,0.4014,0.4085,0.3982,0.4047,398481274.0
2023-01-14 08:00:00,0.4046,0.4094,0.3749,0.3925,916403238.1
2023-01-14 12:00:00,0.3924,0.3977,0.386,0.394,459242001.3
2023-01-14 16:00:00,0.3941,0.3959,0.3901,0.3922,192411884.9
2023-01-14 20:00:00,0.3923,0.3969,0.3909,0.3952,164314173.4
2023-01-15 00:00:00,0.3952,0.397,0.384,0.3901,402438827.0
2023-01-15 04:00:00,0.3901,0.3905,0.3851,0.3879,124157599.2
2023-01-15 08:00:00,0.3878,0.388,0.379,0.384,242720074.7
2023-01-15 12:00:00,0.3839,0.389,0.3795,0.3884,263060256.6
2023-01-15 16:00:00,0.3883,0.39,0.3827,0.3854,280819992.4
2023-01-15 20:00:00,0.3854,0.3873,0.3822,0.3845,174462974.0
2023-01-16 00:00:00,0.3845,0.4055,0.384,0.4053,570435664.2
2023-01-16 04:00:00,0.4052,0.4062,0.3926,0.3933,431565135.3
2023-01-16 08:00:00,0.3934,0.3934,0.3752,0.3848,481748501.3
2023-01-16 12:00:00,0.3849,0.387,0.3777,0.3856,378393157.9
2023-01-16 16:00:00,0.3855,0.3927,0.3848,0.3922,298538916.9
2023-01-16 20:00:00,0.3922,0.3941,0.3838,0.3854,248997766.3
2023-01-17 00:00:00,0.3854,0.3888,0.378,0.3833,312697248.4
2023-01-17 04:00:00,0.3832,0.3898,0.3828,0.3895,183909802.8
2023-01-17 08:00:00,0.3896,0.3916,0.385,0.3881,205055651.0
2023-01-17 12:00:00,0.388,0.3919,0.3835,0.3869,433834909.6
2023-01-17 16:00:00,0.387,0.3953,0.3847,0.3927,237815822.5
2023-01-17 20:00:00,0.3927,0.3987,0.3863,0.3868,296714156.1
2023-01-18 00:00:00,0.3868,0.3928,0.385,0.3874,291794101.7
2023-01-18 04:00:00,0.3873,0.3892,0.3861,0.3889,158355744.3
2023-01-18 08:00:00,0.3888,0.3918,0.384,0.3891,266841470.2
2023-01-18 12:00:00,0.3891,0.3964,0.368,0.3813,583351200.4
2023-01-18 16:00:00,0.3813,0.3915,0.3635,0.3897,935349903.2
2023-01-18 20:00:00,0.3897,0.3902,0.3765,0.378,405686798.5
2023-01-19 00:00:00,0.3779,0.3813,0.3761,0.3786,199174227.4
2023-01-19 04:00:00,0.3786,0.3848,0.3785,0.3839,138080343.7
2023-01-19 08:00:00,0.3839,0.3895,0.3822,0.3844,283048012.9
2023-01-19 12:00:00,0.3844,0.396,0.3815,0.3906,720068768.1
2023-01-19 16:00:00,0.3905,0.3967,0.3884,0.3935,422169408.1
2023-01-19 20:00:00,0.3935,0.3957,0.3909,0.3927,182612091.2
2023-01-20 00:00:00,0.3927,0.3935,0.3891,0.3904,163484021.4
2023-01-20 04:00:00,0.3904,0.3918,0.3858,0.388,179058408.7
2023-01-20 08:00:00,0.3881,0.3933,0.3875,0.3909,163513908.1
2023-01-20 12:00:00,0.3909,0.3941,0.3892,0.3927,226670892.9
2023-01-20 16:00:00,0.3927,0.4029,0.3926,0.4022,361800729.3
2023-01-20 20:00:00,0.4022,0.4141,0.4018,0.4125,647643816.0
2023-01-21 00:00:00,0.4125,0.4143,0.4054,0.4102,328403831.6
2023-01-21 04:00:00,0.4102,0.4116,0.4077,0.4103,140202563.6
2023-01-21 08:00:00,0.4103,0.4165,0.393,0.4088,588545948.4
2023-01-21 12:00:00,0.4088,0.4134,0.4055,0.4085,267702837.7
2023-01-21 16:00:00,0.4084,0.4148,0.4078,0.4133,224810471.2
2023-01-21 20:00:00,0.4133,0.414,0.4013,0.4032,224951058.9
2023-01-22 00:00:00,0.4032,0.4062,0.3991,0.4045,164836647.1
2023-01-22 04:00:00,0.4044,0.4082,0.4038,0.4046,99632443.8
2023-01-22 08:00:00,0.4047,0.4059,0.4026,0.4041,124157554.2
2023-01-22 12:00:00,0.4042,0.4099,0.4008,0.4055,283726245.4
2023-01-22 16:00:00,0.4054,0.4123,0.4021,0.4048,286185226.3
2023-01-22 20:00:00,0.4048,0.405,0.3955,0.4002,320302715.2
2023-01-23 00:00:00,0.4003,0.4125,0.3993,0.4051,302448871.0
2023-01-23 04:00:00,0.4052,0.4144,0.4039,0.4136,233705577.2
2023-01-23 08:00:00,0.4135,0.4328,0.4131,0.4233,897339045.1
2023-01-23 12:00:00,0.4232,0.43,0.4124,0.4217,747922772.2
2023-01-23 16:00:00,0.4216,0.4309,0.4191,0.4267,451063698.9
2023-01-23 20:00:00,0.4267,0.4332,0.4227,0.4234,444676867.2
2023-01-24 00:00:00,0.4233,0.4258,0.4195,0.4248,268816873.8
2023-01-24 04:00:00,0.4247,0.425,0.4185,0.4239,194156389.6
2023-01-24 08:00:00,0.424,0.4313,0.4199,0.4219,374287983.3
2023-01-24 12:00:00,0.4219,0.4242,0.4155,0.421,295634015.8
2023-01-24 16:00:00,0.421,0.4241,0.415,0.4239,186874027.8
2023-01-24 20:00:00,0.424,0.4246,0.4011,0.4075,542282190.2
2023-01-25 00:00:00,0.4075,0.4076,0.3966,0.4042,354731727.6
2023-01-25 04:00:00,0.4042,0.4095,0.4038,0.409,137786639.4
2023-01-25 08:00:00,0.4091,0.4104,0.4034,0.4052,179753708.6
2023-01-25 12:00:00,0.4053,0.4094,0.4017,0.4058,303898008.1
2023-01-25 16:00:00,0.4057,0.4116,0.4041,0.4114,169336100.6
2023-01-25 20:00:00,0.4114,0.4244,0.4113,0.4169,423325027.9
2023-01-26 00:00:00,0.4169,0.4179,0.4102,0.4116,207110335.5
2023-01-26 04:00:00,0.4116,0.4154,0.4077,0.4092,188449741.7
2023-01-26 08:00:00,0.4092,0.4126,0.4087,0.411,184235957.7
2023-01-26 12:00:00,0.411,0.4149,0.4055,0.409,348557685.0
2023-01-26 16:00:00,0.4091,0.4125,0.405,0.4123,184995884.4
2023-01-26 20:00:00,0.4122,0.4133,0.4081,0.409,150894346.8
2023-01-27 00:00:00,0.409,0.4104,0.3981,0.4055,291519129.1
2023-01-27 04:00:00,0.4054,0.4075,0.4031,0.4074,120308312.6
2023-01-27 08:00:00,0.4074,0.4094,0.4055,0.4065,151397334.7
2023-01-27 12:00:00,0.4065,0.4091,0.4037,0.4063,249722748.0
2023-01-27 16:00:00,0.4062,0.4127,0.4061,0.4123,145985557.1
2023-01-27 20:00:00,0.4124,0.4134,0.4085,0.4128,167606635.7
2023-01-28 00:00:00,0.4127,0.4169,0.409,0.4106,212182448.4
2023-01-28 04:00:00,0.4106,0.4144,0.4081,0.411,153850637.4
2023-01-28 08:00:00,0.4109,0.4115,0.4085,0.4108,108506704.2
2023-01-28 12:00:00,0.4109,0.4111,0.4055,0.4089,208075983.9
2023-01-28 16:00:00,0.409,0.4103,0.4074,0.4095,82351694.2
2023-01-28 20:00:00,0.4095,0.4095,0.4051,0.4075,86089155.8
2023-01-29 00:00:00,0.4076,0.414,0.4063,0.41,214404197.0
2023-01-29 04:00:00,0.4101,0.4105,0.4085,0.4098,58788238.2
2023-01-29 08:00:00,0.4099,0.4143,0.4097,0.412,173301479.1
2023-01-29 12:00:00,0.412,0.4135,0.4103,0.4119,129697467.7
2023-01-29 16:00:00,0.4118,0.4174,0.41,0.4158,212173924.2
2023-01-29 20:00:00,0.4159,0.416,0.4115,0.4133,141533498.1
2023-01-30 00:00:00,0.4133,0.4221,0.4076,0.4133,370267484.5
2023-01-30 04:00:00,0.4133,0.415,0.4088,0.4107,164057021.1
2023-01-30 08:00:00,0.4106,0.4118,0.3948,0.3975,485876966.9
2023-01-30 12:00:00,0.3975,0.403,0.3965,0.3998,198419772.6
2023-01-30 16:00:00,0.3998,0.4018,0.3832,0.3948,319988141.0
2023-01-30 20:00:00,0.3948,0.3959,0.3884,0.3932,199272802.2
2023-01-31 00:00:00,0.3933,0.3941,0.388,0.3914,250383677.6
2023-01-31 04:00:00,0.3914,0.3957,0.3882,0.3952,190841794.3
2023-01-31 08:00:00,0.3952,0.4022,0.3941,0.3996,381956454.6
2023-01-31 12:00:00,0.3997,0.4032,0.399,0.4021,302250926.8
2023-01-31 16:00:00,0.4022,0.4111,0.4015,0.4096,235097399.9
2023-01-31 20:00:00,0.4096,0.4111,0.4016,0.4056,228305679.7
2023-02-01 00:00:00,0.4056,0.4064,0.4006,0.4028,164216520.2
2023-02-01 04:00:00,0.4028,0.4064,0.3984,0.4002,171319075.7
2023-02-01 08:00:00,0.4001,0.4054,0.3981,0.4028,207967247.6
2023-02-01 12:00:00,0.4029,0.4047,0.3963,0.3975,247264563.9
2023-02-01 16:00:00,0.3976,0.4098,0.3966,0.4076,412179164.3
2023-02-01 20:00:00,0.4076,0.4158,0.4076,0.4132,281692164.0
2023-02-02 00:00:00,0.4133,0.4177,0.4103,0.4128,286194224.5
2023-02-02 04:00:00,0.4129,0.4154,0.4103,0.4129,147715087.7
2023-02-02 08:00:00,0.4129,0.4157,0.412,0.4147,124598009.7
2023-02-02 12:00:00,0.4147,0.4159,0.4106,0.4144,277667027.0
2023-02-02 16:00:00,0.4144,0.4196,0.4117,0.4132,312613344.4
2023-02-02 20:00:00,0.4132,0.4151,0.4078,0.4099,256418605.2
2023-02-03 00:00:00,0.4098,0.4114,0.4059,0.4113,165046088.6
2023-02-03 04:00:00,0.4112,0.4129,0.4092,0.4104,134609573.1
2023-02-03 08:00:00,0.4105,0.4138,0.4094,0.4112,140127101.6
2023-02-03 12:00:00,0.4112,0.4123,0.4051,0.4103,373291048.8
2023-02-03 16:00:00,0.4104,0.4115,0.4065,0.4089,185052672.5
2023-02-03 20:00:00,0.4089,0.4126,0.4072,0.4117,106321374.5
2023-02-04 00:00:00,0.4117,0.4124,0.4086,0.4087,115956071.7
2023-02-04 04:00:00,0.4087,0.4098,0.4076,0.4096,59063478.7
2023-02-04 08:00:00,0.4096,0.4111,0.4084,0.411,59604147.1
2023-02-04 12:00:00,0.4109,0.4136,0.4106,0.4131,136160569.6
2023-02-04 16:00:00,0.4131,0.4207,0.4108,0.4166,231714968.0
2023-02-04 20:00:00,0.4165,0.4169,0.4072,0.4106,143584380.6
2023-02-05 00:00:00,0.4106,0.412,0.4072,0.4087,143203644.4
2023-02-05 04:00:00,0.4088,0.4105,0.4082,0.4099,80044351.2
2023-02-05 08:00:00,0.41,0.4116,0.4089,0.4092,93027540.3
2023-02-05 12:00:00,0.4091,0.41,0.3978,0.4,398684340.2
2023-02-05 16:00:00,0.3999,0.4012,0.3933,0.3977,291715500.5
2023-02-05 20:00:00,0.3977,0.3996,0.3956,0.3983,129330981.8
2023-02-06 00:00:00,0.3983,0.4031,0.3961,0.398,151655976.9
2023-02-06 04:00:00,0.398,0.401,0.3932,0.3981,194671254.8
2023-02-06 08:00:00,0.398,0.3999,0.395,0.3975,166202921.5
2023-02-06 12:00:00,0.3975,0.4005,0.3962,0.4004,198960623.1
2023-02-06 16:00:00,0.4004,0.4036,0.3984,0.4025,158894289.8
2023-02-06 20:00:00,0.4025,0.4032,0.3906,0.392,259414344.5
2023-02-07 00:00:00,0.3919,0.3951,0.3899,0.3931,194510989.0
2023-02-07 04:00:00,0.3931,0.3968,0.3925,0.3954,131867649.3
2023-02-07 08:00:00,0.3955,0.3982,0.3932,0.3964,168538210.0
2023-02-07 12:00:00,0.3964,0.3976,0.3936,0.3944,150305114.5
2023-02-07 16:00:00,0.3943,0.4013,0.391,0.3999,343187940.1
2023-02-07 20:00:00,0.3999,0.4048,0.399,0.4036,181344427.4
2023-02-08 00:00:00,0.4035,0.4061,0.4002,0.4014,195178152.4
2023-02-08 04:00:00,0.4013,0.4024,0.4,0.4019,103047154.6
2023-02-08 08:00:00,0.4019,0.4022,0.399,0.4019,125366588.6
2023-02-08 12:00:00,0.4019,0.4023,0.397,0.3974,232517471.1
2023-02-08 16:00:00,0.3973,0.3991,0.3934,0.397,238041782.4
2023-02-08 20:00:00,0.3969,0.3994,0.3945,0.3977,134603667.4
2023-02-09 00:00:00,0.3977,0.3994,0.3845,0.3906,311649132.8
2023-02-09 04:00:00,0.3907,0.3942,0.3892,0.3936,150683861.8
2023-02-09 08:00:00,0.3937,0.3948,0.3921,0.3937,145687036.8
2023-02-09 12:00:00,0.3938,0.4102,0.3928,0.4018,588539643.1
2023-02-09 16:00:00,0.4018,0.4042,0.3788,0.3876,693730989.8
2023-02-09 20:00:00,0.3876,0.3896,0.3716,0.3816,466171672.8
2023-02-10 00:00:00,0.3816,0.3874,0.3803,0.3873,222384164.9
2023-02-10 04:00:00,0.3873,0.3875,0.3799,0.3864,215065519.9
2023-02-10 08:00:00,0.3864,0.387,0.3824,0.3829,165404694.4
2023-02-10 12:00:00,0.383,0.3849,0.3766,0.3797,258579759.0
2023-02-10 16:00:00,0.3796,0.3843,0.3774,0.3842,169771542.8
2023-02-10 20:00:00,0.3841,0.3844,0.3794,0.3815,137688036.7
2023-02-11 00:00:00,0.3814,0.3838,0.38,0.3822,106243624.7
2023-02-11 04:00:00,0.3823,0.383,0.3804,0.3814,65932985.8
2023-02-11 08:00:00,0.3815,0.3829,0.3811,0.3823,64560530.1
2023-02-11 12:00:00,0.3823,0.3833,0.3814,0.3822,77294145.7
2023-02-11 16:00:00,0.3821,0.3822,0.3794,0.3811,76479970.9
2023-02-11 20:00:00,0.381,0.384,0.3807,0.383,81519565.7
2023-02-12 00:00:00,0.3831,0.3834,0.381,0.3811,63700635.0
2023-02-12 04:00:00,0.3812,0.3819,0.3797,0.3809,53538862.5
2023-02-12 08:00:00,0.3808,0.3835,0.3807,0.3822,71281923.7
2023-02-12 12:00:00,0.3822,0.3831,0.3805,0.3822,100467908.2
2023-02-12 16:00:00,0.3823,0.3847,0.3816,0.3833,106311513.4
2023-02-12 20:00:00,0.3834,0.3838,0.3709,0.3744,255092137.1
2023-02-13 00:00:00,0.3744,0.378,0.3656,0.3716,325337321.9
2023-02-13 04:00:00,0.3716,0.3768,0.371,0.3755,151205279.9
2023-02-13 08:00:00,0.3754,0.3755,0.3605,0.3652,455057094.2
2023-02-13 12:00:00,0.3651,0.3706,0.3645,0.3664,200841435.5
2023-02-13 16:00:00,0.3664,0.3712,0.3629,0.3711,224504131.2
2023-02-13 20:00:00,0.3712,0.3728,0.3691,0.3704,128263169.8
2023-02-14 00:00:00,0.3704,0.3707,0.3644,0.3673,146841547.1
2023-02-14 04:00:00,0.3673,0.3705,0.366,0.37,113133523.7
2023-02-14 08:00:00,0.3701,0.3707,0.3664,0.3691,143697948.1
2023-02-14 12:00:00,0.369,0.3775,0.3641,0.3754,457139412.1
2023-02-14 16:00:00,0.3754,0.3799,0.3729,0.3791,195960418.7
2023-02-14 20:00:00,0.3791,0.3839,0.3768,0.3818,176256930.9
2023-02-15 00:00:00,0.3818,0.3819,0.3765,0.3802,133111638.1
2023-02-15 04:00:00,0.3802,0.383,0.3795,0.3822,119177071.5
2023-02-15 08:00:00,0.3823,0.3866,0.3806,0.3857,189136873.0
2023-02-15 12:00:00,0.3858,0.3893,0.3855,0.3868,262130786.2
2023-02-15 16:00:00,0.3867,0.3945,0.3846,0.3939,184178725.6
2023-02-15 20:00:00,0.3939,0.4024,0.3932,0.4012,343948065.3
2023-02-16 00:00:00,0.4011,0.4047,0.3961,0.4009,295637580.3
2023-02-16 04:00:00,0.4009,0.4029,0.398,0.3999,172476920.5
2023-02-16 08:00:00,0.3999,0.4017,0.3966,0.3976,150487590.3
2023-02-16 12:00:00,0.3977,0.4022,0.3943,0.4021,303548240.3
2023-02-16 16:00:00,0.4021,0.4034,0.3959,0.3994,299718707.5
2023-02-16 20:00:00,0.3995,0.3995,0.3836,0.3839,378314991.7
2023-02-17 00:00:00,0.3838,0.3905,0.3804,0.3901,200534923.6
2023-02-17 04:00:00,0.39,0.3906,0.3864,0.3874,143442565.3
2023-02-17 08:00:00,0.3875,0.3897,0.3862,0.3875,122032723.9
2023-02-17 12:00:00,0.3875,0.3915,0.3853,0.3885,284185564.4
2023-02-17 16:00:00,0.3885,0.3956,0.3857,0.3951,251412247.8
2023-02-17 20:00:00,0.395,0.4001,0.3896,0.395,312561845.0
2023-02-18 00:00:00,0.395,0.3961,0.3935,0.3948,101423679.8
2023-02-18 04:00:00,0.3949,0.3969,0.3932,0.3945,85102471.8
2023-02-18 08:00:00,0.3945,0.3948,0.3911,0.3928,109585147.0
2023-02-18 12:00:00,0.3927,0.3955,0.3922,0.3949,121924128.0
2023-02-18 16:00:00,0.3949,0.3977,0.3924,0.3936,164518242.7
2023-02-18 20:00:00,0.3936,0.395,0.3917,0.394,75298722.9
2023-02-19 00:00:00,0.3941,0.3957,0.3882,0.3908,146801841.1
2023-02-19 04:00:00,0.3909,0.3941,0.3907,0.3912,98392053.7
2023-02-19 08:00:00,0.3911,0.3933,0.3906,0.393,83041232.1
2023-02-19 12:00:00,0.3931,0.3972,0.3921,0.396,200739355.5
2023-02-19 16:00:00,0.396,0.398,0.3866,0.3879,299239918.7
2023-02-19 20:00:00,0.388,0.3891,0.384,0.3859,166723021.6
2023-02-20 00:00:00,0.3859,0.3897,0.376,0.3878,280517219.9
2023-02-20 04:00:00,0.3878,0.3924,0.3874,0.3908,153969740.4
2023-02-20 08:00:00,0.3908,0.3949,0.3892,0.3929,223414827.3
2023-02-20 12:00:00,0.3929,0.4092,0.3913,0.4027,517364734.8
2023-02-20 16:00:00,0.4027,0.4085,0.3982,0.4033,343895207.6
2023-02-20 20:00:00,0.4032,0.4039,0.3971,0.3986,168561462.6
2023-02-21 00:00:00,0.3986,0.3992,0.3939,0.3945,206894231.7
2023-02-21 04:00:00,0.3944,0.4006,0.3941,0.3995,146289211.9
2023-02-21 08:00:00,0.3996,0.4025,0.3893,0.3901,398827558.8
2023-02-21 12:00:00,0.3902,0.3929,0.3877,0.3892,247348657.2
2023-02-21 16:00:00,0.3892,0.3943,0.387,0.3939,151878387.9
2023-02-21 20:00:00,0.3939,0.3949,0.3881,0.3918,159541443.0
2023-02-22 00:00:00,0.3918,0.3927,0.3825,0.3901,234935596.0
2023-02-22 04:00:00,0.3901,0.3922,0.3853,0.3904,195579596.5
2023-02-22 08:00:00,0.3904,0.3909,0.3859,0.3906,239672765.4
2023-02-22 12:00:00,0.3907,0.3976,0.3855,0.3881,389933883.0
2023-02-22 16:00:00,0.3882,0.3942,0.3866,0.3927,227981260.2
2023-02-22 20:00:00,0.3928,0.3964,0.3907,0.3953,124345129.7
2023-02-23 00:00:00,0.3953,0.3971,0.3903,0.3951,155325731.3
2023-02-23 04:00:00,0.395,0.3978,0.3937,0.3964,140495013.1
2023-02-23 08:00:00,0.3963,0.3974,0.388,0.3896,215997085.3
2023-02-23 12:00:00,0.3896,0.3933,0.388,0.3892,224531934.4
2023-02-23 16:00:00,0.3893,0.391,0.3852,0.3909,163814683.0
2023-02-23 20:00:00,0.3909,0.3913,0.3862,0.3881,79540860.6
2023-02-24 00:00:00,0.3882,0.3905,0.3874,0.3892,96620671.7
2023-02-24 04:00:00,0.3891,0.3906,0.386,0.3884,119727477.2
2023-02-24 08:00:00,0.3884,0.39,0.3866,0.3891,106358482.2
2023-02-24 12:00:00,0.3891,0.3903,0.3783,0.3813,322902351.5
2023-02-24 16:00:00,0.3812,0.3813,0.3721,0.3775,340142986.4
2023-02-24 20:00:00,0.3774,0.3792,0.372,0.3781,133745937.8
2023-02-25 00:00:00,0.378,0.3788,0.3757,0.3776,99130422.2
2023-02-25 04:00:00,0.3776,0.3784,0.3758,0.3778,76637065.4
2023-02-25 08:00:00,0.3777,0.3792,0.376,0.3777,99285416.3
2023-02-25 12:00:00,0.3776,0.3784,0.375,0.3772,124298585.3
2023-02-25 16:00:00,0.3772,0.3784,0.3729,0.3756,145882358.4
2023-02-25 20:00:00,0.3756,0.3779,0.3682,0.3775,205144721.8
2023-02-26 00:00:00,0.3775,0.3785,0.3764,0.3781,65334625.3
2023-02-26 04:00:00,0.378,0.3782,0.3769,0.3774,44119262.8
2023-02-26 08:00:00,0.3774,0.3784,0.3759,0.3766,64389183.2
2023-02-26 12:00:00,0.3766,0.3778,0.375,0.3756,87604869.8
2023-02-26 16:00:00,0.3756,0.3801,0.3743,0.379,120271009.0
2023-02-26 20:00:00,0.379,0.3805,0.3752,0.3776,121494868.3
2023-02-27 00:00:00,0.3776,0.378,0.3753,0.3762,122081395.6
2023-02-27 04:00:00,0.3762,0.3774,0.3737,0.3742,130136087.3
2023-02-27 08:00:00,0.3741,0.375,0.3706,0.3735,202204126.3
2023-02-27 12:00:00,0.3736,0.3791,0.3726,0.377,269045072.1
2023-02-27 16:00:00,0.377,0.3779,0.3731,0.3769,218960081.2
2023-02-27 20:00:00,0.3769,0.38,0.375,0.3783,142361116.7
2023-02-28 00:00:00,0.3784,0.3792,0.3718,0.3755,175234127.2
2023-02-28 04:00:00,0.3755,0.3787,0.3728,0.374,164867838.9
2023-02-28 08:00:00,0.3739,0.377,0.3721,0.3767,153009212.3
2023-02-28 12:00:00,0.3768,0.3799,0.3767,0.3796,227915974.5
2023-02-28 16:00:00,0.3796,0.3824,0.3772,0.38,154575268.3
2023-02-28 20:00:00,0.38,0.3817,0.3737,0.376,193500406.0
2023-03-01 00:00:00,0.3761,0.3766,0.3725,0.3764,173136265.5
2023-03-01 04:00:00,0.3765,0.3828,0.3756,0.382,154126954.5
2023-03-01 08:00:00,0.3821,0.3847,0.3792,0.3803,164383838.0
2023-03-01 12:00:00,0.3803,0.382,0.3785,0.3814,159205414.3
2023-03-01 16:00:00,0.3814,0.384,0.3782,0.3803,139951166.9
2023-03-01 20:00:00,0.3803,0.3842,0.3802,0.3834,115614196.0
2023-03-02 00:00:00,0.3835,0.3846,0.3773,0.3776,178958624.9
2023-03-02 04:00:00,0.3776,0.3798,0.3776,0.3787,106172480.3
2023-03-02 08:00:00,0.3787,0.3795,0.3766,0.3783,118756825.5
2023-03-02 12:00:00,0.3782,0.3787,0.3741,0.3756,180009373.2
2023-03-02 16:00:00,0.3756,0.381,0.3735,0.3807,126164212.5
2023-03-02 20:00:00,0.3808,0.3811,0.3768,0.3771,96640315.2
2023-03-03 00:00:00,0.3772,0.378,0.3483,0.3643,575564175.4
2023-03-03 04:00:00,0.3642,0.369,0.3633,0.365,163086458.1
2023-03-03 08:00:00,0.365,0.368,0.3643,0.3673,142024106.3
2023-03-03 12:00:00,0.3673,0.3697,0.3652,0.3673,216135729.5
2023-03-03 16:00:00,0.3672,0.3712,0.3663,0.3707,119615017.7
2023-03-03 20:00:00,0.3707,0.3805,0.3695,0.377,276042475.9
2023-03-04 00:00:00,0.377,0.3799,0.3744,0.3755,159026512.9
2023-03-04 04:00:00,0.3754,0.3765,0.3731,0.3756,88081184.9
2023-03-04 08:00:00,0.3756,0.3762,0.3746,0.3753,72384232.2
2023-03-04 12:00:00,0.3752,0.376,0.3743,0.3749,76112520.8
2023-03-04 16:00:00,0.3748,0.379,0.3712,0.3726,219970332.4
2023-03-04 20:00:00,0.3727,0.3743,0.3677,0.3733,229138160.9
2023-03-05 00:00:00,0.3733,0.3774,0.3705,0.374,191662394.0
2023-03-05 04:00:00,0.374,0.3749,0.3721,0.3724,50649864.9
2023-03-05 08:00:00,0.3724,0.3728,0.3709,0.3714,65150024.4
2023-03-05 12:00:00,0.3714,0.3723,0.3706,0.3707,89465180.0
2023-03-05 16:00:00,0.3706,0.3709,0.3669,0.3678,92733880.3
2023-03-05 20:00:00,0.3678,0.3701,0.365,0.3666,150225786.1
2023-03-06 00:00:00,0.3666,0.3693,0.3603,0.3657,309193162.2
2023-03-06 04:00:00,0.3657,0.3679,0.3626,0.3627,160484189.4
2023-03-06 08:00:00,0.3627,0.3653,0.3588,0.3611,219796072.8
2023-03-06 12:00:00,0.361,0.3676,0.3603,0.3671,192190290.3
2023-03-06 16:00:00,0.3672,0.3739,0.3664,0.3714,213848290.5
2023-03-06 20:00:00,0.3715,0.3732,0.3693,0.3694,152443833.8
2023-03-07 00:00:00,0.3694,0.371,0.3669,0.368,193017190.0
2023-03-07 04:00:00,0.368,0.3726,0.3679,0.3695,170496748.2
2023-03-07 08:00:00,0.3696,0.3717,0.3675,0.3706,179960433.9
2023-03-07 12:00:00,0.3707,0.3825,0.3705,0.3784,899597785.8
2023-03-07 16:00:00,0.3785,0.382,0.3755,0.3799,335308486.3
2023-03-07 20:00:00,0.38,0.3843,0.3779,0.3799,468332035.2
2023-03-08 00:00:00,0.38,0.3857,0.3765,0.3785,356332418.1
2023-03-08 04:00:00,0.3785,0.3807,0.3721,0.3763,344163476.7
2023-03-08 08:00:00,0.3763,0.3897,0.3757,0.3868,677631147.4
2023-03-08 12:00:00,0.3868,0.4019,0.3858,0.3968,1695385050.0
2023-03-08 16:00:00,0.3968,0.3988,0.3902,0.3956,599026476.0
2023-03-08 20:00:00,0.3955,0.3985,0.3835,0.3888,655578795.4
2023-03-09 00:00:00,0.3888,0.3943,0.3855,0.3886,556148440.9
2023-03-09 04:00:00,0.3886,0.3911,0.3854,0.3903,458571375.4
2023-03-09 08:00:00,0.3903,0.3961,0.389,0.3929,586914036.3
2023-03-09 12:00:00,0.3929,0.3976,0.3912,0.3929,466824981.8
2023-03-09 16:00:00,0.3929,0.3937,0.3758,0.3786,807804447.6
2023-03-09 20:00:00,0.3785,0.3786,0.3632,0.3705,850603766.5
2023-03-10 00:00:00,0.3704,0.3745,0.3647,0.3737,498464983.6
2023-03-10 04:00:00,0.3738,0.3749,0.3669,0.37,375876545.5
2023-03-10 08:00:00,0.37,0.3714,0.3566,0.3613,541146586.9
2023-03-10 12:00:00,0.3613,0.3724,0.3601,0.3687,624954626.2
2023-03-10 16:00:00,0.3687,0.3721,0.3637,0.3679,251629131.5
2023-03-10 20:00:00,0.3679,0.3721,0.3664,0.3697,185162298.1
2023-03-11 00:00:00,0.3698,0.3739,0.3679,0.3685,336492560.7
2023-03-11 04:00:00,0.3686,0.3694,0.3601,0.3623,287692631.9
2023-03-11 08:00:00,0.3623,0.3655,0.359,0.3614,293977715.2
2023-03-11 12:00:00,0.3614,0.3624,0.3587,0.3613,185444334.9
2023-03-11 16:00:00,0.3614,0.3632,0.3578,0.3618,242682447.2
2023-03-11 20:00:00,0.3617,0.3645,0.361,0.3635,143021330.1
2023-03-12 00:00:00,0.3636,0.3655,0.3617,0.3629,154289390.0
2023-03-12 04:00:00,0.3629,0.3634,0.3568,0.3594,137942384.4
2023-03-12 08:00:00,0.3593,0.361,0.3571,0.3601,159012234.7
2023-03-12 12:00:00,0.3602,0.3604,0.35,0.3521,372191211.7
2023-03-12 16:00:00,0.3521,0.362,0.347,0.3562,601717686.9
2023-03-12 20:00:00,0.3562,0.3712,0.3558,0.371,519759415.3
2023-03-13 00:00:00,0.3711,0.3759,0.3657,0.3662,443232447.1
2023-03-13 04:00:00,0.3662,0.3691,0.3657,0.3675,210306212.0
2023-03-13 08:00:00,0.3675,0.3678,0.3546,0.36,424545533.6
2023-03-13 12:00:00,0.36,0.3799,0.3565,0.3731,897393960.9
2023-03-13 16:00:00,0.3732,0.3756,0.3682,0.3714,330959145.2
2023-03-13 20:00:00,0.3714,0.3744,0.3692,0.3722,186656735.9
2023-03-14 00:00:00,0.3722,0.3723,0.3685,0.3707,204373792.2
2023-03-14 04:00:00,0.3708,0.373,0.3666,0.3677,239622774.2
2023-03-14 08:00:00,0.3676,0.3691,0.3645,0.3675,265896926.2
2023-03-14 12:00:00,0.3674,0.3873,0.3653,0.3846,897019493.1
2023-03-14 16:00:00,0.3845,0.3855,0.3694,0.3773,598037739.9
2023-03-14 20:00:00,0.3773,0.3787,0.366,0.3724,362388494.2
2023-03-15 00:00:00,0.3724,0.375,0.369,0.3742,241982332.6
2023-03-15 04:00:00,0.3741,0.3759,0.371,0.3741,159276777.5
2023-03-15 08:00:00,0.374,0.3741,0.3636,0.3682,308442243.3
2023-03-15 12:00:00,0.3683,0.3705,0.3583,0.3604,694641215.9
2023-03-15 16:00:00,0.3603,0.3629,0.3553,0.3609,431744647.6
2023-03-15 20:00:00,0.3609,0.3624,0.3577,0.3588,161621516.6
2023-03-16 00:00:00,0.3587,0.3629,0.3559,0.3619,237521914.2
2023-03-16 04:00:00,0.3619,0.3657,0.3611,0.3634,183290065.1
2023-03-16 08:00:00,0.3634,0.365,0.3601,0.3623,226034360.9
2023-03-16 12:00:00,0.3624,0.3643,0.3575,0.3628,291781499.6
2023-03-16 16:00:00,0.3628,0.3669,0.3618,0.3656,169410252.8
2023-03-16 20:00:00,0.3656,0.3657,0.3614,0.3644,123698548.7
2023-03-17 00:00:00,0.3644,0.369,0.3617,0.3686,227522811.6
2023-03-17 04:00:00,0.3685,0.3698,0.3663,0.3686,155600955.5
2023-03-17 08:00:00,0.3686,0.3773,0.3668,0.3768,294161171.6
2023-03-17 12:00:00,0.3768,0.3825,0.3676,0.3698,578934618.9
2023-03-17 16:00:00,0.3698,0.375,0.3683,0.3748,196311286.5
2023-03-17 20:00:00,0.3748,0.3809,0.3721,0.3799,258296298.1
2023-03-18 00:00:00,0.3798,0.3902,0.3758,0.3839,468336475.2
2023-03-18 04:00:00,0.3839,0.3856,0.3809,0.3814,154841592.4
2023-03-18 08:00:00,0.3815,0.3838,0.3763,0.383,215431326.4
2023-03-18 12:00:00,0.383,0.3836,0.3726,0.3767,326469076.6
2023-03-18 16:00:00,0.3768,0.3809,0.3686,0.379,375679659.5
2023-03-18 20:00:00,0.379,0.38,0.3719,0.3739,189741428.7
2023-03-19 00:00:00,0.3738,0.3776,0.3734,0.3772,138692799.2
2023-03-19 04:00:00,0.3772,0.3884,0.3751,0.3795,413143210.6
2023-03-19 08:00:00,0.3794,0.3968,0.3776,0.3935,665589842.0
2023-03-19 12:00:00,0.3935,0.4005,0.389,0.392,769617635.7
2023-03-19 16:00:00,0.392,0.3967,0.3903,0.3946,401188476.4
2023-03-19 20:00:00,0.3946,0.3973,0.3848,0.386,385459081.4
2023-03-20 00:00:00,0.386,0.3914,0.3801,0.3806,439812680.0
2023-03-20 04:00:00,0.3807,0.3839,0.3765,0.3833,301336189.2
2023-03-20 08:00:00,0.3834,0.3847,0.3785,0.3821,299063761.8
2023-03-20 12:00:00,0.382,0.3829,0.3774,0.379,277654216.3
2023-03-20 16:00:00,0.379,0.3801,0.3702,0.3745,391252807.5
2023-03-20 20:00:00,0.3746,0.3782,0.3718,0.3733,186345206.6
2023-03-21 00:00:00,0.3732,0.3838,0.3725,0.3814,348442936.2
2023-03-21 04:00:00,0.3814,0.3864,0.3776,0.3862,406912414.0
2023-03-21 08:00:00,0.3862,0.3932,0.3829,0.3908,588399982.4
2023-03-21 12:00:00,0.3909,0.4319,0.3892,0.4289,2778615731.4
2023-03-21 16:00:00,0.4288,0.4788,0.4265,0.4742,3340704453.5
2023-03-21 20:00:00,0.4743,0.4927,0.4549,0.4694,2607351268.5
2023-03-22 00:00:00,0.4695,0.4749,0.4515,0.4584,1476456994.3
2023-03-22 04:00:00,0.4584,0.471,0.4533,0.4554,1014248437.4
2023-03-22 08:00:00,0.4555,0.4588,0.4411,0.4428,1202481267.5
2023-03-22 12:00:00,0.4427,0.4536,0.4332,0.4351,1381462086.9
2023-03-22 16:00:00,0.4351,0.4463,0.4079,0.4113,1879890338.8
2023-03-22 20:00:00,0.4113,0.4255,0.4109,0.4212,784872215.2
2023-03-23 00:00:00,0.4211,0.4256,0.4111,0.4186,569500772.3
2023-03-23 04:00:00,0.4185,0.4541,0.4173,0.4467,953332908.6
2023-03-23 08:00:00,0.4466,0.4547,0.4373,0.4478,1062980827.7
2023-03-23 12:00:00,0.4477,0.4534,0.4334,0.4481,1309813205.4
2023-03-23 16:00:00,0.4481,0.4555,0.435,0.4434,905557986.7
2023-03-23 20:00:00,0.4434,0.4462,0.4375,0.4435,276167672.3
2023-03-24 00:00:00,0.4434,0.4438,0.4311,0.432,387317267.3
2023-03-24 04:00:00,0.4319,0.4376,0.4275,0.433,348561303.2
2023-03-24 08:00:00,0.433,0.4341,0.415,0.4219,575683103.2
2023-03-24 12:00:00,0.4218,0.4285,0.4211,0.4264,439002051.2
2023-03-24 16:00:00,0.4263,0.43,0.4133,0.4257,522358873.8
2023-03-24 20:00:00,0.4257,0.4268,0.4164,0.4256,290368451.2
2023-03-25 00:00:00,0.4255,0.4313,0.422,0.43,280323786.9
2023-03-25 04:00:00,0.43,0.4527,0.4284,0.445,1199874386.9
2023-03-25 08:00:00,0.4449,0.4485,0.4384,0.4469,569553777.2
2023-03-25 12:00:00,0.4468,0.463,0.4406,0.4583,1075184351.1
2023-03-25 16:00:00,0.4582,0.465,0.4477,0.4496,897484948.4
2023-03-25 20:00:00,0.4495,0.4555,0.4401,0.4427,556429816.0
2023-03-26 00:00:00,0.4427,0.4515,0.4402,0.4482,455910309.4
2023-03-26 04:00:00,0.4481,0.4594,0.4461,0.4563,480415550.0
2023-03-26 08:00:00,0.4562,0.463,0.4541,0.4575,572613215.1
2023-03-26 12:00:00,0.4576,0.4592,0.4444,0.4463,506814748.2
2023-03-26 16:00:00,0.4463,0.4492,0.4433,0.4476,268482240.6
2023-03-26 20:00:00,0.4476,0.4513,0.4414,0.4477,267734315.5
2023-03-27 00:00:00,0.4477,0.4568,0.4422,0.4535,556159356.9
2023-03-27 04:00:00,0.4536,0.46,0.4482,0.46,598840581.7
2023-03-27 08:00:00,0.46,0.4794,0.4599,0.4772,1200341809.4
2023-03-27 12:00:00,0.4773,0.4886,0.4534,0.4575,2373800832.4
2023-03-27 16:00:00,0.4576,0.4742,0.4551,0.4676,1044702427.1
2023-03-27 20:00:00,0.4676,0.4812,0.4656,0.4786,783233653.9
2023-03-28 00:00:00,0.4786,0.4836,0.466,0.473,1034544867.3
2023-03-28 04:00:00,0.473,0.4939,0.4716,0.4832,1185316692.5
2023-03-28 08:00:00,0.4832,0.4997,0.478,0.4969,1374282910.6
2023-03-28 12:00:00,0.4969,0.5059,0.4921,0.4976,1436950817.7
2023-03-28 16:00:00,0.4975,0.5317,0.4941,0.5199,1953047673.7
2023-03-28 20:00:00,0.5199,0.535,0.5118,0.5145,1164491750.3
2023-03-29 00:00:00,0.5145,0.5388,0.5144,0.5351,1099339335.9
2023-03-29 04:00:00,0.5351,0.5624,0.5317,0.5575,1356977194.2
2023-03-29 08:00:00,0.5576,0.5856,0.5541,0.5702,1941722652.8
2023-03-29 12:00:00,0.5702,0.5703,0.5351,0.5442,1810504277.4
2023-03-29 16:00:00,0.5441,0.5547,0.5361,0.5521,782421119.0
2023-03-29 20:00:00,0.5521,0.5567,0.5282,0.5421,753644429.0
2023-03-30 00:00:00,0.5421,0.5521,0.52,0.5333,1432207696.8
2023-03-30 04:00:00,0.5334,0.5423,0.5255,0.5374,749472685.0
2023-03-30 08:00:00,0.5374,0.5577,0.5274,0.549,975805097.7
2023-03-30 12:00:00,0.549,0.5498,0.5291,0.5324,806907415.8
2023-03-30 16:00:00,0.5324,0.5396,0.5255,0.5386,589134001.8
2023-03-30 20:00:00,0.5386,0.5421,0.5284,0.5316,342952551.3
2023-03-31 00:00:00,0.5317,0.5367,0.5274,0.5326,445072696.0
2023-03-31 04:00:00,0.5325,0.5487,0.5316,0.5337,737440030.7
2023-03-31 08:00:00,0.5336,0.5364,0.5251,0.5303,489246575.2
2023-03-31 12:00:00,0.5303,0.5363,0.5264,0.5301,523243623.0
2023-03-31 16:00:00,0.5301,0.536,0.5286,0.5353,323895893.9
2023-03-31 20:00:00,0.5354,0.5484,0.5324,0.5374,479634493.1
2023-04-01 00:00:00,0.5373,0.5375,0.5311,0.5318,265573979.5
2023-04-01 04:00:00,0.5317,0.534,0.5032,0.509,673347082.2
2023-04-01 08:00:00,0.509,0.5235,0.4968,0.5148,868370358.1
2023-04-01 12:00:00,0.5149,0.5178,0.5074,0.5112,420733308.1
2023-04-01 16:00:00,0.5113,0.5135,0.5025,0.5079,351652143.8
2023-04-01 20:00:00,0.5078,0.5116,0.5071,0.5092,181543729.3
2023-04-02 00:00:00,0.5092,0.5197,0.5009,0.5124,433483163.7
2023-04-02 04:00:00,0.5124,0.52,0.5108,0.5138,246657841.9
2023-04-02 08:00:00,0.5138,0.5177,0.5119,0.5144,198082181.6
2023-04-02 12:00:00,0.5144,0.5273,0.5067,0.5216,917468776.3
2023-04-02 16:00:00,0.5215,0.5288,0.5158,0.5192,482943834.8
2023-04-02 20:00:00,0.5191,0.5215,0.5152,0.5177,246165699.0
2023-04-03 00:00:00,0.5176,0.5246,0.5026,0.5119,547817159.3
2023-04-03 04:00:00,0.512,0.514,0.5056,0.5135,223158864.4
2023-04-03 08:00:00,0.5135,0.5185,0.5122,0.5148,251971768.4
2023-04-03 12:00:00,0.5147,0.5164,0.5053,0.5083,318003324.4
2023-04-03 16:00:00,0.5084,0.5149,0.5032,0.5094,355392516.8
2023-04-03 20:00:00,0.5094,0.5099,0.4815,0.4957,645514383.4
2023-04-04 00:00:00,0.4957,0.4978,0.487,0.4948,296446716.8
2023-04-04 04:00:00,0.4949,0.5018,0.4936,0.4962,207804179.2
2023-04-04 08:00:00,0.4962,0.5013,0.4933,0.4983,241138975.6
2023-04-04 12:00:00,0.4983,0.5049,0.4956,0.4978,313054502.7
2023-04-04 16:00:00,0.4978,0.5062,0.4957,0.5045,188418225.4
2023-04-04 20:00:00,0.5045,0.5076,0.5002,0.5026,156846471.4
2023-04-05 00:00:00,0.5025,0.5073,0.4982,0.5058,225646344.0
2023-04-05 04:00:00,0.5059,0.5267,0.5036,0.5222,433049995.1
2023-04-05 08:00:00,0.5222,0.5249,0.5128,0.5149,290527072.6
2023-04-05 12:00:00,0.515,0.5161,0.5002,0.5028,433492296.0
2023-04-05 16:00:00,0.5029,0.509,0.4983,0.5073,257178706.3
2023-04-05 20:00:00,0.5073,0.5087,0.5032,0.5052,123811771.5
2023-04-06 00:00:00,0.5053,0.5054,0.4935,0.5024,233865463.6
2023-04-06 04:00:00,0.5024,0.505,0.4968,0.4975,153109986.3
2023-04-06 08:00:00,0.4976,0.5005,0.49,0.4989,209894677.5
2023-04-06 12:00:00,0.4988,0.5075,0.4954,0.506,269640346.5
2023-04-06 16:00:00,0.506,0.5096,0.5035,0.5068,209620022.2
2023-04-06 20:00:00,0.5068,0.5084,0.5004,0.5027,158348120.5
2023-04-07 00:00:00,0.5026,0.5038,0.4966,0.5016,139068029.3
2023-04-07 04:00:00,0.5015,0.515,0.4998,0.5072,418359357.9
2023-04-07 08:00:00,0.5071,0.5132,0.5023,0.5039,388900416.3
2023-04-07 12:00:00,0.5037,0.5085,0.5029,0.5077,196602821.5
2023-04-07 16:00:00,0.5077,0.5137,0.5048,0.5118,232320304.6
2023-04-07 20:00:00,0.5119,0.5144,0.5092,0.5123,154851522.1
2023-04-08 00:00:00,0.5124,0.5128,0.5065,0.5115,179553433.8
2023-04-08 04:00:00,0.5115,0.5128,0.5096,0.5103,118358899.1
2023-04-08 08:00:00,0.5103,0.5115,0.5085,0.51,93718935.7
2023-04-08 12:00:00,0.5101,0.5104,0.5076,0.5089,87425621.3
2023-04-08 16:00:00,0.5088,0.5098,0.5015,0.5055,143879168.1
2023-04-08 20:00:00,0.5055,0.5068,0.5022,0.5045,91172603.2
2023-04-09 00:00:00,0.5044,0.509,0.5041,0.506,81149896.9
2023-04-09 04:00:00,0.506,0.5078,0.501,0.5027,117707020.3
2023-04-09 08:00:00,0.5027,0.5039,0.5017,0.5031,75108947.2
2023-04-09 12:00:00,0.5032,0.5052,0.4975,0.5017,144995980.3
2023-04-09 16:00:00,0.5016,0.5068,0.4997,0.5052,113118009.9
2023-04-09 20:00:00,0.5053,0.5082,0.5034,0.505,106140341.9
2023-04-10 00:00:00,0.505,0.5071,0.4992,0.5039,150501245.9
2023-04-10 04:00:00,0.5039,0.5056,0.5021,0.5055,61105396.4
2023-04-10 08:00:00,0.5056,0.5064,0.5027,0.5044,97716483.8
2023-04-10 12:00:00,0.5043,0.5057,0.5012,0.5042,120665872.5
2023-04-10 16:00:00,0.5041,0.513,0.5029,0.5125,240603391.8
2023-04-10 20:00:00,0.5125,0.5197,0.5102,0.5173,190909998.0
2023-04-11 00:00:00,0.5173,0.5178,0.5117,0.5155,228047846.0
2023-04-11 04:00:00,0.5155,0.5284,0.5141,0.523,336239607.4
2023-04-11 08:00:00,0.5229,0.5236,0.518,0.5203,176133156.4
2023-04-11 12:00:00,0.5203,0.5241,0.5167,0.519,255016332.8
2023-04-11 16:00:00,0.519,0.5192,0.5107,0.5159,245794883.1
2023-04-11 20:00:00,0.5159,0.518,0.5143,0.5163,106175228.5
2023-04-12 00:00:00,0.5164,0.5177,0.5016,0.5076,310064221.7
2023-04-12 04:00:00,0.5075,0.5099,0.5057,0.5063,145644689.6
2023-04-12 08:00:00,0.5063,0.5063,0.5001,0.5024,205397753.6
2023-04-12 12:00:00,0.5025,0.5091,0.4977,0.5021,363838855.1
2023-04-12 16:00:00,0.5022,0.5046,0.4992,0.5023,144130329.6
2023-04-12 20:00:00,0.5023,0.5062,0.5016,0.5046,109517360.6
2023-04-13 00:00:00,0.5045,0.5064,0.5012,0.5048,119891120.2
2023-04-13 04:00:00,0.5047,0.5073,0.5038,0.5068,106784572.6
2023-04-13 08:00:00,0.5068,0.5137,0.5062,0.5083,266867562.4
2023-04-13 12:00:00,0.5084,0.5115,0.5072,0.5095,197885313.3
2023-04-13 16:00:00,0.5096,0.5133,0.5075,0.512,141428304.4
2023-04-13 20:00:00,0.512,0.5157,0.5105,0.5121,163159571.9
2023-04-14 00:00:00,0.5121,0.5241,0.511,0.5211,340622716.5
2023-04-14 04:00:00,0.5212,0.5472,0.5211,0.5282,639621382.9
2023-04-14 08:00:00,0.5283,0.5354,0.5252,0.5325,252123436.7
2023-04-14 12:00:00,0.5325,0.5338,0.5138,0.5148,466112342.5
2023-04-14 16:00:00,0.5149,0.5234,0.5117,0.5234,216189612.9
2023-04-14 20:00:00,0.5234,0.528,0.5217,0.5227,152404789.4
2023-04-15 00:00:00,0.5228,0.5241,0.5156,0.5193,158300336.4
2023-04-15 04:00:00,0.5193,0.523,0.5175,0.5217,96115035.3
2023-04-15 08:00:00,0.5217,0.5262,0.5199,0.5235,117341577.8
2023-04-15 12:00:00,0.5235,0.5255,0.5204,0.5214,123935480.3
2023-04-15 16:00:00,0.5213,0.5227,0.5165,0.5197,126371665.2
2023-04-15 20:00:00,0.5197,0.5214,0.5169,0.5195,75836132.9
2023-04-16 00:00:00,0.5195,0.5243,0.5152,0.5165,146241473.9
2023-04-16 04:00:00,0.5166,0.5204,0.5157,0.5199,72991832.3
2023-04-16 08:00:00,0.5198,0.5216,0.5172,0.5174,97565610.8
2023-04-16 12:00:00,0.5174,0.5212,0.5171,0.52,106601880.7
2023-04-16 16:00:00,0.5201,0.5248,0.5187,0.5211,126013912.9
2023-04-16 20:00:00,0.5211,0.5235,0.5177,0.5207,119608275.5
2023-04-17 00:00:00,0.5208,0.521,0.5074,0.5132,295486367.0
2023-04-17 04:00:00,0.5131,0.5159,0.5105,0.5128,139826835.7
2023-04-17 08:00:00,0.5128,0.5151,0.5107,0.5128,145771830.7
2023-04-17 12:00:00,0.5127,0.5143,0.5063,0.5079,228629042.4
2023-04-17 16:00:00,0.5079,0.5119,0.5072,0.5101,119152082.4
2023-04-17 20:00:00,0.5102,0.5128,0.5092,0.5108,81540062.4
2023-04-18 00:00:00,0.5109,0.5133,0.509,0.5126,132660995.0
2023-04-18 04:00:00,0.5125,0.5187,0.5121,0.5159,159794620.2
2023-04-18 08:00:00,0.5158,0.5211,0.5132,0.5203,161922997.2
2023-04-18 12:00:00,0.5203,0.5268,0.5172,0.5204,313039456.0
2023-04-18 16:00:00,0.5204,0.5223,0.5157,0.5215,157792124.4
2023-04-18 20:00:00,0.5215,0.5394,0.52,0.5327,319734317.2
2023-04-19 00:00:00,0.5327,0.5378,0.5241,0.5265,233205523.9
2023-04-19 04:00:00,0.5265,0.5335,0.5204,0.5219,246593183.4
2023-04-19 08:00:00,0.5219,0.5224,0.4595,0.4971,831749443.9
2023-04-19 12:00:00,0.497,0.5017,0.4942,0.4965,259935687.8
2023-04-19 16:00:00,0.4965,0.4992,0.4909,0.4944,203657963.9
2023-04-19 20:00:00,0.4944,0.4965,0.4837,0.4908,277018670.1
2023-04-20 00:00:00,0.4908,0.4954,0.486,0.4941,188576276.1
2023-04-20 04:00:00,0.4941,0.499,0.4917,0.4923,148440424.1
2023-04-20 08:00:00,0.4924,0.4958,0.487,0.488,191806400.3
2023-04-20 12:00:00,0.488,0.4939,0.4801,0.4808,270001535.8
2023-04-20 16:00:00,0.4808,0.4809,0.4639,0.4704,431428103.8
2023-04-20 20:00:00,0.4704,0.4751,0.4678,0.4747,153334468.4
2023-04-21 00:00:00,0.4746,0.4771,0.4688,0.4759,162877230.1
2023-04-21 04:00:00,0.4759,0.4789,0.4657,0.4715,265255050.0
2023-04-21 08:00:00,0.4715,0.4735,0.4643,0.4669,170617685.1
2023-04-21 12:00:00,0.467,0.47,0.4576,0.4606,289219687.7
2023-04-21 16:00:00,0.4606,0.4632,0.4394,0.4442,488642882.1
2023-04-21 20:00:00,0.4442,0.4491,0.4395,0.4485,258490626.2
2023-04-22 00:00:00,0.4484,0.4518,0.4452,0.4512,134773229.6
2023-04-22 04:00:00,0.4512,0.4553,0.449,0.4504,109476922.2
2023-04-22 08:00:00,0.4504,0.455,0.4498,0.4536,118637420.2
2023-04-22 12:00:00,0.4537,0.4759,0.4531,0.4674,520007540.0
2023-04-22 16:00:00,0.4675,0.4749,0.4667,0.4692,245606301.0
2023-04-22 20:00:00,0.4692,0.4734,0.4677,0.4717,153253548.3
2023-04-23 00:00:00,0.4716,0.4717,0.4605,0.4669,215752274.6
2023-04-23 04:00:00,0.4668,0.4717,0.466,0.4715,114857715.1
2023-04-23 08:00:00,0.4714,0.4716,0.4646,0.4688,144059726.3
2023-04-23 12:00:00,0.4688,0.4699,0.4552,0.4606,236270208.0
2023-04-23 16:00:00,0.4606,0.4641,0.4517,0.4601,249429944.0
2023-04-23 20:00:00,0.4601,0.4652,0.4583,0.4642,151616670.6
2023-04-24 00:00:00,0.4643,0.4855,0.4622,0.4712,480644814.0
2023-04-24 04:00:00,0.4711,0.4733,0.4596,0.4607,287954070.6
2023-04-24 08:00:00,0.4606,0.4666,0.4554,0.4652,264564796.5
2023-04-24 12:00:00,0.4652,0.4668,0.4568,0.4576,288212372.7
2023-04-24 16:00:00,0.4575,0.4603,0.4457,0.46,312514891.4
2023-04-24 20:00:00,0.46,0.4632,0.4583,0.4606,128188289.5
2023-04-25 00:00:00,0.4606,0.4626,0.4563,0.459,204878276.2
2023-04-25 04:00:00,0.459,0.4617,0.4531,0.4548,179257520.6
2023-04-25 08:00:00,0.4547,0.4574,0.4504,0.4564,201798872.7
2023-04-25 12:00:00,0.4564,0.4583,0.4513,0.4539,195718092.6
2023-04-25 16:00:00,0.454,0.464,0.4529,0.4632,222546741.3
2023-04-25 20:00:00,0.4632,0.4719,0.4632,0.4694,206639289.3
2023-04-26 00:00:00,0.4694,0.4712,0.4654,0.4666,148403739.0
2023-04-26 04:00:00,0.4665,0.4716,0.4659,0.4674,166329359.1
2023-04-26 08:00:00,0.4674,0.4748,0.4671,0.4728,280884356.9
2023-04-26 12:00:00,0.4729,0.4829,0.4726,0.4774,384159680.1
2023-04-26 16:00:00,0.4774,0.4783,0.4402,0.4481,537676050.2
2023-04-26 20:00:00,0.448,0.4618,0.4308,0.4611,525526227.8
2023-04-27 00:00:00,0.4612,0.4698,0.4583,0.4619,351433513.7
2023-04-27 04:00:00,0.462,0.4656,0.4568,0.4603,182860705.3
2023-04-27 08:00:00,0.4604,0.4616,0.4558,0.4592,195815250.5
2023-04-27 12:00:00,0.4592,0.464,0.455,0.46,284524995.4
2023-04-27 16:00:00,0.46,0.469,0.4577,0.4665,222850827.2
2023-04-27 20:00:00,0.4665,0.4679,0.4617,0.4662,153076244.9
2023-04-28 00:00:00,0.4663,0.4679,0.4632,0.4674,147859160.4
2023-04-28 04:00:00,0.4674,0.4831,0.4673,0.4759,435121080.8
2023-04-28 08:00:00,0.4759,0.4763,0.4683,0.4703,217365594.7
2023-04-28 12:00:00,0.4704,0.4741,0.4643,0.4694,277123677.9
2023-04-28 16:00:00,0.4694,0.4778,0.4679,0.4748,190002077.5
2023-04-28 20:00:00,0.4748,0.4818,0.4747,0.4794,188934169.0
2023-04-29 00:00:00,0.4793,0.4868,0.477,0.4804,291511871.2
2023-04-29 04:00:00,0.4805,0.4816,0.4774,0.478,100855754.9
2023-04-29 08:00:00,0.4781,0.4826,0.4757,0.4804,131912912.4
2023-04-29 12:00:00,0.4805,0.4818,0.477,0.4781,140783734.3
2023-04-29 16:00:00,0.4782,0.4794,0.4701,0.4783,158404565.4
2023-04-29 20:00:00,0.4782,0.4791,0.4759,0.4777,67820511.8
2023-04-30 00:00:00,0.4778,0.4778,0.4733,0.4742,91332837.7
2023-04-30 04:00:00,0.4742,0.4776,0.4738,0.4756,59999451.4
2023-04-30 08:00:00,0.4756,0.4772,0.4739,0.4748,80184029.6
2023-04-30 12:00:00,0.4749,0.4819,0.4742,0.4788,169541973.4
2023-04-30 16:00:00,0.4788,0.4812,0.4731,0.4754,172466831.8
2023-04-30 20:00:00,0.4754,0.4754,0.4682,0.4703,161985518.7
2023-05-01 00:00:00,0.4703,0.4722,0.458,0.4645,282611078.9
2023-05-01 04:00:00,0.4645,0.4653,0.4616,0.463,109666718.3
2023-05-01 08:00:00,0.463,0.4654,0.4622,0.4647,75485415.7
2023-05-01 12:00:00,0.4648,0.4671,0.4576,0.46,208926919.5
2023-05-01 16:00:00,0.4599,0.4613,0.4537,0.4595,230697707.2
2023-05-01 20:00:00,0.4594,0.4648,0.459,0.4647,142069578.7
2023-05-02 00:00:00,0.4646,0.465,0.4586,0.4635,173723476.7
2023-05-02 04:00:00,0.4635,0.4654,0.4616,0.4633,112661188.5
2023-05-02 08:00:00,0.4633,0.4646,0.4597,0.4605,120598065.9
2023-05-02 12:00:00,0.4606,0.4645,0.458,0.4622,261741268.1
2023-05-02 16:00:00,0.4621,0.4647,0.4574,0.463,152235103.4
2023-05-02 20:00:00,0.463,0.4661,0.4629,0.464,97679525.9
2023-05-03 00:00:00,0.4641,0.4648,0.4592,0.4618,118685227.9
2023-05-03 04:00:00,0.4618,0.462,0.4547,0.458,204958644.6
2023-05-03 08:00:00,0.458,0.4604,0.4545,0.455,147762436.5
2023-05-03 12:00:00,0.4549,0.4552,0.4494,0.4527,239248109.2
2023-05-03 16:00:00,0.4527,0.4578,0.4501,0.4546,332806092.3
2023-05-03 20:00:00,0.4545,0.4653,0.4542,0.463,208783371.0
2023-05-04 00:00:00,0.463,0.4642,0.4596,0.4638,130177055.9
2023-05-04 04:00:00,0.4639,0.4648,0.4607,0.4613,101743469.1
2023-05-04 08:00:00,0.4613,0.462,0.4585,0.46,138153695.9
2023-05-04 12:00:00,0.46,0.4609,0.4557,0.4558,185571587.9
2023-05-04 16:00:00,0.4557,0.4592,0.4545,0.4587,128455532.3
2023-05-04 20:00:00,0.4588,0.4613,0.4581,0.4606,71782298.6
2023-05-05 00:00:00,0.4606,0.4649,0.4603,0.4635,141786943.9
2023-05-05 04:00:00,0.4635,0.4647,0.4599,0.4606,161568280.0
2023-05-05 08:00:00,0.4605,0.4619,0.458,0.4609,130317332.1
2023-05-05 12:00:00,0.4609,0.4634,0.4529,0.4626,267012645.3
2023-05-05 16:00:00,0.4625,0.4708,0.4623,0.4669,339496972.3
2023-05-05 20:00:00,0.4668,0.4679,0.4657,0.4668,76468129.8
2023-05-06 00:00:00,0.4667,0.4692,0.4622,0.4629,122040129.4
2023-05-06 04:00:00,0.463,0.4644,0.4613,0.4618,80105481.7
2023-05-06 08:00:00,0.4618,0.4619,0.4585,0.4615,111588733.0
2023-05-06 12:00:00,0.4614,0.4616,0.4509,0.4539,247485563.3
2023-05-06 16:00:00,0.4539,0.4593,0.4533,0.4572,91477462.7
2023-05-06 20:00:00,0.4572,0.4587,0.4549,0.4579,53476351.3
2023-05-07 00:00:00,0.458,0.4599,0.4539,0.4552,94055082.4
2023-05-07 04:00:00,0.4552,0.458,0.4552,0.4575,38043597.7
2023-05-07 08:00:00,0.4574,0.458,0.456,0.4571,45757613.9
2023-05-07 12:00:00,0.4571,0.4597,0.457,0.4578,87481874.9
2023-05-07 16:00:00,0.4578,0.4589,0.4543,0.4553,80813420.8
2023-05-07 20:00:00,0.4553,0.4569,0.4451,0.4487,167764594.6
2023-05-08 00:00:00,0.4486,0.4509,0.4208,0.4379,383459776.1
2023-05-08 04:00:00,0.4378,0.4406,0.4324,0.4353,159749394.6
2023-05-08 08:00:00,0.4354,0.4371,0.4311,0.4364,174709860.4
2023-05-08 12:00:00,0.4364,0.4372,0.4324,0.4332,151621844.3
2023-05-08 16:00:00,0.4332,0.4337,0.4067,0.4198,423960388.5
2023-05-08 20:00:00,0.4198,0.4291,0.4192,0.4279,143789179.3
2023-05-09 00:00:00,0.4279,0.4287,0.4222,0.4235,159421572.1
2023-05-09 04:00:00,0.4235,0.4272,0.4202,0.4256,136676776.3
2023-05-09 08:00:00,0.4256,0.4257,0.4201,0.424,174700734.2
2023-05-09 12:00:00,0.424,0.4267,0.4207,0.4216,161354364.9
2023-05-09 16:00:00,0.4216,0.4256,0.4209,0.4249,123085547.4
2023-05-09 20:00:00,0.4248,0.4303,0.4238,0.4284,128124907.2
2023-05-10 00:00:00,0.4283,0.4335,0.427,0.4283,177853844.8
2023-05-10 04:00:00,0.4284,0.4314,0.4255,0.4256,144841594.2
2023-05-10 08:00:00,0.4256,0.4267,0.4229,0.4256,128300230.6
2023-05-10 12:00:00,0.4257,0.4331,0.423,0.4295,281936417.7
2023-05-10 16:00:00,0.4294,0.4308,0.4105,0.4296,392726489.1
2023-05-10 20:00:00,0.4296,0.4339,0.4268,0.4298,192055493.0
2023-05-11 00:00:00,0.4298,0.4302,0.4255,0.4281,149875630.7
2023-05-11 04:00:00,0.4281,0.4291,0.4234,0.4252,131643498.3
2023-05-11 08:00:00,0.4251,0.4254,0.421,0.4247,156352808.3
2023-05-11 12:00:00,0.4247,0.4274,0.4161,0.4193,297259074.5
2023-05-11 16:00:00,0.4193,0.4204,0.4112,0.4156,241183154.8
2023-05-11 20:00:00,0.4156,0.4221,0.4151,0.4204,130039641.6
2023-05-12 00:00:00,0.4204,0.4227,0.4158,0.417,207267372.9
2023-05-12 04:00:00,0.417,0.4442,0.4162,0.4238,826789311.0
2023-05-12 08:00:00,0.4238,0.4325,0.4236,0.4277,218411374.4
2023-05-12 12:00:00,0.4278,0.4304,0.4238,0.4239,189602873.6
2023-05-12 16:00:00,0.424,0.4253,0.4153,0.4244,266705580.5
2023-05-12 20:00:00,0.4244,0.4316,0.423,0.4303,183647658.9
2023-05-13 00:00:00,0.4303,0.4304,0.4256,0.4262,100968635.2
2023-05-13 04:00:00,0.4261,0.4273,0.4245,0.4266,73890136.5
2023-05-13 08:00:00,0.4266,0.4278,0.4253,0.4261,75963524.2
2023-05-13 12:00:00,0.4262,0.4269,0.4221,0.4252,106967527.8
2023-05-13 16:00:00,0.4252,0.4275,0.4236,0.4251,84461583.0
2023-05-13 20:00:00,0.4251,0.4253,0.4233,0.4238,61048068.7
2023-05-14 00:00:00,0.4238,0.4273,0.4203,0.426,138813017.1
2023-05-14 04:00:00,0.426,0.4272,0.4248,0.4253,60770352.0
2023-05-14 08:00:00,0.4254,0.4264,0.4248,0.426,45362616.7
2023-05-14 12:00:00,0.4261,0.4315,0.4252,0.4291,123786108.8
2023-05-14 16:00:00,0.4291,0.4294,0.4227,0.4243,123393706.4
2023-05-14 20:00:00,0.4242,0.4265,0.4235,0.425,54078737.7
2023-05-15 00:00:00,0.425,0.4289,0.421,0.4276,228630013.2
2023-05-15 04:00:00,0.4277,0.43,0.4245,0.4251,187914501.0
2023-05-15 08:00:00,0.4252,0.4289,0.424,0.4252,125640644.4
2023-05-15 12:00:00,0.4251,0.4271,0.4231,0.4257,120249499.5
2023-05-15 16:00:00,0.4258,0.4284,0.424,0.428,106859995.8
2023-05-15 20:00:00,0.428,0.4288,0.4251,0.427,86931383.8
2023-05-16 00:00:00,0.4269,0.4279,0.4195,0.4239,247153405.4
2023-05-16 04:00:00,0.424,0.4262,0.422,0.4259,95206213.9
2023-05-16 08:00:00,0.4258,0.4259,0.4201,0.4216,153811416.2
2023-05-16 12:00:00,0.4216,0.4227,0.4168,0.422,164668347.4
2023-05-16 16:00:00,0.422,0.425,0.4206,0.4224,102564532.3
2023-05-16 20:00:00,0.4225,0.4429,0.4218,0.4424,539140519.9
2023-05-17 00:00:00,0.4424,0.4613,0.4396,0.4589,771184431.2
2023-05-17 04:00:00,0.4589,0.4602,0.4446,0.449,462225303.7
2023-05-17 08:00:00,0.449,0.4492,0.4412,0.4448,444325370.4
2023-05-17 12:00:00,0.4449,0.45,0.4373,0.4407,447332288.1
2023-05-17 16:00:00,0.4406,0.4502,0.438,0.4476,315237599.2
2023-05-17 20:00:00,0.4475,0.4493,0.4442,0.4482,177239173.0
2023-05-18 00:00:00,0.4481,0.4484,0.4428,0.4474,153553670.4
2023-05-18 04:00:00,0.4475,0.4505,0.4439,0.4478,209043324.0
2023-05-18 08:00:00,0.4477,0.4729,0.4445,0.4651,877686967.9
2023-05-18 12:00:00,0.4652,0.4695,0.4585,0.4604,439162478.4
2023-05-18 16:00:00,0.4605,0.4632,0.4482,0.457,425910197.9
2023-05-18 20:00:00,0.4571,0.4654,0.4557,0.4595,283388673.1
2023-05-19 00:00:00,0.4595,0.468,0.457,0.4662,348767067.0
2023-05-19 04:00:00,0.4663,0.4679,0.4591,0.4596,283743911.2
2023-05-19 08:00:00,0.4597,0.4658,0.459,0.4628,245601478.3
2023-05-19 12:00:00,0.4629,0.4757,0.46,0.4653,683390864.3
2023-05-19 16:00:00,0.4654,0.4696,0.463,0.4654,248865591.2
2023-05-19 20:00:00,0.4654,0.4685,0.4641,0.4671,121202417.2
2023-05-20 00:00:00,0.4671,0.4683,0.4628,0.4641,134122091.0
2023-05-20 04:00:00,0.4642,0.4652,0.4614,0.4642,134904906.1
2023-05-20 08:00:00,0.4642,0.4694,0.4632,0.4669,132494410.7
2023-05-20 12:00:00,0.4668,0.468,0.4651,0.4662,131530770.2
2023-05-20 16:00:00,0.4663,0.4691,0.4651,0.4675,122472575.8
2023-05-20 20:00:00,0.4676,0.472,0.4664,0.4684,106291924.7
2023-05-21 00:00:00,0.4684,0.4704,0.4673,0.4673,87842098.6
2023-05-21 04:00:00,0.4674,0.4704,0.4673,0.469,81923891.7
2023-05-21 08:00:00,0.4691,0.4695,0.464,0.4653,147369380.7
2023-05-21 12:00:00,0.4653,0.4663,0.455,0.4593,238721903.1
2023-05-21 16:00:00,0.4593,0.4594,0.4546,0.4584,168498171.9
2023-05-21 20:00:00,0.4584,0.4629,0.4556,0.4572,149671733.1
2023-05-22 00:00:00,0.4571,0.4598,0.4491,0.4555,254839837.0
2023-05-22 04:00:00,0.4555,0.4672,0.4555,0.4608,247678930.5
2023-05-22 08:00:00,0.4609,0.4629,0.4576,0.4617,144643796.2
2023-05-22 12:00:00,0.4617,0.4637,0.4562,0.4567,196655637.5
2023-05-22 16:00:00,0.4568,0.4607,0.4523,0.4602,178561785.9
2023-05-22 20:00:00,0.4603,0.4622,0.4593,0.4614,90959801.9
2023-05-23 00:00:00,0.4614,0.4668,0.46,0.4648,226388483.1
2023-05-23 04:00:00,0.4648,0.4671,0.461,0.4621,161999760.0
2023-05-23 08:00:00,0.4622,0.4622,0.4592,0.4606,122565263.9
2023-05-23 12:00:00,0.4607,0.4619,0.458,0.4605,111012312.1
2023-05-23 16:00:00,0.4605,0.463,0.4586,0.4629,94784835.1
2023-05-23 20:00:00,0.4629,0.4654,0.462,0.4649,118900742.7
2023-05-24 00:00:00,0.4649,0.4649,0.4541,0.4575,237174800.3
2023-05-24 04:00:00,0.4575,0.4608,0.4563,0.4568,166724742.9
2023-05-24 08:00:00,0.4567,0.4575,0.4529,0.4563,167953974.0
2023-05-24 12:00:00,0.4564,0.457,0.4406,0.4505,312485963.1
2023-05-24 16:00:00,0.4506,0.4537,0.4454,0.4525,160810136.7
2023-05-24 20:00:00,0.4525,0.4545,0.4516,0.4528,90157414.0
2023-05-25 00:00:00,0.4528,0.4538,0.4425,0.4527,207232287.9
2023-05-25 04:00:00,0.4527,0.4541,0.4488,0.4496,111623354.3
2023-05-25 08:00:00,0.4496,0.4519,0.447,0.4518,113461345.0
2023-05-25 12:00:00,0.4517,0.4553,0.4473,0.4476,162027731.5
2023-05-25 16:00:00,0.4477,0.454,0.4458,0.4514,170935111.8
2023-05-25 20:00:00,0.4514,0.4546,0.4511,0.4535,81368978.8
2023-05-26 00:00:00,0.4535,0.4678,0.4521,0.4644,402771693.8
2023-05-26 04:00:00,0.4643,0.466,0.46,0.4609,185655884.7
2023-05-26 08:00:00,0.4608,0.4671,0.4604,0.4658,185779445.6
2023-05-26 12:00:00,0.4658,0.4684,0.4629,0.4629,257869215.5
2023-05-26 16:00:00,0.463,0.4667,0.4601,0.4656,178517926.1
2023-05-26 20:00:00,0.4656,0.4698,0.4652,0.4681,155803678.5
2023-05-27 00:00:00,0.4681,0.475,0.4654,0.4736,168468217.9
2023-05-27 04:00:00,0.4735,0.4792,0.4644,0.4737,419780912.4
2023-05-27 08:00:00,0.4737,0.4741,0.4701,0.4719,102676754.3
2023-05-27 12:00:00,0.4718,0.4733,0.4664,0.4706,127123457.2
2023-05-27 16:00:00,0.4706,0.4716,0.4682,0.4705,77431936.5
2023-05-27 20:00:00,0.4705,0.4723,0.4693,0.4712,69559503.6
2023-05-28 00:00:00,0.4712,0.474,0.4695,0.473,118364365.4
2023-05-28 04:00:00,0.4731,0.4739,0.4704,0.4727,69996564.9
2023-05-28 08:00:00,0.4728,0.4743,0.471,0.4723,85528656.0
2023-05-28 12:00:00,0.4724,0.473,0.4711,0.4721,72192956.0
2023-05-28 16:00:00,0.4721,0.4804,0.4713,0.4769,219392193.1
2023-05-28 20:00:00,0.4768,0.4864,0.4766,0.482,236853504.7
2023-05-29 00:00:00,0.482,0.4855,0.4801,0.4807,159304326.2
2023-05-29 04:00:00,0.4808,0.4831,0.4771,0.4804,164314382.6
2023-05-29 08:00:00,0.4804,0.4806,0.4772,0.4804,146533309.9
2023-05-29 12:00:00,0.4804,0.4828,0.4781,0.4787,154809693.9
2023-05-29 16:00:00,0.4786,0.4943,0.4755,0.4845,556183493.7
2023-05-29 20:00:00,0.4844,0.4954,0.4836,0.4942,325036589.6
2023-05-30 00:00:00,0.4941,0.4988,0.4893,0.4969,290678385.3
2023-05-30 04:00:00,0.497,0.5048,0.4956,0.5009,437265642.6
2023-05-30 08:00:00,0.501,0.5058,0.4983,0.5023,297768709.0
2023-05-30 12:00:00,0.5022,0.5093,0.4933,0.5044,410511475.9
2023-05-30 16:00:00,0.5044,0.5258,0.5021,0.5198,1109970957.7
2023-05-30 20:00:00,0.5199,0.5292,0.5043,0.5202,567425945.2
2023-05-31 00:00:00,0.5201,0.5278,0.5161,0.5273,360402099.1
2023-05-31 04:00:00,0.5272,0.5275,0.5078,0.5089,538255601.9
2023-05-31 08:00:00,0.509,0.5136,0.5009,0.511,444354109.1
2023-05-31 12:00:00,0.511,0.514,0.5011,0.5047,438221303.7
2023-05-31 16:00:00,0.5047,0.5162,0.5005,0.5138,292850362.3
2023-05-31 20:00:00,0.5138,0.5199,0.5112,0.5166,241279681.3
2023-06-01 00:00:00,0.5166,0.5168,0.5023,0.5081,340074044.8
2023-06-01 04:00:00,0.5081,0.509,0.5021,0.5044,185273646.1
2023-06-01 08:00:00,0.5044,0.5076,0.5027,0.5053,157886851.7
2023-06-01 12:00:00,0.5052,0.5083,0.5011,0.5051,202742493.0
2023-06-01 16:00:00,0.5051,0.5094,0.5029,0.5073,240064936.4
2023-06-01 20:00:00,0.5073,0.5097,0.5048,0.5061,124953872.6
2023-06-02 00:00:00,0.5062,0.5167,0.503,0.5155,291646285.8
2023-06-02 04:00:00,0.5156,0.5195,0.5138,0.5153,211816663.8
2023-06-02 08:00:00,0.5153,0.5161,0.5131,0.5146,119751562.3
2023-06-02 12:00:00,0.5145,0.5195,0.51,0.5187,286760627.7
2023-06-02 16:00:00,0.5188,0.527,0.5162,0.5264,261001968.3
2023-06-02 20:00:00,0.5264,0.5265,0.5217,0.5241,127091906.6
2023-06-03 00:00:00,0.5241,0.5247,0.519,0.5233,105383106.9
2023-06-03 04:00:00,0.5233,0.5343,0.5212,0.5241,267631794.5
2023-06-03 08:00:00,0.5242,0.5252,0.5212,0.5226,96788904.0
2023-06-03 12:00:00,0.5226,0.5229,0.517,0.5214,171036077.6
2023-06-03 16:00:00,0.5214,0.523,0.514,0.5198,178408459.6
2023-06-03 20:00:00,0.5199,0.5218,0.5181,0.5186,74740627.2
2023-06-04 00:00:00,0.5186,0.5235,0.5147,0.5215,117246460.4
2023-06-04 04:00:00,0.5215,0.5258,0.5192,0.525,97359758.9
2023-06-04 08:00:00,0.525,0.5268,0.5231,0.5244,110834226.5
2023-06-04 12:00:00,0.5243,0.5381,0.5233,0.5357,310537087.3
2023-06-04 16:00:00,0.5357,0.5399,0.5317,0.5381,229361701.2
2023-06-04 20:00:00,0.5382,0.5468,0.5331,0.5354,421911152.8
2023-06-05 00:00:00,0.5353,0.5429,0.5273,0.5303,348954248.3
2023-06-05 04:00:00,0.5303,0.541,0.5295,0.5341,272302715.1
2023-06-05 08:00:00,0.534,0.5374,0.5301,0.5342,202959230.3
2023-06-05 12:00:00,0.5343,0.539,0.5015,0.5039,727274833.5
2023-06-05 16:00:00,0.5038,0.5114,0.4816,0.5042,880071777.2
2023-06-05 20:00:00,0.5041,0.5122,0.4954,0.5085,292791661.8
2023-06-06 00:00:00,0.5086,0.5114,0.502,0.506,209137523.9
2023-06-06 04:00:00,0.506,0.5136,0.5034,0.5053,221097705.8
2023-06-06 08:00:00,0.5053,0.5114,0.5053,0.5084,152582379.4
2023-06-06 12:00:00,0.5084,0.514,0.4955,0.5108,611840097.1
2023-06-06 16:00:00,0.5108,0.5295,0.507,0.528,380471370.1
2023-06-06 20:00:00,0.528,0.5326,0.5221,0.5297,306617217.7
2023-06-07 00:00:00,0.5298,0.5315,0.5237,0.5272,233222444.9
2023-06-07 04:00:00,0.5272,0.538,0.5257,0.5261,295779838.2
2023-06-07 08:00:00,0.5262,0.533,0.5174,0.5329,358123245.3
2023-06-07 12:00:00,0.5329,0.5338,0.5119,0.5173,625663383.1
2023-06-07 16:00:00,0.5172,0.5187,0.5066,0.5179,452380687.1
2023-06-07 20:00:00,0.5178,0.5263,0.5131,0.5179,345932388.5
2023-06-08 00:00:00,0.518,0.5218,0.5153,0.5174,181245371.5
2023-06-08 04:00:00,0.5175,0.5239,0.5168,0.5197,198442837.8
2023-06-08 08:00:00,0.5196,0.5223,0.5157,0.5185,162473381.4
2023-06-08 12:00:00,0.5185,0.5255,0.5167,0.5242,289738578.1
2023-06-08 16:00:00,0.5241,0.5248,0.5181,0.5234,185215885.6
2023-06-08 20:00:00,0.5234,0.5277,0.5227,0.5233,148867964.9
2023-06-09 00:00:00,0.5234,0.5261,0.5209,0.5241,151399866.5
2023-06-09 04:00:00,0.5242,0.5263,0.5202,0.5238,134614119.8
2023-06-09 08:00:00,0.5237,0.5297,0.5236,0.5288,202948347.5
2023-06-09 12:00:00,0.5288,0.542,0.528,0.5308,540124540.3
2023-06-09 16:00:00,0.5309,0.5351,0.5272,0.5313,282741024.8
2023-06-09 20:00:00,0.5313,0.54,0.5307,0.5375,324287695.6
2023-06-10 00:00:00,0.5376,0.5387,0.52,0.5218,437755641.3
2023-06-10 04:00:00,0.5217,0.5246,0.47,0.4893,1346168844.4
2023-06-10 08:00:00,0.4893,0.4953,0.4848,0.495,311108962.4
2023-06-10 12:00:00,0.4951,0.4951,0.486,0.4896,290596072.3
2023-06-10 16:00:00,0.4896,0.507,0.4796,0.5049,561397938.0
2023-06-10 20:00:00,0.5048,0.5116,0.5007,0.5065,219566678.4
2023-06-11 00:00:00,0.5065,0.5089,0.5027,0.5053,165302166.3
2023-06-11 04:00:00,0.5053,0.5074,0.5021,0.5055,121030468.1
2023-06-11 08:00:00,0.5055,0.5096,0.5032,0.508,140748515.2
2023-06-11 12:00:00,0.508,0.5099,0.5051,0.5082,184562962.9
2023-06-11 16:00:00,0.5082,0.5294,0.5081,0.5248,423650038.5
2023-06-11 20:00:00,0.5249,0.5284,0.5131,0.5207,275524076.2
2023-06-12 00:00:00,0.5207,0.5228,0.508,0.5138,330815316.6
2023-06-12 04:00:00,0.5138,0.5178,0.511,0.5123,197226805.4
2023-06-12 08:00:00,0.5123,0.5228,0.511,0.5187,266071874.3
2023-06-12 12:00:00,0.5186,0.5205,0.5119,0.514,218777144.4
2023-06-12 16:00:00,0.514,0.5233,0.5119,0.5218,313167342.1
2023-06-12 20:00:00,0.5217,0.5278,0.5205,0.5247,187696492.9
2023-06-13 00:00:00,0.5247,0.5283,0.5193,0.5258,235536836.3
2023-06-13 04:00:00,0.5257,0.532,0.5242,0.5293,236878801.2
2023-06-13 08:00:00,0.5293,0.566,0.5263,0.5614,980389390.6
2023-06-13 12:00:00,0.5613,0.5629,0.505,0.5076,1597482953.0
2023-06-13 16:00:00,0.5076,0.5198,0.5061,0.517,404896985.3
2023-06-13 20:00:00,0.517,0.5243,0.5146,0.5189,238720367.7
2023-06-14 00:00:00,0.519,0.52,0.5102,0.5137,264647050.8
2023-06-14 04:00:00,0.5136,0.5157,0.4953,0.5005,363470218.8
2023-06-14 08:00:00,0.5005,0.5083,0.4992,0.5082,270643376.5
2023-06-14 12:00:00,0.5082,0.5094,0.5003,0.5023,286434238.2
2023-06-14 16:00:00,0.5023,0.5067,0.4918,0.5009,479102689.1
2023-06-14 20:00:00,0.5009,0.5017,0.4592,0.4797,843521400.4
2023-06-15 00:00:00,0.4796,0.4839,0.4759,0.4816,220868023.1
2023-06-15 04:00:00,0.4816,0.4853,0.4666,0.4702,382281725.3
2023-06-15 08:00:00,0.4702,0.4779,0.4695,0.4762,267844678.4
2023-06-15 12:00:00,0.4763,0.4822,0.4725,0.4739,324333956.8
2023-06-15 16:00:00,0.474,0.4835,0.4683,0.4806,332572217.1
2023-06-15 20:00:00,0.4806,0.4842,0.4743,0.4798,217645745.8
2023-06-16 00:00:00,0.4798,0.4818,0.4745,0.4798,128605921.6
2023-06-16 04:00:00,0.4798,0.483,0.4766,0.477,146397782.5
2023-06-16 08:00:00,0.477,0.4791,0.4538,0.4626,482927728.3
2023-06-16 12:00:00,0.4626,0.4685,0.4537,0.4654,474686890.0
2023-06-16 16:00:00,0.4655,0.477,0.4614,0.4725,432399778.5
2023-06-16 20:00:00,0.4726,0.4758,0.4688,0.4752,135043417.4
2023-06-17 00:00:00,0.4752,0.4756,0.4693,0.4713,130957819.2
2023-06-17 04:00:00,0.4713,0.4867,0.4702,0.4798,316184572.3
2023-06-17 08:00:00,0.4798,0.4831,0.4762,0.4785,146315258.8
2023-06-17 12:00:00,0.4785,0.4819,0.4741,0.4782,172540916.8
2023-06-17 16:00:00,0.4783,0.4818,0.4772,0.4798,113035402.3
2023-06-17 20:00:00,0.4798,0.4817,0.478,0.479,63492542.6
2023-06-18 00:00:00,0.479,0.483,0.4735,0.4807,136194385.8
2023-06-18 04:00:00,0.4807,0.4829,0.4782,0.4825,92896840.0
2023-06-18 08:00:00,0.4825,0.4899,0.4802,0.4871,221578868.0
2023-06-18 12:00:00,0.4871,0.4954,0.4825,0.4925,288195767.6
2023-06-18 16:00:00,0.4925,0.4972,0.4893,0.4951,231144792.0
2023-06-18 20:00:00,0.4949,0.4973,0.4823,0.4865,323591319.5
2023-06-19 00:00:00,0.4866,0.4923,0.4808,0.4906,194651074.9
2023-06-19 04:00:00,0.4905,0.4944,0.4892,0.4898,152353440.9
2023-06-19 08:00:00,0.4898,0.4901,0.4852,0.4892,158576648.0
2023-06-19 12:00:00,0.4891,0.4913,0.4853,0.4883,157218469.8
2023-06-19 16:00:00,0.4884,0.4979,0.4864,0.4943,425373177.0
2023-06-19 20:00:00,0.4944,0.4957,0.4913,0.4934,118898816.1
2023-06-20 00:00:00,0.4935,0.4965,0.4891,0.4902,178787335.7
2023-06-20 04:00:00,0.4901,0.4911,0.4839,0.4871,166063782.9
2023-06-20 08:00:00,0.4871,0.4873,0.4771,0.4832,198243064.9
2023-06-20 12:00:00,0.4833,0.4846,0.4711,0.4783,301547412.9
2023-06-20 16:00:00,0.4782,0.4899,0.477,0.4886,376630261.0
2023-06-20 20:00:00,0.4886,0.4935,0.4877,0.4925,190769186.6
2023-06-21 00:00:00,0.4925,0.5012,0.4889,0.4974,299896130.8
2023-06-21 04:00:00,0.4973,0.5032,0.4933,0.4969,265429868.1
2023-06-21 08:00:00,0.497,0.4978,0.4905,0.4945,207326871.0
2023-06-21 12:00:00,0.4945,0.4981,0.4901,0.4951,312268732.5
2023-06-21 16:00:00,0.4951,0.5018,0.4903,0.4978,411997359.3
2023-06-21 20:00:00,0.4979,0.5029,0.4929,0.4999,184113653.7
2023-06-22 00:00:00,0.4999,0.5272,0.4979,0.5163,582235831.9
2023-06-22 04:00:00,0.5163,0.5166,0.5073,0.5121,272980341.4
2023-06-22 08:00:00,0.5122,0.5128,0.4762,0.4931,460575078.6
2023-06-22 12:00:00,0.4931,0.5013,0.4848,0.4936,349595130.7
2023-06-22 16:00:00,0.4936,0.499,0.4915,0.4987,158101466.7
2023-06-22 20:00:00,0.4988,0.4989,0.4922,0.4936,143145249.8
2023-06-23 00:00:00,0.4936,0.501,0.492,0.5,128545934.4
2023-06-23 04:00:00,0.5,0.5013,0.4915,0.4921,168907870.4
2023-06-23 08:00:00,0.492,0.4952,0.4902,0.4921,153558820.2
2023-06-23 12:00:00,0.4922,0.4987,0.483,0.4978,376984222.8
2023-06-23 16:00:00,0.4979,0.5022,0.4928,0.5007,402433047.9
2023-06-23 20:00:00,0.5006,0.5015,0.4906,0.4959,179425476.0
2023-06-24 00:00:00,0.496,0.496,0.4879,0.4918,167670489.3
2023-06-24 04:00:00,0.4919,0.4946,0.4882,0.4897,109995449.3
2023-06-24 08:00:00,0.4897,0.493,0.4892,0.4922,85318550.7
2023-06-24 12:00:00,0.4921,0.4942,0.4753,0.4838,270908790.7
2023-06-24 16:00:00,0.4837,0.4889,0.48,0.4871,141252107.8
2023-06-24 20:00:00,0.4871,0.4881,0.4826,0.4862,86116511.6
2023-06-25 00:00:00,0.4863,0.4898,0.4826,0.4891,120435122.5
2023-06-25 04:00:00,0.4891,0.492,0.4875,0.49,127893063.7
2023-06-25 08:00:00,0.4901,0.4946,0.4895,0.4919,153368381.7
2023-06-25 12:00:00,0.492,0.4976,0.4872,0.4888,253103593.2
2023-06-25 16:00:00,0.4888,0.4925,0.4851,0.4889,147579366.0
2023-06-25 20:00:00,0.489,0.4922,0.488,0.4899,92626520.2
2023-06-26 00:00:00,0.49,0.4918,0.4821,0.484,234413040.2
2023-06-26 04:00:00,0.4839,0.4865,0.4803,0.4842,135634912.5
2023-06-26 08:00:00,0.4843,0.4846,0.4777,0.4825,127645411.7
2023-06-26 12:00:00,0.4824,0.4874,0.4794,0.4844,151659109.8
2023-06-26 16:00:00,0.4845,0.4846,0.4685,0.4787,279741559.2
2023-06-26 20:00:00,0.4786,0.48,0.4722,0.4788,98477026.5
2023-06-27 00:00:00,0.4788,0.4827,0.4759,0.482,112749856.7
2023-06-27 04:00:00,0.482,0.483,0.4773,0.4791,122275945.2
2023-06-27 08:00:00,0.4792,0.4823,0.4774,0.4808,100781559.0
2023-06-27 12:00:00,0.4808,0.485,0.4753,0.4788,166535152.0
2023-06-27 16:00:00,0.4789,0.483,0.4777,0.4818,100813560.3
2023-06-27 20:00:00,0.4817,0.4846,0.4809,0.4836,73921458.5
2023-06-28 00:00:00,0.4837,0.4841,0.4786,0.4819,132485298.0
2023-06-28 04:00:00,0.482,0.4833,0.4701,0.4731,188558775.8
2023-06-28 08:00:00,0.4731,0.4773,0.4722,0.475,98698093.9
2023-06-28 12:00:00,0.4751,0.4755,0.4707,0.4747,177709992.9
2023-06-28 16:00:00,0.4747,0.475,0.4406,0.4591,382861673.9
2023-06-28 20:00:00,0.4591,0.4665,0.4564,0.4645,138850635.9
2023-06-29 00:00:00,0.4644,0.4688,0.4609,0.4669,108430245.5
2023-06-29 04:00:00,0.4669,0.4685,0.4637,0.4662,101328809.2
2023-06-29 08:00:00,0.4663,0.4729,0.4661,0.4697,137503535.5
2023-06-29 12:00:00,0.4698,0.4727,0.4672,0.4694,151369115.6
2023-06-29 16:00:00,0.4695,0.4754,0.4691,0.4753,119206687.4
2023-06-29 20:00:00,0.4752,0.4769,0.4712,0.4743,106637445.0
2023-06-30 00:00:00,0.4744,0.4797,0.4681,0.4792,191806237.1
2023-06-30 04:00:00,0.4793,0.4826,0.4721,0.4754,195167954.0
2023-06-30 08:00:00,0.4754,0.4819,0.4742,0.4796,196953363.0
2023-06-30 12:00:00,0.4797,0.4823,0.4484,0.4645,579092976.1
2023-06-30 16:00:00,0.4644,0.4778,0.4618,0.4769,294661333.9
2023-06-30 20:00:00,0.477,0.4777,0.4728,0.4729,118263099.6
2023-07-01 00:00:00,0.473,0.4732,0.464,0.4691,232575669.2
2023-07-01 04:00:00,0.4691,0.4727,0.465,0.4706,126284935.5
2023-07-01 08:00:00,0.4707,0.4716,0.4681,0.4704,93847204.5
2023-07-01 12:00:00,0.4705,0.476,0.47,0.4717,150152255.4
2023-07-01 16:00:00,0.4717,0.4752,0.4704,0.4735,74729925.5
2023-07-01 20:00:00,0.4735,0.4747,0.4716,0.4732,48670623.8
2023-07-02 00:00:00,0.4732,0.4958,0.4694,0.4934,543792350.9
2023-07-02 04:00:00,0.4935,0.4935,0.4759,0.4835,284703561.4
2023-07-02 08:00:00,0.4834,0.4837,0.4781,0.4794,112054853.1
2023-07-02 12:00:00,0.4794,0.4924,0.4762,0.4836,394316686.7
2023-07-02 16:00:00,0.4836,0.4874,0.4802,0.4841,159209339.4
2023-07-02 20:00:00,0.484,0.4866,0.4807,0.4843,124439357.9
2023-07-03 00:00:00,0.4843,0.4869,0.4791,0.4823,167059423.8
2023-07-03 04:00:00,0.4824,0.4842,0.4781,0.4806,171558936.5
2023-07-03 08:00:00,0.4807,0.4868,0.4795,0.4852,161138985.4
2023-07-03 12:00:00,0.4852,0.4868,0.4801,0.4847,211765835.2
2023-07-03 16:00:00,0.4848,0.4911,0.4787,0.4899,247821435.4
2023-07-03 20:00:00,0.4898,0.4907,0.4867,0.4888,127551038.4
2023-07-04 00:00:00,0.4889,0.4937,0.4859,0.4929,168079966.2
2023-07-04 04:00:00,0.493,0.4936,0.4867,0.4874,145532524.6
2023-07-04 08:00:00,0.4874,0.4902,0.4844,0.4882,147189618.9
2023-07-04 12:00:00,0.4883,0.4898,0.4812,0.4838,176470630.4
2023-07-04 16:00:00,0.4838,0.4889,0.4818,0.4865,195978814.0
2023-07-04 20:00:00,0.4865,0.4894,0.4858,0.487,80654566.7
2023-07-05 00:00:00,0.4871,0.4917,0.4864,0.4914,108586177.2
2023-07-05 04:00:00,0.4914,0.4916,0.4868,0.4886,98607292.7
2023-07-05 08:00:00,0.4886,0.4889,0.465,0.4777,373378241.3
2023-07-05 12:00:00,0.4777,0.4783,0.4691,0.4716,203298390.5
2023-07-05 16:00:00,0.4717,0.4779,0.4709,0.4763,84812297.9
2023-07-05 20:00:00,0.4764,0.4787,0.4753,0.4773,66295636.0
2023-07-06 00:00:00,0.4774,0.4787,0.4732,0.4777,86581421.3
2023-07-06 04:00:00,0.4778,0.4822,0.4769,0.4787,120650412.9
2023-07-06 08:00:00,0.4788,0.4839,0.473,0.4751,238064954.8
2023-07-06 12:00:00,0.475,0.4758,0.4607,0.4694,366191189.3
2023-07-06 16:00:00,0.4693,0.4697,0.4648,0.4675,112902511.0
2023-07-06 20:00:00,0.4674,0.4701,0.4612,0.4618,152687771.0
2023-07-07 00:00:00,0.4617,0.4692,0.4563,0.4684,155846967.3
2023-07-07 04:00:00,0.4684,0.4704,0.4615,0.4629,107821513.2
2023-07-07 08:00:00,0.463,0.4673,0.4626,0.4658,83841700.4
2023-07-07 12:00:00,0.4659,0.47,0.4644,0.467,120105195.0
2023-07-07 16:00:00,0.4671,0.468,0.4637,0.4665,63041571.0
2023-07-07 20:00:00,0.4665,0.4684,0.4658,0.4683,51755278.3
2023-07-08 00:00:00,0.4684,0.4684,0.4659,0.4669,55245573.3
2023-07-08 04:00:00,0.4668,0.4674,0.4646,0.4667,42705452.0
2023-07-08 08:00:00,0.4668,0.4684,0.4653,0.4672,53280833.4
2023-07-08 12:00:00,0.4673,0.4696,0.4658,0.4689,70060679.2
2023-07-08 16:00:00,0.4689,0.4746,0.4666,0.4701,199449700.3
2023-07-08 20:00:00,0.4701,0.4714,0.4678,0.4702,66980395.1
2023-07-09 00:00:00,0.4703,0.4715,0.4691,0.4702,59008936.1
2023-07-09 04:00:00,0.4703,0.4707,0.4677,0.4691,47464290.4
2023-07-09 08:00:00,0.4691,0.4702,0.4677,0.4689,50793602.7
2023-07-09 12:00:00,0.4689,0.4712,0.466,0.4695,91386784.2
2023-07-09 16:00:00,0.4694,0.471,0.468,0.4696,45358486.3
2023-07-09 20:00:00,0.4695,0.4701,0.4668,0.4677,55855730.2
2023-07-10 00:00:00,0.4678,0.4688,0.4618,0.4656,178914746.9
2023-07-10 04:00:00,0.4657,0.4687,0.465,0.4679,100184256.2
2023-07-10 08:00:00,0.468,0.4737,0.4653,0.4712,190702647.9
2023-07-10 12:00:00,0.4713,0.473,0.4703,0.4723,102512582.1
2023-07-10 16:00:00,0.4723,0.4793,0.4704,0.4787,164271988.8
2023-07-10 20:00:00,0.4787,0.4799,0.4733,0.4775,161496167.5
2023-07-11 00:00:00,0.4775,0.4781,0.4742,0.4758,99372807.4
2023-07-11 04:00:00,0.4759,0.4775,0.4745,0.4762,79124713.9
2023-07-11 08:00:00,0.4762,0.4772,0.4718,0.4735,104278689.9
2023-07-11 12:00:00,0.4736,0.4755,0.4714,0.4739,87021413.3
2023-07-11 16:00:00,0.474,0.4742,0.4706,0.4735,77747265.0
2023-07-11 20:00:00,0.4735,0.4765,0.4731,0.4749,69127564.0
2023-07-12 00:00:00,0.475,0.4757,0.4728,0.4751,75112229.5
2023-07-12 04:00:00,0.4751,0.477,0.4736,0.4752,75555182.5
2023-07-12 08:00:00,0.4753,0.4754,0.472,0.4736,88921013.1
2023-07-12 12:00:00,0.4736,0.4764,0.4687,0.4708,195404460.6
2023-07-12 16:00:00,0.4707,0.4719,0.4639,0.468,187479167.5
2023-07-12 20:00:00,0.468,0.4712,0.4675,0.4707,53868631.4
2023-07-13 00:00:00,0.4706,0.4725,0.4692,0.4718,74975008.4
2023-07-13 04:00:00,0.4717,0.4729,0.47,0.4712,85617522.5
2023-07-13 08:00:00,0.4712,0.474,0.4706,0.4733,99328667.4
2023-07-13 12:00:00,0.4732,0.6463,0.4715,0.5919,2400297973.7
2023-07-13 16:00:00,0.5919,0.965,0.582,0.8218,10079285128.5
2023-07-13 20:00:00,0.8218,0.8342,0.7665,0.8154,2570353204.3
2023-07-14 00:00:00,0.8154,0.8272,0.722,0.7835,1881367314.1
2023-07-14 04:00:00,0.7835,0.82,0.7626,0.7707,1323641881.8
2023-07-14 08:00:00,0.7707,0.8093,0.7676,0.7994,1138369861.7
2023-07-14 12:00:00,0.7993,0.801,0.765,0.7787,1049409083.8
2023-07-14 16:00:00,0.7786,0.7837,0.6666,0.6999,2853064885.9
2023-07-14 20:00:00,0.6998,0.7265,0.6847,0.7177,1010670434.5
2023-07-15 00:00:00,0.7178,0.7366,0.6918,0.7208,1241011131.9
2023-07-15 04:00:00,0.7207,0.7333,0.7133,0.725,510788538.8
2023-07-15 08:00:00,0.725,0.7293,0.7102,0.7181,492223396.8
2023-07-15 12:00:00,0.718,0.7341,0.7173,0.723,516946005.3
2023-07-15 16:00:00,0.7231,0.7317,0.7009,0.7232,674383691.0
2023-07-15 20:00:00,0.7231,0.7235,0.707,0.7144,333282125.5
2023-07-16 00:00:00,0.7145,0.7273,0.698,0.7116,591060347.2
2023-07-16 04:00:00,0.7116,0.7196,0.7067,0.7149,263304167.2
2023-07-16 08:00:00,0.715,0.7625,0.7136,0.7496,1193512038.7
2023-07-16 12:00:00,0.7496,0.7793,0.7414,0.771,1162440408.7
2023-07-16 16:00:00,0.771,0.7899,0.72,0.7417,1352003302.0
2023-07-16 20:00:00,0.7417,0.7618,0.7373,0.7463,685651159.9
2023-07-17 00:00:00,0.7463,0.7596,0.7403,0.7567,401983077.1
2023-07-17 04:00:00,0.7567,0.7571,0.7436,0.7494,336189494.5
2023-07-17 08:00:00,0.7494,0.7504,0.7165,0.7356,804533621.9
2023-07-17 12:00:00,0.7356,0.7446,0.7268,0.7388,427002558.4
2023-07-17 16:00:00,0.7388,0.7667,0.7115,0.7338,1294680134.2
2023-07-17 20:00:00,0.7338,0.7464,0.7305,0.737,258616375.6
2023-07-18 00:00:00,0.7369,0.7486,0.7339,0.738,241471465.7
2023-07-18 04:00:00,0.738,0.7534,0.7304,0.7411,469224725.7
2023-07-18 08:00:00,0.7411,0.7643,0.7362,0.7484,739635971.4
2023-07-18 12:00:00,0.7483,0.771,0.7429,0.7581,929114740.6
2023-07-18 16:00:00,0.7581,0.7728,0.7418,0.762,668851163.8
2023-07-18 20:00:00,0.762,0.7848,0.7533,0.7776,507484902.9
2023-07-19 00:00:00,0.7776,0.8183,0.771,0.7977,1131561706.2
2023-07-19 04:00:00,0.7976,0.8042,0.7778,0.7889,786117002.0
2023-07-19 08:00:00,0.7889,0.7986,0.7678,0.7947,745286761.3
2023-07-19 12:00:00,0.7947,0.8134,0.7905,0.7997,987982228.8
2023-07-19 16:00:00,0.7996,0.8559,0.7933,0.8343,1509327756.3
2023-07-19 20:00:00,0.8344,0.8373,0.8111,0.8193,726759339.1
2023-07-20 00:00:00,0.8193,0.8489,0.8158,0.8323,685001044.9
2023-07-20 04:00:00,0.8323,0.843,0.8126,0.8176,727268346.3
2023-07-20 08:00:00,0.8176,0.8245,0.8006,0.8077,684168413.8
2023-07-20 12:00:00,0.8077,0.8169,0.7771,0.787,825333152.7
2023-07-20 16:00:00,0.7871,0.7965,0.7853,0.7924,360246508.6
2023-07-20 20:00:00,0.7925,0.8036,0.771,0.794,548645683.3
2023-07-21 00:00:00,0.7941,0.7984,0.7842,0.7928,299645827.4
2023-07-21 04:00:00,0.7928,0.7945,0.7734,0.7788,302802744.9
2023-07-21 08:00:00,0.7789,0.7819,0.7587,0.7736,521828760.4
2023-07-21 12:00:00,0.7737,0.7797,0.7713,0.775,311940942.7
2023-07-21 16:00:00,0.775,0.7937,0.77,0.7836,510543016.2
2023-07-21 20:00:00,0.7835,0.7837,0.7643,0.7709,263258634.3
2023-07-22 00:00:00,0.7709,0.7778,0.7655,0.7744,226220466.5
2023-07-22 04:00:00,0.7744,0.7757,0.7693,0.7738,142983671.4
2023-07-22 08:00:00,0.7738,0.7797,0.7631,0.7721,315513396.3
2023-07-22 12:00:00,0.7721,0.7723,0.7606,0.7672,245633890.8
2023-07-22 16:00:00,0.7671,0.7708,0.7403,0.7472,522984964.3
2023-07-22 20:00:00,0.7472,0.754,0.7174,0.7326,459106397.4
2023-07-23 00:00:00,0.7326,0.7374,0.7143,0.7346,459202785.8
2023-07-23 04:00:00,0.7346,0.7452,0.7345,0.7382,286377652.3
2023-07-23 08:00:00,0.7381,0.7477,0.7353,0.7406,245715913.0
2023-07-23 12:00:00,0.7406,0.7428,0.7355,0.7399,158880592.3
2023-07-23 16:00:00,0.7399,0.7516,0.73,0.7369,332588475.4
2023-07-23 20:00:00,0.737,0.7413,0.7318,0.7379,143587182.1
2023-07-24 00:00:00,0.7379,0.7424,0.722,0.7276,287797101.9
2023-07-24 04:00:00,0.7276,0.7328,0.7178,0.7236,284698412.7
2023-07-24 08:00:00,0.7237,0.7237,0.676,0.6927,826906993.7
2023-07-24 12:00:00,0.6927,0.6995,0.6812,0.6939,567797224.0
2023-07-24 16:00:00,0.6939,0.7086,0.6933,0.7033,398500196.9
2023-07-24 20:00:00,0.7033,0.7077,0.6974,0.7017,169345172.8
2023-07-25 00:00:00,0.7016,0.7027,0.689,0.6965,259127393.0
2023-07-25 04:00:00,0.6966,0.6973,0.6735,0.6799,369284086.6
2023-07-25 08:00:00,0.6799,0.6938,0.6775,0.6853,331420228.6
2023-07-25 12:00:00,0.6852,0.708,0.6849,0.6998,574823353.0
2023-07-25 16:00:00,0.6998,0.707,0.695,0.7003,316177286.8
2023-07-25 20:00:00,0.7002,0.716,0.697,0.7084,305247383.3
2023-07-26 00:00:00,0.7084,0.715,0.7008,0.7106,232106953.2
2023-07-26 04:00:00,0.7107,0.7108,0.6963,0.7001,216988104.8
2023-07-26 08:00:00,0.7001,0.7036,0.6919,0.6975,207077759.1
2023-07-26 12:00:00,0.6974,0.706,0.6961,0.7034,209240673.1
2023-07-26 16:00:00,0.7034,0.7188,0.6944,0.7137,680544220.2
2023-07-26 20:00:00,0.7138,0.7311,0.7111,0.7156,488428592.4
2023-07-27 00:00:00,0.7156,0.7215,0.7077,0.7175,177525385.3
2023-07-27 04:00:00,0.7174,0.7213,0.71,0.7112,172849219.5
2023-07-27 08:00:00,0.7112,0.719,0.7094,0.7158,167920425.1
2023-07-27 12:00:00,0.7159,0.7327,0.7055,0.721,432102074.9
2023-07-27 16:00:00,0.7209,0.7284,0.7095,0.7131,456122458.2
2023-07-27 20:00:00,0.7131,0.7159,0.7069,0.7136,160160201.4
2023-07-28 00:00:00,0.7135,0.7187,0.7107,0.7141,126513522.5
2023-07-28 04:00:00,0.714,0.7149,0.7045,0.7057,177233103.0
2023-07-28 08:00:00,0.7057,0.713,0.7015,0.7091,168984686.1
2023-07-28 12:00:00,0.7092,0.7175,0.709,0.7123,215474573.1
2023-07-28 16:00:00,0.7123,0.715,0.7079,0.7117,137948913.4
2023-07-28 20:00:00,0.7116,0.7135,0.7095,0.7116,55817452.5
2023-07-29 00:00:00,0.7115,0.7128,0.7092,0.7106,64114998.5
2023-07-29 04:00:00,0.7107,0.7154,0.7104,0.7113,78115444.3
2023-07-29 08:00:00,0.7113,0.7124,0.7029,0.7079,149022996.7
2023-07-29 12:00:00,0.708,0.7104,0.7067,0.7079,72100450.1
2023-07-29 16:00:00,0.708,0.7144,0.7071,0.7141,130891448.8
2023-07-29 20:00:00,0.7141,0.7156,0.7107,0.712,85167243.7
2023-07-30 00:00:00,0.712,0.7121,0.7083,0.7097,61522695.2
2023-07-30 04:00:00,0.7097,0.7119,0.7085,0.71,51055257.0
2023-07-30 08:00:00,0.7101,0.7359,0.7097,0.7193,465536588.7
2023-07-30 12:00:00,0.7194,0.7227,0.711,0.7144,270232097.4
2023-07-30 16:00:00,0.7144,0.7174,0.6967,0.703,217703989.0
2023-07-30 20:00:00,0.703,0.7067,0.68,0.7045,367649334.2
2023-07-31 00:00:00,0.7044,0.7115,0.7021,0.7061,143034071.7
2023-07-31 04:00:00,0.7062,0.7079,0.7011,0.7047,124601648.9
2023-07-31 08:00:00,0.7048,0.7059,0.7013,0.7041,114042064.0
2023-07-31 12:00:00,0.7041,0.7068,0.6915,0.6962,255014194.9
2023-07-31 16:00:00,0.6961,0.72,0.6916,0.7147,394087759.2
2023-07-31 20:00:00,0.7146,0.7201,0.6829,0.6973,578619146.5
2023-08-01 00:00:00,0.6973,0.6974,0.671,0.6872,380380536.2
2023-08-01 04:00:00,0.6872,0.6924,0.6859,0.6898,166102746.2
2023-08-01 08:00:00,0.6899,0.6922,0.6868,0.6874,115963375.0
2023-08-01 12:00:00,0.6873,0.6982,0.6806,0.6935,346138974.4
2023-08-01 16:00:00,0.6936,0.7033,0.6905,0.6995,269749518.5
2023-08-01 20:00:00,0.6994,0.708,0.6971,0.7066,192586676.7
2023-08-02 00:00:00,0.7066,0.7079,0.6991,0.7002,201267892.4
2023-08-02 04:00:00,0.7001,0.7014,0.6931,0.6943,141568610.8
2023-08-02 08:00:00,0.6943,0.6975,0.6919,0.6958,114833219.0
2023-08-02 12:00:00,0.6958,0.696,0.6799,0.6869,317343236.9
2023-08-02 16:00:00,0.6869,0.6883,0.675,0.6863,252008182.7
2023-08-02 20:00:00,0.6863,0.6889,0.6831,0.6846,87101823.9
2023-08-03 00:00:00,0.6845,0.6873,0.6802,0.6826,109520494.4
2023-08-03 04:00:00,0.6825,0.6828,0.6628,0.67,317777217.7
2023-08-03 08:00:00,0.67,0.6707,0.6539,0.6655,381253641.3
2023-08-03 12:00:00,0.6655,0.6733,0.6592,0.6707,307763446.6
2023-08-03 16:00:00,0.6707,0.6765,0.668,0.6738,190834049.4
2023-08-03 20:00:00,0.6738,0.6774,0.6586,0.6627,239471990.2
2023-08-04 00:00:00,0.6627,0.6672,0.6605,0.6646,168751054.5
2023-08-04 04:00:00,0.6645,0.6671,0.6559,0.659,217522343.0
2023-08-04 08:00:00,0.6589,0.6627,0.6554,0.6577,183788101.6
2023-08-04 12:00:00,0.6577,0.6663,0.656,0.6631,305607828.1
2023-08-04 16:00:00,0.6632,0.6675,0.6489,0.6538,309617943.2
2023-08-04 20:00:00,0.6539,0.6555,0.6211,0.6353,579177624.3
2023-08-05 00:00:00,0.6353,0.6356,0.6102,0.6234,508511931.6
2023-08-05 04:00:00,0.6234,0.6251,0.6182,0.6235,175894512.2
2023-08-05 08:00:00,0.6235,0.6326,0.6225,0.6269,182263956.9
2023-08-05 12:00:00,0.6268,0.6293,0.6203,0.6241,286822392.6
2023-08-05 16:00:00,0.6241,0.6323,0.6187,0.6272,206569291.7
2023-08-05 20:00:00,0.6272,0.63,0.6247,0.6285,96457295.5
2023-08-06 00:00:00,0.6286,0.6369,0.6265,0.6356,207817605.6
2023-08-06 04:00:00,0.6356,0.6387,0.6315,0.6328,114757945.2
2023-08-06 08:00:00,0.6328,0.6375,0.6291,0.633,109257943.6
2023-08-06 12:00:00,0.6329,0.6331,0.6235,0.6263,180697345.8
2023-08-06 16:00:00,0.6263,0.63,0.625,0.6273,81858555.2
2023-08-06 20:00:00,0.6272,0.6318,0.6212,0.6239,145206412.9
2023-08-07 00:00:00,0.6239,0.6299,0.6205,0.6256,180670144.5
2023-08-07 04:00:00,0.6257,0.6285,0.6055,0.612,273294692.7
2023-08-07 08:00:00,0.612,0.621,0.6105,0.6198,198120077.0
2023-08-07 12:00:00,0.6197,0.621,0.6086,0.6159,357827155.5
2023-08-07 16:00:00,0.6159,0.62,0.595,0.6167,502545128.1
2023-08-07 20:00:00,0.6166,0.6242,0.6145,0.6232,146508036.1
2023-08-08 00:00:00,0.6232,0.625,0.6172,0.6201,151901403.2
2023-08-08 04:00:00,0.6201,0.6269,0.618,0.6218,166724416.7
2023-08-08 08:00:00,0.6218,0.6238,0.6137,0.6226,194844777.8
2023-08-08 12:00:00,0.6227,0.6312,0.6203,0.6285,368074577.0
2023-08-08 16:00:00,0.6285,0.6434,0.6277,0.6366,407981640.5
2023-08-08 20:00:00,0.6365,0.6483,0.6351,0.6415,278695657.2
2023-08-09 00:00:00,0.6416,0.6479,0.6351,0.6394,210303279.1
2023-08-09 04:00:00,0.6394,0.6461,0.6379,0.6443,159092562.5
2023-08-09 08:00:00,0.6444,0.649,0.6393,0.6448,210821987.9
2023-08-09 12:00:00,0.6447,0.666,0.6443,0.6543,683457495.9
2023-08-09 16:00:00,0.6542,0.6651,0.6477,0.6598,454072426.0
2023-08-09 20:00:00,0.6599,0.6601,0.631,0.6431,604348550.3
2023-08-10 00:00:00,0.6431,0.6444,0.6365,0.6376,168871358.3
2023-08-10 04:00:00,0.6375,0.6386,0.6239,0.626,285294619.1
2023-08-10 08:00:00,0.626,0.6324,0.6257,0.6283,204181602.5
2023-08-10 12:00:00,0.6283,0.6375,0.6281,0.6314,354333158.8
2023-08-10 16:00:00,0.6314,0.6357,0.6242,0.6339,238245100.6
2023-08-10 20:00:00,0.6339,0.6353,0.6317,0.6329,77072244.3
2023-08-11 00:00:00,0.633,0.6361,0.6316,0.635,109574348.3
2023-08-11 04:00:00,0.635,0.641,0.6316,0.6318,190520394.5
2023-08-11 08:00:00,0.6318,0.6329,0.6282,0.6329,153980893.3
2023-08-11 12:00:00,0.6329,0.6343,0.6252,0.6285,188290167.9
2023-08-11 16:00:00,0.6284,0.6311,0.6265,0.6306,107194366.6
2023-08-11 20:00:00,0.6307,0.633,0.6302,0.6314,52833339.1
2023-08-12 00:00:00,0.6314,0.6334,0.6278,0.6295,69973327.0
2023-08-12 04:00:00,0.6295,0.6307,0.6281,0.6302,39846656.0
2023-08-12 08:00:00,0.6301,0.6314,0.6289,0.63,50997979.0
2023-08-12 12:00:00,0.63,0.631,0.6284,0.6305,60906986.3
2023-08-12 16:00:00,0.6305,0.6311,0.621,0.6255,109361190.2
2023-08-12 20:00:00,0.6255,0.6286,0.6244,0.6274,67079545.4
2023-08-13 00:00:00,0.6273,0.6299,0.6257,0.6291,52316571.1
2023-08-13 04:00:00,0.6291,0.6292,0.626,0.6289,40424687.0
2023-08-13 08:00:00,0.6289,0.6294,0.6264,0.6275,41174140.9
2023-08-13 12:00:00,0.6275,0.6297,0.6263,0.628,61097815.5
2023-08-13 16:00:00,0.628,0.6384,0.6273,0.6354,153932831.1
2023-08-13 20:00:00,0.6354,0.6367,0.6232,0.6252,195290800.9
2023-08-14 00:00:00,0.6252,0.6305,0.6237,0.6299,124298208.1
2023-08-14 04:00:00,0.6299,0.6341,0.6261,0.6263,140782625.2
2023-08-14 08:00:00,0.6263,0.6298,0.6257,0.628,71579718.8
2023-08-14 12:00:00,0.6281,0.6325,0.626,0.6314,127688111.2
2023-08-14 16:00:00,0.6315,0.6323,0.6242,0.6283,134311806.8
2023-08-14 20:00:00,0.6283,0.6366,0.6277,0.6339,109977548.4
2023-08-15 00:00:00,0.6338,0.6344,0.6288,0.6313,86987772.0
2023-08-15 04:00:00,0.6313,0.6316,0.6253,0.6271,99819948.1
2023-08-15 08:00:00,0.6271,0.6286,0.6255,0.6259,78017828.8
2023-08-15 12:00:00,0.6259,0.6283,0.6211,0.6248,151229901.6
2023-08-15 16:00:00,0.6248,0.6266,0.571,0.6021,595851604.6
2023-08-15 20:00:00,0.602,0.6103,0.6007,0.6099,188485644.1
2023-08-16 00:00:00,0.61,0.61,0.6056,0.6077,102588640.2
2023-08-16 04:00:00,0.6077,0.6168,0.596,0.6024,305170855.8
2023-08-16 08:00:00,0.6024,0.6033,0.5946,0.5998,180444534.2
2023-08-16 12:00:00,0.5999,0.5999,0.5859,0.594,356215292.5
2023-08-16 16:00:00,0.594,0.6027,0.5913,0.5958,235131815.0
2023-08-16 20:00:00,0.5959,0.5973,0.57,0.5887,469377826.7
2023-08-17 00:00:00,0.5887,0.5946,0.5785,0.5906,234120352.9
2023-08-17 04:00:00,0.5906,0.5936,0.5865,0.5897,118367753.6
2023-08-17 08:00:00,0.5896,0.5918,0.5831,0.5847,154740836.9
2023-08-17 12:00:00,0.5847,0.5886,0.5725,0.576,358767932.3
2023-08-17 16:00:00,0.576,0.5796,0.567,0.576,380513414.2
2023-08-17 20:00:00,0.5761,0.5769,0.4082,0.5057,1674678645.9
2023-08-18 00:00:00,0.5057,0.5151,0.4822,0.4932,741487094.6
2023-08-18 04:00:00,0.4931,0.523,0.4863,0.5057,687049041.6
2023-08-18 08:00:00,0.5058,0.5103,0.5007,0.5083,406862311.1
2023-08-18 12:00:00,0.5082,0.5122,0.4972,0.5023,515105888.3
2023-08-18 16:00:00,0.5023,0.5086,0.482,0.4998,548460223.8
2023-08-18 20:00:00,0.4999,0.5108,0.4995,0.5058,174574853.9
2023-08-19 00:00:00,0.5057,0.5098,0.5023,0.5054,143785686.4
2023-08-19 04:00:00,0.5053,0.507,0.5003,0.5052,105575279.5
2023-08-19 08:00:00,0.5053,0.5074,0.5026,0.5031,111738979.7
2023-08-19 12:00:00,0.5031,0.5248,0.5026,0.5213,372686875.1
2023-08-19 16:00:00,0.5213,0.524,0.5153,0.5192,319210136.3
2023-08-19 20:00:00,0.5193,0.521,0.5111,0.5198,158815349.8
2023-08-20 00:00:00,0.5197,0.5219,0.5156,0.5182,126645401.4
2023-08-20 04:00:00,0.5183,0.5286,0.5173,0.528,222857375.5
2023-08-20 08:00:00,0.5279,0.5582,0.5245,0.5452,878260662.1
2023-08-20 12:00:00,0.5451,0.55,0.5327,0.5388,550608644.0
2023-08-20 16:00:00,0.5388,0.5437,0.5301,0.5414,296384942.0
2023-08-20 20:00:00,0.5415,0.5455,0.5364,0.5383,183898201.7
2023-08-21 00:00:00,0.5382,0.5395,0.5303,0.5319,219849035.8
2023-08-21 04:00:00,0.5319,0.5338,0.5168,0.5208,460605530.3
2023-08-21 08:00:00,0.5209,0.5264,0.5171,0.5254,351953089.4
2023-08-21 12:00:00,0.5255,0.5305,0.499,0.5103,570603483.3
2023-08-21 16:00:00,0.5104,0.526,0.5082,0.5216,279399594.0
2023-08-21 20:00:00,0.5215,0.5272,0.5195,0.5239,144728673.3
2023-08-22 00:00:00,0.524,0.5252,0.5177,0.521,126665275.8
2023-08-22 04:00:00,0.5209,0.5224,0.5155,0.5184,143830293.1
2023-08-22 08:00:00,0.5185,0.5195,0.5143,0.5166,160474697.5
2023-08-22 12:00:00,0.5166,0.5206,0.5088,0.5112,319828618.3
2023-08-22 16:00:00,0.5112,0.5171,0.5028,0.5113,429302734.2
2023-08-22 20:00:00,0.5112,0.5254,0.5021,0.5206,306824952.1
2023-08-23 00:00:00,0.5207,0.5237,0.5172,0.5189,146297321.2
2023-08-23 04:00:00,0.5189,0.5226,0.5166,0.5174,146958443.1
2023-08-23 08:00:00,0.5174,0.5217,0.5167,0.5191,112580953.4
2023-08-23 12:00:00,0.519,0.5237,0.5153,0.5228,203526987.5
2023-08-23 16:00:00,0.5228,0.5365,0.522,0.5324,375660349.5
2023-08-23 20:00:00,0.5324,0.5329,0.5228,0.5298,157459202.7
2023-08-24 00:00:00,0.5298,0.5306,0.5257,0.5284,80555466.9
2023-08-24 04:00:00,0.5284,0.5316,0.5264,0.5278,103632296.4
2023-08-24 08:00:00,0.5278,0.5285,0.5224,0.5241,139174301.9
2023-08-24 12:00:00,0.5241,0.5245,0.5129,0.5147,253986453.7
2023-08-24 16:00:00,0.5147,0.5181,0.5103,0.5161,161336373.3
2023-08-24 20:00:00,0.5162,0.5195,0.5113,0.5184,103361811.7
2023-08-25 00:00:00,0.5184,0.5208,0.5126,0.5168,128157643.7
2023-08-25 04:00:00,0.5168,0.5183,0.5081,0.5095,160908569.3
2023-08-25 08:00:00,0.5095,0.5146,0.5076,0.5138,159635682.5
2023-08-25 12:00:00,0.5138,0.5255,0.5114,0.5159,432166506.3
2023-08-25 16:00:00,0.5158,0.5316,0.5138,0.5249,284004951.7
2023-08-25 20:00:00,0.525,0.5271,0.5221,0.5255,123291111.6
2023-08-26 00:00:00,0.5255,0.5264,0.5222,0.5235,67859076.6
2023-08-26 04:00:00,0.5236,0.5237,0.5177,0.5211,103112270.5
2023-08-26 08:00:00,0.521,0.524,0.5198,0.5226,71720571.7
2023-08-26 12:00:00,0.5226,0.5281,0.5206,0.5251,122230476.9
2023-08-26 16:00:00,0.5251,0.5267,0.523,0.526,77846023.5
2023-08-26 20:00:00,0.526,0.5273,0.5213,0.5227,61218650.5
2023-08-27 00:00:00,0.5227,0.5249,0.5216,0.5246,51874733.0
2023-08-27 04:00:00,0.5245,0.53,0.5243,0.527,99843234.7
2023-08-27 08:00:00,0.527,0.5294,0.5251,0.5266,92603392.2
2023-08-27 12:00:00,0.5266,0.5299,0.5259,0.5269,88846776.8
2023-08-27 16:00:00,0.5268,0.5279,0.5231,0.5246,95132741.2
2023-08-27 20:00:00,0.5247,0.5254,0.5157,0.5232,94620916.6
2023-08-28 00:00:00,0.5233,0.5234,0.5168,0.5196,125654026.3
2023-08-28 04:00:00,0.5195,0.5208,0.5146,0.5164,128173599.6
2023-08-28 08:00:00,0.5164,0.5165,0.5099,0.5164,168360890.1
2023-08-28 12:00:00,0.5164,0.5216,0.5163,0.5198,185828723.9
2023-08-28 16:00:00,0.5198,0.5241,0.518,0.5212,127601870.0
2023-08-28 20:00:00,0.5211,0.5246,0.5197,0.5227,74490669.5
2023-08-29 00:00:00,0.5228,0.5232,0.5193,0.5205,85992139.2
2023-08-29 04:00:00,0.5206,0.521,0.5152,0.5162,108507764.3
2023-08-29 08:00:00,0.5162,0.5184,0.5127,0.5154,162112069.8
2023-08-29 12:00:00,0.5154,0.5502,0.5142,0.5348,969629765.4
2023-08-29 16:00:00,0.5349,0.5442,0.5331,0.5382,358680360.5
2023-08-29 20:00:00,0.5382,0.5432,0.538,0.5395,146888580.0
2023-08-30 00:00:00,0.5394,0.5403,0.5298,0.5336,174977717.4
2023-08-30 04:00:00,0.5335,0.5355,0.5287,0.532,135396274.6
2023-08-30 08:00:00,0.532,0.5333,0.5274,0.5292,116576193.6
2023-08-30 12:00:00,0.5292,0.5311,0.5201,0.5238,265140195.0
2023-08-30 16:00:00,0.5237,0.5278,0.5229,0.5268,97487986.9
2023-08-30 20:00:00,0.5268,0.5293,0.5267,0.5279,68521919.7
2023-08-31 00:00:00,0.528,0.5281,0.5239,0.5262,69690079.2
2023-08-31 04:00:00,0.5262,0.5284,0.5239,0.5259,84172245.6
2023-08-31 08:00:00,0.5258,0.5289,0.5227,0.5261,115330847.0
2023-08-31 12:00:00,0.526,0.5263,0.5112,0.5173,264970103.5
2023-08-31 16:00:00,0.5173,0.5198,0.4936,0.5097,506829932.6
2023-08-31 20:00:00,0.5097,0.5122,0.502,0.5106,164328323.6
2023-09-01 00:00:00,0.5107,0.5117,0.507,0.51,79269891.3
2023-09-01 04:00:00,0.51,0.5105,0.5022,0.5044,171404457.1
2023-09-01 08:00:00,0.5044,0.5076,0.5021,0.5066,102419067.4
2023-09-01 12:00:00,0.5066,0.5081,0.4983,0.5013,213815448.0
2023-09-01 16:00:00,0.5014,0.502,0.4863,0.4919,372800705.6
2023-09-01 20:00:00,0.4919,0.4987,0.4913,0.4975,125819657.0
2023-09-02 00:00:00,0.4976,0.4983,0.4941,0.4977,55178756.4
2023-09-02 04:00:00,0.4977,0.4986,0.4949,0.4959,59005335.0
2023-09-02 08:00:00,0.4959,0.4979,0.4947,0.497,57103322.1
2023-09-02 12:00:00,0.4969,0.5025,0.4955,0.5002,123124700.8
2023-09-02 16:00:00,0.5002,0.501,0.4937,0.4967,102749960.9
2023-09-02 20:00:00,0.4967,0.4995,0.4951,0.4985,39741587.1
2023-09-03 00:00:00,0.4985,0.5023,0.4968,0.502,48102905.0
2023-09-03 04:00:00,0.502,0.5053,0.5004,0.5037,79684070.1
2023-09-03 08:00:00,0.5036,0.5039,0.5011,0.5022,49428574.4
2023-09-03 12:00:00,0.5023,0.5045,0.499,0.5015,89176617.3
2023-09-03 16:00:00,0.5014,0.5106,0.5014,0.5058,243642586.5
2023-09-03 20:00:00,0.5058,0.5072,0.5033,0.5044,60792886.8
2023-09-04 00:00:00,0.5044,0.5127,0.504,0.5094,115124143.1
2023-09-04 04:00:00,0.5095,0.5124,0.5006,0.5036,140995810.4
2023-09-04 08:00:00,0.5037,0.5062,0.5001,0.5008,126740663.0
2023-09-04 12:00:00,0.5008,0.504,0.4962,0.5031,173504755.6
2023-09-04 16:00:00,0.5031,0.5092,0.502,0.5086,106140371.8
2023-09-04 20:00:00,0.5087,0.5106,0.5035,0.5083,124911446.3
2023-09-05 00:00:00,0.5084,0.5086,0.5016,0.5052,102758126.7
2023-09-05 04:00:00,0.5052,0.5077,0.5018,0.5043,90572836.4
2023-09-05 08:00:00,0.5043,0.5056,0.5012,0.5035,94744552.0
2023-09-05 12:00:00,0.5036,0.505,0.4987,0.502,187978014.9
2023-09-05 16:00:00,0.502,0.5039,0.5001,0.5023,72769836.8
2023-09-05 20:00:00,0.5023,0.5063,0.5017,0.5051,58299008.9
2023-09-06 00:00:00,0.5052,0.5056,0.5029,0.504,78906400.6
2023-09-06 04:00:00,0.5041,0.5048,0.5001,0.5018,91815428.5
2023-09-06 08:00:00,0.5018,0.5021,0.4997,0.5012,66354623.6
2023-09-06 12:00:00,0.5012,0.5025,0.4927,0.4972,192959084.0
2023-09-06 16:00:00,0.4972,0.5048,0.4907,0.5007,247152814.0
2023-09-06 20:00:00,0.5007,0.5036,0.5004,0.503,49702092.0
2023-09-07 00:00:00,0.5031,0.5035,0.4995,0.5026,68314767.0
2023-09-07 04:00:00,0.5027,0.5042,0.4981,0.4998,101772492.7
2023-09-07 08:00:00,0.4997,0.5002,0.4962,0.4979,86327201.8
2023-09-07 12:00:00,0.4979,0.4999,0.4969,0.4991,87345085.9
2023-09-07 16:00:00,0.4991,0.5018,0.4988,0.5009,74533535.7
2023-09-07 20:00:00,0.5008,0.5066,0.5002,0.5046,136125702.7
2023-09-08 00:00:00,0.5047,0.5074,0.5026,0.5046,76315595.2
2023-09-08 04:00:00,0.5046,0.5065,0.502,0.5033,104977743.1
2023-09-08 08:00:00,0.5033,0.5048,0.4937,0.498,206397572.2
2023-09-08 12:00:00,0.498,0.5024,0.4975,0.5012,103280353.5
2023-09-08 16:00:00,0.5013,0.5056,0.4998,0.5047,93421401.0
2023-09-08 20:00:00,0.5047,0.5062,0.5028,0.5046,63146310.6
2023-09-09 00:00:00,0.5046,0.5046,0.5012,0.5023,44145245.5
2023-09-09 04:00:00,0.5023,0.5042,0.5012,0.5039,50284447.9
2023-09-09 08:00:00,0.5038,0.5046,0.5029,0.5035,42708035.6
2023-09-09 12:00:00,0.5034,0.5043,0.5016,0.5039,47350160.2
2023-09-09 16:00:00,0.5038,0.5043,0.5024,0.5035,29729869.3
2023-09-09 20:00:00,0.5035,0.5039,0.503,0.5035,26861731.8
2023-09-10 00:00:00,0.5034,0.5035,0.499,0.5015,69854606.8
2023-09-10 04:00:00,0.5015,0.5015,0.4949,0.4997,126565452.3
2023-09-10 08:00:00,0.4997,0.5005,0.4983,0.4991,51860391.5
2023-09-10 12:00:00,0.4991,0.4999,0.4916,0.496,126947917.4
2023-09-10 16:00:00,0.4961,0.4992,0.4925,0.498,123078507.2
2023-09-10 20:00:00,0.4979,0.501,0.4966,0.4967,87764215.6
2023-09-11 00:00:00,0.4968,0.498,0.4911,0.4964,150040861.5
2023-09-11 04:00:00,0.4964,0.4965,0.4755,0.4853,299939001.2
2023-09-11 08:00:00,0.4853,0.4853,0.4567,0.4694,497508022.2
2023-09-11 12:00:00,0.4694,0.4767,0.4687,0.4719,352973523.1
2023-09-11 16:00:00,0.4718,0.474,0.463,0.4688,212194183.6
2023-09-11 20:00:00,0.4688,0.4753,0.4668,0.474,104340209.2
2023-09-12 00:00:00,0.4739,0.4841,0.4698,0.4788,220639906.6
2023-09-12 04:00:00,0.4788,0.4808,0.471,0.4746,186598897.2
2023-09-12 08:00:00,0.4746,0.4843,0.4699,0.4787,285053450.5
2023-09-12 12:00:00,0.4787,0.4827,0.4761,0.4825,195040710.1
2023-09-12 16:00:00,0.4824,0.487,0.477,0.4815,248161140.6
2023-09-12 20:00:00,0.4815,0.4842,0.4796,0.4799,80744341.0
2023-09-13 00:00:00,0.48,0.4812,0.4768,0.4786,86286385.9
2023-09-13 04:00:00,0.4786,0.4893,0.4725,0.4746,332446573.2
2023-09-13 08:00:00,0.4745,0.4822,0.4741,0.4813,153023178.2
2023-09-13 12:00:00,0.4814,0.4843,0.4778,0.4829,178027429.1
2023-09-13 16:00:00,0.4829,0.4844,0.4791,0.4814,118284623.9
2023-09-13 20:00:00,0.4814,0.4853,0.4814,0.4829,56140465.8
2023-09-14 00:00:00,0.4828,0.487,0.4808,0.4847,145606838.3
2023-09-14 04:00:00,0.4847,0.4851,0.4796,0.481,101096987.3
2023-09-14 08:00:00,0.481,0.4837,0.4801,0.4831,76383023.2
2023-09-14 12:00:00,0.4831,0.49,0.4814,0.4877,194906494.5
2023-09-14 16:00:00,0.4877,0.4939,0.4853,0.4929,141566784.9
2023-09-14 20:00:00,0.4929,0.4935,0.4882,0.4888,76716625.8
2023-09-15 00:00:00,0.4889,0.4999,0.4887,0.4977,164883895.7
2023-09-15 04:00:00,0.4977,0.5085,0.4933,0.4935,297090923.9
2023-09-15 08:00:00,0.4936,0.4986,0.4926,0.4935,171584159.8
2023-09-15 12:00:00,0.4936,0.4945,0.487,0.4932,200786119.1
2023-09-15 16:00:00,0.4931,0.4999,0.4927,0.4977,97342126.4
2023-09-15 20:00:00,0.4978,0.5035,0.4975,0.5001,145601640.9
2023-09-16 00:00:00,0.5001,0.5032,0.4976,0.5001,100870472.0
2023-09-16 04:00:00,0.5002,0.501,0.498,0.4989,70752178.2
2023-09-16 08:00:00,0.4989,0.5022,0.4987,0.5005,96314369.9
2023-09-16 12:00:00,0.5006,0.5018,0.4965,0.4991,84621133.3
2023-09-16 16:00:00,0.499,0.5023,0.4982,0.4999,66744170.9
2023-09-16 20:00:00,0.4998,0.5007,0.4983,0.4995,45811549.2
2023-09-17 00:00:00,0.4994,0.4996,0.4918,0.4971,142776288.1
2023-09-17 04:00:00,0.4971,0.4973,0.4929,0.4943,74865220.6
2023-09-17 08:00:00,0.4944,0.4984,0.4941,0.4971,57291763.1
2023-09-17 12:00:00,0.4971,0.5001,0.4963,0.4996,69570069.8
2023-09-17 16:00:00,0.4996,0.5,0.4947,0.4968,77994634.2
2023-09-17 20:00:00,0.4968,0.4971,0.4888,0.4922,134626695.7
2023-09-18 00:00:00,0.4922,0.4977,0.4863,0.4973,168077740.4
2023-09-18 04:00:00,0.4973,0.4986,0.4906,0.491,119055668.7
2023-09-18 08:00:00,0.491,0.5017,0.4907,0.5015,184563645.2
2023-09-18 12:00:00,0.5015,0.5075,0.4991,0.5038,206161148.3
2023-09-18 16:00:00,0.5038,0.5049,0.4976,0.5036,207149857.0
2023-09-18 20:00:00,0.5037,0.5069,0.5016,0.5027,104283939.8
2023-09-19 00:00:00,0.5027,0.5154,0.5002,0.5085,193952036.6
2023-09-19 04:00:00,0.5085,0.5108,0.5032,0.5036,137265309.5
2023-09-19 08:00:00,0.5036,0.5105,0.5034,0.5092,161060250.8
2023-09-19 12:00:00,0.5092,0.5118,0.506,0.5115,154537933.3
2023-09-19 16:00:00,0.5116,0.5166,0.5077,0.5152,182305393.6
2023-09-19 20:00:00,0.5152,0.5153,0.5106,0.5134,77449891.5
2023-09-20 00:00:00,0.5134,0.5253,0.511,0.5234,207372102.2
2023-09-20 04:00:00,0.5233,0.5235,0.5127,0.5139,209465490.4
2023-09-20 08:00:00,0.514,0.5166,0.5057,0.5153,234082965.2
2023-09-20 12:00:00,0.5154,0.5193,0.5097,0.5175,162160699.2
2023-09-20 16:00:00,0.5175,0.522,0.5106,0.5161,270142357.6
2023-09-20 20:00:00,0.516,0.5249,0.5132,0.5209,135939554.3
2023-09-21 00:00:00,0.521,0.5211,0.5126,0.5182,121163052.7
2023-09-21 04:00:00,0.5182,0.5183,0.5083,0.5093,150327779.2
2023-09-21 08:00:00,0.5092,0.5116,0.5003,0.5051,246354229.8
2023-09-21 12:00:00,0.505,0.5065,0.5,0.5047,142807158.1
2023-09-21 16:00:00,0.5048,0.511,0.5036,0.5107,112189085.5
2023-09-21 20:00:00,0.5107,0.5109,0.5051,0.5068,76034300.6
2023-09-22 00:00:00,0.5069,0.5128,0.5033,0.5123,112991782.3
2023-09-22 04:00:00,0.5124,0.514,0.5071,0.5114,116495241.4
2023-09-22 08:00:00,0.5114,0.5139,0.5068,0.5095,105340624.9
2023-09-22 12:00:00,0.5095,0.512,0.5087,0.5104,82998324.0
2023-09-22 16:00:00,0.5103,0.5168,0.5082,0.5146,166466095.3
2023-09-22 20:00:00,0.5146,0.5155,0.5107,0.512,82906158.9
2023-09-23 00:00:00,0.5119,0.513,0.5101,0.511,58548562.8
2023-09-23 04:00:00,0.511,0.5135,0.5102,0.5117,49765599.2
2023-09-23 08:00:00,0.5117,0.5131,0.5109,0.5123,37652495.6
2023-09-23 12:00:00,0.5123,0.5125,0.5077,0.5097,80198482.7
2023-09-23 16:00:00,0.5096,0.5108,0.5081,0.5098,40325006.1
2023-09-23 20:00:00,0.5098,0.51,0.5051,0.5073,54923795.4
2023-09-24 00:00:00,0.5073,0.5093,0.5057,0.5075,58441086.6
2023-09-24 04:00:00,0.5076,0.5088,0.5071,0.508,30649606.5
2023-09-24 08:00:00,0.5079,0.5115,0.5078,0.5109,46329766.5
2023-09-24 12:00:00,0.5109,0.5114,0.508,0.5091,51508098.4
2023-09-24 16:00:00,0.5091,0.5106,0.505,0.5064,90094690.6
2023-09-24 20:00:00,0.5064,0.5075,0.4971,0.5017,114510540.6
2023-09-25 00:00:00,0.5017,0.5037,0.4952,0.5018,147440134.2
2023-09-25 04:00:00,0.5017,0.5032,0.4908,0.4959,217529799.4
2023-09-25 08:00:00,0.496,0.4968,0.4929,0.4953,107089911.5
2023-09-25 12:00:00,0.4954,0.4997,0.494,0.4989,114264884.1
2023-09-25 16:00:00,0.4989,0.5069,0.4989,0.5058,202591296.5
2023-09-25 20:00:00,0.5059,0.5069,0.5014,0.5051,96779370.5
2023-09-26 00:00:00,0.5052,0.5074,0.5016,0.5054,91862272.4
2023-09-26 04:00:00,0.5054,0.5062,0.4985,0.5014,140386927.4
2023-09-26 08:00:00,0.5015,0.5025,0.4978,0.501,136511697.5
2023-09-26 12:00:00,0.5009,0.5025,0.4991,0.5001,118869239.9
2023-09-26 16:00:00,0.5001,0.5056,0.4996,0.5046,127468245.2
2023-09-26 20:00:00,0.5047,0.506,0.4948,0.5015,116517248.3
2023-09-27 00:00:00,0.5014,0.5037,0.4992,0.5028,63959370.0
2023-09-27 04:00:00,0.5028,0.503,0.4966,0.4995,124772228.8
2023-09-27 08:00:00,0.4996,0.507,0.4968,0.5063,185636604.9
2023-09-27 12:00:00,0.5063,0.5068,0.4993,0.5012,193657967.2
2023-09-27 16:00:00,0.5013,0.505,0.4999,0.5041,103809298.4
2023-09-27 20:00:00,0.5041,0.5049,0.4985,0.4992,81658886.4
2023-09-28 00:00:00,0.4992,0.5012,0.4976,0.4977,85309582.7
2023-09-28 04:00:00,0.4977,0.4989,0.495,0.4973,123257982.2
2023-09-28 08:00:00,0.4973,0.503,0.496,0.5015,154555534.8
2023-09-28 12:00:00,0.5015,0.5051,0.499,0.5048,160301719.7
2023-09-28 16:00:00,0.5048,0.5099,0.5041,0.5075,183509328.4
2023-09-28 20:00:00,0.5075,0.5095,0.5055,0.5093,54389541.4
2023-09-29 00:00:00,0.5093,0.5128,0.5089,0.5091,105830060.7
2023-09-29 04:00:00,0.5091,0.5099,0.5058,0.5078,123594270.4
2023-09-29 08:00:00,0.5078,0.512,0.5062,0.5116,107100777.9
2023-09-29 12:00:00,0.5117,0.5495,0.5114,0.5317,1380696932.6
2023-09-29 16:00:00,0.5318,0.5359,0.5263,0.5323,314397019.2
2023-09-29 20:00:00,0.5323,0.5369,0.5163,0.5211,348490986.4
2023-09-30 00:00:00,0.5211,0.5214,0.5128,0.5168,172685291.7
2023-09-30 04:00:00,0.5168,0.518,0.5147,0.5151,88921704.4
2023-09-30 08:00:00,0.5151,0.5197,0.5145,0.517,125339386.6
2023-09-30 12:00:00,0.517,0.518,0.5146,0.5164,102346844.8
2023-09-30 16:00:00,0.5163,0.519,0.5151,0.5179,88336451.2
2023-09-30 20:00:00,0.5179,0.5182,0.5132,0.5146,76719226.1
2023-10-01 00:00:00,0.5147,0.5167,0.5133,0.5167,61363880.7
2023-10-01 04:00:00,0.5167,0.518,0.5152,0.5176,51512027.6
2023-10-01 08:00:00,0.5175,0.5226,0.5164,0.5208,130850922.6
2023-10-01 12:00:00,0.5209,0.5217,0.5165,0.5187,125237146.2
2023-10-01 16:00:00,0.5187,0.5189,0.5144,0.5161,88056032.3
2023-10-01 20:00:00,0.5162,0.5262,0.5149,0.524,206316406.9
2023-10-02 00:00:00,0.5239,0.5266,0.5211,0.5253,120300329.3
2023-10-02 04:00:00,0.5253,0.5253,0.5192,0.522,158283097.4
2023-10-02 08:00:00,0.5219,0.5247,0.5206,0.5208,113096591.6
2023-10-02 12:00:00,0.5207,0.524,0.5151,0.5172,188296000.6
2023-10-02 16:00:00,0.5171,0.5233,0.4955,0.5162,342369448.3
2023-10-02 20:00:00,0.5161,0.5165,0.5086,0.5119,121892767.7
2023-10-03 00:00:00,0.512,0.5144,0.5095,0.5135,70042486.1
2023-10-03 04:00:00,0.5135,0.5137,0.506,0.5095,120452045.2
2023-10-03 08:00:00,0.5095,0.5111,0.5066,0.5094,98732914.2
2023-10-03 12:00:00,0.5094,0.5129,0.5047,0.5075,148591165.1
2023-10-03 16:00:00,0.5075,0.5141,0.5066,0.5141,126429547.4
2023-10-03 20:00:00,0.5141,0.5476,0.5084,0.5386,909853767.7
2023-10-04 00:00:00,0.5387,0.5423,0.5173,0.5353,839688133.8
2023-10-04 04:00:00,0.5353,0.5358,0.5242,0.532,363941345.2
2023-10-04 08:00:00,0.5319,0.5366,0.5275,0.5329,328733792.5
2023-10-04 12:00:00,0.5328,0.5352,0.5262,0.5285,338255303.6
2023-10-04 16:00:00,0.5285,0.5392,0.5255,0.5294,422165269.8
2023-10-04 20:00:00,0.5294,0.534,0.5283,0.5323,115096423.6
2023-10-05 00:00:00,0.5323,0.5323,0.5265,0.5291,122511155.3
2023-10-05 04:00:00,0.5292,0.5297,0.5204,0.523,199408913.2
2023-10-05 08:00:00,0.523,0.5254,0.5211,0.5224,123302402.7
2023-10-05 12:00:00,0.5225,0.5271,0.5148,0.5186,292731303.7
2023-10-05 16:00:00,0.5186,0.5254,0.5171,0.5219,198938540.8
2023-10-05 20:00:00,0.5218,0.5246,0.5214,0.5223,59290854.2
2023-10-06 00:00:00,0.5223,0.5268,0.5221,0.5251,72600927.6
2023-10-06 04:00:00,0.5251,0.5255,0.5185,0.5199,127349584.0
2023-10-06 08:00:00,0.5198,0.5228,0.5189,0.5204,105036074.8
2023-10-06 12:00:00,0.5204,0.5253,0.516,0.5242,170111968.6
2023-10-06 16:00:00,0.5242,0.5265,0.5226,0.5254,99569325.6
2023-10-06 20:00:00,0.5253,0.53,0.5248,0.5251,85717977.8
2023-10-07 00:00:00,0.5251,0.5255,0.5231,0.5233,43010920.6
2023-10-07 04:00:00,0.5233,0.5242,0.5203,0.5223,84506328.6
2023-10-07 08:00:00,0.5222,0.5235,0.5212,0.5219,43893468.0
2023-10-07 12:00:00,0.5219,0.5233,0.521,0.5223,43057251.9
2023-10-07 16:00:00,0.5223,0.5229,0.5193,0.5205,50749575.1
2023-10-07 20:00:00,0.5204,0.522,0.5203,0.5212,25638664.3
2023-10-08 00:00:00,0.5213,0.5232,0.5209,0.5224,32972288.9
2023-10-08 04:00:00,0.5224,0.5226,0.5196,0.5214,40070999.3
2023-10-08 08:00:00,0.5213,0.5218,0.5186,0.5187,49975187.8
2023-10-08 12:00:00,0.5186,0.5213,0.5149,0.5173,78782714.6
2023-10-08 16:00:00,0.5173,0.5186,0.5166,0.5178,67443853.3
2023-10-08 20:00:00,0.5178,0.519,0.5158,0.5172,35735281.7
2023-10-09 00:00:00,0.5171,0.5199,0.5128,0.5183,108392431.2
2023-10-09 04:00:00,0.5184,0.5191,0.5108,0.5142,121664845.6
2023-10-09 08:00:00,0.5142,0.5145,0.482,0.4977,466933538.8
2023-10-09 12:00:00,0.4976,0.5024,0.4969,0.4982,121098647.6
2023-10-09 16:00:00,0.4982,0.5017,0.4901,0.5008,231473220.0
2023-10-09 20:00:00,0.5008,0.5066,0.5004,0.5023,89946161.6
2023-10-10 00:00:00,0.5024,0.5024,0.4976,0.4998,91433657.5
2023-10-10 04:00:00,0.4998,0.5011,0.495,0.4996,103385428.9
2023-10-10 08:00:00,0.4997,0.5013,0.4955,0.4965,111092675.3
2023-10-10 12:00:00,0.4964,0.4975,0.4914,0.4939,173963736.0
2023-10-10 16:00:00,0.4939,0.4993,0.4927,0.4992,145422126.2
2023-10-10 20:00:00,0.4993,0.4999,0.495,0.4962,70977307.1
2023-10-11 00:00:00,0.4962,0.4975,0.483,0.4895,185163358.7
2023-10-11 04:00:00,0.4895,0.4909,0.4812,0.4824,220085273.2
2023-10-11 08:00:00,0.4824,0.4887,0.4813,0.4868,153523754.8
2023-10-11 12:00:00,0.4867,0.4884,0.4817,0.4828,147594256.6
2023-10-11 16:00:00,0.4828,0.4877,0.4781,0.485,206885936.1
2023-10-11 20:00:00,0.4849,0.4888,0.4846,0.4884,49089148.1
2023-10-12 00:00:00,0.4884,0.4884,0.4834,0.4855,71463752.5
2023-10-12 04:00:00,0.4856,0.4866,0.4812,0.4819,136943267.3
2023-10-12 08:00:00,0.482,0.4822,0.4737,0.4799,274377413.6
2023-10-12 12:00:00,0.4799,0.4806,0.4765,0.4776,112921662.4
2023-10-12 16:00:00,0.4776,0.4833,0.4715,0.4811,208018925.4
2023-10-12 20:00:00,0.4811,0.4845,0.4805,0.4828,55750373.9
2023-10-13 00:00:00,0.4828,0.485,0.482,0.4824,75664158.3
2023-10-13 04:00:00,0.4825,0.4829,0.4787,0.4822,104056283.7
2023-10-13 08:00:00,0.4822,0.4831,0.4788,0.4795,79840665.1
2023-10-13 12:00:00,0.4795,0.4845,0.4784,0.4807,152928850.8
2023-10-13 16:00:00,0.4808,0.4835,0.4792,0.4833,74499119.8
2023-10-13 20:00:00,0.4834,0.4906,0.4826,0.4849,187655468.3
2023-10-14 00:00:00,0.4849,0.4863,0.484,0.485,52159662.3
2023-10-14 04:00:00,0.485,0.4862,0.4831,0.4835,39173039.5
2023-10-14 08:00:00,0.4835,0.4859,0.4835,0.4852,35308750.4
2023-10-14 12:00:00,0.4852,0.4874,0.4844,0.4873,53677936.0
2023-10-14 16:00:00,0.4872,0.4881,0.4854,0.4859,43361163.5
2023-10-14 20:00:00,0.4859,0.4871,0.4854,0.4862,33547618.7
2023-10-15 00:00:00,0.4863,0.4878,0.4847,0.4855,45226072.0
2023-10-15 04:00:00,0.4854,0.4862,0.485,0.4861,23821913.1
2023-10-15 08:00:00,0.4862,0.488,0.4857,0.4865,46238270.9
2023-10-15 12:00:00,0.4866,0.4879,0.485,0.4866,74500727.2
2023-10-15 16:00:00,0.4866,0.4899,0.4863,0.4877,74632399.2
2023-10-15 20:00:00,0.4877,0.49,0.4864,0.4871,66011020.0
2023-10-16 00:00:00,0.4872,0.4884,0.4857,0.4874,59419785.8
2023-10-16 04:00:00,0.4873,0.4973,0.4833,0.4929,276854878.5
2023-10-16 08:00:00,0.4929,0.495,0.4896,0.4939,127728255.7
2023-10-16 12:00:00,0.494,0.511,0.491,0.4919,572024329.1
2023-10-16 16:00:00,0.492,0.4978,0.4902,0.4961,135207474.9
2023-10-16 20:00:00,0.4961,0.4988,0.4938,0.4973,91293727.5
2023-10-17 00:00:00,0.4973,0.4976,0.4921,0.4924,83137154.3
2023-10-17 04:00:00,0.4925,0.4926,0.4875,0.4913,119750492.6
2023-10-17 08:00:00,0.4913,0.4924,0.4868,0.4923,151687393.9
2023-10-17 12:00:00,0.4923,0.4923,0.4825,0.4899,201116079.7
2023-10-17 16:00:00,0.4899,0.4929,0.4892,0.4927,78100241.7
2023-10-17 20:00:00,0.4926,0.4935,0.4902,0.4908,62379889.7
2023-10-18 00:00:00,0.4909,0.491,0.4883,0.4902,77732869.0
2023-10-18 04:00:00,0.4901,0.4921,0.4877,0.4889,117427521.5
2023-10-18 08:00:00,0.4888,0.4905,0.4863,0.4901,122334135.0
2023-10-18 12:00:00,0.4902,0.4906,0.4867,0.4871,88925790.1
2023-10-18 16:00:00,0.487,0.4921,0.4869,0.489,126436804.8
2023-10-18 20:00:00,0.489,0.4899,0.485,0.4874,80843592.8
2023-10-19 00:00:00,0.4874,0.4879,0.4787,0.4829,159063975.8
2023-10-19 04:00:00,0.483,0.4836,0.4751,0.4796,148500597.2
2023-10-19 08:00:00,0.4796,0.4833,0.4779,0.4821,122303127.0
2023-10-19 12:00:00,0.4821,0.4868,0.4816,0.4864,119470406.7
2023-10-19 16:00:00,0.4865,0.4891,0.4848,0.4886,96775400.1
2023-10-19 20:00:00,0.4885,0.5242,0.4878,0.5193,1337914992.7
2023-10-20 00:00:00,0.5193,0.5305,0.5118,0.5203,715440458.4
2023-10-20 04:00:00,0.5203,0.5209,0.5083,0.5095,304777033.6
2023-10-20 08:00:00,0.5094,0.5211,0.5093,0.5156,394277475.1
2023-10-20 12:00:00,0.5157,0.53,0.514,0.5236,415767169.3
2023-10-20 16:00:00,0.5236,0.5239,0.5157,0.5213,245608376.6
2023-10-20 20:00:00,0.5213,0.5234,0.5139,0.5146,155856355.5
2023-10-21 00:00:00,0.5146,0.5152,0.5105,0.5138,125200289.2
2023-10-21 04:00:00,0.5137,0.5172,0.5119,0.5171,95926067.1
2023-10-21 08:00:00,0.5172,0.5185,0.5152,0.5174,98336730.9
2023-10-21 12:00:00,0.5174,0.535,0.5146,0.5233,393757061.2
2023-10-21 16:00:00,0.5233,0.527,0.5211,0.5213,180947666.8
2023-10-21 20:00:00,0.5214,0.524,0.5182,0.5205,113434591.5
2023-10-22 00:00:00,0.5205,0.5238,0.5163,0.5199,118932095.0
2023-10-22 04:00:00,0.5199,0.5239,0.5097,0.5159,184444335.3
2023-10-22 08:00:00,0.5158,0.5184,0.5143,0.5159,114604966.9
2023-10-22 12:00:00,0.516,0.5188,0.5157,0.5182,82167279.4
2023-10-22 16:00:00,0.5182,0.5229,0.5176,0.5202,125593893.5
2023-10-22 20:00:00,0.5203,0.5237,0.5169,0.5225,105747916.7
2023-10-23 00:00:00,0.5225,0.5274,0.5197,0.5239,253852670.7
2023-10-23 04:00:00,0.5239,0.5302,0.5206,0.5237,314552335.1
2023-10-23 08:00:00,0.5237,0.5357,0.5223,0.5312,489012632.4
2023-10-23 12:00:00,0.5312,0.5381,0.5245,0.5319,384676160.6
2023-10-23 16:00:00,0.532,0.5358,0.5289,0.5352,286917555.1
2023-10-23 20:00:00,0.5353,0.554,0.5333,0.5476,634810318.3
2023-10-24 00:00:00,0.5476,0.5574,0.5428,0.5447,515147104.6
2023-10-24 04:00:00,0.5446,0.549,0.5355,0.5406,341342399.2
2023-10-24 08:00:00,0.5406,0.5538,0.5393,0.5524,330842049.9
2023-10-24 12:00:00,0.5523,0.5868,0.5286,0.5536,1578283242.3
2023-10-24 16:00:00,0.5537,0.5647,0.5451,0.5597,468831209.2
2023-10-24 20:00:00,0.5597,0.5634,0.5524,0.5586,242914585.4
2023-10-25 00:00:00,0.5585,0.561,0.5504,0.5532,232156658.9
2023-10-25 04:00:00,0.5532,0.5573,0.54,0.5439,244019606.3
2023-10-25 08:00:00,0.544,0.5548,0.5405,0.5518,204670030.1
2023-10-25 12:00:00,0.5518,0.561,0.5504,0.5585,261636203.5
2023-10-25 16:00:00,0.5585,0.5641,0.55,0.5561,364111406.3
2023-10-25 20:00:00,0.5561,0.5571,0.5509,0.5551,136942437.5
2023-10-26 00:00:00,0.5552,0.5584,0.5523,0.5569,140500343.9
2023-10-26 04:00:00,0.5569,0.5588,0.5483,0.5581,237275893.2
2023-10-26 08:00:00,0.5582,0.57,0.5511,0.556,475623929.3
2023-10-26 12:00:00,0.5561,0.5614,0.542,0.5475,384641537.4
2023-10-26 16:00:00,0.5475,0.5544,0.5447,0.551,184923481.5
2023-10-26 20:00:00,0.551,0.555,0.5497,0.5535,79448310.9
2023-10-27 00:00:00,0.5536,0.559,0.5485,0.5525,224647623.4
2023-10-27 04:00:00,0.5525,0.5528,0.5452,0.5455,140224650.1
2023-10-27 08:00:00,0.5455,0.5523,0.5452,0.5493,114280122.9
2023-10-27 12:00:00,0.5493,0.5557,0.5479,0.5551,179505685.6
2023-10-27 16:00:00,0.5551,0.5552,0.524,0.5451,317021205.9
2023-10-27 20:00:00,0.5452,0.547,0.5419,0.5432,70512726.8
2023-10-28 00:00:00,0.5433,0.5458,0.5406,0.5456,77441885.0
2023-10-28 04:00:00,0.5456,0.5471,0.5439,0.5451,50828606.0
2023-10-28 08:00:00,0.5452,0.5507,0.545,0.5472,82964838.8
2023-10-28 12:00:00,0.5471,0.548,0.5432,0.5477,75489631.1
2023-10-28 16:00:00,0.5477,0.5478,0.5444,0.5447,42550384.6
2023-10-28 20:00:00,0.5446,0.5478,0.5441,0.5447,38029710.2
2023-10-29 00:00:00,0.5448,0.546,0.5404,0.5427,62716601.6
2023-10-29 04:00:00,0.5427,0.548,0.5422,0.5474,47260021.5
2023-10-29 08:00:00,0.5473,0.5563,0.5472,0.5556,146303644.5
2023-10-29 12:00:00,0.5555,0.5578,0.5524,0.557,139678291.9
2023-10-29 16:00:00,0.5571,0.5619,0.555,0.5587,132016760.8
2023-10-29 20:00:00,0.5588,0.5602,0.5549,0.5564,69668261.7
2023-10-30 00:00:00,0.5564,0.5577,0.5508,0.5549,81711605.1
2023-10-30 04:00:00,0.5549,0.5551,0.5494,0.5527,112402885.9
2023-10-30 08:00:00,0.5528,0.568,0.5514,0.5632,220383418.5
2023-10-30 12:00:00,0.5632,0.5847,0.5623,0.5781,515481150.4
2023-10-30 16:00:00,0.5781,0.5843,0.5691,0.5826,305477926.6
2023-10-30 20:00:00,0.5826,0.5828,0.5757,0.5786,115517069.2
2023-10-31 00:00:00,0.5786,0.5812,0.5734,0.5743,167758280.9
2023-10-31 04:00:00,0.5744,0.5764,0.5668,0.5685,187901951.9
2023-10-31 08:00:00,0.5686,0.6267,0.563,0.6044,823164811.7
2023-10-31 12:00:00,0.6045,0.6142,0.5819,0.5954,786214261.8
2023-10-31 16:00:00,0.5955,0.6048,0.5923,0.5994,285932434.2
2023-10-31 20:00:00,0.5995,0.6035,0.5938,0.5997,120644746.9
2023-11-01 00:00:00,0.5997,0.6,0.5922,0.5927,108010796.8
2023-11-01 04:00:00,0.5928,0.6093,0.5802,0.5987,394840370.5
2023-11-01 08:00:00,0.5986,0.6048,0.5962,0.6031,264231948.9
2023-11-01 12:00:00,0.6031,0.6118,0.5929,0.5971,412394889.7
2023-11-01 16:00:00,0.5971,0.6139,0.5948,0.6091,376019330.4
2023-11-01 20:00:00,0.609,0.6177,0.6073,0.6091,189545013.4
2023-11-02 00:00:00,0.6091,0.6137,0.6052,0.6121,150086873.4
2023-11-02 04:00:00,0.612,0.6126,0.603,0.6057,171068722.6
2023-11-02 08:00:00,0.6057,0.6255,0.6014,0.6173,412851721.4
2023-11-02 12:00:00,0.6174,0.6273,0.6014,0.6041,453065189.7
2023-11-02 16:00:00,0.6041,0.614,0.5857,0.6103,372590418.5
2023-11-02 20:00:00,0.6102,0.6121,0.6026,0.6057,120333413.2
2023-11-03 00:00:00,0.6058,0.6061,0.5914,0.601,155949333.1
2023-11-03 04:00:00,0.601,0.6017,0.5922,0.5968,123854729.3
2023-11-03 08:00:00,0.5969,0.6083,0.5952,0.6031,196363525.3
2023-11-03 12:00:00,0.603,0.6135,0.6011,0.6119,189469332.5
2023-11-03 16:00:00,0.6118,0.6126,0.604,0.6108,135106709.3
2023-11-03 20:00:00,0.6108,0.6154,0.6101,0.6124,79471761.7
2023-11-04 00:00:00,0.6124,0.6128,0.6091,0.6119,56732383.4
2023-11-04 04:00:00,0.6119,0.6176,0.6102,0.6147,108244347.8
2023-11-04 08:00:00,0.6147,0.6186,0.613,0.6144,91425718.4
2023-11-04 12:00:00,0.6144,0.6154,0.6084,0.6104,92394822.3
2023-11-04 16:00:00,0.6103,0.6136,0.6099,0.6125,47686365.4
2023-11-04 20:00:00,0.6125,0.618,0.6119,0.6156,57633587.1
2023-11-05 00:00:00,0.6155,0.6309,0.6141,0.6255,210142880.7
2023-11-05 04:00:00,0.6254,0.627,0.6196,0.6228,86043917.0
2023-11-05 08:00:00,0.6227,0.6555,0.6197,0.6462,437591370.5
2023-11-05 12:00:00,0.6462,0.6504,0.6275,0.6445,358677564.5
2023-11-05 16:00:00,0.6446,0.6615,0.6432,0.6546,254401650.1
2023-11-05 20:00:00,0.6545,0.6635,0.6435,0.661,206363182.7
2023-11-06 00:00:00,0.661,0.6893,0.6588,0.6817,464096645.6
2023-11-06 04:00:00,0.6817,0.6847,0.6678,0.6816,278570464.5
2023-11-06 08:00:00,0.6816,0.7037,0.677,0.7028,472693545.8
2023-11-06 12:00:00,0.7029,0.7333,0.7002,0.7178,893879146.2
2023-11-06 16:00:00,0.7178,0.7198,0.704,0.7159,389318326.2
2023-11-06 20:00:00,0.716,0.725,0.7086,0.7153,246558503.8
2023-11-07 00:00:00,0.7153,0.716,0.6464,0.6907,654892637.6
2023-11-07 04:00:00,0.6907,0.6964,0.679,0.6948,236378863.4
2023-11-07 08:00:00,0.6948,0.702,0.6659,0.6835,434796200.8
2023-11-07 12:00:00,0.6835,0.69,0.665,0.6722,379850357.8
2023-11-07 16:00:00,0.6723,0.692,0.6552,0.6893,451618763.3
2023-11-07 20:00:00,0.6893,0.6966,0.6773,0.6852,224245595.1
2023-11-08 00:00:00,0.6852,0.6922,0.6788,0.6853,148046580.4
2023-11-08 04:00:00,0.6853,0.6877,0.6728,0.6748,187791308.5
2023-11-08 08:00:00,0.6748,0.699,0.6731,0.6931,307318812.5
2023-11-08 12:00:00,0.6932,0.6966,0.6792,0.6845,252713527.1
2023-11-08 16:00:00,0.6844,0.6938,0.682,0.6901,207638295.1
2023-11-08 20:00:00,0.6901,0.6946,0.6815,0.6876,181179394.0
2023-11-09 00:00:00,0.6876,0.6955,0.6811,0.6916,189035395.1
2023-11-09 04:00:00,0.6915,0.7078,0.691,0.6955,288935427.8
2023-11-09 08:00:00,0.6955,0.7061,0.6898,0.6955,274588195.2
2023-11-09 12:00:00,0.6955,0.705,0.6621,0.6873,768014425.9
2023-11-09 16:00:00,0.6873,0.6903,0.6006,0.6583,857328146.8
2023-11-09 20:00:00,0.6583,0.6689,0.6428,0.667,239634015.9
2023-11-10 00:00:00,0.6671,0.672,0.658,0.6667,203326739.0
2023-11-10 04:00:00,0.6667,0.6679,0.6525,0.6541,191621670.3
2023-11-10 08:00:00,0.6541,0.6631,0.6451,0.6616,216449304.8
2023-11-10 12:00:00,0.6616,0.6617,0.6344,0.6453,266162033.7
2023-11-10 16:00:00,0.6474,0.664,0.6467,0.6595,237813727.7
2023-11-10 20:00:00,0.6595,0.6655,0.6565,0.6599,133052247.4
2023-11-11 00:00:00,0.6599,0.6658,0.6466,0.6494,228330717.7
2023-11-11 04:00:00,0.6494,0.6618,0.6401,0.6608,177618621.8
2023-11-11 08:00:00,0.6609,0.6883,0.66,0.6679,342069875.7
2023-11-11 12:00:00,0.668,0.6803,0.6655,0.6736,205907937.8
2023-11-11 16:00:00,0.6737,0.6813,0.6666,0.6749,171135136.1
2023-11-11 20:00:00,0.675,0.6751,0.6531,0.6634,174552964.1
2023-11-12 00:00:00,0.6633,0.6647,0.6454,0.661,172147691.2
2023-11-12 04:00:00,0.661,0.6697,0.6572,0.6684,113118579.4
2023-11-12 08:00:00,0.6683,0.6717,0.6641,0.6658,139168507.5
2023-11-12 12:00:00,0.6659,0.6678,0.6581,0.6648,141087589.4
2023-11-12 16:00:00,0.6648,0.666,0.6586,0.6615,82152469.9
2023-11-12 20:00:00,0.6614,0.6675,0.657,0.6618,84503264.6
2023-11-13 00:00:00,0.6619,0.6689,0.6527,0.6544,155942330.8
2023-11-13 04:00:00,0.6543,0.6601,0.6482,0.6566,147270596.9
2023-11-13 08:00:00,0.6567,0.6605,0.646,0.6512,140616302.7
2023-11-13 12:00:00,0.6513,0.6541,0.6396,0.6508,207978026.2
2023-11-13 16:00:00,0.6508,0.6549,0.6429,0.6524,130003699.2
2023-11-13 20:00:00,0.6525,0.7535,0.64,0.6706,2124964482.1
2023-11-14 00:00:00,0.6705,0.6732,0.6563,0.6601,257545620.5
2023-11-14 04:00:00,0.6601,0.6706,0.6592,0.6647,135176733.6
2023-11-14 08:00:00,0.6647,0.6711,0.6474,0.6508,311150533.0
2023-11-14 12:00:00,0.6508,0.6644,0.6446,0.6541,308255545.8
2023-11-14 16:00:00,0.6542,0.6567,0.587,0.6224,691801322.3
2023-11-14 20:00:00,0.6223,0.6331,0.6207,0.6294,190018282.3
2023-11-15 00:00:00,0.6295,0.6314,0.6252,0.6266,118932608.3
2023-11-15 04:00:00,0.6266,0.6356,0.6265,0.6296,128060494.6
2023-11-15 08:00:00,0.6296,0.6411,0.6296,0.6405,157831398.1
2023-11-15 12:00:00,0.6404,0.6411,0.6353,0.6403,165920098.9
2023-11-15 16:00:00,0.6403,0.6468,0.6319,0.6464,299547330.7
2023-11-15 20:00:00,0.6465,0.6506,0.6401,0.6482,144807182.4
2023-11-16 00:00:00,0.6483,0.6499,0.6432,0.6467,114578766.0
2023-11-16 04:00:00,0.6467,0.6537,0.6459,0.6516,128362065.6
2023-11-16 08:00:00,0.6517,0.6527,0.6382,0.6418,201187105.6
2023-11-16 12:00:00,0.6417,0.642,0.6097,0.622,390000078.8
2023-11-16 16:00:00,0.6221,0.6276,0.603,0.6165,283695069.3
2023-11-16 20:00:00,0.6166,0.6194,0.6058,0.612,197886367.9
2023-11-17 00:00:00,0.612,0.6237,0.6108,0.6218,134400061.7
2023-11-17 04:00:00,0.6217,0.6244,0.6153,0.6156,116628321.5
2023-11-17 08:00:00,0.6157,0.6194,0.6077,0.6128,178930159.8
2023-11-17 12:00:00,0.6127,0.6144,0.5851,0.59,399757776.1
2023-11-17 16:00:00,0.59,0.6095,0.5874,0.6069,224930397.4
2023-11-17 20:00:00,0.6069,0.6162,0.6061,0.6133,115596569.2
2023-11-18 00:00:00,0.6134,0.6135,0.6022,0.6029,97806744.2
2023-11-18 04:00:00,0.6029,0.6062,0.5887,0.6009,185311979.2
2023-11-18 08:00:00,0.6009,0.6085,0.5986,0.6034,117022692.2
2023-11-18 12:00:00,0.6034,0.6093,0.5973,0.6076,151620448.7
2023-11-18 16:00:00,0.6076,0.6146,0.6056,0.6134,129870723.2
2023-11-18 20:00:00,0.6134,0.614,0.6067,0.611,81631764.0
2023-11-19 00:00:00,0.6109,0.611,0.6013,0.6077,127452140.0
2023-11-19 04:00:00,0.6076,0.611,0.6068,0.6103,83688568.4
2023-11-19 08:00:00,0.6104,0.6139,0.6076,0.6092,117586456.9
2023-11-19 12:00:00,0.6092,0.626,0.6085,0.6209,329350527.5
2023-11-19 16:00:00,0.621,0.6266,0.618,0.6248,140917735.6
2023-11-19 20:00:00,0.6249,0.6288,0.6212,0.626,143249724.7
2023-11-20 00:00:00,0.626,0.6269,0.6215,0.6232,117422506.9
2023-11-20 04:00:00,0.6232,0.6248,0.6158,0.6228,159919656.6
2023-11-20 08:00:00,0.6228,0.6288,0.6193,0.6235,149216922.6
2023-11-20 12:00:00,0.6235,0.6243,0.6099,0.6194,217319520.6
2023-11-20 16:00:00,0.6194,0.6235,0.6126,0.6189,221345529.3
2023-11-20 20:00:00,0.6189,0.6201,0.6058,0.6122,137119704.7
2023-11-21 00:00:00,0.6122,0.6181,0.6057,0.6139,126594111.3
2023-11-21 04:00:00,0.6139,0.6168,0.606,0.6101,121366101.8
2023-11-21 08:00:00,0.6101,0.6178,0.6078,0.6116,151640261.8
2023-11-21 12:00:00,0.6115,0.6161,0.5919,0.6044,330981659.4
2023-11-21 16:00:00,0.6044,0.6065,0.5798,0.5952,356949958.8
2023-11-21 20:00:00,0.5952,0.6023,0.572,0.5786,260232067.7
2023-11-22 00:00:00,0.5786,0.5933,0.5773,0.593,116195548.1
2023-11-22 04:00:00,0.5931,0.5975,0.5884,0.5932,133305939.7
2023-11-22 08:00:00,0.5932,0.5985,0.5908,0.5943,132480798.9
2023-11-22 12:00:00,0.5943,0.5986,0.5916,0.5934,112704025.6
2023-11-22 16:00:00,0.5935,0.6135,0.592,0.6093,205536387.8
2023-11-22 20:00:00,0.6093,0.6164,0.6082,0.6113,176887589.1
2023-11-23 00:00:00,0.6113,0.6152,0.6084,0.6113,99898362.6
2023-11-23 04:00:00,0.6112,0.612,0.6061,0.6116,118510889.4
2023-11-23 08:00:00,0.6117,0.6235,0.61,0.6138,240742395.3
2023-11-23 12:00:00,0.6137,0.6229,0.6094,0.6162,196377521.2
2023-11-23 16:00:00,0.6161,0.624,0.6133,0.6215,158636483.0
2023-11-23 20:00:00,0.6215,0.6231,0.6178,0.6211,89872206.5
2023-11-24 00:00:00,0.6211,0.6253,0.6204,0.6207,94160700.9
2023-11-24 04:00:00,0.6206,0.6253,0.6176,0.624,159369390.4
2023-11-24 08:00:00,0.6239,0.6262,0.6197,0.6206,152998363.8
2023-11-24 12:00:00,0.6205,0.625,0.6155,0.6223,138879275.9
2023-11-24 16:00:00,0.6222,0.625,0.6157,0.6192,133922165.0
2023-11-24 20:00:00,0.6192,0.6228,0.6174,0.6212,81054142.8
2023-11-25 00:00:00,0.6211,0.6234,0.6188,0.6217,69118611.1
2023-11-25 04:00:00,0.6217,0.6226,0.6196,0.6226,56380114.3
2023-11-25 08:00:00,0.6226,0.6232,0.6156,0.6179,106660092.9
2023-11-25 12:00:00,0.6179,0.6198,0.6166,0.6194,62358901.1
2023-11-25 16:00:00,0.6194,0.6219,0.6194,0.6207,55813779.0
2023-11-25 20:00:00,0.6207,0.6239,0.6192,0.6227,47025259.1
2023-11-26 00:00:00,0.6227,0.6231,0.6186,0.6201,66001621.8
2023-11-26 04:00:00,0.6201,0.6222,0.6192,0.6218,48688091.5
2023-11-26 08:00:00,0.6218,0.6364,0.62,0.63,247575950.7
2023-11-26 12:00:00,0.6301,0.6378,0.6175,0.6223,289760276.3
2023-11-26 16:00:00,0.6223,0.6234,0.605,0.618,266060763.5
2023-11-26 20:00:00,0.618,0.62,0.6152,0.6159,86487366.7
2023-11-27 00:00:00,0.6159,0.6171,0.6051,0.6098,132114600.8
2023-11-27 04:00:00,0.6098,0.6115,0.6005,0.6071,168000193.3
2023-11-27 08:00:00,0.6071,0.6088,0.598,0.6039,160654142.7
2023-11-27 12:00:00,0.6038,0.6054,0.5969,0.5978,139385849.5
2023-11-27 16:00:00,0.5978,0.6052,0.5932,0.5986,132361114.8
2023-11-27 20:00:00,0.5986,0.6042,0.595,0.6038,84262752.1
2023-11-28 00:00:00,0.6038,0.6053,0.6009,0.6046,52399147.2
2023-11-28 04:00:00,0.6045,0.6052,0.5955,0.6026,133901861.4
2023-11-28 08:00:00,0.6025,0.6073,0.5971,0.6049,143226097.0
2023-11-28 12:00:00,0.6049,0.6122,0.6037,0.6086,128840512.0
2023-11-28 16:00:00,0.6087,0.6141,0.6068,0.611,150620380.6
2023-11-28 20:00:00,0.611,0.6131,0.6092,0.6105,59327287.6
2023-11-29 00:00:00,0.6105,0.6129,0.6086,0.612,59673951.1
2023-11-29 04:00:00,0.6121,0.616,0.6093,0.6135,102881216.4
2023-11-29 08:00:00,0.6134,0.6176,0.6088,0.6112,153881771.6
2023-11-29 12:00:00,0.6112,0.6128,0.6034,0.6079,137743424.9
2023-11-29 16:00:00,0.6079,0.61,0.6041,0.6092,78329353.3
2023-11-29 20:00:00,0.6093,0.6098,0.606,0.6091,50804089.5
2023-11-30 00:00:00,0.609,0.6093,0.605,0.6085,61634975.2
2023-11-30 04:00:00,0.6085,0.6098,0.603,0.6039,101224491.1
2023-11-30 08:00:00,0.604,0.606,0.5973,0.6057,163899339.6
2023-11-30 12:00:00,0.6057,0.6065,0.6004,0.6022,94261766.8
2023-11-30 16:00:00,0.6022,0.6047,0.5996,0.6035,59673158.8
2023-11-30 20:00:00,0.6035,0.6079,0.6033,0.6065,56226973.5
2023-12-01 00:00:00,0.6066,0.6129,0.6033,0.6107,104098302.1
2023-12-01 04:00:00,0.6107,0.6126,0.6091,0.6105,74487114.8
2023-12-01 08:00:00,0.6104,0.6147,0.6091,0.6114,122574030.5
2023-12-01 12:00:00,0.6114,0.6122,0.6056,0.6082,115570457.7
2023-12-01 16:00:00,0.6081,0.6124,0.6075,0.6123,111536912.0
2023-12-01 20:00:00,0.6122,0.6136,0.6108,0.6129,52499622.3
2023-12-02 00:00:00,0.6128,0.614,0.6113,0.6132,43616556.5
2023-12-02 04:00:00,0.6132,0.6165,0.613,0.6139,57133788.2
2023-12-02 08:00:00,0.6139,0.6162,0.6133,0.6137,47644404.7
2023-12-02 12:00:00,0.6138,0.6169,0.6119,0.6142,75921867.7
2023-12-02 16:00:00,0.6141,0.6238,0.6125,0.6194,141916903.3
2023-12-02 20:00:00,0.6195,0.6234,0.6179,0.6213,92306820.1
2023-12-03 00:00:00,0.6213,0.6232,0.6171,0.6185,80945836.7
2023-12-03 04:00:00,0.6186,0.621,0.6183,0.621,48947812.2
2023-12-03 08:00:00,0.621,0.6348,0.6193,0.6287,234298967.3
2023-12-03 12:00:00,0.6287,0.6287,0.6181,0.6218,215889110.5
2023-12-03 16:00:00,0.6218,0.6221,0.6174,0.622,86839537.2
2023-12-03 20:00:00,0.622,0.6279,0.6209,0.6236,123533547.3
2023-12-04 00:00:00,0.6235,0.6316,0.6224,0.6282,152476382.2
2023-12-04 04:00:00,0.6282,0.636,0.628,0.6335,185394309.4
2023-12-04 08:00:00,0.6335,0.6452,0.5589,0.62,648237894.1
2023-12-04 12:00:00,0.6201,0.6242,0.6106,0.6159,294061501.6
2023-12-04 16:00:00,0.616,0.6227,0.6151,0.6213,133230999.3
2023-12-04 20:00:00,0.6213,0.6271,0.6196,0.625,112814041.0
2023-12-05 00:00:00,0.625,0.6311,0.6158,0.6186,161009931.4
2023-12-05 04:00:00,0.6186,0.6211,0.6066,0.6126,172256473.2
2023-12-05 08:00:00,0.6127,0.6143,0.6086,0.6112,131934408.8
2023-12-05 12:00:00,0.6111,0.6156,0.608,0.6143,148477740.9
2023-12-05 16:00:00,0.6143,0.628,0.613,0.6229,312605223.2
2023-12-05 20:00:00,0.6229,0.6243,0.6175,0.6216,145051263.4
2023-12-06 00:00:00,0.6216,0.6276,0.6186,0.6228,171111233.7
2023-12-06 04:00:00,0.6229,0.6295,0.6102,0.628,252044910.4
2023-12-06 08:00:00,0.6279,0.6422,0.6107,0.621,486607369.4
2023-12-06 12:00:00,0.621,0.6292,0.6205,0.6278,208211125.4
2023-12-06 16:00:00,0.6278,0.6321,0.6254,0.6314,117185576.2
2023-12-06 20:00:00,0.6314,0.6445,0.6284,0.6405,330029335.2
2023-12-07 00:00:00,0.6405,0.6433,0.6304,0.6335,165120180.4
2023-12-07 04:00:00,0.6335,0.6551,0.6331,0.6488,400331257.5
2023-12-07 08:00:00,0.6487,0.6489,0.6214,0.6323,403755666.3
2023-12-07 12:00:00,0.6323,0.6389,0.6296,0.6374,193341095.7
2023-12-07 16:00:00,0.6374,0.6468,0.6356,0.6425,218765451.1
2023-12-07 20:00:00,0.6425,0.648,0.6401,0.6438,124944225.6
2023-12-08 00:00:00,0.6437,0.6512,0.6409,0.6473,139382071.8
2023-12-08 04:00:00,0.6473,0.6515,0.6378,0.6415,175400006.4
2023-12-08 08:00:00,0.6414,0.6506,0.64,0.6491,146523225.4
2023-12-08 12:00:00,0.6491,0.6611,0.6473,0.6601,341999407.7
2023-12-08 16:00:00,0.6601,0.6731,0.6599,0.6712,348090762.0
2023-12-08 20:00:00,0.6712,0.6764,0.6666,0.6729,163268587.7
2023-12-09 00:00:00,0.673,0.68,0.6677,0.6764,183024594.3
2023-12-09 04:00:00,0.6764,0.7015,0.6764,0.6925,385495974.3
2023-12-09 08:00:00,0.6924,0.6965,0.6681,0.6872,392846355.3
2023-12-09 12:00:00,0.6871,0.6931,0.6722,0.6808,363308205.9
2023-12-09 16:00:00,0.6809,0.6818,0.6635,0.6714,235021338.9
2023-12-09 20:00:00,0.6714,0.6751,0.6513,0.6587,226966731.7
2023-12-10 00:00:00,0.6587,0.6696,0.6586,0.6662,126206232.1
2023-12-10 04:00:00,0.6662,0.6719,0.6608,0.6661,106183283.7
2023-12-10 08:00:00,0.6661,0.6671,0.6466,0.6566,231315372.2
2023-12-10 12:00:00,0.6566,0.663,0.6561,0.6616,133160613.0
2023-12-10 16:00:00,0.6616,0.6662,0.6544,0.6634,123848380.5
2023-12-10 20:00:00,0.6633,0.6703,0.6586,0.6622,123225341.2
2023-12-11 00:00:00,0.6621,0.6634,0.585,0.6275,642689245.1
2023-12-11 04:00:00,0.6274,0.6301,0.6175,0.6218,247605667.6
2023-12-11 08:00:00,0.6218,0.6272,0.6157,0.6268,168888721.0
2023-12-11 12:00:00,0.6267,0.6273,0.6126,0.6201,229068698.9
2023-12-11 16:00:00,0.62,0.6225,0.6016,0.6126,330725017.0
2023-12-11 20:00:00,0.6127,0.621,0.6104,0.6189,96127051.4
2023-12-12 00:00:00,0.6189,0.6264,0.6182,0.6239,109680135.5
2023-12-12 04:00:00,0.6239,0.6267,0.616,0.6252,133516857.3
2023-12-12 08:00:00,0.6252,0.6257,0.6193,0.6197,116557383.1
2023-12-12 12:00:00,0.6198,0.6252,0.6133,0.6174,193210498.1
2023-12-12 16:00:00,0.6174,0.6205,0.6069,0.6172,193380845.8
2023-12-12 20:00:00,0.6171,0.6218,0.6123,0.6197,95941531.3
2023-12-13 00:00:00,0.6197,0.6198,0.6026,0.6049,229006187.8
2023-12-13 04:00:00,0.6049,0.6081,0.5929,0.6053,239615152.0
2023-12-13 08:00:00,0.6053,0.6094,0.6005,0.6016,132911300.5
2023-12-13 12:00:00,0.6017,0.6169,0.6013,0.615,171009526.7
2023-12-13 16:00:00,0.615,0.627,0.6114,0.6257,161222360.9
2023-12-13 20:00:00,0.6256,0.635,0.6228,0.6277,173155653.0
2023-12-14 00:00:00,0.6278,0.6289,0.6206,0.6232,108582383.8
2023-12-14 04:00:00,0.6232,0.6283,0.6224,0.6264,98131033.1
2023-12-14 08:00:00,0.6263,0.6347,0.6233,0.6345,169161850.6
2023-12-14 12:00:00,0.6345,0.6348,0.6,0.6234,362080380.1
2023-12-14 16:00:00,0.6233,0.6345,0.6233,0.6325,134103996.0
2023-12-14 20:00:00,0.6325,0.6383,0.6293,0.6321,113071970.1
2023-12-15 00:00:00,0.6321,0.6449,0.6304,0.6353,195473776.4
2023-12-15 04:00:00,0.6354,0.6362,0.6288,0.6311,147926572.8
2023-12-15 08:00:00,0.631,0.6357,0.6296,0.63,108656908.6
2023-12-15 12:00:00,0.6301,0.6306,0.6154,0.6196,243127132.0
2023-12-15 16:00:00,0.6196,0.6259,0.6178,0.6237,107653534.4
2023-12-15 20:00:00,0.6238,0.6251,0.6115,0.6158,108218903.2
2023-12-16 00:00:00,0.6157,0.6224,0.6101,0.622,100448689.9
2023-12-16 04:00:00,0.622,0.6225,0.6191,0.6203,47507991.0
2023-12-16 08:00:00,0.6204,0.6243,0.6202,0.6243,55911521.1
2023-12-16 12:00:00,0.6242,0.6255,0.6213,0.6251,71565398.5
2023-12-16 16:00:00,0.625,0.6263,0.6176,0.6197,119620359.0
2023-12-16 20:00:00,0.6197,0.6218,0.6175,0.6207,64407266.9
2023-12-17 00:00:00,0.6206,0.6228,0.6162,0.6192,83458984.3
2023-12-17 04:00:00,0.6192,0.6211,0.6131,0.6138,106689335.3
2023-12-17 08:00:00,0.6139,0.6244,0.6128,0.6205,196199889.9
2023-12-17 12:00:00,0.6206,0.6209,0.6121,0.619,111765798.5
2023-12-17 16:00:00,0.6191,0.6229,0.6167,0.6193,87233164.1
2023-12-17 20:00:00,0.6194,0.6202,0.6085,0.6107,108555283.5
2023-12-18 00:00:00,0.6108,0.6141,0.601,0.606,191580416.8
2023-12-18 04:00:00,0.6059,0.6094,0.6002,0.6016,149342941.5
2023-12-18 08:00:00,0.6016,0.6024,0.5786,0.5898,449376491.8
2023-12-18 12:00:00,0.5898,0.6009,0.5867,0.5967,152195109.8
2023-12-18 16:00:00,0.5967,0.6069,0.5949,0.6052,98988719.1
2023-12-18 20:00:00,0.6052,0.6145,0.6036,0.6127,123118657.0
2023-12-19 00:00:00,0.6127,0.617,0.6093,0.6124,120126961.3
2023-12-19 04:00:00,0.6123,0.6145,0.6095,0.6115,92345325.1
2023-12-19 08:00:00,0.6115,0.6129,0.6068,0.6085,110022089.4
2023-12-19 12:00:00,0.6085,0.6115,0.602,0.6058,153832332.9
2023-12-19 16:00:00,0.6059,0.6079,0.5973,0.6052,154050018.8
2023-12-19 20:00:00,0.6052,0.6078,0.6033,0.6048,67100347.7
2023-12-20 00:00:00,0.6048,0.6095,0.6011,0.6089,96203500.7
2023-12-20 04:00:00,0.6089,0.6123,0.6065,0.6105,111305575.1
2023-12-20 08:00:00,0.6105,0.6149,0.6089,0.6117,112932816.7
2023-12-20 12:00:00,0.6117,0.626,0.6109,0.6225,322307211.4
2023-12-20 16:00:00,0.6225,0.6269,0.6173,0.6211,163448913.3
2023-12-20 20:00:00,0.6211,0.6219,0.6074,0.6174,214006761.0
2023-12-21 00:00:00,0.6174,0.6175,0.6112,0.6148,80331689.7
2023-12-21 04:00:00,0.6148,0.6183,0.6123,0.617,103629133.9
2023-12-21 08:00:00,0.617,0.6217,0.6141,0.619,110175219.6
2023-12-21 12:00:00,0.619,0.6217,0.6102,0.6161,156576002.2
2023-12-21 16:00:00,0.6162,0.62,0.6137,0.6197,109189766.7
2023-12-21 20:00:00,0.6196,0.6255,0.6194,0.6246,105428146.3
2023-12-22 00:00:00,0.6247,0.6281,0.6186,0.6209,119330882.0
2023-12-22 04:00:00,0.6208,0.6242,0.6168,0.6196,140543513.3
2023-12-22 08:00:00,0.6196,0.633,0.6182,0.6223,283019786.0
2023-12-22 12:00:00,0.6224,0.6231,0.6155,0.6204,131685255.5
2023-12-22 16:00:00,0.6204,0.6221,0.616,0.6186,103075118.3
2023-12-22 20:00:00,0.6186,0.6258,0.6183,0.6251,74242631.5
2023-12-23 00:00:00,0.6251,0.6255,0.6121,0.6145,137798182.3
2023-12-23 04:00:00,0.6144,0.6173,0.6106,0.6157,87293474.5
2023-12-23 08:00:00,0.6157,0.618,0.6139,0.6158,62556065.3
2023-12-23 12:00:00,0.6158,0.6198,0.6156,0.6187,62231185.4
2023-12-23 16:00:00,0.6186,0.6218,0.618,0.6192,59249170.7
2023-12-23 20:00:00,0.6192,0.6207,0.6172,0.62,55726810.9
2023-12-24 00:00:00,0.62,0.6234,0.6171,0.6209,97098071.7
2023-12-24 04:00:00,0.6209,0.6238,0.6104,0.6169,178753481.0
2023-12-24 08:00:00,0.617,0.6221,0.6135,0.6193,130287561.4
2023-12-24 12:00:00,0.6193,0.625,0.6175,0.6221,124343790.6
2023-12-24 16:00:00,0.622,0.6243,0.6203,0.6242,75280496.3
2023-12-24 20:00:00,0.6241,0.6303,0.6,0.6129,291070693.0
2023-12-25 00:00:00,0.6129,0.6177,0.6088,0.6168,110771072.3
2023-12-25 04:00:00,0.6168,0.6179,0.6157,0.6166,60156840.1
2023-12-25 08:00:00,0.6166,0.6498,0.6164,0.6427,552058854.8
2023-12-25 12:00:00,0.6428,0.6475,0.6327,0.6344,246179570.9
2023-12-25 16:00:00,0.6344,0.6396,0.6317,0.6383,163992564.4
2023-12-25 20:00:00,0.6382,0.6483,0.6356,0.6467,147677308.8
2023-12-26 00:00:00,0.6468,0.6475,0.6331,0.6392,140248367.5
2023-12-26 04:00:00,0.6391,0.6393,0.618,0.6223,323888560.6
2023-12-26 08:00:00,0.6223,0.6267,0.6144,0.6251,173279348.8
2023-12-26 12:00:00,0.625,0.6322,0.6188,0.6206,222728958.8
2023-12-26 16:00:00,0.6205,0.629,0.5932,0.617,461551915.8
2023-12-26 20:00:00,0.6171,0.6229,0.6163,0.6225,77788779.3
2023-12-27 00:00:00,0.6224,0.6226,0.6131,0.6169,128164640.3
2023-12-27 04:00:00,0.617,0.6249,0.6167,0.62,149354759.3
2023-12-27 08:00:00,0.62,0.6325,0.6188,0.6281,220566414.3
2023-12-27 12:00:00,0.6281,0.6356,0.6264,0.6343,213636815.0
2023-12-27 16:00:00,0.6344,0.6412,0.6317,0.6397,171547129.5
2023-12-27 20:00:00,0.6397,0.643,0.631,0.6349,114341957.4
2023-12-28 00:00:00,0.6348,0.6509,0.6333,0.6423,233566422.2
2023-12-28 04:00:00,0.6423,0.6592,0.6314,0.6375,342273044.4
2023-12-28 08:00:00,0.6375,0.6512,0.6326,0.6445,188997675.7
2023-12-28 12:00:00,0.6445,0.6457,0.6249,0.6302,365310281.4
2023-12-28 16:00:00,0.6303,0.6344,0.6276,0.6325,114740346.4
2023-12-28 20:00:00,0.6325,0.6372,0.626,0.6352,95162333.3
2023-12-29 00:00:00,0.6353,0.6363,0.6211,0.6319,186971835.9
2023-12-29 04:00:00,0.632,0.6338,0.6232,0.6246,95984395.1
2023-12-29 08:00:00,0.6247,0.6335,0.6242,0.6323,114050886.3
2023-12-29 12:00:00,0.6323,0.637,0.62,0.6248,186609430.7
2023-12-29 16:00:00,0.6248,0.6268,0.616,0.6239,194148927.9
2023-12-29 20:00:00,0.6239,0.6243,0.6112,0.6232,106255619.3
2023-12-30 00:00:00,0.6232,0.6253,0.6192,0.6211,73553296.4
2023-12-30 04:00:00,0.6211,0.6263,0.6208,0.6228,65597858.4
2023-12-30 08:00:00,0.6229,0.6236,0.6161,0.6211,107976055.2
2023-12-30 12:00:00,0.6211,0.6305,0.6206,0.6288,117302642.4
2023-12-30 16:00:00,0.6288,0.6303,0.625,0.6254,79085879.3
2023-12-30 20:00:00,0.6253,0.6263,0.6207,0.6212,50578937.7
2023-12-31 00:00:00,0.6212,0.6241,0.6186,0.6209,60788601.2
2023-12-31 04:00:00,0.6209,0.6254,0.6204,0.6241,48810239.5
2023-12-31 08:00:00,0.6241,0.6294,0.6226,0.624,99312677.9
2023-12-31 12:00:00,0.6239,0.626,0.6207,0.6229,68304229.9
2023-12-31 16:00:00,0.6228,0.6246,0.6205,0.6212,60712937.0
2023-12-31 20:00:00,0.6213,0.6214,0.605,0.6157,155534066.9
