datetime,open,high,low,close,volume
2026-01-01 00:00:00,2980.0,2982.99,2971.37,2971.71,3858.4226
2026-01-01 01:00:00,2984.28,2988.96,2979.22,2980.0,4275.4561
2026-01-01 02:00:00,2982.87,2987.68,2981.09,2984.28,2414.7114
2026-01-01 03:00:00,2980.21,2986.09,2979.93,2982.87,1695.242
2026-01-01 04:00:00,2976.0,2981.02,2973.58,2980.21,4607.9411
2026-01-01 05:00:00,2981.91,2983.72,2975.99,2976.0,2717.8897
2026-01-01 06:00:00,2976.46,2981.91,2976.46,2981.91,1955.4493
2026-01-01 07:00:00,2978.56,2981.43,2976.46,2976.46,2721.2313
2026-01-01 08:00:00,2982.44,2983.01,2977.94,2978.57,2958.5821
2026-01-01 09:00:00,2983.66,2987.53,2982.23,2982.45,3009.7057
2026-01-01 10:00:00,2984.69,2985.5,2981.84,2983.67,1872.5298
2026-01-01 11:00:00,2989.41,2993.0,2984.69,2984.69,4474.156
2026-01-01 12:00:00,2987.47,2990.07,2983.35,2989.42,3232.2844
2026-01-01 13:00:00,2983.32,2989.87,2982.26,2987.48,3909.53707173
2026-01-01 14:00:00,2985.11,2986.51,2978.0,2983.33,4785.3172
2026-01-01 15:00:00,2989.63,2994.92,2980.78,2985.11,5791.1947
2026-01-01 16:00:00,2982.03,2991.06,2980.85,2989.63,5387.3578
2026-01-01 17:00:00,2990.42,3006.12,2981.31,2982.03,9862.4142
2026-01-01 18:00:00,2990.1,2992.62,2985.31,2990.43,4934.5132
2026-01-01 19:00:00,2995.35,2998.0,2987.46,2990.11,2501.6673
2026-01-01 20:00:00,2989.14,2997.02,2987.64,2995.45,3133.7681
2026-01-01 21:00:00,2989.6,2993.27,2987.75,2989.14,1920.4164
2026-01-01 22:00:00,2999.05,3000.3,2987.75,2989.61,3327.5495
2026-01-01 23:00:00,3003.97,3009.71,2992.15,2999.06,8622.7039
2026-01-02 00:00:00,3005.81,3008.26,2995.61,3003.97,5536.8829
2026-01-02 01:00:00,3003.07,3008.17,2998.6,3005.81,3378.6564
2026-01-02 02:00:00,3002.19,3003.63,2992.54,3003.08,3727.3728
2026-01-02 03:00:00,3022.36,3034.8,3000.16,3002.19,11870.2555
2026-01-02 04:00:00,3011.84,3024.45,3010.61,3022.37,5224.544
2026-01-02 05:00:00,3016.62,3018.62,3009.04,3011.77,3656.271
2026-01-02 06:00:00,3026.94,3039.29,3014.61,3016.63,6652.0975
2026-01-02 07:00:00,3018.03,3032.36,3017.04,3026.94,5175.0763
2026-01-02 08:00:00,3032.25,3033.91,3015.75,3018.04,6173.435
2026-01-02 09:00:00,3047.99,3054.37,3030.13,3032.24,11686.7655
2026-01-02 10:00:00,3057.02,3069.05,3045.63,3047.99,10437.1296
2026-01-02 11:00:00,3047.76,3057.55,3040.93,3057.02,7098.708
2026-01-02 12:00:00,3048.99,3057.68,3043.49,3047.76,3859.356
2026-01-02 13:00:00,3050.25,3058.28,3046.89,3048.99,5437.8466
2026-01-02 14:00:00,3082.75,3109.69,3020.71,3050.26,15977.8792
2026-01-02 15:00:00,3086.51,3097.59,3054.95,3082.75,9812.1639
2026-01-02 16:00:00,3132.15,3146.38,3079.09,3086.52,12783.0622
2026-01-02 17:00:00,3122.96,3150.16,3110.89,3132.15,10121.6774
2026-01-02 18:00:00,3110.5,3132.26,3097.52,3122.96,6242.2017
2026-01-02 19:00:00,3123.69,3127.77,3108.05,3110.53,4463.458
2026-01-02 20:00:00,3118.04,3129.6,3111.25,3123.69,3157.8269
2026-01-02 21:00:00,3130.26,3134.04,3116.39,3117.93,3533.6994
2026-01-02 22:00:00,3133.76,3145.56,3128.11,3130.26,5108.6257
2026-01-02 23:00:00,3125.36,3135.6,3120.55,3133.76,3462.2108
2026-01-03 00:00:00,3130.88,3136.08,3122.11,3125.36,6004.2421
2026-01-03 01:00:00,3131.18,3131.68,3123.62,3130.89,3929.3758
2026-01-03 02:00:00,3126.34,3131.19,3120.17,3131.19,4124.1919
2026-01-03 03:00:00,3125.69,3127.24,3119.23,3126.35,3798.3852
2026-01-03 04:00:00,3116.54,3127.94,3115.17,3125.7,4327.6758
2026-01-03 05:00:00,3112.36,3118.72,3104.81,3116.54,5157.16
2026-01-03 06:00:00,3098.52,3117.81,3098.52,3112.36,5523.1042
2026-01-03 07:00:00,3090.46,3105.38,3076.1,3098.5,16456.7986
2026-01-03 08:00:00,3095.72,3105.73,3084.41,3090.46,8173.4979
2026-01-03 09:00:00,3101.02,3110.72,3092.56,3095.73,5593.0738
2026-01-03 10:00:00,3097.45,3105.48,3097.44,3101.03,4038.852
2026-01-03 11:00:00,3099.1,3100.83,3092.25,3097.45,3457.8922
2026-01-03 12:00:00,3105.04,3105.88,3093.85,3099.1,4123.2487
2026-01-03 13:00:00,3103.27,3107.87,3101.27,3105.04,3464.6461
2026-01-03 14:00:00,3106.14,3114.61,3101.96,3103.27,4486.3104
2026-01-03 15:00:00,3101.46,3107.45,3100.5,3106.14,3724.965
2026-01-03 16:00:00,3107.32,3112.28,3098.43,3101.46,4432.5962
2026-01-03 17:00:00,3108.25,3110.25,3105.98,3107.32,1973.6336
2026-01-03 18:00:00,3116.35,3118.62,3105.29,3108.26,2696.1957
2026-01-03 19:00:00,3113.22,3116.36,3110.57,3116.36,1630.5411
2026-01-03 20:00:00,3115.46,3116.85,3107.44,3113.23,2129.6951
2026-01-03 21:00:00,3120.7,3129.04,3113.21,3115.46,3866.4762
2026-01-03 22:00:00,3122.95,3126.19,3114.03,3120.71,2642.3382
2026-01-03 23:00:00,3126.92,3131.25,3121.12,3122.95,4147.7019
2026-01-04 00:00:00,3157.24,3166.65,3126.28,3126.93,13255.2352
2026-01-04 01:00:00,3150.08,3162.05,3141.65,3157.24,7122.6655
2026-01-04 02:00:00,3141.0,3151.0,3137.68,3150.09,3928.734
2026-01-04 03:00:00,3147.52,3150.7,3140.26,3141.0,4588.5392
2026-01-04 04:00:00,3148.31,3155.94,3144.92,3147.53,4688.0939
2026-01-04 05:00:00,3150.82,3151.95,3145.1,3148.32,3503.1272
2026-01-04 06:00:00,3139.71,3162.98,3139.23,3150.82,7059.8423
2026-01-04 07:00:00,3141.21,3145.89,3134.35,3139.73,6847.2004
2026-01-04 08:00:00,3138.9,3141.95,3126.19,3141.22,7524.7291
2026-01-04 09:00:00,3144.05,3148.19,3135.32,3138.9,5373.9531
2026-01-04 10:00:00,3146.01,3148.35,3142.91,3144.06,2882.933
2026-01-04 11:00:00,3139.76,3146.01,3135.31,3146.01,4322.3557
2026-01-04 12:00:00,3137.11,3147.32,3133.72,3139.76,5590.3161
2026-01-04 13:00:00,3140.67,3141.28,3131.72,3137.12,4292.6247
2026-01-04 14:00:00,3137.12,3143.1,3132.17,3140.67,6037.3224
2026-01-04 15:00:00,3135.47,3139.45,3118.33,3137.12,7328.3636
2026-01-04 16:00:00,3139.23,3139.74,3131.2,3135.47,5191.1502
2026-01-04 17:00:00,3137.51,3143.84,3135.86,3139.24,3615.2527
2026-01-04 18:00:00,3134.88,3137.76,3122.97,3137.52,5035.6227
2026-01-04 19:00:00,3132.89,3135.39,3119.09,3134.89,11703.1534
2026-01-04 20:00:00,3141.86,3143.31,3130.91,3132.9,6146.0332
2026-01-04 21:00:00,3145.43,3155.47,3137.65,3141.88,8698.5888
2026-01-04 22:00:00,3139.53,3150.26,3136.66,3145.43,4776.6847
2026-01-04 23:00:00,3144.95,3153.52,3134.73,3139.51,6513.3727
2026-01-05 00:00:00,3168.19,3175.04,3143.86,3144.94,13144.6846
2026-01-05 01:00:00,3197.58,3220.51,3163.66,3168.42,23014.739
2026-01-05 02:00:00,3193.02,3204.72,3183.31,3197.58,9303.0668
2026-01-05 03:00:00,3185.87,3197.63,3184.94,3193.02,6850.4452
2026-01-05 04:00:00,3167.11,3188.1,3157.84,3185.88,11712.4828
2026-01-05 05:00:00,3149.73,3169.55,3148.39,3167.12,9110.1416
2026-01-05 06:00:00,3157.74,3159.19,3135.79,3149.72,11336.1082
2026-01-05 07:00:00,3157.57,3162.97,3155.51,3157.73,6320.8533
2026-01-05 08:00:00,3163.78,3171.99,3156.26,3157.5,8085.0076
2026-01-05 09:00:00,3168.17,3175.45,3153.53,3163.78,11880.0354
2026-01-05 10:00:00,3173.17,3179.05,3162.85,3168.17,7366.1555
2026-01-05 11:00:00,3180.47,3183.62,3168.36,3173.18,5901.7925
2026-01-05 12:00:00,3170.52,3183.72,3166.38,3180.47,6256.6136
2026-01-05 13:00:00,3154.54,3175.69,3143.47,3170.53,11038.4485
2026-01-05 14:00:00,3166.73,3178.18,3135.4,3154.54,15306.8886
2026-01-05 15:00:00,3196.04,3205.54,3152.54,3166.77,18450.5527
2026-01-05 16:00:00,3184.06,3202.92,3173.27,3195.97,9313.532
2026-01-05 17:00:00,3213.12,3228.72,3159.09,3184.07,10531.8955
2026-01-05 18:00:00,3227.87,3228.85,3186.44,3213.12,11117.5063
2026-01-05 19:00:00,3223.11,3228.3,3214.73,3227.88,7072.5553
2026-01-05 20:00:00,3241.97,3266.0,3220.01,3223.12,10943.8234
2026-01-05 21:00:00,3238.27,3248.02,3231.57,3241.97,6585.3754
2026-01-05 22:00:00,3239.88,3249.48,3230.43,3238.28,3948.4034
2026-01-05 23:00:00,3225.31,3241.12,3225.3,3239.88,7585.5638
2026-01-06 00:00:00,3216.6,3231.13,3203.7,3225.31,8284.6822
2026-01-06 01:00:00,3218.58,3247.32,3216.12,3216.6,10300.4237
2026-01-06 02:00:00,3217.49,3224.32,3209.23,3218.58,6495.7874
2026-01-06 03:00:00,3224.86,3233.54,3214.24,3217.49,7240.147
2026-01-06 04:00:00,3223.27,3233.56,3223.27,3224.86,5111.6749
2026-01-06 05:00:00,3218.52,3229.17,3216.96,3223.27,7963.0793
2026-01-06 06:00:00,3241.21,3254.08,3217.91,3218.52,13986.0731
2026-01-06 07:00:00,3219.61,3242.49,3211.59,3241.2,11951.8923
2026-01-06 08:00:00,3220.15,3228.43,3214.77,3219.61,9361.3651
2026-01-06 09:00:00,3223.43,3229.18,3217.84,3220.14,7412.2929
2026-01-06 10:00:00,3228.96,3231.66,3221.71,3223.44,4946.3403
2026-01-06 11:00:00,3237.94,3242.89,3227.41,3228.96,8038.9706
2026-01-06 12:00:00,3238.78,3245.4,3236.3,3237.95,7425.0965
2026-01-06 13:00:00,3238.17,3239.33,3229.73,3238.78,10055.2951
2026-01-06 14:00:00,3277.88,3308.32,3238.16,3238.16,28089.4377
2026-01-06 15:00:00,3272.1,3301.98,3261.55,3277.88,13647.064
2026-01-06 16:00:00,3252.0,3279.4,3234.59,3272.1,13248.6265
2026-01-06 17:00:00,3196.49,3259.7,3190.46,3252.0,11090.9475
2026-01-06 18:00:00,3218.89,3232.7,3182.94,3196.49,9441.8776
2026-01-06 19:00:00,3223.76,3229.91,3213.79,3218.9,3536.9339
2026-01-06 20:00:00,3241.96,3250.64,3223.71,3223.76,4287.8823
2026-01-06 21:00:00,3276.22,3300.93,3238.64,3241.95,8751.3921
2026-01-06 22:00:00,3277.88,3290.26,3265.61,3276.22,3954.0723
2026-01-06 23:00:00,3296.72,3301.51,3276.42,3277.87,7376.3765
2026-01-07 00:00:00,3258.36,3296.73,3255.66,3296.73,7834.5036
2026-01-07 01:00:00,3245.63,3272.26,3239.54,3258.11,11168.7899
2026-01-07 02:00:00,3270.36,3274.18,3240.1,3245.64,8321.8437
2026-01-07 03:00:00,3266.94,3282.3,3265.35,3270.36,4796.2679
2026-01-07 04:00:00,3256.41,3271.67,3253.27,3266.95,4030.5595
2026-01-07 05:00:00,3248.52,3262.62,3247.19,3256.39,4746.3026
2026-01-07 06:00:00,3251.5,3259.95,3248.36,3248.52,3114.7805
2026-01-07 07:00:00,3255.23,3262.66,3251.36,3251.51,3381.2867
2026-01-07 08:00:00,3254.94,3263.2,3253.14,3255.23,5306.6898
2026-01-07 09:00:00,3200.24,3254.94,3199.0,3254.94,17839.8549
2026-01-07 10:00:00,3218.85,3222.48,3196.33,3200.24,8067.3255
2026-01-07 11:00:00,3220.54,3227.63,3216.91,3218.86,4911.3458
2026-01-07 12:00:00,3213.59,3222.59,3211.41,3220.49,4338.0264
2026-01-07 13:00:00,3211.96,3229.02,3202.61,3213.59,6523.4451
2026-01-07 14:00:00,3191.72,3211.97,3168.16,3211.97,15195.2211
2026-01-07 15:00:00,3164.84,3193.19,3145.03,3191.74,14851.47
2026-01-07 16:00:00,3157.22,3179.7,3149.92,3164.85,7283.8513
2026-01-07 17:00:00,3152.31,3171.17,3146.23,3157.26,5340.3229
2026-01-07 18:00:00,3146.62,3165.16,3133.62,3152.32,8723.4459
2026-01-07 19:00:00,3146.16,3155.41,3125.8,3146.62,9700.2965
2026-01-07 20:00:00,3139.34,3151.27,3128.32,3146.15,5481.4138
2026-01-07 21:00:00,3150.27,3152.66,3138.84,3139.31,2916.0959
2026-01-07 22:00:00,3153.28,3165.63,3144.08,3150.19,3360.1678
2026-01-07 23:00:00,3168.89,3181.69,3143.8,3153.29,6867.2977
2026-01-08 00:00:00,3170.73,3175.61,3155.27,3168.9,3286.741
2026-01-08 01:00:00,3175.9,3181.17,3168.63,3170.73,3043.7936
2026-01-08 02:00:00,3159.3,3184.48,3148.72,3175.91,5152.8047
2026-01-08 03:00:00,3142.74,3166.63,3133.52,3159.3,5005.5197
2026-01-08 04:00:00,3154.39,3158.83,3139.25,3142.74,3891.0171
2026-01-08 05:00:00,3143.73,3161.29,3141.85,3154.4,3343.8655
2026-01-08 06:00:00,3105.37,3146.23,3105.0,3143.74,8484.3811
2026-01-08 07:00:00,3128.1,3132.82,3090.12,3105.37,10333.3244
2026-01-08 08:00:00,3116.72,3136.86,3113.97,3128.1,5611.1907
2026-01-08 09:00:00,3111.84,3123.96,3105.61,3116.73,4867.8047
2026-01-08 10:00:00,3128.24,3132.71,3097.12,3111.85,6203.7758
2026-01-08 11:00:00,3121.2,3131.47,3112.99,3128.24,7604.8714
2026-01-08 12:00:00,3095.96,3121.43,3085.85,3121.21,10171.3235
2026-01-08 13:00:00,3096.96,3102.53,3090.68,3095.95,4304.0507
2026-01-08 14:00:00,3077.49,3096.97,3054.58,3096.97,15781.4637
2026-01-08 15:00:00,3104.84,3112.77,3067.4,3077.48,7598.1975
2026-01-08 16:00:00,3122.28,3123.55,3090.23,3104.59,6058.9185
2026-01-08 17:00:00,3134.73,3139.27,3110.72,3122.29,7141.7233
2026-01-08 18:00:00,3120.04,3135.31,3115.28,3134.74,4931.5814
2026-01-08 19:00:00,3111.35,3129.05,3104.34,3120.04,4743.1252
2026-01-08 20:00:00,3107.83,3111.35,3089.35,3111.35,5620.6076
2026-01-08 21:00:00,3118.97,3122.94,3107.54,3107.73,3742.6769
2026-01-08 22:00:00,3118.89,3130.39,3107.51,3118.98,3161.916
2026-01-08 23:00:00,3106.79,3121.87,3105.97,3118.9,2930.5514
2026-01-09 00:00:00,3115.68,3117.34,3104.56,3106.81,2872.6817
2026-01-09 01:00:00,3105.84,3147.96,3081.0,3115.68,10799.4492
2026-01-09 02:00:00,3109.37,3126.01,3103.76,3105.84,4157.6853
2026-01-09 03:00:00,3120.12,3121.01,3103.23,3109.37,2781.5207
2026-01-09 04:00:00,3117.01,3124.03,3112.72,3120.13,2002.722
2026-01-09 05:00:00,3118.73,3121.28,3114.13,3117.01,2107.1442
2026-01-09 06:00:00,3123.54,3125.52,3117.78,3118.74,2204.464
2026-01-09 07:00:00,3110.9,3123.86,3110.74,3123.55,2770.6209
2026-01-09 08:00:00,3082.79,3115.1,3067.51,3110.91,7283.6161
2026-01-09 09:00:00,3092.36,3100.9,3082.17,3082.79,4861.5008
2026-01-09 10:00:00,3096.98,3099.08,3088.51,3092.36,2225.7679
2026-01-09 11:00:00,3090.26,3104.7,3088.57,3096.93,2514.3438
2026-01-09 12:00:00,3084.51,3096.39,3082.23,3090.27,2532.5693
2026-01-09 13:00:00,3098.58,3110.72,3083.62,3084.52,6847.517
2026-01-09 14:00:00,3078.82,3098.77,3061.49,3098.59,7748.3544
2026-01-09 15:00:00,3112.25,3142.8,3058.73,3078.82,13151.0517
2026-01-09 16:00:00,3133.15,3145.6,3111.13,3112.25,7606.5275
2026-01-09 17:00:00,3114.51,3135.02,3104.89,3133.15,4377.6264
2026-01-09 18:00:00,3094.93,3118.48,3073.71,3114.51,4698.1452
2026-01-09 19:00:00,3080.65,3094.93,3069.06,3094.93,4337.7145
2026-01-09 20:00:00,3073.58,3091.49,3071.06,3080.65,3307.7158
2026-01-09 21:00:00,3086.02,3093.17,3065.33,3073.57,3699.3642
2026-01-09 22:00:00,3085.88,3088.53,3074.43,3086.01,2434.8108
2026-01-09 23:00:00,3088.15,3093.01,3083.89,3085.96,1696.3169
2026-01-10 00:00:00,3083.24,3090.06,3082.01,3088.15,1507.3149
2026-01-10 01:00:00,3090.0,3091.21,3083.24,3083.24,1810.5121
2026-01-10 02:00:00,3087.77,3094.39,3083.45,3090.0,1392.1364
2026-01-10 03:00:00,3086.64,3089.0,3080.31,3087.78,1823.484
2026-01-10 04:00:00,3079.81,3087.44,3078.81,3086.65,1953.7559
2026-01-10 05:00:00,3086.5,3087.75,3079.82,3079.82,2164.8493
2026-01-10 06:00:00,3087.28,3088.54,3083.51,3086.5,983.7364
2026-01-10 07:00:00,3092.76,3093.31,3087.28,3087.29,2192.2067
2026-01-10 08:00:00,3090.02,3092.85,3087.47,3092.77,2315.2487
2026-01-10 09:00:00,3096.19,3098.65,3089.65,3090.03,2506.3553
2026-01-10 10:00:00,3103.21,3103.65,3094.41,3096.19,2612.8479
2026-01-10 11:00:00,3096.67,3103.3,3094.93,3103.22,2604.1579
2026-01-10 12:00:00,3099.31,3103.35,3094.05,3096.68,1914.4549
2026-01-10 13:00:00,3094.78,3099.32,3093.76,3099.32,1393.0883
2026-01-10 14:00:00,3091.77,3096.36,3089.28,3094.78,2954.9907
2026-01-10 15:00:00,3095.91,3096.64,3091.78,3091.78,1786.7131
2026-01-10 16:00:00,3095.46,3097.87,3092.34,3095.92,1163.3711
2026-01-10 17:00:00,3092.73,3099.07,3092.33,3095.47,1592.8121
2026-01-10 18:00:00,3092.64,3094.01,3090.68,3092.72,1648.5494
2026-01-10 19:00:00,3092.32,3093.88,3090.63,3092.64,1271.8386
2026-01-10 20:00:00,3089.67,3093.76,3089.09,3092.32,1483.9649
2026-01-10 21:00:00,3086.2,3089.94,3085.08,3089.68,1879.1317
2026-01-10 22:00:00,3080.62,3089.76,3078.63,3086.2,2963.5746
2026-01-10 23:00:00,3086.67,3089.84,3080.04,3080.62,2922.2722
2026-01-11 00:00:00,3091.98,3092.65,3084.89,3086.67,2027.8078
2026-01-11 01:00:00,3095.18,3095.19,3089.56,3091.98,1735.5387
2026-01-11 02:00:00,3092.61,3097.07,3091.96,3095.19,1534.7398
2026-01-11 03:00:00,3097.0,3097.47,3091.93,3092.62,1628.2749
2026-01-11 04:00:00,3098.08,3098.84,3095.11,3096.99,1855.8784
2026-01-11 05:00:00,3099.2,3102.29,3096.45,3098.08,2060.266
2026-01-11 06:00:00,3097.27,3100.64,3090.01,3099.2,3042.9174
2026-01-11 07:00:00,3095.34,3098.34,3092.81,3097.27,1373.6966
2026-01-11 08:00:00,3103.55,3108.35,3092.8,3095.33,1887.1159
2026-01-11 09:00:00,3104.41,3109.42,3100.71,3103.56,2991.0072
2026-01-11 10:00:00,3107.52,3108.19,3102.45,3104.42,2035.5574
2026-01-11 11:00:00,3105.31,3107.52,3103.39,3107.52,1145.2637
2026-01-11 12:00:00,3114.18,3116.64,3104.98,3105.31,3939.8412
2026-01-11 13:00:00,3109.59,3116.09,3107.24,3114.18,4541.4886
2026-01-11 14:00:00,3125.43,3129.03,3109.58,3109.59,3217.9418
2026-01-11 15:00:00,3117.98,3130.7,3110.13,3125.44,7817.1984
2026-01-11 16:00:00,3129.68,3147.16,3115.46,3117.97,10588.6544
2026-01-11 17:00:00,3126.84,3133.77,3118.33,3129.68,4343.0629
2026-01-11 18:00:00,3129.37,3133.79,3120.74,3126.85,2196.3749
2026-01-11 19:00:00,3124.91,3132.67,3119.02,3129.37,2308.6968
2026-01-11 20:00:00,3115.32,3124.88,3101.98,3124.88,4828.7816
2026-01-11 21:00:00,3121.33,3126.18,3107.83,3115.32,3096.0785
2026-01-11 22:00:00,3109.99,3121.34,3106.66,3121.34,3076.0297
2026-01-11 23:00:00,3123.47,3125.53,3092.59,3109.97,12156.6961
2026-01-12 00:00:00,3120.34,3127.47,3097.37,3123.48,8995.1101
2026-01-12 01:00:00,3124.5,3137.49,3113.93,3120.35,12453.2923
2026-01-12 02:00:00,3157.7,3167.97,3122.37,3124.5,11402.8109
2026-01-12 03:00:00,3152.32,3171.41,3151.67,3157.69,9686.901
2026-01-12 04:00:00,3158.85,3163.35,3148.74,3152.33,4657.8192
2026-01-12 05:00:00,3158.79,3166.72,3154.94,3158.86,4509.4856
2026-01-12 06:00:00,3154.66,3165.59,3152.84,3158.79,3492.5119
2026-01-12 07:00:00,3135.49,3161.09,3133.64,3154.66,6764.9169
2026-01-12 08:00:00,3115.87,3147.65,3101.37,3135.5,14354.8419
2026-01-12 09:00:00,3116.57,3124.7,3111.12,3115.88,6563.7871
2026-01-12 10:00:00,3106.94,3119.86,3104.25,3116.58,4422.1043
2026-01-12 11:00:00,3115.66,3121.36,3106.67,3106.93,4767.4757
2026-01-12 12:00:00,3117.35,3122.71,3112.82,3115.63,2738.2979
2026-01-12 13:00:00,3109.48,3120.15,3105.88,3117.36,5143.4082
2026-01-12 14:00:00,3105.27,3118.64,3065.96,3109.49,21898.9863
2026-01-12 15:00:00,3130.18,3133.79,3092.86,3105.27,11092.3661
2026-01-12 16:00:00,3130.46,3146.72,3120.76,3130.17,9487.5327
2026-01-12 17:00:00,3105.18,3137.2,3083.88,3130.46,10345.016
2026-01-12 18:00:00,3108.28,3119.29,3095.82,3105.19,8264.7309
2026-01-12 19:00:00,3121.78,3122.0,3097.26,3108.28,3820.7569
2026-01-12 20:00:00,3102.9,3127.64,3100.34,3121.79,3814.8395
2026-01-12 21:00:00,3091.95,3106.67,3084.77,3102.88,4715.2885
2026-01-12 22:00:00,3095.28,3107.49,3091.95,3091.95,3369.839
2026-01-12 23:00:00,3095.59,3098.92,3088.44,3095.28,3446.4049
2026-01-13 00:00:00,3108.91,3109.79,3093.51,3095.6,4329.8698
2026-01-13 01:00:00,3097.55,3114.26,3092.02,3108.91,4170.8555
2026-01-13 02:00:00,3101.45,3108.29,3097.55,3097.55,2823.4438
2026-01-13 03:00:00,3116.44,3118.97,3101.45,3101.45,4807.8793
2026-01-13 04:00:00,3122.31,3123.32,3112.37,3116.43,3012.6987
2026-01-13 05:00:00,3131.75,3147.0,3121.52,3122.32,8657.425
2026-01-13 06:00:00,3134.55,3137.84,3124.0,3131.75,6185.8097
2026-01-13 07:00:00,3122.2,3135.37,3122.2,3134.56,3539.1717
2026-01-13 08:00:00,3136.12,3138.07,3122.2,3122.21,3926.9172
2026-01-13 09:00:00,3138.54,3148.26,3129.22,3136.12,7693.8011
2026-01-13 10:00:00,3134.49,3141.6,3130.07,3138.55,3592.2855
2026-01-13 11:00:00,3134.18,3138.88,3131.63,3134.49,3602.2185
2026-01-13 12:00:00,3135.07,3138.25,3130.15,3134.18,3028.7205
2026-01-13 13:00:00,3142.54,3164.35,3130.17,3135.07,16461.3445
2026-01-13 14:00:00,3145.03,3165.68,3130.15,3142.54,14082.1743
2026-01-13 15:00:00,3183.99,3188.23,3133.37,3145.03,11845.1018
2026-01-13 16:00:00,3180.61,3195.99,3171.69,3184.0,17501.5921
2026-01-13 17:00:00,3180.17,3187.5,3172.73,3180.62,7751.9798
2026-01-13 18:00:00,3200.8,3214.52,3178.0,3180.17,9904.7974
2026-01-13 19:00:00,3215.98,3218.37,3191.37,3200.8,7212.4166
2026-01-13 20:00:00,3204.2,3220.49,3190.28,3215.98,9927.5305
2026-01-13 21:00:00,3209.77,3217.51,3201.37,3204.29,8798.9815
2026-01-13 22:00:00,3330.75,3380.45,3209.77,3209.77,27722.4552
2026-01-13 23:00:00,3325.49,3346.96,3314.46,3330.75,18928.9449
2026-01-14 00:00:00,3324.54,3336.59,3315.09,3325.5,11034.9269
2026-01-14 01:00:00,3336.34,3344.54,3321.54,3324.55,10835.1368
2026-01-14 02:00:00,3326.82,3357.69,3321.04,3336.35,11278.0515
2026-01-14 03:00:00,3352.27,3352.28,3321.22,3326.83,7048.5253
2026-01-14 04:00:00,3339.25,3364.44,3336.2,3352.28,10400.7537
2026-01-14 05:00:00,3330.51,3339.67,3325.69,3339.25,7820.6374
2026-01-14 06:00:00,3334.11,3335.3,3322.31,3330.51,6277.5388
2026-01-14 07:00:00,3335.65,3342.22,3327.8,3334.11,9075.5102
2026-01-14 08:00:00,3327.54,3342.22,3327.5,3335.65,7290.4593
2026-01-14 09:00:00,3327.95,3334.98,3324.65,3327.5,4410.2865
2026-01-14 10:00:00,3312.92,3333.07,3304.52,3327.95,8530.0001
2026-01-14 11:00:00,3286.18,3313.37,3282.78,3312.92,7800.6536
2026-01-14 12:00:00,3296.38,3299.37,3280.47,3286.18,6469.6178
2026-01-14 13:00:00,3303.05,3308.18,3289.59,3296.38,9689.9373
2026-01-14 14:00:00,3349.09,3358.62,3302.25,3303.05,19133.246
2026-01-14 15:00:00,3345.78,3362.29,3327.64,3349.09,22112.8832
2026-01-14 16:00:00,3370.07,3403.0,3345.45,3345.78,22181.4027
2026-01-14 17:00:00,3342.69,3381.11,3338.13,3370.07,16647.3899
2026-01-14 18:00:00,3339.59,3354.64,3315.26,3342.69,9897.5976
2026-01-14 19:00:00,3367.22,3401.89,3332.27,3339.58,14417.6184
2026-01-14 20:00:00,3383.62,3393.09,3362.05,3367.26,8375.5128
2026-01-14 21:00:00,3372.96,3383.61,3357.47,3383.61,6040.7044
2026-01-14 22:00:00,3348.99,3374.49,3348.0,3372.93,5189.4532
2026-01-14 23:00:00,3354.48,3369.35,3349.0,3349.0,4116.6321
2026-01-15 00:00:00,3331.25,3355.68,3325.45,3354.48,6762.4214
2026-01-15 01:00:00,3325.16,3342.76,3317.57,3331.25,6205.8211
2026-01-15 02:00:00,3314.14,3332.37,3305.9,3325.17,5697.017
2026-01-15 03:00:00,3286.61,3321.44,3277.25,3314.14,12348.3431
2026-01-15 04:00:00,3305.68,3308.72,3284.77,3286.62,7082.3735
2026-01-15 05:00:00,3311.09,3315.62,3303.0,3305.69,5672.9403
2026-01-15 06:00:00,3316.02,3324.05,3310.28,3311.04,4414.6045
2026-01-15 07:00:00,3330.05,3335.46,3315.03,3316.03,6477.9881
2026-01-15 08:00:00,3336.92,3338.93,3320.44,3330.05,6046.8968
2026-01-15 09:00:00,3365.76,3374.36,3330.41,3336.91,12536.7249
2026-01-15 10:00:00,3364.29,3378.43,3357.88,3365.76,8367.5514
2026-01-15 11:00:00,3349.88,3365.88,3347.35,3364.29,6343.0327
2026-01-15 12:00:00,3368.88,3370.96,3344.12,3349.86,5523.6482
2026-01-15 13:00:00,3371.17,3384.29,3356.94,3368.88,7256.7352
2026-01-15 14:00:00,3342.2,3382.73,3322.39,3371.17,13231.7148
2026-01-15 15:00:00,3331.07,3357.79,3285.91,3342.2,13164.8511
2026-01-15 16:00:00,3331.01,3335.63,3310.16,3331.08,10361.6315
2026-01-15 17:00:00,3301.42,3337.63,3297.03,3331.01,8924.7471
2026-01-15 18:00:00,3288.52,3307.67,3274.0,3301.41,10763.1847
2026-01-15 19:00:00,3295.94,3302.15,3277.49,3288.52,6736.8258
2026-01-15 20:00:00,3287.93,3307.27,3276.73,3295.95,6751.9898
2026-01-15 21:00:00,3299.08,3305.89,3284.3,3287.99,3416.464
2026-01-15 22:00:00,3309.09,3319.3,3296.51,3299.08,4081.6399
2026-01-15 23:00:00,3318.79,3323.04,3302.13,3309.08,3584.706
2026-01-16 00:00:00,3317.04,3326.59,3316.26,3318.79,2910.9268
2026-01-16 01:00:00,3314.2,3321.6,3301.78,3317.04,3887.8275
2026-01-16 02:00:00,3303.51,3314.21,3292.0,3314.21,6637.8864
2026-01-16 03:00:00,3295.85,3308.01,3295.76,3303.51,2668.2455
2026-01-16 04:00:00,3288.35,3304.61,3276.94,3295.85,6607.6036
2026-01-16 05:00:00,3309.45,3316.17,3284.48,3288.35,7211.2993
2026-01-16 06:00:00,3313.95,3316.9,3302.67,3309.46,3754.9048
2026-01-16 07:00:00,3309.37,3315.81,3302.41,3313.95,3531.113
2026-01-16 08:00:00,3313.05,3319.94,3308.34,3309.37,4052.969
2026-01-16 09:00:00,3307.5,3316.42,3307.3,3313.05,2631.9363
2026-01-16 10:00:00,3297.55,3308.58,3294.75,3307.51,3335.7698
2026-01-16 11:00:00,3301.69,3306.66,3293.68,3297.55,3530.9277
2026-01-16 12:00:00,3308.67,3314.09,3300.62,3301.7,3777.9372
2026-01-16 13:00:00,3308.04,3311.01,3295.74,3308.67,3552.0694
2026-01-16 14:00:00,3294.11,3318.2,3290.33,3308.05,7799.3485
2026-01-16 15:00:00,3264.31,3311.47,3252.94,3294.11,15539.7519
2026-01-16 16:00:00,3278.9,3288.13,3260.08,3264.32,9509.9694
2026-01-16 17:00:00,3284.46,3286.23,3265.91,3278.9,4506.5363
2026-01-16 18:00:00,3279.02,3288.4,3278.03,3284.4,3029.0082
2026-01-16 19:00:00,3276.57,3279.35,3269.12,3279.01,2881.1774
2026-01-16 20:00:00,3292.6,3293.81,3264.29,3276.58,4430.3861
2026-01-16 21:00:00,3293.84,3298.71,3288.67,3292.6,4358.0679
2026-01-16 22:00:00,3293.8,3295.19,3282.77,3293.84,3517.9127
2026-01-16 23:00:00,3296.28,3299.7,3292.53,3293.8,2486.429
2026-01-17 00:00:00,3292.65,3296.95,3289.92,3296.29,1779.4661
2026-01-17 01:00:00,3290.88,3295.64,3288.3,3292.65,2267.1082
2026-01-17 02:00:00,3292.18,3292.56,3283.61,3290.88,1749.0368
2026-01-17 03:00:00,3289.34,3292.37,3288.05,3292.19,1155.112
2026-01-17 04:00:00,3291.77,3292.49,3286.41,3289.35,1306.8476
2026-01-17 05:00:00,3291.58,3294.03,3289.75,3291.77,1716.5592
2026-01-17 06:00:00,3291.14,3293.6,3287.42,3291.59,1297.0329
2026-01-17 07:00:00,3291.08,3292.58,3287.36,3291.14,1763.1783
2026-01-17 08:00:00,3296.14,3296.76,3288.79,3291.09,2183.4985
2026-01-17 09:00:00,3298.84,3304.0,3293.67,3296.14,3248.4054
2026-01-17 10:00:00,3296.62,3300.52,3295.4,3298.75,2623.0503
2026-01-17 11:00:00,3302.75,3305.19,3292.73,3296.63,4239.7213
2026-01-17 12:00:00,3302.7,3306.0,3300.35,3302.75,2292.1798
2026-01-17 13:00:00,3303.68,3304.32,3299.8,3302.71,2074.2132
2026-01-17 14:00:00,3310.3,3311.66,3301.67,3303.69,4681.0809
2026-01-17 15:00:00,3329.59,3329.83,3307.7,3310.31,14659.3552
2026-01-17 16:00:00,3319.26,3329.73,3312.38,3329.6,10320.8158
2026-01-17 17:00:00,3319.44,3327.93,3317.77,3319.26,2988.6158
2026-01-17 18:00:00,3318.23,3320.61,3314.81,3319.43,2843.0831
2026-01-17 19:00:00,3316.29,3321.16,3314.16,3318.24,1561.9885
2026-01-17 20:00:00,3317.69,3320.41,3315.63,3316.3,1157.0215
2026-01-17 21:00:00,3312.54,3317.69,3307.73,3317.69,2055.2768
2026-01-17 22:00:00,3301.98,3312.59,3297.59,3312.54,4495.8184
2026-01-17 23:00:00,3310.33,3310.33,3301.28,3301.99,2856.9723
2026-01-18 00:00:00,3304.59,3314.18,3303.1,3310.33,2601.3667
2026-01-18 01:00:00,3301.04,3306.84,3296.05,3304.6,4529.9578
2026-01-18 02:00:00,3303.32,3305.69,3296.63,3301.04,3544.6886
2026-01-18 03:00:00,3316.11,3319.22,3303.33,3303.33,2870.8116
2026-01-18 04:00:00,3312.19,3317.64,3309.7,3316.12,2364.877
2026-01-18 05:00:00,3316.28,3318.39,3311.02,3312.19,2845.859
2026-01-18 06:00:00,3315.55,3317.77,3311.98,3316.28,2106.0394
2026-01-18 07:00:00,3307.39,3315.89,3306.29,3315.55,3106.6507
2026-01-18 08:00:00,3315.59,3316.66,3303.17,3307.4,3162.2214
2026-01-18 09:00:00,3323.0,3324.97,3314.35,3315.6,5008.7624
2026-01-18 10:00:00,3325.4,3325.76,3318.45,3323.0,2796.755
2026-01-18 11:00:00,3321.95,3325.4,3318.76,3325.4,1961.2999
2026-01-18 12:00:00,3322.38,3327.1,3318.73,3321.96,2140.3542
2026-01-18 13:00:00,3325.97,3330.66,3314.8,3322.39,6216.6978
2026-01-18 14:00:00,3325.0,3347.58,3322.66,3325.98,7436.5479
2026-01-18 15:00:00,3333.76,3335.37,3319.33,3325.01,4679.7706
2026-01-18 16:00:00,3333.67,3337.91,3329.88,3333.77,3373.7012
2026-01-18 17:00:00,3345.02,3345.88,3332.09,3333.68,2116.1569
2026-01-18 18:00:00,3361.82,3368.67,3337.13,3345.01,11110.9234
2026-01-18 19:00:00,3346.59,3365.82,3344.82,3361.83,4808.6205
2026-01-18 20:00:00,3340.86,3352.23,3337.96,3346.6,3550.1516
2026-01-18 21:00:00,3341.76,3345.62,3337.09,3340.87,2147.5235
2026-01-18 22:00:00,3350.43,3356.15,3340.22,3341.77,2877.6796
2026-01-18 23:00:00,3284.03,3350.43,3279.0,3350.43,17485.6164
2026-01-19 00:00:00,3212.95,3284.45,3178.78,3284.02,31140.5209
2026-01-19 01:00:00,3206.72,3221.8,3195.05,3212.87,9436.2269
2026-01-19 02:00:00,3204.58,3216.2,3193.97,3206.72,7411.5676
2026-01-19 03:00:00,3212.23,3212.92,3195.59,3204.58,7157.7726
2026-01-19 04:00:00,3212.84,3217.53,3205.44,3212.24,7174.9273
2026-01-19 05:00:00,3202.96,3215.53,3196.15,3212.85,11312.2269
2026-01-19 06:00:00,3195.5,3204.43,3187.75,3202.96,7073.16
2026-01-19 07:00:00,3206.91,3209.09,3195.51,3195.51,6518.8085
2026-01-19 08:00:00,3214.23,3222.12,3197.21,3206.91,13739.3943
2026-01-19 09:00:00,3209.29,3214.68,3205.31,3214.2,5950.6771
2026-01-19 10:00:00,3215.54,3216.57,3205.73,3209.29,4802.1271
2026-01-19 11:00:00,3224.07,3231.13,3213.37,3215.54,11642.5222
2026-01-19 12:00:00,3224.97,3235.95,3219.5,3224.07,10284.7101
2026-01-19 13:00:00,3218.26,3224.97,3213.15,3224.97,6337.2373
2026-01-19 14:00:00,3212.74,3219.41,3202.97,3218.3,8833.8729
2026-01-19 15:00:00,3216.35,3220.64,3210.31,3212.75,5667.5273
2026-01-19 16:00:00,3223.17,3227.04,3213.11,3216.36,4509.6651
2026-01-19 17:00:00,3219.96,3225.88,3217.07,3223.18,3643.8384
2026-01-19 18:00:00,3214.73,3220.85,3208.35,3219.96,3329.7254
2026-01-19 19:00:00,3219.83,3224.35,3214.73,3214.74,2209.3924
2026-01-19 20:00:00,3214.14,3225.42,3212.52,3219.83,3283.886
2026-01-19 21:00:00,3213.11,3221.64,3210.45,3214.14,2584.7817
2026-01-19 22:00:00,3188.78,3214.42,3186.85,3213.12,6227.1027
2026-01-19 23:00:00,3189.5,3197.58,3166.21,3188.71,9271.2828
2026-01-20 00:00:00,3184.36,3200.41,3176.97,3189.5,5918.1209
2026-01-20 01:00:00,3193.05,3199.2,3175.79,3184.37,5821.3024
2026-01-20 02:00:00,3192.87,3200.37,3179.35,3193.16,5760.2831
2026-01-20 03:00:00,3188.48,3195.09,3184.14,3192.88,4028.6815
2026-01-20 04:00:00,3173.08,3189.12,3169.0,3188.49,5168.1326
2026-01-20 05:00:00,3171.78,3174.98,3152.58,3173.09,14625.6069
2026-01-20 06:00:00,3116.89,3172.38,3109.7,3171.78,15800.4041
2026-01-20 07:00:00,3123.13,3131.6,3112.19,3116.89,10340.0394
2026-01-20 08:00:00,3107.08,3123.89,3085.79,3123.14,16656.6139
2026-01-20 09:00:00,3094.36,3108.66,3088.66,3107.08,9231.0319
2026-01-20 10:00:00,3103.07,3108.48,3091.25,3094.36,5360.1754
2026-01-20 11:00:00,3109.31,3112.72,3103.08,3103.08,4659.4643
2026-01-20 12:00:00,3111.21,3114.59,3102.58,3109.32,5213.9534
2026-01-20 13:00:00,3078.89,3112.96,3074.6,3111.22,13397.747
2026-01-20 14:00:00,3047.51,3088.95,3034.29,3078.88,24899.4651
2026-01-20 15:00:00,3032.86,3049.85,2995.46,3047.51,23170.1747
2026-01-20 16:00:00,3009.31,3042.65,2998.68,3032.86,14069.6176
2026-01-20 17:00:00,2999.61,3023.6,2984.26,3009.31,12727.7765
2026-01-20 18:00:00,2992.01,3009.04,2987.89,2999.6,7204.8611
2026-01-20 19:00:00,2996.6,3003.04,2980.18,2991.96,7280.6459
2026-01-20 20:00:00,3006.62,3007.37,2986.35,2996.6,7160.116
2026-01-20 21:00:00,2993.58,3007.24,2990.06,3006.63,4919.3836
2026-01-20 22:00:00,2951.32,2998.64,2918.0,2993.69,10753.1477
2026-01-20 23:00:00,2939.72,2952.23,2930.63,2951.32,11657.9975
2026-01-21 00:00:00,2960.2,2969.37,2921.86,2939.72,14339.5281
2026-01-21 01:00:00,2965.08,2974.2,2955.45,2960.2,9608.3978
2026-01-21 02:00:00,2961.49,2975.22,2958.08,2965.08,8282.9921
2026-01-21 03:00:00,2981.68,2984.49,2961.1,2961.49,7250.2525
2026-01-21 04:00:00,2979.62,2985.4,2974.84,2981.69,4581.877
2026-01-21 05:00:00,2993.1,3001.98,2978.01,2979.62,7411.1313
2026-01-21 06:00:00,2980.3,2993.59,2975.51,2993.1,5631.3
2026-01-21 07:00:00,2970.66,2985.51,2966.03,2980.3,8893.7075
2026-01-21 08:00:00,2965.57,2974.71,2956.76,2970.67,9712.297
2026-01-21 09:00:00,2954.03,2974.86,2950.07,2965.57,5851.865
2026-01-21 10:00:00,2964.07,2970.09,2952.38,2954.04,6119.3126
2026-01-21 11:00:00,2943.26,2971.77,2938.1,2964.06,4955.51596296
2026-01-21 12:00:00,2931.34,2946.55,2903.06,2943.26,22963.6342
2026-01-21 13:00:00,2928.42,2945.56,2920.44,2931.34,10509.0763
2026-01-21 14:00:00,2981.13,2995.0,2924.57,2928.42,19382.6382
2026-01-21 15:00:00,3002.84,3027.27,2975.02,2981.12,19931.2949
2026-01-21 16:00:00,2891.44,3005.23,2885.78,3002.85,20336.171
2026-01-21 17:00:00,2904.02,2914.29,2866.5,2891.63,17652.1755
2026-01-21 18:00:00,2927.56,2934.12,2888.0,2904.02,7257.6192
2026-01-21 19:00:00,3055.66,3069.5,2916.53,2927.56,23130.3308
2026-01-21 20:00:00,3031.76,3058.06,3003.54,3055.66,13488.8627
2026-01-21 21:00:00,3031.55,3044.37,3021.18,3031.76,5370.3547
2026-01-21 22:00:00,3010.31,3044.95,3009.08,3031.5,4237.9908
2026-01-21 23:00:00,2982.36,3025.31,2972.43,3010.31,7377.5486
2026-01-22 00:00:00,3005.63,3011.11,2980.7,2982.37,5293.3488
2026-01-22 01:00:00,3028.7,3034.16,3002.69,3005.63,4766.8687
2026-01-22 02:00:00,3017.62,3038.5,3015.32,3028.63,4164.2456
2026-01-22 03:00:00,3013.91,3030.99,2999.7,3017.62,4824.8388
2026-01-22 04:00:00,3022.94,3025.81,3011.59,3013.9,2709.4456
2026-01-22 05:00:00,3019.93,3028.04,3014.95,3022.96,2887.7045
2026-01-22 06:00:00,3019.36,3027.45,3009.09,3019.93,4012.4413
2026-01-22 07:00:00,3001.04,3022.21,3000.6,3019.37,4997.0807
2026-01-22 08:00:00,3005.64,3008.11,2992.4,3001.03,8027.6098
2026-01-22 09:00:00,3013.67,3016.36,3003.25,3005.64,4389.503
2026-01-22 10:00:00,3002.84,3014.7,3000.03,3013.68,5148.9977
2026-01-22 11:00:00,2986.89,3007.02,2978.01,3002.81,7975.6626
2026-01-22 12:00:00,2990.83,2998.46,2978.49,2986.87,4934.1398
2026-01-22 13:00:00,2972.88,3010.19,2962.36,2990.84,8404.8383
2026-01-22 14:00:00,2941.6,2982.39,2935.27,2972.88,13385.8413
2026-01-22 15:00:00,2942.11,2968.25,2906.06,2941.31,20306.38
2026-01-22 16:00:00,2946.47,2958.65,2924.17,2942.11,8485.7324
2026-01-22 17:00:00,2961.92,2963.94,2935.11,2946.47,5824.4355
2026-01-22 18:00:00,2939.6,2972.7,2938.49,2961.93,6467.5738
2026-01-22 19:00:00,2953.97,2963.53,2928.58,2939.6,5710.5688
2026-01-22 20:00:00,2939.09,2957.66,2930.61,2953.98,5666.2566
2026-01-22 21:00:00,2946.28,2951.54,2933.96,2939.09,5178.2657
2026-01-22 22:00:00,2951.85,2959.11,2942.99,2946.25,3407.5473
2026-01-22 23:00:00,2952.72,2956.1,2940.85,2951.84,3082.0411
2026-01-23 00:00:00,2953.24,2957.18,2946.07,2952.72,2586.8731
2026-01-23 01:00:00,2969.2,2969.99,2953.28,2953.28,3395.0003
2026-01-23 02:00:00,2953.0,2972.14,2953.0,2969.15,3221.989
2026-01-23 03:00:00,2964.32,2965.11,2951.95,2953.0,2893.6988
2026-01-23 04:00:00,2978.08,2984.59,2963.05,2964.35,4786.8385
2026-01-23 05:00:00,2968.73,2978.3,2963.57,2978.09,4578.6271
2026-01-23 06:00:00,2939.73,2975.57,2937.71,2968.7,7139.2698
2026-01-23 07:00:00,2948.12,2951.17,2935.14,2939.73,6847.7351
2026-01-23 08:00:00,2927.86,2951.11,2922.64,2948.12,10023.187
2026-01-23 09:00:00,2921.41,2935.06,2915.69,2927.86,6565.7576
2026-01-23 10:00:00,2931.05,2934.58,2915.13,2921.42,5723.5024
2026-01-23 11:00:00,2940.6,2946.77,2928.95,2931.05,4701.3814
2026-01-23 12:00:00,2935.13,2940.69,2929.41,2940.61,3891.7093
2026-01-23 13:00:00,2931.13,2944.17,2927.53,2935.14,4730.425
2026-01-23 14:00:00,2916.21,2942.35,2892.64,2931.14,10903.6369
2026-01-23 15:00:00,2952.43,2965.63,2899.59,2916.22,10095.834
2026-01-23 16:00:00,2967.89,2979.98,2938.45,2952.44,8584.333
2026-01-23 17:00:00,2987.25,3019.33,2960.01,2967.89,11895.369
2026-01-23 18:00:00,2988.28,3007.54,2978.47,2987.28,7257.5031
2026-01-23 19:00:00,2959.84,2988.57,2946.87,2988.28,9314.3985
2026-01-23 20:00:00,2940.38,2963.72,2930.53,2959.84,4687.2745
2026-01-23 21:00:00,2944.08,2953.06,2938.66,2940.37,2767.2417
2026-01-23 22:00:00,2959.86,2962.54,2943.63,2944.07,2556.1823
2026-01-23 23:00:00,2956.61,2959.85,2951.27,2959.85,2137.5008
2026-01-24 00:00:00,2951.08,2959.14,2949.48,2956.62,3221.3601
2026-01-24 01:00:00,2956.15,2959.33,2950.1,2951.09,2575.2171
2026-01-24 02:00:00,2959.57,2962.26,2954.62,2956.15,3868.4108
2026-01-24 03:00:00,2962.41,2969.99,2956.92,2959.57,6569.0187
2026-01-24 04:00:00,2963.08,2966.81,2959.2,2962.41,4302.0746
2026-01-24 05:00:00,2960.99,2965.37,2957.17,2963.08,3236.5682
2026-01-24 06:00:00,2961.56,2964.18,2959.12,2961.0,2429.1273
2026-01-24 07:00:00,2957.31,2962.29,2954.54,2961.56,5128.3492
2026-01-24 08:00:00,2963.17,2963.34,2955.47,2957.32,3340.2479
2026-01-24 09:00:00,2960.71,2964.67,2960.46,2963.16,2387.2384
2026-01-24 10:00:00,2961.7,2962.2,2959.11,2960.71,1607.0692
2026-01-24 11:00:00,2961.47,2964.59,2960.7,2961.71,3817.7889
2026-01-24 12:00:00,2962.52,2965.21,2959.81,2961.48,4501.6908
2026-01-24 13:00:00,2949.18,2963.65,2948.8,2962.53,2466.7522
2026-01-24 14:00:00,2959.28,2959.52,2944.08,2949.18,8039.814
2026-01-24 15:00:00,2957.35,2968.0,2955.64,2959.28,6935.5902
2026-01-24 16:00:00,2959.09,2961.56,2952.05,2957.35,5971.0746
2026-01-24 17:00:00,2964.39,2966.12,2958.09,2959.09,5037.1935
2026-01-24 18:00:00,2963.55,2968.45,2962.18,2964.32,3170.9615
2026-01-24 19:00:00,2954.24,2964.02,2952.75,2963.56,3501.0165
2026-01-24 20:00:00,2956.49,2958.87,2954.1,2954.25,1555.7361
2026-01-24 21:00:00,2958.02,2958.02,2949.6,2956.5,2711.2004
2026-01-24 22:00:00,2962.99,2964.55,2958.02,2958.02,2200.4801
2026-01-24 23:00:00,2953.45,2964.39,2952.83,2963.0,3802.3045
2026-01-25 00:00:00,2958.71,2958.71,2952.82,2953.46,4639.5594
2026-01-25 01:00:00,2955.29,2960.46,2950.36,2958.71,5178.2431
2026-01-25 02:00:00,2953.72,2957.9,2953.34,2955.29,3294.4786
2026-01-25 03:00:00,2942.85,2954.26,2937.56,2953.72,8156.7725
2026-01-25 04:00:00,2945.55,2949.6,2940.69,2942.86,4438.2831
2026-01-25 05:00:00,2947.47,2948.51,2942.41,2945.55,2695.8457
2026-01-25 06:00:00,2944.15,2947.82,2934.95,2947.48,5265.0095
2026-01-25 07:00:00,2939.72,2944.16,2938.87,2944.16,2749.3891
2026-01-25 08:00:00,2929.67,2944.98,2921.21,2939.72,8735.426
2026-01-25 09:00:00,2936.06,2939.45,2926.79,2929.68,6959.6318
2026-01-25 10:00:00,2945.44,2947.99,2935.59,2936.07,6177.0373
2026-01-25 11:00:00,2937.62,2946.2,2932.65,2945.45,4916.7686
2026-01-25 12:00:00,2942.53,2944.77,2932.79,2937.62,5529.7762
2026-01-25 13:00:00,2941.89,2945.65,2935.63,2942.53,5031.6258
2026-01-25 14:00:00,2932.9,2942.71,2924.87,2941.89,8192.4911
2026-01-25 15:00:00,2926.91,2936.24,2922.28,2932.82,4521.3673
2026-01-25 16:00:00,2896.92,2927.92,2876.5,2926.91,19880.2705
2026-01-25 17:00:00,2884.36,2898.5,2879.24,2896.92,6507.8797
2026-01-25 18:00:00,2847.9,2888.69,2828.37,2884.36,18250.0871
2026-01-25 19:00:00,2812.86,2853.92,2796.61,2847.9,17847.6082
2026-01-25 20:00:00,2809.88,2823.91,2787.34,2812.86,14673.2497
2026-01-25 21:00:00,2818.74,2825.75,2802.6,2809.89,8908.1474
2026-01-25 22:00:00,2807.33,2819.13,2790.01,2818.74,6852.5519
2026-01-25 23:00:00,2817.67,2821.34,2787.25,2807.32,9872.8733
2026-01-26 00:00:00,2841.9,2847.5,2812.51,2817.51,12656.9139
2026-01-26 01:00:00,2882.61,2898.97,2838.6,2841.9,16303.6056
2026-01-26 02:00:00,2865.89,2885.38,2863.28,2882.69,10678.2988
2026-01-26 03:00:00,2851.23,2872.5,2841.45,2865.89,11904.635
2026-01-26 04:00:00,2866.09,2875.69,2850.2,2851.24,14621.8723
2026-01-26 05:00:00,2869.84,2873.22,2860.34,2866.09,14642.6973
2026-01-26 06:00:00,2891.62,2891.78,2866.42,2869.85,16880.5294
2026-01-26 07:00:00,2903.89,2911.0,2885.99,2891.62,20615.5312
2026-01-26 08:00:00,2912.28,2934.19,2897.55,2903.89,21889.4314
2026-01-26 09:00:00,2885.89,2913.54,2881.35,2912.29,19300.6276
2026-01-26 10:00:00,2896.55,2901.96,2885.08,2885.9,13514.5411
2026-01-26 11:00:00,2892.31,2900.57,2888.36,2896.54,18685.4662
2026-01-26 12:00:00,2902.65,2915.44,2892.3,2892.31,10147.6449
2026-01-26 13:00:00,2909.67,2911.17,2896.95,2902.65,9412.7088
2026-01-26 14:00:00,2922.87,2934.53,2875.76,2909.68,21215.1074
2026-01-26 15:00:00,2899.23,2951.0,2887.54,2922.87,17188.8298
2026-01-26 16:00:00,2901.3,2917.52,2891.83,2899.24,12481.4806
2026-01-26 17:00:00,2909.29,2915.99,2885.38,2901.3,8953.8056
2026-01-26 18:00:00,2932.07,2932.79,2908.02,2909.29,8004.5548
2026-01-26 19:00:00,2922.98,2936.24,2918.43,2932.11,5927.7587
2026-01-26 20:00:00,2901.46,2929.4,2898.82,2922.98,6116.3698
2026-01-26 21:00:00,2928.86,2944.49,2895.41,2901.46,8191.0151
2026-01-26 22:00:00,2927.34,2937.33,2920.0,2928.86,3653.946
2026-01-26 23:00:00,2929.94,2945.14,2918.37,2927.34,1882.3625
2026-01-27 00:00:00,2920.77,2930.95,2917.86,2929.95,2449.3391
2026-01-27 01:00:00,2932.38,2940.01,2912.43,2920.76,5732.0457
2026-01-27 02:00:00,2945.55,2947.13,2932.38,2932.38,4668.9271
2026-01-27 03:00:00,2941.23,2948.99,2936.48,2945.43,4917.6616
2026-01-27 04:00:00,2940.76,2956.98,2936.53,2941.26,5579.1386
2026-01-27 05:00:00,2939.28,2942.2,2933.98,2940.76,3804.8288
2026-01-27 06:00:00,2929.14,2942.63,2924.76,2939.28,3427.1621
2026-01-27 07:00:00,2929.21,2937.32,2927.72,2929.14,3516.8457
2026-01-27 08:00:00,2923.46,2932.59,2920.01,2929.21,4589.5793
2026-01-27 09:00:00,2907.98,2923.47,2907.39,2923.47,6353.0572
2026-01-27 10:00:00,2903.63,2915.41,2902.0,2907.99,5395.6245
2026-01-27 11:00:00,2917.15,2922.24,2900.0,2903.64,6611.0094
2026-01-27 12:00:00,2918.01,2927.89,2915.54,2917.14,4637.9571
2026-01-27 13:00:00,2912.66,2919.04,2905.8,2918.03,4232.855
2026-01-27 14:00:00,2918.49,2943.52,2907.1,2912.67,9226.0508
2026-01-27 15:00:00,2937.57,2941.74,2912.94,2918.49,8149.7856
2026-01-27 16:00:00,2990.5,2998.32,2934.61,2937.57,20657.4609
2026-01-27 17:00:00,2930.21,2994.16,2918.18,2990.5,14593.8579
2026-01-27 18:00:00,2978.21,2989.56,2926.33,2930.21,8889.4155
2026-01-27 19:00:00,2980.35,2992.15,2965.82,2978.22,10598.122
2026-01-27 20:00:00,3020.9,3028.0,2978.91,2980.34,15354.7987
2026-01-27 21:00:00,3015.3,3030.26,3005.0,3020.73,10391.1016
2026-01-27 22:00:00,3019.18,3022.63,3003.53,3015.3,6116.6467
2026-01-27 23:00:00,3026.28,3034.73,3010.83,3019.19,7797.2443
2026-01-28 00:00:00,3024.08,3029.31,3015.55,3026.29,4392.3712
2026-01-28 01:00:00,3018.42,3026.69,3007.31,3024.08,5008.2061
2026-01-28 02:00:00,3011.15,3018.43,3005.78,3018.43,3752.48374
2026-01-28 03:00:00,3005.4,3012.4,2997.17,3011.16,5066.9123
2026-01-28 04:00:00,2999.44,3006.61,2992.93,3005.4,4719.494
2026-01-28 05:00:00,3004.6,3008.8,2996.68,2999.44,4839.712
2026-01-28 06:00:00,3014.61,3018.13,3003.32,3004.6,5123.9532
2026-01-28 07:00:00,3005.03,3015.22,3002.42,3014.62,4573.7889
2026-01-28 08:00:00,2990.55,3006.48,2988.6,3005.02,6726.5044
2026-01-28 09:00:00,3017.53,3017.53,2986.99,2990.55,9449.087
2026-01-28 10:00:00,3025.99,3039.72,3013.02,3017.53,9874.1907
2026-01-28 11:00:00,3039.92,3045.36,3015.38,3025.99,7013.1545
2026-01-28 12:00:00,3031.06,3040.22,3024.06,3039.92,4122.761
2026-01-28 13:00:00,3034.49,3045.82,3029.74,3031.07,1975.397
2026-01-28 14:00:00,3012.87,3034.51,3007.6,3034.51,8597.2187
2026-01-28 15:00:00,3007.4,3020.98,2983.14,3012.88,9849.2072
2026-01-28 16:00:00,2999.68,3017.75,2995.89,3007.4,5188.0303
2026-01-28 17:00:00,3014.73,3031.83,2989.01,2999.69,8349.5729
2026-01-28 18:00:00,3015.31,3024.32,3000.0,3014.73,7674.388
2026-01-28 19:00:00,3016.72,3024.42,2996.81,3015.2,11319.6779
2026-01-28 20:00:00,3011.93,3038.29,3008.65,3016.72,7529.7665
2026-01-28 21:00:00,3021.46,3023.68,2996.81,3011.93,5315.953
2026-01-28 22:00:00,3018.71,3027.46,3008.54,3021.46,2884.4403
2026-01-28 23:00:00,3010.63,3023.14,3008.44,3018.72,3062.2685
2026-01-29 00:00:00,3009.34,3013.17,2996.61,3010.64,4190.6958
2026-01-29 01:00:00,2992.97,3011.55,2987.37,3009.34,5069.2012
2026-01-29 02:00:00,2959.64,2999.16,2944.24,2992.97,11956.2003
2026-01-29 03:00:00,2952.94,2972.68,2948.07,2959.64,8789.3826
2026-01-29 04:00:00,2959.73,2960.62,2937.98,2952.94,4334.9411
2026-01-29 05:00:00,2951.34,2965.6,2948.59,2959.74,3420.6176
2026-01-29 06:00:00,2956.31,2959.56,2950.43,2951.36,3316.1118
2026-01-29 07:00:00,2961.47,2965.05,2955.81,2956.31,4618.4783
2026-01-29 08:00:00,2952.93,2970.0,2943.58,2961.48,10278.6844
2026-01-29 09:00:00,2942.87,2955.25,2942.85,2952.93,3651.0221
2026-01-29 10:00:00,2944.65,2949.52,2941.77,2942.88,3666.5992
2026-01-29 11:00:00,2929.37,2945.5,2923.83,2944.66,10149.1707
2026-01-29 12:00:00,2936.98,2938.88,2926.18,2929.38,3546.345
2026-01-29 13:00:00,2936.15,2939.02,2931.92,2936.83,2486.111
2026-01-29 14:00:00,2876.24,2936.86,2875.88,2936.16,11316.5331
2026-01-29 15:00:00,2824.45,2877.6,2797.08,2876.48,33117.4791
2026-01-29 16:00:00,2835.43,2836.69,2801.82,2824.45,16563.2101
2026-01-29 17:00:00,2824.31,2860.0,2819.03,2835.3,14872.0215
2026-01-29 18:00:00,2764.19,2834.61,2755.0,2824.31,22183.9934
2026-01-29 19:00:00,2797.41,2811.55,2758.37,2764.18,16279.5433
2026-01-29 20:00:00,2805.92,2812.79,2789.23,2797.45,6219.9169
2026-01-29 21:00:00,2819.41,2825.25,2805.69,2806.26,6567.8862
2026-01-29 22:00:00,2820.16,2825.05,2810.82,2819.71,2997.9236
2026-01-29 23:00:00,2822.61,2827.76,2812.88,2820.16,3915.595
2026-01-30 00:00:00,2805.1,2828.54,2802.52,2822.62,6010.4641
2026-01-30 01:00:00,2747.31,2813.3,2685.0,2805.1,23864.7206
2026-01-30 02:00:00,2736.5,2751.28,2699.15,2747.32,17961.9256
2026-01-30 03:00:00,2741.26,2748.18,2734.06,2736.5,6348.097
2026-01-30 04:00:00,2752.73,2774.85,2738.46,2741.27,6956.1825
2026-01-30 05:00:00,2747.08,2760.71,2746.98,2752.84,3813.328
2026-01-30 06:00:00,2718.53,2748.35,2696.73,2747.21,10409.4389
2026-01-30 07:00:00,2740.33,2750.8,2718.02,2718.53,11305.4611
2026-01-30 08:00:00,2737.39,2748.47,2722.76,2740.34,7980.0735
2026-01-30 09:00:00,2722.26,2744.1,2710.3,2737.39,8415.8185
2026-01-30 10:00:00,2736.52,2737.08,2711.62,2722.26,5955.6357
2026-01-30 11:00:00,2759.73,2769.03,2734.7,2736.51,6877.0095
2026-01-30 12:00:00,2740.66,2766.84,2738.19,2759.77,7680.9894
2026-01-30 13:00:00,2730.22,2751.11,2719.22,2740.66,9023.2461
2026-01-30 14:00:00,2737.49,2764.94,2724.52,2730.23,12723.4827
2026-01-30 15:00:00,2729.52,2752.78,2693.78,2737.49,19194.2648
2026-01-30 16:00:00,2726.69,2744.3,2705.98,2729.48,10997.5334
2026-01-30 17:00:00,2712.54,2741.19,2706.31,2726.69,9798.0119
2026-01-30 18:00:00,2740.21,2750.2,2636.5,2712.54,21776.5912
2026-01-30 19:00:00,2742.38,2761.22,2734.61,2740.21,12578.1582
2026-01-30 20:00:00,2680.56,2743.1,2665.03,2742.38,14466.4369
2026-01-30 21:00:00,2705.0,2715.2,2677.38,2681.33,8454.9006
2026-01-30 22:00:00,2709.84,2709.84,2693.25,2705.47,3412.7264
2026-01-30 23:00:00,2707.39,2711.96,2694.57,2709.84,3544.7706
2026-01-31 00:00:00,2706.32,2714.61,2703.14,2707.4,3168.1039
2026-01-31 01:00:00,2699.76,2714.75,2699.0,2706.34,4033.6898
2026-01-31 02:00:00,2701.99,2708.6,2684.7,2699.77,5625.3193
2026-01-31 03:00:00,2695.98,2706.43,2694.89,2702.0,3446.1714
2026-01-31 04:00:00,2695.8,2704.97,2693.56,2695.99,3756.7727
2026-01-31 05:00:00,2697.85,2703.4,2690.84,2695.8,4222.4124
2026-01-31 06:00:00,2692.75,2701.04,2684.39,2697.87,5356.9037
2026-01-31 07:00:00,2679.97,2693.96,2668.48,2692.76,7199.6409
2026-01-31 08:00:00,2643.92,2683.71,2608.46,2679.97,26691.8799
2026-01-31 09:00:00,2648.2,2659.99,2633.83,2643.93,9381.0699
2026-01-31 10:00:00,2651.37,2655.42,2636.36,2648.33,4723.7591
2026-01-31 11:00:00,2640.6,2651.38,2634.51,2651.38,5402.9755
2026-01-31 12:00:00,2633.37,2644.39,2628.71,2640.61,7959.3722
2026-01-31 13:00:00,2629.09,2636.79,2618.16,2633.38,10170.499
2026-01-31 14:00:00,2538.51,2636.06,2510.0,2629.09,39598.0518
2026-01-31 15:00:00,2534.14,2554.53,2526.06,2538.5,16205.1509
2026-01-31 16:00:00,2482.56,2551.48,2468.3,2534.14,25306.802
2026-01-31 17:00:00,2403.19,2495.31,2361.81,2482.57,46651.6577
2026-01-31 18:00:00,2380.14,2417.28,2241.91,2403.19,36700.8466
2026-01-31 19:00:00,2382.87,2432.96,2372.25,2380.14,21249.7413
2026-01-31 20:00:00,2382.38,2407.44,2355.0,2382.87,10554.5361
2026-01-31 21:00:00,2419.76,2423.99,2372.86,2382.11,9877.4049
2026-01-31 22:00:00,2419.66,2424.99,2406.66,2419.77,3772.7298
2026-01-31 23:00:00,2451.85,2473.51,2417.05,2419.66,9051.8905
2026-02-01 00:00:00,2452.09,2476.15,2445.94,2451.84,9947.591
2026-02-01 01:00:00,2444.89,2455.78,2429.7,2452.1,7964.81554557
2026-02-01 02:00:00,2452.54,2461.67,2440.22,2444.9,6464.7245
2026-02-01 03:00:00,2445.45,2456.57,2437.9,2452.55,5137.1469
2026-02-01 04:00:00,2448.19,2454.75,2441.82,2445.45,4273.539
2026-02-01 05:00:00,2430.47,2449.5,2424.97,2448.2,7684.7192
2026-02-01 06:00:00,2418.55,2439.99,2408.31,2430.47,8040.8545
2026-02-01 07:00:00,2411.35,2438.2,2393.75,2418.55,11934.189
2026-02-01 08:00:00,2413.1,2428.77,2396.33,2411.35,12681.9634
2026-02-01 09:00:00,2432.0,2437.75,2406.61,2413.1,5977.0058
2026-02-01 10:00:00,2380.81,2438.93,2376.27,2432.01,11142.3132
2026-02-01 11:00:00,2411.87,2423.55,2380.81,2380.81,7296.5233
2026-02-01 12:00:00,2395.84,2412.5,2383.09,2411.87,9334.4308
2026-02-01 13:00:00,2381.35,2410.45,2369.73,2395.85,6616.4966
2026-02-01 14:00:00,2372.84,2389.59,2327.1,2381.17,19580.9771
2026-02-01 15:00:00,2316.18,2373.15,2286.58,2373.15,23227.5588
2026-02-01 16:00:00,2304.15,2333.4,2283.85,2316.19,14251.0021
2026-02-01 17:00:00,2314.51,2322.11,2297.17,2304.15,12322.5093
2026-02-01 18:00:00,2351.29,2377.6,2313.73,2314.52,14068.988
2026-02-01 19:00:00,2320.65,2356.93,2306.66,2351.29,9386.034
2026-02-01 20:00:00,2316.37,2349.6,2298.95,2320.65,10807.397
2026-02-01 21:00:00,2290.43,2319.6,2278.74,2316.38,9363.2749
2026-02-01 22:00:00,2319.13,2334.99,2286.95,2290.45,8916.116
2026-02-01 23:00:00,2270.37,2321.52,2220.0,2319.12,16765.7063
2026-02-02 00:00:00,2293.16,2324.07,2242.6,2270.37,9878.065
2026-02-02 01:00:00,2291.15,2318.85,2250.0,2293.17,11280.0211
2026-02-02 02:00:00,2262.14,2300.37,2259.5,2291.16,7736.0492
2026-02-02 03:00:00,2238.99,2267.66,2165.0,2262.15,30335.4176
2026-02-02 04:00:00,2240.62,2267.87,2207.7,2238.99,11663.8923
2026-02-02 05:00:00,2198.37,2243.36,2184.96,2240.62,17959.7877
2026-02-02 06:00:00,2227.31,2240.82,2157.31,2198.37,25182.2551
2026-02-02 07:00:00,2228.46,2253.63,2217.88,2227.36,12011.9167
2026-02-02 08:00:00,2249.29,2258.62,2228.45,2228.46,12299.8761
2026-02-02 09:00:00,2291.51,2318.27,2237.86,2249.3,17696.0235
2026-02-02 10:00:00,2277.83,2299.74,2272.72,2291.51,10545.6487
2026-02-02 11:00:00,2282.38,2298.17,2273.94,2277.84,10586.1858
2026-02-02 12:00:00,2311.61,2318.46,2282.0,2282.38,9461.5387
2026-02-02 13:00:00,2327.93,2336.29,2302.38,2311.6,11239.1033
2026-02-02 14:00:00,2328.88,2368.26,2299.28,2327.91,20600.907
2026-02-02 15:00:00,2372.67,2397.05,2320.0,2328.88,20213.9879
2026-02-02 16:00:00,2358.69,2387.15,2350.01,2372.63,13600.4961
2026-02-02 17:00:00,2356.6,2381.59,2345.63,2358.69,10283.8911
2026-02-02 18:00:00,2344.78,2359.95,2333.41,2356.61,8231.6455
2026-02-02 19:00:00,2331.53,2350.58,2327.41,2344.78,7783.245
2026-02-02 20:00:00,2321.92,2340.44,2313.31,2331.48,8945.0671
2026-02-02 21:00:00,2341.93,2345.15,2319.29,2321.95,6223.5607
2026-02-02 22:00:00,2351.13,2354.78,2336.05,2341.94,3725.8503
2026-02-02 23:00:00,2346.97,2355.6,2339.81,2351.14,4542.86
2026-02-03 00:00:00,2354.23,2355.74,2325.27,2346.97,6148.4461
2026-02-03 01:00:00,2354.51,2359.81,2338.01,2354.23,5891.242
2026-02-03 02:00:00,2298.84,2354.74,2297.32,2354.51,8819.0421
2026-02-03 03:00:00,2344.21,2345.44,2284.84,2298.83,12811.2814
2026-02-03 04:00:00,2345.97,2355.11,2333.45,2344.22,9750.8719
2026-02-03 05:00:00,2316.61,2346.3,2315.14,2345.98,7767.6902
2026-02-03 06:00:00,2320.71,2328.82,2298.67,2316.56,8832.453
2026-02-03 07:00:00,2323.34,2333.87,2312.98,2320.7,8426.4569
2026-02-03 08:00:00,2316.19,2332.65,2309.61,2323.34,8146.401
2026-02-03 09:00:00,2292.06,2318.96,2262.0,2316.19,17250.9087
2026-02-03 10:00:00,2281.8,2299.53,2276.69,2292.06,6597.5336
2026-02-03 11:00:00,2276.81,2288.2,2270.63,2281.8,8527.074
2026-02-03 12:00:00,2301.51,2305.92,2272.23,2276.82,7510.943
2026-02-03 13:00:00,2312.23,2317.37,2296.26,2301.51,6363.4304
2026-02-03 14:00:00,2257.23,2316.91,2254.43,2312.23,12670.9377
2026-02-03 15:00:00,2303.37,2313.63,2251.76,2257.23,17561.5539
2026-02-03 16:00:00,2241.05,2303.37,2235.64,2303.37,18237.8662
2026-02-03 17:00:00,2195.52,2244.88,2194.31,2241.09,19712.5575
2026-02-03 18:00:00,2120.37,2207.28,2108.28,2195.85,25698.167
2026-02-03 19:00:00,2205.32,2218.45,2112.01,2120.36,21783.1134
2026-02-03 20:00:00,2299.46,2350.0,2188.01,2205.31,19508.4727
2026-02-03 21:00:00,2283.83,2337.97,2279.95,2299.46,11090.7137
2026-02-03 22:00:00,2236.71,2286.41,2229.27,2283.89,7525.5214
2026-02-03 23:00:00,2233.8,2248.73,2212.51,2236.69,12937.5806
2026-02-04 00:00:00,2241.05,2256.99,2224.01,2233.8,8319.125
2026-02-04 01:00:00,2268.62,2281.88,2241.05,2241.05,9766.5941
2026-02-04 02:00:00,2252.06,2276.53,2242.61,2268.63,5900.7867
2026-02-04 03:00:00,2283.26,2295.8,2249.15,2252.03,10901.5011
2026-02-04 04:00:00,2273.85,2290.0,2270.98,2283.26,2263.9748
2026-02-04 05:00:00,2265.32,2280.37,2256.33,2273.87,2279.3586
2026-02-04 06:00:00,2277.69,2284.36,2258.17,2265.32,6349.942
2026-02-04 07:00:00,2283.8,2293.76,2263.8,2277.69,13197.7648
2026-02-04 08:00:00,2280.02,2285.97,2266.67,2283.8,8877.4836
2026-02-04 09:00:00,2260.74,2279.92,2251.66,2279.92,9735.4005
2026-02-04 10:00:00,2260.73,2264.29,2250.61,2260.74,6197.8169
2026-02-04 11:00:00,2254.92,2267.26,2226.61,2260.73,21949.9163
2026-02-04 12:00:00,2244.2,2263.18,2231.81,2254.89,12452.3319
2026-02-04 13:00:00,2198.61,2245.96,2197.24,2244.17,18552.6308
2026-02-04 14:00:00,2171.86,2225.99,2168.61,2198.53,19434.5476
2026-02-04 15:00:00,2151.74,2197.5,2136.55,2172.02,26105.1479
2026-02-04 16:00:00,2135.27,2160.96,2106.37,2151.9,24057.7247
2026-02-04 17:00:00,2126.02,2155.0,2092.98,2135.29,27302.697
2026-02-04 18:00:00,2147.95,2185.26,2076.66,2126.02,34082.5259
2026-02-04 19:00:00,2188.47,2194.46,2133.03,2147.94,19986.8691
2026-02-04 20:00:00,2171.7,2192.79,2161.81,2188.46,12159.7417
2026-02-04 21:00:00,2129.7,2180.71,2108.29,2171.94,11429.3362
2026-02-04 22:00:00,2120.28,2168.25,2087.59,2129.62,10248.666
2026-02-04 23:00:00,2148.26,2165.86,2115.26,2119.92,11004.381
2026-02-05 00:00:00,2149.95,2164.36,2136.85,2148.15,8684.9143
2026-02-05 01:00:00,2148.46,2173.6,2123.17,2149.96,14603.6414
2026-02-05 02:00:00,2124.34,2163.5,2113.12,2148.49,16738.3001
2026-02-05 03:00:00,2109.93,2136.69,2098.89,2124.33,15900.8983
2026-02-05 04:00:00,2103.82,2125.18,2078.6,2109.93,19030.5281
2026-02-05 05:00:00,2101.45,2124.79,2078.01,2103.83,20292.1349
2026-02-05 06:00:00,2087.64,2107.82,2068.81,2101.45,18734.944
2026-02-05 07:00:00,2091.49,2124.37,2085.98,2087.64,15075.622
2026-02-05 08:00:00,2111.85,2121.12,2091.23,2091.49,14103.4304
2026-02-05 09:00:00,2133.49,2149.86,2111.31,2111.86,12700.4649
2026-02-05 10:00:00,2097.73,2140.41,2086.47,2133.49,11278.748
2026-02-05 11:00:00,2079.77,2105.38,2062.22,2097.73,18636.2787
2026-02-05 12:00:00,2063.82,2093.37,2043.1,2079.77,18002.3636
2026-02-05 13:00:00,2058.73,2080.38,2048.6,2063.84,16164.3106
2026-02-05 14:00:00,2046.68,2106.32,2042.42,2058.74,18726.8667
2026-02-05 15:00:00,1960.92,2053.27,1926.98,2046.57,45113.9042
2026-02-05 16:00:00,1998.68,2018.62,1944.47,1960.93,24806.7553
2026-02-05 17:00:00,1954.93,2001.54,1943.28,1998.68,20235.5398
2026-02-05 18:00:00,1950.24,1968.57,1914.0,1954.93,22160.4851
2026-02-05 19:00:00,1928.94,1953.5,1917.69,1950.24,12850.4469
2026-02-05 20:00:00,1869.88,1943.22,1824.9,1928.61,34119.0163
2026-02-05 21:00:00,1850.49,1912.21,1840.0,1869.7,25652.0367
2026-02-05 22:00:00,1870.63,1890.0,1816.94,1850.37,14513.989
2026-02-05 23:00:00,1826.85,1907.68,1820.28,1870.82,18090.6906
2026-02-06 00:00:00,1870.77,1892.81,1744.69,1826.85,42595.9606
2026-02-06 01:00:00,1932.23,1940.73,1870.02,1870.77,15590.9022
2026-02-06 02:00:00,1907.51,1948.57,1891.37,1932.43,12809.5435
2026-02-06 03:00:00,1891.97,1917.97,1879.26,1907.51,9339.9699
2026-02-06 04:00:00,1909.24,1917.97,1885.98,1891.96,7169.05845
2026-02-06 05:00:00,1958.66,1976.13,1906.69,1909.09,16828.7005
2026-02-06 06:00:00,1908.85,1967.38,1907.24,1958.82,20566.7543
2026-02-06 07:00:00,1899.61,1915.65,1887.56,1908.86,19419.9793
2026-02-06 08:00:00,1874.93,1907.39,1866.7,1899.81,23208.652
2026-02-06 09:00:00,1919.39,1929.42,1871.5,1874.94,19229.2605
2026-02-06 10:00:00,1927.21,1936.54,1910.24,1919.39,17759.3616
2026-02-06 11:00:00,1933.22,1939.34,1920.09,1927.21,13642.8136
2026-02-06 12:00:00,1921.09,1932.91,1915.18,1932.91,11548.8853
2026-02-06 13:00:00,1950.17,1962.61,1919.54,1921.1,15493.3941
2026-02-06 14:00:00,1978.83,2003.8,1933.33,1950.17,31123.28298764
2026-02-06 15:00:00,1980.85,1997.78,1961.2,1978.84,25856.6018
2026-02-06 16:00:00,2036.32,2047.23,1971.3,1980.86,29984.1342
2026-02-06 17:00:00,2067.47,2090.47,2028.0,2036.39,25233.6518
2026-02-06 18:00:00,2044.81,2070.6,2030.6,2067.47,21169.5978
2026-02-06 19:00:00,2065.95,2072.43,2033.78,2044.83,15535.3566
2026-02-06 20:00:00,2054.05,2094.57,2043.76,2065.95,16823.3988
2026-02-06 21:00:00,2054.17,2061.92,2041.83,2054.28,10458.4681
2026-02-06 22:00:00,2075.06,2085.92,2046.1,2054.17,14279.7879
2026-02-06 23:00:00,2063.47,2088.0,2050.37,2075.05,11864.188
2026-02-07 00:00:00,2043.66,2064.7,2036.98,2063.51,12401.3964
2026-02-07 01:00:00,2061.79,2066.58,2032.7,2043.65,12380.8708
2026-02-07 02:00:00,2059.52,2065.43,2048.46,2061.72,10221.279
2026-02-07 03:00:00,2080.99,2085.75,2058.31,2059.33,13180.3304
2026-02-07 04:00:00,2087.57,2119.28,2078.96,2080.99,17334.5676
2026-02-07 05:00:00,2083.68,2104.26,2077.83,2087.5,8078.9306
2026-02-07 06:00:00,2047.82,2093.63,2047.31,2083.67,10953.0943
2026-02-07 07:00:00,2027.21,2055.99,1994.61,2047.86,26085.4348
2026-02-07 08:00:00,2019.21,2032.38,2015.55,2027.21,12377.9345
2026-02-07 09:00:00,2014.56,2029.96,2005.35,2019.21,8569.8469
2026-02-07 10:00:00,2010.9,2019.74,1999.91,2014.56,8886.2101
2026-02-07 11:00:00,2018.82,2021.96,2006.6,2010.87,7680.9836
2026-02-07 12:00:00,2041.63,2075.7,2017.2,2018.83,21931.4216
2026-02-07 13:00:00,2041.67,2050.98,2028.95,2041.63,12930.6568
2026-02-07 14:00:00,2020.39,2049.48,2009.53,2041.68,12326.3281
2026-02-07 15:00:00,2052.64,2064.2,2014.76,2020.39,13306.6662
2026-02-07 16:00:00,2050.37,2128.3,2002.66,2052.64,69251.6968
2026-02-07 17:00:00,2061.37,2073.15,2033.2,2050.37,11582.3509
2026-02-07 18:00:00,2097.19,2109.73,2058.9,2061.36,14935.8617
2026-02-07 19:00:00,2091.5,2101.4,2083.91,2097.19,6986.0217
2026-02-07 20:00:00,2105.07,2114.32,2084.71,2091.49,7992.1453
2026-02-07 21:00:00,2100.59,2110.67,2097.57,2105.07,8401.2616
2026-02-07 22:00:00,2088.66,2107.6,2087.65,2100.59,2968.457
2026-02-07 23:00:00,2087.34,2095.43,2073.12,2089.01,4696.4005
2026-02-08 00:00:00,2084.35,2094.43,2076.84,2087.41,4211.5352
2026-02-08 01:00:00,2096.28,2097.68,2082.41,2084.36,3845.9579
2026-02-08 02:00:00,2088.79,2107.49,2082.45,2096.3,5088.6428
2026-02-08 03:00:00,2078.74,2093.28,2077.01,2088.81,4428.6297
2026-02-08 04:00:00,2087.62,2089.51,2065.51,2078.82,3954.7943
2026-02-08 05:00:00,2084.83,2088.42,2078.91,2087.59,4264.9057
2026-02-08 06:00:00,2079.35,2089.13,2077.22,2084.84,3072.2152
2026-02-08 07:00:00,2084.62,2084.62,2068.01,2079.35,6354.1647
2026-02-08 08:00:00,2115.98,2125.0,2078.31,2084.64,8894.6629
2026-02-08 09:00:00,2100.6,2123.06,2095.56,2115.98,5111.3215
2026-02-08 10:00:00,2095.83,2114.35,2083.56,2100.6,5406.2523
2026-02-08 11:00:00,2132.31,2137.59,2094.3,2095.91,7022.5184
2026-02-08 12:00:00,2131.32,2145.29,2125.82,2132.32,6264.7276
2026-02-08 13:00:00,2126.67,2141.05,2118.48,2131.18,7746.0147
2026-02-08 14:00:00,2128.82,2129.62,2116.66,2126.67,3843.9281
2026-02-08 15:00:00,2108.95,2130.88,2097.79,2128.81,8685.9654
2026-02-08 16:00:00,2081.27,2116.42,2072.84,2108.95,6942.7574
2026-02-08 17:00:00,2092.25,2099.58,2080.28,2081.23,5361.0384
2026-02-08 18:00:00,2109.32,2122.54,2091.05,2092.25,5742.0033
2026-02-08 19:00:00,2126.76,2129.82,2107.88,2109.33,4012.4304
2026-02-08 20:00:00,2104.8,2127.16,2100.21,2126.92,3421.3113
2026-02-08 21:00:00,2094.07,2115.42,2090.0,2104.81,4445.9307
2026-02-08 22:00:00,2108.47,2112.59,2093.85,2093.95,3530.9447
2026-02-08 23:00:00,2090.08,2151.49,2071.54,2108.46,8757.3808
2026-02-09 00:00:00,2084.57,2097.48,2076.2,2090.08,3982.9394
2026-02-09 01:00:00,2071.02,2101.3,2055.12,2084.49,8002.9601
2026-02-09 02:00:00,2081.34,2095.59,2065.75,2071.01,4486.4288
2026-02-09 03:00:00,2100.3,2103.23,2081.33,2081.34,3839.226
2026-02-09 04:00:00,2090.47,2101.96,2086.61,2100.3,3157.8742
2026-02-09 05:00:00,2095.79,2097.0,2083.78,2090.47,3359.819
2026-02-09 06:00:00,2081.46,2095.79,2072.47,2095.79,4339.3738
2026-02-09 07:00:00,2065.9,2087.98,2064.89,2081.46,4441.0354
2026-02-09 08:00:00,2050.0,2070.41,2034.71,2065.91,9003.1557
2026-02-09 09:00:00,2042.33,2057.54,2034.7,2050.01,4990.6199
2026-02-09 10:00:00,2022.59,2047.21,2013.53,2042.33,6780.5496
2026-02-09 11:00:00,2028.27,2036.85,2020.49,2022.61,5575.8468
2026-02-09 12:00:00,2035.58,2039.84,2027.51,2028.28,3744.2857
2026-02-09 13:00:00,2022.85,2050.06,2022.8,2035.59,5244.9894
2026-02-09 14:00:00,2043.55,2049.77,2008.67,2022.86,9214.2144
2026-02-09 15:00:00,2061.8,2073.33,2032.51,2043.55,7622.8634
2026-02-09 16:00:00,2091.28,2109.48,2047.5,2061.49,6221.0005
2026-02-09 17:00:00,2127.36,2137.3,2078.24,2091.29,8715.3456
2026-02-09 18:00:00,2130.72,2143.0,2109.48,2127.36,6749.3274
2026-02-09 19:00:00,2131.4,2138.34,2119.26,2130.71,4449.0092
2026-02-09 20:00:00,2124.39,2147.6,2118.19,2131.4,5454.6931
2026-02-09 21:00:00,2122.29,2129.46,2088.17,2124.63,7354.5214
2026-02-09 22:00:00,2115.27,2125.95,2111.51,2122.3,3378.1413
2026-02-09 23:00:00,2105.08,2122.32,2101.73,2115.21,3619.1769
2026-02-10 00:00:00,2096.73,2112.79,2096.23,2105.09,3578.0473
2026-02-10 01:00:00,2117.36,2124.76,2096.23,2096.74,3683.955
2026-02-10 02:00:00,2108.25,2121.74,2102.81,2117.39,3589.9591
2026-02-10 03:00:00,2065.07,2110.84,2052.27,2108.26,9455.6574
2026-02-10 04:00:00,2070.36,2074.69,2063.05,2065.08,6798.2698
2026-02-10 05:00:00,2053.14,2071.94,2045.48,2070.36,11146.3232
2026-02-10 06:00:00,2009.37,2057.9,1998.13,2053.15,17295.6531
2026-02-10 07:00:00,2007.83,2019.4,2000.12,2009.37,12476.5565
2026-02-10 08:00:00,2015.01,2017.96,1996.0,2007.84,17151.15493897
2026-02-10 09:00:00,2016.75,2029.82,2010.37,2015.02,14718.7859
2026-02-10 10:00:00,2013.98,2022.06,2009.75,2016.75,5438.0842
2026-02-10 11:00:00,2003.14,2022.4,2001.11,2013.99,7012.3797
2026-02-10 12:00:00,2008.32,2017.44,2002.52,2003.14,5474.7854
2026-02-10 13:00:00,2022.66,2027.6,1997.86,2008.27,8590.5003
2026-02-10 14:00:00,2009.81,2040.14,1988.95,2022.66,9235.8304
2026-02-10 15:00:00,2023.16,2029.99,2003.76,2009.8,6480.6483
2026-02-10 16:00:00,2026.12,2037.74,2012.51,2022.95,5358.8782
2026-02-10 17:00:00,2040.05,2046.78,2020.02,2026.12,4212.27
2026-02-10 18:00:00,2009.47,2043.2,1996.2,2040.12,6103.9039
2026-02-10 19:00:00,2018.02,2025.65,2003.68,2009.46,3663.805
2026-02-10 20:00:00,2011.46,2021.51,2004.73,2018.03,3105.6921
2026-02-10 21:00:00,2008.61,2018.1,1997.02,2011.46,3690.9937
2026-02-10 22:00:00,2017.87,2020.41,2007.17,2008.6,2593.0141
2026-02-10 23:00:00,2022.71,2022.8,2012.53,2017.76,2671.6539
2026-02-11 00:00:00,2025.63,2029.6,2019.46,2022.71,2714.0769
2026-02-11 01:00:00,2024.33,2030.81,2016.57,2025.63,3032.9986
2026-02-11 02:00:00,2017.63,2032.36,2014.43,2024.38,3074.6489
2026-02-11 03:00:00,2009.58,2021.39,1998.0,2017.66,6689.8129
2026-02-11 04:00:00,1971.55,2011.14,1963.5,2009.54,11031.1733
2026-02-11 05:00:00,1974.6,1981.39,1971.52,1971.52,3568.9858
2026-02-11 06:00:00,1949.1,1977.34,1939.15,1974.61,8242.4433
2026-02-11 07:00:00,1951.04,1958.58,1945.66,1949.12,4280.4561982
2026-02-11 08:00:00,1950.22,1953.59,1936.76,1951.04,7006.8937
2026-02-11 09:00:00,1946.93,1954.25,1943.36,1950.23,3313.0292
2026-02-11 10:00:00,1939.49,1946.93,1932.02,1946.93,3705.1616
2026-02-11 11:00:00,1953.69,1956.38,1937.01,1939.49,3486.1392
2026-02-11 12:00:00,1952.28,1967.5,1949.0,1953.69,7082.4462
2026-02-11 13:00:00,1960.75,1969.0,1942.88,1952.29,6989.8155
2026-02-11 14:00:00,1943.38,2015.59,1937.72,1960.75,13161.1287
2026-02-11 15:00:00,1929.14,1950.42,1903.04,1943.48,9319.6969
2026-02-11 16:00:00,1915.54,1956.15,1910.28,1929.14,5832.8019
2026-02-11 17:00:00,1930.16,1942.73,1908.75,1915.54,4918.8518
2026-02-11 18:00:00,1944.29,1948.61,1915.91,1930.19,3615.2045
2026-02-11 19:00:00,1952.44,1959.57,1938.23,1944.28,4028.3113
2026-02-11 20:00:00,1954.18,1958.86,1940.54,1952.44,2777.0269
2026-02-11 21:00:00,1970.48,1988.09,1951.03,1954.18,4770.583
2026-02-11 22:00:00,1951.31,1973.39,1948.54,1970.5,3045.9346
2026-02-11 23:00:00,1940.99,1956.83,1932.01,1951.44,4282.1449
2026-02-12 00:00:00,1958.97,1963.39,1941.12,1941.12,2969.4397
2026-02-12 01:00:00,1965.88,1977.76,1958.89,1958.89,3666.7864
2026-02-12 02:00:00,1958.66,1971.59,1955.85,1965.88,3087.7806
2026-02-12 03:00:00,1968.88,1969.22,1957.08,1958.66,2787.1789
2026-02-12 04:00:00,1966.01,1975.42,1960.49,1968.89,3095.2049
2026-02-12 05:00:00,1970.45,1971.91,1953.27,1965.97,3233.888
2026-02-12 06:00:00,1975.04,1982.94,1965.81,1970.46,3204.392
2026-02-12 07:00:00,1968.43,1977.9,1966.43,1975.04,3011.641
2026-02-12 08:00:00,1965.49,1974.04,1957.63,1968.35,3719.7229
2026-02-12 09:00:00,1982.45,1990.04,1963.49,1965.49,4658.0206
2026-02-12 10:00:00,1994.25,1995.63,1977.73,1982.45,5164.6305
2026-02-12 11:00:00,1988.97,2001.62,1984.07,1994.24,5420.9567
2026-02-12 12:00:00,1980.86,1990.9,1975.02,1988.96,4155.0838
2026-02-12 13:00:00,1994.97,1996.49,1975.6,1980.86,4421.8526
2026-02-12 14:00:00,1978.38,1996.09,1973.44,1994.97,4777.2565
2026-02-12 15:00:00,1948.75,1984.86,1945.43,1978.59,7652.3989
2026-02-12 16:00:00,1909.23,1950.16,1896.71,1948.76,11877.5258
2026-02-12 17:00:00,1910.32,1927.3,1902.64,1909.23,6199.916
2026-02-12 18:00:00,1918.68,1924.93,1902.01,1910.4,4354.1952
2026-02-12 19:00:00,1925.43,1940.99,1911.57,1918.69,5009.6791
2026-02-12 20:00:00,1915.94,1931.98,1909.61,1925.46,3402.3233
2026-02-12 21:00:00,1923.44,1927.8,1914.39,1915.96,3043.2397
2026-02-12 22:00:00,1943.05,1945.61,1920.29,1923.44,2994.9931
2026-02-12 23:00:00,1947.76,1952.55,1938.98,1943.06,3240.3449
2026-02-13 00:00:00,1933.2,1954.47,1927.78,1947.79,3798.1231
2026-02-13 01:00:00,1943.64,1950.19,1933.2,1933.2,2975.9783
2026-02-13 02:00:00,1948.19,1951.99,1941.15,1943.65,2988.2723
2026-02-13 03:00:00,1953.49,1958.38,1944.37,1948.2,3018.585
2026-02-13 04:00:00,1944.72,1955.77,1943.38,1953.53,2775.0458
2026-02-13 05:00:00,1934.22,1946.93,1933.33,1944.76,3431.843
2026-02-13 06:00:00,1936.6,1939.33,1924.6,1934.22,3658.1256
2026-02-13 07:00:00,1935.83,1948.68,1932.86,1936.6,4273.7553
2026-02-13 08:00:00,1959.1,1963.97,1933.77,1935.83,5729.5326
2026-02-13 09:00:00,1962.05,1966.75,1953.16,1959.09,5521.3521
2026-02-13 10:00:00,1959.49,1969.25,1956.73,1962.06,2186.7937
2026-02-13 11:00:00,1960.2,1962.04,1945.59,1959.49,1858.9776
2026-02-13 12:00:00,1960.73,1964.62,1952.61,1960.2,3171.3423
2026-02-13 13:00:00,1970.63,1981.24,1955.87,1960.74,8339.9369
2026-02-13 14:00:00,1990.8,2002.22,1963.04,1970.63,10188.0621
2026-02-13 15:00:00,2034.71,2050.45,1987.1,1990.86,14488.1527
2026-02-13 16:00:00,2061.4,2072.97,2031.46,2034.71,9699.4049
2026-02-13 17:00:00,2059.43,2068.05,2049.5,2061.4,5186.6337
2026-02-13 18:00:00,2057.55,2064.64,2050.77,2059.43,3857.6989
2026-02-13 19:00:00,2057.91,2061.88,2052.06,2057.55,7847.7866
2026-02-13 20:00:00,2045.93,2059.89,2039.08,2057.91,6631.0535
2026-02-13 21:00:00,2054.22,2058.58,2045.25,2045.81,3046.5933
2026-02-13 22:00:00,2054.35,2059.68,2045.58,2054.23,2885.3952
2026-02-13 23:00:00,2048.71,2054.46,2046.38,2054.46,2776.6295
2026-02-14 00:00:00,2055.53,2056.03,2042.67,2048.71,2959.5836
2026-02-14 01:00:00,2054.43,2057.7,2050.75,2055.19,2142.8261
2026-02-14 02:00:00,2050.24,2054.44,2048.34,2054.44,2052.7463
2026-02-14 03:00:00,2054.44,2056.67,2048.67,2050.26,2313.0425
2026-02-14 04:00:00,2053.53,2057.96,2052.84,2054.45,1962.9355
2026-02-14 05:00:00,2051.32,2056.31,2050.93,2053.53,2002.7174
2026-02-14 06:00:00,2053.4,2054.65,2048.42,2051.31,2037.2167
2026-02-14 07:00:00,2057.25,2060.46,2050.66,2053.4,3076.7837
2026-02-14 08:00:00,2082.35,2093.0,2057.24,2057.25,7883.0357
2026-02-14 09:00:00,2078.34,2088.8,2076.01,2082.36,3276.1126
2026-02-14 10:00:00,2077.55,2078.35,2072.83,2078.35,2569.577
2026-02-14 11:00:00,2099.65,2107.78,2077.46,2077.55,6433.6897
2026-02-14 12:00:00,2071.19,2100.04,2068.32,2099.61,6391.0575
2026-02-14 13:00:00,2071.51,2076.17,2064.5,2071.19,3860.1372
2026-02-14 14:00:00,2085.31,2089.07,2069.46,2071.52,3134.1436
2026-02-14 15:00:00,2087.51,2093.92,2080.93,2085.31,3158.9964
2026-02-14 16:00:00,2082.81,2087.89,2067.71,2087.51,3975.1414
2026-02-14 17:00:00,2080.07,2089.18,2077.61,2082.83,2759.4095
2026-02-14 18:00:00,2085.31,2086.67,2078.92,2080.07,2227.1136
2026-02-14 19:00:00,2088.47,2090.37,2078.61,2085.31,2529.3618
2026-02-14 20:00:00,2089.93,2092.92,2081.15,2088.48,2237.6775
2026-02-14 21:00:00,2085.98,2098.85,2078.77,2089.93,3701.2359
2026-02-14 22:00:00,2090.41,2094.63,2083.73,2085.98,2118.3681
2026-02-14 23:00:00,2086.6,2093.16,2083.91,2090.41,2214.2164
2026-02-15 00:00:00,2080.17,2090.36,2072.77,2086.64,3320.1297
2026-02-15 01:00:00,2064.13,2085.04,2053.73,2080.16,4642.0313
2026-02-15 02:00:00,2059.95,2072.58,2045.0,2064.12,6722.8696
2026-02-15 03:00:00,2059.01,2063.38,2035.44,2059.94,15839.4993
2026-02-15 04:00:00,2076.45,2087.23,2059.01,2059.01,7549.9865
2026-02-15 05:00:00,2088.55,2096.08,2075.31,2076.45,3846.8328
2026-02-15 06:00:00,2085.66,2094.4,2082.54,2088.55,3051.0187
2026-02-15 07:00:00,2091.15,2103.29,2083.0,2085.67,6691.0176
2026-02-15 08:00:00,2069.13,2096.8,2055.72,2091.26,6363.6004
2026-02-15 09:00:00,2068.42,2078.75,2066.05,2069.13,3366.9307
2026-02-15 10:00:00,2061.44,2070.08,2054.33,2068.42,3780.5516
2026-02-15 11:00:00,2061.84,2066.83,2058.69,2061.43,2306.2356
2026-02-15 12:00:00,2010.57,2068.29,2010.57,2061.84,5492.8783
2026-02-15 13:00:00,2002.64,2028.31,1994.01,2010.84,12373.8934
2026-02-15 14:00:00,2010.37,2012.5,1993.39,2002.63,4946.0779
2026-02-15 15:00:00,2011.61,2015.31,2002.84,2010.41,3645.4889
2026-02-15 16:00:00,2006.52,2011.61,1993.9,2011.61,7918.3095
2026-02-15 17:00:00,1971.4,2009.27,1958.13,2006.53,7726.1867
2026-02-15 18:00:00,1959.61,1981.42,1953.83,1971.41,11759.7563
2026-02-15 19:00:00,1942.22,1961.9,1929.06,1959.61,15754.8923
2026-02-15 20:00:00,1950.16,1958.51,1934.46,1942.22,5343.5533
2026-02-15 21:00:00,1958.74,1966.55,1950.1,1950.17,4041.7134
2026-02-15 22:00:00,1970.51,1974.61,1956.66,1958.69,3497.3701
2026-02-15 23:00:00,1966.47,1970.97,1944.49,1970.51,5284.7349
2026-02-16 00:00:00,1969.4,1979.34,1963.44,1966.56,4084.3771
2026-02-16 01:00:00,1963.05,1981.19,1956.93,1969.4,3927.7082
2026-02-16 02:00:00,1957.15,1966.84,1952.64,1963.06,2600.4279
2026-02-16 03:00:00,1958.77,1959.97,1948.76,1957.16,4311.2558
2026-02-16 04:00:00,1973.16,1973.16,1958.58,1958.77,3232.3272
2026-02-16 05:00:00,1958.18,1974.33,1953.03,1973.16,3409.2807
2026-02-16 06:00:00,1966.79,1967.69,1956.0,1958.17,2509.5403
2026-02-16 07:00:00,1971.3,1978.78,1964.53,1966.78,5800.2381
2026-02-16 08:00:00,1977.47,1978.78,1970.25,1971.3,5679.9997
2026-02-16 09:00:00,1987.64,1993.54,1976.46,1977.47,6297.247
2026-02-16 10:00:00,1978.94,1988.85,1977.66,1987.65,3800.8481
2026-02-16 11:00:00,1976.27,1984.01,1957.38,1978.95,6360.8673
2026-02-16 12:00:00,2006.31,2009.52,1972.67,1976.28,6798.7018
2026-02-16 13:00:00,1967.55,2023.29,1961.0,2006.31,9829.0326
2026-02-16 14:00:00,1973.04,1983.35,1954.99,1967.55,5020.5221
2026-02-16 15:00:00,1956.63,1986.02,1937.35,1973.03,9514.713
2026-02-16 16:00:00,1973.69,1980.01,1956.18,1956.64,6705.5387
2026-02-16 17:00:00,1978.87,1988.31,1964.52,1973.69,5427.0391
2026-02-16 18:00:00,1969.22,1985.81,1967.4,1978.87,3476.9855
2026-02-16 19:00:00,1974.31,1979.84,1966.36,1969.23,3809.5926
2026-02-16 20:00:00,1993.47,1994.55,1971.16,1974.31,4370.4015
2026-02-16 21:00:00,1999.14,2004.55,1986.49,1993.47,3626.2905
2026-02-16 22:00:00,1990.37,2002.6,1984.88,1999.15,5192.4077
2026-02-16 23:00:00,1998.42,2002.59,1989.0,1990.35,2973.9646
2026-02-17 00:00:00,1998.68,2005.8,1993.54,1998.43,2726.7818
2026-02-17 01:00:00,1991.96,2008.0,1990.86,1998.68,3030.8812
2026-02-17 02:00:00,1998.77,2008.97,1979.46,1991.88,5060.0696
2026-02-17 03:00:00,1985.84,1999.15,1984.82,1998.78,3835.6159
2026-02-17 04:00:00,1989.56,1998.29,1982.44,1985.85,3956.7255
2026-02-17 05:00:00,1975.83,1991.28,1964.87,1989.57,4552.5491
2026-02-17 06:00:00,1981.22,1985.06,1975.62,1975.84,2647.7576
2026-02-17 07:00:00,1986.0,1988.29,1973.64,1981.2,3307.6548
2026-02-17 08:00:00,1977.09,1990.94,1973.98,1986.0,4271.7489
2026-02-17 09:00:00,1976.01,1979.95,1970.02,1977.1,3306.0852
2026-02-17 10:00:00,1966.94,1977.79,1961.53,1976.01,2927.6928
2026-02-17 11:00:00,1968.69,1972.5,1964.28,1966.94,3180.0386
2026-02-17 12:00:00,1969.78,1977.06,1967.29,1968.69,3577.0748
2026-02-17 13:00:00,1990.82,1999.98,1964.7,1969.78,5925.6031
2026-02-17 14:00:00,1948.39,2002.99,1944.4,1990.82,10396.9199
2026-02-17 15:00:00,1968.42,1969.42,1941.57,1948.39,7710.9807
2026-02-17 16:00:00,1980.48,2010.81,1967.69,1968.42,8977.9732
2026-02-17 17:00:00,1966.36,1984.0,1954.16,1980.49,5221.1535
2026-02-17 18:00:00,1998.8,2007.12,1961.7,1966.37,5461.0381
2026-02-17 19:00:00,1998.31,2015.57,1995.32,1998.82,4948.7869
2026-02-17 20:00:00,1994.42,2001.43,1987.59,1998.32,3262.1595
2026-02-17 21:00:00,1999.76,2002.91,1992.35,1994.81,3227.278
2026-02-17 22:00:00,1993.7,2004.0,1992.99,1999.76,2510.9168
2026-02-17 23:00:00,1991.75,1998.3,1989.84,1993.69,3070.9802
2026-02-18 00:00:00,1981.45,1997.8,1981.39,1991.75,3236.5553
2026-02-18 01:00:00,1978.08,1984.07,1968.51,1981.46,4612.6857
2026-02-18 02:00:00,1987.61,1992.93,1977.6,1978.09,3169.0722
2026-02-18 03:00:00,1997.12,2000.39,1986.87,1987.62,2509.6651
2026-02-18 04:00:00,1999.19,2002.54,1993.46,1997.12,2572.8143
2026-02-18 05:00:00,1996.48,2002.83,1995.95,1999.2,2351.2245
2026-02-18 06:00:00,2002.15,2008.79,1995.68,1996.49,2480.1607
2026-02-18 07:00:00,2018.15,2023.29,1996.91,2002.16,4053.2197
2026-02-18 08:00:00,2020.44,2038.85,2017.24,2018.16,6267.8203
2026-02-18 09:00:00,2016.69,2022.97,2015.86,2020.46,5756.1857
2026-02-18 10:00:00,1997.15,2018.19,1995.51,2016.7,9197.4961
2026-02-18 11:00:00,1981.28,1998.33,1976.46,1997.15,6037.3141
2026-02-18 12:00:00,1982.56,1989.26,1971.65,1981.28,4612.3461
2026-02-18 13:00:00,1970.63,1991.92,1960.94,1982.6,5485.5198
2026-02-18 14:00:00,1974.83,1976.71,1954.38,1970.55,7143.3421
2026-02-18 15:00:00,1985.5,2010.18,1973.59,1974.7,7126.2382
2026-02-18 16:00:00,1971.8,1985.75,1965.01,1985.5,4754.2419
2026-02-18 17:00:00,1974.26,1987.86,1970.81,1971.81,3211.7421
2026-02-18 18:00:00,1952.74,1977.57,1949.11,1974.34,6645.8685
2026-02-18 19:00:00,1941.05,1961.56,1923.79,1952.7,12450.941
2026-02-18 20:00:00,1939.7,1952.84,1935.84,1941.05,6900.0948
2026-02-18 21:00:00,1942.24,1948.35,1936.01,1939.83,4444.873
2026-02-18 22:00:00,1948.25,1950.52,1939.81,1942.25,3102.6248
2026-02-18 23:00:00,1956.13,1956.8,1944.42,1948.26,4184.5099
2026-02-19 00:00:00,1956.56,1961.11,1950.66,1956.14,3866.9899
2026-02-19 01:00:00,1966.93,1975.0,1956.36,1956.37,6127.9921
2026-02-19 02:00:00,1967.9,1972.94,1962.82,1966.93,3827.0564
2026-02-19 03:00:00,1972.47,1973.28,1963.1,1967.91,3355.4595
2026-02-19 04:00:00,1969.75,1979.64,1969.44,1972.48,4159.7108
2026-02-19 05:00:00,1970.21,1972.6,1964.4,1969.75,3263.284
2026-02-19 06:00:00,1983.05,1985.2,1970.18,1970.28,4670.1636
2026-02-19 07:00:00,1981.84,1987.5,1979.11,1983.05,4422.4858
2026-02-19 08:00:00,1970.47,1982.67,1966.52,1981.83,5730.2454
2026-02-19 09:00:00,1963.81,1980.46,1961.97,1970.47,6154.0083
2026-02-19 10:00:00,1959.74,1968.65,1957.99,1963.81,5121.4355
2026-02-19 11:00:00,1949.52,1964.27,1948.16,1959.74,4767.8671
2026-02-19 12:00:00,1947.68,1956.06,1945.18,1949.52,6328.9272
2026-02-19 13:00:00,1921.52,1948.2,1911.57,1947.68,12512.7341
2026-02-19 14:00:00,1936.69,1948.21,1912.14,1921.49,10481.951
2026-02-19 15:00:00,1926.36,1947.57,1913.32,1936.93,11142.7737
2026-02-19 16:00:00,1922.29,1929.99,1907.01,1926.29,7255.7291
2026-02-19 17:00:00,1920.44,1944.39,1910.78,1922.28,8111.7036
2026-02-19 18:00:00,1939.75,1944.76,1916.61,1920.44,7432.8545
2026-02-19 19:00:00,1941.32,1947.49,1927.84,1939.75,6823.4458
2026-02-19 20:00:00,1950.11,1951.81,1934.88,1941.31,5467.9472
2026-02-19 21:00:00,1948.72,1952.62,1945.82,1950.11,3597.2066
2026-02-19 22:00:00,1944.01,1948.79,1936.92,1948.79,3725.8032
2026-02-19 23:00:00,1949.12,1951.31,1942.4,1943.97,2836.2927
2026-02-20 00:00:00,1957.73,1964.77,1947.55,1949.15,5930.7461
2026-02-20 01:00:00,1953.64,1961.51,1950.1,1957.73,3931.761
2026-02-20 02:00:00,1949.53,1956.55,1948.15,1953.66,4453.1621
2026-02-20 03:00:00,1954.93,1960.51,1949.53,1949.54,4614.3077
2026-02-20 04:00:00,1939.38,1956.23,1930.37,1954.93,10257.0543
2026-02-20 05:00:00,1955.11,1965.45,1936.45,1939.39,10625.4158
2026-02-20 06:00:00,1958.59,1960.63,1949.85,1955.16,5303.2953
2026-02-20 07:00:00,1960.98,1968.85,1957.1,1958.59,6521.4632
2026-02-20 08:00:00,1960.21,1966.37,1957.37,1960.98,4927.9357
2026-02-20 09:00:00,1967.98,1972.21,1960.12,1960.14,6851.1157
2026-02-20 10:00:00,1957.49,1973.67,1956.64,1967.99,5903.2422
2026-02-20 11:00:00,1944.06,1957.59,1940.61,1957.5,10347.3335
2026-02-20 12:00:00,1949.92,1951.99,1942.68,1944.06,6717.0884
2026-02-20 13:00:00,1934.41,1949.92,1923.23,1949.92,12903.9124
2026-02-20 14:00:00,1943.74,1954.47,1933.39,1934.42,11439.4136
2026-02-20 15:00:00,1964.1,1980.42,1935.7,1943.76,22992.0582
2026-02-20 16:00:00,1968.55,1973.42,1953.58,1964.1,10787.7523
2026-02-20 17:00:00,1966.51,1970.9,1939.06,1968.55,13229.9241
2026-02-20 18:00:00,1975.56,1981.0,1959.83,1966.5,10975.9065
2026-02-20 19:00:00,1963.69,1978.18,1961.8,1975.56,6731.7703
2026-02-20 20:00:00,1971.23,1971.24,1961.78,1963.69,2926.629
2026-02-20 21:00:00,1974.24,1975.0,1967.01,1970.9,3693.5905
2026-02-20 22:00:00,1971.48,1974.23,1964.45,1974.23,3655.7286
2026-02-20 23:00:00,1968.9,1973.39,1963.57,1971.44,3156.9603
2026-02-21 00:00:00,1963.23,1969.24,1961.39,1968.9,2926.2697
2026-02-21 01:00:00,1966.2,1969.25,1962.97,1963.23,3277.2385
2026-02-21 02:00:00,1965.88,1970.56,1964.97,1966.2,1966.9948
2026-02-21 03:00:00,1959.13,1966.1,1955.89,1965.83,4115.87
2026-02-21 04:00:00,1962.54,1963.5,1956.48,1959.14,2045.3903
2026-02-21 05:00:00,1962.97,1964.5,1961.43,1962.55,2020.3731
2026-02-21 06:00:00,1961.58,1966.31,1960.64,1962.96,3112.8993
2026-02-21 07:00:00,1962.81,1964.92,1960.02,1961.58,1941.1322
2026-02-21 08:00:00,1968.96,1971.49,1962.08,1962.81,2557.5991
2026-02-21 09:00:00,1970.28,1977.65,1967.21,1968.97,6933.2772
2026-02-21 10:00:00,1974.19,1974.83,1970.11,1970.28,3620.166
2026-02-21 11:00:00,1977.06,1988.61,1973.92,1974.19,8635.2465
2026-02-21 12:00:00,1976.07,1978.22,1969.3,1977.07,2050.2297
2026-02-21 13:00:00,1981.23,1981.65,1972.7,1976.08,893.4904
2026-02-21 14:00:00,1987.34,1995.85,1978.58,1981.22,10340.4414
2026-02-21 15:00:00,1988.11,1993.16,1984.28,1987.34,5357.7411
2026-02-21 16:00:00,1986.15,1989.51,1976.02,1988.12,6208.2561
2026-02-21 17:00:00,1988.73,1992.3,1984.39,1986.2,3023.4705
2026-02-21 18:00:00,1991.99,1995.38,1987.86,1988.72,3482.008
2026-02-21 19:00:00,1988.55,1994.68,1988.09,1991.99,2324.954
2026-02-21 20:00:00,1974.18,1990.49,1973.81,1988.56,4545.1907
2026-02-21 21:00:00,1982.1,1982.77,1970.29,1974.19,4688.4866
2026-02-21 22:00:00,1974.52,1982.82,1972.01,1982.1,3432.9285
2026-02-21 23:00:00,1973.6,1977.69,1971.14,1974.53,3220.9332
2026-02-22 00:00:00,1972.98,1975.22,1967.6,1973.6,4233.6979
2026-02-22 01:00:00,1977.3,1979.67,1972.65,1972.98,3454.2758
2026-02-22 02:00:00,1972.33,1983.0,1972.02,1977.31,3746.4653
2026-02-22 03:00:00,1974.75,1976.17,1967.44,1972.34,3916.9947
2026-02-22 04:00:00,1973.6,1976.2,1971.06,1974.75,2669.0891
2026-02-22 05:00:00,1975.03,1975.2,1971.24,1973.6,2472.9255
2026-02-22 06:00:00,1976.15,1979.56,1974.33,1975.05,3124.9827
2026-02-22 07:00:00,1976.16,1978.89,1974.63,1976.22,2624.4402
2026-02-22 08:00:00,1973.39,1977.09,1970.69,1976.17,2421.4304
2026-02-22 09:00:00,1975.86,1976.25,1971.79,1973.31,2416.4669
2026-02-22 10:00:00,1977.59,1980.15,1974.99,1975.86,2583.0043
2026-02-22 11:00:00,1980.66,1983.14,1977.6,1977.6,3204.436
2026-02-22 12:00:00,1966.46,1981.35,1961.64,1980.66,8434.1272
2026-02-22 13:00:00,1951.11,1968.71,1944.81,1966.46,10661.7784
2026-02-22 14:00:00,1950.71,1954.6,1943.64,1951.11,6273.1814
2026-02-22 15:00:00,1954.12,1958.74,1946.03,1950.72,5990.9561
2026-02-22 16:00:00,1952.61,1955.78,1947.83,1954.12,3813.1425
2026-02-22 17:00:00,1940.28,1953.75,1935.06,1952.62,7444.5332
2026-02-22 18:00:00,1943.08,1944.19,1938.51,1940.36,2980.8144
2026-02-22 19:00:00,1943.81,1945.88,1940.55,1943.05,1747.9736
2026-02-22 20:00:00,1941.06,1945.81,1940.02,1943.82,1944.6343
2026-02-22 21:00:00,1950.51,1952.45,1941.06,1941.06,3154.8729
2026-02-22 22:00:00,1958.61,1960.8,1946.72,1950.51,4162.7393
2026-02-22 23:00:00,1957.93,1960.87,1948.55,1958.61,5004.4877
2026-02-23 00:00:00,1929.23,1958.26,1928.58,1958.01,5903.7642
2026-02-23 01:00:00,1856.85,1929.21,1846.73,1929.21,37737.825
2026-02-23 02:00:00,1862.98,1868.67,1851.38,1856.85,11214.7173
2026-02-23 03:00:00,1862.67,1871.64,1856.0,1862.98,10944.6397
2026-02-23 04:00:00,1859.95,1864.83,1853.81,1862.68,6958.863
2026-02-23 05:00:00,1866.04,1870.57,1859.71,1859.95,9724.5237
2026-02-23 06:00:00,1879.45,1882.77,1864.22,1866.04,10254.3953
2026-02-23 07:00:00,1885.47,1889.14,1876.99,1879.45,10286.0485
2026-02-23 08:00:00,1880.61,1889.88,1877.28,1885.47,9088.1883
2026-02-23 09:00:00,1918.11,1918.8,1880.61,1880.61,11084.7875
2026-02-23 10:00:00,1913.89,1928.13,1911.83,1918.11,9197.0918
2026-02-23 11:00:00,1915.35,1920.58,1911.17,1913.93,8528.7451
2026-02-23 12:00:00,1920.0,1926.83,1905.56,1915.36,10076.6023
2026-02-23 13:00:00,1922.0,1935.37,1918.88,1920.0,8840.7461
2026-02-23 14:00:00,1906.86,1925.23,1895.27,1922.01,14958.2707
2026-02-23 15:00:00,1895.71,1913.34,1892.61,1906.86,8130.4441
2026-02-23 16:00:00,1884.58,1900.13,1880.44,1895.72,9763.6745
2026-02-23 17:00:00,1863.95,1887.91,1837.14,1884.66,17986.9779
2026-02-23 18:00:00,1857.61,1873.96,1854.73,1863.68,8935.2191
2026-02-23 19:00:00,1857.1,1864.5,1847.21,1857.62,9043.3972
2026-02-23 20:00:00,1860.8,1862.44,1846.77,1857.1,7294.1265
2026-02-23 21:00:00,1863.34,1869.23,1858.69,1860.79,5365.6319
2026-02-23 22:00:00,1859.87,1869.99,1859.69,1863.35,4753.1699
2026-02-23 23:00:00,1856.38,1866.82,1850.72,1859.88,6167.2217
2026-02-24 00:00:00,1867.82,1869.47,1855.43,1856.38,4914.1507
2026-02-24 01:00:00,1840.63,1867.83,1811.57,1867.82,23118.1513
2026-02-24 02:00:00,1843.65,1854.61,1837.09,1840.76,6332.9171
2026-02-24 03:00:00,1832.0,1843.64,1823.26,1843.64,7057.9334
2026-02-24 04:00:00,1830.82,1834.17,1813.63,1832.0,9172.8108
2026-02-24 05:00:00,1826.46,1840.81,1814.01,1830.81,9612.8446
2026-02-24 06:00:00,1820.93,1831.53,1818.03,1826.45,6118.7518
2026-02-24 07:00:00,1825.61,1831.81,1815.33,1820.93,10333.6884
2026-02-24 08:00:00,1831.73,1836.24,1818.55,1825.61,7410.7754
2026-02-24 09:00:00,1827.18,1834.61,1815.29,1831.73,7346.3655
2026-02-24 10:00:00,1826.01,1829.89,1820.57,1827.19,5679.0169
2026-02-24 11:00:00,1826.91,1827.54,1818.28,1826.02,6511.0763
2026-02-24 12:00:00,1824.01,1830.4,1821.21,1826.92,6104.2663
2026-02-24 13:00:00,1815.77,1827.57,1800.0,1824.01,15572.8496
2026-02-24 14:00:00,1834.72,1848.03,1803.66,1815.76,13718.6069
2026-02-24 15:00:00,1847.46,1850.24,1828.3,1834.72,11448.3724
2026-02-24 16:00:00,1858.66,1863.31,1838.55,1847.47,12176.6578
2026-02-24 17:00:00,1855.52,1865.39,1849.58,1858.66,11089.8915
2026-02-24 18:00:00,1855.06,1860.45,1845.41,1855.5,5940.5726
2026-02-24 19:00:00,1852.47,1862.87,1847.06,1854.99,5054.623
2026-02-24 20:00:00,1858.62,1862.36,1849.4,1852.47,3996.7211
2026-02-24 21:00:00,1854.06,1858.61,1845.44,1858.61,5462.6215
2026-02-24 22:00:00,1860.35,1863.94,1852.86,1854.06,3955.6693
2026-02-24 23:00:00,1851.96,1860.47,1851.71,1860.37,3784.8839
2026-02-25 00:00:00,1852.06,1856.62,1846.79,1851.96,3407.7782
2026-02-25 01:00:00,1918.28,1925.11,1850.7,1852.06,22071.4035
2026-02-25 02:00:00,1921.15,1945.0,1918.05,1918.24,12038.7766
2026-02-25 03:00:00,1906.15,1922.94,1903.54,1921.16,9816.0275
2026-02-25 04:00:00,1906.31,1914.19,1895.24,1906.16,8956.8687
2026-02-25 05:00:00,1887.95,1908.42,1878.01,1906.31,9913.1686
2026-02-25 06:00:00,1885.27,1896.3,1885.01,1887.96,4533.7125
2026-02-25 07:00:00,1893.31,1895.2,1882.41,1885.27,5801.9659
2026-02-25 08:00:00,1910.49,1913.79,1890.37,1893.31,7545.7927
2026-02-25 09:00:00,1915.08,1917.94,1907.84,1910.49,5904.82755283
2026-02-25 10:00:00,1912.63,1923.59,1910.58,1915.08,4867.7742
2026-02-25 11:00:00,1926.41,1928.61,1907.86,1912.63,7485.0228
2026-02-25 12:00:00,1953.54,1956.52,1922.42,1926.45,5420.9766
2026-02-25 13:00:00,1964.7,1976.96,1952.26,1953.57,3995.0445
2026-02-25 14:00:00,1997.59,2001.35,1962.33,1964.71,17020.2566
2026-02-25 15:00:00,2013.65,2028.0,1986.71,1997.59,22728.5237
2026-02-25 16:00:00,2046.43,2049.31,2013.65,2013.65,17375.2526
2026-02-25 17:00:00,2073.87,2086.08,2044.43,2046.47,24272.2814
2026-02-25 18:00:00,2073.96,2081.26,2057.06,2073.86,13362.7738
2026-02-25 19:00:00,2071.11,2074.95,2060.4,2073.97,9317.907
2026-02-25 20:00:00,2074.95,2084.0,2058.31,2071.11,11321.6267
2026-02-25 21:00:00,2100.19,2148.18,2065.79,2074.94,26125.2971
2026-02-25 22:00:00,2083.19,2115.39,2073.71,2100.2,14130.9862
2026-02-25 23:00:00,2057.58,2086.97,2034.27,2083.17,15868.7351
2026-02-26 00:00:00,2062.42,2076.65,2047.92,2057.58,9244.8287
2026-02-26 01:00:00,2058.35,2066.84,2049.75,2062.38,7403.966
2026-02-26 02:00:00,2053.55,2059.09,2039.25,2058.38,6345.6911
2026-02-26 03:00:00,2054.65,2059.33,2047.46,2053.55,5636.8286
2026-02-26 04:00:00,2075.1,2082.91,2051.98,2054.61,7572.9999
2026-02-26 05:00:00,2066.24,2075.41,2056.9,2075.09,6617.0611
2026-02-26 06:00:00,2062.64,2076.55,2059.7,2066.24,6955.124
2026-02-26 07:00:00,2053.37,2068.47,2052.0,2062.65,8295.3111
2026-02-26 08:00:00,2054.62,2059.07,2045.07,2053.37,10367.0593
2026-02-26 09:00:00,2075.13,2077.79,2053.11,2054.63,9462.5938
2026-02-26 10:00:00,2065.36,2083.38,2062.3,2075.13,6107.8882
2026-02-26 11:00:00,2057.43,2067.34,2053.53,2065.36,5405.1153
2026-02-26 12:00:00,2070.08,2071.78,2055.56,2057.43,4938.6716
2026-02-26 13:00:00,2065.21,2073.75,2061.14,2070.07,5242.7916
2026-02-26 14:00:00,2051.33,2078.14,2034.77,2065.22,15613.2379
2026-02-26 15:00:00,2033.35,2053.03,2011.49,2051.31,22613.7319
2026-02-26 16:00:00,1983.97,2037.77,1978.67,2033.37,22416.6844
2026-02-26 17:00:00,1988.52,1999.0,1982.66,1983.96,13398.2599
2026-02-26 18:00:00,2004.2,2009.73,1975.33,1988.51,13893.0582
2026-02-26 19:00:00,2029.93,2034.21,2003.53,2004.21,12990.9856
2026-02-26 20:00:00,2023.69,2042.41,2021.97,2029.9,8552.4366
2026-02-26 21:00:00,2030.32,2034.85,2018.43,2023.64,4780.028
2026-02-26 22:00:00,2033.42,2037.47,2027.44,2030.33,3437.3261
2026-02-26 23:00:00,2027.57,2033.75,2024.24,2033.42,3378.419
2026-02-27 00:00:00,2014.67,2030.44,2008.45,2027.57,5459.2522
2026-02-27 01:00:00,2021.62,2022.57,2001.19,2014.67,11684.3359945
2026-02-27 02:00:00,2025.95,2034.44,2019.37,2021.62,5784.849
2026-02-27 03:00:00,2045.49,2049.22,2019.56,2025.95,5367.3889
2026-02-27 04:00:00,2042.52,2063.99,2038.7,2045.5,11376.0418
2026-02-27 05:00:00,2041.63,2049.2,2038.61,2042.51,5345.9598
2026-02-27 06:00:00,2036.17,2042.73,2028.58,2041.63,5769.661
2026-02-27 07:00:00,2032.8,2041.58,2022.38,2036.18,8774.9961
2026-02-27 08:00:00,2033.8,2045.74,2027.9,2032.8,14864.3576
2026-02-27 09:00:00,2010.17,2042.07,2008.64,2033.8,8693.361
2026-02-27 10:00:00,1980.81,2013.75,1978.85,2010.01,15248.8202
2026-02-27 11:00:00,1962.2,1984.11,1953.44,1980.82,15734.0579
2026-02-27 12:00:00,1960.07,1969.0,1949.68,1962.12,11812.6876
2026-02-27 13:00:00,1963.52,1967.69,1939.28,1960.06,14119.8098
2026-02-27 14:00:00,1943.16,1964.41,1940.13,1963.52,12508.8861
2026-02-27 15:00:00,1948.68,1959.19,1940.75,1942.88,13478.1038
2026-02-27 16:00:00,1927.15,1948.95,1924.65,1948.68,13826.5579
2026-02-27 17:00:00,1932.24,1934.96,1907.55,1927.13,10686.0573
2026-02-27 18:00:00,1918.07,1933.27,1915.72,1932.19,5357.1359
2026-02-27 19:00:00,1921.18,1923.3,1912.29,1918.06,4642.0519
2026-02-27 20:00:00,1923.15,1926.79,1920.15,1921.19,4824.3072
2026-02-27 21:00:00,1921.29,1933.63,1917.25,1923.25,4781.9637
2026-02-27 22:00:00,1921.27,1927.52,1886.69,1921.3,9325.4824
2026-02-27 23:00:00,1929.89,1933.21,1920.1,1921.27,5192.7854
2026-02-28 00:00:00,1932.13,1936.89,1924.11,1929.87,4709.014
2026-02-28 01:00:00,1924.57,1936.07,1919.97,1932.13,5534.2597
2026-02-28 02:00:00,1930.29,1932.5,1922.58,1924.56,3032.1228
2026-02-28 03:00:00,1924.44,1931.09,1920.53,1930.3,4542.0423
2026-02-28 04:00:00,1925.02,1931.3,1914.81,1924.45,5482.3804
2026-02-28 05:00:00,1920.26,1928.11,1915.07,1925.03,3447.0562
2026-02-28 06:00:00,1842.14,1920.27,1835.1,1920.25,26887.8436
2026-02-28 07:00:00,1866.68,1884.21,1835.12,1842.14,25169.5816
2026-02-28 08:00:00,1852.54,1868.71,1848.69,1866.67,12186.8267
2026-02-28 09:00:00,1855.07,1863.12,1845.0,1852.54,8291.3238
2026-02-28 10:00:00,1865.18,1867.81,1849.17,1855.06,8031.6896
2026-02-28 11:00:00,1863.29,1880.84,1861.54,1865.19,9372.1148
2026-02-28 12:00:00,1868.55,1874.19,1862.38,1863.3,4464.2619
2026-02-28 13:00:00,1905.22,1910.19,1865.12,1868.56,14675.4558
2026-02-28 14:00:00,1887.85,1915.97,1883.1,1905.22,16162.5186
2026-02-28 15:00:00,1898.84,1903.53,1873.94,1887.85,11145.7807
2026-02-28 16:00:00,1904.06,1910.08,1891.89,1898.85,6079.8247
2026-02-28 17:00:00,1907.12,1911.26,1886.64,1904.07,9074.7847
2026-02-28 18:00:00,1936.1,1947.19,1901.38,1907.06,11173.3812
2026-02-28 19:00:00,1946.94,1954.99,1920.44,1936.1,11478.442
2026-02-28 20:00:00,1966.02,1972.01,1938.79,1946.93,11587.986
2026-02-28 21:00:00,1957.93,1967.77,1945.28,1966.03,9292.1337
2026-02-28 22:00:00,1965.39,1984.99,1955.77,1957.97,7324.839
2026-02-28 23:00:00,1964.69,1969.76,1956.95,1965.39,4656.4885
2026-03-01 00:00:00,1962.65,1969.27,1954.73,1964.65,4971.8765
2026-03-01 01:00:00,2012.32,2023.47,1943.61,1962.64,15422.6661
2026-03-01 02:00:00,2032.94,2054.8,2008.55,2012.33,21630.3185
2026-03-01 03:00:00,2023.23,2039.53,2017.14,2032.95,11512.3988
2026-03-01 04:00:00,2016.13,2030.5,1999.38,2023.23,15841.0854
2026-03-01 05:00:00,2011.38,2022.99,2009.81,2016.13,7092.6124
2026-03-01 06:00:00,1998.55,2012.9,1989.33,2011.38,12783.3884
2026-03-01 07:00:00,2007.21,2009.35,1993.11,1998.56,8269.1661
2026-03-01 08:00:00,1986.11,2010.11,1981.23,2007.21,9872.6613
2026-03-01 09:00:00,1980.66,1996.37,1974.59,1986.11,16643.736
2026-03-01 10:00:00,1984.7,1992.89,1972.32,1980.65,8532.2024
2026-03-01 11:00:00,1983.24,1989.41,1982.07,1984.71,4148.928
2026-03-01 12:00:00,1978.09,1988.0,1976.36,1983.25,5602.6177
2026-03-01 13:00:00,2006.46,2024.8,1968.83,1978.1,13245.9251
2026-03-01 14:00:00,2000.31,2027.81,1993.41,2006.5,14950.5749
2026-03-01 15:00:00,1993.1,2016.33,1992.54,1999.78,7851.6738
2026-03-01 16:00:00,1974.04,2009.22,1960.95,1993.5,14698.9426
2026-03-01 17:00:00,1961.13,1976.07,1953.55,1974.04,9362.3455
2026-03-01 18:00:00,1975.7,1996.76,1961.04,1961.14,11450.2126
2026-03-01 19:00:00,1954.1,1976.41,1947.7,1975.7,10312.1598
2026-03-01 20:00:00,1914.36,1955.01,1907.19,1954.1,15226.2257
2026-03-01 21:00:00,1928.97,1932.34,1912.67,1914.36,7636.8854
2026-03-01 22:00:00,1924.68,1970.47,1914.66,1929.0,13396.2315
2026-03-01 23:00:00,1939.57,1948.3,1917.92,1924.67,7857.9176
2026-03-02 00:00:00,1961.0,1967.37,1937.44,1939.6,7998.4145
2026-03-02 01:00:00,1963.69,1989.22,1959.69,1961.01,8431.8161
2026-03-02 02:00:00,1955.54,1966.15,1939.63,1963.69,7887.3634
2026-03-02 03:00:00,1972.28,1979.99,1948.38,1955.58,8460.8827
2026-03-02 04:00:00,1973.04,1980.18,1968.51,1972.28,5572.9007
2026-03-02 05:00:00,1970.93,1983.24,1962.39,1973.07,5211.7872
2026-03-02 06:00:00,1943.46,1971.43,1937.6,1970.96,7858.1506
2026-03-02 07:00:00,1941.45,1945.0,1925.84,1943.47,7419.4044
2026-03-02 08:00:00,1949.13,1950.85,1919.79,1941.59,10802.4152
2026-03-02 09:00:00,1947.97,1966.87,1946.82,1949.13,11083.6982
2026-03-02 10:00:00,1952.39,1956.25,1944.15,1947.97,4821.5969
2026-03-02 11:00:00,1947.8,1954.43,1935.77,1952.38,8121.152
2026-03-02 12:00:00,1938.17,1949.15,1930.6,1947.89,6085.9929
2026-03-02 13:00:00,1927.8,1944.44,1922.59,1938.18,8231.9732
2026-03-02 14:00:00,1979.86,1985.55,1921.73,1927.79,18125.9785
2026-03-02 15:00:00,2047.34,2065.39,1974.42,1979.85,30193.4713
2026-03-02 16:00:00,2064.43,2090.51,2043.2,2047.34,21968.7984
2026-03-02 17:00:00,2041.23,2065.98,2025.66,2064.4,13118.9957
2026-03-02 18:00:00,2029.43,2041.64,2024.34,2041.22,7518.6979
2026-03-02 19:00:00,2043.72,2050.0,2017.95,2029.43,9100.1593
2026-03-02 20:00:00,2035.32,2058.22,2025.04,2043.72,10148.3707
2026-03-02 21:00:00,2043.04,2047.88,2029.34,2035.32,6571.0915
2026-03-02 22:00:00,2054.09,2058.58,2041.33,2043.04,5324.1414
2026-03-02 23:00:00,2027.48,2055.92,2024.68,2054.22,10437.7798
2026-03-03 00:00:00,2035.8,2039.01,2019.37,2027.48,8390.3008
2026-03-03 01:00:00,2020.17,2041.99,2019.7,2035.8,6991.2528
2026-03-03 02:00:00,2013.79,2022.97,1998.24,2020.17,9859.3909
2026-03-03 03:00:00,2008.75,2015.64,2005.57,2013.79,5692.748
2026-03-03 04:00:00,1999.97,2013.8,1998.75,2008.76,5744.4859
2026-03-03 05:00:00,1993.61,2019.18,1987.91,1999.96,9470.7062
2026-03-03 06:00:00,1999.48,2002.11,1988.37,1993.62,5502.834
2026-03-03 07:00:00,1996.44,2003.71,1993.3,1999.47,5309.1729
2026-03-03 08:00:00,1953.14,2000.81,1948.05,1996.44,13133.2274
2026-03-03 09:00:00,1951.51,1968.83,1939.29,1953.14,16301.02964
2026-03-03 10:00:00,1958.06,1964.0,1945.05,1951.51,7593.7312
2026-03-03 11:00:00,1961.29,1966.87,1951.92,1958.06,6538.4039
2026-03-03 12:00:00,1967.67,1990.3,1960.84,1961.29,8461.4206
2026-03-03 13:00:00,1952.27,1968.76,1943.91,1967.67,9206.1159
2026-03-03 14:00:00,1942.78,1977.42,1929.06,1952.25,15456.3433
2026-03-03 15:00:00,1969.23,1972.73,1932.0,1942.78,13650.2953
2026-03-03 16:00:00,1983.99,2013.92,1958.8,1969.28,17100.0449
2026-03-03 17:00:00,1980.55,1985.54,1959.25,1984.03,8747.1579
2026-03-03 18:00:00,1988.22,2000.57,1969.6,1980.56,7445.0948
2026-03-03 19:00:00,1986.11,1994.89,1977.19,1988.26,7580.1658
2026-03-03 20:00:00,1978.52,1989.65,1969.88,1986.11,4847.9701
2026-03-03 21:00:00,1968.45,1978.41,1959.42,1978.41,5066.1897
2026-03-03 22:00:00,1983.61,1988.0,1968.37,1968.45,4903.7429
2026-03-03 23:00:00,1982.82,2001.77,1981.33,1983.6,6934.3401
2026-03-04 00:00:00,1976.73,1986.68,1961.85,1982.83,6815.4765
2026-03-04 01:00:00,1981.77,1998.84,1970.19,1976.71,7608.3567
2026-03-04 02:00:00,1979.3,1983.03,1969.0,1981.77,5389.5408
2026-03-04 03:00:00,1961.18,1980.45,1945.0,1979.31,10914.7467
2026-03-04 04:00:00,1960.19,1964.75,1950.61,1961.18,5784.8758
2026-03-04 05:00:00,1971.15,1977.81,1955.9,1960.23,6030.6064
2026-03-04 06:00:00,1980.34,1986.64,1963.37,1971.15,6189.3625
2026-03-04 07:00:00,2006.61,2010.6,1974.83,1980.35,9869.0878
2026-03-04 08:00:00,2063.83,2066.66,2000.53,2006.62,22503.4682
2026-03-04 09:00:00,2075.33,2089.58,2055.14,2063.83,23268.9186
2026-03-04 10:00:00,2072.46,2093.81,2067.43,2075.22,15519.7662
2026-03-04 11:00:00,2054.9,2078.46,2046.69,2072.53,13548.3687
2026-03-04 12:00:00,2054.36,2059.18,2036.69,2054.9,10640.1547
2026-03-04 13:00:00,2064.5,2068.66,2052.71,2054.37,10117.3672
2026-03-04 14:00:00,2079.98,2110.24,2062.81,2064.48,21652.5939
2026-03-04 15:00:00,2150.22,2158.9,2079.12,2079.98,25449.7717
2026-03-04 16:00:00,2142.42,2165.56,2129.11,2150.23,19812.2216
2026-03-04 17:00:00,2145.92,2156.78,2130.42,2142.43,14265.3634
2026-03-04 18:00:00,2163.34,2164.5,2137.88,2145.92,10770.8395
2026-03-04 19:00:00,2177.6,2199.39,2161.13,2163.34,24628.9091
2026-03-04 20:00:00,2150.75,2179.73,2149.69,2177.61,7690.4776
2026-03-04 21:00:00,2149.93,2155.87,2142.14,2150.78,7326.2281
2026-03-04 22:00:00,2132.2,2163.95,2127.34,2149.94,6091.7428
2026-03-04 23:00:00,2127.17,2136.98,2116.86,2132.17,5822.4751
2026-03-05 00:00:00,2128.29,2135.46,2121.46,2127.11,5837.7218
2026-03-05 01:00:00,2113.79,2142.05,2107.76,2128.3,7720.5092
2026-03-05 02:00:00,2122.07,2134.2,2113.07,2113.78,6326.5576
2026-03-05 03:00:00,2120.04,2126.18,2107.75,2122.08,5543.2416
2026-03-05 04:00:00,2137.31,2144.16,2118.46,2120.06,9537.9314
2026-03-05 05:00:00,2119.66,2139.29,2114.12,2137.31,9146.5741
2026-03-05 06:00:00,2128.05,2130.91,2110.1,2119.67,6205.2144
2026-03-05 07:00:00,2105.06,2132.66,2096.0,2128.14,8277.4413
2026-03-05 08:00:00,2117.71,2118.61,2093.91,2105.06,10917.0121
2026-03-05 09:00:00,2125.58,2137.66,2116.57,2117.71,9504.1643
2026-03-05 10:00:00,2156.25,2163.86,2120.44,2125.6,10662.3979
2026-03-05 11:00:00,2137.88,2159.34,2133.76,2156.26,7535.7288
2026-03-05 12:00:00,2138.25,2143.05,2123.58,2137.89,8139.7633
2026-03-05 13:00:00,2117.55,2139.45,2109.13,2138.25,8672.4758
2026-03-05 14:00:00,2119.13,2131.44,2096.58,2117.56,12218.9106
2026-03-05 15:00:00,2087.01,2121.84,2067.28,2119.2,18598.3617
2026-03-05 16:00:00,2080.04,2087.34,2056.69,2087.01,11160.7409
2026-03-05 17:00:00,2059.73,2093.62,2054.72,2080.05,11301.4999
2026-03-05 18:00:00,2076.62,2078.22,2057.43,2059.73,7322.7455
2026-03-05 19:00:00,2074.43,2092.45,2072.06,2076.62,8896.0474
2026-03-05 20:00:00,2092.45,2098.59,2069.75,2074.44,6181.6042
2026-03-05 21:00:00,2080.62,2099.42,2075.79,2092.44,5967.693
2026-03-05 22:00:00,2080.22,2085.26,2077.45,2080.62,2812.8025
2026-03-05 23:00:00,2072.86,2084.39,2069.72,2080.23,3917.8778
2026-03-06 00:00:00,2075.11,2080.17,2067.71,2072.87,5191.5235
2026-03-06 01:00:00,2087.77,2091.33,2061.89,2075.11,6218.57189421
2026-03-06 02:00:00,2083.97,2093.24,2080.44,2087.77,4468.72945302
2026-03-06 03:00:00,2083.86,2088.89,2075.28,2083.96,3829.7506
2026-03-06 04:00:00,2070.78,2086.06,2059.55,2083.86,5405.2562
2026-03-06 05:00:00,2069.04,2074.3,2059.47,2070.8,4967.8638
2026-03-06 06:00:00,2074.44,2080.5,2063.45,2069.03,4536.8198
2026-03-06 07:00:00,2082.95,2087.59,2068.97,2074.44,6131.8481
2026-03-06 08:00:00,2075.83,2082.99,2074.73,2082.98,4517.0177
2026-03-06 09:00:00,2060.05,2077.33,2045.81,2075.98,10465.1135
2026-03-06 10:00:00,2063.25,2069.5,2058.67,2060.04,5024.8797
2026-03-06 11:00:00,2051.3,2067.24,2050.01,2063.24,4622.7249
2026-03-06 12:00:00,2048.51,2055.09,2037.85,2051.28,7468.6948
2026-03-06 13:00:00,2019.96,2062.18,2019.21,2048.52,11864.8981
2026-03-06 14:00:00,1981.75,2024.27,1972.01,2019.44,21614.01442639
2026-03-06 15:00:00,1978.04,1997.77,1965.75,1981.64,13271.9333
2026-03-06 16:00:00,1971.63,1984.99,1966.52,1978.02,10794.1485
2026-03-06 17:00:00,1966.88,1982.42,1955.66,1971.59,11640.9285
2026-03-06 18:00:00,1974.6,1983.47,1966.62,1966.88,7190.9003
2026-03-06 19:00:00,1983.79,1993.12,1974.54,1974.54,6336.9138
2026-03-06 20:00:00,1978.99,1988.63,1969.4,1983.74,6459.4512
2026-03-06 21:00:00,1983.72,1984.62,1971.51,1978.99,4525.9312
2026-03-06 22:00:00,1987.22,1990.31,1981.51,1983.72,3565.9107
2026-03-06 23:00:00,1978.82,1987.78,1977.06,1987.28,2959.6789
2026-03-07 00:00:00,1981.59,1983.34,1977.07,1978.82,2425.2905
2026-03-07 01:00:00,1980.8,1983.7,1976.42,1981.6,3760.9505
2026-03-07 02:00:00,1983.52,1984.57,1972.36,1980.78,4206.852
2026-03-07 03:00:00,1980.28,1996.12,1979.78,1983.53,5797.9966
2026-03-07 04:00:00,1975.51,1980.23,1963.91,1980.23,4969.9889
2026-03-07 05:00:00,1978.92,1979.82,1972.76,1975.52,2458.58
2026-03-07 06:00:00,1971.75,1978.92,1968.62,1978.92,3413.7254
2026-03-07 07:00:00,1983.06,1984.32,1967.12,1971.75,6534.3724
2026-03-07 08:00:00,1978.02,1988.0,1975.76,1983.07,7009.4804
2026-03-07 09:00:00,1986.38,1989.43,1975.2,1978.01,4507.4494
2026-03-07 10:00:00,1984.32,1988.88,1983.41,1986.39,2376.4391
2026-03-07 11:00:00,1988.86,1994.54,1982.37,1984.31,4397.3235
2026-03-07 12:00:00,1982.42,1990.89,1979.77,1988.86,2961.9027
2026-03-07 13:00:00,1981.82,1983.99,1977.88,1982.47,3454.2442
2026-03-07 14:00:00,1987.03,1990.3,1970.26,1981.81,5775.1383
2026-03-07 15:00:00,1981.25,1987.5,1976.17,1987.03,5383.2225
2026-03-07 16:00:00,1977.43,1981.25,1974.56,1981.25,5387.0513
2026-03-07 17:00:00,1977.7,1983.6,1976.22,1977.4,4393.7614
2026-03-07 18:00:00,1971.25,1977.71,1965.85,1977.7,4604.9305
2026-03-07 19:00:00,1955.17,1971.26,1947.81,1971.26,6910.1429
2026-03-07 20:00:00,1966.32,1968.59,1954.94,1955.16,5762.7673
2026-03-07 21:00:00,1970.43,1971.62,1963.92,1966.32,2146.3848
2026-03-07 22:00:00,1966.36,1971.0,1958.47,1970.44,4378.7359
2026-03-07 23:00:00,1969.4,1974.05,1965.55,1966.41,3545.5347
2026-03-08 00:00:00,1968.82,1977.18,1966.67,1969.39,3357.0615
2026-03-08 01:00:00,1968.84,1971.89,1963.58,1968.82,2948.5901
2026-03-08 02:00:00,1942.35,1969.97,1936.0,1968.83,9015.9407
2026-03-08 03:00:00,1947.69,1951.54,1941.4,1942.36,7011.2918
2026-03-08 04:00:00,1938.37,1953.33,1929.19,1947.69,6632.3604
2026-03-08 05:00:00,1948.99,1952.62,1938.21,1938.37,7268.224
2026-03-08 06:00:00,1948.1,1952.32,1943.0,1948.99,2576.8971
2026-03-08 07:00:00,1955.16,1960.31,1947.38,1948.09,5116.8055
2026-03-08 08:00:00,1959.69,1960.5,1949.1,1955.13,4607.4018
2026-03-08 09:00:00,1963.8,1970.06,1956.84,1959.69,5241.4619
2026-03-08 10:00:00,1974.44,1980.11,1963.49,1963.8,7106.6006
2026-03-08 11:00:00,1951.42,1974.42,1944.74,1974.41,6780.1267
2026-03-08 12:00:00,1946.45,1954.86,1925.5,1951.42,9055.3083
2026-03-08 13:00:00,1944.3,1948.3,1924.84,1946.46,10128.2375
2026-03-08 14:00:00,1945.24,1950.8,1937.51,1944.3,5577.9506
2026-03-08 15:00:00,1943.29,1947.97,1937.3,1945.24,3738.6542
2026-03-08 16:00:00,1936.74,1944.71,1934.27,1943.28,3599.3046
2026-03-08 17:00:00,1935.65,1946.54,1933.2,1936.67,3785.353
2026-03-08 18:00:00,1930.0,1936.93,1928.04,1935.73,4039.4038
2026-03-08 19:00:00,1964.62,1969.87,1928.05,1930.0,12203.2696
2026-03-08 20:00:00,1958.74,1971.41,1953.61,1964.61,6286.7676
2026-03-08 21:00:00,1953.82,1962.09,1944.34,1958.75,5470.5098
2026-03-08 22:00:00,1943.13,1953.97,1910.2,1953.97,20270.0871
2026-03-08 23:00:00,1937.01,1955.45,1935.54,1943.13,7916.0661
2026-03-09 00:00:00,1950.98,1966.18,1929.75,1937.01,11000.4852
2026-03-09 01:00:00,1945.9,1963.29,1942.8,1950.95,8704.0975
2026-03-09 02:00:00,1959.72,1963.31,1938.23,1945.91,7829.9706
2026-03-09 03:00:00,1977.7,2005.46,1959.2,1959.73,20330.221
2026-03-09 04:00:00,1977.63,1989.49,1973.53,1977.7,5789.4928
2026-03-09 05:00:00,2010.7,2014.51,1976.28,1977.63,15766.9787
2026-03-09 06:00:00,1984.9,2012.8,1983.56,2010.7,8488.072
2026-03-09 07:00:00,1983.72,1985.85,1963.63,1984.93,7538.9803977
2026-03-09 08:00:00,1996.55,1999.91,1979.1,1983.76,7354.3511
2026-03-09 09:00:00,2004.6,2022.24,1986.89,1996.63,10493.6991
2026-03-09 10:00:00,1995.6,2007.04,1992.72,2004.6,7028.6368
2026-03-09 11:00:00,1992.22,2000.0,1981.01,1995.6,5639.369
2026-03-09 12:00:00,2002.29,2013.87,1992.22,1992.22,9092.9155
2026-03-09 13:00:00,2018.18,2030.0,2001.18,2002.29,16269.1542
2026-03-09 14:00:00,2022.41,2033.0,2008.0,2018.18,16068.1793
2026-03-09 15:00:00,2022.65,2029.49,2013.95,2022.41,9308.0805
2026-03-09 16:00:00,2027.56,2038.7,2018.93,2022.6,8543.0664
2026-03-09 17:00:00,2016.83,2032.27,2005.72,2027.57,10862.9671
2026-03-09 18:00:00,2012.15,2022.72,2006.27,2016.83,7879.4281
2026-03-09 19:00:00,2034.04,2053.59,2010.11,2012.16,14036.4315
2026-03-09 20:00:00,2025.89,2037.44,2018.87,2033.99,5899.6568
2026-03-09 21:00:00,2028.34,2035.28,2021.9,2025.88,5413.4419
2026-03-09 22:00:00,2002.94,2031.26,1999.36,2028.12,9313.4501
2026-03-09 23:00:00,1993.34,2007.62,1989.18,2002.94,10887.0025
2026-03-10 00:00:00,2015.43,2022.62,1991.25,1993.29,8595.6934
2026-03-10 01:00:00,2019.25,2025.06,2006.87,2015.43,7151.5651
2026-03-10 02:00:00,2042.55,2054.01,2014.02,2019.23,13532.2495
2026-03-10 03:00:00,2026.82,2047.74,2022.64,2042.54,7758.5976
2026-03-10 04:00:00,2045.55,2047.18,2026.32,2026.77,5043.5012
2026-03-10 05:00:00,2044.15,2054.23,2040.01,2045.57,9749.4776
2026-03-10 06:00:00,2043.82,2049.34,2036.45,2044.16,5145.0184
2026-03-10 07:00:00,2051.04,2059.7,2040.56,2043.82,9194.6164
2026-03-10 08:00:00,2057.37,2070.65,2051.05,2051.05,17400.0292
2026-03-10 09:00:00,2068.37,2074.19,2055.73,2057.37,10866.4772
2026-03-10 10:00:00,2062.94,2069.23,2055.86,2068.36,7755.486
2026-03-10 11:00:00,2061.98,2068.16,2051.35,2062.93,9949.424
2026-03-10 12:00:00,2049.74,2062.26,2047.58,2061.99,9240.7817
2026-03-10 13:00:00,2033.61,2060.32,2024.47,2049.74,17071.0148
2026-03-10 14:00:00,2075.31,2080.48,2008.77,2033.62,19159.5983
2026-03-10 15:00:00,2079.43,2085.89,2058.79,2075.3,23608.9396
2026-03-10 16:00:00,2080.74,2088.03,2069.45,2079.43,12860.6586
2026-03-10 17:00:00,2071.75,2085.39,2058.44,2080.73,10490.5367
2026-03-10 18:00:00,2039.5,2073.15,2035.83,2071.75,14043.8494
2026-03-10 19:00:00,2036.91,2044.25,2027.06,2039.52,10304.1517
2026-03-10 20:00:00,2042.46,2047.39,2035.12,2036.9,6123.3924
2026-03-10 21:00:00,2029.43,2047.99,2019.01,2042.45,7979.5814
2026-03-10 22:00:00,2027.58,2032.73,2021.16,2029.42,5381.1934
2026-03-10 23:00:00,2036.7,2037.42,2027.61,2027.61,3881.2807
2026-03-11 00:00:00,2037.95,2041.85,2029.06,2036.69,5113.0096
2026-03-11 01:00:00,2036.23,2041.01,2028.93,2037.95,5081.9201
2026-03-11 02:00:00,2026.95,2039.04,2018.77,2036.23,7932.8381
2026-03-11 03:00:00,2021.31,2029.27,2018.21,2026.87,5503.6655
2026-03-11 04:00:00,2039.06,2041.32,2018.6,2021.31,7921.7535
2026-03-11 05:00:00,2014.65,2041.13,2012.12,2039.06,9215.9794
2026-03-11 06:00:00,2024.28,2025.88,2013.88,2014.66,5814.2034
2026-03-11 07:00:00,2012.44,2025.73,2007.26,2024.29,6864.858
2026-03-11 08:00:00,2024.08,2025.89,2009.61,2012.46,11006.1986
2026-03-11 09:00:00,2018.02,2027.5,2014.64,2024.04,5679.1436
2026-03-11 10:00:00,2028.93,2031.39,2017.44,2018.03,4957.4012
2026-03-11 11:00:00,2017.98,2033.92,2015.54,2028.94,5537.0364
2026-03-11 12:00:00,2023.19,2035.39,2012.84,2017.97,9920.4042
2026-03-11 13:00:00,2050.76,2082.31,2021.85,2023.19,19934.6014
2026-03-11 14:00:00,2062.74,2077.74,2043.27,2050.75,12884.0237
2026-03-11 15:00:00,2049.74,2065.57,2030.19,2062.74,10998.1685
2026-03-11 16:00:00,2066.97,2072.49,2046.3,2049.75,8773.7196
2026-03-11 17:00:00,2068.25,2085.67,2058.02,2066.97,12069.2769
2026-03-11 18:00:00,2076.6,2079.69,2064.37,2068.24,7609.1769
2026-03-11 19:00:00,2076.21,2077.75,2068.6,2076.6,7097.3669
2026-03-11 20:00:00,2068.69,2076.28,2065.97,2076.21,3938.5525
2026-03-11 21:00:00,2073.23,2074.99,2063.61,2068.69,4864.0593
2026-03-11 22:00:00,2061.86,2084.47,2059.06,2073.24,6657.2884
2026-03-11 23:00:00,2052.03,2064.84,2045.78,2061.85,7877.9323
2026-03-12 00:00:00,2055.92,2058.14,2048.07,2052.0,4201.8047
2026-03-12 01:00:00,2046.47,2056.13,2043.01,2055.91,6896.2613
2026-03-12 02:00:00,2024.85,2048.12,2021.97,2046.32,9047.8391
2026-03-12 03:00:00,2023.41,2035.07,2018.01,2024.84,6356.9229
2026-03-12 04:00:00,2023.29,2029.77,2021.41,2023.41,5185.4303
2026-03-12 05:00:00,2027.0,2028.0,2019.48,2023.29,5054.9018
2026-03-12 06:00:00,2030.38,2031.85,2024.58,2026.99,5197.7057
2026-03-12 07:00:00,2040.86,2042.53,2025.69,2030.42,6730.36
2026-03-12 08:00:00,2047.91,2052.7,2038.61,2040.86,5700.876
2026-03-12 09:00:00,2055.73,2065.62,2038.56,2047.91,8714.2787
2026-03-12 10:00:00,2070.22,2075.54,2052.76,2055.73,7305.0857
2026-03-12 11:00:00,2062.85,2076.86,2058.5,2070.22,8120.2186
2026-03-12 12:00:00,2065.36,2070.9,2058.06,2062.86,5872.0248
2026-03-12 13:00:00,2065.45,2081.0,2051.56,2065.37,13532.7201
2026-03-12 14:00:00,2045.41,2095.24,2037.6,2065.45,23329.5903
2026-03-12 15:00:00,2072.46,2082.26,2039.2,2045.41,13268.2827
2026-03-12 16:00:00,2069.51,2078.46,2056.38,2072.47,10612.8757
2026-03-12 17:00:00,2058.28,2075.14,2055.32,2069.51,9074.8948
2026-03-12 18:00:00,2049.02,2062.0,2046.83,2058.28,7825.7375
2026-03-12 19:00:00,2069.66,2073.63,2045.44,2049.01,7353.9654
2026-03-12 20:00:00,2062.65,2073.77,2060.31,2070.15,4173.3681
2026-03-12 21:00:00,2063.19,2069.48,2057.65,2062.66,3954.5316
2026-03-12 22:00:00,2065.6,2067.56,2055.67,2063.18,5971.3517
2026-03-12 23:00:00,2073.59,2093.33,2064.94,2065.6,14267.765
2026-03-13 00:00:00,2119.08,2149.0,2070.45,2073.58,26065.8924
2026-03-13 01:00:00,2124.89,2130.33,2111.3,2119.08,11243.6521
2026-03-13 02:00:00,2105.95,2127.18,2102.51,2124.89,7772.4707
2026-03-13 03:00:00,2118.79,2123.69,2102.27,2105.96,7814.9601
2026-03-13 04:00:00,2111.94,2120.07,2109.86,2118.8,4432.3725
2026-03-13 05:00:00,2110.72,2115.34,2103.65,2111.94,5946.7461
2026-03-13 06:00:00,2096.17,2113.02,2090.18,2110.72,9782.3048
2026-03-13 07:00:00,2099.56,2104.85,2092.82,2096.17,7301.1558
2026-03-13 08:00:00,2099.97,2116.87,2091.65,2099.55,11364.2025
2026-03-13 09:00:00,2113.54,2117.04,2096.39,2099.97,8636.0379
2026-03-13 10:00:00,2126.68,2133.5,2112.89,2113.54,9129.0709
2026-03-13 11:00:00,2120.99,2130.2,2118.2,2126.67,7313.1645
2026-03-13 12:00:00,2146.57,2153.39,2120.53,2120.98,10942.4748
2026-03-13 13:00:00,2185.66,2200.0,2141.66,2146.58,31044.8935
2026-03-13 14:00:00,2151.46,2209.17,2145.94,2185.65,19517.4126
2026-03-13 15:00:00,2128.13,2165.95,2125.24,2151.29,16243.8342
2026-03-13 16:00:00,2133.98,2143.54,2111.38,2128.14,15900.0615
2026-03-13 17:00:00,2103.08,2141.22,2090.9,2133.98,13707.4098
2026-03-13 18:00:00,2100.83,2108.77,2091.33,2103.08,7357.2823
2026-03-13 19:00:00,2102.46,2106.03,2096.4,2100.84,5080.0393
2026-03-13 20:00:00,2111.33,2113.97,2101.3,2102.46,3821.9302
2026-03-13 21:00:00,2103.25,2116.66,2101.51,2111.34,3570.2343
2026-03-13 22:00:00,2089.04,2104.78,2078.42,2103.25,6367.0791
2026-03-13 23:00:00,2092.4,2093.89,2085.63,2089.04,3102.7352
2026-03-14 00:00:00,2085.57,2095.0,2082.91,2092.37,4202.6949
2026-03-14 01:00:00,2092.78,2095.27,2081.59,2085.57,5063.864
2026-03-14 02:00:00,2092.5,2095.62,2089.65,2092.78,2864.9397
2026-03-14 03:00:00,2101.06,2103.38,2092.53,2092.53,4757.0481
2026-03-14 04:00:00,2090.39,2105.69,2087.89,2101.07,5119.9484
2026-03-14 05:00:00,2092.54,2094.5,2086.03,2090.39,4931.8399
2026-03-14 06:00:00,2078.21,2092.53,2068.54,2092.53,6799.7064
2026-03-14 07:00:00,2077.35,2080.34,2075.77,2078.2,4260.9403
2026-03-14 08:00:00,2074.55,2081.58,2072.83,2077.38,4938.6866
2026-03-14 09:00:00,2067.39,2077.85,2063.72,2074.54,4930.1405
2026-03-14 10:00:00,2066.31,2068.78,2061.68,2067.34,4834.4652
2026-03-14 11:00:00,2073.63,2076.67,2065.91,2066.3,3770.2481
2026-03-14 12:00:00,2075.33,2077.74,2069.97,2073.63,4395.3337
2026-03-14 13:00:00,2078.53,2080.34,2073.03,2075.32,3498.152
2026-03-14 14:00:00,2071.07,2080.4,2069.85,2078.47,3620.4633
2026-03-14 15:00:00,2074.77,2077.95,2070.24,2071.07,3131.3681
2026-03-14 16:00:00,2077.58,2078.67,2069.13,2074.77,2880.9587
2026-03-14 17:00:00,2075.21,2078.14,2073.59,2077.58,2124.1601
2026-03-14 18:00:00,2077.17,2078.06,2072.9,2075.21,1170.8257
2026-03-14 19:00:00,2077.41,2079.36,2075.09,2077.17,1710.1808
2026-03-14 20:00:00,2086.14,2087.34,2076.29,2077.42,3030.9
2026-03-14 21:00:00,2086.65,2088.87,2081.99,2086.14,2990.7267
2026-03-14 22:00:00,2084.39,2088.26,2082.16,2086.67,2111.4111
2026-03-14 23:00:00,2096.37,2099.27,2084.23,2084.38,6728.711
2026-03-15 00:00:00,2088.03,2096.79,2086.31,2096.37,3752.0069
2026-03-15 01:00:00,2088.38,2091.11,2083.44,2088.03,2190.8892
2026-03-15 02:00:00,2101.98,2107.92,2088.38,2088.38,4811.7017
2026-03-15 03:00:00,2096.27,2105.15,2093.8,2101.98,3419.9939
2026-03-15 04:00:00,2104.24,2104.24,2096.28,2096.28,2566.475
2026-03-15 05:00:00,2107.99,2115.82,2102.25,2104.26,5751.8337
2026-03-15 06:00:00,2107.84,2111.46,2103.27,2107.99,2916.1939
2026-03-15 07:00:00,2105.7,2113.76,2103.76,2107.84,3126.982
2026-03-15 08:00:00,2112.86,2113.23,2105.7,2105.7,3005.5204
2026-03-15 09:00:00,2117.45,2123.41,2112.85,2112.85,7435.8692
2026-03-15 10:00:00,2119.33,2121.45,2114.44,2117.44,2516.9852
2026-03-15 11:00:00,2119.58,2121.24,2115.08,2119.33,1970.2254
2026-03-15 12:00:00,2109.7,2119.92,2107.63,2119.6,3844.6295
2026-03-15 13:00:00,2097.53,2112.79,2086.67,2109.69,12313.4717
2026-03-15 14:00:00,2096.97,2099.2,2086.57,2097.51,4486.8626
2026-03-15 15:00:00,2093.71,2097.06,2090.35,2096.98,2753.3137
2026-03-15 16:00:00,2091.47,2098.83,2088.87,2093.71,2810.3955
2026-03-15 17:00:00,2110.93,2118.02,2091.28,2091.48,3436.7207
2026-03-15 18:00:00,2099.2,2113.47,2094.5,2110.94,5039.4343
2026-03-15 19:00:00,2113.37,2114.27,2096.68,2099.19,5485.4125
2026-03-15 20:00:00,2129.31,2138.98,2110.03,2113.37,7164.0821
2026-03-15 21:00:00,2139.02,2144.6,2123.9,2129.32,5363.8234
2026-03-15 22:00:00,2184.08,2192.38,2125.87,2139.04,16796.1858
2026-03-15 23:00:00,2178.08,2202.47,2166.05,2184.11,17754.0196
2026-03-16 00:00:00,2171.37,2187.09,2164.82,2178.08,6403.6017
2026-03-16 01:00:00,2185.8,2190.54,2165.0,2171.38,6123.6144
2026-03-16 02:00:00,2180.77,2189.78,2170.3,2185.8,10561.3166
2026-03-16 03:00:00,2235.76,2253.52,2177.68,2180.77,32912.1239
2026-03-16 04:00:00,2263.22,2278.51,2235.77,2235.77,26382.6894
2026-03-16 05:00:00,2280.26,2289.12,2256.74,2263.22,20209.3167
2026-03-16 06:00:00,2261.71,2281.3,2260.98,2280.27,12591.8745
2026-03-16 07:00:00,2248.87,2269.12,2245.76,2261.71,12753.5052
2026-03-16 08:00:00,2243.41,2258.7,2234.1,2248.87,12694.8831
2026-03-16 09:00:00,2260.57,2265.49,2239.65,2243.42,7767.7131
2026-03-16 10:00:00,2278.07,2278.47,2256.15,2260.58,8413.0272
2026-03-16 11:00:00,2269.84,2279.99,2265.76,2278.07,11687.9659
2026-03-16 12:00:00,2279.16,2303.11,2269.84,2269.84,19618.4025
2026-03-16 13:00:00,2288.53,2308.35,2272.3,2279.15,16602.7601
2026-03-16 14:00:00,2288.03,2304.41,2255.39,2288.54,22889.034
2026-03-16 15:00:00,2273.79,2299.13,2270.24,2288.03,13459.7156
2026-03-16 16:00:00,2297.01,2300.06,2270.0,2273.79,10484.7622
2026-03-16 17:00:00,2314.67,2322.87,2293.4,2297.01,12352.2481
2026-03-16 18:00:00,2321.54,2346.22,2314.05,2314.66,15170.4987
2026-03-16 19:00:00,2331.1,2348.0,2318.6,2321.56,9853.9842
2026-03-16 20:00:00,2345.4,2347.49,2323.7,2330.92,5379.7984
2026-03-16 21:00:00,2360.84,2376.64,2343.9,2345.39,14752.5528
2026-03-16 22:00:00,2357.98,2385.66,2355.0,2360.84,10738.9899
2026-03-16 23:00:00,2352.7,2361.43,2330.62,2357.98,12422.5412
2026-03-17 00:00:00,2357.78,2376.29,2340.46,2352.69,17968.8766
2026-03-17 01:00:00,2361.13,2375.08,2346.8,2357.79,19738.7967
2026-03-17 02:00:00,2351.18,2361.87,2344.89,2361.13,10618.4904
2026-03-17 03:00:00,2320.23,2355.66,2308.19,2351.18,14312.1262
2026-03-17 04:00:00,2311.77,2330.24,2295.99,2320.23,14965.5321
2026-03-17 05:00:00,2307.6,2318.32,2298.0,2311.77,7652.076
2026-03-17 06:00:00,2315.27,2324.25,2298.33,2307.59,7699.4595
2026-03-17 07:00:00,2328.02,2337.85,2315.24,2315.28,7277.064
2026-03-17 08:00:00,2320.66,2335.23,2316.83,2328.01,6668.9698
2026-03-17 09:00:00,2315.87,2329.57,2307.42,2320.67,9046.3115
2026-03-17 10:00:00,2312.83,2317.13,2303.92,2315.87,5363.7223
2026-03-17 11:00:00,2326.97,2332.84,2311.79,2312.83,6077.0237
2026-03-17 12:00:00,2315.62,2334.94,2313.25,2326.96,8347.4281
2026-03-17 13:00:00,2328.55,2346.55,2313.24,2315.62,11415.9689
2026-03-17 14:00:00,2343.57,2348.69,2319.14,2328.55,10115.9456
2026-03-17 15:00:00,2316.09,2357.77,2304.5,2343.57,14169.5356
2026-03-17 16:00:00,2326.93,2337.12,2312.53,2316.08,7417.6021
2026-03-17 17:00:00,2340.15,2342.63,2320.55,2326.94,6567.5547
2026-03-17 18:00:00,2333.19,2342.98,2328.05,2340.15,5057.9873
2026-03-17 19:00:00,2320.2,2340.0,2317.23,2333.06,6569.399
2026-03-17 20:00:00,2327.99,2330.21,2317.76,2320.2,3872.3414
2026-03-17 21:00:00,2338.5,2344.47,2327.96,2327.96,6306.8834
2026-03-17 22:00:00,2329.86,2342.01,2318.49,2338.5,4340.5812
2026-03-17 23:00:00,2317.47,2332.93,2316.87,2329.85,4078.7393
2026-03-18 00:00:00,2324.25,2325.75,2307.32,2317.46,6076.2458
2026-03-18 01:00:00,2324.91,2335.03,2323.21,2324.25,5990.5351
2026-03-18 02:00:00,2331.36,2341.33,2324.52,2324.9,4286.9257
2026-03-18 03:00:00,2340.81,2350.0,2328.66,2331.36,6485.1109
2026-03-18 04:00:00,2327.7,2341.91,2326.78,2340.81,3457.5152
2026-03-18 05:00:00,2318.43,2330.87,2314.2,2327.7,4670.3961
2026-03-18 06:00:00,2322.63,2331.02,2318.27,2318.43,4893.3649
2026-03-18 07:00:00,2317.78,2323.23,2312.1,2322.64,4338.5242
2026-03-18 08:00:00,2322.47,2325.49,2317.28,2317.79,4198.5624
2026-03-18 09:00:00,2329.16,2333.42,2321.82,2322.48,4126.917
2026-03-18 10:00:00,2312.77,2331.7,2309.24,2329.15,7510.8008
2026-03-18 11:00:00,2269.3,2319.35,2263.25,2312.76,24055.7882
2026-03-18 12:00:00,2237.47,2270.72,2235.55,2269.29,21609.1289
2026-03-18 13:00:00,2235.62,2244.8,2223.86,2237.48,16151.881
2026-03-18 14:00:00,2190.43,2236.94,2186.91,2235.63,21211.9523
2026-03-18 15:00:00,2187.65,2196.32,2169.64,2190.07,22324.2736
2026-03-18 16:00:00,2181.12,2191.05,2166.52,2187.63,12722.0047
2026-03-18 17:00:00,2203.94,2211.38,2177.03,2181.13,11666.3587
2026-03-18 18:00:00,2181.21,2220.02,2175.65,2203.93,14992.6715
2026-03-18 19:00:00,2185.95,2196.68,2178.18,2181.2,9536.6735
2026-03-18 20:00:00,2187.25,2193.87,2153.01,2185.95,14917.5727
2026-03-18 21:00:00,2202.68,2207.22,2185.56,2187.25,6778.0126
2026-03-18 22:00:00,2194.53,2203.45,2187.64,2202.66,4601.4471
2026-03-18 23:00:00,2203.43,2206.86,2188.94,2194.53,8087.2187
2026-03-19 00:00:00,2193.68,2208.3,2190.87,2203.43,7752.4456
2026-03-19 01:00:00,2197.08,2201.97,2187.12,2193.29,5893.5191969
2026-03-19 02:00:00,2196.84,2204.99,2189.12,2197.08,4117.3418
2026-03-19 03:00:00,2212.27,2233.75,2196.85,2196.85,11891.0353
2026-03-19 04:00:00,2193.47,2213.04,2190.9,2212.28,5926.6948
2026-03-19 05:00:00,2189.27,2198.48,2186.75,2193.48,3516.2197
2026-03-19 06:00:00,2180.73,2195.62,2177.76,2189.28,7033.6003
2026-03-19 07:00:00,2166.6,2181.98,2143.29,2180.72,15833.3308
2026-03-19 08:00:00,2160.83,2171.14,2158.38,2166.6,11226.1827
2026-03-19 09:00:00,2189.38,2190.9,2160.46,2160.84,12068.2299686
2026-03-19 10:00:00,2172.77,2192.12,2172.71,2189.39,5639.1655
2026-03-19 11:00:00,2166.75,2177.79,2165.58,2172.77,6321.849
2026-03-19 12:00:00,2132.3,2167.39,2130.05,2166.76,11193.2557
2026-03-19 13:00:00,2137.67,2143.39,2111.29,2132.35,21526.0826
2026-03-19 14:00:00,2121.69,2147.11,2102.32,2137.69,15988.2251
2026-03-19 15:00:00,2118.9,2136.71,2099.38,2121.69,14226.564
2026-03-19 16:00:00,2115.24,2122.16,2106.62,2118.91,11046.5274
2026-03-19 17:00:00,2127.0,2131.66,2104.78,2115.23,10147.4775
2026-03-19 18:00:00,2124.99,2129.3,2114.35,2127.0,5550.1252
2026-03-19 19:00:00,2141.17,2156.91,2125.0,2125.0,13597.0151
2026-03-19 20:00:00,2146.44,2153.09,2139.37,2141.14,5724.9966
2026-03-19 21:00:00,2150.15,2155.67,2145.42,2146.44,5819.201
2026-03-19 22:00:00,2140.28,2152.32,2132.94,2150.15,5614.3918
2026-03-19 23:00:00,2137.85,2147.5,2130.83,2140.28,5559.1289
2026-03-20 00:00:00,2145.68,2148.99,2135.05,2137.84,5751.1397
2026-03-20 01:00:00,2151.08,2160.85,2145.01,2145.69,7393.2296
2026-03-20 02:00:00,2144.69,2151.82,2132.8,2151.08,8322.1241
2026-03-20 03:00:00,2151.46,2157.38,2143.6,2144.69,12265.6914
2026-03-20 04:00:00,2148.37,2159.23,2139.4,2151.46,8133.2409
2026-03-20 05:00:00,2140.16,2151.82,2137.87,2148.38,6124.203
2026-03-20 06:00:00,2136.79,2141.73,2132.26,2140.24,5796.4293
2026-03-20 07:00:00,2150.85,2153.39,2121.38,2136.8,10885.0181
2026-03-20 08:00:00,2164.19,2176.76,2146.78,2150.83,13240.5256
2026-03-20 09:00:00,2141.32,2164.16,2135.15,2164.16,8559.6343
2026-03-20 10:00:00,2148.53,2151.32,2131.4,2141.33,7540.7373
2026-03-20 11:00:00,2141.61,2159.01,2134.88,2148.52,7091.889
2026-03-20 12:00:00,2141.12,2152.85,2135.35,2141.6,7024.6077
2026-03-20 13:00:00,2127.46,2152.94,2123.23,2141.13,11288.2786
2026-03-20 14:00:00,2129.17,2147.79,2116.98,2127.41,15489.9971
2026-03-20 15:00:00,2133.89,2138.57,2120.41,2129.17,10216.1593
2026-03-20 16:00:00,2137.33,2144.76,2130.59,2133.9,6586.008
2026-03-20 17:00:00,2136.61,2141.0,2119.84,2137.33,7096.0155
2026-03-20 18:00:00,2123.21,2137.42,2117.28,2136.7,9970.6251
2026-03-20 19:00:00,2132.86,2134.92,2117.43,2123.21,8999.5414
2026-03-20 20:00:00,2133.3,2136.96,2124.05,2132.9,5368.3846
2026-03-20 21:00:00,2147.59,2157.66,2130.94,2133.31,7542.1559
2026-03-20 22:00:00,2154.86,2168.5,2147.6,2147.6,5640.1558
2026-03-20 23:00:00,2146.38,2155.52,2143.02,2154.82,3785.9351
2026-03-21 00:00:00,2153.41,2156.56,2144.23,2146.38,3217.5757
2026-03-21 01:00:00,2147.55,2159.73,2147.29,2153.38,3439.4239
2026-03-21 02:00:00,2154.88,2156.19,2146.29,2147.54,2509.6028
2026-03-21 03:00:00,2153.44,2155.79,2150.93,2154.87,2201.08
2026-03-21 04:00:00,2151.73,2158.1,2150.4,2153.45,3069.686
2026-03-21 05:00:00,2153.45,2157.8,2151.72,2151.73,3673.7558
2026-03-21 06:00:00,2155.69,2156.46,2152.42,2153.44,1922.0706
2026-03-21 07:00:00,2155.38,2161.42,2153.72,2155.68,2882.9554
2026-03-21 08:00:00,2154.1,2157.19,2149.61,2155.38,3396.1157
2026-03-21 09:00:00,2158.37,2159.01,2153.81,2154.1,3140.9166
2026-03-21 10:00:00,2153.99,2159.13,2153.02,2158.37,3117.0077
2026-03-21 11:00:00,2157.2,2157.66,2153.01,2154.0,2173.4224
2026-03-21 12:00:00,2157.85,2160.63,2156.88,2157.21,3076.3877
2026-03-21 13:00:00,2155.9,2159.57,2155.0,2157.86,3302.1398
2026-03-21 14:00:00,2152.26,2168.37,2150.65,2155.91,5394.5235
2026-03-21 15:00:00,2155.33,2157.4,2146.65,2152.27,6368.2526
2026-03-21 16:00:00,2146.88,2155.39,2144.61,2155.34,4213.7068
2026-03-21 17:00:00,2148.4,2150.38,2142.14,2146.87,4464.5588
2026-03-21 18:00:00,2151.42,2155.67,2147.81,2148.4,3359.9263
2026-03-21 19:00:00,2152.38,2153.01,2149.25,2151.42,2332.1698
2026-03-21 20:00:00,2155.59,2156.84,2150.65,2152.39,3976.59
2026-03-21 21:00:00,2153.85,2156.98,2152.35,2155.6,2940.9822
2026-03-21 22:00:00,2149.79,2153.85,2149.67,2153.84,2245.441
2026-03-21 23:00:00,2084.72,2149.88,2070.47,2149.79,12540.8919
2026-03-22 00:00:00,2087.5,2095.2,2050.0,2084.71,20883.7018936
2026-03-22 01:00:00,2091.44,2094.31,2082.07,2087.5,7212.9416
2026-03-22 02:00:00,2102.5,2109.45,2088.09,2091.47,8016.9774
2026-03-22 03:00:00,2113.95,2127.03,2098.38,2102.5,8028.4035
2026-03-22 04:00:00,2119.24,2123.05,2106.53,2113.95,6931.9455
2026-03-22 05:00:00,2112.84,2120.61,2112.7,2119.37,4536.5791
2026-03-22 06:00:00,2108.61,2113.38,2107.48,2112.92,3889.2314
2026-03-22 07:00:00,2093.76,2112.17,2092.89,2108.6,5197.905
2026-03-22 08:00:00,2086.58,2095.92,2074.28,2093.76,12676.532
2026-03-22 09:00:00,2085.37,2096.15,2079.89,2086.58,5387.9279
2026-03-22 10:00:00,2081.46,2086.89,2077.37,2085.37,2974.4777
2026-03-22 11:00:00,2070.12,2083.85,2066.35,2081.45,3846.8038
2026-03-22 12:00:00,2082.53,2088.49,2068.18,2070.14,6499.197
2026-03-22 13:00:00,2078.6,2092.45,2072.6,2082.54,6239.2395
2026-03-22 14:00:00,2078.28,2085.32,2071.75,2078.59,4379.0309
2026-03-22 15:00:00,2083.08,2084.46,2076.0,2078.2,4105.4398
2026-03-22 16:00:00,2082.39,2084.51,2077.95,2083.09,2568.2009
2026-03-22 17:00:00,2079.73,2084.43,2077.39,2082.39,2164.0926
2026-03-22 18:00:00,2072.21,2080.35,2057.23,2079.72,4987.8985
2026-03-22 19:00:00,2063.11,2072.67,2054.31,2072.2,5980.5799
2026-03-22 20:00:00,2058.54,2072.33,2056.07,2063.11,4695.9977
2026-03-22 21:00:00,2045.89,2060.75,2026.0,2058.54,13710.3693
2026-03-22 22:00:00,2062.7,2065.71,2032.53,2045.93,8729.5508
2026-03-22 23:00:00,2053.97,2073.96,2051.33,2062.71,6339.5894
2026-03-23 00:00:00,2043.45,2063.01,2035.75,2053.97,7409.581
2026-03-23 01:00:00,2047.71,2062.66,2039.43,2043.45,6670.0654
2026-03-23 02:00:00,2063.42,2070.28,2046.69,2047.71,7221.1581
2026-03-23 03:00:00,2052.66,2072.7,2051.98,2063.37,9279.2117
2026-03-23 04:00:00,2065.51,2066.2,2050.77,2052.67,3775.8225
2026-03-23 05:00:00,2069.33,2072.0,2060.54,2065.53,6944.0651
2026-03-23 06:00:00,2037.35,2069.31,2028.5,2069.31,10060.7276
2026-03-23 07:00:00,2044.56,2049.91,2023.16,2037.36,8876.7539
2026-03-23 08:00:00,2047.78,2059.14,2044.17,2044.63,6742.8398
2026-03-23 09:00:00,2043.6,2049.18,2029.24,2047.79,7360.1779
2026-03-23 10:00:00,2049.08,2054.0,2040.44,2043.6,4605.03760094
2026-03-23 11:00:00,2134.82,2198.53,2049.08,2049.08,34631.6894
2026-03-23 12:00:00,2144.19,2147.83,2107.76,2134.67,15788.3771
2026-03-23 13:00:00,2185.53,2188.78,2140.57,2144.19,13919.8932
2026-03-23 14:00:00,2181.12,2192.41,2169.37,2185.53,12046.9397
2026-03-23 15:00:00,2128.46,2187.84,2124.76,2181.13,13647.2276
2026-03-23 16:00:00,2135.95,2142.59,2117.84,2128.46,12681.8509
2026-03-23 17:00:00,2152.61,2158.31,2124.77,2135.98,8611.1296
2026-03-23 18:00:00,2168.71,2171.4,2145.76,2152.61,8753.6002
2026-03-23 19:00:00,2154.43,2178.42,2150.55,2168.71,8979.0707
2026-03-23 20:00:00,2161.66,2166.67,2150.63,2154.39,4075.1353
2026-03-23 21:00:00,2157.72,2164.0,2154.58,2161.66,3236.564
2026-03-23 22:00:00,2152.87,2159.7,2143.77,2157.8,4291.8655
2026-03-23 23:00:00,2152.2,2155.07,2140.58,2152.85,4645.2778
2026-03-24 00:00:00,2143.3,2156.21,2129.99,2152.19,8601.9621
2026-03-24 01:00:00,2137.57,2149.92,2123.55,2143.31,6743.304
2026-03-24 02:00:00,2136.09,2145.61,2132.62,2137.57,4736.8677
2026-03-24 03:00:00,2141.88,2143.41,2130.75,2136.09,5021.9111
2026-03-24 04:00:00,2136.07,2152.39,2131.84,2141.9,5066.8489
2026-03-24 05:00:00,2133.92,2138.53,2128.99,2136.14,4817.4107
2026-03-24 06:00:00,2145.33,2146.29,2132.06,2133.92,4383.3378
2026-03-24 07:00:00,2165.77,2170.66,2144.23,2145.33,9610.6429
2026-03-24 08:00:00,2154.91,2167.47,2152.1,2165.7,7917.4583
2026-03-24 09:00:00,2165.12,2167.14,2147.19,2154.92,5517.6951
2026-03-24 10:00:00,2161.39,2165.12,2155.48,2165.12,3617.6718
2026-03-24 11:00:00,2165.82,2175.25,2152.12,2161.38,9419.4023
2026-03-24 12:00:00,2162.47,2170.5,2158.93,2165.83,5250.9325
2026-03-24 13:00:00,2138.42,2165.82,2130.51,2162.47,12949.8398
2026-03-24 14:00:00,2134.1,2148.47,2120.43,2138.41,13156.8739
2026-03-24 15:00:00,2135.17,2147.48,2131.52,2134.1,10232.0844
2026-03-24 16:00:00,2127.26,2140.75,2120.93,2135.16,8057.2994
2026-03-24 17:00:00,2109.11,2128.69,2102.93,2127.3,14447.0967
2026-03-24 18:00:00,2119.02,2127.77,2105.13,2109.13,8813.2162
2026-03-24 19:00:00,2116.74,2128.09,2114.14,2119.02,5220.2997
2026-03-24 20:00:00,2148.56,2154.45,2115.51,2116.73,12308.0052
2026-03-24 21:00:00,2148.92,2151.93,2140.58,2148.57,7344.6602
2026-03-24 22:00:00,2145.62,2155.7,2140.75,2148.92,8159.7481
2026-03-24 23:00:00,2156.31,2163.97,2143.1,2145.6,6538.9596
2026-03-25 00:00:00,2161.77,2168.96,2146.66,2156.31,8100.7369
2026-03-25 01:00:00,2156.99,2167.07,2156.99,2161.78,6243.6525
2026-03-25 02:00:00,2155.67,2161.47,2153.7,2156.99,4054.3149
2026-03-25 03:00:00,2158.57,2160.63,2146.77,2155.67,6098.7758
2026-03-25 04:00:00,2166.26,2167.78,2156.88,2158.57,3768.2805
2026-03-25 05:00:00,2169.21,2179.8,2164.44,2166.3,7409.815
2026-03-25 06:00:00,2163.59,2173.24,2163.5,2169.21,4789.9517
2026-03-25 07:00:00,2164.77,2177.65,2159.85,2163.59,7000.025
2026-03-25 08:00:00,2176.69,2190.64,2164.61,2164.77,10534.2969
2026-03-25 09:00:00,2186.76,2189.03,2175.11,2176.64,5813.8695
2026-03-25 10:00:00,2185.47,2188.72,2181.43,2186.76,4783.8599
2026-03-25 11:00:00,2186.38,2199.36,2180.31,2185.46,9981.4436
2026-03-25 12:00:00,2183.59,2194.83,2165.1,2186.37,11941.6062
2026-03-25 13:00:00,2184.62,2198.18,2179.75,2183.58,8927.9854
2026-03-25 14:00:00,2174.13,2188.19,2173.18,2184.62,8302.3532
2026-03-25 15:00:00,2162.63,2177.06,2147.7,2174.14,14284.8012
2026-03-25 16:00:00,2174.08,2186.96,2155.96,2162.61,12391.1266
2026-03-25 17:00:00,2164.14,2176.19,2160.63,2174.03,6163.4566
2026-03-25 18:00:00,2162.14,2173.73,2157.9,2164.14,4776.5774
2026-03-25 19:00:00,2172.79,2176.54,2159.3,2162.15,5398.505
2026-03-25 20:00:00,2166.58,2173.06,2159.53,2172.79,3714.1041
2026-03-25 21:00:00,2164.19,2169.62,2162.07,2166.58,3170.0575
2026-03-25 22:00:00,2174.52,2183.11,2161.7,2164.2,5632.6674
2026-03-25 23:00:00,2168.99,2177.23,2164.63,2174.53,5762.0337
2026-03-26 00:00:00,2166.53,2172.22,2162.31,2168.98,4066.8182
2026-03-26 01:00:00,2164.98,2169.17,2160.11,2166.53,5191.0526
2026-03-26 02:00:00,2149.9,2165.81,2143.82,2164.97,7168.4292
2026-03-26 03:00:00,2153.26,2155.66,2144.5,2149.88,4707.6531
2026-03-26 04:00:00,2149.68,2154.4,2148.0,2153.26,3822.6006
2026-03-26 05:00:00,2119.39,2150.76,2113.59,2149.68,12572.6232
2026-03-26 06:00:00,2121.88,2124.81,2112.41,2119.39,7501.5392
2026-03-26 07:00:00,2123.32,2124.73,2113.05,2121.92,5698.2762
2026-03-26 08:00:00,2119.69,2126.74,2114.42,2123.33,8847.4086
2026-03-26 09:00:00,2082.73,2122.12,2075.21,2119.67,23171.7989
2026-03-26 10:00:00,2078.61,2083.85,2073.01,2082.72,6237.6382
2026-03-26 11:00:00,2068.5,2081.4,2063.99,2078.62,8592.433
2026-03-26 12:00:00,2073.55,2075.62,2066.05,2068.5,6132.6375
2026-03-26 13:00:00,2081.01,2094.22,2070.0,2073.54,14923.511
2026-03-26 14:00:00,2076.33,2085.65,2067.02,2081.02,12502.0045
2026-03-26 15:00:00,2070.37,2076.69,2051.93,2076.3,13963.1469
2026-03-26 16:00:00,2060.86,2070.84,2059.79,2070.36,5778.6183
2026-03-26 17:00:00,2049.32,2070.56,2045.86,2060.87,7134.3853
2026-03-26 18:00:00,2047.13,2055.57,2034.34,2049.32,13764.6789
2026-03-26 19:00:00,2049.1,2054.01,2039.42,2047.14,6162.4933
2026-03-26 20:00:00,2064.69,2080.46,2046.39,2049.05,12905.5312
2026-03-26 21:00:00,2068.39,2076.79,2060.15,2064.7,5877.9149
2026-03-26 22:00:00,2065.55,2072.94,2055.04,2068.4,5345.8889
2026-03-26 23:00:00,2060.2,2069.61,2055.92,2065.55,5083.4938
2026-03-27 00:00:00,2065.13,2067.56,2056.61,2060.21,5368.9837
2026-03-27 01:00:00,2073.97,2074.53,2063.28,2065.13,4502.3573
2026-03-27 02:00:00,2068.22,2076.96,2067.28,2074.08,3703.702
2026-03-27 03:00:00,2061.49,2069.02,2059.22,2068.22,3620.54
2026-03-27 04:00:00,2053.09,2062.1,2043.15,2061.5,6134.9309
2026-03-27 05:00:00,2061.11,2066.39,2052.17,2053.1,5513.0781
2026-03-27 06:00:00,2062.65,2067.84,2058.38,2061.12,3660.3504
2026-03-27 07:00:00,2065.95,2072.0,2060.02,2062.66,8476.7017
2026-03-27 08:00:00,2047.64,2069.36,2034.23,2065.95,13530.3296
2026-03-27 09:00:00,2040.83,2051.48,2036.02,2047.64,8684.2023
2026-03-27 10:00:00,1991.43,2044.46,1984.41,2040.83,18178.9998
2026-03-27 11:00:00,1991.64,1998.21,1982.3,1991.44,11586.7508
2026-03-27 12:00:00,1989.51,1993.79,1982.2,1991.65,8350.9116
2026-03-27 13:00:00,1979.14,1997.18,1968.8,1989.52,16297.867
2026-03-27 14:00:00,1989.3,1989.94,1971.86,1979.14,15176.3579
2026-03-27 15:00:00,1991.06,2010.34,1983.3,1989.29,17960.9194
2026-03-27 16:00:00,1986.84,1992.5,1980.46,1991.06,10612.1908
2026-03-27 17:00:00,1977.26,1997.43,1974.88,1986.85,7055.7801
2026-03-27 18:00:00,1984.39,1986.15,1974.39,1977.25,5644.9282
2026-03-27 19:00:00,1991.57,1997.48,1978.7,1984.38,7820.5928
2026-03-27 20:00:00,1986.0,1996.12,1980.23,1991.66,6087.0359
2026-03-27 21:00:00,1985.83,1991.15,1984.55,1985.99,3027.1796
2026-03-27 22:00:00,1985.54,1987.18,1981.86,1985.82,2374.7875
2026-03-27 23:00:00,1992.88,1993.88,1980.6,1985.54,3803.4961
2026-03-28 00:00:00,1992.33,1995.15,1989.76,1992.87,4322.0182
2026-03-28 01:00:00,1990.19,1992.67,1984.74,1992.34,3749.5421
2026-03-28 02:00:00,1987.29,1993.62,1982.88,1990.19,3029.7918
2026-03-28 03:00:00,1989.02,1991.03,1986.98,1987.3,2305.4354
2026-03-28 04:00:00,1990.57,1992.69,1987.27,1989.02,2028.6005
2026-03-28 05:00:00,1994.16,1994.89,1988.15,1990.57,2956.4142
2026-03-28 06:00:00,2000.89,2006.93,1993.23,1994.17,4126.6186
2026-03-28 07:00:00,2007.24,2008.26,2000.7,2000.89,3313.4162
2026-03-28 08:00:00,1999.26,2008.23,1998.35,2007.25,4392.2275
2026-03-28 09:00:00,1999.46,1999.91,1995.69,1999.26,2822.7729
2026-03-28 10:00:00,1996.77,2004.59,1992.93,1999.46,3838.8954
2026-03-28 11:00:00,1997.68,2000.77,1995.77,1996.78,2701.4897
2026-03-28 12:00:00,1999.66,2004.39,1992.18,1997.61,4523.6577
2026-03-28 13:00:00,2026.31,2043.89,1999.22,1999.65,19654.783
2026-03-28 14:00:00,2020.91,2029.39,2014.15,2026.31,7118.8701
2026-03-28 15:00:00,2026.78,2038.79,2018.65,2020.9,10589.9632
2026-03-28 16:00:00,2024.79,2030.04,2021.29,2026.81,4364.7847
2026-03-28 17:00:00,2021.04,2027.05,2016.4,2024.79,4782.6261
2026-03-28 18:00:00,2021.78,2024.59,2020.53,2021.04,2110.5219
2026-03-28 19:00:00,2020.59,2022.78,2017.59,2021.77,2137.9436
2026-03-28 20:00:00,2024.45,2026.47,2020.59,2020.6,3686.5124
2026-03-28 21:00:00,2009.65,2025.64,2007.13,2024.45,4771.4409
2026-03-28 22:00:00,2012.01,2013.19,2005.49,2009.66,3749.5464
2026-03-28 23:00:00,1994.86,2012.0,1989.32,2012.0,6910.7255
2026-03-29 00:00:00,1999.08,1999.9,1991.65,1994.87,4821.6915
2026-03-29 01:00:00,2005.05,2007.29,1997.5,1999.04,5472.7239
2026-03-29 02:00:00,2009.23,2010.59,2002.69,2005.06,3784.2413
2026-03-29 03:00:00,2011.14,2019.44,2007.09,2009.24,4955.2452
2026-03-29 04:00:00,2005.66,2012.61,2004.46,2011.15,2515.1047
2026-03-29 05:00:00,2005.48,2007.25,1997.6,2005.66,4507.5743
2026-03-29 06:00:00,2005.05,2008.35,2000.22,2005.49,2883.8776
2026-03-29 07:00:00,2006.03,2009.46,2000.3,2004.95,2610.3288
2026-03-29 08:00:00,2004.31,2007.41,2002.48,2006.03,2195.7746
2026-03-29 09:00:00,1999.16,2005.5,1994.88,2004.31,4801.9677
2026-03-29 10:00:00,1996.07,1999.15,1991.87,1999.15,3163.7653
2026-03-29 11:00:00,2003.92,2008.0,1995.3,1996.07,3137.5102
2026-03-29 12:00:00,2001.81,2004.88,1998.0,2003.91,2478.2698
2026-03-29 13:00:00,1987.12,2002.21,1983.68,2001.8,6985.9028
2026-03-29 14:00:00,1994.14,2002.35,1984.12,1987.12,5466.0465
2026-03-29 15:00:00,1992.77,1999.0,1986.81,1994.14,6259.0973
2026-03-29 16:00:00,1998.0,2003.82,1992.0,1992.77,3826.8947
2026-03-29 17:00:00,1995.19,2000.12,1987.75,1998.01,3662.6579
2026-03-29 18:00:00,1997.35,2001.74,1991.58,1995.21,2969.573
2026-03-29 19:00:00,1995.88,2000.08,1994.52,1997.36,2364.4423
2026-03-29 20:00:00,2002.8,2009.61,1995.94,1995.95,3849.7264
2026-03-29 21:00:00,2006.29,2007.13,2001.59,2002.8,2858.5786
2026-03-29 22:00:00,1973.89,2006.74,1938.07,2006.25,13714.2555
2026-03-29 23:00:00,1984.72,1994.77,1973.79,1973.94,11877.4744
2026-03-30 00:00:00,1997.38,2023.69,1980.19,1984.78,13470.594
2026-03-30 01:00:00,2010.55,2016.38,1997.34,1997.51,8633.52711985
2026-03-30 02:00:00,2029.85,2043.72,2007.93,2010.46,10623.2119
2026-03-30 03:00:00,2035.86,2042.0,2027.74,2029.84,7029.8434
2026-03-30 04:00:00,2048.62,2052.95,2035.88,2035.88,7389.6258
2026-03-30 05:00:00,2047.92,2059.28,2045.75,2048.59,8509.5271
2026-03-30 06:00:00,2042.59,2052.06,2041.42,2047.84,5417.4782
2026-03-30 07:00:00,2059.79,2068.03,2041.55,2042.53,7718.6967
2026-03-30 08:00:00,2062.19,2074.57,2058.23,2059.78,8942.8403
2026-03-30 09:00:00,2055.31,2063.37,2054.07,2062.17,4238.6924
2026-03-30 10:00:00,2057.74,2058.29,2048.69,2055.3,4491.8329
2026-03-30 11:00:00,2071.18,2081.0,2057.78,2057.79,11740.6107
2026-03-30 12:00:00,2074.61,2078.8,2068.99,2071.21,6706.1353
2026-03-30 13:00:00,2060.71,2084.62,2057.89,2074.61,11824.6604
2026-03-30 14:00:00,2071.92,2075.95,2044.2,2060.71,12972.1317
2026-03-30 15:00:00,2074.57,2079.81,2061.81,2071.93,9932.7478
2026-03-30 16:00:00,2066.5,2074.84,2059.13,2074.59,6385.8334
2026-03-30 17:00:00,2041.9,2072.22,2032.21,2066.29,11836.5274
2026-03-30 18:00:00,2032.62,2044.09,2028.12,2041.89,7351.4853
2026-03-30 19:00:00,2023.92,2032.63,2013.53,2032.63,10138.9784
2026-03-30 20:00:00,2023.1,2027.96,2021.17,2023.98,4829.6565
2026-03-30 21:00:00,2035.98,2049.14,2021.19,2023.09,8290.467
2026-03-30 22:00:00,2033.15,2044.17,2029.5,2035.98,4474.6865
2026-03-30 23:00:00,2026.57,2033.15,2013.89,2033.15,6872.49
2026-03-31 00:00:00,2036.77,2040.92,2016.44,2026.57,8465.2743
2026-03-31 01:00:00,2073.28,2091.99,2032.4,2036.78,15060.8146
2026-03-31 02:00:00,2073.06,2082.61,2067.12,2073.27,5338.7563
2026-03-31 03:00:00,2066.89,2076.59,2061.87,2073.06,5880.2213
2026-03-31 04:00:00,2060.87,2072.26,2057.01,2066.89,6159.0473
2026-03-31 05:00:00,2064.21,2068.87,2055.12,2060.86,6607.646
2026-03-31 06:00:00,2062.35,2064.81,2055.27,2064.2,3949.4829
2026-03-31 07:00:00,2055.83,2062.88,2042.28,2062.35,7685.1923
2026-03-31 08:00:00,2040.1,2059.0,2036.01,2055.84,6632.0399
2026-03-31 09:00:00,2018.3,2044.22,2012.5,2040.1,9341.2962
2026-03-31 10:00:00,2026.57,2030.15,2017.33,2018.35,5135.2705
2026-03-31 11:00:00,2041.16,2044.28,2023.04,2026.58,10202.1852
2026-03-31 12:00:00,2047.63,2057.9,2035.48,2041.16,7199.9443
2026-03-31 13:00:00,2075.21,2079.88,2047.63,2047.63,10554.9857
2026-03-31 14:00:00,2045.8,2092.11,2037.54,2075.21,15779.696
2026-03-31 15:00:00,2054.83,2078.06,2045.38,2045.99,11221.9843
2026-03-31 16:00:00,2091.75,2108.31,2054.52,2054.82,15712.3691
2026-03-31 17:00:00,2093.35,2123.86,2088.72,2091.75,19025.4809
2026-03-31 18:00:00,2099.83,2114.99,2093.36,2093.36,8130.5642
2026-03-31 19:00:00,2096.56,2103.99,2092.21,2099.83,6840.2032
2026-03-31 20:00:00,2107.77,2110.67,2096.36,2096.55,5145.168
2026-03-31 21:00:00,2102.65,2109.25,2093.54,2107.77,5200.011
2026-03-31 22:00:00,2096.27,2104.41,2088.2,2102.64,5366.5875
2026-03-31 23:00:00,2105.26,2109.28,2093.16,2096.43,7078.0132
2026-04-01 00:00:00,2114.76,2117.41,2096.68,2105.4,6956.043
2026-04-01 01:00:00,2092.9,2115.85,2091.61,2114.78,5555.2203
2026-04-01 02:00:00,2088.41,2096.49,2082.58,2092.9,6087.0619
2026-04-01 03:00:00,2103.01,2106.93,2088.43,2088.43,5316.5711
2026-04-01 04:00:00,2111.23,2116.24,2100.36,2102.98,5956.8307
2026-04-01 05:00:00,2122.89,2136.0,2106.48,2111.23,12730.0378
2026-04-01 06:00:00,2151.21,2156.0,2122.69,2122.9,16090.4798
2026-04-01 07:00:00,2130.83,2157.66,2130.36,2151.22,13312.9174
2026-04-01 08:00:00,2136.97,2143.29,2125.24,2130.83,11919.8552
2026-04-01 09:00:00,2136.43,2140.27,2128.16,2136.96,8879.2477
2026-04-01 10:00:00,2132.62,2137.96,2126.26,2136.43,6398.1278
2026-04-01 11:00:00,2135.42,2139.05,2130.68,2132.62,4656.2438
2026-04-01 12:00:00,2130.72,2148.35,2121.9,2135.38,10049.5243
2026-04-01 13:00:00,2119.19,2135.43,2109.18,2130.74,13085.784
2026-04-01 14:00:00,2126.75,2130.69,2113.89,2119.18,9842.276
2026-04-01 15:00:00,2135.03,2137.69,2122.28,2126.75,9021.347
2026-04-01 16:00:00,2146.05,2152.23,2125.14,2134.94,9020.4861
2026-04-01 17:00:00,2137.19,2167.99,2133.88,2146.05,9655.0874
2026-04-01 18:00:00,2129.27,2137.73,2123.87,2137.19,6773.5859
2026-04-01 19:00:00,2141.5,2145.33,2128.07,2129.27,5970.5943
2026-04-01 20:00:00,2143.95,2147.62,2131.04,2141.51,5835.5994
2026-04-01 21:00:00,2156.8,2165.35,2143.39,2143.95,8178.3742
2026-04-01 22:00:00,2140.28,2158.54,2138.05,2156.79,6988.0796
2026-04-01 23:00:00,2140.44,2146.25,2135.78,2140.29,4604.9108
2026-04-02 00:00:00,2156.18,2159.31,2136.53,2140.43,7263.2986
2026-04-02 01:00:00,2100.1,2156.17,2089.65,2156.17,26221.8182
2026-04-02 02:00:00,2074.03,2100.1,2065.0,2100.1,12486.1117
2026-04-02 03:00:00,2056.14,2076.6,2046.01,2074.1,10253.4345
2026-04-02 04:00:00,2044.88,2058.44,2041.93,2056.14,7161.3441
2026-04-02 05:00:00,2050.35,2051.62,2039.16,2044.89,6551.1491
2026-04-02 06:00:00,2050.19,2053.84,2045.63,2050.35,4604.2062
2026-04-02 07:00:00,2055.97,2056.89,2044.44,2050.18,5637.2089
2026-04-02 08:00:00,2046.29,2055.97,2045.39,2055.97,6695.0269
2026-04-02 09:00:00,2044.05,2048.13,2039.95,2046.29,7332.6834
2026-04-02 10:00:00,2038.68,2044.98,2032.78,2044.06,5460.96735448
2026-04-02 11:00:00,2033.33,2040.23,2024.28,2038.69,7523.7534
2026-04-02 12:00:00,2026.93,2033.34,2024.45,2033.34,7140.504
2026-04-02 13:00:00,2038.95,2040.78,2017.01,2026.9,12637.9152
2026-04-02 14:00:00,2063.82,2071.97,2033.01,2038.95,18320.9671
2026-04-02 15:00:00,2059.56,2067.76,2048.53,2063.82,12017.7367
2026-04-02 16:00:00,2063.37,2075.62,2052.3,2059.56,8657.5063
2026-04-02 17:00:00,2047.04,2071.89,2044.89,2063.34,7874.8799
2026-04-02 18:00:00,2058.49,2062.64,2043.65,2047.04,5960.8092
2026-04-02 19:00:00,2065.21,2066.66,2054.94,2058.49,4763.0992
2026-04-02 20:00:00,2068.29,2074.12,2061.09,2065.23,4835.6036
2026-04-02 21:00:00,2063.13,2070.47,2056.0,2068.29,4180.8589
2026-04-02 22:00:00,2060.02,2064.91,2053.47,2063.13,3704.2219
2026-04-02 23:00:00,2057.22,2061.89,2053.9,2060.03,4194.4204
2026-04-03 00:00:00,2052.86,2059.5,2050.0,2057.23,3083.7379
2026-04-03 01:00:00,2050.39,2062.49,2045.28,2052.86,5504.464
2026-04-03 02:00:00,2052.33,2059.93,2041.25,2050.4,6102.2831
2026-04-03 03:00:00,2054.18,2057.22,2050.17,2052.3,4650.0323
2026-04-03 04:00:00,2054.24,2057.74,2048.93,2054.15,2423.7059
2026-04-03 05:00:00,2057.13,2064.06,2047.51,2054.24,4630.3878
2026-04-03 06:00:00,2063.8,2066.7,2055.01,2057.12,4360.8807
2026-04-03 07:00:00,2065.89,2075.1,2062.04,2063.81,5009.2177
2026-04-03 08:00:00,2060.85,2071.96,2058.68,2065.97,4462.7317
2026-04-03 09:00:00,2060.98,2064.0,2057.06,2060.86,3577.0831
2026-04-03 10:00:00,2059.97,2060.98,2053.44,2060.98,2944.9221
2026-04-03 11:00:00,2062.92,2064.8,2057.87,2059.98,2830.2878
2026-04-03 12:00:00,2050.02,2080.34,2045.34,2062.92,7596.2908
2026-04-03 13:00:00,2048.18,2051.23,2041.66,2050.02,5542.6019
2026-04-03 14:00:00,2054.58,2057.14,2045.35,2048.19,3967.5063
2026-04-03 15:00:00,2051.2,2057.94,2049.47,2054.51,3096.9424
2026-04-03 16:00:00,2055.04,2056.54,2049.79,2051.2,2912.5796
2026-04-03 17:00:00,2050.24,2055.31,2043.8,2055.02,2925.9562
2026-04-03 18:00:00,2049.34,2053.47,2047.83,2050.24,2949.4122
2026-04-03 19:00:00,2052.77,2054.4,2045.7,2049.41,1909.4178
2026-04-03 20:00:00,2052.97,2054.96,2051.86,2052.78,1388.8985
2026-04-03 21:00:00,2058.86,2060.91,2052.74,2052.96,2443.312
2026-04-03 22:00:00,2052.09,2059.94,2049.65,2058.86,2274.7782
2026-04-03 23:00:00,2053.71,2054.15,2049.4,2052.09,1799.4558
2026-04-04 00:00:00,2052.16,2053.94,2051.42,2053.7,1326.3897
2026-04-04 01:00:00,2051.25,2053.93,2049.71,2052.17,1772.0857
2026-04-04 02:00:00,2050.11,2053.35,2048.15,2051.26,1501.8571
2026-04-04 03:00:00,2050.07,2052.2,2049.53,2050.1,1026.7072
