datetime,open,high,low,close,volume
2020-01-01 00:00:00,7189.43,7239.74,7170.15,7221.65,12055.759
2020-01-01 04:00:00,7221.8,7230.0,7193.52,7205.26,5738.351
2020-01-01 08:00:00,7205.26,7234.57,7174.0,7192.65,10036.293
2020-01-01 12:00:00,7192.74,7260.43,7191.79,7229.49,11010.528
2020-01-01 16:00:00,7229.66,7248.0,7210.81,7226.35,7787.862
2020-01-01 20:00:00,7226.56,7242.0,7174.0,7197.57,10172.536
2020-01-02 00:00:00,7197.57,7209.59,7121.0,7127.29,13363.9
2020-01-02 04:00:00,7126.94,7159.3,7101.0,7107.56,15610.361
2020-01-02 08:00:00,7107.53,7175.0,7106.75,7136.24,15351.811
2020-01-02 12:00:00,7136.36,7160.0,7103.0,7126.25,16636.556
2020-01-02 16:00:00,7126.25,7143.29,6922.0,6979.44,43801.316
2020-01-02 20:00:00,6979.45,6982.83,6938.36,6962.04,10531.733
2020-01-03 00:00:00,6962.34,6962.8,6863.44,6947.35,23421.061
2020-01-03 04:00:00,6947.44,7300.0,6945.84,7198.02,52550.895
2020-01-03 08:00:00,7198.02,7368.33,7198.0,7338.11,44019.993
2020-01-03 12:00:00,7338.4,7379.0,7229.0,7316.01,29634.459
2020-01-03 16:00:00,7315.36,7407.28,7276.35,7338.9,37060.384
2020-01-03 20:00:00,7338.91,7359.0,7255.84,7341.72,21806.666
2020-01-04 00:00:00,7341.6,7347.02,7279.0,7329.29,11043.555
2020-01-04 04:00:00,7329.4,7368.47,7310.0,7344.13,13403.937
2020-01-04 08:00:00,7344.11,7366.0,7295.2,7333.07,14214.085
2020-01-04 12:00:00,7333.07,7333.54,7286.16,7315.45,12785.519
2020-01-04 16:00:00,7315.94,7400.0,7269.21,7331.35,30435.423
2020-01-04 20:00:00,7331.87,7362.87,7307.0,7350.71,10703.514
2020-01-05 00:00:00,7350.54,7488.0,7350.54,7475.15,34313.211
2020-01-05 04:00:00,7475.19,7495.0,7440.0,7462.98,14041.039
2020-01-05 08:00:00,7463.42,7470.0,7385.76,7422.48,17007.021
2020-01-05 12:00:00,7422.48,7474.21,7414.13,7463.59,15904.588
2020-01-05 16:00:00,7463.76,7478.0,7420.0,7441.83,14317.588
2020-01-05 20:00:00,7441.9,7441.9,7303.0,7354.36,22182.525
2020-01-06 00:00:00,7354.36,7580.08,7345.0,7538.65,42104.905
2020-01-06 04:00:00,7538.66,7550.45,7491.59,7505.35,15005.412
2020-01-06 08:00:00,7505.36,7576.0,7505.35,7540.0,20884.833
2020-01-06 12:00:00,7539.99,7611.81,7481.74,7515.92,27521.187
2020-01-06 16:00:00,7516.03,7558.75,7507.0,7537.89,13584.214
2020-01-06 20:00:00,7536.72,7808.65,7533.0,7757.39,49049.766
2020-01-07 00:00:00,7757.74,8014.91,7757.0,7898.59,61674.438
2020-01-07 04:00:00,7899.0,7908.95,7826.18,7886.66,21354.686
2020-01-07 08:00:00,7886.95,7969.0,7860.0,7899.86,23334.683
2020-01-07 12:00:00,7898.9,7918.19,7746.0,7769.11,40818.309
2020-01-07 16:00:00,7769.73,8133.0,7733.0,8077.71,72464.068
2020-01-07 20:00:00,8077.71,8215.33,7952.0,8152.49,61162.978
2020-01-08 00:00:00,8150.9,8468.42,8144.02,8302.62,88963.033
2020-01-08 04:00:00,8302.97,8381.87,8280.0,8301.47,24655.45
2020-01-08 08:00:00,8301.5,8379.51,8267.0,8335.28,24056.52
2020-01-08 12:00:00,8335.28,8427.97,8201.1,8306.39,64041.926
2020-01-08 16:00:00,8308.23,8340.86,7964.41,7965.05,74773.652
2020-01-08 20:00:00,7966.97,8129.0,7870.11,8059.84,44734.533
2020-01-09 00:00:00,8059.77,8060.0,7932.0,7957.38,26658.967
2020-01-09 04:00:00,7958.0,7980.73,7898.0,7953.76,22050.001
2020-01-09 08:00:00,7953.99,7960.0,7851.91,7881.53,30415.775
2020-01-09 12:00:00,7881.52,7948.11,7874.23,7909.39,23619.757
2020-01-09 16:00:00,7909.81,7963.0,7776.0,7921.34,39522.49
2020-01-09 20:00:00,7921.6,8006.83,7750.01,7818.59,44996.153
2020-01-10 00:00:00,7817.91,7855.0,7767.22,7818.53,16038.321
2020-01-10 04:00:00,7818.3,7818.3,7718.05,7752.37,22039.693
2020-01-10 08:00:00,7752.31,7854.32,7670.0,7841.02,44376.606
2020-01-10 12:00:00,7841.0,8088.0,7808.32,8066.68,58861.17
2020-01-10 16:00:00,8068.26,8145.41,7912.95,8064.34,75750.194
2020-01-10 20:00:00,8062.68,8210.62,7985.38,8207.09,36717.964
2020-01-11 00:00:00,8207.2,8261.33,8131.93,8165.85,31173.411
2020-01-11 04:00:00,8165.29,8187.0,8048.0,8079.53,26143.671
2020-01-11 08:00:00,8079.17,8135.26,8012.29,8049.81,25190.553
2020-01-11 12:00:00,8049.26,8120.06,8020.0,8101.69,20293.496
2020-01-11 16:00:00,8101.69,8219.38,8070.56,8153.9,25922.665
2020-01-11 20:00:00,8153.37,8292.19,8003.87,8020.56,36017.919
2020-01-12 00:00:00,8020.58,8119.24,7956.28,8092.1,21734.113
2020-01-12 04:00:00,8092.09,8155.0,8072.0,8097.55,12366.872
2020-01-12 08:00:00,8099.33,8166.72,8088.3,8117.73,14683.22
2020-01-12 12:00:00,8117.7,8186.0,8117.2,8154.42,16442.389
2020-01-12 16:00:00,8154.35,8195.0,8070.13,8132.0,29876.527
2020-01-12 20:00:00,8131.99,8189.0,8088.82,8186.7,13526.843
2020-01-13 00:00:00,8186.22,8200.0,8090.0,8108.23,13560.775
2020-01-13 04:00:00,8107.88,8125.91,8053.78,8074.33,11774.927
2020-01-13 08:00:00,8075.0,8135.93,8063.92,8080.0,12296.28
2020-01-13 12:00:00,8080.0,8115.05,8055.0,8085.86,12488.641
2020-01-13 16:00:00,8085.86,8132.0,8072.0,8111.81,10521.23
2020-01-13 20:00:00,8111.82,8165.0,8096.98,8113.0,13939.511
2020-01-14 00:00:00,8112.99,8485.0,8109.02,8469.84,61297.173
2020-01-14 04:00:00,8469.54,8598.27,8467.74,8515.53,33643.582
2020-01-14 08:00:00,8514.95,8567.9,8476.0,8530.24,21271.009
2020-01-14 12:00:00,8530.24,8770.0,8479.54,8686.0,71426.11
2020-01-14 16:00:00,8686.0,8864.99,8520.0,8776.62,76457.768
2020-01-14 20:00:00,8776.61,8893.0,8678.01,8825.0,26682.339
2020-01-15 00:00:00,8825.0,8918.5,8710.0,8730.41,44397.38
2020-01-15 04:00:00,8730.08,8745.0,8570.52,8631.59,38345.254
2020-01-15 08:00:00,8631.38,8811.0,8610.68,8738.06,32050.674
2020-01-15 12:00:00,8738.06,8921.2,8727.0,8768.17,59640.925
2020-01-15 16:00:00,8768.17,8824.93,8680.42,8766.5,35564.801
2020-01-15 20:00:00,8766.5,8884.98,8742.78,8825.3,27634.803
2020-01-16 00:00:00,8825.35,8868.21,8596.25,8646.44,41714.282
2020-01-16 04:00:00,8647.08,8734.88,8625.0,8688.64,21192.1
2020-01-16 08:00:00,8688.65,8731.0,8607.05,8730.35,28626.121
2020-01-16 12:00:00,8730.74,8793.77,8650.01,8715.83,34800.796
2020-01-16 16:00:00,8715.84,8728.75,8634.0,8709.6,24219.169
2020-01-16 20:00:00,8709.61,8764.95,8675.24,8725.08,17406.495
2020-01-17 00:00:00,8724.99,8843.49,8680.0,8788.71,27739.164
2020-01-17 04:00:00,8789.0,9020.0,8765.0,8944.5,47903.058
2020-01-17 08:00:00,8943.99,9039.0,8900.0,8914.51,41762.26
2020-01-17 12:00:00,8914.51,8929.7,8785.0,8857.11,35642.585
2020-01-17 16:00:00,8857.65,8959.22,8816.14,8883.8,34304.75
2020-01-17 20:00:00,8885.08,8968.0,8869.68,8918.72,18365.869
2020-01-18 00:00:00,8918.73,8995.0,8858.38,8931.1,20006.976
2020-01-18 04:00:00,8931.1,8931.11,8816.0,8852.8,21444.199
2020-01-18 08:00:00,8854.79,8922.12,8832.0,8885.99,16681.991
2020-01-18 12:00:00,8885.99,8968.0,8877.99,8910.0,22356.074
2020-01-18 16:00:00,8909.29,8940.0,8855.0,8914.13,19590.082
2020-01-18 20:00:00,8914.24,8968.0,8901.0,8925.0,14629.36
2020-01-19 00:00:00,8925.0,9205.3,8898.88,9165.18,50012.427
2020-01-19 04:00:00,9165.18,9173.17,9047.95,9092.21,20816.62
2020-01-19 08:00:00,9091.84,9135.0,8505.0,8704.84,62222.072
2020-01-19 12:00:00,8703.44,8704.82,8572.32,8639.0,34876.842
2020-01-19 16:00:00,8639.0,8685.34,8618.17,8655.01,16436.909
2020-01-19 20:00:00,8655.14,8760.93,8440.91,8705.85,40949.655
2020-01-20 00:00:00,8705.98,8740.0,8628.06,8671.56,22630.258
2020-01-20 04:00:00,8671.56,8699.55,8636.22,8668.0,13357.88
2020-01-20 08:00:00,8667.98,8686.0,8601.0,8622.74,16120.579
2020-01-20 12:00:00,8622.74,8686.0,8526.06,8680.17,36778.484
2020-01-20 16:00:00,8680.9,8710.65,8645.0,8678.35,14686.563
2020-01-20 20:00:00,8678.63,8750.37,8612.51,8650.0,21587.911
2020-01-21 00:00:00,8650.0,8688.0,8621.27,8679.0,12266.947
2020-01-21 04:00:00,8679.0,8700.0,8630.0,8639.96,9824.081
2020-01-21 08:00:00,8639.96,8684.0,8608.71,8662.99,14927.637
2020-01-21 12:00:00,8662.99,8682.7,8640.0,8650.78,7869.409
2020-01-21 16:00:00,8650.5,8669.0,8448.6,8536.51,22594.075
2020-01-21 20:00:00,8536.11,8790.1,8534.0,8742.43,40095.004
2020-01-22 00:00:00,8742.78,8764.0,8709.0,8722.71,9723.972
2020-01-22 04:00:00,8722.36,8820.0,8710.0,8745.0,17612.327
2020-01-22 08:00:00,8744.76,8749.0,8616.09,8661.33,25212.596
2020-01-22 12:00:00,8660.5,8679.98,8639.4,8657.38,12502.905
2020-01-22 16:00:00,8657.39,8720.59,8585.85,8671.66,22784.592
2020-01-22 20:00:00,8671.66,8688.85,8648.56,8684.57,6469.104
2020-01-23 00:00:00,8684.47,8694.0,8570.0,8600.13,17583.658
2020-01-23 04:00:00,8599.63,8614.41,8504.0,8584.0,24223.245
2020-01-23 08:00:00,8582.93,8625.0,8404.68,8433.81,39265.511
2020-01-23 12:00:00,8433.8,8508.0,8334.72,8366.84,41224.32
2020-01-23 16:00:00,8366.49,8390.0,8326.0,8379.34,22309.462
2020-01-23 20:00:00,8379.15,8452.27,8354.0,8409.6,18800.868
2020-01-24 00:00:00,8410.0,8424.97,8283.4,8330.0,18221.633
2020-01-24 04:00:00,8330.0,8361.96,8305.61,8345.04,14229.462
2020-01-24 08:00:00,8345.68,8422.59,8247.0,8416.56,35146.854
2020-01-24 12:00:00,8416.63,8520.0,8371.2,8509.21,36613.879
2020-01-24 16:00:00,8509.21,8528.0,8450.0,8504.0,19977.049
2020-01-24 20:00:00,8504.0,8522.0,8418.0,8441.96,20596.514
2020-01-25 00:00:00,8442.82,8455.0,8272.0,8299.65,27137.236
2020-01-25 04:00:00,8299.6,8358.44,8284.03,8319.17,14229.806
2020-01-25 08:00:00,8319.68,8390.0,8310.0,8319.01,14583.72
2020-01-25 12:00:00,8318.79,8362.0,8290.9,8336.43,13127.438
2020-01-25 16:00:00,8336.4,8378.79,8326.0,8365.45,10572.343
2020-01-25 20:00:00,8365.46,8425.0,8336.69,8344.64,17311.171
2020-01-26 00:00:00,8344.37,8384.59,8300.0,8371.48,13116.669
2020-01-26 04:00:00,8371.48,8399.0,8341.33,8386.37,11998.578
2020-01-26 08:00:00,8386.39,8488.0,8386.39,8481.78,28736.161
2020-01-26 12:00:00,8482.47,8493.14,8442.0,8460.73,14706.667
2020-01-26 16:00:00,8460.84,8624.45,8454.0,8565.04,33961.528
2020-01-26 20:00:00,8565.33,8615.0,8549.0,8611.21,15379.313
2020-01-27 00:00:00,8611.21,8700.0,8611.0,8667.09,25273.139
2020-01-27 04:00:00,8667.24,8684.0,8628.09,8656.0,12534.83
2020-01-27 08:00:00,8656.09,8764.0,8565.0,8737.66,30597.066
2020-01-27 12:00:00,8737.24,8794.13,8707.0,8780.28,33115.622
2020-01-27 16:00:00,8780.31,8989.37,8752.0,8934.04,42868.72
2020-01-27 20:00:00,8934.04,9015.48,8895.32,8913.61,27845.951
2020-01-28 00:00:00,8913.61,9176.68,8913.61,9124.53,37879.034
2020-01-28 04:00:00,9124.53,9149.09,8977.61,9048.07,31629.151
2020-01-28 08:00:00,9048.02,9125.42,8952.41,9089.93,35007.12
2020-01-28 12:00:00,9089.4,9207.81,8969.35,9029.22,54672.961
2020-01-28 16:00:00,9030.0,9052.27,8905.0,9019.86,31848.151
2020-01-28 20:00:00,9018.42,9436.06,9017.46,9398.98,53431.129
2020-01-29 00:00:00,9399.72,9450.0,9291.5,9359.54,38727.982
2020-01-29 04:00:00,9359.79,9403.99,9325.0,9372.51,18192.231
2020-01-29 08:00:00,9372.51,9449.0,9242.0,9313.47,44291.259
2020-01-29 12:00:00,9312.42,9372.43,9263.27,9292.98,23527.193
2020-01-29 16:00:00,9292.99,9422.16,9268.14,9399.96,22552.877
2020-01-29 20:00:00,9400.0,9460.52,9295.62,9311.0,22169.101
2020-01-30 00:00:00,9311.23,9343.0,9210.42,9287.44,19642.228
2020-01-30 04:00:00,9288.05,9406.0,9284.7,9397.99,17019.575
2020-01-30 08:00:00,9397.97,9415.2,9322.12,9350.2,20063.125
2020-01-30 12:00:00,9350.2,9425.72,9301.35,9392.51,26739.45
2020-01-30 16:00:00,9392.41,9545.08,9223.0,9515.38,77251.526
2020-01-30 20:00:00,9515.02,9599.0,9481.58,9525.67,29421.632
2020-01-31 00:00:00,9525.67,9550.72,9410.19,9455.17,23313.484
2020-01-31 04:00:00,9455.17,9459.67,9328.22,9380.71,27263.373
2020-01-31 08:00:00,9380.64,9422.04,9285.0,9338.56,24295.785
2020-01-31 12:00:00,9337.85,9347.25,9220.0,9347.25,31284.558
2020-01-31 16:00:00,9347.45,9377.78,9264.65,9316.86,19545.659
2020-01-31 20:00:00,9316.76,9438.0,9316.76,9364.51,20941.167
2020-02-01 00:00:00,9364.5,9477.76,9357.42,9441.56,23011.81
2020-02-01 04:00:00,9441.6,9469.0,9391.49,9434.58,15600.686
2020-02-01 08:00:00,9434.58,9438.07,9335.0,9364.88,20599.142
2020-02-01 12:00:00,9364.88,9384.65,9306.0,9340.78,21769.679
2020-02-01 16:00:00,9341.58,9430.0,9334.67,9374.46,17648.605
2020-02-01 20:00:00,9375.0,9421.4,9354.52,9392.74,10410.363
2020-02-02 00:00:00,9392.99,9394.01,9252.66,9274.37,21351.407
2020-02-02 04:00:00,9273.84,9395.99,9160.01,9379.19,35101.456
2020-02-02 08:00:00,9379.4,9459.99,9355.5,9442.87,25111.709
2020-02-02 12:00:00,9442.86,9489.92,9378.2,9457.85,29863.487
2020-02-02 16:00:00,9457.83,9472.77,9412.03,9450.0,15398.176
2020-02-02 20:00:00,9450.0,9466.0,9325.0,9338.2,21576.742
2020-02-03 00:00:00,9340.49,9647.61,9290.0,9396.06,58033.339
2020-02-03 04:00:00,9396.68,9432.61,9353.49,9372.99,14202.143
2020-02-03 08:00:00,9373.0,9407.0,9304.0,9356.72,22412.888
2020-02-03 12:00:00,9356.67,9378.82,9280.0,9283.16,23634.751
2020-02-03 16:00:00,9283.93,9348.0,9250.0,9331.11,26661.879
2020-02-03 20:00:00,9332.16,9360.0,9263.0,9300.64,14104.385
2020-02-04 00:00:00,9300.63,9368.0,9271.18,9294.0,19480.613
2020-02-04 04:00:00,9293.8,9327.82,9226.4,9284.0,22696.39
2020-02-04 08:00:00,9284.0,9305.0,9114.0,9193.76,44150.832
2020-02-04 12:00:00,9193.75,9237.0,9105.0,9208.55,36285.334
2020-02-04 16:00:00,9208.56,9242.93,9175.0,9187.0,14847.43
2020-02-04 20:00:00,9186.73,9222.65,9153.0,9198.35,10383.303
2020-02-05 00:00:00,9198.32,9250.9,9179.88,9242.0,15480.022
2020-02-05 04:00:00,9241.61,9307.78,9220.02,9277.0,19859.413
2020-02-05 08:00:00,9276.05,9430.0,9237.4,9423.0,37238.917
2020-02-05 12:00:00,9422.99,9515.0,9422.99,9500.27,44987.317
2020-02-05 16:00:00,9500.28,9799.08,9484.86,9681.32,66788.787
2020-02-05 20:00:00,9681.36,9738.0,9600.96,9630.0,27957.241
2020-02-06 00:00:00,9630.0,9660.85,9550.0,9644.07,30325.91
2020-02-06 04:00:00,9644.1,9705.0,9617.07,9641.0,22816.091
2020-02-06 08:00:00,9641.01,9715.04,9612.3,9708.4,22293.959
2020-02-06 12:00:00,9707.41,9884.0,9651.0,9800.13,75507.086
2020-02-06 16:00:00,9800.13,9849.0,9723.5,9755.26,27720.57
2020-02-06 20:00:00,9754.11,9810.3,9662.0,9778.12,21892.751
2020-02-07 00:00:00,9777.97,9867.3,9762.0,9788.14,25525.682
2020-02-07 04:00:00,9788.15,9829.0,9743.21,9804.63,18909.754
2020-02-07 08:00:00,9804.5,9900.0,9772.08,9819.12,27831.794
2020-02-07 12:00:00,9818.8,9855.35,9743.34,9809.9,28806.611
2020-02-07 16:00:00,9810.47,9847.16,9773.0,9783.7,14585.211
2020-02-07 20:00:00,9783.74,9840.0,9736.66,9821.52,14081.715
2020-02-08 00:00:00,9821.52,9837.31,9680.55,9726.32,19826.611
2020-02-08 04:00:00,9726.99,9810.39,9711.57,9780.0,15648.63
2020-02-08 08:00:00,9779.01,9870.57,9779.01,9825.61,24393.053
2020-02-08 12:00:00,9825.61,9890.0,9765.0,9838.48,28622.988
2020-02-08 16:00:00,9837.97,9898.57,9822.24,9870.38,20355.99
2020-02-08 20:00:00,9870.59,9956.0,9838.06,9906.43,20419.997
2020-02-09 00:00:00,9906.09,10062.0,9892.15,10058.79,29706.042
2020-02-09 04:00:00,10059.78,10184.34,10058.5,10136.71,30012.907
2020-02-09 08:00:00,10136.72,10162.0,10070.0,10130.5,25358.31
2020-02-09 12:00:00,10130.49,10161.5,10026.0,10107.0,26655.168
2020-02-09 16:00:00,10107.0,10138.43,10071.01,10091.82,15690.33
2020-02-09 20:00:00,10092.24,10182.59,10070.0,10167.38,15984.256
2020-02-10 00:00:00,10167.37,10213.56,10080.0,10107.01,29463.163
2020-02-10 04:00:00,10106.31,10125.0,9750.0,9985.67,54582.417
2020-02-10 08:00:00,9985.69,9997.0,9771.31,9827.36,41869.003
2020-02-10 12:00:00,9826.75,9931.89,9782.1,9872.9,25417.98
2020-02-10 16:00:00,9872.1,9902.34,9808.35,9841.15,19719.008
2020-02-10 20:00:00,9841.58,9908.0,9825.88,9865.56,13191.166
2020-02-11 00:00:00,9865.56,9874.77,9733.0,9749.24,29333.418
2020-02-11 04:00:00,9749.25,9796.04,9729.36,9749.61,16482.482
2020-02-11 08:00:00,9749.61,9823.0,9742.22,9812.27,17343.489
2020-02-11 12:00:00,9810.58,10240.0,9799.88,10204.39,58016.492
2020-02-11 16:00:00,10204.89,10409.96,10204.38,10287.46,52346.922
2020-02-11 20:00:00,10287.45,10300.0,10201.75,10229.06,16597.012
2020-02-12 00:00:00,10230.74,10340.04,10229.71,10279.36,25458.441
2020-02-12 04:00:00,10279.36,10479.98,10269.93,10372.19,33349.789
2020-02-12 08:00:00,10371.76,10387.66,10235.52,10363.0,32234.992
2020-02-12 12:00:00,10361.77,10437.0,10259.64,10328.93,32675.47
2020-02-12 16:00:00,10328.97,10390.0,10311.91,10327.48,15792.888
2020-02-12 20:00:00,10328.07,10432.0,10317.26,10339.99,20162.678
2020-02-13 00:00:00,10339.64,10456.91,10327.18,10395.56,19215.291
2020-02-13 04:00:00,10395.29,10512.55,10333.86,10347.67,28750.56
2020-02-13 08:00:00,10347.64,10380.0,10101.0,10165.03,58421.368
2020-02-13 12:00:00,10165.04,10540.0,10121.06,10264.46,67476.633
2020-02-13 16:00:00,10264.86,10300.36,10155.0,10263.91,27246.332
2020-02-13 20:00:00,10263.0,10275.0,10200.0,10239.63,11942.533
2020-02-14 00:00:00,10240.02,10299.0,10192.55,10266.95,18047.068
2020-02-14 04:00:00,10266.98,10298.0,10123.37,10135.93,20337.859
2020-02-14 08:00:00,10135.93,10310.0,10125.01,10279.9,29725.716
2020-02-14 12:00:00,10280.15,10370.09,10233.0,10260.79,26966.085
2020-02-14 16:00:00,10260.79,10388.99,10255.0,10352.09,22794.93
2020-02-14 20:00:00,10352.09,10390.0,10293.0,10356.82,13104.088
2020-02-15 00:00:00,10356.27,10389.75,10233.2,10289.57,19771.336
2020-02-15 04:00:00,10290.85,10294.9,10203.98,10236.13,16485.223
2020-02-15 08:00:00,10236.14,10288.14,10230.0,10247.03,12092.252
2020-02-15 12:00:00,10247.02,10271.0,9752.3,9982.18,39694.31
2020-02-15 16:00:00,9983.03,10100.0,9821.11,9905.12,55251.78
2020-02-15 20:00:00,9904.9,9947.09,9884.0,9914.99,8851.226
2020-02-16 00:00:00,9914.31,10060.45,9865.0,10010.91,18105.584
2020-02-16 04:00:00,10010.91,10042.06,9942.0,9969.22,13486.982
2020-02-16 08:00:00,9969.28,10030.02,9910.0,9934.08,15042.246
2020-02-16 12:00:00,9933.24,9987.0,9832.99,9870.79,26462.554
2020-02-16 16:00:00,9871.2,9921.62,9626.64,9755.57,46017.722
2020-02-16 20:00:00,9755.57,10004.38,9737.62,9921.86,22432.868
2020-02-17 00:00:00,9921.87,9971.0,9777.0,9821.0,22597.979
2020-02-17 04:00:00,9821.0,9841.0,9720.23,9762.62,24458.666
2020-02-17 08:00:00,9762.62,9844.75,9585.0,9634.54,39047.906
2020-02-17 12:00:00,9634.59,9685.0,9461.89,9638.71,54052.685
2020-02-17 16:00:00,9638.71,9730.0,9590.0,9674.93,28798.976
2020-02-17 20:00:00,9674.64,9738.15,9614.79,9716.0,16381.967
2020-02-18 00:00:00,9716.0,9765.56,9635.74,9730.47,14970.037
2020-02-18 04:00:00,9730.55,9821.0,9729.44,9797.79,15740.452
2020-02-18 08:00:00,9797.78,9802.59,9645.23,9712.56,23649.32
2020-02-18 12:00:00,9711.84,9876.4,9598.0,9837.99,33558.67
2020-02-18 16:00:00,9837.96,10060.0,9830.0,10053.0,36929.486
2020-02-18 20:00:00,10053.5,10270.0,10037.76,10174.32,41271.404
2020-02-19 00:00:00,10174.53,10198.88,10090.0,10158.92,17275.134
2020-02-19 04:00:00,10159.77,10175.0,10037.26,10067.74,17499.6
2020-02-19 08:00:00,10068.19,10228.22,10026.08,10213.01,20955.392
2020-02-19 12:00:00,10213.01,10258.5,10050.0,10123.83,16831.685
2020-02-19 16:00:00,10124.56,10286.0,10100.0,10150.61,25352.968
2020-02-19 20:00:00,10150.61,10160.23,9293.07,9593.65,89581.148
2020-02-20 00:00:00,9593.31,9654.64,9500.0,9574.11,22782.7
2020-02-20 04:00:00,9574.1,9628.67,9538.0,9607.38,13462.14
2020-02-20 08:00:00,9607.94,9642.0,9545.0,9572.96,19659.301
2020-02-20 12:00:00,9572.96,9625.29,9523.86,9577.22,21187.677
2020-02-20 16:00:00,9577.4,9700.0,9382.59,9557.06,51090.006
2020-02-20 20:00:00,9557.47,9665.88,9540.92,9601.99,14923.763
2020-02-21 00:00:00,9601.51,9720.0,9572.06,9709.82,15340.588
2020-02-21 04:00:00,9709.86,9740.0,9651.0,9676.63,15560.33
2020-02-21 08:00:00,9676.66,9724.6,9616.76,9700.19,14682.152
2020-02-21 12:00:00,9700.16,9759.59,9662.86,9726.0,18263.908
2020-02-21 16:00:00,9726.97,9745.0,9668.71,9687.58,12730.84
2020-02-21 20:00:00,9687.59,9730.0,9547.0,9681.39,22376.47
2020-02-22 00:00:00,9681.39,9710.7,9640.0,9670.56,9214.684
2020-02-22 04:00:00,9670.56,9672.0,9565.0,9598.2,12777.56
2020-02-22 08:00:00,9596.01,9666.66,9596.01,9640.87,9579.155
2020-02-22 12:00:00,9640.87,9675.05,9616.02,9637.72,10261.766
2020-02-22 16:00:00,9637.5,9690.0,9613.77,9675.44,10278.805
2020-02-22 20:00:00,9675.01,9708.47,9655.0,9659.2,6307.577
2020-02-23 00:00:00,9658.95,9805.0,9657.0,9793.8,9537.043
2020-02-23 04:00:00,9793.8,9950.0,9793.8,9889.57,26218.655
2020-02-23 08:00:00,9889.57,10018.9,9823.5,9842.16,22962.919
2020-02-23 12:00:00,9842.1,9918.32,9815.25,9873.95,15790.056
2020-02-23 16:00:00,9873.24,9905.0,9860.0,9882.01,6889.505
2020-02-23 20:00:00,9882.03,9980.29,9852.0,9943.12,15736.18
2020-02-24 00:00:00,9943.12,10000.0,9560.0,9759.23,40657.769
2020-02-24 04:00:00,9759.24,9767.99,9668.0,9756.87,18001.178
2020-02-24 08:00:00,9756.86,9827.92,9702.0,9816.2,17425.087
2020-02-24 12:00:00,9816.21,9848.2,9676.24,9709.79,27554.446
2020-02-24 16:00:00,9710.32,9740.0,9487.38,9608.4,38442.595
2020-02-24 20:00:00,9608.88,9680.0,9574.01,9662.95,15884.596
2020-02-25 00:00:00,9662.88,9680.0,9574.12,9588.77,12362.127
2020-02-25 04:00:00,9588.32,9614.48,9497.5,9530.57,18559.237
2020-02-25 08:00:00,9530.56,9658.0,9501.02,9632.0,23240.035
2020-02-25 12:00:00,9634.29,9686.78,9357.6,9404.39,46673.935
2020-02-25 16:00:00,9404.93,9466.48,9285.66,9368.3,37191.922
2020-02-25 20:00:00,9368.59,9434.65,9247.0,9326.0,30614.469
2020-02-26 00:00:00,9326.0,9384.0,9117.71,9178.92,38363.262
2020-02-26 04:00:00,9178.92,9230.72,9130.0,9157.61,21741.146
2020-02-26 08:00:00,9158.52,9241.73,9116.0,9170.01,28263.287
2020-02-26 12:00:00,9170.0,9300.0,8981.06,9004.24,76667.011
2020-02-26 16:00:00,9004.08,9040.0,8610.0,8838.29,79977.143
2020-02-26 20:00:00,8838.3,8869.0,8720.0,8792.22,21993.323
2020-02-27 00:00:00,8793.96,8798.09,8533.9,8745.5,49497.137
2020-02-27 04:00:00,8745.49,8836.56,8675.98,8819.07,22738.52
2020-02-27 08:00:00,8817.71,8862.0,8742.2,8808.0,24312.386
2020-02-27 12:00:00,8808.0,8947.0,8750.56,8851.14,42817.894
2020-02-27 16:00:00,8851.14,8978.0,8847.37,8919.41,29348.734
2020-02-27 20:00:00,8920.0,8921.0,8684.46,8828.0,31923.817
2020-02-28 00:00:00,8827.12,8908.86,8790.0,8842.11,18490.201
2020-02-28 04:00:00,8842.11,8869.15,8702.0,8736.05,17951.732
2020-02-28 08:00:00,8736.33,8787.0,8550.0,8593.54,43974.208
2020-02-28 12:00:00,8593.43,8730.0,8450.0,8720.0,61733.864
2020-02-28 16:00:00,8720.01,8741.93,8500.0,8586.19,27936.447
2020-02-28 20:00:00,8586.17,8809.05,8576.13,8699.57,25979.658
2020-02-29 00:00:00,8699.86,8777.77,8670.0,8727.75,15197.697
2020-02-29 04:00:00,8725.24,8799.83,8711.0,8756.41,15338.668
2020-02-29 08:00:00,8756.5,8775.0,8613.0,8708.56,19911.086
2020-02-29 12:00:00,8706.83,8708.65,8580.0,8657.77,23410.208
2020-02-29 16:00:00,8657.77,8685.0,8602.96,8680.0,14276.416
2020-02-29 20:00:00,8679.89,8679.89,8530.0,8531.98,15390.61
2020-03-01 00:00:00,8532.5,8679.0,8520.06,8627.76,24400.094
2020-03-01 04:00:00,8627.64,8641.45,8525.0,8547.86,18840.962
2020-03-01 08:00:00,8548.4,8659.0,8530.0,8654.99,21450.808
2020-03-01 12:00:00,8654.36,8762.24,8544.7,8565.69,43304.204
2020-03-01 16:00:00,8565.82,8587.72,8409.0,8548.53,44955.186
2020-03-01 20:00:00,8548.53,8600.0,8475.72,8537.84,21381.662
2020-03-02 00:00:00,8537.84,8661.06,8504.95,8608.87,21085.732
2020-03-02 04:00:00,8608.87,8704.35,8600.32,8627.42,20955.806
2020-03-02 08:00:00,8627.41,8779.88,8622.73,8760.7,29251.336
2020-03-02 12:00:00,8760.7,8900.0,8722.0,8828.53,42721.82
2020-03-02 16:00:00,8829.52,8925.32,8823.89,8885.64,25483.53
2020-03-02 20:00:00,8885.64,8972.0,8854.54,8919.7,20796.26
2020-03-03 00:00:00,8919.7,8922.34,8805.5,8870.58,19392.312
2020-03-03 04:00:00,8870.98,8871.36,8752.29,8759.12,20205.61
2020-03-03 08:00:00,8759.13,8871.47,8737.07,8863.22,24796.037
2020-03-03 12:00:00,8863.27,8907.0,8660.0,8756.25,60115.814
2020-03-03 16:00:00,8754.76,8787.4,8657.41,8717.92,24240.415
2020-03-03 20:00:00,8717.92,8799.0,8690.93,8765.0,11373.417
2020-03-04 00:00:00,8765.0,8842.0,8731.08,8793.01,16946.188
2020-03-04 04:00:00,8792.81,8853.88,8778.69,8819.18,14116.408
2020-03-04 08:00:00,8819.19,8834.61,8703.72,8723.9,21326.3
2020-03-04 12:00:00,8723.9,8787.23,8669.23,8707.91,27657.878
2020-03-04 16:00:00,8708.24,8753.0,8676.0,8746.15,16306.251
2020-03-04 20:00:00,8746.14,8767.85,8692.89,8756.93,9109.095
2020-03-05 00:00:00,8755.98,8949.34,8755.98,8878.52,36488.939
2020-03-05 04:00:00,8878.53,8950.0,8870.0,8902.0,19375.256
2020-03-05 08:00:00,8902.92,9130.0,8896.32,9106.49,36938.665
2020-03-05 12:00:00,9105.73,9147.05,9027.0,9093.74,26993.7
2020-03-05 16:00:00,9093.74,9163.56,9071.1,9161.33,20148.131
2020-03-05 20:00:00,9161.33,9172.3,9039.0,9062.81,21895.932
2020-03-06 00:00:00,9062.62,9088.0,8994.14,9042.36,19879.905
2020-03-06 04:00:00,9042.03,9145.6,9020.0,9107.48,21196.241
2020-03-06 08:00:00,9107.83,9179.75,9077.7,9138.65,21517.504
2020-03-06 12:00:00,9138.64,9138.64,9016.53,9016.99,26207.399
2020-03-06 16:00:00,9017.0,9111.49,9016.0,9094.0,13261.897
2020-03-06 20:00:00,9094.0,9147.4,9070.0,9139.48,12948.637
2020-03-07 00:00:00,9139.77,9153.57,9082.0,9098.55,12802.019
2020-03-07 04:00:00,9098.56,9116.29,9056.1,9092.24,12084.641
2020-03-07 08:00:00,9093.17,9125.0,9079.0,9097.96,12292.254
2020-03-07 12:00:00,9097.95,9144.97,9080.0,9121.03,15379.052
2020-03-07 16:00:00,9121.01,9204.0,8850.0,8896.9,61089.453
2020-03-07 20:00:00,8897.31,8932.31,8865.0,8897.18,12157.58
2020-03-08 00:00:00,8895.62,8897.71,8707.28,8756.73,27011.488
2020-03-08 04:00:00,8756.0,8763.64,8710.0,8749.93,11987.923
2020-03-08 08:00:00,8749.93,8760.0,8672.0,8749.99,15389.899
2020-03-08 12:00:00,8749.37,8756.36,8299.06,8400.0,68685.894
2020-03-08 16:00:00,8399.99,8401.49,8115.94,8287.88,70906.433
2020-03-08 20:00:00,8286.74,8305.79,7997.7,8038.46,43425.391
2020-03-09 00:00:00,8038.99,8182.31,7984.0,8069.87,41665.942
2020-03-09 04:00:00,8070.0,8070.86,7672.85,7901.86,87745.298
2020-03-09 08:00:00,7902.52,7996.28,7762.06,7813.34,36312.806
2020-03-09 12:00:00,7813.34,7929.0,7635.21,7771.29,89590.719
2020-03-09 16:00:00,7771.9,7891.71,7695.42,7847.42,52545.181
2020-03-09 20:00:00,7847.45,7943.91,7800.0,7932.15,26539.161
2020-03-10 00:00:00,7932.45,7975.0,7842.72,7912.36,23599.519
2020-03-10 04:00:00,7912.35,7956.68,7869.75,7904.37,21118.465
2020-03-10 08:00:00,7903.67,8115.0,7878.6,8068.62,46113.632
2020-03-10 12:00:00,8068.62,8156.31,7744.71,7774.16,76874.729
2020-03-10 16:00:00,7773.39,7988.0,7733.0,7984.0,44919.708
2020-03-10 20:00:00,7984.68,8041.41,7872.3,7897.66,44442.649
2020-03-11 00:00:00,7898.21,7967.99,7870.0,7926.12,18245.512
2020-03-11 04:00:00,7926.33,7948.22,7817.25,7865.69,21310.655
2020-03-11 08:00:00,7865.7,7930.0,7758.18,7830.0,38311.575
2020-03-11 12:00:00,7830.0,7902.37,7740.0,7785.52,35026.557
2020-03-11 16:00:00,7786.96,7850.01,7593.29,7834.38,70261.586
2020-03-11 20:00:00,7834.37,7988.0,7802.62,7938.39,37381.496
2020-03-12 00:00:00,7938.39,7969.0,7575.0,7667.32,60939.755
2020-03-12 04:00:00,7666.26,7666.26,7340.0,7397.9,76548.879
2020-03-12 08:00:00,7397.35,7470.0,5199.17,6038.38,243525.618
2020-03-12 12:00:00,6046.39,6299.0,5711.1,6122.46,126238.96
2020-03-12 16:00:00,6122.46,6227.75,5938.2,6034.68,64348.29
2020-03-12 20:00:00,6033.25,6060.0,4347.0,4764.65,213145.518
2020-03-13 00:00:00,4762.28,5529.97,3621.81,5154.99,260906.774
2020-03-13 04:00:00,5153.62,5427.39,4520.62,5373.87,141467.149
2020-03-13 08:00:00,5374.15,5700.19,5111.0,5401.0,121989.731
2020-03-13 12:00:00,5401.0,5971.0,4888.0,5207.9,193542.155
2020-03-13 16:00:00,5205.49,5538.15,4739.22,5398.09,139767.696
2020-03-13 20:00:00,5398.09,5689.76,5221.11,5570.26,77815.737
2020-03-14 00:00:00,5569.84,5638.42,5307.44,5566.88,60369.015
2020-03-14 04:00:00,5565.97,5568.27,5385.0,5498.99,39100.898
2020-03-14 08:00:00,5498.99,5500.0,5161.03,5438.63,61392.353
2020-03-14 12:00:00,5438.32,5447.82,5264.02,5306.02,47337.799
2020-03-14 16:00:00,5307.9,5489.39,5245.47,5384.88,43304.112
2020-03-14 20:00:00,5384.53,5419.33,5040.0,5167.01,64738.409
2020-03-15 00:00:00,5167.21,5265.16,5089.12,5173.05,39087.599
2020-03-15 04:00:00,5173.46,5326.74,5173.15,5267.08,28360.755
2020-03-15 08:00:00,5267.31,5490.84,5207.06,5425.28,42276.061
2020-03-15 12:00:00,5425.54,5596.6,5240.0,5318.97,56998.073
2020-03-15 16:00:00,5319.96,5408.98,5252.86,5305.31,45105.71
2020-03-15 20:00:00,5306.42,5954.47,5169.6,5357.32,144483.567
2020-03-16 00:00:00,5354.81,5361.26,5175.0,5267.56,54003.526
2020-03-16 04:00:00,5267.03,5294.39,4757.44,4783.83,89254.74
2020-03-16 08:00:00,4783.05,4940.0,4413.62,4553.39,125745.254
2020-03-16 12:00:00,4552.99,5176.65,4481.0,5143.88,197540.313
2020-03-16 16:00:00,5137.68,5200.0,4820.08,4937.61,91379.608
2020-03-16 20:00:00,4934.52,5056.2,4815.0,5026.26,63632.351
2020-03-17 00:00:00,5027.11,5416.08,4913.49,5313.46,81346.194
2020-03-17 04:00:00,5312.39,5414.9,5205.0,5341.38,52373.317
2020-03-17 08:00:00,5342.31,5440.0,5166.66,5262.07,66704.697
2020-03-17 12:00:00,5262.13,5380.0,5054.62,5359.88,100942.65
2020-03-17 16:00:00,5359.79,5485.0,5281.0,5371.35,79090.412
2020-03-17 20:00:00,5371.98,5529.98,5300.0,5307.38,49450.828
2020-03-18 00:00:00,5306.42,5417.89,5261.65,5388.99,37707.918
2020-03-18 04:00:00,5388.99,5435.0,5091.5,5144.79,56259.853
2020-03-18 08:00:00,5144.26,5249.18,4982.75,5136.25,68105.147
2020-03-18 12:00:00,5135.13,5390.0,4990.0,5328.5,109703.211
2020-03-18 16:00:00,5327.27,5345.0,5133.0,5322.62,80521.629
2020-03-18 20:00:00,5323.45,5416.0,5250.01,5389.64,49707.945
2020-03-19 00:00:00,5389.94,5448.07,5246.5,5282.3,44913.28
2020-03-19 04:00:00,5282.45,5430.75,5273.68,5407.17,36826.897
2020-03-19 08:00:00,5406.98,5660.0,5365.0,5616.23,72661.532
2020-03-19 12:00:00,5617.68,5925.0,5597.87,5887.53,121741.964
2020-03-19 16:00:00,5887.66,6358.0,5780.0,6207.57,163564.399
2020-03-19 20:00:00,6206.97,6400.0,6120.66,6159.6,59683.118
2020-03-20 00:00:00,6159.41,6261.0,6055.0,6151.77,42780.279
2020-03-20 04:00:00,6152.25,6347.48,6110.41,6311.98,45058.944
2020-03-20 08:00:00,6311.98,6911.0,6300.0,6656.7,153287.503
2020-03-20 12:00:00,6656.63,6710.12,6421.1,6612.55,92385.392
2020-03-20 16:00:00,6611.57,6662.68,6157.26,6185.77,92552.718
2020-03-20 20:00:00,6185.77,6371.91,5650.0,6203.77,145833.18
2020-03-21 00:00:00,6204.47,6376.19,6060.31,6262.9,63785.06
2020-03-21 04:00:00,6265.92,6320.0,6035.01,6147.58,53480.204
2020-03-21 08:00:00,6147.01,6162.28,5854.01,6112.29,74677.498
2020-03-21 12:00:00,6113.4,6269.7,6080.28,6207.83,68467.421
2020-03-21 16:00:00,6208.0,6260.0,6035.0,6211.99,57632.638
2020-03-21 20:00:00,6212.0,6457.17,6073.02,6183.69,69636.828
2020-03-22 00:00:00,6183.84,6360.98,6100.57,6348.31,44434.88
2020-03-22 04:00:00,6347.92,6408.91,6259.57,6284.36,43291.311
2020-03-22 08:00:00,6284.87,6319.58,6125.0,6152.0,59353.648
2020-03-22 12:00:00,6152.77,6153.19,5900.0,6069.74,90099.499
2020-03-22 16:00:00,6070.56,6134.87,5855.68,5907.6,69274.772
2020-03-22 20:00:00,5908.1,6145.92,5730.35,5810.17,84548.685
2020-03-23 00:00:00,5810.3,5987.44,5670.0,5950.42,61037.302
2020-03-23 04:00:00,5950.59,5988.0,5839.01,5850.83,44776.255
2020-03-23 08:00:00,5851.38,5927.0,5726.79,5838.91,57023.275
2020-03-23 12:00:00,5838.66,6619.9,5836.95,6230.0,186352.358
2020-03-23 16:00:00,6229.48,6380.0,6225.01,6267.24,70250.825
2020-03-23 20:00:00,6263.32,6509.8,6259.33,6463.84,70306.072
2020-03-24 00:00:00,6463.21,6689.51,6461.52,6522.2,73184.847
2020-03-24 04:00:00,6522.18,6619.99,6369.0,6564.21,58665.207
2020-03-24 08:00:00,6564.22,6840.0,6564.21,6732.6,94812.6
2020-03-24 12:00:00,6732.77,6774.0,6456.78,6588.92,103121.387
2020-03-24 16:00:00,6589.38,6741.78,6512.0,6695.62,58478.25
2020-03-24 20:00:00,6695.2,6790.75,6605.0,6741.33,49706.262
2020-03-25 00:00:00,6740.86,6740.98,6522.34,6555.4,50920.713
2020-03-25 04:00:00,6555.04,6716.6,6527.85,6673.04,44659.364
2020-03-25 08:00:00,6673.0,6960.71,6436.26,6516.58,122469.272
2020-03-25 12:00:00,6517.24,6814.33,6497.24,6611.6,90002.097
2020-03-25 16:00:00,6612.73,6699.99,6569.0,6618.01,49453.438
2020-03-25 20:00:00,6617.63,6699.0,6550.0,6673.41,43179.658
2020-03-26 00:00:00,6673.57,6777.5,6647.74,6722.62,47937.362
2020-03-26 04:00:00,6723.09,6758.71,6555.0,6588.76,46239.554
2020-03-26 08:00:00,6588.35,6670.0,6565.14,6599.98,43684.689
2020-03-26 12:00:00,6599.99,6688.83,6500.0,6612.2,66869.752
2020-03-26 16:00:00,6612.21,6679.56,6591.0,6653.19,33233.567
2020-03-26 20:00:00,6653.06,6763.45,6644.0,6733.76,43280.704
2020-03-27 00:00:00,6733.76,6840.0,6733.75,6790.17,38630.166
2020-03-27 04:00:00,6790.16,6823.24,6613.38,6696.42,47915.9
2020-03-27 08:00:00,6695.55,6699.0,6590.33,6617.62,39248.786
2020-03-27 12:00:00,6617.62,6661.29,6566.0,6620.77,48249.867
2020-03-27 16:00:00,6620.33,6684.55,6589.0,6653.36,35849.356
2020-03-27 20:00:00,6653.15,6689.9,6230.0,6353.64,48319.444
2020-03-28 00:00:00,6353.64,6354.74,6060.0,6111.06,81143.807
2020-03-28 04:00:00,6111.05,6199.0,6089.57,6176.0,45230.666
2020-03-28 08:00:00,6176.33,6317.34,6156.78,6231.34,49935.732
2020-03-28 12:00:00,6231.42,6269.0,6131.65,6208.26,39154.177
2020-03-28 16:00:00,6208.26,6246.63,6004.0,6205.67,79673.894
2020-03-28 20:00:00,6205.97,6290.0,6160.0,6230.95,46805.909
2020-03-29 00:00:00,6231.81,6260.0,6171.01,6197.51,23483.431
2020-03-29 04:00:00,6197.42,6207.64,6109.0,6148.84,26603.827
2020-03-29 08:00:00,6148.98,6206.89,6070.0,6135.49,47529.104
2020-03-29 12:00:00,6136.08,6149.41,6060.0,6124.73,39076.988
2020-03-29 16:00:00,6124.51,6163.0,5870.0,5896.5,67703.122
2020-03-29 20:00:00,5896.91,5958.58,5857.6,5876.27,46939.447
2020-03-30 00:00:00,5876.27,6017.8,5850.0,6001.46,41829.381
2020-03-30 04:00:00,6001.46,6330.0,5984.0,6238.58,81277.08
2020-03-30 08:00:00,6238.4,6395.0,6230.25,6351.23,59203.701
2020-03-30 12:00:00,6351.24,6449.97,6260.0,6340.63,70353.514
2020-03-30 16:00:00,6340.6,6400.0,6300.0,6363.12,46693.741
2020-03-30 20:00:00,6362.97,6606.15,6360.16,6391.08,87964.581
2020-03-31 00:00:00,6389.52,6516.63,6377.1,6433.45,43527.176
2020-03-31 04:00:00,6432.94,6472.23,6374.0,6440.81,40389.62
2020-03-31 08:00:00,6441.76,6499.0,6334.82,6383.68,52039.504
2020-03-31 12:00:00,6382.83,6498.0,6320.0,6449.19,60379.163
2020-03-31 16:00:00,6448.81,6484.22,6392.37,6460.81,34752.224
2020-03-31 20:00:00,6460.8,6492.0,6390.0,6407.1,31434.957
2020-04-01 00:00:00,6407.1,6422.82,6240.0,6363.9,54043.99
2020-04-01 04:00:00,6364.0,6370.0,6260.17,6324.27,37878.592
2020-04-01 08:00:00,6324.28,6324.51,6255.4,6290.84,36253.797
2020-04-01 12:00:00,6290.83,6337.0,6154.94,6225.43,72379.815
2020-04-01 16:00:00,6225.44,6225.88,6140.0,6196.45,55584.261
2020-04-01 20:00:00,6196.24,6693.0,6188.0,6641.51,134389.147
2020-04-02 00:00:00,6641.22,6750.0,6542.73,6602.23,61645.173
2020-04-02 04:00:00,6602.35,6675.54,6558.93,6641.51,37315.619
2020-04-02 08:00:00,6641.42,6711.39,6600.0,6687.29,51484.045
2020-04-02 12:00:00,6686.37,6829.32,6616.15,6801.0,99999.326
2020-04-02 16:00:00,6801.0,7290.0,6715.22,6800.42,203858.304
2020-04-02 20:00:00,6800.13,6865.0,6640.05,6791.63,77018.961
2020-04-03 00:00:00,6791.65,6827.47,6720.05,6779.46,36421.137
2020-04-03 04:00:00,6779.14,6950.0,6743.68,6925.99,52889.272
2020-04-03 08:00:00,6926.69,7049.11,6865.0,7002.22,84275.301
2020-04-03 12:00:00,7002.22,7010.95,6670.36,6708.32,118313.15
2020-04-03 16:00:00,6708.04,6799.41,6600.0,6765.0,81755.563
2020-04-03 20:00:00,6765.0,6812.32,6664.49,6729.8,38290.504
2020-04-04 00:00:00,6729.8,6801.76,6660.0,6693.84,31740.722
2020-04-04 04:00:00,6693.86,6768.94,6680.97,6725.67,23592.173
2020-04-04 08:00:00,6725.66,6899.7,6629.99,6692.68,80616.565
2020-04-04 12:00:00,6692.16,6762.79,6657.87,6725.22,48593.533
2020-04-04 16:00:00,6725.22,6800.0,6706.0,6741.19,42264.5
2020-04-04 20:00:00,6741.38,7020.0,6728.07,6851.1,93042.264
2020-04-05 00:00:00,6851.4,6893.44,6781.27,6792.6,32708.059
2020-04-05 04:00:00,6792.19,6839.59,6729.1,6769.3,34154.731
2020-04-05 08:00:00,6769.17,6825.68,6734.99,6774.23,37614.304
2020-04-05 12:00:00,6774.09,6819.12,6754.53,6779.8,29884.97
2020-04-05 16:00:00,6779.96,6853.15,6668.02,6788.37,64243.691
2020-04-05 20:00:00,6788.19,6807.05,6716.74,6768.9,40618.753
2020-04-06 00:00:00,6768.9,6887.2,6760.0,6840.83,46359.207
2020-04-06 04:00:00,6840.85,7100.0,6839.9,7024.02,103863.734
2020-04-06 08:00:00,7024.45,7142.04,7010.64,7095.36,77527.422
2020-04-06 12:00:00,7095.09,7159.69,7026.77,7139.13,73843.312
2020-04-06 16:00:00,7138.74,7302.0,7070.0,7263.84,101819.561
2020-04-06 20:00:00,7263.15,7370.0,7185.52,7325.73,57917.777
2020-04-07 00:00:00,7325.73,7450.0,7250.51,7318.36,88345.981
2020-04-07 04:00:00,7318.23,7385.13,7221.5,7372.29,52444.173
2020-04-07 08:00:00,7372.88,7439.0,7312.41,7380.0,60318.154
2020-04-07 12:00:00,7380.0,7457.0,7253.05,7312.81,85152.965
2020-04-07 16:00:00,7312.81,7381.53,7277.68,7284.44,51436.189
2020-04-07 20:00:00,7284.29,7289.05,7070.43,7192.9,81874.578
2020-04-08 00:00:00,7192.9,7385.52,7145.14,7348.71,55489.548
2020-04-08 04:00:00,7349.52,7417.83,7280.0,7319.55,54465.122
2020-04-08 08:00:00,7319.58,7343.46,7210.46,7287.3,61387.302
2020-04-08 12:00:00,7287.3,7338.3,7192.0,7273.79,61257.612
2020-04-08 16:00:00,7273.81,7347.59,7250.0,7302.54,54828.01
2020-04-08 20:00:00,7303.21,7390.0,7282.0,7357.66,45171.981
2020-04-09 00:00:00,7357.15,7365.69,7256.0,7281.38,36390.984
2020-04-09 04:00:00,7280.76,7332.86,7235.51,7325.57,33712.995
2020-04-09 08:00:00,7325.57,7345.0,7135.97,7179.77,50424.156
2020-04-09 12:00:00,7180.0,7345.0,7105.98,7277.9,101117.782
2020-04-09 16:00:00,7277.51,7310.01,7225.09,7258.0,43860.567
2020-04-09 20:00:00,7258.01,7311.76,7236.2,7278.65,28132.097
2020-04-10 00:00:00,7278.83,7290.0,7155.0,7172.94,46337.66
2020-04-10 04:00:00,7172.69,7173.03,6860.0,6919.58,131151.749
2020-04-10 08:00:00,6919.58,6966.07,6851.0,6899.42,57891.106
2020-04-10 12:00:00,6899.43,6928.82,6741.0,6766.65,96126.669
2020-04-10 16:00:00,6767.64,6946.96,6744.39,6897.63,71869.212
2020-04-10 20:00:00,6897.62,6930.0,6815.2,6857.82,36772.057
2020-04-11 00:00:00,6858.0,6918.54,6835.0,6905.5,30815.583
2020-04-11 04:00:00,6905.12,6944.28,6856.0,6873.0,35121.308
2020-04-11 08:00:00,6873.0,6893.4,6828.19,6876.45,36309.728
2020-04-11 12:00:00,6875.98,6887.12,6802.22,6830.0,34218.984
2020-04-11 16:00:00,6829.2,6859.02,6769.16,6801.28,46080.976
2020-04-11 20:00:00,6801.28,6885.69,6757.29,6874.18,41611.265
2020-04-12 00:00:00,6874.17,6908.0,6785.22,6806.32,30981.266
2020-04-12 04:00:00,6806.23,6842.34,6775.66,6825.48,21148.756
2020-04-12 08:00:00,6825.85,6871.0,6821.45,6844.8,24106.058
2020-04-12 12:00:00,6844.81,7028.0,6844.0,7014.12,74694.942
2020-04-12 16:00:00,7014.29,7173.98,7007.0,7108.63,100476.627
2020-04-12 20:00:00,7108.63,7149.26,6877.94,6900.52,70187.173
2020-04-13 00:00:00,6900.19,6900.99,6558.0,6671.0,121495.52
2020-04-13 04:00:00,6671.01,6732.0,6633.33,6694.93,38380.303
2020-04-13 08:00:00,6694.92,6830.0,6651.0,6767.01,57178.596
2020-04-13 12:00:00,6765.43,6800.0,6592.96,6760.5,110437.642
2020-04-13 16:00:00,6761.22,6799.5,6726.78,6768.27,41302.506
2020-04-13 20:00:00,6768.01,6890.38,6767.4,6834.0,53160.206
2020-04-14 00:00:00,6834.01,6895.0,6801.0,6880.89,31497.725
2020-04-14 04:00:00,6880.86,6916.55,6811.0,6815.11,39710.434
2020-04-14 08:00:00,6815.01,6874.25,6751.0,6823.7,55287.278
2020-04-14 12:00:00,6823.67,6946.0,6793.09,6900.59,67501.221
2020-04-14 16:00:00,6900.59,6975.6,6855.0,6911.3,52137.108
2020-04-14 20:00:00,6911.47,6925.95,6825.99,6864.11,34311.661
2020-04-15 00:00:00,6864.11,6912.0,6805.0,6901.7,33577.409
2020-04-15 04:00:00,6901.71,6929.0,6855.34,6860.1,30489.966
2020-04-15 08:00:00,6860.1,6878.02,6736.84,6779.23,59755.081
2020-04-15 12:00:00,6779.29,6779.53,6672.1,6699.85,73064.981
2020-04-15 16:00:00,6699.85,6769.0,6686.0,6725.3,33843.231
2020-04-15 20:00:00,6725.31,6757.9,6602.59,6616.89,50406.021
2020-04-16 00:00:00,6616.88,6663.0,6465.33,6645.85,89654.426
2020-04-16 04:00:00,6645.84,6984.7,6616.0,6888.35,110735.51
2020-04-16 08:00:00,6888.35,7172.26,6864.59,7019.97,122604.359
2020-04-16 12:00:00,7019.97,7094.0,6925.0,7040.85,86362.649
2020-04-16 16:00:00,7041.51,7095.0,6950.0,7067.15,62603.417
2020-04-16 20:00:00,7067.35,7190.92,6960.21,7098.15,87908.242
2020-04-17 00:00:00,7098.15,7134.09,7003.16,7079.7,47724.645
2020-04-17 04:00:00,7079.69,7080.38,7011.11,7039.01,40555.449
2020-04-17 08:00:00,7039.11,7122.64,7023.0,7071.32,48770.476
2020-04-17 12:00:00,7071.4,7096.87,6981.0,7031.14,63057.421
2020-04-17 16:00:00,7031.77,7084.65,7018.0,7068.0,27871.099
2020-04-17 20:00:00,7068.35,7140.0,7010.0,7022.44,49360.511
2020-04-18 00:00:00,7022.0,7105.4,7008.11,7080.99,30049.098
2020-04-18 04:00:00,7081.01,7118.14,7075.0,7084.46,17448.38
2020-04-18 08:00:00,7084.48,7113.0,7050.0,7099.6,24554.974
2020-04-18 12:00:00,7098.19,7264.62,7071.58,7238.83,79753.183
2020-04-18 16:00:00,7238.55,7250.0,7151.0,7204.75,40389.621
2020-04-18 20:00:00,7204.66,7290.0,7192.01,7242.42,33611.915
2020-04-19 00:00:00,7242.49,7258.42,7180.0,7224.71,25046.932
2020-04-19 04:00:00,7224.64,7235.0,7100.0,7142.31,45614.574
2020-04-19 08:00:00,7142.15,7178.0,7121.0,7159.12,26194.682
2020-04-19 12:00:00,7159.12,7166.0,7055.0,7093.27,49641.793
2020-04-19 16:00:00,7093.27,7163.83,7081.26,7130.2,32334.485
2020-04-19 20:00:00,7130.26,7199.0,7104.55,7118.03,38142.648
2020-04-20 00:00:00,7118.04,7182.44,7081.04,7155.83,35110.886
2020-04-20 04:00:00,7155.84,7208.55,7150.12,7179.7,31063.846
2020-04-20 08:00:00,7179.69,7182.0,6944.0,6964.2,79297.8
2020-04-20 12:00:00,6964.2,7090.0,6911.99,7065.24,82476.82
2020-04-20 16:00:00,7065.3,7080.0,6763.68,6766.71,157685.015
2020-04-20 20:00:00,6766.72,6888.18,6735.95,6825.29,59470.614
2020-04-21 00:00:00,6825.28,6912.0,6809.48,6853.29,37928.321
2020-04-21 04:00:00,6853.29,6897.0,6827.14,6873.32,27290.412
2020-04-21 08:00:00,6873.32,6889.99,6759.16,6790.73,60156.426
2020-04-21 12:00:00,6790.2,6877.03,6780.0,6828.96,66932.779
2020-04-21 16:00:00,6828.75,6940.0,6806.16,6862.32,66780.617
2020-04-21 20:00:00,6862.31,6906.0,6827.0,6838.0,28935.973
2020-04-22 00:00:00,6838.0,6881.82,6812.57,6857.6,33851.434
2020-04-22 04:00:00,6857.6,6959.0,6837.87,6934.96,43564.883
2020-04-22 08:00:00,6934.66,6970.0,6915.0,6948.98,39349.578
2020-04-22 12:00:00,6948.99,7128.61,6922.0,7105.69,104522.714
2020-04-22 16:00:00,7105.7,7154.9,7065.39,7078.73,57757.583
2020-04-22 20:00:00,7078.74,7129.84,7072.01,7120.06,27435.971
2020-04-23 00:00:00,7120.06,7178.0,7094.04,7108.44,42689.721
2020-04-23 04:00:00,7108.21,7127.63,7020.0,7056.41,48386.781
2020-04-23 08:00:00,7056.42,7140.02,7040.05,7129.21,43758.324
2020-04-23 12:00:00,7128.88,7802.38,7101.77,7528.14,217538.175
2020-04-23 16:00:00,7528.15,7612.36,7482.83,7521.05,62112.815
2020-04-23 20:00:00,7521.26,7619.0,7431.0,7483.35,58024.231
2020-04-24 00:00:00,7483.36,7550.55,7463.22,7523.0,36654.647
2020-04-24 04:00:00,7523.0,7585.0,7487.37,7566.61,37823.043
2020-04-24 08:00:00,7566.61,7612.91,7471.47,7492.89,74399.469
2020-04-24 12:00:00,7493.6,7528.59,7388.0,7504.13,71025.067
2020-04-24 16:00:00,7504.61,7546.03,7473.85,7519.39,29918.966
2020-04-24 20:00:00,7519.38,7546.97,7471.41,7504.11,28557.176
2020-04-25 00:00:00,7504.62,7524.34,7433.0,7519.13,22355.016
2020-04-25 04:00:00,7519.13,7590.0,7496.25,7558.47,32717.203
2020-04-25 08:00:00,7558.67,7603.11,7510.0,7532.3,49300.775
2020-04-25 12:00:00,7532.3,7722.33,7512.0,7531.27,74190.352
2020-04-25 16:00:00,7531.2,7566.0,7468.3,7539.88,40904.316
2020-04-25 20:00:00,7539.88,7553.0,7495.09,7534.01,23799.145
2020-04-26 00:00:00,7534.01,7579.0,7517.6,7563.44,23270.925
2020-04-26 04:00:00,7563.65,7564.46,7521.0,7542.4,19546.449
2020-04-26 08:00:00,7542.41,7676.86,7525.0,7656.6,56817.933
2020-04-26 12:00:00,7656.44,7709.57,7476.86,7543.82,86452.059
2020-04-26 16:00:00,7543.28,7658.0,7530.86,7648.13,42505.428
2020-04-26 20:00:00,7648.13,7697.39,7580.0,7694.17,41329.142
2020-04-27 00:00:00,7693.63,7795.6,7631.0,7733.26,79028.21
2020-04-27 04:00:00,7733.23,7746.06,7630.6,7697.0,44201.211
2020-04-27 08:00:00,7696.99,7738.0,7663.0,7717.16,41775.181
2020-04-27 12:00:00,7717.33,7724.0,7623.98,7673.75,51016.563
2020-04-27 16:00:00,7673.75,7722.0,7641.0,7698.99,36349.824
2020-04-27 20:00:00,7699.2,7780.0,7680.0,7774.0,37965.18
2020-04-28 00:00:00,7774.0,7780.0,7666.07,7702.53,44157.483
2020-04-28 04:00:00,7702.54,7729.76,7662.71,7707.99,30361.972
2020-04-28 08:00:00,7708.0,7753.73,7681.05,7726.7,35018.428
2020-04-28 12:00:00,7726.71,7760.0,7662.49,7716.24,52296.739
2020-04-28 16:00:00,7716.37,7742.0,7704.6,7713.6,26265.78
2020-04-28 20:00:00,7713.6,7767.08,7701.0,7735.75,29552.359
2020-04-29 00:00:00,7735.76,7879.99,7710.0,7813.51,72332.423
2020-04-29 04:00:00,7813.98,7964.4,7805.0,7943.25,83548.517
2020-04-29 08:00:00,7942.56,8182.49,7926.12,8124.86,124959.482
2020-04-29 12:00:00,8124.85,8388.0,8121.03,8353.85,161533.315
2020-04-29 16:00:00,8353.66,8988.66,8322.51,8727.77,312883.505
2020-04-29 20:00:00,8726.66,8939.9,8692.36,8784.2,115940.327
2020-04-30 00:00:00,8784.05,9320.0,8710.0,9306.03,141973.093
2020-04-30 04:00:00,9306.03,9479.77,9020.0,9179.29,234070.768
2020-04-30 08:00:00,9180.28,9229.57,8548.9,8845.18,221984.41
2020-04-30 12:00:00,8845.19,8925.83,8695.15,8778.86,105049.062
2020-04-30 16:00:00,8778.86,8868.75,8400.0,8843.72,155551.103
2020-04-30 20:00:00,8843.71,8896.22,8588.85,8624.76,85583.275
2020-05-01 00:00:00,8623.61,8768.55,8619.84,8680.57,44629.59
2020-05-01 04:00:00,8680.91,8840.0,8680.91,8773.25,44191.332
2020-05-01 08:00:00,8773.07,9065.0,8755.0,9003.17,84577.831
2020-05-01 12:00:00,9004.86,9028.0,8720.0,8730.0,123160.835
2020-05-01 16:00:00,8729.99,8789.0,8656.0,8733.34,65931.272
2020-05-01 20:00:00,8733.34,8899.0,8661.0,8830.52,55329.526
2020-05-02 00:00:00,8830.52,8862.1,8755.01,8837.88,35184.432
2020-05-02 04:00:00,8837.88,8860.0,8785.95,8803.32,30299.718
2020-05-02 08:00:00,8804.2,8893.85,8773.24,8840.01,42995.755
2020-05-02 12:00:00,8840.36,8974.4,8839.99,8942.97,68548.901
2020-05-02 16:00:00,8942.78,9020.0,8808.35,8882.66,81662.533
2020-05-02 20:00:00,8882.65,8990.34,8863.55,8975.18,37078.389
2020-05-03 00:00:00,8975.18,9200.0,8941.0,9139.48,89810.829
2020-05-03 04:00:00,9139.25,9157.0,8906.61,8995.65,65057.678
2020-05-03 08:00:00,8995.65,9146.32,8972.35,9051.92,60902.612
2020-05-03 12:00:00,9051.93,9076.83,8727.24,8817.73,135783.59
2020-05-03 16:00:00,8817.73,8915.0,8785.36,8879.04,47662.2
2020-05-03 20:00:00,8879.2,8960.0,8795.01,8900.0,52105.804
2020-05-04 00:00:00,8899.99,8943.88,8631.11,8734.2,87032.044
2020-05-04 04:00:00,8734.21,8745.0,8526.0,8653.3,89585.142
2020-05-04 08:00:00,8653.22,8720.0,8596.78,8677.49,59804.204
2020-05-04 12:00:00,8677.5,8861.0,8651.0,8848.0,78733.457
2020-05-04 16:00:00,8848.0,8888.0,8745.1,8831.07,66036.083
2020-05-04 20:00:00,8830.78,8954.94,8822.0,8873.98,58944.377
2020-05-05 00:00:00,8873.99,8931.13,8820.0,8851.64,42274.133
2020-05-05 04:00:00,8851.64,9118.17,8851.64,9020.52,96630.501
2020-05-05 08:00:00,9021.05,9078.51,8766.12,8849.15,99757.882
2020-05-05 12:00:00,8849.15,8955.0,8812.92,8844.68,72212.016
2020-05-05 16:00:00,8846.04,8937.0,8822.33,8905.82,46388.022
2020-05-05 20:00:00,8905.69,9045.67,8900.07,9022.78,52657.576
2020-05-06 00:00:00,9022.76,9071.98,8916.01,8981.67,50605.036
2020-05-06 04:00:00,8982.12,9050.0,8960.36,9019.7,46683.698
2020-05-06 08:00:00,9019.27,9360.0,8994.6,9321.44,146975.291
2020-05-06 12:00:00,9321.83,9393.59,9125.53,9277.99,111400.313
2020-05-06 16:00:00,9277.99,9326.12,9205.98,9243.01,57372.629
2020-05-06 20:00:00,9243.0,9405.0,9055.0,9148.27,94716.833
2020-05-07 00:00:00,9148.29,9379.0,9022.0,9292.36,100153.001
2020-05-07 04:00:00,9292.14,9321.07,9232.04,9312.13,44585.321
2020-05-07 08:00:00,9311.32,9348.46,9251.99,9285.15,47218.044
2020-05-07 12:00:00,9285.3,9630.0,9265.77,9518.55,184221.794
2020-05-07 16:00:00,9518.55,9965.0,9505.63,9871.77,234330.973
2020-05-07 20:00:00,9871.67,10080.0,9730.0,9995.0,128411.086
2020-05-08 00:00:00,9994.74,10045.03,9833.34,9939.84,89482.693
2020-05-08 04:00:00,9939.56,9940.0,9726.0,9818.52,88597.577
2020-05-08 08:00:00,9818.61,9972.57,9816.48,9912.7,66832.031
2020-05-08 12:00:00,9912.04,10024.98,9800.0,9949.28,94975.38
2020-05-08 16:00:00,9949.61,10004.0,9873.73,9954.49,52819.214
2020-05-08 20:00:00,9954.28,10017.21,9765.83,9807.49,65327.316
2020-05-09 00:00:00,9809.63,9923.98,9731.86,9874.64,50947.507
2020-05-09 04:00:00,9874.64,9888.0,9577.71,9609.65,96974.782
2020-05-09 08:00:00,9608.49,9730.49,9528.23,9651.24,85806.061
2020-05-09 12:00:00,9651.64,9729.0,9620.88,9698.04,57950.471
2020-05-09 16:00:00,9697.3,9804.9,9682.0,9753.34,48184.299
2020-05-09 20:00:00,9754.19,9780.0,9530.0,9550.67,72078.837
2020-05-10 00:00:00,9550.25,9580.0,7940.0,8621.65,348028.314
2020-05-10 04:00:00,8621.0,8832.3,8466.0,8807.73,89977.201
2020-05-10 08:00:00,8805.67,8900.2,8656.55,8735.82,90849.251
2020-05-10 12:00:00,8734.56,8816.72,8565.0,8649.62,79880.372
2020-05-10 16:00:00,8649.73,8687.71,8250.0,8499.69,138541.444
2020-05-10 20:00:00,8499.66,8837.4,8495.0,8719.53,95632.449
2020-05-11 00:00:00,8723.23,8800.0,8656.19,8696.89,50245.717
2020-05-11 04:00:00,8695.32,8729.38,8610.42,8660.96,50224.73
2020-05-11 08:00:00,8661.0,8988.0,8472.01,8923.21,154096.987
2020-05-11 12:00:00,8924.0,9164.0,8756.0,8880.01,196667.552
2020-05-11 16:00:00,8880.0,8925.0,8151.12,8747.36,278582.2
2020-05-11 20:00:00,8747.36,8812.35,8457.12,8561.09,75347.778
2020-05-12 00:00:00,8560.73,8740.25,8520.43,8712.55,46444.672
2020-05-12 04:00:00,8712.68,8777.77,8608.05,8651.42,49700.869
2020-05-12 08:00:00,8651.75,8829.0,8626.58,8798.56,62545.166
2020-05-12 12:00:00,8798.0,8939.99,8648.59,8863.5,91950.445
2020-05-12 16:00:00,8862.73,8981.0,8770.0,8789.76,71523.96
2020-05-12 20:00:00,8787.94,8852.58,8725.0,8808.71,47550.929
2020-05-13 00:00:00,8808.71,8971.0,8790.04,8908.63,44899.043
2020-05-13 04:00:00,8908.42,8940.0,8854.0,8867.64,32886.656
2020-05-13 08:00:00,8866.83,9048.66,8828.0,9034.48,64635.38
2020-05-13 12:00:00,9034.05,9180.48,8983.0,9135.32,93381.892
2020-05-13 16:00:00,9134.18,9164.69,9042.0,9145.82,51319.198
2020-05-13 20:00:00,9145.82,9397.0,9132.82,9305.91,92596.831
2020-05-14 00:00:00,9305.91,9383.78,9250.66,9346.85,44926.612
2020-05-14 04:00:00,9347.28,9544.53,9263.0,9502.66,84849.251
2020-05-14 08:00:00,9502.44,9950.0,9472.84,9681.12,210090.559
2020-05-14 12:00:00,9681.38,9755.93,9520.28,9743.59,103177.473
2020-05-14 16:00:00,9743.56,9782.1,9570.0,9657.56,69175.303
2020-05-14 20:00:00,9656.99,9876.0,9581.8,9786.8,90309.24
2020-05-15 00:00:00,9787.62,9843.5,9231.0,9471.0,116163.855
2020-05-15 04:00:00,9471.47,9722.64,9364.82,9669.98,71289.748
2020-05-15 08:00:00,9668.44,9700.0,9460.0,9589.96,71385.418
2020-05-15 12:00:00,9590.22,9615.0,9405.0,9472.45,79081.611
2020-05-15 16:00:00,9472.93,9532.19,9320.0,9337.31,66952.851
2020-05-15 20:00:00,9336.97,9482.93,9100.0,9310.73,99233.613
2020-05-16 00:00:00,9311.21,9454.99,9210.03,9401.25,55506.515
2020-05-16 04:00:00,9401.54,9585.0,9371.35,9385.86,58515.234
2020-05-16 08:00:00,9385.87,9455.8,9326.0,9410.0,40174.382
2020-05-16 12:00:00,9410.0,9529.53,9329.0,9375.34,55140.94
2020-05-16 16:00:00,9375.34,9410.0,9260.0,9325.59,48579.072
2020-05-16 20:00:00,9325.59,9439.0,9291.43,9374.99,29852.058
2020-05-17 00:00:00,9374.99,9572.38,9317.16,9539.0,47786.281
2020-05-17 04:00:00,9539.0,9568.72,9470.0,9536.32,28826.63
2020-05-17 08:00:00,9536.22,9550.0,9447.13,9518.43,30468.441
2020-05-17 12:00:00,9518.43,9880.0,9517.89,9818.43,106046.554
2020-05-17 16:00:00,9818.43,9836.72,9700.68,9768.64,41700.688
2020-05-17 20:00:00,9768.62,9794.6,9600.0,9678.57,46030.746
2020-05-18 00:00:00,9677.31,9958.67,9677.19,9858.12,75937.377
2020-05-18 04:00:00,9858.14,9910.99,9722.96,9782.66,56224.276
2020-05-18 08:00:00,9781.46,9795.0,9450.0,9628.68,90769.615
2020-05-18 12:00:00,9629.34,9730.0,9560.0,9663.3,57151.64
2020-05-18 16:00:00,9664.09,9718.62,9540.01,9698.65,53914.362
2020-05-18 20:00:00,9698.09,9753.18,9645.95,9731.1,29735.1
2020-05-19 00:00:00,9731.11,9739.0,9480.0,9526.23,58420.302
2020-05-19 04:00:00,9526.02,9619.0,9462.0,9570.18,38737.878
2020-05-19 08:00:00,9570.0,9900.0,9567.99,9748.3,105609.548
2020-05-19 12:00:00,9748.31,9760.29,9555.0,9685.0,99917.174
2020-05-19 16:00:00,9684.99,9728.97,9620.0,9643.36,36691.199
2020-05-19 20:00:00,9643.6,9795.0,9617.13,9773.64,36937.744
2020-05-20 00:00:00,9772.66,9800.0,9706.6,9722.76,31804.244
2020-05-20 04:00:00,9722.78,9838.0,9635.0,9762.0,53707.818
2020-05-20 08:00:00,9761.82,9808.0,9711.02,9730.0,35836.253
2020-05-20 12:00:00,9731.18,9798.0,9281.42,9410.03,106560.769
2020-05-20 16:00:00,9410.02,9541.91,9353.0,9525.14,69442.151
2020-05-20 20:00:00,9525.14,9594.7,9432.1,9508.11,37072.355
2020-05-21 00:00:00,9508.0,9573.0,9444.36,9479.96,31401.465
2020-05-21 04:00:00,9479.97,9525.0,9413.98,9453.5,32069.772
2020-05-21 08:00:00,9453.61,9498.49,9225.53,9385.0,89319.02
2020-05-21 12:00:00,9385.0,9390.0,8932.13,9082.3,152516.314
2020-05-21 16:00:00,9081.89,9130.0,8812.2,9062.54,112725.16
2020-05-21 20:00:00,9062.53,9159.87,9005.22,9060.0,43407.462
2020-05-22 00:00:00,9060.0,9128.58,8953.34,8991.49,54478.771
2020-05-22 04:00:00,8991.25,9110.0,8920.0,9077.28,51061.128
2020-05-22 08:00:00,9077.28,9190.86,9041.0,9162.0,48567.084
2020-05-22 12:00:00,9162.53,9219.58,9076.41,9219.58,49416.877
2020-05-22 16:00:00,9219.58,9259.38,9134.32,9170.99,48158.162
2020-05-22 20:00:00,9170.99,9211.9,9124.15,9166.4,24326.051
2020-05-23 00:00:00,9166.43,9300.0,9166.43,9280.0,34472.182
2020-05-23 04:00:00,9280.0,9295.0,9207.31,9252.01,23059.071
2020-05-23 08:00:00,9252.0,9253.82,9092.0,9168.95,49059.819
2020-05-23 12:00:00,9168.95,9216.0,9076.9,9195.46,38862.247
2020-05-23 16:00:00,9195.49,9206.98,9112.34,9177.01,28607.285
2020-05-23 20:00:00,9177.0,9245.33,9150.0,9176.41,27529.056
2020-05-24 00:00:00,9176.32,9227.21,9111.0,9188.91,23953.821
2020-05-24 04:00:00,9188.9,9293.0,9180.0,9251.22,29770.838
2020-05-24 08:00:00,9251.22,9294.44,9089.0,9111.31,47072.852
2020-05-24 12:00:00,9111.04,9176.44,9006.0,9050.0,65627.531
2020-05-24 16:00:00,9050.0,9051.15,8851.24,9015.44,101780.437
2020-05-24 20:00:00,9014.31,9090.0,8674.0,8711.37,71437.899
2020-05-25 00:00:00,8711.37,8817.07,8623.38,8779.99,54119.715
2020-05-25 04:00:00,8780.0,8868.2,8755.29,8861.64,33754.542
2020-05-25 08:00:00,8861.65,8876.6,8657.0,8746.3,67394.187
2020-05-25 12:00:00,8746.27,8853.48,8724.34,8775.67,57495.69
2020-05-25 16:00:00,8775.68,8977.0,8756.6,8922.18,64398.443
2020-05-25 20:00:00,8922.18,8939.93,8860.0,8895.65,25817.529
2020-05-26 00:00:00,8895.66,8924.97,8817.36,8900.0,34547.221
2020-05-26 04:00:00,8900.01,8963.0,8853.5,8951.96,38067.834
2020-05-26 08:00:00,8951.98,9011.82,8777.0,8864.37,64033.181
2020-05-26 12:00:00,8864.38,8912.79,8700.0,8720.48,71536.033
2020-05-26 16:00:00,8720.59,8816.0,8693.18,8795.98,38857.364
2020-05-26 20:00:00,8795.99,8877.33,8795.38,8837.05,28577.525
2020-05-27 00:00:00,8837.88,8892.0,8811.0,8825.03,27737.322
2020-05-27 04:00:00,8825.33,8880.0,8822.02,8841.85,19007.215
2020-05-27 08:00:00,8841.73,9196.14,8841.23,9144.99,83682.409
2020-05-27 12:00:00,9144.91,9230.0,9116.01,9143.0,62278.416
2020-05-27 16:00:00,9142.88,9215.0,9129.67,9153.49,34942.035
2020-05-27 20:00:00,9153.99,9199.0,9046.1,9197.32,44606.601
2020-05-28 00:00:00,9197.32,9280.0,9151.03,9166.01,41361.59
2020-05-28 04:00:00,9166.0,9194.88,9120.0,9146.2,29670.288
2020-05-28 08:00:00,9145.78,9272.01,9110.97,9258.68,44604.459
2020-05-28 12:00:00,9258.52,9521.76,9245.02,9494.98,116385.095
2020-05-28 16:00:00,9494.97,9537.0,9392.57,9448.84,39174.426
2020-05-28 20:00:00,9449.03,9621.65,9405.63,9569.59,56216.516
2020-05-29 00:00:00,9569.58,9598.0,9455.02,9514.24,39688.414
2020-05-29 04:00:00,9514.24,9547.51,9462.64,9516.52,22378.88
2020-05-29 08:00:00,9516.52,9590.0,9339.97,9396.0,75776.974
2020-05-29 12:00:00,9396.0,9473.5,9317.42,9407.25,50661.023
2020-05-29 16:00:00,9407.37,9450.0,9390.05,9401.89,29265.714
2020-05-29 20:00:00,9401.95,9448.45,9369.0,9422.26,20920.294
2020-05-30 00:00:00,9422.11,9428.59,9326.01,9392.85,29942.611
2020-05-30 04:00:00,9392.96,9596.0,9388.07,9523.52,57591.172
2020-05-30 08:00:00,9523.71,9582.17,9462.0,9550.07,35876.64
2020-05-30 12:00:00,9550.08,9574.9,9491.0,9537.11,30767.45
2020-05-30 16:00:00,9537.1,9553.0,9511.05,9531.9,18202.074
2020-05-30 20:00:00,9531.9,9753.0,9390.0,9695.0,82854.111
2020-05-31 00:00:00,9694.38,9698.0,9551.47,9576.49,34010.211
2020-05-31 04:00:00,9576.49,9613.66,9515.0,9563.11,31971.909
2020-05-31 08:00:00,9563.11,9606.52,9493.0,9586.7,28214.84
2020-05-31 12:00:00,9586.7,9638.0,9436.04,9478.23,55223.638
2020-05-31 16:00:00,9478.65,9533.3,9460.02,9513.14,24027.683
2020-05-31 20:00:00,9513.14,9524.17,9371.76,9446.43,46381.075
2020-06-01 00:00:00,9446.49,9572.44,9420.85,9550.82,36637.041
2020-06-01 04:00:00,9550.82,9615.0,9522.38,9563.56,31273.19
2020-06-01 08:00:00,9563.55,9573.08,9506.0,9508.21,23211.548
2020-06-01 12:00:00,9508.21,9587.49,9486.89,9541.71,39290.681
2020-06-01 16:00:00,9542.44,9610.0,9533.0,9567.51,31050.605
2020-06-01 20:00:00,9567.5,10497.25,9555.0,10232.48,172277.392
2020-06-02 00:00:00,10232.41,10262.3,10057.0,10109.99,61089.949
2020-06-02 04:00:00,10109.99,10138.94,10080.0,10126.25,25996.104
2020-06-02 08:00:00,10126.33,10166.57,10100.0,10121.68,27092.143
2020-06-02 12:00:00,10121.67,10196.0,9264.15,9467.9,160790.653
2020-06-02 16:00:00,9466.78,9544.78,9413.0,9506.55,45689.98
2020-06-02 20:00:00,9505.79,9548.97,9415.6,9514.9,33509.688
2020-06-03 00:00:00,9514.9,9535.0,9468.0,9485.71,19729.98
2020-06-03 04:00:00,9485.71,9540.0,9382.33,9504.0,35809.216
2020-06-03 08:00:00,9504.0,9627.78,9486.34,9614.17,36216.817
2020-06-03 12:00:00,9614.16,9644.0,9472.62,9554.18,42936.403
2020-06-03 16:00:00,9554.19,9623.57,9509.3,9576.01,27914.103
2020-06-03 20:00:00,9576.01,9694.75,9556.59,9663.59,22782.893
2020-06-04 00:00:00,9663.58,9684.85,9594.91,9664.02,23347.131
2020-06-04 04:00:00,9664.01,9674.0,9621.0,9644.81,19271.573
2020-06-04 08:00:00,9644.81,9654.97,9440.0,9618.4,66215.645
2020-06-04 12:00:00,9618.41,9850.0,9602.0,9828.11,71965.689
2020-06-04 16:00:00,9828.11,9884.0,9725.0,9817.06,50422.17
2020-06-04 20:00:00,9817.05,9861.5,9733.0,9788.33,33293.111
2020-06-05 00:00:00,9788.32,9845.63,9741.0,9795.88,25868.545
2020-06-05 04:00:00,9795.75,9825.0,9726.01,9775.02,26842.059
2020-06-05 08:00:00,9775.01,9855.0,9580.52,9697.25,89431.139
2020-06-05 12:00:00,9697.05,9725.0,9621.49,9707.09,47973.817
2020-06-05 16:00:00,9707.08,9749.0,9691.0,9720.5,23659.959
2020-06-05 20:00:00,9720.5,9730.0,9615.08,9617.29,23327.523
2020-06-06 00:00:00,9616.64,9645.0,9528.0,9634.6,34302.251
2020-06-06 04:00:00,9633.79,9635.78,9580.0,9609.51,15886.9
2020-06-06 08:00:00,9609.18,9698.12,9580.0,9690.36,29795.086
2020-06-06 12:00:00,9690.9,9738.77,9622.0,9649.01,27139.901
2020-06-06 16:00:00,9649.01,9674.0,9579.0,9654.99,22379.423
2020-06-06 20:00:00,9654.99,9720.0,9626.0,9664.0,23023.142
2020-06-07 00:00:00,9664.01,9696.77,9622.46,9680.42,14029.609
2020-06-07 04:00:00,9680.93,9715.26,9630.62,9654.99,18081.285
2020-06-07 08:00:00,9655.0,9678.09,9540.0,9573.97,39866.118
2020-06-07 12:00:00,9573.65,9602.74,9373.0,9495.71,74016.933
2020-06-07 16:00:00,9495.7,9823.13,9455.0,9771.75,60967.05
2020-06-07 20:00:00,9773.52,9804.99,9679.0,9743.92,47025.318
2020-06-08 00:00:00,9743.92,9779.0,9701.0,9723.44,22465.806
2020-06-08 04:00:00,9723.72,9757.09,9715.01,9725.0,14778.67
2020-06-08 08:00:00,9724.99,9816.0,9631.0,9742.66,47093.36
2020-06-08 12:00:00,9742.66,9750.0,9656.0,9706.49,28755.623
2020-06-08 16:00:00,9706.64,9745.0,9661.1,9693.43,23660.334
2020-06-08 20:00:00,9693.43,9800.0,9674.08,9778.87,25332.626
2020-06-09 00:00:00,9778.87,9890.0,9550.03,9678.53,67988.355
2020-06-09 04:00:00,9678.81,9706.0,9660.0,9680.46,16036.424
2020-06-09 08:00:00,9680.86,9725.0,9622.23,9719.35,26788.216
2020-06-09 12:00:00,9719.23,9750.0,9670.0,9717.86,34249.69
2020-06-09 16:00:00,9717.91,9745.0,9682.0,9728.76,17750.223
2020-06-09 20:00:00,9729.67,9832.52,9688.0,9771.66,41609.911
2020-06-10 00:00:00,9771.66,9811.25,9733.01,9752.84,21094.388
2020-06-10 04:00:00,9752.84,9785.56,9712.34,9749.0,22945.874
2020-06-10 08:00:00,9749.0,9768.0,9706.0,9729.63,18410.078
2020-06-10 12:00:00,9729.55,9777.77,9720.45,9757.58,18211.831
2020-06-10 16:00:00,9757.58,10015.99,9681.21,9855.04,85876.311
2020-06-10 20:00:00,9855.08,9926.09,9825.04,9884.99,27089.667
2020-06-11 00:00:00,9884.99,9970.1,9857.0,9889.91,40252.57
2020-06-11 04:00:00,9889.86,9907.93,9755.0,9801.0,48613.743
2020-06-11 08:00:00,9801.0,9828.0,9758.33,9791.56,29840.725
2020-06-11 12:00:00,9791.51,9796.88,9503.0,9525.02,100216.292
2020-06-11 16:00:00,9525.02,9572.64,9055.07,9280.99,143472.489
2020-06-11 20:00:00,9281.0,9369.0,9228.6,9278.03,41650.794
2020-06-12 00:00:00,9277.72,9395.0,9238.0,9359.62,25190.832
2020-06-12 04:00:00,9359.73,9461.0,9338.0,9433.68,27830.362
2020-06-12 08:00:00,9434.0,9512.0,9426.0,9488.59,34911.461
2020-06-12 12:00:00,9488.59,9550.0,9368.01,9415.89,54366.773
2020-06-12 16:00:00,9415.37,9451.6,9289.23,9427.04,48729.496
2020-06-12 20:00:00,9427.05,9484.98,9405.0,9458.91,20582.416
2020-06-13 00:00:00,9458.77,9472.0,9398.0,9406.39,13226.62
2020-06-13 04:00:00,9406.38,9444.0,9361.0,9431.93,20264.899
2020-06-13 08:00:00,9431.93,9464.0,9383.3,9399.99,18594.584
2020-06-13 12:00:00,9400.0,9460.0,9386.0,9433.97,19517.999
2020-06-13 16:00:00,9433.95,9497.85,9377.0,9400.98,18815.061
2020-06-13 20:00:00,9400.14,9477.95,9340.0,9468.54,23029.912
2020-06-14 00:00:00,9468.55,9477.0,9421.61,9431.72,10450.831
2020-06-14 04:00:00,9431.72,9441.0,9377.0,9412.65,17196.653
2020-06-14 08:00:00,9412.64,9437.26,9393.0,9422.05,11339.817
2020-06-14 12:00:00,9422.09,9434.03,9305.3,9414.3,41925.795
2020-06-14 16:00:00,9414.31,9429.16,9361.76,9391.3,15591.795
2020-06-14 20:00:00,9391.3,9408.58,9240.97,9339.61,47473.632
2020-06-15 00:00:00,9339.7,9368.32,9130.0,9160.68,59085.854
2020-06-15 04:00:00,9161.08,9225.3,8888.43,9114.76,118282.089
2020-06-15 08:00:00,9114.99,9158.0,9063.7,9110.93,43587.508
2020-06-15 12:00:00,9111.41,9310.85,9035.73,9290.01,77263.366
2020-06-15 16:00:00,9290.01,9450.0,9273.38,9412.2,77052.002
2020-06-15 20:00:00,9412.21,9490.83,9387.0,9422.01,38594.908
2020-06-16 00:00:00,9422.01,9595.0,9370.0,9559.49,47301.023
2020-06-16 04:00:00,9559.87,9572.41,9450.0,9499.98,36662.074
2020-06-16 08:00:00,9500.0,9543.95,9461.21,9507.25,28297.232
2020-06-16 12:00:00,9506.9,9588.0,9400.0,9449.66,68183.899
2020-06-16 16:00:00,9449.16,9511.0,9425.9,9504.99,27443.09
2020-06-16 20:00:00,9505.0,9533.8,9473.28,9519.12,17825.929
2020-06-17 00:00:00,9519.13,9528.22,9416.0,9456.46,25591.061
2020-06-17 04:00:00,9456.36,9529.57,9427.0,9508.72,27299.274
2020-06-17 08:00:00,9508.71,9520.28,9462.0,9475.02,18124.993
2020-06-17 12:00:00,9475.03,9569.0,9355.0,9393.05,61124.851
2020-06-17 16:00:00,9392.99,9425.3,9283.73,9293.61,43656.004
2020-06-17 20:00:00,9290.84,9468.97,9231.03,9458.45,51681.207
2020-06-18 00:00:00,9458.45,9464.0,9394.27,9424.99,19005.972
2020-06-18 04:00:00,9425.0,9445.95,9403.61,9435.96,14771.491
2020-06-18 08:00:00,9435.97,9483.85,9373.3,9427.51,30426.19
2020-06-18 12:00:00,9427.5,9442.49,9375.0,9383.56,27485.937
2020-06-18 16:00:00,9383.91,9415.5,9329.7,9391.51,22222.219
2020-06-18 20:00:00,9391.5,9410.0,9272.41,9381.59,44437.438
2020-06-19 00:00:00,9381.99,9382.21,9239.0,9268.73,44782.208
2020-06-19 04:00:00,9268.73,9328.37,9254.37,9294.99,28675.78
2020-06-19 08:00:00,9295.0,9453.0,9270.08,9382.26,47329.665
2020-06-19 12:00:00,9382.37,9419.43,9345.34,9377.15,29407.169
2020-06-19 16:00:00,9377.15,9380.0,9261.66,9302.89,40578.326
2020-06-19 20:00:00,9303.11,9350.63,9257.0,9307.0,28736.911
2020-06-20 00:00:00,9307.0,9345.05,9283.34,9323.94,16533.541
2020-06-20 04:00:00,9323.93,9329.25,9290.59,9298.05,13612.597
2020-06-20 08:00:00,9298.05,9385.0,9165.0,9320.01,49870.309
2020-06-20 12:00:00,9320.0,9330.0,9230.16,9256.0,26266.403
2020-06-20 16:00:00,9256.39,9314.99,9235.83,9282.0,19080.321
2020-06-20 20:00:00,9282.01,9394.29,9282.01,9354.04,29099.119
2020-06-21 00:00:00,9353.84,9397.85,9337.94,9366.7,21017.561
2020-06-21 04:00:00,9366.69,9420.47,9356.75,9364.0,17010.115
2020-06-21 08:00:00,9364.0,9377.0,9326.0,9355.02,15096.491
2020-06-21 12:00:00,9355.02,9386.79,9325.7,9370.0,15290.3
2020-06-21 16:00:00,9369.99,9375.0,9301.0,9347.82,22150.189
2020-06-21 20:00:00,9347.82,9349.0,9279.0,9293.51,20034.902
2020-06-22 00:00:00,9293.39,9394.43,9273.0,9380.13,28186.435
2020-06-22 04:00:00,9380.05,9450.0,9370.0,9416.73,33080.57
2020-06-22 08:00:00,9416.74,9470.0,9405.51,9458.88,26538.828
2020-06-22 12:00:00,9458.44,9508.0,9438.22,9489.82,36006.585
2020-06-22 16:00:00,9489.82,9628.22,9472.3,9563.93,66560.045
2020-06-22 20:00:00,9563.94,9795.0,9563.76,9686.99,70189.184
2020-06-23 00:00:00,9686.99,9723.23,9612.0,9661.13,35096.724
2020-06-23 04:00:00,9661.57,9673.0,9625.0,9668.13,17314.857
2020-06-23 08:00:00,9668.14,9669.34,9585.0,9639.5,38525.05
2020-06-23 12:00:00,9639.51,9698.0,9620.0,9695.89,32136.685
2020-06-23 16:00:00,9695.88,9700.0,9645.35,9647.05,21279.423
2020-06-23 20:00:00,9647.05,9667.0,9592.74,9631.66,20320.76
2020-06-24 00:00:00,9631.65,9671.0,9619.72,9657.09,14290.828
2020-06-24 04:00:00,9657.1,9678.0,9503.0,9519.0,41625.13
2020-06-24 08:00:00,9518.88,9555.83,9300.0,9337.26,82688.17
2020-06-24 12:00:00,9337.27,9440.59,9210.0,9255.47,89899.139
2020-06-24 16:00:00,9255.48,9348.76,9244.9,9301.79,38809.84
2020-06-24 20:00:00,9301.79,9328.0,9230.0,9298.4,33137.144
2020-06-25 00:00:00,9298.78,9310.23,9005.0,9099.65,73021.817
2020-06-25 04:00:00,9099.65,9195.7,9089.24,9169.44,40278.924
2020-06-25 08:00:00,9169.44,9333.12,9169.44,9253.21,49703.276
2020-06-25 12:00:00,9253.42,9266.81,9157.74,9235.45,49974.324
2020-06-25 16:00:00,9235.44,9292.5,9207.64,9280.0,29239.876
2020-06-25 20:00:00,9280.0,9350.9,9213.0,9246.75,30348.285
2020-06-26 00:00:00,9246.75,9297.16,9181.26,9241.99,23851.354
2020-06-26 04:00:00,9241.99,9270.0,9087.04,9143.88,48564.756
2020-06-26 08:00:00,9143.66,9258.88,9088.02,9188.0,52843.297
2020-06-26 12:00:00,9187.99,9233.14,9038.52,9148.85,76861.795
2020-06-26 16:00:00,9148.85,9181.7,9087.42,9163.0,27753.195
2020-06-26 20:00:00,9163.7,9218.33,9144.83,9159.99,19474.273
2020-06-27 00:00:00,9159.99,9188.77,9102.91,9161.0,22779.836
2020-06-27 04:00:00,9161.0,9195.75,9134.0,9174.46,14935.52
2020-06-27 08:00:00,9174.37,9195.0,9126.67,9156.94,23703.614
2020-06-27 12:00:00,9156.95,9175.0,9107.34,9130.0,20669.381
2020-06-27 16:00:00,9130.0,9147.0,8816.4,8932.93,86589.56
2020-06-27 20:00:00,8932.93,9098.49,8889.03,9008.0,69162.254
2020-06-28 00:00:00,9008.0,9014.02,8932.68,8970.0,19478.135
2020-06-28 04:00:00,8969.99,9036.68,8944.38,9021.73,19133.751
2020-06-28 08:00:00,9021.73,9082.0,9000.43,9048.12,25680.994
2020-06-28 12:00:00,9048.03,9173.9,9015.19,9153.88,42469.82
2020-06-28 16:00:00,9153.97,9188.0,9096.78,9109.66,24409.441
2020-06-28 20:00:00,9109.55,9141.37,9070.0,9114.0,22670.75
2020-06-29 00:00:00,9114.01,9146.0,9083.0,9093.0,15880.822
2020-06-29 04:00:00,9093.0,9130.0,9061.0,9095.0,22760.693
2020-06-29 08:00:00,9095.0,9136.66,9058.19,9092.6,27238.316
2020-06-29 12:00:00,9092.6,9132.85,9022.0,9121.78,47910.766
2020-06-29 16:00:00,9121.78,9181.0,9101.0,9157.23,29035.524
2020-06-29 20:00:00,9157.23,9233.0,9142.5,9189.48,33834.404
2020-06-30 00:00:00,9189.99,9205.0,9152.5,9162.8,15130.834
2020-06-30 04:00:00,9162.35,9178.6,9111.8,9144.31,22096.145
2020-06-30 08:00:00,9144.31,9178.0,9119.2,9150.64,18524.746
2020-06-30 12:00:00,9150.75,9188.0,9063.97,9169.41,50607.479
2020-06-30 16:00:00,9169.22,9180.0,9095.0,9133.26,23662.769
2020-06-30 20:00:00,9133.37,9170.37,9126.16,9138.87,13447.859
2020-07-01 00:00:00,9138.88,9147.0,9090.0,9138.76,19566.654
2020-07-01 04:00:00,9139.22,9162.88,9126.0,9136.45,15047.424
2020-07-01 08:00:00,9136.45,9200.0,9135.0,9157.72,26845.35
2020-07-01 12:00:00,9157.72,9268.95,9137.19,9263.75,51497.459
2020-07-01 16:00:00,9263.75,9293.0,9229.81,9238.59,32941.711
2020-07-01 20:00:00,9238.6,9258.81,9210.0,9233.29,15743.587
2020-07-02 00:00:00,9233.29,9262.99,9217.59,9237.0,12410.875
2020-07-02 04:00:00,9237.04,9253.32,9177.0,9209.37,27421.361
2020-07-02 08:00:00,9209.38,9223.0,9171.0,9198.52,23048.488
2020-07-02 12:00:00,9198.51,9258.0,9011.0,9049.61,75268.172
2020-07-02 16:00:00,9049.62,9080.39,8936.0,9056.52,64658.787
2020-07-02 20:00:00,9056.53,9150.0,9037.94,9087.72,27939.836
2020-07-03 00:00:00,9087.72,9121.77,9065.82,9093.67,13768.297
2020-07-03 04:00:00,9093.68,9114.0,9076.21,9103.89,11549.067
2020-07-03 08:00:00,9103.88,9124.52,9036.06,9096.98,23944.361
2020-07-03 12:00:00,9096.99,9124.32,9076.0,9098.25,21106.621
2020-07-03 16:00:00,9098.24,9113.0,9068.35,9083.35,13636.465
2020-07-03 20:00:00,9083.36,9102.94,9041.0,9057.52,12942.527
2020-07-04 00:00:00,9058.07,9097.7,9045.37,9083.88,13551.594
2020-07-04 04:00:00,9083.87,9091.0,9070.0,9074.41,7206.024
2020-07-04 08:00:00,9074.41,9083.96,9052.0,9058.67,9739.96
2020-07-04 12:00:00,9058.67,9085.0,9042.84,9066.49,14003.643
2020-07-04 16:00:00,9066.49,9194.0,9062.0,9131.33,45204.462
2020-07-04 20:00:00,9131.33,9147.0,9115.0,9137.18,10509.755
2020-07-05 00:00:00,9137.18,9146.35,9116.5,9128.0,8223.956
2020-07-05 04:00:00,9128.01,9131.42,9040.0,9062.52,25844.681
2020-07-05 08:00:00,9062.51,9076.02,8986.51,9035.32,29997.46
2020-07-05 12:00:00,9035.33,9069.0,8998.01,9028.98,24187.684
2020-07-05 16:00:00,9028.98,9053.89,9022.0,9031.31,7944.16
2020-07-05 20:00:00,9031.5,9100.0,8900.0,9071.86,43347.625
2020-07-06 00:00:00,9071.87,9123.0,9058.1,9087.3,17439.164
2020-07-06 04:00:00,9087.31,9238.23,9080.14,9199.71,44067.463
2020-07-06 08:00:00,9199.72,9230.0,9171.0,9221.24,18339.389
2020-07-06 12:00:00,9221.24,9320.0,9200.0,9302.99,54834.379
2020-07-06 16:00:00,9302.99,9348.0,9261.0,9287.38,39263.344
2020-07-06 20:00:00,9287.83,9379.0,9255.1,9339.6,25700.089
2020-07-07 00:00:00,9339.59,9380.0,9256.1,9292.92,28858.269
2020-07-07 04:00:00,9292.62,9301.87,9237.05,9260.99,18676.671
2020-07-07 08:00:00,9260.99,9274.27,9220.0,9271.11,22191.597
2020-07-07 12:00:00,9271.12,9295.55,9233.0,9274.99,23953.733
2020-07-07 16:00:00,9274.99,9286.49,9230.0,9239.78,15486.381
2020-07-07 20:00:00,9239.79,9269.14,9201.23,9258.51,18667.324
2020-07-08 00:00:00,9258.51,9320.0,9233.47,9310.0,23099.193
2020-07-08 04:00:00,9310.0,9320.0,9252.0,9282.85,18259.458
2020-07-08 08:00:00,9282.86,9309.96,9264.53,9308.0,17840.952
2020-07-08 12:00:00,9308.0,9470.0,9283.0,9410.92,71371.729
2020-07-08 16:00:00,9410.91,9445.0,9381.64,9431.52,19587.212
2020-07-08 20:00:00,9431.53,9466.0,9413.8,9436.08,20084.457
2020-07-09 00:00:00,9436.08,9440.81,9360.0,9386.6,21370.122
2020-07-09 04:00:00,9386.17,9419.07,9378.6,9404.08,14420.096
2020-07-09 08:00:00,9404.08,9406.34,9352.01,9403.25,18041.341
2020-07-09 12:00:00,9403.26,9435.0,9164.33,9211.0,89920.186
2020-07-09 16:00:00,9210.99,9244.21,9190.32,9220.97,30906.554
2020-07-09 20:00:00,9220.96,9255.25,9210.39,9236.28,13697.557
2020-07-10 00:00:00,9236.29,9239.0,9194.06,9225.03,12057.528
2020-07-10 04:00:00,9225.04,9229.0,9121.42,9153.71,40404.969
2020-07-10 08:00:00,9153.85,9204.0,9152.0,9162.25,21649.156
2020-07-10 12:00:00,9162.24,9249.55,9160.0,9245.55,29392.017
2020-07-10 16:00:00,9245.43,9253.79,9207.0,9234.43,14321.49
2020-07-10 20:00:00,9234.43,9317.24,9209.0,9288.39,23024.714
2020-07-11 00:00:00,9288.39,9301.74,9258.0,9266.51,12093.471
2020-07-11 04:00:00,9266.32,9280.0,9254.0,9269.98,9216.396
2020-07-11 08:00:00,9269.97,9271.7,9178.91,9199.39,25202.818
2020-07-11 12:00:00,9199.38,9233.54,9195.0,9223.92,10055.545
2020-07-11 16:00:00,9223.92,9250.0,9203.79,9205.32,10560.263
2020-07-11 20:00:00,9205.32,9254.27,9202.35,9233.5,7848.028
2020-07-12 00:00:00,9233.5,9295.0,9231.03,9270.72,15274.959
2020-07-12 04:00:00,9270.24,9283.0,9242.0,9256.21,8971.571
2020-07-12 08:00:00,9256.21,9274.65,9243.01,9246.53,10805.374
2020-07-12 12:00:00,9246.53,9349.0,9180.17,9214.35,47575.076
2020-07-12 16:00:00,9214.35,9238.39,9155.0,9220.34,19521.644
2020-07-12 20:00:00,9220.34,9332.0,9214.75,9300.69,25693.258
2020-07-13 00:00:00,9300.7,9320.0,9264.0,9272.87,13588.195
2020-07-13 04:00:00,9272.88,9291.91,9237.32,9269.95,15533.714
2020-07-13 08:00:00,9269.96,9319.83,9265.0,9308.92,20324.9
2020-07-13 12:00:00,9308.93,9345.0,9276.6,9290.28,32339.57
2020-07-13 16:00:00,9290.29,9320.0,9200.0,9233.45,36033.623
2020-07-13 20:00:00,9233.39,9273.98,9213.57,9241.2,18297.657
2020-07-14 00:00:00,9241.18,9245.47,9211.01,9218.63,11378.324
2020-07-14 04:00:00,9218.64,9218.98,9152.0,9180.56,27702.807
2020-07-14 08:00:00,9180.56,9239.0,9116.0,9234.51,34481.299
2020-07-14 12:00:00,9234.39,9244.44,9185.0,9220.79,22911.768
2020-07-14 16:00:00,9220.78,9279.0,9211.0,9267.52,20917.03
2020-07-14 20:00:00,9267.52,9274.84,9235.67,9254.17,12313.05
2020-07-15 00:00:00,9254.17,9272.56,9230.01,9234.51,7993.075
2020-07-15 04:00:00,9234.5,9246.56,9216.01,9227.83,10689.175
2020-07-15 08:00:00,9227.83,9248.0,9190.0,9221.55,23427.352
2020-07-15 12:00:00,9221.54,9247.0,9196.0,9204.21,18981.667
2020-07-15 16:00:00,9204.2,9220.91,9156.0,9183.07,28568.73
2020-07-15 20:00:00,9183.07,9234.0,9178.0,9197.3,14447.709
2020-07-16 00:00:00,9197.75,9223.0,9180.0,9202.49,9526.352
2020-07-16 04:00:00,9202.5,9215.0,9080.0,9124.21,38546.484
2020-07-16 08:00:00,9124.2,9140.98,9044.02,9083.64,45305.323
2020-07-16 12:00:00,9083.65,9130.87,9070.0,9123.0,24672.502
2020-07-16 16:00:00,9123.0,9150.0,9111.0,9126.0,17381.203
2020-07-16 20:00:00,9126.01,9143.5,9091.25,9132.0,12657.586
2020-07-17 00:00:00,9132.0,9138.89,9105.0,9117.85,7297.525
2020-07-17 04:00:00,9117.85,9133.73,9087.0,9110.0,12443.145
2020-07-17 08:00:00,9110.0,9143.3,9096.9,9139.12,15453.635
2020-07-17 12:00:00,9139.12,9187.0,9138.99,9146.19,27726.214
2020-07-17 16:00:00,9146.19,9166.75,9128.33,9162.01,11262.981
2020-07-17 20:00:00,9162.01,9175.03,9142.0,9151.69,6757.084
2020-07-18 00:00:00,9151.7,9163.88,9121.98,9131.08,10616.238
2020-07-18 04:00:00,9131.7,9140.0,9126.0,9132.24,4941.966
2020-07-18 08:00:00,9132.23,9210.0,9125.05,9163.4,21409.459
2020-07-18 12:00:00,9163.39,9176.52,9155.08,9171.25,7181.216
2020-07-18 16:00:00,9171.25,9205.02,9151.2,9164.31,14010.438
2020-07-18 20:00:00,9164.18,9180.54,9160.25,9171.8,5074.279
2020-07-19 00:00:00,9171.79,9182.45,9145.35,9156.57,7724.191
2020-07-19 04:00:00,9156.5,9162.37,9142.63,9157.03,6751.461
2020-07-19 08:00:00,9157.02,9161.0,9108.0,9126.96,16519.969
2020-07-19 12:00:00,9126.95,9140.0,9115.0,9124.5,8193.039
2020-07-19 16:00:00,9124.5,9175.63,9120.68,9167.09,12528.668
2020-07-19 20:00:00,9167.09,9239.59,9157.95,9210.51,23837.251
2020-07-20 00:00:00,9210.68,9221.0,9178.08,9194.48,12358.028
2020-07-20 04:00:00,9194.49,9194.98,9170.0,9183.24,7076.203
2020-07-20 08:00:00,9183.24,9193.98,9131.01,9150.39,17956.382
2020-07-20 12:00:00,9150.38,9178.24,9143.0,9172.47,10687.459
2020-07-20 16:00:00,9172.48,9203.83,9148.13,9160.4,14711.762
2020-07-20 20:00:00,9160.39,9186.49,9145.0,9161.13,9639.857
2020-07-21 00:00:00,9161.28,9194.5,9152.62,9181.65,8273.84
2020-07-21 04:00:00,9180.91,9377.89,9174.0,9314.87,56523.456
2020-07-21 08:00:00,9315.0,9350.32,9300.01,9342.21,29338.574
2020-07-21 12:00:00,9342.22,9439.6,9319.21,9338.45,57722.916
2020-07-21 16:00:00,9338.44,9389.51,9320.67,9353.5,17808.012
2020-07-21 20:00:00,9353.49,9389.94,9350.17,9388.01,9544.549
2020-07-22 00:00:00,9388.0,9389.06,9351.0,9358.72,9310.432
2020-07-22 04:00:00,9358.72,9366.25,9272.0,9301.44,21028.062
2020-07-22 08:00:00,9301.44,9355.0,9292.56,9344.11,16969.358
2020-07-22 12:00:00,9344.11,9356.21,9313.76,9338.53,13407.746
2020-07-22 16:00:00,9338.53,9384.0,9327.0,9372.24,15084.092
2020-07-22 20:00:00,9372.24,9543.0,9357.47,9518.25,50799.212
2020-07-23 00:00:00,9518.25,9532.36,9468.0,9493.62,21751.152
2020-07-23 04:00:00,9493.63,9511.98,9463.0,9495.17,13773.094
2020-07-23 08:00:00,9495.18,9535.77,9484.0,9507.98,15087.895
2020-07-23 12:00:00,9507.99,9599.92,9439.86,9527.4,44145.87
2020-07-23 16:00:00,9527.39,9678.32,9512.42,9597.28,60440.036
2020-07-23 20:00:00,9597.29,9612.95,9570.0,9604.41,11792.1
2020-07-24 00:00:00,9604.41,9608.14,9534.0,9563.96,13855.217
2020-07-24 04:00:00,9563.96,9574.0,9470.0,9514.31,29247.771
2020-07-24 08:00:00,9514.3,9565.0,9490.0,9534.62,16814.942
2020-07-24 12:00:00,9534.63,9570.16,9502.15,9554.14,21238.094
2020-07-24 16:00:00,9554.76,9590.75,9522.0,9583.65,23242.853
2020-07-24 20:00:00,9583.49,9650.0,9515.0,9539.7,29576.191
2020-07-25 00:00:00,9539.7,9620.0,9526.31,9584.83,15593.225
2020-07-25 04:00:00,9584.63,9630.37,9569.01,9574.68,15590.838
2020-07-25 08:00:00,9574.68,9609.94,9564.2,9577.04,11012.274
2020-07-25 12:00:00,9577.05,9614.05,9555.0,9594.87,16811.006
2020-07-25 16:00:00,9594.86,9710.0,9575.96,9674.11,46153.892
2020-07-25 20:00:00,9674.11,9735.1,9670.0,9701.49,28216.354
2020-07-26 00:00:00,9701.54,9706.24,9655.2,9681.26,12637.45
2020-07-26 04:00:00,9681.27,9740.0,9665.0,9719.99,14130.637
2020-07-26 08:00:00,9719.98,10300.0,9705.0,9979.15,140694.08
2020-07-26 12:00:00,9979.14,9997.65,9810.0,9967.76,46966.609
2020-07-26 16:00:00,9968.64,9995.99,9855.0,9876.51,30158.447
2020-07-26 20:00:00,9876.5,9947.19,9850.0,9939.69,17411.563
2020-07-27 00:00:00,9939.68,10360.0,9928.61,10277.22,101369.54
2020-07-27 04:00:00,10277.22,10337.95,10147.25,10168.0,71232.374
2020-07-27 08:00:00,10167.99,10348.0,10128.99,10269.56,62828.288
2020-07-27 12:00:00,10269.56,10458.58,10238.0,10310.11,109939.788
2020-07-27 16:00:00,10310.11,10997.24,10304.1,10806.52,211469.647
2020-07-27 20:00:00,10806.52,11488.0,10780.74,11047.58,187912.763
2020-07-28 00:00:00,11047.58,11270.0,10855.95,10994.99,94891.371
2020-07-28 04:00:00,10995.0,11154.0,10837.39,10897.26,70948.349
2020-07-28 08:00:00,10897.27,11043.0,10580.0,11000.98,124373.115
2020-07-28 12:00:00,11000.98,11198.0,10922.56,11165.07,88007.793
2020-07-28 16:00:00,11165.07,11193.48,10855.0,11008.87,88884.874
2020-07-28 20:00:00,11008.87,11067.91,10868.8,10919.94,32381.177
2020-07-29 00:00:00,10919.94,11018.5,10844.34,10989.95,30977.464
2020-07-29 04:00:00,10989.53,11095.5,10936.31,11027.64,37575.569
2020-07-29 08:00:00,11027.65,11166.02,10922.0,11110.06,57393.768
2020-07-29 12:00:00,11110.07,11320.0,10970.14,11174.78,92929.966
2020-07-29 16:00:00,11173.32,11295.0,11109.27,11217.69,68939.291
2020-07-29 20:00:00,11218.69,11364.8,11054.68,11113.03,68372.703
2020-07-30 00:00:00,11113.01,11137.0,10952.32,10998.37,38820.366
2020-07-30 04:00:00,10998.37,11060.0,10905.0,10952.87,38718.923
2020-07-30 08:00:00,10952.98,11028.94,10905.0,10942.01,29886.642
2020-07-30 12:00:00,10942.01,11057.24,10826.55,11020.31,48251.623
2020-07-30 16:00:00,11020.32,11155.06,10983.11,11130.69,37275.863
2020-07-30 20:00:00,11130.7,11195.52,11073.28,11111.96,37374.571
2020-07-31 00:00:00,11111.97,11150.52,10971.78,10988.59,29519.124
2020-07-31 04:00:00,10989.42,11166.0,10986.51,11140.65,29394.301
2020-07-31 08:00:00,11141.0,11240.0,11100.0,11231.87,42317.428
2020-07-31 12:00:00,11231.88,11390.0,11124.71,11355.05,80340.416
2020-07-31 16:00:00,11355.05,11450.42,11223.0,11326.36,79110.474
2020-07-31 20:00:00,11326.36,11437.45,11290.78,11343.68,46717.988
2020-08-01 00:00:00,11343.67,11411.0,11201.0,11373.99,36721.548
2020-08-01 04:00:00,11373.99,11765.05,11342.44,11666.32,100660.096
2020-08-01 08:00:00,11666.32,11743.34,11565.0,11669.01,54618.207
2020-08-01 12:00:00,11669.0,11709.83,11505.0,11642.13,54280.128
2020-08-01 16:00:00,11642.13,11886.19,11580.0,11790.77,80960.303
2020-08-01 20:00:00,11790.92,11887.45,11680.0,11811.42,59082.36
2020-08-02 00:00:00,11811.43,12037.99,11754.58,12026.41,63693.865
2020-08-02 04:00:00,12026.41,12154.25,10490.0,11327.7,210470.747
2020-08-02 08:00:00,11327.7,11351.0,10915.42,11114.19,81026.407
2020-08-02 12:00:00,11114.19,11188.0,10970.14,11093.91,56632.828
2020-08-02 16:00:00,11093.91,11297.98,11071.0,11212.69,42952.84
2020-08-02 20:00:00,11213.11,11226.75,11001.0,11079.72,38026.664
2020-08-03 00:00:00,11080.7,11219.98,10923.0,11146.75,34847.79
2020-08-03 04:00:00,11147.09,11260.89,11135.09,11207.1,23378.953
2020-08-03 08:00:00,11207.1,11258.93,11133.73,11243.81,29745.315
2020-08-03 12:00:00,11243.82,11394.06,11205.0,11392.33,49270.299
2020-08-03 16:00:00,11392.33,11483.0,11333.0,11409.76,47602.165
2020-08-03 20:00:00,11409.76,11429.15,11140.09,11227.07,53810.069
2020-08-04 00:00:00,11227.07,11427.38,11224.0,11270.58,34957.673
2020-08-04 04:00:00,11270.84,11337.0,11206.0,11298.66,21486.802
2020-08-04 08:00:00,11298.66,11324.56,11069.13,11128.36,48752.316
2020-08-04 12:00:00,11127.9,11250.0,11025.0,11220.32,49198.612
2020-08-04 16:00:00,11220.32,11279.0,11141.0,11230.24,26184.204
2020-08-04 20:00:00,11230.24,11280.0,11160.0,11200.05,19465.327
2020-08-05 00:00:00,11200.06,11250.0,11103.0,11248.83,19998.598
2020-08-05 04:00:00,11248.83,11337.35,11232.63,11286.62,22848.964
2020-08-05 08:00:00,11286.62,11465.0,11283.0,11444.63,41682.767
2020-08-05 12:00:00,11444.46,11705.88,11400.05,11672.0,94171.549
2020-08-05 16:00:00,11672.01,11729.0,11623.0,11656.72,34425.829
2020-08-05 20:00:00,11656.72,11798.56,11518.02,11752.5,50382.304
2020-08-06 00:00:00,11752.5,11813.0,11616.16,11655.1,35226.48
2020-08-06 04:00:00,11655.1,11693.98,11571.78,11641.13,25309.752
2020-08-06 08:00:00,11641.13,11766.0,11635.22,11701.44,30050.771
2020-08-06 12:00:00,11701.44,11893.09,11700.1,11850.0,63615.915
2020-08-06 16:00:00,11849.97,11916.02,11790.33,11875.83,40451.167
2020-08-06 20:00:00,11875.83,11898.73,11613.05,11770.56,41805.51
2020-08-07 00:00:00,11769.97,11920.0,11743.57,11832.95,29387.098
2020-08-07 04:00:00,11832.95,11855.0,11732.0,11785.84,28856.042
2020-08-07 08:00:00,11786.45,11855.0,11688.01,11763.58,34363.462
2020-08-07 12:00:00,11763.58,11780.0,11488.0,11647.96,65818.182
2020-08-07 16:00:00,11647.96,11668.46,11318.93,11494.28,87534.639
2020-08-07 20:00:00,11494.28,11645.28,11473.87,11596.06,27975.704
2020-08-08 00:00:00,11596.26,11657.88,11531.71,11545.01,20742.51
2020-08-08 04:00:00,11546.03,11625.52,11513.69,11588.0,16165.578
2020-08-08 08:00:00,11588.0,11797.0,11565.0,11780.0,36075.355
2020-08-08 12:00:00,11780.0,11819.0,11712.0,11745.26,24968.553
2020-08-08 16:00:00,11745.25,11766.2,11575.0,11719.31,36085.783
2020-08-08 20:00:00,11719.32,11790.9,11673.0,11765.72,20669.524
2020-08-09 00:00:00,11765.72,11811.0,11679.79,11739.8,19378.305
2020-08-09 04:00:00,11739.81,11750.0,11641.0,11709.0,16605.729
2020-08-09 08:00:00,11709.0,11727.0,11610.0,11694.18,18904.52
2020-08-09 12:00:00,11694.17,11694.17,11542.0,11575.09,31859.258
2020-08-09 16:00:00,11575.08,11665.9,11526.9,11635.3,23861.665
2020-08-09 20:00:00,11635.29,11700.0,11630.0,11685.99,14853.986
2020-08-10 00:00:00,11685.99,12100.0,11685.99,12041.82,73032.104
2020-08-10 04:00:00,12041.88,12084.79,11946.04,11980.72,30928.409
2020-08-10 08:00:00,11980.72,12023.13,11384.9,11741.77,72916.071
2020-08-10 12:00:00,11741.65,11983.77,11712.05,11930.8,57818.225
2020-08-10 16:00:00,11930.96,11968.08,11824.0,11869.79,30716.267
2020-08-10 20:00:00,11870.44,11897.0,11760.0,11896.89,25006.938
2020-08-11 00:00:00,11896.86,11944.0,11819.86,11846.1,23491.588
2020-08-11 04:00:00,11846.27,11868.18,11712.0,11757.66,30303.671
2020-08-11 08:00:00,11757.66,11780.0,11651.0,11753.63,34949.967
2020-08-11 12:00:00,11753.64,11753.64,11340.0,11493.15,87487.341
2020-08-11 16:00:00,11493.15,11560.0,11271.27,11395.4,74357.601
2020-08-11 20:00:00,11395.4,11428.78,11127.0,11392.64,86271.47
2020-08-12 00:00:00,11392.64,11423.0,11221.41,11386.45,40688.51
2020-08-12 04:00:00,11386.45,11488.0,11140.0,11450.69,48501.846
2020-08-12 08:00:00,11450.77,11546.02,11425.0,11465.64,37810.327
2020-08-12 12:00:00,11465.68,11630.0,11430.0,11584.09,38776.282
2020-08-12 16:00:00,11584.09,11620.0,11472.63,11574.18,30958.092
2020-08-12 20:00:00,11573.83,11599.36,11490.7,11568.36,17064.434
2020-08-13 00:00:00,11568.37,11667.96,11530.0,11571.58,26824.565
2020-08-13 04:00:00,11571.71,11596.0,11501.0,11519.82,17628.382
2020-08-13 08:00:00,11519.44,11634.72,11272.0,11561.48,75601.545
2020-08-13 12:00:00,11561.48,11593.0,11388.0,11505.16,47247.48
2020-08-13 16:00:00,11505.01,11549.75,11450.0,11514.18,20401.49
2020-08-13 20:00:00,11514.17,11798.0,11514.17,11790.0,60511.263
2020-08-14 00:00:00,11790.0,11850.0,11670.01,11734.57,32983.229
2020-08-14 04:00:00,11733.78,11769.1,11644.6,11706.99,20242.826
2020-08-14 08:00:00,11706.99,11785.0,11674.0,11770.41,23020.259
2020-08-14 12:00:00,11770.41,11773.49,11645.0,11748.52,24225.076
2020-08-14 16:00:00,11748.44,11868.42,11715.01,11808.98,38210.645
2020-08-14 20:00:00,11808.99,11831.97,11708.0,11767.89,20337.924
2020-08-15 00:00:00,11767.89,11993.58,11767.89,11900.97,41220.568
2020-08-15 04:00:00,11900.97,11938.0,11822.52,11902.08,23343.666
2020-08-15 08:00:00,11902.08,11946.74,11813.0,11853.53,32724.96
2020-08-15 12:00:00,11853.53,11910.0,11682.0,11858.01,46650.636
2020-08-15 16:00:00,11859.44,11912.01,11813.39,11845.91,23307.736
2020-08-15 20:00:00,11845.9,11988.0,11740.0,11859.04,55015.421
2020-08-16 00:00:00,11858.91,11943.18,11780.0,11942.2,28650.742
2020-08-16 04:00:00,11942.2,11945.0,11865.0,11873.14,18872.31
2020-08-16 08:00:00,11873.08,11900.0,11735.0,11762.44,41376.936
2020-08-16 12:00:00,11762.24,11886.99,11688.0,11867.06,37816.176
2020-08-16 16:00:00,11867.06,11909.0,11810.0,11827.2,18441.617
2020-08-16 20:00:00,11827.23,11930.0,11800.47,11921.23,20575.94
2020-08-17 00:00:00,11921.32,11947.0,11780.0,11856.27,32483.618
2020-08-17 04:00:00,11856.26,11869.0,11796.26,11816.96,16817.024
2020-08-17 08:00:00,11816.96,11933.58,11816.51,11919.01,26965.348
2020-08-17 12:00:00,11919.02,12490.0,11799.26,12443.99,152971.642
2020-08-17 16:00:00,12443.99,12499.42,12290.55,12349.85,62568.564
2020-08-17 20:00:00,12350.16,12421.0,12224.88,12298.06,39628.916
2020-08-18 00:00:00,12298.06,12403.0,12291.0,12318.35,31828.272
2020-08-18 04:00:00,12318.35,12328.62,12206.0,12275.56,30997.088
2020-08-18 08:00:00,12275.62,12321.0,12175.0,12188.31,34358.346
2020-08-18 12:00:00,12188.0,12280.0,11810.0,11950.01,130105.1
2020-08-18 16:00:00,11950.01,12059.9,11866.6,11999.95,40362.197
2020-08-18 20:00:00,11999.96,12100.0,11957.38,11960.79,23698.885
2020-08-19 00:00:00,11962.03,12037.05,11840.31,11855.34,32353.684
2020-08-19 04:00:00,11855.33,11891.13,11620.0,11830.99,93071.367
2020-08-19 08:00:00,11830.99,11876.71,11741.87,11850.9,37993.837
2020-08-19 12:00:00,11850.82,11922.5,11705.05,11735.22,49231.003
2020-08-19 16:00:00,11735.02,11796.0,11651.0,11663.56,59176.183
2020-08-19 20:00:00,11663.55,11780.0,11574.78,11763.87,41440.992
2020-08-20 00:00:00,11763.88,11833.97,11698.0,11707.83,26282.895
2020-08-20 04:00:00,11707.82,11796.39,11676.03,11710.37,22221.714
2020-08-20 08:00:00,11710.69,11825.25,11690.47,11825.0,26308.858
2020-08-20 12:00:00,11825.0,11875.0,11743.08,11860.95,27285.001
2020-08-20 16:00:00,11861.0,11886.0,11820.33,11851.93,16189.526
2020-08-20 20:00:00,11851.79,11888.0,11811.36,11857.92,12693.05
2020-08-21 00:00:00,11858.53,11882.68,11785.06,11870.5,16251.776
2020-08-21 04:00:00,11870.47,11878.65,11813.75,11842.01,13705.2
2020-08-21 08:00:00,11842.01,11842.01,11695.7,11721.84,28123.523
2020-08-21 12:00:00,11721.83,11780.0,11628.79,11725.67,42115.431
2020-08-21 16:00:00,11725.86,11777.0,11608.08,11679.24,43756.173
2020-08-21 20:00:00,11679.69,11717.41,11491.0,11538.53,51154.433
2020-08-22 00:00:00,11538.53,11549.16,11385.06,11478.46,40832.282
2020-08-22 04:00:00,11478.46,11596.0,11417.86,11584.77,23108.203
2020-08-22 08:00:00,11584.77,11625.0,11550.0,11566.0,19306.212
2020-08-22 12:00:00,11566.0,11645.66,11565.34,11587.13,17461.785
2020-08-22 16:00:00,11587.0,11625.97,11560.0,11595.63,11533.238
2020-08-22 20:00:00,11595.63,11689.08,11577.7,11670.47,14455.01
2020-08-23 00:00:00,11670.48,11695.9,11592.29,11605.59,12814.89
2020-08-23 04:00:00,11605.59,11626.82,11565.0,11621.61,10954.569
2020-08-23 08:00:00,11621.6,11624.0,11522.15,11532.84,16544.675
2020-08-23 12:00:00,11532.84,11675.0,11529.13,11655.48,27346.818
2020-08-23 16:00:00,11655.47,11698.0,11625.0,11686.39,13048.562
2020-08-23 20:00:00,11686.4,11724.0,11644.01,11654.0,14898.519
2020-08-24 00:00:00,11654.0,11695.13,11595.0,11687.61,16586.16
2020-08-24 04:00:00,11687.61,11780.0,11645.71,11761.52,21167.396
2020-08-24 08:00:00,11762.14,11831.96,11761.05,11799.0,21793.872
2020-08-24 12:00:00,11798.99,11825.0,11731.29,11768.0,21829.287
2020-08-24 16:00:00,11767.87,11788.66,11706.61,11755.27,14678.939
2020-08-24 20:00:00,11755.26,11790.0,11711.0,11753.3,12725.471
2020-08-25 00:00:00,11753.29,11770.0,11660.05,11675.08,20967.336
2020-08-25 04:00:00,11675.08,11704.68,11556.0,11594.96,26554.873
2020-08-25 08:00:00,11594.96,11662.71,11518.92,11622.01,27518.397
2020-08-25 12:00:00,11622.01,11622.01,11344.4,11431.11,81546.389
2020-08-25 16:00:00,11431.1,11459.38,11130.0,11304.62,80587.843
2020-08-25 20:00:00,11304.74,11395.0,11234.13,11327.17,30059.933
2020-08-26 00:00:00,11327.18,11408.95,11257.71,11370.99,22696.955
2020-08-26 04:00:00,11370.99,11400.0,11303.81,11353.29,20674.859
2020-08-26 08:00:00,11353.3,11450.47,11337.37,11385.43,26653.121
2020-08-26 12:00:00,11385.43,11510.35,11255.95,11484.57,61314.78
2020-08-26 16:00:00,11484.57,11548.68,11436.31,11468.81,24275.539
2020-08-26 20:00:00,11468.81,11512.66,11438.0,11466.22,14689.77
2020-08-27 00:00:00,11466.22,11486.61,11366.22,11388.76,20281.562
2020-08-27 04:00:00,11388.76,11418.29,11335.0,11411.33,18611.525
2020-08-27 08:00:00,11411.32,11454.08,11305.0,11316.77,24785.84
2020-08-27 12:00:00,11316.77,11593.0,11257.8,11329.47,102680.069
2020-08-27 16:00:00,11329.47,11371.0,11130.82,11251.34,66087.793
2020-08-27 20:00:00,11251.34,11344.9,11232.33,11335.53,21331.553
2020-08-28 00:00:00,11335.83,11400.0,11283.19,11383.95,22258.229
2020-08-28 04:00:00,11383.87,11447.62,11363.8,11382.52,19085.789
2020-08-28 08:00:00,11382.52,11480.0,11360.0,11474.99,26813.059
2020-08-28 12:00:00,11476.12,11538.6,11401.0,11531.42,30619.279
2020-08-28 16:00:00,11531.42,11544.88,11464.42,11501.01,19011.03
2020-08-28 20:00:00,11501.0,11538.72,11456.34,11526.85,11690.241
2020-08-29 00:00:00,11526.85,11543.0,11465.0,11504.01,10949.697
2020-08-29 04:00:00,11504.0,11582.0,11482.62,11558.99,14550.12
2020-08-29 08:00:00,11558.99,11573.32,11419.34,11450.19,22297.909
2020-08-29 12:00:00,11450.18,11515.0,11438.0,11501.59,14189.33
2020-08-29 16:00:00,11501.59,11549.99,11480.0,11525.53,11828.685
2020-08-29 20:00:00,11525.53,11536.95,11459.73,11466.66,9899.488
2020-08-30 00:00:00,11466.27,11656.85,11457.88,11616.36,26331.148
2020-08-30 04:00:00,11616.24,11628.0,11568.78,11595.34,10410.81
2020-08-30 08:00:00,11595.26,11615.0,11556.0,11607.64,13242.012
2020-08-30 12:00:00,11607.19,11665.0,11565.73,11618.57,26402.45
2020-08-30 16:00:00,11618.44,11692.63,11583.29,11649.13,17496.042
2020-08-30 20:00:00,11649.17,11724.12,11594.38,11714.14,19384.21
2020-08-31 00:00:00,11714.13,11730.0,11670.49,11681.3,13323.769
2020-08-31 04:00:00,11681.3,11709.0,11604.3,11625.35,16778.05
2020-08-31 08:00:00,11625.35,11720.0,11575.78,11688.99,27512.352
2020-08-31 12:00:00,11689.17,11784.21,11668.0,11748.99,36720.544
2020-08-31 16:00:00,11749.0,11759.0,11702.01,11730.17,12961.424
2020-08-31 20:00:00,11729.91,11736.15,11621.14,11658.11,19976.239
2020-09-01 00:00:00,11658.11,11710.0,11531.34,11698.75,30317.27
2020-09-01 04:00:00,11698.75,11956.2,11686.0,11933.08,46954.569
2020-09-01 08:00:00,11934.24,11965.0,11852.04,11884.94,34301.531
2020-09-01 12:00:00,11884.99,12055.16,11812.0,12049.13,44820.093
2020-09-01 16:00:00,12049.12,12061.07,11960.69,11969.79,25662.145
2020-09-01 20:00:00,11969.78,12059.79,11867.0,11930.18,29625.22
2020-09-02 00:00:00,11930.17,11961.0,11834.77,11844.12,27916.356
2020-09-02 04:00:00,11844.11,11910.3,11730.02,11737.67,35349.668
2020-09-02 08:00:00,11737.66,11765.0,11156.0,11417.49,100828.41
2020-09-02 12:00:00,11417.5,11488.0,11210.0,11340.25,62558.146
2020-09-02 16:00:00,11340.84,11411.83,11246.04,11398.25,34865.161
2020-09-02 20:00:00,11398.26,11446.64,11311.94,11396.96,18894.223
2020-09-03 00:00:00,11396.44,11450.0,11337.01,11356.12,21834.339
2020-09-03 04:00:00,11356.12,11433.02,11251.0,11408.58,42733.04
2020-09-03 08:00:00,11408.61,11475.0,11189.71,11218.97,54308.392
2020-09-03 12:00:00,11218.98,11263.76,10443.6,10683.59,192504.468
2020-09-03 16:00:00,10683.82,10778.2,10559.0,10689.77,67703.508
2020-09-03 20:00:00,10689.78,10800.0,9901.16,10141.08,108728.99
2020-09-04 00:00:00,10141.4,10347.99,10056.0,10269.79,64275.708
2020-09-04 04:00:00,10269.79,10339.46,10100.0,10295.64,53428.726
2020-09-04 08:00:00,10295.78,10530.37,10295.0,10421.25,73937.613
2020-09-04 12:00:00,10423.84,10500.0,9878.65,10427.24,141250.827
2020-09-04 16:00:00,10428.91,10598.87,10306.29,10568.37,62422.654
2020-09-04 20:00:00,10568.36,10635.77,10430.49,10448.0,37248.313
2020-09-05 00:00:00,10448.0,10567.87,10380.64,10409.93,35489.957
2020-09-05 04:00:00,10409.93,10498.0,10356.48,10404.88,37349.467
2020-09-05 08:00:00,10404.88,10404.89,10126.0,10227.9,56568.61
2020-09-05 12:00:00,10226.43,10350.0,9975.85,10274.78,94763.129
2020-09-05 16:00:00,10274.95,10302.19,9808.58,9960.16,120142.393
2020-09-05 20:00:00,9960.76,10190.0,9887.2,10168.71,54993.726
2020-09-06 00:00:00,10168.23,10247.19,10054.13,10167.22,32981.497
2020-09-06 04:00:00,10167.51,10260.59,10003.0,10232.56,41182.837
2020-09-06 08:00:00,10232.42,10286.0,10169.0,10266.67,32911.428
2020-09-06 12:00:00,10266.45,10303.0,10125.56,10176.25,29082.612
2020-09-06 16:00:00,10176.25,10280.0,10145.34,10257.52,20054.985
2020-09-06 20:00:00,10257.53,10348.97,10186.0,10258.13,33994.295
2020-09-07 00:00:00,10258.13,10315.13,10181.01,10203.56,17143.751
2020-09-07 04:00:00,10203.82,10241.0,10050.01,10116.19,32439.217
2020-09-07 08:00:00,10116.2,10188.54,10000.0,10031.6,49753.138
2020-09-07 12:00:00,10031.6,10169.67,9879.68,10147.19,88031.633
2020-09-07 16:00:00,10147.25,10241.9,10127.23,10150.63,30372.099
2020-09-07 20:00:00,10150.63,10420.55,10089.15,10378.76,40737.111
2020-09-08 00:00:00,10379.3,10443.79,10300.0,10306.5,25331.535
2020-09-08 04:00:00,10306.49,10324.25,10227.15,10269.9,23582.392
2020-09-08 08:00:00,10270.81,10343.4,9933.0,9987.07,70958.22
2020-09-08 12:00:00,9987.14,10158.81,9923.08,10101.92,82863.4
2020-09-08 16:00:00,10102.36,10175.0,9938.0,9994.0,43466.489
2020-09-08 20:00:00,9994.0,10241.38,9842.01,10129.02,71600.286
2020-09-09 00:00:00,10130.0,10154.23,9981.13,10028.24,26225.619
2020-09-09 04:00:00,10028.25,10200.0,10008.0,10191.96,26403.957
2020-09-09 08:00:00,10191.92,10288.0,10143.0,10224.42,24727.597
2020-09-09 12:00:00,10224.69,10279.82,10168.18,10246.0,30734.739
2020-09-09 16:00:00,10246.0,10346.0,10200.0,10277.91,23520.134
2020-09-09 20:00:00,10277.91,10297.94,10176.0,10219.29,19610.643
2020-09-10 00:00:00,10219.29,10417.07,10211.67,10372.36,33885.769
2020-09-10 04:00:00,10372.36,10421.03,10251.48,10274.01,25329.037
2020-09-10 08:00:00,10274.19,10322.0,10233.0,10293.12,24133.995
2020-09-10 12:00:00,10293.11,10484.6,10286.34,10414.51,50672.901
2020-09-10 16:00:00,10414.51,10443.51,10250.01,10269.36,37694.462
2020-09-10 20:00:00,10269.88,10356.28,10262.95,10335.91,15951.709
2020-09-11 00:00:00,10335.91,10380.5,10212.0,10221.7,27314.107
2020-09-11 04:00:00,10222.35,10292.54,10200.8,10260.0,24516.246
2020-09-11 08:00:00,10260.0,10334.99,10251.73,10256.26,27786.379
2020-09-11 12:00:00,10256.26,10330.0,10251.32,10319.09,23926.671
2020-09-11 16:00:00,10319.09,10347.44,10270.0,10324.68,17361.888
2020-09-11 20:00:00,10324.68,10397.85,10307.75,10387.81,15024.012
2020-09-12 00:00:00,10387.81,10399.96,10322.55,10342.39,12325.026
2020-09-12 04:00:00,10342.4,10370.0,10303.53,10343.7,10461.53
2020-09-12 08:00:00,10343.7,10357.71,10320.0,10340.62,10832.857
2020-09-12 12:00:00,10340.62,10380.0,10271.0,10359.86,23813.507
2020-09-12 16:00:00,10359.86,10477.7,10349.0,10458.26,26683.446
2020-09-12 20:00:00,10458.27,10470.21,10405.0,10438.28,13312.671
2020-09-13 00:00:00,10438.29,10558.64,10402.0,10553.48,20826.937
2020-09-13 04:00:00,10554.66,10580.0,10518.55,10540.08,15167.951
2020-09-13 08:00:00,10540.05,10557.52,10304.14,10322.51,40242.607
2020-09-13 12:00:00,10323.05,10352.68,10260.0,10281.78,33869.997
2020-09-13 16:00:00,10281.78,10322.2,10209.01,10307.61,34662.856
2020-09-13 20:00:00,10307.62,10329.99,10285.6,10327.72,14251.495
2020-09-14 00:00:00,10327.72,10368.0,10241.57,10344.9,19453.01
2020-09-14 04:00:00,10344.89,10400.0,10310.5,10395.81,16834.986
2020-09-14 08:00:00,10396.23,10474.99,10320.79,10465.46,38317.263
2020-09-14 12:00:00,10465.45,10692.23,10446.0,10688.0,73614.659
2020-09-14 16:00:00,10687.99,10746.06,10636.0,10657.78,32771.714
2020-09-14 20:00:00,10657.78,10740.0,10614.09,10664.1,24268.604
2020-09-15 00:00:00,10664.1,10838.96,10643.45,10747.59,32757.185
2020-09-15 04:00:00,10747.59,10777.98,10700.01,10735.41,20738.444
2020-09-15 08:00:00,10735.06,10880.0,10592.0,10814.0,61057.139
2020-09-15 12:00:00,10814.01,10923.42,10731.22,10781.0,67740.046
2020-09-15 16:00:00,10780.01,10822.3,10690.37,10777.76,33880.03
2020-09-15 20:00:00,10777.76,10869.99,10732.0,10776.78,31484.386
2020-09-16 00:00:00,10776.88,10785.0,10661.9,10772.61,34304.263
2020-09-16 04:00:00,10772.61,10937.52,10755.0,10910.7,36920.659
2020-09-16 08:00:00,10910.68,10925.0,10820.0,10893.78,40757.679
2020-09-16 12:00:00,10893.77,11021.93,10854.0,10998.0,59728.436
2020-09-16 16:00:00,10998.0,11089.08,10948.25,10979.01,57351.647
2020-09-16 20:00:00,10979.01,11041.17,10934.77,10948.17,23818.335
2020-09-17 00:00:00,10948.16,11040.0,10864.0,10867.12,39146.108
2020-09-17 04:00:00,10867.15,10925.71,10838.2,10878.42,26975.03
2020-09-17 08:00:00,10878.42,10899.62,10770.0,10871.59,36223.796
2020-09-17 12:00:00,10871.59,10878.99,10740.0,10833.0,42410.798
2020-09-17 16:00:00,10833.0,10918.8,10791.82,10910.58,22916.191
2020-09-17 20:00:00,10910.57,10969.75,10902.18,10935.33,18812.438
2020-09-18 00:00:00,10935.97,10955.96,10881.28,10917.89,14969.753
2020-09-18 04:00:00,10917.98,10979.79,10870.63,10948.05,19580.926
2020-09-18 08:00:00,10948.05,11035.0,10922.0,10972.08,24882.144
2020-09-18 12:00:00,10972.34,10997.37,10861.96,10892.7,33945.288
2020-09-18 16:00:00,10892.71,10896.48,10810.1,10858.76,29803.523
2020-09-18 20:00:00,10858.02,10938.07,10841.8,10926.29,12846.717
2020-09-19 00:00:00,10926.3,10971.78,10923.05,10969.67,14626.201
2020-09-19 04:00:00,10969.67,10974.99,10891.9,10892.64,10468.144
2020-09-19 08:00:00,10892.63,11168.52,10880.0,11130.7,36188.891
2020-09-19 12:00:00,11130.7,11177.0,11034.4,11082.99,33605.579
2020-09-19 16:00:00,11082.99,11112.04,11000.4,11046.34,19488.123
2020-09-19 20:00:00,11046.33,11080.0,11018.0,11073.74,11862.294
2020-09-20 00:00:00,11073.2,11073.9,10890.29,10940.54,31261.289
2020-09-20 04:00:00,10940.25,10988.66,10925.0,10956.63,15172.946
2020-09-20 08:00:00,10956.63,10977.94,10921.0,10946.15,13153.547
2020-09-20 12:00:00,10946.99,10953.22,10785.0,10829.0,37886.954
2020-09-20 16:00:00,10829.27,10897.0,10751.0,10863.32,29178.311
2020-09-20 20:00:00,10863.33,10938.83,10812.76,10914.28,23797.515
2020-09-21 00:00:00,10915.52,10972.5,10886.02,10955.0,23226.638
2020-09-21 04:00:00,10955.01,10980.69,10882.91,10896.0,20009.368
2020-09-21 08:00:00,10896.0,10907.32,10572.01,10634.48,102195.258
2020-09-21 12:00:00,10634.48,10636.0,10281.0,10415.61,114618.582
2020-09-21 16:00:00,10415.61,10498.0,10352.06,10496.0,41751.809
2020-09-21 20:00:00,10496.0,10532.95,10405.72,10414.73,31245.49
2020-09-22 00:00:00,10414.73,10488.17,10353.1,10447.7,28883.79
2020-09-22 04:00:00,10448.05,10499.35,10359.01,10374.05,31862.465
2020-09-22 08:00:00,10374.23,10504.3,10373.0,10449.99,33381.46
2020-09-22 12:00:00,10449.99,10518.55,10420.0,10448.68,38009.132
2020-09-22 16:00:00,10448.68,10503.3,10444.09,10487.06,17742.725
2020-09-22 20:00:00,10487.06,10574.08,10449.9,10523.32,30021.114
2020-09-23 00:00:00,10523.32,10529.0,10465.67,10470.21,13650.828
2020-09-23 04:00:00,10470.87,10485.0,10374.12,10423.76,33679.863
2020-09-23 08:00:00,10423.77,10490.0,10398.45,10469.31,21642.768
2020-09-23 12:00:00,10469.31,10531.94,10440.16,10446.46,29035.248
2020-09-23 16:00:00,10446.46,10489.73,10251.0,10288.97,50960.46
2020-09-23 20:00:00,10288.98,10318.0,10132.21,10237.91,54058.375
2020-09-24 00:00:00,10237.91,10339.99,10191.0,10298.86,25744.364
2020-09-24 04:00:00,10298.86,10352.0,10267.0,10334.99,22079.018
2020-09-24 08:00:00,10335.0,10433.0,10276.91,10406.49,34422.482
2020-09-24 12:00:00,10406.49,10542.66,10326.9,10532.65,52759.237
2020-09-24 16:00:00,10532.65,10737.0,10529.25,10644.56,71657.564
2020-09-24 20:00:00,10644.57,10837.27,10614.05,10724.92,34983.908
2020-09-25 00:00:00,10724.91,10754.29,10657.0,10661.48,19915.6
2020-09-25 04:00:00,10661.48,10697.78,10613.39,10682.49,23408.227
2020-09-25 08:00:00,10682.49,10682.49,10551.56,10624.8,40352.088
2020-09-25 12:00:00,10624.81,10680.0,10552.54,10640.81,40194.849
2020-09-25 16:00:00,10640.81,10739.8,10620.4,10713.35,28018.728
2020-09-25 20:00:00,10713.35,10748.68,10646.2,10683.51,19041.281
2020-09-26 00:00:00,10683.5,10743.0,10642.23,10701.0,16870.596
2020-09-26 04:00:00,10701.0,10827.8,10683.57,10701.39,31235.822
2020-09-26 08:00:00,10701.39,10727.96,10659.54,10706.95,15657.544
2020-09-26 12:00:00,10706.95,10738.99,10665.0,10718.63,16148.72
2020-09-26 16:00:00,10718.29,10776.68,10678.03,10715.79,18074.146
2020-09-26 20:00:00,10715.79,10752.02,10698.01,10726.5,11353.663
2020-09-27 00:00:00,10726.5,10793.5,10719.0,10777.99,16620.958
2020-09-27 04:00:00,10778.0,10792.0,10620.0,10667.25,27393.744
2020-09-27 08:00:00,10667.26,10678.0,10602.76,10622.43,20608.711
2020-09-27 12:00:00,10622.42,10763.5,10584.0,10750.0,26422.613
2020-09-27 16:00:00,10749.99,10775.23,10700.0,10727.23,18599.239
2020-09-27 20:00:00,10727.23,10776.45,10701.51,10768.0,13795.451
2020-09-28 00:00:00,10768.0,11024.0,10767.99,10881.81,52890.774
2020-09-28 04:00:00,10881.81,10912.0,10833.53,10852.93,17283.648
2020-09-28 08:00:00,10852.92,10902.38,10830.0,10877.47,21179.094
2020-09-28 12:00:00,10877.48,10939.99,10829.23,10898.97,38322.749
2020-09-28 16:00:00,10898.97,10913.96,10832.0,10866.0,17414.93
2020-09-28 20:00:00,10865.99,10887.65,10627.19,10691.45,40014.182
2020-09-29 00:00:00,10691.94,10728.03,10655.0,10687.45,21671.725
2020-09-29 04:00:00,10687.45,10744.54,10666.6,10722.0,16107.961
2020-09-29 08:00:00,10722.01,10797.0,10700.11,10754.98,23345.832
2020-09-29 12:00:00,10754.98,10783.6,10711.47,10722.5,23538.931
2020-09-29 16:00:00,10722.49,10763.69,10631.49,10735.0,39050.039
2020-09-29 20:00:00,10735.01,10863.94,10735.01,10836.98,23173.831
2020-09-30 00:00:00,10836.99,10845.99,10735.0,10739.49,18652.289
2020-09-30 04:00:00,10739.94,10761.33,10669.25,10700.95,25966.113
2020-09-30 08:00:00,10701.6,10725.71,10660.05,10677.26,20891.965
2020-09-30 12:00:00,10677.27,10789.6,10666.08,10773.26,22289.896
2020-09-30 16:00:00,10772.64,10796.0,10676.23,10704.65,29499.532
2020-09-30 20:00:00,10704.65,10786.83,10680.54,10773.0,15534.321
2020-10-01 00:00:00,10773.0,10850.0,10773.0,10795.17,21940.388
2020-10-01 04:00:00,10795.17,10840.01,10786.22,10817.81,13772.241
2020-10-01 08:00:00,10817.82,10935.14,10807.26,10897.75,40879.141
2020-10-01 12:00:00,10897.75,10905.15,10706.03,10710.35,39207.522
2020-10-01 16:00:00,10710.36,10713.0,10442.0,10611.01,115926.767
2020-10-01 20:00:00,10611.0,10629.25,10562.0,10612.63,21893.563
2020-10-02 00:00:00,10612.62,10649.0,10577.82,10642.01,17650.479
2020-10-02 04:00:00,10642.02,10660.0,10378.38,10483.88,70668.05
2020-10-02 08:00:00,10483.89,10490.0,10371.03,10430.13,42083.743
2020-10-02 12:00:00,10430.14,10599.67,10425.24,10507.17,49267.27
2020-10-02 16:00:00,10507.18,10561.44,10487.86,10511.99,22616.717
2020-10-02 20:00:00,10510.87,10578.54,10460.0,10565.15,22460.778
2020-10-03 00:00:00,10565.44,10571.73,10516.67,10548.07,12269.607
2020-10-03 04:00:00,10548.08,10559.15,10491.11,10523.67,10904.258
2020-10-03 08:00:00,10523.49,10558.83,10493.86,10530.89,15412.867
2020-10-03 12:00:00,10530.89,10548.0,10514.08,10536.95,11932.826
2020-10-03 16:00:00,10536.95,10596.0,10531.0,10577.29,16209.018
2020-10-03 20:00:00,10577.28,10582.78,10520.88,10537.96,9587.335
2020-10-04 00:00:00,10537.96,10554.99,10514.0,10541.29,9474.051
2020-10-04 04:00:00,10541.29,10648.0,10540.4,10607.86,19004.202
2020-10-04 08:00:00,10607.86,10616.0,10564.39,10594.2,13130.499
2020-10-04 12:00:00,10594.19,10614.0,10568.0,10586.81,10922.999
2020-10-04 16:00:00,10586.81,10694.0,10572.74,10667.93,23272.739
2020-10-04 20:00:00,10667.94,10685.0,10628.08,10660.16,15107.615
2020-10-05 00:00:00,10660.16,10738.77,10651.13,10659.44,19355.295
2020-10-05 04:00:00,10659.44,10683.71,10608.9,10677.99,21848.487
2020-10-05 08:00:00,10677.99,10687.0,10650.7,10658.41,14266.893
2020-10-05 12:00:00,10658.42,10770.49,10650.0,10718.57,35494.746
2020-10-05 16:00:00,10718.58,10737.77,10675.5,10724.01,18921.782
2020-10-05 20:00:00,10724.12,10792.0,10722.0,10785.0,20701.934
2020-10-06 00:00:00,10784.99,10792.0,10734.46,10757.71,17064.427
2020-10-06 04:00:00,10757.71,10777.0,10701.0,10705.0,17552.924
2020-10-06 08:00:00,10705.0,10751.69,10650.0,10693.32,28408.166
2020-10-06 12:00:00,10693.32,10753.0,10613.0,10726.87,39633.433
2020-10-06 16:00:00,10726.87,10743.99,10528.24,10565.0,55277.952
2020-10-06 20:00:00,10565.0,10609.62,10510.66,10593.65,26958.348
2020-10-07 00:00:00,10593.65,10600.0,10540.29,10571.35,17171.165
2020-10-07 04:00:00,10571.35,10624.98,10566.11,10612.16,18123.004
2020-10-07 08:00:00,10612.17,10619.48,10563.08,10592.28,18820.158
2020-10-07 12:00:00,10592.28,10645.62,10590.0,10624.88,23369.363
2020-10-07 16:00:00,10624.87,10675.0,10593.0,10645.92,20426.431
2020-10-07 20:00:00,10646.62,10666.0,10635.01,10658.75,8790.401
2020-10-08 00:00:00,10658.75,10664.77,10612.0,10634.23,10358.395
2020-10-08 04:00:00,10634.23,10640.97,10557.14,10586.29,23381.297
2020-10-08 08:00:00,10586.3,10627.09,10523.0,10598.42,27955.025
2020-10-08 12:00:00,10598.99,10958.0,10586.31,10892.69,97054.461
2020-10-08 16:00:00,10892.69,10951.99,10836.34,10873.71,35407.87
2020-10-08 20:00:00,10873.72,10931.28,10857.28,10919.45,13781.813
2020-10-09 00:00:00,10919.45,10934.43,10854.0,10881.96,14042.663
2020-10-09 04:00:00,10881.55,10900.0,10818.44,10888.66,16928.938
2020-10-09 08:00:00,10888.66,11110.0,10863.81,11049.28,56613.701
2020-10-09 12:00:00,11049.41,11100.0,11032.51,11083.37,30588.771
2020-10-09 16:00:00,11083.8,11103.61,11011.0,11034.15,22228.31
2020-10-09 20:00:00,11035.02,11093.54,11015.0,11050.47,13934.435
2020-10-10 00:00:00,11050.46,11494.0,11050.46,11413.28,75335.23
2020-10-10 04:00:00,11413.86,11424.99,11350.08,11381.99,20854.409
2020-10-10 08:00:00,11381.99,11397.59,11237.49,11317.25,34066.695
2020-10-10 12:00:00,11317.24,11421.41,11280.86,11352.85,30801.275
2020-10-10 16:00:00,11352.5,11378.26,11310.67,11353.93,16006.632
2020-10-10 20:00:00,11353.93,11377.32,11264.4,11294.79,22333.771
2020-10-11 00:00:00,11294.78,11399.86,11273.77,11332.17,18865.732
2020-10-11 04:00:00,11332.17,11374.23,11303.77,11353.96,11828.177
2020-10-11 08:00:00,11353.96,11413.78,11330.26,11375.46,21807.397
2020-10-11 12:00:00,11376.0,11450.73,11333.03,11404.69,36746.119
2020-10-11 16:00:00,11404.7,11429.09,11312.0,11335.0,31147.753
2020-10-11 20:00:00,11335.0,11395.67,11278.0,11369.59,25927.898
2020-10-12 00:00:00,11369.59,11412.59,11345.86,11382.48,16829.623
2020-10-12 04:00:00,11382.49,11417.76,11327.9,11376.31,20782.41
2020-10-12 08:00:00,11376.24,11394.64,11157.0,11246.32,45888.872
2020-10-12 12:00:00,11246.31,11600.0,11240.3,11551.71,82872.438
2020-10-12 16:00:00,11551.67,11579.52,11529.48,11548.46,28580.191
2020-10-12 20:00:00,11548.55,11732.0,11435.0,11530.36,59263.669
2020-10-13 00:00:00,11530.37,11546.44,11412.0,11460.52,31968.137
2020-10-13 04:00:00,11460.94,11520.57,11422.11,11452.92,19908.952
2020-10-13 08:00:00,11452.91,11562.0,11372.06,11486.28,39391.949
2020-10-13 12:00:00,11486.28,11508.73,11308.0,11384.65,63380.012
2020-10-13 16:00:00,11384.53,11433.51,11338.98,11387.66,28480.583
2020-10-13 20:00:00,11387.13,11460.73,11386.16,11419.36,15985.482
2020-10-14 00:00:00,11419.36,11489.48,11385.13,11386.97,17522.677
2020-10-14 04:00:00,11386.64,11430.0,11355.17,11412.24,19157.73
2020-10-14 08:00:00,11412.27,11445.99,11353.01,11362.0,26889.856
2020-10-14 12:00:00,11362.0,11550.0,11280.5,11319.81,79327.028
2020-10-14 16:00:00,11319.81,11372.31,11285.06,11341.26,31937.329
2020-10-14 20:00:00,11341.26,11433.18,11336.21,11417.13,18102.35
2020-10-15 00:00:00,11417.12,11425.65,11354.73,11378.28,14858.684
2020-10-15 04:00:00,11378.41,11420.0,11364.0,11393.98,13536.358
2020-10-15 08:00:00,11393.99,11402.11,11250.0,11315.0,51752.942
2020-10-15 12:00:00,11314.56,11413.45,11268.77,11395.42,45437.9
2020-10-15 16:00:00,11395.42,11540.66,11362.0,11518.48,56206.978
2020-10-15 20:00:00,11518.48,11649.48,11450.0,11502.0,33467.537
2020-10-16 00:00:00,11502.0,11538.92,11467.38,11507.11,14711.178
2020-10-16 04:00:00,11507.1,11507.11,11175.0,11309.01,89583.046
2020-10-16 08:00:00,11309.01,11398.6,11215.0,11367.77,46151.675
2020-10-16 12:00:00,11367.77,11392.0,11280.0,11332.58,30478.749
2020-10-16 16:00:00,11332.57,11366.88,11305.8,11307.66,16282.491
2020-10-16 20:00:00,11307.66,11348.02,11273.1,11318.92,15131.946
2020-10-17 00:00:00,11319.51,11362.98,11260.0,11358.73,16960.876
2020-10-17 04:00:00,11358.71,11379.2,11332.03,11340.95,10101.787
2020-10-17 08:00:00,11340.95,11353.7,11308.53,11342.21,11863.464
2020-10-17 12:00:00,11342.21,11424.09,11250.0,11335.91,36636.943
2020-10-17 16:00:00,11335.9,11359.81,11300.42,11340.29,13087.982
2020-10-17 20:00:00,11340.28,11364.1,11323.0,11356.25,7241.914
2020-10-18 00:00:00,11356.25,11397.0,11342.54,11364.54,13276.648
2020-10-18 04:00:00,11364.54,11468.0,11360.52,11452.44,19748.761
2020-10-18 08:00:00,11452.45,11477.52,11398.0,11417.81,14116.808
2020-10-18 12:00:00,11417.81,11489.0,11410.0,11445.55,17630.263
2020-10-18 16:00:00,11445.54,11474.98,11427.01,11430.44,11004.634
2020-10-18 20:00:00,11430.44,11529.93,11411.0,11501.1,16695.077
2020-10-19 00:00:00,11501.5,11543.0,11404.01,11412.59,23831.2
2020-10-19 04:00:00,11412.59,11464.0,11405.0,11459.05,12140.933
2020-10-19 08:00:00,11459.05,11529.99,11442.62,11474.34,20048.621
2020-10-19 12:00:00,11474.34,11829.0,11469.6,11801.12,104297.796
2020-10-19 16:00:00,11801.12,11830.0,11656.01,11687.69,46562.678
2020-10-19 20:00:00,11687.68,11774.0,11658.01,11745.0,23280.42
2020-10-20 00:00:00,11744.99,11761.65,11673.0,11737.91,16372.043
2020-10-20 04:00:00,11737.92,11848.0,11701.0,11730.01,40683.936
2020-10-20 08:00:00,11730.22,11937.63,11696.0,11774.2,74963.383
2020-10-20 12:00:00,11774.09,11980.0,11760.0,11920.79,85341.5
2020-10-20 16:00:00,11920.76,12045.78,11880.01,11905.27,65877.118
2020-10-20 20:00:00,11907.17,11954.83,11851.0,11900.03,29573.822
2020-10-21 00:00:00,11900.03,12232.9,11876.0,12172.67,78017.402
2020-10-21 04:00:00,12172.67,12294.96,12116.0,12193.32,56947.344
2020-10-21 08:00:00,12193.32,12382.23,12125.0,12329.99,54370.026
2020-10-21 12:00:00,12329.48,12888.88,12265.0,12729.81,168950.467
2020-10-21 16:00:00,12729.81,12919.61,12655.55,12680.0,84968.294
2020-10-21 20:00:00,12680.0,13240.0,12630.0,12796.07,148709.536
2020-10-22 00:00:00,12796.06,12940.0,12690.0,12724.73,47712.849
2020-10-22 04:00:00,12724.73,12828.69,12675.5,12751.88,32312.713
2020-10-22 08:00:00,12751.88,13031.37,12690.0,12970.46,66163.371
2020-10-22 12:00:00,12970.46,12979.74,12800.67,12932.33,57490.791
2020-10-22 16:00:00,12932.33,13149.0,12915.02,13072.17,66948.401
2020-10-22 20:00:00,13072.18,13188.27,12931.36,12968.87,73223.541
2020-10-23 00:00:00,12970.39,13000.0,12835.75,12959.76,40441.674
2020-10-23 04:00:00,12959.77,12991.0,12865.0,12889.36,32706.839
2020-10-23 08:00:00,12889.35,13043.0,12856.0,12971.7,40234.106
2020-10-23 12:00:00,12971.43,13015.3,12900.0,12925.26,36993.375
2020-10-23 16:00:00,12925.26,12955.0,12725.04,12918.0,63170.925
2020-10-23 20:00:00,12917.99,12975.0,12870.01,12925.82,23495.607
2020-10-24 00:00:00,12925.82,13015.02,12871.07,12971.48,22548.202
2020-10-24 04:00:00,12971.49,13003.28,12902.0,12926.21,16640.811
2020-10-24 08:00:00,12926.2,13000.0,12906.12,12991.99,19085.704
2020-10-24 12:00:00,12991.99,13177.59,12927.68,13103.61,67764.16
2020-10-24 16:00:00,13103.87,13149.33,13020.66,13119.0,31567.862
2020-10-24 20:00:00,13119.0,13132.0,13021.0,13110.88,18539.892
2020-10-25 00:00:00,13110.88,13369.0,13070.0,13300.61,41862.371
2020-10-25 04:00:00,13300.61,13345.0,12715.0,13019.26,73369.177
2020-10-25 08:00:00,13019.26,13023.0,12887.42,12947.62,32831.151
2020-10-25 12:00:00,12947.62,13017.65,12930.51,12939.37,20706.792
2020-10-25 16:00:00,12939.17,13047.0,12909.26,13038.35,23154.569
2020-10-25 20:00:00,13038.34,13045.9,12976.01,13023.81,14088.592
2020-10-26 00:00:00,13024.21,13128.2,12964.11,13086.21,28769.408
2020-10-26 04:00:00,13086.22,13144.0,13018.03,13033.7,29680.962
2020-10-26 08:00:00,13033.69,13179.06,12830.0,13139.8,50990.515
2020-10-26 12:00:00,13139.8,13240.0,12921.0,12974.55,84533.121
2020-10-26 16:00:00,12974.0,13035.27,12729.0,12997.57,98339.923
2020-10-26 20:00:00,12997.88,13087.47,12978.0,13047.24,24189.367
2020-10-27 00:00:00,13047.24,13128.43,13041.3,13078.89,22866.82
2020-10-27 04:00:00,13079.14,13158.0,13055.0,13138.51,26517.687
2020-10-27 08:00:00,13138.51,13510.51,13080.06,13448.85,98015.484
2020-10-27 12:00:00,13448.85,13650.57,13308.88,13605.24,96417.351
2020-10-27 16:00:00,13605.16,13744.0,13512.74,13650.0,106278.043
2020-10-27 20:00:00,13650.01,13787.83,13550.22,13629.38,61414.121
2020-10-28 00:00:00,13629.89,13863.0,13589.23,13776.15,56823.937
2020-10-28 04:00:00,13776.16,13817.0,13521.23,13657.91,57967.924
2020-10-28 08:00:00,13657.91,13700.75,13301.0,13314.95,104205.329
2020-10-28 12:00:00,13314.85,13371.77,12876.0,13208.65,160588.204
2020-10-28 16:00:00,13208.65,13247.27,12996.01,13156.48,66485.267
2020-10-28 20:00:00,13156.47,13295.84,13090.1,13256.17,30923.128
2020-10-29 00:00:00,13255.79,13295.84,13134.03,13269.91,31749.09
2020-10-29 04:00:00,13269.92,13338.25,13110.63,13131.05,36335.385
2020-10-29 08:00:00,13131.06,13205.0,13034.0,13043.12,48437.326
2020-10-29 12:00:00,13043.02,13475.24,12965.0,13429.04,112725.521
2020-10-29 16:00:00,13428.88,13637.22,13388.05,13482.02,82846.9
2020-10-29 20:00:00,13482.09,13540.0,13373.74,13446.65,43258.114
2020-10-30 00:00:00,13446.65,13665.65,13325.0,13425.56,62073.524
2020-10-30 04:00:00,13425.56,13489.17,13100.0,13215.0,80246.173
2020-10-30 08:00:00,13215.0,13362.0,13140.11,13339.0,63742.182
2020-10-30 12:00:00,13338.99,13546.89,13212.78,13540.01,62220.94
2020-10-30 16:00:00,13540.01,13574.0,13451.3,13526.19,38012.051
2020-10-30 20:00:00,13526.08,13656.36,13456.0,13549.12,43595.703
2020-10-31 00:00:00,13549.12,13735.0,13403.36,13484.59,55617.327
2020-10-31 04:00:00,13484.44,13609.0,13437.1,13565.0,27494.479
2020-10-31 08:00:00,13565.01,14140.0,13500.02,13929.99,156100.872
2020-10-31 12:00:00,13929.61,13937.25,13726.31,13841.56,52939.932
2020-10-31 16:00:00,13841.06,13875.0,13671.0,13773.19,37476.461
2020-10-31 20:00:00,13773.2,13892.4,13739.2,13783.73,28224.159
2020-11-01 00:00:00,13783.73,13891.52,13628.37,13680.13,42790.545
2020-11-01 04:00:00,13680.13,13800.17,13605.9,13784.71,25740.749
2020-11-01 08:00:00,13784.71,13807.0,13650.0,13688.98,29584.798
2020-11-01 12:00:00,13688.99,13855.0,13660.0,13790.77,41978.97
2020-11-01 16:00:00,13790.02,13825.59,13752.0,13782.0,20693.966
2020-11-01 20:00:00,13782.0,13858.75,13631.0,13752.86,37606.203
2020-11-02 00:00:00,13752.87,13823.75,13636.58,13688.53,36853.251
2020-11-02 04:00:00,13688.53,13752.92,13632.76,13732.14,23227.342
2020-11-02 08:00:00,13732.13,13732.14,13356.66,13406.01,95671.909
2020-11-02 12:00:00,13406.0,13527.1,13195.0,13488.13,99348.222
2020-11-02 16:00:00,13488.13,13549.73,13440.03,13545.84,30761.006
2020-11-02 20:00:00,13545.84,13696.99,13523.21,13540.54,42130.038
2020-11-03 00:00:00,13541.55,13632.74,13303.86,13386.5,67127.655
2020-11-03 04:00:00,13386.49,13446.82,13276.33,13436.33,48878.71
2020-11-03 08:00:00,13436.34,13597.01,13395.0,13523.49,52507.486
2020-11-03 12:00:00,13523.5,13790.0,13465.88,13701.33,74684.61
2020-11-03 16:00:00,13701.33,13770.16,13670.0,13711.49,28466.427
2020-11-03 20:00:00,13712.05,14070.0,13637.02,14016.55,77065.622
2020-11-04 00:00:00,14016.55,14038.45,13686.85,13890.02,95948.385
2020-11-04 04:00:00,13890.45,13918.0,13512.0,13592.83,71530.774
2020-11-04 08:00:00,13592.84,13748.08,13560.01,13712.59,56269.306
2020-11-04 12:00:00,13712.59,13917.67,13691.68,13899.01,65812.749
2020-11-04 16:00:00,13899.0,14280.0,13869.16,14096.63,107638.108
2020-11-04 20:00:00,14097.25,14246.85,13923.0,14134.31,54234.098
2020-11-05 00:00:00,14134.32,14372.84,14088.01,14302.06,63886.223
2020-11-05 04:00:00,14300.55,14517.0,14234.65,14469.71,75926.396
2020-11-05 08:00:00,14469.71,14741.0,14333.0,14713.97,110650.162
2020-11-05 12:00:00,14713.97,15180.0,14605.48,15079.08,172607.716
2020-11-05 16:00:00,15080.25,15366.53,14750.0,15119.98,164716.01
2020-11-05 20:00:00,15119.97,15777.0,15016.6,15598.75,129703.19
2020-11-06 00:00:00,15598.74,15984.2,15397.0,15452.09,166616.263
2020-11-06 04:00:00,15451.5,15795.93,15435.0,15738.0,67616.888
2020-11-06 08:00:00,15738.0,15747.33,15310.0,15588.0,104494.262
2020-11-06 12:00:00,15588.33,15734.0,15350.5,15418.38,101752.426
2020-11-06 16:00:00,15418.79,15573.9,15407.48,15446.61,44236.104
2020-11-06 20:00:00,15446.61,15691.0,15177.0,15590.96,74664.117
2020-11-07 00:00:00,15590.95,15774.0,15506.0,15555.91,49971.07
2020-11-07 04:00:00,15555.91,15638.32,15430.28,15459.42,29762.319
2020-11-07 08:00:00,15459.42,15598.0,15408.0,15528.4,29264.542
2020-11-07 12:00:00,15528.41,15564.99,15183.94,15352.22,68976.188
2020-11-07 16:00:00,15352.25,15421.58,14555.0,14654.74,170394.792
2020-11-07 20:00:00,14654.73,14930.0,14350.0,14824.34,109213.77
2020-11-08 00:00:00,14824.33,15125.0,14710.0,14969.8,46608.798
2020-11-08 04:00:00,14969.8,15078.91,14901.0,14932.41,27328.188
2020-11-08 08:00:00,14932.42,15198.0,14901.0,15171.82,37041.657
2020-11-08 12:00:00,15171.85,15438.41,15105.0,15349.33,62675.977
2020-11-08 16:00:00,15350.0,15678.0,15265.0,15339.53,77976.137
2020-11-08 20:00:00,15342.5,15535.87,15247.0,15473.2,38985.636
2020-11-09 00:00:00,15473.2,15598.0,15380.5,15433.37,35986.265
2020-11-09 04:00:00,15433.37,15495.0,15281.0,15306.0,35188.815
2020-11-09 08:00:00,15306.0,15869.0,15133.0,15807.88,83239.475
2020-11-09 12:00:00,15807.89,15814.33,14939.0,15006.9,186069.946
2020-11-09 16:00:00,15006.89,15455.2,14822.0,15359.57,89399.253
2020-11-09 20:00:00,15359.58,15492.0,15208.4,15328.72,44298.229
2020-11-10 00:00:00,15328.72,15426.74,15181.5,15333.01,33862.745
2020-11-10 04:00:00,15334.41,15447.71,15250.23,15279.24,33313.518
2020-11-10 08:00:00,15280.42,15474.17,15164.2,15282.81,51778.865
2020-11-10 12:00:00,15282.8,15397.0,15071.0,15167.88,67886.829
2020-11-10 16:00:00,15167.88,15341.44,15107.57,15298.13,35331.884
2020-11-10 20:00:00,15298.13,15395.0,15268.26,15294.68,21899.654
2020-11-11 00:00:00,15294.68,15520.0,15274.89,15404.53,41439.785
2020-11-11 04:00:00,15404.54,15446.08,15321.0,15401.93,21390.538
2020-11-11 08:00:00,15401.93,15684.75,15365.49,15576.66,54295.571
2020-11-11 12:00:00,15576.66,15724.39,15532.0,15671.21,51940.138
2020-11-11 16:00:00,15671.21,16000.0,15637.71,15814.85,109136.001
2020-11-11 20:00:00,15814.86,15894.94,15558.0,15690.24,52570.819
2020-11-12 00:00:00,15690.24,15717.34,15437.7,15633.01,41756.659
2020-11-12 04:00:00,15633.0,15932.0,15603.0,15863.1,41112.033
2020-11-12 08:00:00,15863.1,16176.22,15609.0,15762.88,135013.906
2020-11-12 12:00:00,15762.89,16153.74,15747.0,16123.99,103252.795
2020-11-12 16:00:00,16123.99,16208.78,15875.51,16058.82,83483.217
2020-11-12 20:00:00,16058.82,16345.0,16029.0,16289.02,67140.516
2020-11-13 00:00:00,16289.01,16479.99,16258.4,16432.35,59165.445
2020-11-13 04:00:00,16432.35,16449.9,16180.0,16251.79,52870.328
2020-11-13 08:00:00,16253.27,16360.0,16072.0,16221.99,64139.536
2020-11-13 12:00:00,16221.99,16312.0,16073.0,16101.81,51068.284
2020-11-13 16:00:00,16101.81,16298.55,15955.6,16282.0,52953.627
2020-11-13 20:00:00,16282.0,16355.0,16180.0,16320.54,26459.139
2020-11-14 00:00:00,16320.54,16326.82,16138.65,16177.01,30422.855
2020-11-14 04:00:00,16177.02,16198.88,16020.0,16085.39,35022.327
2020-11-14 08:00:00,16085.39,16128.0,15743.0,15916.92,79338.214
2020-11-14 12:00:00,15916.61,16049.0,15825.56,15944.01,39526.943
2020-11-14 16:00:00,15944.0,16016.0,15700.0,15875.71,54436.276
2020-11-14 20:00:00,15876.51,16140.91,15850.42,16064.51,27460.322
2020-11-15 00:00:00,16064.51,16104.6,15865.66,15923.8,30448.973
2020-11-15 04:00:00,15923.8,16096.0,15876.0,16027.39,21819.932
2020-11-15 08:00:00,16027.38,16161.23,15931.0,15950.0,42521.108
2020-11-15 12:00:00,15950.0,16114.99,15919.2,16022.0,34286.3
2020-11-15 16:00:00,16022.0,16059.4,15839.82,15849.84,43683.681
2020-11-15 20:00:00,15850.29,16008.56,15768.0,15952.27,37558.459
2020-11-16 00:00:00,15951.93,16044.87,15862.0,16001.08,30477.375
2020-11-16 04:00:00,16001.04,16292.0,15977.16,16230.87,50691.048
2020-11-16 08:00:00,16232.93,16390.0,16162.24,16232.04,50660.035
2020-11-16 12:00:00,16231.27,16476.61,16231.0,16445.0,54750.131
2020-11-16 16:00:00,16445.0,16847.0,16429.11,16776.35,100100.913
2020-11-16 20:00:00,16776.69,16882.0,16586.01,16707.07,55779.827
2020-11-17 00:00:00,16707.0,16828.4,16564.46,16572.58,40066.106
2020-11-17 04:00:00,16572.51,16773.49,16550.0,16741.17,32607.123
2020-11-17 08:00:00,16741.18,17022.3,16629.49,17001.99,65165.785
2020-11-17 12:00:00,17002.0,17377.36,16916.0,17322.38,122375.283
2020-11-17 16:00:00,17321.27,17890.1,17267.22,17693.48,213628.855
2020-11-17 20:00:00,17693.48,17732.1,17472.48,17670.01,50251.545
2020-11-18 00:00:00,17670.01,18120.0,17611.7,18071.58,69647.666
2020-11-18 04:00:00,18071.58,18520.0,17215.03,18077.38,227309.425
2020-11-18 08:00:00,18077.33,18292.67,17855.0,18260.0,124169.769
2020-11-18 12:00:00,18259.99,18269.57,17284.0,17878.61,158487.014
2020-11-18 16:00:00,17880.9,18017.46,17553.57,17669.99,97028.92
2020-11-18 20:00:00,17670.0,17868.65,17500.0,17788.32,56294.303
2020-11-19 00:00:00,17788.32,18079.0,17581.64,17935.57,55609.13
2020-11-19 04:00:00,17935.56,17942.84,17602.0,17663.14,50796.591
2020-11-19 08:00:00,17663.13,17794.0,17347.27,17783.11,105936.783
2020-11-19 12:00:00,17782.58,18200.0,17664.42,18065.29,97027.904
2020-11-19 16:00:00,18065.29,18142.0,17885.0,17974.75,52645.422
2020-11-19 20:00:00,17974.75,18126.0,17715.7,17811.68,44485.147
2020-11-20 00:00:00,17811.68,18049.66,17748.92,17968.58,37926.757
2020-11-20 04:00:00,17968.97,18438.0,17955.02,18223.0,85101.285
2020-11-20 08:00:00,18221.69,18388.03,18108.03,18283.96,62030.656
2020-11-20 12:00:00,18283.97,18760.0,18154.45,18678.74,109840.712
2020-11-20 16:00:00,18678.74,18831.6,18421.2,18640.0,73683.57
2020-11-20 20:00:00,18640.0,18739.2,18500.02,18664.31,39343.822
2020-11-21 00:00:00,18662.85,18986.0,18632.15,18669.96,73510.558
2020-11-21 04:00:00,18669.97,18750.0,18453.0,18681.64,47974.439
2020-11-21 08:00:00,18681.64,18794.9,18500.0,18542.56,48200.812
2020-11-21 12:00:00,18543.4,18882.65,18302.08,18812.73,80510.914
2020-11-21 16:00:00,18812.73,18950.0,18587.0,18709.64,57916.255
2020-11-21 20:00:00,18709.64,18770.37,18537.23,18721.99,34299.512
2020-11-22 00:00:00,18721.99,18780.0,18380.31,18585.39,54680.266
2020-11-22 04:00:00,18586.19,18635.84,18310.0,18524.37,42387.038
2020-11-22 08:00:00,18524.37,18531.71,17645.98,17925.2,111636.877
2020-11-22 12:00:00,17924.92,18350.0,17852.94,18310.35,65838.755
2020-11-22 16:00:00,18310.0,18660.92,18281.09,18607.72,54991.489
2020-11-22 20:00:00,18606.35,18718.13,18400.99,18435.2,44244.992
2020-11-23 00:00:00,18434.17,18545.27,18013.97,18390.41,72783.098
2020-11-23 04:00:00,18390.41,18592.67,18330.0,18480.33,41863.888
2020-11-23 08:00:00,18481.28,18812.65,18478.32,18606.18,61399.788
2020-11-23 12:00:00,18606.18,18731.71,18246.7,18283.32,96715.864
2020-11-23 16:00:00,18283.31,18491.3,18156.52,18466.34,55464.792
2020-11-23 20:00:00,18465.95,18510.23,18249.91,18382.07,35993.948
2020-11-24 00:00:00,18382.07,18560.0,18227.87,18359.27,41398.961
2020-11-24 04:00:00,18359.26,18479.44,18000.0,18381.99,65465.313
2020-11-24 08:00:00,18382.0,19180.0,18381.99,19089.69,141419.223
2020-11-24 12:00:00,19089.69,19428.0,18997.3,19369.19,102607.076
2020-11-24 16:00:00,19369.19,19440.0,19137.01,19183.24,56783.16
2020-11-24 20:00:00,19183.24,19274.18,18872.0,19179.64,70294.556
2020-11-25 00:00:00,19178.53,19240.56,18750.0,18825.0,50224.175
2020-11-25 04:00:00,18825.0,19063.0,18635.01,18991.05,55582.001
2020-11-25 08:00:00,18991.64,19385.81,18983.26,19311.08,57296.359
2020-11-25 12:00:00,19311.08,19554.19,19108.0,19148.32,96743.454
2020-11-25 16:00:00,19148.31,19215.9,18828.0,18995.43,76249.251
2020-11-25 20:00:00,18995.44,19112.0,18509.12,18741.67,90181.75
2020-11-26 00:00:00,18741.66,18940.69,17100.0,17930.0,174444.119
2020-11-26 04:00:00,17930.0,18099.0,17516.0,17646.21,100946.09
2020-11-26 08:00:00,17646.2,17646.21,16312.0,17114.19,225677.317
2020-11-26 12:00:00,17113.08,17415.43,16725.19,16919.0,122979.718
2020-11-26 16:00:00,16919.0,17057.16,16181.0,16536.91,152288.558
2020-11-26 20:00:00,16536.56,17298.88,16530.0,17155.34,74357.054
2020-11-27 00:00:00,17155.37,17465.0,17024.2,17084.05,61899.593
2020-11-27 04:00:00,17084.05,17350.0,17040.0,17105.25,47363.612
2020-11-27 08:00:00,17106.79,17222.0,16623.98,16797.19,108531.006
2020-11-27 12:00:00,16797.19,17084.3,16444.83,16514.7,85272.825
2020-11-27 16:00:00,16511.03,16874.21,16476.75,16805.0,47248.18
2020-11-27 20:00:00,16805.0,17157.8,16752.3,17144.1,47757.717
2020-11-28 00:00:00,17144.11,17197.94,16928.19,16996.99,36806.942
2020-11-28 04:00:00,16996.99,17071.1,16865.78,17021.77,26288.201
2020-11-28 08:00:00,17021.77,17274.97,16870.73,17168.99,45201.93
2020-11-28 12:00:00,17168.99,17525.0,17079.61,17518.56,56021.084
2020-11-28 16:00:00,17519.42,17844.97,17519.41,17817.07,68640.003
2020-11-28 20:00:00,17816.9,17880.0,17623.65,17717.74,35875.589
2020-11-29 00:00:00,17717.74,17889.95,17523.0,17870.0,36146.497
2020-11-29 04:00:00,17870.01,17871.79,17669.58,17819.3,27172.536
2020-11-29 08:00:00,17819.29,18239.76,17805.03,18086.25,64814.142
2020-11-29 12:00:00,18086.25,18194.0,17916.07,18113.36,48869.973
2020-11-29 16:00:00,18113.44,18143.4,17919.74,18038.0,33571.69
2020-11-29 20:00:00,18038.0,18343.0,18023.0,18181.09,45449.168
2020-11-30 00:00:00,18180.43,18578.41,18178.82,18574.47,51252.523
2020-11-30 04:00:00,18575.24,18691.0,18445.0,18618.0,36491.737
2020-11-30 08:00:00,18618.0,18670.0,18336.48,18601.0,57213.189
2020-11-30 12:00:00,18601.01,19944.0,18601.0,19339.41,207239.12
2020-11-30 16:00:00,19340.45,19629.4,19047.0,19275.44,99548.435
2020-11-30 20:00:00,19273.92,19775.34,19185.0,19720.0,48737.57
2020-12-01 00:00:00,19722.09,19749.98,19328.13,19433.71,52749.375
2020-12-01 04:00:00,19433.62,19572.0,19301.0,19539.46,37740.938
2020-12-01 08:00:00,19539.46,19956.0,18896.03,19440.0,109663.071
2020-12-01 12:00:00,19439.99,19500.0,18050.0,19276.01,214205.75
2020-12-01 16:00:00,19276.0,19336.43,18624.0,19081.95,93651.452
2020-12-01 20:00:00,19081.96,19235.94,18734.0,18772.7,45874.747
2020-12-02 00:00:00,18770.33,18979.11,18432.0,18623.81,55476.953
2020-12-02 04:00:00,18624.94,19154.79,18329.58,19136.0,64516.657
2020-12-02 08:00:00,19135.65,19365.0,19000.0,19130.01,63287.42
2020-12-02 12:00:00,19130.01,19271.69,18734.39,18898.97,86814.72
2020-12-02 16:00:00,18898.98,19144.0,18776.95,19106.14,39772.059
2020-12-02 20:00:00,19106.0,19280.0,19052.0,19207.01,25849.673
2020-12-03 00:00:00,19207.01,19314.43,18950.0,19096.0,35886.092
2020-12-03 04:00:00,19095.99,19278.0,18865.0,19213.55,38820.702
2020-12-03 08:00:00,19215.98,19485.95,19100.0,19420.01,63815.626
2020-12-03 12:00:00,19420.01,19570.0,19254.9,19560.91,38855.531
2020-12-03 16:00:00,19560.91,19640.0,19207.5,19426.35,46285.137
2020-12-03 20:00:00,19426.34,19561.0,19315.0,19434.3,21357.488
2020-12-04 00:00:00,19432.66,19537.16,19115.0,19168.51,31967.766
2020-12-04 04:00:00,19170.44,19365.0,19131.36,19289.25,26183.646
2020-12-04 08:00:00,19289.26,19457.82,18750.0,18838.05,77956.912
2020-12-04 12:00:00,18838.0,19144.31,18669.13,18950.0,63869.838
2020-12-04 16:00:00,18950.0,19084.88,18818.21,19042.51,31284.417
2020-12-04 20:00:00,19043.99,19049.0,18570.0,18664.2,45009.36
2020-12-05 00:00:00,18662.72,18888.0,18510.0,18828.6,41807.474
2020-12-05 04:00:00,18828.61,18996.89,18807.94,18919.13,24939.213
2020-12-05 08:00:00,18919.12,19203.46,18919.12,19025.97,37262.078
2020-12-05 12:00:00,19025.15,19157.18,18960.49,19112.58,25906.118
2020-12-05 16:00:00,19112.59,19186.07,19025.58,19118.0,18143.254
2020-12-05 20:00:00,19118.0,19156.0,18978.44,19147.62,17854.51
2020-12-06 00:00:00,19147.63,19355.0,19131.8,19183.82,34408.017
2020-12-06 04:00:00,19183.82,19265.35,19112.0,19238.17,17658.043
2020-12-06 08:00:00,19238.17,19256.0,18952.0,19092.99,31243.975
2020-12-06 12:00:00,19093.0,19165.51,18855.35,19132.16,34295.778
2020-12-06 16:00:00,19132.17,19224.0,19023.94,19137.11,22185.369
2020-12-06 20:00:00,19137.11,19449.1,19050.12,19375.02,36213.424
2020-12-07 00:00:00,19375.0,19446.36,19152.18,19287.31,30540.712
2020-12-07 04:00:00,19287.32,19420.0,19239.03,19381.57,17121.254
2020-12-07 08:00:00,19381.58,19396.61,19100.0,19114.18,30384.063
2020-12-07 12:00:00,19114.18,19269.0,19100.0,19215.93,28396.618
2020-12-07 16:00:00,19215.94,19245.0,18908.66,18968.0,41591.892
2020-12-07 20:00:00,18968.01,19219.46,18941.75,19172.88,21367.832
2020-12-08 00:00:00,19172.87,19246.0,19137.51,19160.0,17797.154
2020-12-08 04:00:00,19160.11,19319.38,19079.64,19151.5,26422.745
2020-12-08 08:00:00,19151.51,19177.31,18675.0,18765.94,67553.239
2020-12-08 12:00:00,18765.93,18974.19,18600.51,18804.99,63530.455
2020-12-08 16:00:00,18805.0,18937.75,18737.77,18791.99,30160.389
2020-12-08 20:00:00,18792.49,18845.0,18133.33,18319.32,75250.15
2020-12-09 00:00:00,18319.33,18377.74,18010.0,18289.7,67459.339
2020-12-09 04:00:00,18289.7,18295.24,17850.0,17923.95,55951.975
2020-12-09 08:00:00,17923.27,18380.9,17650.0,18235.84,101818.849
2020-12-09 12:00:00,18236.78,18515.0,18161.5,18345.0,54315.509
2020-12-09 16:00:00,18344.99,18436.9,18158.0,18248.0,34953.933
2020-12-09 20:00:00,18248.0,18639.7,18200.0,18537.98,38624.084
2020-12-10 00:00:00,18537.97,18550.0,18285.75,18410.31,28611.039
2020-12-10 04:00:00,18410.3,18492.41,18280.0,18334.77,24773.022
2020-12-10 08:00:00,18334.99,18487.47,18118.0,18190.0,46337.886
2020-12-10 12:00:00,18190.0,18289.57,17916.0,18131.28,67779.02
2020-12-10 16:00:00,18131.28,18408.0,18077.0,18397.46,40653.896
2020-12-10 20:00:00,18397.46,18436.0,18220.0,18253.51,25805.378
2020-12-11 00:00:00,18254.0,18290.44,17702.92,17987.56,77334.372
2020-12-11 04:00:00,17986.67,18042.64,17680.0,17810.01,43228.707
2020-12-11 08:00:00,17810.0,17991.1,17555.0,17646.4,75956.132
2020-12-11 12:00:00,17646.39,18134.0,17609.34,18093.98,60198.63
2020-12-11 16:00:00,18093.72,18105.1,17870.0,17969.19,31864.068
2020-12-11 20:00:00,17969.04,18174.0,17914.01,18031.47,29284.161
2020-12-12 00:00:00,18031.71,18370.5,18012.21,18271.24,32989.896
2020-12-12 04:00:00,18271.8,18397.98,18250.0,18368.0,20315.906
2020-12-12 08:00:00,18368.0,18507.77,18322.27,18498.02,34991.104
2020-12-12 12:00:00,18498.08,18517.99,18308.0,18391.52,28486.607
2020-12-12 16:00:00,18391.51,18850.0,18358.0,18796.0,50393.685
2020-12-12 20:00:00,18795.99,18950.0,18722.1,18800.0,29785.084
2020-12-13 00:00:00,18800.0,18863.9,18705.46,18773.0,20647.797
2020-12-13 04:00:00,18777.16,19298.0,18760.0,19243.57,51279.864
2020-12-13 08:00:00,19243.58,19400.0,19183.22,19313.43,47282.15
2020-12-13 12:00:00,19313.43,19432.0,19101.54,19223.54,53694.572
2020-12-13 16:00:00,19223.54,19400.0,19165.21,19199.96,34174.528
2020-12-13 20:00:00,19199.75,19230.0,18969.82,19175.07,32681.178
2020-12-14 00:00:00,19175.06,19344.48,19004.72,19262.73,33363.598
2020-12-14 04:00:00,19263.46,19282.0,19032.0,19157.0,31128.046
2020-12-14 08:00:00,19157.0,19264.9,19052.48,19107.7,29337.809
2020-12-14 12:00:00,19107.7,19299.0,19026.0,19198.09,39517.325
2020-12-14 16:00:00,19198.09,19237.46,19105.0,19166.1,22929.537
2020-12-14 20:00:00,19166.5,19355.35,19120.0,19270.7,25279.508
2020-12-15 00:00:00,19270.71,19598.0,19246.22,19488.76,48892.615
2020-12-15 04:00:00,19488.76,19506.4,19039.64,19197.15,59801.147
2020-12-15 08:00:00,19197.14,19352.0,19070.0,19293.58,42206.958
2020-12-15 12:00:00,19292.81,19444.0,19255.0,19405.8,41160.747
2020-12-15 16:00:00,19405.81,19549.99,19333.0,19533.19,31540.593
2020-12-15 20:00:00,19533.2,19549.97,19340.64,19424.91,25141.994
2020-12-16 00:00:00,19424.9,19488.0,19274.55,19343.8,29998.305
2020-12-16 04:00:00,19343.81,19453.8,19294.82,19419.51,19927.157
2020-12-16 08:00:00,19419.5,19897.7,19370.0,19748.84,71165.957
2020-12-16 12:00:00,19748.84,20877.09,19691.5,20666.5,169631.094
2020-12-16 16:00:00,20666.49,20891.0,20550.0,20737.75,64623.239
2020-12-16 20:00:00,20737.75,21600.0,20729.01,21346.8,103956.26
2020-12-17 00:00:00,21346.81,22222.0,21231.5,21768.35,121641.685
2020-12-17 04:00:00,21768.72,22513.49,21742.86,22495.01,90913.682
2020-12-17 08:00:00,22495.0,23888.04,22300.0,22778.28,252854.129
2020-12-17 12:00:00,22778.28,23404.64,22609.0,23348.36,115385.195
2020-12-17 16:00:00,23348.36,23748.0,22460.0,22910.74,152003.474
2020-12-17 20:00:00,22910.73,23126.97,22349.97,22816.99,90637.656
2020-12-18 00:00:00,22816.99,23277.99,22475.47,22833.17,60655.794
2020-12-18 04:00:00,22832.07,23194.49,22790.02,23082.01,39064.492
2020-12-18 08:00:00,23084.0,23330.0,22738.07,22910.0,59550.349
2020-12-18 12:00:00,22910.0,23105.97,22363.94,22563.79,73593.717
2020-12-18 16:00:00,22563.79,22843.47,22488.0,22772.81,34566.169
2020-12-18 20:00:00,22772.99,23164.42,22664.03,23124.35,38566.701
2020-12-19 00:00:00,23124.35,23256.86,22906.44,23122.04,30845.159
2020-12-19 04:00:00,23122.05,23164.47,22829.03,22876.11,31408.958
2020-12-19 08:00:00,22876.11,23111.0,22735.81,22907.99,33009.051
2020-12-19 12:00:00,22908.19,23694.0,22908.19,23569.23,89387.305
2020-12-19 16:00:00,23569.03,24281.61,23474.67,23825.04,121874.183
2020-12-19 20:00:00,23825.05,24110.61,23749.99,23847.28,31010.782
2020-12-20 00:00:00,23847.28,23863.1,23205.5,23369.11,56352.058
2020-12-20 04:00:00,23369.1,23678.48,23100.0,23653.19,37005.723
2020-12-20 08:00:00,23653.19,23826.02,23382.0,23575.2,44630.098
2020-12-20 12:00:00,23575.17,23950.0,23312.0,23897.75,45824.108
2020-12-20 16:00:00,23899.94,24033.0,23657.0,23950.97,34409.08
2020-12-20 20:00:00,23951.4,24376.0,23076.25,23472.96,104068.707
2020-12-21 00:00:00,23472.96,24061.0,23305.61,23962.82,50438.339
2020-12-21 04:00:00,23962.8,24145.0,23708.8,23995.77,47721.842
2020-12-21 08:00:00,23997.36,24108.0,22361.0,22663.0,146954.896
2020-12-21 12:00:00,22663.01,23200.0,21920.0,23099.26,122305.219
2020-12-21 16:00:00,23099.26,23330.0,22652.33,22830.0,70764.811
2020-12-21 20:00:00,22830.0,23253.0,22710.0,22730.1,38271.482
2020-12-22 00:00:00,22736.05,22980.0,22490.0,22864.47,54258.625
2020-12-22 04:00:00,22864.47,23092.57,22507.18,22668.05,51934.073
2020-12-22 08:00:00,22668.04,23182.0,22387.0,23130.41,68164.858
2020-12-22 12:00:00,23131.28,23670.0,23075.0,23364.44,74496.323
2020-12-22 16:00:00,23364.45,23532.1,23237.0,23419.82,37505.733
2020-12-22 20:00:00,23419.82,23850.0,23285.0,23826.99,39764.701
2020-12-23 00:00:00,23826.74,24091.46,23546.95,23709.99,48525.994
2020-12-23 04:00:00,23709.99,23712.77,23336.0,23577.01,50651.26
2020-12-23 08:00:00,23577.01,23750.0,22800.66,23080.0,80579.295
2020-12-23 12:00:00,23080.0,24235.42,22950.75,23471.08,114920.421
2020-12-23 16:00:00,23471.54,23694.86,23365.25,23566.0,34586.036
2020-12-23 20:00:00,23566.0,23637.99,22572.52,23238.27,65491.933
2020-12-24 00:00:00,23237.73,23250.55,22700.0,22897.88,62256.611
2020-12-24 04:00:00,22897.87,23227.32,22790.0,23178.87,34707.38
2020-12-24 08:00:00,23178.87,23496.0,23063.5,23235.65,43747.949
2020-12-24 12:00:00,23235.65,23444.14,23034.56,23245.29,35794.243
2020-12-24 16:00:00,23247.88,23493.51,23134.1,23301.27,25106.459
2020-12-24 20:00:00,23301.27,23819.81,23277.0,23737.44,36141.615
2020-12-25 00:00:00,23738.75,23836.0,23450.0,23492.62,23309.201
2020-12-25 04:00:00,23490.14,23699.0,23461.22,23664.51,19094.025
2020-12-25 08:00:00,23668.73,24718.0,23610.0,24605.23,92553.698
2020-12-25 12:00:00,24605.22,24673.77,23708.0,24033.28,69815.727
2020-12-25 16:00:00,24032.93,24547.94,24001.0,24461.23,40043.389
2020-12-25 20:00:00,24462.47,24827.64,24227.1,24730.0,39707.391
2020-12-26 00:00:00,24729.99,25071.0,24507.24,24931.98,52297.151
2020-12-26 04:00:00,24930.4,24950.0,24657.0,24793.28,29871.741
2020-12-26 08:00:00,24793.27,25029.69,24552.0,24843.8,36080.005
2020-12-26 12:00:00,24843.81,25690.0,24743.47,25638.48,72853.138
2020-12-26 16:00:00,25636.71,26053.61,25582.15,25944.43,75873.861
2020-12-26 20:00:00,25946.99,26926.0,25824.09,26508.83,100289.659
2020-12-27 00:00:00,26508.84,26999.65,26454.6,26590.96,69276.54
2020-12-27 04:00:00,26590.96,27815.0,26590.96,27655.27,79851.497
2020-12-27 08:00:00,27655.4,28459.84,27034.23,27679.15,131523.066
2020-12-27 12:00:00,27679.48,27800.0,26592.0,27399.38,107188.99
2020-12-27 16:00:00,27399.5,27528.56,26573.0,27117.16,73895.283
2020-12-27 20:00:00,27117.66,27129.0,25850.0,26305.64,78528.772
2020-12-28 00:00:00,26301.76,27390.0,26117.1,27287.11,55042.126
2020-12-28 04:00:00,27287.25,27325.0,26832.31,27028.86,31541.697
2020-12-28 08:00:00,27028.86,27138.19,26600.0,26893.96,39497.634
2020-12-28 12:00:00,26893.87,27538.82,26738.71,26944.25,59486.217
2020-12-28 16:00:00,26944.25,27267.43,26730.0,27026.25,34449.622
2020-12-28 20:00:00,27028.03,27188.0,26423.96,27102.66,47546.172
2020-12-29 00:00:00,27101.45,27139.79,26464.14,26473.39,34559.068
2020-12-29 04:00:00,26478.0,26620.23,25913.01,26457.77,60341.146
2020-12-29 08:00:00,26457.74,26948.0,26454.18,26908.01,40765.852
2020-12-29 12:00:00,26904.73,27133.76,26460.19,26636.84,41754.566
2020-12-29 16:00:00,26636.84,26966.92,26266.15,26957.13,44324.854
2020-12-29 20:00:00,26957.14,27441.73,26805.11,27402.83,39013.963
2020-12-30 00:00:00,27402.83,28359.84,27402.82,28110.62,65483.723
2020-12-30 04:00:00,28110.62,28656.9,27758.33,28437.38,70592.436
2020-12-30 08:00:00,28437.38,28630.0,27401.0,27873.0,84732.989
2020-12-30 12:00:00,27872.12,28345.0,27606.72,28182.26,45285.41
2020-12-30 16:00:00,28180.36,28953.42,27921.27,28806.81,62333.625
2020-12-30 20:00:00,28806.79,29063.72,28558.44,28906.99,46309.472
2020-12-31 00:00:00,28906.99,29376.7,28071.59,29060.01,74777.034
2020-12-31 04:00:00,29060.01,29364.05,28761.27,29190.0,40500.878
2020-12-31 08:00:00,29190.0,29259.0,28606.6,28945.99,48399.633
2020-12-31 12:00:00,28945.8,29020.0,27848.0,28792.58,86213.844
2020-12-31 16:00:00,28792.58,29037.09,28327.78,28917.08,38689.835
2020-12-31 20:00:00,28917.08,29199.49,28800.0,28951.68,25067.611
